epoch,train_loss,val_loss,val_mae,val_rmse,val_r2,train_sec
1,0.031215469515110922,0.003638649088720689,2.705151081085205,3.5282259795720634,0.9899720549583435,423.04249906539917
