time,location,predicted
2025-01-01 00:00:00+00:00,angiang_longxuyen_bacgiang_bacgiangcity_backan_backancity,113.482796
2025-01-01 01:00:00+00:00,angiang_longxuyen_bacgiang_bacgiangcity_backan_backancity,113.57114
2025-01-01 02:00:00+00:00,angiang_longxuyen_bacgiang_bacgiangcity_backan_backancity,113.73881
2025-01-01 03:00:00+00:00,angiang_longxuyen_bacgiang_bacgiangcity_backan_backancity,113.95788
2025-01-01 04:00:00+00:00,angiang_longxuyen_bacgiang_bacgiangcity_backan_backancity,113.10269
2025-01-01 05:00:00+00:00,angiang_longxuyen_bacgiang_bacgiangcity_backan_backancity,113.16468
2025-01-01 06:00:00+00:00,angiang_longxuyen_bacgiang_bacgiangcity_backan_backancity,113.18181
2025-01-01 07:00:00+00:00,angiang_longxuyen_bacgiang_bacgiangcity_backan_backancity,113.09592
2025-01-01 08:00:00+00:00,angiang_longxuyen_bacgiang_bacgiangcity_backan_backancity,113.04007
2025-01-01 09:00:00+00:00,angiang_longxuyen_bacgiang_bacgiangcity_backan_backancity,112.97911
2025-01-01 10:00:00+00:00,angiang_longxuyen_bacgiang_bacgiangcity_backan_backancity,112.8902
2025-01-01 11:00:00+00:00,angiang_longxuyen_bacgiang_bacgiangcity_backan_backancity,112.83474
2025-01-01 12:00:00+00:00,angiang_longxuyen_bacgiang_bacgiangcity_backan_backancity,112.73434
2025-01-01 13:00:00+00:00,angiang_longxuyen_bacgiang_bacgiangcity_backan_backancity,112.651985
2025-01-01 14:00:00+00:00,angiang_longxuyen_bacgiang_bacgiangcity_backan_backancity,112.901764
2025-01-01 15:00:00+00:00,angiang_longxuyen_bacgiang_bacgiangcity_backan_backancity,113.16705
2025-01-01 16:00:00+00:00,angiang_longxuyen_bacgiang_bacgiangcity_backan_backancity,112.93771
2025-01-01 17:00:00+00:00,angiang_longxuyen_bacgiang_bacgiangcity_backan_backancity,113.04394
2025-01-01 18:00:00+00:00,angiang_longxuyen_bacgiang_bacgiangcity_backan_backancity,112.86445
2025-01-01 19:00:00+00:00,angiang_longxuyen_bacgiang_bacgiangcity_backan_backancity,112.88773
2025-01-01 20:00:00+00:00,angiang_longxuyen_bacgiang_bacgiangcity_backan_backancity,112.87773
2025-01-01 21:00:00+00:00,angiang_longxuyen_bacgiang_bacgiangcity_backan_backancity,112.68002
2025-01-01 22:00:00+00:00,angiang_longxuyen_bacgiang_bacgiangcity_backan_backancity,112.54717
2025-01-01 23:00:00+00:00,angiang_longxuyen_bacgiang_bacgiangcity_backan_backancity,112.439964
2025-01-02 00:00:00+00:00,angiang_longxuyen_bacgiang_bacgiangcity_backan_backancity,112.33898
2025-01-02 01:00:00+00:00,angiang_longxuyen_bacgiang_bacgiangcity_backan_backancity,112.19807
2025-01-02 02:00:00+00:00,angiang_longxuyen_bacgiang_bacgiangcity_backan_backancity,112.05756
2025-01-02 03:00:00+00:00,angiang_longxuyen_bacgiang_bacgiangcity_backan_backancity,112.01494
2025-01-02 04:00:00+00:00,angiang_longxuyen_bacgiang_bacgiangcity_backan_backancity,111.61972
2025-01-02 05:00:00+00:00,angiang_longxuyen_bacgiang_bacgiangcity_backan_backancity,111.60952
2025-01-02 06:00:00+00:00,angiang_longxuyen_bacgiang_bacgiangcity_backan_backancity,111.444176
2025-01-02 07:00:00+00:00,angiang_longxuyen_bacgiang_bacgiangcity_backan_backancity,111.25412
2025-01-02 08:00:00+00:00,angiang_longxuyen_bacgiang_bacgiangcity_backan_backancity,111.06522
2025-01-02 09:00:00+00:00,angiang_longxuyen_bacgiang_bacgiangcity_backan_backancity,110.78475
2025-01-02 10:00:00+00:00,angiang_longxuyen_bacgiang_bacgiangcity_backan_backancity,110.78751
2025-01-02 11:00:00+00:00,angiang_longxuyen_bacgiang_bacgiangcity_backan_backancity,110.87863
2025-01-02 12:00:00+00:00,angiang_longxuyen_bacgiang_bacgiangcity_backan_backancity,110.86926
2025-01-02 13:00:00+00:00,angiang_longxuyen_bacgiang_bacgiangcity_backan_backancity,110.752495
2025-01-02 14:00:00+00:00,angiang_longxuyen_bacgiang_bacgiangcity_backan_backancity,111.05557
2025-01-02 15:00:00+00:00,angiang_longxuyen_bacgiang_bacgiangcity_backan_backancity,111.20965
2025-01-02 16:00:00+00:00,angiang_longxuyen_bacgiang_bacgiangcity_backan_backancity,111.44633
2025-01-02 17:00:00+00:00,angiang_longxuyen_bacgiang_bacgiangcity_backan_backancity,111.371086
2025-01-02 18:00:00+00:00,angiang_longxuyen_bacgiang_bacgiangcity_backan_backancity,111.406685
2025-01-02 19:00:00+00:00,angiang_longxuyen_bacgiang_bacgiangcity_backan_backancity,111.67368
2025-01-02 20:00:00+00:00,angiang_longxuyen_bacgiang_bacgiangcity_backan_backancity,111.68824
2025-01-02 21:00:00+00:00,angiang_longxuyen_bacgiang_bacgiangcity_backan_backancity,111.72104
2025-01-02 22:00:00+00:00,angiang_longxuyen_bacgiang_bacgiangcity_backan_backancity,111.79485
2025-01-02 23:00:00+00:00,angiang_longxuyen_bacgiang_bacgiangcity_backan_backancity,111.87729
2025-01-03 00:00:00+00:00,angiang_longxuyen_bacgiang_bacgiangcity_backan_backancity,111.84816
2025-01-03 01:00:00+00:00,angiang_longxuyen_bacgiang_bacgiangcity_backan_backancity,111.84534
2025-01-03 02:00:00+00:00,angiang_longxuyen_bacgiang_bacgiangcity_backan_backancity,111.93421
2025-01-03 03:00:00+00:00,angiang_longxuyen_bacgiang_bacgiangcity_backan_backancity,112.06685
2025-01-03 04:00:00+00:00,angiang_longxuyen_bacgiang_bacgiangcity_backan_backancity,112.089714
2025-01-03 05:00:00+00:00,angiang_longxuyen_bacgiang_bacgiangcity_backan_backancity,112.0922
2025-01-03 06:00:00+00:00,angiang_longxuyen_bacgiang_bacgiangcity_backan_backancity,111.64163
2025-01-03 07:00:00+00:00,angiang_longxuyen_bacgiang_bacgiangcity_backan_backancity,111.027695
2025-01-03 08:00:00+00:00,angiang_longxuyen_bacgiang_bacgiangcity_backan_backancity,110.840645
2025-01-03 09:00:00+00:00,angiang_longxuyen_bacgiang_bacgiangcity_backan_backancity,110.93453
2025-01-03 10:00:00+00:00,angiang_longxuyen_bacgiang_bacgiangcity_backan_backancity,110.686874
2025-01-03 11:00:00+00:00,angiang_longxuyen_bacgiang_bacgiangcity_backan_backancity,110.57411
2025-01-03 12:00:00+00:00,angiang_longxuyen_bacgiang_bacgiangcity_backan_backancity,110.35321
2025-01-03 13:00:00+00:00,angiang_longxuyen_bacgiang_bacgiangcity_backan_backancity,110.193184
2025-01-03 14:00:00+00:00,angiang_longxuyen_bacgiang_bacgiangcity_backan_backancity,110.29989
2025-01-03 15:00:00+00:00,angiang_longxuyen_bacgiang_bacgiangcity_backan_backancity,110.72194
2025-01-03 16:00:00+00:00,angiang_longxuyen_bacgiang_bacgiangcity_backan_backancity,111.21377
2025-01-03 17:00:00+00:00,angiang_longxuyen_bacgiang_bacgiangcity_backan_backancity,111.26025
2025-01-03 18:00:00+00:00,angiang_longxuyen_bacgiang_bacgiangcity_backan_backancity,111.62347
2025-01-03 19:00:00+00:00,angiang_longxuyen_bacgiang_bacgiangcity_backan_backancity,111.837364
2025-01-03 20:00:00+00:00,angiang_longxuyen_bacgiang_bacgiangcity_backan_backancity,111.80414
2025-01-03 21:00:00+00:00,angiang_longxuyen_bacgiang_bacgiangcity_backan_backancity,111.526474
2025-01-03 22:00:00+00:00,angiang_longxuyen_bacgiang_bacgiangcity_backan_backancity,111.28087
2025-01-03 23:00:00+00:00,angiang_longxuyen_bacgiang_bacgiangcity_backan_backancity,111.47261
2025-01-04 00:00:00+00:00,angiang_longxuyen_bacgiang_bacgiangcity_backan_backancity,111.26843
2025-01-04 01:00:00+00:00,angiang_longxuyen_bacgiang_bacgiangcity_backan_backancity,111.310486
2025-01-04 02:00:00+00:00,angiang_longxuyen_bacgiang_bacgiangcity_backan_backancity,111.25266
2025-01-04 03:00:00+00:00,angiang_longxuyen_bacgiang_bacgiangcity_backan_backancity,111.26566
2025-01-04 04:00:00+00:00,angiang_longxuyen_bacgiang_bacgiangcity_backan_backancity,110.53378
2025-01-04 05:00:00+00:00,angiang_longxuyen_bacgiang_bacgiangcity_backan_backancity,110.45495
2025-01-04 06:00:00+00:00,angiang_longxuyen_bacgiang_bacgiangcity_backan_backancity,110.239204
2025-01-04 07:00:00+00:00,angiang_longxuyen_bacgiang_bacgiangcity_backan_backancity,109.963615
2025-01-04 08:00:00+00:00,angiang_longxuyen_bacgiang_bacgiangcity_backan_backancity,109.72982
2025-01-04 09:00:00+00:00,angiang_longxuyen_bacgiang_bacgiangcity_backan_backancity,109.732254
2025-01-04 10:00:00+00:00,angiang_longxuyen_bacgiang_bacgiangcity_backan_backancity,109.77593
2025-01-04 11:00:00+00:00,angiang_longxuyen_bacgiang_bacgiangcity_backan_backancity,109.66517
2025-01-04 12:00:00+00:00,angiang_longxuyen_bacgiang_bacgiangcity_backan_backancity,109.52318
2025-01-04 13:00:00+00:00,angiang_longxuyen_bacgiang_bacgiangcity_backan_backancity,109.2583
2025-01-04 14:00:00+00:00,angiang_longxuyen_bacgiang_bacgiangcity_backan_backancity,109.465294
2025-01-04 15:00:00+00:00,angiang_longxuyen_bacgiang_bacgiangcity_backan_backancity,109.95844
2025-01-04 16:00:00+00:00,angiang_longxuyen_bacgiang_bacgiangcity_backan_backancity,110.20005
2025-01-04 17:00:00+00:00,angiang_longxuyen_bacgiang_bacgiangcity_backan_backancity,110.45242
2025-01-04 18:00:00+00:00,angiang_longxuyen_bacgiang_bacgiangcity_backan_backancity,110.8961
2025-01-04 19:00:00+00:00,angiang_longxuyen_bacgiang_bacgiangcity_backan_backancity,111.07359
2025-01-04 20:00:00+00:00,angiang_longxuyen_bacgiang_bacgiangcity_backan_backancity,111.1986
2025-01-04 21:00:00+00:00,angiang_longxuyen_bacgiang_bacgiangcity_backan_backancity,111.059105
2025-01-04 22:00:00+00:00,angiang_longxuyen_bacgiang_bacgiangcity_backan_backancity,110.628876
2025-01-04 23:00:00+00:00,angiang_longxuyen_bacgiang_bacgiangcity_backan_backancity,110.42548
2025-01-05 00:00:00+00:00,angiang_longxuyen_bacgiang_bacgiangcity_backan_backancity,110.42135
2025-01-05 01:00:00+00:00,angiang_longxuyen_bacgiang_bacgiangcity_backan_backancity,110.32729
2025-01-05 02:00:00+00:00,angiang_longxuyen_bacgiang_bacgiangcity_backan_backancity,110.313065
2025-01-05 03:00:00+00:00,angiang_longxuyen_bacgiang_bacgiangcity_backan_backancity,110.35116
2025-01-05 04:00:00+00:00,angiang_longxuyen_bacgiang_bacgiangcity_backan_backancity,110.563995
2025-01-05 05:00:00+00:00,angiang_longxuyen_bacgiang_bacgiangcity_backan_backancity,110.571396
2025-01-05 06:00:00+00:00,angiang_longxuyen_bacgiang_bacgiangcity_backan_backancity,110.3363
2025-01-05 07:00:00+00:00,angiang_longxuyen_bacgiang_bacgiangcity_backan_backancity,110.077354
2025-01-05 08:00:00+00:00,angiang_longxuyen_bacgiang_bacgiangcity_backan_backancity,109.916405
2025-01-05 09:00:00+00:00,angiang_longxuyen_bacgiang_bacgiangcity_backan_backancity,110.15449
2025-01-05 10:00:00+00:00,angiang_longxuyen_bacgiang_bacgiangcity_backan_backancity,110.188095
2025-01-05 11:00:00+00:00,angiang_longxuyen_bacgiang_bacgiangcity_backan_backancity,110.12808
2025-01-05 12:00:00+00:00,angiang_longxuyen_bacgiang_bacgiangcity_backan_backancity,110.00568
2025-01-05 13:00:00+00:00,angiang_longxuyen_bacgiang_bacgiangcity_backan_backancity,109.90965
2025-01-05 14:00:00+00:00,angiang_longxuyen_bacgiang_bacgiangcity_backan_backancity,110.19533
2025-01-05 15:00:00+00:00,angiang_longxuyen_bacgiang_bacgiangcity_backan_backancity,111.04178
2025-01-05 16:00:00+00:00,angiang_longxuyen_bacgiang_bacgiangcity_backan_backancity,111.794235
2025-01-05 17:00:00+00:00,angiang_longxuyen_bacgiang_bacgiangcity_backan_backancity,111.852936
2025-01-05 18:00:00+00:00,angiang_longxuyen_bacgiang_bacgiangcity_backan_backancity,112.03793
2025-01-05 19:00:00+00:00,angiang_longxuyen_bacgiang_bacgiangcity_backan_backancity,111.98657
2025-01-05 20:00:00+00:00,angiang_longxuyen_bacgiang_bacgiangcity_backan_backancity,112.10029
2025-01-05 21:00:00+00:00,angiang_longxuyen_bacgiang_bacgiangcity_backan_backancity,112.10019
2025-01-05 22:00:00+00:00,angiang_longxuyen_bacgiang_bacgiangcity_backan_backancity,112.13893
2025-01-05 23:00:00+00:00,angiang_longxuyen_bacgiang_bacgiangcity_backan_backancity,112.12521
2025-01-06 00:00:00+00:00,angiang_longxuyen_bacgiang_bacgiangcity_backan_backancity,112.21698
2025-01-06 01:00:00+00:00,angiang_longxuyen_bacgiang_bacgiangcity_backan_backancity,112.16332
2025-01-06 02:00:00+00:00,angiang_longxuyen_bacgiang_bacgiangcity_backan_backancity,112.36491
2025-01-06 03:00:00+00:00,angiang_longxuyen_bacgiang_bacgiangcity_backan_backancity,112.497086
2025-01-06 04:00:00+00:00,angiang_longxuyen_bacgiang_bacgiangcity_backan_backancity,112.94933
2025-01-06 05:00:00+00:00,angiang_longxuyen_bacgiang_bacgiangcity_backan_backancity,112.84745
2025-01-06 06:00:00+00:00,angiang_longxuyen_bacgiang_bacgiangcity_backan_backancity,112.6404
2025-01-06 07:00:00+00:00,angiang_longxuyen_bacgiang_bacgiangcity_backan_backancity,112.397
2025-01-06 08:00:00+00:00,angiang_longxuyen_bacgiang_bacgiangcity_backan_backancity,112.30614
2025-01-06 09:00:00+00:00,angiang_longxuyen_bacgiang_bacgiangcity_backan_backancity,112.23442
2025-01-06 10:00:00+00:00,angiang_longxuyen_bacgiang_bacgiangcity_backan_backancity,112.30099
2025-01-06 11:00:00+00:00,angiang_longxuyen_bacgiang_bacgiangcity_backan_backancity,112.26171
2025-01-06 12:00:00+00:00,angiang_longxuyen_bacgiang_bacgiangcity_backan_backancity,111.80563
2025-01-06 13:00:00+00:00,angiang_longxuyen_bacgiang_bacgiangcity_backan_backancity,111.71999
2025-01-06 14:00:00+00:00,angiang_longxuyen_bacgiang_bacgiangcity_backan_backancity,111.70234
2025-01-06 15:00:00+00:00,angiang_longxuyen_bacgiang_bacgiangcity_backan_backancity,111.88207
2025-01-06 16:00:00+00:00,angiang_longxuyen_bacgiang_bacgiangcity_backan_backancity,112.00805
2025-01-06 17:00:00+00:00,angiang_longxuyen_bacgiang_bacgiangcity_backan_backancity,112.03093
2025-01-06 18:00:00+00:00,angiang_longxuyen_bacgiang_bacgiangcity_backan_backancity,112.4554
2025-01-06 19:00:00+00:00,angiang_longxuyen_bacgiang_bacgiangcity_backan_backancity,112.45154
2025-01-06 20:00:00+00:00,angiang_longxuyen_bacgiang_bacgiangcity_backan_backancity,112.35836
2025-01-06 21:00:00+00:00,angiang_longxuyen_bacgiang_bacgiangcity_backan_backancity,112.28676
2025-01-06 22:00:00+00:00,angiang_longxuyen_bacgiang_bacgiangcity_backan_backancity,112.091545
2025-01-06 23:00:00+00:00,angiang_longxuyen_bacgiang_bacgiangcity_backan_backancity,111.896515
2025-01-07 00:00:00+00:00,angiang_longxuyen_bacgiang_bacgiangcity_backan_backancity,111.6148
2025-01-07 01:00:00+00:00,angiang_longxuyen_bacgiang_bacgiangcity_backan_backancity,111.4041
2025-01-07 02:00:00+00:00,angiang_longxuyen_bacgiang_bacgiangcity_backan_backancity,111.21739
2025-01-07 03:00:00+00:00,angiang_longxuyen_bacgiang_bacgiangcity_backan_backancity,111.140854
2025-01-07 04:00:00+00:00,angiang_longxuyen_bacgiang_bacgiangcity_backan_backancity,110.91423
2025-01-07 05:00:00+00:00,angiang_longxuyen_bacgiang_bacgiangcity_backan_backancity,110.75481
2025-01-07 06:00:00+00:00,angiang_longxuyen_bacgiang_bacgiangcity_backan_backancity,110.574905
2025-01-07 07:00:00+00:00,angiang_longxuyen_bacgiang_bacgiangcity_backan_backancity,110.08779
2025-01-07 08:00:00+00:00,angiang_longxuyen_bacgiang_bacgiangcity_backan_backancity,109.90211
2025-01-07 09:00:00+00:00,angiang_longxuyen_bacgiang_bacgiangcity_backan_backancity,109.972374
2025-01-07 10:00:00+00:00,angiang_longxuyen_bacgiang_bacgiangcity_backan_backancity,110.18615
2025-01-07 11:00:00+00:00,angiang_longxuyen_bacgiang_bacgiangcity_backan_backancity,110.440506
2025-01-07 12:00:00+00:00,angiang_longxuyen_bacgiang_bacgiangcity_backan_backancity,110.44835
2025-01-07 13:00:00+00:00,angiang_longxuyen_bacgiang_bacgiangcity_backan_backancity,110.675865
2025-01-07 14:00:00+00:00,angiang_longxuyen_bacgiang_bacgiangcity_backan_backancity,111.08843
2025-01-07 15:00:00+00:00,angiang_longxuyen_bacgiang_bacgiangcity_backan_backancity,111.54023
2025-01-07 16:00:00+00:00,angiang_longxuyen_bacgiang_bacgiangcity_backan_backancity,111.17794
2025-01-07 17:00:00+00:00,angiang_longxuyen_bacgiang_bacgiangcity_backan_backancity,111.67186
2025-01-07 18:00:00+00:00,angiang_longxuyen_bacgiang_bacgiangcity_backan_backancity,112.043594
2025-01-07 19:00:00+00:00,angiang_longxuyen_bacgiang_bacgiangcity_backan_backancity,112.49559
2025-01-07 20:00:00+00:00,angiang_longxuyen_bacgiang_bacgiangcity_backan_backancity,112.536316
2025-01-07 21:00:00+00:00,angiang_longxuyen_bacgiang_bacgiangcity_backan_backancity,112.45812
2025-01-07 22:00:00+00:00,angiang_longxuyen_bacgiang_bacgiangcity_backan_backancity,112.0431
2025-01-07 23:00:00+00:00,angiang_longxuyen_bacgiang_bacgiangcity_backan_backancity,111.75769
2025-01-08 00:00:00+00:00,angiang_longxuyen_bacgiang_bacgiangcity_backan_backancity,111.406456
2025-01-08 01:00:00+00:00,angiang_longxuyen_bacgiang_bacgiangcity_backan_backancity,111.17027
2025-01-08 02:00:00+00:00,angiang_longxuyen_bacgiang_bacgiangcity_backan_backancity,111.00072
2025-01-08 03:00:00+00:00,angiang_longxuyen_bacgiang_bacgiangcity_backan_backancity,111.00623
2025-01-08 04:00:00+00:00,angiang_longxuyen_bacgiang_bacgiangcity_backan_backancity,111.071236
2025-01-08 05:00:00+00:00,angiang_longxuyen_bacgiang_bacgiangcity_backan_backancity,111.159775
2025-01-08 06:00:00+00:00,angiang_longxuyen_bacgiang_bacgiangcity_backan_backancity,111.395645
2025-01-08 07:00:00+00:00,angiang_longxuyen_bacgiang_bacgiangcity_backan_backancity,111.30602
2025-01-08 08:00:00+00:00,angiang_longxuyen_bacgiang_bacgiangcity_backan_backancity,110.90617
2025-01-08 09:00:00+00:00,angiang_longxuyen_bacgiang_bacgiangcity_backan_backancity,110.93021
2025-01-08 10:00:00+00:00,angiang_longxuyen_bacgiang_bacgiangcity_backan_backancity,111.15617
2025-01-08 11:00:00+00:00,angiang_longxuyen_bacgiang_bacgiangcity_backan_backancity,111.319405
2025-01-08 12:00:00+00:00,angiang_longxuyen_bacgiang_bacgiangcity_backan_backancity,111.237144
2025-01-08 13:00:00+00:00,angiang_longxuyen_bacgiang_bacgiangcity_backan_backancity,111.61936
2025-01-08 14:00:00+00:00,angiang_longxuyen_bacgiang_bacgiangcity_backan_backancity,112.00639
2025-01-08 15:00:00+00:00,angiang_longxuyen_bacgiang_bacgiangcity_backan_backancity,112.35253
2025-01-08 16:00:00+00:00,angiang_longxuyen_bacgiang_bacgiangcity_backan_backancity,112.82607
2025-01-08 17:00:00+00:00,angiang_longxuyen_bacgiang_bacgiangcity_backan_backancity,113.04529
2025-01-08 18:00:00+00:00,angiang_longxuyen_bacgiang_bacgiangcity_backan_backancity,112.98244
2025-01-08 19:00:00+00:00,angiang_longxuyen_bacgiang_bacgiangcity_backan_backancity,113.07011
2025-01-08 20:00:00+00:00,angiang_longxuyen_bacgiang_bacgiangcity_backan_backancity,113.03805
2025-01-08 21:00:00+00:00,angiang_longxuyen_bacgiang_bacgiangcity_backan_backancity,112.82414
2025-01-08 22:00:00+00:00,angiang_longxuyen_bacgiang_bacgiangcity_backan_backancity,112.64071
2025-01-08 23:00:00+00:00,angiang_longxuyen_bacgiang_bacgiangcity_backan_backancity,112.3766
2025-01-09 00:00:00+00:00,angiang_longxuyen_bacgiang_bacgiangcity_backan_backancity,111.86615
2025-01-09 01:00:00+00:00,angiang_longxuyen_bacgiang_bacgiangcity_backan_backancity,111.38381
2025-01-09 02:00:00+00:00,angiang_longxuyen_bacgiang_bacgiangcity_backan_backancity,111.06576
2025-01-09 03:00:00+00:00,angiang_longxuyen_bacgiang_bacgiangcity_backan_backancity,110.971954
2025-01-09 04:00:00+00:00,angiang_longxuyen_bacgiang_bacgiangcity_backan_backancity,111.40577
2025-01-09 05:00:00+00:00,angiang_longxuyen_bacgiang_bacgiangcity_backan_backancity,111.03817
2025-01-09 06:00:00+00:00,angiang_longxuyen_bacgiang_bacgiangcity_backan_backancity,110.90802
2025-01-09 07:00:00+00:00,angiang_longxuyen_bacgiang_bacgiangcity_backan_backancity,110.69202
2025-01-09 08:00:00+00:00,angiang_longxuyen_bacgiang_bacgiangcity_backan_backancity,110.600296
2025-01-09 09:00:00+00:00,angiang_longxuyen_bacgiang_bacgiangcity_backan_backancity,110.44199
2025-01-09 10:00:00+00:00,angiang_longxuyen_bacgiang_bacgiangcity_backan_backancity,110.5093
2025-01-09 11:00:00+00:00,angiang_longxuyen_bacgiang_bacgiangcity_backan_backancity,110.39435
2025-01-09 12:00:00+00:00,angiang_longxuyen_bacgiang_bacgiangcity_backan_backancity,110.33771
2025-01-09 13:00:00+00:00,angiang_longxuyen_bacgiang_bacgiangcity_backan_backancity,110.206856
2025-01-09 14:00:00+00:00,angiang_longxuyen_bacgiang_bacgiangcity_backan_backancity,110.22396
2025-01-09 15:00:00+00:00,angiang_longxuyen_bacgiang_bacgiangcity_backan_backancity,110.44632
2025-01-09 16:00:00+00:00,angiang_longxuyen_bacgiang_bacgiangcity_backan_backancity,110.42447
2025-01-09 17:00:00+00:00,angiang_longxuyen_bacgiang_bacgiangcity_backan_backancity,110.51923
2025-01-09 18:00:00+00:00,angiang_longxuyen_bacgiang_bacgiangcity_backan_backancity,110.69917
2025-01-09 19:00:00+00:00,angiang_longxuyen_bacgiang_bacgiangcity_backan_backancity,110.76813
2025-01-09 20:00:00+00:00,angiang_longxuyen_bacgiang_bacgiangcity_backan_backancity,110.79129
2025-01-09 21:00:00+00:00,angiang_longxuyen_bacgiang_bacgiangcity_backan_backancity,110.76978
2025-01-09 22:00:00+00:00,angiang_longxuyen_bacgiang_bacgiangcity_backan_backancity,110.67113
2025-01-09 23:00:00+00:00,angiang_longxuyen_bacgiang_bacgiangcity_backan_backancity,110.471596
2025-01-10 00:00:00+00:00,angiang_longxuyen_bacgiang_bacgiangcity_backan_backancity,110.25464
2025-01-10 01:00:00+00:00,angiang_longxuyen_bacgiang_bacgiangcity_backan_backancity,110.11978
2025-01-10 02:00:00+00:00,angiang_longxuyen_bacgiang_bacgiangcity_backan_backancity,109.98542
2025-01-10 03:00:00+00:00,angiang_longxuyen_bacgiang_bacgiangcity_backan_backancity,109.92598
2025-01-10 04:00:00+00:00,angiang_longxuyen_bacgiang_bacgiangcity_backan_backancity,109.857056
2025-01-10 05:00:00+00:00,angiang_longxuyen_bacgiang_bacgiangcity_backan_backancity,109.880135
2025-01-10 06:00:00+00:00,angiang_longxuyen_bacgiang_bacgiangcity_backan_backancity,109.71731
2025-01-10 07:00:00+00:00,angiang_longxuyen_bacgiang_bacgiangcity_backan_backancity,109.49676
2025-01-10 08:00:00+00:00,angiang_longxuyen_bacgiang_bacgiangcity_backan_backancity,109.26216
2025-01-10 09:00:00+00:00,angiang_longxuyen_bacgiang_bacgiangcity_backan_backancity,109.16789
2025-01-10 10:00:00+00:00,angiang_longxuyen_bacgiang_bacgiangcity_backan_backancity,109.29684
2025-01-10 11:00:00+00:00,angiang_longxuyen_bacgiang_bacgiangcity_backan_backancity,109.11162
2025-01-10 12:00:00+00:00,angiang_longxuyen_bacgiang_bacgiangcity_backan_backancity,108.88736
2025-01-10 13:00:00+00:00,angiang_longxuyen_bacgiang_bacgiangcity_backan_backancity,108.77746
2025-01-10 14:00:00+00:00,angiang_longxuyen_bacgiang_bacgiangcity_backan_backancity,109.052025
2025-01-10 15:00:00+00:00,angiang_longxuyen_bacgiang_bacgiangcity_backan_backancity,109.71785
2025-01-10 16:00:00+00:00,angiang_longxuyen_bacgiang_bacgiangcity_backan_backancity,110.402885
2025-01-10 17:00:00+00:00,angiang_longxuyen_bacgiang_bacgiangcity_backan_backancity,110.56147
2025-01-10 18:00:00+00:00,angiang_longxuyen_bacgiang_bacgiangcity_backan_backancity,110.78512
2025-01-10 19:00:00+00:00,angiang_longxuyen_bacgiang_bacgiangcity_backan_backancity,110.71845
2025-01-10 20:00:00+00:00,angiang_longxuyen_bacgiang_bacgiangcity_backan_backancity,110.51591
2025-01-10 21:00:00+00:00,angiang_longxuyen_bacgiang_bacgiangcity_backan_backancity,110.29933
2025-01-10 22:00:00+00:00,angiang_longxuyen_bacgiang_bacgiangcity_backan_backancity,110.18227
2025-01-10 23:00:00+00:00,angiang_longxuyen_bacgiang_bacgiangcity_backan_backancity,110.164734
2025-01-11 00:00:00+00:00,angiang_longxuyen_bacgiang_bacgiangcity_backan_backancity,109.93017
2025-01-11 01:00:00+00:00,angiang_longxuyen_bacgiang_bacgiangcity_backan_backancity,109.950836
2025-01-11 02:00:00+00:00,angiang_longxuyen_bacgiang_bacgiangcity_backan_backancity,109.93323
2025-01-11 03:00:00+00:00,angiang_longxuyen_bacgiang_bacgiangcity_backan_backancity,109.82155
2025-01-11 04:00:00+00:00,angiang_longxuyen_bacgiang_bacgiangcity_backan_backancity,109.59015
2025-01-11 05:00:00+00:00,angiang_longxuyen_bacgiang_bacgiangcity_backan_backancity,109.53624
2025-01-11 06:00:00+00:00,angiang_longxuyen_bacgiang_bacgiangcity_backan_backancity,109.444466
2025-01-11 07:00:00+00:00,angiang_longxuyen_bacgiang_bacgiangcity_backan_backancity,109.23129
2025-01-11 08:00:00+00:00,angiang_longxuyen_bacgiang_bacgiangcity_backan_backancity,109.01334
2025-01-11 09:00:00+00:00,angiang_longxuyen_bacgiang_bacgiangcity_backan_backancity,109.03358
2025-01-11 10:00:00+00:00,angiang_longxuyen_bacgiang_bacgiangcity_backan_backancity,109.06985
2025-01-11 11:00:00+00:00,angiang_longxuyen_bacgiang_bacgiangcity_backan_backancity,109.067726
2025-01-11 12:00:00+00:00,angiang_longxuyen_bacgiang_bacgiangcity_backan_backancity,108.90182
2025-01-11 13:00:00+00:00,angiang_longxuyen_bacgiang_bacgiangcity_backan_backancity,108.757675
2025-01-11 14:00:00+00:00,angiang_longxuyen_bacgiang_bacgiangcity_backan_backancity,108.86177
2025-01-11 15:00:00+00:00,angiang_longxuyen_bacgiang_bacgiangcity_backan_backancity,109.37949
2025-01-11 16:00:00+00:00,angiang_longxuyen_bacgiang_bacgiangcity_backan_backancity,109.28813
2025-01-11 17:00:00+00:00,angiang_longxuyen_bacgiang_bacgiangcity_backan_backancity,109.33477
2025-01-11 18:00:00+00:00,angiang_longxuyen_bacgiang_bacgiangcity_backan_backancity,109.30051
2025-01-11 19:00:00+00:00,angiang_longxuyen_bacgiang_bacgiangcity_backan_backancity,109.2227
2025-01-11 20:00:00+00:00,angiang_longxuyen_bacgiang_bacgiangcity_backan_backancity,109.07364
2025-01-11 21:00:00+00:00,angiang_longxuyen_bacgiang_bacgiangcity_backan_backancity,108.820496
2025-01-11 22:00:00+00:00,angiang_longxuyen_bacgiang_bacgiangcity_backan_backancity,108.63214
2025-01-11 23:00:00+00:00,angiang_longxuyen_bacgiang_bacgiangcity_backan_backancity,108.45631
2025-01-12 00:00:00+00:00,angiang_longxuyen_bacgiang_bacgiangcity_backan_backancity,108.250015
2025-01-12 01:00:00+00:00,angiang_longxuyen_bacgiang_bacgiangcity_backan_backancity,107.90994
2025-01-12 02:00:00+00:00,angiang_longxuyen_bacgiang_bacgiangcity_backan_backancity,107.719215
2025-01-12 03:00:00+00:00,angiang_longxuyen_bacgiang_bacgiangcity_backan_backancity,107.5335
2025-01-12 04:00:00+00:00,angiang_longxuyen_bacgiang_bacgiangcity_backan_backancity,107.647285
2025-01-12 05:00:00+00:00,angiang_longxuyen_bacgiang_bacgiangcity_backan_backancity,107.56066
2025-01-12 06:00:00+00:00,angiang_longxuyen_bacgiang_bacgiangcity_backan_backancity,107.50754
2025-01-12 07:00:00+00:00,angiang_longxuyen_bacgiang_bacgiangcity_backan_backancity,107.34929
2025-01-12 08:00:00+00:00,angiang_longxuyen_bacgiang_bacgiangcity_backan_backancity,107.09797
2025-01-12 09:00:00+00:00,angiang_longxuyen_bacgiang_bacgiangcity_backan_backancity,107.09175
2025-01-12 10:00:00+00:00,angiang_longxuyen_bacgiang_bacgiangcity_backan_backancity,107.17306
2025-01-12 11:00:00+00:00,angiang_longxuyen_bacgiang_bacgiangcity_backan_backancity,107.04518
2025-01-12 12:00:00+00:00,angiang_longxuyen_bacgiang_bacgiangcity_backan_backancity,106.950294
2025-01-12 13:00:00+00:00,angiang_longxuyen_bacgiang_bacgiangcity_backan_backancity,107.06886
2025-01-12 14:00:00+00:00,angiang_longxuyen_bacgiang_bacgiangcity_backan_backancity,107.291756
2025-01-12 15:00:00+00:00,angiang_longxuyen_bacgiang_bacgiangcity_backan_backancity,108.02491
2025-01-12 16:00:00+00:00,angiang_longxuyen_bacgiang_bacgiangcity_backan_backancity,109.04005
2025-01-12 17:00:00+00:00,angiang_longxuyen_bacgiang_bacgiangcity_backan_backancity,109.26516
2025-01-12 18:00:00+00:00,angiang_longxuyen_bacgiang_bacgiangcity_backan_backancity,109.67349
2025-01-12 19:00:00+00:00,angiang_longxuyen_bacgiang_bacgiangcity_backan_backancity,109.90827
2025-01-12 20:00:00+00:00,angiang_longxuyen_bacgiang_bacgiangcity_backan_backancity,110.07662
2025-01-12 21:00:00+00:00,angiang_longxuyen_bacgiang_bacgiangcity_backan_backancity,110.313
2025-01-12 22:00:00+00:00,angiang_longxuyen_bacgiang_bacgiangcity_backan_backancity,110.48076
2025-01-12 23:00:00+00:00,angiang_longxuyen_bacgiang_bacgiangcity_backan_backancity,110.64732
2025-01-13 00:00:00+00:00,angiang_longxuyen_bacgiang_bacgiangcity_backan_backancity,110.586174
2025-01-13 01:00:00+00:00,angiang_longxuyen_bacgiang_bacgiangcity_backan_backancity,110.53762
2025-01-13 02:00:00+00:00,angiang_longxuyen_bacgiang_bacgiangcity_backan_backancity,110.613
2025-01-13 03:00:00+00:00,angiang_longxuyen_bacgiang_bacgiangcity_backan_backancity,110.99679
2025-01-13 04:00:00+00:00,angiang_longxuyen_bacgiang_bacgiangcity_backan_backancity,111.08099
2025-01-13 05:00:00+00:00,angiang_longxuyen_bacgiang_bacgiangcity_backan_backancity,111.25291
2025-01-13 06:00:00+00:00,angiang_longxuyen_bacgiang_bacgiangcity_backan_backancity,111.347725
2025-01-13 07:00:00+00:00,angiang_longxuyen_bacgiang_bacgiangcity_backan_backancity,111.25283
2025-01-13 08:00:00+00:00,angiang_longxuyen_bacgiang_bacgiangcity_backan_backancity,111.145744
2025-01-13 09:00:00+00:00,angiang_longxuyen_bacgiang_bacgiangcity_backan_backancity,111.23096
2025-01-13 10:00:00+00:00,angiang_longxuyen_bacgiang_bacgiangcity_backan_backancity,111.471725
2025-01-13 11:00:00+00:00,angiang_longxuyen_bacgiang_bacgiangcity_backan_backancity,111.26991
2025-01-13 12:00:00+00:00,angiang_longxuyen_bacgiang_bacgiangcity_backan_backancity,111.35405
2025-01-13 13:00:00+00:00,angiang_longxuyen_bacgiang_bacgiangcity_backan_backancity,111.556175
2025-01-13 14:00:00+00:00,angiang_longxuyen_bacgiang_bacgiangcity_backan_backancity,111.88194
2025-01-13 15:00:00+00:00,angiang_longxuyen_bacgiang_bacgiangcity_backan_backancity,112.3967
2025-01-13 16:00:00+00:00,angiang_longxuyen_bacgiang_bacgiangcity_backan_backancity,112.12015
2025-01-13 17:00:00+00:00,angiang_longxuyen_bacgiang_bacgiangcity_backan_backancity,112.1327
2025-01-13 18:00:00+00:00,angiang_longxuyen_bacgiang_bacgiangcity_backan_backancity,112.13227
2025-01-13 19:00:00+00:00,angiang_longxuyen_bacgiang_bacgiangcity_backan_backancity,112.204544
2025-01-13 20:00:00+00:00,angiang_longxuyen_bacgiang_bacgiangcity_backan_backancity,111.95618
2025-01-13 21:00:00+00:00,angiang_longxuyen_bacgiang_bacgiangcity_backan_backancity,111.70574
2025-01-13 22:00:00+00:00,angiang_longxuyen_bacgiang_bacgiangcity_backan_backancity,111.48468
2025-01-13 23:00:00+00:00,angiang_longxuyen_bacgiang_bacgiangcity_backan_backancity,111.479805
2025-01-14 00:00:00+00:00,angiang_longxuyen_bacgiang_bacgiangcity_backan_backancity,111.604324
2025-01-14 01:00:00+00:00,angiang_longxuyen_bacgiang_bacgiangcity_backan_backancity,111.83251
2025-01-14 02:00:00+00:00,angiang_longxuyen_bacgiang_bacgiangcity_backan_backancity,111.87439
2025-01-14 03:00:00+00:00,angiang_longxuyen_bacgiang_bacgiangcity_backan_backancity,112.05569
2025-01-14 04:00:00+00:00,angiang_longxuyen_bacgiang_bacgiangcity_backan_backancity,111.58331
2025-01-14 05:00:00+00:00,angiang_longxuyen_bacgiang_bacgiangcity_backan_backancity,111.29987
2025-01-14 06:00:00+00:00,angiang_longxuyen_bacgiang_bacgiangcity_backan_backancity,110.79979
2025-01-14 07:00:00+00:00,angiang_longxuyen_bacgiang_bacgiangcity_backan_backancity,110.686584
2025-01-14 08:00:00+00:00,angiang_longxuyen_bacgiang_bacgiangcity_backan_backancity,110.721985
2025-01-14 09:00:00+00:00,angiang_longxuyen_bacgiang_bacgiangcity_backan_backancity,110.89212
2025-01-14 10:00:00+00:00,angiang_longxuyen_bacgiang_bacgiangcity_backan_backancity,111.060585
2025-01-14 11:00:00+00:00,angiang_longxuyen_bacgiang_bacgiangcity_backan_backancity,111.26742
2025-01-14 12:00:00+00:00,angiang_longxuyen_bacgiang_bacgiangcity_backan_backancity,111.31079
2025-01-14 13:00:00+00:00,angiang_longxuyen_bacgiang_bacgiangcity_backan_backancity,111.5412
2025-01-14 14:00:00+00:00,angiang_longxuyen_bacgiang_bacgiangcity_backan_backancity,112.0811
2025-01-14 15:00:00+00:00,angiang_longxuyen_bacgiang_bacgiangcity_backan_backancity,112.58091
2025-01-14 16:00:00+00:00,angiang_longxuyen_bacgiang_bacgiangcity_backan_backancity,112.495
2025-01-14 17:00:00+00:00,angiang_longxuyen_bacgiang_bacgiangcity_backan_backancity,112.45697
2025-01-14 18:00:00+00:00,angiang_longxuyen_bacgiang_bacgiangcity_backan_backancity,112.61164
2025-01-14 19:00:00+00:00,angiang_longxuyen_bacgiang_bacgiangcity_backan_backancity,112.44854
2025-01-14 20:00:00+00:00,angiang_longxuyen_bacgiang_bacgiangcity_backan_backancity,112.47838
2025-01-14 21:00:00+00:00,angiang_longxuyen_bacgiang_bacgiangcity_backan_backancity,112.16995
2025-01-14 22:00:00+00:00,angiang_longxuyen_bacgiang_bacgiangcity_backan_backancity,111.875946
2025-01-14 23:00:00+00:00,angiang_longxuyen_bacgiang_bacgiangcity_backan_backancity,111.57322
2025-01-15 00:00:00+00:00,angiang_longxuyen_bacgiang_bacgiangcity_backan_backancity,111.25918
2025-01-15 01:00:00+00:00,angiang_longxuyen_bacgiang_bacgiangcity_backan_backancity,111.052185
2025-01-15 02:00:00+00:00,angiang_longxuyen_bacgiang_bacgiangcity_backan_backancity,110.82586
2025-01-15 03:00:00+00:00,angiang_longxuyen_bacgiang_bacgiangcity_backan_backancity,110.56769
2025-01-15 04:00:00+00:00,angiang_longxuyen_bacgiang_bacgiangcity_backan_backancity,110.43105
2025-01-15 05:00:00+00:00,angiang_longxuyen_bacgiang_bacgiangcity_backan_backancity,110.53076
2025-01-15 06:00:00+00:00,angiang_longxuyen_bacgiang_bacgiangcity_backan_backancity,110.64053
2025-01-15 07:00:00+00:00,angiang_longxuyen_bacgiang_bacgiangcity_backan_backancity,110.335075
2025-01-15 08:00:00+00:00,angiang_longxuyen_bacgiang_bacgiangcity_backan_backancity,110.26179
2025-01-15 09:00:00+00:00,angiang_longxuyen_bacgiang_bacgiangcity_backan_backancity,110.48633
2025-01-15 10:00:00+00:00,angiang_longxuyen_bacgiang_bacgiangcity_backan_backancity,110.433685
2025-01-15 11:00:00+00:00,angiang_longxuyen_bacgiang_bacgiangcity_backan_backancity,110.64671
2025-01-15 12:00:00+00:00,angiang_longxuyen_bacgiang_bacgiangcity_backan_backancity,110.90225
2025-01-15 13:00:00+00:00,angiang_longxuyen_bacgiang_bacgiangcity_backan_backancity,111.17671
2025-01-15 14:00:00+00:00,angiang_longxuyen_bacgiang_bacgiangcity_backan_backancity,111.52878
2025-01-15 15:00:00+00:00,angiang_longxuyen_bacgiang_bacgiangcity_backan_backancity,111.91215
2025-01-15 16:00:00+00:00,angiang_longxuyen_bacgiang_bacgiangcity_backan_backancity,112.08724
2025-01-15 17:00:00+00:00,angiang_longxuyen_bacgiang_bacgiangcity_backan_backancity,112.26233
2025-01-15 18:00:00+00:00,angiang_longxuyen_bacgiang_bacgiangcity_backan_backancity,112.34094
2025-01-15 19:00:00+00:00,angiang_longxuyen_bacgiang_bacgiangcity_backan_backancity,112.27445
2025-01-15 20:00:00+00:00,angiang_longxuyen_bacgiang_bacgiangcity_backan_backancity,112.124886
2025-01-15 21:00:00+00:00,angiang_longxuyen_bacgiang_bacgiangcity_backan_backancity,111.96745
2025-01-15 22:00:00+00:00,angiang_longxuyen_bacgiang_bacgiangcity_backan_backancity,111.89121
2025-01-15 23:00:00+00:00,angiang_longxuyen_bacgiang_bacgiangcity_backan_backancity,111.78153
2025-01-16 00:00:00+00:00,angiang_longxuyen_bacgiang_bacgiangcity_backan_backancity,111.744995
2025-01-16 01:00:00+00:00,angiang_longxuyen_bacgiang_bacgiangcity_backan_backancity,111.48734
2025-01-16 02:00:00+00:00,angiang_longxuyen_bacgiang_bacgiangcity_backan_backancity,111.32281
2025-01-16 03:00:00+00:00,angiang_longxuyen_bacgiang_bacgiangcity_backan_backancity,111.27741
2025-01-16 04:00:00+00:00,angiang_longxuyen_bacgiang_bacgiangcity_backan_backancity,110.5571
2025-01-16 05:00:00+00:00,angiang_longxuyen_bacgiang_bacgiangcity_backan_backancity,110.58714
2025-01-16 06:00:00+00:00,angiang_longxuyen_bacgiang_bacgiangcity_backan_backancity,110.89379
2025-01-16 07:00:00+00:00,angiang_longxuyen_bacgiang_bacgiangcity_backan_backancity,111.02536
2025-01-16 08:00:00+00:00,angiang_longxuyen_bacgiang_bacgiangcity_backan_backancity,110.824814
2025-01-16 09:00:00+00:00,angiang_longxuyen_bacgiang_bacgiangcity_backan_backancity,110.82476
2025-01-16 10:00:00+00:00,angiang_longxuyen_bacgiang_bacgiangcity_backan_backancity,110.61811
2025-01-16 11:00:00+00:00,angiang_longxuyen_bacgiang_bacgiangcity_backan_backancity,110.42865
2025-01-16 12:00:00+00:00,angiang_longxuyen_bacgiang_bacgiangcity_backan_backancity,110.15426
2025-01-16 13:00:00+00:00,angiang_longxuyen_bacgiang_bacgiangcity_backan_backancity,110.18421
2025-01-16 14:00:00+00:00,angiang_longxuyen_bacgiang_bacgiangcity_backan_backancity,110.362724
2025-01-16 15:00:00+00:00,angiang_longxuyen_bacgiang_bacgiangcity_backan_backancity,110.64504
2025-01-16 16:00:00+00:00,angiang_longxuyen_bacgiang_bacgiangcity_backan_backancity,110.59708
2025-01-16 17:00:00+00:00,angiang_longxuyen_bacgiang_bacgiangcity_backan_backancity,110.45195
2025-01-16 18:00:00+00:00,angiang_longxuyen_bacgiang_bacgiangcity_backan_backancity,110.38649
2025-01-16 19:00:00+00:00,angiang_longxuyen_bacgiang_bacgiangcity_backan_backancity,110.33516
2025-01-16 20:00:00+00:00,angiang_longxuyen_bacgiang_bacgiangcity_backan_backancity,110.275826
2025-01-16 21:00:00+00:00,angiang_longxuyen_bacgiang_bacgiangcity_backan_backancity,110.23273
2025-01-16 22:00:00+00:00,angiang_longxuyen_bacgiang_bacgiangcity_backan_backancity,110.21138
2025-01-16 23:00:00+00:00,angiang_longxuyen_bacgiang_bacgiangcity_backan_backancity,110.25026
2025-01-17 00:00:00+00:00,angiang_longxuyen_bacgiang_bacgiangcity_backan_backancity,110.17456
2025-01-17 01:00:00+00:00,angiang_longxuyen_bacgiang_bacgiangcity_backan_backancity,110.07667
2025-01-17 02:00:00+00:00,angiang_longxuyen_bacgiang_bacgiangcity_backan_backancity,110.01783
2025-01-17 03:00:00+00:00,angiang_longxuyen_bacgiang_bacgiangcity_backan_backancity,109.996
2025-01-17 04:00:00+00:00,angiang_longxuyen_bacgiang_bacgiangcity_backan_backancity,109.23391
2025-01-17 05:00:00+00:00,angiang_longxuyen_bacgiang_bacgiangcity_backan_backancity,109.33167
2025-01-17 06:00:00+00:00,angiang_longxuyen_bacgiang_bacgiangcity_backan_backancity,109.30012
2025-01-17 07:00:00+00:00,angiang_longxuyen_bacgiang_bacgiangcity_backan_backancity,109.204285
2025-01-17 08:00:00+00:00,angiang_longxuyen_bacgiang_bacgiangcity_backan_backancity,109.12142
2025-01-17 09:00:00+00:00,angiang_longxuyen_bacgiang_bacgiangcity_backan_backancity,109.18102
2025-01-17 10:00:00+00:00,angiang_longxuyen_bacgiang_bacgiangcity_backan_backancity,109.33977
2025-01-17 11:00:00+00:00,angiang_longxuyen_bacgiang_bacgiangcity_backan_backancity,109.202965
2025-01-17 12:00:00+00:00,angiang_longxuyen_bacgiang_bacgiangcity_backan_backancity,109.19919
2025-01-17 13:00:00+00:00,angiang_longxuyen_bacgiang_bacgiangcity_backan_backancity,109.406555
2025-01-17 14:00:00+00:00,angiang_longxuyen_bacgiang_bacgiangcity_backan_backancity,109.929245
2025-01-17 15:00:00+00:00,angiang_longxuyen_bacgiang_bacgiangcity_backan_backancity,110.59592
2025-01-17 16:00:00+00:00,angiang_longxuyen_bacgiang_bacgiangcity_backan_backancity,111.17594
2025-01-17 17:00:00+00:00,angiang_longxuyen_bacgiang_bacgiangcity_backan_backancity,111.13605
2025-01-17 18:00:00+00:00,angiang_longxuyen_bacgiang_bacgiangcity_backan_backancity,110.99733
2025-01-17 19:00:00+00:00,angiang_longxuyen_bacgiang_bacgiangcity_backan_backancity,110.740135
2025-01-17 20:00:00+00:00,angiang_longxuyen_bacgiang_bacgiangcity_backan_backancity,110.6472
2025-01-17 21:00:00+00:00,angiang_longxuyen_bacgiang_bacgiangcity_backan_backancity,110.1613
2025-01-17 22:00:00+00:00,angiang_longxuyen_bacgiang_bacgiangcity_backan_backancity,109.78396
2025-01-17 23:00:00+00:00,angiang_longxuyen_bacgiang_bacgiangcity_backan_backancity,109.41887
2025-01-18 00:00:00+00:00,angiang_longxuyen_bacgiang_bacgiangcity_backan_backancity,109.34737
2025-01-18 01:00:00+00:00,angiang_longxuyen_bacgiang_bacgiangcity_backan_backancity,109.292114
2025-01-18 02:00:00+00:00,angiang_longxuyen_bacgiang_bacgiangcity_backan_backancity,109.206795
2025-01-18 03:00:00+00:00,angiang_longxuyen_bacgiang_bacgiangcity_backan_backancity,109.31649
2025-01-18 04:00:00+00:00,angiang_longxuyen_bacgiang_bacgiangcity_backan_backancity,109.09938
2025-01-18 05:00:00+00:00,angiang_longxuyen_bacgiang_bacgiangcity_backan_backancity,109.1043
2025-01-18 06:00:00+00:00,angiang_longxuyen_bacgiang_bacgiangcity_backan_backancity,109.15955
2025-01-18 07:00:00+00:00,angiang_longxuyen_bacgiang_bacgiangcity_backan_backancity,109.326996
2025-01-18 08:00:00+00:00,angiang_longxuyen_bacgiang_bacgiangcity_backan_backancity,109.3462
2025-01-18 09:00:00+00:00,angiang_longxuyen_bacgiang_bacgiangcity_backan_backancity,109.44702
2025-01-18 10:00:00+00:00,angiang_longxuyen_bacgiang_bacgiangcity_backan_backancity,109.38394
2025-01-18 11:00:00+00:00,angiang_longxuyen_bacgiang_bacgiangcity_backan_backancity,109.478615
2025-01-18 12:00:00+00:00,angiang_longxuyen_bacgiang_bacgiangcity_backan_backancity,109.47721
2025-01-18 13:00:00+00:00,angiang_longxuyen_bacgiang_bacgiangcity_backan_backancity,109.29688
2025-01-18 14:00:00+00:00,angiang_longxuyen_bacgiang_bacgiangcity_backan_backancity,109.5823
2025-01-18 15:00:00+00:00,angiang_longxuyen_bacgiang_bacgiangcity_backan_backancity,109.96003
2025-01-18 16:00:00+00:00,angiang_longxuyen_bacgiang_bacgiangcity_backan_backancity,110.25727
2025-01-18 17:00:00+00:00,angiang_longxuyen_bacgiang_bacgiangcity_backan_backancity,110.39986
2025-01-18 18:00:00+00:00,angiang_longxuyen_bacgiang_bacgiangcity_backan_backancity,110.47419
2025-01-18 19:00:00+00:00,angiang_longxuyen_bacgiang_bacgiangcity_backan_backancity,110.39133
2025-01-18 20:00:00+00:00,angiang_longxuyen_bacgiang_bacgiangcity_backan_backancity,110.244934
2025-01-18 21:00:00+00:00,angiang_longxuyen_bacgiang_bacgiangcity_backan_backancity,109.95222
2025-01-18 22:00:00+00:00,angiang_longxuyen_bacgiang_bacgiangcity_backan_backancity,109.66809
2025-01-18 23:00:00+00:00,angiang_longxuyen_bacgiang_bacgiangcity_backan_backancity,109.38891
2025-01-19 00:00:00+00:00,angiang_longxuyen_bacgiang_bacgiangcity_backan_backancity,109.0585
2025-01-19 01:00:00+00:00,angiang_longxuyen_bacgiang_bacgiangcity_backan_backancity,108.99284
2025-01-19 02:00:00+00:00,angiang_longxuyen_bacgiang_bacgiangcity_backan_backancity,109.033005
2025-01-19 03:00:00+00:00,angiang_longxuyen_bacgiang_bacgiangcity_backan_backancity,109.10718
2025-01-19 04:00:00+00:00,angiang_longxuyen_bacgiang_bacgiangcity_backan_backancity,108.893166
2025-01-19 05:00:00+00:00,angiang_longxuyen_bacgiang_bacgiangcity_backan_backancity,108.91679
2025-01-19 06:00:00+00:00,angiang_longxuyen_bacgiang_bacgiangcity_backan_backancity,108.99004
2025-01-19 07:00:00+00:00,angiang_longxuyen_bacgiang_bacgiangcity_backan_backancity,108.73034
2025-01-19 08:00:00+00:00,angiang_longxuyen_bacgiang_bacgiangcity_backan_backancity,108.55338
2025-01-19 09:00:00+00:00,angiang_longxuyen_bacgiang_bacgiangcity_backan_backancity,108.5035
2025-01-19 10:00:00+00:00,angiang_longxuyen_bacgiang_bacgiangcity_backan_backancity,108.36988
2025-01-19 11:00:00+00:00,angiang_longxuyen_bacgiang_bacgiangcity_backan_backancity,108.519775
2025-01-19 12:00:00+00:00,angiang_longxuyen_bacgiang_bacgiangcity_backan_backancity,108.474556
2025-01-19 13:00:00+00:00,angiang_longxuyen_bacgiang_bacgiangcity_backan_backancity,108.32077
2025-01-19 14:00:00+00:00,angiang_longxuyen_bacgiang_bacgiangcity_backan_backancity,108.47906
2025-01-19 15:00:00+00:00,angiang_longxuyen_bacgiang_bacgiangcity_backan_backancity,108.76451
2025-01-19 16:00:00+00:00,angiang_longxuyen_bacgiang_bacgiangcity_backan_backancity,108.41726
2025-01-19 17:00:00+00:00,angiang_longxuyen_bacgiang_bacgiangcity_backan_backancity,108.36846
2025-01-19 18:00:00+00:00,angiang_longxuyen_bacgiang_bacgiangcity_backan_backancity,108.305984
2025-01-19 19:00:00+00:00,angiang_longxuyen_bacgiang_bacgiangcity_backan_backancity,108.146126
2025-01-19 20:00:00+00:00,angiang_longxuyen_bacgiang_bacgiangcity_backan_backancity,107.93032
2025-01-19 21:00:00+00:00,angiang_longxuyen_bacgiang_bacgiangcity_backan_backancity,107.686745
2025-01-19 22:00:00+00:00,angiang_longxuyen_bacgiang_bacgiangcity_backan_backancity,107.12556
2025-01-19 23:00:00+00:00,angiang_longxuyen_bacgiang_bacgiangcity_backan_backancity,106.81949
2025-01-20 00:00:00+00:00,angiang_longxuyen_bacgiang_bacgiangcity_backan_backancity,106.59349
2025-01-20 01:00:00+00:00,angiang_longxuyen_bacgiang_bacgiangcity_backan_backancity,106.3273
2025-01-20 02:00:00+00:00,angiang_longxuyen_bacgiang_bacgiangcity_backan_backancity,106.14574
2025-01-20 03:00:00+00:00,angiang_longxuyen_bacgiang_bacgiangcity_backan_backancity,105.89602
2025-01-20 04:00:00+00:00,angiang_longxuyen_bacgiang_bacgiangcity_backan_backancity,106.23163
2025-01-20 05:00:00+00:00,angiang_longxuyen_bacgiang_bacgiangcity_backan_backancity,106.45513
2025-01-20 06:00:00+00:00,angiang_longxuyen_bacgiang_bacgiangcity_backan_backancity,106.92331
2025-01-20 07:00:00+00:00,angiang_longxuyen_bacgiang_bacgiangcity_backan_backancity,107.110634
2025-01-20 08:00:00+00:00,angiang_longxuyen_bacgiang_bacgiangcity_backan_backancity,107.047005
2025-01-20 09:00:00+00:00,angiang_longxuyen_bacgiang_bacgiangcity_backan_backancity,107.00779
2025-01-20 10:00:00+00:00,angiang_longxuyen_bacgiang_bacgiangcity_backan_backancity,106.79479
2025-01-20 11:00:00+00:00,angiang_longxuyen_bacgiang_bacgiangcity_backan_backancity,106.7946
2025-01-20 12:00:00+00:00,angiang_longxuyen_bacgiang_bacgiangcity_backan_backancity,106.8733
2025-01-20 13:00:00+00:00,angiang_longxuyen_bacgiang_bacgiangcity_backan_backancity,106.861176
2025-01-20 14:00:00+00:00,angiang_longxuyen_bacgiang_bacgiangcity_backan_backancity,107.11608
2025-01-20 15:00:00+00:00,angiang_longxuyen_bacgiang_bacgiangcity_backan_backancity,107.324234
2025-01-20 16:00:00+00:00,angiang_longxuyen_bacgiang_bacgiangcity_backan_backancity,108.092224
2025-01-20 17:00:00+00:00,angiang_longxuyen_bacgiang_bacgiangcity_backan_backancity,107.99118
2025-01-20 18:00:00+00:00,angiang_longxuyen_bacgiang_bacgiangcity_backan_backancity,107.94641
2025-01-20 19:00:00+00:00,angiang_longxuyen_bacgiang_bacgiangcity_backan_backancity,107.908455
2025-01-20 20:00:00+00:00,angiang_longxuyen_bacgiang_bacgiangcity_backan_backancity,107.8049
2025-01-20 21:00:00+00:00,angiang_longxuyen_bacgiang_bacgiangcity_backan_backancity,107.927925
2025-01-20 22:00:00+00:00,angiang_longxuyen_bacgiang_bacgiangcity_backan_backancity,107.89955
2025-01-20 23:00:00+00:00,angiang_longxuyen_bacgiang_bacgiangcity_backan_backancity,107.91633
2025-01-21 00:00:00+00:00,angiang_longxuyen_bacgiang_bacgiangcity_backan_backancity,108.06298
2025-01-21 01:00:00+00:00,angiang_longxuyen_bacgiang_bacgiangcity_backan_backancity,108.20339
2025-01-21 02:00:00+00:00,angiang_longxuyen_bacgiang_bacgiangcity_backan_backancity,108.24564
2025-01-21 03:00:00+00:00,angiang_longxuyen_bacgiang_bacgiangcity_backan_backancity,108.53646
2025-01-21 04:00:00+00:00,angiang_longxuyen_bacgiang_bacgiangcity_backan_backancity,107.64851
2025-01-21 05:00:00+00:00,angiang_longxuyen_bacgiang_bacgiangcity_backan_backancity,107.75062
2025-01-21 06:00:00+00:00,angiang_longxuyen_bacgiang_bacgiangcity_backan_backancity,107.95504
2025-01-21 07:00:00+00:00,angiang_longxuyen_bacgiang_bacgiangcity_backan_backancity,108.18971
2025-01-21 08:00:00+00:00,angiang_longxuyen_bacgiang_bacgiangcity_backan_backancity,108.33104
2025-01-21 09:00:00+00:00,angiang_longxuyen_bacgiang_bacgiangcity_backan_backancity,108.451935
2025-01-21 10:00:00+00:00,angiang_longxuyen_bacgiang_bacgiangcity_backan_backancity,108.64785
2025-01-21 11:00:00+00:00,angiang_longxuyen_bacgiang_bacgiangcity_backan_backancity,108.71007
2025-01-21 12:00:00+00:00,angiang_longxuyen_bacgiang_bacgiangcity_backan_backancity,108.670044
2025-01-21 13:00:00+00:00,angiang_longxuyen_bacgiang_bacgiangcity_backan_backancity,108.70551
2025-01-21 14:00:00+00:00,angiang_longxuyen_bacgiang_bacgiangcity_backan_backancity,109.111664
2025-01-21 15:00:00+00:00,angiang_longxuyen_bacgiang_bacgiangcity_backan_backancity,109.65856
2025-01-21 16:00:00+00:00,angiang_longxuyen_bacgiang_bacgiangcity_backan_backancity,109.81206
2025-01-21 17:00:00+00:00,angiang_longxuyen_bacgiang_bacgiangcity_backan_backancity,109.96139
2025-01-21 18:00:00+00:00,angiang_longxuyen_bacgiang_bacgiangcity_backan_backancity,110.09376
2025-01-21 19:00:00+00:00,angiang_longxuyen_bacgiang_bacgiangcity_backan_backancity,110.318
2025-01-21 20:00:00+00:00,angiang_longxuyen_bacgiang_bacgiangcity_backan_backancity,110.32473
2025-01-21 21:00:00+00:00,angiang_longxuyen_bacgiang_bacgiangcity_backan_backancity,110.36619
2025-01-21 22:00:00+00:00,angiang_longxuyen_bacgiang_bacgiangcity_backan_backancity,110.29155
2025-01-21 23:00:00+00:00,angiang_longxuyen_bacgiang_bacgiangcity_backan_backancity,110.23384
2025-01-22 00:00:00+00:00,angiang_longxuyen_bacgiang_bacgiangcity_backan_backancity,110.3099
2025-01-22 01:00:00+00:00,angiang_longxuyen_bacgiang_bacgiangcity_backan_backancity,110.37364
2025-01-22 02:00:00+00:00,angiang_longxuyen_bacgiang_bacgiangcity_backan_backancity,110.521355
2025-01-22 03:00:00+00:00,angiang_longxuyen_bacgiang_bacgiangcity_backan_backancity,110.5748
2025-01-22 04:00:00+00:00,angiang_longxuyen_bacgiang_bacgiangcity_backan_backancity,110.30836
2025-01-22 05:00:00+00:00,angiang_longxuyen_bacgiang_bacgiangcity_backan_backancity,110.31532
2025-01-22 06:00:00+00:00,angiang_longxuyen_bacgiang_bacgiangcity_backan_backancity,110.047516
2025-01-22 07:00:00+00:00,angiang_longxuyen_bacgiang_bacgiangcity_backan_backancity,109.75603
2025-01-22 08:00:00+00:00,angiang_longxuyen_bacgiang_bacgiangcity_backan_backancity,109.73302
2025-01-22 09:00:00+00:00,angiang_longxuyen_bacgiang_bacgiangcity_backan_backancity,109.9837
2025-01-22 10:00:00+00:00,angiang_longxuyen_bacgiang_bacgiangcity_backan_backancity,109.96515
2025-01-22 11:00:00+00:00,angiang_longxuyen_bacgiang_bacgiangcity_backan_backancity,109.9875
2025-01-22 12:00:00+00:00,angiang_longxuyen_bacgiang_bacgiangcity_backan_backancity,109.89891
2025-01-22 13:00:00+00:00,angiang_longxuyen_bacgiang_bacgiangcity_backan_backancity,109.686356
2025-01-22 14:00:00+00:00,angiang_longxuyen_bacgiang_bacgiangcity_backan_backancity,110.0414
2025-01-22 15:00:00+00:00,angiang_longxuyen_bacgiang_bacgiangcity_backan_backancity,110.7834
2025-01-22 16:00:00+00:00,angiang_longxuyen_bacgiang_bacgiangcity_backan_backancity,111.17778
2025-01-22 17:00:00+00:00,angiang_longxuyen_bacgiang_bacgiangcity_backan_backancity,111.349556
2025-01-22 18:00:00+00:00,angiang_longxuyen_bacgiang_bacgiangcity_backan_backancity,111.37701
2025-01-22 19:00:00+00:00,angiang_longxuyen_bacgiang_bacgiangcity_backan_backancity,111.53783
2025-01-22 20:00:00+00:00,angiang_longxuyen_bacgiang_bacgiangcity_backan_backancity,111.410706
2025-01-22 21:00:00+00:00,angiang_longxuyen_bacgiang_bacgiangcity_backan_backancity,111.3146
2025-01-22 22:00:00+00:00,angiang_longxuyen_bacgiang_bacgiangcity_backan_backancity,111.21701
2025-01-22 23:00:00+00:00,angiang_longxuyen_bacgiang_bacgiangcity_backan_backancity,111.05498
2025-01-23 00:00:00+00:00,angiang_longxuyen_bacgiang_bacgiangcity_backan_backancity,110.87538
2025-01-23 01:00:00+00:00,angiang_longxuyen_bacgiang_bacgiangcity_backan_backancity,110.89989
2025-01-23 02:00:00+00:00,angiang_longxuyen_bacgiang_bacgiangcity_backan_backancity,110.9253
2025-01-23 03:00:00+00:00,angiang_longxuyen_bacgiang_bacgiangcity_backan_backancity,111.09688
2025-01-23 04:00:00+00:00,angiang_longxuyen_bacgiang_bacgiangcity_backan_backancity,110.49293
2025-01-23 05:00:00+00:00,angiang_longxuyen_bacgiang_bacgiangcity_backan_backancity,110.53858
2025-01-23 06:00:00+00:00,angiang_longxuyen_bacgiang_bacgiangcity_backan_backancity,110.68337
2025-01-23 07:00:00+00:00,angiang_longxuyen_bacgiang_bacgiangcity_backan_backancity,110.51426
2025-01-23 08:00:00+00:00,angiang_longxuyen_bacgiang_bacgiangcity_backan_backancity,110.436745
2025-01-23 09:00:00+00:00,angiang_longxuyen_bacgiang_bacgiangcity_backan_backancity,110.40872
2025-01-23 10:00:00+00:00,angiang_longxuyen_bacgiang_bacgiangcity_backan_backancity,110.519264
2025-01-23 11:00:00+00:00,angiang_longxuyen_bacgiang_bacgiangcity_backan_backancity,110.44795
2025-01-23 12:00:00+00:00,angiang_longxuyen_bacgiang_bacgiangcity_backan_backancity,110.189
2025-01-23 13:00:00+00:00,angiang_longxuyen_bacgiang_bacgiangcity_backan_backancity,109.97597
2025-01-23 14:00:00+00:00,angiang_longxuyen_bacgiang_bacgiangcity_backan_backancity,110.30805
2025-01-23 15:00:00+00:00,angiang_longxuyen_bacgiang_bacgiangcity_backan_backancity,111.0528
2025-01-23 16:00:00+00:00,angiang_longxuyen_bacgiang_bacgiangcity_backan_backancity,111.290375
2025-01-23 17:00:00+00:00,angiang_longxuyen_bacgiang_bacgiangcity_backan_backancity,111.33503
2025-01-23 18:00:00+00:00,angiang_longxuyen_bacgiang_bacgiangcity_backan_backancity,111.548454
2025-01-23 19:00:00+00:00,angiang_longxuyen_bacgiang_bacgiangcity_backan_backancity,111.54624
2025-01-23 20:00:00+00:00,angiang_longxuyen_bacgiang_bacgiangcity_backan_backancity,111.63361
2025-01-23 21:00:00+00:00,angiang_longxuyen_bacgiang_bacgiangcity_backan_backancity,111.527336
2025-01-23 22:00:00+00:00,angiang_longxuyen_bacgiang_bacgiangcity_backan_backancity,111.46215
2025-01-23 23:00:00+00:00,angiang_longxuyen_bacgiang_bacgiangcity_backan_backancity,111.4121
2025-01-24 00:00:00+00:00,angiang_longxuyen_bacgiang_bacgiangcity_backan_backancity,111.32204
2025-01-24 01:00:00+00:00,angiang_longxuyen_bacgiang_bacgiangcity_backan_backancity,111.33768
2025-01-24 02:00:00+00:00,angiang_longxuyen_bacgiang_bacgiangcity_backan_backancity,111.21905
2025-01-24 03:00:00+00:00,angiang_longxuyen_bacgiang_bacgiangcity_backan_backancity,111.205
2025-01-24 04:00:00+00:00,angiang_longxuyen_bacgiang_bacgiangcity_backan_backancity,111.11726
2025-01-24 05:00:00+00:00,angiang_longxuyen_bacgiang_bacgiangcity_backan_backancity,110.85651
2025-01-24 06:00:00+00:00,angiang_longxuyen_bacgiang_bacgiangcity_backan_backancity,110.55295
2025-01-24 07:00:00+00:00,angiang_longxuyen_bacgiang_bacgiangcity_backan_backancity,110.12578
2025-01-24 08:00:00+00:00,angiang_longxuyen_bacgiang_bacgiangcity_backan_backancity,110.00173
2025-01-24 09:00:00+00:00,angiang_longxuyen_bacgiang_bacgiangcity_backan_backancity,109.96637
2025-01-24 10:00:00+00:00,angiang_longxuyen_bacgiang_bacgiangcity_backan_backancity,109.948456
2025-01-24 11:00:00+00:00,angiang_longxuyen_bacgiang_bacgiangcity_backan_backancity,109.79631
2025-01-24 12:00:00+00:00,angiang_longxuyen_bacgiang_bacgiangcity_backan_backancity,109.30502
2025-01-24 13:00:00+00:00,angiang_longxuyen_bacgiang_bacgiangcity_backan_backancity,109.285
2025-01-24 14:00:00+00:00,angiang_longxuyen_bacgiang_bacgiangcity_backan_backancity,109.50106
2025-01-24 15:00:00+00:00,angiang_longxuyen_bacgiang_bacgiangcity_backan_backancity,109.99442
2025-01-24 16:00:00+00:00,angiang_longxuyen_bacgiang_bacgiangcity_backan_backancity,109.893456
2025-01-24 17:00:00+00:00,angiang_longxuyen_bacgiang_bacgiangcity_backan_backancity,109.89896
2025-01-24 18:00:00+00:00,angiang_longxuyen_bacgiang_bacgiangcity_backan_backancity,110.186844
2025-01-24 19:00:00+00:00,angiang_longxuyen_bacgiang_bacgiangcity_backan_backancity,110.14214
2025-01-24 20:00:00+00:00,angiang_longxuyen_bacgiang_bacgiangcity_backan_backancity,110.117256
2025-01-24 21:00:00+00:00,angiang_longxuyen_bacgiang_bacgiangcity_backan_backancity,109.82354
2025-01-24 22:00:00+00:00,angiang_longxuyen_bacgiang_bacgiangcity_backan_backancity,109.539955
2025-01-24 23:00:00+00:00,angiang_longxuyen_bacgiang_bacgiangcity_backan_backancity,109.3991
2025-01-25 00:00:00+00:00,angiang_longxuyen_bacgiang_bacgiangcity_backan_backancity,109.188095
2025-01-25 01:00:00+00:00,angiang_longxuyen_bacgiang_bacgiangcity_backan_backancity,109.04982
2025-01-25 02:00:00+00:00,angiang_longxuyen_bacgiang_bacgiangcity_backan_backancity,108.855965
2025-01-25 03:00:00+00:00,angiang_longxuyen_bacgiang_bacgiangcity_backan_backancity,108.76698
2025-01-25 04:00:00+00:00,angiang_longxuyen_bacgiang_bacgiangcity_backan_backancity,109.370735
2025-01-25 05:00:00+00:00,angiang_longxuyen_bacgiang_bacgiangcity_backan_backancity,109.22269
2025-01-25 06:00:00+00:00,angiang_longxuyen_bacgiang_bacgiangcity_backan_backancity,108.96774
2025-01-25 07:00:00+00:00,angiang_longxuyen_bacgiang_bacgiangcity_backan_backancity,108.73574
2025-01-25 08:00:00+00:00,angiang_longxuyen_bacgiang_bacgiangcity_backan_backancity,108.793175
2025-01-25 09:00:00+00:00,angiang_longxuyen_bacgiang_bacgiangcity_backan_backancity,108.65819
2025-01-25 10:00:00+00:00,angiang_longxuyen_bacgiang_bacgiangcity_backan_backancity,108.72637
2025-01-25 11:00:00+00:00,angiang_longxuyen_bacgiang_bacgiangcity_backan_backancity,108.61304
2025-01-25 12:00:00+00:00,angiang_longxuyen_bacgiang_bacgiangcity_backan_backancity,108.35235
2025-01-25 13:00:00+00:00,angiang_longxuyen_bacgiang_bacgiangcity_backan_backancity,107.78861
2025-01-25 14:00:00+00:00,angiang_longxuyen_bacgiang_bacgiangcity_backan_backancity,107.79945
2025-01-25 15:00:00+00:00,angiang_longxuyen_bacgiang_bacgiangcity_backan_backancity,108.13699
2025-01-25 16:00:00+00:00,angiang_longxuyen_bacgiang_bacgiangcity_backan_backancity,109.29613
2025-01-25 17:00:00+00:00,angiang_longxuyen_bacgiang_bacgiangcity_backan_backancity,109.54493
2025-01-25 18:00:00+00:00,angiang_longxuyen_bacgiang_bacgiangcity_backan_backancity,109.790474
2025-01-25 19:00:00+00:00,angiang_longxuyen_bacgiang_bacgiangcity_backan_backancity,109.76492
2025-01-25 20:00:00+00:00,angiang_longxuyen_bacgiang_bacgiangcity_backan_backancity,109.78189
2025-01-25 21:00:00+00:00,angiang_longxuyen_bacgiang_bacgiangcity_backan_backancity,109.53528
2025-01-25 22:00:00+00:00,angiang_longxuyen_bacgiang_bacgiangcity_backan_backancity,109.39005
2025-01-25 23:00:00+00:00,angiang_longxuyen_bacgiang_bacgiangcity_backan_backancity,109.48935
2025-01-26 00:00:00+00:00,angiang_longxuyen_bacgiang_bacgiangcity_backan_backancity,109.7053
2025-01-26 01:00:00+00:00,angiang_longxuyen_bacgiang_bacgiangcity_backan_backancity,109.951775
2025-01-26 02:00:00+00:00,angiang_longxuyen_bacgiang_bacgiangcity_backan_backancity,110.20485
2025-01-26 03:00:00+00:00,angiang_longxuyen_bacgiang_bacgiangcity_backan_backancity,110.38371
2025-01-26 04:00:00+00:00,angiang_longxuyen_bacgiang_bacgiangcity_backan_backancity,111.204575
2025-01-26 05:00:00+00:00,angiang_longxuyen_bacgiang_bacgiangcity_backan_backancity,111.077484
2025-01-26 06:00:00+00:00,angiang_longxuyen_bacgiang_bacgiangcity_backan_backancity,110.89821
2025-01-26 07:00:00+00:00,angiang_longxuyen_bacgiang_bacgiangcity_backan_backancity,110.581375
2025-01-26 08:00:00+00:00,angiang_longxuyen_bacgiang_bacgiangcity_backan_backancity,110.34519
2025-01-26 09:00:00+00:00,angiang_longxuyen_bacgiang_bacgiangcity_backan_backancity,110.362434
2025-01-26 10:00:00+00:00,angiang_longxuyen_bacgiang_bacgiangcity_backan_backancity,110.47604
2025-01-26 11:00:00+00:00,angiang_longxuyen_bacgiang_bacgiangcity_backan_backancity,110.009384
2025-01-26 12:00:00+00:00,angiang_longxuyen_bacgiang_bacgiangcity_backan_backancity,109.68827
2025-01-26 13:00:00+00:00,angiang_longxuyen_bacgiang_bacgiangcity_backan_backancity,109.45052
2025-01-26 14:00:00+00:00,angiang_longxuyen_bacgiang_bacgiangcity_backan_backancity,109.590225
2025-01-26 15:00:00+00:00,angiang_longxuyen_bacgiang_bacgiangcity_backan_backancity,109.92096
2025-01-26 16:00:00+00:00,angiang_longxuyen_bacgiang_bacgiangcity_backan_backancity,110.40938
2025-01-26 17:00:00+00:00,angiang_longxuyen_bacgiang_bacgiangcity_backan_backancity,110.32102
2025-01-26 18:00:00+00:00,angiang_longxuyen_bacgiang_bacgiangcity_backan_backancity,110.402725
2025-01-26 19:00:00+00:00,angiang_longxuyen_bacgiang_bacgiangcity_backan_backancity,110.29008
2025-01-26 20:00:00+00:00,angiang_longxuyen_bacgiang_bacgiangcity_backan_backancity,110.21963
2025-01-26 21:00:00+00:00,angiang_longxuyen_bacgiang_bacgiangcity_backan_backancity,110.09054
2025-01-26 22:00:00+00:00,angiang_longxuyen_bacgiang_bacgiangcity_backan_backancity,109.843994
2025-01-26 23:00:00+00:00,angiang_longxuyen_bacgiang_bacgiangcity_backan_backancity,109.726906
2025-01-27 00:00:00+00:00,angiang_longxuyen_bacgiang_bacgiangcity_backan_backancity,109.681526
2025-01-27 01:00:00+00:00,angiang_longxuyen_bacgiang_bacgiangcity_backan_backancity,109.62274
2025-01-27 02:00:00+00:00,angiang_longxuyen_bacgiang_bacgiangcity_backan_backancity,109.58167
2025-01-27 03:00:00+00:00,angiang_longxuyen_bacgiang_bacgiangcity_backan_backancity,109.49493
2025-01-27 04:00:00+00:00,angiang_longxuyen_bacgiang_bacgiangcity_backan_backancity,109.671974
2025-01-27 05:00:00+00:00,angiang_longxuyen_bacgiang_bacgiangcity_backan_backancity,109.427284
2025-01-27 06:00:00+00:00,angiang_longxuyen_bacgiang_bacgiangcity_backan_backancity,109.39506
2025-01-27 07:00:00+00:00,angiang_longxuyen_bacgiang_bacgiangcity_backan_backancity,109.2366
2025-01-27 08:00:00+00:00,angiang_longxuyen_bacgiang_bacgiangcity_backan_backancity,108.82252
2025-01-27 09:00:00+00:00,angiang_longxuyen_bacgiang_bacgiangcity_backan_backancity,108.94863
2025-01-27 10:00:00+00:00,angiang_longxuyen_bacgiang_bacgiangcity_backan_backancity,109.04379
2025-01-27 11:00:00+00:00,angiang_longxuyen_bacgiang_bacgiangcity_backan_backancity,108.89173
2025-01-27 12:00:00+00:00,angiang_longxuyen_bacgiang_bacgiangcity_backan_backancity,108.96908
2025-01-27 13:00:00+00:00,angiang_longxuyen_bacgiang_bacgiangcity_backan_backancity,109.172195
2025-01-27 14:00:00+00:00,angiang_longxuyen_bacgiang_bacgiangcity_backan_backancity,109.69099
2025-01-27 15:00:00+00:00,angiang_longxuyen_bacgiang_bacgiangcity_backan_backancity,109.91561
2025-01-27 16:00:00+00:00,angiang_longxuyen_bacgiang_bacgiangcity_backan_backancity,110.054504
2025-01-27 17:00:00+00:00,angiang_longxuyen_bacgiang_bacgiangcity_backan_backancity,110.22201
2025-01-27 18:00:00+00:00,angiang_longxuyen_bacgiang_bacgiangcity_backan_backancity,110.36066
2025-01-27 19:00:00+00:00,angiang_longxuyen_bacgiang_bacgiangcity_backan_backancity,110.36205
2025-01-27 20:00:00+00:00,angiang_longxuyen_bacgiang_bacgiangcity_backan_backancity,110.41229
2025-01-27 21:00:00+00:00,angiang_longxuyen_bacgiang_bacgiangcity_backan_backancity,110.47758
2025-01-27 22:00:00+00:00,angiang_longxuyen_bacgiang_bacgiangcity_backan_backancity,110.2521
2025-01-27 23:00:00+00:00,angiang_longxuyen_bacgiang_bacgiangcity_backan_backancity,110.34157
2025-01-28 00:00:00+00:00,angiang_longxuyen_bacgiang_bacgiangcity_backan_backancity,110.42919
2025-01-28 01:00:00+00:00,angiang_longxuyen_bacgiang_bacgiangcity_backan_backancity,110.6282
2025-01-28 02:00:00+00:00,angiang_longxuyen_bacgiang_bacgiangcity_backan_backancity,110.68161
2025-01-28 03:00:00+00:00,angiang_longxuyen_bacgiang_bacgiangcity_backan_backancity,110.57825
2025-01-28 04:00:00+00:00,angiang_longxuyen_bacgiang_bacgiangcity_backan_backancity,110.18736
2025-01-28 05:00:00+00:00,angiang_longxuyen_bacgiang_bacgiangcity_backan_backancity,110.181854
2025-01-28 06:00:00+00:00,angiang_longxuyen_bacgiang_bacgiangcity_backan_backancity,110.317314
2025-01-28 07:00:00+00:00,angiang_longxuyen_bacgiang_bacgiangcity_backan_backancity,110.33078
2025-01-28 08:00:00+00:00,angiang_longxuyen_bacgiang_bacgiangcity_backan_backancity,110.32119
2025-01-28 09:00:00+00:00,angiang_longxuyen_bacgiang_bacgiangcity_backan_backancity,109.838715
2025-01-28 10:00:00+00:00,angiang_longxuyen_bacgiang_bacgiangcity_backan_backancity,109.73216
2025-01-28 11:00:00+00:00,angiang_longxuyen_bacgiang_bacgiangcity_backan_backancity,109.66335
2025-01-28 12:00:00+00:00,angiang_longxuyen_bacgiang_bacgiangcity_backan_backancity,109.54614
2025-01-28 13:00:00+00:00,angiang_longxuyen_bacgiang_bacgiangcity_backan_backancity,109.60557
2025-01-28 14:00:00+00:00,angiang_longxuyen_bacgiang_bacgiangcity_backan_backancity,109.90015
2025-01-28 15:00:00+00:00,angiang_longxuyen_bacgiang_bacgiangcity_backan_backancity,110.2535
2025-01-28 16:00:00+00:00,angiang_longxuyen_bacgiang_bacgiangcity_backan_backancity,110.91692
2025-01-28 17:00:00+00:00,angiang_longxuyen_bacgiang_bacgiangcity_backan_backancity,110.75275
2025-01-28 18:00:00+00:00,angiang_longxuyen_bacgiang_bacgiangcity_backan_backancity,110.57602
2025-01-28 19:00:00+00:00,angiang_longxuyen_bacgiang_bacgiangcity_backan_backancity,110.37429
2025-01-28 20:00:00+00:00,angiang_longxuyen_bacgiang_bacgiangcity_backan_backancity,110.096245
2025-01-28 21:00:00+00:00,angiang_longxuyen_bacgiang_bacgiangcity_backan_backancity,109.80353
2025-01-28 22:00:00+00:00,angiang_longxuyen_bacgiang_bacgiangcity_backan_backancity,109.594185
2025-01-28 23:00:00+00:00,angiang_longxuyen_bacgiang_bacgiangcity_backan_backancity,109.38095
2025-01-29 00:00:00+00:00,angiang_longxuyen_bacgiang_bacgiangcity_backan_backancity,109.12498
2025-01-29 01:00:00+00:00,angiang_longxuyen_bacgiang_bacgiangcity_backan_backancity,108.968834
2025-01-29 02:00:00+00:00,angiang_longxuyen_bacgiang_bacgiangcity_backan_backancity,108.97293
2025-01-29 03:00:00+00:00,angiang_longxuyen_bacgiang_bacgiangcity_backan_backancity,109.067314
2025-01-29 04:00:00+00:00,angiang_longxuyen_bacgiang_bacgiangcity_backan_backancity,109.262794
2025-01-29 05:00:00+00:00,angiang_longxuyen_bacgiang_bacgiangcity_backan_backancity,109.13182
2025-01-29 06:00:00+00:00,angiang_longxuyen_bacgiang_bacgiangcity_backan_backancity,108.89383
2025-01-29 07:00:00+00:00,angiang_longxuyen_bacgiang_bacgiangcity_backan_backancity,108.82558
2025-01-29 08:00:00+00:00,angiang_longxuyen_bacgiang_bacgiangcity_backan_backancity,108.631744
2025-01-29 09:00:00+00:00,angiang_longxuyen_bacgiang_bacgiangcity_backan_backancity,108.48246
2025-01-29 10:00:00+00:00,angiang_longxuyen_bacgiang_bacgiangcity_backan_backancity,108.20257
2025-01-29 11:00:00+00:00,angiang_longxuyen_bacgiang_bacgiangcity_backan_backancity,108.08837
2025-01-29 12:00:00+00:00,angiang_longxuyen_bacgiang_bacgiangcity_backan_backancity,107.98533
2025-01-29 13:00:00+00:00,angiang_longxuyen_bacgiang_bacgiangcity_backan_backancity,107.93866
2025-01-29 14:00:00+00:00,angiang_longxuyen_bacgiang_bacgiangcity_backan_backancity,108.201126
2025-01-29 15:00:00+00:00,angiang_longxuyen_bacgiang_bacgiangcity_backan_backancity,108.464745
2025-01-29 16:00:00+00:00,angiang_longxuyen_bacgiang_bacgiangcity_backan_backancity,109.31696
2025-01-29 17:00:00+00:00,angiang_longxuyen_bacgiang_bacgiangcity_backan_backancity,109.24174
2025-01-29 18:00:00+00:00,angiang_longxuyen_bacgiang_bacgiangcity_backan_backancity,109.055084
2025-01-29 19:00:00+00:00,angiang_longxuyen_bacgiang_bacgiangcity_backan_backancity,108.99132
2025-01-29 20:00:00+00:00,angiang_longxuyen_bacgiang_bacgiangcity_backan_backancity,108.70656
2025-01-29 21:00:00+00:00,angiang_longxuyen_bacgiang_bacgiangcity_backan_backancity,108.37119
2025-01-29 22:00:00+00:00,angiang_longxuyen_bacgiang_bacgiangcity_backan_backancity,108.18875
2025-01-29 23:00:00+00:00,angiang_longxuyen_bacgiang_bacgiangcity_backan_backancity,108.01387
2025-01-30 00:00:00+00:00,angiang_longxuyen_bacgiang_bacgiangcity_backan_backancity,107.911316
2025-01-30 01:00:00+00:00,angiang_longxuyen_bacgiang_bacgiangcity_backan_backancity,107.99055
2025-01-30 02:00:00+00:00,angiang_longxuyen_bacgiang_bacgiangcity_backan_backancity,108.09917
2025-01-30 03:00:00+00:00,angiang_longxuyen_bacgiang_bacgiangcity_backan_backancity,108.384346
2025-01-30 04:00:00+00:00,angiang_longxuyen_bacgiang_bacgiangcity_backan_backancity,108.52745
2025-01-30 05:00:00+00:00,angiang_longxuyen_bacgiang_bacgiangcity_backan_backancity,108.45813
2025-01-30 06:00:00+00:00,angiang_longxuyen_bacgiang_bacgiangcity_backan_backancity,108.36382
2025-01-30 07:00:00+00:00,angiang_longxuyen_bacgiang_bacgiangcity_backan_backancity,108.12545
2025-01-30 08:00:00+00:00,angiang_longxuyen_bacgiang_bacgiangcity_backan_backancity,108.15036
2025-01-30 09:00:00+00:00,angiang_longxuyen_bacgiang_bacgiangcity_backan_backancity,108.370224
2025-01-30 10:00:00+00:00,angiang_longxuyen_bacgiang_bacgiangcity_backan_backancity,108.55867
2025-01-30 11:00:00+00:00,angiang_longxuyen_bacgiang_bacgiangcity_backan_backancity,108.380516
2025-01-30 12:00:00+00:00,angiang_longxuyen_bacgiang_bacgiangcity_backan_backancity,108.36987
2025-01-30 13:00:00+00:00,angiang_longxuyen_bacgiang_bacgiangcity_backan_backancity,108.21631
2025-01-30 14:00:00+00:00,angiang_longxuyen_bacgiang_bacgiangcity_backan_backancity,108.527725
2025-01-30 15:00:00+00:00,angiang_longxuyen_bacgiang_bacgiangcity_backan_backancity,109.03632
2025-01-30 16:00:00+00:00,angiang_longxuyen_bacgiang_bacgiangcity_backan_backancity,109.83612
2025-01-30 17:00:00+00:00,angiang_longxuyen_bacgiang_bacgiangcity_backan_backancity,109.81868
2025-01-30 18:00:00+00:00,angiang_longxuyen_bacgiang_bacgiangcity_backan_backancity,110.20123
2025-01-30 19:00:00+00:00,angiang_longxuyen_bacgiang_bacgiangcity_backan_backancity,110.49366
2025-01-30 20:00:00+00:00,angiang_longxuyen_bacgiang_bacgiangcity_backan_backancity,110.68553
2025-01-30 21:00:00+00:00,angiang_longxuyen_bacgiang_bacgiangcity_backan_backancity,110.63177
2025-01-30 22:00:00+00:00,angiang_longxuyen_bacgiang_bacgiangcity_backan_backancity,110.653046
2025-01-30 23:00:00+00:00,angiang_longxuyen_bacgiang_bacgiangcity_backan_backancity,110.587166
2025-01-31 00:00:00+00:00,angiang_longxuyen_bacgiang_bacgiangcity_backan_backancity,110.77746
2025-01-31 01:00:00+00:00,angiang_longxuyen_bacgiang_bacgiangcity_backan_backancity,111.02697
2025-01-31 02:00:00+00:00,angiang_longxuyen_bacgiang_bacgiangcity_backan_backancity,111.130104
2025-01-31 03:00:00+00:00,angiang_longxuyen_bacgiang_bacgiangcity_backan_backancity,111.15634
2025-01-31 04:00:00+00:00,angiang_longxuyen_bacgiang_bacgiangcity_backan_backancity,110.40278
2025-01-31 05:00:00+00:00,angiang_longxuyen_bacgiang_bacgiangcity_backan_backancity,110.620705
2025-01-31 06:00:00+00:00,angiang_longxuyen_bacgiang_bacgiangcity_backan_backancity,110.8964
2025-01-31 07:00:00+00:00,angiang_longxuyen_bacgiang_bacgiangcity_backan_backancity,110.92485
2025-01-31 08:00:00+00:00,angiang_longxuyen_bacgiang_bacgiangcity_backan_backancity,110.98272
2025-01-31 09:00:00+00:00,angiang_longxuyen_bacgiang_bacgiangcity_backan_backancity,110.82837
2025-01-31 10:00:00+00:00,angiang_longxuyen_bacgiang_bacgiangcity_backan_backancity,111.03132
2025-01-31 11:00:00+00:00,angiang_longxuyen_bacgiang_bacgiangcity_backan_backancity,111.16367
2025-01-31 12:00:00+00:00,angiang_longxuyen_bacgiang_bacgiangcity_backan_backancity,110.807434
2025-01-31 13:00:00+00:00,angiang_longxuyen_bacgiang_bacgiangcity_backan_backancity,111.06029
2025-01-31 14:00:00+00:00,angiang_longxuyen_bacgiang_bacgiangcity_backan_backancity,111.60828
2025-01-31 15:00:00+00:00,angiang_longxuyen_bacgiang_bacgiangcity_backan_backancity,112.06251
2025-01-31 16:00:00+00:00,angiang_longxuyen_bacgiang_bacgiangcity_backan_backancity,111.8571
2025-01-31 17:00:00+00:00,angiang_longxuyen_bacgiang_bacgiangcity_backan_backancity,112.10641
2025-01-31 18:00:00+00:00,angiang_longxuyen_bacgiang_bacgiangcity_backan_backancity,112.14764
2025-01-31 19:00:00+00:00,angiang_longxuyen_bacgiang_bacgiangcity_backan_backancity,112.24148
2025-01-31 20:00:00+00:00,angiang_longxuyen_bacgiang_bacgiangcity_backan_backancity,112.2139
2025-01-31 21:00:00+00:00,angiang_longxuyen_bacgiang_bacgiangcity_backan_backancity,112.01804
2025-01-31 22:00:00+00:00,angiang_longxuyen_bacgiang_bacgiangcity_backan_backancity,112.037575
2025-01-31 23:00:00+00:00,angiang_longxuyen_bacgiang_bacgiangcity_backan_backancity,111.952286
2025-02-01 00:00:00+00:00,angiang_longxuyen_bacgiang_bacgiangcity_backan_backancity,111.93027
2025-02-01 01:00:00+00:00,angiang_longxuyen_bacgiang_bacgiangcity_backan_backancity,111.95315
2025-02-01 02:00:00+00:00,angiang_longxuyen_bacgiang_bacgiangcity_backan_backancity,112.0466
2025-02-01 03:00:00+00:00,angiang_longxuyen_bacgiang_bacgiangcity_backan_backancity,112.28121
2025-02-01 04:00:00+00:00,angiang_longxuyen_bacgiang_bacgiangcity_backan_backancity,112.65987
2025-02-01 05:00:00+00:00,angiang_longxuyen_bacgiang_bacgiangcity_backan_backancity,112.95264
2025-02-01 06:00:00+00:00,angiang_longxuyen_bacgiang_bacgiangcity_backan_backancity,112.62982
2025-02-01 07:00:00+00:00,angiang_longxuyen_bacgiang_bacgiangcity_backan_backancity,112.54902
2025-02-01 08:00:00+00:00,angiang_longxuyen_bacgiang_bacgiangcity_backan_backancity,112.491356
2025-02-01 09:00:00+00:00,angiang_longxuyen_bacgiang_bacgiangcity_backan_backancity,112.36388
2025-02-01 10:00:00+00:00,angiang_longxuyen_bacgiang_bacgiangcity_backan_backancity,112.46413
2025-02-01 11:00:00+00:00,angiang_longxuyen_bacgiang_bacgiangcity_backan_backancity,112.57488
2025-02-01 12:00:00+00:00,angiang_longxuyen_bacgiang_bacgiangcity_backan_backancity,112.57894
2025-02-01 13:00:00+00:00,angiang_longxuyen_bacgiang_bacgiangcity_backan_backancity,112.33356
2025-02-01 14:00:00+00:00,angiang_longxuyen_bacgiang_bacgiangcity_backan_backancity,112.78329
2025-02-01 15:00:00+00:00,angiang_longxuyen_bacgiang_bacgiangcity_backan_backancity,113.13739
2025-02-01 16:00:00+00:00,angiang_longxuyen_bacgiang_bacgiangcity_backan_backancity,113.12434
2025-02-01 17:00:00+00:00,angiang_longxuyen_bacgiang_bacgiangcity_backan_backancity,113.02392
2025-02-01 18:00:00+00:00,angiang_longxuyen_bacgiang_bacgiangcity_backan_backancity,113.13837
2025-02-01 19:00:00+00:00,angiang_longxuyen_bacgiang_bacgiangcity_backan_backancity,113.18746
2025-02-01 20:00:00+00:00,angiang_longxuyen_bacgiang_bacgiangcity_backan_backancity,113.10621
2025-02-01 21:00:00+00:00,angiang_longxuyen_bacgiang_bacgiangcity_backan_backancity,112.84067
2025-02-01 22:00:00+00:00,angiang_longxuyen_bacgiang_bacgiangcity_backan_backancity,112.54557
2025-02-01 23:00:00+00:00,angiang_longxuyen_bacgiang_bacgiangcity_backan_backancity,112.211685
2025-02-02 00:00:00+00:00,angiang_longxuyen_bacgiang_bacgiangcity_backan_backancity,111.89579
2025-02-02 01:00:00+00:00,angiang_longxuyen_bacgiang_bacgiangcity_backan_backancity,111.73999
2025-02-02 02:00:00+00:00,angiang_longxuyen_bacgiang_bacgiangcity_backan_backancity,111.80153
2025-02-02 03:00:00+00:00,angiang_longxuyen_bacgiang_bacgiangcity_backan_backancity,111.752716
2025-02-02 04:00:00+00:00,angiang_longxuyen_bacgiang_bacgiangcity_backan_backancity,111.325356
2025-02-02 05:00:00+00:00,angiang_longxuyen_bacgiang_bacgiangcity_backan_backancity,111.20249
2025-02-02 06:00:00+00:00,angiang_longxuyen_bacgiang_bacgiangcity_backan_backancity,110.88827
2025-02-02 07:00:00+00:00,angiang_longxuyen_bacgiang_bacgiangcity_backan_backancity,110.694534
2025-02-02 08:00:00+00:00,angiang_longxuyen_bacgiang_bacgiangcity_backan_backancity,110.721054
2025-02-02 09:00:00+00:00,angiang_longxuyen_bacgiang_bacgiangcity_backan_backancity,110.753426
2025-02-02 10:00:00+00:00,angiang_longxuyen_bacgiang_bacgiangcity_backan_backancity,110.81999
2025-02-02 11:00:00+00:00,angiang_longxuyen_bacgiang_bacgiangcity_backan_backancity,111.03174
2025-02-02 12:00:00+00:00,angiang_longxuyen_bacgiang_bacgiangcity_backan_backancity,110.95013
2025-02-02 13:00:00+00:00,angiang_longxuyen_bacgiang_bacgiangcity_backan_backancity,111.193695
2025-02-02 14:00:00+00:00,angiang_longxuyen_bacgiang_bacgiangcity_backan_backancity,111.85233
2025-02-02 15:00:00+00:00,angiang_longxuyen_bacgiang_bacgiangcity_backan_backancity,112.46845
2025-02-02 16:00:00+00:00,angiang_longxuyen_bacgiang_bacgiangcity_backan_backancity,112.965
2025-02-02 17:00:00+00:00,angiang_longxuyen_bacgiang_bacgiangcity_backan_backancity,113.34381
2025-02-02 18:00:00+00:00,angiang_longxuyen_bacgiang_bacgiangcity_backan_backancity,113.31391
2025-02-02 19:00:00+00:00,angiang_longxuyen_bacgiang_bacgiangcity_backan_backancity,113.0349
2025-02-02 20:00:00+00:00,angiang_longxuyen_bacgiang_bacgiangcity_backan_backancity,112.39245
2025-02-02 21:00:00+00:00,angiang_longxuyen_bacgiang_bacgiangcity_backan_backancity,112.07025
2025-02-02 22:00:00+00:00,angiang_longxuyen_bacgiang_bacgiangcity_backan_backancity,111.82846
2025-02-02 23:00:00+00:00,angiang_longxuyen_bacgiang_bacgiangcity_backan_backancity,111.66103
2025-02-03 00:00:00+00:00,angiang_longxuyen_bacgiang_bacgiangcity_backan_backancity,111.56279
2025-02-03 01:00:00+00:00,angiang_longxuyen_bacgiang_bacgiangcity_backan_backancity,111.45725
2025-02-03 02:00:00+00:00,angiang_longxuyen_bacgiang_bacgiangcity_backan_backancity,111.51099
2025-02-03 03:00:00+00:00,angiang_longxuyen_bacgiang_bacgiangcity_backan_backancity,111.643974
2025-02-03 04:00:00+00:00,angiang_longxuyen_bacgiang_bacgiangcity_backan_backancity,111.5804
2025-02-03 05:00:00+00:00,angiang_longxuyen_bacgiang_bacgiangcity_backan_backancity,111.56166
2025-02-03 06:00:00+00:00,angiang_longxuyen_bacgiang_bacgiangcity_backan_backancity,111.66586
2025-02-03 07:00:00+00:00,angiang_longxuyen_bacgiang_bacgiangcity_backan_backancity,111.53832
2025-02-03 08:00:00+00:00,angiang_longxuyen_bacgiang_bacgiangcity_backan_backancity,111.62927
2025-02-03 09:00:00+00:00,angiang_longxuyen_bacgiang_bacgiangcity_backan_backancity,111.788414
2025-02-03 10:00:00+00:00,angiang_longxuyen_bacgiang_bacgiangcity_backan_backancity,111.95596
2025-02-03 11:00:00+00:00,angiang_longxuyen_bacgiang_bacgiangcity_backan_backancity,111.720055
2025-02-03 12:00:00+00:00,angiang_longxuyen_bacgiang_bacgiangcity_backan_backancity,111.55088
2025-02-03 13:00:00+00:00,angiang_longxuyen_bacgiang_bacgiangcity_backan_backancity,111.602356
2025-02-03 14:00:00+00:00,angiang_longxuyen_bacgiang_bacgiangcity_backan_backancity,111.89057
2025-02-03 15:00:00+00:00,angiang_longxuyen_bacgiang_bacgiangcity_backan_backancity,112.26786
2025-02-03 16:00:00+00:00,angiang_longxuyen_bacgiang_bacgiangcity_backan_backancity,112.79488
2025-02-03 17:00:00+00:00,angiang_longxuyen_bacgiang_bacgiangcity_backan_backancity,112.98705
2025-02-03 18:00:00+00:00,angiang_longxuyen_bacgiang_bacgiangcity_backan_backancity,113.03332
2025-02-03 19:00:00+00:00,angiang_longxuyen_bacgiang_bacgiangcity_backan_backancity,113.14948
2025-02-03 20:00:00+00:00,angiang_longxuyen_bacgiang_bacgiangcity_backan_backancity,113.09793
2025-02-03 21:00:00+00:00,angiang_longxuyen_bacgiang_bacgiangcity_backan_backancity,113.07122
2025-02-03 22:00:00+00:00,angiang_longxuyen_bacgiang_bacgiangcity_backan_backancity,113.04109
2025-02-03 23:00:00+00:00,angiang_longxuyen_bacgiang_bacgiangcity_backan_backancity,113.17405
2025-02-04 00:00:00+00:00,angiang_longxuyen_bacgiang_bacgiangcity_backan_backancity,113.24389
2025-02-04 01:00:00+00:00,angiang_longxuyen_bacgiang_bacgiangcity_backan_backancity,113.300476
2025-02-04 02:00:00+00:00,angiang_longxuyen_bacgiang_bacgiangcity_backan_backancity,113.20763
2025-02-04 03:00:00+00:00,angiang_longxuyen_bacgiang_bacgiangcity_backan_backancity,113.2098
2025-02-04 04:00:00+00:00,angiang_longxuyen_bacgiang_bacgiangcity_backan_backancity,113.60166
2025-02-04 05:00:00+00:00,angiang_longxuyen_bacgiang_bacgiangcity_backan_backancity,113.97842
2025-02-04 06:00:00+00:00,angiang_longxuyen_bacgiang_bacgiangcity_backan_backancity,114.06875
2025-02-04 07:00:00+00:00,angiang_longxuyen_bacgiang_bacgiangcity_backan_backancity,113.59624
2025-02-04 08:00:00+00:00,angiang_longxuyen_bacgiang_bacgiangcity_backan_backancity,113.523415
2025-02-04 09:00:00+00:00,angiang_longxuyen_bacgiang_bacgiangcity_backan_backancity,113.53162
2025-02-04 10:00:00+00:00,angiang_longxuyen_bacgiang_bacgiangcity_backan_backancity,113.40682
2025-02-04 11:00:00+00:00,angiang_longxuyen_bacgiang_bacgiangcity_backan_backancity,113.00286
2025-02-04 12:00:00+00:00,angiang_longxuyen_bacgiang_bacgiangcity_backan_backancity,112.75317
2025-02-04 13:00:00+00:00,angiang_longxuyen_bacgiang_bacgiangcity_backan_backancity,112.94753
2025-02-04 14:00:00+00:00,angiang_longxuyen_bacgiang_bacgiangcity_backan_backancity,113.5819
2025-02-04 15:00:00+00:00,angiang_longxuyen_bacgiang_bacgiangcity_backan_backancity,114.23767
2025-02-04 16:00:00+00:00,angiang_longxuyen_bacgiang_bacgiangcity_backan_backancity,114.193634
2025-02-04 17:00:00+00:00,angiang_longxuyen_bacgiang_bacgiangcity_backan_backancity,114.4164
2025-02-04 18:00:00+00:00,angiang_longxuyen_bacgiang_bacgiangcity_backan_backancity,114.294914
2025-02-04 19:00:00+00:00,angiang_longxuyen_bacgiang_bacgiangcity_backan_backancity,113.96814
2025-02-04 20:00:00+00:00,angiang_longxuyen_bacgiang_bacgiangcity_backan_backancity,113.700134
2025-02-04 21:00:00+00:00,angiang_longxuyen_bacgiang_bacgiangcity_backan_backancity,113.84011
2025-02-04 22:00:00+00:00,angiang_longxuyen_bacgiang_bacgiangcity_backan_backancity,113.89255
2025-02-04 23:00:00+00:00,angiang_longxuyen_bacgiang_bacgiangcity_backan_backancity,113.820984
2025-02-05 00:00:00+00:00,angiang_longxuyen_bacgiang_bacgiangcity_backan_backancity,113.630104
2025-02-05 01:00:00+00:00,angiang_longxuyen_bacgiang_bacgiangcity_backan_backancity,113.62105
2025-02-05 02:00:00+00:00,angiang_longxuyen_bacgiang_bacgiangcity_backan_backancity,113.76222
2025-02-05 03:00:00+00:00,angiang_longxuyen_bacgiang_bacgiangcity_backan_backancity,113.58743
2025-02-05 04:00:00+00:00,angiang_longxuyen_bacgiang_bacgiangcity_backan_backancity,113.2623
2025-02-05 05:00:00+00:00,angiang_longxuyen_bacgiang_bacgiangcity_backan_backancity,112.9442
2025-02-05 06:00:00+00:00,angiang_longxuyen_bacgiang_bacgiangcity_backan_backancity,112.697105
2025-02-05 07:00:00+00:00,angiang_longxuyen_bacgiang_bacgiangcity_backan_backancity,112.36111
2025-02-05 08:00:00+00:00,angiang_longxuyen_bacgiang_bacgiangcity_backan_backancity,112.11066
2025-02-05 09:00:00+00:00,angiang_longxuyen_bacgiang_bacgiangcity_backan_backancity,111.84196
2025-02-05 10:00:00+00:00,angiang_longxuyen_bacgiang_bacgiangcity_backan_backancity,111.66338
2025-02-05 11:00:00+00:00,angiang_longxuyen_bacgiang_bacgiangcity_backan_backancity,111.51977
2025-02-05 12:00:00+00:00,angiang_longxuyen_bacgiang_bacgiangcity_backan_backancity,111.24584
2025-02-05 13:00:00+00:00,angiang_longxuyen_bacgiang_bacgiangcity_backan_backancity,110.98611
2025-02-05 14:00:00+00:00,angiang_longxuyen_bacgiang_bacgiangcity_backan_backancity,110.9798
2025-02-05 15:00:00+00:00,angiang_longxuyen_bacgiang_bacgiangcity_backan_backancity,111.071175
2025-02-05 16:00:00+00:00,angiang_longxuyen_bacgiang_bacgiangcity_backan_backancity,110.99322
2025-02-05 17:00:00+00:00,angiang_longxuyen_bacgiang_bacgiangcity_backan_backancity,110.61931
2025-02-05 18:00:00+00:00,angiang_longxuyen_bacgiang_bacgiangcity_backan_backancity,110.37508
2025-02-05 19:00:00+00:00,angiang_longxuyen_bacgiang_bacgiangcity_backan_backancity,110.1787
2025-02-05 20:00:00+00:00,angiang_longxuyen_bacgiang_bacgiangcity_backan_backancity,110.34336
2025-02-05 21:00:00+00:00,angiang_longxuyen_bacgiang_bacgiangcity_backan_backancity,110.2059
2025-02-05 22:00:00+00:00,angiang_longxuyen_bacgiang_bacgiangcity_backan_backancity,110.0177
2025-02-05 23:00:00+00:00,angiang_longxuyen_bacgiang_bacgiangcity_backan_backancity,109.91762
2025-02-06 00:00:00+00:00,angiang_longxuyen_bacgiang_bacgiangcity_backan_backancity,109.615944
2025-02-06 01:00:00+00:00,angiang_longxuyen_bacgiang_bacgiangcity_backan_backancity,109.23814
2025-02-06 02:00:00+00:00,angiang_longxuyen_bacgiang_bacgiangcity_backan_backancity,109.09883
2025-02-06 03:00:00+00:00,angiang_longxuyen_bacgiang_bacgiangcity_backan_backancity,109.046455
2025-02-06 04:00:00+00:00,angiang_longxuyen_bacgiang_bacgiangcity_backan_backancity,109.24516
2025-02-06 05:00:00+00:00,angiang_longxuyen_bacgiang_bacgiangcity_backan_backancity,109.137024
2025-02-06 06:00:00+00:00,angiang_longxuyen_bacgiang_bacgiangcity_backan_backancity,109.04241
2025-02-06 07:00:00+00:00,angiang_longxuyen_bacgiang_bacgiangcity_backan_backancity,108.75518
2025-02-06 08:00:00+00:00,angiang_longxuyen_bacgiang_bacgiangcity_backan_backancity,108.53058
2025-02-06 09:00:00+00:00,angiang_longxuyen_bacgiang_bacgiangcity_backan_backancity,108.25075
2025-02-06 10:00:00+00:00,angiang_longxuyen_bacgiang_bacgiangcity_backan_backancity,108.505844
2025-02-06 11:00:00+00:00,angiang_longxuyen_bacgiang_bacgiangcity_backan_backancity,108.776955
2025-02-06 12:00:00+00:00,angiang_longxuyen_bacgiang_bacgiangcity_backan_backancity,108.83135
2025-02-06 13:00:00+00:00,angiang_longxuyen_bacgiang_bacgiangcity_backan_backancity,109.322395
2025-02-06 14:00:00+00:00,angiang_longxuyen_bacgiang_bacgiangcity_backan_backancity,110.71896
2025-02-06 15:00:00+00:00,angiang_longxuyen_bacgiang_bacgiangcity_backan_backancity,112.46636
2025-02-06 16:00:00+00:00,angiang_longxuyen_bacgiang_bacgiangcity_backan_backancity,112.98295
2025-02-06 17:00:00+00:00,angiang_longxuyen_bacgiang_bacgiangcity_backan_backancity,113.34868
2025-02-06 18:00:00+00:00,angiang_longxuyen_bacgiang_bacgiangcity_backan_backancity,112.871544
2025-02-06 19:00:00+00:00,angiang_longxuyen_bacgiang_bacgiangcity_backan_backancity,111.99727
2025-02-06 20:00:00+00:00,angiang_longxuyen_bacgiang_bacgiangcity_backan_backancity,111.875374
2025-02-06 21:00:00+00:00,angiang_longxuyen_bacgiang_bacgiangcity_backan_backancity,112.25866
2025-02-06 22:00:00+00:00,angiang_longxuyen_bacgiang_bacgiangcity_backan_backancity,112.81128
2025-02-06 23:00:00+00:00,angiang_longxuyen_bacgiang_bacgiangcity_backan_backancity,112.79314
2025-02-07 00:00:00+00:00,angiang_longxuyen_bacgiang_bacgiangcity_backan_backancity,112.310135
2025-02-07 01:00:00+00:00,angiang_longxuyen_bacgiang_bacgiangcity_backan_backancity,111.814926
2025-02-07 02:00:00+00:00,angiang_longxuyen_bacgiang_bacgiangcity_backan_backancity,111.69551
2025-02-07 03:00:00+00:00,angiang_longxuyen_bacgiang_bacgiangcity_backan_backancity,111.78719
2025-02-07 04:00:00+00:00,angiang_longxuyen_bacgiang_bacgiangcity_backan_backancity,112.07328
2025-02-07 05:00:00+00:00,angiang_longxuyen_bacgiang_bacgiangcity_backan_backancity,112.25375
2025-02-07 06:00:00+00:00,angiang_longxuyen_bacgiang_bacgiangcity_backan_backancity,112.05829
2025-02-07 07:00:00+00:00,angiang_longxuyen_bacgiang_bacgiangcity_backan_backancity,111.93371
2025-02-07 08:00:00+00:00,angiang_longxuyen_bacgiang_bacgiangcity_backan_backancity,111.41713
2025-02-07 09:00:00+00:00,angiang_longxuyen_bacgiang_bacgiangcity_backan_backancity,111.24857
2025-02-07 10:00:00+00:00,angiang_longxuyen_bacgiang_bacgiangcity_backan_backancity,111.04239
2025-02-07 11:00:00+00:00,angiang_longxuyen_bacgiang_bacgiangcity_backan_backancity,110.76165
2025-02-07 12:00:00+00:00,angiang_longxuyen_bacgiang_bacgiangcity_backan_backancity,110.70386
2025-02-07 13:00:00+00:00,angiang_longxuyen_bacgiang_bacgiangcity_backan_backancity,110.71142
2025-02-07 14:00:00+00:00,angiang_longxuyen_bacgiang_bacgiangcity_backan_backancity,110.53924
2025-02-07 15:00:00+00:00,angiang_longxuyen_bacgiang_bacgiangcity_backan_backancity,110.81548
2025-02-07 16:00:00+00:00,angiang_longxuyen_bacgiang_bacgiangcity_backan_backancity,111.349045
2025-02-07 17:00:00+00:00,angiang_longxuyen_bacgiang_bacgiangcity_backan_backancity,111.06935
2025-02-07 18:00:00+00:00,angiang_longxuyen_bacgiang_bacgiangcity_backan_backancity,110.72177
2025-02-07 19:00:00+00:00,angiang_longxuyen_bacgiang_bacgiangcity_backan_backancity,110.4459
2025-02-07 20:00:00+00:00,angiang_longxuyen_bacgiang_bacgiangcity_backan_backancity,110.14624
2025-02-07 21:00:00+00:00,angiang_longxuyen_bacgiang_bacgiangcity_backan_backancity,109.79371
2025-02-07 22:00:00+00:00,angiang_longxuyen_bacgiang_bacgiangcity_backan_backancity,109.38067
2025-02-07 23:00:00+00:00,angiang_longxuyen_bacgiang_bacgiangcity_backan_backancity,108.94653
2025-02-08 00:00:00+00:00,angiang_longxuyen_bacgiang_bacgiangcity_backan_backancity,108.56569
2025-02-08 01:00:00+00:00,angiang_longxuyen_bacgiang_bacgiangcity_backan_backancity,108.16061
2025-02-08 02:00:00+00:00,angiang_longxuyen_bacgiang_bacgiangcity_backan_backancity,107.91524
2025-02-08 03:00:00+00:00,angiang_longxuyen_bacgiang_bacgiangcity_backan_backancity,107.72656
2025-02-08 04:00:00+00:00,angiang_longxuyen_bacgiang_bacgiangcity_backan_backancity,107.65476
2025-02-08 05:00:00+00:00,angiang_longxuyen_bacgiang_bacgiangcity_backan_backancity,107.55549
2025-02-08 06:00:00+00:00,angiang_longxuyen_bacgiang_bacgiangcity_backan_backancity,107.58346
2025-02-08 07:00:00+00:00,angiang_longxuyen_bacgiang_bacgiangcity_backan_backancity,107.61659
2025-02-08 08:00:00+00:00,angiang_longxuyen_bacgiang_bacgiangcity_backan_backancity,107.61682
2025-02-08 09:00:00+00:00,angiang_longxuyen_bacgiang_bacgiangcity_backan_backancity,107.650345
2025-02-08 10:00:00+00:00,angiang_longxuyen_bacgiang_bacgiangcity_backan_backancity,107.79875
2025-02-08 11:00:00+00:00,angiang_longxuyen_bacgiang_bacgiangcity_backan_backancity,107.95516
2025-02-08 12:00:00+00:00,angiang_longxuyen_bacgiang_bacgiangcity_backan_backancity,107.934654
2025-02-08 13:00:00+00:00,angiang_longxuyen_bacgiang_bacgiangcity_backan_backancity,107.81279
2025-02-08 14:00:00+00:00,angiang_longxuyen_bacgiang_bacgiangcity_backan_backancity,107.727974
2025-02-08 15:00:00+00:00,angiang_longxuyen_bacgiang_bacgiangcity_backan_backancity,107.85503
2025-02-08 16:00:00+00:00,angiang_longxuyen_bacgiang_bacgiangcity_backan_backancity,108.574875
2025-02-08 17:00:00+00:00,angiang_longxuyen_bacgiang_bacgiangcity_backan_backancity,108.787384
2025-02-08 18:00:00+00:00,angiang_longxuyen_bacgiang_bacgiangcity_backan_backancity,108.970795
2025-02-08 19:00:00+00:00,angiang_longxuyen_bacgiang_bacgiangcity_backan_backancity,109.055954
2025-02-08 20:00:00+00:00,angiang_longxuyen_bacgiang_bacgiangcity_backan_backancity,109.21193
2025-02-08 21:00:00+00:00,angiang_longxuyen_bacgiang_bacgiangcity_backan_backancity,109.039444
2025-02-08 22:00:00+00:00,angiang_longxuyen_bacgiang_bacgiangcity_backan_backancity,108.858055
2025-02-08 23:00:00+00:00,angiang_longxuyen_bacgiang_bacgiangcity_backan_backancity,108.57854
2025-02-09 00:00:00+00:00,angiang_longxuyen_bacgiang_bacgiangcity_backan_backancity,108.20057
2025-02-09 01:00:00+00:00,angiang_longxuyen_bacgiang_bacgiangcity_backan_backancity,107.959755
2025-02-09 02:00:00+00:00,angiang_longxuyen_bacgiang_bacgiangcity_backan_backancity,107.847565
2025-02-09 03:00:00+00:00,angiang_longxuyen_bacgiang_bacgiangcity_backan_backancity,107.827255
2025-02-09 04:00:00+00:00,angiang_longxuyen_bacgiang_bacgiangcity_backan_backancity,108.10461
2025-02-09 05:00:00+00:00,angiang_longxuyen_bacgiang_bacgiangcity_backan_backancity,108.3127
2025-02-09 06:00:00+00:00,angiang_longxuyen_bacgiang_bacgiangcity_backan_backancity,108.708786
2025-02-09 07:00:00+00:00,angiang_longxuyen_bacgiang_bacgiangcity_backan_backancity,108.90073
2025-02-09 08:00:00+00:00,angiang_longxuyen_bacgiang_bacgiangcity_backan_backancity,108.84565
2025-02-09 09:00:00+00:00,angiang_longxuyen_bacgiang_bacgiangcity_backan_backancity,108.8112
2025-02-09 10:00:00+00:00,angiang_longxuyen_bacgiang_bacgiangcity_backan_backancity,108.95479
2025-02-09 11:00:00+00:00,angiang_longxuyen_bacgiang_bacgiangcity_backan_backancity,109.11721
2025-02-09 12:00:00+00:00,angiang_longxuyen_bacgiang_bacgiangcity_backan_backancity,109.10799
2025-02-09 13:00:00+00:00,angiang_longxuyen_bacgiang_bacgiangcity_backan_backancity,109.0031
2025-02-09 14:00:00+00:00,angiang_longxuyen_bacgiang_bacgiangcity_backan_backancity,108.98808
2025-02-09 15:00:00+00:00,angiang_longxuyen_bacgiang_bacgiangcity_backan_backancity,108.91549
2025-02-09 16:00:00+00:00,angiang_longxuyen_bacgiang_bacgiangcity_backan_backancity,109.76906
2025-02-09 17:00:00+00:00,angiang_longxuyen_bacgiang_bacgiangcity_backan_backancity,109.734276
2025-02-09 18:00:00+00:00,angiang_longxuyen_bacgiang_bacgiangcity_backan_backancity,109.70293
2025-02-09 19:00:00+00:00,angiang_longxuyen_bacgiang_bacgiangcity_backan_backancity,109.663635
2025-02-09 20:00:00+00:00,angiang_longxuyen_bacgiang_bacgiangcity_backan_backancity,109.622246
2025-02-09 21:00:00+00:00,angiang_longxuyen_bacgiang_bacgiangcity_backan_backancity,109.64063
2025-02-09 22:00:00+00:00,angiang_longxuyen_bacgiang_bacgiangcity_backan_backancity,109.54418
2025-02-09 23:00:00+00:00,angiang_longxuyen_bacgiang_bacgiangcity_backan_backancity,109.30951
2025-02-10 00:00:00+00:00,angiang_longxuyen_bacgiang_bacgiangcity_backan_backancity,108.973816
2025-02-10 01:00:00+00:00,angiang_longxuyen_bacgiang_bacgiangcity_backan_backancity,108.55485
2025-02-10 02:00:00+00:00,angiang_longxuyen_bacgiang_bacgiangcity_backan_backancity,108.21868
2025-02-10 03:00:00+00:00,angiang_longxuyen_bacgiang_bacgiangcity_backan_backancity,107.952255
2025-02-10 04:00:00+00:00,angiang_longxuyen_bacgiang_bacgiangcity_backan_backancity,107.619225
2025-02-10 05:00:00+00:00,angiang_longxuyen_bacgiang_bacgiangcity_backan_backancity,107.60428
2025-02-10 06:00:00+00:00,angiang_longxuyen_bacgiang_bacgiangcity_backan_backancity,107.68672
2025-02-10 07:00:00+00:00,angiang_longxuyen_bacgiang_bacgiangcity_backan_backancity,107.54569
2025-02-10 08:00:00+00:00,angiang_longxuyen_bacgiang_bacgiangcity_backan_backancity,107.47353
2025-02-10 09:00:00+00:00,angiang_longxuyen_bacgiang_bacgiangcity_backan_backancity,107.298134
2025-02-10 10:00:00+00:00,angiang_longxuyen_bacgiang_bacgiangcity_backan_backancity,107.36712
2025-02-10 11:00:00+00:00,angiang_longxuyen_bacgiang_bacgiangcity_backan_backancity,107.26348
2025-02-10 12:00:00+00:00,angiang_longxuyen_bacgiang_bacgiangcity_backan_backancity,107.104996
2025-02-10 13:00:00+00:00,angiang_longxuyen_bacgiang_bacgiangcity_backan_backancity,106.924774
2025-02-10 14:00:00+00:00,angiang_longxuyen_bacgiang_bacgiangcity_backan_backancity,107.0683
2025-02-10 15:00:00+00:00,angiang_longxuyen_bacgiang_bacgiangcity_backan_backancity,107.114
2025-02-10 16:00:00+00:00,angiang_longxuyen_bacgiang_bacgiangcity_backan_backancity,107.00065
2025-02-10 17:00:00+00:00,angiang_longxuyen_bacgiang_bacgiangcity_backan_backancity,106.78028
2025-02-10 18:00:00+00:00,angiang_longxuyen_bacgiang_bacgiangcity_backan_backancity,106.750656
2025-02-10 19:00:00+00:00,angiang_longxuyen_bacgiang_bacgiangcity_backan_backancity,106.52031
2025-02-10 20:00:00+00:00,angiang_longxuyen_bacgiang_bacgiangcity_backan_backancity,106.27435
2025-02-10 21:00:00+00:00,angiang_longxuyen_bacgiang_bacgiangcity_backan_backancity,106.043594
2025-02-10 22:00:00+00:00,angiang_longxuyen_bacgiang_bacgiangcity_backan_backancity,105.84978
2025-02-10 23:00:00+00:00,angiang_longxuyen_bacgiang_bacgiangcity_backan_backancity,105.654785
2025-02-11 00:00:00+00:00,angiang_longxuyen_bacgiang_bacgiangcity_backan_backancity,105.37163
2025-02-11 01:00:00+00:00,angiang_longxuyen_bacgiang_bacgiangcity_backan_backancity,105.14925
2025-02-11 02:00:00+00:00,angiang_longxuyen_bacgiang_bacgiangcity_backan_backancity,104.97042
2025-02-11 03:00:00+00:00,angiang_longxuyen_bacgiang_bacgiangcity_backan_backancity,104.78966
2025-02-11 04:00:00+00:00,angiang_longxuyen_bacgiang_bacgiangcity_backan_backancity,104.70688
2025-02-11 05:00:00+00:00,angiang_longxuyen_bacgiang_bacgiangcity_backan_backancity,104.86475
2025-02-11 06:00:00+00:00,angiang_longxuyen_bacgiang_bacgiangcity_backan_backancity,104.86666
2025-02-11 07:00:00+00:00,angiang_longxuyen_bacgiang_bacgiangcity_backan_backancity,104.81071
2025-02-11 08:00:00+00:00,angiang_longxuyen_bacgiang_bacgiangcity_backan_backancity,104.78707
2025-02-11 09:00:00+00:00,angiang_longxuyen_bacgiang_bacgiangcity_backan_backancity,104.76359
2025-02-11 10:00:00+00:00,angiang_longxuyen_bacgiang_bacgiangcity_backan_backancity,104.76726
2025-02-11 11:00:00+00:00,angiang_longxuyen_bacgiang_bacgiangcity_backan_backancity,104.78754
2025-02-11 12:00:00+00:00,angiang_longxuyen_bacgiang_bacgiangcity_backan_backancity,104.679436
2025-02-11 13:00:00+00:00,angiang_longxuyen_bacgiang_bacgiangcity_backan_backancity,104.54376
2025-02-11 14:00:00+00:00,angiang_longxuyen_bacgiang_bacgiangcity_backan_backancity,104.608376
2025-02-11 15:00:00+00:00,angiang_longxuyen_bacgiang_bacgiangcity_backan_backancity,104.8078
2025-02-11 16:00:00+00:00,angiang_longxuyen_bacgiang_bacgiangcity_backan_backancity,104.91532
2025-02-11 17:00:00+00:00,angiang_longxuyen_bacgiang_bacgiangcity_backan_backancity,104.86372
2025-02-11 18:00:00+00:00,angiang_longxuyen_bacgiang_bacgiangcity_backan_backancity,104.75005
2025-02-11 19:00:00+00:00,angiang_longxuyen_bacgiang_bacgiangcity_backan_backancity,104.58904
2025-02-11 20:00:00+00:00,angiang_longxuyen_bacgiang_bacgiangcity_backan_backancity,104.44221
2025-02-11 21:00:00+00:00,angiang_longxuyen_bacgiang_bacgiangcity_backan_backancity,104.24312
2025-02-11 22:00:00+00:00,angiang_longxuyen_bacgiang_bacgiangcity_backan_backancity,104.10905
2025-02-11 23:00:00+00:00,angiang_longxuyen_bacgiang_bacgiangcity_backan_backancity,103.990616
2025-02-12 00:00:00+00:00,angiang_longxuyen_bacgiang_bacgiangcity_backan_backancity,103.90595
2025-02-12 01:00:00+00:00,angiang_longxuyen_bacgiang_bacgiangcity_backan_backancity,103.85248
2025-02-12 02:00:00+00:00,angiang_longxuyen_bacgiang_bacgiangcity_backan_backancity,103.8697
2025-02-12 03:00:00+00:00,angiang_longxuyen_bacgiang_bacgiangcity_backan_backancity,103.93637
2025-02-12 04:00:00+00:00,angiang_longxuyen_bacgiang_bacgiangcity_backan_backancity,104.2136
2025-02-12 05:00:00+00:00,angiang_longxuyen_bacgiang_bacgiangcity_backan_backancity,104.459335
2025-02-12 06:00:00+00:00,angiang_longxuyen_bacgiang_bacgiangcity_backan_backancity,104.84682
2025-02-12 07:00:00+00:00,angiang_longxuyen_bacgiang_bacgiangcity_backan_backancity,104.92817
2025-02-12 08:00:00+00:00,angiang_longxuyen_bacgiang_bacgiangcity_backan_backancity,104.95093
2025-02-12 09:00:00+00:00,angiang_longxuyen_bacgiang_bacgiangcity_backan_backancity,105.02505
2025-02-12 10:00:00+00:00,angiang_longxuyen_bacgiang_bacgiangcity_backan_backancity,105.35019
2025-02-12 11:00:00+00:00,angiang_longxuyen_bacgiang_bacgiangcity_backan_backancity,105.48857
2025-02-12 12:00:00+00:00,angiang_longxuyen_bacgiang_bacgiangcity_backan_backancity,105.51408
2025-02-12 13:00:00+00:00,angiang_longxuyen_bacgiang_bacgiangcity_backan_backancity,105.56329
2025-02-12 14:00:00+00:00,angiang_longxuyen_bacgiang_bacgiangcity_backan_backancity,105.744835
2025-02-12 15:00:00+00:00,angiang_longxuyen_bacgiang_bacgiangcity_backan_backancity,106.09108
2025-02-12 16:00:00+00:00,angiang_longxuyen_bacgiang_bacgiangcity_backan_backancity,105.9057
2025-02-12 17:00:00+00:00,angiang_longxuyen_bacgiang_bacgiangcity_backan_backancity,105.82291
2025-02-12 18:00:00+00:00,angiang_longxuyen_bacgiang_bacgiangcity_backan_backancity,105.54052
2025-02-12 19:00:00+00:00,angiang_longxuyen_bacgiang_bacgiangcity_backan_backancity,105.29285
2025-02-12 20:00:00+00:00,angiang_longxuyen_bacgiang_bacgiangcity_backan_backancity,105.10113
2025-02-12 21:00:00+00:00,angiang_longxuyen_bacgiang_bacgiangcity_backan_backancity,104.98637
2025-02-12 22:00:00+00:00,angiang_longxuyen_bacgiang_bacgiangcity_backan_backancity,104.86727
2025-02-12 23:00:00+00:00,angiang_longxuyen_bacgiang_bacgiangcity_backan_backancity,104.78939
2025-02-13 00:00:00+00:00,angiang_longxuyen_bacgiang_bacgiangcity_backan_backancity,104.719574
2025-02-13 01:00:00+00:00,angiang_longxuyen_bacgiang_bacgiangcity_backan_backancity,104.71637
2025-02-13 02:00:00+00:00,angiang_longxuyen_bacgiang_bacgiangcity_backan_backancity,104.7493
2025-02-13 03:00:00+00:00,angiang_longxuyen_bacgiang_bacgiangcity_backan_backancity,104.76699
2025-02-13 04:00:00+00:00,angiang_longxuyen_bacgiang_bacgiangcity_backan_backancity,104.853836
2025-02-13 05:00:00+00:00,angiang_longxuyen_bacgiang_bacgiangcity_backan_backancity,104.95539
2025-02-13 06:00:00+00:00,angiang_longxuyen_bacgiang_bacgiangcity_backan_backancity,105.12887
2025-02-13 07:00:00+00:00,angiang_longxuyen_bacgiang_bacgiangcity_backan_backancity,105.28232
2025-02-13 08:00:00+00:00,angiang_longxuyen_bacgiang_bacgiangcity_backan_backancity,105.29277
2025-02-13 09:00:00+00:00,angiang_longxuyen_bacgiang_bacgiangcity_backan_backancity,105.23967
2025-02-13 10:00:00+00:00,angiang_longxuyen_bacgiang_bacgiangcity_backan_backancity,105.36083
2025-02-13 11:00:00+00:00,angiang_longxuyen_bacgiang_bacgiangcity_backan_backancity,105.306046
2025-02-13 12:00:00+00:00,angiang_longxuyen_bacgiang_bacgiangcity_backan_backancity,105.05051
2025-02-13 13:00:00+00:00,angiang_longxuyen_bacgiang_bacgiangcity_backan_backancity,104.90357
2025-02-13 14:00:00+00:00,angiang_longxuyen_bacgiang_bacgiangcity_backan_backancity,105.04524
2025-02-13 15:00:00+00:00,angiang_longxuyen_bacgiang_bacgiangcity_backan_backancity,105.36008
2025-02-13 16:00:00+00:00,angiang_longxuyen_bacgiang_bacgiangcity_backan_backancity,105.22089
2025-02-13 17:00:00+00:00,angiang_longxuyen_bacgiang_bacgiangcity_backan_backancity,105.175735
2025-02-13 18:00:00+00:00,angiang_longxuyen_bacgiang_bacgiangcity_backan_backancity,104.97357
2025-02-13 19:00:00+00:00,angiang_longxuyen_bacgiang_bacgiangcity_backan_backancity,104.808754
2025-02-13 20:00:00+00:00,angiang_longxuyen_bacgiang_bacgiangcity_backan_backancity,104.64437
2025-02-13 21:00:00+00:00,angiang_longxuyen_bacgiang_bacgiangcity_backan_backancity,104.497116
2025-02-13 22:00:00+00:00,angiang_longxuyen_bacgiang_bacgiangcity_backan_backancity,104.350845
2025-02-13 23:00:00+00:00,angiang_longxuyen_bacgiang_bacgiangcity_backan_backancity,104.29002
2025-02-14 00:00:00+00:00,angiang_longxuyen_bacgiang_bacgiangcity_backan_backancity,104.239975
2025-02-14 01:00:00+00:00,angiang_longxuyen_bacgiang_bacgiangcity_backan_backancity,104.229004
2025-02-14 02:00:00+00:00,angiang_longxuyen_bacgiang_bacgiangcity_backan_backancity,104.2788
2025-02-14 03:00:00+00:00,angiang_longxuyen_bacgiang_bacgiangcity_backan_backancity,104.44831
2025-02-14 04:00:00+00:00,angiang_longxuyen_bacgiang_bacgiangcity_backan_backancity,104.634445
2025-02-14 05:00:00+00:00,angiang_longxuyen_bacgiang_bacgiangcity_backan_backancity,104.8069
2025-02-14 06:00:00+00:00,angiang_longxuyen_bacgiang_bacgiangcity_backan_backancity,104.96058
2025-02-14 07:00:00+00:00,angiang_longxuyen_bacgiang_bacgiangcity_backan_backancity,104.94741
2025-02-14 08:00:00+00:00,angiang_longxuyen_bacgiang_bacgiangcity_backan_backancity,104.998215
2025-02-14 09:00:00+00:00,angiang_longxuyen_bacgiang_bacgiangcity_backan_backancity,104.98854
2025-02-14 10:00:00+00:00,angiang_longxuyen_bacgiang_bacgiangcity_backan_backancity,105.157364
2025-02-14 11:00:00+00:00,angiang_longxuyen_bacgiang_bacgiangcity_backan_backancity,105.41069
2025-02-14 12:00:00+00:00,angiang_longxuyen_bacgiang_bacgiangcity_backan_backancity,105.46516
2025-02-14 13:00:00+00:00,angiang_longxuyen_bacgiang_bacgiangcity_backan_backancity,105.53107
2025-02-14 14:00:00+00:00,angiang_longxuyen_bacgiang_bacgiangcity_backan_backancity,105.60457
2025-02-14 15:00:00+00:00,angiang_longxuyen_bacgiang_bacgiangcity_backan_backancity,105.93501
2025-02-14 16:00:00+00:00,angiang_longxuyen_bacgiang_bacgiangcity_backan_backancity,106.19522
2025-02-14 17:00:00+00:00,angiang_longxuyen_bacgiang_bacgiangcity_backan_backancity,106.06997
2025-02-14 18:00:00+00:00,angiang_longxuyen_bacgiang_bacgiangcity_backan_backancity,105.77711
2025-02-14 19:00:00+00:00,angiang_longxuyen_bacgiang_bacgiangcity_backan_backancity,105.63303
2025-02-14 20:00:00+00:00,angiang_longxuyen_bacgiang_bacgiangcity_backan_backancity,105.44459
2025-02-14 21:00:00+00:00,angiang_longxuyen_bacgiang_bacgiangcity_backan_backancity,105.24476
2025-02-14 22:00:00+00:00,angiang_longxuyen_bacgiang_bacgiangcity_backan_backancity,105.150215
2025-02-14 23:00:00+00:00,angiang_longxuyen_bacgiang_bacgiangcity_backan_backancity,105.09945
2025-02-15 00:00:00+00:00,angiang_longxuyen_bacgiang_bacgiangcity_backan_backancity,105.16791
2025-02-15 01:00:00+00:00,angiang_longxuyen_bacgiang_bacgiangcity_backan_backancity,105.24683
2025-02-15 02:00:00+00:00,angiang_longxuyen_bacgiang_bacgiangcity_backan_backancity,105.39618
2025-02-15 03:00:00+00:00,angiang_longxuyen_bacgiang_bacgiangcity_backan_backancity,105.59823
2025-02-15 04:00:00+00:00,angiang_longxuyen_bacgiang_bacgiangcity_backan_backancity,105.921165
2025-02-15 05:00:00+00:00,angiang_longxuyen_bacgiang_bacgiangcity_backan_backancity,106.256004
2025-02-15 06:00:00+00:00,angiang_longxuyen_bacgiang_bacgiangcity_backan_backancity,106.51114
2025-02-15 07:00:00+00:00,angiang_longxuyen_bacgiang_bacgiangcity_backan_backancity,106.53322
2025-02-15 08:00:00+00:00,angiang_longxuyen_bacgiang_bacgiangcity_backan_backancity,106.69463
2025-02-15 09:00:00+00:00,angiang_longxuyen_bacgiang_bacgiangcity_backan_backancity,106.79621
2025-02-15 10:00:00+00:00,angiang_longxuyen_bacgiang_bacgiangcity_backan_backancity,107.100136
2025-02-15 11:00:00+00:00,angiang_longxuyen_bacgiang_bacgiangcity_backan_backancity,107.2025
2025-02-15 12:00:00+00:00,angiang_longxuyen_bacgiang_bacgiangcity_backan_backancity,107.23687
2025-02-15 13:00:00+00:00,angiang_longxuyen_bacgiang_bacgiangcity_backan_backancity,107.4283
2025-02-15 14:00:00+00:00,angiang_longxuyen_bacgiang_bacgiangcity_backan_backancity,108.13091
2025-02-15 15:00:00+00:00,angiang_longxuyen_bacgiang_bacgiangcity_backan_backancity,109.11046
2025-02-15 16:00:00+00:00,angiang_longxuyen_bacgiang_bacgiangcity_backan_backancity,109.60554
2025-02-15 17:00:00+00:00,angiang_longxuyen_bacgiang_bacgiangcity_backan_backancity,109.7242
2025-02-15 18:00:00+00:00,angiang_longxuyen_bacgiang_bacgiangcity_backan_backancity,109.39436
2025-02-15 19:00:00+00:00,angiang_longxuyen_bacgiang_bacgiangcity_backan_backancity,109.36759
2025-02-15 20:00:00+00:00,angiang_longxuyen_bacgiang_bacgiangcity_backan_backancity,109.806496
2025-02-15 21:00:00+00:00,angiang_longxuyen_bacgiang_bacgiangcity_backan_backancity,110.072975
2025-02-15 22:00:00+00:00,angiang_longxuyen_bacgiang_bacgiangcity_backan_backancity,110.24662
2025-02-15 23:00:00+00:00,angiang_longxuyen_bacgiang_bacgiangcity_backan_backancity,110.155525
2025-02-16 00:00:00+00:00,angiang_longxuyen_bacgiang_bacgiangcity_backan_backancity,109.57556
2025-02-16 01:00:00+00:00,angiang_longxuyen_bacgiang_bacgiangcity_backan_backancity,108.93292
2025-02-16 02:00:00+00:00,angiang_longxuyen_bacgiang_bacgiangcity_backan_backancity,108.57289
2025-02-16 03:00:00+00:00,angiang_longxuyen_bacgiang_bacgiangcity_backan_backancity,108.46441
2025-02-16 04:00:00+00:00,angiang_longxuyen_bacgiang_bacgiangcity_backan_backancity,108.51763
2025-02-16 05:00:00+00:00,angiang_longxuyen_bacgiang_bacgiangcity_backan_backancity,108.684074
2025-02-16 06:00:00+00:00,angiang_longxuyen_bacgiang_bacgiangcity_backan_backancity,108.83994
2025-02-16 07:00:00+00:00,angiang_longxuyen_bacgiang_bacgiangcity_backan_backancity,108.79245
2025-02-16 08:00:00+00:00,angiang_longxuyen_bacgiang_bacgiangcity_backan_backancity,108.73448
2025-02-16 09:00:00+00:00,angiang_longxuyen_bacgiang_bacgiangcity_backan_backancity,108.67956
2025-02-16 10:00:00+00:00,angiang_longxuyen_bacgiang_bacgiangcity_backan_backancity,108.85987
2025-02-16 11:00:00+00:00,angiang_longxuyen_bacgiang_bacgiangcity_backan_backancity,109.00069
2025-02-16 12:00:00+00:00,angiang_longxuyen_bacgiang_bacgiangcity_backan_backancity,108.889694
2025-02-16 13:00:00+00:00,angiang_longxuyen_bacgiang_bacgiangcity_backan_backancity,108.71283
2025-02-16 14:00:00+00:00,angiang_longxuyen_bacgiang_bacgiangcity_backan_backancity,108.67908
2025-02-16 15:00:00+00:00,angiang_longxuyen_bacgiang_bacgiangcity_backan_backancity,108.7973
2025-02-16 16:00:00+00:00,angiang_longxuyen_bacgiang_bacgiangcity_backan_backancity,108.5193
2025-02-16 17:00:00+00:00,angiang_longxuyen_bacgiang_bacgiangcity_backan_backancity,108.40357
2025-02-16 18:00:00+00:00,angiang_longxuyen_bacgiang_bacgiangcity_backan_backancity,108.27762
2025-02-16 19:00:00+00:00,angiang_longxuyen_bacgiang_bacgiangcity_backan_backancity,108.17258
2025-02-16 20:00:00+00:00,angiang_longxuyen_bacgiang_bacgiangcity_backan_backancity,108.284485
2025-02-16 21:00:00+00:00,angiang_longxuyen_bacgiang_bacgiangcity_backan_backancity,108.29649
2025-02-16 22:00:00+00:00,angiang_longxuyen_bacgiang_bacgiangcity_backan_backancity,108.274315
2025-02-16 23:00:00+00:00,angiang_longxuyen_bacgiang_bacgiangcity_backan_backancity,108.156044
2025-02-17 00:00:00+00:00,angiang_longxuyen_bacgiang_bacgiangcity_backan_backancity,108.01711
2025-02-17 01:00:00+00:00,angiang_longxuyen_bacgiang_bacgiangcity_backan_backancity,107.837654
2025-02-17 02:00:00+00:00,angiang_longxuyen_bacgiang_bacgiangcity_backan_backancity,107.69629
2025-02-17 03:00:00+00:00,angiang_longxuyen_bacgiang_bacgiangcity_backan_backancity,107.68234
2025-02-17 04:00:00+00:00,angiang_longxuyen_bacgiang_bacgiangcity_backan_backancity,107.61228
2025-02-17 05:00:00+00:00,angiang_longxuyen_bacgiang_bacgiangcity_backan_backancity,107.78449
2025-02-17 06:00:00+00:00,angiang_longxuyen_bacgiang_bacgiangcity_backan_backancity,107.845764
2025-02-17 07:00:00+00:00,angiang_longxuyen_bacgiang_bacgiangcity_backan_backancity,107.62039
2025-02-17 08:00:00+00:00,angiang_longxuyen_bacgiang_bacgiangcity_backan_backancity,107.50094
2025-02-17 09:00:00+00:00,angiang_longxuyen_bacgiang_bacgiangcity_backan_backancity,107.43573
2025-02-17 10:00:00+00:00,angiang_longxuyen_bacgiang_bacgiangcity_backan_backancity,107.54271
2025-02-17 11:00:00+00:00,angiang_longxuyen_bacgiang_bacgiangcity_backan_backancity,107.64932
2025-02-17 12:00:00+00:00,angiang_longxuyen_bacgiang_bacgiangcity_backan_backancity,107.50738
2025-02-17 13:00:00+00:00,angiang_longxuyen_bacgiang_bacgiangcity_backan_backancity,107.294815
2025-02-17 14:00:00+00:00,angiang_longxuyen_bacgiang_bacgiangcity_backan_backancity,107.29045
2025-02-17 15:00:00+00:00,angiang_longxuyen_bacgiang_bacgiangcity_backan_backancity,107.32051
2025-02-17 16:00:00+00:00,angiang_longxuyen_bacgiang_bacgiangcity_backan_backancity,107.13251
2025-02-17 17:00:00+00:00,angiang_longxuyen_bacgiang_bacgiangcity_backan_backancity,107.06231
2025-02-17 18:00:00+00:00,angiang_longxuyen_bacgiang_bacgiangcity_backan_backancity,106.98278
2025-02-17 19:00:00+00:00,angiang_longxuyen_bacgiang_bacgiangcity_backan_backancity,106.90142
2025-02-17 20:00:00+00:00,angiang_longxuyen_bacgiang_bacgiangcity_backan_backancity,106.81619
2025-02-17 21:00:00+00:00,angiang_longxuyen_bacgiang_bacgiangcity_backan_backancity,106.716934
2025-02-17 22:00:00+00:00,angiang_longxuyen_bacgiang_bacgiangcity_backan_backancity,106.66396
2025-02-17 23:00:00+00:00,angiang_longxuyen_bacgiang_bacgiangcity_backan_backancity,106.657036
2025-02-18 00:00:00+00:00,angiang_longxuyen_bacgiang_bacgiangcity_backan_backancity,106.58509
2025-02-18 01:00:00+00:00,angiang_longxuyen_bacgiang_bacgiangcity_backan_backancity,106.590935
2025-02-18 02:00:00+00:00,angiang_longxuyen_bacgiang_bacgiangcity_backan_backancity,106.55655
2025-02-18 03:00:00+00:00,angiang_longxuyen_bacgiang_bacgiangcity_backan_backancity,106.61044
2025-02-18 04:00:00+00:00,angiang_longxuyen_bacgiang_bacgiangcity_backan_backancity,106.80181
2025-02-18 05:00:00+00:00,angiang_longxuyen_bacgiang_bacgiangcity_backan_backancity,107.110855
2025-02-18 06:00:00+00:00,angiang_longxuyen_bacgiang_bacgiangcity_backan_backancity,107.296776
2025-02-18 07:00:00+00:00,angiang_longxuyen_bacgiang_bacgiangcity_backan_backancity,107.23281
2025-02-18 08:00:00+00:00,angiang_longxuyen_bacgiang_bacgiangcity_backan_backancity,107.15993
2025-02-18 09:00:00+00:00,angiang_longxuyen_bacgiang_bacgiangcity_backan_backancity,107.23738
2025-02-18 10:00:00+00:00,angiang_longxuyen_bacgiang_bacgiangcity_backan_backancity,107.38173
2025-02-18 11:00:00+00:00,angiang_longxuyen_bacgiang_bacgiangcity_backan_backancity,107.56302
2025-02-18 12:00:00+00:00,angiang_longxuyen_bacgiang_bacgiangcity_backan_backancity,107.512566
2025-02-18 13:00:00+00:00,angiang_longxuyen_bacgiang_bacgiangcity_backan_backancity,107.31331
2025-02-18 14:00:00+00:00,angiang_longxuyen_bacgiang_bacgiangcity_backan_backancity,107.3202
2025-02-18 15:00:00+00:00,angiang_longxuyen_bacgiang_bacgiangcity_backan_backancity,107.42424
2025-02-18 16:00:00+00:00,angiang_longxuyen_bacgiang_bacgiangcity_backan_backancity,107.45168
2025-02-18 17:00:00+00:00,angiang_longxuyen_bacgiang_bacgiangcity_backan_backancity,107.52528
2025-02-18 18:00:00+00:00,angiang_longxuyen_bacgiang_bacgiangcity_backan_backancity,107.555786
2025-02-18 19:00:00+00:00,angiang_longxuyen_bacgiang_bacgiangcity_backan_backancity,107.567154
2025-02-18 20:00:00+00:00,angiang_longxuyen_bacgiang_bacgiangcity_backan_backancity,107.54946
2025-02-18 21:00:00+00:00,angiang_longxuyen_bacgiang_bacgiangcity_backan_backancity,107.5257
2025-02-18 22:00:00+00:00,angiang_longxuyen_bacgiang_bacgiangcity_backan_backancity,107.49395
2025-02-18 23:00:00+00:00,angiang_longxuyen_bacgiang_bacgiangcity_backan_backancity,107.43146
2025-02-19 00:00:00+00:00,angiang_longxuyen_bacgiang_bacgiangcity_backan_backancity,107.44483
2025-02-19 01:00:00+00:00,angiang_longxuyen_bacgiang_bacgiangcity_backan_backancity,107.437706
2025-02-19 02:00:00+00:00,angiang_longxuyen_bacgiang_bacgiangcity_backan_backancity,107.534874
2025-02-19 03:00:00+00:00,angiang_longxuyen_bacgiang_bacgiangcity_backan_backancity,107.64606
2025-02-19 04:00:00+00:00,angiang_longxuyen_bacgiang_bacgiangcity_backan_backancity,108.09992
2025-02-19 05:00:00+00:00,angiang_longxuyen_bacgiang_bacgiangcity_backan_backancity,108.51542
2025-02-19 06:00:00+00:00,angiang_longxuyen_bacgiang_bacgiangcity_backan_backancity,108.92061
2025-02-19 07:00:00+00:00,angiang_longxuyen_bacgiang_bacgiangcity_backan_backancity,109.005554
2025-02-19 08:00:00+00:00,angiang_longxuyen_bacgiang_bacgiangcity_backan_backancity,109.05203
2025-02-19 09:00:00+00:00,angiang_longxuyen_bacgiang_bacgiangcity_backan_backancity,109.14915
2025-02-19 10:00:00+00:00,angiang_longxuyen_bacgiang_bacgiangcity_backan_backancity,109.32456
2025-02-19 11:00:00+00:00,angiang_longxuyen_bacgiang_bacgiangcity_backan_backancity,109.521416
2025-02-19 12:00:00+00:00,angiang_longxuyen_bacgiang_bacgiangcity_backan_backancity,109.50908
2025-02-19 13:00:00+00:00,angiang_longxuyen_bacgiang_bacgiangcity_backan_backancity,109.30598
2025-02-19 14:00:00+00:00,angiang_longxuyen_bacgiang_bacgiangcity_backan_backancity,109.3921
2025-02-19 15:00:00+00:00,angiang_longxuyen_bacgiang_bacgiangcity_backan_backancity,109.67668
2025-02-19 16:00:00+00:00,angiang_longxuyen_bacgiang_bacgiangcity_backan_backancity,109.763756
2025-02-19 17:00:00+00:00,angiang_longxuyen_bacgiang_bacgiangcity_backan_backancity,109.7071
2025-02-19 18:00:00+00:00,angiang_longxuyen_bacgiang_bacgiangcity_backan_backancity,109.48679
2025-02-19 19:00:00+00:00,angiang_longxuyen_bacgiang_bacgiangcity_backan_backancity,109.51326
2025-02-19 20:00:00+00:00,angiang_longxuyen_bacgiang_bacgiangcity_backan_backancity,109.333176
2025-02-19 21:00:00+00:00,angiang_longxuyen_bacgiang_bacgiangcity_backan_backancity,109.233284
2025-02-19 22:00:00+00:00,angiang_longxuyen_bacgiang_bacgiangcity_backan_backancity,109.13093
2025-02-19 23:00:00+00:00,angiang_longxuyen_bacgiang_bacgiangcity_backan_backancity,108.97871
2025-02-20 00:00:00+00:00,angiang_longxuyen_bacgiang_bacgiangcity_backan_backancity,108.85864
2025-02-20 01:00:00+00:00,angiang_longxuyen_bacgiang_bacgiangcity_backan_backancity,108.76813
2025-02-20 02:00:00+00:00,angiang_longxuyen_bacgiang_bacgiangcity_backan_backancity,108.50167
2025-02-20 03:00:00+00:00,angiang_longxuyen_bacgiang_bacgiangcity_backan_backancity,108.525764
2025-02-20 04:00:00+00:00,angiang_longxuyen_bacgiang_bacgiangcity_backan_backancity,108.62589
2025-02-20 05:00:00+00:00,angiang_longxuyen_bacgiang_bacgiangcity_backan_backancity,108.89455
2025-02-20 06:00:00+00:00,angiang_longxuyen_bacgiang_bacgiangcity_backan_backancity,109.05138
2025-02-20 07:00:00+00:00,angiang_longxuyen_bacgiang_bacgiangcity_backan_backancity,108.91345
2025-02-20 08:00:00+00:00,angiang_longxuyen_bacgiang_bacgiangcity_backan_backancity,108.70374
2025-02-20 09:00:00+00:00,angiang_longxuyen_bacgiang_bacgiangcity_backan_backancity,108.595436
2025-02-20 10:00:00+00:00,angiang_longxuyen_bacgiang_bacgiangcity_backan_backancity,108.63995
2025-02-20 11:00:00+00:00,angiang_longxuyen_bacgiang_bacgiangcity_backan_backancity,108.69483
2025-02-20 12:00:00+00:00,angiang_longxuyen_bacgiang_bacgiangcity_backan_backancity,108.55951
2025-02-20 13:00:00+00:00,angiang_longxuyen_bacgiang_bacgiangcity_backan_backancity,108.39957
2025-02-20 14:00:00+00:00,angiang_longxuyen_bacgiang_bacgiangcity_backan_backancity,108.7582
2025-02-20 15:00:00+00:00,angiang_longxuyen_bacgiang_bacgiangcity_backan_backancity,109.285225
2025-02-20 16:00:00+00:00,angiang_longxuyen_bacgiang_bacgiangcity_backan_backancity,109.480194
2025-02-20 17:00:00+00:00,angiang_longxuyen_bacgiang_bacgiangcity_backan_backancity,109.39579
2025-02-20 18:00:00+00:00,angiang_longxuyen_bacgiang_bacgiangcity_backan_backancity,109.28302
2025-02-20 19:00:00+00:00,angiang_longxuyen_bacgiang_bacgiangcity_backan_backancity,109.255905
2025-02-20 20:00:00+00:00,angiang_longxuyen_bacgiang_bacgiangcity_backan_backancity,109.169464
2025-02-20 21:00:00+00:00,angiang_longxuyen_bacgiang_bacgiangcity_backan_backancity,109.02241
2025-02-20 22:00:00+00:00,angiang_longxuyen_bacgiang_bacgiangcity_backan_backancity,108.89149
2025-02-20 23:00:00+00:00,angiang_longxuyen_bacgiang_bacgiangcity_backan_backancity,108.81166
2025-02-21 00:00:00+00:00,angiang_longxuyen_bacgiang_bacgiangcity_backan_backancity,108.654274
2025-02-21 01:00:00+00:00,angiang_longxuyen_bacgiang_bacgiangcity_backan_backancity,108.66969
2025-02-21 02:00:00+00:00,angiang_longxuyen_bacgiang_bacgiangcity_backan_backancity,108.84735
2025-02-21 03:00:00+00:00,angiang_longxuyen_bacgiang_bacgiangcity_backan_backancity,108.941475
2025-02-21 04:00:00+00:00,angiang_longxuyen_bacgiang_bacgiangcity_backan_backancity,109.1418
2025-02-21 05:00:00+00:00,angiang_longxuyen_bacgiang_bacgiangcity_backan_backancity,109.48971
2025-02-21 06:00:00+00:00,angiang_longxuyen_bacgiang_bacgiangcity_backan_backancity,109.996574
2025-02-21 07:00:00+00:00,angiang_longxuyen_bacgiang_bacgiangcity_backan_backancity,109.87578
2025-02-21 08:00:00+00:00,angiang_longxuyen_bacgiang_bacgiangcity_backan_backancity,109.71197
2025-02-21 09:00:00+00:00,angiang_longxuyen_bacgiang_bacgiangcity_backan_backancity,109.626305
2025-02-21 10:00:00+00:00,angiang_longxuyen_bacgiang_bacgiangcity_backan_backancity,109.81123
2025-02-21 11:00:00+00:00,angiang_longxuyen_bacgiang_bacgiangcity_backan_backancity,109.91863
2025-02-21 12:00:00+00:00,angiang_longxuyen_bacgiang_bacgiangcity_backan_backancity,109.95561
2025-02-21 13:00:00+00:00,angiang_longxuyen_bacgiang_bacgiangcity_backan_backancity,109.96423
2025-02-21 14:00:00+00:00,angiang_longxuyen_bacgiang_bacgiangcity_backan_backancity,110.88239
2025-02-21 15:00:00+00:00,angiang_longxuyen_bacgiang_bacgiangcity_backan_backancity,112.08948
2025-02-21 16:00:00+00:00,angiang_longxuyen_bacgiang_bacgiangcity_backan_backancity,112.59689
2025-02-21 17:00:00+00:00,angiang_longxuyen_bacgiang_bacgiangcity_backan_backancity,112.50299
2025-02-21 18:00:00+00:00,angiang_longxuyen_bacgiang_bacgiangcity_backan_backancity,112.24645
2025-02-21 19:00:00+00:00,angiang_longxuyen_bacgiang_bacgiangcity_backan_backancity,112.28444
2025-02-21 20:00:00+00:00,angiang_longxuyen_bacgiang_bacgiangcity_backan_backancity,112.34672
2025-02-21 21:00:00+00:00,angiang_longxuyen_bacgiang_bacgiangcity_backan_backancity,112.323814
2025-02-21 22:00:00+00:00,angiang_longxuyen_bacgiang_bacgiangcity_backan_backancity,112.05422
2025-02-21 23:00:00+00:00,angiang_longxuyen_bacgiang_bacgiangcity_backan_backancity,111.82562
2025-02-22 00:00:00+00:00,angiang_longxuyen_bacgiang_bacgiangcity_backan_backancity,111.81797
2025-02-22 01:00:00+00:00,angiang_longxuyen_bacgiang_bacgiangcity_backan_backancity,111.82553
2025-02-22 02:00:00+00:00,angiang_longxuyen_bacgiang_bacgiangcity_backan_backancity,111.915665
2025-02-22 03:00:00+00:00,angiang_longxuyen_bacgiang_bacgiangcity_backan_backancity,112.211815
2025-02-22 04:00:00+00:00,angiang_longxuyen_bacgiang_bacgiangcity_backan_backancity,112.58612
2025-02-22 05:00:00+00:00,angiang_longxuyen_bacgiang_bacgiangcity_backan_backancity,112.90484
2025-02-22 06:00:00+00:00,angiang_longxuyen_bacgiang_bacgiangcity_backan_backancity,113.35092
2025-02-22 07:00:00+00:00,angiang_longxuyen_bacgiang_bacgiangcity_backan_backancity,113.05285
2025-02-22 08:00:00+00:00,angiang_longxuyen_bacgiang_bacgiangcity_backan_backancity,112.77419
2025-02-22 09:00:00+00:00,angiang_longxuyen_bacgiang_bacgiangcity_backan_backancity,112.57516
2025-02-22 10:00:00+00:00,angiang_longxuyen_bacgiang_bacgiangcity_backan_backancity,112.55519
2025-02-22 11:00:00+00:00,angiang_longxuyen_bacgiang_bacgiangcity_backan_backancity,112.521706
2025-02-22 12:00:00+00:00,angiang_longxuyen_bacgiang_bacgiangcity_backan_backancity,112.44677
2025-02-22 13:00:00+00:00,angiang_longxuyen_bacgiang_bacgiangcity_backan_backancity,112.48847
2025-02-22 14:00:00+00:00,angiang_longxuyen_bacgiang_bacgiangcity_backan_backancity,112.99786
2025-02-22 15:00:00+00:00,angiang_longxuyen_bacgiang_bacgiangcity_backan_backancity,113.67299
2025-02-22 16:00:00+00:00,angiang_longxuyen_bacgiang_bacgiangcity_backan_backancity,114.08861
2025-02-22 17:00:00+00:00,angiang_longxuyen_bacgiang_bacgiangcity_backan_backancity,113.660645
2025-02-22 18:00:00+00:00,angiang_longxuyen_bacgiang_bacgiangcity_backan_backancity,112.88909
2025-02-22 19:00:00+00:00,angiang_longxuyen_bacgiang_bacgiangcity_backan_backancity,112.086754
2025-02-22 20:00:00+00:00,angiang_longxuyen_bacgiang_bacgiangcity_backan_backancity,111.50425
2025-02-22 21:00:00+00:00,angiang_longxuyen_bacgiang_bacgiangcity_backan_backancity,111.068565
2025-02-22 22:00:00+00:00,angiang_longxuyen_bacgiang_bacgiangcity_backan_backancity,110.93658
2025-02-22 23:00:00+00:00,angiang_longxuyen_bacgiang_bacgiangcity_backan_backancity,110.5084
2025-02-23 00:00:00+00:00,angiang_longxuyen_bacgiang_bacgiangcity_backan_backancity,110.254326
2025-02-23 01:00:00+00:00,angiang_longxuyen_bacgiang_bacgiangcity_backan_backancity,110.18718
2025-02-23 02:00:00+00:00,angiang_longxuyen_bacgiang_bacgiangcity_backan_backancity,110.31397
2025-02-23 03:00:00+00:00,angiang_longxuyen_bacgiang_bacgiangcity_backan_backancity,110.49883
2025-02-23 04:00:00+00:00,angiang_longxuyen_bacgiang_bacgiangcity_backan_backancity,111.05775
2025-02-23 05:00:00+00:00,angiang_longxuyen_bacgiang_bacgiangcity_backan_backancity,111.2034
2025-02-23 06:00:00+00:00,angiang_longxuyen_bacgiang_bacgiangcity_backan_backancity,111.2393
2025-02-23 07:00:00+00:00,angiang_longxuyen_bacgiang_bacgiangcity_backan_backancity,111.221214
2025-02-23 08:00:00+00:00,angiang_longxuyen_bacgiang_bacgiangcity_backan_backancity,111.36271
2025-02-23 09:00:00+00:00,angiang_longxuyen_bacgiang_bacgiangcity_backan_backancity,111.5359
2025-02-23 10:00:00+00:00,angiang_longxuyen_bacgiang_bacgiangcity_backan_backancity,111.67135
2025-02-23 11:00:00+00:00,angiang_longxuyen_bacgiang_bacgiangcity_backan_backancity,111.58865
2025-02-23 12:00:00+00:00,angiang_longxuyen_bacgiang_bacgiangcity_backan_backancity,111.60655
2025-02-23 13:00:00+00:00,angiang_longxuyen_bacgiang_bacgiangcity_backan_backancity,111.75245
2025-02-23 14:00:00+00:00,angiang_longxuyen_bacgiang_bacgiangcity_backan_backancity,112.250885
2025-02-23 15:00:00+00:00,angiang_longxuyen_bacgiang_bacgiangcity_backan_backancity,112.49693
2025-02-23 16:00:00+00:00,angiang_longxuyen_bacgiang_bacgiangcity_backan_backancity,112.48884
2025-02-23 17:00:00+00:00,angiang_longxuyen_bacgiang_bacgiangcity_backan_backancity,112.35619
2025-02-23 18:00:00+00:00,angiang_longxuyen_bacgiang_bacgiangcity_backan_backancity,112.13588
2025-02-23 19:00:00+00:00,angiang_longxuyen_bacgiang_bacgiangcity_backan_backancity,112.00587
2025-02-23 20:00:00+00:00,angiang_longxuyen_bacgiang_bacgiangcity_backan_backancity,111.86427
2025-02-23 21:00:00+00:00,angiang_longxuyen_bacgiang_bacgiangcity_backan_backancity,111.97827
2025-02-23 22:00:00+00:00,angiang_longxuyen_bacgiang_bacgiangcity_backan_backancity,112.14603
2025-02-23 23:00:00+00:00,angiang_longxuyen_bacgiang_bacgiangcity_backan_backancity,112.61617
2025-02-24 00:00:00+00:00,angiang_longxuyen_bacgiang_bacgiangcity_backan_backancity,112.85552
2025-02-24 01:00:00+00:00,angiang_longxuyen_bacgiang_bacgiangcity_backan_backancity,113.07586
2025-02-24 02:00:00+00:00,angiang_longxuyen_bacgiang_bacgiangcity_backan_backancity,113.09149
2025-02-24 03:00:00+00:00,angiang_longxuyen_bacgiang_bacgiangcity_backan_backancity,112.95844
2025-02-24 04:00:00+00:00,angiang_longxuyen_bacgiang_bacgiangcity_backan_backancity,114.32852
2025-02-24 05:00:00+00:00,angiang_longxuyen_bacgiang_bacgiangcity_backan_backancity,115.30714
2025-02-24 06:00:00+00:00,angiang_longxuyen_bacgiang_bacgiangcity_backan_backancity,115.98323
2025-02-24 07:00:00+00:00,angiang_longxuyen_bacgiang_bacgiangcity_backan_backancity,116.27646
2025-02-24 08:00:00+00:00,angiang_longxuyen_bacgiang_bacgiangcity_backan_backancity,116.22907
2025-02-24 09:00:00+00:00,angiang_longxuyen_bacgiang_bacgiangcity_backan_backancity,115.234505
2025-02-24 10:00:00+00:00,angiang_longxuyen_bacgiang_bacgiangcity_backan_backancity,114.75092
2025-02-24 11:00:00+00:00,angiang_longxuyen_bacgiang_bacgiangcity_backan_backancity,114.14878
2025-02-24 12:00:00+00:00,angiang_longxuyen_bacgiang_bacgiangcity_backan_backancity,114.030396
2025-02-24 13:00:00+00:00,angiang_longxuyen_bacgiang_bacgiangcity_backan_backancity,113.871826
2025-02-24 14:00:00+00:00,angiang_longxuyen_bacgiang_bacgiangcity_backan_backancity,114.10582
2025-02-24 15:00:00+00:00,angiang_longxuyen_bacgiang_bacgiangcity_backan_backancity,114.47629
2025-02-24 16:00:00+00:00,angiang_longxuyen_bacgiang_bacgiangcity_backan_backancity,114.147736
2025-02-24 17:00:00+00:00,angiang_longxuyen_bacgiang_bacgiangcity_backan_backancity,113.74523
2025-02-24 18:00:00+00:00,angiang_longxuyen_bacgiang_bacgiangcity_backan_backancity,113.94453
2025-02-24 19:00:00+00:00,angiang_longxuyen_bacgiang_bacgiangcity_backan_backancity,113.97846
2025-02-24 20:00:00+00:00,angiang_longxuyen_bacgiang_bacgiangcity_backan_backancity,113.60921
2025-02-24 21:00:00+00:00,angiang_longxuyen_bacgiang_bacgiangcity_backan_backancity,112.94916
2025-02-24 22:00:00+00:00,angiang_longxuyen_bacgiang_bacgiangcity_backan_backancity,112.4457
2025-02-24 23:00:00+00:00,angiang_longxuyen_bacgiang_bacgiangcity_backan_backancity,112.18926
2025-02-25 00:00:00+00:00,angiang_longxuyen_bacgiang_bacgiangcity_backan_backancity,111.860054
2025-02-25 01:00:00+00:00,angiang_longxuyen_bacgiang_bacgiangcity_backan_backancity,111.59648
2025-02-25 02:00:00+00:00,angiang_longxuyen_bacgiang_bacgiangcity_backan_backancity,111.24694
2025-02-25 03:00:00+00:00,angiang_longxuyen_bacgiang_bacgiangcity_backan_backancity,110.7187
2025-02-25 04:00:00+00:00,angiang_longxuyen_bacgiang_bacgiangcity_backan_backancity,110.38883
2025-02-25 05:00:00+00:00,angiang_longxuyen_bacgiang_bacgiangcity_backan_backancity,110.084526
2025-02-25 06:00:00+00:00,angiang_longxuyen_bacgiang_bacgiangcity_backan_backancity,109.98708
2025-02-25 07:00:00+00:00,angiang_longxuyen_bacgiang_bacgiangcity_backan_backancity,110.02435
2025-02-25 08:00:00+00:00,angiang_longxuyen_bacgiang_bacgiangcity_backan_backancity,110.02628
2025-02-25 09:00:00+00:00,angiang_longxuyen_bacgiang_bacgiangcity_backan_backancity,109.95919
2025-02-25 10:00:00+00:00,angiang_longxuyen_bacgiang_bacgiangcity_backan_backancity,109.66212
2025-02-25 11:00:00+00:00,angiang_longxuyen_bacgiang_bacgiangcity_backan_backancity,109.27934
2025-02-25 12:00:00+00:00,angiang_longxuyen_bacgiang_bacgiangcity_backan_backancity,108.95009
2025-02-25 13:00:00+00:00,angiang_longxuyen_bacgiang_bacgiangcity_backan_backancity,108.67642
2025-02-25 14:00:00+00:00,angiang_longxuyen_bacgiang_bacgiangcity_backan_backancity,108.7305
2025-02-25 15:00:00+00:00,angiang_longxuyen_bacgiang_bacgiangcity_backan_backancity,108.9054
2025-02-25 16:00:00+00:00,angiang_longxuyen_bacgiang_bacgiangcity_backan_backancity,108.81273
2025-02-25 17:00:00+00:00,angiang_longxuyen_bacgiang_bacgiangcity_backan_backancity,108.776886
2025-02-25 18:00:00+00:00,angiang_longxuyen_bacgiang_bacgiangcity_backan_backancity,108.91445
2025-02-25 19:00:00+00:00,angiang_longxuyen_bacgiang_bacgiangcity_backan_backancity,108.945335
2025-02-25 20:00:00+00:00,angiang_longxuyen_bacgiang_bacgiangcity_backan_backancity,108.79863
2025-02-25 21:00:00+00:00,angiang_longxuyen_bacgiang_bacgiangcity_backan_backancity,108.72209
2025-02-25 22:00:00+00:00,angiang_longxuyen_bacgiang_bacgiangcity_backan_backancity,108.6562
2025-02-25 23:00:00+00:00,angiang_longxuyen_bacgiang_bacgiangcity_backan_backancity,108.685425
2025-02-26 00:00:00+00:00,angiang_longxuyen_bacgiang_bacgiangcity_backan_backancity,108.73061
2025-02-26 01:00:00+00:00,angiang_longxuyen_bacgiang_bacgiangcity_backan_backancity,108.65552
2025-02-26 02:00:00+00:00,angiang_longxuyen_bacgiang_bacgiangcity_backan_backancity,108.7663
2025-02-26 03:00:00+00:00,angiang_longxuyen_bacgiang_bacgiangcity_backan_backancity,108.81154
2025-02-26 04:00:00+00:00,angiang_longxuyen_bacgiang_bacgiangcity_backan_backancity,109.34723
2025-02-26 05:00:00+00:00,angiang_longxuyen_bacgiang_bacgiangcity_backan_backancity,108.9749
2025-02-26 06:00:00+00:00,angiang_longxuyen_bacgiang_bacgiangcity_backan_backancity,108.88988
2025-02-26 07:00:00+00:00,angiang_longxuyen_bacgiang_bacgiangcity_backan_backancity,108.86208
2025-02-26 08:00:00+00:00,angiang_longxuyen_bacgiang_bacgiangcity_backan_backancity,108.85461
2025-02-26 09:00:00+00:00,angiang_longxuyen_bacgiang_bacgiangcity_backan_backancity,108.98009
2025-02-26 10:00:00+00:00,angiang_longxuyen_bacgiang_bacgiangcity_backan_backancity,109.22049
2025-02-26 11:00:00+00:00,angiang_longxuyen_bacgiang_bacgiangcity_backan_backancity,109.27811
2025-02-26 12:00:00+00:00,angiang_longxuyen_bacgiang_bacgiangcity_backan_backancity,109.26941
2025-02-26 13:00:00+00:00,angiang_longxuyen_bacgiang_bacgiangcity_backan_backancity,109.14885
2025-02-26 14:00:00+00:00,angiang_longxuyen_bacgiang_bacgiangcity_backan_backancity,109.27725
2025-02-26 15:00:00+00:00,angiang_longxuyen_bacgiang_bacgiangcity_backan_backancity,109.76365
2025-02-26 16:00:00+00:00,angiang_longxuyen_bacgiang_bacgiangcity_backan_backancity,111.15481
2025-02-26 17:00:00+00:00,angiang_longxuyen_bacgiang_bacgiangcity_backan_backancity,111.277176
2025-02-26 18:00:00+00:00,angiang_longxuyen_bacgiang_bacgiangcity_backan_backancity,111.271576
2025-02-26 19:00:00+00:00,angiang_longxuyen_bacgiang_bacgiangcity_backan_backancity,111.246155
2025-02-26 20:00:00+00:00,angiang_longxuyen_bacgiang_bacgiangcity_backan_backancity,111.370575
2025-02-26 21:00:00+00:00,angiang_longxuyen_bacgiang_bacgiangcity_backan_backancity,111.84235
2025-02-26 22:00:00+00:00,angiang_longxuyen_bacgiang_bacgiangcity_backan_backancity,112.05636
2025-02-26 23:00:00+00:00,angiang_longxuyen_bacgiang_bacgiangcity_backan_backancity,112.204765
2025-02-27 00:00:00+00:00,angiang_longxuyen_bacgiang_bacgiangcity_backan_backancity,112.13227
2025-02-27 01:00:00+00:00,angiang_longxuyen_bacgiang_bacgiangcity_backan_backancity,112.010254
2025-02-27 02:00:00+00:00,angiang_longxuyen_bacgiang_bacgiangcity_backan_backancity,111.86892
2025-02-27 03:00:00+00:00,angiang_longxuyen_bacgiang_bacgiangcity_backan_backancity,111.598564
2025-02-27 04:00:00+00:00,angiang_longxuyen_bacgiang_bacgiangcity_backan_backancity,111.98013
2025-02-27 05:00:00+00:00,angiang_longxuyen_bacgiang_bacgiangcity_backan_backancity,111.9669
2025-02-27 06:00:00+00:00,angiang_longxuyen_bacgiang_bacgiangcity_backan_backancity,112.19765
2025-02-27 07:00:00+00:00,angiang_longxuyen_bacgiang_bacgiangcity_backan_backancity,112.28172
2025-02-27 08:00:00+00:00,angiang_longxuyen_bacgiang_bacgiangcity_backan_backancity,112.06302
2025-02-27 09:00:00+00:00,angiang_longxuyen_bacgiang_bacgiangcity_backan_backancity,111.92694
2025-02-27 10:00:00+00:00,angiang_longxuyen_bacgiang_bacgiangcity_backan_backancity,111.92694
2025-02-27 11:00:00+00:00,angiang_longxuyen_bacgiang_bacgiangcity_backan_backancity,111.91756
2025-02-27 12:00:00+00:00,angiang_longxuyen_bacgiang_bacgiangcity_backan_backancity,111.71815
2025-02-27 13:00:00+00:00,angiang_longxuyen_bacgiang_bacgiangcity_backan_backancity,111.79885
2025-02-27 14:00:00+00:00,angiang_longxuyen_bacgiang_bacgiangcity_backan_backancity,112.61615
2025-02-27 15:00:00+00:00,angiang_longxuyen_bacgiang_bacgiangcity_backan_backancity,113.766594
2025-02-27 16:00:00+00:00,angiang_longxuyen_bacgiang_bacgiangcity_backan_backancity,113.08528
2025-02-27 17:00:00+00:00,angiang_longxuyen_bacgiang_bacgiangcity_backan_backancity,113.54352
2025-02-27 18:00:00+00:00,angiang_longxuyen_bacgiang_bacgiangcity_backan_backancity,114.055984
2025-02-27 19:00:00+00:00,angiang_longxuyen_bacgiang_bacgiangcity_backan_backancity,113.90065
2025-02-27 20:00:00+00:00,angiang_longxuyen_bacgiang_bacgiangcity_backan_backancity,114.07071
2025-02-27 21:00:00+00:00,angiang_longxuyen_bacgiang_bacgiangcity_backan_backancity,114.1717
2025-02-27 22:00:00+00:00,angiang_longxuyen_bacgiang_bacgiangcity_backan_backancity,114.18016
2025-02-27 23:00:00+00:00,angiang_longxuyen_bacgiang_bacgiangcity_backan_backancity,114.32148
2025-02-28 00:00:00+00:00,angiang_longxuyen_bacgiang_bacgiangcity_backan_backancity,114.56241
2025-02-28 01:00:00+00:00,angiang_longxuyen_bacgiang_bacgiangcity_backan_backancity,114.829865
2025-02-28 02:00:00+00:00,angiang_longxuyen_bacgiang_bacgiangcity_backan_backancity,114.8887
2025-02-28 03:00:00+00:00,angiang_longxuyen_bacgiang_bacgiangcity_backan_backancity,114.56886
2025-02-28 04:00:00+00:00,angiang_longxuyen_bacgiang_bacgiangcity_backan_backancity,114.38774
2025-02-28 05:00:00+00:00,angiang_longxuyen_bacgiang_bacgiangcity_backan_backancity,114.126945
2025-02-28 06:00:00+00:00,angiang_longxuyen_bacgiang_bacgiangcity_backan_backancity,113.87498
2025-02-28 07:00:00+00:00,angiang_longxuyen_bacgiang_bacgiangcity_backan_backancity,113.377884
2025-02-28 08:00:00+00:00,angiang_longxuyen_bacgiang_bacgiangcity_backan_backancity,113.24551
2025-02-28 09:00:00+00:00,angiang_longxuyen_bacgiang_bacgiangcity_backan_backancity,113.19431
2025-02-28 10:00:00+00:00,angiang_longxuyen_bacgiang_bacgiangcity_backan_backancity,112.72569
2025-02-28 11:00:00+00:00,angiang_longxuyen_bacgiang_bacgiangcity_backan_backancity,112.56271
2025-02-28 12:00:00+00:00,angiang_longxuyen_bacgiang_bacgiangcity_backan_backancity,112.29899
2025-02-28 13:00:00+00:00,angiang_longxuyen_bacgiang_bacgiangcity_backan_backancity,111.98222
2025-02-28 14:00:00+00:00,angiang_longxuyen_bacgiang_bacgiangcity_backan_backancity,111.92606
2025-02-28 15:00:00+00:00,angiang_longxuyen_bacgiang_bacgiangcity_backan_backancity,112.261406
2025-02-28 16:00:00+00:00,angiang_longxuyen_bacgiang_bacgiangcity_backan_backancity,112.80798
2025-02-28 17:00:00+00:00,angiang_longxuyen_bacgiang_bacgiangcity_backan_backancity,113.15224
2025-02-28 18:00:00+00:00,angiang_longxuyen_bacgiang_bacgiangcity_backan_backancity,113.39922
2025-02-28 19:00:00+00:00,angiang_longxuyen_bacgiang_bacgiangcity_backan_backancity,113.4415
2025-02-28 20:00:00+00:00,angiang_longxuyen_bacgiang_bacgiangcity_backan_backancity,113.43842
2025-02-28 21:00:00+00:00,angiang_longxuyen_bacgiang_bacgiangcity_backan_backancity,113.684006
2025-02-28 22:00:00+00:00,angiang_longxuyen_bacgiang_bacgiangcity_backan_backancity,113.43897
2025-02-28 23:00:00+00:00,angiang_longxuyen_bacgiang_bacgiangcity_backan_backancity,113.18356
2025-03-01 00:00:00+00:00,angiang_longxuyen_bacgiang_bacgiangcity_backan_backancity,112.54553
2025-03-01 01:00:00+00:00,angiang_longxuyen_bacgiang_bacgiangcity_backan_backancity,111.94183
2025-03-01 02:00:00+00:00,angiang_longxuyen_bacgiang_bacgiangcity_backan_backancity,111.16603
2025-03-01 03:00:00+00:00,angiang_longxuyen_bacgiang_bacgiangcity_backan_backancity,110.732796
2025-03-01 04:00:00+00:00,angiang_longxuyen_bacgiang_bacgiangcity_backan_backancity,110.48639
2025-03-01 05:00:00+00:00,angiang_longxuyen_bacgiang_bacgiangcity_backan_backancity,110.52836
2025-03-01 06:00:00+00:00,angiang_longxuyen_bacgiang_bacgiangcity_backan_backancity,110.55548
2025-03-01 07:00:00+00:00,angiang_longxuyen_bacgiang_bacgiangcity_backan_backancity,110.513824
2025-03-01 08:00:00+00:00,angiang_longxuyen_bacgiang_bacgiangcity_backan_backancity,110.50065
2025-03-01 09:00:00+00:00,angiang_longxuyen_bacgiang_bacgiangcity_backan_backancity,110.62814
2025-03-01 10:00:00+00:00,angiang_longxuyen_bacgiang_bacgiangcity_backan_backancity,110.80261
2025-03-01 11:00:00+00:00,angiang_longxuyen_bacgiang_bacgiangcity_backan_backancity,110.854095
2025-03-01 12:00:00+00:00,angiang_longxuyen_bacgiang_bacgiangcity_backan_backancity,110.520645
2025-03-01 13:00:00+00:00,angiang_longxuyen_bacgiang_bacgiangcity_backan_backancity,110.34606
2025-03-01 14:00:00+00:00,angiang_longxuyen_bacgiang_bacgiangcity_backan_backancity,110.96265
2025-03-01 15:00:00+00:00,angiang_longxuyen_bacgiang_bacgiangcity_backan_backancity,111.634155
2025-03-01 16:00:00+00:00,angiang_longxuyen_bacgiang_bacgiangcity_backan_backancity,111.9235
2025-03-01 17:00:00+00:00,angiang_longxuyen_bacgiang_bacgiangcity_backan_backancity,112.07717
2025-03-01 18:00:00+00:00,angiang_longxuyen_bacgiang_bacgiangcity_backan_backancity,112.047874
2025-03-01 19:00:00+00:00,angiang_longxuyen_bacgiang_bacgiangcity_backan_backancity,112.02761
2025-03-01 20:00:00+00:00,angiang_longxuyen_bacgiang_bacgiangcity_backan_backancity,111.48289
2025-03-01 21:00:00+00:00,angiang_longxuyen_bacgiang_bacgiangcity_backan_backancity,110.70515
2025-03-01 22:00:00+00:00,angiang_longxuyen_bacgiang_bacgiangcity_backan_backancity,110.09106
2025-03-01 23:00:00+00:00,angiang_longxuyen_bacgiang_bacgiangcity_backan_backancity,109.72958
2025-03-02 00:00:00+00:00,angiang_longxuyen_bacgiang_bacgiangcity_backan_backancity,109.543846
2025-03-02 01:00:00+00:00,angiang_longxuyen_bacgiang_bacgiangcity_backan_backancity,109.2355
2025-03-02 02:00:00+00:00,angiang_longxuyen_bacgiang_bacgiangcity_backan_backancity,109.10957
2025-03-02 03:00:00+00:00,angiang_longxuyen_bacgiang_bacgiangcity_backan_backancity,108.87156
2025-03-02 04:00:00+00:00,angiang_longxuyen_bacgiang_bacgiangcity_backan_backancity,108.85466
2025-03-02 05:00:00+00:00,angiang_longxuyen_bacgiang_bacgiangcity_backan_backancity,109.03518
2025-03-02 06:00:00+00:00,angiang_longxuyen_bacgiang_bacgiangcity_backan_backancity,109.20311
2025-03-02 07:00:00+00:00,angiang_longxuyen_bacgiang_bacgiangcity_backan_backancity,109.10604
2025-03-02 08:00:00+00:00,angiang_longxuyen_bacgiang_bacgiangcity_backan_backancity,109.01167
2025-03-02 09:00:00+00:00,angiang_longxuyen_bacgiang_bacgiangcity_backan_backancity,109.00209
2025-03-02 10:00:00+00:00,angiang_longxuyen_bacgiang_bacgiangcity_backan_backancity,108.97494
2025-03-02 11:00:00+00:00,angiang_longxuyen_bacgiang_bacgiangcity_backan_backancity,108.966866
2025-03-02 12:00:00+00:00,angiang_longxuyen_bacgiang_bacgiangcity_backan_backancity,108.707535
2025-03-02 13:00:00+00:00,angiang_longxuyen_bacgiang_bacgiangcity_backan_backancity,108.19175
2025-03-02 14:00:00+00:00,angiang_longxuyen_bacgiang_bacgiangcity_backan_backancity,108.22661
2025-03-02 15:00:00+00:00,angiang_longxuyen_bacgiang_bacgiangcity_backan_backancity,108.648285
2025-03-02 16:00:00+00:00,angiang_longxuyen_bacgiang_bacgiangcity_backan_backancity,109.37773
2025-03-02 17:00:00+00:00,angiang_longxuyen_bacgiang_bacgiangcity_backan_backancity,109.36847
2025-03-02 18:00:00+00:00,angiang_longxuyen_bacgiang_bacgiangcity_backan_backancity,109.275406
2025-03-02 19:00:00+00:00,angiang_longxuyen_bacgiang_bacgiangcity_backan_backancity,109.083435
2025-03-02 20:00:00+00:00,angiang_longxuyen_bacgiang_bacgiangcity_backan_backancity,108.82921
2025-03-02 21:00:00+00:00,angiang_longxuyen_bacgiang_bacgiangcity_backan_backancity,108.3842
2025-03-02 22:00:00+00:00,angiang_longxuyen_bacgiang_bacgiangcity_backan_backancity,107.95778
2025-03-02 23:00:00+00:00,angiang_longxuyen_bacgiang_bacgiangcity_backan_backancity,107.66863
2025-03-03 00:00:00+00:00,angiang_longxuyen_bacgiang_bacgiangcity_backan_backancity,107.406235
2025-03-03 01:00:00+00:00,angiang_longxuyen_bacgiang_bacgiangcity_backan_backancity,107.259766
2025-03-03 02:00:00+00:00,angiang_longxuyen_bacgiang_bacgiangcity_backan_backancity,106.99881
2025-03-03 03:00:00+00:00,angiang_longxuyen_bacgiang_bacgiangcity_backan_backancity,107.049286
2025-03-03 04:00:00+00:00,angiang_longxuyen_bacgiang_bacgiangcity_backan_backancity,107.2109
2025-03-03 05:00:00+00:00,angiang_longxuyen_bacgiang_bacgiangcity_backan_backancity,107.41135
2025-03-03 06:00:00+00:00,angiang_longxuyen_bacgiang_bacgiangcity_backan_backancity,107.4582
2025-03-03 07:00:00+00:00,angiang_longxuyen_bacgiang_bacgiangcity_backan_backancity,107.427956
2025-03-03 08:00:00+00:00,angiang_longxuyen_bacgiang_bacgiangcity_backan_backancity,107.39121
2025-03-03 09:00:00+00:00,angiang_longxuyen_bacgiang_bacgiangcity_backan_backancity,107.36868
2025-03-03 10:00:00+00:00,angiang_longxuyen_bacgiang_bacgiangcity_backan_backancity,107.58173
2025-03-03 11:00:00+00:00,angiang_longxuyen_bacgiang_bacgiangcity_backan_backancity,107.70353
2025-03-03 12:00:00+00:00,angiang_longxuyen_bacgiang_bacgiangcity_backan_backancity,107.61802
2025-03-03 13:00:00+00:00,angiang_longxuyen_bacgiang_bacgiangcity_backan_backancity,107.50032
2025-03-03 14:00:00+00:00,angiang_longxuyen_bacgiang_bacgiangcity_backan_backancity,107.61046
2025-03-03 15:00:00+00:00,angiang_longxuyen_bacgiang_bacgiangcity_backan_backancity,107.848404
2025-03-03 16:00:00+00:00,angiang_longxuyen_bacgiang_bacgiangcity_backan_backancity,107.86985
2025-03-03 17:00:00+00:00,angiang_longxuyen_bacgiang_bacgiangcity_backan_backancity,107.7904
2025-03-03 18:00:00+00:00,angiang_longxuyen_bacgiang_bacgiangcity_backan_backancity,107.80275
2025-03-03 19:00:00+00:00,angiang_longxuyen_bacgiang_bacgiangcity_backan_backancity,107.638
2025-03-03 20:00:00+00:00,angiang_longxuyen_bacgiang_bacgiangcity_backan_backancity,107.49799
2025-03-03 21:00:00+00:00,angiang_longxuyen_bacgiang_bacgiangcity_backan_backancity,107.12433
2025-03-03 22:00:00+00:00,angiang_longxuyen_bacgiang_bacgiangcity_backan_backancity,106.79395
2025-03-03 23:00:00+00:00,angiang_longxuyen_bacgiang_bacgiangcity_backan_backancity,106.508934
2025-03-04 00:00:00+00:00,angiang_longxuyen_bacgiang_bacgiangcity_backan_backancity,106.232735
2025-03-04 01:00:00+00:00,angiang_longxuyen_bacgiang_bacgiangcity_backan_backancity,106.06035
2025-03-04 02:00:00+00:00,angiang_longxuyen_bacgiang_bacgiangcity_backan_backancity,106.08617
2025-03-04 03:00:00+00:00,angiang_longxuyen_bacgiang_bacgiangcity_backan_backancity,106.14357
2025-03-04 04:00:00+00:00,angiang_longxuyen_bacgiang_bacgiangcity_backan_backancity,106.21487
2025-03-04 05:00:00+00:00,angiang_longxuyen_bacgiang_bacgiangcity_backan_backancity,106.47394
2025-03-04 06:00:00+00:00,angiang_longxuyen_bacgiang_bacgiangcity_backan_backancity,106.801834
2025-03-04 07:00:00+00:00,angiang_longxuyen_bacgiang_bacgiangcity_backan_backancity,106.98188
2025-03-04 08:00:00+00:00,angiang_longxuyen_bacgiang_bacgiangcity_backan_backancity,107.25957
2025-03-04 09:00:00+00:00,angiang_longxuyen_bacgiang_bacgiangcity_backan_backancity,107.48042
2025-03-04 10:00:00+00:00,angiang_longxuyen_bacgiang_bacgiangcity_backan_backancity,107.72386
2025-03-04 11:00:00+00:00,angiang_longxuyen_bacgiang_bacgiangcity_backan_backancity,107.56173
2025-03-04 12:00:00+00:00,angiang_longxuyen_bacgiang_bacgiangcity_backan_backancity,107.27805
2025-03-04 13:00:00+00:00,angiang_longxuyen_bacgiang_bacgiangcity_backan_backancity,107.238144
2025-03-04 14:00:00+00:00,angiang_longxuyen_bacgiang_bacgiangcity_backan_backancity,107.26586
2025-03-04 15:00:00+00:00,angiang_longxuyen_bacgiang_bacgiangcity_backan_backancity,107.54043
2025-03-04 16:00:00+00:00,angiang_longxuyen_bacgiang_bacgiangcity_backan_backancity,107.100136
2025-03-04 17:00:00+00:00,angiang_longxuyen_bacgiang_bacgiangcity_backan_backancity,107.11672
2025-03-04 18:00:00+00:00,angiang_longxuyen_bacgiang_bacgiangcity_backan_backancity,107.08055
2025-03-04 19:00:00+00:00,angiang_longxuyen_bacgiang_bacgiangcity_backan_backancity,106.95461
2025-03-04 20:00:00+00:00,angiang_longxuyen_bacgiang_bacgiangcity_backan_backancity,106.854996
2025-03-04 21:00:00+00:00,angiang_longxuyen_bacgiang_bacgiangcity_backan_backancity,106.78031
2025-03-04 22:00:00+00:00,angiang_longxuyen_bacgiang_bacgiangcity_backan_backancity,106.69626
2025-03-04 23:00:00+00:00,angiang_longxuyen_bacgiang_bacgiangcity_backan_backancity,106.587
2025-03-05 00:00:00+00:00,angiang_longxuyen_bacgiang_bacgiangcity_backan_backancity,106.55596
2025-03-05 01:00:00+00:00,angiang_longxuyen_bacgiang_bacgiangcity_backan_backancity,106.64454
2025-03-05 02:00:00+00:00,angiang_longxuyen_bacgiang_bacgiangcity_backan_backancity,106.89569
2025-03-05 03:00:00+00:00,angiang_longxuyen_bacgiang_bacgiangcity_backan_backancity,107.30786
2025-03-05 04:00:00+00:00,angiang_longxuyen_bacgiang_bacgiangcity_backan_backancity,107.43818
2025-03-05 05:00:00+00:00,angiang_longxuyen_bacgiang_bacgiangcity_backan_backancity,107.77144
2025-03-05 06:00:00+00:00,angiang_longxuyen_bacgiang_bacgiangcity_backan_backancity,108.06854
2025-03-05 07:00:00+00:00,angiang_longxuyen_bacgiang_bacgiangcity_backan_backancity,108.15026
2025-03-05 08:00:00+00:00,angiang_longxuyen_bacgiang_bacgiangcity_backan_backancity,108.1038
2025-03-05 09:00:00+00:00,angiang_longxuyen_bacgiang_bacgiangcity_backan_backancity,108.211525
2025-03-05 10:00:00+00:00,angiang_longxuyen_bacgiang_bacgiangcity_backan_backancity,108.41021
2025-03-05 11:00:00+00:00,angiang_longxuyen_bacgiang_bacgiangcity_backan_backancity,108.64244
2025-03-05 12:00:00+00:00,angiang_longxuyen_bacgiang_bacgiangcity_backan_backancity,108.64901
2025-03-05 13:00:00+00:00,angiang_longxuyen_bacgiang_bacgiangcity_backan_backancity,108.56425
2025-03-05 14:00:00+00:00,angiang_longxuyen_bacgiang_bacgiangcity_backan_backancity,108.77242
2025-03-05 15:00:00+00:00,angiang_longxuyen_bacgiang_bacgiangcity_backan_backancity,109.11079
2025-03-05 16:00:00+00:00,angiang_longxuyen_bacgiang_bacgiangcity_backan_backancity,108.96784
2025-03-05 17:00:00+00:00,angiang_longxuyen_bacgiang_bacgiangcity_backan_backancity,109.05586
2025-03-05 18:00:00+00:00,angiang_longxuyen_bacgiang_bacgiangcity_backan_backancity,109.13835
2025-03-05 19:00:00+00:00,angiang_longxuyen_bacgiang_bacgiangcity_backan_backancity,109.16032
2025-03-05 20:00:00+00:00,angiang_longxuyen_bacgiang_bacgiangcity_backan_backancity,109.2567
2025-03-05 21:00:00+00:00,angiang_longxuyen_bacgiang_bacgiangcity_backan_backancity,109.23786
2025-03-05 22:00:00+00:00,angiang_longxuyen_bacgiang_bacgiangcity_backan_backancity,109.282036
2025-03-05 23:00:00+00:00,angiang_longxuyen_bacgiang_bacgiangcity_backan_backancity,109.31786
2025-03-06 00:00:00+00:00,angiang_longxuyen_bacgiang_bacgiangcity_backan_backancity,109.46844
2025-03-06 01:00:00+00:00,angiang_longxuyen_bacgiang_bacgiangcity_backan_backancity,109.72064
2025-03-06 02:00:00+00:00,angiang_longxuyen_bacgiang_bacgiangcity_backan_backancity,109.966866
2025-03-06 03:00:00+00:00,angiang_longxuyen_bacgiang_bacgiangcity_backan_backancity,110.51734
2025-03-06 04:00:00+00:00,angiang_longxuyen_bacgiang_bacgiangcity_backan_backancity,110.83226
2025-03-06 05:00:00+00:00,angiang_longxuyen_bacgiang_bacgiangcity_backan_backancity,111.25709
2025-03-06 06:00:00+00:00,angiang_longxuyen_bacgiang_bacgiangcity_backan_backancity,111.49225
2025-03-06 07:00:00+00:00,angiang_longxuyen_bacgiang_bacgiangcity_backan_backancity,111.478294
2025-03-06 08:00:00+00:00,angiang_longxuyen_bacgiang_bacgiangcity_backan_backancity,111.47252
2025-03-06 09:00:00+00:00,angiang_longxuyen_bacgiang_bacgiangcity_backan_backancity,111.574905
2025-03-06 10:00:00+00:00,angiang_longxuyen_bacgiang_bacgiangcity_backan_backancity,111.658134
2025-03-06 11:00:00+00:00,angiang_longxuyen_bacgiang_bacgiangcity_backan_backancity,111.38842
2025-03-06 12:00:00+00:00,angiang_longxuyen_bacgiang_bacgiangcity_backan_backancity,111.329865
2025-03-06 13:00:00+00:00,angiang_longxuyen_bacgiang_bacgiangcity_backan_backancity,111.28225
2025-03-06 14:00:00+00:00,angiang_longxuyen_bacgiang_bacgiangcity_backan_backancity,111.863686
2025-03-06 15:00:00+00:00,angiang_longxuyen_bacgiang_bacgiangcity_backan_backancity,112.559814
2025-03-06 16:00:00+00:00,angiang_longxuyen_bacgiang_bacgiangcity_backan_backancity,113.136925
2025-03-06 17:00:00+00:00,angiang_longxuyen_bacgiang_bacgiangcity_backan_backancity,113.49192
2025-03-06 18:00:00+00:00,angiang_longxuyen_bacgiang_bacgiangcity_backan_backancity,113.27898
2025-03-06 19:00:00+00:00,angiang_longxuyen_bacgiang_bacgiangcity_backan_backancity,113.22663
2025-03-06 20:00:00+00:00,angiang_longxuyen_bacgiang_bacgiangcity_backan_backancity,113.58794
2025-03-06 21:00:00+00:00,angiang_longxuyen_bacgiang_bacgiangcity_backan_backancity,113.658844
2025-03-06 22:00:00+00:00,angiang_longxuyen_bacgiang_bacgiangcity_backan_backancity,113.69755
2025-03-06 23:00:00+00:00,angiang_longxuyen_bacgiang_bacgiangcity_backan_backancity,113.90648
2025-03-07 00:00:00+00:00,angiang_longxuyen_bacgiang_bacgiangcity_backan_backancity,114.04552
2025-03-07 01:00:00+00:00,angiang_longxuyen_bacgiang_bacgiangcity_backan_backancity,114.006256
2025-03-07 02:00:00+00:00,angiang_longxuyen_bacgiang_bacgiangcity_backan_backancity,113.72516
2025-03-07 03:00:00+00:00,angiang_longxuyen_bacgiang_bacgiangcity_backan_backancity,113.12319
2025-03-07 04:00:00+00:00,angiang_longxuyen_bacgiang_bacgiangcity_backan_backancity,112.38622
2025-03-07 05:00:00+00:00,angiang_longxuyen_bacgiang_bacgiangcity_backan_backancity,112.18596
2025-03-07 06:00:00+00:00,angiang_longxuyen_bacgiang_bacgiangcity_backan_backancity,112.07795
2025-03-07 07:00:00+00:00,angiang_longxuyen_bacgiang_bacgiangcity_backan_backancity,111.89744
2025-03-07 08:00:00+00:00,angiang_longxuyen_bacgiang_bacgiangcity_backan_backancity,111.76932
2025-03-07 09:00:00+00:00,angiang_longxuyen_bacgiang_bacgiangcity_backan_backancity,111.76903
2025-03-07 10:00:00+00:00,angiang_longxuyen_bacgiang_bacgiangcity_backan_backancity,111.84683
2025-03-07 11:00:00+00:00,angiang_longxuyen_bacgiang_bacgiangcity_backan_backancity,111.798386
2025-03-07 12:00:00+00:00,angiang_longxuyen_bacgiang_bacgiangcity_backan_backancity,111.5977
2025-03-07 13:00:00+00:00,angiang_longxuyen_bacgiang_bacgiangcity_backan_backancity,111.308716
2025-03-07 14:00:00+00:00,angiang_longxuyen_bacgiang_bacgiangcity_backan_backancity,111.74282
2025-03-07 15:00:00+00:00,angiang_longxuyen_bacgiang_bacgiangcity_backan_backancity,112.07831
2025-03-07 16:00:00+00:00,angiang_longxuyen_bacgiang_bacgiangcity_backan_backancity,112.68063
2025-03-07 17:00:00+00:00,angiang_longxuyen_bacgiang_bacgiangcity_backan_backancity,112.94005
2025-03-07 18:00:00+00:00,angiang_longxuyen_bacgiang_bacgiangcity_backan_backancity,112.95178
2025-03-07 19:00:00+00:00,angiang_longxuyen_bacgiang_bacgiangcity_backan_backancity,113.16741
2025-03-07 20:00:00+00:00,angiang_longxuyen_bacgiang_bacgiangcity_backan_backancity,113.22225
2025-03-07 21:00:00+00:00,angiang_longxuyen_bacgiang_bacgiangcity_backan_backancity,113.233536
2025-03-07 22:00:00+00:00,angiang_longxuyen_bacgiang_bacgiangcity_backan_backancity,113.12229
2025-03-07 23:00:00+00:00,angiang_longxuyen_bacgiang_bacgiangcity_backan_backancity,112.70854
2025-03-08 00:00:00+00:00,angiang_longxuyen_bacgiang_bacgiangcity_backan_backancity,112.09003
2025-03-08 01:00:00+00:00,angiang_longxuyen_bacgiang_bacgiangcity_backan_backancity,111.516624
2025-03-08 02:00:00+00:00,angiang_longxuyen_bacgiang_bacgiangcity_backan_backancity,111.15835
2025-03-08 03:00:00+00:00,angiang_longxuyen_bacgiang_bacgiangcity_backan_backancity,110.70801
2025-03-08 04:00:00+00:00,angiang_longxuyen_bacgiang_bacgiangcity_backan_backancity,111.26897
2025-03-08 05:00:00+00:00,angiang_longxuyen_bacgiang_bacgiangcity_backan_backancity,111.20536
2025-03-08 06:00:00+00:00,angiang_longxuyen_bacgiang_bacgiangcity_backan_backancity,110.98068
2025-03-08 07:00:00+00:00,angiang_longxuyen_bacgiang_bacgiangcity_backan_backancity,110.80718
2025-03-08 08:00:00+00:00,angiang_longxuyen_bacgiang_bacgiangcity_backan_backancity,110.73142
2025-03-08 09:00:00+00:00,angiang_longxuyen_bacgiang_bacgiangcity_backan_backancity,110.86209
2025-03-08 10:00:00+00:00,angiang_longxuyen_bacgiang_bacgiangcity_backan_backancity,110.9879
2025-03-08 11:00:00+00:00,angiang_longxuyen_bacgiang_bacgiangcity_backan_backancity,111.081184
2025-03-08 12:00:00+00:00,angiang_longxuyen_bacgiang_bacgiangcity_backan_backancity,110.95701
2025-03-08 13:00:00+00:00,angiang_longxuyen_bacgiang_bacgiangcity_backan_backancity,110.86793
2025-03-08 14:00:00+00:00,angiang_longxuyen_bacgiang_bacgiangcity_backan_backancity,111.60193
2025-03-08 15:00:00+00:00,angiang_longxuyen_bacgiang_bacgiangcity_backan_backancity,112.63869
2025-03-08 16:00:00+00:00,angiang_longxuyen_bacgiang_bacgiangcity_backan_backancity,111.971085
2025-03-08 17:00:00+00:00,angiang_longxuyen_bacgiang_bacgiangcity_backan_backancity,112.59552
2025-03-08 18:00:00+00:00,angiang_longxuyen_bacgiang_bacgiangcity_backan_backancity,112.961334
2025-03-08 19:00:00+00:00,angiang_longxuyen_bacgiang_bacgiangcity_backan_backancity,113.12883
2025-03-08 20:00:00+00:00,angiang_longxuyen_bacgiang_bacgiangcity_backan_backancity,113.09479
2025-03-08 21:00:00+00:00,angiang_longxuyen_bacgiang_bacgiangcity_backan_backancity,113.05377
2025-03-08 22:00:00+00:00,angiang_longxuyen_bacgiang_bacgiangcity_backan_backancity,112.85852
2025-03-08 23:00:00+00:00,angiang_longxuyen_bacgiang_bacgiangcity_backan_backancity,112.945045
2025-03-09 00:00:00+00:00,angiang_longxuyen_bacgiang_bacgiangcity_backan_backancity,113.11512
2025-03-09 01:00:00+00:00,angiang_longxuyen_bacgiang_bacgiangcity_backan_backancity,113.1402
2025-03-09 02:00:00+00:00,angiang_longxuyen_bacgiang_bacgiangcity_backan_backancity,113.29115
2025-03-09 03:00:00+00:00,angiang_longxuyen_bacgiang_bacgiangcity_backan_backancity,113.3157
2025-03-09 04:00:00+00:00,angiang_longxuyen_bacgiang_bacgiangcity_backan_backancity,113.3004
2025-03-09 05:00:00+00:00,angiang_longxuyen_bacgiang_bacgiangcity_backan_backancity,113.59445
2025-03-09 06:00:00+00:00,angiang_longxuyen_bacgiang_bacgiangcity_backan_backancity,113.91604
2025-03-09 07:00:00+00:00,angiang_longxuyen_bacgiang_bacgiangcity_backan_backancity,113.99177
2025-03-09 08:00:00+00:00,angiang_longxuyen_bacgiang_bacgiangcity_backan_backancity,113.876274
2025-03-09 09:00:00+00:00,angiang_longxuyen_bacgiang_bacgiangcity_backan_backancity,113.7134
2025-03-09 10:00:00+00:00,angiang_longxuyen_bacgiang_bacgiangcity_backan_backancity,113.53154
2025-03-09 11:00:00+00:00,angiang_longxuyen_bacgiang_bacgiangcity_backan_backancity,113.20082
2025-03-09 12:00:00+00:00,angiang_longxuyen_bacgiang_bacgiangcity_backan_backancity,113.07307
2025-03-09 13:00:00+00:00,angiang_longxuyen_bacgiang_bacgiangcity_backan_backancity,112.97596
2025-03-09 14:00:00+00:00,angiang_longxuyen_bacgiang_bacgiangcity_backan_backancity,113.80188
2025-03-09 15:00:00+00:00,angiang_longxuyen_bacgiang_bacgiangcity_backan_backancity,114.95054
2025-03-09 16:00:00+00:00,angiang_longxuyen_bacgiang_bacgiangcity_backan_backancity,114.4775
2025-03-09 17:00:00+00:00,angiang_longxuyen_bacgiang_bacgiangcity_backan_backancity,114.9697
2025-03-09 18:00:00+00:00,angiang_longxuyen_bacgiang_bacgiangcity_backan_backancity,115.02278
2025-03-09 19:00:00+00:00,angiang_longxuyen_bacgiang_bacgiangcity_backan_backancity,115.0013
2025-03-09 20:00:00+00:00,angiang_longxuyen_bacgiang_bacgiangcity_backan_backancity,114.788475
2025-03-09 21:00:00+00:00,angiang_longxuyen_bacgiang_bacgiangcity_backan_backancity,114.46922
2025-03-09 22:00:00+00:00,angiang_longxuyen_bacgiang_bacgiangcity_backan_backancity,114.36388
2025-03-09 23:00:00+00:00,angiang_longxuyen_bacgiang_bacgiangcity_backan_backancity,114.43802
2025-03-10 00:00:00+00:00,angiang_longxuyen_bacgiang_bacgiangcity_backan_backancity,114.72636
2025-03-10 01:00:00+00:00,angiang_longxuyen_bacgiang_bacgiangcity_backan_backancity,114.92771
2025-03-10 02:00:00+00:00,angiang_longxuyen_bacgiang_bacgiangcity_backan_backancity,115.34965
2025-03-10 03:00:00+00:00,angiang_longxuyen_bacgiang_bacgiangcity_backan_backancity,115.59896
2025-03-10 04:00:00+00:00,angiang_longxuyen_bacgiang_bacgiangcity_backan_backancity,115.598076
2025-03-10 05:00:00+00:00,angiang_longxuyen_bacgiang_bacgiangcity_backan_backancity,116.099945
2025-03-10 06:00:00+00:00,angiang_longxuyen_bacgiang_bacgiangcity_backan_backancity,116.14033
2025-03-10 07:00:00+00:00,angiang_longxuyen_bacgiang_bacgiangcity_backan_backancity,116.21143
2025-03-10 08:00:00+00:00,angiang_longxuyen_bacgiang_bacgiangcity_backan_backancity,116.1199
2025-03-10 09:00:00+00:00,angiang_longxuyen_bacgiang_bacgiangcity_backan_backancity,115.590515
2025-03-10 10:00:00+00:00,angiang_longxuyen_bacgiang_bacgiangcity_backan_backancity,115.323364
2025-03-10 11:00:00+00:00,angiang_longxuyen_bacgiang_bacgiangcity_backan_backancity,115.11061
2025-03-10 12:00:00+00:00,angiang_longxuyen_bacgiang_bacgiangcity_backan_backancity,114.4033
2025-03-10 13:00:00+00:00,angiang_longxuyen_bacgiang_bacgiangcity_backan_backancity,114.42239
2025-03-10 14:00:00+00:00,angiang_longxuyen_bacgiang_bacgiangcity_backan_backancity,114.74817
2025-03-10 15:00:00+00:00,angiang_longxuyen_bacgiang_bacgiangcity_backan_backancity,115.37193
2025-03-10 16:00:00+00:00,angiang_longxuyen_bacgiang_bacgiangcity_backan_backancity,116.17019
2025-03-10 17:00:00+00:00,angiang_longxuyen_bacgiang_bacgiangcity_backan_backancity,115.91321
2025-03-10 18:00:00+00:00,angiang_longxuyen_bacgiang_bacgiangcity_backan_backancity,115.2682
2025-03-10 19:00:00+00:00,angiang_longxuyen_bacgiang_bacgiangcity_backan_backancity,114.98591
2025-03-10 20:00:00+00:00,angiang_longxuyen_bacgiang_bacgiangcity_backan_backancity,114.45392
2025-03-10 21:00:00+00:00,angiang_longxuyen_bacgiang_bacgiangcity_backan_backancity,114.4611
2025-03-10 22:00:00+00:00,angiang_longxuyen_bacgiang_bacgiangcity_backan_backancity,114.23923
2025-03-10 23:00:00+00:00,angiang_longxuyen_bacgiang_bacgiangcity_backan_backancity,114.13436
2025-03-11 00:00:00+00:00,angiang_longxuyen_bacgiang_bacgiangcity_backan_backancity,114.23211
2025-03-11 01:00:00+00:00,angiang_longxuyen_bacgiang_bacgiangcity_backan_backancity,114.21285
2025-03-11 02:00:00+00:00,angiang_longxuyen_bacgiang_bacgiangcity_backan_backancity,114.10947
2025-03-11 03:00:00+00:00,angiang_longxuyen_bacgiang_bacgiangcity_backan_backancity,113.932755
2025-03-11 04:00:00+00:00,angiang_longxuyen_bacgiang_bacgiangcity_backan_backancity,113.72214
2025-03-11 05:00:00+00:00,angiang_longxuyen_bacgiang_bacgiangcity_backan_backancity,112.74176
2025-03-11 06:00:00+00:00,angiang_longxuyen_bacgiang_bacgiangcity_backan_backancity,112.31794
2025-03-11 07:00:00+00:00,angiang_longxuyen_bacgiang_bacgiangcity_backan_backancity,112.2039
2025-03-11 08:00:00+00:00,angiang_longxuyen_bacgiang_bacgiangcity_backan_backancity,111.7102
2025-03-11 09:00:00+00:00,angiang_longxuyen_bacgiang_bacgiangcity_backan_backancity,111.603966
2025-03-11 10:00:00+00:00,angiang_longxuyen_bacgiang_bacgiangcity_backan_backancity,111.52031
2025-03-11 11:00:00+00:00,angiang_longxuyen_bacgiang_bacgiangcity_backan_backancity,111.359634
2025-03-11 12:00:00+00:00,angiang_longxuyen_bacgiang_bacgiangcity_backan_backancity,111.08562
2025-03-11 13:00:00+00:00,angiang_longxuyen_bacgiang_bacgiangcity_backan_backancity,110.66476
2025-03-11 14:00:00+00:00,angiang_longxuyen_bacgiang_bacgiangcity_backan_backancity,111.10557
2025-03-11 15:00:00+00:00,angiang_longxuyen_bacgiang_bacgiangcity_backan_backancity,111.6635
2025-03-11 16:00:00+00:00,angiang_longxuyen_bacgiang_bacgiangcity_backan_backancity,111.68614
2025-03-11 17:00:00+00:00,angiang_longxuyen_bacgiang_bacgiangcity_backan_backancity,112.17406
2025-03-11 18:00:00+00:00,angiang_longxuyen_bacgiang_bacgiangcity_backan_backancity,112.31795
2025-03-11 19:00:00+00:00,angiang_longxuyen_bacgiang_bacgiangcity_backan_backancity,112.09408
2025-03-11 20:00:00+00:00,angiang_longxuyen_bacgiang_bacgiangcity_backan_backancity,111.89806
2025-03-11 21:00:00+00:00,angiang_longxuyen_bacgiang_bacgiangcity_backan_backancity,112.03929
2025-03-11 22:00:00+00:00,angiang_longxuyen_bacgiang_bacgiangcity_backan_backancity,112.38645
2025-03-11 23:00:00+00:00,angiang_longxuyen_bacgiang_bacgiangcity_backan_backancity,112.85412
2025-03-12 00:00:00+00:00,angiang_longxuyen_bacgiang_bacgiangcity_backan_backancity,112.9527
2025-03-12 01:00:00+00:00,angiang_longxuyen_bacgiang_bacgiangcity_backan_backancity,112.72897
2025-03-12 02:00:00+00:00,angiang_longxuyen_bacgiang_bacgiangcity_backan_backancity,112.51833
2025-03-12 03:00:00+00:00,angiang_longxuyen_bacgiang_bacgiangcity_backan_backancity,112.10532
2025-03-12 04:00:00+00:00,angiang_longxuyen_bacgiang_bacgiangcity_backan_backancity,111.80838
2025-03-12 05:00:00+00:00,angiang_longxuyen_bacgiang_bacgiangcity_backan_backancity,111.664215
2025-03-12 06:00:00+00:00,angiang_longxuyen_bacgiang_bacgiangcity_backan_backancity,111.916824
2025-03-12 07:00:00+00:00,angiang_longxuyen_bacgiang_bacgiangcity_backan_backancity,111.61198
2025-03-12 08:00:00+00:00,angiang_longxuyen_bacgiang_bacgiangcity_backan_backancity,111.526634
2025-03-12 09:00:00+00:00,angiang_longxuyen_bacgiang_bacgiangcity_backan_backancity,122.54306
2025-03-12 10:00:00+00:00,angiang_longxuyen_bacgiang_bacgiangcity_backan_backancity,122.725624
2025-03-12 11:00:00+00:00,angiang_longxuyen_bacgiang_bacgiangcity_backan_backancity,122.33537
2025-03-12 12:00:00+00:00,angiang_longxuyen_bacgiang_bacgiangcity_backan_backancity,121.41759
2025-03-12 13:00:00+00:00,angiang_longxuyen_bacgiang_bacgiangcity_backan_backancity,119.13277
2025-03-12 14:00:00+00:00,angiang_longxuyen_bacgiang_bacgiangcity_backan_backancity,118.56788
2025-03-12 15:00:00+00:00,angiang_longxuyen_bacgiang_bacgiangcity_backan_backancity,117.41949
2025-03-12 16:00:00+00:00,angiang_longxuyen_bacgiang_bacgiangcity_backan_backancity,116.62973
2025-03-12 17:00:00+00:00,angiang_longxuyen_bacgiang_bacgiangcity_backan_backancity,115.73325
2025-03-12 18:00:00+00:00,angiang_longxuyen_bacgiang_bacgiangcity_backan_backancity,115.27664
2025-03-12 19:00:00+00:00,angiang_longxuyen_bacgiang_bacgiangcity_backan_backancity,114.87543
2025-03-12 20:00:00+00:00,angiang_longxuyen_bacgiang_bacgiangcity_backan_backancity,114.092224
2025-03-12 21:00:00+00:00,angiang_longxuyen_bacgiang_bacgiangcity_backan_backancity,113.77208
2025-03-12 22:00:00+00:00,angiang_longxuyen_bacgiang_bacgiangcity_backan_backancity,113.59918
2025-03-12 23:00:00+00:00,angiang_longxuyen_bacgiang_bacgiangcity_backan_backancity,114.89905
2025-03-13 00:00:00+00:00,angiang_longxuyen_bacgiang_bacgiangcity_backan_backancity,116.156075
2025-03-13 01:00:00+00:00,angiang_longxuyen_bacgiang_bacgiangcity_backan_backancity,116.30154
2025-03-13 02:00:00+00:00,angiang_longxuyen_bacgiang_bacgiangcity_backan_backancity,116.2377
2025-03-13 03:00:00+00:00,angiang_longxuyen_bacgiang_bacgiangcity_backan_backancity,115.86103
2025-03-13 04:00:00+00:00,angiang_longxuyen_bacgiang_bacgiangcity_backan_backancity,115.52393
2025-03-13 05:00:00+00:00,angiang_longxuyen_bacgiang_bacgiangcity_backan_backancity,116.14572
2025-03-13 06:00:00+00:00,angiang_longxuyen_bacgiang_bacgiangcity_backan_backancity,116.42587
2025-03-13 07:00:00+00:00,angiang_longxuyen_bacgiang_bacgiangcity_backan_backancity,116.65771
2025-03-13 08:00:00+00:00,angiang_longxuyen_bacgiang_bacgiangcity_backan_backancity,116.65024
2025-03-13 09:00:00+00:00,angiang_longxuyen_bacgiang_bacgiangcity_backan_backancity,116.27342
2025-03-13 10:00:00+00:00,angiang_longxuyen_bacgiang_bacgiangcity_backan_backancity,115.892456
2025-03-13 11:00:00+00:00,angiang_longxuyen_bacgiang_bacgiangcity_backan_backancity,115.51237
2025-03-13 12:00:00+00:00,angiang_longxuyen_bacgiang_bacgiangcity_backan_backancity,114.93683
2025-03-13 13:00:00+00:00,angiang_longxuyen_bacgiang_bacgiangcity_backan_backancity,113.96436
2025-03-13 14:00:00+00:00,angiang_longxuyen_bacgiang_bacgiangcity_backan_backancity,113.41115
2025-03-13 15:00:00+00:00,angiang_longxuyen_bacgiang_bacgiangcity_backan_backancity,113.0667
2025-03-13 16:00:00+00:00,angiang_longxuyen_bacgiang_bacgiangcity_backan_backancity,112.465614
2025-03-13 17:00:00+00:00,angiang_longxuyen_bacgiang_bacgiangcity_backan_backancity,112.45109
2025-03-13 18:00:00+00:00,angiang_longxuyen_bacgiang_bacgiangcity_backan_backancity,112.5278
2025-03-13 19:00:00+00:00,angiang_longxuyen_bacgiang_bacgiangcity_backan_backancity,112.64473
2025-03-13 20:00:00+00:00,angiang_longxuyen_bacgiang_bacgiangcity_backan_backancity,112.744385
2025-03-13 21:00:00+00:00,angiang_longxuyen_bacgiang_bacgiangcity_backan_backancity,112.68734
2025-03-13 22:00:00+00:00,angiang_longxuyen_bacgiang_bacgiangcity_backan_backancity,112.98188
2025-03-13 23:00:00+00:00,angiang_longxuyen_bacgiang_bacgiangcity_backan_backancity,113.79204
2025-03-14 00:00:00+00:00,angiang_longxuyen_bacgiang_bacgiangcity_backan_backancity,115.11201
2025-03-14 01:00:00+00:00,angiang_longxuyen_bacgiang_bacgiangcity_backan_backancity,115.09346
2025-03-14 02:00:00+00:00,angiang_longxuyen_bacgiang_bacgiangcity_backan_backancity,114.81108
2025-03-14 03:00:00+00:00,angiang_longxuyen_bacgiang_bacgiangcity_backan_backancity,114.74716
2025-03-14 04:00:00+00:00,angiang_longxuyen_bacgiang_bacgiangcity_backan_backancity,114.45514
2025-03-14 05:00:00+00:00,angiang_longxuyen_bacgiang_bacgiangcity_backan_backancity,114.29534
2025-03-14 06:00:00+00:00,angiang_longxuyen_bacgiang_bacgiangcity_backan_backancity,114.20375
2025-03-14 07:00:00+00:00,angiang_longxuyen_bacgiang_bacgiangcity_backan_backancity,114.2764
2025-03-14 08:00:00+00:00,angiang_longxuyen_bacgiang_bacgiangcity_backan_backancity,114.6506
2025-03-14 09:00:00+00:00,angiang_longxuyen_bacgiang_bacgiangcity_backan_backancity,115.28126
2025-03-14 10:00:00+00:00,angiang_longxuyen_bacgiang_bacgiangcity_backan_backancity,116.40984
2025-03-14 11:00:00+00:00,angiang_longxuyen_bacgiang_bacgiangcity_backan_backancity,116.96421
2025-03-14 12:00:00+00:00,angiang_longxuyen_bacgiang_bacgiangcity_backan_backancity,117.28396
2025-03-14 13:00:00+00:00,angiang_longxuyen_bacgiang_bacgiangcity_backan_backancity,117.343864
2025-03-14 14:00:00+00:00,angiang_longxuyen_bacgiang_bacgiangcity_backan_backancity,117.76185
2025-03-14 15:00:00+00:00,angiang_longxuyen_bacgiang_bacgiangcity_backan_backancity,116.95867
2025-03-14 16:00:00+00:00,angiang_longxuyen_bacgiang_bacgiangcity_backan_backancity,116.519226
2025-03-14 17:00:00+00:00,angiang_longxuyen_bacgiang_bacgiangcity_backan_backancity,115.91923
2025-03-14 18:00:00+00:00,angiang_longxuyen_bacgiang_bacgiangcity_backan_backancity,115.758415
2025-03-14 19:00:00+00:00,angiang_longxuyen_bacgiang_bacgiangcity_backan_backancity,115.29135
2025-03-14 20:00:00+00:00,angiang_longxuyen_bacgiang_bacgiangcity_backan_backancity,114.98258
2025-03-14 21:00:00+00:00,angiang_longxuyen_bacgiang_bacgiangcity_backan_backancity,114.12994
2025-03-14 22:00:00+00:00,angiang_longxuyen_bacgiang_bacgiangcity_backan_backancity,114.2184
2025-03-14 23:00:00+00:00,angiang_longxuyen_bacgiang_bacgiangcity_backan_backancity,115.36006
2025-03-15 00:00:00+00:00,angiang_longxuyen_bacgiang_bacgiangcity_backan_backancity,116.47261
2025-03-15 01:00:00+00:00,angiang_longxuyen_bacgiang_bacgiangcity_backan_backancity,116.086586
2025-03-15 02:00:00+00:00,angiang_longxuyen_bacgiang_bacgiangcity_backan_backancity,115.76036
2025-03-15 03:00:00+00:00,angiang_longxuyen_bacgiang_bacgiangcity_backan_backancity,115.79479
2025-03-15 04:00:00+00:00,angiang_longxuyen_bacgiang_bacgiangcity_backan_backancity,115.71335
2025-03-15 05:00:00+00:00,angiang_longxuyen_bacgiang_bacgiangcity_backan_backancity,116.02095
2025-03-15 06:00:00+00:00,angiang_longxuyen_bacgiang_bacgiangcity_backan_backancity,116.25217
2025-03-15 07:00:00+00:00,angiang_longxuyen_bacgiang_bacgiangcity_backan_backancity,116.63223
2025-03-15 08:00:00+00:00,angiang_longxuyen_bacgiang_bacgiangcity_backan_backancity,116.01858
2025-03-15 09:00:00+00:00,angiang_longxuyen_bacgiang_bacgiangcity_backan_backancity,115.218864
2025-03-15 10:00:00+00:00,angiang_longxuyen_bacgiang_bacgiangcity_backan_backancity,114.398674
2025-03-15 11:00:00+00:00,angiang_longxuyen_bacgiang_bacgiangcity_backan_backancity,113.674706
2025-03-15 12:00:00+00:00,angiang_longxuyen_bacgiang_bacgiangcity_backan_backancity,113.16248
2025-03-15 13:00:00+00:00,angiang_longxuyen_bacgiang_bacgiangcity_backan_backancity,112.72059
2025-03-15 14:00:00+00:00,angiang_longxuyen_bacgiang_bacgiangcity_backan_backancity,112.13908
2025-03-15 15:00:00+00:00,angiang_longxuyen_bacgiang_bacgiangcity_backan_backancity,111.31195
2025-03-15 16:00:00+00:00,angiang_longxuyen_bacgiang_bacgiangcity_backan_backancity,110.83567
2025-03-15 17:00:00+00:00,angiang_longxuyen_bacgiang_bacgiangcity_backan_backancity,110.90057
2025-03-15 18:00:00+00:00,angiang_longxuyen_bacgiang_bacgiangcity_backan_backancity,111.04657
2025-03-15 19:00:00+00:00,angiang_longxuyen_bacgiang_bacgiangcity_backan_backancity,111.089745
2025-03-15 20:00:00+00:00,angiang_longxuyen_bacgiang_bacgiangcity_backan_backancity,111.02064
2025-03-15 21:00:00+00:00,angiang_longxuyen_bacgiang_bacgiangcity_backan_backancity,111.29698
2025-03-15 22:00:00+00:00,angiang_longxuyen_bacgiang_bacgiangcity_backan_backancity,111.398186
2025-03-15 23:00:00+00:00,angiang_longxuyen_bacgiang_bacgiangcity_backan_backancity,111.847694
2025-03-16 00:00:00+00:00,angiang_longxuyen_bacgiang_bacgiangcity_backan_backancity,112.152145
2025-03-16 01:00:00+00:00,angiang_longxuyen_bacgiang_bacgiangcity_backan_backancity,111.854706
2025-03-16 02:00:00+00:00,angiang_longxuyen_bacgiang_bacgiangcity_backan_backancity,111.66935
2025-03-16 03:00:00+00:00,angiang_longxuyen_bacgiang_bacgiangcity_backan_backancity,111.657326
2025-03-16 04:00:00+00:00,angiang_longxuyen_bacgiang_bacgiangcity_backan_backancity,111.51234
2025-03-16 05:00:00+00:00,angiang_longxuyen_bacgiang_bacgiangcity_backan_backancity,112.011246
2025-03-16 06:00:00+00:00,angiang_longxuyen_bacgiang_bacgiangcity_backan_backancity,112.14202
2025-03-16 07:00:00+00:00,angiang_longxuyen_bacgiang_bacgiangcity_backan_backancity,111.94441
2025-03-16 08:00:00+00:00,angiang_longxuyen_bacgiang_bacgiangcity_backan_backancity,111.73172
2025-03-16 09:00:00+00:00,angiang_longxuyen_bacgiang_bacgiangcity_backan_backancity,111.65692
2025-03-16 10:00:00+00:00,angiang_longxuyen_bacgiang_bacgiangcity_backan_backancity,111.72906
2025-03-16 11:00:00+00:00,angiang_longxuyen_bacgiang_bacgiangcity_backan_backancity,111.66431
2025-03-16 12:00:00+00:00,angiang_longxuyen_bacgiang_bacgiangcity_backan_backancity,111.756424
2025-03-16 13:00:00+00:00,angiang_longxuyen_bacgiang_bacgiangcity_backan_backancity,111.4778
2025-03-16 14:00:00+00:00,angiang_longxuyen_bacgiang_bacgiangcity_backan_backancity,111.42998
2025-03-16 15:00:00+00:00,angiang_longxuyen_bacgiang_bacgiangcity_backan_backancity,111.61939
2025-03-16 16:00:00+00:00,angiang_longxuyen_bacgiang_bacgiangcity_backan_backancity,111.49348
2025-03-16 17:00:00+00:00,angiang_longxuyen_bacgiang_bacgiangcity_backan_backancity,111.3639
2025-03-16 18:00:00+00:00,angiang_longxuyen_bacgiang_bacgiangcity_backan_backancity,111.08016
2025-03-16 19:00:00+00:00,angiang_longxuyen_bacgiang_bacgiangcity_backan_backancity,110.80879
2025-03-16 20:00:00+00:00,angiang_longxuyen_bacgiang_bacgiangcity_backan_backancity,110.80777
2025-03-16 21:00:00+00:00,angiang_longxuyen_bacgiang_bacgiangcity_backan_backancity,110.81663
2025-03-16 22:00:00+00:00,angiang_longxuyen_bacgiang_bacgiangcity_backan_backancity,111.119225
2025-03-16 23:00:00+00:00,angiang_longxuyen_bacgiang_bacgiangcity_backan_backancity,111.62419
2025-03-17 00:00:00+00:00,angiang_longxuyen_bacgiang_bacgiangcity_backan_backancity,112.22218
2025-03-17 01:00:00+00:00,angiang_longxuyen_bacgiang_bacgiangcity_backan_backancity,112.38808
2025-03-17 02:00:00+00:00,angiang_longxuyen_bacgiang_bacgiangcity_backan_backancity,112.1355
2025-03-17 03:00:00+00:00,angiang_longxuyen_bacgiang_bacgiangcity_backan_backancity,111.86443
2025-03-17 04:00:00+00:00,angiang_longxuyen_bacgiang_bacgiangcity_backan_backancity,111.597534
2025-03-17 05:00:00+00:00,angiang_longxuyen_bacgiang_bacgiangcity_backan_backancity,111.28581
2025-03-17 06:00:00+00:00,angiang_longxuyen_bacgiang_bacgiangcity_backan_backancity,110.76987
2025-03-17 07:00:00+00:00,angiang_longxuyen_bacgiang_bacgiangcity_backan_backancity,110.23551
2025-03-17 08:00:00+00:00,angiang_longxuyen_bacgiang_bacgiangcity_backan_backancity,109.999176
2025-03-17 09:00:00+00:00,angiang_longxuyen_bacgiang_bacgiangcity_backan_backancity,109.67971
2025-03-17 10:00:00+00:00,angiang_longxuyen_bacgiang_bacgiangcity_backan_backancity,109.64499
2025-03-17 11:00:00+00:00,angiang_longxuyen_bacgiang_bacgiangcity_backan_backancity,109.5456
2025-03-17 12:00:00+00:00,angiang_longxuyen_bacgiang_bacgiangcity_backan_backancity,109.55233
2025-03-17 13:00:00+00:00,angiang_longxuyen_bacgiang_bacgiangcity_backan_backancity,109.993576
2025-03-17 14:00:00+00:00,angiang_longxuyen_bacgiang_bacgiangcity_backan_backancity,109.92924
2025-03-17 15:00:00+00:00,angiang_longxuyen_bacgiang_bacgiangcity_backan_backancity,109.79294
2025-03-17 16:00:00+00:00,angiang_longxuyen_bacgiang_bacgiangcity_backan_backancity,109.436844
2025-03-17 17:00:00+00:00,angiang_longxuyen_bacgiang_bacgiangcity_backan_backancity,109.27457
2025-03-17 18:00:00+00:00,angiang_longxuyen_bacgiang_bacgiangcity_backan_backancity,109.41876
2025-03-17 19:00:00+00:00,angiang_longxuyen_bacgiang_bacgiangcity_backan_backancity,109.55148
2025-03-17 20:00:00+00:00,angiang_longxuyen_bacgiang_bacgiangcity_backan_backancity,109.51163
2025-03-17 21:00:00+00:00,angiang_longxuyen_bacgiang_bacgiangcity_backan_backancity,109.38602
2025-03-17 22:00:00+00:00,angiang_longxuyen_bacgiang_bacgiangcity_backan_backancity,109.528404
2025-03-17 23:00:00+00:00,angiang_longxuyen_bacgiang_bacgiangcity_backan_backancity,109.91699
2025-03-18 00:00:00+00:00,angiang_longxuyen_bacgiang_bacgiangcity_backan_backancity,110.398964
2025-03-18 01:00:00+00:00,angiang_longxuyen_bacgiang_bacgiangcity_backan_backancity,110.38622
2025-03-18 02:00:00+00:00,angiang_longxuyen_bacgiang_bacgiangcity_backan_backancity,110.23837
2025-03-18 03:00:00+00:00,angiang_longxuyen_bacgiang_bacgiangcity_backan_backancity,109.98484
2025-03-18 04:00:00+00:00,angiang_longxuyen_bacgiang_bacgiangcity_backan_backancity,109.84794
2025-03-18 05:00:00+00:00,angiang_longxuyen_bacgiang_bacgiangcity_backan_backancity,110.169525
2025-03-18 06:00:00+00:00,angiang_longxuyen_bacgiang_bacgiangcity_backan_backancity,110.47418
2025-03-18 07:00:00+00:00,angiang_longxuyen_bacgiang_bacgiangcity_backan_backancity,110.722664
2025-03-18 08:00:00+00:00,angiang_longxuyen_bacgiang_bacgiangcity_backan_backancity,111.00447
2025-03-18 09:00:00+00:00,angiang_longxuyen_bacgiang_bacgiangcity_backan_backancity,111.013336
2025-03-18 10:00:00+00:00,angiang_longxuyen_bacgiang_bacgiangcity_backan_backancity,111.2625
2025-03-18 11:00:00+00:00,angiang_longxuyen_bacgiang_bacgiangcity_backan_backancity,111.60514
2025-03-18 12:00:00+00:00,angiang_longxuyen_bacgiang_bacgiangcity_backan_backancity,111.7485
2025-03-18 13:00:00+00:00,angiang_longxuyen_bacgiang_bacgiangcity_backan_backancity,112.05634
2025-03-18 14:00:00+00:00,angiang_longxuyen_bacgiang_bacgiangcity_backan_backancity,112.18822
2025-03-18 15:00:00+00:00,angiang_longxuyen_bacgiang_bacgiangcity_backan_backancity,112.16815
2025-03-18 16:00:00+00:00,angiang_longxuyen_bacgiang_bacgiangcity_backan_backancity,112.011566
2025-03-18 17:00:00+00:00,angiang_longxuyen_bacgiang_bacgiangcity_backan_backancity,112.016365
2025-03-18 18:00:00+00:00,angiang_longxuyen_bacgiang_bacgiangcity_backan_backancity,112.13122
2025-03-18 19:00:00+00:00,angiang_longxuyen_bacgiang_bacgiangcity_backan_backancity,112.22818
2025-03-18 20:00:00+00:00,angiang_longxuyen_bacgiang_bacgiangcity_backan_backancity,112.10878
2025-03-18 21:00:00+00:00,angiang_longxuyen_bacgiang_bacgiangcity_backan_backancity,111.904335
2025-03-18 22:00:00+00:00,angiang_longxuyen_bacgiang_bacgiangcity_backan_backancity,112.016136
2025-03-18 23:00:00+00:00,angiang_longxuyen_bacgiang_bacgiangcity_backan_backancity,112.8315
2025-03-19 00:00:00+00:00,angiang_longxuyen_bacgiang_bacgiangcity_backan_backancity,113.85574
2025-03-19 01:00:00+00:00,angiang_longxuyen_bacgiang_bacgiangcity_backan_backancity,113.75889
2025-03-19 02:00:00+00:00,angiang_longxuyen_bacgiang_bacgiangcity_backan_backancity,113.595634
2025-03-19 03:00:00+00:00,angiang_longxuyen_bacgiang_bacgiangcity_backan_backancity,113.2966
2025-03-19 04:00:00+00:00,angiang_longxuyen_bacgiang_bacgiangcity_backan_backancity,113.28216
2025-03-19 05:00:00+00:00,angiang_longxuyen_bacgiang_bacgiangcity_backan_backancity,113.96795
2025-03-19 06:00:00+00:00,angiang_longxuyen_bacgiang_bacgiangcity_backan_backancity,114.31688
2025-03-19 07:00:00+00:00,angiang_longxuyen_bacgiang_bacgiangcity_backan_backancity,114.42438
2025-03-19 08:00:00+00:00,angiang_longxuyen_bacgiang_bacgiangcity_backan_backancity,114.5043
2025-03-19 09:00:00+00:00,angiang_longxuyen_bacgiang_bacgiangcity_backan_backancity,114.84304
2025-03-19 10:00:00+00:00,angiang_longxuyen_bacgiang_bacgiangcity_backan_backancity,115.30551
2025-03-19 11:00:00+00:00,angiang_longxuyen_bacgiang_bacgiangcity_backan_backancity,115.97119
2025-03-19 12:00:00+00:00,angiang_longxuyen_bacgiang_bacgiangcity_backan_backancity,116.039505
2025-03-19 13:00:00+00:00,angiang_longxuyen_bacgiang_bacgiangcity_backan_backancity,116.58851
2025-03-19 14:00:00+00:00,angiang_longxuyen_bacgiang_bacgiangcity_backan_backancity,117.12716
2025-03-19 15:00:00+00:00,angiang_longxuyen_bacgiang_bacgiangcity_backan_backancity,116.76406
2025-03-19 16:00:00+00:00,angiang_longxuyen_bacgiang_bacgiangcity_backan_backancity,116.089455
2025-03-19 17:00:00+00:00,angiang_longxuyen_bacgiang_bacgiangcity_backan_backancity,115.66839
2025-03-19 18:00:00+00:00,angiang_longxuyen_bacgiang_bacgiangcity_backan_backancity,115.42379
2025-03-19 19:00:00+00:00,angiang_longxuyen_bacgiang_bacgiangcity_backan_backancity,114.6968
2025-03-19 20:00:00+00:00,angiang_longxuyen_bacgiang_bacgiangcity_backan_backancity,114.26147
2025-03-19 21:00:00+00:00,angiang_longxuyen_bacgiang_bacgiangcity_backan_backancity,113.76855
2025-03-19 22:00:00+00:00,angiang_longxuyen_bacgiang_bacgiangcity_backan_backancity,113.99712
2025-03-19 23:00:00+00:00,angiang_longxuyen_bacgiang_bacgiangcity_backan_backancity,115.836655
2025-03-20 00:00:00+00:00,angiang_longxuyen_bacgiang_bacgiangcity_backan_backancity,116.88341
2025-03-20 01:00:00+00:00,angiang_longxuyen_bacgiang_bacgiangcity_backan_backancity,117.0317
2025-03-20 02:00:00+00:00,angiang_longxuyen_bacgiang_bacgiangcity_backan_backancity,117.55985
2025-03-20 03:00:00+00:00,angiang_longxuyen_bacgiang_bacgiangcity_backan_backancity,118.70547
2025-03-20 04:00:00+00:00,angiang_longxuyen_bacgiang_bacgiangcity_backan_backancity,120.60599
2025-03-20 05:00:00+00:00,angiang_longxuyen_bacgiang_bacgiangcity_backan_backancity,122.134346
2025-03-20 06:00:00+00:00,angiang_longxuyen_bacgiang_bacgiangcity_backan_backancity,123.81337
2025-03-20 07:00:00+00:00,angiang_longxuyen_bacgiang_bacgiangcity_backan_backancity,125.74713
2025-03-20 08:00:00+00:00,angiang_longxuyen_bacgiang_bacgiangcity_backan_backancity,127.43487
2025-03-20 09:00:00+00:00,angiang_longxuyen_bacgiang_bacgiangcity_backan_backancity,126.3887
2025-03-20 10:00:00+00:00,angiang_longxuyen_bacgiang_bacgiangcity_backan_backancity,124.7137
2025-03-20 11:00:00+00:00,angiang_longxuyen_bacgiang_bacgiangcity_backan_backancity,125.24165
2025-03-20 12:00:00+00:00,angiang_longxuyen_bacgiang_bacgiangcity_backan_backancity,125.537415
2025-03-20 13:00:00+00:00,angiang_longxuyen_bacgiang_bacgiangcity_backan_backancity,126.747505
2025-03-20 14:00:00+00:00,angiang_longxuyen_bacgiang_bacgiangcity_backan_backancity,125.24726
2025-03-20 15:00:00+00:00,angiang_longxuyen_bacgiang_bacgiangcity_backan_backancity,123.40043
2025-03-20 16:00:00+00:00,angiang_longxuyen_bacgiang_bacgiangcity_backan_backancity,119.96889
2025-03-20 17:00:00+00:00,angiang_longxuyen_bacgiang_bacgiangcity_backan_backancity,118.58919
2025-03-20 18:00:00+00:00,angiang_longxuyen_bacgiang_bacgiangcity_backan_backancity,116.91905
2025-03-20 19:00:00+00:00,angiang_longxuyen_bacgiang_bacgiangcity_backan_backancity,116.15208
2025-03-20 20:00:00+00:00,angiang_longxuyen_bacgiang_bacgiangcity_backan_backancity,115.46093
2025-03-20 21:00:00+00:00,angiang_longxuyen_bacgiang_bacgiangcity_backan_backancity,114.80328
2025-03-20 22:00:00+00:00,angiang_longxuyen_bacgiang_bacgiangcity_backan_backancity,114.55396
2025-03-20 23:00:00+00:00,angiang_longxuyen_bacgiang_bacgiangcity_backan_backancity,115.827065
2025-03-21 00:00:00+00:00,angiang_longxuyen_bacgiang_bacgiangcity_backan_backancity,117.248405
2025-03-21 01:00:00+00:00,angiang_longxuyen_bacgiang_bacgiangcity_backan_backancity,117.878105
2025-03-21 02:00:00+00:00,angiang_longxuyen_bacgiang_bacgiangcity_backan_backancity,119.15691
2025-03-21 03:00:00+00:00,angiang_longxuyen_bacgiang_bacgiangcity_backan_backancity,121.307755
2025-03-21 04:00:00+00:00,angiang_longxuyen_bacgiang_bacgiangcity_backan_backancity,122.43062
2025-03-21 05:00:00+00:00,angiang_longxuyen_bacgiang_bacgiangcity_backan_backancity,124.11086
2025-03-21 06:00:00+00:00,angiang_longxuyen_bacgiang_bacgiangcity_backan_backancity,124.73944
2025-03-21 07:00:00+00:00,angiang_longxuyen_bacgiang_bacgiangcity_backan_backancity,123.8769
2025-03-21 08:00:00+00:00,angiang_longxuyen_bacgiang_bacgiangcity_backan_backancity,123.36259
2025-03-21 09:00:00+00:00,angiang_longxuyen_bacgiang_bacgiangcity_backan_backancity,122.30493
2025-03-21 10:00:00+00:00,angiang_longxuyen_bacgiang_bacgiangcity_backan_backancity,120.54313
2025-03-21 11:00:00+00:00,angiang_longxuyen_bacgiang_bacgiangcity_backan_backancity,119.21609
2025-03-21 12:00:00+00:00,angiang_longxuyen_bacgiang_bacgiangcity_backan_backancity,116.897545
2025-03-21 13:00:00+00:00,angiang_longxuyen_bacgiang_bacgiangcity_backan_backancity,115.7087
2025-03-21 14:00:00+00:00,angiang_longxuyen_bacgiang_bacgiangcity_backan_backancity,114.97011
2025-03-21 15:00:00+00:00,angiang_longxuyen_bacgiang_bacgiangcity_backan_backancity,115.13218
2025-03-21 16:00:00+00:00,angiang_longxuyen_bacgiang_bacgiangcity_backan_backancity,115.25855
2025-03-21 17:00:00+00:00,angiang_longxuyen_bacgiang_bacgiangcity_backan_backancity,115.32671
2025-03-21 18:00:00+00:00,angiang_longxuyen_bacgiang_bacgiangcity_backan_backancity,115.308
2025-03-21 19:00:00+00:00,angiang_longxuyen_bacgiang_bacgiangcity_backan_backancity,115.24628
2025-03-21 20:00:00+00:00,angiang_longxuyen_bacgiang_bacgiangcity_backan_backancity,115.01837
2025-03-21 21:00:00+00:00,angiang_longxuyen_bacgiang_bacgiangcity_backan_backancity,114.66763
2025-03-21 22:00:00+00:00,angiang_longxuyen_bacgiang_bacgiangcity_backan_backancity,114.735634
2025-03-21 23:00:00+00:00,angiang_longxuyen_bacgiang_bacgiangcity_backan_backancity,115.395355
2025-03-22 00:00:00+00:00,angiang_longxuyen_bacgiang_bacgiangcity_backan_backancity,116.05894
2025-03-22 01:00:00+00:00,angiang_longxuyen_bacgiang_bacgiangcity_backan_backancity,116.74647
2025-03-22 02:00:00+00:00,angiang_longxuyen_bacgiang_bacgiangcity_backan_backancity,117.244675
2025-03-22 03:00:00+00:00,angiang_longxuyen_bacgiang_bacgiangcity_backan_backancity,117.384285
2025-03-22 04:00:00+00:00,angiang_longxuyen_bacgiang_bacgiangcity_backan_backancity,117.140434
2025-03-22 05:00:00+00:00,angiang_longxuyen_bacgiang_bacgiangcity_backan_backancity,116.532036
2025-03-22 06:00:00+00:00,angiang_longxuyen_bacgiang_bacgiangcity_backan_backancity,116.10572
2025-03-22 07:00:00+00:00,angiang_longxuyen_bacgiang_bacgiangcity_backan_backancity,115.123886
2025-03-22 08:00:00+00:00,angiang_longxuyen_bacgiang_bacgiangcity_backan_backancity,114.08988
2025-03-22 09:00:00+00:00,angiang_longxuyen_bacgiang_bacgiangcity_backan_backancity,113.13928
2025-03-22 10:00:00+00:00,angiang_longxuyen_bacgiang_bacgiangcity_backan_backancity,112.420204
2025-03-22 11:00:00+00:00,angiang_longxuyen_bacgiang_bacgiangcity_backan_backancity,111.83556
2025-03-22 12:00:00+00:00,angiang_longxuyen_bacgiang_bacgiangcity_backan_backancity,111.569595
2025-03-22 13:00:00+00:00,angiang_longxuyen_bacgiang_bacgiangcity_backan_backancity,111.40927
2025-03-22 14:00:00+00:00,angiang_longxuyen_bacgiang_bacgiangcity_backan_backancity,111.48886
2025-03-22 15:00:00+00:00,angiang_longxuyen_bacgiang_bacgiangcity_backan_backancity,111.68248
2025-03-22 16:00:00+00:00,angiang_longxuyen_bacgiang_bacgiangcity_backan_backancity,111.70023
2025-03-22 17:00:00+00:00,angiang_longxuyen_bacgiang_bacgiangcity_backan_backancity,111.6346
2025-03-22 18:00:00+00:00,angiang_longxuyen_bacgiang_bacgiangcity_backan_backancity,111.74383
2025-03-22 19:00:00+00:00,angiang_longxuyen_bacgiang_bacgiangcity_backan_backancity,111.83993
2025-03-22 20:00:00+00:00,angiang_longxuyen_bacgiang_bacgiangcity_backan_backancity,111.79553
2025-03-22 21:00:00+00:00,angiang_longxuyen_bacgiang_bacgiangcity_backan_backancity,111.438995
2025-03-22 22:00:00+00:00,angiang_longxuyen_bacgiang_bacgiangcity_backan_backancity,111.19087
2025-03-22 23:00:00+00:00,angiang_longxuyen_bacgiang_bacgiangcity_backan_backancity,111.20802
2025-03-23 00:00:00+00:00,angiang_longxuyen_bacgiang_bacgiangcity_backan_backancity,111.371216
2025-03-23 01:00:00+00:00,angiang_longxuyen_bacgiang_bacgiangcity_backan_backancity,111.405716
2025-03-23 02:00:00+00:00,angiang_longxuyen_bacgiang_bacgiangcity_backan_backancity,111.08489
2025-03-23 03:00:00+00:00,angiang_longxuyen_bacgiang_bacgiangcity_backan_backancity,110.77898
2025-03-23 04:00:00+00:00,angiang_longxuyen_bacgiang_bacgiangcity_backan_backancity,110.39039
2025-03-23 05:00:00+00:00,angiang_longxuyen_bacgiang_bacgiangcity_backan_backancity,109.846436
2025-03-23 06:00:00+00:00,angiang_longxuyen_bacgiang_bacgiangcity_backan_backancity,109.44009
2025-03-23 07:00:00+00:00,angiang_longxuyen_bacgiang_bacgiangcity_backan_backancity,109.15194
2025-03-23 08:00:00+00:00,angiang_longxuyen_bacgiang_bacgiangcity_backan_backancity,108.81876
2025-03-23 09:00:00+00:00,angiang_longxuyen_bacgiang_bacgiangcity_backan_backancity,108.63195
2025-03-23 10:00:00+00:00,angiang_longxuyen_bacgiang_bacgiangcity_backan_backancity,108.440414
2025-03-23 11:00:00+00:00,angiang_longxuyen_bacgiang_bacgiangcity_backan_backancity,108.29139
2025-03-23 12:00:00+00:00,angiang_longxuyen_bacgiang_bacgiangcity_backan_backancity,108.15415
2025-03-23 13:00:00+00:00,angiang_longxuyen_bacgiang_bacgiangcity_backan_backancity,108.12315
2025-03-23 14:00:00+00:00,angiang_longxuyen_bacgiang_bacgiangcity_backan_backancity,108.15574
2025-03-23 15:00:00+00:00,angiang_longxuyen_bacgiang_bacgiangcity_backan_backancity,108.199554
2025-03-23 16:00:00+00:00,angiang_longxuyen_bacgiang_bacgiangcity_backan_backancity,108.085014
2025-03-23 17:00:00+00:00,angiang_longxuyen_bacgiang_bacgiangcity_backan_backancity,108.03093
2025-03-23 18:00:00+00:00,angiang_longxuyen_bacgiang_bacgiangcity_backan_backancity,108.12422
2025-03-23 19:00:00+00:00,angiang_longxuyen_bacgiang_bacgiangcity_backan_backancity,108.36805
2025-03-23 20:00:00+00:00,angiang_longxuyen_bacgiang_bacgiangcity_backan_backancity,108.556435
2025-03-23 21:00:00+00:00,angiang_longxuyen_bacgiang_bacgiangcity_backan_backancity,108.51693
2025-03-23 22:00:00+00:00,angiang_longxuyen_bacgiang_bacgiangcity_backan_backancity,108.49664
2025-03-23 23:00:00+00:00,angiang_longxuyen_bacgiang_bacgiangcity_backan_backancity,108.54472
2025-03-24 00:00:00+00:00,angiang_longxuyen_bacgiang_bacgiangcity_backan_backancity,108.615875
2025-03-24 01:00:00+00:00,angiang_longxuyen_bacgiang_bacgiangcity_backan_backancity,108.43798
2025-03-24 02:00:00+00:00,angiang_longxuyen_bacgiang_bacgiangcity_backan_backancity,108.28878
2025-03-24 03:00:00+00:00,angiang_longxuyen_bacgiang_bacgiangcity_backan_backancity,108.08399
2025-03-24 04:00:00+00:00,angiang_longxuyen_bacgiang_bacgiangcity_backan_backancity,107.86551
2025-03-24 05:00:00+00:00,angiang_longxuyen_bacgiang_bacgiangcity_backan_backancity,107.62191
2025-03-24 06:00:00+00:00,angiang_longxuyen_bacgiang_bacgiangcity_backan_backancity,107.49514
2025-03-24 07:00:00+00:00,angiang_longxuyen_bacgiang_bacgiangcity_backan_backancity,107.30709
2025-03-24 08:00:00+00:00,angiang_longxuyen_bacgiang_bacgiangcity_backan_backancity,107.19565
2025-03-24 09:00:00+00:00,angiang_longxuyen_bacgiang_bacgiangcity_backan_backancity,107.12878
2025-03-24 10:00:00+00:00,angiang_longxuyen_bacgiang_bacgiangcity_backan_backancity,107.068665
2025-03-24 11:00:00+00:00,angiang_longxuyen_bacgiang_bacgiangcity_backan_backancity,107.009
2025-03-24 12:00:00+00:00,angiang_longxuyen_bacgiang_bacgiangcity_backan_backancity,107.055016
2025-03-24 13:00:00+00:00,angiang_longxuyen_bacgiang_bacgiangcity_backan_backancity,107.02782
2025-03-24 14:00:00+00:00,angiang_longxuyen_bacgiang_bacgiangcity_backan_backancity,107.13825
2025-03-24 15:00:00+00:00,angiang_longxuyen_bacgiang_bacgiangcity_backan_backancity,107.21271
2025-03-24 16:00:00+00:00,angiang_longxuyen_bacgiang_bacgiangcity_backan_backancity,107.2746
2025-03-24 17:00:00+00:00,angiang_longxuyen_bacgiang_bacgiangcity_backan_backancity,107.30429
2025-03-24 18:00:00+00:00,angiang_longxuyen_bacgiang_bacgiangcity_backan_backancity,107.388916
2025-03-24 19:00:00+00:00,angiang_longxuyen_bacgiang_bacgiangcity_backan_backancity,107.48993
2025-03-24 20:00:00+00:00,angiang_longxuyen_bacgiang_bacgiangcity_backan_backancity,107.33498
2025-03-24 21:00:00+00:00,angiang_longxuyen_bacgiang_bacgiangcity_backan_backancity,107.181274
2025-03-24 22:00:00+00:00,angiang_longxuyen_bacgiang_bacgiangcity_backan_backancity,107.14488
2025-03-24 23:00:00+00:00,angiang_longxuyen_bacgiang_bacgiangcity_backan_backancity,107.26057
2025-03-25 00:00:00+00:00,angiang_longxuyen_bacgiang_bacgiangcity_backan_backancity,107.4283
2025-03-25 01:00:00+00:00,angiang_longxuyen_bacgiang_bacgiangcity_backan_backancity,107.549225
2025-03-25 02:00:00+00:00,angiang_longxuyen_bacgiang_bacgiangcity_backan_backancity,107.663795
2025-03-25 03:00:00+00:00,angiang_longxuyen_bacgiang_bacgiangcity_backan_backancity,107.54043
2025-03-25 04:00:00+00:00,angiang_longxuyen_bacgiang_bacgiangcity_backan_backancity,107.43961
2025-03-25 05:00:00+00:00,angiang_longxuyen_bacgiang_bacgiangcity_backan_backancity,107.173416
2025-03-25 06:00:00+00:00,angiang_longxuyen_bacgiang_bacgiangcity_backan_backancity,107.006836
2025-03-25 07:00:00+00:00,angiang_longxuyen_bacgiang_bacgiangcity_backan_backancity,106.826416
2025-03-25 08:00:00+00:00,angiang_longxuyen_bacgiang_bacgiangcity_backan_backancity,106.737976
2025-03-25 09:00:00+00:00,angiang_longxuyen_bacgiang_bacgiangcity_backan_backancity,106.74161
2025-03-25 10:00:00+00:00,angiang_longxuyen_bacgiang_bacgiangcity_backan_backancity,106.76487
2025-03-25 11:00:00+00:00,angiang_longxuyen_bacgiang_bacgiangcity_backan_backancity,106.81064
2025-03-25 12:00:00+00:00,angiang_longxuyen_bacgiang_bacgiangcity_backan_backancity,106.881134
2025-03-25 13:00:00+00:00,angiang_longxuyen_bacgiang_bacgiangcity_backan_backancity,106.93995
2025-03-25 14:00:00+00:00,angiang_longxuyen_bacgiang_bacgiangcity_backan_backancity,106.98164
2025-03-25 15:00:00+00:00,angiang_longxuyen_bacgiang_bacgiangcity_backan_backancity,107.04375
2025-03-25 16:00:00+00:00,angiang_longxuyen_bacgiang_bacgiangcity_backan_backancity,107.102325
2025-03-25 17:00:00+00:00,angiang_longxuyen_bacgiang_bacgiangcity_backan_backancity,107.18657
2025-03-25 18:00:00+00:00,angiang_longxuyen_bacgiang_bacgiangcity_backan_backancity,107.27009
2025-03-25 19:00:00+00:00,angiang_longxuyen_bacgiang_bacgiangcity_backan_backancity,107.228455
2025-03-25 20:00:00+00:00,angiang_longxuyen_bacgiang_bacgiangcity_backan_backancity,107.31734
2025-03-25 21:00:00+00:00,angiang_longxuyen_bacgiang_bacgiangcity_backan_backancity,107.31589
2025-03-25 22:00:00+00:00,angiang_longxuyen_bacgiang_bacgiangcity_backan_backancity,107.42508
2025-03-25 23:00:00+00:00,angiang_longxuyen_bacgiang_bacgiangcity_backan_backancity,107.66055
2025-03-26 00:00:00+00:00,angiang_longxuyen_bacgiang_bacgiangcity_backan_backancity,108.09355
2025-03-26 01:00:00+00:00,angiang_longxuyen_bacgiang_bacgiangcity_backan_backancity,108.08119
2025-03-26 02:00:00+00:00,angiang_longxuyen_bacgiang_bacgiangcity_backan_backancity,108.189606
2025-03-26 03:00:00+00:00,angiang_longxuyen_bacgiang_bacgiangcity_backan_backancity,108.16314
2025-03-26 04:00:00+00:00,angiang_longxuyen_bacgiang_bacgiangcity_backan_backancity,108.17349
2025-03-26 05:00:00+00:00,angiang_longxuyen_bacgiang_bacgiangcity_backan_backancity,108.12601
2025-03-26 06:00:00+00:00,angiang_longxuyen_bacgiang_bacgiangcity_backan_backancity,108.1385
2025-03-26 07:00:00+00:00,angiang_longxuyen_bacgiang_bacgiangcity_backan_backancity,108.14511
2025-03-26 08:00:00+00:00,angiang_longxuyen_bacgiang_bacgiangcity_backan_backancity,108.19622
2025-03-26 09:00:00+00:00,angiang_longxuyen_bacgiang_bacgiangcity_backan_backancity,108.36598
2025-03-26 10:00:00+00:00,angiang_longxuyen_bacgiang_bacgiangcity_backan_backancity,108.48287
2025-03-26 11:00:00+00:00,angiang_longxuyen_bacgiang_bacgiangcity_backan_backancity,108.72069
2025-03-26 12:00:00+00:00,angiang_longxuyen_bacgiang_bacgiangcity_backan_backancity,108.92383
2025-03-26 13:00:00+00:00,angiang_longxuyen_bacgiang_bacgiangcity_backan_backancity,109.06327
2025-03-26 14:00:00+00:00,angiang_longxuyen_bacgiang_bacgiangcity_backan_backancity,109.20828
2025-03-26 15:00:00+00:00,angiang_longxuyen_bacgiang_bacgiangcity_backan_backancity,109.30886
2025-03-26 16:00:00+00:00,angiang_longxuyen_bacgiang_bacgiangcity_backan_backancity,109.44742
2025-03-26 17:00:00+00:00,angiang_longxuyen_bacgiang_bacgiangcity_backan_backancity,109.64527
2025-03-26 18:00:00+00:00,angiang_longxuyen_bacgiang_bacgiangcity_backan_backancity,109.74767
2025-03-26 19:00:00+00:00,angiang_longxuyen_bacgiang_bacgiangcity_backan_backancity,109.867805
2025-03-26 20:00:00+00:00,angiang_longxuyen_bacgiang_bacgiangcity_backan_backancity,110.025826
2025-03-26 21:00:00+00:00,angiang_longxuyen_bacgiang_bacgiangcity_backan_backancity,110.32414
2025-03-26 22:00:00+00:00,angiang_longxuyen_bacgiang_bacgiangcity_backan_backancity,110.56586
2025-03-26 23:00:00+00:00,angiang_longxuyen_bacgiang_bacgiangcity_backan_backancity,110.77192
2025-03-27 00:00:00+00:00,angiang_longxuyen_bacgiang_bacgiangcity_backan_backancity,111.00365
2025-03-27 01:00:00+00:00,angiang_longxuyen_bacgiang_bacgiangcity_backan_backancity,111.23143
2025-03-27 02:00:00+00:00,angiang_longxuyen_bacgiang_bacgiangcity_backan_backancity,111.3461
2025-03-27 03:00:00+00:00,angiang_longxuyen_bacgiang_bacgiangcity_backan_backancity,111.43975
2025-03-27 04:00:00+00:00,angiang_longxuyen_bacgiang_bacgiangcity_backan_backancity,111.75711
2025-03-27 05:00:00+00:00,angiang_longxuyen_bacgiang_bacgiangcity_backan_backancity,111.82235
2025-03-27 06:00:00+00:00,angiang_longxuyen_bacgiang_bacgiangcity_backan_backancity,111.87515
2025-03-27 07:00:00+00:00,angiang_longxuyen_bacgiang_bacgiangcity_backan_backancity,111.97236
2025-03-27 08:00:00+00:00,angiang_longxuyen_bacgiang_bacgiangcity_backan_backancity,112.08441
2025-03-27 09:00:00+00:00,angiang_longxuyen_bacgiang_bacgiangcity_backan_backancity,112.104225
2025-03-27 10:00:00+00:00,angiang_longxuyen_bacgiang_bacgiangcity_backan_backancity,111.8941
2025-03-27 11:00:00+00:00,angiang_longxuyen_bacgiang_bacgiangcity_backan_backancity,112.09291
2025-03-27 12:00:00+00:00,angiang_longxuyen_bacgiang_bacgiangcity_backan_backancity,112.410225
2025-03-27 13:00:00+00:00,angiang_longxuyen_bacgiang_bacgiangcity_backan_backancity,111.95735
2025-03-27 14:00:00+00:00,angiang_longxuyen_bacgiang_bacgiangcity_backan_backancity,112.4419
2025-03-27 15:00:00+00:00,angiang_longxuyen_bacgiang_bacgiangcity_backan_backancity,112.568924
2025-03-27 16:00:00+00:00,angiang_longxuyen_bacgiang_bacgiangcity_backan_backancity,112.84939
2025-03-27 17:00:00+00:00,angiang_longxuyen_bacgiang_bacgiangcity_backan_backancity,113.070305
2025-03-27 18:00:00+00:00,angiang_longxuyen_bacgiang_bacgiangcity_backan_backancity,113.2947
2025-03-27 19:00:00+00:00,angiang_longxuyen_bacgiang_bacgiangcity_backan_backancity,113.39405
2025-03-27 20:00:00+00:00,angiang_longxuyen_bacgiang_bacgiangcity_backan_backancity,113.320465
2025-03-27 21:00:00+00:00,angiang_longxuyen_bacgiang_bacgiangcity_backan_backancity,113.100174
2025-03-27 22:00:00+00:00,angiang_longxuyen_bacgiang_bacgiangcity_backan_backancity,113.12262
2025-03-27 23:00:00+00:00,angiang_longxuyen_bacgiang_bacgiangcity_backan_backancity,113.673676
2025-03-28 00:00:00+00:00,angiang_longxuyen_bacgiang_bacgiangcity_backan_backancity,113.997986
2025-03-28 01:00:00+00:00,angiang_longxuyen_bacgiang_bacgiangcity_backan_backancity,113.81545
2025-03-28 02:00:00+00:00,angiang_longxuyen_bacgiang_bacgiangcity_backan_backancity,113.720566
2025-03-28 03:00:00+00:00,angiang_longxuyen_bacgiang_bacgiangcity_backan_backancity,113.79289
2025-03-28 04:00:00+00:00,angiang_longxuyen_bacgiang_bacgiangcity_backan_backancity,113.682495
2025-03-28 05:00:00+00:00,angiang_longxuyen_bacgiang_bacgiangcity_backan_backancity,113.44218
2025-03-28 06:00:00+00:00,angiang_longxuyen_bacgiang_bacgiangcity_backan_backancity,113.03458
2025-03-28 07:00:00+00:00,angiang_longxuyen_bacgiang_bacgiangcity_backan_backancity,112.61137
2025-03-28 08:00:00+00:00,angiang_longxuyen_bacgiang_bacgiangcity_backan_backancity,112.26117
2025-03-28 09:00:00+00:00,angiang_longxuyen_bacgiang_bacgiangcity_backan_backancity,112.090324
2025-03-28 10:00:00+00:00,angiang_longxuyen_bacgiang_bacgiangcity_backan_backancity,111.82632
2025-03-28 11:00:00+00:00,angiang_longxuyen_bacgiang_bacgiangcity_backan_backancity,111.98735
2025-03-28 12:00:00+00:00,angiang_longxuyen_bacgiang_bacgiangcity_backan_backancity,112.0867
2025-03-28 13:00:00+00:00,angiang_longxuyen_bacgiang_bacgiangcity_backan_backancity,111.98076
2025-03-28 14:00:00+00:00,angiang_longxuyen_bacgiang_bacgiangcity_backan_backancity,111.98956
2025-03-28 15:00:00+00:00,angiang_longxuyen_bacgiang_bacgiangcity_backan_backancity,112.0351
2025-03-28 16:00:00+00:00,angiang_longxuyen_bacgiang_bacgiangcity_backan_backancity,112.109924
2025-03-28 17:00:00+00:00,angiang_longxuyen_bacgiang_bacgiangcity_backan_backancity,112.43185
2025-03-28 18:00:00+00:00,angiang_longxuyen_bacgiang_bacgiangcity_backan_backancity,112.650154
2025-03-28 19:00:00+00:00,angiang_longxuyen_bacgiang_bacgiangcity_backan_backancity,112.83109
2025-03-28 20:00:00+00:00,angiang_longxuyen_bacgiang_bacgiangcity_backan_backancity,112.74463
2025-03-28 21:00:00+00:00,angiang_longxuyen_bacgiang_bacgiangcity_backan_backancity,112.39592
2025-03-28 22:00:00+00:00,angiang_longxuyen_bacgiang_bacgiangcity_backan_backancity,112.420006
2025-03-28 23:00:00+00:00,angiang_longxuyen_bacgiang_bacgiangcity_backan_backancity,112.97964
2025-03-29 00:00:00+00:00,angiang_longxuyen_bacgiang_bacgiangcity_backan_backancity,112.83942
2025-03-29 01:00:00+00:00,angiang_longxuyen_bacgiang_bacgiangcity_backan_backancity,112.54586
2025-03-29 02:00:00+00:00,angiang_longxuyen_bacgiang_bacgiangcity_backan_backancity,112.46009
2025-03-29 03:00:00+00:00,angiang_longxuyen_bacgiang_bacgiangcity_backan_backancity,112.2315
2025-03-29 04:00:00+00:00,angiang_longxuyen_bacgiang_bacgiangcity_backan_backancity,111.653534
2025-03-29 05:00:00+00:00,angiang_longxuyen_bacgiang_bacgiangcity_backan_backancity,111.2503
2025-03-29 06:00:00+00:00,angiang_longxuyen_bacgiang_bacgiangcity_backan_backancity,110.981285
2025-03-29 07:00:00+00:00,angiang_longxuyen_bacgiang_bacgiangcity_backan_backancity,110.70111
2025-03-29 08:00:00+00:00,angiang_longxuyen_bacgiang_bacgiangcity_backan_backancity,110.557945
2025-03-29 09:00:00+00:00,angiang_longxuyen_bacgiang_bacgiangcity_backan_backancity,110.3766
2025-03-29 10:00:00+00:00,angiang_longxuyen_bacgiang_bacgiangcity_backan_backancity,110.2883
2025-03-29 11:00:00+00:00,angiang_longxuyen_bacgiang_bacgiangcity_backan_backancity,110.23012
2025-03-29 12:00:00+00:00,angiang_longxuyen_bacgiang_bacgiangcity_backan_backancity,110.22985
2025-03-29 13:00:00+00:00,angiang_longxuyen_bacgiang_bacgiangcity_backan_backancity,110.30094
2025-03-29 14:00:00+00:00,angiang_longxuyen_bacgiang_bacgiangcity_backan_backancity,110.222046
2025-03-29 15:00:00+00:00,angiang_longxuyen_bacgiang_bacgiangcity_backan_backancity,110.27925
2025-03-29 16:00:00+00:00,angiang_longxuyen_bacgiang_bacgiangcity_backan_backancity,110.371864
2025-03-29 17:00:00+00:00,angiang_longxuyen_bacgiang_bacgiangcity_backan_backancity,110.37545
2025-03-29 18:00:00+00:00,angiang_longxuyen_bacgiang_bacgiangcity_backan_backancity,110.36205
2025-03-29 19:00:00+00:00,angiang_longxuyen_bacgiang_bacgiangcity_backan_backancity,110.374374
2025-03-29 20:00:00+00:00,angiang_longxuyen_bacgiang_bacgiangcity_backan_backancity,110.2472
2025-03-29 21:00:00+00:00,angiang_longxuyen_bacgiang_bacgiangcity_backan_backancity,110.079735
2025-03-29 22:00:00+00:00,angiang_longxuyen_bacgiang_bacgiangcity_backan_backancity,110.16286
2025-03-29 23:00:00+00:00,angiang_longxuyen_bacgiang_bacgiangcity_backan_backancity,111.1128
2025-03-30 00:00:00+00:00,angiang_longxuyen_bacgiang_bacgiangcity_backan_backancity,110.64586
2025-03-30 01:00:00+00:00,angiang_longxuyen_bacgiang_bacgiangcity_backan_backancity,109.45507
2025-03-30 02:00:00+00:00,angiang_longxuyen_bacgiang_bacgiangcity_backan_backancity,108.961105
2025-03-30 03:00:00+00:00,angiang_longxuyen_bacgiang_bacgiangcity_backan_backancity,108.69408
2025-03-30 04:00:00+00:00,angiang_longxuyen_bacgiang_bacgiangcity_backan_backancity,108.9379
2025-03-30 05:00:00+00:00,angiang_longxuyen_bacgiang_bacgiangcity_backan_backancity,109.97505
2025-03-30 06:00:00+00:00,angiang_longxuyen_bacgiang_bacgiangcity_backan_backancity,111.050995
2025-03-30 07:00:00+00:00,angiang_longxuyen_bacgiang_bacgiangcity_backan_backancity,111.59887
2025-03-30 08:00:00+00:00,angiang_longxuyen_bacgiang_bacgiangcity_backan_backancity,111.802666
2025-03-30 09:00:00+00:00,angiang_longxuyen_bacgiang_bacgiangcity_backan_backancity,111.74498
2025-03-30 10:00:00+00:00,angiang_longxuyen_bacgiang_bacgiangcity_backan_backancity,111.65207
2025-03-30 11:00:00+00:00,angiang_longxuyen_bacgiang_bacgiangcity_backan_backancity,111.694046
2025-03-30 12:00:00+00:00,angiang_longxuyen_bacgiang_bacgiangcity_backan_backancity,111.73077
2025-03-30 13:00:00+00:00,angiang_longxuyen_bacgiang_bacgiangcity_backan_backancity,112.168976
2025-03-30 14:00:00+00:00,angiang_longxuyen_bacgiang_bacgiangcity_backan_backancity,112.36605
2025-03-30 15:00:00+00:00,angiang_longxuyen_bacgiang_bacgiangcity_backan_backancity,112.50758
2025-03-30 16:00:00+00:00,angiang_longxuyen_bacgiang_bacgiangcity_backan_backancity,112.79525
2025-03-30 17:00:00+00:00,angiang_longxuyen_bacgiang_bacgiangcity_backan_backancity,112.84512
2025-03-30 18:00:00+00:00,angiang_longxuyen_bacgiang_bacgiangcity_backan_backancity,112.946
2025-03-30 19:00:00+00:00,angiang_longxuyen_bacgiang_bacgiangcity_backan_backancity,112.932785
2025-03-30 20:00:00+00:00,angiang_longxuyen_bacgiang_bacgiangcity_backan_backancity,112.82286
2025-03-30 21:00:00+00:00,angiang_longxuyen_bacgiang_bacgiangcity_backan_backancity,112.60717
2025-03-30 22:00:00+00:00,angiang_longxuyen_bacgiang_bacgiangcity_backan_backancity,112.571266
2025-03-30 23:00:00+00:00,angiang_longxuyen_bacgiang_bacgiangcity_backan_backancity,113.20899
2025-03-31 00:00:00+00:00,angiang_longxuyen_bacgiang_bacgiangcity_backan_backancity,113.44435
2025-03-31 01:00:00+00:00,angiang_longxuyen_bacgiang_bacgiangcity_backan_backancity,113.41687
2025-03-31 02:00:00+00:00,angiang_longxuyen_bacgiang_bacgiangcity_backan_backancity,113.17467
2025-03-31 03:00:00+00:00,angiang_longxuyen_bacgiang_bacgiangcity_backan_backancity,112.6863
2025-03-31 04:00:00+00:00,angiang_longxuyen_bacgiang_bacgiangcity_backan_backancity,112.395676
2025-03-31 05:00:00+00:00,angiang_longxuyen_bacgiang_bacgiangcity_backan_backancity,112.33249
2025-03-31 06:00:00+00:00,angiang_longxuyen_bacgiang_bacgiangcity_backan_backancity,112.474976
2025-03-31 07:00:00+00:00,angiang_longxuyen_bacgiang_bacgiangcity_backan_backancity,112.4581
2025-03-31 08:00:00+00:00,angiang_longxuyen_bacgiang_bacgiangcity_backan_backancity,112.32856
2025-03-31 09:00:00+00:00,angiang_longxuyen_bacgiang_bacgiangcity_backan_backancity,112.12891
2025-03-31 10:00:00+00:00,angiang_longxuyen_bacgiang_bacgiangcity_backan_backancity,111.9893
2025-03-31 11:00:00+00:00,angiang_longxuyen_bacgiang_bacgiangcity_backan_backancity,112.11661
2025-03-31 12:00:00+00:00,angiang_longxuyen_bacgiang_bacgiangcity_backan_backancity,112.46621
2025-03-31 13:00:00+00:00,angiang_longxuyen_bacgiang_bacgiangcity_backan_backancity,112.961494
2025-03-31 14:00:00+00:00,angiang_longxuyen_bacgiang_bacgiangcity_backan_backancity,113.599884
2025-03-31 15:00:00+00:00,angiang_longxuyen_bacgiang_bacgiangcity_backan_backancity,114.1836
2025-03-31 16:00:00+00:00,angiang_longxuyen_bacgiang_bacgiangcity_backan_backancity,114.614136
2025-03-31 17:00:00+00:00,angiang_longxuyen_bacgiang_bacgiangcity_backan_backancity,114.92397
2025-03-31 18:00:00+00:00,angiang_longxuyen_bacgiang_bacgiangcity_backan_backancity,115.26592
2025-03-31 19:00:00+00:00,angiang_longxuyen_bacgiang_bacgiangcity_backan_backancity,115.44124
2025-03-31 20:00:00+00:00,angiang_longxuyen_bacgiang_bacgiangcity_backan_backancity,115.19156
2025-03-31 21:00:00+00:00,angiang_longxuyen_bacgiang_bacgiangcity_backan_backancity,115.14371
2025-03-31 22:00:00+00:00,angiang_longxuyen_bacgiang_bacgiangcity_backan_backancity,115.835434
2025-03-31 23:00:00+00:00,angiang_longxuyen_bacgiang_bacgiangcity_backan_backancity,117.25736
2025-04-01 00:00:00+00:00,angiang_longxuyen_bacgiang_bacgiangcity_backan_backancity,117.76334
2025-04-01 01:00:00+00:00,angiang_longxuyen_bacgiang_bacgiangcity_backan_backancity,117.78695
2025-04-01 02:00:00+00:00,angiang_longxuyen_bacgiang_bacgiangcity_backan_backancity,119.23072
2025-04-01 03:00:00+00:00,angiang_longxuyen_bacgiang_bacgiangcity_backan_backancity,119.95282
2025-04-01 04:00:00+00:00,angiang_longxuyen_bacgiang_bacgiangcity_backan_backancity,121.39917
2025-04-01 05:00:00+00:00,angiang_longxuyen_bacgiang_bacgiangcity_backan_backancity,122.63735
2025-04-01 06:00:00+00:00,angiang_longxuyen_bacgiang_bacgiangcity_backan_backancity,123.06745
2025-04-01 07:00:00+00:00,angiang_longxuyen_bacgiang_bacgiangcity_backan_backancity,123.98518
2025-04-01 08:00:00+00:00,angiang_longxuyen_bacgiang_bacgiangcity_backan_backancity,124.18124
2025-04-01 09:00:00+00:00,angiang_longxuyen_bacgiang_bacgiangcity_backan_backancity,123.72469
2025-04-01 10:00:00+00:00,angiang_longxuyen_bacgiang_bacgiangcity_backan_backancity,122.66645
2025-04-01 11:00:00+00:00,angiang_longxuyen_bacgiang_bacgiangcity_backan_backancity,122.63576
2025-04-01 12:00:00+00:00,angiang_longxuyen_bacgiang_bacgiangcity_backan_backancity,122.245224
2025-04-01 13:00:00+00:00,angiang_longxuyen_bacgiang_bacgiangcity_backan_backancity,120.388596
2025-04-01 14:00:00+00:00,angiang_longxuyen_bacgiang_bacgiangcity_backan_backancity,118.787704
2025-04-01 15:00:00+00:00,angiang_longxuyen_bacgiang_bacgiangcity_backan_backancity,117.0216
2025-04-01 16:00:00+00:00,angiang_longxuyen_bacgiang_bacgiangcity_backan_backancity,116.25826
2025-04-01 17:00:00+00:00,angiang_longxuyen_bacgiang_bacgiangcity_backan_backancity,116.17319
2025-04-01 18:00:00+00:00,angiang_longxuyen_bacgiang_bacgiangcity_backan_backancity,116.41373
2025-04-01 19:00:00+00:00,angiang_longxuyen_bacgiang_bacgiangcity_backan_backancity,116.39324
2025-04-01 20:00:00+00:00,angiang_longxuyen_bacgiang_bacgiangcity_backan_backancity,116.06268
2025-04-01 21:00:00+00:00,angiang_longxuyen_bacgiang_bacgiangcity_backan_backancity,115.79288
2025-04-01 22:00:00+00:00,angiang_longxuyen_bacgiang_bacgiangcity_backan_backancity,115.71513
2025-04-01 23:00:00+00:00,angiang_longxuyen_bacgiang_bacgiangcity_backan_backancity,115.89522
2025-04-02 00:00:00+00:00,angiang_longxuyen_bacgiang_bacgiangcity_backan_backancity,115.66571
2025-04-02 01:00:00+00:00,angiang_longxuyen_bacgiang_bacgiangcity_backan_backancity,115.233
2025-04-02 02:00:00+00:00,angiang_longxuyen_bacgiang_bacgiangcity_backan_backancity,114.89567
2025-04-02 03:00:00+00:00,angiang_longxuyen_bacgiang_bacgiangcity_backan_backancity,114.43135
2025-04-02 04:00:00+00:00,angiang_longxuyen_bacgiang_bacgiangcity_backan_backancity,113.9789
2025-04-02 05:00:00+00:00,angiang_longxuyen_bacgiang_bacgiangcity_backan_backancity,113.36503
2025-04-02 06:00:00+00:00,angiang_longxuyen_bacgiang_bacgiangcity_backan_backancity,112.83675
2025-04-02 07:00:00+00:00,angiang_longxuyen_bacgiang_bacgiangcity_backan_backancity,112.31729
2025-04-02 08:00:00+00:00,angiang_longxuyen_bacgiang_bacgiangcity_backan_backancity,111.68102
2025-04-02 09:00:00+00:00,angiang_longxuyen_bacgiang_bacgiangcity_backan_backancity,111.44789
2025-04-02 10:00:00+00:00,angiang_longxuyen_bacgiang_bacgiangcity_backan_backancity,111.354706
2025-04-02 11:00:00+00:00,angiang_longxuyen_bacgiang_bacgiangcity_backan_backancity,111.42067
2025-04-02 12:00:00+00:00,angiang_longxuyen_bacgiang_bacgiangcity_backan_backancity,111.55791
2025-04-02 13:00:00+00:00,angiang_longxuyen_bacgiang_bacgiangcity_backan_backancity,111.41829
2025-04-02 14:00:00+00:00,angiang_longxuyen_bacgiang_bacgiangcity_backan_backancity,111.439926
2025-04-02 15:00:00+00:00,angiang_longxuyen_bacgiang_bacgiangcity_backan_backancity,111.449
2025-04-02 16:00:00+00:00,angiang_longxuyen_bacgiang_bacgiangcity_backan_backancity,111.83454
2025-04-02 17:00:00+00:00,angiang_longxuyen_bacgiang_bacgiangcity_backan_backancity,111.61089
2025-04-02 18:00:00+00:00,angiang_longxuyen_bacgiang_bacgiangcity_backan_backancity,111.31885
2025-04-02 19:00:00+00:00,angiang_longxuyen_bacgiang_bacgiangcity_backan_backancity,111.12493
2025-04-02 20:00:00+00:00,angiang_longxuyen_bacgiang_bacgiangcity_backan_backancity,111.06709
2025-04-02 21:00:00+00:00,angiang_longxuyen_bacgiang_bacgiangcity_backan_backancity,111.05795
2025-04-02 22:00:00+00:00,angiang_longxuyen_bacgiang_bacgiangcity_backan_backancity,111.06556
2025-04-02 23:00:00+00:00,angiang_longxuyen_bacgiang_bacgiangcity_backan_backancity,111.195885
2025-04-03 00:00:00+00:00,angiang_longxuyen_bacgiang_bacgiangcity_backan_backancity,111.341484
2025-04-03 01:00:00+00:00,angiang_longxuyen_bacgiang_bacgiangcity_backan_backancity,111.25362
2025-04-03 02:00:00+00:00,angiang_longxuyen_bacgiang_bacgiangcity_backan_backancity,111.16157
2025-04-03 03:00:00+00:00,angiang_longxuyen_bacgiang_bacgiangcity_backan_backancity,111.0201
2025-04-03 04:00:00+00:00,angiang_longxuyen_bacgiang_bacgiangcity_backan_backancity,110.96003
2025-04-03 05:00:00+00:00,angiang_longxuyen_bacgiang_bacgiangcity_backan_backancity,110.95328
2025-04-03 06:00:00+00:00,angiang_longxuyen_bacgiang_bacgiangcity_backan_backancity,110.83687
2025-04-03 07:00:00+00:00,angiang_longxuyen_bacgiang_bacgiangcity_backan_backancity,110.71522
2025-04-03 08:00:00+00:00,angiang_longxuyen_bacgiang_bacgiangcity_backan_backancity,110.47212
2025-04-03 09:00:00+00:00,angiang_longxuyen_bacgiang_bacgiangcity_backan_backancity,110.29323
2025-04-03 10:00:00+00:00,angiang_longxuyen_bacgiang_bacgiangcity_backan_backancity,110.22635
2025-04-03 11:00:00+00:00,angiang_longxuyen_bacgiang_bacgiangcity_backan_backancity,110.35267
2025-04-03 12:00:00+00:00,angiang_longxuyen_bacgiang_bacgiangcity_backan_backancity,110.43903
2025-04-03 13:00:00+00:00,angiang_longxuyen_bacgiang_bacgiangcity_backan_backancity,110.828125
2025-04-03 14:00:00+00:00,angiang_longxuyen_bacgiang_bacgiangcity_backan_backancity,110.67842
2025-04-03 15:00:00+00:00,angiang_longxuyen_bacgiang_bacgiangcity_backan_backancity,110.56593
2025-04-03 16:00:00+00:00,angiang_longxuyen_bacgiang_bacgiangcity_backan_backancity,110.434654
2025-04-03 17:00:00+00:00,angiang_longxuyen_bacgiang_bacgiangcity_backan_backancity,110.49017
2025-04-03 18:00:00+00:00,angiang_longxuyen_bacgiang_bacgiangcity_backan_backancity,110.401146
2025-04-03 19:00:00+00:00,angiang_longxuyen_bacgiang_bacgiangcity_backan_backancity,110.309746
2025-04-03 20:00:00+00:00,angiang_longxuyen_bacgiang_bacgiangcity_backan_backancity,110.30349
2025-04-03 21:00:00+00:00,angiang_longxuyen_bacgiang_bacgiangcity_backan_backancity,110.30893
2025-04-03 22:00:00+00:00,angiang_longxuyen_bacgiang_bacgiangcity_backan_backancity,110.33688
2025-04-03 23:00:00+00:00,angiang_longxuyen_bacgiang_bacgiangcity_backan_backancity,110.42151
2025-04-04 00:00:00+00:00,angiang_longxuyen_bacgiang_bacgiangcity_backan_backancity,110.5136
2025-04-04 01:00:00+00:00,angiang_longxuyen_bacgiang_bacgiangcity_backan_backancity,110.159744
2025-04-04 02:00:00+00:00,angiang_longxuyen_bacgiang_bacgiangcity_backan_backancity,110.13004
2025-04-04 03:00:00+00:00,angiang_longxuyen_bacgiang_bacgiangcity_backan_backancity,110.0611
2025-04-04 04:00:00+00:00,angiang_longxuyen_bacgiang_bacgiangcity_backan_backancity,109.97129
2025-04-04 05:00:00+00:00,angiang_longxuyen_bacgiang_bacgiangcity_backan_backancity,109.83203
2025-04-04 06:00:00+00:00,angiang_longxuyen_bacgiang_bacgiangcity_backan_backancity,109.75539
2025-04-04 07:00:00+00:00,angiang_longxuyen_bacgiang_bacgiangcity_backan_backancity,109.71132
2025-04-04 08:00:00+00:00,angiang_longxuyen_bacgiang_bacgiangcity_backan_backancity,109.67272
2025-04-04 09:00:00+00:00,angiang_longxuyen_bacgiang_bacgiangcity_backan_backancity,109.5761
2025-04-04 10:00:00+00:00,angiang_longxuyen_bacgiang_bacgiangcity_backan_backancity,109.723404
2025-04-04 11:00:00+00:00,angiang_longxuyen_bacgiang_bacgiangcity_backan_backancity,109.85002
2025-04-04 12:00:00+00:00,angiang_longxuyen_bacgiang_bacgiangcity_backan_backancity,109.9449
2025-04-04 13:00:00+00:00,angiang_longxuyen_bacgiang_bacgiangcity_backan_backancity,109.73475
2025-04-04 14:00:00+00:00,angiang_longxuyen_bacgiang_bacgiangcity_backan_backancity,109.821106
2025-04-04 15:00:00+00:00,angiang_longxuyen_bacgiang_bacgiangcity_backan_backancity,109.961174
2025-04-04 16:00:00+00:00,angiang_longxuyen_bacgiang_bacgiangcity_backan_backancity,110.08515
2025-04-04 17:00:00+00:00,angiang_longxuyen_bacgiang_bacgiangcity_backan_backancity,110.08601
2025-04-04 18:00:00+00:00,angiang_longxuyen_bacgiang_bacgiangcity_backan_backancity,110.054565
2025-04-04 19:00:00+00:00,angiang_longxuyen_bacgiang_bacgiangcity_backan_backancity,110.21593
2025-04-04 20:00:00+00:00,angiang_longxuyen_bacgiang_bacgiangcity_backan_backancity,110.20973
2025-04-04 21:00:00+00:00,angiang_longxuyen_bacgiang_bacgiangcity_backan_backancity,110.19891
2025-04-04 22:00:00+00:00,angiang_longxuyen_bacgiang_bacgiangcity_backan_backancity,110.151886
2025-04-04 23:00:00+00:00,angiang_longxuyen_bacgiang_bacgiangcity_backan_backancity,110.20789
2025-04-05 00:00:00+00:00,angiang_longxuyen_bacgiang_bacgiangcity_backan_backancity,110.15615
2025-04-05 01:00:00+00:00,angiang_longxuyen_bacgiang_bacgiangcity_backan_backancity,110.25156
2025-04-05 02:00:00+00:00,angiang_longxuyen_bacgiang_bacgiangcity_backan_backancity,110.19735
2025-04-05 03:00:00+00:00,angiang_longxuyen_bacgiang_bacgiangcity_backan_backancity,110.22177
2025-04-05 04:00:00+00:00,angiang_longxuyen_bacgiang_bacgiangcity_backan_backancity,110.16438
2025-04-05 05:00:00+00:00,angiang_longxuyen_bacgiang_bacgiangcity_backan_backancity,110.05273
2025-04-05 06:00:00+00:00,angiang_longxuyen_bacgiang_bacgiangcity_backan_backancity,109.8954
2025-04-05 07:00:00+00:00,angiang_longxuyen_bacgiang_bacgiangcity_backan_backancity,109.77009
2025-04-05 08:00:00+00:00,angiang_longxuyen_bacgiang_bacgiangcity_backan_backancity,109.64215
2025-04-05 09:00:00+00:00,angiang_longxuyen_bacgiang_bacgiangcity_backan_backancity,109.58917
2025-04-05 10:00:00+00:00,angiang_longxuyen_bacgiang_bacgiangcity_backan_backancity,109.541245
2025-04-05 11:00:00+00:00,angiang_longxuyen_bacgiang_bacgiangcity_backan_backancity,109.53867
2025-04-05 12:00:00+00:00,angiang_longxuyen_bacgiang_bacgiangcity_backan_backancity,109.44987
2025-04-05 13:00:00+00:00,angiang_longxuyen_bacgiang_bacgiangcity_backan_backancity,109.41035
2025-04-05 14:00:00+00:00,angiang_longxuyen_bacgiang_bacgiangcity_backan_backancity,109.52428
2025-04-05 15:00:00+00:00,angiang_longxuyen_bacgiang_bacgiangcity_backan_backancity,109.632195
2025-04-05 16:00:00+00:00,angiang_longxuyen_bacgiang_bacgiangcity_backan_backancity,109.63396
2025-04-05 17:00:00+00:00,angiang_longxuyen_bacgiang_bacgiangcity_backan_backancity,109.510796
2025-04-05 18:00:00+00:00,angiang_longxuyen_bacgiang_bacgiangcity_backan_backancity,109.49633
2025-04-05 19:00:00+00:00,angiang_longxuyen_bacgiang_bacgiangcity_backan_backancity,109.47812
2025-04-05 20:00:00+00:00,angiang_longxuyen_bacgiang_bacgiangcity_backan_backancity,109.47485
2025-04-05 21:00:00+00:00,angiang_longxuyen_bacgiang_bacgiangcity_backan_backancity,109.51377
2025-04-05 22:00:00+00:00,angiang_longxuyen_bacgiang_bacgiangcity_backan_backancity,109.51222
2025-04-05 23:00:00+00:00,angiang_longxuyen_bacgiang_bacgiangcity_backan_backancity,109.755196
2025-04-06 00:00:00+00:00,angiang_longxuyen_bacgiang_bacgiangcity_backan_backancity,109.824455
2025-04-06 01:00:00+00:00,angiang_longxuyen_bacgiang_bacgiangcity_backan_backancity,109.67493
2025-04-06 02:00:00+00:00,angiang_longxuyen_bacgiang_bacgiangcity_backan_backancity,109.56222
2025-04-06 03:00:00+00:00,angiang_longxuyen_bacgiang_bacgiangcity_backan_backancity,109.43903
2025-04-06 04:00:00+00:00,angiang_longxuyen_bacgiang_bacgiangcity_backan_backancity,109.28471
2025-04-06 05:00:00+00:00,angiang_longxuyen_bacgiang_bacgiangcity_backan_backancity,109.10594
2025-04-06 06:00:00+00:00,angiang_longxuyen_bacgiang_bacgiangcity_backan_backancity,108.81088
2025-04-06 07:00:00+00:00,angiang_longxuyen_bacgiang_bacgiangcity_backan_backancity,108.53201
2025-04-06 08:00:00+00:00,angiang_longxuyen_bacgiang_bacgiangcity_backan_backancity,108.30741
2025-04-06 09:00:00+00:00,angiang_longxuyen_bacgiang_bacgiangcity_backan_backancity,108.03688
2025-04-06 10:00:00+00:00,angiang_longxuyen_bacgiang_bacgiangcity_backan_backancity,107.90233
2025-04-06 11:00:00+00:00,angiang_longxuyen_bacgiang_bacgiangcity_backan_backancity,107.88707
2025-04-06 12:00:00+00:00,angiang_longxuyen_bacgiang_bacgiangcity_backan_backancity,107.957054
2025-04-06 13:00:00+00:00,angiang_longxuyen_bacgiang_bacgiangcity_backan_backancity,107.90153
2025-04-06 14:00:00+00:00,angiang_longxuyen_bacgiang_bacgiangcity_backan_backancity,107.61519
2025-04-06 15:00:00+00:00,angiang_longxuyen_bacgiang_bacgiangcity_backan_backancity,107.56717
2025-04-06 16:00:00+00:00,angiang_longxuyen_bacgiang_bacgiangcity_backan_backancity,107.58584
2025-04-06 17:00:00+00:00,angiang_longxuyen_bacgiang_bacgiangcity_backan_backancity,107.47613
2025-04-06 18:00:00+00:00,angiang_longxuyen_bacgiang_bacgiangcity_backan_backancity,107.23393
2025-04-06 19:00:00+00:00,angiang_longxuyen_bacgiang_bacgiangcity_backan_backancity,107.1362
2025-04-06 20:00:00+00:00,angiang_longxuyen_bacgiang_bacgiangcity_backan_backancity,107.069244
2025-04-06 21:00:00+00:00,angiang_longxuyen_bacgiang_bacgiangcity_backan_backancity,107.04431
2025-04-06 22:00:00+00:00,angiang_longxuyen_bacgiang_bacgiangcity_backan_backancity,107.16722
2025-04-06 23:00:00+00:00,angiang_longxuyen_bacgiang_bacgiangcity_backan_backancity,107.55855
2025-04-07 00:00:00+00:00,angiang_longxuyen_bacgiang_bacgiangcity_backan_backancity,107.979645
2025-04-07 01:00:00+00:00,angiang_longxuyen_bacgiang_bacgiangcity_backan_backancity,107.7728
2025-04-07 02:00:00+00:00,angiang_longxuyen_bacgiang_bacgiangcity_backan_backancity,107.8617
2025-04-07 03:00:00+00:00,angiang_longxuyen_bacgiang_bacgiangcity_backan_backancity,107.841255
2025-04-07 04:00:00+00:00,angiang_longxuyen_bacgiang_bacgiangcity_backan_backancity,108.043045
2025-04-07 05:00:00+00:00,angiang_longxuyen_bacgiang_bacgiangcity_backan_backancity,107.96974
2025-04-07 06:00:00+00:00,angiang_longxuyen_bacgiang_bacgiangcity_backan_backancity,107.81525
2025-04-07 07:00:00+00:00,angiang_longxuyen_bacgiang_bacgiangcity_backan_backancity,107.759636
2025-04-07 08:00:00+00:00,angiang_longxuyen_bacgiang_bacgiangcity_backan_backancity,107.73772
2025-04-07 09:00:00+00:00,angiang_longxuyen_bacgiang_bacgiangcity_backan_backancity,107.692726
2025-04-07 10:00:00+00:00,angiang_longxuyen_bacgiang_bacgiangcity_backan_backancity,107.719864
2025-04-07 11:00:00+00:00,angiang_longxuyen_bacgiang_bacgiangcity_backan_backancity,108.05064
2025-04-07 12:00:00+00:00,angiang_longxuyen_bacgiang_bacgiangcity_backan_backancity,108.462265
2025-04-07 13:00:00+00:00,angiang_longxuyen_bacgiang_bacgiangcity_backan_backancity,108.624
2025-04-07 14:00:00+00:00,angiang_longxuyen_bacgiang_bacgiangcity_backan_backancity,108.72882
2025-04-07 15:00:00+00:00,angiang_longxuyen_bacgiang_bacgiangcity_backan_backancity,108.96332
2025-04-07 16:00:00+00:00,angiang_longxuyen_bacgiang_bacgiangcity_backan_backancity,109.04759
2025-04-07 17:00:00+00:00,angiang_longxuyen_bacgiang_bacgiangcity_backan_backancity,109.212776
2025-04-07 18:00:00+00:00,angiang_longxuyen_bacgiang_bacgiangcity_backan_backancity,109.39637
2025-04-07 19:00:00+00:00,angiang_longxuyen_bacgiang_bacgiangcity_backan_backancity,109.50104
2025-04-07 20:00:00+00:00,angiang_longxuyen_bacgiang_bacgiangcity_backan_backancity,109.635185
2025-04-07 21:00:00+00:00,angiang_longxuyen_bacgiang_bacgiangcity_backan_backancity,109.729126
2025-04-07 22:00:00+00:00,angiang_longxuyen_bacgiang_bacgiangcity_backan_backancity,110.077545
2025-04-07 23:00:00+00:00,angiang_longxuyen_bacgiang_bacgiangcity_backan_backancity,110.45633
2025-04-08 00:00:00+00:00,angiang_longxuyen_bacgiang_bacgiangcity_backan_backancity,109.09961
2025-04-08 01:00:00+00:00,angiang_longxuyen_bacgiang_bacgiangcity_backan_backancity,108.8788
2025-04-08 02:00:00+00:00,angiang_longxuyen_bacgiang_bacgiangcity_backan_backancity,108.594604
2025-04-08 03:00:00+00:00,angiang_longxuyen_bacgiang_bacgiangcity_backan_backancity,108.54331
2025-04-08 04:00:00+00:00,angiang_longxuyen_bacgiang_bacgiangcity_backan_backancity,108.51656
2025-04-08 05:00:00+00:00,angiang_longxuyen_bacgiang_bacgiangcity_backan_backancity,108.46077
2025-04-08 06:00:00+00:00,angiang_longxuyen_bacgiang_bacgiangcity_backan_backancity,109.3988
2025-04-08 07:00:00+00:00,angiang_longxuyen_bacgiang_bacgiangcity_backan_backancity,111.27284
2025-04-08 08:00:00+00:00,angiang_longxuyen_bacgiang_bacgiangcity_backan_backancity,113.794426
2025-04-08 09:00:00+00:00,angiang_longxuyen_bacgiang_bacgiangcity_backan_backancity,116.63067
2025-04-08 10:00:00+00:00,angiang_longxuyen_bacgiang_bacgiangcity_backan_backancity,119.51384
2025-04-08 11:00:00+00:00,angiang_longxuyen_bacgiang_bacgiangcity_backan_backancity,122.669
2025-04-08 12:00:00+00:00,angiang_longxuyen_bacgiang_bacgiangcity_backan_backancity,125.38626
2025-04-08 13:00:00+00:00,angiang_longxuyen_bacgiang_bacgiangcity_backan_backancity,125.03816
2025-04-08 14:00:00+00:00,angiang_longxuyen_bacgiang_bacgiangcity_backan_backancity,124.645966
2025-04-08 15:00:00+00:00,angiang_longxuyen_bacgiang_bacgiangcity_backan_backancity,123.92352
2025-04-08 16:00:00+00:00,angiang_longxuyen_bacgiang_bacgiangcity_backan_backancity,121.53689
2025-04-08 17:00:00+00:00,angiang_longxuyen_bacgiang_bacgiangcity_backan_backancity,118.91251
2025-04-08 18:00:00+00:00,angiang_longxuyen_bacgiang_bacgiangcity_backan_backancity,118.10507
2025-04-08 19:00:00+00:00,angiang_longxuyen_bacgiang_bacgiangcity_backan_backancity,117.27636
2025-04-08 20:00:00+00:00,angiang_longxuyen_bacgiang_bacgiangcity_backan_backancity,116.28824
2025-04-08 21:00:00+00:00,angiang_longxuyen_bacgiang_bacgiangcity_backan_backancity,115.85184
2025-04-08 22:00:00+00:00,angiang_longxuyen_bacgiang_bacgiangcity_backan_backancity,115.8774
2025-04-08 23:00:00+00:00,angiang_longxuyen_bacgiang_bacgiangcity_backan_backancity,117.60287
2025-04-09 00:00:00+00:00,angiang_longxuyen_bacgiang_bacgiangcity_backan_backancity,119.61979
2025-04-09 01:00:00+00:00,angiang_longxuyen_bacgiang_bacgiangcity_backan_backancity,121.74458
2025-04-09 02:00:00+00:00,angiang_longxuyen_bacgiang_bacgiangcity_backan_backancity,123.87066
2025-04-09 03:00:00+00:00,angiang_longxuyen_bacgiang_bacgiangcity_backan_backancity,126.82579
2025-04-09 04:00:00+00:00,angiang_longxuyen_bacgiang_bacgiangcity_backan_backancity,124.70736
2025-04-09 05:00:00+00:00,angiang_longxuyen_bacgiang_bacgiangcity_backan_backancity,123.18448
2025-04-09 06:00:00+00:00,angiang_longxuyen_bacgiang_bacgiangcity_backan_backancity,122.24402
2025-04-09 07:00:00+00:00,angiang_longxuyen_bacgiang_bacgiangcity_backan_backancity,121.93944
2025-04-09 08:00:00+00:00,angiang_longxuyen_bacgiang_bacgiangcity_backan_backancity,120.94008
2025-04-09 09:00:00+00:00,angiang_longxuyen_bacgiang_bacgiangcity_backan_backancity,119.97666
2025-04-09 10:00:00+00:00,angiang_longxuyen_bacgiang_bacgiangcity_backan_backancity,119.86264
2025-04-09 11:00:00+00:00,angiang_longxuyen_bacgiang_bacgiangcity_backan_backancity,119.245476
2025-04-09 12:00:00+00:00,angiang_longxuyen_bacgiang_bacgiangcity_backan_backancity,118.95886
2025-04-09 13:00:00+00:00,angiang_longxuyen_bacgiang_bacgiangcity_backan_backancity,118.72463
2025-04-09 14:00:00+00:00,angiang_longxuyen_bacgiang_bacgiangcity_backan_backancity,118.056496
2025-04-09 15:00:00+00:00,angiang_longxuyen_bacgiang_bacgiangcity_backan_backancity,117.43853
2025-04-09 16:00:00+00:00,angiang_longxuyen_bacgiang_bacgiangcity_backan_backancity,116.96757
2025-04-09 17:00:00+00:00,angiang_longxuyen_bacgiang_bacgiangcity_backan_backancity,116.42392
2025-04-09 18:00:00+00:00,angiang_longxuyen_bacgiang_bacgiangcity_backan_backancity,116.37816
2025-04-09 19:00:00+00:00,angiang_longxuyen_bacgiang_bacgiangcity_backan_backancity,116.512955
2025-04-09 20:00:00+00:00,angiang_longxuyen_bacgiang_bacgiangcity_backan_backancity,116.826836
2025-04-09 21:00:00+00:00,angiang_longxuyen_bacgiang_bacgiangcity_backan_backancity,116.61399
2025-04-09 22:00:00+00:00,angiang_longxuyen_bacgiang_bacgiangcity_backan_backancity,116.91533
2025-04-09 23:00:00+00:00,angiang_longxuyen_bacgiang_bacgiangcity_backan_backancity,115.64172
2025-04-10 00:00:00+00:00,angiang_longxuyen_bacgiang_bacgiangcity_backan_backancity,115.47292
2025-04-10 01:00:00+00:00,angiang_longxuyen_bacgiang_bacgiangcity_backan_backancity,115.14297
2025-04-10 02:00:00+00:00,angiang_longxuyen_bacgiang_bacgiangcity_backan_backancity,114.86836
2025-04-10 03:00:00+00:00,angiang_longxuyen_bacgiang_bacgiangcity_backan_backancity,114.47418
2025-04-10 04:00:00+00:00,angiang_longxuyen_bacgiang_bacgiangcity_backan_backancity,114.22303
2025-04-10 05:00:00+00:00,angiang_longxuyen_bacgiang_bacgiangcity_backan_backancity,113.77998
2025-04-10 06:00:00+00:00,angiang_longxuyen_bacgiang_bacgiangcity_backan_backancity,113.17602
2025-04-10 07:00:00+00:00,angiang_longxuyen_bacgiang_bacgiangcity_backan_backancity,112.64407
2025-04-10 08:00:00+00:00,angiang_longxuyen_bacgiang_bacgiangcity_backan_backancity,112.17719
2025-04-10 09:00:00+00:00,angiang_longxuyen_bacgiang_bacgiangcity_backan_backancity,111.94019
2025-04-10 10:00:00+00:00,angiang_longxuyen_bacgiang_bacgiangcity_backan_backancity,111.93214
2025-04-10 11:00:00+00:00,angiang_longxuyen_bacgiang_bacgiangcity_backan_backancity,111.85254
2025-04-10 12:00:00+00:00,angiang_longxuyen_bacgiang_bacgiangcity_backan_backancity,111.485916
2025-04-10 13:00:00+00:00,angiang_longxuyen_bacgiang_bacgiangcity_backan_backancity,111.20654
2025-04-10 14:00:00+00:00,angiang_longxuyen_bacgiang_bacgiangcity_backan_backancity,110.8953
2025-04-10 15:00:00+00:00,angiang_longxuyen_bacgiang_bacgiangcity_backan_backancity,110.412544
2025-04-10 16:00:00+00:00,angiang_longxuyen_bacgiang_bacgiangcity_backan_backancity,110.12498
2025-04-10 17:00:00+00:00,angiang_longxuyen_bacgiang_bacgiangcity_backan_backancity,109.862305
2025-04-10 18:00:00+00:00,angiang_longxuyen_bacgiang_bacgiangcity_backan_backancity,109.71941
2025-04-10 19:00:00+00:00,angiang_longxuyen_bacgiang_bacgiangcity_backan_backancity,109.57432
2025-04-10 20:00:00+00:00,angiang_longxuyen_bacgiang_bacgiangcity_backan_backancity,109.60496
2025-04-10 21:00:00+00:00,angiang_longxuyen_bacgiang_bacgiangcity_backan_backancity,109.909546
2025-04-10 22:00:00+00:00,angiang_longxuyen_bacgiang_bacgiangcity_backan_backancity,110.16613
2025-04-10 23:00:00+00:00,angiang_longxuyen_bacgiang_bacgiangcity_backan_backancity,110.14196
2025-04-11 00:00:00+00:00,angiang_longxuyen_bacgiang_bacgiangcity_backan_backancity,110.2862
2025-04-11 01:00:00+00:00,angiang_longxuyen_bacgiang_bacgiangcity_backan_backancity,110.21015
2025-04-11 02:00:00+00:00,angiang_longxuyen_bacgiang_bacgiangcity_backan_backancity,109.94996
2025-04-11 03:00:00+00:00,angiang_longxuyen_bacgiang_bacgiangcity_backan_backancity,110.019554
2025-04-11 04:00:00+00:00,angiang_longxuyen_bacgiang_bacgiangcity_backan_backancity,110.022026
2025-04-11 05:00:00+00:00,angiang_longxuyen_bacgiang_bacgiangcity_backan_backancity,109.92031
2025-04-11 06:00:00+00:00,angiang_longxuyen_bacgiang_bacgiangcity_backan_backancity,109.90462
2025-04-11 07:00:00+00:00,angiang_longxuyen_bacgiang_bacgiangcity_backan_backancity,109.87623
2025-04-11 08:00:00+00:00,angiang_longxuyen_bacgiang_bacgiangcity_backan_backancity,109.81824
2025-04-11 09:00:00+00:00,angiang_longxuyen_bacgiang_bacgiangcity_backan_backancity,109.91016
2025-04-11 10:00:00+00:00,angiang_longxuyen_bacgiang_bacgiangcity_backan_backancity,109.94687
2025-04-11 11:00:00+00:00,angiang_longxuyen_bacgiang_bacgiangcity_backan_backancity,109.96163
2025-04-11 12:00:00+00:00,angiang_longxuyen_bacgiang_bacgiangcity_backan_backancity,110.00894
2025-04-11 13:00:00+00:00,angiang_longxuyen_bacgiang_bacgiangcity_backan_backancity,109.838585
2025-04-11 14:00:00+00:00,angiang_longxuyen_bacgiang_bacgiangcity_backan_backancity,109.52209
2025-04-11 15:00:00+00:00,angiang_longxuyen_bacgiang_bacgiangcity_backan_backancity,109.460175
2025-04-11 16:00:00+00:00,angiang_longxuyen_bacgiang_bacgiangcity_backan_backancity,109.69479
2025-04-11 17:00:00+00:00,angiang_longxuyen_bacgiang_bacgiangcity_backan_backancity,109.78618
2025-04-11 18:00:00+00:00,angiang_longxuyen_bacgiang_bacgiangcity_backan_backancity,109.874146
2025-04-11 19:00:00+00:00,angiang_longxuyen_bacgiang_bacgiangcity_backan_backancity,109.92377
2025-04-11 20:00:00+00:00,angiang_longxuyen_bacgiang_bacgiangcity_backan_backancity,110.03702
2025-04-11 21:00:00+00:00,angiang_longxuyen_bacgiang_bacgiangcity_backan_backancity,110.36594
2025-04-11 22:00:00+00:00,angiang_longxuyen_bacgiang_bacgiangcity_backan_backancity,110.582275
2025-04-11 23:00:00+00:00,angiang_longxuyen_bacgiang_bacgiangcity_backan_backancity,110.86432
2025-04-12 00:00:00+00:00,angiang_longxuyen_bacgiang_bacgiangcity_backan_backancity,111.039246
2025-04-12 01:00:00+00:00,angiang_longxuyen_bacgiang_bacgiangcity_backan_backancity,111.11179
2025-04-12 02:00:00+00:00,angiang_longxuyen_bacgiang_bacgiangcity_backan_backancity,111.193474
2025-04-12 03:00:00+00:00,angiang_longxuyen_bacgiang_bacgiangcity_backan_backancity,111.48666
2025-04-12 04:00:00+00:00,angiang_longxuyen_bacgiang_bacgiangcity_backan_backancity,111.792206
2025-04-12 05:00:00+00:00,angiang_longxuyen_bacgiang_bacgiangcity_backan_backancity,111.93037
2025-04-12 06:00:00+00:00,angiang_longxuyen_bacgiang_bacgiangcity_backan_backancity,111.598564
2025-04-12 07:00:00+00:00,angiang_longxuyen_bacgiang_bacgiangcity_backan_backancity,111.09891
2025-04-12 08:00:00+00:00,angiang_longxuyen_bacgiang_bacgiangcity_backan_backancity,110.66154
2025-04-12 09:00:00+00:00,angiang_longxuyen_bacgiang_bacgiangcity_backan_backancity,110.5316
2025-04-12 10:00:00+00:00,angiang_longxuyen_bacgiang_bacgiangcity_backan_backancity,110.644615
2025-04-12 11:00:00+00:00,angiang_longxuyen_bacgiang_bacgiangcity_backan_backancity,110.89815
2025-04-12 12:00:00+00:00,angiang_longxuyen_bacgiang_bacgiangcity_backan_backancity,110.831604
2025-04-12 13:00:00+00:00,angiang_longxuyen_bacgiang_bacgiangcity_backan_backancity,110.839165
2025-04-12 14:00:00+00:00,angiang_longxuyen_bacgiang_bacgiangcity_backan_backancity,111.02641
2025-04-12 15:00:00+00:00,angiang_longxuyen_bacgiang_bacgiangcity_backan_backancity,111.179535
2025-04-12 16:00:00+00:00,angiang_longxuyen_bacgiang_bacgiangcity_backan_backancity,111.38181
2025-04-12 17:00:00+00:00,angiang_longxuyen_bacgiang_bacgiangcity_backan_backancity,111.61275
2025-04-12 18:00:00+00:00,angiang_longxuyen_bacgiang_bacgiangcity_backan_backancity,111.68858
2025-04-12 19:00:00+00:00,angiang_longxuyen_bacgiang_bacgiangcity_backan_backancity,111.65459
2025-04-12 20:00:00+00:00,angiang_longxuyen_bacgiang_bacgiangcity_backan_backancity,111.776375
2025-04-12 21:00:00+00:00,angiang_longxuyen_bacgiang_bacgiangcity_backan_backancity,112.13174
2025-04-12 22:00:00+00:00,angiang_longxuyen_bacgiang_bacgiangcity_backan_backancity,112.33548
2025-04-12 23:00:00+00:00,angiang_longxuyen_bacgiang_bacgiangcity_backan_backancity,112.28145
2025-04-13 00:00:00+00:00,angiang_longxuyen_bacgiang_bacgiangcity_backan_backancity,112.45304
2025-04-13 01:00:00+00:00,angiang_longxuyen_bacgiang_bacgiangcity_backan_backancity,112.40052
2025-04-13 02:00:00+00:00,angiang_longxuyen_bacgiang_bacgiangcity_backan_backancity,111.92941
2025-04-13 03:00:00+00:00,angiang_longxuyen_bacgiang_bacgiangcity_backan_backancity,111.42054
2025-04-13 04:00:00+00:00,angiang_longxuyen_bacgiang_bacgiangcity_backan_backancity,110.93236
2025-04-13 05:00:00+00:00,angiang_longxuyen_bacgiang_bacgiangcity_backan_backancity,110.53387
2025-04-13 06:00:00+00:00,angiang_longxuyen_bacgiang_bacgiangcity_backan_backancity,110.29103
2025-04-13 07:00:00+00:00,angiang_longxuyen_bacgiang_bacgiangcity_backan_backancity,110.15646
2025-04-13 08:00:00+00:00,angiang_longxuyen_bacgiang_bacgiangcity_backan_backancity,110.11842
2025-04-13 09:00:00+00:00,angiang_longxuyen_bacgiang_bacgiangcity_backan_backancity,110.04934
2025-04-13 10:00:00+00:00,angiang_longxuyen_bacgiang_bacgiangcity_backan_backancity,110.07797
2025-04-13 11:00:00+00:00,angiang_longxuyen_bacgiang_bacgiangcity_backan_backancity,110.289276
2025-04-13 12:00:00+00:00,angiang_longxuyen_bacgiang_bacgiangcity_backan_backancity,110.37784
2025-04-13 13:00:00+00:00,angiang_longxuyen_bacgiang_bacgiangcity_backan_backancity,110.372795
2025-04-13 14:00:00+00:00,angiang_longxuyen_bacgiang_bacgiangcity_backan_backancity,110.34627
2025-04-13 15:00:00+00:00,angiang_longxuyen_bacgiang_bacgiangcity_backan_backancity,110.4143
2025-04-13 16:00:00+00:00,angiang_longxuyen_bacgiang_bacgiangcity_backan_backancity,110.44113
2025-04-13 17:00:00+00:00,angiang_longxuyen_bacgiang_bacgiangcity_backan_backancity,110.49583
2025-04-13 18:00:00+00:00,angiang_longxuyen_bacgiang_bacgiangcity_backan_backancity,110.494675
2025-04-13 19:00:00+00:00,angiang_longxuyen_bacgiang_bacgiangcity_backan_backancity,110.461914
2025-04-13 20:00:00+00:00,angiang_longxuyen_bacgiang_bacgiangcity_backan_backancity,110.50457
2025-04-13 21:00:00+00:00,angiang_longxuyen_bacgiang_bacgiangcity_backan_backancity,111.14883
2025-04-13 22:00:00+00:00,angiang_longxuyen_bacgiang_bacgiangcity_backan_backancity,111.32886
2025-04-13 23:00:00+00:00,angiang_longxuyen_bacgiang_bacgiangcity_backan_backancity,110.9253
2025-04-14 00:00:00+00:00,angiang_longxuyen_bacgiang_bacgiangcity_backan_backancity,110.23591
2025-04-14 01:00:00+00:00,angiang_longxuyen_bacgiang_bacgiangcity_backan_backancity,108.978806
2025-04-14 02:00:00+00:00,angiang_longxuyen_bacgiang_bacgiangcity_backan_backancity,108.86983
2025-04-14 03:00:00+00:00,angiang_longxuyen_bacgiang_bacgiangcity_backan_backancity,110.025475
2025-04-14 04:00:00+00:00,angiang_longxuyen_bacgiang_bacgiangcity_backan_backancity,111.170616
2025-04-14 05:00:00+00:00,angiang_longxuyen_bacgiang_bacgiangcity_backan_backancity,112.094696
2025-04-14 06:00:00+00:00,angiang_longxuyen_bacgiang_bacgiangcity_backan_backancity,112.46894
2025-04-14 07:00:00+00:00,angiang_longxuyen_bacgiang_bacgiangcity_backan_backancity,112.32907
2025-04-14 08:00:00+00:00,angiang_longxuyen_bacgiang_bacgiangcity_backan_backancity,111.93211
2025-04-14 09:00:00+00:00,angiang_longxuyen_bacgiang_bacgiangcity_backan_backancity,111.895935
2025-04-14 10:00:00+00:00,angiang_longxuyen_bacgiang_bacgiangcity_backan_backancity,112.22674
2025-04-14 11:00:00+00:00,angiang_longxuyen_bacgiang_bacgiangcity_backan_backancity,112.300995
2025-04-14 12:00:00+00:00,angiang_longxuyen_bacgiang_bacgiangcity_backan_backancity,112.26192
2025-04-14 13:00:00+00:00,angiang_longxuyen_bacgiang_bacgiangcity_backan_backancity,112.397415
2025-04-14 14:00:00+00:00,angiang_longxuyen_bacgiang_bacgiangcity_backan_backancity,112.515175
2025-04-14 15:00:00+00:00,angiang_longxuyen_bacgiang_bacgiangcity_backan_backancity,112.43802
2025-04-14 16:00:00+00:00,angiang_longxuyen_bacgiang_bacgiangcity_backan_backancity,112.22763
2025-04-14 17:00:00+00:00,angiang_longxuyen_bacgiang_bacgiangcity_backan_backancity,112.1851
2025-04-14 18:00:00+00:00,angiang_longxuyen_bacgiang_bacgiangcity_backan_backancity,112.00293
2025-04-14 19:00:00+00:00,angiang_longxuyen_bacgiang_bacgiangcity_backan_backancity,111.65
2025-04-14 20:00:00+00:00,angiang_longxuyen_bacgiang_bacgiangcity_backan_backancity,111.84203
2025-04-14 21:00:00+00:00,angiang_longxuyen_bacgiang_bacgiangcity_backan_backancity,113.22384
2025-04-14 22:00:00+00:00,angiang_longxuyen_bacgiang_bacgiangcity_backan_backancity,113.32661
2025-04-14 23:00:00+00:00,angiang_longxuyen_bacgiang_bacgiangcity_backan_backancity,112.640526
2025-04-15 00:00:00+00:00,angiang_longxuyen_bacgiang_bacgiangcity_backan_backancity,112.04588
2025-04-15 01:00:00+00:00,angiang_longxuyen_bacgiang_bacgiangcity_backan_backancity,111.04235
2025-04-15 02:00:00+00:00,angiang_longxuyen_bacgiang_bacgiangcity_backan_backancity,110.871155
2025-04-15 03:00:00+00:00,angiang_longxuyen_bacgiang_bacgiangcity_backan_backancity,111.95985
2025-04-15 04:00:00+00:00,angiang_longxuyen_bacgiang_bacgiangcity_backan_backancity,112.90667
2025-04-15 05:00:00+00:00,angiang_longxuyen_bacgiang_bacgiangcity_backan_backancity,113.188034
2025-04-15 06:00:00+00:00,angiang_longxuyen_bacgiang_bacgiangcity_backan_backancity,113.05706
2025-04-15 07:00:00+00:00,angiang_longxuyen_bacgiang_bacgiangcity_backan_backancity,112.8898
2025-04-15 08:00:00+00:00,angiang_longxuyen_bacgiang_bacgiangcity_backan_backancity,112.68591
2025-04-15 09:00:00+00:00,angiang_longxuyen_bacgiang_bacgiangcity_backan_backancity,112.68848
2025-04-15 10:00:00+00:00,angiang_longxuyen_bacgiang_bacgiangcity_backan_backancity,112.98053
2025-04-15 11:00:00+00:00,angiang_longxuyen_bacgiang_bacgiangcity_backan_backancity,114.73137
2025-04-15 12:00:00+00:00,angiang_longxuyen_bacgiang_bacgiangcity_backan_backancity,113.89218
2025-04-15 13:00:00+00:00,angiang_longxuyen_bacgiang_bacgiangcity_backan_backancity,113.87651
2025-04-15 14:00:00+00:00,angiang_longxuyen_bacgiang_bacgiangcity_backan_backancity,113.65039
2025-04-15 15:00:00+00:00,angiang_longxuyen_bacgiang_bacgiangcity_backan_backancity,113.75512
2025-04-15 16:00:00+00:00,angiang_longxuyen_bacgiang_bacgiangcity_backan_backancity,114.001495
2025-04-15 17:00:00+00:00,angiang_longxuyen_bacgiang_bacgiangcity_backan_backancity,114.70943
2025-04-15 18:00:00+00:00,angiang_longxuyen_bacgiang_bacgiangcity_backan_backancity,115.39128
2025-04-15 19:00:00+00:00,angiang_longxuyen_bacgiang_bacgiangcity_backan_backancity,115.91167
2025-04-15 20:00:00+00:00,angiang_longxuyen_bacgiang_bacgiangcity_backan_backancity,116.292336
2025-04-15 21:00:00+00:00,angiang_longxuyen_bacgiang_bacgiangcity_backan_backancity,115.9554
2025-04-15 22:00:00+00:00,angiang_longxuyen_bacgiang_bacgiangcity_backan_backancity,115.66193
2025-04-15 23:00:00+00:00,angiang_longxuyen_bacgiang_bacgiangcity_backan_backancity,115.2733
2025-04-16 00:00:00+00:00,angiang_longxuyen_bacgiang_bacgiangcity_backan_backancity,115.35288
2025-04-16 01:00:00+00:00,angiang_longxuyen_bacgiang_bacgiangcity_backan_backancity,115.54042
2025-04-16 02:00:00+00:00,angiang_longxuyen_bacgiang_bacgiangcity_backan_backancity,115.6227
2025-04-16 03:00:00+00:00,angiang_longxuyen_bacgiang_bacgiangcity_backan_backancity,115.79437
2025-04-16 04:00:00+00:00,angiang_longxuyen_bacgiang_bacgiangcity_backan_backancity,115.78739
2025-04-16 05:00:00+00:00,angiang_longxuyen_bacgiang_bacgiangcity_backan_backancity,115.12363
2025-04-16 06:00:00+00:00,angiang_longxuyen_bacgiang_bacgiangcity_backan_backancity,114.860565
2025-04-16 07:00:00+00:00,angiang_longxuyen_bacgiang_bacgiangcity_backan_backancity,114.371254
2025-04-16 08:00:00+00:00,angiang_longxuyen_bacgiang_bacgiangcity_backan_backancity,113.708595
2025-04-16 09:00:00+00:00,angiang_longxuyen_bacgiang_bacgiangcity_backan_backancity,114.117485
2025-04-16 10:00:00+00:00,angiang_longxuyen_bacgiang_bacgiangcity_backan_backancity,116.48983
2025-04-16 11:00:00+00:00,angiang_longxuyen_bacgiang_bacgiangcity_backan_backancity,117.33094
2025-04-16 12:00:00+00:00,angiang_longxuyen_bacgiang_bacgiangcity_backan_backancity,118.73065
2025-04-16 13:00:00+00:00,angiang_longxuyen_bacgiang_bacgiangcity_backan_backancity,119.811745
2025-04-16 14:00:00+00:00,angiang_longxuyen_bacgiang_bacgiangcity_backan_backancity,120.405914
2025-04-16 15:00:00+00:00,angiang_longxuyen_bacgiang_bacgiangcity_backan_backancity,120.15526
2025-04-16 16:00:00+00:00,angiang_longxuyen_bacgiang_bacgiangcity_backan_backancity,119.48077
2025-04-16 17:00:00+00:00,angiang_longxuyen_bacgiang_bacgiangcity_backan_backancity,118.60124
2025-04-16 18:00:00+00:00,angiang_longxuyen_bacgiang_bacgiangcity_backan_backancity,117.83621
2025-04-16 19:00:00+00:00,angiang_longxuyen_bacgiang_bacgiangcity_backan_backancity,117.3553
2025-04-16 20:00:00+00:00,angiang_longxuyen_bacgiang_bacgiangcity_backan_backancity,116.48846
2025-04-16 21:00:00+00:00,angiang_longxuyen_bacgiang_bacgiangcity_backan_backancity,116.00079
2025-04-16 22:00:00+00:00,angiang_longxuyen_bacgiang_bacgiangcity_backan_backancity,115.696144
2025-04-16 23:00:00+00:00,angiang_longxuyen_bacgiang_bacgiangcity_backan_backancity,115.551445
2025-04-17 00:00:00+00:00,angiang_longxuyen_bacgiang_bacgiangcity_backan_backancity,115.73798
2025-04-17 01:00:00+00:00,angiang_longxuyen_bacgiang_bacgiangcity_backan_backancity,115.676254
2025-04-17 02:00:00+00:00,angiang_longxuyen_bacgiang_bacgiangcity_backan_backancity,115.63104
2025-04-17 03:00:00+00:00,angiang_longxuyen_bacgiang_bacgiangcity_backan_backancity,115.591995
2025-04-17 04:00:00+00:00,angiang_longxuyen_bacgiang_bacgiangcity_backan_backancity,115.54711
2025-04-17 05:00:00+00:00,angiang_longxuyen_bacgiang_bacgiangcity_backan_backancity,115.48733
2025-04-17 06:00:00+00:00,angiang_longxuyen_bacgiang_bacgiangcity_backan_backancity,115.33991
2025-04-17 07:00:00+00:00,angiang_longxuyen_bacgiang_bacgiangcity_backan_backancity,114.866486
2025-04-17 08:00:00+00:00,angiang_longxuyen_bacgiang_bacgiangcity_backan_backancity,114.39181
2025-04-17 09:00:00+00:00,angiang_longxuyen_bacgiang_bacgiangcity_backan_backancity,114.60107
2025-04-17 10:00:00+00:00,angiang_longxuyen_bacgiang_bacgiangcity_backan_backancity,115.59092
2025-04-17 11:00:00+00:00,angiang_longxuyen_bacgiang_bacgiangcity_backan_backancity,116.2037
2025-04-17 12:00:00+00:00,angiang_longxuyen_bacgiang_bacgiangcity_backan_backancity,116.767876
2025-04-17 13:00:00+00:00,angiang_longxuyen_bacgiang_bacgiangcity_backan_backancity,116.95013
2025-04-17 14:00:00+00:00,angiang_longxuyen_bacgiang_bacgiangcity_backan_backancity,117.15011
2025-04-17 15:00:00+00:00,angiang_longxuyen_bacgiang_bacgiangcity_backan_backancity,117.087944
2025-04-17 16:00:00+00:00,angiang_longxuyen_bacgiang_bacgiangcity_backan_backancity,117.10157
2025-04-17 17:00:00+00:00,angiang_longxuyen_bacgiang_bacgiangcity_backan_backancity,117.281204
2025-04-17 18:00:00+00:00,angiang_longxuyen_bacgiang_bacgiangcity_backan_backancity,116.98489
2025-04-17 19:00:00+00:00,angiang_longxuyen_bacgiang_bacgiangcity_backan_backancity,116.447395
2025-04-17 20:00:00+00:00,angiang_longxuyen_bacgiang_bacgiangcity_backan_backancity,115.714195
2025-04-17 21:00:00+00:00,angiang_longxuyen_bacgiang_bacgiangcity_backan_backancity,114.95627
2025-04-17 22:00:00+00:00,angiang_longxuyen_bacgiang_bacgiangcity_backan_backancity,114.749756
2025-04-17 23:00:00+00:00,angiang_longxuyen_bacgiang_bacgiangcity_backan_backancity,114.79579
2025-04-18 00:00:00+00:00,angiang_longxuyen_bacgiang_bacgiangcity_backan_backancity,114.850395
2025-04-18 01:00:00+00:00,angiang_longxuyen_bacgiang_bacgiangcity_backan_backancity,114.8204
2025-04-18 02:00:00+00:00,angiang_longxuyen_bacgiang_bacgiangcity_backan_backancity,114.82013
2025-04-18 03:00:00+00:00,angiang_longxuyen_bacgiang_bacgiangcity_backan_backancity,114.79895
2025-04-18 04:00:00+00:00,angiang_longxuyen_bacgiang_bacgiangcity_backan_backancity,114.619385
2025-04-18 05:00:00+00:00,angiang_longxuyen_bacgiang_bacgiangcity_backan_backancity,114.38881
2025-04-18 06:00:00+00:00,angiang_longxuyen_bacgiang_bacgiangcity_backan_backancity,114.67469
2025-04-18 07:00:00+00:00,angiang_longxuyen_bacgiang_bacgiangcity_backan_backancity,114.4939
2025-04-18 08:00:00+00:00,angiang_longxuyen_bacgiang_bacgiangcity_backan_backancity,114.352486
2025-04-18 09:00:00+00:00,angiang_longxuyen_bacgiang_bacgiangcity_backan_backancity,114.77393
2025-04-18 10:00:00+00:00,angiang_longxuyen_bacgiang_bacgiangcity_backan_backancity,115.88136
2025-04-18 11:00:00+00:00,angiang_longxuyen_bacgiang_bacgiangcity_backan_backancity,116.26451
2025-04-18 12:00:00+00:00,angiang_longxuyen_bacgiang_bacgiangcity_backan_backancity,116.758896
2025-04-18 13:00:00+00:00,angiang_longxuyen_bacgiang_bacgiangcity_backan_backancity,117.21813
2025-04-18 14:00:00+00:00,angiang_longxuyen_bacgiang_bacgiangcity_backan_backancity,117.44506
2025-04-18 15:00:00+00:00,angiang_longxuyen_bacgiang_bacgiangcity_backan_backancity,117.6813
2025-04-18 16:00:00+00:00,angiang_longxuyen_bacgiang_bacgiangcity_backan_backancity,117.66176
2025-04-18 17:00:00+00:00,angiang_longxuyen_bacgiang_bacgiangcity_backan_backancity,116.785355
2025-04-18 18:00:00+00:00,angiang_longxuyen_bacgiang_bacgiangcity_backan_backancity,116.03663
2025-04-18 19:00:00+00:00,angiang_longxuyen_bacgiang_bacgiangcity_backan_backancity,115.8586
2025-04-18 20:00:00+00:00,angiang_longxuyen_bacgiang_bacgiangcity_backan_backancity,115.715775
2025-04-18 21:00:00+00:00,angiang_longxuyen_bacgiang_bacgiangcity_backan_backancity,115.62259
2025-04-18 22:00:00+00:00,angiang_longxuyen_bacgiang_bacgiangcity_backan_backancity,116.107544
2025-04-18 23:00:00+00:00,angiang_longxuyen_bacgiang_bacgiangcity_backan_backancity,116.51344
2025-04-19 00:00:00+00:00,angiang_longxuyen_bacgiang_bacgiangcity_backan_backancity,116.85766
2025-04-19 01:00:00+00:00,angiang_longxuyen_bacgiang_bacgiangcity_backan_backancity,117.72145
2025-04-19 02:00:00+00:00,angiang_longxuyen_bacgiang_bacgiangcity_backan_backancity,118.37984
2025-04-19 03:00:00+00:00,angiang_longxuyen_bacgiang_bacgiangcity_backan_backancity,118.46091
2025-04-19 04:00:00+00:00,angiang_longxuyen_bacgiang_bacgiangcity_backan_backancity,118.08034
2025-04-19 05:00:00+00:00,angiang_longxuyen_bacgiang_bacgiangcity_backan_backancity,116.872215
2025-04-19 06:00:00+00:00,angiang_longxuyen_bacgiang_bacgiangcity_backan_backancity,115.97462
2025-04-19 07:00:00+00:00,angiang_longxuyen_bacgiang_bacgiangcity_backan_backancity,115.9943
2025-04-19 08:00:00+00:00,angiang_longxuyen_bacgiang_bacgiangcity_backan_backancity,116.32924
2025-04-19 09:00:00+00:00,angiang_longxuyen_bacgiang_bacgiangcity_backan_backancity,116.934006
2025-04-19 10:00:00+00:00,angiang_longxuyen_bacgiang_bacgiangcity_backan_backancity,117.536385
2025-04-19 11:00:00+00:00,angiang_longxuyen_bacgiang_bacgiangcity_backan_backancity,117.74574
2025-04-19 12:00:00+00:00,angiang_longxuyen_bacgiang_bacgiangcity_backan_backancity,117.25406
2025-04-19 13:00:00+00:00,angiang_longxuyen_bacgiang_bacgiangcity_backan_backancity,116.790245
2025-04-19 14:00:00+00:00,angiang_longxuyen_bacgiang_bacgiangcity_backan_backancity,116.20648
2025-04-19 15:00:00+00:00,angiang_longxuyen_bacgiang_bacgiangcity_backan_backancity,115.34989
2025-04-19 16:00:00+00:00,angiang_longxuyen_bacgiang_bacgiangcity_backan_backancity,114.429535
2025-04-19 17:00:00+00:00,angiang_longxuyen_bacgiang_bacgiangcity_backan_backancity,113.69502
2025-04-19 18:00:00+00:00,angiang_longxuyen_bacgiang_bacgiangcity_backan_backancity,113.24983
2025-04-19 19:00:00+00:00,angiang_longxuyen_bacgiang_bacgiangcity_backan_backancity,113.154045
2025-04-19 20:00:00+00:00,angiang_longxuyen_bacgiang_bacgiangcity_backan_backancity,113.28087
2025-04-19 21:00:00+00:00,angiang_longxuyen_bacgiang_bacgiangcity_backan_backancity,113.25652
2025-04-19 22:00:00+00:00,angiang_longxuyen_bacgiang_bacgiangcity_backan_backancity,112.9792
2025-04-19 23:00:00+00:00,angiang_longxuyen_bacgiang_bacgiangcity_backan_backancity,112.62337
2025-04-20 00:00:00+00:00,angiang_longxuyen_bacgiang_bacgiangcity_backan_backancity,112.77292
2025-04-20 01:00:00+00:00,angiang_longxuyen_bacgiang_bacgiangcity_backan_backancity,112.367035
2025-04-20 02:00:00+00:00,angiang_longxuyen_bacgiang_bacgiangcity_backan_backancity,111.89114
2025-04-20 03:00:00+00:00,angiang_longxuyen_bacgiang_bacgiangcity_backan_backancity,111.44151
2025-04-20 04:00:00+00:00,angiang_longxuyen_bacgiang_bacgiangcity_backan_backancity,111.17124
2025-04-20 05:00:00+00:00,angiang_longxuyen_bacgiang_bacgiangcity_backan_backancity,110.95202
2025-04-20 06:00:00+00:00,angiang_longxuyen_bacgiang_bacgiangcity_backan_backancity,110.70283
2025-04-20 07:00:00+00:00,angiang_longxuyen_bacgiang_bacgiangcity_backan_backancity,110.59219
2025-04-20 08:00:00+00:00,angiang_longxuyen_bacgiang_bacgiangcity_backan_backancity,110.50077
2025-04-20 09:00:00+00:00,angiang_longxuyen_bacgiang_bacgiangcity_backan_backancity,110.36645
2025-04-20 10:00:00+00:00,angiang_longxuyen_bacgiang_bacgiangcity_backan_backancity,110.21956
2025-04-20 11:00:00+00:00,angiang_longxuyen_bacgiang_bacgiangcity_backan_backancity,109.88755
2025-04-20 12:00:00+00:00,angiang_longxuyen_bacgiang_bacgiangcity_backan_backancity,109.43265
2025-04-20 13:00:00+00:00,angiang_longxuyen_bacgiang_bacgiangcity_backan_backancity,109.105034
2025-04-20 14:00:00+00:00,angiang_longxuyen_bacgiang_bacgiangcity_backan_backancity,108.76648
2025-04-20 15:00:00+00:00,angiang_longxuyen_bacgiang_bacgiangcity_backan_backancity,108.484695
2025-04-20 16:00:00+00:00,angiang_longxuyen_bacgiang_bacgiangcity_backan_backancity,108.09402
2025-04-20 17:00:00+00:00,angiang_longxuyen_bacgiang_bacgiangcity_backan_backancity,107.78878
2025-04-20 18:00:00+00:00,angiang_longxuyen_bacgiang_bacgiangcity_backan_backancity,107.44565
2025-04-20 19:00:00+00:00,angiang_longxuyen_bacgiang_bacgiangcity_backan_backancity,107.15674
2025-04-20 20:00:00+00:00,angiang_longxuyen_bacgiang_bacgiangcity_backan_backancity,106.697525
2025-04-20 21:00:00+00:00,angiang_longxuyen_bacgiang_bacgiangcity_backan_backancity,106.4565
2025-04-20 22:00:00+00:00,angiang_longxuyen_bacgiang_bacgiangcity_backan_backancity,106.28863
2025-04-20 23:00:00+00:00,angiang_longxuyen_bacgiang_bacgiangcity_backan_backancity,106.21733
2025-04-21 00:00:00+00:00,angiang_longxuyen_bacgiang_bacgiangcity_backan_backancity,106.03075
2025-04-21 01:00:00+00:00,angiang_longxuyen_bacgiang_bacgiangcity_backan_backancity,105.840775
2025-04-21 02:00:00+00:00,angiang_longxuyen_bacgiang_bacgiangcity_backan_backancity,105.75046
2025-04-21 03:00:00+00:00,angiang_longxuyen_bacgiang_bacgiangcity_backan_backancity,105.82959
2025-04-21 04:00:00+00:00,angiang_longxuyen_bacgiang_bacgiangcity_backan_backancity,105.570724
2025-04-21 05:00:00+00:00,angiang_longxuyen_bacgiang_bacgiangcity_backan_backancity,105.53541
2025-04-21 06:00:00+00:00,angiang_longxuyen_bacgiang_bacgiangcity_backan_backancity,105.43936
2025-04-21 07:00:00+00:00,angiang_longxuyen_bacgiang_bacgiangcity_backan_backancity,105.26021
2025-04-21 08:00:00+00:00,angiang_longxuyen_bacgiang_bacgiangcity_backan_backancity,104.88854
2025-04-21 09:00:00+00:00,angiang_longxuyen_bacgiang_bacgiangcity_backan_backancity,104.88091
2025-04-21 10:00:00+00:00,angiang_longxuyen_bacgiang_bacgiangcity_backan_backancity,105.629105
2025-04-21 11:00:00+00:00,angiang_longxuyen_bacgiang_bacgiangcity_backan_backancity,106.336266
2025-04-21 12:00:00+00:00,angiang_longxuyen_bacgiang_bacgiangcity_backan_backancity,106.67832
2025-04-21 13:00:00+00:00,angiang_longxuyen_bacgiang_bacgiangcity_backan_backancity,106.777985
2025-04-21 14:00:00+00:00,angiang_longxuyen_bacgiang_bacgiangcity_backan_backancity,106.77495
2025-04-21 15:00:00+00:00,angiang_longxuyen_bacgiang_bacgiangcity_backan_backancity,106.94202
2025-04-21 16:00:00+00:00,angiang_longxuyen_bacgiang_bacgiangcity_backan_backancity,107.372925
2025-04-21 17:00:00+00:00,angiang_longxuyen_bacgiang_bacgiangcity_backan_backancity,107.45294
2025-04-21 18:00:00+00:00,angiang_longxuyen_bacgiang_bacgiangcity_backan_backancity,107.74978
2025-04-21 19:00:00+00:00,angiang_longxuyen_bacgiang_bacgiangcity_backan_backancity,108.28206
2025-04-21 20:00:00+00:00,angiang_longxuyen_bacgiang_bacgiangcity_backan_backancity,108.85714
2025-04-21 21:00:00+00:00,angiang_longxuyen_bacgiang_bacgiangcity_backan_backancity,109.417274
2025-04-21 22:00:00+00:00,angiang_longxuyen_bacgiang_bacgiangcity_backan_backancity,109.81171
2025-04-21 23:00:00+00:00,angiang_longxuyen_bacgiang_bacgiangcity_backan_backancity,110.15797
2025-04-22 00:00:00+00:00,angiang_longxuyen_bacgiang_bacgiangcity_backan_backancity,110.4011
2025-04-22 01:00:00+00:00,angiang_longxuyen_bacgiang_bacgiangcity_backan_backancity,110.60227
2025-04-22 02:00:00+00:00,angiang_longxuyen_bacgiang_bacgiangcity_backan_backancity,110.68378
2025-04-22 03:00:00+00:00,angiang_longxuyen_bacgiang_bacgiangcity_backan_backancity,110.58029
2025-04-22 04:00:00+00:00,angiang_longxuyen_bacgiang_bacgiangcity_backan_backancity,110.50867
2025-04-22 05:00:00+00:00,angiang_longxuyen_bacgiang_bacgiangcity_backan_backancity,110.67034
2025-04-22 06:00:00+00:00,angiang_longxuyen_bacgiang_bacgiangcity_backan_backancity,110.91703
2025-04-22 07:00:00+00:00,angiang_longxuyen_bacgiang_bacgiangcity_backan_backancity,110.74051
2025-04-22 08:00:00+00:00,angiang_longxuyen_bacgiang_bacgiangcity_backan_backancity,110.45494
2025-04-22 09:00:00+00:00,angiang_longxuyen_bacgiang_bacgiangcity_backan_backancity,110.56493
2025-04-22 10:00:00+00:00,angiang_longxuyen_bacgiang_bacgiangcity_backan_backancity,111.52087
2025-04-22 11:00:00+00:00,angiang_longxuyen_bacgiang_bacgiangcity_backan_backancity,111.92999
2025-04-22 12:00:00+00:00,angiang_longxuyen_bacgiang_bacgiangcity_backan_backancity,111.577965
2025-04-22 13:00:00+00:00,angiang_longxuyen_bacgiang_bacgiangcity_backan_backancity,111.76678
2025-04-22 14:00:00+00:00,angiang_longxuyen_bacgiang_bacgiangcity_backan_backancity,111.85919
2025-04-22 15:00:00+00:00,angiang_longxuyen_bacgiang_bacgiangcity_backan_backancity,111.97356
2025-04-22 16:00:00+00:00,angiang_longxuyen_bacgiang_bacgiangcity_backan_backancity,111.982414
2025-04-22 17:00:00+00:00,angiang_longxuyen_bacgiang_bacgiangcity_backan_backancity,111.66311
2025-04-22 18:00:00+00:00,angiang_longxuyen_bacgiang_bacgiangcity_backan_backancity,111.16031
2025-04-22 19:00:00+00:00,angiang_longxuyen_bacgiang_bacgiangcity_backan_backancity,110.74958
2025-04-22 20:00:00+00:00,angiang_longxuyen_bacgiang_bacgiangcity_backan_backancity,110.45315
2025-04-22 21:00:00+00:00,angiang_longxuyen_bacgiang_bacgiangcity_backan_backancity,110.19197
2025-04-22 22:00:00+00:00,angiang_longxuyen_bacgiang_bacgiangcity_backan_backancity,110.36206
2025-04-22 23:00:00+00:00,angiang_longxuyen_bacgiang_bacgiangcity_backan_backancity,110.61933
2025-04-23 00:00:00+00:00,angiang_longxuyen_bacgiang_bacgiangcity_backan_backancity,109.913925
2025-04-23 01:00:00+00:00,angiang_longxuyen_bacgiang_bacgiangcity_backan_backancity,109.767784
2025-04-23 02:00:00+00:00,angiang_longxuyen_bacgiang_bacgiangcity_backan_backancity,109.533554
2025-04-23 03:00:00+00:00,angiang_longxuyen_bacgiang_bacgiangcity_backan_backancity,109.33595
2025-04-23 04:00:00+00:00,angiang_longxuyen_bacgiang_bacgiangcity_backan_backancity,109.31021
2025-04-23 05:00:00+00:00,angiang_longxuyen_bacgiang_bacgiangcity_backan_backancity,109.344795
2025-04-23 06:00:00+00:00,angiang_longxuyen_bacgiang_bacgiangcity_backan_backancity,109.39542
2025-04-23 07:00:00+00:00,angiang_longxuyen_bacgiang_bacgiangcity_backan_backancity,109.312126
2025-04-23 08:00:00+00:00,angiang_longxuyen_bacgiang_bacgiangcity_backan_backancity,109.15756
2025-04-23 09:00:00+00:00,angiang_longxuyen_bacgiang_bacgiangcity_backan_backancity,109.22475
2025-04-23 10:00:00+00:00,angiang_longxuyen_bacgiang_bacgiangcity_backan_backancity,110.0921
2025-04-23 11:00:00+00:00,angiang_longxuyen_bacgiang_bacgiangcity_backan_backancity,110.428764
2025-04-23 12:00:00+00:00,angiang_longxuyen_bacgiang_bacgiangcity_backan_backancity,110.13045
2025-04-23 13:00:00+00:00,angiang_longxuyen_bacgiang_bacgiangcity_backan_backancity,110.18207
2025-04-23 14:00:00+00:00,angiang_longxuyen_bacgiang_bacgiangcity_backan_backancity,110.0674
2025-04-23 15:00:00+00:00,angiang_longxuyen_bacgiang_bacgiangcity_backan_backancity,110.03654
2025-04-23 16:00:00+00:00,angiang_longxuyen_bacgiang_bacgiangcity_backan_backancity,110.3255
2025-04-23 17:00:00+00:00,angiang_longxuyen_bacgiang_bacgiangcity_backan_backancity,110.59835
2025-04-23 18:00:00+00:00,angiang_longxuyen_bacgiang_bacgiangcity_backan_backancity,110.90733
2025-04-23 19:00:00+00:00,angiang_longxuyen_bacgiang_bacgiangcity_backan_backancity,111.04307
2025-04-23 20:00:00+00:00,angiang_longxuyen_bacgiang_bacgiangcity_backan_backancity,111.25524
2025-04-23 21:00:00+00:00,angiang_longxuyen_bacgiang_bacgiangcity_backan_backancity,111.49555
2025-04-23 22:00:00+00:00,angiang_longxuyen_bacgiang_bacgiangcity_backan_backancity,111.791626
2025-04-23 23:00:00+00:00,angiang_longxuyen_bacgiang_bacgiangcity_backan_backancity,112.077614
2025-04-24 00:00:00+00:00,angiang_longxuyen_bacgiang_bacgiangcity_backan_backancity,112.61127
2025-04-24 01:00:00+00:00,angiang_longxuyen_bacgiang_bacgiangcity_backan_backancity,113.111465
2025-04-24 02:00:00+00:00,angiang_longxuyen_bacgiang_bacgiangcity_backan_backancity,113.23342
2025-04-24 03:00:00+00:00,angiang_longxuyen_bacgiang_bacgiangcity_backan_backancity,113.144806
2025-04-24 04:00:00+00:00,angiang_longxuyen_bacgiang_bacgiangcity_backan_backancity,113.319786
2025-04-24 05:00:00+00:00,angiang_longxuyen_bacgiang_bacgiangcity_backan_backancity,113.52463
2025-04-24 06:00:00+00:00,angiang_longxuyen_bacgiang_bacgiangcity_backan_backancity,113.724365
2025-04-24 07:00:00+00:00,angiang_longxuyen_bacgiang_bacgiangcity_backan_backancity,113.62059
2025-04-24 08:00:00+00:00,angiang_longxuyen_bacgiang_bacgiangcity_backan_backancity,113.483795
2025-04-24 09:00:00+00:00,angiang_longxuyen_bacgiang_bacgiangcity_backan_backancity,113.51722
2025-04-24 10:00:00+00:00,angiang_longxuyen_bacgiang_bacgiangcity_backan_backancity,114.85764
2025-04-24 11:00:00+00:00,angiang_longxuyen_bacgiang_bacgiangcity_backan_backancity,114.94504
2025-04-24 12:00:00+00:00,angiang_longxuyen_bacgiang_bacgiangcity_backan_backancity,115.24607
2025-04-24 13:00:00+00:00,angiang_longxuyen_bacgiang_bacgiangcity_backan_backancity,116.28785
2025-04-24 14:00:00+00:00,angiang_longxuyen_bacgiang_bacgiangcity_backan_backancity,118.26071
2025-04-24 15:00:00+00:00,angiang_longxuyen_bacgiang_bacgiangcity_backan_backancity,121.16281
2025-04-24 16:00:00+00:00,angiang_longxuyen_bacgiang_bacgiangcity_backan_backancity,122.34809
2025-04-24 17:00:00+00:00,angiang_longxuyen_bacgiang_bacgiangcity_backan_backancity,122.71304
2025-04-24 18:00:00+00:00,angiang_longxuyen_bacgiang_bacgiangcity_backan_backancity,122.76443
2025-04-24 19:00:00+00:00,angiang_longxuyen_bacgiang_bacgiangcity_backan_backancity,122.64409
2025-04-24 20:00:00+00:00,angiang_longxuyen_bacgiang_bacgiangcity_backan_backancity,122.23009
2025-04-24 21:00:00+00:00,angiang_longxuyen_bacgiang_bacgiangcity_backan_backancity,122.25726
2025-04-24 22:00:00+00:00,angiang_longxuyen_bacgiang_bacgiangcity_backan_backancity,122.10295
2025-04-24 23:00:00+00:00,angiang_longxuyen_bacgiang_bacgiangcity_backan_backancity,123.079254
2025-04-25 00:00:00+00:00,angiang_longxuyen_bacgiang_bacgiangcity_backan_backancity,124.01365
2025-04-25 01:00:00+00:00,angiang_longxuyen_bacgiang_bacgiangcity_backan_backancity,123.37488
2025-04-25 02:00:00+00:00,angiang_longxuyen_bacgiang_bacgiangcity_backan_backancity,122.55432
2025-04-25 03:00:00+00:00,angiang_longxuyen_bacgiang_bacgiangcity_backan_backancity,121.862625
2025-04-25 04:00:00+00:00,angiang_longxuyen_bacgiang_bacgiangcity_backan_backancity,120.62275
2025-04-25 05:00:00+00:00,angiang_longxuyen_bacgiang_bacgiangcity_backan_backancity,119.54844
2025-04-25 06:00:00+00:00,angiang_longxuyen_bacgiang_bacgiangcity_backan_backancity,118.52361
2025-04-25 07:00:00+00:00,angiang_longxuyen_bacgiang_bacgiangcity_backan_backancity,116.92102
2025-04-25 08:00:00+00:00,angiang_longxuyen_bacgiang_bacgiangcity_backan_backancity,116.02428
2025-04-25 09:00:00+00:00,angiang_longxuyen_bacgiang_bacgiangcity_backan_backancity,116.46448
2025-04-25 10:00:00+00:00,angiang_longxuyen_bacgiang_bacgiangcity_backan_backancity,119.32476
2025-04-25 11:00:00+00:00,angiang_longxuyen_bacgiang_bacgiangcity_backan_backancity,122.43833
2025-04-25 12:00:00+00:00,angiang_longxuyen_bacgiang_bacgiangcity_backan_backancity,125.20657
2025-04-25 13:00:00+00:00,angiang_longxuyen_bacgiang_bacgiangcity_backan_backancity,128.31444
2025-04-25 14:00:00+00:00,angiang_longxuyen_bacgiang_bacgiangcity_backan_backancity,131.02724
2025-04-25 15:00:00+00:00,angiang_longxuyen_bacgiang_bacgiangcity_backan_backancity,132.58635
2025-04-25 16:00:00+00:00,angiang_longxuyen_bacgiang_bacgiangcity_backan_backancity,132.24347
2025-04-25 17:00:00+00:00,angiang_longxuyen_bacgiang_bacgiangcity_backan_backancity,129.65555
2025-04-25 18:00:00+00:00,angiang_longxuyen_bacgiang_bacgiangcity_backan_backancity,127.77562
2025-04-25 19:00:00+00:00,angiang_longxuyen_bacgiang_bacgiangcity_backan_backancity,126.02851
2025-04-25 20:00:00+00:00,angiang_longxuyen_bacgiang_bacgiangcity_backan_backancity,123.40975
2025-04-25 21:00:00+00:00,angiang_longxuyen_bacgiang_bacgiangcity_backan_backancity,121.399895
2025-04-25 22:00:00+00:00,angiang_longxuyen_bacgiang_bacgiangcity_backan_backancity,120.22989
2025-04-25 23:00:00+00:00,angiang_longxuyen_bacgiang_bacgiangcity_backan_backancity,120.025604
2025-04-26 00:00:00+00:00,angiang_longxuyen_bacgiang_bacgiangcity_backan_backancity,119.44991
2025-04-26 01:00:00+00:00,angiang_longxuyen_bacgiang_bacgiangcity_backan_backancity,119.037254
2025-04-26 02:00:00+00:00,angiang_longxuyen_bacgiang_bacgiangcity_backan_backancity,118.3494
2025-04-26 03:00:00+00:00,angiang_longxuyen_bacgiang_bacgiangcity_backan_backancity,117.921036
2025-04-26 04:00:00+00:00,angiang_longxuyen_bacgiang_bacgiangcity_backan_backancity,117.554184
2025-04-26 05:00:00+00:00,angiang_longxuyen_bacgiang_bacgiangcity_backan_backancity,117.0368
2025-04-26 06:00:00+00:00,angiang_longxuyen_bacgiang_bacgiangcity_backan_backancity,116.36613
2025-04-26 07:00:00+00:00,angiang_longxuyen_bacgiang_bacgiangcity_backan_backancity,115.56676
2025-04-26 08:00:00+00:00,angiang_longxuyen_bacgiang_bacgiangcity_backan_backancity,114.75986
2025-04-26 09:00:00+00:00,angiang_longxuyen_bacgiang_bacgiangcity_backan_backancity,114.557846
2025-04-26 10:00:00+00:00,angiang_longxuyen_bacgiang_bacgiangcity_backan_backancity,115.27031
2025-04-26 11:00:00+00:00,angiang_longxuyen_bacgiang_bacgiangcity_backan_backancity,116.13597
2025-04-26 12:00:00+00:00,angiang_longxuyen_bacgiang_bacgiangcity_backan_backancity,116.359985
2025-04-26 13:00:00+00:00,angiang_longxuyen_bacgiang_bacgiangcity_backan_backancity,115.85303
2025-04-26 14:00:00+00:00,angiang_longxuyen_bacgiang_bacgiangcity_backan_backancity,115.206314
2025-04-26 15:00:00+00:00,angiang_longxuyen_bacgiang_bacgiangcity_backan_backancity,114.587654
2025-04-26 16:00:00+00:00,angiang_longxuyen_bacgiang_bacgiangcity_backan_backancity,114.1361
2025-04-26 17:00:00+00:00,angiang_longxuyen_bacgiang_bacgiangcity_backan_backancity,113.5394
2025-04-26 18:00:00+00:00,angiang_longxuyen_bacgiang_bacgiangcity_backan_backancity,112.88557
2025-04-26 19:00:00+00:00,angiang_longxuyen_bacgiang_bacgiangcity_backan_backancity,112.1442
2025-04-26 20:00:00+00:00,angiang_longxuyen_bacgiang_bacgiangcity_backan_backancity,111.57876
2025-04-26 21:00:00+00:00,angiang_longxuyen_bacgiang_bacgiangcity_backan_backancity,110.94795
2025-04-26 22:00:00+00:00,angiang_longxuyen_bacgiang_bacgiangcity_backan_backancity,110.916664
2025-04-26 23:00:00+00:00,angiang_longxuyen_bacgiang_bacgiangcity_backan_backancity,111.03573
2025-04-27 00:00:00+00:00,angiang_longxuyen_bacgiang_bacgiangcity_backan_backancity,110.99311
2025-04-27 01:00:00+00:00,angiang_longxuyen_bacgiang_bacgiangcity_backan_backancity,110.91151
2025-04-27 02:00:00+00:00,angiang_longxuyen_bacgiang_bacgiangcity_backan_backancity,110.90484
2025-04-27 03:00:00+00:00,angiang_longxuyen_bacgiang_bacgiangcity_backan_backancity,110.752815
2025-04-27 04:00:00+00:00,angiang_longxuyen_bacgiang_bacgiangcity_backan_backancity,110.5993
2025-04-27 05:00:00+00:00,angiang_longxuyen_bacgiang_bacgiangcity_backan_backancity,110.59335
2025-04-27 06:00:00+00:00,angiang_longxuyen_bacgiang_bacgiangcity_backan_backancity,110.65158
2025-04-27 07:00:00+00:00,angiang_longxuyen_bacgiang_bacgiangcity_backan_backancity,110.61596
2025-04-27 08:00:00+00:00,angiang_longxuyen_bacgiang_bacgiangcity_backan_backancity,110.36416
2025-04-27 09:00:00+00:00,angiang_longxuyen_bacgiang_bacgiangcity_backan_backancity,110.47621
2025-04-27 10:00:00+00:00,angiang_longxuyen_bacgiang_bacgiangcity_backan_backancity,111.39833
2025-04-27 11:00:00+00:00,angiang_longxuyen_bacgiang_bacgiangcity_backan_backancity,111.45156
2025-04-27 12:00:00+00:00,angiang_longxuyen_bacgiang_bacgiangcity_backan_backancity,110.86324
2025-04-27 13:00:00+00:00,angiang_longxuyen_bacgiang_bacgiangcity_backan_backancity,111.02895
2025-04-27 14:00:00+00:00,angiang_longxuyen_bacgiang_bacgiangcity_backan_backancity,111.21087
2025-04-27 15:00:00+00:00,angiang_longxuyen_bacgiang_bacgiangcity_backan_backancity,111.47455
2025-04-27 16:00:00+00:00,angiang_longxuyen_bacgiang_bacgiangcity_backan_backancity,111.45631
2025-04-27 17:00:00+00:00,angiang_longxuyen_bacgiang_bacgiangcity_backan_backancity,111.19271
2025-04-27 18:00:00+00:00,angiang_longxuyen_bacgiang_bacgiangcity_backan_backancity,110.95605
2025-04-27 19:00:00+00:00,angiang_longxuyen_bacgiang_bacgiangcity_backan_backancity,110.88339
2025-04-27 20:00:00+00:00,angiang_longxuyen_bacgiang_bacgiangcity_backan_backancity,111.06376
2025-04-27 21:00:00+00:00,angiang_longxuyen_bacgiang_bacgiangcity_backan_backancity,111.134155
2025-04-27 22:00:00+00:00,angiang_longxuyen_bacgiang_bacgiangcity_backan_backancity,111.426575
2025-04-27 23:00:00+00:00,angiang_longxuyen_bacgiang_bacgiangcity_backan_backancity,111.764
2025-04-28 00:00:00+00:00,angiang_longxuyen_bacgiang_bacgiangcity_backan_backancity,111.9262
2025-04-28 01:00:00+00:00,angiang_longxuyen_bacgiang_bacgiangcity_backan_backancity,112.3289
2025-04-28 02:00:00+00:00,angiang_longxuyen_bacgiang_bacgiangcity_backan_backancity,112.444435
2025-04-28 03:00:00+00:00,angiang_longxuyen_bacgiang_bacgiangcity_backan_backancity,112.59213
2025-04-28 04:00:00+00:00,angiang_longxuyen_bacgiang_bacgiangcity_backan_backancity,112.55484
2025-04-28 05:00:00+00:00,angiang_longxuyen_bacgiang_bacgiangcity_backan_backancity,112.58206
2025-04-28 06:00:00+00:00,angiang_longxuyen_bacgiang_bacgiangcity_backan_backancity,112.584305
2025-04-28 07:00:00+00:00,angiang_longxuyen_bacgiang_bacgiangcity_backan_backancity,112.56274
2025-04-28 08:00:00+00:00,angiang_longxuyen_bacgiang_bacgiangcity_backan_backancity,112.20696
2025-04-28 09:00:00+00:00,angiang_longxuyen_bacgiang_bacgiangcity_backan_backancity,112.393684
2025-04-28 10:00:00+00:00,angiang_longxuyen_bacgiang_bacgiangcity_backan_backancity,113.332985
2025-04-28 11:00:00+00:00,angiang_longxuyen_bacgiang_bacgiangcity_backan_backancity,113.06928
2025-04-28 12:00:00+00:00,angiang_longxuyen_bacgiang_bacgiangcity_backan_backancity,111.70445
2025-04-28 13:00:00+00:00,angiang_longxuyen_bacgiang_bacgiangcity_backan_backancity,111.89223
2025-04-28 14:00:00+00:00,angiang_longxuyen_bacgiang_bacgiangcity_backan_backancity,112.5554
2025-04-28 15:00:00+00:00,angiang_longxuyen_bacgiang_bacgiangcity_backan_backancity,112.88573
2025-04-28 16:00:00+00:00,angiang_longxuyen_bacgiang_bacgiangcity_backan_backancity,112.883125
2025-04-28 17:00:00+00:00,angiang_longxuyen_bacgiang_bacgiangcity_backan_backancity,112.83726
2025-04-28 18:00:00+00:00,angiang_longxuyen_bacgiang_bacgiangcity_backan_backancity,112.69482
2025-04-28 19:00:00+00:00,angiang_longxuyen_bacgiang_bacgiangcity_backan_backancity,112.45583
2025-04-28 20:00:00+00:00,angiang_longxuyen_bacgiang_bacgiangcity_backan_backancity,112.57747
2025-04-28 21:00:00+00:00,angiang_longxuyen_bacgiang_bacgiangcity_backan_backancity,112.71526
2025-04-28 22:00:00+00:00,angiang_longxuyen_bacgiang_bacgiangcity_backan_backancity,112.77942
2025-04-28 23:00:00+00:00,angiang_longxuyen_bacgiang_bacgiangcity_backan_backancity,112.90869
2025-04-29 00:00:00+00:00,angiang_longxuyen_bacgiang_bacgiangcity_backan_backancity,112.90695
2025-04-29 01:00:00+00:00,angiang_longxuyen_bacgiang_bacgiangcity_backan_backancity,112.776054
2025-04-29 02:00:00+00:00,angiang_longxuyen_bacgiang_bacgiangcity_backan_backancity,112.624306
2025-04-29 03:00:00+00:00,angiang_longxuyen_bacgiang_bacgiangcity_backan_backancity,112.574974
2025-04-29 04:00:00+00:00,angiang_longxuyen_bacgiang_bacgiangcity_backan_backancity,112.52396
2025-04-29 05:00:00+00:00,angiang_longxuyen_bacgiang_bacgiangcity_backan_backancity,112.37436
2025-04-29 06:00:00+00:00,angiang_longxuyen_bacgiang_bacgiangcity_backan_backancity,112.39885
2025-04-29 07:00:00+00:00,angiang_longxuyen_bacgiang_bacgiangcity_backan_backancity,112.34405
2025-04-29 08:00:00+00:00,angiang_longxuyen_bacgiang_bacgiangcity_backan_backancity,112.23002
2025-04-29 09:00:00+00:00,angiang_longxuyen_bacgiang_bacgiangcity_backan_backancity,112.30944
2025-04-29 10:00:00+00:00,angiang_longxuyen_bacgiang_bacgiangcity_backan_backancity,112.97405
2025-04-29 11:00:00+00:00,angiang_longxuyen_bacgiang_bacgiangcity_backan_backancity,113.61739
2025-04-29 12:00:00+00:00,angiang_longxuyen_bacgiang_bacgiangcity_backan_backancity,113.60364
2025-04-29 13:00:00+00:00,angiang_longxuyen_bacgiang_bacgiangcity_backan_backancity,113.446396
2025-04-29 14:00:00+00:00,angiang_longxuyen_bacgiang_bacgiangcity_backan_backancity,113.33824
2025-04-29 15:00:00+00:00,angiang_longxuyen_bacgiang_bacgiangcity_backan_backancity,113.083755
2025-04-29 16:00:00+00:00,angiang_longxuyen_bacgiang_bacgiangcity_backan_backancity,112.87066
2025-04-29 17:00:00+00:00,angiang_longxuyen_bacgiang_bacgiangcity_backan_backancity,112.83601
2025-04-29 18:00:00+00:00,angiang_longxuyen_bacgiang_bacgiangcity_backan_backancity,112.64117
2025-04-29 19:00:00+00:00,angiang_longxuyen_bacgiang_bacgiangcity_backan_backancity,112.54253
2025-04-29 20:00:00+00:00,angiang_longxuyen_bacgiang_bacgiangcity_backan_backancity,112.39761
2025-04-29 21:00:00+00:00,angiang_longxuyen_bacgiang_bacgiangcity_backan_backancity,112.36961
2025-04-29 22:00:00+00:00,angiang_longxuyen_bacgiang_bacgiangcity_backan_backancity,112.520226
2025-04-29 23:00:00+00:00,angiang_longxuyen_bacgiang_bacgiangcity_backan_backancity,112.65423
2025-04-30 00:00:00+00:00,angiang_longxuyen_bacgiang_bacgiangcity_backan_backancity,112.776505
2025-04-30 01:00:00+00:00,angiang_longxuyen_bacgiang_bacgiangcity_backan_backancity,112.96093
2025-04-30 02:00:00+00:00,angiang_longxuyen_bacgiang_bacgiangcity_backan_backancity,113.250626
2025-04-30 03:00:00+00:00,angiang_longxuyen_bacgiang_bacgiangcity_backan_backancity,113.233154
2025-04-30 04:00:00+00:00,angiang_longxuyen_bacgiang_bacgiangcity_backan_backancity,112.72441
2025-04-30 05:00:00+00:00,angiang_longxuyen_bacgiang_bacgiangcity_backan_backancity,112.484344
2025-04-30 06:00:00+00:00,angiang_longxuyen_bacgiang_bacgiangcity_backan_backancity,112.28314
2025-04-30 07:00:00+00:00,angiang_longxuyen_bacgiang_bacgiangcity_backan_backancity,112.04859
2025-04-30 08:00:00+00:00,angiang_longxuyen_bacgiang_bacgiangcity_backan_backancity,111.68866
2025-04-30 09:00:00+00:00,angiang_longxuyen_bacgiang_bacgiangcity_backan_backancity,112.13765
2025-04-30 10:00:00+00:00,angiang_longxuyen_bacgiang_bacgiangcity_backan_backancity,113.88055
2025-04-30 11:00:00+00:00,angiang_longxuyen_bacgiang_bacgiangcity_backan_backancity,113.60992
2025-04-30 12:00:00+00:00,angiang_longxuyen_bacgiang_bacgiangcity_backan_backancity,112.33156
2025-04-30 13:00:00+00:00,angiang_longxuyen_bacgiang_bacgiangcity_backan_backancity,112.93312
2025-04-30 14:00:00+00:00,angiang_longxuyen_bacgiang_bacgiangcity_backan_backancity,113.95778
2025-04-30 15:00:00+00:00,angiang_longxuyen_bacgiang_bacgiangcity_backan_backancity,115.99329
2025-04-30 16:00:00+00:00,angiang_longxuyen_bacgiang_bacgiangcity_backan_backancity,118.62026
2025-04-30 17:00:00+00:00,angiang_longxuyen_bacgiang_bacgiangcity_backan_backancity,121.611626
2025-04-30 18:00:00+00:00,angiang_longxuyen_bacgiang_bacgiangcity_backan_backancity,122.97274
2025-04-30 19:00:00+00:00,angiang_longxuyen_bacgiang_bacgiangcity_backan_backancity,122.76849
2025-04-30 20:00:00+00:00,angiang_longxuyen_bacgiang_bacgiangcity_backan_backancity,122.02614
2025-04-30 21:00:00+00:00,angiang_longxuyen_bacgiang_bacgiangcity_backan_backancity,121.230286
2025-04-30 22:00:00+00:00,angiang_longxuyen_bacgiang_bacgiangcity_backan_backancity,120.84469
2025-04-30 23:00:00+00:00,angiang_longxuyen_bacgiang_bacgiangcity_backan_backancity,121.620674
2025-05-01 00:00:00+00:00,angiang_longxuyen_bacgiang_bacgiangcity_backan_backancity,121.323326
2025-05-01 01:00:00+00:00,angiang_longxuyen_bacgiang_bacgiangcity_backan_backancity,121.59378
2025-05-01 02:00:00+00:00,angiang_longxuyen_bacgiang_bacgiangcity_backan_backancity,121.86026
2025-05-01 03:00:00+00:00,angiang_longxuyen_bacgiang_bacgiangcity_backan_backancity,121.11657
2025-05-01 04:00:00+00:00,angiang_longxuyen_bacgiang_bacgiangcity_backan_backancity,120.54417
2025-05-01 05:00:00+00:00,angiang_longxuyen_bacgiang_bacgiangcity_backan_backancity,119.41726
2025-05-01 06:00:00+00:00,angiang_longxuyen_bacgiang_bacgiangcity_backan_backancity,118.25125
2025-05-01 07:00:00+00:00,angiang_longxuyen_bacgiang_bacgiangcity_backan_backancity,117.19369
2025-05-01 08:00:00+00:00,angiang_longxuyen_bacgiang_bacgiangcity_backan_backancity,116.3266
2025-05-01 09:00:00+00:00,angiang_longxuyen_bacgiang_bacgiangcity_backan_backancity,116.70945
2025-05-01 10:00:00+00:00,angiang_longxuyen_bacgiang_bacgiangcity_backan_backancity,119.13799
2025-05-01 11:00:00+00:00,angiang_longxuyen_bacgiang_bacgiangcity_backan_backancity,121.98135
2025-05-01 12:00:00+00:00,angiang_longxuyen_bacgiang_bacgiangcity_backan_backancity,124.728386
2025-05-01 13:00:00+00:00,angiang_longxuyen_bacgiang_bacgiangcity_backan_backancity,127.29593
2025-05-01 14:00:00+00:00,angiang_longxuyen_bacgiang_bacgiangcity_backan_backancity,128.8929
2025-05-01 15:00:00+00:00,angiang_longxuyen_bacgiang_bacgiangcity_backan_backancity,129.01097
2025-05-01 16:00:00+00:00,angiang_longxuyen_bacgiang_bacgiangcity_backan_backancity,128.58922
2025-05-01 17:00:00+00:00,angiang_longxuyen_bacgiang_bacgiangcity_backan_backancity,127.75211
2025-05-01 18:00:00+00:00,angiang_longxuyen_bacgiang_bacgiangcity_backan_backancity,126.75914
2025-05-01 19:00:00+00:00,angiang_longxuyen_bacgiang_bacgiangcity_backan_backancity,125.228195
2025-05-01 20:00:00+00:00,angiang_longxuyen_bacgiang_bacgiangcity_backan_backancity,124.08661
2025-05-01 21:00:00+00:00,angiang_longxuyen_bacgiang_bacgiangcity_backan_backancity,122.42976
2025-05-01 22:00:00+00:00,angiang_longxuyen_bacgiang_bacgiangcity_backan_backancity,122.969246
2025-05-01 23:00:00+00:00,angiang_longxuyen_bacgiang_bacgiangcity_backan_backancity,123.4716
2025-05-02 00:00:00+00:00,angiang_longxuyen_bacgiang_bacgiangcity_backan_backancity,123.56746
2025-05-02 01:00:00+00:00,angiang_longxuyen_bacgiang_bacgiangcity_backan_backancity,123.63591
2025-05-02 02:00:00+00:00,angiang_longxuyen_bacgiang_bacgiangcity_backan_backancity,124.75866
2025-05-02 03:00:00+00:00,angiang_longxuyen_bacgiang_bacgiangcity_backan_backancity,124.33627
2025-05-02 04:00:00+00:00,angiang_longxuyen_bacgiang_bacgiangcity_backan_backancity,124.21999
2025-05-02 05:00:00+00:00,angiang_longxuyen_bacgiang_bacgiangcity_backan_backancity,123.3559
2025-05-02 06:00:00+00:00,angiang_longxuyen_bacgiang_bacgiangcity_backan_backancity,121.92136
2025-05-02 07:00:00+00:00,angiang_longxuyen_bacgiang_bacgiangcity_backan_backancity,120.29792
2025-05-02 08:00:00+00:00,angiang_longxuyen_bacgiang_bacgiangcity_backan_backancity,118.73541
2025-05-02 09:00:00+00:00,angiang_longxuyen_bacgiang_bacgiangcity_backan_backancity,118.329185
2025-05-02 10:00:00+00:00,angiang_longxuyen_bacgiang_bacgiangcity_backan_backancity,120.97172
2025-05-02 11:00:00+00:00,angiang_longxuyen_bacgiang_bacgiangcity_backan_backancity,122.82059
2025-05-02 12:00:00+00:00,angiang_longxuyen_bacgiang_bacgiangcity_backan_backancity,123.69103
2025-05-02 13:00:00+00:00,angiang_longxuyen_bacgiang_bacgiangcity_backan_backancity,124.90878
2025-05-02 14:00:00+00:00,angiang_longxuyen_bacgiang_bacgiangcity_backan_backancity,125.08858
2025-05-02 15:00:00+00:00,angiang_longxuyen_bacgiang_bacgiangcity_backan_backancity,124.83565
2025-05-02 16:00:00+00:00,angiang_longxuyen_bacgiang_bacgiangcity_backan_backancity,125.65671
2025-05-02 17:00:00+00:00,angiang_longxuyen_bacgiang_bacgiangcity_backan_backancity,127.269066
2025-05-02 18:00:00+00:00,angiang_longxuyen_bacgiang_bacgiangcity_backan_backancity,127.47162
2025-05-02 19:00:00+00:00,angiang_longxuyen_bacgiang_bacgiangcity_backan_backancity,128.0301
2025-05-02 20:00:00+00:00,angiang_longxuyen_bacgiang_bacgiangcity_backan_backancity,127.64605
2025-05-02 21:00:00+00:00,angiang_longxuyen_bacgiang_bacgiangcity_backan_backancity,125.87093
2025-05-02 22:00:00+00:00,angiang_longxuyen_bacgiang_bacgiangcity_backan_backancity,126.13454
2025-05-02 23:00:00+00:00,angiang_longxuyen_bacgiang_bacgiangcity_backan_backancity,125.92678
2025-05-03 00:00:00+00:00,angiang_longxuyen_bacgiang_bacgiangcity_backan_backancity,125.27367
2025-05-03 01:00:00+00:00,angiang_longxuyen_bacgiang_bacgiangcity_backan_backancity,124.19965
2025-05-03 02:00:00+00:00,angiang_longxuyen_bacgiang_bacgiangcity_backan_backancity,123.31407
2025-05-03 03:00:00+00:00,angiang_longxuyen_bacgiang_bacgiangcity_backan_backancity,122.60535
2025-05-03 04:00:00+00:00,angiang_longxuyen_bacgiang_bacgiangcity_backan_backancity,121.23885
2025-05-03 05:00:00+00:00,angiang_longxuyen_bacgiang_bacgiangcity_backan_backancity,120.693825
2025-05-03 06:00:00+00:00,angiang_longxuyen_bacgiang_bacgiangcity_backan_backancity,119.707214
2025-05-03 07:00:00+00:00,angiang_longxuyen_bacgiang_bacgiangcity_backan_backancity,118.13183
2025-05-03 08:00:00+00:00,angiang_longxuyen_bacgiang_bacgiangcity_backan_backancity,116.991684
2025-05-03 09:00:00+00:00,angiang_longxuyen_bacgiang_bacgiangcity_backan_backancity,116.983826
2025-05-03 10:00:00+00:00,angiang_longxuyen_bacgiang_bacgiangcity_backan_backancity,118.46361
2025-05-03 11:00:00+00:00,angiang_longxuyen_bacgiang_bacgiangcity_backan_backancity,120.20718
2025-05-03 12:00:00+00:00,angiang_longxuyen_bacgiang_bacgiangcity_backan_backancity,120.4038
2025-05-03 13:00:00+00:00,angiang_longxuyen_bacgiang_bacgiangcity_backan_backancity,120.42628
2025-05-03 14:00:00+00:00,angiang_longxuyen_bacgiang_bacgiangcity_backan_backancity,121.54244
2025-05-03 15:00:00+00:00,angiang_longxuyen_bacgiang_bacgiangcity_backan_backancity,121.80681
2025-05-03 16:00:00+00:00,angiang_longxuyen_bacgiang_bacgiangcity_backan_backancity,121.9671
2025-05-03 17:00:00+00:00,angiang_longxuyen_bacgiang_bacgiangcity_backan_backancity,122.652466
2025-05-03 18:00:00+00:00,angiang_longxuyen_bacgiang_bacgiangcity_backan_backancity,122.61967
2025-05-03 19:00:00+00:00,angiang_longxuyen_bacgiang_bacgiangcity_backan_backancity,122.477936
2025-05-03 20:00:00+00:00,angiang_longxuyen_bacgiang_bacgiangcity_backan_backancity,122.73404
2025-05-03 21:00:00+00:00,angiang_longxuyen_bacgiang_bacgiangcity_backan_backancity,122.92767
2025-05-03 22:00:00+00:00,angiang_longxuyen_bacgiang_bacgiangcity_backan_backancity,123.09255
2025-05-03 23:00:00+00:00,angiang_longxuyen_bacgiang_bacgiangcity_backan_backancity,123.63831
2025-05-04 00:00:00+00:00,angiang_longxuyen_bacgiang_bacgiangcity_backan_backancity,124.83099
2025-05-04 01:00:00+00:00,angiang_longxuyen_bacgiang_bacgiangcity_backan_backancity,124.05263
2025-05-04 02:00:00+00:00,angiang_longxuyen_bacgiang_bacgiangcity_backan_backancity,122.942566
2025-05-04 03:00:00+00:00,angiang_longxuyen_bacgiang_bacgiangcity_backan_backancity,121.484505
2025-05-04 04:00:00+00:00,angiang_longxuyen_bacgiang_bacgiangcity_backan_backancity,120.46453
2025-05-04 05:00:00+00:00,angiang_longxuyen_bacgiang_bacgiangcity_backan_backancity,119.69457
2025-05-04 06:00:00+00:00,angiang_longxuyen_bacgiang_bacgiangcity_backan_backancity,118.43594
2025-05-04 07:00:00+00:00,angiang_longxuyen_bacgiang_bacgiangcity_backan_backancity,117.484215
2025-05-04 08:00:00+00:00,angiang_longxuyen_bacgiang_bacgiangcity_backan_backancity,116.479744
2025-05-04 09:00:00+00:00,angiang_longxuyen_bacgiang_bacgiangcity_backan_backancity,116.78428
2025-05-04 10:00:00+00:00,angiang_longxuyen_bacgiang_bacgiangcity_backan_backancity,118.848694
2025-05-04 11:00:00+00:00,angiang_longxuyen_bacgiang_bacgiangcity_backan_backancity,120.47749
2025-05-04 12:00:00+00:00,angiang_longxuyen_bacgiang_bacgiangcity_backan_backancity,122.6443
2025-05-04 13:00:00+00:00,angiang_longxuyen_bacgiang_bacgiangcity_backan_backancity,124.623
2025-05-04 14:00:00+00:00,angiang_longxuyen_bacgiang_bacgiangcity_backan_backancity,126.1107
2025-05-04 15:00:00+00:00,angiang_longxuyen_bacgiang_bacgiangcity_backan_backancity,128.48834
2025-05-04 16:00:00+00:00,angiang_longxuyen_bacgiang_bacgiangcity_backan_backancity,130.91745
2025-05-04 17:00:00+00:00,angiang_longxuyen_bacgiang_bacgiangcity_backan_backancity,134.78407
2025-05-04 18:00:00+00:00,angiang_longxuyen_bacgiang_bacgiangcity_backan_backancity,136.08923
2025-05-04 19:00:00+00:00,angiang_longxuyen_bacgiang_bacgiangcity_backan_backancity,137.05025
2025-05-04 20:00:00+00:00,angiang_longxuyen_bacgiang_bacgiangcity_backan_backancity,133.8585
2025-05-04 21:00:00+00:00,angiang_longxuyen_bacgiang_bacgiangcity_backan_backancity,129.12709
2025-05-04 22:00:00+00:00,angiang_longxuyen_bacgiang_bacgiangcity_backan_backancity,125.975006
2025-05-04 23:00:00+00:00,angiang_longxuyen_bacgiang_bacgiangcity_backan_backancity,122.04465
2025-05-05 00:00:00+00:00,angiang_longxuyen_bacgiang_bacgiangcity_backan_backancity,121.94066
2025-05-05 01:00:00+00:00,angiang_longxuyen_bacgiang_bacgiangcity_backan_backancity,120.09099
2025-05-05 02:00:00+00:00,angiang_longxuyen_bacgiang_bacgiangcity_backan_backancity,119.41246
2025-05-05 03:00:00+00:00,angiang_longxuyen_bacgiang_bacgiangcity_backan_backancity,120.34387
2025-05-05 04:00:00+00:00,angiang_longxuyen_bacgiang_bacgiangcity_backan_backancity,121.36734
2025-05-05 05:00:00+00:00,angiang_longxuyen_bacgiang_bacgiangcity_backan_backancity,122.054375
2025-05-05 06:00:00+00:00,angiang_longxuyen_bacgiang_bacgiangcity_backan_backancity,121.940735
2025-05-05 07:00:00+00:00,angiang_longxuyen_bacgiang_bacgiangcity_backan_backancity,121.39673
2025-05-05 08:00:00+00:00,angiang_longxuyen_bacgiang_bacgiangcity_backan_backancity,120.98648
2025-05-05 09:00:00+00:00,angiang_longxuyen_bacgiang_bacgiangcity_backan_backancity,120.70035
2025-05-05 10:00:00+00:00,angiang_longxuyen_bacgiang_bacgiangcity_backan_backancity,121.00196
2025-05-05 11:00:00+00:00,angiang_longxuyen_bacgiang_bacgiangcity_backan_backancity,121.2374
2025-05-05 12:00:00+00:00,angiang_longxuyen_bacgiang_bacgiangcity_backan_backancity,121.18762
2025-05-05 13:00:00+00:00,angiang_longxuyen_bacgiang_bacgiangcity_backan_backancity,120.70283
2025-05-05 14:00:00+00:00,angiang_longxuyen_bacgiang_bacgiangcity_backan_backancity,119.98617
2025-05-05 15:00:00+00:00,angiang_longxuyen_bacgiang_bacgiangcity_backan_backancity,119.459175
2025-05-05 16:00:00+00:00,angiang_longxuyen_bacgiang_bacgiangcity_backan_backancity,119.0069
2025-05-05 17:00:00+00:00,angiang_longxuyen_bacgiang_bacgiangcity_backan_backancity,119.152756
2025-05-05 18:00:00+00:00,angiang_longxuyen_bacgiang_bacgiangcity_backan_backancity,118.79749
2025-05-05 19:00:00+00:00,angiang_longxuyen_bacgiang_bacgiangcity_backan_backancity,118.46935
2025-05-05 20:00:00+00:00,angiang_longxuyen_bacgiang_bacgiangcity_backan_backancity,118.14921
2025-05-05 21:00:00+00:00,angiang_longxuyen_bacgiang_bacgiangcity_backan_backancity,118.10135
2025-05-05 22:00:00+00:00,angiang_longxuyen_bacgiang_bacgiangcity_backan_backancity,118.515175
2025-05-05 23:00:00+00:00,angiang_longxuyen_bacgiang_bacgiangcity_backan_backancity,119.21662
2025-05-06 00:00:00+00:00,angiang_longxuyen_bacgiang_bacgiangcity_backan_backancity,119.915405
2025-05-06 01:00:00+00:00,angiang_longxuyen_bacgiang_bacgiangcity_backan_backancity,119.99637
2025-05-06 02:00:00+00:00,angiang_longxuyen_bacgiang_bacgiangcity_backan_backancity,120.61405
2025-05-06 03:00:00+00:00,angiang_longxuyen_bacgiang_bacgiangcity_backan_backancity,121.56215
2025-05-06 04:00:00+00:00,angiang_longxuyen_bacgiang_bacgiangcity_backan_backancity,122.36104
2025-05-06 05:00:00+00:00,angiang_longxuyen_bacgiang_bacgiangcity_backan_backancity,123.33659
2025-05-06 06:00:00+00:00,angiang_longxuyen_bacgiang_bacgiangcity_backan_backancity,123.36722
2025-05-06 07:00:00+00:00,angiang_longxuyen_bacgiang_bacgiangcity_backan_backancity,122.37388
2025-05-06 08:00:00+00:00,angiang_longxuyen_bacgiang_bacgiangcity_backan_backancity,121.26087
2025-05-06 09:00:00+00:00,angiang_longxuyen_bacgiang_bacgiangcity_backan_backancity,120.862686
2025-05-06 10:00:00+00:00,angiang_longxuyen_bacgiang_bacgiangcity_backan_backancity,122.655716
2025-05-06 11:00:00+00:00,angiang_longxuyen_bacgiang_bacgiangcity_backan_backancity,124.16801
2025-05-06 12:00:00+00:00,angiang_longxuyen_bacgiang_bacgiangcity_backan_backancity,124.582756
2025-05-06 13:00:00+00:00,angiang_longxuyen_bacgiang_bacgiangcity_backan_backancity,124.62611
2025-05-06 14:00:00+00:00,angiang_longxuyen_bacgiang_bacgiangcity_backan_backancity,124.54534
2025-05-06 15:00:00+00:00,angiang_longxuyen_bacgiang_bacgiangcity_backan_backancity,124.39377
2025-05-06 16:00:00+00:00,angiang_longxuyen_bacgiang_bacgiangcity_backan_backancity,124.10787
2025-05-06 17:00:00+00:00,angiang_longxuyen_bacgiang_bacgiangcity_backan_backancity,124.13102
2025-05-06 18:00:00+00:00,angiang_longxuyen_bacgiang_bacgiangcity_backan_backancity,124.72026
2025-05-06 19:00:00+00:00,angiang_longxuyen_bacgiang_bacgiangcity_backan_backancity,124.1866
2025-05-06 20:00:00+00:00,angiang_longxuyen_bacgiang_bacgiangcity_backan_backancity,124.22914
2025-05-06 21:00:00+00:00,angiang_longxuyen_bacgiang_bacgiangcity_backan_backancity,124.26002
2025-05-06 22:00:00+00:00,angiang_longxuyen_bacgiang_bacgiangcity_backan_backancity,123.9017
2025-05-06 23:00:00+00:00,angiang_longxuyen_bacgiang_bacgiangcity_backan_backancity,123.97262
2025-05-07 00:00:00+00:00,angiang_longxuyen_bacgiang_bacgiangcity_backan_backancity,123.66055
2025-05-07 01:00:00+00:00,angiang_longxuyen_bacgiang_bacgiangcity_backan_backancity,123.212814
2025-05-07 02:00:00+00:00,angiang_longxuyen_bacgiang_bacgiangcity_backan_backancity,122.62318
2025-05-07 03:00:00+00:00,angiang_longxuyen_bacgiang_bacgiangcity_backan_backancity,122.117294
2025-05-07 04:00:00+00:00,angiang_longxuyen_bacgiang_bacgiangcity_backan_backancity,121.78776
2025-05-07 05:00:00+00:00,angiang_longxuyen_bacgiang_bacgiangcity_backan_backancity,121.53299
2025-05-07 06:00:00+00:00,angiang_longxuyen_bacgiang_bacgiangcity_backan_backancity,121.42926
2025-05-07 07:00:00+00:00,angiang_longxuyen_bacgiang_bacgiangcity_backan_backancity,121.56461
2025-05-07 08:00:00+00:00,angiang_longxuyen_bacgiang_bacgiangcity_backan_backancity,121.664474
2025-05-07 09:00:00+00:00,angiang_longxuyen_bacgiang_bacgiangcity_backan_backancity,121.74223
2025-05-07 10:00:00+00:00,angiang_longxuyen_bacgiang_bacgiangcity_backan_backancity,122.74717
2025-05-07 11:00:00+00:00,angiang_longxuyen_bacgiang_bacgiangcity_backan_backancity,123.7356
2025-05-07 12:00:00+00:00,angiang_longxuyen_bacgiang_bacgiangcity_backan_backancity,124.00459
2025-05-07 13:00:00+00:00,angiang_longxuyen_bacgiang_bacgiangcity_backan_backancity,123.03272
2025-05-07 14:00:00+00:00,angiang_longxuyen_bacgiang_bacgiangcity_backan_backancity,120.946915
2025-05-07 15:00:00+00:00,angiang_longxuyen_bacgiang_bacgiangcity_backan_backancity,119.273445
2025-05-07 16:00:00+00:00,angiang_longxuyen_bacgiang_bacgiangcity_backan_backancity,118.25158
2025-05-07 17:00:00+00:00,angiang_longxuyen_bacgiang_bacgiangcity_backan_backancity,117.721855
2025-05-07 18:00:00+00:00,angiang_longxuyen_bacgiang_bacgiangcity_backan_backancity,117.41028
2025-05-07 19:00:00+00:00,angiang_longxuyen_bacgiang_bacgiangcity_backan_backancity,117.108734
2025-05-07 20:00:00+00:00,angiang_longxuyen_bacgiang_bacgiangcity_backan_backancity,116.57347
2025-05-07 21:00:00+00:00,angiang_longxuyen_bacgiang_bacgiangcity_backan_backancity,116.75572
2025-05-07 22:00:00+00:00,angiang_longxuyen_bacgiang_bacgiangcity_backan_backancity,117.4787
2025-05-07 23:00:00+00:00,angiang_longxuyen_bacgiang_bacgiangcity_backan_backancity,118.38008
2025-05-08 00:00:00+00:00,angiang_longxuyen_bacgiang_bacgiangcity_backan_backancity,118.74999
2025-05-08 01:00:00+00:00,angiang_longxuyen_bacgiang_bacgiangcity_backan_backancity,118.68082
2025-05-08 02:00:00+00:00,angiang_longxuyen_bacgiang_bacgiangcity_backan_backancity,118.85814
2025-05-08 03:00:00+00:00,angiang_longxuyen_bacgiang_bacgiangcity_backan_backancity,119.244545
2025-05-08 04:00:00+00:00,angiang_longxuyen_bacgiang_bacgiangcity_backan_backancity,119.8027
2025-05-08 05:00:00+00:00,angiang_longxuyen_bacgiang_bacgiangcity_backan_backancity,120.11363
2025-05-08 06:00:00+00:00,angiang_longxuyen_bacgiang_bacgiangcity_backan_backancity,119.95618
2025-05-08 07:00:00+00:00,angiang_longxuyen_bacgiang_bacgiangcity_backan_backancity,119.16229
2025-05-08 08:00:00+00:00,angiang_longxuyen_bacgiang_bacgiangcity_backan_backancity,118.53761
2025-05-08 09:00:00+00:00,angiang_longxuyen_bacgiang_bacgiangcity_backan_backancity,118.71132
2025-05-08 10:00:00+00:00,angiang_longxuyen_bacgiang_bacgiangcity_backan_backancity,120.30979
2025-05-08 11:00:00+00:00,angiang_longxuyen_bacgiang_bacgiangcity_backan_backancity,121.34832
2025-05-08 12:00:00+00:00,angiang_longxuyen_bacgiang_bacgiangcity_backan_backancity,121.63176
2025-05-08 13:00:00+00:00,angiang_longxuyen_bacgiang_bacgiangcity_backan_backancity,121.14659
2025-05-08 14:00:00+00:00,angiang_longxuyen_bacgiang_bacgiangcity_backan_backancity,120.309006
2025-05-08 15:00:00+00:00,angiang_longxuyen_bacgiang_bacgiangcity_backan_backancity,120.149864
2025-05-08 16:00:00+00:00,angiang_longxuyen_bacgiang_bacgiangcity_backan_backancity,119.846375
2025-05-08 17:00:00+00:00,angiang_longxuyen_bacgiang_bacgiangcity_backan_backancity,120.14184
2025-05-08 18:00:00+00:00,angiang_longxuyen_bacgiang_bacgiangcity_backan_backancity,120.34906
2025-05-08 19:00:00+00:00,angiang_longxuyen_bacgiang_bacgiangcity_backan_backancity,120.5542
2025-05-08 20:00:00+00:00,angiang_longxuyen_bacgiang_bacgiangcity_backan_backancity,120.837685
2025-05-08 21:00:00+00:00,angiang_longxuyen_bacgiang_bacgiangcity_backan_backancity,121.00336
2025-05-08 22:00:00+00:00,angiang_longxuyen_bacgiang_bacgiangcity_backan_backancity,121.724655
2025-05-08 23:00:00+00:00,angiang_longxuyen_bacgiang_bacgiangcity_backan_backancity,122.15605
2025-05-09 00:00:00+00:00,angiang_longxuyen_bacgiang_bacgiangcity_backan_backancity,122.9861
2025-05-09 01:00:00+00:00,angiang_longxuyen_bacgiang_bacgiangcity_backan_backancity,122.532005
2025-05-09 02:00:00+00:00,angiang_longxuyen_bacgiang_bacgiangcity_backan_backancity,121.8831
2025-05-09 03:00:00+00:00,angiang_longxuyen_bacgiang_bacgiangcity_backan_backancity,121.14287
2025-05-09 04:00:00+00:00,angiang_longxuyen_bacgiang_bacgiangcity_backan_backancity,120.09973
2025-05-09 05:00:00+00:00,angiang_longxuyen_bacgiang_bacgiangcity_backan_backancity,119.18757
2025-05-09 06:00:00+00:00,angiang_longxuyen_bacgiang_bacgiangcity_backan_backancity,118.07541
2025-05-09 07:00:00+00:00,angiang_longxuyen_bacgiang_bacgiangcity_backan_backancity,117.25865
2025-05-09 08:00:00+00:00,angiang_longxuyen_bacgiang_bacgiangcity_backan_backancity,116.55557
2025-05-09 09:00:00+00:00,angiang_longxuyen_bacgiang_bacgiangcity_backan_backancity,116.359886
2025-05-09 10:00:00+00:00,angiang_longxuyen_bacgiang_bacgiangcity_backan_backancity,117.93799
2025-05-09 11:00:00+00:00,angiang_longxuyen_bacgiang_bacgiangcity_backan_backancity,119.347626
2025-05-09 12:00:00+00:00,angiang_longxuyen_bacgiang_bacgiangcity_backan_backancity,120.7738
2025-05-09 13:00:00+00:00,angiang_longxuyen_bacgiang_bacgiangcity_backan_backancity,120.49655
2025-05-09 14:00:00+00:00,angiang_longxuyen_bacgiang_bacgiangcity_backan_backancity,120.21498
2025-05-09 15:00:00+00:00,angiang_longxuyen_bacgiang_bacgiangcity_backan_backancity,119.85695
2025-05-09 16:00:00+00:00,angiang_longxuyen_bacgiang_bacgiangcity_backan_backancity,119.97431
2025-05-09 17:00:00+00:00,angiang_longxuyen_bacgiang_bacgiangcity_backan_backancity,119.30307
2025-05-09 18:00:00+00:00,angiang_longxuyen_bacgiang_bacgiangcity_backan_backancity,118.38327
2025-05-09 19:00:00+00:00,angiang_longxuyen_bacgiang_bacgiangcity_backan_backancity,117.49806
2025-05-09 20:00:00+00:00,angiang_longxuyen_bacgiang_bacgiangcity_backan_backancity,116.640045
2025-05-09 21:00:00+00:00,angiang_longxuyen_bacgiang_bacgiangcity_backan_backancity,116.1462
2025-05-09 22:00:00+00:00,angiang_longxuyen_bacgiang_bacgiangcity_backan_backancity,116.03185
2025-05-09 23:00:00+00:00,angiang_longxuyen_bacgiang_bacgiangcity_backan_backancity,116.17823
2025-05-10 00:00:00+00:00,angiang_longxuyen_bacgiang_bacgiangcity_backan_backancity,116.23788
2025-05-10 01:00:00+00:00,angiang_longxuyen_bacgiang_bacgiangcity_backan_backancity,116.14466
2025-05-10 02:00:00+00:00,angiang_longxuyen_bacgiang_bacgiangcity_backan_backancity,116.26811
2025-05-10 03:00:00+00:00,angiang_longxuyen_bacgiang_bacgiangcity_backan_backancity,116.34663
2025-05-10 04:00:00+00:00,angiang_longxuyen_bacgiang_bacgiangcity_backan_backancity,116.66169
2025-05-10 05:00:00+00:00,angiang_longxuyen_bacgiang_bacgiangcity_backan_backancity,116.56546
2025-05-10 06:00:00+00:00,angiang_longxuyen_bacgiang_bacgiangcity_backan_backancity,116.2723
2025-05-10 07:00:00+00:00,angiang_longxuyen_bacgiang_bacgiangcity_backan_backancity,115.6166
2025-05-10 08:00:00+00:00,angiang_longxuyen_bacgiang_bacgiangcity_backan_backancity,115.050766
2025-05-10 09:00:00+00:00,angiang_longxuyen_bacgiang_bacgiangcity_backan_backancity,115.14373
2025-05-10 10:00:00+00:00,angiang_longxuyen_bacgiang_bacgiangcity_backan_backancity,117.103134
2025-05-10 11:00:00+00:00,angiang_longxuyen_bacgiang_bacgiangcity_backan_backancity,117.867874
2025-05-10 12:00:00+00:00,angiang_longxuyen_bacgiang_bacgiangcity_backan_backancity,117.6589
2025-05-10 13:00:00+00:00,angiang_longxuyen_bacgiang_bacgiangcity_backan_backancity,117.77143
2025-05-10 14:00:00+00:00,angiang_longxuyen_bacgiang_bacgiangcity_backan_backancity,119.39542
2025-05-10 15:00:00+00:00,angiang_longxuyen_bacgiang_bacgiangcity_backan_backancity,121.3129
2025-05-10 16:00:00+00:00,angiang_longxuyen_bacgiang_bacgiangcity_backan_backancity,123.26228
2025-05-10 17:00:00+00:00,angiang_longxuyen_bacgiang_bacgiangcity_backan_backancity,123.33348
2025-05-10 18:00:00+00:00,angiang_longxuyen_bacgiang_bacgiangcity_backan_backancity,124.06707
2025-05-10 19:00:00+00:00,angiang_longxuyen_bacgiang_bacgiangcity_backan_backancity,123.710365
2025-05-10 20:00:00+00:00,angiang_longxuyen_bacgiang_bacgiangcity_backan_backancity,122.59912
2025-05-10 21:00:00+00:00,angiang_longxuyen_bacgiang_bacgiangcity_backan_backancity,122.200424
2025-05-10 22:00:00+00:00,angiang_longxuyen_bacgiang_bacgiangcity_backan_backancity,121.85732
2025-05-10 23:00:00+00:00,angiang_longxuyen_bacgiang_bacgiangcity_backan_backancity,122.56596
2025-05-11 00:00:00+00:00,angiang_longxuyen_bacgiang_bacgiangcity_backan_backancity,123.13381
2025-05-11 01:00:00+00:00,angiang_longxuyen_bacgiang_bacgiangcity_backan_backancity,123.40313
2025-05-11 02:00:00+00:00,angiang_longxuyen_bacgiang_bacgiangcity_backan_backancity,124.0398
2025-05-11 03:00:00+00:00,angiang_longxuyen_bacgiang_bacgiangcity_backan_backancity,123.94717
2025-05-11 04:00:00+00:00,angiang_longxuyen_bacgiang_bacgiangcity_backan_backancity,123.27786
2025-05-11 05:00:00+00:00,angiang_longxuyen_bacgiang_bacgiangcity_backan_backancity,121.8578
2025-05-11 06:00:00+00:00,angiang_longxuyen_bacgiang_bacgiangcity_backan_backancity,120.63665
2025-05-11 07:00:00+00:00,angiang_longxuyen_bacgiang_bacgiangcity_backan_backancity,119.25721
2025-05-11 08:00:00+00:00,angiang_longxuyen_bacgiang_bacgiangcity_backan_backancity,118.27609
2025-05-11 09:00:00+00:00,angiang_longxuyen_bacgiang_bacgiangcity_backan_backancity,118.26542
2025-05-11 10:00:00+00:00,angiang_longxuyen_bacgiang_bacgiangcity_backan_backancity,120.67898
2025-05-11 11:00:00+00:00,angiang_longxuyen_bacgiang_bacgiangcity_backan_backancity,123.200775
2025-05-11 12:00:00+00:00,angiang_longxuyen_bacgiang_bacgiangcity_backan_backancity,121.35397
2025-05-11 13:00:00+00:00,angiang_longxuyen_bacgiang_bacgiangcity_backan_backancity,121.58458
2025-05-11 14:00:00+00:00,angiang_longxuyen_bacgiang_bacgiangcity_backan_backancity,122.32086
2025-05-11 15:00:00+00:00,angiang_longxuyen_bacgiang_bacgiangcity_backan_backancity,122.80287
2025-05-11 16:00:00+00:00,angiang_longxuyen_bacgiang_bacgiangcity_backan_backancity,123.91247
2025-05-11 17:00:00+00:00,angiang_longxuyen_bacgiang_bacgiangcity_backan_backancity,125.742645
2025-05-11 18:00:00+00:00,angiang_longxuyen_bacgiang_bacgiangcity_backan_backancity,126.63868
2025-05-11 19:00:00+00:00,angiang_longxuyen_bacgiang_bacgiangcity_backan_backancity,127.92663
2025-05-11 20:00:00+00:00,angiang_longxuyen_bacgiang_bacgiangcity_backan_backancity,127.77639
2025-05-11 21:00:00+00:00,angiang_longxuyen_bacgiang_bacgiangcity_backan_backancity,128.01001
2025-05-11 22:00:00+00:00,angiang_longxuyen_bacgiang_bacgiangcity_backan_backancity,128.8839
2025-05-11 23:00:00+00:00,angiang_longxuyen_bacgiang_bacgiangcity_backan_backancity,129.95317
2025-05-12 00:00:00+00:00,angiang_longxuyen_bacgiang_bacgiangcity_backan_backancity,129.9192
2025-05-12 01:00:00+00:00,angiang_longxuyen_bacgiang_bacgiangcity_backan_backancity,129.94377
2025-05-12 02:00:00+00:00,angiang_longxuyen_bacgiang_bacgiangcity_backan_backancity,129.42946
2025-05-12 03:00:00+00:00,angiang_longxuyen_bacgiang_bacgiangcity_backan_backancity,129.2186
2025-05-12 04:00:00+00:00,angiang_longxuyen_bacgiang_bacgiangcity_backan_backancity,126.691055
2025-05-12 05:00:00+00:00,angiang_longxuyen_bacgiang_bacgiangcity_backan_backancity,123.26625
2025-05-12 06:00:00+00:00,angiang_longxuyen_bacgiang_bacgiangcity_backan_backancity,120.38044
2025-05-12 07:00:00+00:00,angiang_longxuyen_bacgiang_bacgiangcity_backan_backancity,118.78948
2025-05-12 08:00:00+00:00,angiang_longxuyen_bacgiang_bacgiangcity_backan_backancity,117.69377
2025-05-12 09:00:00+00:00,angiang_longxuyen_bacgiang_bacgiangcity_backan_backancity,117.55883
2025-05-12 10:00:00+00:00,angiang_longxuyen_bacgiang_bacgiangcity_backan_backancity,119.84114
2025-05-12 11:00:00+00:00,angiang_longxuyen_bacgiang_bacgiangcity_backan_backancity,121.63888
2025-05-12 12:00:00+00:00,angiang_longxuyen_bacgiang_bacgiangcity_backan_backancity,121.52913
2025-05-12 13:00:00+00:00,angiang_longxuyen_bacgiang_bacgiangcity_backan_backancity,121.32914
2025-05-12 14:00:00+00:00,angiang_longxuyen_bacgiang_bacgiangcity_backan_backancity,120.9337
2025-05-12 15:00:00+00:00,angiang_longxuyen_bacgiang_bacgiangcity_backan_backancity,121.34761
2025-05-12 16:00:00+00:00,angiang_longxuyen_bacgiang_bacgiangcity_backan_backancity,121.71233
2025-05-12 17:00:00+00:00,angiang_longxuyen_bacgiang_bacgiangcity_backan_backancity,121.87124
2025-05-12 18:00:00+00:00,angiang_longxuyen_bacgiang_bacgiangcity_backan_backancity,123.19968
2025-05-12 19:00:00+00:00,angiang_longxuyen_bacgiang_bacgiangcity_backan_backancity,124.250984
2025-05-12 20:00:00+00:00,angiang_longxuyen_bacgiang_bacgiangcity_backan_backancity,125.28654
2025-05-12 21:00:00+00:00,angiang_longxuyen_bacgiang_bacgiangcity_backan_backancity,126.17441
2025-05-12 22:00:00+00:00,angiang_longxuyen_bacgiang_bacgiangcity_backan_backancity,127.13755
2025-05-12 23:00:00+00:00,angiang_longxuyen_bacgiang_bacgiangcity_backan_backancity,127.38149
2025-05-13 00:00:00+00:00,angiang_longxuyen_bacgiang_bacgiangcity_backan_backancity,128.01158
2025-05-13 01:00:00+00:00,angiang_longxuyen_bacgiang_bacgiangcity_backan_backancity,127.214096
2025-05-13 02:00:00+00:00,angiang_longxuyen_bacgiang_bacgiangcity_backan_backancity,126.595314
2025-05-13 03:00:00+00:00,angiang_longxuyen_bacgiang_bacgiangcity_backan_backancity,125.74592
2025-05-13 04:00:00+00:00,angiang_longxuyen_bacgiang_bacgiangcity_backan_backancity,124.67838
2025-05-13 05:00:00+00:00,angiang_longxuyen_bacgiang_bacgiangcity_backan_backancity,124.28487
2025-05-13 06:00:00+00:00,angiang_longxuyen_bacgiang_bacgiangcity_backan_backancity,123.05121
2025-05-13 07:00:00+00:00,angiang_longxuyen_bacgiang_bacgiangcity_backan_backancity,121.798706
2025-05-13 08:00:00+00:00,angiang_longxuyen_bacgiang_bacgiangcity_backan_backancity,121.56163
2025-05-13 09:00:00+00:00,angiang_longxuyen_bacgiang_bacgiangcity_backan_backancity,121.19901
2025-05-13 10:00:00+00:00,angiang_longxuyen_bacgiang_bacgiangcity_backan_backancity,122.50945
2025-05-13 11:00:00+00:00,angiang_longxuyen_bacgiang_bacgiangcity_backan_backancity,125.00703
2025-05-13 12:00:00+00:00,angiang_longxuyen_bacgiang_bacgiangcity_backan_backancity,129.05542
2025-05-13 13:00:00+00:00,angiang_longxuyen_bacgiang_bacgiangcity_backan_backancity,133.2267
2025-05-13 14:00:00+00:00,angiang_longxuyen_bacgiang_bacgiangcity_backan_backancity,136.89249
2025-05-13 15:00:00+00:00,angiang_longxuyen_bacgiang_bacgiangcity_backan_backancity,141.18442
2025-05-13 16:00:00+00:00,angiang_longxuyen_bacgiang_bacgiangcity_backan_backancity,144.65726
2025-05-13 17:00:00+00:00,angiang_longxuyen_bacgiang_bacgiangcity_backan_backancity,146.1167
2025-05-13 18:00:00+00:00,angiang_longxuyen_bacgiang_bacgiangcity_backan_backancity,147.8091
2025-05-13 19:00:00+00:00,angiang_longxuyen_bacgiang_bacgiangcity_backan_backancity,150.69727
2025-05-13 20:00:00+00:00,angiang_longxuyen_bacgiang_bacgiangcity_backan_backancity,152.12721
2025-05-13 21:00:00+00:00,angiang_longxuyen_bacgiang_bacgiangcity_backan_backancity,154.1637
2025-05-13 22:00:00+00:00,angiang_longxuyen_bacgiang_bacgiangcity_backan_backancity,156.73311
2025-05-13 23:00:00+00:00,angiang_longxuyen_bacgiang_bacgiangcity_backan_backancity,159.43192
2025-05-14 00:00:00+00:00,angiang_longxuyen_bacgiang_bacgiangcity_backan_backancity,157.99469
2025-05-14 01:00:00+00:00,angiang_longxuyen_bacgiang_bacgiangcity_backan_backancity,154.60394
2025-05-14 02:00:00+00:00,angiang_longxuyen_bacgiang_bacgiangcity_backan_backancity,151.48264
2025-05-14 03:00:00+00:00,angiang_longxuyen_bacgiang_bacgiangcity_backan_backancity,147.93874
2025-05-14 04:00:00+00:00,angiang_longxuyen_bacgiang_bacgiangcity_backan_backancity,141.57298
2025-05-14 05:00:00+00:00,angiang_longxuyen_bacgiang_bacgiangcity_backan_backancity,135.89679
2025-05-14 06:00:00+00:00,angiang_longxuyen_bacgiang_bacgiangcity_backan_backancity,130.82387
2025-05-14 07:00:00+00:00,angiang_longxuyen_bacgiang_bacgiangcity_backan_backancity,127.538345
2025-05-14 08:00:00+00:00,angiang_longxuyen_bacgiang_bacgiangcity_backan_backancity,126.428665
2025-05-14 09:00:00+00:00,angiang_longxuyen_bacgiang_bacgiangcity_backan_backancity,125.48426
2025-05-14 10:00:00+00:00,angiang_longxuyen_bacgiang_bacgiangcity_backan_backancity,126.854546
2025-05-14 11:00:00+00:00,angiang_longxuyen_bacgiang_bacgiangcity_backan_backancity,129.96451
2025-05-14 12:00:00+00:00,angiang_longxuyen_bacgiang_bacgiangcity_backan_backancity,127.40406
2025-05-14 13:00:00+00:00,angiang_longxuyen_bacgiang_bacgiangcity_backan_backancity,127.55617
2025-05-14 14:00:00+00:00,angiang_longxuyen_bacgiang_bacgiangcity_backan_backancity,128.04544
2025-05-14 15:00:00+00:00,angiang_longxuyen_bacgiang_bacgiangcity_backan_backancity,129.16066
2025-05-14 16:00:00+00:00,angiang_longxuyen_bacgiang_bacgiangcity_backan_backancity,128.02304
2025-05-14 17:00:00+00:00,angiang_longxuyen_bacgiang_bacgiangcity_backan_backancity,125.813965
2025-05-14 18:00:00+00:00,angiang_longxuyen_bacgiang_bacgiangcity_backan_backancity,123.84654
2025-05-14 19:00:00+00:00,angiang_longxuyen_bacgiang_bacgiangcity_backan_backancity,122.52567
2025-05-14 20:00:00+00:00,angiang_longxuyen_bacgiang_bacgiangcity_backan_backancity,121.111244
2025-05-14 21:00:00+00:00,angiang_longxuyen_bacgiang_bacgiangcity_backan_backancity,119.212944
2025-05-14 22:00:00+00:00,angiang_longxuyen_bacgiang_bacgiangcity_backan_backancity,118.80002
2025-05-14 23:00:00+00:00,angiang_longxuyen_bacgiang_bacgiangcity_backan_backancity,118.761925
2025-05-15 00:00:00+00:00,angiang_longxuyen_bacgiang_bacgiangcity_backan_backancity,119.13631
2025-05-15 01:00:00+00:00,angiang_longxuyen_bacgiang_bacgiangcity_backan_backancity,118.124664
2025-05-15 02:00:00+00:00,angiang_longxuyen_bacgiang_bacgiangcity_backan_backancity,116.64078
2025-05-15 03:00:00+00:00,angiang_longxuyen_bacgiang_bacgiangcity_backan_backancity,116.059555
2025-05-15 04:00:00+00:00,angiang_longxuyen_bacgiang_bacgiangcity_backan_backancity,115.727844
2025-05-15 05:00:00+00:00,angiang_longxuyen_bacgiang_bacgiangcity_backan_backancity,115.4738
2025-05-15 06:00:00+00:00,angiang_longxuyen_bacgiang_bacgiangcity_backan_backancity,115.916084
2025-05-15 07:00:00+00:00,angiang_longxuyen_bacgiang_bacgiangcity_backan_backancity,115.553154
2025-05-15 08:00:00+00:00,angiang_longxuyen_bacgiang_bacgiangcity_backan_backancity,115.7661
2025-05-15 09:00:00+00:00,angiang_longxuyen_bacgiang_bacgiangcity_backan_backancity,115.66841
2025-05-15 10:00:00+00:00,angiang_longxuyen_bacgiang_bacgiangcity_backan_backancity,115.38167
2025-05-15 11:00:00+00:00,angiang_longxuyen_bacgiang_bacgiangcity_backan_backancity,114.994995
2025-05-15 12:00:00+00:00,angiang_longxuyen_bacgiang_bacgiangcity_backan_backancity,114.1946
2025-05-15 13:00:00+00:00,angiang_longxuyen_bacgiang_bacgiangcity_backan_backancity,113.43741
2025-05-15 14:00:00+00:00,angiang_longxuyen_bacgiang_bacgiangcity_backan_backancity,112.87318
2025-05-15 15:00:00+00:00,angiang_longxuyen_bacgiang_bacgiangcity_backan_backancity,112.42495
2025-05-15 16:00:00+00:00,angiang_longxuyen_bacgiang_bacgiangcity_backan_backancity,112.14589
2025-05-15 17:00:00+00:00,angiang_longxuyen_bacgiang_bacgiangcity_backan_backancity,111.87086
2025-05-15 18:00:00+00:00,angiang_longxuyen_bacgiang_bacgiangcity_backan_backancity,111.70884
2025-05-15 19:00:00+00:00,angiang_longxuyen_bacgiang_bacgiangcity_backan_backancity,111.53131
2025-05-15 20:00:00+00:00,angiang_longxuyen_bacgiang_bacgiangcity_backan_backancity,111.498405
2025-05-15 21:00:00+00:00,angiang_longxuyen_bacgiang_bacgiangcity_backan_backancity,111.35766
2025-05-15 22:00:00+00:00,angiang_longxuyen_bacgiang_bacgiangcity_backan_backancity,111.271614
2025-05-15 23:00:00+00:00,angiang_longxuyen_bacgiang_bacgiangcity_backan_backancity,111.233505
2025-05-16 00:00:00+00:00,angiang_longxuyen_bacgiang_bacgiangcity_backan_backancity,110.887085
2025-05-16 01:00:00+00:00,angiang_longxuyen_bacgiang_bacgiangcity_backan_backancity,110.750435
2025-05-16 02:00:00+00:00,angiang_longxuyen_bacgiang_bacgiangcity_backan_backancity,110.8088
2025-05-16 03:00:00+00:00,angiang_longxuyen_bacgiang_bacgiangcity_backan_backancity,110.849724
2025-05-16 04:00:00+00:00,angiang_longxuyen_bacgiang_bacgiangcity_backan_backancity,110.927155
2025-05-16 05:00:00+00:00,angiang_longxuyen_bacgiang_bacgiangcity_backan_backancity,110.931496
2025-05-16 06:00:00+00:00,angiang_longxuyen_bacgiang_bacgiangcity_backan_backancity,110.99176
2025-05-16 07:00:00+00:00,angiang_longxuyen_bacgiang_bacgiangcity_backan_backancity,110.87073
2025-05-16 08:00:00+00:00,angiang_longxuyen_bacgiang_bacgiangcity_backan_backancity,110.6509
2025-05-16 09:00:00+00:00,angiang_longxuyen_bacgiang_bacgiangcity_backan_backancity,110.795364
2025-05-16 10:00:00+00:00,angiang_longxuyen_bacgiang_bacgiangcity_backan_backancity,111.300316
2025-05-16 11:00:00+00:00,angiang_longxuyen_bacgiang_bacgiangcity_backan_backancity,110.7105
2025-05-16 12:00:00+00:00,angiang_longxuyen_bacgiang_bacgiangcity_backan_backancity,109.54098
2025-05-16 13:00:00+00:00,angiang_longxuyen_bacgiang_bacgiangcity_backan_backancity,109.05871
2025-05-16 14:00:00+00:00,angiang_longxuyen_bacgiang_bacgiangcity_backan_backancity,108.9899
2025-05-16 15:00:00+00:00,angiang_longxuyen_bacgiang_bacgiangcity_backan_backancity,109.43331
2025-05-16 16:00:00+00:00,angiang_longxuyen_bacgiang_bacgiangcity_backan_backancity,110.54841
2025-05-16 17:00:00+00:00,angiang_longxuyen_bacgiang_bacgiangcity_backan_backancity,112.80229
2025-05-16 18:00:00+00:00,angiang_longxuyen_bacgiang_bacgiangcity_backan_backancity,115.4524
2025-05-16 19:00:00+00:00,angiang_longxuyen_bacgiang_bacgiangcity_backan_backancity,118.32075
2025-05-16 20:00:00+00:00,angiang_longxuyen_bacgiang_bacgiangcity_backan_backancity,120.2715
2025-05-16 21:00:00+00:00,angiang_longxuyen_bacgiang_bacgiangcity_backan_backancity,121.321945
2025-05-16 22:00:00+00:00,angiang_longxuyen_bacgiang_bacgiangcity_backan_backancity,121.20348
2025-05-16 23:00:00+00:00,angiang_longxuyen_bacgiang_bacgiangcity_backan_backancity,121.99585
2025-05-17 00:00:00+00:00,angiang_longxuyen_bacgiang_bacgiangcity_backan_backancity,121.59573
2025-05-17 01:00:00+00:00,angiang_longxuyen_bacgiang_bacgiangcity_backan_backancity,121.024895
2025-05-17 02:00:00+00:00,angiang_longxuyen_bacgiang_bacgiangcity_backan_backancity,120.61127
2025-05-17 03:00:00+00:00,angiang_longxuyen_bacgiang_bacgiangcity_backan_backancity,119.80197
2025-05-17 04:00:00+00:00,angiang_longxuyen_bacgiang_bacgiangcity_backan_backancity,119.42273
2025-05-17 05:00:00+00:00,angiang_longxuyen_bacgiang_bacgiangcity_backan_backancity,118.77239
2025-05-17 06:00:00+00:00,angiang_longxuyen_bacgiang_bacgiangcity_backan_backancity,117.96212
2025-05-17 07:00:00+00:00,angiang_longxuyen_bacgiang_bacgiangcity_backan_backancity,117.13736
2025-05-17 08:00:00+00:00,angiang_longxuyen_bacgiang_bacgiangcity_backan_backancity,116.25784
2025-05-17 09:00:00+00:00,angiang_longxuyen_bacgiang_bacgiangcity_backan_backancity,115.99878
2025-05-17 10:00:00+00:00,angiang_longxuyen_bacgiang_bacgiangcity_backan_backancity,117.33934
2025-05-17 11:00:00+00:00,angiang_longxuyen_bacgiang_bacgiangcity_backan_backancity,118.799355
2025-05-17 12:00:00+00:00,angiang_longxuyen_bacgiang_bacgiangcity_backan_backancity,118.82787
2025-05-17 13:00:00+00:00,angiang_longxuyen_bacgiang_bacgiangcity_backan_backancity,118.73352
2025-05-17 14:00:00+00:00,angiang_longxuyen_bacgiang_bacgiangcity_backan_backancity,119.12848
2025-05-17 15:00:00+00:00,angiang_longxuyen_bacgiang_bacgiangcity_backan_backancity,118.93551
2025-05-17 16:00:00+00:00,angiang_longxuyen_bacgiang_bacgiangcity_backan_backancity,118.65784
2025-05-17 17:00:00+00:00,angiang_longxuyen_bacgiang_bacgiangcity_backan_backancity,118.5919
2025-05-17 18:00:00+00:00,angiang_longxuyen_bacgiang_bacgiangcity_backan_backancity,118.421265
2025-05-17 19:00:00+00:00,angiang_longxuyen_bacgiang_bacgiangcity_backan_backancity,118.14209
2025-05-17 20:00:00+00:00,angiang_longxuyen_bacgiang_bacgiangcity_backan_backancity,117.63096
2025-05-17 21:00:00+00:00,angiang_longxuyen_bacgiang_bacgiangcity_backan_backancity,117.255455
2025-05-17 22:00:00+00:00,angiang_longxuyen_bacgiang_bacgiangcity_backan_backancity,116.931946
2025-05-17 23:00:00+00:00,angiang_longxuyen_bacgiang_bacgiangcity_backan_backancity,116.40543
2025-05-18 00:00:00+00:00,angiang_longxuyen_bacgiang_bacgiangcity_backan_backancity,115.71872
2025-05-18 01:00:00+00:00,angiang_longxuyen_bacgiang_bacgiangcity_backan_backancity,115.44105
2025-05-18 02:00:00+00:00,angiang_longxuyen_bacgiang_bacgiangcity_backan_backancity,115.423294
2025-05-18 03:00:00+00:00,angiang_longxuyen_bacgiang_bacgiangcity_backan_backancity,115.535576
2025-05-18 04:00:00+00:00,angiang_longxuyen_bacgiang_bacgiangcity_backan_backancity,115.84706
2025-05-18 05:00:00+00:00,angiang_longxuyen_bacgiang_bacgiangcity_backan_backancity,115.659004
2025-05-18 06:00:00+00:00,angiang_longxuyen_bacgiang_bacgiangcity_backan_backancity,115.44648
2025-05-18 07:00:00+00:00,angiang_longxuyen_bacgiang_bacgiangcity_backan_backancity,114.83286
2025-05-18 08:00:00+00:00,angiang_longxuyen_bacgiang_bacgiangcity_backan_backancity,114.42539
2025-05-18 09:00:00+00:00,angiang_longxuyen_bacgiang_bacgiangcity_backan_backancity,114.358154
2025-05-18 10:00:00+00:00,angiang_longxuyen_bacgiang_bacgiangcity_backan_backancity,115.715126
2025-05-18 11:00:00+00:00,angiang_longxuyen_bacgiang_bacgiangcity_backan_backancity,116.838
2025-05-18 12:00:00+00:00,angiang_longxuyen_bacgiang_bacgiangcity_backan_backancity,118.15903
2025-05-18 13:00:00+00:00,angiang_longxuyen_bacgiang_bacgiangcity_backan_backancity,118.54046
2025-05-18 14:00:00+00:00,angiang_longxuyen_bacgiang_bacgiangcity_backan_backancity,119.31073
2025-05-18 15:00:00+00:00,angiang_longxuyen_bacgiang_bacgiangcity_backan_backancity,119.87756
2025-05-18 16:00:00+00:00,angiang_longxuyen_bacgiang_bacgiangcity_backan_backancity,120.02021
2025-05-18 17:00:00+00:00,angiang_longxuyen_bacgiang_bacgiangcity_backan_backancity,119.06846
2025-05-18 18:00:00+00:00,angiang_longxuyen_bacgiang_bacgiangcity_backan_backancity,118.229225
2025-05-18 19:00:00+00:00,angiang_longxuyen_bacgiang_bacgiangcity_backan_backancity,117.713554
2025-05-18 20:00:00+00:00,angiang_longxuyen_bacgiang_bacgiangcity_backan_backancity,117.79123
2025-05-18 21:00:00+00:00,angiang_longxuyen_bacgiang_bacgiangcity_backan_backancity,117.45472
2025-05-18 22:00:00+00:00,angiang_longxuyen_bacgiang_bacgiangcity_backan_backancity,117.60549
2025-05-18 23:00:00+00:00,angiang_longxuyen_bacgiang_bacgiangcity_backan_backancity,117.34571
2025-05-19 00:00:00+00:00,angiang_longxuyen_bacgiang_bacgiangcity_backan_backancity,116.50797
2025-05-19 01:00:00+00:00,angiang_longxuyen_bacgiang_bacgiangcity_backan_backancity,115.735245
2025-05-19 02:00:00+00:00,angiang_longxuyen_bacgiang_bacgiangcity_backan_backancity,115.2335
2025-05-19 03:00:00+00:00,angiang_longxuyen_bacgiang_bacgiangcity_backan_backancity,115.28896
2025-05-19 04:00:00+00:00,angiang_longxuyen_bacgiang_bacgiangcity_backan_backancity,115.12943
2025-05-19 05:00:00+00:00,angiang_longxuyen_bacgiang_bacgiangcity_backan_backancity,115.01581
2025-05-19 06:00:00+00:00,angiang_longxuyen_bacgiang_bacgiangcity_backan_backancity,114.6647
2025-05-19 07:00:00+00:00,angiang_longxuyen_bacgiang_bacgiangcity_backan_backancity,114.46564
2025-05-19 08:00:00+00:00,angiang_longxuyen_bacgiang_bacgiangcity_backan_backancity,114.35576
2025-05-19 09:00:00+00:00,angiang_longxuyen_bacgiang_bacgiangcity_backan_backancity,114.13376
2025-05-19 10:00:00+00:00,angiang_longxuyen_bacgiang_bacgiangcity_backan_backancity,114.796425
2025-05-19 11:00:00+00:00,angiang_longxuyen_bacgiang_bacgiangcity_backan_backancity,115.464615
2025-05-19 12:00:00+00:00,angiang_longxuyen_bacgiang_bacgiangcity_backan_backancity,115.22155
2025-05-19 13:00:00+00:00,angiang_longxuyen_bacgiang_bacgiangcity_backan_backancity,115.41738
2025-05-19 14:00:00+00:00,angiang_longxuyen_bacgiang_bacgiangcity_backan_backancity,114.936516
2025-05-19 15:00:00+00:00,angiang_longxuyen_bacgiang_bacgiangcity_backan_backancity,114.47962
2025-05-19 16:00:00+00:00,angiang_longxuyen_bacgiang_bacgiangcity_backan_backancity,113.97906
2025-05-19 17:00:00+00:00,angiang_longxuyen_bacgiang_bacgiangcity_backan_backancity,113.26392
2025-05-19 18:00:00+00:00,angiang_longxuyen_bacgiang_bacgiangcity_backan_backancity,112.681244
2025-05-19 19:00:00+00:00,angiang_longxuyen_bacgiang_bacgiangcity_backan_backancity,112.347725
2025-05-19 20:00:00+00:00,angiang_longxuyen_bacgiang_bacgiangcity_backan_backancity,112.31481
2025-05-19 21:00:00+00:00,angiang_longxuyen_bacgiang_bacgiangcity_backan_backancity,112.30446
2025-05-19 22:00:00+00:00,angiang_longxuyen_bacgiang_bacgiangcity_backan_backancity,112.51408
2025-05-19 23:00:00+00:00,angiang_longxuyen_bacgiang_bacgiangcity_backan_backancity,112.79388
2025-05-20 00:00:00+00:00,angiang_longxuyen_bacgiang_bacgiangcity_backan_backancity,113.179825
2025-05-20 01:00:00+00:00,angiang_longxuyen_bacgiang_bacgiangcity_backan_backancity,113.38708
2025-05-20 02:00:00+00:00,angiang_longxuyen_bacgiang_bacgiangcity_backan_backancity,113.59221
2025-05-20 03:00:00+00:00,angiang_longxuyen_bacgiang_bacgiangcity_backan_backancity,114.07907
2025-05-20 04:00:00+00:00,angiang_longxuyen_bacgiang_bacgiangcity_backan_backancity,114.52288
2025-05-20 05:00:00+00:00,angiang_longxuyen_bacgiang_bacgiangcity_backan_backancity,114.81785
2025-05-20 06:00:00+00:00,angiang_longxuyen_bacgiang_bacgiangcity_backan_backancity,114.88629
2025-05-20 07:00:00+00:00,angiang_longxuyen_bacgiang_bacgiangcity_backan_backancity,114.68507
2025-05-20 08:00:00+00:00,angiang_longxuyen_bacgiang_bacgiangcity_backan_backancity,114.384636
2025-05-20 09:00:00+00:00,angiang_longxuyen_bacgiang_bacgiangcity_backan_backancity,114.75442
2025-05-20 10:00:00+00:00,angiang_longxuyen_bacgiang_bacgiangcity_backan_backancity,116.59039
2025-05-20 11:00:00+00:00,angiang_longxuyen_bacgiang_bacgiangcity_backan_backancity,116.80723
2025-05-20 12:00:00+00:00,angiang_longxuyen_bacgiang_bacgiangcity_backan_backancity,117.033875
2025-05-20 13:00:00+00:00,angiang_longxuyen_bacgiang_bacgiangcity_backan_backancity,117.546326
2025-05-20 14:00:00+00:00,angiang_longxuyen_bacgiang_bacgiangcity_backan_backancity,117.820076
2025-05-20 15:00:00+00:00,angiang_longxuyen_bacgiang_bacgiangcity_backan_backancity,117.84485
2025-05-20 16:00:00+00:00,angiang_longxuyen_bacgiang_bacgiangcity_backan_backancity,118.34523
2025-05-20 17:00:00+00:00,angiang_longxuyen_bacgiang_bacgiangcity_backan_backancity,118.6647
2025-05-20 18:00:00+00:00,angiang_longxuyen_bacgiang_bacgiangcity_backan_backancity,119.16474
2025-05-20 19:00:00+00:00,angiang_longxuyen_bacgiang_bacgiangcity_backan_backancity,120.016205
2025-05-20 20:00:00+00:00,angiang_longxuyen_bacgiang_bacgiangcity_backan_backancity,120.941055
2025-05-20 21:00:00+00:00,angiang_longxuyen_bacgiang_bacgiangcity_backan_backancity,121.83701
2025-05-20 22:00:00+00:00,angiang_longxuyen_bacgiang_bacgiangcity_backan_backancity,122.718834
2025-05-20 23:00:00+00:00,angiang_longxuyen_bacgiang_bacgiangcity_backan_backancity,123.68021
2025-05-21 00:00:00+00:00,angiang_longxuyen_bacgiang_bacgiangcity_backan_backancity,124.50378
2025-05-21 01:00:00+00:00,angiang_longxuyen_bacgiang_bacgiangcity_backan_backancity,124.81328
2025-05-21 02:00:00+00:00,angiang_longxuyen_bacgiang_bacgiangcity_backan_backancity,125.24915
2025-05-21 03:00:00+00:00,angiang_longxuyen_bacgiang_bacgiangcity_backan_backancity,124.87468
2025-05-21 04:00:00+00:00,angiang_longxuyen_bacgiang_bacgiangcity_backan_backancity,123.273705
2025-05-21 05:00:00+00:00,angiang_longxuyen_bacgiang_bacgiangcity_backan_backancity,112.2163
2025-05-21 06:00:00+00:00,angiang_longxuyen_bacgiang_bacgiangcity_backan_backancity,112.20202
2025-05-21 07:00:00+00:00,angiang_longxuyen_bacgiang_bacgiangcity_backan_backancity,112.24691
2025-05-21 08:00:00+00:00,angiang_longxuyen_bacgiang_bacgiangcity_backan_backancity,112.29722
2025-05-21 09:00:00+00:00,angiang_longxuyen_bacgiang_bacgiangcity_backan_backancity,111.69596
2025-05-21 10:00:00+00:00,angiang_longxuyen_bacgiang_bacgiangcity_backan_backancity,111.8068
2025-05-21 11:00:00+00:00,angiang_longxuyen_bacgiang_bacgiangcity_backan_backancity,112.25289
2025-05-21 12:00:00+00:00,angiang_longxuyen_bacgiang_bacgiangcity_backan_backancity,112.1265
2025-05-21 13:00:00+00:00,angiang_longxuyen_bacgiang_bacgiangcity_backan_backancity,111.87198
2025-05-21 14:00:00+00:00,angiang_longxuyen_bacgiang_bacgiangcity_backan_backancity,111.69066
2025-05-21 15:00:00+00:00,angiang_longxuyen_bacgiang_bacgiangcity_backan_backancity,111.59233
2025-05-21 16:00:00+00:00,angiang_longxuyen_bacgiang_bacgiangcity_backan_backancity,111.3311
2025-05-21 17:00:00+00:00,angiang_longxuyen_bacgiang_bacgiangcity_backan_backancity,111.109375
2025-05-21 18:00:00+00:00,angiang_longxuyen_bacgiang_bacgiangcity_backan_backancity,111.01393
2025-05-21 19:00:00+00:00,angiang_longxuyen_bacgiang_bacgiangcity_backan_backancity,111.3177
2025-05-21 20:00:00+00:00,angiang_longxuyen_bacgiang_bacgiangcity_backan_backancity,111.787445
2025-05-21 21:00:00+00:00,angiang_longxuyen_bacgiang_bacgiangcity_backan_backancity,111.76429
2025-05-21 22:00:00+00:00,angiang_longxuyen_bacgiang_bacgiangcity_backan_backancity,111.80298
2025-05-21 23:00:00+00:00,angiang_longxuyen_bacgiang_bacgiangcity_backan_backancity,111.911865
2025-05-22 00:00:00+00:00,angiang_longxuyen_bacgiang_bacgiangcity_backan_backancity,112.07649
2025-05-22 01:00:00+00:00,angiang_longxuyen_bacgiang_bacgiangcity_backan_backancity,112.30443
2025-05-22 02:00:00+00:00,angiang_longxuyen_bacgiang_bacgiangcity_backan_backancity,112.37876
2025-05-22 03:00:00+00:00,angiang_longxuyen_bacgiang_bacgiangcity_backan_backancity,112.42462
2025-05-22 04:00:00+00:00,angiang_longxuyen_bacgiang_bacgiangcity_backan_backancity,112.37902
2025-05-22 05:00:00+00:00,angiang_longxuyen_bacgiang_bacgiangcity_backan_backancity,112.22369
2025-05-22 06:00:00+00:00,angiang_longxuyen_bacgiang_bacgiangcity_backan_backancity,111.99688
2025-05-22 07:00:00+00:00,angiang_longxuyen_bacgiang_bacgiangcity_backan_backancity,111.82276
2025-05-22 08:00:00+00:00,angiang_longxuyen_bacgiang_bacgiangcity_backan_backancity,111.49789
2025-05-22 09:00:00+00:00,angiang_longxuyen_bacgiang_bacgiangcity_backan_backancity,111.326904
2025-05-22 10:00:00+00:00,angiang_longxuyen_bacgiang_bacgiangcity_backan_backancity,111.17483
2025-05-22 11:00:00+00:00,angiang_longxuyen_bacgiang_bacgiangcity_backan_backancity,110.991005
2025-05-22 12:00:00+00:00,angiang_longxuyen_bacgiang_bacgiangcity_backan_backancity,110.34319
2025-05-22 13:00:00+00:00,angiang_longxuyen_bacgiang_bacgiangcity_backan_backancity,110.30142
2025-05-22 14:00:00+00:00,angiang_longxuyen_bacgiang_bacgiangcity_backan_backancity,110.405014
2025-05-22 15:00:00+00:00,angiang_longxuyen_bacgiang_bacgiangcity_backan_backancity,110.62293
2025-05-22 16:00:00+00:00,angiang_longxuyen_bacgiang_bacgiangcity_backan_backancity,110.47957
2025-05-22 17:00:00+00:00,angiang_longxuyen_bacgiang_bacgiangcity_backan_backancity,110.29921
2025-05-22 18:00:00+00:00,angiang_longxuyen_bacgiang_bacgiangcity_backan_backancity,109.99844
2025-05-22 19:00:00+00:00,angiang_longxuyen_bacgiang_bacgiangcity_backan_backancity,110.23581
2025-05-22 20:00:00+00:00,angiang_longxuyen_bacgiang_bacgiangcity_backan_backancity,110.60332
2025-05-22 21:00:00+00:00,angiang_longxuyen_bacgiang_bacgiangcity_backan_backancity,110.62495
2025-05-22 22:00:00+00:00,angiang_longxuyen_bacgiang_bacgiangcity_backan_backancity,110.92617
2025-05-22 23:00:00+00:00,angiang_longxuyen_bacgiang_bacgiangcity_backan_backancity,111.15084
2025-05-23 00:00:00+00:00,angiang_longxuyen_bacgiang_bacgiangcity_backan_backancity,111.29716
2025-05-23 01:00:00+00:00,angiang_longxuyen_bacgiang_bacgiangcity_backan_backancity,111.42539
2025-05-23 02:00:00+00:00,angiang_longxuyen_bacgiang_bacgiangcity_backan_backancity,111.6
2025-05-23 03:00:00+00:00,angiang_longxuyen_bacgiang_bacgiangcity_backan_backancity,111.590546
2025-05-23 04:00:00+00:00,angiang_longxuyen_bacgiang_bacgiangcity_backan_backancity,111.39667
2025-05-23 05:00:00+00:00,angiang_longxuyen_bacgiang_bacgiangcity_backan_backancity,111.023026
2025-05-23 06:00:00+00:00,angiang_longxuyen_bacgiang_bacgiangcity_backan_backancity,110.749916
2025-05-23 07:00:00+00:00,angiang_longxuyen_bacgiang_bacgiangcity_backan_backancity,110.6687
2025-05-23 08:00:00+00:00,angiang_longxuyen_bacgiang_bacgiangcity_backan_backancity,110.71548
2025-05-23 09:00:00+00:00,angiang_longxuyen_bacgiang_bacgiangcity_backan_backancity,109.99807
2025-05-23 10:00:00+00:00,angiang_longxuyen_bacgiang_bacgiangcity_backan_backancity,110.06532
2025-05-23 11:00:00+00:00,angiang_longxuyen_bacgiang_bacgiangcity_backan_backancity,110.20262
2025-05-23 12:00:00+00:00,angiang_longxuyen_bacgiang_bacgiangcity_backan_backancity,110.023964
2025-05-23 13:00:00+00:00,angiang_longxuyen_bacgiang_bacgiangcity_backan_backancity,109.88968
2025-05-23 14:00:00+00:00,angiang_longxuyen_bacgiang_bacgiangcity_backan_backancity,109.844
2025-05-23 15:00:00+00:00,angiang_longxuyen_bacgiang_bacgiangcity_backan_backancity,109.905525
2025-05-23 16:00:00+00:00,angiang_longxuyen_bacgiang_bacgiangcity_backan_backancity,109.96798
2025-05-23 17:00:00+00:00,angiang_longxuyen_bacgiang_bacgiangcity_backan_backancity,109.67433
2025-05-23 18:00:00+00:00,angiang_longxuyen_bacgiang_bacgiangcity_backan_backancity,109.58523
2025-05-23 19:00:00+00:00,angiang_longxuyen_bacgiang_bacgiangcity_backan_backancity,109.8998
2025-05-23 20:00:00+00:00,angiang_longxuyen_bacgiang_bacgiangcity_backan_backancity,110.28855
2025-05-23 21:00:00+00:00,angiang_longxuyen_bacgiang_bacgiangcity_backan_backancity,110.27389
2025-05-23 22:00:00+00:00,angiang_longxuyen_bacgiang_bacgiangcity_backan_backancity,110.50967
2025-05-23 23:00:00+00:00,angiang_longxuyen_bacgiang_bacgiangcity_backan_backancity,110.849556
2025-05-24 00:00:00+00:00,angiang_longxuyen_bacgiang_bacgiangcity_backan_backancity,111.03063
2025-05-24 01:00:00+00:00,angiang_longxuyen_bacgiang_bacgiangcity_backan_backancity,111.18698
2025-05-24 02:00:00+00:00,angiang_longxuyen_bacgiang_bacgiangcity_backan_backancity,111.278496
2025-05-24 03:00:00+00:00,angiang_longxuyen_bacgiang_bacgiangcity_backan_backancity,111.25776
2025-05-24 04:00:00+00:00,angiang_longxuyen_bacgiang_bacgiangcity_backan_backancity,111.216
2025-05-24 05:00:00+00:00,angiang_longxuyen_bacgiang_bacgiangcity_backan_backancity,111.07069
2025-05-24 06:00:00+00:00,angiang_longxuyen_bacgiang_bacgiangcity_backan_backancity,110.91593
2025-05-24 07:00:00+00:00,angiang_longxuyen_bacgiang_bacgiangcity_backan_backancity,110.653046
2025-05-24 08:00:00+00:00,angiang_longxuyen_bacgiang_bacgiangcity_backan_backancity,110.35065
2025-05-24 09:00:00+00:00,angiang_longxuyen_bacgiang_bacgiangcity_backan_backancity,109.410934
2025-05-24 10:00:00+00:00,angiang_longxuyen_bacgiang_bacgiangcity_backan_backancity,109.68942
2025-05-24 11:00:00+00:00,angiang_longxuyen_bacgiang_bacgiangcity_backan_backancity,109.92327
2025-05-24 12:00:00+00:00,angiang_longxuyen_bacgiang_bacgiangcity_backan_backancity,109.596954
2025-05-24 13:00:00+00:00,angiang_longxuyen_bacgiang_bacgiangcity_backan_backancity,109.50695
2025-05-24 14:00:00+00:00,angiang_longxuyen_bacgiang_bacgiangcity_backan_backancity,109.63418
2025-05-24 15:00:00+00:00,angiang_longxuyen_bacgiang_bacgiangcity_backan_backancity,109.63646
2025-05-24 16:00:00+00:00,angiang_longxuyen_bacgiang_bacgiangcity_backan_backancity,109.520355
2025-05-24 17:00:00+00:00,angiang_longxuyen_bacgiang_bacgiangcity_backan_backancity,109.269905
2025-05-24 18:00:00+00:00,angiang_longxuyen_bacgiang_bacgiangcity_backan_backancity,108.91761
2025-05-24 19:00:00+00:00,angiang_longxuyen_bacgiang_bacgiangcity_backan_backancity,109.006615
2025-05-24 20:00:00+00:00,angiang_longxuyen_bacgiang_bacgiangcity_backan_backancity,109.20004
2025-05-24 21:00:00+00:00,angiang_longxuyen_bacgiang_bacgiangcity_backan_backancity,109.52863
2025-05-24 22:00:00+00:00,angiang_longxuyen_bacgiang_bacgiangcity_backan_backancity,109.590546
2025-05-24 23:00:00+00:00,angiang_longxuyen_bacgiang_bacgiangcity_backan_backancity,109.58576
2025-05-25 00:00:00+00:00,angiang_longxuyen_bacgiang_bacgiangcity_backan_backancity,109.51668
2025-05-25 01:00:00+00:00,angiang_longxuyen_bacgiang_bacgiangcity_backan_backancity,109.274315
2025-05-25 02:00:00+00:00,angiang_longxuyen_bacgiang_bacgiangcity_backan_backancity,108.90049
2025-05-25 03:00:00+00:00,angiang_longxuyen_bacgiang_bacgiangcity_backan_backancity,108.638535
2025-05-25 04:00:00+00:00,angiang_longxuyen_bacgiang_bacgiangcity_backan_backancity,108.28478
2025-05-25 05:00:00+00:00,angiang_longxuyen_bacgiang_bacgiangcity_backan_backancity,107.798874
2025-05-25 06:00:00+00:00,angiang_longxuyen_bacgiang_bacgiangcity_backan_backancity,107.47577
2025-05-25 07:00:00+00:00,angiang_longxuyen_bacgiang_bacgiangcity_backan_backancity,107.217354
2025-05-25 08:00:00+00:00,angiang_longxuyen_bacgiang_bacgiangcity_backan_backancity,107.057396
2025-05-25 09:00:00+00:00,angiang_longxuyen_bacgiang_bacgiangcity_backan_backancity,106.9428
2025-05-25 10:00:00+00:00,angiang_longxuyen_bacgiang_bacgiangcity_backan_backancity,106.68403
2025-05-25 11:00:00+00:00,angiang_longxuyen_bacgiang_bacgiangcity_backan_backancity,106.38375
2025-05-25 12:00:00+00:00,angiang_longxuyen_bacgiang_bacgiangcity_backan_backancity,106.15149
2025-05-25 13:00:00+00:00,angiang_longxuyen_bacgiang_bacgiangcity_backan_backancity,106.02406
2025-05-25 14:00:00+00:00,angiang_longxuyen_bacgiang_bacgiangcity_backan_backancity,106.111305
2025-05-25 15:00:00+00:00,angiang_longxuyen_bacgiang_bacgiangcity_backan_backancity,106.02397
2025-05-25 16:00:00+00:00,angiang_longxuyen_bacgiang_bacgiangcity_backan_backancity,105.82038
2025-05-25 17:00:00+00:00,angiang_longxuyen_bacgiang_bacgiangcity_backan_backancity,105.688705
2025-05-25 18:00:00+00:00,angiang_longxuyen_bacgiang_bacgiangcity_backan_backancity,105.45616
2025-05-25 19:00:00+00:00,angiang_longxuyen_bacgiang_bacgiangcity_backan_backancity,105.37418
2025-05-25 20:00:00+00:00,angiang_longxuyen_bacgiang_bacgiangcity_backan_backancity,105.42262
2025-05-25 21:00:00+00:00,angiang_longxuyen_bacgiang_bacgiangcity_backan_backancity,105.81178
2025-05-25 22:00:00+00:00,angiang_longxuyen_bacgiang_bacgiangcity_backan_backancity,105.70884
2025-05-25 23:00:00+00:00,angiang_longxuyen_bacgiang_bacgiangcity_backan_backancity,105.59682
2025-05-26 00:00:00+00:00,angiang_longxuyen_bacgiang_bacgiangcity_backan_backancity,105.45266
2025-05-26 01:00:00+00:00,angiang_longxuyen_bacgiang_bacgiangcity_backan_backancity,105.328514
2025-05-26 02:00:00+00:00,angiang_longxuyen_bacgiang_bacgiangcity_backan_backancity,105.181114
2025-05-26 03:00:00+00:00,angiang_longxuyen_bacgiang_bacgiangcity_backan_backancity,105.00574
2025-05-26 04:00:00+00:00,angiang_longxuyen_bacgiang_bacgiangcity_backan_backancity,104.810005
2025-05-26 05:00:00+00:00,angiang_longxuyen_bacgiang_bacgiangcity_backan_backancity,104.60355
2025-05-26 06:00:00+00:00,angiang_longxuyen_bacgiang_bacgiangcity_backan_backancity,104.34996
2025-05-26 07:00:00+00:00,angiang_longxuyen_bacgiang_bacgiangcity_backan_backancity,104.220985
2025-05-26 08:00:00+00:00,angiang_longxuyen_bacgiang_bacgiangcity_backan_backancity,104.15869
2025-05-26 09:00:00+00:00,angiang_longxuyen_bacgiang_bacgiangcity_backan_backancity,104.814445
2025-05-26 10:00:00+00:00,angiang_longxuyen_bacgiang_bacgiangcity_backan_backancity,104.95499
2025-05-26 11:00:00+00:00,angiang_longxuyen_bacgiang_bacgiangcity_backan_backancity,105.21542
2025-05-26 12:00:00+00:00,angiang_longxuyen_bacgiang_bacgiangcity_backan_backancity,105.13703
2025-05-26 13:00:00+00:00,angiang_longxuyen_bacgiang_bacgiangcity_backan_backancity,105.01596
2025-05-26 14:00:00+00:00,angiang_longxuyen_bacgiang_bacgiangcity_backan_backancity,104.856766
2025-05-26 15:00:00+00:00,angiang_longxuyen_bacgiang_bacgiangcity_backan_backancity,104.647095
2025-05-26 16:00:00+00:00,angiang_longxuyen_bacgiang_bacgiangcity_backan_backancity,104.59557
2025-05-26 17:00:00+00:00,angiang_longxuyen_bacgiang_bacgiangcity_backan_backancity,104.60458
2025-05-26 18:00:00+00:00,angiang_longxuyen_bacgiang_bacgiangcity_backan_backancity,104.50812
2025-05-26 19:00:00+00:00,angiang_longxuyen_bacgiang_bacgiangcity_backan_backancity,104.688934
2025-05-26 20:00:00+00:00,angiang_longxuyen_bacgiang_bacgiangcity_backan_backancity,105.068985
2025-05-26 21:00:00+00:00,angiang_longxuyen_bacgiang_bacgiangcity_backan_backancity,105.32313
2025-05-26 22:00:00+00:00,angiang_longxuyen_bacgiang_bacgiangcity_backan_backancity,105.18046
2025-05-26 23:00:00+00:00,angiang_longxuyen_bacgiang_bacgiangcity_backan_backancity,105.02945
2025-05-27 00:00:00+00:00,angiang_longxuyen_bacgiang_bacgiangcity_backan_backancity,104.80246
2025-05-27 01:00:00+00:00,angiang_longxuyen_bacgiang_bacgiangcity_backan_backancity,104.68895
2025-05-27 02:00:00+00:00,angiang_longxuyen_bacgiang_bacgiangcity_backan_backancity,104.71461
2025-05-27 03:00:00+00:00,angiang_longxuyen_bacgiang_bacgiangcity_backan_backancity,104.685356
2025-05-27 04:00:00+00:00,angiang_longxuyen_bacgiang_bacgiangcity_backan_backancity,104.67997
2025-05-27 05:00:00+00:00,angiang_longxuyen_bacgiang_bacgiangcity_backan_backancity,104.78513
2025-05-27 06:00:00+00:00,angiang_longxuyen_bacgiang_bacgiangcity_backan_backancity,104.83481
2025-05-27 07:00:00+00:00,angiang_longxuyen_bacgiang_bacgiangcity_backan_backancity,104.89847
2025-05-27 08:00:00+00:00,angiang_longxuyen_bacgiang_bacgiangcity_backan_backancity,104.80367
2025-05-27 09:00:00+00:00,angiang_longxuyen_bacgiang_bacgiangcity_backan_backancity,104.8911
2025-05-27 10:00:00+00:00,angiang_longxuyen_bacgiang_bacgiangcity_backan_backancity,105.443405
2025-05-27 11:00:00+00:00,angiang_longxuyen_bacgiang_bacgiangcity_backan_backancity,106.15898
2025-05-27 12:00:00+00:00,angiang_longxuyen_bacgiang_bacgiangcity_backan_backancity,106.13899
2025-05-27 13:00:00+00:00,angiang_longxuyen_bacgiang_bacgiangcity_backan_backancity,106.202225
2025-05-27 14:00:00+00:00,angiang_longxuyen_bacgiang_bacgiangcity_backan_backancity,106.30971
2025-05-27 15:00:00+00:00,angiang_longxuyen_bacgiang_bacgiangcity_backan_backancity,106.57821
2025-05-27 16:00:00+00:00,angiang_longxuyen_bacgiang_bacgiangcity_backan_backancity,106.70329
2025-05-27 17:00:00+00:00,angiang_longxuyen_bacgiang_bacgiangcity_backan_backancity,106.67604
2025-05-27 18:00:00+00:00,angiang_longxuyen_bacgiang_bacgiangcity_backan_backancity,106.806465
2025-05-27 19:00:00+00:00,angiang_longxuyen_bacgiang_bacgiangcity_backan_backancity,107.05269
2025-05-27 20:00:00+00:00,angiang_longxuyen_bacgiang_bacgiangcity_backan_backancity,107.44311
2025-05-27 21:00:00+00:00,angiang_longxuyen_bacgiang_bacgiangcity_backan_backancity,107.57434
2025-05-27 22:00:00+00:00,angiang_longxuyen_bacgiang_bacgiangcity_backan_backancity,107.67801
2025-05-27 23:00:00+00:00,angiang_longxuyen_bacgiang_bacgiangcity_backan_backancity,107.65359
2025-05-28 00:00:00+00:00,angiang_longxuyen_bacgiang_bacgiangcity_backan_backancity,107.49418
2025-05-28 01:00:00+00:00,angiang_longxuyen_bacgiang_bacgiangcity_backan_backancity,107.4323
2025-05-28 02:00:00+00:00,angiang_longxuyen_bacgiang_bacgiangcity_backan_backancity,107.30486
2025-05-28 03:00:00+00:00,angiang_longxuyen_bacgiang_bacgiangcity_backan_backancity,107.2162
2025-05-28 04:00:00+00:00,angiang_longxuyen_bacgiang_bacgiangcity_backan_backancity,107.07434
2025-05-28 05:00:00+00:00,angiang_longxuyen_bacgiang_bacgiangcity_backan_backancity,106.93792
2025-05-28 06:00:00+00:00,angiang_longxuyen_bacgiang_bacgiangcity_backan_backancity,106.93909
2025-05-28 07:00:00+00:00,angiang_longxuyen_bacgiang_bacgiangcity_backan_backancity,107.20465
2025-05-28 08:00:00+00:00,angiang_longxuyen_bacgiang_bacgiangcity_backan_backancity,107.5983
2025-05-28 09:00:00+00:00,angiang_longxuyen_bacgiang_bacgiangcity_backan_backancity,107.877144
2025-05-28 10:00:00+00:00,angiang_longxuyen_bacgiang_bacgiangcity_backan_backancity,108.379265
2025-05-28 11:00:00+00:00,angiang_longxuyen_bacgiang_bacgiangcity_backan_backancity,108.93934
2025-05-28 12:00:00+00:00,angiang_longxuyen_bacgiang_bacgiangcity_backan_backancity,109.00869
2025-05-28 13:00:00+00:00,angiang_longxuyen_bacgiang_bacgiangcity_backan_backancity,108.96886
2025-05-28 14:00:00+00:00,angiang_longxuyen_bacgiang_bacgiangcity_backan_backancity,108.865845
2025-05-28 15:00:00+00:00,angiang_longxuyen_bacgiang_bacgiangcity_backan_backancity,108.933495
2025-05-28 16:00:00+00:00,angiang_longxuyen_bacgiang_bacgiangcity_backan_backancity,108.86678
2025-05-28 17:00:00+00:00,angiang_longxuyen_bacgiang_bacgiangcity_backan_backancity,108.80775
2025-05-28 18:00:00+00:00,angiang_longxuyen_bacgiang_bacgiangcity_backan_backancity,108.83648
2025-05-28 19:00:00+00:00,angiang_longxuyen_bacgiang_bacgiangcity_backan_backancity,109.05459
2025-05-28 20:00:00+00:00,angiang_longxuyen_bacgiang_bacgiangcity_backan_backancity,109.4203
2025-05-28 21:00:00+00:00,angiang_longxuyen_bacgiang_bacgiangcity_backan_backancity,109.7629
2025-05-28 22:00:00+00:00,angiang_longxuyen_bacgiang_bacgiangcity_backan_backancity,109.81548
2025-05-28 23:00:00+00:00,angiang_longxuyen_bacgiang_bacgiangcity_backan_backancity,109.89727
2025-05-29 00:00:00+00:00,angiang_longxuyen_bacgiang_bacgiangcity_backan_backancity,109.87616
2025-05-29 01:00:00+00:00,angiang_longxuyen_bacgiang_bacgiangcity_backan_backancity,109.712875
2025-05-29 02:00:00+00:00,angiang_longxuyen_bacgiang_bacgiangcity_backan_backancity,109.576355
2025-05-29 03:00:00+00:00,angiang_longxuyen_bacgiang_bacgiangcity_backan_backancity,109.37389
2025-05-29 04:00:00+00:00,angiang_longxuyen_bacgiang_bacgiangcity_backan_backancity,109.09357
2025-05-29 05:00:00+00:00,angiang_longxuyen_bacgiang_bacgiangcity_backan_backancity,108.93051
2025-05-29 06:00:00+00:00,angiang_longxuyen_bacgiang_bacgiangcity_backan_backancity,108.846596
2025-05-29 07:00:00+00:00,angiang_longxuyen_bacgiang_bacgiangcity_backan_backancity,108.83807
2025-05-29 08:00:00+00:00,angiang_longxuyen_bacgiang_bacgiangcity_backan_backancity,108.99644
2025-05-29 09:00:00+00:00,angiang_longxuyen_bacgiang_bacgiangcity_backan_backancity,109.44104
2025-05-29 10:00:00+00:00,angiang_longxuyen_bacgiang_bacgiangcity_backan_backancity,109.937935
2025-05-29 11:00:00+00:00,angiang_longxuyen_bacgiang_bacgiangcity_backan_backancity,110.72722
2025-05-29 12:00:00+00:00,angiang_longxuyen_bacgiang_bacgiangcity_backan_backancity,110.70265
2025-05-29 13:00:00+00:00,angiang_longxuyen_bacgiang_bacgiangcity_backan_backancity,110.52014
2025-05-29 14:00:00+00:00,angiang_longxuyen_bacgiang_bacgiangcity_backan_backancity,110.256996
2025-05-29 15:00:00+00:00,angiang_longxuyen_bacgiang_bacgiangcity_backan_backancity,110.16955
2025-05-29 16:00:00+00:00,angiang_longxuyen_bacgiang_bacgiangcity_backan_backancity,110.11583
2025-05-29 17:00:00+00:00,angiang_longxuyen_bacgiang_bacgiangcity_backan_backancity,109.73912
2025-05-29 18:00:00+00:00,angiang_longxuyen_bacgiang_bacgiangcity_backan_backancity,109.55039
2025-05-29 19:00:00+00:00,angiang_longxuyen_bacgiang_bacgiangcity_backan_backancity,109.71492
2025-05-29 20:00:00+00:00,angiang_longxuyen_bacgiang_bacgiangcity_backan_backancity,109.982414
2025-05-29 21:00:00+00:00,angiang_longxuyen_bacgiang_bacgiangcity_backan_backancity,110.48046
2025-05-29 22:00:00+00:00,angiang_longxuyen_bacgiang_bacgiangcity_backan_backancity,110.55658
2025-05-29 23:00:00+00:00,angiang_longxuyen_bacgiang_bacgiangcity_backan_backancity,110.480705
2025-05-30 00:00:00+00:00,angiang_longxuyen_bacgiang_bacgiangcity_backan_backancity,110.42309
2025-05-30 01:00:00+00:00,angiang_longxuyen_bacgiang_bacgiangcity_backan_backancity,110.22875
2025-05-30 02:00:00+00:00,angiang_longxuyen_bacgiang_bacgiangcity_backan_backancity,110.16827
2025-05-30 03:00:00+00:00,angiang_longxuyen_bacgiang_bacgiangcity_backan_backancity,110.05509
2025-05-30 04:00:00+00:00,angiang_longxuyen_bacgiang_bacgiangcity_backan_backancity,109.73826
2025-05-30 05:00:00+00:00,angiang_longxuyen_bacgiang_bacgiangcity_backan_backancity,109.41266
2025-05-30 06:00:00+00:00,angiang_longxuyen_bacgiang_bacgiangcity_backan_backancity,109.065414
2025-05-30 07:00:00+00:00,angiang_longxuyen_bacgiang_bacgiangcity_backan_backancity,108.891884
2025-05-30 08:00:00+00:00,angiang_longxuyen_bacgiang_bacgiangcity_backan_backancity,108.87526
2025-05-30 09:00:00+00:00,angiang_longxuyen_bacgiang_bacgiangcity_backan_backancity,108.839676
2025-05-30 10:00:00+00:00,angiang_longxuyen_bacgiang_bacgiangcity_backan_backancity,108.84574
2025-05-30 11:00:00+00:00,angiang_longxuyen_bacgiang_bacgiangcity_backan_backancity,108.81344
2025-05-30 12:00:00+00:00,angiang_longxuyen_bacgiang_bacgiangcity_backan_backancity,108.763885
2025-05-30 13:00:00+00:00,angiang_longxuyen_bacgiang_bacgiangcity_backan_backancity,108.66272
2025-05-30 14:00:00+00:00,angiang_longxuyen_bacgiang_bacgiangcity_backan_backancity,108.65776
2025-05-30 15:00:00+00:00,angiang_longxuyen_bacgiang_bacgiangcity_backan_backancity,108.607056
2025-05-30 16:00:00+00:00,angiang_longxuyen_bacgiang_bacgiangcity_backan_backancity,108.529
2025-05-30 17:00:00+00:00,angiang_longxuyen_bacgiang_bacgiangcity_backan_backancity,108.335236
2025-05-30 18:00:00+00:00,angiang_longxuyen_bacgiang_bacgiangcity_backan_backancity,108.18983
2025-05-30 19:00:00+00:00,angiang_longxuyen_bacgiang_bacgiangcity_backan_backancity,108.24762
2025-05-30 20:00:00+00:00,angiang_longxuyen_bacgiang_bacgiangcity_backan_backancity,108.40035
2025-05-30 21:00:00+00:00,angiang_longxuyen_bacgiang_bacgiangcity_backan_backancity,108.75923
2025-05-30 22:00:00+00:00,angiang_longxuyen_bacgiang_bacgiangcity_backan_backancity,108.881615
2025-05-30 23:00:00+00:00,angiang_longxuyen_bacgiang_bacgiangcity_backan_backancity,108.98403
2025-05-31 00:00:00+00:00,angiang_longxuyen_bacgiang_bacgiangcity_backan_backancity,108.91566
2025-05-31 01:00:00+00:00,angiang_longxuyen_bacgiang_bacgiangcity_backan_backancity,108.94355
2025-05-31 02:00:00+00:00,angiang_longxuyen_bacgiang_bacgiangcity_backan_backancity,108.96407
2025-05-31 03:00:00+00:00,angiang_longxuyen_bacgiang_bacgiangcity_backan_backancity,108.94254
2025-05-31 04:00:00+00:00,angiang_longxuyen_bacgiang_bacgiangcity_backan_backancity,109.0546
2025-05-31 05:00:00+00:00,angiang_longxuyen_bacgiang_bacgiangcity_backan_backancity,108.839165
2025-05-31 06:00:00+00:00,angiang_longxuyen_bacgiang_bacgiangcity_backan_backancity,108.68185
2025-05-31 07:00:00+00:00,angiang_longxuyen_bacgiang_bacgiangcity_backan_backancity,108.55446
2025-05-31 08:00:00+00:00,angiang_longxuyen_bacgiang_bacgiangcity_backan_backancity,108.48493
2025-05-31 09:00:00+00:00,angiang_longxuyen_bacgiang_bacgiangcity_backan_backancity,108.39663
2025-05-31 10:00:00+00:00,angiang_longxuyen_bacgiang_bacgiangcity_backan_backancity,108.54102
2025-05-31 11:00:00+00:00,angiang_longxuyen_bacgiang_bacgiangcity_backan_backancity,108.724014
2025-05-31 12:00:00+00:00,angiang_longxuyen_bacgiang_bacgiangcity_backan_backancity,108.61813
2025-05-31 13:00:00+00:00,angiang_longxuyen_bacgiang_bacgiangcity_backan_backancity,108.25217
2025-05-31 14:00:00+00:00,angiang_longxuyen_bacgiang_bacgiangcity_backan_backancity,108.17294
2025-05-31 15:00:00+00:00,angiang_longxuyen_bacgiang_bacgiangcity_backan_backancity,108.24416
2025-05-31 16:00:00+00:00,angiang_longxuyen_bacgiang_bacgiangcity_backan_backancity,108.17386
2025-05-31 17:00:00+00:00,angiang_longxuyen_bacgiang_bacgiangcity_backan_backancity,107.91588
2025-05-31 18:00:00+00:00,angiang_longxuyen_bacgiang_bacgiangcity_backan_backancity,107.63828
2025-05-31 19:00:00+00:00,angiang_longxuyen_bacgiang_bacgiangcity_backan_backancity,107.479355
2025-05-31 20:00:00+00:00,angiang_longxuyen_bacgiang_bacgiangcity_backan_backancity,107.44914
2025-05-31 21:00:00+00:00,angiang_longxuyen_bacgiang_bacgiangcity_backan_backancity,107.46112
2025-05-31 22:00:00+00:00,angiang_longxuyen_bacgiang_bacgiangcity_backan_backancity,107.39101
2025-05-31 23:00:00+00:00,angiang_longxuyen_bacgiang_bacgiangcity_backan_backancity,107.31235
2025-06-01 00:00:00+00:00,angiang_longxuyen_bacgiang_bacgiangcity_backan_backancity,107.23681
2025-06-01 01:00:00+00:00,angiang_longxuyen_bacgiang_bacgiangcity_backan_backancity,107.09913
2025-06-01 02:00:00+00:00,angiang_longxuyen_bacgiang_bacgiangcity_backan_backancity,106.95672
2025-06-01 03:00:00+00:00,angiang_longxuyen_bacgiang_bacgiangcity_backan_backancity,106.74303
2025-06-01 04:00:00+00:00,angiang_longxuyen_bacgiang_bacgiangcity_backan_backancity,106.573524
2025-06-01 05:00:00+00:00,angiang_longxuyen_bacgiang_bacgiangcity_backan_backancity,106.44055
2025-06-01 06:00:00+00:00,angiang_longxuyen_bacgiang_bacgiangcity_backan_backancity,106.27779
2025-06-01 07:00:00+00:00,angiang_longxuyen_bacgiang_bacgiangcity_backan_backancity,106.10253
2025-06-01 08:00:00+00:00,angiang_longxuyen_bacgiang_bacgiangcity_backan_backancity,105.883095
2025-06-01 09:00:00+00:00,angiang_longxuyen_bacgiang_bacgiangcity_backan_backancity,105.75988
2025-06-01 10:00:00+00:00,angiang_longxuyen_bacgiang_bacgiangcity_backan_backancity,105.846504
2025-06-01 11:00:00+00:00,angiang_longxuyen_bacgiang_bacgiangcity_backan_backancity,106.013695
2025-06-01 12:00:00+00:00,angiang_longxuyen_bacgiang_bacgiangcity_backan_backancity,106.00986
2025-06-01 13:00:00+00:00,angiang_longxuyen_bacgiang_bacgiangcity_backan_backancity,105.89852
2025-06-01 14:00:00+00:00,angiang_longxuyen_bacgiang_bacgiangcity_backan_backancity,105.921844
2025-06-01 15:00:00+00:00,angiang_longxuyen_bacgiang_bacgiangcity_backan_backancity,106.02603
2025-06-01 16:00:00+00:00,angiang_longxuyen_bacgiang_bacgiangcity_backan_backancity,105.972115
2025-06-01 17:00:00+00:00,angiang_longxuyen_bacgiang_bacgiangcity_backan_backancity,105.8556
2025-06-01 18:00:00+00:00,angiang_longxuyen_bacgiang_bacgiangcity_backan_backancity,105.67897
2025-06-01 19:00:00+00:00,angiang_longxuyen_bacgiang_bacgiangcity_backan_backancity,105.49973
2025-06-01 20:00:00+00:00,angiang_longxuyen_bacgiang_bacgiangcity_backan_backancity,105.58989
2025-06-01 21:00:00+00:00,angiang_longxuyen_bacgiang_bacgiangcity_backan_backancity,105.562744
2025-06-01 22:00:00+00:00,angiang_longxuyen_bacgiang_bacgiangcity_backan_backancity,105.74372
2025-06-01 23:00:00+00:00,angiang_longxuyen_bacgiang_bacgiangcity_backan_backancity,105.70212
2025-06-02 00:00:00+00:00,angiang_longxuyen_bacgiang_bacgiangcity_backan_backancity,105.681854
2025-06-02 01:00:00+00:00,angiang_longxuyen_bacgiang_bacgiangcity_backan_backancity,105.661415
2025-06-02 02:00:00+00:00,angiang_longxuyen_bacgiang_bacgiangcity_backan_backancity,105.59271
2025-06-02 03:00:00+00:00,angiang_longxuyen_bacgiang_bacgiangcity_backan_backancity,105.53935
2025-06-02 04:00:00+00:00,angiang_longxuyen_bacgiang_bacgiangcity_backan_backancity,105.474144
2025-06-02 05:00:00+00:00,angiang_longxuyen_bacgiang_bacgiangcity_backan_backancity,105.40758
2025-06-02 06:00:00+00:00,angiang_longxuyen_bacgiang_bacgiangcity_backan_backancity,105.35823
2025-06-02 07:00:00+00:00,angiang_longxuyen_bacgiang_bacgiangcity_backan_backancity,105.304726
2025-06-02 08:00:00+00:00,angiang_longxuyen_bacgiang_bacgiangcity_backan_backancity,105.08403
2025-06-02 09:00:00+00:00,angiang_longxuyen_bacgiang_bacgiangcity_backan_backancity,105.069435
2025-06-02 10:00:00+00:00,angiang_longxuyen_bacgiang_bacgiangcity_backan_backancity,105.2651
2025-06-02 11:00:00+00:00,angiang_longxuyen_bacgiang_bacgiangcity_backan_backancity,105.47818
2025-06-02 12:00:00+00:00,angiang_longxuyen_bacgiang_bacgiangcity_backan_backancity,105.414925
2025-06-02 13:00:00+00:00,angiang_longxuyen_bacgiang_bacgiangcity_backan_backancity,105.49252
2025-06-02 14:00:00+00:00,angiang_longxuyen_bacgiang_bacgiangcity_backan_backancity,105.47752
2025-06-02 15:00:00+00:00,angiang_longxuyen_bacgiang_bacgiangcity_backan_backancity,105.36045
2025-06-02 16:00:00+00:00,angiang_longxuyen_bacgiang_bacgiangcity_backan_backancity,105.40339
2025-06-02 17:00:00+00:00,angiang_longxuyen_bacgiang_bacgiangcity_backan_backancity,105.16959
2025-06-02 18:00:00+00:00,angiang_longxuyen_bacgiang_bacgiangcity_backan_backancity,104.895546
2025-06-02 19:00:00+00:00,angiang_longxuyen_bacgiang_bacgiangcity_backan_backancity,104.7726
2025-06-02 20:00:00+00:00,angiang_longxuyen_bacgiang_bacgiangcity_backan_backancity,104.74286
2025-06-02 21:00:00+00:00,angiang_longxuyen_bacgiang_bacgiangcity_backan_backancity,104.874374
2025-06-02 22:00:00+00:00,angiang_longxuyen_bacgiang_bacgiangcity_backan_backancity,104.86275
2025-06-02 23:00:00+00:00,angiang_longxuyen_bacgiang_bacgiangcity_backan_backancity,104.81912
2025-06-03 00:00:00+00:00,angiang_longxuyen_bacgiang_bacgiangcity_backan_backancity,104.790924
2025-06-03 01:00:00+00:00,angiang_longxuyen_bacgiang_bacgiangcity_backan_backancity,104.734215
2025-06-03 02:00:00+00:00,angiang_longxuyen_bacgiang_bacgiangcity_backan_backancity,104.67645
2025-06-03 03:00:00+00:00,angiang_longxuyen_bacgiang_bacgiangcity_backan_backancity,104.62275
2025-06-03 04:00:00+00:00,angiang_longxuyen_bacgiang_bacgiangcity_backan_backancity,104.5924
2025-06-03 05:00:00+00:00,angiang_longxuyen_bacgiang_bacgiangcity_backan_backancity,104.575096
2025-06-03 06:00:00+00:00,angiang_longxuyen_bacgiang_bacgiangcity_backan_backancity,104.56308
2025-06-03 07:00:00+00:00,angiang_longxuyen_bacgiang_bacgiangcity_backan_backancity,104.54091
2025-06-03 08:00:00+00:00,angiang_longxuyen_bacgiang_bacgiangcity_backan_backancity,104.5508
2025-06-03 09:00:00+00:00,angiang_longxuyen_bacgiang_bacgiangcity_backan_backancity,104.62816
2025-06-03 10:00:00+00:00,angiang_longxuyen_bacgiang_bacgiangcity_backan_backancity,104.68793
2025-06-03 11:00:00+00:00,angiang_longxuyen_bacgiang_bacgiangcity_backan_backancity,104.834366
2025-06-03 12:00:00+00:00,angiang_longxuyen_bacgiang_bacgiangcity_backan_backancity,105.02372
2025-06-03 13:00:00+00:00,angiang_longxuyen_bacgiang_bacgiangcity_backan_backancity,105.12208
2025-06-03 14:00:00+00:00,angiang_longxuyen_bacgiang_bacgiangcity_backan_backancity,105.1526
2025-06-03 15:00:00+00:00,angiang_longxuyen_bacgiang_bacgiangcity_backan_backancity,105.1537
2025-06-03 16:00:00+00:00,angiang_longxuyen_bacgiang_bacgiangcity_backan_backancity,105.07922
2025-06-03 17:00:00+00:00,angiang_longxuyen_bacgiang_bacgiangcity_backan_backancity,104.99913
2025-06-03 18:00:00+00:00,angiang_longxuyen_bacgiang_bacgiangcity_backan_backancity,104.985565
2025-06-03 19:00:00+00:00,angiang_longxuyen_bacgiang_bacgiangcity_backan_backancity,105.02443
2025-06-03 20:00:00+00:00,angiang_longxuyen_bacgiang_bacgiangcity_backan_backancity,105.15601
2025-06-03 21:00:00+00:00,angiang_longxuyen_bacgiang_bacgiangcity_backan_backancity,105.11494
2025-06-03 22:00:00+00:00,angiang_longxuyen_bacgiang_bacgiangcity_backan_backancity,105.1862
2025-06-03 23:00:00+00:00,angiang_longxuyen_bacgiang_bacgiangcity_backan_backancity,105.25606
2025-06-04 00:00:00+00:00,angiang_longxuyen_bacgiang_bacgiangcity_backan_backancity,105.50216
2025-06-04 01:00:00+00:00,angiang_longxuyen_bacgiang_bacgiangcity_backan_backancity,105.5168
2025-06-04 02:00:00+00:00,angiang_longxuyen_bacgiang_bacgiangcity_backan_backancity,105.53271
2025-06-04 03:00:00+00:00,angiang_longxuyen_bacgiang_bacgiangcity_backan_backancity,105.587616
2025-06-04 04:00:00+00:00,angiang_longxuyen_bacgiang_bacgiangcity_backan_backancity,105.65625
2025-06-04 05:00:00+00:00,angiang_longxuyen_bacgiang_bacgiangcity_backan_backancity,105.57928
2025-06-04 06:00:00+00:00,angiang_longxuyen_bacgiang_bacgiangcity_backan_backancity,105.67007
2025-06-04 07:00:00+00:00,angiang_longxuyen_bacgiang_bacgiangcity_backan_backancity,105.760506
2025-06-04 08:00:00+00:00,angiang_longxuyen_bacgiang_bacgiangcity_backan_backancity,105.87701
2025-06-04 09:00:00+00:00,angiang_longxuyen_bacgiang_bacgiangcity_backan_backancity,105.85696
2025-06-04 10:00:00+00:00,angiang_longxuyen_bacgiang_bacgiangcity_backan_backancity,105.931694
2025-06-04 11:00:00+00:00,angiang_longxuyen_bacgiang_bacgiangcity_backan_backancity,106.175804
2025-06-04 12:00:00+00:00,angiang_longxuyen_bacgiang_bacgiangcity_backan_backancity,106.3609
2025-06-04 13:00:00+00:00,angiang_longxuyen_bacgiang_bacgiangcity_backan_backancity,106.42717
2025-06-04 14:00:00+00:00,angiang_longxuyen_bacgiang_bacgiangcity_backan_backancity,106.482666
2025-06-04 15:00:00+00:00,angiang_longxuyen_bacgiang_bacgiangcity_backan_backancity,106.516045
2025-06-04 16:00:00+00:00,angiang_longxuyen_bacgiang_bacgiangcity_backan_backancity,106.5243
2025-06-04 17:00:00+00:00,angiang_longxuyen_bacgiang_bacgiangcity_backan_backancity,106.53352
2025-06-04 18:00:00+00:00,angiang_longxuyen_bacgiang_bacgiangcity_backan_backancity,106.61452
2025-06-04 19:00:00+00:00,angiang_longxuyen_bacgiang_bacgiangcity_backan_backancity,106.85284
2025-06-04 20:00:00+00:00,angiang_longxuyen_bacgiang_bacgiangcity_backan_backancity,107.21683
2025-06-04 21:00:00+00:00,angiang_longxuyen_bacgiang_bacgiangcity_backan_backancity,107.547775
2025-06-04 22:00:00+00:00,angiang_longxuyen_bacgiang_bacgiangcity_backan_backancity,107.647354
2025-06-04 23:00:00+00:00,angiang_longxuyen_bacgiang_bacgiangcity_backan_backancity,107.72056
2025-06-05 00:00:00+00:00,angiang_longxuyen_bacgiang_bacgiangcity_backan_backancity,107.96583
2025-06-05 01:00:00+00:00,angiang_longxuyen_bacgiang_bacgiangcity_backan_backancity,108.08342
2025-06-05 02:00:00+00:00,angiang_longxuyen_bacgiang_bacgiangcity_backan_backancity,108.19004
2025-06-05 03:00:00+00:00,angiang_longxuyen_bacgiang_bacgiangcity_backan_backancity,108.23046
2025-06-05 04:00:00+00:00,angiang_longxuyen_bacgiang_bacgiangcity_backan_backancity,108.24535
2025-06-05 05:00:00+00:00,angiang_longxuyen_bacgiang_bacgiangcity_backan_backancity,108.24546
2025-06-05 06:00:00+00:00,angiang_longxuyen_bacgiang_bacgiangcity_backan_backancity,108.27809
2025-06-05 07:00:00+00:00,angiang_longxuyen_bacgiang_bacgiangcity_backan_backancity,108.327736
2025-06-05 08:00:00+00:00,angiang_longxuyen_bacgiang_bacgiangcity_backan_backancity,108.42644
2025-06-05 09:00:00+00:00,angiang_longxuyen_bacgiang_bacgiangcity_backan_backancity,108.567085
2025-06-05 10:00:00+00:00,angiang_longxuyen_bacgiang_bacgiangcity_backan_backancity,108.922646
2025-06-05 11:00:00+00:00,angiang_longxuyen_bacgiang_bacgiangcity_backan_backancity,109.17416
2025-06-05 12:00:00+00:00,angiang_longxuyen_bacgiang_bacgiangcity_backan_backancity,109.1157
2025-06-05 13:00:00+00:00,angiang_longxuyen_bacgiang_bacgiangcity_backan_backancity,109.222206
2025-06-05 14:00:00+00:00,angiang_longxuyen_bacgiang_bacgiangcity_backan_backancity,109.042755
2025-06-05 15:00:00+00:00,angiang_longxuyen_bacgiang_bacgiangcity_backan_backancity,109.062096
2025-06-05 16:00:00+00:00,angiang_longxuyen_bacgiang_bacgiangcity_backan_backancity,108.881516
2025-06-05 17:00:00+00:00,angiang_longxuyen_bacgiang_bacgiangcity_backan_backancity,108.55632
2025-06-05 18:00:00+00:00,angiang_longxuyen_bacgiang_bacgiangcity_backan_backancity,108.4454
2025-06-05 19:00:00+00:00,angiang_longxuyen_bacgiang_bacgiangcity_backan_backancity,108.55344
2025-06-05 20:00:00+00:00,angiang_longxuyen_bacgiang_bacgiangcity_backan_backancity,108.82495
2025-06-05 21:00:00+00:00,angiang_longxuyen_bacgiang_bacgiangcity_backan_backancity,108.966896
2025-06-05 22:00:00+00:00,angiang_longxuyen_bacgiang_bacgiangcity_backan_backancity,108.94334
2025-06-05 23:00:00+00:00,angiang_longxuyen_bacgiang_bacgiangcity_backan_backancity,108.82032
2025-06-06 00:00:00+00:00,angiang_longxuyen_bacgiang_bacgiangcity_backan_backancity,108.728134
2025-06-06 01:00:00+00:00,angiang_longxuyen_bacgiang_bacgiangcity_backan_backancity,108.879395
2025-06-06 02:00:00+00:00,angiang_longxuyen_bacgiang_bacgiangcity_backan_backancity,108.83097
2025-06-06 03:00:00+00:00,angiang_longxuyen_bacgiang_bacgiangcity_backan_backancity,108.80536
2025-06-06 04:00:00+00:00,angiang_longxuyen_bacgiang_bacgiangcity_backan_backancity,108.741234
2025-06-06 05:00:00+00:00,angiang_longxuyen_bacgiang_bacgiangcity_backan_backancity,108.66157
2025-06-06 06:00:00+00:00,angiang_longxuyen_bacgiang_bacgiangcity_backan_backancity,108.39823
2025-06-06 07:00:00+00:00,angiang_longxuyen_bacgiang_bacgiangcity_backan_backancity,108.41052
2025-06-06 08:00:00+00:00,angiang_longxuyen_bacgiang_bacgiangcity_backan_backancity,108.40948
2025-06-06 09:00:00+00:00,angiang_longxuyen_bacgiang_bacgiangcity_backan_backancity,108.25559
2025-06-06 10:00:00+00:00,angiang_longxuyen_bacgiang_bacgiangcity_backan_backancity,108.486015
2025-06-06 11:00:00+00:00,angiang_longxuyen_bacgiang_bacgiangcity_backan_backancity,108.55286
2025-06-06 12:00:00+00:00,angiang_longxuyen_bacgiang_bacgiangcity_backan_backancity,108.431694
2025-06-06 13:00:00+00:00,angiang_longxuyen_bacgiang_bacgiangcity_backan_backancity,108.30301
2025-06-06 14:00:00+00:00,angiang_longxuyen_bacgiang_bacgiangcity_backan_backancity,108.281944
2025-06-06 15:00:00+00:00,angiang_longxuyen_bacgiang_bacgiangcity_backan_backancity,108.19855
2025-06-06 16:00:00+00:00,angiang_longxuyen_bacgiang_bacgiangcity_backan_backancity,107.98235
2025-06-06 17:00:00+00:00,angiang_longxuyen_bacgiang_bacgiangcity_backan_backancity,107.69334
2025-06-06 18:00:00+00:00,angiang_longxuyen_bacgiang_bacgiangcity_backan_backancity,107.50579
2025-06-06 19:00:00+00:00,angiang_longxuyen_bacgiang_bacgiangcity_backan_backancity,107.52716
2025-06-06 20:00:00+00:00,angiang_longxuyen_bacgiang_bacgiangcity_backan_backancity,107.63725
2025-06-06 21:00:00+00:00,angiang_longxuyen_bacgiang_bacgiangcity_backan_backancity,107.896645
2025-06-06 22:00:00+00:00,angiang_longxuyen_bacgiang_bacgiangcity_backan_backancity,107.88426
2025-06-06 23:00:00+00:00,angiang_longxuyen_bacgiang_bacgiangcity_backan_backancity,107.838875
2025-06-07 00:00:00+00:00,angiang_longxuyen_bacgiang_bacgiangcity_backan_backancity,107.7444
2025-06-07 01:00:00+00:00,angiang_longxuyen_bacgiang_bacgiangcity_backan_backancity,107.66154
2025-06-07 02:00:00+00:00,angiang_longxuyen_bacgiang_bacgiangcity_backan_backancity,107.71845
2025-06-07 03:00:00+00:00,angiang_longxuyen_bacgiang_bacgiangcity_backan_backancity,107.56634
2025-06-07 04:00:00+00:00,angiang_longxuyen_bacgiang_bacgiangcity_backan_backancity,107.43847
2025-06-07 05:00:00+00:00,angiang_longxuyen_bacgiang_bacgiangcity_backan_backancity,107.32832
2025-06-07 06:00:00+00:00,angiang_longxuyen_bacgiang_bacgiangcity_backan_backancity,106.93427
2025-06-07 07:00:00+00:00,angiang_longxuyen_bacgiang_bacgiangcity_backan_backancity,106.8412
2025-06-07 08:00:00+00:00,angiang_longxuyen_bacgiang_bacgiangcity_backan_backancity,106.75723
2025-06-07 09:00:00+00:00,angiang_longxuyen_bacgiang_bacgiangcity_backan_backancity,106.53237
2025-06-07 10:00:00+00:00,angiang_longxuyen_bacgiang_bacgiangcity_backan_backancity,106.48061
2025-06-07 11:00:00+00:00,angiang_longxuyen_bacgiang_bacgiangcity_backan_backancity,106.4826
2025-06-07 12:00:00+00:00,angiang_longxuyen_bacgiang_bacgiangcity_backan_backancity,106.49612
2025-06-07 13:00:00+00:00,angiang_longxuyen_bacgiang_bacgiangcity_backan_backancity,106.46322
2025-06-07 14:00:00+00:00,angiang_longxuyen_bacgiang_bacgiangcity_backan_backancity,106.44062
2025-06-07 15:00:00+00:00,angiang_longxuyen_bacgiang_bacgiangcity_backan_backancity,106.38149
2025-06-07 16:00:00+00:00,angiang_longxuyen_bacgiang_bacgiangcity_backan_backancity,106.28465
2025-06-07 17:00:00+00:00,angiang_longxuyen_bacgiang_bacgiangcity_backan_backancity,105.94437
2025-06-07 18:00:00+00:00,angiang_longxuyen_bacgiang_bacgiangcity_backan_backancity,105.68539
2025-06-07 19:00:00+00:00,angiang_longxuyen_bacgiang_bacgiangcity_backan_backancity,105.77307
2025-06-07 20:00:00+00:00,angiang_longxuyen_bacgiang_bacgiangcity_backan_backancity,106.17709
2025-06-07 21:00:00+00:00,angiang_longxuyen_bacgiang_bacgiangcity_backan_backancity,106.31944
2025-06-07 22:00:00+00:00,angiang_longxuyen_bacgiang_bacgiangcity_backan_backancity,106.28848
2025-06-07 23:00:00+00:00,angiang_longxuyen_bacgiang_bacgiangcity_backan_backancity,106.230034
2025-06-08 00:00:00+00:00,angiang_longxuyen_bacgiang_bacgiangcity_backan_backancity,106.11241
2025-06-08 01:00:00+00:00,angiang_longxuyen_bacgiang_bacgiangcity_backan_backancity,106.18232
2025-06-08 02:00:00+00:00,angiang_longxuyen_bacgiang_bacgiangcity_backan_backancity,106.10658
2025-06-08 03:00:00+00:00,angiang_longxuyen_bacgiang_bacgiangcity_backan_backancity,106.012
2025-06-08 04:00:00+00:00,angiang_longxuyen_bacgiang_bacgiangcity_backan_backancity,105.93715
2025-06-08 05:00:00+00:00,angiang_longxuyen_bacgiang_bacgiangcity_backan_backancity,105.86926
2025-06-08 06:00:00+00:00,angiang_longxuyen_bacgiang_bacgiangcity_backan_backancity,105.85214
2025-06-08 07:00:00+00:00,angiang_longxuyen_bacgiang_bacgiangcity_backan_backancity,105.68413
2025-06-08 08:00:00+00:00,angiang_longxuyen_bacgiang_bacgiangcity_backan_backancity,105.73023
2025-06-08 09:00:00+00:00,angiang_longxuyen_bacgiang_bacgiangcity_backan_backancity,105.645195
2025-06-08 10:00:00+00:00,angiang_longxuyen_bacgiang_bacgiangcity_backan_backancity,105.55685
2025-06-08 11:00:00+00:00,angiang_longxuyen_bacgiang_bacgiangcity_backan_backancity,105.779526
2025-06-08 12:00:00+00:00,angiang_longxuyen_bacgiang_bacgiangcity_backan_backancity,105.94208
2025-06-08 13:00:00+00:00,angiang_longxuyen_bacgiang_bacgiangcity_backan_backancity,105.99028
2025-06-08 14:00:00+00:00,angiang_longxuyen_bacgiang_bacgiangcity_backan_backancity,106.0828
2025-06-08 15:00:00+00:00,angiang_longxuyen_bacgiang_bacgiangcity_backan_backancity,106.19353
2025-06-08 16:00:00+00:00,angiang_longxuyen_bacgiang_bacgiangcity_backan_backancity,105.94655
2025-06-08 17:00:00+00:00,angiang_longxuyen_bacgiang_bacgiangcity_backan_backancity,105.74581
2025-06-08 18:00:00+00:00,angiang_longxuyen_bacgiang_bacgiangcity_backan_backancity,105.55072
2025-06-08 19:00:00+00:00,angiang_longxuyen_bacgiang_bacgiangcity_backan_backancity,105.630455
2025-06-08 20:00:00+00:00,angiang_longxuyen_bacgiang_bacgiangcity_backan_backancity,105.8938
2025-06-08 21:00:00+00:00,angiang_longxuyen_bacgiang_bacgiangcity_backan_backancity,106.22783
2025-06-08 22:00:00+00:00,angiang_longxuyen_bacgiang_bacgiangcity_backan_backancity,106.29187
2025-06-08 23:00:00+00:00,angiang_longxuyen_bacgiang_bacgiangcity_backan_backancity,106.47353
2025-06-09 00:00:00+00:00,angiang_longxuyen_bacgiang_bacgiangcity_backan_backancity,106.479256
2025-06-09 01:00:00+00:00,angiang_longxuyen_bacgiang_bacgiangcity_backan_backancity,106.553635
2025-06-09 02:00:00+00:00,angiang_longxuyen_bacgiang_bacgiangcity_backan_backancity,106.61331
2025-06-09 03:00:00+00:00,angiang_longxuyen_bacgiang_bacgiangcity_backan_backancity,106.66819
2025-06-09 04:00:00+00:00,angiang_longxuyen_bacgiang_bacgiangcity_backan_backancity,106.68515
2025-06-09 05:00:00+00:00,angiang_longxuyen_bacgiang_bacgiangcity_backan_backancity,106.741936
2025-06-09 06:00:00+00:00,angiang_longxuyen_bacgiang_bacgiangcity_backan_backancity,106.76615
2025-06-09 07:00:00+00:00,angiang_longxuyen_bacgiang_bacgiangcity_backan_backancity,106.82288
2025-06-09 08:00:00+00:00,angiang_longxuyen_bacgiang_bacgiangcity_backan_backancity,106.89381
2025-06-09 09:00:00+00:00,angiang_longxuyen_bacgiang_bacgiangcity_backan_backancity,107.27297
2025-06-09 10:00:00+00:00,angiang_longxuyen_bacgiang_bacgiangcity_backan_backancity,107.81998
2025-06-09 11:00:00+00:00,angiang_longxuyen_bacgiang_bacgiangcity_backan_backancity,108.37861
2025-06-09 12:00:00+00:00,angiang_longxuyen_bacgiang_bacgiangcity_backan_backancity,108.55616
2025-06-09 13:00:00+00:00,angiang_longxuyen_bacgiang_bacgiangcity_backan_backancity,108.550964
2025-06-09 14:00:00+00:00,angiang_longxuyen_bacgiang_bacgiangcity_backan_backancity,108.76334
2025-06-09 15:00:00+00:00,angiang_longxuyen_bacgiang_bacgiangcity_backan_backancity,108.997055
2025-06-09 16:00:00+00:00,angiang_longxuyen_bacgiang_bacgiangcity_backan_backancity,109.024826
2025-06-09 17:00:00+00:00,angiang_longxuyen_bacgiang_bacgiangcity_backan_backancity,108.980385
2025-06-09 18:00:00+00:00,angiang_longxuyen_bacgiang_bacgiangcity_backan_backancity,109.13409
2025-06-09 19:00:00+00:00,angiang_longxuyen_bacgiang_bacgiangcity_backan_backancity,109.585655
2025-06-09 20:00:00+00:00,angiang_longxuyen_bacgiang_bacgiangcity_backan_backancity,110.22203
2025-06-09 21:00:00+00:00,angiang_longxuyen_bacgiang_bacgiangcity_backan_backancity,109.78475
2025-06-09 22:00:00+00:00,angiang_longxuyen_bacgiang_bacgiangcity_backan_backancity,109.88095
2025-06-09 23:00:00+00:00,angiang_longxuyen_bacgiang_bacgiangcity_backan_backancity,109.94781
2025-06-10 00:00:00+00:00,angiang_longxuyen_bacgiang_bacgiangcity_backan_backancity,109.90384
2025-06-10 01:00:00+00:00,angiang_longxuyen_bacgiang_bacgiangcity_backan_backancity,109.75374
2025-06-10 02:00:00+00:00,angiang_longxuyen_bacgiang_bacgiangcity_backan_backancity,109.42111
2025-06-10 03:00:00+00:00,angiang_longxuyen_bacgiang_bacgiangcity_backan_backancity,109.14739
2025-06-10 04:00:00+00:00,angiang_longxuyen_bacgiang_bacgiangcity_backan_backancity,109.05868
2025-06-10 05:00:00+00:00,angiang_longxuyen_bacgiang_bacgiangcity_backan_backancity,109.08618
2025-06-10 06:00:00+00:00,angiang_longxuyen_bacgiang_bacgiangcity_backan_backancity,109.16478
2025-06-10 07:00:00+00:00,angiang_longxuyen_bacgiang_bacgiangcity_backan_backancity,109.291855
2025-06-10 08:00:00+00:00,angiang_longxuyen_bacgiang_bacgiangcity_backan_backancity,109.49838
2025-06-10 09:00:00+00:00,angiang_longxuyen_bacgiang_bacgiangcity_backan_backancity,109.425644
2025-06-10 10:00:00+00:00,angiang_longxuyen_bacgiang_bacgiangcity_backan_backancity,109.82335
2025-06-10 11:00:00+00:00,angiang_longxuyen_bacgiang_bacgiangcity_backan_backancity,110.265625
2025-06-10 12:00:00+00:00,angiang_longxuyen_bacgiang_bacgiangcity_backan_backancity,110.389465
2025-06-10 13:00:00+00:00,angiang_longxuyen_bacgiang_bacgiangcity_backan_backancity,110.19586
2025-06-10 14:00:00+00:00,angiang_longxuyen_bacgiang_bacgiangcity_backan_backancity,109.88965
2025-06-10 15:00:00+00:00,angiang_longxuyen_bacgiang_bacgiangcity_backan_backancity,109.623184
2025-06-10 16:00:00+00:00,angiang_longxuyen_bacgiang_bacgiangcity_backan_backancity,109.306984
2025-06-10 17:00:00+00:00,angiang_longxuyen_bacgiang_bacgiangcity_backan_backancity,109.215546
2025-06-10 18:00:00+00:00,angiang_longxuyen_bacgiang_bacgiangcity_backan_backancity,109.161934
2025-06-10 19:00:00+00:00,angiang_longxuyen_bacgiang_bacgiangcity_backan_backancity,108.91084
2025-06-10 20:00:00+00:00,angiang_longxuyen_bacgiang_bacgiangcity_backan_backancity,109.01512
2025-06-10 21:00:00+00:00,angiang_longxuyen_bacgiang_bacgiangcity_backan_backancity,109.39249
2025-06-10 22:00:00+00:00,angiang_longxuyen_bacgiang_bacgiangcity_backan_backancity,109.375114
2025-06-10 23:00:00+00:00,angiang_longxuyen_bacgiang_bacgiangcity_backan_backancity,109.385925
2025-06-11 00:00:00+00:00,angiang_longxuyen_bacgiang_bacgiangcity_backan_backancity,109.63595
2025-06-11 01:00:00+00:00,angiang_longxuyen_bacgiang_bacgiangcity_backan_backancity,109.63007
2025-06-11 02:00:00+00:00,angiang_longxuyen_bacgiang_bacgiangcity_backan_backancity,109.61272
2025-06-11 03:00:00+00:00,angiang_longxuyen_bacgiang_bacgiangcity_backan_backancity,109.62392
2025-06-11 04:00:00+00:00,angiang_longxuyen_bacgiang_bacgiangcity_backan_backancity,109.7645
2025-06-11 05:00:00+00:00,angiang_longxuyen_bacgiang_bacgiangcity_backan_backancity,109.773315
2025-06-11 06:00:00+00:00,angiang_longxuyen_bacgiang_bacgiangcity_backan_backancity,109.738075
2025-06-11 07:00:00+00:00,angiang_longxuyen_bacgiang_bacgiangcity_backan_backancity,109.83277
2025-06-11 08:00:00+00:00,angiang_longxuyen_bacgiang_bacgiangcity_backan_backancity,109.93189
2025-06-11 09:00:00+00:00,angiang_longxuyen_bacgiang_bacgiangcity_backan_backancity,109.90688
2025-06-11 10:00:00+00:00,angiang_longxuyen_bacgiang_bacgiangcity_backan_backancity,109.97348
2025-06-11 11:00:00+00:00,angiang_longxuyen_bacgiang_bacgiangcity_backan_backancity,109.99974
2025-06-11 12:00:00+00:00,angiang_longxuyen_bacgiang_bacgiangcity_backan_backancity,109.971825
2025-06-11 13:00:00+00:00,angiang_longxuyen_bacgiang_bacgiangcity_backan_backancity,110.01629
2025-06-11 14:00:00+00:00,angiang_longxuyen_bacgiang_bacgiangcity_backan_backancity,110.05155
2025-06-11 15:00:00+00:00,angiang_longxuyen_bacgiang_bacgiangcity_backan_backancity,110.047966
2025-06-11 16:00:00+00:00,angiang_longxuyen_bacgiang_bacgiangcity_backan_backancity,109.859146
2025-06-11 17:00:00+00:00,angiang_longxuyen_bacgiang_bacgiangcity_backan_backancity,109.72461
2025-06-11 18:00:00+00:00,angiang_longxuyen_bacgiang_bacgiangcity_backan_backancity,109.63918
2025-06-11 19:00:00+00:00,angiang_longxuyen_bacgiang_bacgiangcity_backan_backancity,109.41634
2025-06-11 20:00:00+00:00,angiang_longxuyen_bacgiang_bacgiangcity_backan_backancity,109.445335
2025-06-11 21:00:00+00:00,angiang_longxuyen_bacgiang_bacgiangcity_backan_backancity,109.49898
2025-06-11 22:00:00+00:00,angiang_longxuyen_bacgiang_bacgiangcity_backan_backancity,109.41017
2025-06-11 23:00:00+00:00,angiang_longxuyen_bacgiang_bacgiangcity_backan_backancity,109.32549
2025-06-12 00:00:00+00:00,angiang_longxuyen_bacgiang_bacgiangcity_backan_backancity,109.26731
2025-06-12 01:00:00+00:00,angiang_longxuyen_bacgiang_bacgiangcity_backan_backancity,109.25422
2025-06-12 02:00:00+00:00,angiang_longxuyen_bacgiang_bacgiangcity_backan_backancity,109.220314
2025-06-12 03:00:00+00:00,angiang_longxuyen_bacgiang_bacgiangcity_backan_backancity,109.220726
2025-06-12 04:00:00+00:00,angiang_longxuyen_bacgiang_bacgiangcity_backan_backancity,109.390686
2025-06-12 05:00:00+00:00,angiang_longxuyen_bacgiang_bacgiangcity_backan_backancity,109.31879
2025-06-12 06:00:00+00:00,angiang_longxuyen_bacgiang_bacgiangcity_backan_backancity,109.249245
2025-06-12 07:00:00+00:00,angiang_longxuyen_bacgiang_bacgiangcity_backan_backancity,109.14931
2025-06-12 08:00:00+00:00,angiang_longxuyen_bacgiang_bacgiangcity_backan_backancity,109.01273
2025-06-12 09:00:00+00:00,angiang_longxuyen_bacgiang_bacgiangcity_backan_backancity,108.84145
2025-06-12 10:00:00+00:00,angiang_longxuyen_bacgiang_bacgiangcity_backan_backancity,108.72058
2025-06-12 11:00:00+00:00,angiang_longxuyen_bacgiang_bacgiangcity_backan_backancity,108.57504
2025-06-12 12:00:00+00:00,angiang_longxuyen_bacgiang_bacgiangcity_backan_backancity,108.40492
2025-06-12 13:00:00+00:00,angiang_longxuyen_bacgiang_bacgiangcity_backan_backancity,108.29218
2025-06-12 14:00:00+00:00,angiang_longxuyen_bacgiang_bacgiangcity_backan_backancity,108.1901
2025-06-12 15:00:00+00:00,angiang_longxuyen_bacgiang_bacgiangcity_backan_backancity,108.005325
2025-06-12 16:00:00+00:00,angiang_longxuyen_bacgiang_bacgiangcity_backan_backancity,107.80957
2025-06-12 17:00:00+00:00,angiang_longxuyen_bacgiang_bacgiangcity_backan_backancity,107.60177
2025-06-12 18:00:00+00:00,angiang_longxuyen_bacgiang_bacgiangcity_backan_backancity,107.46495
2025-06-12 19:00:00+00:00,angiang_longxuyen_bacgiang_bacgiangcity_backan_backancity,107.4301
2025-06-12 20:00:00+00:00,angiang_longxuyen_bacgiang_bacgiangcity_backan_backancity,107.4607
2025-06-12 21:00:00+00:00,angiang_longxuyen_bacgiang_bacgiangcity_backan_backancity,107.39743
2025-06-12 22:00:00+00:00,angiang_longxuyen_bacgiang_bacgiangcity_backan_backancity,107.39894
2025-06-12 23:00:00+00:00,angiang_longxuyen_bacgiang_bacgiangcity_backan_backancity,107.343475
2025-06-13 00:00:00+00:00,angiang_longxuyen_bacgiang_bacgiangcity_backan_backancity,107.311005
2025-06-13 01:00:00+00:00,angiang_longxuyen_bacgiang_bacgiangcity_backan_backancity,107.33794
2025-06-13 02:00:00+00:00,angiang_longxuyen_bacgiang_bacgiangcity_backan_backancity,107.34946
2025-06-13 03:00:00+00:00,angiang_longxuyen_bacgiang_bacgiangcity_backan_backancity,107.382286
2025-06-13 04:00:00+00:00,angiang_longxuyen_bacgiang_bacgiangcity_backan_backancity,107.376854
2025-06-13 05:00:00+00:00,angiang_longxuyen_bacgiang_bacgiangcity_backan_backancity,107.312904
2025-06-13 06:00:00+00:00,angiang_longxuyen_bacgiang_bacgiangcity_backan_backancity,107.27145
2025-06-13 07:00:00+00:00,angiang_longxuyen_bacgiang_bacgiangcity_backan_backancity,107.267365
2025-06-13 08:00:00+00:00,angiang_longxuyen_bacgiang_bacgiangcity_backan_backancity,107.281586
2025-06-13 09:00:00+00:00,angiang_longxuyen_bacgiang_bacgiangcity_backan_backancity,107.19598
2025-06-13 10:00:00+00:00,angiang_longxuyen_bacgiang_bacgiangcity_backan_backancity,107.244736
2025-06-13 11:00:00+00:00,angiang_longxuyen_bacgiang_bacgiangcity_backan_backancity,107.350075
2025-06-13 12:00:00+00:00,angiang_longxuyen_bacgiang_bacgiangcity_backan_backancity,107.442215
2025-06-13 13:00:00+00:00,angiang_longxuyen_bacgiang_bacgiangcity_backan_backancity,107.223755
2025-06-13 14:00:00+00:00,angiang_longxuyen_bacgiang_bacgiangcity_backan_backancity,107.19848
2025-06-13 15:00:00+00:00,angiang_longxuyen_bacgiang_bacgiangcity_backan_backancity,107.16118
2025-06-13 16:00:00+00:00,angiang_longxuyen_bacgiang_bacgiangcity_backan_backancity,107.0576
2025-06-13 17:00:00+00:00,angiang_longxuyen_bacgiang_bacgiangcity_backan_backancity,106.94386
2025-06-13 18:00:00+00:00,angiang_longxuyen_bacgiang_bacgiangcity_backan_backancity,106.89424
2025-06-13 19:00:00+00:00,angiang_longxuyen_bacgiang_bacgiangcity_backan_backancity,106.86335
2025-06-13 20:00:00+00:00,angiang_longxuyen_bacgiang_bacgiangcity_backan_backancity,106.87539
2025-06-13 21:00:00+00:00,angiang_longxuyen_bacgiang_bacgiangcity_backan_backancity,107.011635
2025-06-13 22:00:00+00:00,angiang_longxuyen_bacgiang_bacgiangcity_backan_backancity,107.00279
2025-06-13 23:00:00+00:00,angiang_longxuyen_bacgiang_bacgiangcity_backan_backancity,107.04535
2025-06-14 00:00:00+00:00,angiang_longxuyen_bacgiang_bacgiangcity_backan_backancity,107.01758
2025-06-14 01:00:00+00:00,angiang_longxuyen_bacgiang_bacgiangcity_backan_backancity,106.97468
2025-06-14 02:00:00+00:00,angiang_longxuyen_bacgiang_bacgiangcity_backan_backancity,106.83957
2025-06-14 03:00:00+00:00,angiang_longxuyen_bacgiang_bacgiangcity_backan_backancity,106.77078
2025-06-14 04:00:00+00:00,angiang_longxuyen_bacgiang_bacgiangcity_backan_backancity,106.68925
2025-06-14 05:00:00+00:00,angiang_longxuyen_bacgiang_bacgiangcity_backan_backancity,106.632904
2025-06-14 06:00:00+00:00,angiang_longxuyen_bacgiang_bacgiangcity_backan_backancity,106.55801
2025-06-14 07:00:00+00:00,angiang_longxuyen_bacgiang_bacgiangcity_backan_backancity,106.49513
2025-06-14 08:00:00+00:00,angiang_longxuyen_bacgiang_bacgiangcity_backan_backancity,106.25938
2025-06-14 09:00:00+00:00,angiang_longxuyen_bacgiang_bacgiangcity_backan_backancity,106.15135
2025-06-14 10:00:00+00:00,angiang_longxuyen_bacgiang_bacgiangcity_backan_backancity,106.07562
2025-06-14 11:00:00+00:00,angiang_longxuyen_bacgiang_bacgiangcity_backan_backancity,105.98123
2025-06-14 12:00:00+00:00,angiang_longxuyen_bacgiang_bacgiangcity_backan_backancity,105.90448
2025-06-14 13:00:00+00:00,angiang_longxuyen_bacgiang_bacgiangcity_backan_backancity,105.85935
2025-06-14 14:00:00+00:00,angiang_longxuyen_bacgiang_bacgiangcity_backan_backancity,105.81009
2025-06-14 15:00:00+00:00,angiang_longxuyen_bacgiang_bacgiangcity_backan_backancity,105.712166
2025-06-14 16:00:00+00:00,angiang_longxuyen_bacgiang_bacgiangcity_backan_backancity,105.565544
2025-06-14 17:00:00+00:00,angiang_longxuyen_bacgiang_bacgiangcity_backan_backancity,105.43276
2025-06-14 18:00:00+00:00,angiang_longxuyen_bacgiang_bacgiangcity_backan_backancity,105.297066
2025-06-14 19:00:00+00:00,angiang_longxuyen_bacgiang_bacgiangcity_backan_backancity,105.18045
2025-06-14 20:00:00+00:00,angiang_longxuyen_bacgiang_bacgiangcity_backan_backancity,105.15147
2025-06-14 21:00:00+00:00,angiang_longxuyen_bacgiang_bacgiangcity_backan_backancity,105.09581
2025-06-14 22:00:00+00:00,angiang_longxuyen_bacgiang_bacgiangcity_backan_backancity,105.02128
2025-06-14 23:00:00+00:00,angiang_longxuyen_bacgiang_bacgiangcity_backan_backancity,104.9057
2025-06-15 00:00:00+00:00,angiang_longxuyen_bacgiang_bacgiangcity_backan_backancity,104.77992
2025-06-15 01:00:00+00:00,angiang_longxuyen_bacgiang_bacgiangcity_backan_backancity,104.65408
2025-06-15 02:00:00+00:00,angiang_longxuyen_bacgiang_bacgiangcity_backan_backancity,104.48973
2025-06-15 03:00:00+00:00,angiang_longxuyen_bacgiang_bacgiangcity_backan_backancity,104.37347
2025-06-15 04:00:00+00:00,angiang_longxuyen_bacgiang_bacgiangcity_backan_backancity,104.25209
2025-06-15 05:00:00+00:00,angiang_longxuyen_bacgiang_bacgiangcity_backan_backancity,104.12767
2025-06-15 06:00:00+00:00,angiang_longxuyen_bacgiang_bacgiangcity_backan_backancity,104.02787
2025-06-15 07:00:00+00:00,angiang_longxuyen_bacgiang_bacgiangcity_backan_backancity,103.953545
2025-06-15 08:00:00+00:00,angiang_longxuyen_bacgiang_bacgiangcity_backan_backancity,103.88273
2025-06-15 09:00:00+00:00,angiang_longxuyen_bacgiang_bacgiangcity_backan_backancity,103.92203
2025-06-15 10:00:00+00:00,angiang_longxuyen_bacgiang_bacgiangcity_backan_backancity,103.84707
2025-06-15 11:00:00+00:00,angiang_longxuyen_bacgiang_bacgiangcity_backan_backancity,103.79066
2025-06-15 12:00:00+00:00,angiang_longxuyen_bacgiang_bacgiangcity_backan_backancity,103.82277
2025-06-15 13:00:00+00:00,angiang_longxuyen_bacgiang_bacgiangcity_backan_backancity,104.01337
2025-06-15 14:00:00+00:00,angiang_longxuyen_bacgiang_bacgiangcity_backan_backancity,103.93388
2025-06-15 15:00:00+00:00,angiang_longxuyen_bacgiang_bacgiangcity_backan_backancity,103.94151
2025-06-15 16:00:00+00:00,angiang_longxuyen_bacgiang_bacgiangcity_backan_backancity,103.74596
2025-06-15 17:00:00+00:00,angiang_longxuyen_bacgiang_bacgiangcity_backan_backancity,103.475586
2025-06-15 18:00:00+00:00,angiang_longxuyen_bacgiang_bacgiangcity_backan_backancity,103.31371
2025-06-15 19:00:00+00:00,angiang_longxuyen_bacgiang_bacgiangcity_backan_backancity,103.2376
2025-06-15 20:00:00+00:00,angiang_longxuyen_bacgiang_bacgiangcity_backan_backancity,103.22251
2025-06-15 21:00:00+00:00,angiang_longxuyen_bacgiang_bacgiangcity_backan_backancity,103.27209
2025-06-15 22:00:00+00:00,angiang_longxuyen_bacgiang_bacgiangcity_backan_backancity,103.32344
2025-06-15 23:00:00+00:00,angiang_longxuyen_bacgiang_bacgiangcity_backan_backancity,103.33966
2025-06-16 00:00:00+00:00,angiang_longxuyen_bacgiang_bacgiangcity_backan_backancity,103.3541
2025-06-16 01:00:00+00:00,angiang_longxuyen_bacgiang_bacgiangcity_backan_backancity,103.37562
2025-06-16 02:00:00+00:00,angiang_longxuyen_bacgiang_bacgiangcity_backan_backancity,103.407074
2025-06-16 03:00:00+00:00,angiang_longxuyen_bacgiang_bacgiangcity_backan_backancity,103.36774
2025-06-16 04:00:00+00:00,angiang_longxuyen_bacgiang_bacgiangcity_backan_backancity,103.47561
2025-06-16 05:00:00+00:00,angiang_longxuyen_bacgiang_bacgiangcity_backan_backancity,103.42915
2025-06-16 06:00:00+00:00,angiang_longxuyen_bacgiang_bacgiangcity_backan_backancity,103.406395
2025-06-16 07:00:00+00:00,angiang_longxuyen_bacgiang_bacgiangcity_backan_backancity,103.39437
2025-06-16 08:00:00+00:00,angiang_longxuyen_bacgiang_bacgiangcity_backan_backancity,103.49044
2025-06-16 09:00:00+00:00,angiang_longxuyen_bacgiang_bacgiangcity_backan_backancity,103.54664
2025-06-16 10:00:00+00:00,angiang_longxuyen_bacgiang_bacgiangcity_backan_backancity,103.75479
2025-06-16 11:00:00+00:00,angiang_longxuyen_bacgiang_bacgiangcity_backan_backancity,103.87257
2025-06-16 12:00:00+00:00,angiang_longxuyen_bacgiang_bacgiangcity_backan_backancity,103.85767
2025-06-16 13:00:00+00:00,angiang_longxuyen_bacgiang_bacgiangcity_backan_backancity,103.94097
2025-06-16 14:00:00+00:00,angiang_longxuyen_bacgiang_bacgiangcity_backan_backancity,104.06053
2025-06-16 15:00:00+00:00,angiang_longxuyen_bacgiang_bacgiangcity_backan_backancity,104.13187
2025-06-16 16:00:00+00:00,angiang_longxuyen_bacgiang_bacgiangcity_backan_backancity,103.914856
2025-06-16 17:00:00+00:00,angiang_longxuyen_bacgiang_bacgiangcity_backan_backancity,103.83177
2025-06-16 18:00:00+00:00,angiang_longxuyen_bacgiang_bacgiangcity_backan_backancity,103.87351
2025-06-16 19:00:00+00:00,angiang_longxuyen_bacgiang_bacgiangcity_backan_backancity,104.114655
2025-06-16 20:00:00+00:00,angiang_longxuyen_bacgiang_bacgiangcity_backan_backancity,104.52568
2025-06-16 21:00:00+00:00,angiang_longxuyen_bacgiang_bacgiangcity_backan_backancity,104.73365
2025-06-16 22:00:00+00:00,angiang_longxuyen_bacgiang_bacgiangcity_backan_backancity,104.75196
2025-06-16 23:00:00+00:00,angiang_longxuyen_bacgiang_bacgiangcity_backan_backancity,104.933014
2025-06-17 00:00:00+00:00,angiang_longxuyen_bacgiang_bacgiangcity_backan_backancity,105.07228
2025-06-17 01:00:00+00:00,angiang_longxuyen_bacgiang_bacgiangcity_backan_backancity,105.22288
2025-06-17 02:00:00+00:00,angiang_longxuyen_bacgiang_bacgiangcity_backan_backancity,105.451614
2025-06-17 03:00:00+00:00,angiang_longxuyen_bacgiang_bacgiangcity_backan_backancity,105.58169
2025-06-17 04:00:00+00:00,angiang_longxuyen_bacgiang_bacgiangcity_backan_backancity,105.6394
2025-06-17 05:00:00+00:00,angiang_longxuyen_bacgiang_bacgiangcity_backan_backancity,105.58926
2025-06-17 06:00:00+00:00,angiang_longxuyen_bacgiang_bacgiangcity_backan_backancity,105.62625
2025-06-17 07:00:00+00:00,angiang_longxuyen_bacgiang_bacgiangcity_backan_backancity,105.7342
2025-06-17 08:00:00+00:00,angiang_longxuyen_bacgiang_bacgiangcity_backan_backancity,105.96785
2025-06-17 09:00:00+00:00,angiang_longxuyen_bacgiang_bacgiangcity_backan_backancity,106.02222
2025-06-17 10:00:00+00:00,angiang_longxuyen_bacgiang_bacgiangcity_backan_backancity,106.88806
2025-06-17 11:00:00+00:00,angiang_longxuyen_bacgiang_bacgiangcity_backan_backancity,107.997986
2025-06-17 12:00:00+00:00,angiang_longxuyen_bacgiang_bacgiangcity_backan_backancity,108.42345
2025-06-17 13:00:00+00:00,angiang_longxuyen_bacgiang_bacgiangcity_backan_backancity,108.6447
2025-06-17 14:00:00+00:00,angiang_longxuyen_bacgiang_bacgiangcity_backan_backancity,108.87872
2025-06-17 15:00:00+00:00,angiang_longxuyen_bacgiang_bacgiangcity_backan_backancity,109.06602
2025-06-17 16:00:00+00:00,angiang_longxuyen_bacgiang_bacgiangcity_backan_backancity,109.04024
2025-06-17 17:00:00+00:00,angiang_longxuyen_bacgiang_bacgiangcity_backan_backancity,109.19083
2025-06-17 18:00:00+00:00,angiang_longxuyen_bacgiang_bacgiangcity_backan_backancity,109.3631
2025-06-17 19:00:00+00:00,angiang_longxuyen_bacgiang_bacgiangcity_backan_backancity,109.60301
2025-06-17 20:00:00+00:00,angiang_longxuyen_bacgiang_bacgiangcity_backan_backancity,109.909065
2025-06-17 21:00:00+00:00,angiang_longxuyen_bacgiang_bacgiangcity_backan_backancity,110.317635
2025-06-17 22:00:00+00:00,angiang_longxuyen_bacgiang_bacgiangcity_backan_backancity,110.53354
2025-06-17 23:00:00+00:00,angiang_longxuyen_bacgiang_bacgiangcity_backan_backancity,110.692894
2025-06-18 00:00:00+00:00,angiang_longxuyen_bacgiang_bacgiangcity_backan_backancity,110.76022
2025-06-18 01:00:00+00:00,angiang_longxuyen_bacgiang_bacgiangcity_backan_backancity,110.72712
2025-06-18 02:00:00+00:00,angiang_longxuyen_bacgiang_bacgiangcity_backan_backancity,110.60912
2025-06-18 03:00:00+00:00,angiang_longxuyen_bacgiang_bacgiangcity_backan_backancity,110.47193
2025-06-18 04:00:00+00:00,angiang_longxuyen_bacgiang_bacgiangcity_backan_backancity,110.49614
2025-06-18 05:00:00+00:00,angiang_longxuyen_bacgiang_bacgiangcity_backan_backancity,110.594666
2025-06-18 06:00:00+00:00,angiang_longxuyen_bacgiang_bacgiangcity_backan_backancity,110.68713
2025-06-18 07:00:00+00:00,angiang_longxuyen_bacgiang_bacgiangcity_backan_backancity,110.76666
2025-06-18 08:00:00+00:00,angiang_longxuyen_bacgiang_bacgiangcity_backan_backancity,110.922516
2025-06-18 09:00:00+00:00,angiang_longxuyen_bacgiang_bacgiangcity_backan_backancity,111.04832
2025-06-18 10:00:00+00:00,angiang_longxuyen_bacgiang_bacgiangcity_backan_backancity,111.21043
2025-06-18 11:00:00+00:00,angiang_longxuyen_bacgiang_bacgiangcity_backan_backancity,111.22577
2025-06-18 12:00:00+00:00,angiang_longxuyen_bacgiang_bacgiangcity_backan_backancity,111.252304
2025-06-18 13:00:00+00:00,angiang_longxuyen_bacgiang_bacgiangcity_backan_backancity,111.28175
2025-06-18 14:00:00+00:00,angiang_longxuyen_bacgiang_bacgiangcity_backan_backancity,111.31716
2025-06-18 15:00:00+00:00,angiang_longxuyen_bacgiang_bacgiangcity_backan_backancity,111.499275
2025-06-18 16:00:00+00:00,angiang_longxuyen_bacgiang_bacgiangcity_backan_backancity,111.41241
2025-06-18 17:00:00+00:00,angiang_longxuyen_bacgiang_bacgiangcity_backan_backancity,111.19596
2025-06-18 18:00:00+00:00,angiang_longxuyen_bacgiang_bacgiangcity_backan_backancity,111.131874
2025-06-18 19:00:00+00:00,angiang_longxuyen_bacgiang_bacgiangcity_backan_backancity,111.10119
2025-06-18 20:00:00+00:00,angiang_longxuyen_bacgiang_bacgiangcity_backan_backancity,111.14218
2025-06-18 21:00:00+00:00,angiang_longxuyen_bacgiang_bacgiangcity_backan_backancity,111.533554
2025-06-18 22:00:00+00:00,angiang_longxuyen_bacgiang_bacgiangcity_backan_backancity,111.49906
2025-06-18 23:00:00+00:00,angiang_longxuyen_bacgiang_bacgiangcity_backan_backancity,111.468704
2025-06-19 00:00:00+00:00,angiang_longxuyen_bacgiang_bacgiangcity_backan_backancity,111.437386
2025-06-19 01:00:00+00:00,angiang_longxuyen_bacgiang_bacgiangcity_backan_backancity,111.31561
2025-06-19 02:00:00+00:00,angiang_longxuyen_bacgiang_bacgiangcity_backan_backancity,111.1703
2025-06-19 03:00:00+00:00,angiang_longxuyen_bacgiang_bacgiangcity_backan_backancity,111.037285
2025-06-19 04:00:00+00:00,angiang_longxuyen_bacgiang_bacgiangcity_backan_backancity,110.833855
2025-06-19 05:00:00+00:00,angiang_longxuyen_bacgiang_bacgiangcity_backan_backancity,110.63692
2025-06-19 06:00:00+00:00,angiang_longxuyen_bacgiang_bacgiangcity_backan_backancity,110.395164
2025-06-19 07:00:00+00:00,angiang_longxuyen_bacgiang_bacgiangcity_backan_backancity,110.06811
2025-06-19 08:00:00+00:00,angiang_longxuyen_bacgiang_bacgiangcity_backan_backancity,109.89755
2025-06-19 09:00:00+00:00,angiang_longxuyen_bacgiang_bacgiangcity_backan_backancity,109.55513
2025-06-19 10:00:00+00:00,angiang_longxuyen_bacgiang_bacgiangcity_backan_backancity,109.340965
2025-06-19 11:00:00+00:00,angiang_longxuyen_bacgiang_bacgiangcity_backan_backancity,109.124374
2025-06-19 12:00:00+00:00,angiang_longxuyen_bacgiang_bacgiangcity_backan_backancity,109.09961
2025-06-19 13:00:00+00:00,angiang_longxuyen_bacgiang_bacgiangcity_backan_backancity,108.86701
2025-06-19 14:00:00+00:00,angiang_longxuyen_bacgiang_bacgiangcity_backan_backancity,108.8271
2025-06-19 15:00:00+00:00,angiang_longxuyen_bacgiang_bacgiangcity_backan_backancity,108.85044
2025-06-19 16:00:00+00:00,angiang_longxuyen_bacgiang_bacgiangcity_backan_backancity,108.661705
2025-06-19 17:00:00+00:00,angiang_longxuyen_bacgiang_bacgiangcity_backan_backancity,108.31155
2025-06-19 18:00:00+00:00,angiang_longxuyen_bacgiang_bacgiangcity_backan_backancity,108.12938
2025-06-19 19:00:00+00:00,angiang_longxuyen_bacgiang_bacgiangcity_backan_backancity,108.05437
2025-06-19 20:00:00+00:00,angiang_longxuyen_bacgiang_bacgiangcity_backan_backancity,108.26436
2025-06-19 21:00:00+00:00,angiang_longxuyen_bacgiang_bacgiangcity_backan_backancity,108.749054
2025-06-19 22:00:00+00:00,angiang_longxuyen_bacgiang_bacgiangcity_backan_backancity,108.72751
2025-06-19 23:00:00+00:00,angiang_longxuyen_bacgiang_bacgiangcity_backan_backancity,108.62014
2025-06-20 00:00:00+00:00,angiang_longxuyen_bacgiang_bacgiangcity_backan_backancity,108.498276
2025-06-20 01:00:00+00:00,angiang_longxuyen_bacgiang_bacgiangcity_backan_backancity,108.19909
2025-06-20 02:00:00+00:00,angiang_longxuyen_bacgiang_bacgiangcity_backan_backancity,107.879425
2025-06-20 03:00:00+00:00,angiang_longxuyen_bacgiang_bacgiangcity_backan_backancity,107.603615
2025-06-20 04:00:00+00:00,angiang_longxuyen_bacgiang_bacgiangcity_backan_backancity,107.35642
2025-06-20 05:00:00+00:00,angiang_longxuyen_bacgiang_bacgiangcity_backan_backancity,107.13833
2025-06-20 06:00:00+00:00,angiang_longxuyen_bacgiang_bacgiangcity_backan_backancity,106.949646
2025-06-20 07:00:00+00:00,angiang_longxuyen_bacgiang_bacgiangcity_backan_backancity,106.59896
2025-06-20 08:00:00+00:00,angiang_longxuyen_bacgiang_bacgiangcity_backan_backancity,106.513
2025-06-20 09:00:00+00:00,angiang_longxuyen_bacgiang_bacgiangcity_backan_backancity,106.32618
2025-06-20 10:00:00+00:00,angiang_longxuyen_bacgiang_bacgiangcity_backan_backancity,106.23125
2025-06-20 11:00:00+00:00,angiang_longxuyen_bacgiang_bacgiangcity_backan_backancity,106.5085
2025-06-20 12:00:00+00:00,angiang_longxuyen_bacgiang_bacgiangcity_backan_backancity,106.30002
2025-06-20 13:00:00+00:00,angiang_longxuyen_bacgiang_bacgiangcity_backan_backancity,106.08135
2025-06-20 14:00:00+00:00,angiang_longxuyen_bacgiang_bacgiangcity_backan_backancity,106.27251
2025-06-20 15:00:00+00:00,angiang_longxuyen_bacgiang_bacgiangcity_backan_backancity,106.13634
2025-06-20 16:00:00+00:00,angiang_longxuyen_bacgiang_bacgiangcity_backan_backancity,105.73784
2025-06-20 17:00:00+00:00,angiang_longxuyen_bacgiang_bacgiangcity_backan_backancity,105.55475
2025-06-20 18:00:00+00:00,angiang_longxuyen_bacgiang_bacgiangcity_backan_backancity,105.41628
2025-06-20 19:00:00+00:00,angiang_longxuyen_bacgiang_bacgiangcity_backan_backancity,105.42986
2025-06-20 20:00:00+00:00,angiang_longxuyen_bacgiang_bacgiangcity_backan_backancity,105.56377
2025-06-20 21:00:00+00:00,angiang_longxuyen_bacgiang_bacgiangcity_backan_backancity,105.97574
2025-06-20 22:00:00+00:00,angiang_longxuyen_bacgiang_bacgiangcity_backan_backancity,106.038506
2025-06-20 23:00:00+00:00,angiang_longxuyen_bacgiang_bacgiangcity_backan_backancity,106.04215
2025-06-21 00:00:00+00:00,angiang_longxuyen_bacgiang_bacgiangcity_backan_backancity,106.24212
2025-06-21 01:00:00+00:00,angiang_longxuyen_bacgiang_bacgiangcity_backan_backancity,106.13221
2025-06-21 02:00:00+00:00,angiang_longxuyen_bacgiang_bacgiangcity_backan_backancity,106.23306
2025-06-21 03:00:00+00:00,angiang_longxuyen_bacgiang_bacgiangcity_backan_backancity,106.018654
2025-06-21 04:00:00+00:00,angiang_longxuyen_bacgiang_bacgiangcity_backan_backancity,105.8351
2025-06-21 05:00:00+00:00,angiang_longxuyen_bacgiang_bacgiangcity_backan_backancity,105.63159
2025-06-21 06:00:00+00:00,angiang_longxuyen_bacgiang_bacgiangcity_backan_backancity,105.484985
2025-06-21 07:00:00+00:00,angiang_longxuyen_bacgiang_bacgiangcity_backan_backancity,105.384155
2025-06-21 08:00:00+00:00,angiang_longxuyen_bacgiang_bacgiangcity_backan_backancity,105.283005
2025-06-21 09:00:00+00:00,angiang_longxuyen_bacgiang_bacgiangcity_backan_backancity,105.23324
2025-06-21 10:00:00+00:00,angiang_longxuyen_bacgiang_bacgiangcity_backan_backancity,105.19469
2025-06-21 11:00:00+00:00,angiang_longxuyen_bacgiang_bacgiangcity_backan_backancity,105.203865
2025-06-21 12:00:00+00:00,angiang_longxuyen_bacgiang_bacgiangcity_backan_backancity,105.285225
2025-06-21 13:00:00+00:00,angiang_longxuyen_bacgiang_bacgiangcity_backan_backancity,105.329666
2025-06-21 14:00:00+00:00,angiang_longxuyen_bacgiang_bacgiangcity_backan_backancity,105.25891
2025-06-21 15:00:00+00:00,angiang_longxuyen_bacgiang_bacgiangcity_backan_backancity,105.233604
2025-06-21 16:00:00+00:00,angiang_longxuyen_bacgiang_bacgiangcity_backan_backancity,105.086006
2025-06-21 17:00:00+00:00,angiang_longxuyen_bacgiang_bacgiangcity_backan_backancity,105.04057
2025-06-21 18:00:00+00:00,angiang_longxuyen_bacgiang_bacgiangcity_backan_backancity,105.06476
2025-06-21 19:00:00+00:00,angiang_longxuyen_bacgiang_bacgiangcity_backan_backancity,105.11087
2025-06-21 20:00:00+00:00,angiang_longxuyen_bacgiang_bacgiangcity_backan_backancity,105.15768
2025-06-21 21:00:00+00:00,angiang_longxuyen_bacgiang_bacgiangcity_backan_backancity,105.30607
2025-06-21 22:00:00+00:00,angiang_longxuyen_bacgiang_bacgiangcity_backan_backancity,105.33546
2025-06-21 23:00:00+00:00,angiang_longxuyen_bacgiang_bacgiangcity_backan_backancity,105.35344
2025-06-22 00:00:00+00:00,angiang_longxuyen_bacgiang_bacgiangcity_backan_backancity,105.35468
2025-06-22 01:00:00+00:00,angiang_longxuyen_bacgiang_bacgiangcity_backan_backancity,105.34694
2025-06-22 02:00:00+00:00,angiang_longxuyen_bacgiang_bacgiangcity_backan_backancity,105.32598
2025-06-22 03:00:00+00:00,angiang_longxuyen_bacgiang_bacgiangcity_backan_backancity,105.324356
2025-06-22 04:00:00+00:00,angiang_longxuyen_bacgiang_bacgiangcity_backan_backancity,105.28503
2025-06-22 05:00:00+00:00,angiang_longxuyen_bacgiang_bacgiangcity_backan_backancity,105.17933
2025-06-22 06:00:00+00:00,angiang_longxuyen_bacgiang_bacgiangcity_backan_backancity,105.16115
2025-06-22 07:00:00+00:00,angiang_longxuyen_bacgiang_bacgiangcity_backan_backancity,105.178986
2025-06-22 08:00:00+00:00,angiang_longxuyen_bacgiang_bacgiangcity_backan_backancity,105.23162
2025-06-22 09:00:00+00:00,angiang_longxuyen_bacgiang_bacgiangcity_backan_backancity,105.37988
2025-06-22 10:00:00+00:00,angiang_longxuyen_bacgiang_bacgiangcity_backan_backancity,105.464554
2025-06-22 11:00:00+00:00,angiang_longxuyen_bacgiang_bacgiangcity_backan_backancity,105.58608
2025-06-22 12:00:00+00:00,angiang_longxuyen_bacgiang_bacgiangcity_backan_backancity,105.697136
2025-06-22 13:00:00+00:00,angiang_longxuyen_bacgiang_bacgiangcity_backan_backancity,105.90461
2025-06-22 14:00:00+00:00,angiang_longxuyen_bacgiang_bacgiangcity_backan_backancity,106.11124
2025-06-22 15:00:00+00:00,angiang_longxuyen_bacgiang_bacgiangcity_backan_backancity,106.19757
2025-06-22 16:00:00+00:00,angiang_longxuyen_bacgiang_bacgiangcity_backan_backancity,106.263504
2025-06-22 17:00:00+00:00,angiang_longxuyen_bacgiang_bacgiangcity_backan_backancity,106.30184
2025-06-22 18:00:00+00:00,angiang_longxuyen_bacgiang_bacgiangcity_backan_backancity,106.3597
2025-06-22 19:00:00+00:00,angiang_longxuyen_bacgiang_bacgiangcity_backan_backancity,106.51946
2025-06-22 20:00:00+00:00,angiang_longxuyen_bacgiang_bacgiangcity_backan_backancity,106.7868
2025-06-22 21:00:00+00:00,angiang_longxuyen_bacgiang_bacgiangcity_backan_backancity,107.101845
2025-06-22 22:00:00+00:00,angiang_longxuyen_bacgiang_bacgiangcity_backan_backancity,106.97766
2025-06-22 23:00:00+00:00,angiang_longxuyen_bacgiang_bacgiangcity_backan_backancity,106.722
2025-06-23 00:00:00+00:00,angiang_longxuyen_bacgiang_bacgiangcity_backan_backancity,106.574974
2025-06-23 01:00:00+00:00,angiang_longxuyen_bacgiang_bacgiangcity_backan_backancity,106.81837
2025-06-23 02:00:00+00:00,angiang_longxuyen_bacgiang_bacgiangcity_backan_backancity,107.18082
2025-06-23 03:00:00+00:00,angiang_longxuyen_bacgiang_bacgiangcity_backan_backancity,107.296265
2025-06-23 04:00:00+00:00,angiang_longxuyen_bacgiang_bacgiangcity_backan_backancity,107.26285
2025-06-23 05:00:00+00:00,angiang_longxuyen_bacgiang_bacgiangcity_backan_backancity,107.229744
2025-06-23 06:00:00+00:00,angiang_longxuyen_bacgiang_bacgiangcity_backan_backancity,107.22643
2025-06-23 07:00:00+00:00,angiang_longxuyen_bacgiang_bacgiangcity_backan_backancity,107.112915
2025-06-23 08:00:00+00:00,angiang_longxuyen_bacgiang_bacgiangcity_backan_backancity,107.09136
2025-06-23 09:00:00+00:00,angiang_longxuyen_bacgiang_bacgiangcity_backan_backancity,106.761
2025-06-23 10:00:00+00:00,angiang_longxuyen_bacgiang_bacgiangcity_backan_backancity,106.70269
2025-06-23 11:00:00+00:00,angiang_longxuyen_bacgiang_bacgiangcity_backan_backancity,106.59193
2025-06-23 12:00:00+00:00,angiang_longxuyen_bacgiang_bacgiangcity_backan_backancity,106.59863
2025-06-23 13:00:00+00:00,angiang_longxuyen_bacgiang_bacgiangcity_backan_backancity,106.61911
2025-06-23 14:00:00+00:00,angiang_longxuyen_bacgiang_bacgiangcity_backan_backancity,106.65128
2025-06-23 15:00:00+00:00,angiang_longxuyen_bacgiang_bacgiangcity_backan_backancity,106.74086
2025-06-23 16:00:00+00:00,angiang_longxuyen_bacgiang_bacgiangcity_backan_backancity,106.75973
2025-06-23 17:00:00+00:00,angiang_longxuyen_bacgiang_bacgiangcity_backan_backancity,106.56492
2025-06-23 18:00:00+00:00,angiang_longxuyen_bacgiang_bacgiangcity_backan_backancity,106.184204
2025-06-23 19:00:00+00:00,angiang_longxuyen_bacgiang_bacgiangcity_backan_backancity,106.32201
2025-06-23 20:00:00+00:00,angiang_longxuyen_bacgiang_bacgiangcity_backan_backancity,106.563644
2025-06-23 21:00:00+00:00,angiang_longxuyen_bacgiang_bacgiangcity_backan_backancity,106.711624
2025-06-23 22:00:00+00:00,angiang_longxuyen_bacgiang_bacgiangcity_backan_backancity,106.676
2025-06-23 23:00:00+00:00,angiang_longxuyen_bacgiang_bacgiangcity_backan_backancity,106.554405
2025-06-24 00:00:00+00:00,angiang_longxuyen_bacgiang_bacgiangcity_backan_backancity,106.38594
2025-06-24 01:00:00+00:00,angiang_longxuyen_bacgiang_bacgiangcity_backan_backancity,106.26744
2025-06-24 02:00:00+00:00,angiang_longxuyen_bacgiang_bacgiangcity_backan_backancity,106.270805
2025-06-24 03:00:00+00:00,angiang_longxuyen_bacgiang_bacgiangcity_backan_backancity,106.15407
2025-06-24 04:00:00+00:00,angiang_longxuyen_bacgiang_bacgiangcity_backan_backancity,106.08885
2025-06-24 05:00:00+00:00,angiang_longxuyen_bacgiang_bacgiangcity_backan_backancity,106.15829
2025-06-24 06:00:00+00:00,angiang_longxuyen_bacgiang_bacgiangcity_backan_backancity,105.71245
2025-06-24 07:00:00+00:00,angiang_longxuyen_bacgiang_bacgiangcity_backan_backancity,105.76922
2025-06-24 08:00:00+00:00,angiang_longxuyen_bacgiang_bacgiangcity_backan_backancity,106.082466
2025-06-24 09:00:00+00:00,angiang_longxuyen_bacgiang_bacgiangcity_backan_backancity,106.329056
2025-06-24 10:00:00+00:00,angiang_longxuyen_bacgiang_bacgiangcity_backan_backancity,106.359184
2025-06-24 11:00:00+00:00,angiang_longxuyen_bacgiang_bacgiangcity_backan_backancity,106.344505
2025-06-24 12:00:00+00:00,angiang_longxuyen_bacgiang_bacgiangcity_backan_backancity,106.23137
2025-06-24 13:00:00+00:00,angiang_longxuyen_bacgiang_bacgiangcity_backan_backancity,106.30096
2025-06-24 14:00:00+00:00,angiang_longxuyen_bacgiang_bacgiangcity_backan_backancity,106.2765
2025-06-24 15:00:00+00:00,angiang_longxuyen_bacgiang_bacgiangcity_backan_backancity,106.197105
2025-06-24 16:00:00+00:00,angiang_longxuyen_bacgiang_bacgiangcity_backan_backancity,106.17916
2025-06-24 17:00:00+00:00,angiang_longxuyen_bacgiang_bacgiangcity_backan_backancity,106.12361
2025-06-24 18:00:00+00:00,angiang_longxuyen_bacgiang_bacgiangcity_backan_backancity,106.16269
2025-06-24 19:00:00+00:00,angiang_longxuyen_bacgiang_bacgiangcity_backan_backancity,106.2878
2025-06-24 20:00:00+00:00,angiang_longxuyen_bacgiang_bacgiangcity_backan_backancity,106.464485
2025-06-24 21:00:00+00:00,angiang_longxuyen_bacgiang_bacgiangcity_backan_backancity,106.49477
2025-06-24 22:00:00+00:00,angiang_longxuyen_bacgiang_bacgiangcity_backan_backancity,106.78176
2025-06-24 23:00:00+00:00,angiang_longxuyen_bacgiang_bacgiangcity_backan_backancity,107.025444
2025-06-25 00:00:00+00:00,angiang_longxuyen_bacgiang_bacgiangcity_backan_backancity,106.70795
2025-06-25 01:00:00+00:00,angiang_longxuyen_bacgiang_bacgiangcity_backan_backancity,106.59259
2025-06-25 02:00:00+00:00,angiang_longxuyen_bacgiang_bacgiangcity_backan_backancity,106.5307
2025-06-25 03:00:00+00:00,angiang_longxuyen_bacgiang_bacgiangcity_backan_backancity,106.57497
2025-06-25 04:00:00+00:00,angiang_longxuyen_bacgiang_bacgiangcity_backan_backancity,106.502014
2025-06-25 05:00:00+00:00,angiang_longxuyen_bacgiang_bacgiangcity_backan_backancity,106.2208
2025-06-25 06:00:00+00:00,angiang_longxuyen_bacgiang_bacgiangcity_backan_backancity,106.060394
2025-06-25 07:00:00+00:00,angiang_longxuyen_bacgiang_bacgiangcity_backan_backancity,106.22846
2025-06-25 08:00:00+00:00,angiang_longxuyen_bacgiang_bacgiangcity_backan_backancity,106.875595
2025-06-25 09:00:00+00:00,angiang_longxuyen_bacgiang_bacgiangcity_backan_backancity,107.56849
2025-06-25 10:00:00+00:00,angiang_longxuyen_bacgiang_bacgiangcity_backan_backancity,107.63819
2025-06-25 11:00:00+00:00,angiang_longxuyen_bacgiang_bacgiangcity_backan_backancity,107.36468
2025-06-25 12:00:00+00:00,angiang_longxuyen_bacgiang_bacgiangcity_backan_backancity,107.01103
2025-06-25 13:00:00+00:00,angiang_longxuyen_bacgiang_bacgiangcity_backan_backancity,106.84777
2025-06-25 14:00:00+00:00,angiang_longxuyen_bacgiang_bacgiangcity_backan_backancity,106.55015
2025-06-25 15:00:00+00:00,angiang_longxuyen_bacgiang_bacgiangcity_backan_backancity,106.27815
2025-06-25 16:00:00+00:00,angiang_longxuyen_bacgiang_bacgiangcity_backan_backancity,106.0601
2025-06-25 17:00:00+00:00,angiang_longxuyen_bacgiang_bacgiangcity_backan_backancity,105.8658
2025-06-25 18:00:00+00:00,angiang_longxuyen_bacgiang_bacgiangcity_backan_backancity,105.72027
2025-06-25 19:00:00+00:00,angiang_longxuyen_bacgiang_bacgiangcity_backan_backancity,105.60279
2025-06-25 20:00:00+00:00,angiang_longxuyen_bacgiang_bacgiangcity_backan_backancity,105.58278
2025-06-25 21:00:00+00:00,angiang_longxuyen_bacgiang_bacgiangcity_backan_backancity,105.67056
2025-06-25 22:00:00+00:00,angiang_longxuyen_bacgiang_bacgiangcity_backan_backancity,105.80392
2025-06-25 23:00:00+00:00,angiang_longxuyen_bacgiang_bacgiangcity_backan_backancity,106.021484
2025-06-26 00:00:00+00:00,angiang_longxuyen_bacgiang_bacgiangcity_backan_backancity,105.94834
2025-06-26 01:00:00+00:00,angiang_longxuyen_bacgiang_bacgiangcity_backan_backancity,105.70778
2025-06-26 02:00:00+00:00,angiang_longxuyen_bacgiang_bacgiangcity_backan_backancity,105.56723
2025-06-26 03:00:00+00:00,angiang_longxuyen_bacgiang_bacgiangcity_backan_backancity,105.25489
2025-06-26 04:00:00+00:00,angiang_longxuyen_bacgiang_bacgiangcity_backan_backancity,105.1602
2025-06-26 05:00:00+00:00,angiang_longxuyen_bacgiang_bacgiangcity_backan_backancity,104.88928
2025-06-26 06:00:00+00:00,angiang_longxuyen_bacgiang_bacgiangcity_backan_backancity,104.81515
2025-06-26 07:00:00+00:00,angiang_longxuyen_bacgiang_bacgiangcity_backan_backancity,105.07716
2025-06-26 08:00:00+00:00,angiang_longxuyen_bacgiang_bacgiangcity_backan_backancity,105.53073
2025-06-26 09:00:00+00:00,angiang_longxuyen_bacgiang_bacgiangcity_backan_backancity,105.814644
2025-06-26 10:00:00+00:00,angiang_longxuyen_bacgiang_bacgiangcity_backan_backancity,105.78663
2025-06-26 11:00:00+00:00,angiang_longxuyen_bacgiang_bacgiangcity_backan_backancity,105.8529
2025-06-26 12:00:00+00:00,angiang_longxuyen_bacgiang_bacgiangcity_backan_backancity,105.705696
2025-06-26 13:00:00+00:00,angiang_longxuyen_bacgiang_bacgiangcity_backan_backancity,105.59437
2025-06-26 14:00:00+00:00,angiang_longxuyen_bacgiang_bacgiangcity_backan_backancity,105.497185
2025-06-26 15:00:00+00:00,angiang_longxuyen_bacgiang_bacgiangcity_backan_backancity,105.4363
2025-06-26 16:00:00+00:00,angiang_longxuyen_bacgiang_bacgiangcity_backan_backancity,105.39938
2025-06-26 17:00:00+00:00,angiang_longxuyen_bacgiang_bacgiangcity_backan_backancity,105.31247
2025-06-26 18:00:00+00:00,angiang_longxuyen_bacgiang_bacgiangcity_backan_backancity,105.258415
2025-06-26 19:00:00+00:00,angiang_longxuyen_bacgiang_bacgiangcity_backan_backancity,105.24084
2025-06-26 20:00:00+00:00,angiang_longxuyen_bacgiang_bacgiangcity_backan_backancity,105.30046
2025-06-26 21:00:00+00:00,angiang_longxuyen_bacgiang_bacgiangcity_backan_backancity,105.290405
2025-06-26 22:00:00+00:00,angiang_longxuyen_bacgiang_bacgiangcity_backan_backancity,105.50351
2025-06-26 23:00:00+00:00,angiang_longxuyen_bacgiang_bacgiangcity_backan_backancity,105.786995
2025-06-27 00:00:00+00:00,angiang_longxuyen_bacgiang_bacgiangcity_backan_backancity,105.835434
2025-06-27 01:00:00+00:00,angiang_longxuyen_bacgiang_bacgiangcity_backan_backancity,105.56624
2025-06-27 02:00:00+00:00,angiang_longxuyen_bacgiang_bacgiangcity_backan_backancity,105.55935
2025-06-27 03:00:00+00:00,angiang_longxuyen_bacgiang_bacgiangcity_backan_backancity,105.58644
2025-06-27 04:00:00+00:00,angiang_longxuyen_bacgiang_bacgiangcity_backan_backancity,105.51966
2025-06-27 05:00:00+00:00,angiang_longxuyen_bacgiang_bacgiangcity_backan_backancity,105.37862
2025-06-27 06:00:00+00:00,angiang_longxuyen_bacgiang_bacgiangcity_backan_backancity,105.369286
2025-06-27 07:00:00+00:00,angiang_longxuyen_bacgiang_bacgiangcity_backan_backancity,105.746826
2025-06-27 08:00:00+00:00,angiang_longxuyen_bacgiang_bacgiangcity_backan_backancity,106.343475
2025-06-27 09:00:00+00:00,angiang_longxuyen_bacgiang_bacgiangcity_backan_backancity,106.57249
2025-06-27 10:00:00+00:00,angiang_longxuyen_bacgiang_bacgiangcity_backan_backancity,106.63985
2025-06-27 11:00:00+00:00,angiang_longxuyen_bacgiang_bacgiangcity_backan_backancity,106.77832
2025-06-27 12:00:00+00:00,angiang_longxuyen_bacgiang_bacgiangcity_backan_backancity,106.629684
2025-06-27 13:00:00+00:00,angiang_longxuyen_bacgiang_bacgiangcity_backan_backancity,106.44888
2025-06-27 14:00:00+00:00,angiang_longxuyen_bacgiang_bacgiangcity_backan_backancity,106.248314
2025-06-27 15:00:00+00:00,angiang_longxuyen_bacgiang_bacgiangcity_backan_backancity,106.19156
2025-06-27 16:00:00+00:00,angiang_longxuyen_bacgiang_bacgiangcity_backan_backancity,106.14232
2025-06-27 17:00:00+00:00,angiang_longxuyen_bacgiang_bacgiangcity_backan_backancity,106.05052
2025-06-27 18:00:00+00:00,angiang_longxuyen_bacgiang_bacgiangcity_backan_backancity,106.06273
2025-06-27 19:00:00+00:00,angiang_longxuyen_bacgiang_bacgiangcity_backan_backancity,106.135376
2025-06-27 20:00:00+00:00,angiang_longxuyen_bacgiang_bacgiangcity_backan_backancity,106.21924
2025-06-27 21:00:00+00:00,angiang_longxuyen_bacgiang_bacgiangcity_backan_backancity,106.425224
2025-06-27 22:00:00+00:00,angiang_longxuyen_bacgiang_bacgiangcity_backan_backancity,106.73915
2025-06-27 23:00:00+00:00,angiang_longxuyen_bacgiang_bacgiangcity_backan_backancity,107.0797
2025-06-28 00:00:00+00:00,angiang_longxuyen_bacgiang_bacgiangcity_backan_backancity,107.18305
2025-06-28 01:00:00+00:00,angiang_longxuyen_bacgiang_bacgiangcity_backan_backancity,107.2546
2025-06-28 02:00:00+00:00,angiang_longxuyen_bacgiang_bacgiangcity_backan_backancity,107.30441
2025-06-28 03:00:00+00:00,angiang_longxuyen_bacgiang_bacgiangcity_backan_backancity,107.383224
2025-06-28 04:00:00+00:00,angiang_longxuyen_bacgiang_bacgiangcity_backan_backancity,107.401436
2025-06-28 05:00:00+00:00,angiang_longxuyen_bacgiang_bacgiangcity_backan_backancity,107.12366
2025-06-28 06:00:00+00:00,angiang_longxuyen_bacgiang_bacgiangcity_backan_backancity,107.227844
2025-06-28 07:00:00+00:00,angiang_longxuyen_bacgiang_bacgiangcity_backan_backancity,107.56905
2025-06-28 08:00:00+00:00,angiang_longxuyen_bacgiang_bacgiangcity_backan_backancity,107.566444
2025-06-28 09:00:00+00:00,angiang_longxuyen_bacgiang_bacgiangcity_backan_backancity,107.40081
2025-06-28 10:00:00+00:00,angiang_longxuyen_bacgiang_bacgiangcity_backan_backancity,107.38316
2025-06-28 11:00:00+00:00,angiang_longxuyen_bacgiang_bacgiangcity_backan_backancity,107.46166
2025-06-28 12:00:00+00:00,angiang_longxuyen_bacgiang_bacgiangcity_backan_backancity,107.444954
2025-06-28 13:00:00+00:00,angiang_longxuyen_bacgiang_bacgiangcity_backan_backancity,107.44966
2025-06-28 14:00:00+00:00,angiang_longxuyen_bacgiang_bacgiangcity_backan_backancity,107.460075
2025-06-28 15:00:00+00:00,angiang_longxuyen_bacgiang_bacgiangcity_backan_backancity,107.62164
2025-06-28 16:00:00+00:00,angiang_longxuyen_bacgiang_bacgiangcity_backan_backancity,107.96283
2025-06-28 17:00:00+00:00,angiang_longxuyen_bacgiang_bacgiangcity_backan_backancity,108.47038
2025-06-28 18:00:00+00:00,angiang_longxuyen_bacgiang_bacgiangcity_backan_backancity,108.67204
2025-06-28 19:00:00+00:00,angiang_longxuyen_bacgiang_bacgiangcity_backan_backancity,108.677475
2025-06-28 20:00:00+00:00,angiang_longxuyen_bacgiang_bacgiangcity_backan_backancity,108.2073
2025-06-28 21:00:00+00:00,angiang_longxuyen_bacgiang_bacgiangcity_backan_backancity,108.34024
2025-06-28 22:00:00+00:00,angiang_longxuyen_bacgiang_bacgiangcity_backan_backancity,108.082115
2025-06-28 23:00:00+00:00,angiang_longxuyen_bacgiang_bacgiangcity_backan_backancity,107.819824
2025-06-29 00:00:00+00:00,angiang_longxuyen_bacgiang_bacgiangcity_backan_backancity,107.6616
2025-06-29 01:00:00+00:00,angiang_longxuyen_bacgiang_bacgiangcity_backan_backancity,107.57749
2025-06-29 02:00:00+00:00,angiang_longxuyen_bacgiang_bacgiangcity_backan_backancity,107.293106
2025-06-29 03:00:00+00:00,angiang_longxuyen_bacgiang_bacgiangcity_backan_backancity,107.17058
2025-06-29 04:00:00+00:00,angiang_longxuyen_bacgiang_bacgiangcity_backan_backancity,107.03776
2025-06-29 05:00:00+00:00,angiang_longxuyen_bacgiang_bacgiangcity_backan_backancity,106.90343
2025-06-29 06:00:00+00:00,angiang_longxuyen_bacgiang_bacgiangcity_backan_backancity,106.780624
2025-06-29 07:00:00+00:00,angiang_longxuyen_bacgiang_bacgiangcity_backan_backancity,106.65213
2025-06-29 08:00:00+00:00,angiang_longxuyen_bacgiang_bacgiangcity_backan_backancity,106.54215
2025-06-29 09:00:00+00:00,angiang_longxuyen_bacgiang_bacgiangcity_backan_backancity,106.36272
2025-06-29 10:00:00+00:00,angiang_longxuyen_bacgiang_bacgiangcity_backan_backancity,106.14549
2025-06-29 11:00:00+00:00,angiang_longxuyen_bacgiang_bacgiangcity_backan_backancity,105.97121
2025-06-29 12:00:00+00:00,angiang_longxuyen_bacgiang_bacgiangcity_backan_backancity,105.80115
2025-06-29 13:00:00+00:00,angiang_longxuyen_bacgiang_bacgiangcity_backan_backancity,105.62301
2025-06-29 14:00:00+00:00,angiang_longxuyen_bacgiang_bacgiangcity_backan_backancity,105.430405
2025-06-29 15:00:00+00:00,angiang_longxuyen_bacgiang_bacgiangcity_backan_backancity,105.20312
2025-06-29 16:00:00+00:00,angiang_longxuyen_bacgiang_bacgiangcity_backan_backancity,104.80215
2025-06-29 17:00:00+00:00,angiang_longxuyen_bacgiang_bacgiangcity_backan_backancity,104.531944
2025-06-29 18:00:00+00:00,angiang_longxuyen_bacgiang_bacgiangcity_backan_backancity,104.3172
2025-06-29 19:00:00+00:00,angiang_longxuyen_bacgiang_bacgiangcity_backan_backancity,104.130486
2025-06-29 20:00:00+00:00,angiang_longxuyen_bacgiang_bacgiangcity_backan_backancity,103.91193
2025-06-29 21:00:00+00:00,angiang_longxuyen_bacgiang_bacgiangcity_backan_backancity,103.72793
2025-06-29 22:00:00+00:00,angiang_longxuyen_bacgiang_bacgiangcity_backan_backancity,103.585556
2025-06-29 23:00:00+00:00,angiang_longxuyen_bacgiang_bacgiangcity_backan_backancity,103.49451
2025-06-30 00:00:00+00:00,angiang_longxuyen_bacgiang_bacgiangcity_backan_backancity,103.48724
2025-06-30 01:00:00+00:00,angiang_longxuyen_bacgiang_bacgiangcity_backan_backancity,103.57486
2025-06-30 02:00:00+00:00,angiang_longxuyen_bacgiang_bacgiangcity_backan_backancity,103.65163
2025-06-30 03:00:00+00:00,angiang_longxuyen_bacgiang_bacgiangcity_backan_backancity,103.97403
2025-06-30 04:00:00+00:00,angiang_longxuyen_bacgiang_bacgiangcity_backan_backancity,104.00295
2025-06-30 05:00:00+00:00,angiang_longxuyen_bacgiang_bacgiangcity_backan_backancity,103.74426
2025-06-30 06:00:00+00:00,angiang_longxuyen_bacgiang_bacgiangcity_backan_backancity,103.63903
2025-06-30 07:00:00+00:00,angiang_longxuyen_bacgiang_bacgiangcity_backan_backancity,103.69174
2025-06-30 08:00:00+00:00,angiang_longxuyen_bacgiang_bacgiangcity_backan_backancity,103.81606
2025-06-30 09:00:00+00:00,angiang_longxuyen_bacgiang_bacgiangcity_backan_backancity,104.00954
2025-06-30 10:00:00+00:00,angiang_longxuyen_bacgiang_bacgiangcity_backan_backancity,104.16408
2025-06-30 11:00:00+00:00,angiang_longxuyen_bacgiang_bacgiangcity_backan_backancity,104.21432
2025-06-30 12:00:00+00:00,angiang_longxuyen_bacgiang_bacgiangcity_backan_backancity,104.22856
2025-06-30 13:00:00+00:00,angiang_longxuyen_bacgiang_bacgiangcity_backan_backancity,104.3952
2025-06-30 14:00:00+00:00,angiang_longxuyen_bacgiang_bacgiangcity_backan_backancity,104.34372
2025-06-30 15:00:00+00:00,angiang_longxuyen_bacgiang_bacgiangcity_backan_backancity,104.23232
2025-06-30 16:00:00+00:00,angiang_longxuyen_bacgiang_bacgiangcity_backan_backancity,104.16659
2025-06-30 17:00:00+00:00,angiang_longxuyen_bacgiang_bacgiangcity_backan_backancity,104.10742
2025-06-30 18:00:00+00:00,angiang_longxuyen_bacgiang_bacgiangcity_backan_backancity,104.08145
2025-06-30 19:00:00+00:00,angiang_longxuyen_bacgiang_bacgiangcity_backan_backancity,104.13137
2025-06-30 20:00:00+00:00,angiang_longxuyen_bacgiang_bacgiangcity_backan_backancity,104.218796
2025-06-30 21:00:00+00:00,angiang_longxuyen_bacgiang_bacgiangcity_backan_backancity,104.309555
2025-06-30 22:00:00+00:00,angiang_longxuyen_bacgiang_bacgiangcity_backan_backancity,104.59012
2025-06-30 23:00:00+00:00,angiang_longxuyen_bacgiang_bacgiangcity_backan_backancity,104.79617
2025-07-01 00:00:00+00:00,angiang_longxuyen_bacgiang_bacgiangcity_backan_backancity,104.705826
2025-07-01 01:00:00+00:00,angiang_longxuyen_bacgiang_bacgiangcity_backan_backancity,104.63524
2025-07-01 02:00:00+00:00,angiang_longxuyen_bacgiang_bacgiangcity_backan_backancity,104.74399
2025-07-01 03:00:00+00:00,angiang_longxuyen_bacgiang_bacgiangcity_backan_backancity,104.62352
2025-07-01 04:00:00+00:00,angiang_longxuyen_bacgiang_bacgiangcity_backan_backancity,104.61288
2025-07-01 05:00:00+00:00,angiang_longxuyen_bacgiang_bacgiangcity_backan_backancity,104.38018
2025-07-01 06:00:00+00:00,angiang_longxuyen_bacgiang_bacgiangcity_backan_backancity,104.26913
2025-07-01 07:00:00+00:00,angiang_longxuyen_bacgiang_bacgiangcity_backan_backancity,104.528725
2025-07-01 08:00:00+00:00,angiang_longxuyen_bacgiang_bacgiangcity_backan_backancity,105.01102
2025-07-01 09:00:00+00:00,angiang_longxuyen_bacgiang_bacgiangcity_backan_backancity,105.191414
2025-07-01 10:00:00+00:00,angiang_longxuyen_bacgiang_bacgiangcity_backan_backancity,105.24937
2025-07-01 11:00:00+00:00,angiang_longxuyen_bacgiang_bacgiangcity_backan_backancity,105.39535
2025-07-01 12:00:00+00:00,angiang_longxuyen_bacgiang_bacgiangcity_backan_backancity,105.33379
2025-07-01 13:00:00+00:00,angiang_longxuyen_bacgiang_bacgiangcity_backan_backancity,105.20903
2025-07-01 14:00:00+00:00,angiang_longxuyen_bacgiang_bacgiangcity_backan_backancity,105.00926
2025-07-01 15:00:00+00:00,angiang_longxuyen_bacgiang_bacgiangcity_backan_backancity,104.802414
2025-07-01 16:00:00+00:00,angiang_longxuyen_bacgiang_bacgiangcity_backan_backancity,104.68407
2025-07-01 17:00:00+00:00,angiang_longxuyen_bacgiang_bacgiangcity_backan_backancity,104.56694
2025-07-01 18:00:00+00:00,angiang_longxuyen_bacgiang_bacgiangcity_backan_backancity,104.50649
2025-07-01 19:00:00+00:00,angiang_longxuyen_bacgiang_bacgiangcity_backan_backancity,104.21579
2025-07-01 20:00:00+00:00,angiang_longxuyen_bacgiang_bacgiangcity_backan_backancity,104.17272
2025-07-01 21:00:00+00:00,angiang_longxuyen_bacgiang_bacgiangcity_backan_backancity,104.157936
2025-07-01 22:00:00+00:00,angiang_longxuyen_bacgiang_bacgiangcity_backan_backancity,104.152954
2025-07-01 23:00:00+00:00,angiang_longxuyen_bacgiang_bacgiangcity_backan_backancity,104.23572
2025-07-02 00:00:00+00:00,angiang_longxuyen_bacgiang_bacgiangcity_backan_backancity,104.30871
2025-07-02 01:00:00+00:00,angiang_longxuyen_bacgiang_bacgiangcity_backan_backancity,104.340225
2025-07-02 02:00:00+00:00,angiang_longxuyen_bacgiang_bacgiangcity_backan_backancity,104.4418
2025-07-02 03:00:00+00:00,angiang_longxuyen_bacgiang_bacgiangcity_backan_backancity,104.54282
2025-07-02 04:00:00+00:00,angiang_longxuyen_bacgiang_bacgiangcity_backan_backancity,104.461174
2025-07-02 05:00:00+00:00,angiang_longxuyen_bacgiang_bacgiangcity_backan_backancity,104.19876
2025-07-02 06:00:00+00:00,angiang_longxuyen_bacgiang_bacgiangcity_backan_backancity,104.14534
2025-07-02 07:00:00+00:00,angiang_longxuyen_bacgiang_bacgiangcity_backan_backancity,104.21468
2025-07-02 08:00:00+00:00,angiang_longxuyen_bacgiang_bacgiangcity_backan_backancity,104.84221
2025-07-02 09:00:00+00:00,angiang_longxuyen_bacgiang_bacgiangcity_backan_backancity,105.18731
2025-07-02 10:00:00+00:00,angiang_longxuyen_bacgiang_bacgiangcity_backan_backancity,105.25693
2025-07-02 11:00:00+00:00,angiang_longxuyen_bacgiang_bacgiangcity_backan_backancity,105.26397
2025-07-02 12:00:00+00:00,angiang_longxuyen_bacgiang_bacgiangcity_backan_backancity,105.413765
2025-07-02 13:00:00+00:00,angiang_longxuyen_bacgiang_bacgiangcity_backan_backancity,105.304794
2025-07-02 14:00:00+00:00,angiang_longxuyen_bacgiang_bacgiangcity_backan_backancity,105.23526
2025-07-02 15:00:00+00:00,angiang_longxuyen_bacgiang_bacgiangcity_backan_backancity,105.13737
2025-07-02 16:00:00+00:00,angiang_longxuyen_bacgiang_bacgiangcity_backan_backancity,105.01983
2025-07-02 17:00:00+00:00,angiang_longxuyen_bacgiang_bacgiangcity_backan_backancity,104.93909
2025-07-02 18:00:00+00:00,angiang_longxuyen_bacgiang_bacgiangcity_backan_backancity,104.89688
2025-07-02 19:00:00+00:00,angiang_longxuyen_bacgiang_bacgiangcity_backan_backancity,104.73258
2025-07-02 20:00:00+00:00,angiang_longxuyen_bacgiang_bacgiangcity_backan_backancity,104.79594
2025-07-02 21:00:00+00:00,angiang_longxuyen_bacgiang_bacgiangcity_backan_backancity,105.00608
2025-07-02 22:00:00+00:00,angiang_longxuyen_bacgiang_bacgiangcity_backan_backancity,105.197845
2025-07-02 23:00:00+00:00,angiang_longxuyen_bacgiang_bacgiangcity_backan_backancity,105.44159
2025-07-03 00:00:00+00:00,angiang_longxuyen_bacgiang_bacgiangcity_backan_backancity,105.558235
2025-07-03 01:00:00+00:00,angiang_longxuyen_bacgiang_bacgiangcity_backan_backancity,105.62185
2025-07-03 02:00:00+00:00,angiang_longxuyen_bacgiang_bacgiangcity_backan_backancity,105.68701
2025-07-03 03:00:00+00:00,angiang_longxuyen_bacgiang_bacgiangcity_backan_backancity,105.87784
2025-07-03 04:00:00+00:00,angiang_longxuyen_bacgiang_bacgiangcity_backan_backancity,105.98503
2025-07-03 05:00:00+00:00,angiang_longxuyen_bacgiang_bacgiangcity_backan_backancity,105.86767
2025-07-03 06:00:00+00:00,angiang_longxuyen_bacgiang_bacgiangcity_backan_backancity,105.68202
2025-07-03 07:00:00+00:00,angiang_longxuyen_bacgiang_bacgiangcity_backan_backancity,106.01087
2025-07-03 08:00:00+00:00,angiang_longxuyen_bacgiang_bacgiangcity_backan_backancity,106.60477
2025-07-03 09:00:00+00:00,angiang_longxuyen_bacgiang_bacgiangcity_backan_backancity,106.79081
2025-07-03 10:00:00+00:00,angiang_longxuyen_bacgiang_bacgiangcity_backan_backancity,106.87639
2025-07-03 11:00:00+00:00,angiang_longxuyen_bacgiang_bacgiangcity_backan_backancity,107.01645
2025-07-03 12:00:00+00:00,angiang_longxuyen_bacgiang_bacgiangcity_backan_backancity,107.01458
2025-07-03 13:00:00+00:00,angiang_longxuyen_bacgiang_bacgiangcity_backan_backancity,107.01759
2025-07-03 14:00:00+00:00,angiang_longxuyen_bacgiang_bacgiangcity_backan_backancity,106.90982
2025-07-03 15:00:00+00:00,angiang_longxuyen_bacgiang_bacgiangcity_backan_backancity,106.79518
2025-07-03 16:00:00+00:00,angiang_longxuyen_bacgiang_bacgiangcity_backan_backancity,106.63353
2025-07-03 17:00:00+00:00,angiang_longxuyen_bacgiang_bacgiangcity_backan_backancity,106.52668
2025-07-03 18:00:00+00:00,angiang_longxuyen_bacgiang_bacgiangcity_backan_backancity,106.49067
2025-07-03 19:00:00+00:00,angiang_longxuyen_bacgiang_bacgiangcity_backan_backancity,106.457664
2025-07-03 20:00:00+00:00,angiang_longxuyen_bacgiang_bacgiangcity_backan_backancity,106.525185
2025-07-03 21:00:00+00:00,angiang_longxuyen_bacgiang_bacgiangcity_backan_backancity,106.58278
2025-07-03 22:00:00+00:00,angiang_longxuyen_bacgiang_bacgiangcity_backan_backancity,106.969124
2025-07-03 23:00:00+00:00,angiang_longxuyen_bacgiang_bacgiangcity_backan_backancity,107.56529
2025-07-04 00:00:00+00:00,angiang_longxuyen_bacgiang_bacgiangcity_backan_backancity,107.67078
2025-07-04 01:00:00+00:00,angiang_longxuyen_bacgiang_bacgiangcity_backan_backancity,107.61246
2025-07-04 02:00:00+00:00,angiang_longxuyen_bacgiang_bacgiangcity_backan_backancity,107.31984
2025-07-04 03:00:00+00:00,angiang_longxuyen_bacgiang_bacgiangcity_backan_backancity,107.37749
2025-07-04 04:00:00+00:00,angiang_longxuyen_bacgiang_bacgiangcity_backan_backancity,107.38435
2025-07-04 05:00:00+00:00,angiang_longxuyen_bacgiang_bacgiangcity_backan_backancity,107.26059
2025-07-04 06:00:00+00:00,angiang_longxuyen_bacgiang_bacgiangcity_backan_backancity,107.49946
2025-07-04 07:00:00+00:00,angiang_longxuyen_bacgiang_bacgiangcity_backan_backancity,108.40074
2025-07-04 08:00:00+00:00,angiang_longxuyen_bacgiang_bacgiangcity_backan_backancity,109.54376
2025-07-04 09:00:00+00:00,angiang_longxuyen_bacgiang_bacgiangcity_backan_backancity,109.993866
2025-07-04 10:00:00+00:00,angiang_longxuyen_bacgiang_bacgiangcity_backan_backancity,110.023285
2025-07-04 11:00:00+00:00,angiang_longxuyen_bacgiang_bacgiangcity_backan_backancity,109.791695
2025-07-04 12:00:00+00:00,angiang_longxuyen_bacgiang_bacgiangcity_backan_backancity,109.256584
2025-07-04 13:00:00+00:00,angiang_longxuyen_bacgiang_bacgiangcity_backan_backancity,108.90241
2025-07-04 14:00:00+00:00,angiang_longxuyen_bacgiang_bacgiangcity_backan_backancity,108.69541
2025-07-04 15:00:00+00:00,angiang_longxuyen_bacgiang_bacgiangcity_backan_backancity,108.52266
2025-07-04 16:00:00+00:00,angiang_longxuyen_bacgiang_bacgiangcity_backan_backancity,108.35387
2025-07-04 17:00:00+00:00,angiang_longxuyen_bacgiang_bacgiangcity_backan_backancity,108.29679
2025-07-04 18:00:00+00:00,angiang_longxuyen_bacgiang_bacgiangcity_backan_backancity,108.223236
2025-07-04 19:00:00+00:00,angiang_longxuyen_bacgiang_bacgiangcity_backan_backancity,108.31112
2025-07-04 20:00:00+00:00,angiang_longxuyen_bacgiang_bacgiangcity_backan_backancity,108.43541
2025-07-04 21:00:00+00:00,angiang_longxuyen_bacgiang_bacgiangcity_backan_backancity,108.684074
2025-07-04 22:00:00+00:00,angiang_longxuyen_bacgiang_bacgiangcity_backan_backancity,108.84619
2025-07-04 23:00:00+00:00,angiang_longxuyen_bacgiang_bacgiangcity_backan_backancity,109.06076
2025-07-05 00:00:00+00:00,angiang_longxuyen_bacgiang_bacgiangcity_backan_backancity,109.00733
2025-07-05 01:00:00+00:00,angiang_longxuyen_bacgiang_bacgiangcity_backan_backancity,108.95453
2025-07-05 02:00:00+00:00,angiang_longxuyen_bacgiang_bacgiangcity_backan_backancity,108.94251
2025-07-05 03:00:00+00:00,angiang_longxuyen_bacgiang_bacgiangcity_backan_backancity,108.72198
2025-07-05 04:00:00+00:00,angiang_longxuyen_bacgiang_bacgiangcity_backan_backancity,108.747185
2025-07-05 05:00:00+00:00,angiang_longxuyen_bacgiang_bacgiangcity_backan_backancity,108.5266
2025-07-05 06:00:00+00:00,angiang_longxuyen_bacgiang_bacgiangcity_backan_backancity,108.41039
2025-07-05 07:00:00+00:00,angiang_longxuyen_bacgiang_bacgiangcity_backan_backancity,108.4799
2025-07-05 08:00:00+00:00,angiang_longxuyen_bacgiang_bacgiangcity_backan_backancity,108.618004
2025-07-05 09:00:00+00:00,angiang_longxuyen_bacgiang_bacgiangcity_backan_backancity,108.45099
2025-07-05 10:00:00+00:00,angiang_longxuyen_bacgiang_bacgiangcity_backan_backancity,108.44158
2025-07-05 11:00:00+00:00,angiang_longxuyen_bacgiang_bacgiangcity_backan_backancity,108.4099
2025-07-05 12:00:00+00:00,angiang_longxuyen_bacgiang_bacgiangcity_backan_backancity,108.35209
2025-07-05 13:00:00+00:00,angiang_longxuyen_bacgiang_bacgiangcity_backan_backancity,108.29069
2025-07-05 14:00:00+00:00,angiang_longxuyen_bacgiang_bacgiangcity_backan_backancity,108.2629
2025-07-05 15:00:00+00:00,angiang_longxuyen_bacgiang_bacgiangcity_backan_backancity,108.20983
2025-07-05 16:00:00+00:00,angiang_longxuyen_bacgiang_bacgiangcity_backan_backancity,108.17353
2025-07-05 17:00:00+00:00,angiang_longxuyen_bacgiang_bacgiangcity_backan_backancity,108.12914
2025-07-05 18:00:00+00:00,angiang_longxuyen_bacgiang_bacgiangcity_backan_backancity,108.14298
2025-07-05 19:00:00+00:00,angiang_longxuyen_bacgiang_bacgiangcity_backan_backancity,108.152054
2025-07-05 20:00:00+00:00,angiang_longxuyen_bacgiang_bacgiangcity_backan_backancity,108.18774
2025-07-05 21:00:00+00:00,angiang_longxuyen_bacgiang_bacgiangcity_backan_backancity,108.10659
2025-07-05 22:00:00+00:00,angiang_longxuyen_bacgiang_bacgiangcity_backan_backancity,108.195244
2025-07-05 23:00:00+00:00,angiang_longxuyen_bacgiang_bacgiangcity_backan_backancity,108.41647
2025-07-06 00:00:00+00:00,angiang_longxuyen_bacgiang_bacgiangcity_backan_backancity,108.43505
2025-07-06 01:00:00+00:00,angiang_longxuyen_bacgiang_bacgiangcity_backan_backancity,108.292404
2025-07-06 02:00:00+00:00,angiang_longxuyen_bacgiang_bacgiangcity_backan_backancity,108.27239
2025-07-06 03:00:00+00:00,angiang_longxuyen_bacgiang_bacgiangcity_backan_backancity,108.240875
2025-07-06 04:00:00+00:00,angiang_longxuyen_bacgiang_bacgiangcity_backan_backancity,108.106224
2025-07-06 05:00:00+00:00,angiang_longxuyen_bacgiang_bacgiangcity_backan_backancity,107.6793
2025-07-06 06:00:00+00:00,angiang_longxuyen_bacgiang_bacgiangcity_backan_backancity,107.47906
2025-07-06 07:00:00+00:00,angiang_longxuyen_bacgiang_bacgiangcity_backan_backancity,107.40041
2025-07-06 08:00:00+00:00,angiang_longxuyen_bacgiang_bacgiangcity_backan_backancity,107.65599
2025-07-06 09:00:00+00:00,angiang_longxuyen_bacgiang_bacgiangcity_backan_backancity,107.78898
2025-07-06 10:00:00+00:00,angiang_longxuyen_bacgiang_bacgiangcity_backan_backancity,107.77573
2025-07-06 11:00:00+00:00,angiang_longxuyen_bacgiang_bacgiangcity_backan_backancity,107.63997
2025-07-06 12:00:00+00:00,angiang_longxuyen_bacgiang_bacgiangcity_backan_backancity,107.51965
2025-07-06 13:00:00+00:00,angiang_longxuyen_bacgiang_bacgiangcity_backan_backancity,107.54403
2025-07-06 14:00:00+00:00,angiang_longxuyen_bacgiang_bacgiangcity_backan_backancity,107.364174
2025-07-06 15:00:00+00:00,angiang_longxuyen_bacgiang_bacgiangcity_backan_backancity,107.20798
2025-07-06 16:00:00+00:00,angiang_longxuyen_bacgiang_bacgiangcity_backan_backancity,107.09126
2025-07-06 17:00:00+00:00,angiang_longxuyen_bacgiang_bacgiangcity_backan_backancity,106.96221
2025-07-06 18:00:00+00:00,angiang_longxuyen_bacgiang_bacgiangcity_backan_backancity,106.88251
2025-07-06 19:00:00+00:00,angiang_longxuyen_bacgiang_bacgiangcity_backan_backancity,106.69092
2025-07-06 20:00:00+00:00,angiang_longxuyen_bacgiang_bacgiangcity_backan_backancity,106.76943
2025-07-06 21:00:00+00:00,angiang_longxuyen_bacgiang_bacgiangcity_backan_backancity,106.766846
2025-07-06 22:00:00+00:00,angiang_longxuyen_bacgiang_bacgiangcity_backan_backancity,106.97359
2025-07-06 23:00:00+00:00,angiang_longxuyen_bacgiang_bacgiangcity_backan_backancity,107.28263
2025-07-07 00:00:00+00:00,angiang_longxuyen_bacgiang_bacgiangcity_backan_backancity,107.295784
2025-07-07 01:00:00+00:00,angiang_longxuyen_bacgiang_bacgiangcity_backan_backancity,107.214066
2025-07-07 02:00:00+00:00,angiang_longxuyen_bacgiang_bacgiangcity_backan_backancity,106.8596
2025-07-07 03:00:00+00:00,angiang_longxuyen_bacgiang_bacgiangcity_backan_backancity,106.70807
2025-07-07 04:00:00+00:00,angiang_longxuyen_bacgiang_bacgiangcity_backan_backancity,106.63306
2025-07-07 05:00:00+00:00,angiang_longxuyen_bacgiang_bacgiangcity_backan_backancity,106.85814
2025-07-07 06:00:00+00:00,angiang_longxuyen_bacgiang_bacgiangcity_backan_backancity,107.385895
2025-07-07 07:00:00+00:00,angiang_longxuyen_bacgiang_bacgiangcity_backan_backancity,107.39584
2025-07-07 08:00:00+00:00,angiang_longxuyen_bacgiang_bacgiangcity_backan_backancity,107.26351
2025-07-07 09:00:00+00:00,angiang_longxuyen_bacgiang_bacgiangcity_backan_backancity,107.2025
2025-07-07 10:00:00+00:00,angiang_longxuyen_bacgiang_bacgiangcity_backan_backancity,107.3341
2025-07-07 11:00:00+00:00,angiang_longxuyen_bacgiang_bacgiangcity_backan_backancity,107.28596
2025-07-07 12:00:00+00:00,angiang_longxuyen_bacgiang_bacgiangcity_backan_backancity,107.20241
2025-07-07 13:00:00+00:00,angiang_longxuyen_bacgiang_bacgiangcity_backan_backancity,107.082886
2025-07-07 14:00:00+00:00,angiang_longxuyen_bacgiang_bacgiangcity_backan_backancity,106.960236
2025-07-07 15:00:00+00:00,angiang_longxuyen_bacgiang_bacgiangcity_backan_backancity,106.88878
2025-07-07 16:00:00+00:00,angiang_longxuyen_bacgiang_bacgiangcity_backan_backancity,106.66988
2025-07-07 17:00:00+00:00,angiang_longxuyen_bacgiang_bacgiangcity_backan_backancity,106.79267
2025-07-07 18:00:00+00:00,angiang_longxuyen_bacgiang_bacgiangcity_backan_backancity,106.98166
2025-07-07 19:00:00+00:00,angiang_longxuyen_bacgiang_bacgiangcity_backan_backancity,107.22039
2025-07-07 20:00:00+00:00,angiang_longxuyen_bacgiang_bacgiangcity_backan_backancity,107.51766
2025-07-07 21:00:00+00:00,angiang_longxuyen_bacgiang_bacgiangcity_backan_backancity,107.61261
2025-07-07 22:00:00+00:00,angiang_longxuyen_bacgiang_bacgiangcity_backan_backancity,107.49116
2025-07-07 23:00:00+00:00,angiang_longxuyen_bacgiang_bacgiangcity_backan_backancity,107.474785
2025-07-08 00:00:00+00:00,angiang_longxuyen_bacgiang_bacgiangcity_backan_backancity,107.51131
2025-07-08 01:00:00+00:00,angiang_longxuyen_bacgiang_bacgiangcity_backan_backancity,107.52232
2025-07-08 02:00:00+00:00,angiang_longxuyen_bacgiang_bacgiangcity_backan_backancity,107.291245
2025-07-08 03:00:00+00:00,angiang_longxuyen_bacgiang_bacgiangcity_backan_backancity,107.16251
2025-07-08 04:00:00+00:00,angiang_longxuyen_bacgiang_bacgiangcity_backan_backancity,107.11725
2025-07-08 05:00:00+00:00,angiang_longxuyen_bacgiang_bacgiangcity_backan_backancity,107.41763
2025-07-08 06:00:00+00:00,angiang_longxuyen_bacgiang_bacgiangcity_backan_backancity,107.59216
2025-07-08 07:00:00+00:00,angiang_longxuyen_bacgiang_bacgiangcity_backan_backancity,107.68274
2025-07-08 08:00:00+00:00,angiang_longxuyen_bacgiang_bacgiangcity_backan_backancity,107.88078
2025-07-08 09:00:00+00:00,angiang_longxuyen_bacgiang_bacgiangcity_backan_backancity,107.83358
2025-07-08 10:00:00+00:00,angiang_longxuyen_bacgiang_bacgiangcity_backan_backancity,107.79042
2025-07-08 11:00:00+00:00,angiang_longxuyen_bacgiang_bacgiangcity_backan_backancity,107.65475
2025-07-08 12:00:00+00:00,angiang_longxuyen_bacgiang_bacgiangcity_backan_backancity,107.55517
2025-07-08 13:00:00+00:00,angiang_longxuyen_bacgiang_bacgiangcity_backan_backancity,107.4588
2025-07-08 14:00:00+00:00,angiang_longxuyen_bacgiang_bacgiangcity_backan_backancity,107.400764
2025-07-08 15:00:00+00:00,angiang_longxuyen_bacgiang_bacgiangcity_backan_backancity,107.37814
2025-07-08 16:00:00+00:00,angiang_longxuyen_bacgiang_bacgiangcity_backan_backancity,107.3771
2025-07-08 17:00:00+00:00,angiang_longxuyen_bacgiang_bacgiangcity_backan_backancity,107.52536
2025-07-08 18:00:00+00:00,angiang_longxuyen_bacgiang_bacgiangcity_backan_backancity,107.61444
2025-07-08 19:00:00+00:00,angiang_longxuyen_bacgiang_bacgiangcity_backan_backancity,107.830666
2025-07-08 20:00:00+00:00,angiang_longxuyen_bacgiang_bacgiangcity_backan_backancity,108.158356
2025-07-08 21:00:00+00:00,angiang_longxuyen_bacgiang_bacgiangcity_backan_backancity,108.15581
2025-07-08 22:00:00+00:00,angiang_longxuyen_bacgiang_bacgiangcity_backan_backancity,108.013306
2025-07-08 23:00:00+00:00,angiang_longxuyen_bacgiang_bacgiangcity_backan_backancity,107.90261
2025-07-09 00:00:00+00:00,angiang_longxuyen_bacgiang_bacgiangcity_backan_backancity,107.86152
2025-07-09 01:00:00+00:00,angiang_longxuyen_bacgiang_bacgiangcity_backan_backancity,107.7371
2025-07-09 02:00:00+00:00,angiang_longxuyen_bacgiang_bacgiangcity_backan_backancity,107.44706
2025-07-09 03:00:00+00:00,angiang_longxuyen_bacgiang_bacgiangcity_backan_backancity,107.26677
2025-07-09 04:00:00+00:00,angiang_longxuyen_bacgiang_bacgiangcity_backan_backancity,107.19901
2025-07-09 05:00:00+00:00,angiang_longxuyen_bacgiang_bacgiangcity_backan_backancity,107.54084
2025-07-09 06:00:00+00:00,angiang_longxuyen_bacgiang_bacgiangcity_backan_backancity,107.52723
2025-07-09 07:00:00+00:00,angiang_longxuyen_bacgiang_bacgiangcity_backan_backancity,107.59869
2025-07-09 08:00:00+00:00,angiang_longxuyen_bacgiang_bacgiangcity_backan_backancity,107.76702
2025-07-09 09:00:00+00:00,angiang_longxuyen_bacgiang_bacgiangcity_backan_backancity,107.71193
2025-07-09 10:00:00+00:00,angiang_longxuyen_bacgiang_bacgiangcity_backan_backancity,107.56253
2025-07-09 11:00:00+00:00,angiang_longxuyen_bacgiang_bacgiangcity_backan_backancity,107.468056
2025-07-09 12:00:00+00:00,angiang_longxuyen_bacgiang_bacgiangcity_backan_backancity,107.36702
2025-07-09 13:00:00+00:00,angiang_longxuyen_bacgiang_bacgiangcity_backan_backancity,107.455826
2025-07-09 14:00:00+00:00,angiang_longxuyen_bacgiang_bacgiangcity_backan_backancity,107.45257
2025-07-09 15:00:00+00:00,angiang_longxuyen_bacgiang_bacgiangcity_backan_backancity,107.40695
2025-07-09 16:00:00+00:00,angiang_longxuyen_bacgiang_bacgiangcity_backan_backancity,107.20224
2025-07-09 17:00:00+00:00,angiang_longxuyen_bacgiang_bacgiangcity_backan_backancity,107.191925
2025-07-09 18:00:00+00:00,angiang_longxuyen_bacgiang_bacgiangcity_backan_backancity,106.979744
2025-07-09 19:00:00+00:00,angiang_longxuyen_bacgiang_bacgiangcity_backan_backancity,107.285835
2025-07-09 20:00:00+00:00,angiang_longxuyen_bacgiang_bacgiangcity_backan_backancity,107.731064
2025-07-09 21:00:00+00:00,angiang_longxuyen_bacgiang_bacgiangcity_backan_backancity,107.96708
2025-07-09 22:00:00+00:00,angiang_longxuyen_bacgiang_bacgiangcity_backan_backancity,107.88493
2025-07-09 23:00:00+00:00,angiang_longxuyen_bacgiang_bacgiangcity_backan_backancity,107.73023
2025-07-10 00:00:00+00:00,angiang_longxuyen_bacgiang_bacgiangcity_backan_backancity,107.70366
2025-07-10 01:00:00+00:00,angiang_longxuyen_bacgiang_bacgiangcity_backan_backancity,107.67843
2025-07-10 02:00:00+00:00,angiang_longxuyen_bacgiang_bacgiangcity_backan_backancity,107.457085
2025-07-10 03:00:00+00:00,angiang_longxuyen_bacgiang_bacgiangcity_backan_backancity,107.5359
2025-07-10 04:00:00+00:00,angiang_longxuyen_bacgiang_bacgiangcity_backan_backancity,108.03233
2025-07-10 05:00:00+00:00,angiang_longxuyen_bacgiang_bacgiangcity_backan_backancity,109.15241
2025-07-10 06:00:00+00:00,angiang_longxuyen_bacgiang_bacgiangcity_backan_backancity,110.160164
2025-07-10 07:00:00+00:00,angiang_longxuyen_bacgiang_bacgiangcity_backan_backancity,110.71254
2025-07-10 08:00:00+00:00,angiang_longxuyen_bacgiang_bacgiangcity_backan_backancity,110.98113
2025-07-10 09:00:00+00:00,angiang_longxuyen_bacgiang_bacgiangcity_backan_backancity,110.80233
2025-07-10 10:00:00+00:00,angiang_longxuyen_bacgiang_bacgiangcity_backan_backancity,110.65459
2025-07-10 11:00:00+00:00,angiang_longxuyen_bacgiang_bacgiangcity_backan_backancity,110.55074
2025-07-10 12:00:00+00:00,angiang_longxuyen_bacgiang_bacgiangcity_backan_backancity,110.487434
2025-07-10 13:00:00+00:00,angiang_longxuyen_bacgiang_bacgiangcity_backan_backancity,110.70499
2025-07-10 14:00:00+00:00,angiang_longxuyen_bacgiang_bacgiangcity_backan_backancity,110.882126
2025-07-10 15:00:00+00:00,angiang_longxuyen_bacgiang_bacgiangcity_backan_backancity,110.90419
2025-07-10 16:00:00+00:00,angiang_longxuyen_bacgiang_bacgiangcity_backan_backancity,111.15187
2025-07-10 17:00:00+00:00,angiang_longxuyen_bacgiang_bacgiangcity_backan_backancity,111.32137
2025-07-10 18:00:00+00:00,angiang_longxuyen_bacgiang_bacgiangcity_backan_backancity,111.1374
2025-07-10 19:00:00+00:00,angiang_longxuyen_bacgiang_bacgiangcity_backan_backancity,111.91856
2025-07-10 20:00:00+00:00,angiang_longxuyen_bacgiang_bacgiangcity_backan_backancity,112.34613
2025-07-10 21:00:00+00:00,angiang_longxuyen_bacgiang_bacgiangcity_backan_backancity,112.648056
2025-07-10 22:00:00+00:00,angiang_longxuyen_bacgiang_bacgiangcity_backan_backancity,112.964714
2025-07-10 23:00:00+00:00,angiang_longxuyen_bacgiang_bacgiangcity_backan_backancity,113.28016
2025-07-11 00:00:00+00:00,angiang_longxuyen_bacgiang_bacgiangcity_backan_backancity,113.57349
2025-07-11 01:00:00+00:00,angiang_longxuyen_bacgiang_bacgiangcity_backan_backancity,113.57876
2025-07-11 02:00:00+00:00,angiang_longxuyen_bacgiang_bacgiangcity_backan_backancity,113.40566
2025-07-11 03:00:00+00:00,angiang_longxuyen_bacgiang_bacgiangcity_backan_backancity,113.61614
2025-07-11 04:00:00+00:00,angiang_longxuyen_bacgiang_bacgiangcity_backan_backancity,113.91909
2025-07-11 05:00:00+00:00,angiang_longxuyen_bacgiang_bacgiangcity_backan_backancity,114.37683
2025-07-11 06:00:00+00:00,angiang_longxuyen_bacgiang_bacgiangcity_backan_backancity,114.67275
2025-07-11 07:00:00+00:00,angiang_longxuyen_bacgiang_bacgiangcity_backan_backancity,114.72782
2025-07-11 08:00:00+00:00,angiang_longxuyen_bacgiang_bacgiangcity_backan_backancity,114.65336
2025-07-11 09:00:00+00:00,angiang_longxuyen_bacgiang_bacgiangcity_backan_backancity,114.32416
2025-07-11 10:00:00+00:00,angiang_longxuyen_bacgiang_bacgiangcity_backan_backancity,113.956604
2025-07-11 11:00:00+00:00,angiang_longxuyen_bacgiang_bacgiangcity_backan_backancity,113.49289
2025-07-11 12:00:00+00:00,angiang_longxuyen_bacgiang_bacgiangcity_backan_backancity,112.93926
2025-07-11 13:00:00+00:00,angiang_longxuyen_bacgiang_bacgiangcity_backan_backancity,112.51931
2025-07-11 14:00:00+00:00,angiang_longxuyen_bacgiang_bacgiangcity_backan_backancity,112.176575
2025-07-11 15:00:00+00:00,angiang_longxuyen_bacgiang_bacgiangcity_backan_backancity,111.81409
2025-07-11 16:00:00+00:00,angiang_longxuyen_bacgiang_bacgiangcity_backan_backancity,111.632965
2025-07-11 17:00:00+00:00,angiang_longxuyen_bacgiang_bacgiangcity_backan_backancity,111.46165
2025-07-11 18:00:00+00:00,angiang_longxuyen_bacgiang_bacgiangcity_backan_backancity,111.564514
2025-07-11 19:00:00+00:00,angiang_longxuyen_bacgiang_bacgiangcity_backan_backancity,111.78537
2025-07-11 20:00:00+00:00,angiang_longxuyen_bacgiang_bacgiangcity_backan_backancity,112.01712
2025-07-11 21:00:00+00:00,angiang_longxuyen_bacgiang_bacgiangcity_backan_backancity,112.09335
2025-07-11 22:00:00+00:00,angiang_longxuyen_bacgiang_bacgiangcity_backan_backancity,111.94978
2025-07-11 23:00:00+00:00,angiang_longxuyen_bacgiang_bacgiangcity_backan_backancity,111.60195
2025-07-12 00:00:00+00:00,angiang_longxuyen_bacgiang_bacgiangcity_backan_backancity,111.2861
2025-07-12 01:00:00+00:00,angiang_longxuyen_bacgiang_bacgiangcity_backan_backancity,110.89566
2025-07-12 02:00:00+00:00,angiang_longxuyen_bacgiang_bacgiangcity_backan_backancity,110.77342
2025-07-12 03:00:00+00:00,angiang_longxuyen_bacgiang_bacgiangcity_backan_backancity,110.700485
2025-07-12 04:00:00+00:00,angiang_longxuyen_bacgiang_bacgiangcity_backan_backancity,110.874176
2025-07-12 05:00:00+00:00,angiang_longxuyen_bacgiang_bacgiangcity_backan_backancity,111.1838
2025-07-12 06:00:00+00:00,angiang_longxuyen_bacgiang_bacgiangcity_backan_backancity,111.988945
2025-07-12 07:00:00+00:00,angiang_longxuyen_bacgiang_bacgiangcity_backan_backancity,112.16197
2025-07-12 08:00:00+00:00,angiang_longxuyen_bacgiang_bacgiangcity_backan_backancity,112.41449
2025-07-12 09:00:00+00:00,angiang_longxuyen_bacgiang_bacgiangcity_backan_backancity,112.63375
2025-07-12 10:00:00+00:00,angiang_longxuyen_bacgiang_bacgiangcity_backan_backancity,112.99455
2025-07-12 11:00:00+00:00,angiang_longxuyen_bacgiang_bacgiangcity_backan_backancity,113.44745
2025-07-12 12:00:00+00:00,angiang_longxuyen_bacgiang_bacgiangcity_backan_backancity,113.49906
2025-07-12 13:00:00+00:00,angiang_longxuyen_bacgiang_bacgiangcity_backan_backancity,113.42127
2025-07-12 14:00:00+00:00,angiang_longxuyen_bacgiang_bacgiangcity_backan_backancity,113.41394
2025-07-12 15:00:00+00:00,angiang_longxuyen_bacgiang_bacgiangcity_backan_backancity,113.4171
2025-07-12 16:00:00+00:00,angiang_longxuyen_bacgiang_bacgiangcity_backan_backancity,113.58852
2025-07-12 17:00:00+00:00,angiang_longxuyen_bacgiang_bacgiangcity_backan_backancity,113.78699
2025-07-12 18:00:00+00:00,angiang_longxuyen_bacgiang_bacgiangcity_backan_backancity,113.95378
2025-07-12 19:00:00+00:00,angiang_longxuyen_bacgiang_bacgiangcity_backan_backancity,114.0404
2025-07-12 20:00:00+00:00,angiang_longxuyen_bacgiang_bacgiangcity_backan_backancity,113.764366
2025-07-12 21:00:00+00:00,angiang_longxuyen_bacgiang_bacgiangcity_backan_backancity,113.66091
2025-07-12 22:00:00+00:00,angiang_longxuyen_bacgiang_bacgiangcity_backan_backancity,113.38719
2025-07-12 23:00:00+00:00,angiang_longxuyen_bacgiang_bacgiangcity_backan_backancity,113.27702
2025-07-13 00:00:00+00:00,angiang_longxuyen_bacgiang_bacgiangcity_backan_backancity,113.397804
2025-07-13 01:00:00+00:00,angiang_longxuyen_bacgiang_bacgiangcity_backan_backancity,113.28104
2025-07-13 02:00:00+00:00,angiang_longxuyen_bacgiang_bacgiangcity_backan_backancity,112.93084
2025-07-13 03:00:00+00:00,angiang_longxuyen_bacgiang_bacgiangcity_backan_backancity,113.10074
2025-07-13 04:00:00+00:00,angiang_longxuyen_bacgiang_bacgiangcity_backan_backancity,113.73078
2025-07-13 05:00:00+00:00,angiang_longxuyen_bacgiang_bacgiangcity_backan_backancity,114.5474
2025-07-13 06:00:00+00:00,angiang_longxuyen_bacgiang_bacgiangcity_backan_backancity,115.08352
2025-07-13 07:00:00+00:00,angiang_longxuyen_bacgiang_bacgiangcity_backan_backancity,115.191475
2025-07-13 08:00:00+00:00,angiang_longxuyen_bacgiang_bacgiangcity_backan_backancity,115.5698
2025-07-13 09:00:00+00:00,angiang_longxuyen_bacgiang_bacgiangcity_backan_backancity,115.48793
2025-07-13 10:00:00+00:00,angiang_longxuyen_bacgiang_bacgiangcity_backan_backancity,115.218544
2025-07-13 11:00:00+00:00,angiang_longxuyen_bacgiang_bacgiangcity_backan_backancity,114.82996
2025-07-13 12:00:00+00:00,angiang_longxuyen_bacgiang_bacgiangcity_backan_backancity,114.39046
2025-07-13 13:00:00+00:00,angiang_longxuyen_bacgiang_bacgiangcity_backan_backancity,113.887505
2025-07-13 14:00:00+00:00,angiang_longxuyen_bacgiang_bacgiangcity_backan_backancity,113.34168
2025-07-13 15:00:00+00:00,angiang_longxuyen_bacgiang_bacgiangcity_backan_backancity,112.7875
2025-07-13 16:00:00+00:00,angiang_longxuyen_bacgiang_bacgiangcity_backan_backancity,112.671135
2025-07-13 17:00:00+00:00,angiang_longxuyen_bacgiang_bacgiangcity_backan_backancity,112.77873
2025-07-13 18:00:00+00:00,angiang_longxuyen_bacgiang_bacgiangcity_backan_backancity,112.56096
2025-07-13 19:00:00+00:00,angiang_longxuyen_bacgiang_bacgiangcity_backan_backancity,113.07758
2025-07-13 20:00:00+00:00,angiang_longxuyen_bacgiang_bacgiangcity_backan_backancity,113.84743
2025-07-13 21:00:00+00:00,angiang_longxuyen_bacgiang_bacgiangcity_backan_backancity,114.68603
2025-07-13 22:00:00+00:00,angiang_longxuyen_bacgiang_bacgiangcity_backan_backancity,115.17764
2025-07-13 23:00:00+00:00,angiang_longxuyen_bacgiang_bacgiangcity_backan_backancity,115.58569
2025-07-14 00:00:00+00:00,angiang_longxuyen_bacgiang_bacgiangcity_backan_backancity,115.75795
2025-07-14 01:00:00+00:00,angiang_longxuyen_bacgiang_bacgiangcity_backan_backancity,115.76967
2025-07-14 02:00:00+00:00,angiang_longxuyen_bacgiang_bacgiangcity_backan_backancity,115.60182
2025-07-14 03:00:00+00:00,angiang_longxuyen_bacgiang_bacgiangcity_backan_backancity,115.813446
2025-07-14 04:00:00+00:00,angiang_longxuyen_bacgiang_bacgiangcity_backan_backancity,115.86494
2025-07-14 05:00:00+00:00,angiang_longxuyen_bacgiang_bacgiangcity_backan_backancity,115.885544
2025-07-14 06:00:00+00:00,angiang_longxuyen_bacgiang_bacgiangcity_backan_backancity,116.15514
2025-07-14 07:00:00+00:00,angiang_longxuyen_bacgiang_bacgiangcity_backan_backancity,116.11978
2025-07-14 08:00:00+00:00,angiang_longxuyen_bacgiang_bacgiangcity_backan_backancity,116.12074
2025-07-14 09:00:00+00:00,angiang_longxuyen_bacgiang_bacgiangcity_backan_backancity,116.09617
2025-07-14 10:00:00+00:00,angiang_longxuyen_bacgiang_bacgiangcity_backan_backancity,116.05264
2025-07-14 11:00:00+00:00,angiang_longxuyen_bacgiang_bacgiangcity_backan_backancity,116.01719
2025-07-14 12:00:00+00:00,angiang_longxuyen_bacgiang_bacgiangcity_backan_backancity,116.00291
2025-07-14 13:00:00+00:00,angiang_longxuyen_bacgiang_bacgiangcity_backan_backancity,116.01225
2025-07-14 14:00:00+00:00,angiang_longxuyen_bacgiang_bacgiangcity_backan_backancity,116.11525
2025-07-14 15:00:00+00:00,angiang_longxuyen_bacgiang_bacgiangcity_backan_backancity,116.295265
2025-07-14 16:00:00+00:00,angiang_longxuyen_bacgiang_bacgiangcity_backan_backancity,116.55234
2025-07-14 17:00:00+00:00,angiang_longxuyen_bacgiang_bacgiangcity_backan_backancity,117.140625
2025-07-14 18:00:00+00:00,angiang_longxuyen_bacgiang_bacgiangcity_backan_backancity,117.3389
2025-07-14 19:00:00+00:00,angiang_longxuyen_bacgiang_bacgiangcity_backan_backancity,117.37754
2025-07-14 20:00:00+00:00,angiang_longxuyen_bacgiang_bacgiangcity_backan_backancity,117.70751
2025-07-14 21:00:00+00:00,angiang_longxuyen_bacgiang_bacgiangcity_backan_backancity,118.10053
2025-07-14 22:00:00+00:00,angiang_longxuyen_bacgiang_bacgiangcity_backan_backancity,118.274666
2025-07-14 23:00:00+00:00,angiang_longxuyen_bacgiang_bacgiangcity_backan_backancity,118.321915
2025-07-15 00:00:00+00:00,angiang_longxuyen_bacgiang_bacgiangcity_backan_backancity,118.23458
2025-07-15 01:00:00+00:00,angiang_longxuyen_bacgiang_bacgiangcity_backan_backancity,117.97014
2025-07-15 02:00:00+00:00,angiang_longxuyen_bacgiang_bacgiangcity_backan_backancity,117.714424
2025-07-15 03:00:00+00:00,angiang_longxuyen_bacgiang_bacgiangcity_backan_backancity,117.56591
2025-07-15 04:00:00+00:00,angiang_longxuyen_bacgiang_bacgiangcity_backan_backancity,117.71126
2025-07-15 05:00:00+00:00,angiang_longxuyen_bacgiang_bacgiangcity_backan_backancity,117.9001
2025-07-15 06:00:00+00:00,angiang_longxuyen_bacgiang_bacgiangcity_backan_backancity,117.16932
2025-07-15 07:00:00+00:00,angiang_longxuyen_bacgiang_bacgiangcity_backan_backancity,117.31801
2025-07-15 08:00:00+00:00,angiang_longxuyen_bacgiang_bacgiangcity_backan_backancity,117.30233
2025-07-15 09:00:00+00:00,angiang_longxuyen_bacgiang_bacgiangcity_backan_backancity,117.105125
2025-07-15 10:00:00+00:00,angiang_longxuyen_bacgiang_bacgiangcity_backan_backancity,117.09577
2025-07-15 11:00:00+00:00,angiang_longxuyen_bacgiang_bacgiangcity_backan_backancity,116.86499
2025-07-15 12:00:00+00:00,angiang_longxuyen_bacgiang_bacgiangcity_backan_backancity,116.86229
2025-07-15 13:00:00+00:00,angiang_longxuyen_bacgiang_bacgiangcity_backan_backancity,117.15097
2025-07-15 14:00:00+00:00,angiang_longxuyen_bacgiang_bacgiangcity_backan_backancity,117.32629
2025-07-15 15:00:00+00:00,angiang_longxuyen_bacgiang_bacgiangcity_backan_backancity,117.445076
2025-07-15 16:00:00+00:00,angiang_longxuyen_bacgiang_bacgiangcity_backan_backancity,117.84476
2025-07-15 17:00:00+00:00,angiang_longxuyen_bacgiang_bacgiangcity_backan_backancity,118.15813
2025-07-15 18:00:00+00:00,angiang_longxuyen_bacgiang_bacgiangcity_backan_backancity,117.7825
2025-07-15 19:00:00+00:00,angiang_longxuyen_bacgiang_bacgiangcity_backan_backancity,117.72392
2025-07-15 20:00:00+00:00,angiang_longxuyen_bacgiang_bacgiangcity_backan_backancity,117.715996
2025-07-15 21:00:00+00:00,angiang_longxuyen_bacgiang_bacgiangcity_backan_backancity,117.82198
2025-07-15 22:00:00+00:00,angiang_longxuyen_bacgiang_bacgiangcity_backan_backancity,118.126
2025-07-15 23:00:00+00:00,angiang_longxuyen_bacgiang_bacgiangcity_backan_backancity,117.95133
2025-07-16 00:00:00+00:00,angiang_longxuyen_bacgiang_bacgiangcity_backan_backancity,117.033134
2025-07-16 01:00:00+00:00,angiang_longxuyen_bacgiang_bacgiangcity_backan_backancity,116.142365
2025-07-16 02:00:00+00:00,angiang_longxuyen_bacgiang_bacgiangcity_backan_backancity,115.74521
2025-07-16 03:00:00+00:00,angiang_longxuyen_bacgiang_bacgiangcity_backan_backancity,115.40474
2025-07-16 04:00:00+00:00,angiang_longxuyen_bacgiang_bacgiangcity_backan_backancity,115.29477
2025-07-16 05:00:00+00:00,angiang_longxuyen_bacgiang_bacgiangcity_backan_backancity,115.09264
2025-07-16 06:00:00+00:00,angiang_longxuyen_bacgiang_bacgiangcity_backan_backancity,114.74881
2025-07-16 07:00:00+00:00,angiang_longxuyen_bacgiang_bacgiangcity_backan_backancity,114.70943
2025-07-16 08:00:00+00:00,angiang_longxuyen_bacgiang_bacgiangcity_backan_backancity,114.687614
2025-07-16 09:00:00+00:00,angiang_longxuyen_bacgiang_bacgiangcity_backan_backancity,114.59922
2025-07-16 10:00:00+00:00,angiang_longxuyen_bacgiang_bacgiangcity_backan_backancity,114.432205
2025-07-16 11:00:00+00:00,angiang_longxuyen_bacgiang_bacgiangcity_backan_backancity,114.62424
2025-07-16 12:00:00+00:00,angiang_longxuyen_bacgiang_bacgiangcity_backan_backancity,114.4153
2025-07-16 13:00:00+00:00,angiang_longxuyen_bacgiang_bacgiangcity_backan_backancity,114.137665
2025-07-16 14:00:00+00:00,angiang_longxuyen_bacgiang_bacgiangcity_backan_backancity,113.98894
2025-07-16 15:00:00+00:00,angiang_longxuyen_bacgiang_bacgiangcity_backan_backancity,113.84772
2025-07-16 16:00:00+00:00,angiang_longxuyen_bacgiang_bacgiangcity_backan_backancity,113.5265
2025-07-16 17:00:00+00:00,angiang_longxuyen_bacgiang_bacgiangcity_backan_backancity,113.38478
2025-07-16 18:00:00+00:00,angiang_longxuyen_bacgiang_bacgiangcity_backan_backancity,113.35601
2025-07-16 19:00:00+00:00,angiang_longxuyen_bacgiang_bacgiangcity_backan_backancity,113.29741
2025-07-16 20:00:00+00:00,angiang_longxuyen_bacgiang_bacgiangcity_backan_backancity,113.38831
2025-07-16 21:00:00+00:00,angiang_longxuyen_bacgiang_bacgiangcity_backan_backancity,113.40787
2025-07-16 22:00:00+00:00,angiang_longxuyen_bacgiang_bacgiangcity_backan_backancity,113.68266
2025-07-16 23:00:00+00:00,angiang_longxuyen_bacgiang_bacgiangcity_backan_backancity,113.9908
2025-07-17 00:00:00+00:00,angiang_longxuyen_bacgiang_bacgiangcity_backan_backancity,114.08461
2025-07-17 01:00:00+00:00,angiang_longxuyen_bacgiang_bacgiangcity_backan_backancity,113.86538
2025-07-17 02:00:00+00:00,angiang_longxuyen_bacgiang_bacgiangcity_backan_backancity,113.73636
2025-07-17 03:00:00+00:00,angiang_longxuyen_bacgiang_bacgiangcity_backan_backancity,113.79211
2025-07-17 04:00:00+00:00,angiang_longxuyen_bacgiang_bacgiangcity_backan_backancity,113.83151
2025-07-17 05:00:00+00:00,angiang_longxuyen_bacgiang_bacgiangcity_backan_backancity,114.04622
2025-07-17 06:00:00+00:00,angiang_longxuyen_bacgiang_bacgiangcity_backan_backancity,114.366684
2025-07-17 07:00:00+00:00,angiang_longxuyen_bacgiang_bacgiangcity_backan_backancity,114.80541
2025-07-17 08:00:00+00:00,angiang_longxuyen_bacgiang_bacgiangcity_backan_backancity,115.079185
2025-07-17 09:00:00+00:00,angiang_longxuyen_bacgiang_bacgiangcity_backan_backancity,115.13689
2025-07-17 10:00:00+00:00,angiang_longxuyen_bacgiang_bacgiangcity_backan_backancity,115.22205
2025-07-17 11:00:00+00:00,angiang_longxuyen_bacgiang_bacgiangcity_backan_backancity,115.14838
2025-07-17 12:00:00+00:00,angiang_longxuyen_bacgiang_bacgiangcity_backan_backancity,115.172226
2025-07-17 13:00:00+00:00,angiang_longxuyen_bacgiang_bacgiangcity_backan_backancity,115.17083
2025-07-17 14:00:00+00:00,angiang_longxuyen_bacgiang_bacgiangcity_backan_backancity,115.25662
2025-07-17 15:00:00+00:00,angiang_longxuyen_bacgiang_bacgiangcity_backan_backancity,115.366646
2025-07-17 16:00:00+00:00,angiang_longxuyen_bacgiang_bacgiangcity_backan_backancity,115.612526
2025-07-17 17:00:00+00:00,angiang_longxuyen_bacgiang_bacgiangcity_backan_backancity,115.9369
2025-07-17 18:00:00+00:00,angiang_longxuyen_bacgiang_bacgiangcity_backan_backancity,116.09366
2025-07-17 19:00:00+00:00,angiang_longxuyen_bacgiang_bacgiangcity_backan_backancity,116.21548
2025-07-17 20:00:00+00:00,angiang_longxuyen_bacgiang_bacgiangcity_backan_backancity,116.00508
2025-07-17 21:00:00+00:00,angiang_longxuyen_bacgiang_bacgiangcity_backan_backancity,115.77386
2025-07-17 22:00:00+00:00,angiang_longxuyen_bacgiang_bacgiangcity_backan_backancity,115.68045
2025-07-17 23:00:00+00:00,angiang_longxuyen_bacgiang_bacgiangcity_backan_backancity,115.309814
2025-07-18 00:00:00+00:00,angiang_longxuyen_bacgiang_bacgiangcity_backan_backancity,114.906845
2025-07-18 01:00:00+00:00,angiang_longxuyen_bacgiang_bacgiangcity_backan_backancity,114.39077
2025-07-18 02:00:00+00:00,angiang_longxuyen_bacgiang_bacgiangcity_backan_backancity,113.894516
2025-07-18 03:00:00+00:00,angiang_longxuyen_bacgiang_bacgiangcity_backan_backancity,113.51547
2025-07-18 04:00:00+00:00,angiang_longxuyen_bacgiang_bacgiangcity_backan_backancity,113.82444
2025-07-18 05:00:00+00:00,angiang_longxuyen_bacgiang_bacgiangcity_backan_backancity,114.21407
2025-07-18 06:00:00+00:00,angiang_longxuyen_bacgiang_bacgiangcity_backan_backancity,114.21875
2025-07-18 07:00:00+00:00,angiang_longxuyen_bacgiang_bacgiangcity_backan_backancity,114.11932
2025-07-18 08:00:00+00:00,angiang_longxuyen_bacgiang_bacgiangcity_backan_backancity,113.87869
2025-07-18 09:00:00+00:00,angiang_longxuyen_bacgiang_bacgiangcity_backan_backancity,113.580635
2025-07-18 10:00:00+00:00,angiang_longxuyen_bacgiang_bacgiangcity_backan_backancity,113.545364
2025-07-18 11:00:00+00:00,angiang_longxuyen_bacgiang_bacgiangcity_backan_backancity,113.278114
2025-07-18 12:00:00+00:00,angiang_longxuyen_bacgiang_bacgiangcity_backan_backancity,113.11557
2025-07-18 13:00:00+00:00,angiang_longxuyen_bacgiang_bacgiangcity_backan_backancity,112.84627
2025-07-18 14:00:00+00:00,angiang_longxuyen_bacgiang_bacgiangcity_backan_backancity,112.5133
2025-07-18 15:00:00+00:00,angiang_longxuyen_bacgiang_bacgiangcity_backan_backancity,112.297035
2025-07-18 16:00:00+00:00,angiang_longxuyen_bacgiang_bacgiangcity_backan_backancity,112.02349
2025-07-18 17:00:00+00:00,angiang_longxuyen_bacgiang_bacgiangcity_backan_backancity,111.7779
2025-07-18 18:00:00+00:00,angiang_longxuyen_bacgiang_bacgiangcity_backan_backancity,111.53473
2025-07-18 19:00:00+00:00,angiang_longxuyen_bacgiang_bacgiangcity_backan_backancity,111.49248
2025-07-18 20:00:00+00:00,angiang_longxuyen_bacgiang_bacgiangcity_backan_backancity,111.643196
2025-07-18 21:00:00+00:00,angiang_longxuyen_bacgiang_bacgiangcity_backan_backancity,111.65307
2025-07-18 22:00:00+00:00,angiang_longxuyen_bacgiang_bacgiangcity_backan_backancity,111.54018
2025-07-18 23:00:00+00:00,angiang_longxuyen_bacgiang_bacgiangcity_backan_backancity,111.51167
2025-07-19 00:00:00+00:00,angiang_longxuyen_bacgiang_bacgiangcity_backan_backancity,111.480675
2025-07-19 01:00:00+00:00,angiang_longxuyen_bacgiang_bacgiangcity_backan_backancity,111.279526
2025-07-19 02:00:00+00:00,angiang_longxuyen_bacgiang_bacgiangcity_backan_backancity,110.983475
2025-07-19 03:00:00+00:00,angiang_longxuyen_bacgiang_bacgiangcity_backan_backancity,110.72216
2025-07-19 04:00:00+00:00,angiang_longxuyen_bacgiang_bacgiangcity_backan_backancity,110.88221
2025-07-19 05:00:00+00:00,angiang_longxuyen_bacgiang_bacgiangcity_backan_backancity,110.93933
2025-07-19 06:00:00+00:00,angiang_longxuyen_bacgiang_bacgiangcity_backan_backancity,110.6805
2025-07-19 07:00:00+00:00,angiang_longxuyen_bacgiang_bacgiangcity_backan_backancity,110.51745
2025-07-19 08:00:00+00:00,angiang_longxuyen_bacgiang_bacgiangcity_backan_backancity,110.25368
2025-07-19 09:00:00+00:00,angiang_longxuyen_bacgiang_bacgiangcity_backan_backancity,109.97201
2025-07-19 10:00:00+00:00,angiang_longxuyen_bacgiang_bacgiangcity_backan_backancity,109.67318
2025-07-19 11:00:00+00:00,angiang_longxuyen_bacgiang_bacgiangcity_backan_backancity,109.55094
2025-07-19 12:00:00+00:00,angiang_longxuyen_bacgiang_bacgiangcity_backan_backancity,109.408714
2025-07-19 13:00:00+00:00,angiang_longxuyen_bacgiang_bacgiangcity_backan_backancity,109.277214
2025-07-19 14:00:00+00:00,angiang_longxuyen_bacgiang_bacgiangcity_backan_backancity,109.19229
2025-07-19 15:00:00+00:00,angiang_longxuyen_bacgiang_bacgiangcity_backan_backancity,109.17586
2025-07-19 16:00:00+00:00,angiang_longxuyen_bacgiang_bacgiangcity_backan_backancity,109.13161
2025-07-19 17:00:00+00:00,angiang_longxuyen_bacgiang_bacgiangcity_backan_backancity,109.14496
2025-07-19 18:00:00+00:00,angiang_longxuyen_bacgiang_bacgiangcity_backan_backancity,109.8113
2025-07-19 19:00:00+00:00,angiang_longxuyen_bacgiang_bacgiangcity_backan_backancity,110.373856
2025-07-19 20:00:00+00:00,angiang_longxuyen_bacgiang_bacgiangcity_backan_backancity,111.35683
2025-07-19 21:00:00+00:00,angiang_longxuyen_bacgiang_bacgiangcity_backan_backancity,111.86907
2025-07-19 22:00:00+00:00,angiang_longxuyen_bacgiang_bacgiangcity_backan_backancity,112.02311
2025-07-19 23:00:00+00:00,angiang_longxuyen_bacgiang_bacgiangcity_backan_backancity,112.18054
2025-07-20 00:00:00+00:00,angiang_longxuyen_bacgiang_bacgiangcity_backan_backancity,112.39638
2025-07-20 01:00:00+00:00,angiang_longxuyen_bacgiang_bacgiangcity_backan_backancity,112.47821
2025-07-20 02:00:00+00:00,angiang_longxuyen_bacgiang_bacgiangcity_backan_backancity,112.80553
2025-07-20 03:00:00+00:00,angiang_longxuyen_bacgiang_bacgiangcity_backan_backancity,113.24296
2025-07-20 04:00:00+00:00,angiang_longxuyen_bacgiang_bacgiangcity_backan_backancity,113.547485
2025-07-20 05:00:00+00:00,angiang_longxuyen_bacgiang_bacgiangcity_backan_backancity,114.10801
2025-07-20 06:00:00+00:00,angiang_longxuyen_bacgiang_bacgiangcity_backan_backancity,114.2269
2025-07-20 07:00:00+00:00,angiang_longxuyen_bacgiang_bacgiangcity_backan_backancity,114.63721
2025-07-20 08:00:00+00:00,angiang_longxuyen_bacgiang_bacgiangcity_backan_backancity,114.88333
2025-07-20 09:00:00+00:00,angiang_longxuyen_bacgiang_bacgiangcity_backan_backancity,114.90738
2025-07-20 10:00:00+00:00,angiang_longxuyen_bacgiang_bacgiangcity_backan_backancity,114.97051
2025-07-20 11:00:00+00:00,angiang_longxuyen_bacgiang_bacgiangcity_backan_backancity,114.90854
2025-07-20 12:00:00+00:00,angiang_longxuyen_bacgiang_bacgiangcity_backan_backancity,114.89462
2025-07-20 13:00:00+00:00,angiang_longxuyen_bacgiang_bacgiangcity_backan_backancity,115.009224
2025-07-20 14:00:00+00:00,angiang_longxuyen_bacgiang_bacgiangcity_backan_backancity,115.25252
2025-07-20 15:00:00+00:00,angiang_longxuyen_bacgiang_bacgiangcity_backan_backancity,115.544014
2025-07-20 16:00:00+00:00,angiang_longxuyen_bacgiang_bacgiangcity_backan_backancity,115.97013
2025-07-20 17:00:00+00:00,angiang_longxuyen_bacgiang_bacgiangcity_backan_backancity,116.42435
2025-07-20 18:00:00+00:00,angiang_longxuyen_bacgiang_bacgiangcity_backan_backancity,116.68676
2025-07-20 19:00:00+00:00,angiang_longxuyen_bacgiang_bacgiangcity_backan_backancity,116.50916
2025-07-20 20:00:00+00:00,angiang_longxuyen_bacgiang_bacgiangcity_backan_backancity,115.65453
2025-07-20 21:00:00+00:00,angiang_longxuyen_bacgiang_bacgiangcity_backan_backancity,115.21533
2025-07-20 22:00:00+00:00,angiang_longxuyen_bacgiang_bacgiangcity_backan_backancity,114.950836
2025-07-20 23:00:00+00:00,angiang_longxuyen_bacgiang_bacgiangcity_backan_backancity,114.73994
2025-07-21 00:00:00+00:00,angiang_longxuyen_bacgiang_bacgiangcity_backan_backancity,114.46193
2025-07-21 01:00:00+00:00,angiang_longxuyen_bacgiang_bacgiangcity_backan_backancity,114.06206
2025-07-21 02:00:00+00:00,angiang_longxuyen_bacgiang_bacgiangcity_backan_backancity,113.61807
2025-07-21 03:00:00+00:00,angiang_longxuyen_bacgiang_bacgiangcity_backan_backancity,113.286125
2025-07-21 04:00:00+00:00,angiang_longxuyen_bacgiang_bacgiangcity_backan_backancity,113.51201
2025-07-21 05:00:00+00:00,angiang_longxuyen_bacgiang_bacgiangcity_backan_backancity,113.86769
2025-07-21 06:00:00+00:00,angiang_longxuyen_bacgiang_bacgiangcity_backan_backancity,114.41922
2025-07-21 07:00:00+00:00,angiang_longxuyen_bacgiang_bacgiangcity_backan_backancity,114.62335
2025-07-21 08:00:00+00:00,angiang_longxuyen_bacgiang_bacgiangcity_backan_backancity,114.87237
2025-07-21 09:00:00+00:00,angiang_longxuyen_bacgiang_bacgiangcity_backan_backancity,115.07238
2025-07-21 10:00:00+00:00,angiang_longxuyen_bacgiang_bacgiangcity_backan_backancity,115.10819
2025-07-21 11:00:00+00:00,angiang_longxuyen_bacgiang_bacgiangcity_backan_backancity,114.94323
2025-07-21 12:00:00+00:00,angiang_longxuyen_bacgiang_bacgiangcity_backan_backancity,115.06837
2025-07-21 13:00:00+00:00,angiang_longxuyen_bacgiang_bacgiangcity_backan_backancity,114.9567
2025-07-21 14:00:00+00:00,angiang_longxuyen_bacgiang_bacgiangcity_backan_backancity,114.94534
2025-07-21 15:00:00+00:00,angiang_longxuyen_bacgiang_bacgiangcity_backan_backancity,114.843155
2025-07-21 16:00:00+00:00,angiang_longxuyen_bacgiang_bacgiangcity_backan_backancity,114.4291
2025-07-21 17:00:00+00:00,angiang_longxuyen_bacgiang_bacgiangcity_backan_backancity,114.20371
2025-07-21 18:00:00+00:00,angiang_longxuyen_bacgiang_bacgiangcity_backan_backancity,114.08429
2025-07-21 19:00:00+00:00,angiang_longxuyen_bacgiang_bacgiangcity_backan_backancity,114.32627
2025-07-21 20:00:00+00:00,angiang_longxuyen_bacgiang_bacgiangcity_backan_backancity,114.64874
2025-07-21 21:00:00+00:00,angiang_longxuyen_bacgiang_bacgiangcity_backan_backancity,114.58862
2025-07-21 22:00:00+00:00,angiang_longxuyen_bacgiang_bacgiangcity_backan_backancity,114.741714
2025-07-21 23:00:00+00:00,angiang_longxuyen_bacgiang_bacgiangcity_backan_backancity,114.59957
2025-07-22 00:00:00+00:00,angiang_longxuyen_bacgiang_bacgiangcity_backan_backancity,114.557335
2025-07-22 01:00:00+00:00,angiang_longxuyen_bacgiang_bacgiangcity_backan_backancity,114.45178
2025-07-22 02:00:00+00:00,angiang_longxuyen_bacgiang_bacgiangcity_backan_backancity,114.30674
2025-07-22 03:00:00+00:00,angiang_longxuyen_bacgiang_bacgiangcity_backan_backancity,114.074715
2025-07-22 04:00:00+00:00,angiang_longxuyen_bacgiang_bacgiangcity_backan_backancity,114.47658
2025-07-22 05:00:00+00:00,angiang_longxuyen_bacgiang_bacgiangcity_backan_backancity,115.02921
2025-07-22 06:00:00+00:00,angiang_longxuyen_bacgiang_bacgiangcity_backan_backancity,115.31845
2025-07-22 07:00:00+00:00,angiang_longxuyen_bacgiang_bacgiangcity_backan_backancity,115.58013
2025-07-22 08:00:00+00:00,angiang_longxuyen_bacgiang_bacgiangcity_backan_backancity,115.82769
2025-07-22 09:00:00+00:00,angiang_longxuyen_bacgiang_bacgiangcity_backan_backancity,115.77751
2025-07-22 10:00:00+00:00,angiang_longxuyen_bacgiang_bacgiangcity_backan_backancity,115.75431
2025-07-22 11:00:00+00:00,angiang_longxuyen_bacgiang_bacgiangcity_backan_backancity,115.80479
2025-07-22 12:00:00+00:00,angiang_longxuyen_bacgiang_bacgiangcity_backan_backancity,115.78474
2025-07-22 13:00:00+00:00,angiang_longxuyen_bacgiang_bacgiangcity_backan_backancity,115.55918
2025-07-22 14:00:00+00:00,angiang_longxuyen_bacgiang_bacgiangcity_backan_backancity,115.2369
2025-07-22 15:00:00+00:00,angiang_longxuyen_bacgiang_bacgiangcity_backan_backancity,115.251076
2025-07-22 16:00:00+00:00,angiang_longxuyen_bacgiang_bacgiangcity_backan_backancity,115.45579
2025-07-22 17:00:00+00:00,angiang_longxuyen_bacgiang_bacgiangcity_backan_backancity,115.62687
2025-07-22 18:00:00+00:00,angiang_longxuyen_bacgiang_bacgiangcity_backan_backancity,114.52037
2025-07-22 19:00:00+00:00,angiang_longxuyen_bacgiang_bacgiangcity_backan_backancity,114.9791
2025-07-22 20:00:00+00:00,angiang_longxuyen_bacgiang_bacgiangcity_backan_backancity,115.67349
2025-07-22 21:00:00+00:00,angiang_longxuyen_bacgiang_bacgiangcity_backan_backancity,115.79248
2025-07-22 22:00:00+00:00,angiang_longxuyen_bacgiang_bacgiangcity_backan_backancity,115.150925
2025-07-22 23:00:00+00:00,angiang_longxuyen_bacgiang_bacgiangcity_backan_backancity,114.617966
2025-07-23 00:00:00+00:00,angiang_longxuyen_bacgiang_bacgiangcity_backan_backancity,114.23331
2025-07-23 01:00:00+00:00,angiang_longxuyen_bacgiang_bacgiangcity_backan_backancity,113.93005
2025-07-23 02:00:00+00:00,angiang_longxuyen_bacgiang_bacgiangcity_backan_backancity,113.73547
2025-07-23 03:00:00+00:00,angiang_longxuyen_bacgiang_bacgiangcity_backan_backancity,113.83639
2025-07-23 04:00:00+00:00,angiang_longxuyen_bacgiang_bacgiangcity_backan_backancity,113.95424
2025-07-23 05:00:00+00:00,angiang_longxuyen_bacgiang_bacgiangcity_backan_backancity,114.510925
2025-07-23 06:00:00+00:00,angiang_longxuyen_bacgiang_bacgiangcity_backan_backancity,114.853065
2025-07-23 07:00:00+00:00,angiang_longxuyen_bacgiang_bacgiangcity_backan_backancity,115.03484
2025-07-23 08:00:00+00:00,angiang_longxuyen_bacgiang_bacgiangcity_backan_backancity,115.35772
2025-07-23 09:00:00+00:00,angiang_longxuyen_bacgiang_bacgiangcity_backan_backancity,116.1073
2025-07-23 10:00:00+00:00,angiang_longxuyen_bacgiang_bacgiangcity_backan_backancity,116.244606
2025-07-23 11:00:00+00:00,angiang_longxuyen_bacgiang_bacgiangcity_backan_backancity,116.13625
2025-07-23 12:00:00+00:00,angiang_longxuyen_bacgiang_bacgiangcity_backan_backancity,115.79202
2025-07-23 13:00:00+00:00,angiang_longxuyen_bacgiang_bacgiangcity_backan_backancity,115.42916
2025-07-23 14:00:00+00:00,angiang_longxuyen_bacgiang_bacgiangcity_backan_backancity,114.731544
2025-07-23 15:00:00+00:00,angiang_longxuyen_bacgiang_bacgiangcity_backan_backancity,114.03593
2025-07-23 16:00:00+00:00,angiang_longxuyen_bacgiang_bacgiangcity_backan_backancity,113.7215
2025-07-23 17:00:00+00:00,angiang_longxuyen_bacgiang_bacgiangcity_backan_backancity,113.42108
2025-07-23 18:00:00+00:00,angiang_longxuyen_bacgiang_bacgiangcity_backan_backancity,112.99519
2025-07-23 19:00:00+00:00,angiang_longxuyen_bacgiang_bacgiangcity_backan_backancity,112.475655
2025-07-23 20:00:00+00:00,angiang_longxuyen_bacgiang_bacgiangcity_backan_backancity,111.99014
2025-07-23 21:00:00+00:00,angiang_longxuyen_bacgiang_bacgiangcity_backan_backancity,111.736496
2025-07-23 22:00:00+00:00,angiang_longxuyen_bacgiang_bacgiangcity_backan_backancity,112.28074
2025-07-23 23:00:00+00:00,angiang_longxuyen_bacgiang_bacgiangcity_backan_backancity,112.706
2025-07-24 00:00:00+00:00,angiang_longxuyen_bacgiang_bacgiangcity_backan_backancity,112.80284
2025-07-24 01:00:00+00:00,angiang_longxuyen_bacgiang_bacgiangcity_backan_backancity,112.63486
2025-07-24 02:00:00+00:00,angiang_longxuyen_bacgiang_bacgiangcity_backan_backancity,112.41487
2025-07-24 03:00:00+00:00,angiang_longxuyen_bacgiang_bacgiangcity_backan_backancity,112.14974
2025-07-24 04:00:00+00:00,angiang_longxuyen_bacgiang_bacgiangcity_backan_backancity,112.020294
2025-07-24 05:00:00+00:00,angiang_longxuyen_bacgiang_bacgiangcity_backan_backancity,111.83551
2025-07-24 06:00:00+00:00,angiang_longxuyen_bacgiang_bacgiangcity_backan_backancity,111.65791
2025-07-24 07:00:00+00:00,angiang_longxuyen_bacgiang_bacgiangcity_backan_backancity,111.55081
2025-07-24 08:00:00+00:00,angiang_longxuyen_bacgiang_bacgiangcity_backan_backancity,111.44026
2025-07-24 09:00:00+00:00,angiang_longxuyen_bacgiang_bacgiangcity_backan_backancity,111.2854
2025-07-24 10:00:00+00:00,angiang_longxuyen_bacgiang_bacgiangcity_backan_backancity,111.08884
2025-07-24 11:00:00+00:00,angiang_longxuyen_bacgiang_bacgiangcity_backan_backancity,110.88186
2025-07-24 12:00:00+00:00,angiang_longxuyen_bacgiang_bacgiangcity_backan_backancity,110.705605
2025-07-24 13:00:00+00:00,angiang_longxuyen_bacgiang_bacgiangcity_backan_backancity,110.441475
2025-07-24 14:00:00+00:00,angiang_longxuyen_bacgiang_bacgiangcity_backan_backancity,110.26244
2025-07-24 15:00:00+00:00,angiang_longxuyen_bacgiang_bacgiangcity_backan_backancity,109.95986
2025-07-24 16:00:00+00:00,angiang_longxuyen_bacgiang_bacgiangcity_backan_backancity,109.77195
2025-07-24 17:00:00+00:00,angiang_longxuyen_bacgiang_bacgiangcity_backan_backancity,109.68849
2025-07-24 18:00:00+00:00,angiang_longxuyen_bacgiang_bacgiangcity_backan_backancity,109.154625
2025-07-24 19:00:00+00:00,angiang_longxuyen_bacgiang_bacgiangcity_backan_backancity,109.076675
2025-07-24 20:00:00+00:00,angiang_longxuyen_bacgiang_bacgiangcity_backan_backancity,109.0247
2025-07-24 21:00:00+00:00,angiang_longxuyen_bacgiang_bacgiangcity_backan_backancity,108.92809
2025-07-24 22:00:00+00:00,angiang_longxuyen_bacgiang_bacgiangcity_backan_backancity,108.809265
2025-07-24 23:00:00+00:00,angiang_longxuyen_bacgiang_bacgiangcity_backan_backancity,108.31846
2025-07-25 00:00:00+00:00,angiang_longxuyen_bacgiang_bacgiangcity_backan_backancity,108.14891
2025-07-25 01:00:00+00:00,angiang_longxuyen_bacgiang_bacgiangcity_backan_backancity,108.01442
2025-07-25 02:00:00+00:00,angiang_longxuyen_bacgiang_bacgiangcity_backan_backancity,108.283035
2025-07-25 03:00:00+00:00,angiang_longxuyen_bacgiang_bacgiangcity_backan_backancity,108.31779
2025-07-25 04:00:00+00:00,angiang_longxuyen_bacgiang_bacgiangcity_backan_backancity,108.51485
2025-07-25 05:00:00+00:00,angiang_longxuyen_bacgiang_bacgiangcity_backan_backancity,108.44099
2025-07-25 06:00:00+00:00,angiang_longxuyen_bacgiang_bacgiangcity_backan_backancity,108.36648
2025-07-25 07:00:00+00:00,angiang_longxuyen_bacgiang_bacgiangcity_backan_backancity,108.38607
2025-07-25 08:00:00+00:00,angiang_longxuyen_bacgiang_bacgiangcity_backan_backancity,108.37239
2025-07-25 09:00:00+00:00,angiang_longxuyen_bacgiang_bacgiangcity_backan_backancity,108.19582
2025-07-25 10:00:00+00:00,angiang_longxuyen_bacgiang_bacgiangcity_backan_backancity,108.038445
2025-07-25 11:00:00+00:00,angiang_longxuyen_bacgiang_bacgiangcity_backan_backancity,107.913124
2025-07-25 12:00:00+00:00,angiang_longxuyen_bacgiang_bacgiangcity_backan_backancity,107.84995
2025-07-25 13:00:00+00:00,angiang_longxuyen_bacgiang_bacgiangcity_backan_backancity,107.86755
2025-07-25 14:00:00+00:00,angiang_longxuyen_bacgiang_bacgiangcity_backan_backancity,107.85562
2025-07-25 15:00:00+00:00,angiang_longxuyen_bacgiang_bacgiangcity_backan_backancity,107.751274
2025-07-25 16:00:00+00:00,angiang_longxuyen_bacgiang_bacgiangcity_backan_backancity,108.36435
2025-07-25 17:00:00+00:00,angiang_longxuyen_bacgiang_bacgiangcity_backan_backancity,109.23796
2025-07-25 18:00:00+00:00,angiang_longxuyen_bacgiang_bacgiangcity_backan_backancity,109.23897
2025-07-25 19:00:00+00:00,angiang_longxuyen_bacgiang_bacgiangcity_backan_backancity,109.3153
2025-07-25 20:00:00+00:00,angiang_longxuyen_bacgiang_bacgiangcity_backan_backancity,109.43366
2025-07-25 21:00:00+00:00,angiang_longxuyen_bacgiang_bacgiangcity_backan_backancity,109.71069
2025-07-25 22:00:00+00:00,angiang_longxuyen_bacgiang_bacgiangcity_backan_backancity,109.89722
2025-07-25 23:00:00+00:00,angiang_longxuyen_bacgiang_bacgiangcity_backan_backancity,109.8806
2025-07-26 00:00:00+00:00,angiang_longxuyen_bacgiang_bacgiangcity_backan_backancity,109.95453
2025-07-26 01:00:00+00:00,angiang_longxuyen_bacgiang_bacgiangcity_backan_backancity,110.20478
2025-07-26 02:00:00+00:00,angiang_longxuyen_bacgiang_bacgiangcity_backan_backancity,110.69347
2025-07-26 03:00:00+00:00,angiang_longxuyen_bacgiang_bacgiangcity_backan_backancity,111.31181
2025-07-26 04:00:00+00:00,angiang_longxuyen_bacgiang_bacgiangcity_backan_backancity,111.73197
2025-07-26 05:00:00+00:00,angiang_longxuyen_bacgiang_bacgiangcity_backan_backancity,111.968796
2025-07-26 06:00:00+00:00,angiang_longxuyen_bacgiang_bacgiangcity_backan_backancity,112.040825
2025-07-26 07:00:00+00:00,angiang_longxuyen_bacgiang_bacgiangcity_backan_backancity,111.96639
2025-07-26 08:00:00+00:00,angiang_longxuyen_bacgiang_bacgiangcity_backan_backancity,111.79655
2025-07-26 09:00:00+00:00,angiang_longxuyen_bacgiang_bacgiangcity_backan_backancity,111.848694
2025-07-26 10:00:00+00:00,angiang_longxuyen_bacgiang_bacgiangcity_backan_backancity,111.90896
2025-07-26 11:00:00+00:00,angiang_longxuyen_bacgiang_bacgiangcity_backan_backancity,112.00929
2025-07-26 12:00:00+00:00,angiang_longxuyen_bacgiang_bacgiangcity_backan_backancity,112.01427
2025-07-26 13:00:00+00:00,angiang_longxuyen_bacgiang_bacgiangcity_backan_backancity,112.04955
2025-07-26 14:00:00+00:00,angiang_longxuyen_bacgiang_bacgiangcity_backan_backancity,111.869095
2025-07-26 15:00:00+00:00,angiang_longxuyen_bacgiang_bacgiangcity_backan_backancity,111.563286
2025-07-26 16:00:00+00:00,angiang_longxuyen_bacgiang_bacgiangcity_backan_backancity,111.69261
2025-07-26 17:00:00+00:00,angiang_longxuyen_bacgiang_bacgiangcity_backan_backancity,111.77411
2025-07-26 18:00:00+00:00,angiang_longxuyen_bacgiang_bacgiangcity_backan_backancity,111.63987
2025-07-26 19:00:00+00:00,angiang_longxuyen_bacgiang_bacgiangcity_backan_backancity,111.61454
2025-07-26 20:00:00+00:00,angiang_longxuyen_bacgiang_bacgiangcity_backan_backancity,111.536804
2025-07-26 21:00:00+00:00,angiang_longxuyen_bacgiang_bacgiangcity_backan_backancity,111.43154
2025-07-26 22:00:00+00:00,angiang_longxuyen_bacgiang_bacgiangcity_backan_backancity,111.17576
2025-07-26 23:00:00+00:00,angiang_longxuyen_bacgiang_bacgiangcity_backan_backancity,111.11036
2025-07-27 00:00:00+00:00,angiang_longxuyen_bacgiang_bacgiangcity_backan_backancity,111.19505
2025-07-27 01:00:00+00:00,angiang_longxuyen_bacgiang_bacgiangcity_backan_backancity,111.15907
2025-07-27 02:00:00+00:00,angiang_longxuyen_bacgiang_bacgiangcity_backan_backancity,111.60754
2025-07-27 03:00:00+00:00,angiang_longxuyen_bacgiang_bacgiangcity_backan_backancity,112.12624
2025-07-27 04:00:00+00:00,angiang_longxuyen_bacgiang_bacgiangcity_backan_backancity,112.55692
2025-07-27 05:00:00+00:00,angiang_longxuyen_bacgiang_bacgiangcity_backan_backancity,112.790596
2025-07-27 06:00:00+00:00,angiang_longxuyen_bacgiang_bacgiangcity_backan_backancity,112.90624
2025-07-27 07:00:00+00:00,angiang_longxuyen_bacgiang_bacgiangcity_backan_backancity,112.75246
2025-07-27 08:00:00+00:00,angiang_longxuyen_bacgiang_bacgiangcity_backan_backancity,112.44387
2025-07-27 09:00:00+00:00,angiang_longxuyen_bacgiang_bacgiangcity_backan_backancity,112.151505
2025-07-27 10:00:00+00:00,angiang_longxuyen_bacgiang_bacgiangcity_backan_backancity,111.90028
2025-07-27 11:00:00+00:00,angiang_longxuyen_bacgiang_bacgiangcity_backan_backancity,111.67277
2025-07-27 12:00:00+00:00,angiang_longxuyen_bacgiang_bacgiangcity_backan_backancity,111.430336
2025-07-27 13:00:00+00:00,angiang_longxuyen_bacgiang_bacgiangcity_backan_backancity,111.219
2025-07-27 14:00:00+00:00,angiang_longxuyen_bacgiang_bacgiangcity_backan_backancity,111.12263
2025-07-27 15:00:00+00:00,angiang_longxuyen_bacgiang_bacgiangcity_backan_backancity,110.854065
2025-07-27 16:00:00+00:00,angiang_longxuyen_bacgiang_bacgiangcity_backan_backancity,110.800156
2025-07-27 17:00:00+00:00,angiang_longxuyen_bacgiang_bacgiangcity_backan_backancity,110.85354
2025-07-27 18:00:00+00:00,angiang_longxuyen_bacgiang_bacgiangcity_backan_backancity,110.95878
2025-07-27 19:00:00+00:00,angiang_longxuyen_bacgiang_bacgiangcity_backan_backancity,111.04586
2025-07-27 20:00:00+00:00,angiang_longxuyen_bacgiang_bacgiangcity_backan_backancity,110.97647
2025-07-27 21:00:00+00:00,angiang_longxuyen_bacgiang_bacgiangcity_backan_backancity,111.10808
2025-07-27 22:00:00+00:00,angiang_longxuyen_bacgiang_bacgiangcity_backan_backancity,110.96363
2025-07-27 23:00:00+00:00,angiang_longxuyen_bacgiang_bacgiangcity_backan_backancity,110.68786
2025-07-28 00:00:00+00:00,angiang_longxuyen_bacgiang_bacgiangcity_backan_backancity,110.4627
2025-07-28 01:00:00+00:00,angiang_longxuyen_bacgiang_bacgiangcity_backan_backancity,110.5475
2025-07-28 02:00:00+00:00,angiang_longxuyen_bacgiang_bacgiangcity_backan_backancity,110.72012
2025-07-28 03:00:00+00:00,angiang_longxuyen_bacgiang_bacgiangcity_backan_backancity,110.5231
2025-07-28 04:00:00+00:00,angiang_longxuyen_bacgiang_bacgiangcity_backan_backancity,110.576195
2025-07-28 05:00:00+00:00,angiang_longxuyen_bacgiang_bacgiangcity_backan_backancity,110.57362
2025-07-28 06:00:00+00:00,angiang_longxuyen_bacgiang_bacgiangcity_backan_backancity,110.51943
2025-07-28 07:00:00+00:00,angiang_longxuyen_bacgiang_bacgiangcity_backan_backancity,110.39582
2025-07-28 08:00:00+00:00,angiang_longxuyen_bacgiang_bacgiangcity_backan_backancity,110.20807
2025-07-28 09:00:00+00:00,angiang_longxuyen_bacgiang_bacgiangcity_backan_backancity,110.01034
2025-07-28 10:00:00+00:00,angiang_longxuyen_bacgiang_bacgiangcity_backan_backancity,109.84618
2025-07-28 11:00:00+00:00,angiang_longxuyen_bacgiang_bacgiangcity_backan_backancity,109.63753
2025-07-28 12:00:00+00:00,angiang_longxuyen_bacgiang_bacgiangcity_backan_backancity,109.512665
2025-07-28 13:00:00+00:00,angiang_longxuyen_bacgiang_bacgiangcity_backan_backancity,109.359535
2025-07-28 14:00:00+00:00,angiang_longxuyen_bacgiang_bacgiangcity_backan_backancity,109.255066
2025-07-28 15:00:00+00:00,angiang_longxuyen_bacgiang_bacgiangcity_backan_backancity,109.3095
2025-07-28 16:00:00+00:00,angiang_longxuyen_bacgiang_bacgiangcity_backan_backancity,109.48012
2025-07-28 17:00:00+00:00,angiang_longxuyen_bacgiang_bacgiangcity_backan_backancity,109.77659
2025-07-28 18:00:00+00:00,angiang_longxuyen_bacgiang_bacgiangcity_backan_backancity,110.06338
2025-07-28 19:00:00+00:00,angiang_longxuyen_bacgiang_bacgiangcity_backan_backancity,110.203026
2025-07-28 20:00:00+00:00,angiang_longxuyen_bacgiang_bacgiangcity_backan_backancity,110.24342
2025-07-28 21:00:00+00:00,angiang_longxuyen_bacgiang_bacgiangcity_backan_backancity,110.33041
2025-07-28 22:00:00+00:00,angiang_longxuyen_bacgiang_bacgiangcity_backan_backancity,110.28686
2025-07-28 23:00:00+00:00,angiang_longxuyen_bacgiang_bacgiangcity_backan_backancity,110.22104
2025-07-29 00:00:00+00:00,angiang_longxuyen_bacgiang_bacgiangcity_backan_backancity,110.35182
2025-07-29 01:00:00+00:00,angiang_longxuyen_bacgiang_bacgiangcity_backan_backancity,110.70454
2025-07-29 02:00:00+00:00,angiang_longxuyen_bacgiang_bacgiangcity_backan_backancity,110.935585
2025-07-29 03:00:00+00:00,angiang_longxuyen_bacgiang_bacgiangcity_backan_backancity,111.19154
2025-07-29 04:00:00+00:00,angiang_longxuyen_bacgiang_bacgiangcity_backan_backancity,111.50298
2025-07-29 05:00:00+00:00,angiang_longxuyen_bacgiang_bacgiangcity_backan_backancity,111.985214
2025-07-29 06:00:00+00:00,angiang_longxuyen_bacgiang_bacgiangcity_backan_backancity,112.58754
2025-07-29 07:00:00+00:00,angiang_longxuyen_bacgiang_bacgiangcity_backan_backancity,112.91871
2025-07-29 08:00:00+00:00,angiang_longxuyen_bacgiang_bacgiangcity_backan_backancity,113.0646
2025-07-29 09:00:00+00:00,angiang_longxuyen_bacgiang_bacgiangcity_backan_backancity,113.16477
2025-07-29 10:00:00+00:00,angiang_longxuyen_bacgiang_bacgiangcity_backan_backancity,113.21661
2025-07-29 11:00:00+00:00,angiang_longxuyen_bacgiang_bacgiangcity_backan_backancity,113.28109
2025-07-29 12:00:00+00:00,angiang_longxuyen_bacgiang_bacgiangcity_backan_backancity,113.44397
2025-07-29 13:00:00+00:00,angiang_longxuyen_bacgiang_bacgiangcity_backan_backancity,113.62208
2025-07-29 14:00:00+00:00,angiang_longxuyen_bacgiang_bacgiangcity_backan_backancity,113.830765
2025-07-29 15:00:00+00:00,angiang_longxuyen_bacgiang_bacgiangcity_backan_backancity,114.37689
2025-07-29 16:00:00+00:00,angiang_longxuyen_bacgiang_bacgiangcity_backan_backancity,114.9275
2025-07-29 17:00:00+00:00,angiang_longxuyen_bacgiang_bacgiangcity_backan_backancity,115.00613
2025-07-29 18:00:00+00:00,angiang_longxuyen_bacgiang_bacgiangcity_backan_backancity,114.98895
2025-07-29 19:00:00+00:00,angiang_longxuyen_bacgiang_bacgiangcity_backan_backancity,114.66425
