time,location,predicted
2025-05-22 10:00:00+00:00,angiang_longxuyen,98.44362206689183
2025-05-22 11:00:00+00:00,backan_backancity,91.10197972475261
2025-05-22 12:00:00+00:00,bacgiang_bacgiangcity,156.75783181341222
2025-05-22 13:00:00+00:00,backan_backancity,93.4616218346966
2025-05-22 14:00:00+00:00,bacgiang_bacgiangcity,154.62470808653103
2025-05-22 15:00:00+00:00,angiang_longxuyen,100.54534358972303
2025-05-22 16:00:00+00:00,bacgiang_bacgiangcity,152.81945706105185
2025-05-22 17:00:00+00:00,angiang_longxuyen,103.05335006973945
2025-05-22 18:00:00+00:00,backan_backancity,95.82950619377809
2025-05-22 19:00:00+00:00,bacgiang_bacgiangcity,151.5244651005405
2025-05-22 20:00:00+00:00,angiang_longxuyen,105.82760980087285
2025-05-22 21:00:00+00:00,backan_backancity,98.16262342130776
2025-05-22 22:00:00+00:00,backan_backancity,100.49803315140794
2025-05-22 23:00:00+00:00,bacgiang_bacgiangcity,150.77721088587342
2025-05-23 00:00:00+00:00,angiang_longxuyen,108.57540950918225
2025-05-23 01:00:00+00:00,angiang_longxuyen,109.59348001153644
2025-05-23 02:00:00+00:00,backan_backancity,102.75187283046321
2025-05-23 03:00:00+00:00,bacgiang_bacgiangcity,150.500360265149
2025-05-23 04:00:00+00:00,angiang_longxuyen,109.70135286814954
2025-05-23 05:00:00+00:00,backan_backancity,103.75270472972034
2025-05-23 06:00:00+00:00,bacgiang_bacgiangcity,150.00290812979546
2025-05-23 07:00:00+00:00,backan_backancity,103.46010189641817
2025-05-23 08:00:00+00:00,angiang_longxuyen,109.0895299614654
2025-05-23 09:00:00+00:00,bacgiang_bacgiangcity,148.75525111675313
2025-05-23 10:00:00+00:00,backan_backancity,102.8020893968739
2025-05-23 11:00:00+00:00,angiang_longxuyen,108.14668970937083
2025-05-23 12:00:00+00:00,bacgiang_bacgiangcity,146.96846445096057
2025-05-23 13:00:00+00:00,backan_backancity,102.07603081809802
2025-05-23 14:00:00+00:00,bacgiang_bacgiangcity,144.94483327709787
2025-05-23 15:00:00+00:00,angiang_longxuyen,107.38217298023697
2025-05-23 16:00:00+00:00,angiang_longxuyen,106.98064616145408
2025-05-23 17:00:00+00:00,backan_backancity,101.29883956855963
2025-05-23 18:00:00+00:00,bacgiang_bacgiangcity,143.06514376658845
2025-05-23 19:00:00+00:00,angiang_longxuyen,106.91513289405853
2025-05-23 20:00:00+00:00,bacgiang_bacgiangcity,141.70119380698338
2025-05-23 21:00:00+00:00,backan_backancity,100.62956600945253
2025-05-23 22:00:00+00:00,angiang_longxuyen,107.39496855195064
2025-05-23 23:00:00+00:00,backan_backancity,100.41008294914135
2025-05-24 00:00:00+00:00,bacgiang_bacgiangcity,141.35212367633738
2025-05-24 01:00:00+00:00,bacgiang_bacgiangcity,142.0573632232949
2025-05-24 02:00:00+00:00,angiang_longxuyen,108.37725837956961
2025-05-24 03:00:00+00:00,backan_backancity,100.43245562220632
2025-05-24 04:00:00+00:00,angiang_longxuyen,109.75634483398252
2025-05-24 05:00:00+00:00,backan_backancity,100.59614449023088
2025-05-24 06:00:00+00:00,bacgiang_bacgiangcity,143.60171490278026
2025-05-24 07:00:00+00:00,bacgiang_bacgiangcity,145.36905445159132
2025-05-24 08:00:00+00:00,angiang_longxuyen,110.49394662648375
2025-05-24 09:00:00+00:00,backan_backancity,100.5441079696935
2025-05-24 10:00:00+00:00,bacgiang_bacgiangcity,146.27391089512443
2025-05-24 11:00:00+00:00,backan_backancity,99.88553743855871
2025-05-24 12:00:00+00:00,angiang_longxuyen,110.11915921993524
2025-05-24 13:00:00+00:00,bacgiang_bacgiangcity,145.93208112722527
2025-05-24 14:00:00+00:00,backan_backancity,98.19990064889441
2025-05-24 15:00:00+00:00,angiang_longxuyen,108.40341682024321
2025-05-24 16:00:00+00:00,backan_backancity,96.1164749105934
2025-05-24 17:00:00+00:00,angiang_longxuyen,106.13054167338052
2025-05-24 18:00:00+00:00,bacgiang_bacgiangcity,144.16797678673538
2025-05-24 19:00:00+00:00,backan_backancity,94.14396983186656
2025-05-24 20:00:00+00:00,bacgiang_bacgiangcity,141.7243089280777
2025-05-24 21:00:00+00:00,angiang_longxuyen,103.80061833233624
2025-05-24 22:00:00+00:00,backan_backancity,92.48225278088717
2025-05-25 00:00:00+00:00,angiang_longxuyen,101.64624188116865
2025-05-25 01:00:00+00:00,bacgiang_bacgiangcity,139.08858016567137
2025-05-25 02:00:00+00:00,angiang_longxuyen,99.41753574170296
2025-05-25 03:00:00+00:00,bacgiang_bacgiangcity,136.75956254247774
2025-05-25 04:00:00+00:00,backan_backancity,91.11192565898162
2025-05-25 05:00:00+00:00,bacgiang_bacgiangcity,134.99094612652436
2025-05-25 06:00:00+00:00,angiang_longxuyen,97.22947205621787
2025-05-25 07:00:00+00:00,backan_backancity,90.2273281234315
2025-05-25 08:00:00+00:00,angiang_longxuyen,95.14860961674927
2025-05-25 09:00:00+00:00,bacgiang_bacgiangcity,133.68362068151893
2025-05-25 10:00:00+00:00,backan_backancity,89.9504045730295
2025-05-25 11:00:00+00:00,bacgiang_bacgiangcity,132.69956260811023
2025-05-25 12:00:00+00:00,backan_backancity,90.16037987496152
2025-05-25 13:00:00+00:00,angiang_longxuyen,93.2542193961449
2025-05-25 14:00:00+00:00,backan_backancity,90.76408098603305
2025-05-25 15:00:00+00:00,bacgiang_bacgiangcity,131.6274317866652
2025-05-25 16:00:00+00:00,angiang_longxuyen,91.66471587724466
2025-05-25 17:00:00+00:00,bacgiang_bacgiangcity,130.38205352715585
2025-05-25 18:00:00+00:00,backan_backancity,91.62150803218678
2025-05-25 19:00:00+00:00,angiang_longxuyen,90.42651700648936
2025-05-25 20:00:00+00:00,angiang_longxuyen,89.44989178235363
2025-05-25 21:00:00+00:00,bacgiang_bacgiangcity,129.11827546865808
2025-05-25 22:00:00+00:00,backan_backancity,92.77242442567452
2025-05-25 23:00:00+00:00,bacgiang_bacgiangcity,127.74001933655819
2025-05-26 00:00:00+00:00,backan_backancity,94.03216744053447
2025-05-26 01:00:00+00:00,angiang_longxuyen,88.85523395130473
2025-05-26 02:00:00+00:00,angiang_longxuyen,88.55818659215855
2025-05-26 03:00:00+00:00,bacgiang_bacgiangcity,125.54395610233811
2025-05-26 04:00:00+00:00,backan_backancity,95.20938753626675
2025-05-26 05:00:00+00:00,bacgiang_bacgiangcity,122.63482952099287
2025-05-26 06:00:00+00:00,angiang_longxuyen,87.88397085182545
2025-05-26 07:00:00+00:00,backan_backancity,95.42263750027995
2025-05-26 08:00:00+00:00,bacgiang_bacgiangcity,119.06252229643361
2025-05-26 09:00:00+00:00,angiang_longxuyen,86.89749175223407
2025-05-26 10:00:00+00:00,backan_backancity,94.27988205727272
2025-05-26 11:00:00+00:00,angiang_longxuyen,85.69531655550863
2025-05-26 12:00:00+00:00,bacgiang_bacgiangcity,115.24530585658684
2025-05-26 13:00:00+00:00,backan_backancity,92.76087882081221
2025-05-26 14:00:00+00:00,bacgiang_bacgiangcity,111.58179947240227
2025-05-26 15:00:00+00:00,angiang_longxuyen,84.41420275397437
2025-05-26 16:00:00+00:00,backan_backancity,91.27316600274834
2025-05-26 17:00:00+00:00,angiang_longxuyen,83.5941216805952
2025-05-26 18:00:00+00:00,bacgiang_bacgiangcity,108.49020642440271
2025-05-26 19:00:00+00:00,backan_backancity,89.81701021485333
2025-05-26 20:00:00+00:00,backan_backancity,88.7155843788136
2025-05-26 21:00:00+00:00,angiang_longxuyen,82.96007345466191
2025-05-26 22:00:00+00:00,bacgiang_bacgiangcity,106.54758958640838
2025-05-26 23:00:00+00:00,bacgiang_bacgiangcity,106.5185018534998
2025-05-27 00:00:00+00:00,angiang_longxuyen,82.76072675656398
2025-05-27 01:00:00+00:00,backan_backancity,87.92787332217327
2025-05-27 02:00:00+00:00,backan_backancity,87.44066003532761
2025-05-27 03:00:00+00:00,angiang_longxuyen,83.17176559293878
2025-05-27 04:00:00+00:00,bacgiang_bacgiangcity,108.48410902512781
2025-05-27 05:00:00+00:00,backan_backancity,87.25594111764704
2025-05-27 06:00:00+00:00,angiang_longxuyen,84.14205310853407
2025-05-27 07:00:00+00:00,bacgiang_bacgiangcity,112.16226351439397
2025-05-27 08:00:00+00:00,angiang_longxuyen,84.9345954574234
2025-05-27 09:00:00+00:00,backan_backancity,87.05374298871175
2025-05-27 10:00:00+00:00,bacgiang_bacgiangcity,116.26672484737615
2025-05-27 11:00:00+00:00,angiang_longxuyen,84.66567384689334
2025-05-27 12:00:00+00:00,backan_backancity,86.68107711844036
2025-05-27 13:00:00+00:00,bacgiang_bacgiangcity,118.07226520042877
2025-05-27 14:00:00+00:00,bacgiang_bacgiangcity,116.46215964539024
2025-05-27 15:00:00+00:00,backan_backancity,85.92577911900433
2025-05-27 16:00:00+00:00,angiang_longxuyen,83.675171659349
2025-05-27 17:00:00+00:00,backan_backancity,84.87006345286215
2025-05-27 18:00:00+00:00,bacgiang_bacgiangcity,112.91887006353713
2025-05-27 19:00:00+00:00,angiang_longxuyen,82.42538653440292
2025-05-27 20:00:00+00:00,backan_backancity,83.84305816832537
2025-05-27 21:00:00+00:00,angiang_longxuyen,81.49282398679202
2025-05-27 22:00:00+00:00,bacgiang_bacgiangcity,109.41824344640472
2025-05-27 23:00:00+00:00,backan_backancity,82.96161095573396
2025-05-28 00:00:00+00:00,angiang_longxuyen,80.96095860815828
2025-05-28 01:00:00+00:00,bacgiang_bacgiangcity,107.6703716381315
2025-05-28 02:00:00+00:00,backan_backancity,82.30807018121673
2025-05-28 03:00:00+00:00,bacgiang_bacgiangcity,108.09885112867738
2025-05-28 04:00:00+00:00,angiang_longxuyen,80.82489813225996
2025-05-28 05:00:00+00:00,backan_backancity,82.04601113379216
2025-05-28 06:00:00+00:00,bacgiang_bacgiangcity,110.54514505351295
2025-05-28 07:00:00+00:00,angiang_longxuyen,80.97723029524289
2025-05-28 08:00:00+00:00,angiang_longxuyen,81.37268848311757
2025-05-28 09:00:00+00:00,backan_backancity,82.15581692575384
2025-05-28 10:00:00+00:00,bacgiang_bacgiangcity,114.21511199089983
2025-05-28 11:00:00+00:00,bacgiang_bacgiangcity,118.55336076333526
2025-05-28 12:00:00+00:00,backan_backancity,82.527201146609
2025-05-28 13:00:00+00:00,angiang_longxuyen,82.10226023988741
2025-05-28 14:00:00+00:00,backan_backancity,83.02897884874228
2025-05-28 15:00:00+00:00,angiang_longxuyen,83.0472064858688
2025-05-28 16:00:00+00:00,bacgiang_bacgiangcity,123.04824992979033
2025-05-28 17:00:00+00:00,bacgiang_bacgiangcity,127.03913165888707
2025-05-28 18:00:00+00:00,angiang_longxuyen,84.22156080394188
2025-05-28 19:00:00+00:00,backan_backancity,83.8156772588756
2025-05-28 20:00:00+00:00,angiang_longxuyen,85.62101197414874
2025-05-28 21:00:00+00:00,bacgiang_bacgiangcity,130.6121861137496
2025-05-28 22:00:00+00:00,backan_backancity,84.94212993001761
2025-05-28 23:00:00+00:00,angiang_longxuyen,87.3855275901976
2025-05-29 00:00:00+00:00,bacgiang_bacgiangcity,133.85785087687816
2025-05-29 01:00:00+00:00,backan_backancity,86.53839797540755
2025-05-29 02:00:00+00:00,backan_backancity,87.1876657881584
2025-05-29 03:00:00+00:00,angiang_longxuyen,89.2872633835755
2025-05-29 04:00:00+00:00,bacgiang_bacgiangcity,136.9322719747237
2025-05-29 05:00:00+00:00,backan_backancity,86.83897226158528
2025-05-29 06:00:00+00:00,bacgiang_bacgiangcity,139.4921466990132
2025-05-29 07:00:00+00:00,angiang_longxuyen,90.44095588708605
2025-05-29 08:00:00+00:00,backan_backancity,85.74648449554147
2025-05-29 09:00:00+00:00,angiang_longxuyen,90.56123964125267
2025-05-29 10:00:00+00:00,bacgiang_bacgiangcity,140.43917562529595
2025-05-29 11:00:00+00:00,backan_backancity,84.32270111552226
2025-05-29 12:00:00+00:00,bacgiang_bacgiangcity,140.46054282526478
2025-05-29 13:00:00+00:00,angiang_longxuyen,90.20891039091583
2025-05-29 14:00:00+00:00,backan_backancity,82.95695541205231
2025-05-29 15:00:00+00:00,angiang_longxuyen,89.73267840060743
2025-05-29 16:00:00+00:00,bacgiang_bacgiangcity,140.09196819035003
2025-05-29 17:00:00+00:00,angiang_longxuyen,89.61261582661058
2025-05-29 18:00:00+00:00,bacgiang_bacgiangcity,139.74814182308046
2025-05-29 19:00:00+00:00,backan_backancity,81.81577094603472
2025-05-29 20:00:00+00:00,bacgiang_bacgiangcity,139.7141828958247
2025-05-29 21:00:00+00:00,angiang_longxuyen,89.98547059670264
2025-05-29 22:00:00+00:00,backan_backancity,80.86147535449848
2025-05-29 23:00:00+00:00,backan_backancity,80.28719359714412
2025-05-30 00:00:00+00:00,bacgiang_bacgiangcity,140.29439706400296
2025-05-30 01:00:00+00:00,angiang_longxuyen,90.35900923196827
2025-05-30 02:00:00+00:00,angiang_longxuyen,90.4132952146107
2025-05-30 03:00:00+00:00,backan_backancity,80.37542176908354
2025-05-30 04:00:00+00:00,bacgiang_bacgiangcity,141.59795407714284
2025-05-30 05:00:00+00:00,backan_backancity,80.77361063537859
2025-05-30 06:00:00+00:00,angiang_longxuyen,89.9448989801548
2025-05-30 07:00:00+00:00,bacgiang_bacgiangcity,143.32526838420387
2025-05-30 08:00:00+00:00,backan_backancity,81.15952340446682
2025-05-30 09:00:00+00:00,angiang_longxuyen,89.18366259205241
2025-05-30 10:00:00+00:00,bacgiang_bacgiangcity,144.9807290252998
2025-05-30 11:00:00+00:00,backan_backancity,81.13166904989687
2025-05-30 12:00:00+00:00,bacgiang_bacgiangcity,145.78250116289547
2025-05-30 13:00:00+00:00,angiang_longxuyen,88.1681024846252
2025-05-30 14:00:00+00:00,angiang_longxuyen,86.87082220603303
2025-05-30 15:00:00+00:00,bacgiang_bacgiangcity,145.06402667280594
2025-05-30 16:00:00+00:00,backan_backancity,80.03221470628935
2025-05-30 17:00:00+00:00,bacgiang_bacgiangcity,143.20893478831258
2025-05-30 18:00:00+00:00,angiang_longxuyen,85.60239697283299
2025-05-30 19:00:00+00:00,backan_backancity,78.62784496733407
2025-05-30 20:00:00+00:00,angiang_longxuyen,84.52228931845421
2025-05-30 21:00:00+00:00,backan_backancity,77.27701995856035
2025-05-30 22:00:00+00:00,bacgiang_bacgiangcity,140.52504135390845
2025-05-30 23:00:00+00:00,bacgiang_bacgiangcity,137.56305868982918
2025-05-31 00:00:00+00:00,backan_backancity,76.4197232293715
2025-05-31 01:00:00+00:00,angiang_longxuyen,83.70323882510934
2025-05-31 02:00:00+00:00,backan_backancity,76.1065368912426
2025-05-31 03:00:00+00:00,bacgiang_bacgiangcity,134.70158985944397
2025-05-31 04:00:00+00:00,angiang_longxuyen,83.28951474191662
2025-05-31 05:00:00+00:00,bacgiang_bacgiangcity,132.1655117302854
2025-05-31 06:00:00+00:00,backan_backancity,76.41666018291222
2025-05-31 07:00:00+00:00,angiang_longxuyen,83.15428638168405
2025-05-31 08:00:00+00:00,bacgiang_bacgiangcity,129.87400626388578
2025-05-31 09:00:00+00:00,backan_backancity,77.245949524765
2025-05-31 10:00:00+00:00,angiang_longxuyen,83.46378319546739
2025-05-31 11:00:00+00:00,backan_backancity,78.35866989628514
2025-05-31 12:00:00+00:00,bacgiang_bacgiangcity,127.59997283532995
2025-05-31 13:00:00+00:00,angiang_longxuyen,84.24156266470054
2025-05-31 14:00:00+00:00,backan_backancity,79.48096438023536
2025-05-31 15:00:00+00:00,bacgiang_bacgiangcity,125.26000141367419
2025-05-31 16:00:00+00:00,angiang_longxuyen,84.98678680407963
2025-05-31 17:00:00+00:00,angiang_longxuyen,85.77836074249589
2025-05-31 18:00:00+00:00,backan_backancity,80.55996015592284
2025-05-31 19:00:00+00:00,bacgiang_bacgiangcity,122.74033724424997
2025-05-31 20:00:00+00:00,backan_backancity,81.63964457905783
2025-05-31 21:00:00+00:00,bacgiang_bacgiangcity,119.97929975333342
2025-05-31 22:00:00+00:00,angiang_longxuyen,86.51278411617899
2025-05-31 23:00:00+00:00,backan_backancity,82.66115742197324
2025-06-01 00:00:00+00:00,angiang_longxuyen,86.94039950960214
2025-06-01 01:00:00+00:00,bacgiang_bacgiangcity,116.86983415204747
2025-06-01 02:00:00+00:00,angiang_longxuyen,86.29337458332967
2025-06-01 03:00:00+00:00,backan_backancity,82.6011972712997
2025-06-01 04:00:00+00:00,bacgiang_bacgiangcity,113.74492658820571
2025-06-01 05:00:00+00:00,angiang_longxuyen,85.13984109042767
2025-06-01 06:00:00+00:00,backan_backancity,81.74601191605585
2025-06-01 07:00:00+00:00,bacgiang_bacgiangcity,110.28903754600807
2025-06-01 08:00:00+00:00,backan_backancity,80.37370015046474
2025-06-01 09:00:00+00:00,bacgiang_bacgiangcity,106.65655549150914
2025-06-01 10:00:00+00:00,angiang_longxuyen,83.63122734410422
2025-06-01 11:00:00+00:00,bacgiang_bacgiangcity,102.91993419133055
2025-06-01 12:00:00+00:00,angiang_longxuyen,81.99508708973033
2025-06-01 13:00:00+00:00,backan_backancity,79.14329758180195
2025-06-01 14:00:00+00:00,angiang_longxuyen,80.4415940936066
2025-06-01 15:00:00+00:00,bacgiang_bacgiangcity,99.5413021868672
2025-06-01 16:00:00+00:00,backan_backancity,78.1621327841276
2025-06-01 17:00:00+00:00,bacgiang_bacgiangcity,96.67476773280991
2025-06-01 18:00:00+00:00,backan_backancity,77.21991960770357
2025-06-01 19:00:00+00:00,angiang_longxuyen,79.08830143147925
2025-06-01 20:00:00+00:00,bacgiang_bacgiangcity,94.29484818357139
2025-06-01 21:00:00+00:00,backan_backancity,76.43300360410595
2025-06-01 22:00:00+00:00,angiang_longxuyen,78.29294949664953
2025-06-01 23:00:00+00:00,backan_backancity,75.88642555969241
2025-06-02 00:00:00+00:00,bacgiang_bacgiangcity,92.6520426348921
2025-06-02 01:00:00+00:00,angiang_longxuyen,77.88652794576487
2025-06-02 02:00:00+00:00,backan_backancity,75.76252162415236
2025-06-02 03:00:00+00:00,bacgiang_bacgiangcity,91.55978800470291
2025-06-02 04:00:00+00:00,angiang_longxuyen,77.6660985929976
2025-06-02 05:00:00+00:00,backan_backancity,75.9735107681599
2025-06-02 06:00:00+00:00,bacgiang_bacgiangcity,90.73076647019084
2025-06-02 07:00:00+00:00,angiang_longxuyen,77.81657045141743
2025-06-02 08:00:00+00:00,bacgiang_bacgiangcity,90.25649879890375
2025-06-02 09:00:00+00:00,angiang_longxuyen,78.05838135097538
2025-06-02 10:00:00+00:00,backan_backancity,76.04047695015717
2025-06-02 11:00:00+00:00,angiang_longxuyen,78.2087408259576
2025-06-02 12:00:00+00:00,backan_backancity,75.80789583930556
2025-06-02 13:00:00+00:00,bacgiang_bacgiangcity,90.23819105868873
2025-06-02 14:00:00+00:00,angiang_longxuyen,77.94705957817438
2025-06-02 15:00:00+00:00,backan_backancity,75.29448525581053
2025-06-02 16:00:00+00:00,bacgiang_bacgiangcity,91.51484180306745
2025-06-02 17:00:00+00:00,angiang_longxuyen,77.7339136286194
2025-06-02 18:00:00+00:00,backan_backancity,74.77721298610807
2025-06-02 19:00:00+00:00,bacgiang_bacgiangcity,93.32283546265185
2025-06-02 20:00:00+00:00,angiang_longxuyen,77.41234874654569
2025-06-02 21:00:00+00:00,bacgiang_bacgiangcity,95.3784540713381
2025-06-02 22:00:00+00:00,backan_backancity,74.3416267375936
2025-06-02 23:00:00+00:00,bacgiang_bacgiangcity,97.51824727701441
2025-06-03 00:00:00+00:00,backan_backancity,73.97271973463992
2025-06-03 01:00:00+00:00,angiang_longxuyen,77.21070416581907
2025-06-03 02:00:00+00:00,backan_backancity,73.43984768734158
2025-06-03 03:00:00+00:00,bacgiang_bacgiangcity,99.58783849458807
2025-06-03 04:00:00+00:00,angiang_longxuyen,77.14533526331813
2025-06-03 05:00:00+00:00,bacgiang_bacgiangcity,101.57064459138405
2025-06-03 06:00:00+00:00,backan_backancity,72.52936250737979
2025-06-03 07:00:00+00:00,angiang_longxuyen,77.19814591444973
2025-06-03 08:00:00+00:00,backan_backancity,70.96184071064982
2025-06-03 09:00:00+00:00,angiang_longxuyen,77.24974186800029
2025-06-03 10:00:00+00:00,bacgiang_bacgiangcity,103.27278231839
2025-06-03 11:00:00+00:00,angiang_longxuyen,77.3445313197869
2025-06-03 12:00:00+00:00,backan_backancity,68.9542086342571
2025-06-03 13:00:00+00:00,bacgiang_bacgiangcity,104.40574007766041
2025-06-03 14:00:00+00:00,angiang_longxuyen,77.38598407030838
2025-06-03 15:00:00+00:00,bacgiang_bacgiangcity,105.00815647567148
2025-06-03 16:00:00+00:00,backan_backancity,66.8063626770482
2025-06-03 17:00:00+00:00,angiang_longxuyen,77.19689534981413
2025-06-03 18:00:00+00:00,backan_backancity,64.58644546040989
2025-06-03 19:00:00+00:00,bacgiang_bacgiangcity,105.2958860223816
2025-06-03 20:00:00+00:00,angiang_longxuyen,76.8878767634249
2025-06-03 21:00:00+00:00,bacgiang_bacgiangcity,105.46762943529147
2025-06-03 22:00:00+00:00,backan_backancity,62.23515917860949
2025-06-03 23:00:00+00:00,backan_backancity,59.858655966317656
2025-06-04 00:00:00+00:00,bacgiang_bacgiangcity,105.49210317052324
2025-06-04 01:00:00+00:00,angiang_longxuyen,76.73578849641297
2025-06-04 02:00:00+00:00,angiang_longxuyen,77.04505576104714
2025-06-04 03:00:00+00:00,backan_backancity,57.78811785850366
2025-06-04 04:00:00+00:00,bacgiang_bacgiangcity,104.9636521860374
2025-06-04 05:00:00+00:00,bacgiang_bacgiangcity,104.24144027413986
2025-06-04 06:00:00+00:00,backan_backancity,55.89270662241286
2025-06-04 07:00:00+00:00,angiang_longxuyen,77.09310087619643
2025-06-04 08:00:00+00:00,bacgiang_bacgiangcity,103.2191766142157
2025-06-04 09:00:00+00:00,backan_backancity,54.20282317348886
2025-06-04 10:00:00+00:00,angiang_longxuyen,76.80067678038282
2025-06-04 11:00:00+00:00,angiang_longxuyen,76.24463222470285
2025-06-04 12:00:00+00:00,backan_backancity,52.66913357375523
2025-06-04 13:00:00+00:00,bacgiang_bacgiangcity,101.9215424473519
2025-06-04 14:00:00+00:00,bacgiang_bacgiangcity,100.63178498456121
2025-06-04 15:00:00+00:00,backan_backancity,51.31765339345157
2025-06-04 16:00:00+00:00,angiang_longxuyen,75.80884751181983
2025-06-04 17:00:00+00:00,backan_backancity,50.06022619474759
2025-06-04 18:00:00+00:00,angiang_longxuyen,75.86524247727029
2025-06-04 19:00:00+00:00,bacgiang_bacgiangcity,99.42582820471684
2025-06-04 20:00:00+00:00,angiang_longxuyen,76.90585811344344
2025-06-04 21:00:00+00:00,bacgiang_bacgiangcity,98.30640188956279
2025-06-04 22:00:00+00:00,backan_backancity,49.01899603637301
2025-06-04 23:00:00+00:00,bacgiang_bacgiangcity,97.3111335682519
2025-06-05 00:00:00+00:00,backan_backancity,48.291669557218505
2025-06-05 01:00:00+00:00,angiang_longxuyen,78.46111337751448
2025-06-05 02:00:00+00:00,bacgiang_bacgiangcity,96.38110263690858
2025-06-05 03:00:00+00:00,angiang_longxuyen,79.85328831791995
2025-06-05 04:00:00+00:00,backan_backancity,47.80919072157454
2025-06-05 05:00:00+00:00,backan_backancity,47.56428090850276
2025-06-05 06:00:00+00:00,bacgiang_bacgiangcity,95.55110013845434
2025-06-05 07:00:00+00:00,angiang_longxuyen,80.81100323532408
2025-06-05 08:00:00+00:00,angiang_longxuyen,81.42038688340612
2025-06-05 09:00:00+00:00,backan_backancity,47.37957514207553
2025-06-05 10:00:00+00:00,bacgiang_bacgiangcity,94.97832718852841
2025-06-05 11:00:00+00:00,bacgiang_bacgiangcity,95.10096382147407
2025-06-05 12:00:00+00:00,backan_backancity,47.16157518447034
2025-06-05 13:00:00+00:00,angiang_longxuyen,81.95356977851064
2025-06-05 14:00:00+00:00,bacgiang_bacgiangcity,95.74444627832466
2025-06-05 15:00:00+00:00,angiang_longxuyen,82.53160083863482
2025-06-05 16:00:00+00:00,backan_backancity,47.242237799034925
2025-06-05 17:00:00+00:00,backan_backancity,47.26530748852681
2025-06-05 18:00:00+00:00,bacgiang_bacgiangcity,96.0558888798178
2025-06-05 19:00:00+00:00,angiang_longxuyen,83.27337934963934
2025-06-05 20:00:00+00:00,backan_backancity,47.25222318702395
2025-06-05 21:00:00+00:00,bacgiang_bacgiangcity,95.55804997805924
2025-06-05 22:00:00+00:00,angiang_longxuyen,84.12280206478415
2025-06-05 23:00:00+00:00,backan_backancity,47.18607477387061
2025-06-06 00:00:00+00:00,bacgiang_bacgiangcity,94.52536693878591
2025-06-06 01:00:00+00:00,angiang_longxuyen,85.14287066096935
2025-06-06 02:00:00+00:00,backan_backancity,46.96579845386945
2025-06-06 03:00:00+00:00,angiang_longxuyen,86.46622031038297
2025-06-06 04:00:00+00:00,bacgiang_bacgiangcity,93.07376507125132
2025-06-06 05:00:00+00:00,angiang_longxuyen,88.23706765712984
2025-06-06 06:00:00+00:00,bacgiang_bacgiangcity,91.1556356428033
2025-06-06 07:00:00+00:00,backan_backancity,46.640101687110615
2025-06-06 08:00:00+00:00,angiang_longxuyen,90.5207194341497
2025-06-06 09:00:00+00:00,bacgiang_bacgiangcity,88.81284746179624
2025-06-06 10:00:00+00:00,backan_backancity,46.23941886495528
2025-06-06 11:00:00+00:00,angiang_longxuyen,93.11348663860612
2025-06-06 12:00:00+00:00,bacgiang_bacgiangcity,86.4983799070684
2025-06-06 13:00:00+00:00,backan_backancity,45.80520273792494
2025-06-06 14:00:00+00:00,bacgiang_bacgiangcity,84.36905808797036
2025-06-06 15:00:00+00:00,backan_backancity,45.42755612934389
2025-06-06 16:00:00+00:00,angiang_longxuyen,96.04377956441468
2025-06-06 17:00:00+00:00,backan_backancity,45.0118808783832
2025-06-06 18:00:00+00:00,angiang_longxuyen,99.14139887536426
2025-06-06 19:00:00+00:00,bacgiang_bacgiangcity,82.53778192770369
2025-06-06 20:00:00+00:00,backan_backancity,44.59634909564074
2025-06-06 21:00:00+00:00,angiang_longxuyen,102.30808886773733
2025-06-06 22:00:00+00:00,bacgiang_bacgiangcity,80.9181739943442
2025-06-06 23:00:00+00:00,backan_backancity,44.117863458737595
2025-06-07 00:00:00+00:00,angiang_longxuyen,105.70860937739063
2025-06-07 01:00:00+00:00,bacgiang_bacgiangcity,79.59345302787798
2025-06-07 02:00:00+00:00,backan_backancity,43.84718675367115
2025-06-07 03:00:00+00:00,angiang_longxuyen,108.98983120658613
2025-06-07 04:00:00+00:00,bacgiang_bacgiangcity,78.87125553752531
2025-06-07 05:00:00+00:00,angiang_longxuyen,111.22243669266655
2025-06-07 06:00:00+00:00,bacgiang_bacgiangcity,78.151626128279
2025-06-07 07:00:00+00:00,backan_backancity,43.46024340454861
2025-06-07 08:00:00+00:00,angiang_longxuyen,112.08854834829732
2025-06-07 09:00:00+00:00,bacgiang_bacgiangcity,77.2343620750057
2025-06-07 10:00:00+00:00,backan_backancity,42.91158746210766
2025-06-07 11:00:00+00:00,angiang_longxuyen,112.06811130061001
2025-06-07 12:00:00+00:00,bacgiang_bacgiangcity,76.00542766444282
2025-06-07 13:00:00+00:00,backan_backancity,42.33008686223921
2025-06-07 14:00:00+00:00,bacgiang_bacgiangcity,74.60283214911968
2025-06-07 15:00:00+00:00,angiang_longxuyen,111.55842969522058
2025-06-07 16:00:00+00:00,backan_backancity,41.89101672715864
2025-06-07 17:00:00+00:00,angiang_longxuyen,110.80459955499235
2025-06-07 18:00:00+00:00,bacgiang_bacgiangcity,73.22578832346386
2025-06-07 19:00:00+00:00,backan_backancity,41.578150801383785
2025-06-07 20:00:00+00:00,bacgiang_bacgiangcity,72.13575027724637
2025-06-07 21:00:00+00:00,backan_backancity,41.39788776744784
2025-06-07 22:00:00+00:00,angiang_longxuyen,110.45332360049105
2025-06-07 23:00:00+00:00,backan_backancity,41.335517350707974
2025-06-08 00:00:00+00:00,bacgiang_bacgiangcity,71.47726941374799
2025-06-08 01:00:00+00:00,angiang_longxuyen,110.68349683641331
2025-06-08 02:00:00+00:00,angiang_longxuyen,111.04529767918262
2025-06-08 03:00:00+00:00,bacgiang_bacgiangcity,71.2576697855095
2025-06-08 04:00:00+00:00,backan_backancity,41.53369000055335
2025-06-08 05:00:00+00:00,angiang_longxuyen,110.82635053244498
2025-06-08 06:00:00+00:00,backan_backancity,41.94714627640537
2025-06-08 07:00:00+00:00,bacgiang_bacgiangcity,71.39743891484915
2025-06-08 08:00:00+00:00,backan_backancity,42.256363327163164
2025-06-08 09:00:00+00:00,bacgiang_bacgiangcity,71.91683929645541
2025-06-08 10:00:00+00:00,angiang_longxuyen,110.02835340234157
2025-06-08 11:00:00+00:00,backan_backancity,42.40202182686129
2025-06-08 12:00:00+00:00,angiang_longxuyen,108.39663077352078
2025-06-08 13:00:00+00:00,bacgiang_bacgiangcity,72.7146708403236
2025-06-08 14:00:00+00:00,bacgiang_bacgiangcity,75.3460477334435
2025-06-08 15:00:00+00:00,backan_backancity,42.52145911854034
2025-06-08 16:00:00+00:00,angiang_longxuyen,105.73963370707627
2025-06-08 17:00:00+00:00,backan_backancity,42.77718643526689
2025-06-08 18:00:00+00:00,bacgiang_bacgiangcity,78.46934127983015
2025-06-08 19:00:00+00:00,angiang_longxuyen,102.67178528434005
2025-06-08 20:00:00+00:00,backan_backancity,43.14714792962458
2025-06-08 21:00:00+00:00,bacgiang_bacgiangcity,81.72867378188238
2025-06-08 22:00:00+00:00,angiang_longxuyen,99.43862317864625
2025-06-08 23:00:00+00:00,angiang_longxuyen,96.36895984558788
2025-06-09 00:00:00+00:00,backan_backancity,43.65215605780508
2025-06-09 01:00:00+00:00,bacgiang_bacgiangcity,85.03205820034309
2025-06-09 02:00:00+00:00,angiang_longxuyen,93.64560069548479
2025-06-09 03:00:00+00:00,backan_backancity,44.44539661868982
2025-06-09 04:00:00+00:00,bacgiang_bacgiangcity,88.41282578901327
2025-06-09 05:00:00+00:00,angiang_longxuyen,91.39053017867393
2025-06-09 06:00:00+00:00,backan_backancity,45.498032500413935
2025-06-09 07:00:00+00:00,bacgiang_bacgiangcity,91.88875465126897
2025-06-09 08:00:00+00:00,bacgiang_bacgiangcity,94.91567820433147
2025-06-09 09:00:00+00:00,backan_backancity,46.681320106208986
2025-06-09 10:00:00+00:00,angiang_longxuyen,89.52919742668743
2025-06-09 11:00:00+00:00,bacgiang_bacgiangcity,97.28381303501062
2025-06-09 12:00:00+00:00,backan_backancity,47.955848716526354
2025-06-09 13:00:00+00:00,angiang_longxuyen,87.91869852961726
2025-06-09 14:00:00+00:00,angiang_longxuyen,86.40293528375184
2025-06-09 15:00:00+00:00,backan_backancity,49.24215606756065
2025-06-09 16:00:00+00:00,bacgiang_bacgiangcity,98.96270622063373
2025-06-09 17:00:00+00:00,backan_backancity,50.62355415363985
2025-06-09 18:00:00+00:00,angiang_longxuyen,85.06819067110509
2025-06-09 19:00:00+00:00,bacgiang_bacgiangcity,100.19245481333509
2025-06-09 20:00:00+00:00,bacgiang_bacgiangcity,101.36432503898789
2025-06-09 21:00:00+00:00,angiang_longxuyen,83.99151908055299
2025-06-09 22:00:00+00:00,backan_backancity,52.112534274298106
2025-06-09 23:00:00+00:00,bacgiang_bacgiangcity,102.71582046278972
2025-06-10 00:00:00+00:00,angiang_longxuyen,83.19001953257197
2025-06-10 01:00:00+00:00,backan_backancity,53.75053005096114
2025-06-10 02:00:00+00:00,bacgiang_bacgiangcity,104.27795472903291
2025-06-10 03:00:00+00:00,angiang_longxuyen,82.35889618866278
2025-06-10 04:00:00+00:00,backan_backancity,55.05977797009091
2025-06-10 05:00:00+00:00,angiang_longxuyen,81.70951599247432
2025-06-10 06:00:00+00:00,backan_backancity,55.758616443378266
2025-06-10 07:00:00+00:00,bacgiang_bacgiangcity,105.1701400894209
2025-06-10 08:00:00+00:00,bacgiang_bacgiangcity,105.07647723676257
2025-06-10 09:00:00+00:00,angiang_longxuyen,81.1119684723965
2025-06-10 10:00:00+00:00,backan_backancity,55.92337534519716
2025-06-10 11:00:00+00:00,angiang_longxuyen,80.72939133938218
2025-06-10 12:00:00+00:00,bacgiang_bacgiangcity,104.27316647724939
2025-06-10 13:00:00+00:00,backan_backancity,56.01584539412233
2025-06-10 14:00:00+00:00,angiang_longxuyen,80.50689365313538
2025-06-10 15:00:00+00:00,bacgiang_bacgiangcity,103.03923578598653
2025-06-10 16:00:00+00:00,backan_backancity,56.27198398640782
2025-06-10 17:00:00+00:00,angiang_longxuyen,80.60805309381153
2025-06-10 18:00:00+00:00,bacgiang_bacgiangcity,101.81971408610822
2025-06-10 19:00:00+00:00,backan_backancity,56.64249544226873
2025-06-10 20:00:00+00:00,angiang_longxuyen,81.05923433764795
2025-06-10 21:00:00+00:00,bacgiang_bacgiangcity,101.13281485860695
2025-06-10 22:00:00+00:00,backan_backancity,57.194618533316984
2025-06-10 23:00:00+00:00,bacgiang_bacgiangcity,101.13178607192538
2025-06-11 00:00:00+00:00,backan_backancity,57.96551152807494
2025-06-11 01:00:00+00:00,angiang_longxuyen,82.5171248954151
2025-06-11 02:00:00+00:00,angiang_longxuyen,84.70273886107387
2025-06-11 03:00:00+00:00,backan_backancity,59.06979118608903
2025-06-11 04:00:00+00:00,bacgiang_bacgiangcity,101.73922423118975
2025-06-11 05:00:00+00:00,backan_backancity,60.389320994192175
2025-06-11 06:00:00+00:00,angiang_longxuyen,87.06575366971482
2025-06-11 07:00:00+00:00,bacgiang_bacgiangcity,102.66676479337825
2025-06-11 08:00:00+00:00,backan_backancity,61.71956309592339
2025-06-11 09:00:00+00:00,angiang_longxuyen,89.34467697337541
2025-06-11 10:00:00+00:00,bacgiang_bacgiangcity,103.47372629598425
2025-06-11 11:00:00+00:00,backan_backancity,62.77907110530087
2025-06-11 12:00:00+00:00,angiang_longxuyen,90.83030472000097
2025-06-11 13:00:00+00:00,bacgiang_bacgiangcity,104.36770844635954
2025-06-11 14:00:00+00:00,bacgiang_bacgiangcity,105.90656880506896
2025-06-11 15:00:00+00:00,backan_backancity,63.19493764721921
2025-06-11 16:00:00+00:00,angiang_longxuyen,90.83964210987097
2025-06-11 17:00:00+00:00,bacgiang_bacgiangcity,107.94846385672787
2025-06-11 18:00:00+00:00,backan_backancity,63.67003743417205
2025-06-11 19:00:00+00:00,angiang_longxuyen,90.05767097752845
2025-06-11 20:00:00+00:00,angiang_longxuyen,89.40329928291395
2025-06-11 21:00:00+00:00,backan_backancity,64.53133453551263
2025-06-11 22:00:00+00:00,bacgiang_bacgiangcity,110.71611373804436
2025-06-11 23:00:00+00:00,backan_backancity,65.73910738388614
2025-06-12 00:00:00+00:00,angiang_longxuyen,89.41955303647127
2025-06-12 01:00:00+00:00,bacgiang_bacgiangcity,113.98226665941297
2025-06-12 02:00:00+00:00,backan_backancity,67.06324013065759
2025-06-12 03:00:00+00:00,angiang_longxuyen,90.12930226775526
2025-06-12 04:00:00+00:00,bacgiang_bacgiangcity,117.38605790818835
2025-06-12 05:00:00+00:00,angiang_longxuyen,91.04346860308321
2025-06-12 06:00:00+00:00,backan_backancity,68.2780524862724
2025-06-12 07:00:00+00:00,bacgiang_bacgiangcity,120.40379590857847
2025-06-12 08:00:00+00:00,angiang_longxuyen,91.87959061882934
2025-06-12 09:00:00+00:00,bacgiang_bacgiangcity,122.7572150845566
2025-06-12 10:00:00+00:00,backan_backancity,69.23188419723635
2025-06-12 11:00:00+00:00,bacgiang_bacgiangcity,124.68234097978045
2025-06-12 12:00:00+00:00,backan_backancity,70.07757673870711
2025-06-12 13:00:00+00:00,angiang_longxuyen,92.54975338199735
2025-06-12 14:00:00+00:00,bacgiang_bacgiangcity,126.48164524761387
2025-06-12 15:00:00+00:00,angiang_longxuyen,92.68579592436839
2025-06-12 16:00:00+00:00,backan_backancity,70.86851941696312
2025-06-12 17:00:00+00:00,bacgiang_bacgiangcity,128.03575754821298
2025-06-12 18:00:00+00:00,backan_backancity,71.47037337472491
2025-06-12 19:00:00+00:00,angiang_longxuyen,92.47617809741348
2025-06-12 20:00:00+00:00,bacgiang_bacgiangcity,129.40768194961484
2025-06-12 21:00:00+00:00,backan_backancity,71.82611955979267
2025-06-12 22:00:00+00:00,angiang_longxuyen,91.91953934419634
2025-06-12 23:00:00+00:00,bacgiang_bacgiangcity,130.7366878335323
2025-06-13 00:00:00+00:00,backan_backancity,71.99721497458353
2025-06-13 01:00:00+00:00,angiang_longxuyen,91.32086679417388
2025-06-13 02:00:00+00:00,angiang_longxuyen,90.60862241146113
2025-06-13 03:00:00+00:00,backan_backancity,71.81680847242936
2025-06-13 04:00:00+00:00,bacgiang_bacgiangcity,131.9122831516931
2025-06-13 05:00:00+00:00,backan_backancity,71.29626990962511
2025-06-13 06:00:00+00:00,angiang_longxuyen,89.68171251164861
2025-06-13 07:00:00+00:00,bacgiang_bacgiangcity,132.79065057986642
2025-06-13 08:00:00+00:00,backan_backancity,70.48454107768407
2025-06-13 09:00:00+00:00,bacgiang_bacgiangcity,132.69483293918248
2025-06-13 10:00:00+00:00,angiang_longxuyen,88.55913109126192
2025-06-13 11:00:00+00:00,angiang_longxuyen,87.3968472326162
2025-06-13 12:00:00+00:00,bacgiang_bacgiangcity,132.0625637191553
2025-06-13 13:00:00+00:00,backan_backancity,69.94744867363272
2025-06-13 14:00:00+00:00,angiang_longxuyen,86.6302439375834
2025-06-13 15:00:00+00:00,bacgiang_bacgiangcity,131.33163379658615
2025-06-13 16:00:00+00:00,backan_backancity,69.93533039146595
2025-06-13 17:00:00+00:00,angiang_longxuyen,86.4953503365267
2025-06-13 18:00:00+00:00,bacgiang_bacgiangcity,130.8709621301136
2025-06-13 19:00:00+00:00,backan_backancity,70.30547122109644
2025-06-13 20:00:00+00:00,backan_backancity,70.85053089353367
2025-06-13 21:00:00+00:00,bacgiang_bacgiangcity,131.1021492081114
2025-06-13 22:00:00+00:00,angiang_longxuyen,87.25589449047611
2025-06-13 23:00:00+00:00,angiang_longxuyen,88.7674529219788
2025-06-14 00:00:00+00:00,bacgiang_bacgiangcity,132.1589289302055
2025-06-14 01:00:00+00:00,backan_backancity,71.73907978292763
2025-06-14 02:00:00+00:00,angiang_longxuyen,90.44707002431974
2025-06-14 03:00:00+00:00,bacgiang_bacgiangcity,133.81039159028666
2025-06-14 04:00:00+00:00,backan_backancity,72.84384245060977
2025-06-14 05:00:00+00:00,angiang_longxuyen,91.68048303442848
2025-06-14 06:00:00+00:00,bacgiang_bacgiangcity,136.2989147873749
2025-06-14 07:00:00+00:00,backan_backancity,73.9125132968584
2025-06-14 08:00:00+00:00,angiang_longxuyen,92.01673427977532
2025-06-14 09:00:00+00:00,bacgiang_bacgiangcity,138.51239745442544
2025-06-14 10:00:00+00:00,backan_backancity,74.5122391427164
2025-06-14 11:00:00+00:00,angiang_longxuyen,91.17707457688127
2025-06-14 12:00:00+00:00,bacgiang_bacgiangcity,139.9212697042963
2025-06-14 13:00:00+00:00,backan_backancity,74.47581495324398
2025-06-14 14:00:00+00:00,backan_backancity,74.07103133118414
2025-06-14 15:00:00+00:00,bacgiang_bacgiangcity,140.245677648228
2025-06-14 16:00:00+00:00,angiang_longxuyen,89.90546554480495
2025-06-14 17:00:00+00:00,bacgiang_bacgiangcity,140.7356813919183
2025-06-14 18:00:00+00:00,angiang_longxuyen,88.48415220927633
2025-06-14 19:00:00+00:00,backan_backancity,73.7704988899034
2025-06-14 20:00:00+00:00,backan_backancity,73.81323089870412
2025-06-14 21:00:00+00:00,angiang_longxuyen,87.67950114276813
2025-06-14 22:00:00+00:00,bacgiang_bacgiangcity,142.11713686528478
2025-06-14 23:00:00+00:00,backan_backancity,74.32446554755595
2025-06-15 00:00:00+00:00,angiang_longxuyen,87.4731149374289
2025-06-15 01:00:00+00:00,bacgiang_bacgiangcity,144.59087805362105
2025-06-15 02:00:00+00:00,bacgiang_bacgiangcity,147.7404143282595
2025-06-15 03:00:00+00:00,angiang_longxuyen,88.07641553305787
2025-06-15 04:00:00+00:00,backan_backancity,75.19434922175776
2025-06-15 05:00:00+00:00,angiang_longxuyen,89.27261886519936
2025-06-15 06:00:00+00:00,backan_backancity,76.15793198928763
2025-06-15 07:00:00+00:00,bacgiang_bacgiangcity,150.97171074933203
2025-06-15 08:00:00+00:00,angiang_longxuyen,91.12575958192474
2025-06-15 09:00:00+00:00,backan_backancity,77.31421170300031
2025-06-15 10:00:00+00:00,bacgiang_bacgiangcity,153.74898764698406
2025-06-15 11:00:00+00:00,angiang_longxuyen,93.22716846359705
2025-06-15 12:00:00+00:00,bacgiang_bacgiangcity,155.73544859663954
2025-06-15 13:00:00+00:00,backan_backancity,78.52950467714619
2025-06-15 14:00:00+00:00,backan_backancity,79.73390363125425
2025-06-15 15:00:00+00:00,bacgiang_bacgiangcity,156.8212256367755
2025-06-15 16:00:00+00:00,angiang_longxuyen,95.0747736982356
2025-06-15 17:00:00+00:00,angiang_longxuyen,96.39890465165433
2025-06-15 18:00:00+00:00,backan_backancity,80.89723480789308
2025-06-15 19:00:00+00:00,bacgiang_bacgiangcity,157.39160266745694
2025-06-15 20:00:00+00:00,angiang_longxuyen,97.15615381885833
2025-06-15 21:00:00+00:00,backan_backancity,81.89004683375097
2025-06-15 22:00:00+00:00,bacgiang_bacgiangcity,157.93233916425143
2025-06-15 23:00:00+00:00,bacgiang_bacgiangcity,158.7300989740105
2025-06-16 00:00:00+00:00,angiang_longxuyen,97.4798910488698
2025-06-16 01:00:00+00:00,backan_backancity,82.73242286824356
2025-06-16 02:00:00+00:00,backan_backancity,83.77433689179173
2025-06-16 03:00:00+00:00,bacgiang_bacgiangcity,159.95641748072762
2025-06-16 04:00:00+00:00,angiang_longxuyen,97.68851416284497
2025-06-16 05:00:00+00:00,bacgiang_bacgiangcity,161.03524109455321
2025-06-16 06:00:00+00:00,backan_backancity,84.00190139727913
2025-06-16 07:00:00+00:00,angiang_longxuyen,97.43467823546212
2025-06-16 08:00:00+00:00,backan_backancity,83.713740698684
2025-06-16 09:00:00+00:00,angiang_longxuyen,96.65178412424896
2025-06-16 10:00:00+00:00,bacgiang_bacgiangcity,161.43727730023386
2025-06-16 11:00:00+00:00,bacgiang_bacgiangcity,161.03158265498826
2025-06-16 12:00:00+00:00,backan_backancity,83.56023448744853
2025-06-16 13:00:00+00:00,angiang_longxuyen,95.46907696695351
2025-06-16 14:00:00+00:00,bacgiang_bacgiangcity,160.29277393610116
2025-06-16 15:00:00+00:00,angiang_longxuyen,94.385252290154
2025-06-16 16:00:00+00:00,backan_backancity,83.8044556530728
2025-06-16 17:00:00+00:00,angiang_longxuyen,93.34595775715708
2025-06-16 18:00:00+00:00,backan_backancity,84.15011602239876
2025-06-16 19:00:00+00:00,bacgiang_bacgiangcity,159.54847516672967
2025-06-16 20:00:00+00:00,angiang_longxuyen,92.45269593679417
2025-06-16 21:00:00+00:00,bacgiang_bacgiangcity,159.16352124356663
2025-06-16 22:00:00+00:00,backan_backancity,84.39309140566137
2025-06-16 23:00:00+00:00,bacgiang_bacgiangcity,159.151474695509
2025-06-17 00:00:00+00:00,backan_backancity,84.59112776069942
2025-06-17 01:00:00+00:00,angiang_longxuyen,91.53318421476855
2025-06-17 02:00:00+00:00,angiang_longxuyen,90.81514849831312
2025-06-17 03:00:00+00:00,bacgiang_bacgiangcity,159.48424444542673
2025-06-17 04:00:00+00:00,backan_backancity,84.90496209694734
2025-06-17 05:00:00+00:00,angiang_longxuyen,90.19579261349539
2025-06-17 06:00:00+00:00,bacgiang_bacgiangcity,160.1254230418062
2025-06-17 07:00:00+00:00,backan_backancity,84.95167056653011
2025-06-17 08:00:00+00:00,bacgiang_bacgiangcity,160.9041972240191
2025-06-17 09:00:00+00:00,backan_backancity,84.49272769208729
2025-06-17 10:00:00+00:00,angiang_longxuyen,89.49005451447951
2025-06-17 11:00:00+00:00,angiang_longxuyen,88.66961118384928
2025-06-17 12:00:00+00:00,bacgiang_bacgiangcity,161.47793141100718
2025-06-17 13:00:00+00:00,backan_backancity,83.48537038003754
2025-06-17 14:00:00+00:00,bacgiang_bacgiangcity,161.55274530454182
2025-06-17 15:00:00+00:00,backan_backancity,82.30444999984333
2025-06-17 16:00:00+00:00,angiang_longxuyen,87.34896949705484
2025-06-17 17:00:00+00:00,bacgiang_bacgiangcity,160.7766348489141
2025-06-17 18:00:00+00:00,backan_backancity,81.30219537408874
2025-06-17 19:00:00+00:00,angiang_longxuyen,85.67202449027849
2025-06-17 20:00:00+00:00,bacgiang_bacgiangcity,159.6640579456122
2025-06-17 21:00:00+00:00,backan_backancity,80.55621563542695
2025-06-17 22:00:00+00:00,angiang_longxuyen,83.72676761289958
2025-06-17 23:00:00+00:00,angiang_longxuyen,81.82977344413428
2025-06-18 00:00:00+00:00,backan_backancity,79.94470148430415
2025-06-18 01:00:00+00:00,bacgiang_bacgiangcity,158.64583530716826
2025-06-18 02:00:00+00:00,angiang_longxuyen,80.09563961443324
2025-06-18 03:00:00+00:00,bacgiang_bacgiangcity,157.83836748130875
2025-06-18 04:00:00+00:00,backan_backancity,79.24175503770138
2025-06-18 05:00:00+00:00,angiang_longxuyen,78.57194018496257
2025-06-18 06:00:00+00:00,bacgiang_bacgiangcity,157.086699227794
2025-06-18 07:00:00+00:00,backan_backancity,78.52031075549442
2025-06-18 08:00:00+00:00,angiang_longxuyen,77.18032237947124
2025-06-18 09:00:00+00:00,backan_backancity,77.85428346371697
2025-06-18 10:00:00+00:00,bacgiang_bacgiangcity,156.31494064145272
2025-06-18 11:00:00+00:00,bacgiang_bacgiangcity,155.72769174830708
2025-06-18 12:00:00+00:00,angiang_longxuyen,75.9170129838197
2025-06-18 13:00:00+00:00,backan_backancity,77.0633192652282
2025-06-18 14:00:00+00:00,backan_backancity,76.08545184543627
2025-06-18 15:00:00+00:00,angiang_longxuyen,74.93047769250951
2025-06-18 16:00:00+00:00,bacgiang_bacgiangcity,155.4370442672626
2025-06-18 17:00:00+00:00,bacgiang_bacgiangcity,155.3252347025196
2025-06-18 18:00:00+00:00,backan_backancity,74.96805441000174
2025-06-18 19:00:00+00:00,angiang_longxuyen,74.36842420962256
2025-06-18 20:00:00+00:00,backan_backancity,73.89788432087256
2025-06-18 21:00:00+00:00,angiang_longxuyen,74.19831633440054
2025-06-18 22:00:00+00:00,bacgiang_bacgiangcity,154.956320526155
2025-06-18 23:00:00+00:00,bacgiang_bacgiangcity,154.13250210569086
2025-06-19 00:00:00+00:00,backan_backancity,73.01549739145173
2025-06-19 01:00:00+00:00,angiang_longxuyen,74.34861124868458
2025-06-19 02:00:00+00:00,angiang_longxuyen,74.55738859099435
2025-06-19 03:00:00+00:00,bacgiang_bacgiangcity,152.86242101013872
2025-06-19 04:00:00+00:00,backan_backancity,72.04419603378093
2025-06-19 05:00:00+00:00,angiang_longxuyen,74.82738382202419
2025-06-19 06:00:00+00:00,backan_backancity,70.96680949327464
2025-06-19 07:00:00+00:00,bacgiang_bacgiangcity,151.4400914413976
2025-06-19 08:00:00+00:00,angiang_longxuyen,74.88498152937083
2025-06-19 09:00:00+00:00,backan_backancity,69.57227450067921
2025-06-19 10:00:00+00:00,bacgiang_bacgiangcity,149.8833321521721
2025-06-19 11:00:00+00:00,backan_backancity,67.92496763665287
2025-06-19 12:00:00+00:00,angiang_longxuyen,74.95349716812501
2025-06-19 13:00:00+00:00,bacgiang_bacgiangcity,148.13036094541707
2025-06-19 14:00:00+00:00,backan_backancity,66.36774446685506
2025-06-19 15:00:00+00:00,angiang_longxuyen,75.03502776540992
2025-06-19 16:00:00+00:00,bacgiang_bacgiangcity,146.2687651683638
2025-06-19 17:00:00+00:00,angiang_longxuyen,75.17168124327694
2025-06-19 18:00:00+00:00,backan_backancity,65.17719497808045
2025-06-19 19:00:00+00:00,bacgiang_bacgiangcity,144.81825605042476
2025-06-19 20:00:00+00:00,backan_backancity,64.22081670624286
2025-06-19 21:00:00+00:00,angiang_longxuyen,75.48197908794542
2025-06-19 22:00:00+00:00,bacgiang_bacgiangcity,143.88862742787674
2025-06-19 23:00:00+00:00,angiang_longxuyen,76.12240686731614
2025-06-20 00:00:00+00:00,bacgiang_bacgiangcity,143.72584121405856
2025-06-20 01:00:00+00:00,backan_backancity,63.58386085775337
2025-06-20 02:00:00+00:00,backan_backancity,63.30604421769286
2025-06-20 03:00:00+00:00,bacgiang_bacgiangcity,144.20527852347595
2025-06-20 04:00:00+00:00,angiang_longxuyen,76.69407989423563
2025-06-20 05:00:00+00:00,bacgiang_bacgiangcity,145.27773932182293
2025-06-20 06:00:00+00:00,angiang_longxuyen,76.99648220462734
2025-06-20 07:00:00+00:00,backan_backancity,63.270994931978514
2025-06-20 08:00:00+00:00,backan_backancity,63.317253867810805
2025-06-20 09:00:00+00:00,bacgiang_bacgiangcity,146.01078779174796
2025-06-20 10:00:00+00:00,angiang_longxuyen,77.00890177005239
2025-06-20 11:00:00+00:00,backan_backancity,63.36600915064035
2025-06-20 12:00:00+00:00,angiang_longxuyen,76.68763817123696
2025-06-20 13:00:00+00:00,bacgiang_bacgiangcity,145.54952790558067
2025-06-20 14:00:00+00:00,angiang_longxuyen,76.67602202783402
2025-06-20 15:00:00+00:00,backan_backancity,63.48938225377294
2025-06-20 16:00:00+00:00,bacgiang_bacgiangcity,144.0028113916315
2025-06-20 17:00:00+00:00,backan_backancity,63.866158488496694
2025-06-20 18:00:00+00:00,angiang_longxuyen,76.76259553298982
2025-06-20 19:00:00+00:00,bacgiang_bacgiangcity,141.84393033730348
2025-06-20 20:00:00+00:00,angiang_longxuyen,76.78851545775059
2025-06-20 21:00:00+00:00,backan_backancity,64.42264301337923
2025-06-20 22:00:00+00:00,bacgiang_bacgiangcity,139.76046096075274
2025-06-20 23:00:00+00:00,angiang_longxuyen,76.92890389156562
2025-06-21 00:00:00+00:00,backan_backancity,64.97183457050158
2025-06-21 01:00:00+00:00,bacgiang_bacgiangcity,137.674961508914
2025-06-21 02:00:00+00:00,angiang_longxuyen,77.03063242284077
2025-06-21 03:00:00+00:00,backan_backancity,65.49538357475174
2025-06-21 04:00:00+00:00,bacgiang_bacgiangcity,135.01411624376902
2025-06-21 05:00:00+00:00,backan_backancity,65.88365161375597
2025-06-21 06:00:00+00:00,bacgiang_bacgiangcity,131.68168429339005
2025-06-21 07:00:00+00:00,angiang_longxuyen,77.1750714426839
2025-06-21 08:00:00+00:00,backan_backancity,66.26809622474428
2025-06-21 09:00:00+00:00,angiang_longxuyen,77.52538735569155
2025-06-21 10:00:00+00:00,bacgiang_bacgiangcity,127.73905331722209
2025-06-21 11:00:00+00:00,angiang_longxuyen,78.17404781965188
2025-06-21 12:00:00+00:00,bacgiang_bacgiangcity,123.24897870505723
2025-06-21 13:00:00+00:00,backan_backancity,66.66271512354231
2025-06-21 14:00:00+00:00,angiang_longxuyen,78.99961177010452
2025-06-21 15:00:00+00:00,backan_backancity,67.04687518923113
2025-06-21 16:00:00+00:00,bacgiang_bacgiangcity,118.46520791221043
2025-06-21 17:00:00+00:00,bacgiang_bacgiangcity,113.67263952866473
2025-06-21 18:00:00+00:00,backan_backancity,67.4095389335547
2025-06-21 19:00:00+00:00,angiang_longxuyen,79.89506387193245
2025-06-21 20:00:00+00:00,bacgiang_bacgiangcity,109.23068804249283
2025-06-21 21:00:00+00:00,backan_backancity,67.71880141591492
2025-06-21 22:00:00+00:00,angiang_longxuyen,80.82204789699105
2025-06-21 23:00:00+00:00,bacgiang_bacgiangcity,105.08991109260131
2025-06-22 00:00:00+00:00,backan_backancity,68.05541611408131
2025-06-22 01:00:00+00:00,angiang_longxuyen,81.78924845475737
2025-06-22 02:00:00+00:00,backan_backancity,68.11065855151196
2025-06-22 03:00:00+00:00,bacgiang_bacgiangcity,101.17282694910368
2025-06-22 04:00:00+00:00,angiang_longxuyen,82.37676037296978
2025-06-22 05:00:00+00:00,angiang_longxuyen,82.46657386872067
2025-06-22 06:00:00+00:00,bacgiang_bacgiangcity,97.44023762891865
2025-06-22 07:00:00+00:00,backan_backancity,67.66730110784319
2025-06-22 08:00:00+00:00,bacgiang_bacgiangcity,93.71271034570029
2025-06-22 09:00:00+00:00,backan_backancity,66.73010692792033
2025-06-22 10:00:00+00:00,angiang_longxuyen,82.11273820209237
2025-06-22 11:00:00+00:00,angiang_longxuyen,81.58356285255051
2025-06-22 12:00:00+00:00,bacgiang_bacgiangcity,90.08141855435147
2025-06-22 13:00:00+00:00,backan_backancity,65.46482006199415
2025-06-22 14:00:00+00:00,bacgiang_bacgiangcity,86.62343637062824
2025-06-22 15:00:00+00:00,backan_backancity,64.23160551625398
2025-06-22 16:00:00+00:00,angiang_longxuyen,80.98294750373947
2025-06-22 17:00:00+00:00,bacgiang_bacgiangcity,83.7925525732334
2025-06-22 18:00:00+00:00,backan_backancity,63.21221122069448
2025-06-22 19:00:00+00:00,angiang_longxuyen,80.53027897270738
2025-06-22 20:00:00+00:00,angiang_longxuyen,80.19989796862323
2025-06-22 21:00:00+00:00,bacgiang_bacgiangcity,81.91656932502832
2025-06-22 22:00:00+00:00,backan_backancity,62.36916327671315
2025-06-22 23:00:00+00:00,angiang_longxuyen,79.72184273637478
2025-06-23 00:00:00+00:00,bacgiang_bacgiangcity,80.8955514474658
2025-06-23 01:00:00+00:00,backan_backancity,61.62143561692589
2025-06-23 02:00:00+00:00,bacgiang_bacgiangcity,80.30572729980287
2025-06-23 03:00:00+00:00,angiang_longxuyen,79.3488684094342
2025-06-23 04:00:00+00:00,backan_backancity,60.86653932850093
2025-06-23 05:00:00+00:00,bacgiang_bacgiangcity,79.6273689146683
2025-06-23 06:00:00+00:00,angiang_longxuyen,79.02177043641063
2025-06-23 07:00:00+00:00,backan_backancity,60.036417870982405
2025-06-23 08:00:00+00:00,bacgiang_bacgiangcity,78.44937767726302
2025-06-23 09:00:00+00:00,angiang_longxuyen,78.48755217899787
2025-06-23 10:00:00+00:00,backan_backancity,58.991438409838
2025-06-23 11:00:00+00:00,angiang_longxuyen,78.01049165972917
2025-06-23 12:00:00+00:00,backan_backancity,57.75743957117148
2025-06-23 13:00:00+00:00,bacgiang_bacgiangcity,76.87851307104822
2025-06-23 14:00:00+00:00,angiang_longxuyen,76.87652364508871
2025-06-23 15:00:00+00:00,backan_backancity,56.51345534451595
2025-06-23 16:00:00+00:00,bacgiang_bacgiangcity,75.05768617934287
2025-06-23 17:00:00+00:00,backan_backancity,55.32445292136127
2025-06-23 18:00:00+00:00,angiang_longxuyen,75.35115998428654
2025-06-23 19:00:00+00:00,bacgiang_bacgiangcity,73.17491449327841
2025-06-23 20:00:00+00:00,backan_backancity,54.16915118266955
2025-06-23 21:00:00+00:00,angiang_longxuyen,73.44762366476982
2025-06-23 22:00:00+00:00,bacgiang_bacgiangcity,71.31575767593512
2025-06-23 23:00:00+00:00,bacgiang_bacgiangcity,69.61025053804552
2025-06-24 00:00:00+00:00,backan_backancity,53.17127711984501
2025-06-24 01:00:00+00:00,angiang_longxuyen,71.53027613811118
2025-06-24 02:00:00+00:00,angiang_longxuyen,69.68252743525439
2025-06-24 03:00:00+00:00,bacgiang_bacgiangcity,68.20371442899491
2025-06-24 04:00:00+00:00,backan_backancity,52.28009558864648
2025-06-24 05:00:00+00:00,angiang_longxuyen,67.95096168665972
2025-06-24 06:00:00+00:00,bacgiang_bacgiangcity,66.98342636971753
2025-06-24 07:00:00+00:00,backan_backancity,51.55585845845793
2025-06-24 08:00:00+00:00,backan_backancity,50.99483077333134
2025-06-24 09:00:00+00:00,bacgiang_bacgiangcity,65.96899607450891
2025-06-24 10:00:00+00:00,angiang_longxuyen,66.32908456431518
2025-06-24 11:00:00+00:00,bacgiang_bacgiangcity,65.06363031880106
2025-06-24 12:00:00+00:00,backan_backancity,50.47943554615076
2025-06-24 13:00:00+00:00,angiang_longxuyen,64.77980714267053
2025-06-24 14:00:00+00:00,bacgiang_bacgiangcity,64.33196153490803
2025-06-24 15:00:00+00:00,backan_backancity,50.04875351956289
2025-06-24 16:00:00+00:00,angiang_longxuyen,63.28887107197036
2025-06-24 17:00:00+00:00,bacgiang_bacgiangcity,63.630205874516605
2025-06-24 18:00:00+00:00,angiang_longxuyen,61.857503005480574
2025-06-24 19:00:00+00:00,backan_backancity,49.6344173053057
2025-06-24 20:00:00+00:00,angiang_longxuyen,60.466200830069354
2025-06-24 21:00:00+00:00,bacgiang_bacgiangcity,63.02635292624744
2025-06-24 22:00:00+00:00,backan_backancity,49.299820726742475
2025-06-24 23:00:00+00:00,angiang_longxuyen,59.1987595497327
2025-06-25 00:00:00+00:00,bacgiang_bacgiangcity,62.417430767600706
2025-06-25 01:00:00+00:00,backan_backancity,49.00417576942953
2025-06-25 02:00:00+00:00,angiang_longxuyen,58.21281247811727
2025-06-25 03:00:00+00:00,bacgiang_bacgiangcity,61.97818368838431
2025-06-25 04:00:00+00:00,backan_backancity,48.79733763920287
2025-06-25 05:00:00+00:00,backan_backancity,48.53561335095418
2025-06-25 06:00:00+00:00,angiang_longxuyen,57.21391500866933
2025-06-25 07:00:00+00:00,bacgiang_bacgiangcity,61.52278208779487
2025-06-25 08:00:00+00:00,angiang_longxuyen,56.29544104008893
2025-06-25 09:00:00+00:00,backan_backancity,48.20551210989559
2025-06-25 10:00:00+00:00,bacgiang_bacgiangcity,60.894778656123144
2025-06-25 11:00:00+00:00,backan_backancity,47.931746055863194
2025-06-25 12:00:00+00:00,angiang_longxuyen,55.590069980598024
2025-06-25 13:00:00+00:00,bacgiang_bacgiangcity,60.14372731594682
2025-06-25 14:00:00+00:00,bacgiang_bacgiangcity,59.46546696742803
2025-06-25 15:00:00+00:00,angiang_longxuyen,55.26293374938292
2025-06-25 16:00:00+00:00,backan_backancity,47.88929381008802
2025-06-25 17:00:00+00:00,bacgiang_bacgiangcity,59.05489440276249
2025-06-25 18:00:00+00:00,angiang_longxuyen,55.54917197385371
2025-06-25 19:00:00+00:00,backan_backancity,48.125533360504576
2025-06-25 20:00:00+00:00,bacgiang_bacgiangcity,59.04162837484987
2025-06-25 21:00:00+00:00,angiang_longxuyen,56.62191253522622
2025-06-25 22:00:00+00:00,backan_backancity,48.57181516468833
2025-06-25 23:00:00+00:00,backan_backancity,49.004486617235706
2025-06-26 00:00:00+00:00,bacgiang_bacgiangcity,59.345025398221345
2025-06-26 01:00:00+00:00,angiang_longxuyen,57.78158527230011
2025-06-26 02:00:00+00:00,bacgiang_bacgiangcity,59.68209919468607
2025-06-26 03:00:00+00:00,angiang_longxuyen,58.74120592586977
2025-06-26 04:00:00+00:00,backan_backancity,49.34194299561571
2025-06-26 05:00:00+00:00,backan_backancity,49.57357721622699
2025-06-26 06:00:00+00:00,bacgiang_bacgiangcity,59.88721570629392
2025-06-26 07:00:00+00:00,angiang_longxuyen,59.227783170281256
2025-06-26 08:00:00+00:00,backan_backancity,49.81893656304923
2025-06-26 09:00:00+00:00,angiang_longxuyen,59.32735967828291
2025-06-26 10:00:00+00:00,bacgiang_bacgiangcity,59.89223231165814
2025-06-26 11:00:00+00:00,backan_backancity,49.95534136267132
2025-06-26 12:00:00+00:00,angiang_longxuyen,59.23795984922793
2025-06-26 13:00:00+00:00,bacgiang_bacgiangcity,59.678923764789175
2025-06-26 14:00:00+00:00,angiang_longxuyen,59.80940810927218
2025-06-26 15:00:00+00:00,bacgiang_bacgiangcity,59.194307252693534
2025-06-26 16:00:00+00:00,backan_backancity,49.91997644687686
2025-06-26 17:00:00+00:00,bacgiang_bacgiangcity,58.728446818994904
2025-06-26 18:00:00+00:00,backan_backancity,49.77630737313824
2025-06-26 19:00:00+00:00,angiang_longxuyen,60.65711398807213
2025-06-26 20:00:00+00:00,bacgiang_bacgiangcity,58.28330797828308
2025-06-26 21:00:00+00:00,angiang_longxuyen,61.55895999015932
2025-06-26 22:00:00+00:00,backan_backancity,49.58489207637164
2025-06-26 23:00:00+00:00,bacgiang_bacgiangcity,57.86645150565893
2025-06-27 00:00:00+00:00,angiang_longxuyen,62.61128980635121
2025-06-27 01:00:00+00:00,backan_backancity,49.40651804064243
2025-06-27 02:00:00+00:00,backan_backancity,49.24909992932314
2025-06-27 03:00:00+00:00,angiang_longxuyen,63.92347882395476
2025-06-27 04:00:00+00:00,bacgiang_bacgiangcity,57.56375269428286
2025-06-27 05:00:00+00:00,angiang_longxuyen,65.58037414723303
2025-06-27 06:00:00+00:00,bacgiang_bacgiangcity,57.37405901613506
2025-06-27 07:00:00+00:00,backan_backancity,49.102642789876846
2025-06-27 08:00:00+00:00,backan_backancity,48.96229739652729
2025-06-27 09:00:00+00:00,bacgiang_bacgiangcity,57.19634015193578
2025-06-27 10:00:00+00:00,angiang_longxuyen,67.64003975524193
2025-06-27 11:00:00+00:00,backan_backancity,48.829283229129445
2025-06-27 12:00:00+00:00,bacgiang_bacgiangcity,57.085166629626954
2025-06-27 13:00:00+00:00,angiang_longxuyen,70.17929809657133
2025-06-27 14:00:00+00:00,angiang_longxuyen,72.73146379526779
2025-06-27 15:00:00+00:00,backan_backancity,48.72205508282203
2025-06-27 16:00:00+00:00,bacgiang_bacgiangcity,57.03067261806808
2025-06-27 17:00:00+00:00,angiang_longxuyen,75.48599858919292
2025-06-27 18:00:00+00:00,bacgiang_bacgiangcity,56.942717035743314
2025-06-27 19:00:00+00:00,backan_backancity,48.60899256230647
2025-06-27 20:00:00+00:00,bacgiang_bacgiangcity,56.84003683195388
2025-06-27 21:00:00+00:00,backan_backancity,48.42887299658875
2025-06-27 22:00:00+00:00,angiang_longxuyen,78.36931045580408
2025-06-27 23:00:00+00:00,bacgiang_bacgiangcity,56.786288855129825
2025-06-28 00:00:00+00:00,backan_backancity,48.253626568017026
2025-06-28 01:00:00+00:00,angiang_longxuyen,81.4319193370151
2025-06-28 02:00:00+00:00,bacgiang_bacgiangcity,56.64712946571766
2025-06-28 03:00:00+00:00,backan_backancity,47.982261215503065
2025-06-28 04:00:00+00:00,angiang_longxuyen,83.92484222612916
2025-06-28 05:00:00+00:00,backan_backancity,47.6054610694096
2025-06-28 06:00:00+00:00,angiang_longxuyen,85.59801880103991
2025-06-28 07:00:00+00:00,bacgiang_bacgiangcity,56.410382994263344
2025-06-28 08:00:00+00:00,bacgiang_bacgiangcity,56.00211070336348
2025-06-28 09:00:00+00:00,angiang_longxuyen,86.63666772705479
2025-06-28 10:00:00+00:00,backan_backancity,47.116167493399566
2025-06-28 11:00:00+00:00,angiang_longxuyen,87.335316104953
2025-06-28 12:00:00+00:00,bacgiang_bacgiangcity,55.5270300455064
2025-06-28 13:00:00+00:00,backan_backancity,46.69589647718147
2025-06-28 14:00:00+00:00,backan_backancity,46.54917631266842
2025-06-28 15:00:00+00:00,bacgiang_bacgiangcity,55.0343888777376
2025-06-28 16:00:00+00:00,angiang_longxuyen,87.98354138198468
2025-06-28 17:00:00+00:00,bacgiang_bacgiangcity,54.6823322170154
2025-06-28 18:00:00+00:00,backan_backancity,46.746818130106334
2025-06-28 19:00:00+00:00,angiang_longxuyen,88.86374759448837
2025-06-28 20:00:00+00:00,angiang_longxuyen,90.31786254697901
2025-06-28 21:00:00+00:00,backan_backancity,47.28542173272309
2025-06-28 22:00:00+00:00,bacgiang_bacgiangcity,54.534545605413484
2025-06-28 23:00:00+00:00,angiang_longxuyen,92.05671648105991
2025-06-29 00:00:00+00:00,backan_backancity,47.8888729699812
2025-06-29 01:00:00+00:00,bacgiang_bacgiangcity,54.809430711548096
2025-06-29 02:00:00+00:00,angiang_longxuyen,93.19773356748956
2025-06-29 03:00:00+00:00,backan_backancity,48.2569741597758
2025-06-29 04:00:00+00:00,bacgiang_bacgiangcity,55.26957632788711
2025-06-29 05:00:00+00:00,angiang_longxuyen,93.33141844880764
2025-06-29 06:00:00+00:00,backan_backancity,48.32960733639327
2025-06-29 07:00:00+00:00,bacgiang_bacgiangcity,55.729148071353194
2025-06-29 08:00:00+00:00,angiang_longxuyen,92.45054510908916
2025-06-29 09:00:00+00:00,bacgiang_bacgiangcity,56.08676651666889
2025-06-29 10:00:00+00:00,backan_backancity,48.14812482260235
2025-06-29 11:00:00+00:00,angiang_longxuyen,90.82089320488487
2025-06-29 12:00:00+00:00,bacgiang_bacgiangcity,56.3116912069408
2025-06-29 13:00:00+00:00,backan_backancity,47.70087221680855
2025-06-29 14:00:00+00:00,angiang_longxuyen,89.14490943517069
2025-06-29 15:00:00+00:00,bacgiang_bacgiangcity,56.43866058007709
2025-06-29 16:00:00+00:00,backan_backancity,47.226054584018236
2025-06-29 17:00:00+00:00,backan_backancity,46.69511696652907
2025-06-29 18:00:00+00:00,angiang_longxuyen,87.62531080560451
2025-06-29 19:00:00+00:00,bacgiang_bacgiangcity,56.361187742231216
2025-06-29 20:00:00+00:00,angiang_longxuyen,86.19788811511614
2025-06-29 21:00:00+00:00,bacgiang_bacgiangcity,56.20995789339171
2025-06-29 22:00:00+00:00,backan_backancity,46.21007961432662
2025-06-29 23:00:00+00:00,angiang_longxuyen,85.1924939265192
2025-06-30 00:00:00+00:00,backan_backancity,45.80622614454833
2025-06-30 01:00:00+00:00,bacgiang_bacgiangcity,56.123982172478556
2025-06-30 02:00:00+00:00,backan_backancity,45.50869697130259
2025-06-30 03:00:00+00:00,angiang_longxuyen,84.54999303139502
2025-06-30 04:00:00+00:00,bacgiang_bacgiangcity,56.07136759457854
2025-06-30 05:00:00+00:00,bacgiang_bacgiangcity,56.12834360631284
2025-06-30 06:00:00+00:00,backan_backancity,45.340002258030175
2025-06-30 07:00:00+00:00,angiang_longxuyen,84.39792628461582
2025-06-30 08:00:00+00:00,bacgiang_bacgiangcity,56.233352777511584
2025-06-30 09:00:00+00:00,backan_backancity,45.28659382265594
2025-06-30 10:00:00+00:00,angiang_longxuyen,84.75931316179711
2025-06-30 11:00:00+00:00,angiang_longxuyen,85.55144423512752
2025-06-30 12:00:00+00:00,bacgiang_bacgiangcity,56.40137319015831
2025-06-30 13:00:00+00:00,backan_backancity,45.326406253215616
2025-06-30 14:00:00+00:00,angiang_longxuyen,86.68586895692934
2025-06-30 15:00:00+00:00,bacgiang_bacgiangcity,56.64171114934239
2025-06-30 16:00:00+00:00,backan_backancity,45.50752531418702
2025-06-30 17:00:00+00:00,angiang_longxuyen,88.25084419278568
2025-06-30 18:00:00+00:00,backan_backancity,45.77164073940627
2025-06-30 19:00:00+00:00,bacgiang_bacgiangcity,56.912053095232956
2025-06-30 20:00:00+00:00,backan_backancity,46.07614725033208
2025-06-30 21:00:00+00:00,bacgiang_bacgiangcity,57.200060761061955
2025-06-30 22:00:00+00:00,angiang_longxuyen,90.15937679300237
2025-06-30 23:00:00+00:00,angiang_longxuyen,92.30750849107925
2025-07-01 00:00:00+00:00,bacgiang_bacgiangcity,57.45954216283228
2025-07-01 01:00:00+00:00,backan_backancity,46.44187164997795
2025-07-01 02:00:00+00:00,angiang_longxuyen,93.9622374442622
2025-07-01 03:00:00+00:00,bacgiang_bacgiangcity,57.73077361167589
2025-07-01 04:00:00+00:00,backan_backancity,46.83412332317512
2025-07-01 05:00:00+00:00,angiang_longxuyen,94.61650512441848
2025-07-01 06:00:00+00:00,backan_backancity,47.164994510338225
2025-07-01 07:00:00+00:00,bacgiang_bacgiangcity,58.068163038220725
2025-07-01 08:00:00+00:00,backan_backancity,47.44435582488171
2025-07-01 09:00:00+00:00,bacgiang_bacgiangcity,58.43008074780948
2025-07-01 10:00:00+00:00,angiang_longxuyen,94.19584913514812
2025-07-01 11:00:00+00:00,bacgiang_bacgiangcity,58.76253486764709
2025-07-01 12:00:00+00:00,angiang_longxuyen,93.34222041007212
2025-07-01 13:00:00+00:00,backan_backancity,47.687936165797865
2025-07-01 14:00:00+00:00,angiang_longxuyen,92.48737459627809
2025-07-01 15:00:00+00:00,bacgiang_bacgiangcity,59.07431043496337
2025-07-01 16:00:00+00:00,backan_backancity,47.88569275781037
2025-07-01 17:00:00+00:00,bacgiang_bacgiangcity,59.31711604750107
2025-07-01 18:00:00+00:00,angiang_longxuyen,91.96944835061419
2025-07-01 19:00:00+00:00,backan_backancity,48.202685785996394
2025-07-01 20:00:00+00:00,bacgiang_bacgiangcity,59.699391897257094
2025-07-01 21:00:00+00:00,angiang_longxuyen,91.97657035208097
2025-07-01 22:00:00+00:00,backan_backancity,48.59225460351261
2025-07-01 23:00:00+00:00,bacgiang_bacgiangcity,60.27971605773603
2025-07-02 00:00:00+00:00,angiang_longxuyen,92.70333252291043
2025-07-02 01:00:00+00:00,backan_backancity,48.999752166034014
2025-07-02 02:00:00+00:00,angiang_longxuyen,94.01008170390597
2025-07-02 03:00:00+00:00,bacgiang_bacgiangcity,60.97333707015365
2025-07-02 04:00:00+00:00,backan_backancity,49.397226082374864
2025-07-02 05:00:00+00:00,backan_backancity,49.75574837746544
2025-07-02 06:00:00+00:00,bacgiang_bacgiangcity,61.69581910580582
2025-07-02 07:00:00+00:00,angiang_longxuyen,95.47286452791487
2025-07-02 08:00:00+00:00,bacgiang_bacgiangcity,62.455416369514886
2025-07-02 09:00:00+00:00,angiang_longxuyen,96.40831317784921
2025-07-02 10:00:00+00:00,backan_backancity,50.02053810331038
2025-07-02 11:00:00+00:00,backan_backancity,50.24775350280007
2025-07-02 12:00:00+00:00,bacgiang_bacgiangcity,63.25094763961741
2025-07-02 13:00:00+00:00,angiang_longxuyen,96.31433850598532
2025-07-02 14:00:00+00:00,backan_backancity,50.23049905842058
2025-07-02 15:00:00+00:00,bacgiang_bacgiangcity,64.00635563135407
2025-07-02 16:00:00+00:00,angiang_longxuyen,94.78634758343676
2025-07-02 17:00:00+00:00,angiang_longxuyen,92.84154980435619
2025-07-02 18:00:00+00:00,backan_backancity,50.14390164189508
2025-07-02 19:00:00+00:00,bacgiang_bacgiangcity,64.46072426077224
2025-07-02 20:00:00+00:00,backan_backancity,50.05053730774292
2025-07-02 21:00:00+00:00,angiang_longxuyen,90.93250430525931
2025-07-02 22:00:00+00:00,bacgiang_bacgiangcity,64.76339437850466
2025-07-02 23:00:00+00:00,bacgiang_bacgiangcity,64.98503364657904
2025-07-03 00:00:00+00:00,angiang_longxuyen,89.60064220823054
2025-07-03 01:00:00+00:00,backan_backancity,49.93192734945568
2025-07-03 02:00:00+00:00,angiang_longxuyen,88.53466378221074
2025-07-03 03:00:00+00:00,bacgiang_bacgiangcity,65.20091027455437
2025-07-03 04:00:00+00:00,backan_backancity,49.83025142319388
2025-07-03 05:00:00+00:00,angiang_longxuyen,87.55767749639246
2025-07-03 06:00:00+00:00,bacgiang_bacgiangcity,65.43270709247965
2025-07-03 07:00:00+00:00,backan_backancity,49.84437347814196
2025-07-03 08:00:00+00:00,angiang_longxuyen,86.65752441928042
2025-07-03 09:00:00+00:00,bacgiang_bacgiangcity,65.83496089162463
2025-07-03 10:00:00+00:00,backan_backancity,49.999448275230115
2025-07-03 11:00:00+00:00,bacgiang_bacgiangcity,66.36638390991882
2025-07-03 12:00:00+00:00,backan_backancity,50.30351481695334
2025-07-03 13:00:00+00:00,angiang_longxuyen,85.75156805274085
2025-07-03 14:00:00+00:00,bacgiang_bacgiangcity,66.91870307419865
2025-07-03 15:00:00+00:00,angiang_longxuyen,84.93887320146371
2025-07-03 16:00:00+00:00,backan_backancity,50.76799795575693
2025-07-03 17:00:00+00:00,backan_backancity,51.43016117018997
2025-07-03 18:00:00+00:00,bacgiang_bacgiangcity,67.64206026598205
2025-07-03 19:00:00+00:00,angiang_longxuyen,84.33039818543048
2025-07-03 20:00:00+00:00,angiang_longxuyen,83.68051106820425
2025-07-03 21:00:00+00:00,backan_backancity,52.30583856927144
2025-07-03 22:00:00+00:00,bacgiang_bacgiangcity,68.48680591721246
2025-07-03 23:00:00+00:00,bacgiang_bacgiangcity,69.31991868708114
2025-07-04 00:00:00+00:00,backan_backancity,53.37193655213976
2025-07-04 01:00:00+00:00,angiang_longxuyen,82.67540142490682
2025-07-04 02:00:00+00:00,angiang_longxuyen,81.96992993766315
2025-07-04 03:00:00+00:00,backan_backancity,54.41196635975513
2025-07-04 04:00:00+00:00,bacgiang_bacgiangcity,70.2638606555349
2025-07-04 05:00:00+00:00,backan_backancity,55.49494576963554
2025-07-04 06:00:00+00:00,bacgiang_bacgiangcity,71.28827633873256
2025-07-04 07:00:00+00:00,angiang_longxuyen,81.26383914594412
2025-07-04 08:00:00+00:00,backan_backancity,56.50451727452002
2025-07-04 09:00:00+00:00,angiang_longxuyen,80.68889026137498
2025-07-04 10:00:00+00:00,bacgiang_bacgiangcity,72.2318692011886
2025-07-04 11:00:00+00:00,bacgiang_bacgiangcity,73.15543150924235
2025-07-04 12:00:00+00:00,backan_backancity,57.483869590370674
2025-07-04 13:00:00+00:00,angiang_longxuyen,80.19844415734514
2025-07-04 14:00:00+00:00,bacgiang_bacgiangcity,74.013474273166
2025-07-04 15:00:00+00:00,angiang_longxuyen,79.89409546145939
2025-07-04 16:00:00+00:00,backan_backancity,58.3482560406772
2025-07-04 17:00:00+00:00,backan_backancity,59.23561653499679
2025-07-04 18:00:00+00:00,bacgiang_bacgiangcity,74.75498258569286
2025-07-04 19:00:00+00:00,angiang_longxuyen,80.1164138124334
2025-07-04 20:00:00+00:00,angiang_longxuyen,80.72817185952721
2025-07-04 21:00:00+00:00,backan_backancity,60.13291459456598
2025-07-04 22:00:00+00:00,bacgiang_bacgiangcity,75.59035976227264
2025-07-04 23:00:00+00:00,backan_backancity,60.96202699228294
2025-07-05 00:00:00+00:00,bacgiang_bacgiangcity,76.50534267087605
2025-07-05 01:00:00+00:00,angiang_longxuyen,81.47940492611329
2025-07-05 02:00:00+00:00,angiang_longxuyen,82.17129475536422
2025-07-05 03:00:00+00:00,backan_backancity,61.87291149211881
2025-07-05 04:00:00+00:00,bacgiang_bacgiangcity,77.68889569287484
2025-07-05 05:00:00+00:00,angiang_longxuyen,82.94862947312085
2025-07-05 06:00:00+00:00,backan_backancity,62.76584811785372
2025-07-05 07:00:00+00:00,bacgiang_bacgiangcity,79.06900734726388
2025-07-05 08:00:00+00:00,backan_backancity,63.51991707288688
2025-07-05 09:00:00+00:00,bacgiang_bacgiangcity,80.87784986047282
2025-07-05 10:00:00+00:00,angiang_longxuyen,83.60771768540975
2025-07-05 11:00:00+00:00,backan_backancity,64.17473949682032
2025-07-05 12:00:00+00:00,bacgiang_bacgiangcity,82.93537540089308
2025-07-05 13:00:00+00:00,angiang_longxuyen,84.23091971404462
2025-07-05 14:00:00+00:00,angiang_longxuyen,85.1591877796564
2025-07-05 15:00:00+00:00,bacgiang_bacgiangcity,85.2651749258761
2025-07-05 16:00:00+00:00,backan_backancity,64.97971575795653
2025-07-05 17:00:00+00:00,bacgiang_bacgiangcity,87.55852754558549
2025-07-05 18:00:00+00:00,backan_backancity,65.87019668602268
2025-07-05 19:00:00+00:00,angiang_longxuyen,86.22859868279741
2025-07-05 20:00:00+00:00,backan_backancity,66.8725230458864
2025-07-05 21:00:00+00:00,bacgiang_bacgiangcity,89.71742175116682
2025-07-05 22:00:00+00:00,angiang_longxuyen,87.49749855668611
2025-07-05 23:00:00+00:00,backan_backancity,67.7675877835251
2025-07-06 00:00:00+00:00,bacgiang_bacgiangcity,91.72430540168777
2025-07-06 01:00:00+00:00,angiang_longxuyen,89.05174595652406
2025-07-06 02:00:00+00:00,bacgiang_bacgiangcity,93.55544885385257
2025-07-06 03:00:00+00:00,angiang_longxuyen,90.7376625092139
2025-07-06 04:00:00+00:00,backan_backancity,68.62693849937165
2025-07-06 05:00:00+00:00,angiang_longxuyen,92.63559519924016
2025-07-06 06:00:00+00:00,backan_backancity,69.34745502043401
2025-07-06 07:00:00+00:00,bacgiang_bacgiangcity,95.17263217432392
2025-07-06 08:00:00+00:00,angiang_longxuyen,94.62325052181241
2025-07-06 09:00:00+00:00,backan_backancity,69.97710355434148
2025-07-06 10:00:00+00:00,bacgiang_bacgiangcity,96.67704708412708
2025-07-06 11:00:00+00:00,angiang_longxuyen,96.37525152474164
2025-07-06 12:00:00+00:00,bacgiang_bacgiangcity,98.14535463010644
2025-07-06 13:00:00+00:00,backan_backancity,70.6644645701702
2025-07-06 14:00:00+00:00,bacgiang_bacgiangcity,99.47671877286109
2025-07-06 15:00:00+00:00,angiang_longxuyen,97.93532074531863
2025-07-06 16:00:00+00:00,backan_backancity,71.37220285526195
2025-07-06 17:00:00+00:00,bacgiang_bacgiangcity,100.80396418218396
2025-07-06 18:00:00+00:00,angiang_longxuyen,99.23304517760309
2025-07-06 19:00:00+00:00,backan_backancity,72.04200814345288
2025-07-06 20:00:00+00:00,angiang_longxuyen,100.12899941819484
2025-07-06 21:00:00+00:00,bacgiang_bacgiangcity,102.05632994170553
2025-07-06 22:00:00+00:00,backan_backancity,72.66882078891328
2025-07-06 23:00:00+00:00,backan_backancity,73.26666480997544
2025-07-07 00:00:00+00:00,bacgiang_bacgiangcity,103.34323029470852
2025-07-07 01:00:00+00:00,angiang_longxuyen,100.8277763197052
2025-07-07 02:00:00+00:00,bacgiang_bacgiangcity,103.95758272541538
2025-07-07 03:00:00+00:00,angiang_longxuyen,100.73468278181495
2025-07-07 04:00:00+00:00,backan_backancity,73.46281694908069
2025-07-07 05:00:00+00:00,backan_backancity,73.29203477323298
2025-07-07 06:00:00+00:00,bacgiang_bacgiangcity,104.03075420674335
2025-07-07 07:00:00+00:00,angiang_longxuyen,100.1374066557833
2025-07-07 08:00:00+00:00,backan_backancity,72.9480075504579
2025-07-07 09:00:00+00:00,bacgiang_bacgiangcity,103.724494693526
2025-07-07 10:00:00+00:00,angiang_longxuyen,99.09735771907216
2025-07-07 11:00:00+00:00,bacgiang_bacgiangcity,103.23425004278593
2025-07-07 12:00:00+00:00,angiang_longxuyen,97.84173164429124
2025-07-07 13:00:00+00:00,backan_backancity,72.68347367626882
2025-07-07 14:00:00+00:00,backan_backancity,72.53626093753982
2025-07-07 15:00:00+00:00,bacgiang_bacgiangcity,102.59492427866651
2025-07-07 16:00:00+00:00,angiang_longxuyen,96.03250535359852
2025-07-07 17:00:00+00:00,angiang_longxuyen,94.2387891728653
2025-07-07 18:00:00+00:00,backan_backancity,72.50145315665951
2025-07-07 19:00:00+00:00,bacgiang_bacgiangcity,101.96231731054222
2025-07-07 20:00:00+00:00,bacgiang_bacgiangcity,101.61064143838259
2025-07-07 21:00:00+00:00,angiang_longxuyen,92.7941216025453
2025-07-07 22:00:00+00:00,backan_backancity,72.53577314559783
2025-07-07 23:00:00+00:00,angiang_longxuyen,91.34409190756884
2025-07-08 00:00:00+00:00,backan_backancity,72.56212347501332
2025-07-08 01:00:00+00:00,bacgiang_bacgiangcity,101.77154313737586
2025-07-08 02:00:00+00:00,bacgiang_bacgiangcity,102.26446227481749
2025-07-08 03:00:00+00:00,angiang_longxuyen,89.59770708759919
2025-07-08 04:00:00+00:00,backan_backancity,72.55747032246862
2025-07-08 05:00:00+00:00,bacgiang_bacgiangcity,102.76126581426779
2025-07-08 06:00:00+00:00,backan_backancity,72.46100707480264
2025-07-08 07:00:00+00:00,angiang_longxuyen,87.46650942154776
2025-07-08 08:00:00+00:00,angiang_longxuyen,85.23548178697578
2025-07-08 09:00:00+00:00,bacgiang_bacgiangcity,103.21547005301922
2025-07-08 10:00:00+00:00,backan_backancity,72.17921158282311
2025-07-08 11:00:00+00:00,backan_backancity,71.72919004041742
2025-07-08 12:00:00+00:00,bacgiang_bacgiangcity,103.64186297766616
2025-07-08 13:00:00+00:00,angiang_longxuyen,83.08009657489873
2025-07-08 14:00:00+00:00,backan_backancity,71.15134070670301
2025-07-08 15:00:00+00:00,angiang_longxuyen,80.81388455537359
2025-07-08 16:00:00+00:00,bacgiang_bacgiangcity,104.17674477558825
2025-07-08 17:00:00+00:00,backan_backancity,70.41915304608736
2025-07-08 18:00:00+00:00,angiang_longxuyen,78.56326992230736
2025-07-08 19:00:00+00:00,bacgiang_bacgiangcity,104.49173821548266
2025-07-08 20:00:00+00:00,backan_backancity,69.58412497550528
2025-07-08 21:00:00+00:00,bacgiang_bacgiangcity,104.57666228446695
2025-07-08 22:00:00+00:00,angiang_longxuyen,76.4430439882453
2025-07-08 23:00:00+00:00,bacgiang_bacgiangcity,104.46911387525154
2025-07-09 00:00:00+00:00,angiang_longxuyen,74.53450062791222
2025-07-09 01:00:00+00:00,backan_backancity,68.69411988369626
2025-07-09 02:00:00+00:00,bacgiang_bacgiangcity,104.19049426150711
2025-07-09 03:00:00+00:00,backan_backancity,67.68869939259265
2025-07-09 04:00:00+00:00,angiang_longxuyen,72.75684332307321
2025-07-09 05:00:00+00:00,bacgiang_bacgiangcity,103.6767801530629
2025-07-09 06:00:00+00:00,backan_backancity,66.81525531544168
2025-07-09 07:00:00+00:00,angiang_longxuyen,71.12141084524262
2025-07-09 08:00:00+00:00,backan_backancity,66.21625637522274
2025-07-09 09:00:00+00:00,bacgiang_bacgiangcity,103.00265258590558
2025-07-09 10:00:00+00:00,angiang_longxuyen,69.70286405518893
2025-07-09 11:00:00+00:00,backan_backancity,65.95306632001109
2025-07-09 12:00:00+00:00,bacgiang_bacgiangcity,102.2233389034137
2025-07-09 13:00:00+00:00,angiang_longxuyen,68.39281749631098
2025-07-09 14:00:00+00:00,angiang_longxuyen,67.34282860321328
2025-07-09 15:00:00+00:00,backan_backancity,65.99745299559544
2025-07-09 16:00:00+00:00,bacgiang_bacgiangcity,101.51837075050233
2025-07-09 17:00:00+00:00,bacgiang_bacgiangcity,101.09856750045411
2025-07-09 18:00:00+00:00,angiang_longxuyen,66.58280571712345
2025-07-09 19:00:00+00:00,backan_backancity,66.38268429064706
2025-07-09 20:00:00+00:00,backan_backancity,67.01859282114344
2025-07-09 21:00:00+00:00,bacgiang_bacgiangcity,100.89169439984926
2025-07-09 22:00:00+00:00,angiang_longxuyen,66.09702472132315
2025-07-09 23:00:00+00:00,backan_backancity,67.81048478077679
2025-07-10 00:00:00+00:00,angiang_longxuyen,65.86739188235623
2025-07-10 01:00:00+00:00,bacgiang_bacgiangcity,100.82086892278151
2025-07-10 02:00:00+00:00,bacgiang_bacgiangcity,100.51306443618907
2025-07-10 03:00:00+00:00,backan_backancity,68.29655510415051
2025-07-10 04:00:00+00:00,angiang_longxuyen,65.34864428114292
2025-07-10 05:00:00+00:00,angiang_longxuyen,64.83188132361519
2025-07-10 06:00:00+00:00,backan_backancity,68.37574477834124
2025-07-10 07:00:00+00:00,bacgiang_bacgiangcity,99.8206049185549
2025-07-10 08:00:00+00:00,backan_backancity,68.035060365051
2025-07-10 09:00:00+00:00,bacgiang_bacgiangcity,98.6565043935958
2025-07-10 10:00:00+00:00,angiang_longxuyen,64.26066261272013
2025-07-10 11:00:00+00:00,bacgiang_bacgiangcity,97.14260205007773
2025-07-10 12:00:00+00:00,backan_backancity,67.46597215719669
2025-07-10 13:00:00+00:00,angiang_longxuyen,63.86149577140412
2025-07-10 14:00:00+00:00,backan_backancity,66.87746313486755
2025-07-10 15:00:00+00:00,angiang_longxuyen,63.75609923601615
2025-07-10 16:00:00+00:00,bacgiang_bacgiangcity,95.4651889782394
2025-07-10 17:00:00+00:00,bacgiang_bacgiangcity,93.94254523574122
2025-07-10 18:00:00+00:00,angiang_longxuyen,64.16846515340958
2025-07-10 19:00:00+00:00,backan_backancity,66.3298545104197
2025-07-10 20:00:00+00:00,backan_backancity,65.7266782539132
2025-07-10 21:00:00+00:00,bacgiang_bacgiangcity,92.76685785880707
2025-07-10 22:00:00+00:00,angiang_longxuyen,65.24797263240876
2025-07-10 23:00:00+00:00,angiang_longxuyen,67.23536851661972
2025-07-11 00:00:00+00:00,backan_backancity,65.06494066186093
2025-07-11 01:00:00+00:00,bacgiang_bacgiangcity,92.02869474690202
2025-07-11 02:00:00+00:00,backan_backancity,64.32078057843373
2025-07-11 03:00:00+00:00,angiang_longxuyen,69.67414410903564
2025-07-11 04:00:00+00:00,bacgiang_bacgiangcity,91.95051293694438
2025-07-11 05:00:00+00:00,backan_backancity,63.50269610442497
2025-07-11 06:00:00+00:00,bacgiang_bacgiangcity,92.153862398331
2025-07-11 07:00:00+00:00,angiang_longxuyen,72.11440459751026
2025-07-11 08:00:00+00:00,bacgiang_bacgiangcity,92.20242519463442
2025-07-11 09:00:00+00:00,angiang_longxuyen,73.98921379746278
2025-07-11 10:00:00+00:00,backan_backancity,62.60357121621026
2025-07-11 11:00:00+00:00,backan_backancity,61.80916856275784
2025-07-11 12:00:00+00:00,bacgiang_bacgiangcity,92.71374353328021
2025-07-11 13:00:00+00:00,angiang_longxuyen,75.10220436746059
2025-07-11 14:00:00+00:00,angiang_longxuyen,76.21650528051826
2025-07-11 15:00:00+00:00,backan_backancity,60.91127750121995
2025-07-11 16:00:00+00:00,bacgiang_bacgiangcity,93.29104410105988
2025-07-11 17:00:00+00:00,angiang_longxuyen,77.34852930080166
2025-07-11 18:00:00+00:00,bacgiang_bacgiangcity,93.07661291538324
2025-07-11 19:00:00+00:00,backan_backancity,59.984401077325025
2025-07-11 20:00:00+00:00,backan_backancity,59.121042815915835
2025-07-11 21:00:00+00:00,bacgiang_bacgiangcity,91.92776963764898
2025-07-11 22:00:00+00:00,angiang_longxuyen,78.49786276161488
2025-07-11 23:00:00+00:00,bacgiang_bacgiangcity,90.2294646043147
2025-07-12 00:00:00+00:00,angiang_longxuyen,79.44314615790911
2025-07-12 01:00:00+00:00,backan_backancity,58.33888278375264
2025-07-12 02:00:00+00:00,angiang_longxuyen,80.20710007317854
2025-07-12 03:00:00+00:00,bacgiang_bacgiangcity,88.44475224984407
2025-07-12 04:00:00+00:00,backan_backancity,57.60668794972609
2025-07-12 05:00:00+00:00,backan_backancity,56.861179265047504
2025-07-12 06:00:00+00:00,angiang_longxuyen,80.91361648727833
2025-07-12 07:00:00+00:00,bacgiang_bacgiangcity,86.86665564986184
2025-07-12 08:00:00+00:00,angiang_longxuyen,81.45037413215381
2025-07-12 09:00:00+00:00,backan_backancity,56.11394417947618
2025-07-12 10:00:00+00:00,bacgiang_bacgiangcity,85.40219185656265
2025-07-12 11:00:00+00:00,angiang_longxuyen,81.83470635970451
2025-07-12 12:00:00+00:00,backan_backancity,55.3546481990254
2025-07-12 13:00:00+00:00,bacgiang_bacgiangcity,84.10493548934019
2025-07-12 14:00:00+00:00,bacgiang_bacgiangcity,82.83119595422312
2025-07-12 15:00:00+00:00,angiang_longxuyen,82.052275912655
2025-07-12 16:00:00+00:00,backan_backancity,54.67726778891177
2025-07-12 17:00:00+00:00,backan_backancity,54.07277879820844
2025-07-12 18:00:00+00:00,bacgiang_bacgiangcity,81.59441622325984
2025-07-12 19:00:00+00:00,angiang_longxuyen,82.04783078902676
2025-07-12 20:00:00+00:00,angiang_longxuyen,82.00063930977595
2025-07-12 21:00:00+00:00,backan_backancity,53.59480964689094
2025-07-12 22:00:00+00:00,bacgiang_bacgiangcity,80.36154361010647
2025-07-12 23:00:00+00:00,bacgiang_bacgiangcity,79.2447487411885
2025-07-13 00:00:00+00:00,angiang_longxuyen,81.90162232782541
2025-07-13 01:00:00+00:00,backan_backancity,53.171554491733595
2025-07-13 02:00:00+00:00,bacgiang_bacgiangcity,78.04619611697345
2025-07-13 03:00:00+00:00,backan_backancity,52.627752557342866
2025-07-13 04:00:00+00:00,angiang_longxuyen,81.63459449777602
2025-07-13 05:00:00+00:00,backan_backancity,51.94269659755376
2025-07-13 06:00:00+00:00,bacgiang_bacgiangcity,76.69052188242344
2025-07-13 07:00:00+00:00,angiang_longxuyen,81.07205561408405
2025-07-13 08:00:00+00:00,backan_backancity,51.044088194924704
2025-07-13 09:00:00+00:00,angiang_longxuyen,80.26221578034975
2025-07-13 10:00:00+00:00,bacgiang_bacgiangcity,75.11525041077192
2025-07-13 11:00:00+00:00,backan_backancity,50.08345848155347
2025-07-13 12:00:00+00:00,angiang_longxuyen,79.26568553650266
2025-07-13 13:00:00+00:00,bacgiang_bacgiangcity,73.47478219848134
2025-07-13 14:00:00+00:00,backan_backancity,49.228067488530165
2025-07-13 15:00:00+00:00,angiang_longxuyen,78.52223801189268
2025-07-13 16:00:00+00:00,bacgiang_bacgiangcity,71.77309848860767
2025-07-13 17:00:00+00:00,backan_backancity,48.54848723240363
2025-07-13 18:00:00+00:00,angiang_longxuyen,77.84805933418264
2025-07-13 19:00:00+00:00,bacgiang_bacgiangcity,70.19658362573145
2025-07-13 20:00:00+00:00,bacgiang_bacgiangcity,68.84821909690044
2025-07-13 21:00:00+00:00,angiang_longxuyen,77.17776864518669
2025-07-13 22:00:00+00:00,backan_backancity,48.18070645496309
2025-07-13 23:00:00+00:00,backan_backancity,48.19440766980434
2025-07-14 00:00:00+00:00,angiang_longxuyen,76.49396803230712
2025-07-14 01:00:00+00:00,bacgiang_bacgiangcity,67.86964150942823
2025-07-14 02:00:00+00:00,bacgiang_bacgiangcity,67.35345720704737
2025-07-14 03:00:00+00:00,backan_backancity,48.40665455185839
2025-07-14 04:00:00+00:00,angiang_longxuyen,76.06606450687903
2025-07-14 05:00:00+00:00,angiang_longxuyen,75.96870936512303
2025-07-14 06:00:00+00:00,backan_backancity,48.549414993548204
2025-07-14 07:00:00+00:00,bacgiang_bacgiangcity,67.08492774298048
2025-07-14 08:00:00+00:00,backan_backancity,48.35386781209649
2025-07-14 09:00:00+00:00,angiang_longxuyen,75.66520713172486
2025-07-14 10:00:00+00:00,bacgiang_bacgiangcity,67.22215031144651
2025-07-14 11:00:00+00:00,angiang_longxuyen,74.90788623041175
2025-07-14 12:00:00+00:00,bacgiang_bacgiangcity,68.78329016360206
2025-07-14 13:00:00+00:00,backan_backancity,47.831509594057664
2025-07-14 14:00:00+00:00,backan_backancity,47.12105497736737
2025-07-14 15:00:00+00:00,bacgiang_bacgiangcity,72.96667754792398
2025-07-14 16:00:00+00:00,angiang_longxuyen,73.48625726480302
2025-07-14 17:00:00+00:00,angiang_longxuyen,71.71014941672092
2025-07-14 18:00:00+00:00,bacgiang_bacgiangcity,78.86912981675849
2025-07-14 19:00:00+00:00,backan_backancity,46.43760586162249
2025-07-14 20:00:00+00:00,angiang_longxuyen,70.0835856659141
2025-07-14 21:00:00+00:00,bacgiang_bacgiangcity,85.50776772722341
2025-07-14 22:00:00+00:00,backan_backancity,45.84439825514622
2025-07-14 23:00:00+00:00,bacgiang_bacgiangcity,91.97953894862991
2025-07-15 00:00:00+00:00,backan_backancity,45.34246991138379
2025-07-15 01:00:00+00:00,angiang_longxuyen,68.72058976996027
2025-07-15 02:00:00+00:00,backan_backancity,44.93955376729796
2025-07-15 03:00:00+00:00,bacgiang_bacgiangcity,97.75106391485762
2025-07-15 04:00:00+00:00,angiang_longxuyen,67.6127114508055
2025-07-15 05:00:00+00:00,backan_backancity,44.65962336215548
2025-07-15 06:00:00+00:00,angiang_longxuyen,66.9059439673238
2025-07-15 07:00:00+00:00,bacgiang_bacgiangcity,102.27303181082782
2025-07-15 08:00:00+00:00,angiang_longxuyen,66.61535387356659
2025-07-15 09:00:00+00:00,bacgiang_bacgiangcity,105.39217568844813
2025-07-15 10:00:00+00:00,backan_backancity,44.55569020259348
2025-07-15 11:00:00+00:00,angiang_longxuyen,66.67536662925349
2025-07-15 12:00:00+00:00,backan_backancity,44.65079050218626
2025-07-15 13:00:00+00:00,bacgiang_bacgiangcity,107.31362834894702
2025-07-15 14:00:00+00:00,backan_backancity,44.89535120926034
2025-07-15 15:00:00+00:00,angiang_longxuyen,66.95165533278983
2025-07-15 16:00:00+00:00,bacgiang_bacgiangcity,108.24407055584928
2025-07-15 17:00:00+00:00,angiang_longxuyen,67.52439480679817
2025-07-15 18:00:00+00:00,backan_backancity,45.28073075480414
2025-07-15 19:00:00+00:00,bacgiang_bacgiangcity,108.44331742397868
2025-07-15 20:00:00+00:00,backan_backancity,45.76607417253883
2025-07-15 21:00:00+00:00,angiang_longxuyen,68.39037853660102
2025-07-15 22:00:00+00:00,bacgiang_bacgiangcity,108.09225428066775
2025-07-15 23:00:00+00:00,bacgiang_bacgiangcity,107.69963825797468
2025-07-16 00:00:00+00:00,backan_backancity,46.3417834386646
2025-07-16 01:00:00+00:00,angiang_longxuyen,69.44630701393359
2025-07-16 02:00:00+00:00,bacgiang_bacgiangcity,106.73959414899215
2025-07-16 03:00:00+00:00,angiang_longxuyen,70.18695929942498
2025-07-16 04:00:00+00:00,backan_backancity,46.74366182930521
2025-07-16 05:00:00+00:00,bacgiang_bacgiangcity,105.49848040754674
2025-07-16 06:00:00+00:00,backan_backancity,46.865332442914756
2025-07-16 07:00:00+00:00,angiang_longxuyen,70.52565906902967
2025-07-16 08:00:00+00:00,angiang_longxuyen,70.58186035238552
2025-07-16 09:00:00+00:00,bacgiang_bacgiangcity,103.84789439805738
2025-07-16 10:00:00+00:00,backan_backancity,46.722418968458825
2025-07-16 11:00:00+00:00,bacgiang_bacgiangcity,101.92029786055872
2025-07-16 12:00:00+00:00,backan_backancity,46.35197924670703
2025-07-16 13:00:00+00:00,angiang_longxuyen,70.47108136767685
2025-07-16 14:00:00+00:00,angiang_longxuyen,70.14498049876998
2025-07-16 15:00:00+00:00,bacgiang_bacgiangcity,99.86781672246997
2025-07-16 16:00:00+00:00,backan_backancity,45.9155776204856
2025-07-16 17:00:00+00:00,angiang_longxuyen,69.57243231571928
2025-07-16 18:00:00+00:00,backan_backancity,45.614485653153736
2025-07-16 19:00:00+00:00,bacgiang_bacgiangcity,98.0614849030801
2025-07-16 20:00:00+00:00,bacgiang_bacgiangcity,96.64590491622262
2025-07-16 21:00:00+00:00,angiang_longxuyen,69.00891784814331
2025-07-16 22:00:00+00:00,backan_backancity,45.60143960984241
2025-07-16 23:00:00+00:00,bacgiang_bacgiangcity,95.80705580876159
2025-07-17 00:00:00+00:00,backan_backancity,45.97960270400909
2025-07-17 01:00:00+00:00,angiang_longxuyen,68.31856791110141
2025-07-17 02:00:00+00:00,bacgiang_bacgiangcity,95.58511645299741
2025-07-17 03:00:00+00:00,angiang_longxuyen,67.58459885344271
2025-07-17 04:00:00+00:00,backan_backancity,46.71686674841321
2025-07-17 05:00:00+00:00,bacgiang_bacgiangcity,95.66751742413959
2025-07-17 06:00:00+00:00,angiang_longxuyen,67.10917865413583
2025-07-17 07:00:00+00:00,backan_backancity,47.52935596191088
2025-07-17 08:00:00+00:00,bacgiang_bacgiangcity,95.73464859458782
2025-07-17 09:00:00+00:00,angiang_longxuyen,66.85158625057224
2025-07-17 10:00:00+00:00,backan_backancity,48.04619543582167
2025-07-17 11:00:00+00:00,bacgiang_bacgiangcity,95.9951360672385
2025-07-17 12:00:00+00:00,angiang_longxuyen,66.78242261369903
2025-07-17 13:00:00+00:00,backan_backancity,48.051302904390774
2025-07-17 14:00:00+00:00,backan_backancity,47.84383829627783
2025-07-17 15:00:00+00:00,angiang_longxuyen,65.78970623331998
2025-07-17 16:00:00+00:00,bacgiang_bacgiangcity,97.11546922108863
2025-07-17 17:00:00+00:00,backan_backancity,47.79221843135756
2025-07-17 18:00:00+00:00,angiang_longxuyen,64.52888601125478
2025-07-17 19:00:00+00:00,bacgiang_bacgiangcity,98.77503604214726
2025-07-17 20:00:00+00:00,backan_backancity,48.04256090762644
2025-07-17 21:00:00+00:00,angiang_longxuyen,63.179457426471856
2025-07-17 22:00:00+00:00,bacgiang_bacgiangcity,100.63642020357862
2025-07-17 23:00:00+00:00,angiang_longxuyen,61.892867921275034
2025-07-18 00:00:00+00:00,backan_backancity,48.67299851673419
2025-07-18 01:00:00+00:00,bacgiang_bacgiangcity,102.57544278909107
2025-07-18 02:00:00+00:00,bacgiang_bacgiangcity,104.35573961025344
2025-07-18 03:00:00+00:00,angiang_longxuyen,60.630338036275894
2025-07-18 04:00:00+00:00,backan_backancity,49.575164931175436
2025-07-18 05:00:00+00:00,angiang_longxuyen,59.46005821560064
2025-07-18 06:00:00+00:00,backan_backancity,50.514197895428644
2025-07-18 07:00:00+00:00,bacgiang_bacgiangcity,105.66157238800503
2025-07-18 08:00:00+00:00,angiang_longxuyen,58.32690796980411
2025-07-18 09:00:00+00:00,bacgiang_bacgiangcity,106.4189961829309
2025-07-18 10:00:00+00:00,backan_backancity,51.39690045492959
2025-07-18 11:00:00+00:00,angiang_longxuyen,57.15407441484431
2025-07-18 12:00:00+00:00,backan_backancity,52.289913597047565
2025-07-18 13:00:00+00:00,bacgiang_bacgiangcity,106.65779424990595
2025-07-18 14:00:00+00:00,angiang_longxuyen,55.951179485890734
2025-07-18 15:00:00+00:00,backan_backancity,53.188172893678924
2025-07-18 16:00:00+00:00,bacgiang_bacgiangcity,106.46173730794132
2025-07-18 17:00:00+00:00,bacgiang_bacgiangcity,105.9684340941238
2025-07-18 18:00:00+00:00,angiang_longxuyen,54.65121396048064
2025-07-18 19:00:00+00:00,backan_backancity,54.0878525256708
2025-07-18 20:00:00+00:00,angiang_longxuyen,53.33715985604006
2025-07-18 21:00:00+00:00,backan_backancity,55.050476447275464
2025-07-18 22:00:00+00:00,bacgiang_bacgiangcity,105.5453364551144
2025-07-18 23:00:00+00:00,backan_backancity,56.037446925514296
2025-07-19 00:00:00+00:00,bacgiang_bacgiangcity,105.65390404910198
2025-07-19 01:00:00+00:00,angiang_longxuyen,52.2461701373083
2025-07-19 02:00:00+00:00,angiang_longxuyen,51.55994252040363
2025-07-19 03:00:00+00:00,bacgiang_bacgiangcity,106.47094781810583
2025-07-19 04:00:00+00:00,backan_backancity,57.448595537781095
2025-07-19 05:00:00+00:00,backan_backancity,58.697816354402136
2025-07-19 06:00:00+00:00,bacgiang_bacgiangcity,107.21277736494007
2025-07-19 07:00:00+00:00,angiang_longxuyen,51.03967893835101
2025-07-19 08:00:00+00:00,backan_backancity,59.760786730112976
2025-07-19 09:00:00+00:00,angiang_longxuyen,50.799517923302744
2025-07-19 10:00:00+00:00,bacgiang_bacgiangcity,107.71367004750213
2025-07-19 11:00:00+00:00,angiang_longxuyen,51.04004239117053
2025-07-19 12:00:00+00:00,bacgiang_bacgiangcity,108.24863613300244
2025-07-19 13:00:00+00:00,backan_backancity,60.959999308131906
2025-07-19 14:00:00+00:00,bacgiang_bacgiangcity,109.08475994210127
2025-07-19 15:00:00+00:00,angiang_longxuyen,51.6467694860783
2025-07-19 16:00:00+00:00,backan_backancity,62.558388292014726
2025-07-19 17:00:00+00:00,bacgiang_bacgiangcity,110.76687877149766
2025-07-19 18:00:00+00:00,angiang_longxuyen,52.18260415208315
2025-07-19 19:00:00+00:00,backan_backancity,64.6161720752278
2025-07-19 20:00:00+00:00,angiang_longxuyen,52.53474211146234
2025-07-19 21:00:00+00:00,bacgiang_bacgiangcity,113.8130524716337
2025-07-19 22:00:00+00:00,backan_backancity,66.8717913579734
2025-07-19 23:00:00+00:00,bacgiang_bacgiangcity,118.32308829522873
2025-07-20 00:00:00+00:00,backan_backancity,69.00540287679661
2025-07-20 01:00:00+00:00,angiang_longxuyen,52.861672704897984
2025-07-20 02:00:00+00:00,angiang_longxuyen,53.25566990808366
2025-07-20 03:00:00+00:00,bacgiang_bacgiangcity,123.76467641106458
2025-07-20 04:00:00+00:00,backan_backancity,70.78474832433683
2025-07-20 05:00:00+00:00,angiang_longxuyen,53.80269509511069
2025-07-20 06:00:00+00:00,bacgiang_bacgiangcity,129.40354289151884
2025-07-20 07:00:00+00:00,backan_backancity,72.03047808098087
2025-07-20 08:00:00+00:00,backan_backancity,72.89544557757124
2025-07-20 09:00:00+00:00,angiang_longxuyen,54.47930077684586
2025-07-20 10:00:00+00:00,bacgiang_bacgiangcity,133.79614519621612
2025-07-20 11:00:00+00:00,angiang_longxuyen,55.10142679384398
2025-07-20 12:00:00+00:00,bacgiang_bacgiangcity,136.84598062373044
2025-07-20 13:00:00+00:00,backan_backancity,73.63050738482548
2025-07-20 14:00:00+00:00,bacgiang_bacgiangcity,138.60924328400674
2025-07-20 15:00:00+00:00,angiang_longxuyen,56.18190985672714
2025-07-20 16:00:00+00:00,backan_backancity,73.70951533260646
2025-07-20 17:00:00+00:00,backan_backancity,73.74959317936987
2025-07-20 18:00:00+00:00,bacgiang_bacgiangcity,140.82499514004232
2025-07-20 19:00:00+00:00,angiang_longxuyen,57.10158417606676
2025-07-20 20:00:00+00:00,backan_backancity,73.98792258349869
2025-07-20 21:00:00+00:00,bacgiang_bacgiangcity,143.3682825471671
2025-07-20 22:00:00+00:00,angiang_longxuyen,57.86145881166442
2025-07-20 23:00:00+00:00,angiang_longxuyen,58.45945347435573
2025-07-21 00:00:00+00:00,backan_backancity,74.43397483853326
2025-07-21 01:00:00+00:00,bacgiang_bacgiangcity,146.0193839291571
2025-07-21 02:00:00+00:00,backan_backancity,74.89729588476916
2025-07-21 03:00:00+00:00,angiang_longxuyen,58.9574651357604
2025-07-21 04:00:00+00:00,bacgiang_bacgiangcity,148.61354277533036
2025-07-21 05:00:00+00:00,backan_backancity,75.30882729535989
2025-07-21 06:00:00+00:00,angiang_longxuyen,59.32615932752369
2025-07-21 07:00:00+00:00,bacgiang_bacgiangcity,150.86158454501629
2025-07-21 08:00:00+00:00,angiang_longxuyen,59.76915092723597
2025-07-21 09:00:00+00:00,bacgiang_bacgiangcity,152.44296776276457
2025-07-21 10:00:00+00:00,backan_backancity,75.62355352569784
2025-07-21 11:00:00+00:00,angiang_longxuyen,60.3324645393064
2025-07-21 12:00:00+00:00,bacgiang_bacgiangcity,153.33557919387147
2025-07-21 13:00:00+00:00,backan_backancity,75.78680601122528
2025-07-21 14:00:00+00:00,backan_backancity,75.78610779922988
2025-07-21 15:00:00+00:00,angiang_longxuyen,61.09001977204262
2025-07-21 16:00:00+00:00,bacgiang_bacgiangcity,153.69665044097263
2025-07-21 17:00:00+00:00,bacgiang_bacgiangcity,154.00760345717106
2025-07-21 18:00:00+00:00,backan_backancity,75.69090468074737
2025-07-21 19:00:00+00:00,angiang_longxuyen,62.11220213330979
2025-07-21 20:00:00+00:00,angiang_longxuyen,63.3729482301289
2025-07-21 21:00:00+00:00,backan_backancity,75.71431630282603
2025-07-21 22:00:00+00:00,bacgiang_bacgiangcity,154.40248059876188
2025-07-21 23:00:00+00:00,bacgiang_bacgiangcity,155.01831792552747
2025-07-22 00:00:00+00:00,backan_backancity,75.9778219881178
2025-07-22 01:00:00+00:00,angiang_longxuyen,64.84188584069999
2025-07-22 02:00:00+00:00,angiang_longxuyen,65.6080969892696
2025-07-22 03:00:00+00:00,bacgiang_bacgiangcity,155.17948055734263
2025-07-22 04:00:00+00:00,backan_backancity,76.10566412624834
2025-07-22 05:00:00+00:00,backan_backancity,76.22958719088415
2025-07-22 06:00:00+00:00,angiang_longxuyen,66.0612198363261
2025-07-22 07:00:00+00:00,bacgiang_bacgiangcity,155.16852915001752
2025-07-22 08:00:00+00:00,backan_backancity,76.30231601298044
2025-07-22 09:00:00+00:00,angiang_longxuyen,66.19340667033214
2025-07-22 10:00:00+00:00,bacgiang_bacgiangcity,154.84187114619652
2025-07-22 11:00:00+00:00,backan_backancity,76.27880635428599
2025-07-22 12:00:00+00:00,angiang_longxuyen,66.08664718687095
2025-07-22 13:00:00+00:00,bacgiang_bacgiangcity,154.30599822200014
2025-07-22 14:00:00+00:00,bacgiang_bacgiangcity,153.64490145465595
2025-07-22 15:00:00+00:00,backan_backancity,76.17492819087431
2025-07-22 16:00:00+00:00,angiang_longxuyen,65.98155910815218
2025-07-22 17:00:00+00:00,angiang_longxuyen,65.96436444219694
2025-07-22 18:00:00+00:00,backan_backancity,75.91918652732593
2025-07-22 19:00:00+00:00,bacgiang_bacgiangcity,152.88042148925302
2025-07-22 20:00:00+00:00,bacgiang_bacgiangcity,152.00920595175862
2025-07-22 21:00:00+00:00,angiang_longxuyen,66.46556109804638
2025-07-22 22:00:00+00:00,backan_backancity,75.44088022569558
2025-07-22 23:00:00+00:00,bacgiang_bacgiangcity,151.034884588094
2025-07-23 00:00:00+00:00,angiang_longxuyen,67.45628566132898
2025-07-23 01:00:00+00:00,backan_backancity,74.88354445605154
2025-07-23 02:00:00+00:00,backan_backancity,74.25535212455912
2025-07-23 03:00:00+00:00,angiang_longxuyen,68.62894227215295
2025-07-23 04:00:00+00:00,bacgiang_bacgiangcity,149.73237489294723
2025-07-23 05:00:00+00:00,backan_backancity,73.5461911129699
2025-07-23 06:00:00+00:00,angiang_longxuyen,69.6407734014746
2025-07-23 07:00:00+00:00,bacgiang_bacgiangcity,148.12875410137286
2025-07-23 08:00:00+00:00,backan_backancity,72.85411238389828
2025-07-23 09:00:00+00:00,bacgiang_bacgiangcity,146.16651058695516
2025-07-23 10:00:00+00:00,angiang_longxuyen,70.009216523856
2025-07-23 11:00:00+00:00,backan_backancity,72.14432967669671
2025-07-23 12:00:00+00:00,angiang_longxuyen,69.705374749008
2025-07-23 13:00:00+00:00,bacgiang_bacgiangcity,143.70975842679462
2025-07-23 14:00:00+00:00,bacgiang_bacgiangcity,140.93452116897845
2025-07-23 15:00:00+00:00,angiang_longxuyen,68.99015937860935
2025-07-23 16:00:00+00:00,backan_backancity,71.6232937574026
2025-07-23 17:00:00+00:00,angiang_longxuyen,68.49579659222174
2025-07-23 18:00:00+00:00,backan_backancity,71.32506637216147
2025-07-23 19:00:00+00:00,bacgiang_bacgiangcity,137.72823364948093
2025-07-23 20:00:00+00:00,angiang_longxuyen,68.5427728691452
2025-07-23 21:00:00+00:00,backan_backancity,71.30351505464589
2025-07-23 22:00:00+00:00,bacgiang_bacgiangcity,134.35186455726807
2025-07-23 23:00:00+00:00,backan_backancity,71.46984971572837
2025-07-24 00:00:00+00:00,bacgiang_bacgiangcity,130.6311454387891
2025-07-24 01:00:00+00:00,angiang_longxuyen,69.25902838412605
2025-07-24 02:00:00+00:00,bacgiang_bacgiangcity,126.27296355078292
2025-07-24 03:00:00+00:00,backan_backancity,71.86959282105428
2025-07-24 04:00:00+00:00,angiang_longxuyen,70.47248496507855
2025-07-24 05:00:00+00:00,backan_backancity,72.55671472318593
2025-07-24 06:00:00+00:00,bacgiang_bacgiangcity,121.33932944387529
2025-07-24 07:00:00+00:00,angiang_longxuyen,71.95915046514932
2025-07-24 08:00:00+00:00,bacgiang_bacgiangcity,116.03561309019294
2025-07-24 09:00:00+00:00,backan_backancity,73.51620147308523
2025-07-24 10:00:00+00:00,angiang_longxuyen,73.6578046044813
2025-07-24 11:00:00+00:00,backan_backancity,74.56984163233699
2025-07-24 12:00:00+00:00,angiang_longxuyen,75.44090413706529
2025-07-24 13:00:00+00:00,bacgiang_bacgiangcity,110.72359500784097
2025-07-24 14:00:00+00:00,bacgiang_bacgiangcity,105.61651918299013
2025-07-24 15:00:00+00:00,angiang_longxuyen,77.2590864312812
2025-07-24 16:00:00+00:00,backan_backancity,75.79075377836367
2025-07-24 17:00:00+00:00,bacgiang_bacgiangcity,100.89259914630048
2025-07-24 18:00:00+00:00,angiang_longxuyen,78.96450031482894
2025-07-24 19:00:00+00:00,backan_backancity,77.00215876379544
2025-07-24 20:00:00+00:00,bacgiang_bacgiangcity,96.79447641853511
2025-07-24 21:00:00+00:00,backan_backancity,78.22539748609447
2025-07-24 22:00:00+00:00,angiang_longxuyen,80.5325672907882
2025-07-24 23:00:00+00:00,bacgiang_bacgiangcity,93.46590675214783
2025-07-25 00:00:00+00:00,backan_backancity,79.3496718314563
2025-07-25 01:00:00+00:00,angiang_longxuyen,81.85748433048599
2025-07-25 02:00:00+00:00,bacgiang_bacgiangcity,90.95028360420385
2025-07-25 03:00:00+00:00,backan_backancity,80.24966231125435
2025-07-25 04:00:00+00:00,angiang_longxuyen,82.59749579126928
2025-07-25 05:00:00+00:00,bacgiang_bacgiangcity,89.28616943841148
2025-07-25 06:00:00+00:00,backan_backancity,80.9988437823197
2025-07-25 07:00:00+00:00,angiang_longxuyen,82.60125944086093
2025-07-25 08:00:00+00:00,bacgiang_bacgiangcity,88.30013030802269
2025-07-25 09:00:00+00:00,backan_backancity,81.54271027740864
2025-07-25 10:00:00+00:00,angiang_longxuyen,81.93588971175038
2025-07-25 11:00:00+00:00,backan_backancity,81.87079818113803
2025-07-25 12:00:00+00:00,angiang_longxuyen,80.89560405247917
2025-07-25 13:00:00+00:00,bacgiang_bacgiangcity,87.60916345764238
2025-07-25 14:00:00+00:00,angiang_longxuyen,79.85696588658067
2025-07-25 15:00:00+00:00,backan_backancity,82.1114206856216
2025-07-25 16:00:00+00:00,bacgiang_bacgiangcity,87.18677867634233
2025-07-25 17:00:00+00:00,bacgiang_bacgiangcity,86.93376410450885
2025-07-25 18:00:00+00:00,backan_backancity,82.20525368262
2025-07-25 19:00:00+00:00,angiang_longxuyen,79.17849511800846
2025-07-25 20:00:00+00:00,backan_backancity,82.18225333610026
2025-07-25 21:00:00+00:00,angiang_longxuyen,79.16874884371649
2025-07-25 22:00:00+00:00,bacgiang_bacgiangcity,86.83754833951932
2025-07-25 23:00:00+00:00,bacgiang_bacgiangcity,86.8666747789576
2025-07-26 00:00:00+00:00,backan_backancity,82.1663355372873
2025-07-26 01:00:00+00:00,angiang_longxuyen,79.9159934938357
2025-07-26 02:00:00+00:00,angiang_longxuyen,80.66084222471041
2025-07-26 03:00:00+00:00,bacgiang_bacgiangcity,86.9544414614617
2025-07-26 04:00:00+00:00,backan_backancity,82.11846497513685
2025-07-26 05:00:00+00:00,angiang_longxuyen,81.21003617296974
2025-07-26 06:00:00+00:00,bacgiang_bacgiangcity,86.99223696798673
2025-07-26 07:00:00+00:00,backan_backancity,82.05762966833208
2025-07-26 08:00:00+00:00,angiang_longxuyen,81.34830127715492
2025-07-26 09:00:00+00:00,bacgiang_bacgiangcity,86.94982417597157
2025-07-26 10:00:00+00:00,backan_backancity,82.02362770061083
2025-07-26 11:00:00+00:00,bacgiang_bacgiangcity,86.84889667558156
2025-07-26 12:00:00+00:00,angiang_longxuyen,81.24555651266728
2025-07-26 13:00:00+00:00,backan_backancity,81.74597126672735
2025-07-26 14:00:00+00:00,bacgiang_bacgiangcity,86.51930713783466
2025-07-26 15:00:00+00:00,angiang_longxuyen,81.2481198114997
2025-07-26 16:00:00+00:00,backan_backancity,81.3171710649353
2025-07-26 17:00:00+00:00,bacgiang_bacgiangcity,86.01116422908576
2025-07-26 18:00:00+00:00,backan_backancity,80.66359442336352
2025-07-26 19:00:00+00:00,angiang_longxuyen,81.24329449709313
2025-07-26 22:00:00+00:00,angiang_longxuyen,81.35431737777282
2025-07-26 23:00:00+00:00,bacgiang_bacgiangcity,85.35826427927665
2025-07-27 00:00:00+00:00,backan_backancity,79.852229044242
2025-07-27 01:00:00+00:00,backan_backancity,78.88960034036339
2025-07-27 02:00:00+00:00,bacgiang_bacgiangcity,84.59181162587299
2025-07-27 03:00:00+00:00,angiang_longxuyen,81.40928244331488
2025-07-27 04:00:00+00:00,backan_backancity,77.72968848959245
2025-07-27 05:00:00+00:00,angiang_longxuyen,81.56457483386737
2025-07-27 06:00:00+00:00,bacgiang_bacgiangcity,83.71703568542942
2025-07-27 07:00:00+00:00,bacgiang_bacgiangcity,82.67481559634903
2025-07-27 08:00:00+00:00,angiang_longxuyen,81.62096262590691
2025-07-27 09:00:00+00:00,backan_backancity,76.40227032062344
2025-07-27 10:00:00+00:00,backan_backancity,74.98569621857047
2025-07-27 11:00:00+00:00,angiang_longxuyen,81.75011749823429
2025-07-27 12:00:00+00:00,bacgiang_bacgiangcity,81.53544839442907
2025-07-27 13:00:00+00:00,backan_backancity,73.29301513939092
2025-07-27 14:00:00+00:00,bacgiang_bacgiangcity,80.36318393006826
2025-07-27 15:00:00+00:00,angiang_longxuyen,81.99843946376305
2025-07-27 16:00:00+00:00,backan_backancity,71.52508258861114
2025-07-27 17:00:00+00:00,angiang_longxuyen,82.50853114914294
2025-07-27 18:00:00+00:00,bacgiang_bacgiangcity,79.15074119119127
2025-07-27 19:00:00+00:00,angiang_longxuyen,83.53477844326004
2025-07-27 20:00:00+00:00,backan_backancity,69.72363347091513
2025-07-27 21:00:00+00:00,bacgiang_bacgiangcity,77.9884525502716
2025-07-27 22:00:00+00:00,angiang_longxuyen,84.83803895541556
2025-07-27 23:00:00+00:00,bacgiang_bacgiangcity,76.97779068692854
2025-07-28 00:00:00+00:00,backan_backancity,68.0254145185118
2025-07-28 01:00:00+00:00,angiang_longxuyen,86.6607739744234
2025-07-28 02:00:00+00:00,bacgiang_bacgiangcity,76.10588889312358
2025-07-28 03:00:00+00:00,backan_backancity,66.45324674264805
2025-07-28 04:00:00+00:00,backan_backancity,64.883051654785
2025-07-28 05:00:00+00:00,angiang_longxuyen,87.71664506446868
2025-07-28 06:00:00+00:00,bacgiang_bacgiangcity,75.48466672590033
2025-07-28 07:00:00+00:00,backan_backancity,63.42377901984888
2025-07-28 08:00:00+00:00,angiang_longxuyen,88.16868353090904
2025-07-28 09:00:00+00:00,bacgiang_bacgiangcity,74.87313344568175
2025-07-28 10:00:00+00:00,backan_backancity,62.061844788709976
2025-07-28 11:00:00+00:00,bacgiang_bacgiangcity,74.3076773748857
2025-07-28 12:00:00+00:00,angiang_longxuyen,88.1289655502597
2025-07-28 13:00:00+00:00,backan_backancity,60.86841397988584
2025-07-28 14:00:00+00:00,angiang_longxuyen,87.9121826813725
2025-07-28 15:00:00+00:00,bacgiang_bacgiangcity,73.59218702373542
2025-07-28 16:00:00+00:00,bacgiang_bacgiangcity,72.63678194464485
2025-07-28 17:00:00+00:00,angiang_longxuyen,87.61575940897565
2025-07-28 18:00:00+00:00,backan_backancity,59.77553526294734
2025-07-28 19:00:00+00:00,angiang_longxuyen,87.47663588661804
2025-07-28 20:00:00+00:00,backan_backancity,58.85830946786557
2025-07-28 21:00:00+00:00,bacgiang_bacgiangcity,71.613922891615
2025-07-28 22:00:00+00:00,bacgiang_bacgiangcity,70.6777401626307
2025-07-28 23:00:00+00:00,backan_backancity,58.07465736623274
2025-07-29 00:00:00+00:00,angiang_longxuyen,87.96496344329198
2025-07-29 01:00:00+00:00,angiang_longxuyen,88.7410559653924
2025-07-29 02:00:00+00:00,bacgiang_bacgiangcity,69.83295386207179
2025-07-29 03:00:00+00:00,backan_backancity,57.36571873038177
2025-07-29 04:00:00+00:00,angiang_longxuyen,89.13099182243359
2025-07-29 05:00:00+00:00,bacgiang_bacgiangcity,69.1648104140754
2025-07-29 06:00:00+00:00,backan_backancity,56.75543362366183
2025-07-29 07:00:00+00:00,angiang_longxuyen,89.1290012009056
2025-07-29 08:00:00+00:00,backan_backancity,56.266044402172966
2025-07-29 09:00:00+00:00,bacgiang_bacgiangcity,68.70016946023176
2025-07-29 10:00:00+00:00,backan_backancity,55.869278262375396
2025-07-29 11:00:00+00:00,angiang_longxuyen,88.63306504639138
2025-07-29 12:00:00+00:00,bacgiang_bacgiangcity,68.48343919635792
2025-07-29 13:00:00+00:00,angiang_longxuyen,87.92513307920501
2025-07-29 14:00:00+00:00,backan_backancity,55.53631722150003
2025-07-29 15:00:00+00:00,bacgiang_bacgiangcity,68.55625649052213
2025-07-29 16:00:00+00:00,bacgiang_bacgiangcity,68.40954110828304
2025-07-29 17:00:00+00:00,angiang_longxuyen,87.14252829556528
2025-07-29 18:00:00+00:00,backan_backancity,55.290914834212316
2025-07-29 19:00:00+00:00,angiang_longxuyen,86.32081168449825
2025-07-29 20:00:00+00:00,backan_backancity,55.176269381022244
2025-07-29 21:00:00+00:00,bacgiang_bacgiangcity,68.15391421930923
2025-07-29 22:00:00+00:00,backan_backancity,55.072264487351134
2025-07-29 23:00:00+00:00,bacgiang_bacgiangcity,67.71958809997824
2025-07-30 00:00:00+00:00,angiang_longxuyen,85.44217884012119
2025-07-30 01:00:00+00:00,angiang_longxuyen,84.57626923556441
2025-07-30 02:00:00+00:00,backan_backancity,55.01817696907725
2025-07-30 03:00:00+00:00,bacgiang_bacgiangcity,67.21770997009219
2025-07-30 04:00:00+00:00,angiang_longxuyen,83.74534196488682
2025-07-30 05:00:00+00:00,backan_backancity,55.108394566976166
2025-07-30 06:00:00+00:00,bacgiang_bacgiangcity,66.77469685014718
2025-07-30 07:00:00+00:00,bacgiang_bacgiangcity,66.47915710286094
2025-07-30 08:00:00+00:00,backan_backancity,55.351439293210916
2025-07-30 09:00:00+00:00,angiang_longxuyen,82.92734596294596
2025-07-30 10:00:00+00:00,backan_backancity,55.65009230083281
2025-07-30 11:00:00+00:00,angiang_longxuyen,82.25578797135563
2025-07-30 12:00:00+00:00,bacgiang_bacgiangcity,66.30384372245405
2025-07-30 13:00:00+00:00,backan_backancity,55.85748517483664
2025-07-30 14:00:00+00:00,bacgiang_bacgiangcity,66.31752580819953
2025-07-30 15:00:00+00:00,angiang_longxuyen,81.88463090851266
2025-07-30 16:00:00+00:00,backan_backancity,55.95188726243401
2025-07-30 17:00:00+00:00,bacgiang_bacgiangcity,66.52580818515641
2025-07-30 18:00:00+00:00,angiang_longxuyen,81.72989565287433
2025-07-30 19:00:00+00:00,bacgiang_bacgiangcity,66.89481561586284
2025-07-30 20:00:00+00:00,angiang_longxuyen,81.79639795429931
2025-07-30 21:00:00+00:00,backan_backancity,56.01572105499986
2025-07-30 22:00:00+00:00,bacgiang_bacgiangcity,67.48243991751286
2025-07-30 23:00:00+00:00,angiang_longxuyen,81.83903670875819
2025-07-31 00:00:00+00:00,backan_backancity,56.06910079673045
2025-07-31 01:00:00+00:00,angiang_longxuyen,82.09170337016243
2025-07-31 02:00:00+00:00,backan_backancity,56.1584145448545
2025-07-31 03:00:00+00:00,bacgiang_bacgiangcity,68.25276382167183
2025-07-31 04:00:00+00:00,backan_backancity,56.07576250433041
2025-07-31 05:00:00+00:00,angiang_longxuyen,83.03869403825364
2025-07-31 06:00:00+00:00,bacgiang_bacgiangcity,68.80161583734437
2025-07-31 07:00:00+00:00,bacgiang_bacgiangcity,69.11194715793044
2025-07-31 08:00:00+00:00,backan_backancity,55.809853726383245
2025-07-31 09:00:00+00:00,angiang_longxuyen,83.37229351270014
2025-07-31 10:00:00+00:00,bacgiang_bacgiangcity,69.20135655153331
2025-07-31 11:00:00+00:00,backan_backancity,55.476710959098114
2025-07-31 12:00:00+00:00,angiang_longxuyen,82.9537154214572
2025-07-31 13:00:00+00:00,angiang_longxuyen,82.3845698263156
2025-07-31 14:00:00+00:00,backan_backancity,55.17960740823314
2025-07-31 15:00:00+00:00,bacgiang_bacgiangcity,69.07560665825201
2025-07-31 16:00:00+00:00,bacgiang_bacgiangcity,68.62765584046281
2025-07-31 17:00:00+00:00,backan_backancity,54.95842723845711
2025-07-31 18:00:00+00:00,angiang_longxuyen,81.67115259091878
2025-07-31 19:00:00+00:00,angiang_longxuyen,81.12397915339957
2025-07-31 20:00:00+00:00,backan_backancity,54.92102507396374
2025-07-31 21:00:00+00:00,bacgiang_bacgiangcity,68.03409912798884
2025-07-31 22:00:00+00:00,bacgiang_bacgiangcity,67.36734014829841
2025-07-31 23:00:00+00:00,angiang_longxuyen,80.66541168746113
2025-08-01 00:00:00+00:00,backan_backancity,54.98576271630446
2025-08-01 01:00:00+00:00,bacgiang_bacgiangcity,66.82338039886761
2025-08-01 02:00:00+00:00,backan_backancity,55.08909809162382
2025-08-01 03:00:00+00:00,angiang_longxuyen,80.42177635039465
2025-08-01 04:00:00+00:00,bacgiang_bacgiangcity,66.46261282616169
2025-08-01 05:00:00+00:00,angiang_longxuyen,80.40882356142518
2025-08-01 06:00:00+00:00,backan_backancity,55.21886987728959
2025-08-01 07:00:00+00:00,angiang_longxuyen,80.21186321802386
2025-08-01 08:00:00+00:00,bacgiang_bacgiangcity,66.26205143048273
2025-08-01 09:00:00+00:00,backan_backancity,55.41725294718838
2025-08-01 10:00:00+00:00,angiang_longxuyen,79.81666566407898
2025-08-01 11:00:00+00:00,bacgiang_bacgiangcity,66.23257588504674
2025-08-01 12:00:00+00:00,backan_backancity,55.600944871540094
2025-08-01 13:00:00+00:00,bacgiang_bacgiangcity,66.24215717088775
2025-08-01 14:00:00+00:00,backan_backancity,55.70859385795433
2025-08-01 15:00:00+00:00,angiang_longxuyen,79.37546263482068
2025-08-01 16:00:00+00:00,backan_backancity,55.95148555142296
2025-08-01 17:00:00+00:00,bacgiang_bacgiangcity,66.58130647424291
2025-08-01 18:00:00+00:00,angiang_longxuyen,78.52063355898545
2025-08-01 19:00:00+00:00,backan_backancity,56.202817958397645
2025-08-01 20:00:00+00:00,bacgiang_bacgiangcity,67.0456270157325
2025-08-01 21:00:00+00:00,angiang_longxuyen,77.5967627942625
2025-08-01 22:00:00+00:00,backan_backancity,56.40595939086783
2025-08-01 23:00:00+00:00,bacgiang_bacgiangcity,67.6278616946509
2025-08-02 00:00:00+00:00,angiang_longxuyen,76.57126153488021
2025-08-02 01:00:00+00:00,bacgiang_bacgiangcity,68.24377553779954
2025-08-02 02:00:00+00:00,angiang_longxuyen,75.57335399613808
2025-08-02 03:00:00+00:00,backan_backancity,56.54338759711331
2025-08-02 04:00:00+00:00,angiang_longxuyen,74.47271843086712
2025-08-02 05:00:00+00:00,backan_backancity,56.60561454563494
2025-08-02 06:00:00+00:00,bacgiang_bacgiangcity,68.77857245035918
2025-08-02 07:00:00+00:00,backan_backancity,56.575524477997526
2025-08-02 08:00:00+00:00,bacgiang_bacgiangcity,69.18639759864554
2025-08-02 09:00:00+00:00,angiang_longxuyen,73.41020237118067
2025-08-02 10:00:00+00:00,angiang_longxuyen,72.22905722411124
2025-08-02 11:00:00+00:00,bacgiang_bacgiangcity,69.55417598494913
2025-08-02 12:00:00+00:00,backan_backancity,56.44347632993578
2025-08-02 13:00:00+00:00,backan_backancity,56.16424891906264
2025-08-02 14:00:00+00:00,bacgiang_bacgiangcity,69.82447249923723
2025-08-02 15:00:00+00:00,angiang_longxuyen,71.10148789200397
2025-08-02 16:00:00+00:00,backan_backancity,55.76712889099343
2025-08-02 17:00:00+00:00,angiang_longxuyen,69.86995192441714
2025-08-02 18:00:00+00:00,bacgiang_bacgiangcity,69.96350515838996
2025-08-02 19:00:00+00:00,bacgiang_bacgiangcity,70.03231490699153
2025-08-02 20:00:00+00:00,backan_backancity,55.236086063477565
2025-08-02 21:00:00+00:00,angiang_longxuyen,68.62098456831497
2025-08-02 22:00:00+00:00,angiang_longxuyen,67.34182671682262
2025-08-02 23:00:00+00:00,bacgiang_bacgiangcity,69.94721912448354
2025-08-03 00:00:00+00:00,backan_backancity,54.551312257850995
2025-08-03 01:00:00+00:00,angiang_longxuyen,65.86172249659904
2025-08-03 02:00:00+00:00,bacgiang_bacgiangcity,69.6827785046363
2025-08-03 03:00:00+00:00,backan_backancity,53.87763811004172
2025-08-03 04:00:00+00:00,angiang_longxuyen,64.71281226702962
2025-08-03 05:00:00+00:00,backan_backancity,53.34089002971412
2025-08-03 06:00:00+00:00,bacgiang_bacgiangcity,69.22492359751507
2025-08-03 07:00:00+00:00,bacgiang_bacgiangcity,68.70638163408125
2025-08-03 08:00:00+00:00,angiang_longxuyen,63.85031003265588
2025-08-03 09:00:00+00:00,backan_backancity,52.79021596767002
2025-08-03 10:00:00+00:00,bacgiang_bacgiangcity,68.29216975894653
2025-08-03 11:00:00+00:00,backan_backancity,52.155976450779086
2025-08-03 12:00:00+00:00,angiang_longxuyen,63.13802380504614
2025-08-03 13:00:00+00:00,backan_backancity,51.49661564887554
2025-08-03 14:00:00+00:00,angiang_longxuyen,62.60029057628667
2025-08-03 15:00:00+00:00,bacgiang_bacgiangcity,68.02967074231938
2025-08-03 16:00:00+00:00,angiang_longxuyen,62.29793608863436
2025-08-03 17:00:00+00:00,backan_backancity,50.87822937009936
2025-08-03 18:00:00+00:00,bacgiang_bacgiangcity,67.94869249767467
2025-08-03 19:00:00+00:00,angiang_longxuyen,62.31891592441398
2025-08-03 20:00:00+00:00,backan_backancity,50.258398844592975
2025-08-03 21:00:00+00:00,bacgiang_bacgiangcity,67.95381670420257
2025-08-03 22:00:00+00:00,backan_backancity,49.60244302173549
2025-08-03 23:00:00+00:00,angiang_longxuyen,62.60661752471075
2025-08-04 00:00:00+00:00,bacgiang_bacgiangcity,67.97611405645296
2025-08-04 01:00:00+00:00,backan_backancity,48.97115416786622
2025-08-04 02:00:00+00:00,angiang_longxuyen,63.11195562979319
2025-08-04 03:00:00+00:00,bacgiang_bacgiangcity,68.01890584367794
2025-08-04 04:00:00+00:00,bacgiang_bacgiangcity,68.07979853777002
2025-08-04 05:00:00+00:00,backan_backancity,48.380854183946134
2025-08-04 06:00:00+00:00,angiang_longxuyen,63.940637622855434
2025-08-04 07:00:00+00:00,backan_backancity,47.848328851508526
2025-08-04 08:00:00+00:00,angiang_longxuyen,64.95278677339417
2025-08-04 09:00:00+00:00,bacgiang_bacgiangcity,68.08193860535866
2025-08-04 10:00:00+00:00,backan_backancity,47.29413025356984
2025-08-04 11:00:00+00:00,angiang_longxuyen,65.72956674737364
2025-08-04 12:00:00+00:00,bacgiang_bacgiangcity,67.8777068144299
2025-08-04 13:00:00+00:00,angiang_longxuyen,66.13551724427509
2025-08-04 14:00:00+00:00,backan_backancity,46.70320857403742
2025-08-04 15:00:00+00:00,bacgiang_bacgiangcity,67.56660793887629
2025-08-04 16:00:00+00:00,backan_backancity,46.01504891846054
2025-08-04 17:00:00+00:00,bacgiang_bacgiangcity,67.10854261170167
2025-08-04 18:00:00+00:00,angiang_longxuyen,67.00551808418848
2025-08-04 19:00:00+00:00,angiang_longxuyen,68.19329863635119
2025-08-04 20:00:00+00:00,bacgiang_bacgiangcity,66.5642959258344
2025-08-04 21:00:00+00:00,backan_backancity,45.25166409379012
2025-08-04 22:00:00+00:00,backan_backancity,44.51272625350661
2025-08-04 23:00:00+00:00,angiang_longxuyen,69.54115146187053
2025-08-05 00:00:00+00:00,bacgiang_bacgiangcity,65.99790013820893
2025-08-05 01:00:00+00:00,angiang_longxuyen,70.74752788625322
2025-08-05 02:00:00+00:00,bacgiang_bacgiangcity,65.40438646620044
2025-08-05 03:00:00+00:00,backan_backancity,43.7923340715667
2025-08-05 04:00:00+00:00,angiang_longxuyen,71.40879203318534
2025-08-05 05:00:00+00:00,backan_backancity,43.06183694478924
2025-08-05 06:00:00+00:00,bacgiang_bacgiangcity,64.52979464330359
2025-08-05 07:00:00+00:00,angiang_longxuyen,71.76312027402955
2025-08-05 08:00:00+00:00,backan_backancity,42.3789521373694
2025-08-05 09:00:00+00:00,bacgiang_bacgiangcity,63.46729771271292
2025-08-05 10:00:00+00:00,bacgiang_bacgiangcity,62.2360438992886
2025-08-05 11:00:00+00:00,backan_backancity,41.74775892897895
2025-08-05 12:00:00+00:00,angiang_longxuyen,72.0846755915554
2025-08-05 13:00:00+00:00,angiang_longxuyen,72.51803808268726
2025-08-05 14:00:00+00:00,backan_backancity,41.16018962347924
2025-08-05 15:00:00+00:00,bacgiang_bacgiangcity,60.98627312116433
2025-08-05 16:00:00+00:00,backan_backancity,40.622260321488184
2025-08-05 17:00:00+00:00,bacgiang_bacgiangcity,59.82100512357935
2025-08-05 18:00:00+00:00,angiang_longxuyen,73.14303107291306
2025-08-05 19:00:00+00:00,bacgiang_bacgiangcity,58.75590663596472
2025-08-05 20:00:00+00:00,angiang_longxuyen,73.96162246795959
2025-08-05 21:00:00+00:00,backan_backancity,40.11209690199918
2025-08-05 22:00:00+00:00,bacgiang_bacgiangcity,57.832143472405455
2025-08-05 23:00:00+00:00,angiang_longxuyen,75.20938947330254
2025-08-06 00:00:00+00:00,backan_backancity,39.56464131031744
2025-08-06 01:00:00+00:00,bacgiang_bacgiangcity,57.04997387569438
2025-08-06 02:00:00+00:00,angiang_longxuyen,76.81693890291953
2025-08-06 03:00:00+00:00,backan_backancity,39.07961352266287
2025-08-06 04:00:00+00:00,angiang_longxuyen,80.06813436586098
2025-08-06 05:00:00+00:00,backan_backancity,38.59365319158978
2025-08-06 06:00:00+00:00,bacgiang_bacgiangcity,56.32557893046576
2025-08-06 07:00:00+00:00,angiang_longxuyen,82.15518327445665
2025-08-06 08:00:00+00:00,bacgiang_bacgiangcity,55.757463915358464
2025-08-06 09:00:00+00:00,backan_backancity,38.099711245308995
2025-08-06 10:00:00+00:00,backan_backancity,37.58208269619793
2025-08-06 11:00:00+00:00,bacgiang_bacgiangcity,55.26666870533092
2025-08-06 12:00:00+00:00,angiang_longxuyen,82.83791744024734
2025-08-06 13:00:00+00:00,backan_backancity,37.033316761456334
2025-08-06 14:00:00+00:00,angiang_longxuyen,82.68898308289955
2025-08-06 15:00:00+00:00,bacgiang_bacgiangcity,54.81809140965544
2025-08-06 16:00:00+00:00,backan_backancity,36.40857484061243
2025-08-06 17:00:00+00:00,angiang_longxuyen,82.20546888494734
2025-08-06 18:00:00+00:00,bacgiang_bacgiangcity,54.4082170569853
2025-08-06 19:00:00+00:00,bacgiang_bacgiangcity,53.85911636306783
2025-08-06 20:00:00+00:00,angiang_longxuyen,81.94604008819037
2025-08-06 21:00:00+00:00,backan_backancity,35.9418201216868
2025-08-06 22:00:00+00:00,backan_backancity,35.56921881211363
2025-08-06 23:00:00+00:00,angiang_longxuyen,82.11363966073027
2025-08-07 00:00:00+00:00,bacgiang_bacgiangcity,53.314778813995694
2025-08-07 01:00:00+00:00,angiang_longxuyen,82.46535917113962
2025-08-07 02:00:00+00:00,backan_backancity,35.34742172899921
2025-08-07 03:00:00+00:00,bacgiang_bacgiangcity,52.82738858301422
2025-08-07 04:00:00+00:00,bacgiang_bacgiangcity,52.46380185982002
2025-08-07 05:00:00+00:00,backan_backancity,35.22669800563
2025-08-07 06:00:00+00:00,angiang_longxuyen,82.13790970098137
2025-08-07 07:00:00+00:00,backan_backancity,35.11159823641552
2025-08-07 08:00:00+00:00,angiang_longxuyen,80.90119453071631
2025-08-07 09:00:00+00:00,bacgiang_bacgiangcity,52.2998415977493
2025-08-07 10:00:00+00:00,angiang_longxuyen,79.20962772136504
2025-08-07 11:00:00+00:00,backan_backancity,34.93143563023234
2025-08-07 12:00:00+00:00,bacgiang_bacgiangcity,52.47100396437532
2025-08-07 13:00:00+00:00,backan_backancity,34.656574435467434
2025-08-07 14:00:00+00:00,bacgiang_bacgiangcity,53.182745012755774
2025-08-07 15:00:00+00:00,angiang_longxuyen,77.66812149487468
2025-08-07 16:00:00+00:00,angiang_longxuyen,76.48915945585935
2025-08-07 17:00:00+00:00,bacgiang_bacgiangcity,53.68874307164209
2025-08-07 18:00:00+00:00,backan_backancity,34.26131949423525
2025-08-07 19:00:00+00:00,bacgiang_bacgiangcity,54.12752627028619
2025-08-07 20:00:00+00:00,backan_backancity,33.800910852829475
2025-08-07 21:00:00+00:00,angiang_longxuyen,75.52885971939006
2025-08-07 22:00:00+00:00,backan_backancity,33.32319037975691
2025-08-07 23:00:00+00:00,bacgiang_bacgiangcity,54.56202455147906
2025-08-08 00:00:00+00:00,angiang_longxuyen,74.45328326957048
2025-08-08 01:00:00+00:00,backan_backancity,32.85344673961811
2025-08-08 02:00:00+00:00,bacgiang_bacgiangcity,54.92954230385285
2025-08-08 03:00:00+00:00,angiang_longxuyen,73.50426969960219
2025-08-08 04:00:00+00:00,bacgiang_bacgiangcity,55.27651062510171
2025-08-08 05:00:00+00:00,angiang_longxuyen,72.58726867139563
2025-08-08 06:00:00+00:00,backan_backancity,32.43375916082083
2025-08-08 07:00:00+00:00,backan_backancity,32.10385399299382
2025-08-08 08:00:00+00:00,angiang_longxuyen,71.76989436506713
2025-08-08 09:00:00+00:00,bacgiang_bacgiangcity,55.54235723348764
2025-08-08 10:00:00+00:00,bacgiang_bacgiangcity,55.7282537861262
2025-08-08 11:00:00+00:00,angiang_longxuyen,70.94702283484332
2025-08-08 12:00:00+00:00,backan_backancity,31.85701214124984
2025-08-08 13:00:00+00:00,bacgiang_bacgiangcity,55.92739723758162
2025-08-08 14:00:00+00:00,backan_backancity,31.718168381917792
2025-08-08 15:00:00+00:00,angiang_longxuyen,70.23376819676051
2025-08-08 16:00:00+00:00,backan_backancity,31.64161852294255
2025-08-08 17:00:00+00:00,bacgiang_bacgiangcity,56.119372060399336
2025-08-08 18:00:00+00:00,angiang_longxuyen,69.69257260166768
2025-08-08 19:00:00+00:00,bacgiang_bacgiangcity,56.32754444505556
2025-08-08 20:00:00+00:00,angiang_longxuyen,69.35226120574482
2025-08-08 21:00:00+00:00,backan_backancity,31.65245515569309
2025-08-08 22:00:00+00:00,angiang_longxuyen,69.01966839996291
2025-08-08 23:00:00+00:00,bacgiang_bacgiangcity,56.7728124071638
2025-08-09 00:00:00+00:00,backan_backancity,31.768626154270365
2025-08-09 01:00:00+00:00,angiang_longxuyen,68.62998002559817
2025-08-09 02:00:00+00:00,backan_backancity,32.016376638063164
2025-08-09 03:00:00+00:00,bacgiang_bacgiangcity,57.77754903309382
2025-08-09 04:00:00+00:00,angiang_longxuyen,68.10330819646448
2025-08-09 05:00:00+00:00,backan_backancity,32.329739920327896
2025-08-09 06:00:00+00:00,bacgiang_bacgiangcity,58.90757167173287
2025-08-09 07:00:00+00:00,angiang_longxuyen,67.67742279063953
2025-08-09 08:00:00+00:00,bacgiang_bacgiangcity,59.76165710397026
2025-08-09 09:00:00+00:00,backan_backancity,32.57692609579563
2025-08-09 10:00:00+00:00,bacgiang_bacgiangcity,60.28622473256987
2025-08-09 11:00:00+00:00,backan_backancity,32.813017395720024
2025-08-09 12:00:00+00:00,angiang_longxuyen,67.04237506945256
2025-08-09 13:00:00+00:00,bacgiang_bacgiangcity,60.51283756554299
2025-08-09 14:00:00+00:00,backan_backancity,33.06266644226743
2025-08-09 15:00:00+00:00,angiang_longxuyen,66.35883030822885
2025-08-09 16:00:00+00:00,backan_backancity,33.41521089493162
2025-08-09 17:00:00+00:00,bacgiang_bacgiangcity,60.588421405182125
2025-08-09 18:00:00+00:00,angiang_longxuyen,66.02429111695291
2025-08-09 19:00:00+00:00,bacgiang_bacgiangcity,60.713788716548144
2025-08-09 20:00:00+00:00,backan_backancity,33.88497844644013
2025-08-09 21:00:00+00:00,angiang_longxuyen,66.20098179225485
2025-08-09 22:00:00+00:00,angiang_longxuyen,66.97055487940506
2025-08-09 23:00:00+00:00,bacgiang_bacgiangcity,60.89728456766828
2025-08-10 00:00:00+00:00,backan_backancity,34.48640199954721
2025-08-10 01:00:00+00:00,bacgiang_bacgiangcity,61.15304536031242
2025-08-10 02:00:00+00:00,backan_backancity,35.30338655054953
2025-08-10 03:00:00+00:00,angiang_longxuyen,68.06450004343243
2025-08-10 04:00:00+00:00,bacgiang_bacgiangcity,61.555526317469614
2025-08-10 05:00:00+00:00,backan_backancity,36.39188470455798
2025-08-10 06:00:00+00:00,angiang_longxuyen,69.0198405618248
2025-08-10 07:00:00+00:00,bacgiang_bacgiangcity,62.35904398505377
2025-08-10 08:00:00+00:00,backan_backancity,37.59417228472104
2025-08-10 09:00:00+00:00,angiang_longxuyen,69.51088445009728
2025-08-10 10:00:00+00:00,bacgiang_bacgiangcity,64.92760331882033
2025-08-10 11:00:00+00:00,backan_backancity,38.720096514592555
2025-08-10 12:00:00+00:00,angiang_longxuyen,69.52174021194358
2025-08-10 13:00:00+00:00,backan_backancity,39.671549044270805
2025-08-10 14:00:00+00:00,angiang_longxuyen,69.41079145651
2025-08-10 15:00:00+00:00,bacgiang_bacgiangcity,70.29424961529364
2025-08-10 16:00:00+00:00,angiang_longxuyen,69.4856962132495
2025-08-10 17:00:00+00:00,bacgiang_bacgiangcity,76.86903938637089
2025-08-10 18:00:00+00:00,backan_backancity,40.64280018806522
2025-08-10 19:00:00+00:00,angiang_longxuyen,69.73085948684015
2025-08-10 20:00:00+00:00,bacgiang_bacgiangcity,84.10200634655126
2025-08-10 21:00:00+00:00,backan_backancity,41.724593594008255
2025-08-10 22:00:00+00:00,bacgiang_bacgiangcity,91.68443319270382
2025-08-10 23:00:00+00:00,angiang_longxuyen,69.96982493340313
2025-08-11 00:00:00+00:00,backan_backancity,43.05567259367916
2025-08-11 01:00:00+00:00,angiang_longxuyen,70.30310638663255
2025-08-11 02:00:00+00:00,backan_backancity,44.771614653308234
2025-08-11 03:00:00+00:00,bacgiang_bacgiangcity,99.47050659901159
2025-08-11 04:00:00+00:00,backan_backancity,46.81223485534669
2025-08-11 05:00:00+00:00,bacgiang_bacgiangcity,107.31442190752912
2025-08-11 06:00:00+00:00,angiang_longxuyen,70.8545073543157
2025-08-11 07:00:00+00:00,angiang_longxuyen,71.76778777339607
2025-08-11 08:00:00+00:00,backan_backancity,49.185658283220455
2025-08-11 09:00:00+00:00,bacgiang_bacgiangcity,114.87599475148514
2025-08-11 10:00:00+00:00,bacgiang_bacgiangcity,121.62379224914544
2025-08-11 11:00:00+00:00,angiang_longxuyen,73.04606568648326
2025-08-11 12:00:00+00:00,backan_backancity,51.80569401368904
2025-08-11 13:00:00+00:00,bacgiang_bacgiangcity,127.70929561762357
2025-08-11 14:00:00+00:00,backan_backancity,54.475934055991324
2025-08-11 15:00:00+00:00,angiang_longxuyen,74.60985491840219
2025-08-11 16:00:00+00:00,bacgiang_bacgiangcity,133.18834448080858
2025-08-11 17:00:00+00:00,angiang_longxuyen,76.35534664871335
2025-08-11 18:00:00+00:00,backan_backancity,57.11327205357882
2025-08-11 19:00:00+00:00,bacgiang_bacgiangcity,138.0392297061448
2025-08-11 20:00:00+00:00,backan_backancity,59.67559530212616
2025-08-11 21:00:00+00:00,angiang_longxuyen,78.1497753882638
2025-08-11 22:00:00+00:00,angiang_longxuyen,79.8469757163177
2025-08-11 23:00:00+00:00,backan_backancity,62.259314444286005
2025-08-12 00:00:00+00:00,bacgiang_bacgiangcity,142.37875594350677
2025-08-12 01:00:00+00:00,bacgiang_bacgiangcity,146.24747448477802
2025-08-12 02:00:00+00:00,angiang_longxuyen,81.2707256204193
2025-08-12 03:00:00+00:00,backan_backancity,64.82018388155527
2025-08-12 04:00:00+00:00,bacgiang_bacgiangcity,149.06062800153623
2025-08-12 05:00:00+00:00,angiang_longxuyen,82.09222224688504
2025-08-12 06:00:00+00:00,backan_backancity,66.45748144622289
2025-08-12 07:00:00+00:00,bacgiang_bacgiangcity,150.56136773381564
2025-08-12 08:00:00+00:00,angiang_longxuyen,82.38419680894819
2025-08-12 09:00:00+00:00,backan_backancity,67.05265695842593
2025-08-12 10:00:00+00:00,bacgiang_bacgiangcity,150.83410081667677
2025-08-12 11:00:00+00:00,backan_backancity,66.7559479451611
2025-08-12 12:00:00+00:00,angiang_longxuyen,82.25213192292766
2025-08-12 13:00:00+00:00,bacgiang_bacgiangcity,150.42272482998914
2025-08-12 14:00:00+00:00,angiang_longxuyen,81.8757693548998
2025-08-12 15:00:00+00:00,backan_backancity,66.144861807556
2025-08-12 16:00:00+00:00,backan_backancity,65.72206335956004
2025-08-12 17:00:00+00:00,bacgiang_bacgiangcity,150.0850436847339
2025-08-12 18:00:00+00:00,angiang_longxuyen,81.56533760656097
2025-08-12 19:00:00+00:00,bacgiang_bacgiangcity,149.99309968594224
2025-08-12 20:00:00+00:00,backan_backancity,65.59773380163924
2025-08-12 21:00:00+00:00,angiang_longxuyen,81.42920300541655
2025-08-12 22:00:00+00:00,backan_backancity,65.7539850381169
2025-08-12 23:00:00+00:00,angiang_longxuyen,81.39476824190363
2025-08-13 00:00:00+00:00,bacgiang_bacgiangcity,150.1395090026491
2025-08-13 01:00:00+00:00,backan_backancity,66.38936512734278
2025-08-13 02:00:00+00:00,bacgiang_bacgiangcity,150.34085230011743
2025-08-13 03:00:00+00:00,angiang_longxuyen,81.36004893309124
2025-08-13 04:00:00+00:00,bacgiang_bacgiangcity,150.52134488320257
2025-08-13 05:00:00+00:00,backan_backancity,67.3453847286348
2025-08-13 06:00:00+00:00,angiang_longxuyen,81.31634612268046
2025-08-13 07:00:00+00:00,bacgiang_bacgiangcity,150.8791880953935
2025-08-13 08:00:00+00:00,angiang_longxuyen,81.31392868320323
2025-08-13 09:00:00+00:00,backan_backancity,68.55810005712644
2025-08-13 10:00:00+00:00,backan_backancity,69.9527761268031
2025-08-13 11:00:00+00:00,bacgiang_bacgiangcity,151.5597534999519
2025-08-13 12:00:00+00:00,angiang_longxuyen,81.41165923346361
2025-08-13 13:00:00+00:00,backan_backancity,71.57620987931547
2025-08-13 14:00:00+00:00,bacgiang_bacgiangcity,152.89776201456345
2025-08-13 15:00:00+00:00,angiang_longxuyen,81.60796679647196
2025-08-13 16:00:00+00:00,bacgiang_bacgiangcity,154.9458951689634
2025-08-13 17:00:00+00:00,angiang_longxuyen,82.09430014491245
2025-08-13 18:00:00+00:00,backan_backancity,73.53641614503428
2025-08-13 19:00:00+00:00,backan_backancity,75.99112866535893
2025-08-13 20:00:00+00:00,angiang_longxuyen,82.35254772000597
2025-08-13 21:00:00+00:00,backan_backancity,78.90768929154561
2025-08-13 22:00:00+00:00,angiang_longxuyen,82.33405705781269
2025-08-13 23:00:00+00:00,backan_backancity,82.1175682987729
2025-08-14 00:00:00+00:00,angiang_longxuyen,82.01218850134372
2025-08-14 01:00:00+00:00,bacgiang_bacgiangcity,157.18452542353322
2025-08-14 02:00:00+00:00,backan_backancity,85.34035227223025
2025-08-14 03:00:00+00:00,bacgiang_bacgiangcity,158.7215578327517
2025-08-14 04:00:00+00:00,angiang_longxuyen,81.33685012220293
2025-08-14 05:00:00+00:00,bacgiang_bacgiangcity,159.11039018008097
2025-08-14 06:00:00+00:00,backan_backancity,88.26000583408833
2025-08-14 07:00:00+00:00,angiang_longxuyen,80.2165546287601
2025-08-14 08:00:00+00:00,bacgiang_bacgiangcity,158.67030142065096
2025-08-14 09:00:00+00:00,backan_backancity,90.81728378362783
2025-08-14 10:00:00+00:00,angiang_longxuyen,78.61822303216456
2025-08-14 11:00:00+00:00,backan_backancity,93.04201435898784
2025-08-14 12:00:00+00:00,angiang_longxuyen,76.76535012277989
2025-08-14 13:00:00+00:00,bacgiang_bacgiangcity,157.82117042421655
2025-08-14 14:00:00+00:00,backan_backancity,95.00255060160858
2025-08-14 15:00:00+00:00,bacgiang_bacgiangcity,156.9851476406547
2025-08-14 16:00:00+00:00,angiang_longxuyen,74.69352558327573
2025-08-14 17:00:00+00:00,bacgiang_bacgiangcity,156.25075774288916
2025-08-14 18:00:00+00:00,angiang_longxuyen,72.62660526569817
2025-08-14 19:00:00+00:00,backan_backancity,96.70624764881146
2025-08-14 20:00:00+00:00,bacgiang_bacgiangcity,155.62943993018712
2025-08-14 21:00:00+00:00,angiang_longxuyen,70.59584611252629
2025-08-14 22:00:00+00:00,backan_backancity,98.12443815945653
2025-08-14 23:00:00+00:00,bacgiang_bacgiangcity,155.14249445068214
2025-08-15 00:00:00+00:00,angiang_longxuyen,68.67886921209808
2025-08-15 01:00:00+00:00,backan_backancity,99.22790781982185
2025-08-15 02:00:00+00:00,angiang_longxuyen,67.08073368873414
2025-08-15 03:00:00+00:00,bacgiang_bacgiangcity,154.92763166478233
2025-08-15 04:00:00+00:00,backan_backancity,100.32695029008619
2025-08-15 05:00:00+00:00,backan_backancity,101.11454507769133
2025-08-15 06:00:00+00:00,angiang_longxuyen,65.51200197669708
2025-08-15 07:00:00+00:00,bacgiang_bacgiangcity,154.77362809705699
2025-08-15 08:00:00+00:00,backan_backancity,101.67861996799476
2025-08-15 09:00:00+00:00,bacgiang_bacgiangcity,154.80019841107375
2025-08-15 10:00:00+00:00,angiang_longxuyen,63.982262535238796
2025-08-15 11:00:00+00:00,bacgiang_bacgiangcity,154.74382496585602
2025-08-15 12:00:00+00:00,angiang_longxuyen,62.455813298252
2025-08-15 13:00:00+00:00,backan_backancity,102.13486623771905
2025-08-15 14:00:00+00:00,bacgiang_bacgiangcity,154.4568407066504
2025-08-15 15:00:00+00:00,backan_backancity,102.52134301624021
2025-08-15 16:00:00+00:00,angiang_longxuyen,61.0246652163635
2025-08-15 17:00:00+00:00,bacgiang_bacgiangcity,154.25998318213885
2025-08-15 18:00:00+00:00,backan_backancity,102.72299357480925
2025-08-15 19:00:00+00:00,angiang_longxuyen,60.28119378038383
2025-08-15 20:00:00+00:00,backan_backancity,102.69615545345178
2025-08-15 21:00:00+00:00,angiang_longxuyen,59.76458863789615
2025-08-15 22:00:00+00:00,bacgiang_bacgiangcity,154.1653419808444
2025-08-15 23:00:00+00:00,bacgiang_bacgiangcity,154.17084637815063
2025-08-16 00:00:00+00:00,angiang_longxuyen,59.451445340232716
2025-08-16 01:00:00+00:00,backan_backancity,102.6225239771491
2025-08-16 02:00:00+00:00,angiang_longxuyen,59.02332183020333
2025-08-16 03:00:00+00:00,backan_backancity,102.42274687439648
2025-08-16 04:00:00+00:00,bacgiang_bacgiangcity,154.26776872411494
2025-08-16 05:00:00+00:00,backan_backancity,102.0864376439781
2025-08-16 06:00:00+00:00,bacgiang_bacgiangcity,154.54020530599172
2025-08-16 07:00:00+00:00,angiang_longxuyen,58.538322736192406
2025-08-16 08:00:00+00:00,backan_backancity,101.49501083676066
2025-08-16 09:00:00+00:00,bacgiang_bacgiangcity,154.89214719213933
2025-08-16 10:00:00+00:00,angiang_longxuyen,58.15168545260209
2025-08-16 11:00:00+00:00,bacgiang_bacgiangcity,155.25867979608125
2025-08-16 12:00:00+00:00,backan_backancity,100.61573268429365
2025-08-16 13:00:00+00:00,angiang_longxuyen,57.93366636590113
2025-08-16 14:00:00+00:00,backan_backancity,99.77725001857335
2025-08-16 15:00:00+00:00,bacgiang_bacgiangcity,154.40871668398108
2025-08-16 16:00:00+00:00,angiang_longxuyen,58.33915537336728
2025-08-16 17:00:00+00:00,bacgiang_bacgiangcity,152.9231989296562
2025-08-16 18:00:00+00:00,angiang_longxuyen,58.80381067403275
2025-08-16 19:00:00+00:00,backan_backancity,98.88013308762967
2025-08-16 20:00:00+00:00,angiang_longxuyen,59.149334748551404
2025-08-16 21:00:00+00:00,bacgiang_bacgiangcity,150.6742293988257
2025-08-16 22:00:00+00:00,backan_backancity,97.81802352122823
2025-08-16 23:00:00+00:00,bacgiang_bacgiangcity,147.74429753469968
2025-08-17 00:00:00+00:00,backan_backancity,96.57870739172346
2025-08-17 01:00:00+00:00,angiang_longxuyen,59.2726982871361
2025-08-17 02:00:00+00:00,bacgiang_bacgiangcity,144.49335314114015
2025-08-17 03:00:00+00:00,backan_backancity,95.13904506886706
2025-08-17 04:00:00+00:00,angiang_longxuyen,59.30178407724589
2025-08-17 05:00:00+00:00,bacgiang_bacgiangcity,141.40047963929288
2025-08-17 06:00:00+00:00,backan_backancity,93.57049747437674
2025-08-17 07:00:00+00:00,angiang_longxuyen,59.2411448436727
2025-08-17 08:00:00+00:00,backan_backancity,92.03181757178557
2025-08-17 09:00:00+00:00,bacgiang_bacgiangcity,137.97918825681427
2025-08-17 10:00:00+00:00,angiang_longxuyen,59.18212680096555
2025-08-17 11:00:00+00:00,backan_backancity,90.50240810722921
2025-08-17 12:00:00+00:00,angiang_longxuyen,59.16507321209157
2025-08-17 13:00:00+00:00,bacgiang_bacgiangcity,134.06061929198094
2025-08-17 14:00:00+00:00,bacgiang_bacgiangcity,129.65898805408284
2025-08-17 15:00:00+00:00,angiang_longxuyen,59.27214354335893
2025-08-17 16:00:00+00:00,backan_backancity,89.01233284583844
2025-08-17 17:00:00+00:00,angiang_longxuyen,59.67286462370579
2025-08-17 18:00:00+00:00,bacgiang_bacgiangcity,124.90371363608261
2025-08-17 19:00:00+00:00,backan_backancity,87.48661290562767
2025-08-17 20:00:00+00:00,backan_backancity,86.08146604715695
2025-08-17 21:00:00+00:00,bacgiang_bacgiangcity,119.85213669810251
2025-08-17 22:00:00+00:00,angiang_longxuyen,60.32965256222903
2025-08-17 23:00:00+00:00,backan_backancity,84.76219209070966
2025-08-18 00:00:00+00:00,bacgiang_bacgiangcity,114.74798284262968
2025-08-18 01:00:00+00:00,angiang_longxuyen,61.33598168538144
2025-08-18 02:00:00+00:00,backan_backancity,83.34453002133507
2025-08-18 03:00:00+00:00,bacgiang_bacgiangcity,109.62817869679247
2025-08-18 04:00:00+00:00,angiang_longxuyen,62.38769937050887
2025-08-18 05:00:00+00:00,bacgiang_bacgiangcity,104.40553145095973
2025-08-18 06:00:00+00:00,backan_backancity,81.66499302208265
2025-08-18 07:00:00+00:00,angiang_longxuyen,63.22958043964856
2025-08-18 08:00:00+00:00,angiang_longxuyen,63.63189401721781
2025-08-18 09:00:00+00:00,bacgiang_bacgiangcity,99.25122977426413
2025-08-18 10:00:00+00:00,backan_backancity,79.62354787778935
2025-08-18 11:00:00+00:00,bacgiang_bacgiangcity,94.4654593931257
2025-08-18 12:00:00+00:00,angiang_longxuyen,63.78981904957487
2025-08-18 13:00:00+00:00,backan_backancity,77.2845831247982
2025-08-18 14:00:00+00:00,bacgiang_bacgiangcity,90.1392864601758
2025-08-18 15:00:00+00:00,angiang_longxuyen,64.09785009639526
2025-08-18 16:00:00+00:00,backan_backancity,74.96094555978829
2025-08-18 17:00:00+00:00,backan_backancity,72.74331427009383
2025-08-18 18:00:00+00:00,bacgiang_bacgiangcity,86.17039960450268
2025-08-18 19:00:00+00:00,angiang_longxuyen,64.71521296854804
2025-08-18 20:00:00+00:00,backan_backancity,70.66869688260807
2025-08-18 21:00:00+00:00,bacgiang_bacgiangcity,82.7674482425882
2025-08-18 22:00:00+00:00,angiang_longxuyen,65.70284818286468
2025-08-18 23:00:00+00:00,angiang_longxuyen,66.96976341306781
2025-08-19 00:00:00+00:00,bacgiang_bacgiangcity,79.67992610528101
2025-08-19 01:00:00+00:00,backan_backancity,68.84544059574065
2025-08-19 02:00:00+00:00,backan_backancity,67.4080612109069
2025-08-19 03:00:00+00:00,angiang_longxuyen,67.78178157258229
2025-08-19 04:00:00+00:00,bacgiang_bacgiangcity,77.06480655242389
2025-08-19 05:00:00+00:00,angiang_longxuyen,68.15350772602424
2025-08-19 06:00:00+00:00,bacgiang_bacgiangcity,74.87591194684153
2025-08-19 07:00:00+00:00,backan_backancity,66.06033989792095
2025-08-19 08:00:00+00:00,bacgiang_bacgiangcity,73.19747247945858
2025-08-19 09:00:00+00:00,backan_backancity,64.74747897082867
2025-08-19 10:00:00+00:00,angiang_longxuyen,68.18476466850329
2025-08-19 11:00:00+00:00,angiang_longxuyen,68.23089926521311
2025-08-19 12:00:00+00:00,bacgiang_bacgiangcity,71.98366679250839
2025-08-19 13:00:00+00:00,backan_backancity,63.51328884120451
2025-08-19 14:00:00+00:00,angiang_longxuyen,68.26380130992791
2025-08-19 15:00:00+00:00,backan_backancity,62.46270455500113
2025-08-19 16:00:00+00:00,bacgiang_bacgiangcity,71.19771202597292
2025-08-19 17:00:00+00:00,angiang_longxuyen,68.4614933412422
2025-08-19 18:00:00+00:00,backan_backancity,61.7021699655996
2025-08-19 19:00:00+00:00,bacgiang_bacgiangcity,70.76362741147594
2025-08-19 20:00:00+00:00,backan_backancity,61.095811105785295
2025-08-19 21:00:00+00:00,bacgiang_bacgiangcity,70.78881325718677
2025-08-19 22:00:00+00:00,angiang_longxuyen,68.78180526754335
2025-08-19 23:00:00+00:00,angiang_longxuyen,69.22936154773242
2025-08-20 00:00:00+00:00,backan_backancity,60.57692481862772
2025-08-20 01:00:00+00:00,bacgiang_bacgiangcity,71.49337611238163
2025-08-20 02:00:00+00:00,backan_backancity,60.061228308188845
2025-08-20 03:00:00+00:00,angiang_longxuyen,70.01771940692328
2025-08-20 04:00:00+00:00,bacgiang_bacgiangcity,72.40500186467837
2025-08-20 05:00:00+00:00,backan_backancity,59.448633363155345
2025-08-20 06:00:00+00:00,angiang_longxuyen,71.05021235080747
2025-08-20 07:00:00+00:00,bacgiang_bacgiangcity,73.41381298800621
2025-08-20 08:00:00+00:00,backan_backancity,58.780114506654584
2025-08-20 09:00:00+00:00,angiang_longxuyen,72.33631645519927
2025-08-20 10:00:00+00:00,bacgiang_bacgiangcity,74.46951430732658
2025-08-20 11:00:00+00:00,backan_backancity,58.10323623530478
2025-08-20 12:00:00+00:00,angiang_longxuyen,73.76276117066669
2025-08-20 13:00:00+00:00,bacgiang_bacgiangcity,75.87404425245889
2025-08-20 14:00:00+00:00,bacgiang_bacgiangcity,77.61346249486485
2025-08-20 15:00:00+00:00,angiang_longxuyen,75.47340447076903
2025-08-20 16:00:00+00:00,backan_backancity,57.4601495116228
2025-08-20 17:00:00+00:00,backan_backancity,56.94552901282068
2025-08-20 18:00:00+00:00,bacgiang_bacgiangcity,79.6758755192529
2025-08-20 19:00:00+00:00,angiang_longxuyen,77.39583077235312
2025-08-20 20:00:00+00:00,angiang_longxuyen,79.34711809717176
2025-08-20 21:00:00+00:00,backan_backancity,56.59052168907682
2025-08-20 22:00:00+00:00,bacgiang_bacgiangcity,81.751358498322
2025-08-20 23:00:00+00:00,bacgiang_bacgiangcity,83.57174063855084
2025-08-21 00:00:00+00:00,angiang_longxuyen,81.24696489234293
2025-08-21 01:00:00+00:00,backan_backancity,56.373588178560496
2025-08-21 02:00:00+00:00,angiang_longxuyen,82.14778031439582
2025-08-21 03:00:00+00:00,backan_backancity,56.32341734264438
2025-08-21 04:00:00+00:00,bacgiang_bacgiangcity,84.66510714743131
2025-08-21 05:00:00+00:00,angiang_longxuyen,82.44780105236487
2025-08-21 06:00:00+00:00,bacgiang_bacgiangcity,85.06736811998722
2025-08-21 07:00:00+00:00,backan_backancity,56.15689856401517
2025-08-21 08:00:00+00:00,bacgiang_bacgiangcity,84.77428167923276
2025-08-21 09:00:00+00:00,angiang_longxuyen,82.34351400453123
2025-08-21 10:00:00+00:00,backan_backancity,55.72052084916344
2025-08-21 11:00:00+00:00,bacgiang_bacgiangcity,84.13111365689379
2025-08-21 12:00:00+00:00,angiang_longxuyen,82.08233967778575
2025-08-21 13:00:00+00:00,backan_backancity,55.16248686752399
2025-08-21 14:00:00+00:00,bacgiang_bacgiangcity,83.21622639376922
2025-08-21 15:00:00+00:00,backan_backancity,54.460382101134854
2025-08-21 16:00:00+00:00,angiang_longxuyen,81.92401293441765
2025-08-21 17:00:00+00:00,bacgiang_bacgiangcity,82.10638973343556
2025-08-21 18:00:00+00:00,backan_backancity,53.54452881867417
2025-08-21 19:00:00+00:00,angiang_longxuyen,82.2221255450842
2025-08-21 20:00:00+00:00,angiang_longxuyen,83.28670037370227
2025-08-21 21:00:00+00:00,bacgiang_bacgiangcity,81.03164300814475
2025-08-21 22:00:00+00:00,backan_backancity,52.68293521634925
2025-08-21 23:00:00+00:00,bacgiang_bacgiangcity,79.99251465916728
2025-08-22 00:00:00+00:00,angiang_longxuyen,85.25318337396878
2025-08-22 01:00:00+00:00,backan_backancity,52.06965640614217
2025-08-22 02:00:00+00:00,angiang_longxuyen,87.66375789695401
2025-08-22 03:00:00+00:00,bacgiang_bacgiangcity,79.15969599914598
2025-08-22 04:00:00+00:00,backan_backancity,51.44725301725547
2025-08-22 05:00:00+00:00,angiang_longxuyen,89.55811225050383
2025-08-22 06:00:00+00:00,bacgiang_bacgiangcity,78.75938619435806
2025-08-22 07:00:00+00:00,backan_backancity,50.640822944841176
2025-08-22 08:00:00+00:00,bacgiang_bacgiangcity,78.76551228727661
2025-08-22 09:00:00+00:00,backan_backancity,49.64115074701478
2025-08-22 10:00:00+00:00,angiang_longxuyen,90.23213072203686
2025-08-22 11:00:00+00:00,bacgiang_bacgiangcity,79.36073562221905
2025-08-22 12:00:00+00:00,backan_backancity,48.48406043786908
2025-08-22 13:00:00+00:00,angiang_longxuyen,89.55733273985143
2025-08-22 14:00:00+00:00,backan_backancity,47.51421528261335
2025-08-22 15:00:00+00:00,angiang_longxuyen,87.69956756422499
2025-08-22 16:00:00+00:00,bacgiang_bacgiangcity,80.76327135911792
2025-08-22 17:00:00+00:00,angiang_longxuyen,85.62782910565178
2025-08-22 18:00:00+00:00,backan_backancity,46.58957218064892
2025-08-22 19:00:00+00:00,bacgiang_bacgiangcity,82.41275176665052
2025-08-22 20:00:00+00:00,backan_backancity,45.78632232040546
2025-08-22 21:00:00+00:00,bacgiang_bacgiangcity,84.59853550303419
2025-08-22 22:00:00+00:00,angiang_longxuyen,83.78932453832314
2025-08-22 23:00:00+00:00,backan_backancity,45.04155010591381
2025-08-23 00:00:00+00:00,bacgiang_bacgiangcity,87.33102879636479
2025-08-23 01:00:00+00:00,angiang_longxuyen,82.44293269749282
2025-08-23 02:00:00+00:00,bacgiang_bacgiangcity,90.14211876191742
2025-08-23 03:00:00+00:00,backan_backancity,44.235096122129804
2025-08-23 04:00:00+00:00,angiang_longxuyen,81.61741656977958
2025-08-23 05:00:00+00:00,angiang_longxuyen,81.04942111152081
2025-08-23 06:00:00+00:00,bacgiang_bacgiangcity,92.36367151624357
2025-08-23 07:00:00+00:00,backan_backancity,43.3913882243446
2025-08-23 08:00:00+00:00,bacgiang_bacgiangcity,93.58110694911507
2025-08-23 09:00:00+00:00,angiang_longxuyen,81.07061136735383
2025-08-23 10:00:00+00:00,backan_backancity,42.4548803007323
2025-08-23 11:00:00+00:00,backan_backancity,41.51938621919551
2025-08-23 12:00:00+00:00,angiang_longxuyen,81.6336141316181
2025-08-23 13:00:00+00:00,bacgiang_bacgiangcity,93.8070849352225
2025-08-23 14:00:00+00:00,backan_backancity,40.59307410362564
2025-08-23 15:00:00+00:00,angiang_longxuyen,82.62063004145936
2025-08-23 16:00:00+00:00,bacgiang_bacgiangcity,93.046020708982
2025-08-23 17:00:00+00:00,bacgiang_bacgiangcity,91.58127834822574
2025-08-23 18:00:00+00:00,angiang_longxuyen,83.95684998561696
2025-08-23 19:00:00+00:00,backan_backancity,39.66800059700651
2025-08-23 20:00:00+00:00,bacgiang_bacgiangcity,89.71193050511395
2025-08-23 21:00:00+00:00,angiang_longxuyen,85.7001418699152
2025-08-23 22:00:00+00:00,backan_backancity,38.83978248451655
2025-08-23 23:00:00+00:00,backan_backancity,38.041214470461426
2025-08-24 00:00:00+00:00,bacgiang_bacgiangcity,87.79331687142941
2025-08-24 01:00:00+00:00,angiang_longxuyen,88.05604543720574
2025-08-24 02:00:00+00:00,backan_backancity,37.314858792916965
2025-08-24 03:00:00+00:00,bacgiang_bacgiangcity,86.0043088393912
2025-08-24 04:00:00+00:00,angiang_longxuyen,91.94081089868637
2025-08-24 05:00:00+00:00,bacgiang_bacgiangcity,84.2503357462455
2025-08-24 06:00:00+00:00,angiang_longxuyen,95.62653094532736
2025-08-24 07:00:00+00:00,backan_backancity,36.683459946747035
2025-08-24 08:00:00+00:00,backan_backancity,36.04314694195091
2025-08-24 09:00:00+00:00,bacgiang_bacgiangcity,82.52437721384678
2025-08-24 10:00:00+00:00,angiang_longxuyen,97.76420679921627
2025-08-24 11:00:00+00:00,angiang_longxuyen,98.86022806791831
2025-08-24 12:00:00+00:00,backan_backancity,35.44067128857678
2025-08-24 13:00:00+00:00,bacgiang_bacgiangcity,80.9174351330203
2025-08-24 14:00:00+00:00,backan_backancity,34.95187985133056
2025-08-24 15:00:00+00:00,angiang_longxuyen,99.39063425521577
2025-08-24 16:00:00+00:00,bacgiang_bacgiangcity,79.39862079638047
2025-08-24 17:00:00+00:00,backan_backancity,34.58823574084907
2025-08-24 18:00:00+00:00,bacgiang_bacgiangcity,77.97348642397291
2025-08-24 19:00:00+00:00,angiang_longxuyen,99.9276322093568
2025-08-24 20:00:00+00:00,backan_backancity,34.42928251959468
2025-08-24 21:00:00+00:00,angiang_longxuyen,100.6108039532131
2025-08-24 22:00:00+00:00,bacgiang_bacgiangcity,76.88984227801468
2025-08-24 23:00:00+00:00,angiang_longxuyen,101.75825618701474
2025-08-25 00:00:00+00:00,bacgiang_bacgiangcity,76.19370578950405
2025-08-25 01:00:00+00:00,backan_backancity,34.46897539330584
2025-08-25 02:00:00+00:00,angiang_longxuyen,103.30663842675605
2025-08-25 03:00:00+00:00,bacgiang_bacgiangcity,76.00579829067325
2025-08-25 04:00:00+00:00,backan_backancity,34.670930821838624
2025-08-25 05:00:00+00:00,angiang_longxuyen,104.96573695858359
2025-08-25 06:00:00+00:00,bacgiang_bacgiangcity,76.2498592501205
2025-08-25 07:00:00+00:00,backan_backancity,34.99706755780004
2025-08-25 08:00:00+00:00,bacgiang_bacgiangcity,76.92681403785335
2025-08-25 09:00:00+00:00,angiang_longxuyen,105.91120178239547
2025-08-25 10:00:00+00:00,backan_backancity,35.41160462756275
2025-08-25 11:00:00+00:00,backan_backancity,35.95812289355203
2025-08-25 12:00:00+00:00,angiang_longxuyen,105.71142677188769
2025-08-25 13:00:00+00:00,bacgiang_bacgiangcity,78.07156129795706
2025-08-25 14:00:00+00:00,angiang_longxuyen,104.75752198180008
2025-08-25 15:00:00+00:00,backan_backancity,36.58204226327807
2025-08-25 16:00:00+00:00,bacgiang_bacgiangcity,80.4278952699023
2025-08-25 17:00:00+00:00,bacgiang_bacgiangcity,82.31003091353259
2025-08-25 18:00:00+00:00,angiang_longxuyen,103.370088142946
2025-08-25 19:00:00+00:00,backan_backancity,37.25455431851965
2025-08-25 20:00:00+00:00,backan_backancity,37.95995885392814
2025-08-25 21:00:00+00:00,bacgiang_bacgiangcity,83.0963634797094
2025-08-25 22:00:00+00:00,angiang_longxuyen,101.81022187011938
2025-08-25 23:00:00+00:00,angiang_longxuyen,100.30968090110062
2025-08-26 00:00:00+00:00,bacgiang_bacgiangcity,82.79255757191596
2025-08-26 01:00:00+00:00,backan_backancity,38.67648695852364
2025-08-26 02:00:00+00:00,angiang_longxuyen,98.7676593845931
2025-08-26 03:00:00+00:00,backan_backancity,39.440904754365334
2025-08-26 04:00:00+00:00,bacgiang_bacgiangcity,81.79536976540197
2025-08-26 05:00:00+00:00,bacgiang_bacgiangcity,80.44146975448412
2025-08-26 06:00:00+00:00,angiang_longxuyen,97.12086900615239
2025-08-26 07:00:00+00:00,backan_backancity,40.213060269443744
2025-08-26 08:00:00+00:00,angiang_longxuyen,95.51123032060737
2025-08-26 09:00:00+00:00,backan_backancity,41.10376357324817
2025-08-26 10:00:00+00:00,bacgiang_bacgiangcity,78.97394291472565
2025-08-26 11:00:00+00:00,backan_backancity,42.110389197384926
2025-08-26 12:00:00+00:00,bacgiang_bacgiangcity,77.52057638810679
2025-08-26 13:00:00+00:00,angiang_longxuyen,93.95937047103452
2025-08-26 14:00:00+00:00,bacgiang_bacgiangcity,76.26331656899075
2025-08-26 15:00:00+00:00,angiang_longxuyen,92.44559425999164
2025-08-26 16:00:00+00:00,backan_backancity,43.148195247617686
2025-08-26 17:00:00+00:00,angiang_longxuyen,91.10197972475261
2025-08-26 18:00:00+00:00,backan_backancity,44.224685111760024
2025-08-26 19:00:00+00:00,bacgiang_bacgiangcity,75.44423499086527
2025-08-26 20:00:00+00:00,angiang_longxuyen,89.8781300669576
2025-08-26 21:00:00+00:00,backan_backancity,45.25045896075696
2025-08-26 22:00:00+00:00,bacgiang_bacgiangcity,74.98535906825762
2025-08-26 23:00:00+00:00,backan_backancity,46.241078314012846
2025-08-27 00:00:00+00:00,bacgiang_bacgiangcity,74.85467386826909
2025-08-27 01:00:00+00:00,angiang_longxuyen,88.58512992354272
2025-08-27 02:00:00+00:00,backan_backancity,47.19318123294709
2025-08-27 03:00:00+00:00,bacgiang_bacgiangcity,74.86510879000858
2025-08-27 04:00:00+00:00,angiang_longxuyen,86.54446907217577
2025-08-27 05:00:00+00:00,backan_backancity,48.00208374098894
2025-08-27 06:00:00+00:00,bacgiang_bacgiangcity,74.91431599772557
2025-08-27 07:00:00+00:00,angiang_longxuyen,84.17331483328707
2025-08-27 08:00:00+00:00,backan_backancity,48.58130797846142
2025-08-27 09:00:00+00:00,angiang_longxuyen,82.02605231349897
2025-08-27 10:00:00+00:00,bacgiang_bacgiangcity,74.7764789070581
2025-08-27 11:00:00+00:00,backan_backancity,48.9456837768559
2025-08-27 12:00:00+00:00,angiang_longxuyen,80.05169529918844
2025-08-27 13:00:00+00:00,bacgiang_bacgiangcity,74.45265200941024
2025-08-27 14:00:00+00:00,backan_backancity,49.133665400932784
2025-08-27 15:00:00+00:00,bacgiang_bacgiangcity,73.98527081259834
2025-08-27 16:00:00+00:00,angiang_longxuyen,78.36485576762794
2025-08-27 17:00:00+00:00,angiang_longxuyen,77.57019726251968
2025-08-27 18:00:00+00:00,bacgiang_bacgiangcity,73.41376277412984
2025-08-27 19:00:00+00:00,backan_backancity,49.16609878280135
2025-08-27 20:00:00+00:00,angiang_longxuyen,77.91362430991515
2025-08-27 21:00:00+00:00,backan_backancity,49.15249799571285
2025-08-27 22:00:00+00:00,bacgiang_bacgiangcity,72.8604369411854
2025-08-27 23:00:00+00:00,backan_backancity,49.10832891359282
2025-08-28 00:00:00+00:00,angiang_longxuyen,79.79714203071443
2025-08-28 01:00:00+00:00,bacgiang_bacgiangcity,72.39971266969951
2025-08-28 02:00:00+00:00,backan_backancity,49.04885655486126
2025-08-28 03:00:00+00:00,bacgiang_bacgiangcity,72.06536476938122
2025-08-28 04:00:00+00:00,angiang_longxuyen,83.16908751953176
2025-08-28 05:00:00+00:00,backan_backancity,48.983779371070725
2025-08-28 06:00:00+00:00,bacgiang_bacgiangcity,72.02847430819955
2025-08-28 07:00:00+00:00,angiang_longxuyen,87.7079221968001
2025-08-28 08:00:00+00:00,bacgiang_bacgiangcity,72.57450478224683
2025-08-28 09:00:00+00:00,angiang_longxuyen,91.8918619337622
2025-08-28 10:00:00+00:00,backan_backancity,48.95533918794298
2025-08-28 11:00:00+00:00,bacgiang_bacgiangcity,74.45462230627398
2025-08-28 12:00:00+00:00,angiang_longxuyen,93.51570935297049
2025-08-28 13:00:00+00:00,backan_backancity,49.11525364625954
2025-08-28 14:00:00+00:00,angiang_longxuyen,91.77927524950378
2025-08-28 15:00:00+00:00,bacgiang_bacgiangcity,77.65334187725969
2025-08-28 16:00:00+00:00,backan_backancity,49.36293717821716
2025-08-28 17:00:00+00:00,backan_backancity,49.793294010177036
2025-08-28 18:00:00+00:00,angiang_longxuyen,87.78724697022966
2025-08-28 19:00:00+00:00,bacgiang_bacgiangcity,82.02394811296489
2025-08-28 20:00:00+00:00,backan_backancity,50.4421625030538
2025-08-28 21:00:00+00:00,angiang_longxuyen,83.6821394324812
2025-08-28 22:00:00+00:00,bacgiang_bacgiangcity,87.5524696000706
2025-08-28 23:00:00+00:00,backan_backancity,51.084134956907505
2025-08-29 00:00:00+00:00,bacgiang_bacgiangcity,93.7010248593252
2025-08-29 01:00:00+00:00,angiang_longxuyen,80.91638303275326
2025-08-29 02:00:00+00:00,backan_backancity,51.355925931802226
2025-08-29 03:00:00+00:00,bacgiang_bacgiangcity,99.59792550589835
2025-08-29 04:00:00+00:00,angiang_longxuyen,79.8916588928864
2025-08-29 05:00:00+00:00,angiang_longxuyen,80.26486037783917
2025-08-29 06:00:00+00:00,backan_backancity,51.22364345231737
2025-08-29 07:00:00+00:00,bacgiang_bacgiangcity,104.52242965406818
2025-08-29 08:00:00+00:00,angiang_longxuyen,81.4696108290819
2025-08-29 09:00:00+00:00,backan_backancity,50.94995391466803
2025-08-29 10:00:00+00:00,bacgiang_bacgiangcity,108.3037470578997
2025-08-29 11:00:00+00:00,backan_backancity,50.76929395199497
2025-08-29 12:00:00+00:00,bacgiang_bacgiangcity,110.7549314556243
2025-08-29 13:00:00+00:00,angiang_longxuyen,82.94323985038922
2025-08-29 14:00:00+00:00,angiang_longxuyen,84.48449978977162
2025-08-29 15:00:00+00:00,backan_backancity,50.78617059673312
2025-08-29 16:00:00+00:00,bacgiang_bacgiangcity,111.83036354054929
2025-08-29 17:00:00+00:00,bacgiang_bacgiangcity,111.78950917205468
2025-08-29 18:00:00+00:00,angiang_longxuyen,85.84681301612035
2025-08-29 19:00:00+00:00,backan_backancity,50.86695755042018
2025-08-29 20:00:00+00:00,angiang_longxuyen,87.12199082012522
2025-08-29 21:00:00+00:00,backan_backancity,50.94545857716339
2025-08-29 22:00:00+00:00,bacgiang_bacgiangcity,111.23867490383356
2025-08-29 23:00:00+00:00,backan_backancity,50.96737095636153
2025-08-30 00:00:00+00:00,bacgiang_bacgiangcity,110.40215326932123
2025-08-30 01:00:00+00:00,angiang_longxuyen,88.51818287064123
2025-08-30 02:00:00+00:00,backan_backancity,50.86610152338472
2025-08-30 03:00:00+00:00,bacgiang_bacgiangcity,109.2317434305732
2025-08-30 04:00:00+00:00,angiang_longxuyen,89.56995555191897
2025-08-30 05:00:00+00:00,bacgiang_bacgiangcity,107.73190545582379
2025-08-30 06:00:00+00:00,angiang_longxuyen,90.12233090791761
2025-08-30 07:00:00+00:00,backan_backancity,50.662926614996955
2025-08-30 08:00:00+00:00,angiang_longxuyen,90.39712156414188
2025-08-30 09:00:00+00:00,backan_backancity,50.318583762141756
2025-08-30 10:00:00+00:00,bacgiang_bacgiangcity,105.9959796184094
2025-08-30 11:00:00+00:00,angiang_longxuyen,90.34830172061413
2025-08-30 12:00:00+00:00,backan_backancity,49.860857976416945
2025-08-30 13:00:00+00:00,bacgiang_bacgiangcity,103.96387679570611
2025-08-30 14:00:00+00:00,backan_backancity,49.307984068359936
2025-08-30 15:00:00+00:00,angiang_longxuyen,90.26156322700737
2025-08-30 16:00:00+00:00,bacgiang_bacgiangcity,101.68714407240266
2025-08-30 17:00:00+00:00,bacgiang_bacgiangcity,99.36055913218442
2025-08-30 18:00:00+00:00,angiang_longxuyen,90.396666052549
2025-08-30 19:00:00+00:00,backan_backancity,48.70332291579473
2025-08-30 20:00:00+00:00,angiang_longxuyen,90.99439769017356
2025-08-30 21:00:00+00:00,bacgiang_bacgiangcity,97.31554581374681
2025-08-30 22:00:00+00:00,backan_backancity,48.34066873601905
2025-08-30 23:00:00+00:00,angiang_longxuyen,92.08167038648459
2025-08-31 00:00:00+00:00,backan_backancity,48.20266665690063
2025-08-31 01:00:00+00:00,bacgiang_bacgiangcity,95.80281871404976
2025-08-31 02:00:00+00:00,bacgiang_bacgiangcity,94.82087440572305
2025-08-31 03:00:00+00:00,angiang_longxuyen,93.38590648252409
2025-08-31 04:00:00+00:00,backan_backancity,48.24868647903587
2025-08-31 05:00:00+00:00,bacgiang_bacgiangcity,94.26423445693742
2025-08-31 06:00:00+00:00,angiang_longxuyen,94.37657126738242
2025-08-31 07:00:00+00:00,backan_backancity,48.408027064479484
2025-08-31 08:00:00+00:00,backan_backancity,48.49983237732685
2025-08-31 09:00:00+00:00,bacgiang_bacgiangcity,94.41014522158594
2025-08-31 10:00:00+00:00,angiang_longxuyen,94.76363895562743
2025-08-31 11:00:00+00:00,angiang_longxuyen,94.6295439943189
2025-08-31 12:00:00+00:00,bacgiang_bacgiangcity,96.42423695450461
2025-08-31 13:00:00+00:00,backan_backancity,48.46610299922024
2025-08-31 14:00:00+00:00,angiang_longxuyen,94.13731171097206
2025-08-31 15:00:00+00:00,bacgiang_bacgiangcity,99.87508219215499
2025-08-31 16:00:00+00:00,backan_backancity,48.133586709821394
2025-08-31 17:00:00+00:00,bacgiang_bacgiangcity,104.44110051007304
2025-08-31 18:00:00+00:00,angiang_longxuyen,93.3025729679634
2025-08-31 19:00:00+00:00,backan_backancity,47.72605088910846
2025-08-31 20:00:00+00:00,bacgiang_bacgiangcity,109.64038246210593
2025-08-31 21:00:00+00:00,angiang_longxuyen,92.60255566414956
2025-08-31 22:00:00+00:00,backan_backancity,47.479524667444586
2025-08-31 23:00:00+00:00,bacgiang_bacgiangcity,115.16292760124588
2025-09-01 00:00:00+00:00,angiang_longxuyen,92.16243701550741
2025-09-01 01:00:00+00:00,backan_backancity,47.40445253111715
2025-09-01 02:00:00+00:00,backan_backancity,47.32973906533529
2025-09-01 03:00:00+00:00,angiang_longxuyen,92.12153303092066
2025-09-01 04:00:00+00:00,bacgiang_bacgiangcity,120.20555152462398
2025-09-01 05:00:00+00:00,bacgiang_bacgiangcity,123.6825432472631
2025-09-01 06:00:00+00:00,backan_backancity,47.07321789113451
2025-09-01 07:00:00+00:00,angiang_longxuyen,92.46344648861377
2025-09-01 08:00:00+00:00,bacgiang_bacgiangcity,125.25714400499439
2025-09-01 09:00:00+00:00,backan_backancity,46.670383045705684
2025-09-01 10:00:00+00:00,angiang_longxuyen,93.26750574872177
2025-09-01 11:00:00+00:00,bacgiang_bacgiangcity,125.27903486395978
2025-09-01 12:00:00+00:00,angiang_longxuyen,94.76581249913366
2025-09-01 13:00:00+00:00,bacgiang_bacgiangcity,124.15039071578425
2025-09-01 14:00:00+00:00,angiang_longxuyen,96.69007878061659
2025-09-01 15:00:00+00:00,bacgiang_bacgiangcity,122.5208739108188
2025-09-01 16:00:00+00:00,angiang_longxuyen,99.05583144108883
2025-09-01 17:00:00+00:00,angiang_longxuyen,101.75258650236545
2025-09-01 18:00:00+00:00,angiang_longxuyen,104.77791860432798
2025-09-01 19:00:00+00:00,bacgiang_bacgiangcity,120.72599922422333
2025-09-01 20:00:00+00:00,angiang_longxuyen,108.17649254167968
2025-09-01 21:00:00+00:00,angiang_longxuyen,111.20850891759733
2025-09-01 22:00:00+00:00,angiang_longxuyen,113.13706131209997
2025-09-01 23:00:00+00:00,angiang_longxuyen,114.48223486864379
2025-09-02 00:00:00+00:00,angiang_longxuyen,115.69594670346791
2025-09-02 01:00:00+00:00,angiang_longxuyen,116.52593844180578
2025-09-02 02:00:00+00:00,angiang_longxuyen,117.80905721168985
2025-09-02 03:00:00+00:00,backan_backancity,46.14718314745323
2025-09-02 04:00:00+00:00,angiang_longxuyen,119.2843397042123
2025-09-02 05:00:00+00:00,backan_backancity,45.5597860038154
2025-09-02 06:00:00+00:00,angiang_longxuyen,120.84816241204882
2025-09-02 07:00:00+00:00,angiang_longxuyen,122.41709378402292
2025-09-02 08:00:00+00:00,backan_backancity,45.75208123898716
2025-09-02 09:00:00+00:00,angiang_longxuyen,123.52039068474211
2025-09-02 10:00:00+00:00,backan_backancity,46.50577239437897
2025-09-02 11:00:00+00:00,bacgiang_bacgiangcity,118.87938152915362
2025-09-02 12:00:00+00:00,angiang_longxuyen,123.54611334070282
2025-09-02 13:00:00+00:00,bacgiang_bacgiangcity,121.18217316205426
2025-09-02 14:00:00+00:00,backan_backancity,47.41834981918999
2025-09-02 15:00:00+00:00,backan_backancity,48.00142378718507
2025-09-02 16:00:00+00:00,angiang_longxuyen,122.65361190189655
2025-09-02 17:00:00+00:00,bacgiang_bacgiangcity,125.13429575642684
2025-09-02 18:00:00+00:00,bacgiang_bacgiangcity,129.74838070972692
2025-09-02 19:00:00+00:00,angiang_longxuyen,121.52187481804961
2025-09-02 20:00:00+00:00,backan_backancity,48.34797126832711
2025-09-02 21:00:00+00:00,backan_backancity,48.714762115061845
2025-09-02 22:00:00+00:00,bacgiang_bacgiangcity,134.3922341227419
2025-09-02 23:00:00+00:00,angiang_longxuyen,120.65874969249505
2025-09-03 00:00:00+00:00,bacgiang_bacgiangcity,138.54026615581722
2025-09-03 01:00:00+00:00,angiang_longxuyen,120.0949351372293
2025-09-03 02:00:00+00:00,backan_backancity,49.14116878874638
2025-09-03 03:00:00+00:00,bacgiang_bacgiangcity,141.72062179486912
2025-09-03 04:00:00+00:00,angiang_longxuyen,119.7999848052063
2025-09-03 05:00:00+00:00,backan_backancity,49.53130191458764
2025-09-03 06:00:00+00:00,angiang_longxuyen,119.66586354139109
2025-09-03 07:00:00+00:00,bacgiang_bacgiangcity,144.03652642291627
2025-09-03 08:00:00+00:00,backan_backancity,49.84198234117141
2025-09-03 09:00:00+00:00,angiang_longxuyen,119.63510993324434
2025-09-03 10:00:00+00:00,bacgiang_bacgiangcity,145.7391546318933
2025-09-03 11:00:00+00:00,backan_backancity,50.085510077074204
2025-09-03 12:00:00+00:00,backan_backancity,50.34814299737172
2025-09-03 13:00:00+00:00,angiang_longxuyen,119.61041068390702
2025-09-03 14:00:00+00:00,bacgiang_bacgiangcity,147.05738605262144
2025-09-03 15:00:00+00:00,backan_backancity,50.564196569482874
2025-09-03 16:00:00+00:00,angiang_longxuyen,119.64497695995331
2025-09-03 17:00:00+00:00,bacgiang_bacgiangcity,147.9833251508239
2025-09-03 18:00:00+00:00,angiang_longxuyen,119.52014884997415
2025-09-03 19:00:00+00:00,backan_backancity,50.834151151184216
2025-09-03 20:00:00+00:00,bacgiang_bacgiangcity,148.58104244162664
2025-09-03 21:00:00+00:00,angiang_longxuyen,119.36109161426154
2025-09-03 22:00:00+00:00,backan_backancity,51.164788006924205
2025-09-03 23:00:00+00:00,bacgiang_bacgiangcity,148.73534729261027
2025-09-04 00:00:00+00:00,angiang_longxuyen,119.28796466785965
2025-09-04 01:00:00+00:00,bacgiang_bacgiangcity,148.74276938176686
2025-09-04 02:00:00+00:00,backan_backancity,51.59369102760599
2025-09-04 03:00:00+00:00,backan_backancity,51.778616778634515
2025-09-04 04:00:00+00:00,angiang_longxuyen,118.51493399665002
2025-09-04 05:00:00+00:00,bacgiang_bacgiangcity,148.42930088947543
2025-09-04 06:00:00+00:00,bacgiang_bacgiangcity,147.6624967389371
2025-09-04 07:00:00+00:00,angiang_longxuyen,117.11780462044156
2025-09-04 08:00:00+00:00,backan_backancity,51.52483584740199
2025-09-04 09:00:00+00:00,angiang_longxuyen,115.35694445503643
2025-09-04 10:00:00+00:00,backan_backancity,50.892021448145506
2025-09-04 11:00:00+00:00,bacgiang_bacgiangcity,146.13295815298437
2025-09-04 12:00:00+00:00,bacgiang_bacgiangcity,144.20826266241522
2025-09-04 13:00:00+00:00,angiang_longxuyen,113.36102775423093
2025-09-04 14:00:00+00:00,backan_backancity,50.38793151656169
2025-09-04 15:00:00+00:00,angiang_longxuyen,110.96115715589437
2025-09-04 16:00:00+00:00,backan_backancity,50.42926471023465
2025-09-04 17:00:00+00:00,bacgiang_bacgiangcity,142.27354352566553
2025-09-04 18:00:00+00:00,bacgiang_bacgiangcity,140.66615669336252
2025-09-04 19:00:00+00:00,angiang_longxuyen,108.4725690992158
2025-09-04 20:00:00+00:00,backan_backancity,51.303808710392076
2025-09-04 21:00:00+00:00,backan_backancity,53.05698077265264
2025-09-04 22:00:00+00:00,bacgiang_bacgiangcity,139.54559817485293
2025-09-04 23:00:00+00:00,angiang_longxuyen,106.23791149455344
2025-09-05 00:00:00+00:00,bacgiang_bacgiangcity,139.14122343721505
2025-09-05 01:00:00+00:00,angiang_longxuyen,104.5375350640954
2025-09-05 02:00:00+00:00,backan_backancity,55.4700540337721
2025-09-05 03:00:00+00:00,angiang_longxuyen,103.09159391444646
2025-09-05 04:00:00+00:00,backan_backancity,58.222711785175356
2025-09-05 05:00:00+00:00,bacgiang_bacgiangcity,139.3437981702232
2025-09-05 06:00:00+00:00,bacgiang_bacgiangcity,139.75665905296955
2025-09-05 07:00:00+00:00,angiang_longxuyen,101.56577533983564
2025-09-05 08:00:00+00:00,backan_backancity,60.56856540377866
2025-09-05 09:00:00+00:00,backan_backancity,62.03361980790958
2025-09-05 10:00:00+00:00,bacgiang_bacgiangcity,140.60036934189174
2025-09-05 11:00:00+00:00,angiang_longxuyen,99.47184683128359
2025-09-05 12:00:00+00:00,backan_backancity,61.61859972847882
2025-09-05 13:00:00+00:00,bacgiang_bacgiangcity,141.21395182649408
2025-09-05 14:00:00+00:00,angiang_longxuyen,96.44865046297393
2025-09-05 15:00:00+00:00,backan_backancity,58.816244586279616
2025-09-05 16:00:00+00:00,bacgiang_bacgiangcity,141.6329292376111
2025-09-05 17:00:00+00:00,angiang_longxuyen,93.0025952704598
2025-09-05 18:00:00+00:00,backan_backancity,55.24880212988696
2025-09-05 19:00:00+00:00,angiang_longxuyen,89.45845085713972
2025-09-05 20:00:00+00:00,bacgiang_bacgiangcity,142.08441415584278
2025-09-05 21:00:00+00:00,backan_backancity,52.14096011060403
2025-09-05 22:00:00+00:00,angiang_longxuyen,86.03389796383328
2025-09-05 23:00:00+00:00,bacgiang_bacgiangcity,142.61654495068024
2025-09-06 00:00:00+00:00,backan_backancity,49.86227831177745
2025-09-06 01:00:00+00:00,bacgiang_bacgiangcity,143.13854928044742
2025-09-06 02:00:00+00:00,angiang_longxuyen,82.84584405930471
2025-09-06 03:00:00+00:00,angiang_longxuyen,79.7216705745129
2025-09-06 04:00:00+00:00,backan_backancity,48.17931481324622
2025-09-06 05:00:00+00:00,bacgiang_bacgiangcity,143.47041278945332
2025-09-06 06:00:00+00:00,backan_backancity,46.87440441658103
2025-09-06 07:00:00+00:00,bacgiang_bacgiangcity,143.60807532712192
2025-09-06 08:00:00+00:00,angiang_longxuyen,76.61697529148321
2025-09-06 09:00:00+00:00,bacgiang_bacgiangcity,143.59032591738952
2025-09-06 10:00:00+00:00,angiang_longxuyen,73.71413740037053
2025-09-06 11:00:00+00:00,backan_backancity,45.7715164002838
2025-09-06 12:00:00+00:00,backan_backancity,44.77411100030549
2025-09-06 13:00:00+00:00,angiang_longxuyen,70.79561125959404
2025-09-06 14:00:00+00:00,bacgiang_bacgiangcity,143.49286317446982
2025-09-06 15:00:00+00:00,bacgiang_bacgiangcity,143.46794752723667
2025-09-06 16:00:00+00:00,angiang_longxuyen,68.02968987141514
2025-09-06 17:00:00+00:00,backan_backancity,43.824341831054504
2025-09-06 18:00:00+00:00,bacgiang_bacgiangcity,143.3888989301272
2025-09-06 19:00:00+00:00,angiang_longxuyen,65.29378203449059
2025-09-06 20:00:00+00:00,backan_backancity,42.880966562062774
2025-09-06 21:00:00+00:00,angiang_longxuyen,62.74727854814042
2025-09-06 22:00:00+00:00,bacgiang_bacgiangcity,143.32780059825566
2025-09-06 23:00:00+00:00,backan_backancity,42.00964581454165
2025-09-07 00:00:00+00:00,backan_backancity,41.309669160056316
2025-09-07 01:00:00+00:00,angiang_longxuyen,60.47967727803538
2025-09-07 02:00:00+00:00,bacgiang_bacgiangcity,143.3192905417775
2025-09-07 03:00:00+00:00,angiang_longxuyen,58.96311300128484
2025-09-07 04:00:00+00:00,bacgiang_bacgiangcity,143.2828328763875
2025-09-07 05:00:00+00:00,backan_backancity,40.918139610224245
2025-09-07 06:00:00+00:00,bacgiang_bacgiangcity,143.0208312162502
2025-09-07 07:00:00+00:00,backan_backancity,40.538513140231586
2025-09-07 08:00:00+00:00,angiang_longxuyen,57.949730024069304
2025-09-07 09:00:00+00:00,angiang_longxuyen,57.2469653038763
2025-09-07 10:00:00+00:00,backan_backancity,40.322000469822086
2025-09-07 11:00:00+00:00,bacgiang_bacgiangcity,142.2578504937278
2025-09-07 12:00:00+00:00,backan_backancity,40.49439188085097
2025-09-07 13:00:00+00:00,angiang_longxuyen,56.86581328849643
2025-09-07 14:00:00+00:00,bacgiang_bacgiangcity,141.10989193667262
2025-09-07 15:00:00+00:00,angiang_longxuyen,57.03348459514545
2025-09-07 16:00:00+00:00,bacgiang_bacgiangcity,139.84930604603056
2025-09-07 17:00:00+00:00,backan_backancity,41.240770939386834
2025-09-07 18:00:00+00:00,bacgiang_bacgiangcity,138.7923469886637
2025-09-07 19:00:00+00:00,angiang_longxuyen,58.077526730597405
2025-09-07 20:00:00+00:00,backan_backancity,42.590639493372336
2025-09-07 21:00:00+00:00,backan_backancity,44.381185026482626
2025-09-07 22:00:00+00:00,bacgiang_bacgiangcity,138.41429388679765
2025-09-07 23:00:00+00:00,angiang_longxuyen,60.24968815965985
2025-09-08 00:00:00+00:00,bacgiang_bacgiangcity,138.68970982533972
2025-09-08 01:00:00+00:00,angiang_longxuyen,63.76779667807608
2025-09-08 02:00:00+00:00,backan_backancity,46.3421086332926
2025-09-08 03:00:00+00:00,angiang_longxuyen,68.83785351813309
2025-09-08 04:00:00+00:00,backan_backancity,48.13010521439227
2025-09-08 05:00:00+00:00,bacgiang_bacgiangcity,139.26361378305273
2025-09-08 06:00:00+00:00,angiang_longxuyen,75.66415024918388
2025-09-08 07:00:00+00:00,bacgiang_bacgiangcity,139.7810151741516
2025-09-08 08:00:00+00:00,backan_backancity,49.27393906017323
2025-09-08 09:00:00+00:00,angiang_longxuyen,83.06663447375453
2025-09-08 10:00:00+00:00,bacgiang_bacgiangcity,140.06040518233874
2025-09-08 11:00:00+00:00,backan_backancity,49.45584719634491
2025-09-08 12:00:00+00:00,angiang_longxuyen,88.54059738860317
2025-09-08 13:00:00+00:00,bacgiang_bacgiangcity,139.72880948067356
2025-09-08 14:00:00+00:00,backan_backancity,48.719750026782414
2025-09-08 15:00:00+00:00,angiang_longxuyen,90.0240826765031
2025-09-08 18:00:00+00:00,backan_backancity,47.522522092449044
2025-09-08 19:00:00+00:00,bacgiang_bacgiangcity,138.8243069254121
2025-09-08 20:00:00+00:00,backan_backancity,46.345150159519136
2025-09-08 21:00:00+00:00,angiang_longxuyen,89.03910401536075
2025-09-08 22:00:00+00:00,bacgiang_bacgiangcity,137.86557577479547
2025-09-08 23:00:00+00:00,angiang_longxuyen,88.81932624741795
2025-09-09 00:00:00+00:00,backan_backancity,45.321346607385934
2025-09-09 01:00:00+00:00,bacgiang_bacgiangcity,137.18690415071774
2025-09-09 02:00:00+00:00,backan_backancity,44.49986193660504
2025-09-09 03:00:00+00:00,bacgiang_bacgiangcity,137.0102063020049
2025-09-09 04:00:00+00:00,angiang_longxuyen,91.210062702527
2025-09-09 05:00:00+00:00,bacgiang_bacgiangcity,137.4498335719996
2025-09-09 06:00:00+00:00,backan_backancity,43.862843918554326
2025-09-09 07:00:00+00:00,angiang_longxuyen,95.71732480723618
2025-09-09 08:00:00+00:00,bacgiang_bacgiangcity,138.3714351477375
2025-09-09 09:00:00+00:00,backan_backancity,43.405515061566625
2025-09-09 10:00:00+00:00,angiang_longxuyen,101.36070306426174
2025-09-09 11:00:00+00:00,bacgiang_bacgiangcity,139.16771962598574
2025-09-09 12:00:00+00:00,angiang_longxuyen,106.88631521018156
2025-09-09 13:00:00+00:00,backan_backancity,43.11183083656953
2025-09-09 14:00:00+00:00,angiang_longxuyen,111.14901503863302
2025-09-09 15:00:00+00:00,bacgiang_bacgiangcity,139.41652221004557
2025-09-09 16:00:00+00:00,backan_backancity,42.91882304258055
2025-09-09 17:00:00+00:00,angiang_longxuyen,113.90066253466622
2025-09-09 18:00:00+00:00,backan_backancity,42.79226494500319
2025-09-09 19:00:00+00:00,bacgiang_bacgiangcity,139.01879483318584
2025-09-09 20:00:00+00:00,backan_backancity,42.751041743630886
2025-09-09 21:00:00+00:00,bacgiang_bacgiangcity,138.1478160182515
2025-09-09 22:00:00+00:00,angiang_longxuyen,115.3546489635447
2025-09-09 23:00:00+00:00,angiang_longxuyen,115.75015616972728
2025-09-10 00:00:00+00:00,backan_backancity,42.78148569953995
2025-09-10 01:00:00+00:00,bacgiang_bacgiangcity,136.92374039801277
2025-09-10 02:00:00+00:00,backan_backancity,42.87460613772111
2025-09-10 03:00:00+00:00,bacgiang_bacgiangcity,135.48945036214496
2025-09-10 04:00:00+00:00,angiang_longxuyen,115.39652972758391
2025-09-10 05:00:00+00:00,bacgiang_bacgiangcity,133.93551739681865
2025-09-10 06:00:00+00:00,backan_backancity,42.71384043464304
2025-09-10 07:00:00+00:00,angiang_longxuyen,114.61495313284153
2025-09-10 08:00:00+00:00,bacgiang_bacgiangcity,132.4393279981942
2025-09-10 09:00:00+00:00,angiang_longxuyen,113.30221056702929
2025-09-10 10:00:00+00:00,backan_backancity,42.42661227946644
2025-09-10 11:00:00+00:00,angiang_longxuyen,111.49044429108962
2025-09-10 12:00:00+00:00,backan_backancity,42.02273011604451
2025-09-10 13:00:00+00:00,bacgiang_bacgiangcity,131.05442689645312
2025-09-10 14:00:00+00:00,backan_backancity,41.62726475475891
2025-09-10 15:00:00+00:00,bacgiang_bacgiangcity,129.49878426819288
2025-09-10 16:00:00+00:00,angiang_longxuyen,109.4411840145002
2025-09-10 17:00:00+00:00,backan_backancity,41.6004553270451
2025-09-10 18:00:00+00:00,angiang_longxuyen,107.22880665051429
2025-09-10 19:00:00+00:00,bacgiang_bacgiangcity,127.70001561504085
2025-09-10 20:00:00+00:00,backan_backancity,42.13815507988698
2025-09-10 21:00:00+00:00,bacgiang_bacgiangcity,125.84089227361515
2025-09-10 22:00:00+00:00,angiang_longxuyen,105.04478757321488
2025-09-10 23:00:00+00:00,backan_backancity,43.31800901299232
2025-09-11 00:00:00+00:00,angiang_longxuyen,102.81528966851982
2025-09-11 01:00:00+00:00,bacgiang_bacgiangcity,124.31962941271748
2025-09-11 02:00:00+00:00,angiang_longxuyen,100.76646338329056
2025-09-11 03:00:00+00:00,backan_backancity,45.14751573190077
2025-09-11 04:00:00+00:00,bacgiang_bacgiangcity,123.46647174162466
2025-09-11 05:00:00+00:00,bacgiang_bacgiangcity,123.23301786577879
2025-09-11 06:00:00+00:00,angiang_longxuyen,98.644592944777
2025-09-11 07:00:00+00:00,backan_backancity,47.515209995593096
2025-09-11 08:00:00+00:00,angiang_longxuyen,96.3294839675568
2025-09-11 09:00:00+00:00,bacgiang_bacgiangcity,123.2639543959038
2025-09-11 10:00:00+00:00,backan_backancity,49.985770971758555
2025-09-11 11:00:00+00:00,bacgiang_bacgiangcity,123.66725192633642
2025-09-11 12:00:00+00:00,backan_backancity,51.78062533368978
2025-09-11 13:00:00+00:00,angiang_longxuyen,93.94009192920944
2025-09-11 14:00:00+00:00,backan_backancity,52.44114344588707
2025-09-11 15:00:00+00:00,bacgiang_bacgiangcity,124.7663511861038
2025-09-11 16:00:00+00:00,angiang_longxuyen,91.30828821814029
2025-09-11 17:00:00+00:00,bacgiang_bacgiangcity,125.60485118756715
2025-09-11 18:00:00+00:00,angiang_longxuyen,88.7686221879574
2025-09-11 19:00:00+00:00,backan_backancity,51.80761170553942
2025-09-11 20:00:00+00:00,backan_backancity,50.82298932380568
2025-09-11 21:00:00+00:00,bacgiang_bacgiangcity,126.71557735085385
2025-09-11 22:00:00+00:00,angiang_longxuyen,85.98134196878905
2025-09-11 23:00:00+00:00,backan_backancity,49.96926256211387
2025-09-12 00:00:00+00:00,bacgiang_bacgiangcity,128.2588147605109
2025-09-12 01:00:00+00:00,angiang_longxuyen,82.95569050059488
2025-09-12 02:00:00+00:00,backan_backancity,49.524233713702685
2025-09-12 03:00:00+00:00,angiang_longxuyen,79.88228802709881
2025-09-12 04:00:00+00:00,bacgiang_bacgiangcity,129.9421751877792
2025-09-12 05:00:00+00:00,bacgiang_bacgiangcity,131.43015103090985
2025-09-12 06:00:00+00:00,angiang_longxuyen,76.74019057957574
2025-09-12 07:00:00+00:00,backan_backancity,49.44193556145024
2025-09-12 08:00:00+00:00,bacgiang_bacgiangcity,132.35906948577764
2025-09-12 09:00:00+00:00,angiang_longxuyen,73.56603276755153
2025-09-12 10:00:00+00:00,backan_backancity,49.568794942285884
2025-09-12 11:00:00+00:00,angiang_longxuyen,70.51405727244855
2025-09-12 12:00:00+00:00,bacgiang_bacgiangcity,132.64980304775304
2025-09-12 13:00:00+00:00,backan_backancity,49.757570423836995
2025-09-12 14:00:00+00:00,angiang_longxuyen,67.5324314181562
2025-09-12 15:00:00+00:00,bacgiang_bacgiangcity,132.58660529762136
2025-09-12 16:00:00+00:00,backan_backancity,50.01541628791946
2025-09-12 17:00:00+00:00,backan_backancity,50.330109042339814
2025-09-12 18:00:00+00:00,angiang_longxuyen,64.64371797312856
2025-09-12 19:00:00+00:00,bacgiang_bacgiangcity,132.29567805355134
2025-09-12 20:00:00+00:00,bacgiang_bacgiangcity,132.03604122787792
2025-09-12 21:00:00+00:00,angiang_longxuyen,62.042734822041325
2025-09-12 22:00:00+00:00,backan_backancity,50.693958790600774
2025-09-12 23:00:00+00:00,bacgiang_bacgiangcity,131.98545672526592
2025-09-13 00:00:00+00:00,angiang_longxuyen,59.877646376137776
2025-09-13 01:00:00+00:00,backan_backancity,51.190043195607174
2025-09-13 02:00:00+00:00,backan_backancity,51.77130946405251
2025-09-13 03:00:00+00:00,angiang_longxuyen,58.20694941026548
2025-09-13 04:00:00+00:00,bacgiang_bacgiangcity,132.34524393181388
2025-09-13 05:00:00+00:00,backan_backancity,52.350079385500585
2025-09-13 06:00:00+00:00,angiang_longxuyen,56.96585845934431
2025-09-13 07:00:00+00:00,bacgiang_bacgiangcity,133.14718823127143
2025-09-13 08:00:00+00:00,angiang_longxuyen,56.00614694256977
2025-09-13 09:00:00+00:00,bacgiang_bacgiangcity,134.0272820603375
2025-09-13 10:00:00+00:00,backan_backancity,52.57268467291106
2025-09-13 11:00:00+00:00,angiang_longxuyen,55.387110274537605
2025-09-13 12:00:00+00:00,bacgiang_bacgiangcity,134.60110471939353
2025-09-13 13:00:00+00:00,backan_backancity,52.48688589613373
2025-09-13 14:00:00+00:00,angiang_longxuyen,55.005040062561044
2025-09-13 15:00:00+00:00,bacgiang_bacgiangcity,134.4377924554418
2025-09-13 16:00:00+00:00,backan_backancity,52.40087191702904
2025-09-13 17:00:00+00:00,angiang_longxuyen,54.93923119085752
2025-09-13 18:00:00+00:00,bacgiang_bacgiangcity,133.9711835958714
2025-09-13 19:00:00+00:00,backan_backancity,52.60758570813323
2025-09-13 20:00:00+00:00,angiang_longxuyen,55.14313778715828
2025-09-13 21:00:00+00:00,bacgiang_bacgiangcity,134.2174228810988
2025-09-13 22:00:00+00:00,backan_backancity,53.17864660398825
2025-09-13 23:00:00+00:00,backan_backancity,54.20792585978402
2025-09-14 00:00:00+00:00,angiang_longxuyen,55.72216595139918
2025-09-14 01:00:00+00:00,bacgiang_bacgiangcity,135.22698960370934
2025-09-14 02:00:00+00:00,backan_backancity,55.48330093258895
2025-09-14 03:00:00+00:00,angiang_longxuyen,56.67232726711333
2025-09-14 04:00:00+00:00,bacgiang_bacgiangcity,136.6579798705578
2025-09-14 05:00:00+00:00,backan_backancity,56.90714648216939
2025-09-14 06:00:00+00:00,bacgiang_bacgiangcity,138.0949408064217
2025-09-14 07:00:00+00:00,angiang_longxuyen,58.0206559288898
2025-09-14 08:00:00+00:00,bacgiang_bacgiangcity,139.36074894020746
2025-09-14 09:00:00+00:00,backan_backancity,58.2441363724315
2025-09-14 10:00:00+00:00,angiang_longxuyen,59.57467019287312
2025-09-14 11:00:00+00:00,angiang_longxuyen,61.317158655149264
2025-09-14 12:00:00+00:00,bacgiang_bacgiangcity,140.82091107809663
2025-09-14 13:00:00+00:00,backan_backancity,59.46600736438337
2025-09-14 14:00:00+00:00,angiang_longxuyen,62.499585451634914
2025-09-14 15:00:00+00:00,backan_backancity,60.317137351325165
2025-09-14 16:00:00+00:00,bacgiang_bacgiangcity,141.73371805205682
2025-09-14 17:00:00+00:00,backan_backancity,60.75400764039283
2025-09-14 18:00:00+00:00,bacgiang_bacgiangcity,141.64751756426844
2025-09-14 19:00:00+00:00,angiang_longxuyen,63.16812343723144
2025-09-14 20:00:00+00:00,angiang_longxuyen,63.66886099478254
2025-09-14 21:00:00+00:00,backan_backancity,61.11016270988255
2025-09-14 22:00:00+00:00,bacgiang_bacgiangcity,140.91901225458744
2025-09-14 23:00:00+00:00,backan_backancity,61.43136892141069
2025-09-15 00:00:00+00:00,bacgiang_bacgiangcity,139.81755174706163
2025-09-15 01:00:00+00:00,angiang_longxuyen,64.13795424566536
2025-09-15 02:00:00+00:00,angiang_longxuyen,64.62220730494147
2025-09-15 03:00:00+00:00,backan_backancity,61.75526277089373
2025-09-15 04:00:00+00:00,bacgiang_bacgiangcity,138.3785320422661
2025-09-15 05:00:00+00:00,angiang_longxuyen,65.14885522270546
2025-09-15 06:00:00+00:00,backan_backancity,62.112211697857674
2025-09-15 07:00:00+00:00,bacgiang_bacgiangcity,136.50033699236326
2025-09-15 08:00:00+00:00,backan_backancity,62.46891194657668
2025-09-15 09:00:00+00:00,bacgiang_bacgiangcity,134.18886314112254
2025-09-15 10:00:00+00:00,angiang_longxuyen,65.63646543828824
2025-09-15 11:00:00+00:00,angiang_longxuyen,66.28760790242399
2025-09-15 12:00:00+00:00,bacgiang_bacgiangcity,131.3579291298513
2025-09-15 13:00:00+00:00,backan_backancity,62.7848098340302
2025-09-15 14:00:00+00:00,angiang_longxuyen,67.04316414465283
2025-09-15 15:00:00+00:00,bacgiang_bacgiangcity,128.06329149042887
2025-09-15 16:00:00+00:00,backan_backancity,63.12729716459624
2025-09-15 17:00:00+00:00,backan_backancity,63.64125770959449
2025-09-15 18:00:00+00:00,bacgiang_bacgiangcity,124.422139845782
2025-09-15 19:00:00+00:00,angiang_longxuyen,67.86175553969936
2025-09-15 20:00:00+00:00,bacgiang_bacgiangcity,120.52602246153367
2025-09-15 21:00:00+00:00,backan_backancity,64.32784877931869
2025-09-15 22:00:00+00:00,angiang_longxuyen,68.7304029960874
2025-09-15 23:00:00+00:00,angiang_longxuyen,69.63056085547339
2025-09-16 00:00:00+00:00,bacgiang_bacgiangcity,116.43029296298371
2025-09-16 01:00:00+00:00,backan_backancity,64.787076199061
2025-09-16 02:00:00+00:00,backan_backancity,64.74166850799023
2025-09-16 03:00:00+00:00,bacgiang_bacgiangcity,112.21375186678087
2025-09-16 04:00:00+00:00,angiang_longxuyen,70.46287020331997
2025-09-16 05:00:00+00:00,backan_backancity,64.71130106846422
2025-09-16 06:00:00+00:00,angiang_longxuyen,71.46023734510675
2025-09-16 07:00:00+00:00,bacgiang_bacgiangcity,108.37840313639427
2025-09-16 08:00:00+00:00,backan_backancity,64.51451049578782
2025-09-16 09:00:00+00:00,bacgiang_bacgiangcity,104.69093165664538
2025-09-16 10:00:00+00:00,angiang_longxuyen,72.18754230402853
2025-09-16 11:00:00+00:00,angiang_longxuyen,72.67599898209886
2025-09-16 12:00:00+00:00,bacgiang_bacgiangcity,101.07600891648968
2025-09-16 13:00:00+00:00,backan_backancity,64.07513429517502
2025-09-16 14:00:00+00:00,angiang_longxuyen,73.16266708971523
2025-09-16 15:00:00+00:00,backan_backancity,63.31769861928733
2025-09-16 16:00:00+00:00,bacgiang_bacgiangcity,97.51904173227288
2025-09-16 17:00:00+00:00,bacgiang_bacgiangcity,93.96845918265959
2025-09-16 18:00:00+00:00,angiang_longxuyen,73.75881579466528
2025-09-16 19:00:00+00:00,backan_backancity,62.23396361012422
2025-09-16 20:00:00+00:00,angiang_longxuyen,74.33013015103919
2025-09-16 21:00:00+00:00,bacgiang_bacgiangcity,90.57181683564191
2025-09-16 22:00:00+00:00,backan_backancity,61.05168506413074
2025-09-16 23:00:00+00:00,backan_backancity,59.74205934535962
2025-09-17 00:00:00+00:00,angiang_longxuyen,74.69771485524814
2025-09-17 01:00:00+00:00,bacgiang_bacgiangcity,87.39162259833553
2025-09-17 02:00:00+00:00,bacgiang_bacgiangcity,84.49773473290361
2025-09-17 03:00:00+00:00,backan_backancity,58.39858469163337
2025-09-17 04:00:00+00:00,angiang_longxuyen,75.06287016429502
2025-09-17 05:00:00+00:00,backan_backancity,57.018822143242026
2025-09-17 06:00:00+00:00,angiang_longxuyen,75.63813467894427
2025-09-17 07:00:00+00:00,bacgiang_bacgiangcity,81.83870673185625
2025-09-17 08:00:00+00:00,backan_backancity,55.61098764681641
2025-09-17 09:00:00+00:00,bacgiang_bacgiangcity,79.2596981295284
2025-09-17 10:00:00+00:00,angiang_longxuyen,76.22458493234176
2025-09-17 11:00:00+00:00,bacgiang_bacgiangcity,76.63452623684707
2025-09-17 12:00:00+00:00,angiang_longxuyen,76.40409714926895
2025-09-17 13:00:00+00:00,backan_backancity,54.0524828276024
2025-09-17 14:00:00+00:00,backan_backancity,52.437384578569365
2025-09-17 15:00:00+00:00,bacgiang_bacgiangcity,73.7772132025167
2025-09-17 16:00:00+00:00,angiang_longxuyen,76.00319673364929
2025-09-17 17:00:00+00:00,bacgiang_bacgiangcity,70.92510567337123
2025-09-17 18:00:00+00:00,angiang_longxuyen,75.5052687620386
2025-09-17 19:00:00+00:00,backan_backancity,50.81879526955933
2025-09-17 20:00:00+00:00,angiang_longxuyen,74.58352850035642
2025-09-17 21:00:00+00:00,bacgiang_bacgiangcity,68.04833834864847
2025-09-17 22:00:00+00:00,backan_backancity,49.17182794698279
2025-09-17 23:00:00+00:00,bacgiang_bacgiangcity,65.23623214988336
2025-09-18 00:00:00+00:00,backan_backancity,47.535008609709266
2025-09-18 01:00:00+00:00,angiang_longxuyen,73.61243517160204
2025-09-18 02:00:00+00:00,backan_backancity,45.977068098820304
2025-09-18 03:00:00+00:00,angiang_longxuyen,72.79168218873416
2025-09-18 04:00:00+00:00,bacgiang_bacgiangcity,62.49374151287889
2025-09-18 05:00:00+00:00,backan_backancity,44.43964832541261
2025-09-18 06:00:00+00:00,angiang_longxuyen,72.06929340742383
2025-09-18 07:00:00+00:00,bacgiang_bacgiangcity,59.87620212940757
2025-09-18 08:00:00+00:00,backan_backancity,42.959462806532045
2025-09-18 09:00:00+00:00,angiang_longxuyen,71.52862386246453
2025-09-18 10:00:00+00:00,bacgiang_bacgiangcity,57.47423809065329
2025-09-18 11:00:00+00:00,backan_backancity,41.52308291695198
2025-09-18 12:00:00+00:00,angiang_longxuyen,71.13604699463936
2025-09-18 13:00:00+00:00,bacgiang_bacgiangcity,55.2479461028515
2025-09-18 14:00:00+00:00,angiang_longxuyen,70.85930875735258
2025-09-18 15:00:00+00:00,bacgiang_bacgiangcity,53.19549455508275
2025-09-18 16:00:00+00:00,backan_backancity,40.13212506526452
2025-09-18 17:00:00+00:00,bacgiang_bacgiangcity,51.47211127720133
2025-09-18 18:00:00+00:00,backan_backancity,38.880675708986914
2025-09-18 19:00:00+00:00,angiang_longxuyen,70.64115576698126
2025-09-18 20:00:00+00:00,bacgiang_bacgiangcity,49.99171055599341
2025-09-18 21:00:00+00:00,backan_backancity,37.66362524916768
2025-09-18 22:00:00+00:00,angiang_longxuyen,70.28566065129542
2025-09-18 23:00:00+00:00,backan_backancity,36.444064095529356
2025-09-19 00:00:00+00:00,angiang_longxuyen,69.81892267032859
2025-09-19 01:00:00+00:00,bacgiang_bacgiangcity,48.700027929049305
2025-09-19 02:00:00+00:00,bacgiang_bacgiangcity,47.542019423306925
2025-09-19 03:00:00+00:00,angiang_longxuyen,69.19337971859954
2025-09-19 04:00:00+00:00,backan_backancity,35.32172178883971
2025-09-19 05:00:00+00:00,backan_backancity,34.12430734582264
2025-09-19 06:00:00+00:00,bacgiang_bacgiangcity,46.40576069944868
2025-09-19 07:00:00+00:00,angiang_longxuyen,68.322580238938
2025-09-19 08:00:00+00:00,angiang_longxuyen,67.26431562078521
2025-09-19 09:00:00+00:00,backan_backancity,33.0240591447409
2025-09-19 10:00:00+00:00,bacgiang_bacgiangcity,45.28281582624246
2025-09-19 11:00:00+00:00,backan_backancity,31.99214485600359
2025-09-19 12:00:00+00:00,bacgiang_bacgiangcity,44.16899553171587
2025-09-19 13:00:00+00:00,angiang_longxuyen,65.91692906697514
2025-09-19 14:00:00+00:00,bacgiang_bacgiangcity,43.00889717226123
2025-09-19 15:00:00+00:00,angiang_longxuyen,64.47674009620098
2025-09-19 16:00:00+00:00,backan_backancity,31.05458483212425
2025-09-19 17:00:00+00:00,backan_backancity,30.264352321548458
2025-09-19 18:00:00+00:00,angiang_longxuyen,63.2059655709274
2025-09-19 19:00:00+00:00,bacgiang_bacgiangcity,41.96310472454683
2025-09-19 20:00:00+00:00,backan_backancity,29.634636835805807
2025-09-19 21:00:00+00:00,angiang_longxuyen,61.9582511705978
2025-09-19 22:00:00+00:00,bacgiang_bacgiangcity,41.20132674392062
2025-09-19 23:00:00+00:00,backan_backancity,29.10901710693915
2025-09-20 00:00:00+00:00,bacgiang_bacgiangcity,40.70697352208089
2025-09-20 01:00:00+00:00,angiang_longxuyen,61.036501344367736
2025-09-20 02:00:00+00:00,angiang_longxuyen,60.41868893846449
2025-09-20 03:00:00+00:00,bacgiang_bacgiangcity,40.388674933108945
2025-09-20 04:00:00+00:00,backan_backancity,28.90149989381287
2025-09-20 05:00:00+00:00,bacgiang_bacgiangcity,40.24535496536802
2025-09-20 06:00:00+00:00,backan_backancity,28.877062473973822
2025-09-20 07:00:00+00:00,angiang_longxuyen,59.85133430491383
2025-09-20 08:00:00+00:00,angiang_longxuyen,59.28034992544187
2025-09-20 09:00:00+00:00,bacgiang_bacgiangcity,40.285090879544654
2025-09-20 10:00:00+00:00,backan_backancity,28.969565998816577
2025-09-20 11:00:00+00:00,backan_backancity,29.077544962132748
2025-09-20 12:00:00+00:00,angiang_longxuyen,58.54668693331539
2025-09-20 13:00:00+00:00,bacgiang_bacgiangcity,40.59468094766984
2025-09-20 14:00:00+00:00,bacgiang_bacgiangcity,41.67917155611565
2025-09-20 15:00:00+00:00,backan_backancity,29.133717551844953
2025-09-20 16:00:00+00:00,angiang_longxuyen,57.67278854014001
2025-09-20 17:00:00+00:00,angiang_longxuyen,56.52509061701465
2025-09-20 18:00:00+00:00,backan_backancity,29.172654826273416
2025-09-20 19:00:00+00:00,bacgiang_bacgiangcity,43.18802680727313
2025-09-20 20:00:00+00:00,angiang_longxuyen,55.399123346677655
2025-09-20 21:00:00+00:00,bacgiang_bacgiangcity,45.375400649742225
2025-09-20 22:00:00+00:00,backan_backancity,29.28880669575493
2025-09-20 23:00:00+00:00,bacgiang_bacgiangcity,48.30549989345617
2025-09-21 00:00:00+00:00,backan_backancity,29.4731920498281
2025-09-21 01:00:00+00:00,angiang_longxuyen,54.10825370630354
2025-09-21 02:00:00+00:00,bacgiang_bacgiangcity,51.94532684822137
2025-09-21 03:00:00+00:00,backan_backancity,29.745772099923116
2025-09-21 04:00:00+00:00,angiang_longxuyen,52.712762258919916
2025-09-21 05:00:00+00:00,backan_backancity,30.173699536720903
2025-09-21 06:00:00+00:00,angiang_longxuyen,51.28501915607748
2025-09-21 07:00:00+00:00,bacgiang_bacgiangcity,56.3427329470925
2025-09-21 08:00:00+00:00,angiang_longxuyen,49.775044852817786
2025-09-21 09:00:00+00:00,backan_backancity,30.72575089366005
2025-09-21 10:00:00+00:00,bacgiang_bacgiangcity,61.21245554948275
2025-09-21 11:00:00+00:00,angiang_longxuyen,48.18535960750778
2025-09-21 12:00:00+00:00,bacgiang_bacgiangcity,66.42260193123346
2025-09-21 13:00:00+00:00,backan_backancity,31.369052819669363
2025-09-21 14:00:00+00:00,backan_backancity,32.07038763995398
2025-09-21 15:00:00+00:00,angiang_longxuyen,46.57986416454848
2025-09-21 16:00:00+00:00,bacgiang_bacgiangcity,71.49832098363672
2025-09-21 17:00:00+00:00,bacgiang_bacgiangcity,75.85673481192907
2025-09-21 18:00:00+00:00,angiang_longxuyen,44.9512751207276
2025-09-21 19:00:00+00:00,backan_backancity,32.78057444930357
2025-09-21 20:00:00+00:00,bacgiang_bacgiangcity,79.52003555833417
2025-09-21 21:00:00+00:00,angiang_longxuyen,43.363201501735745
2025-09-21 22:00:00+00:00,backan_backancity,33.522156887076505
2025-09-21 23:00:00+00:00,bacgiang_bacgiangcity,82.57419655262822
2025-09-22 00:00:00+00:00,backan_backancity,34.304441258362175
2025-09-22 01:00:00+00:00,angiang_longxuyen,41.90306805749022
2025-09-22 02:00:00+00:00,bacgiang_bacgiangcity,85.36955761918856
2025-09-22 03:00:00+00:00,angiang_longxuyen,40.57480103489668
2025-09-22 04:00:00+00:00,backan_backancity,35.13460097407223
2025-09-22 05:00:00+00:00,backan_backancity,35.769390452466396
2025-09-22 06:00:00+00:00,angiang_longxuyen,39.471616517615104
2025-09-22 07:00:00+00:00,bacgiang_bacgiangcity,87.60643995263293
2025-09-22 08:00:00+00:00,angiang_longxuyen,38.502383493423835
2025-09-22 09:00:00+00:00,bacgiang_bacgiangcity,88.7678916956129
2025-09-22 10:00:00+00:00,backan_backancity,36.13244156097919
2025-09-22 11:00:00+00:00,bacgiang_bacgiangcity,88.57873004544105
2025-09-22 12:00:00+00:00,backan_backancity,36.24197954560016
2025-09-22 13:00:00+00:00,angiang_longxuyen,37.6157977274827
2025-09-22 14:00:00+00:00,bacgiang_bacgiangcity,87.37941225739542
2025-09-22 15:00:00+00:00,angiang_longxuyen,37.0315807960157
2025-09-22 16:00:00+00:00,backan_backancity,36.249822474863564
2025-09-22 17:00:00+00:00,backan_backancity,36.37213869545516
2025-09-22 18:00:00+00:00,angiang_longxuyen,36.73372164586803
2025-09-22 19:00:00+00:00,bacgiang_bacgiangcity,85.6146085093416
2025-09-22 20:00:00+00:00,angiang_longxuyen,36.74071333036993
2025-09-22 21:00:00+00:00,bacgiang_bacgiangcity,83.71866644084335
2025-09-22 22:00:00+00:00,backan_backancity,36.8246087621187
2025-09-22 23:00:00+00:00,angiang_longxuyen,36.92418527012035
2025-09-23 00:00:00+00:00,bacgiang_bacgiangcity,81.81082129250568
2025-09-23 01:00:00+00:00,backan_backancity,37.612837499913155
2025-09-23 02:00:00+00:00,bacgiang_bacgiangcity,80.45219878607098
2025-09-23 03:00:00+00:00,angiang_longxuyen,37.33175934902482
2025-09-23 04:00:00+00:00,backan_backancity,38.63368560675076
2025-09-23 05:00:00+00:00,bacgiang_bacgiangcity,79.47705008901457
2025-09-23 06:00:00+00:00,angiang_longxuyen,37.743307497574335
2025-09-23 07:00:00+00:00,backan_backancity,39.76520031485943
2025-09-23 08:00:00+00:00,backan_backancity,40.79957747467641
2025-09-23 09:00:00+00:00,bacgiang_bacgiangcity,78.75724134449547
2025-09-23 10:00:00+00:00,angiang_longxuyen,38.08168685482498
2025-09-23 11:00:00+00:00,angiang_longxuyen,38.199765980704754
2025-09-23 12:00:00+00:00,backan_backancity,41.45636541319965
2025-09-23 13:00:00+00:00,bacgiang_bacgiangcity,78.4009691092942
2025-09-23 14:00:00+00:00,angiang_longxuyen,38.12778797561721
2025-09-23 15:00:00+00:00,backan_backancity,41.65937294199948
2025-09-23 16:00:00+00:00,bacgiang_bacgiangcity,79.0677878674089
2025-09-23 17:00:00+00:00,angiang_longxuyen,37.840746329124315
2025-09-23 18:00:00+00:00,backan_backancity,41.42381725675651
2025-09-23 19:00:00+00:00,bacgiang_bacgiangcity,81.05065015592368
2025-09-23 20:00:00+00:00,bacgiang_bacgiangcity,83.70442961132068
2025-09-23 21:00:00+00:00,angiang_longxuyen,37.49235767251494
2025-09-23 22:00:00+00:00,backan_backancity,40.9431843788538
2025-09-23 23:00:00+00:00,bacgiang_bacgiangcity,86.44837525517173
2025-09-24 00:00:00+00:00,backan_backancity,40.258161894982294
2025-09-24 01:00:00+00:00,angiang_longxuyen,37.09286563657095
2025-09-24 02:00:00+00:00,bacgiang_bacgiangcity,88.69436423376844
2025-09-24 03:00:00+00:00,angiang_longxuyen,36.70424849156902
2025-09-24 04:00:00+00:00,backan_backancity,39.49081734748863
2025-09-24 05:00:00+00:00,angiang_longxuyen,36.37280821380692
2025-09-24 06:00:00+00:00,backan_backancity,38.71229662579462
2025-09-24 07:00:00+00:00,bacgiang_bacgiangcity,90.14655432099778
2025-09-24 08:00:00+00:00,angiang_longxuyen,36.07546554924488
2025-09-24 09:00:00+00:00,backan_backancity,37.96904995669017
2025-09-24 10:00:00+00:00,bacgiang_bacgiangcity,90.55329150196256
2025-09-24 11:00:00+00:00,angiang_longxuyen,35.91113705208069
2025-09-24 12:00:00+00:00,backan_backancity,37.340310054831505
2025-09-24 13:00:00+00:00,bacgiang_bacgiangcity,89.97686011247168
2025-09-24 14:00:00+00:00,angiang_longxuyen,35.83054138935128
2025-09-24 15:00:00+00:00,backan_backancity,36.84616247077125
2025-09-24 16:00:00+00:00,bacgiang_bacgiangcity,88.57164151989184
2025-09-24 17:00:00+00:00,backan_backancity,36.48771669206374
2025-09-24 18:00:00+00:00,angiang_longxuyen,35.82685425614268
2025-09-24 19:00:00+00:00,bacgiang_bacgiangcity,86.66939521877073
2025-09-24 20:00:00+00:00,angiang_longxuyen,35.87158764658777
2025-09-24 21:00:00+00:00,backan_backancity,36.272834777068155
2025-09-24 22:00:00+00:00,bacgiang_bacgiangcity,84.7813833560353
2025-09-24 23:00:00+00:00,bacgiang_bacgiangcity,83.22320851372322
2025-09-25 00:00:00+00:00,angiang_longxuyen,36.01557713268045
2025-09-25 01:00:00+00:00,backan_backancity,36.13029910225357
2025-09-25 02:00:00+00:00,angiang_longxuyen,36.290734828429706
2025-09-25 03:00:00+00:00,bacgiang_bacgiangcity,82.25345900394632
2025-09-25 04:00:00+00:00,backan_backancity,36.120906716233236
2025-09-25 05:00:00+00:00,bacgiang_bacgiangcity,81.11010338555947
2025-09-25 06:00:00+00:00,angiang_longxuyen,36.770588195680006
2025-09-25 07:00:00+00:00,backan_backancity,36.0171313717113
2025-09-25 08:00:00+00:00,backan_backancity,35.830503131159745
2025-09-25 09:00:00+00:00,bacgiang_bacgiangcity,79.74717444144082
2025-09-25 10:00:00+00:00,angiang_longxuyen,37.351299720348166
2025-09-25 11:00:00+00:00,backan_backancity,35.570433509694666
2025-09-25 12:00:00+00:00,angiang_longxuyen,37.9341728328377
2025-09-25 13:00:00+00:00,bacgiang_bacgiangcity,77.94984047047113
2025-09-25 14:00:00+00:00,backan_backancity,35.39885030296183
2025-09-25 15:00:00+00:00,bacgiang_bacgiangcity,75.8690898166559
2025-09-25 16:00:00+00:00,angiang_longxuyen,38.68039885860746
2025-09-25 17:00:00+00:00,bacgiang_bacgiangcity,73.84535821504045
2025-09-25 18:00:00+00:00,backan_backancity,35.464855247896935
2025-09-25 19:00:00+00:00,angiang_longxuyen,39.657226133817204
2025-09-25 20:00:00+00:00,bacgiang_bacgiangcity,72.03323027963398
2025-09-25 21:00:00+00:00,backan_backancity,35.89345220304649
2025-09-25 22:00:00+00:00,angiang_longxuyen,41.01521020668076
2025-09-25 23:00:00+00:00,angiang_longxuyen,42.82699381836348
2025-09-26 00:00:00+00:00,backan_backancity,36.69037033259194
2025-09-26 01:00:00+00:00,bacgiang_bacgiangcity,70.52800955667173
2025-09-26 02:00:00+00:00,bacgiang_bacgiangcity,69.37344667930391
2025-09-26 03:00:00+00:00,backan_backancity,37.667149785062264
2025-09-26 04:00:00+00:00,angiang_longxuyen,44.61940922058474
2025-09-26 05:00:00+00:00,backan_backancity,38.57033482385296
2025-09-26 06:00:00+00:00,angiang_longxuyen,46.42566452359155
2025-09-26 07:00:00+00:00,bacgiang_bacgiangcity,68.56003687807257
2025-09-26 08:00:00+00:00,angiang_longxuyen,48.064176785840225
2025-09-26 09:00:00+00:00,backan_backancity,39.187597268252986
2025-09-26 10:00:00+00:00,bacgiang_bacgiangcity,68.31500989928924
2025-09-26 11:00:00+00:00,backan_backancity,39.4039951640879
2025-09-26 12:00:00+00:00,angiang_longxuyen,49.225332027835854
2025-09-26 13:00:00+00:00,bacgiang_bacgiangcity,68.70022923865602
2025-09-26 14:00:00+00:00,bacgiang_bacgiangcity,70.07968333037816
2025-09-26 15:00:00+00:00,angiang_longxuyen,49.81233702501051
2025-09-26 16:00:00+00:00,backan_backancity,39.16671307795218
2025-09-26 17:00:00+00:00,backan_backancity,38.70935074504689
2025-09-26 18:00:00+00:00,angiang_longxuyen,49.778870671970665
2025-09-26 19:00:00+00:00,bacgiang_bacgiangcity,72.69467854411282
2025-09-26 20:00:00+00:00,bacgiang_bacgiangcity,75.69107445147228
2025-09-26 21:00:00+00:00,angiang_longxuyen,49.49874897587055
2025-09-26 22:00:00+00:00,backan_backancity,38.275914128668944
2025-09-26 23:00:00+00:00,bacgiang_bacgiangcity,78.79524368436844
2025-09-27 00:00:00+00:00,backan_backancity,37.94269006272681
2025-09-27 01:00:00+00:00,angiang_longxuyen,48.96550152006783
2025-09-27 02:00:00+00:00,bacgiang_bacgiangcity,82.08759539684704
2025-09-27 03:00:00+00:00,angiang_longxuyen,48.31000479550869
2025-09-27 04:00:00+00:00,backan_backancity,37.857914692572876
2025-09-27 05:00:00+00:00,backan_backancity,38.038742034833874
2025-09-27 06:00:00+00:00,bacgiang_bacgiangcity,85.49857380557165
2025-09-27 07:00:00+00:00,angiang_longxuyen,47.603758579886566
2025-09-27 08:00:00+00:00,bacgiang_bacgiangcity,89.14629868575058
2025-09-27 09:00:00+00:00,backan_backancity,38.493354560223025
2025-09-27 10:00:00+00:00,angiang_longxuyen,46.92805196565233
2025-09-27 11:00:00+00:00,bacgiang_bacgiangcity,92.91083897592036
2025-09-27 12:00:00+00:00,backan_backancity,39.15195019829601
2025-09-27 13:00:00+00:00,angiang_longxuyen,46.28441528046712
2025-09-27 14:00:00+00:00,bacgiang_bacgiangcity,96.1995196953649
2025-09-27 15:00:00+00:00,backan_backancity,39.909878448399624
2025-09-27 16:00:00+00:00,angiang_longxuyen,45.65192129356469
2025-09-27 17:00:00+00:00,bacgiang_bacgiangcity,98.9592217362834
2025-09-27 18:00:00+00:00,angiang_longxuyen,45.05898627670307
2025-09-27 19:00:00+00:00,backan_backancity,40.774240987336455
2025-09-27 20:00:00+00:00,backan_backancity,41.71258530414214
2025-09-27 21:00:00+00:00,bacgiang_bacgiangcity,101.26194312953552
2025-09-27 22:00:00+00:00,angiang_longxuyen,44.54580524235722
2025-09-27 23:00:00+00:00,bacgiang_bacgiangcity,103.30667369602637
2025-09-28 00:00:00+00:00,angiang_longxuyen,44.1025410530303
2025-09-28 01:00:00+00:00,backan_backancity,42.734318131658846
2025-09-28 02:00:00+00:00,bacgiang_bacgiangcity,105.27649905743951
2025-09-28 03:00:00+00:00,angiang_longxuyen,43.754984512086686
2025-09-28 04:00:00+00:00,backan_backancity,43.86527331371641
2025-09-28 05:00:00+00:00,angiang_longxuyen,43.37114964102586
2025-09-28 06:00:00+00:00,bacgiang_bacgiangcity,107.7330481204036
2025-09-28 07:00:00+00:00,backan_backancity,45.326788835130905
2025-09-28 08:00:00+00:00,bacgiang_bacgiangcity,109.95768394696115
2025-09-28 09:00:00+00:00,angiang_longxuyen,42.9561534729648
2025-09-28 10:00:00+00:00,backan_backancity,46.55951080665515
2025-09-28 11:00:00+00:00,backan_backancity,47.46108900140163
2025-09-28 12:00:00+00:00,angiang_longxuyen,42.63466988954808
2025-09-28 13:00:00+00:00,bacgiang_bacgiangcity,111.22316300052135
2025-09-28 14:00:00+00:00,bacgiang_bacgiangcity,111.48874180156658
2025-09-28 15:00:00+00:00,backan_backancity,48.025296898699054
2025-09-28 16:00:00+00:00,angiang_longxuyen,42.417568999443816
2025-09-28 17:00:00+00:00,bacgiang_bacgiangcity,111.26354213054306
2025-09-28 18:00:00+00:00,backan_backancity,48.56097853193779
2025-09-28 19:00:00+00:00,angiang_longxuyen,42.25771192841456
2025-09-28 20:00:00+00:00,angiang_longxuyen,42.36984668778555
2025-09-28 21:00:00+00:00,backan_backancity,49.35239704645097
2025-09-28 22:00:00+00:00,bacgiang_bacgiangcity,110.87918091045658
2025-09-28 23:00:00+00:00,angiang_longxuyen,42.873759675233536
2025-09-29 00:00:00+00:00,bacgiang_bacgiangcity,110.6377298770127
2025-09-29 01:00:00+00:00,backan_backancity,50.50942996830936
2025-09-29 02:00:00+00:00,angiang_longxuyen,43.59024473936356
2025-09-29 03:00:00+00:00,backan_backancity,51.9977214415201
2025-09-29 04:00:00+00:00,bacgiang_bacgiangcity,110.68156718887808
2025-09-29 05:00:00+00:00,angiang_longxuyen,44.24607622309858
2025-09-29 06:00:00+00:00,bacgiang_bacgiangcity,111.20946118789584
2025-09-29 07:00:00+00:00,backan_backancity,53.70484020572784
2025-09-29 08:00:00+00:00,backan_backancity,55.51769504677337
2025-09-29 09:00:00+00:00,bacgiang_bacgiangcity,112.14739781584805
2025-09-29 10:00:00+00:00,angiang_longxuyen,44.75192124921877
2025-09-29 11:00:00+00:00,angiang_longxuyen,44.96444072088746
2025-09-29 12:00:00+00:00,bacgiang_bacgiangcity,114.03327977332697
2025-09-29 13:00:00+00:00,backan_backancity,56.810276741218395
2025-09-29 14:00:00+00:00,angiang_longxuyen,44.88981333603654
2025-09-29 15:00:00+00:00,backan_backancity,57.20314532775397
2025-09-29 16:00:00+00:00,bacgiang_bacgiangcity,117.38913888817491
2025-09-29 17:00:00+00:00,bacgiang_bacgiangcity,122.38675862484602
2025-09-29 18:00:00+00:00,angiang_longxuyen,44.58348477873918
2025-09-29 19:00:00+00:00,backan_backancity,56.3652000700678
2025-09-29 20:00:00+00:00,angiang_longxuyen,44.181945929548384
2025-09-29 21:00:00+00:00,backan_backancity,55.21187341051376
2025-09-29 22:00:00+00:00,bacgiang_bacgiangcity,128.3785868113658
2025-09-29 23:00:00+00:00,angiang_longxuyen,43.688377000635
2025-09-30 00:00:00+00:00,backan_backancity,54.02398525718736
2025-09-30 01:00:00+00:00,bacgiang_bacgiangcity,134.71234997581146
2025-09-30 02:00:00+00:00,angiang_longxuyen,43.18557828301529
2025-09-30 03:00:00+00:00,backan_backancity,53.05497221759738
2025-09-30 04:00:00+00:00,bacgiang_bacgiangcity,141.04197647329806
2025-09-30 05:00:00+00:00,backan_backancity,52.19425377140368
2025-09-30 06:00:00+00:00,angiang_longxuyen,42.72861287884711
2025-09-30 07:00:00+00:00,bacgiang_bacgiangcity,146.76749417085964
2025-09-30 08:00:00+00:00,angiang_longxuyen,42.364256209548394
2025-09-30 09:00:00+00:00,backan_backancity,51.38632206497187
2025-09-30 10:00:00+00:00,bacgiang_bacgiangcity,151.33353759571588
2025-09-30 11:00:00+00:00,bacgiang_bacgiangcity,154.77466106822826
2025-09-30 12:00:00+00:00,angiang_longxuyen,42.07842447836259
2025-09-30 13:00:00+00:00,backan_backancity,50.65793870327638
2025-09-30 14:00:00+00:00,angiang_longxuyen,41.830071428053216
2025-09-30 15:00:00+00:00,backan_backancity,50.07129715892125
2025-09-30 16:00:00+00:00,bacgiang_bacgiangcity,157.2919448607983
2025-09-30 17:00:00+00:00,backan_backancity,49.64112205337113
2025-09-30 18:00:00+00:00,angiang_longxuyen,41.6435292684326
2025-09-30 19:00:00+00:00,bacgiang_bacgiangcity,159.25109424397613
2025-09-30 20:00:00+00:00,bacgiang_bacgiangcity,160.78549640252697
2025-09-30 21:00:00+00:00,backan_backancity,49.37431899019698
2025-09-30 22:00:00+00:00,angiang_longxuyen,41.48987002443101
2025-09-30 23:00:00+00:00,bacgiang_bacgiangcity,162.1727623387319
2025-10-01 00:00:00+00:00,backan_backancity,49.333985291777715
2025-10-01 01:00:00+00:00,angiang_longxuyen,41.393315913560144
2025-10-01 02:00:00+00:00,angiang_longxuyen,41.42275080966763
2025-10-01 03:00:00+00:00,bacgiang_bacgiangcity,163.52986647319028
2025-10-01 04:00:00+00:00,backan_backancity,49.52109654199732
2025-10-01 05:00:00+00:00,angiang_longxuyen,41.525770554906885
2025-10-01 06:00:00+00:00,bacgiang_bacgiangcity,165.08715659482328
2025-10-01 07:00:00+00:00,backan_backancity,49.661604532660874
2025-10-01 08:00:00+00:00,bacgiang_bacgiangcity,166.0333247117966
2025-10-01 09:00:00+00:00,angiang_longxuyen,41.62188947884911
2025-10-01 10:00:00+00:00,backan_backancity,49.600386643940816
2025-10-01 11:00:00+00:00,angiang_longxuyen,41.61873317804799
2025-10-01 12:00:00+00:00,bacgiang_bacgiangcity,166.0887177908564
2025-10-01 13:00:00+00:00,backan_backancity,49.53955611940998
2025-10-01 14:00:00+00:00,backan_backancity,49.91028755987219
2025-10-01 15:00:00+00:00,angiang_longxuyen,41.64123855921483
2025-10-01 16:00:00+00:00,bacgiang_bacgiangcity,165.25684123880148
2025-10-01 17:00:00+00:00,angiang_longxuyen,41.77474051855465
2025-10-01 18:00:00+00:00,backan_backancity,51.16573489716455
2025-10-01 19:00:00+00:00,bacgiang_bacgiangcity,163.9761674064698
2025-10-01 20:00:00+00:00,bacgiang_bacgiangcity,162.87912811120256
2025-10-01 21:00:00+00:00,angiang_longxuyen,41.96971382713344
2025-10-01 22:00:00+00:00,backan_backancity,53.62153299367382
2025-10-01 23:00:00+00:00,bacgiang_bacgiangcity,162.34312606560977
2025-10-02 00:00:00+00:00,backan_backancity,57.345293638379324
2025-10-02 01:00:00+00:00,angiang_longxuyen,42.401887923190934
2025-10-02 02:00:00+00:00,backan_backancity,62.2913556796914
2025-10-02 03:00:00+00:00,angiang_longxuyen,43.1994947001839
2025-10-02 04:00:00+00:00,bacgiang_bacgiangcity,162.47160663731142
2025-10-02 05:00:00+00:00,backan_backancity,68.18208659509628
2025-10-02 06:00:00+00:00,bacgiang_bacgiangcity,163.1550748821521
2025-10-02 07:00:00+00:00,angiang_longxuyen,44.28671120477613
2025-10-02 08:00:00+00:00,angiang_longxuyen,45.46237108363513
2025-10-02 09:00:00+00:00,backan_backancity,74.85786603612478
2025-10-02 10:00:00+00:00,bacgiang_bacgiangcity,164.42722670232072
2025-10-02 11:00:00+00:00,backan_backancity,80.61275885136959
2025-10-02 12:00:00+00:00,angiang_longxuyen,46.71686674841321
2025-10-02 13:00:00+00:00,bacgiang_bacgiangcity,166.28458538466217
2025-10-02 14:00:00+00:00,backan_backancity,82.98603163761422
2025-10-02 15:00:00+00:00,angiang_longxuyen,47.759019885658425
2025-10-02 16:00:00+00:00,bacgiang_bacgiangcity,168.12776462476825
2025-10-02 17:00:00+00:00,angiang_longxuyen,48.59268022589336
2025-10-02 18:00:00+00:00,backan_backancity,80.12301335047212
2025-10-02 19:00:00+00:00,bacgiang_bacgiangcity,169.63234930529632
2025-10-02 20:00:00+00:00,bacgiang_bacgiangcity,170.55931181012215
2025-10-02 21:00:00+00:00,angiang_longxuyen,49.09731533670646
2025-10-02 22:00:00+00:00,backan_backancity,74.30710350201277
2025-10-02 23:00:00+00:00,angiang_longxuyen,49.326697106291476
2025-10-03 00:00:00+00:00,backan_backancity,68.54213921784799
2025-10-03 01:00:00+00:00,bacgiang_bacgiangcity,170.89597433102796
2025-10-03 02:00:00+00:00,bacgiang_bacgiangcity,170.78712021158054
2025-10-03 03:00:00+00:00,angiang_longxuyen,49.59197940635235
2025-10-03 04:00:00+00:00,backan_backancity,64.59834375797536
2025-10-03 05:00:00+00:00,bacgiang_bacgiangcity,170.4025966930722
2025-10-03 06:00:00+00:00,angiang_longxuyen,49.92695856683087
2025-10-03 07:00:00+00:00,backan_backancity,62.28919409187002
2025-10-03 08:00:00+00:00,angiang_longxuyen,50.32059709947096
2025-10-03 09:00:00+00:00,backan_backancity,60.86479379851242
2025-10-03 10:00:00+00:00,bacgiang_bacgiangcity,169.6868241877594
2025-10-03 11:00:00+00:00,bacgiang_bacgiangcity,168.5608999578879
2025-10-03 12:00:00+00:00,angiang_longxuyen,50.71943874615897
2025-10-03 13:00:00+00:00,backan_backancity,60.037517793988854
2025-10-03 14:00:00+00:00,backan_backancity,59.62815992690436
2025-10-03 15:00:00+00:00,bacgiang_bacgiangcity,167.27916924301522
2025-10-03 16:00:00+00:00,angiang_longxuyen,51.11196300897078
2025-10-03 17:00:00+00:00,bacgiang_bacgiangcity,166.03093835709998
2025-10-03 18:00:00+00:00,angiang_longxuyen,51.58891353593883
2025-10-03 19:00:00+00:00,backan_backancity,59.6838016842091
2025-10-03 20:00:00+00:00,angiang_longxuyen,52.04214876643295
2025-10-03 21:00:00+00:00,backan_backancity,60.148648275832215
2025-10-03 22:00:00+00:00,bacgiang_bacgiangcity,164.97291285264424
2025-10-03 23:00:00+00:00,angiang_longxuyen,52.49620654804494
2025-10-04 00:00:00+00:00,backan_backancity,60.94659937654894
2025-10-04 01:00:00+00:00,bacgiang_bacgiangcity,164.1773337598023
2025-10-04 02:00:00+00:00,backan_backancity,62.04838746983971
2025-10-04 03:00:00+00:00,bacgiang_bacgiangcity,163.58241888152907
2025-10-04 04:00:00+00:00,angiang_longxuyen,52.939695504247084
2025-10-04 05:00:00+00:00,bacgiang_bacgiangcity,163.12656774718917
2025-10-04 06:00:00+00:00,angiang_longxuyen,53.2962331556521
2025-10-04 07:00:00+00:00,backan_backancity,63.51944841004065
2025-10-04 08:00:00+00:00,bacgiang_bacgiangcity,162.5890114625655
2025-10-04 09:00:00+00:00,angiang_longxuyen,53.440586094564296
2025-10-04 10:00:00+00:00,backan_backancity,64.71699197445415
2025-10-04 11:00:00+00:00,bacgiang_bacgiangcity,161.80287257848335
2025-10-04 12:00:00+00:00,backan_backancity,65.47570929975805
2025-10-04 13:00:00+00:00,angiang_longxuyen,53.443967162240654
2025-10-04 14:00:00+00:00,backan_backancity,66.06089225056115
2025-10-04 15:00:00+00:00,bacgiang_bacgiangcity,160.70474770703143
2025-10-04 16:00:00+00:00,angiang_longxuyen,53.42643534597257
2025-10-04 17:00:00+00:00,backan_backancity,66.78115531110464
2025-10-04 18:00:00+00:00,bacgiang_bacgiangcity,159.44180654647337
2025-10-04 19:00:00+00:00,angiang_longxuyen,53.76032893026646
2025-10-04 20:00:00+00:00,bacgiang_bacgiangcity,158.27908271862506
2025-10-04 21:00:00+00:00,angiang_longxuyen,54.633997774292666
2025-10-04 22:00:00+00:00,backan_backancity,67.81720865793798
2025-10-04 23:00:00+00:00,bacgiang_bacgiangcity,157.43542264357927
2025-10-05 00:00:00+00:00,angiang_longxuyen,56.160097905281766
2025-10-05 01:00:00+00:00,backan_backancity,69.29988095926792
2025-10-05 02:00:00+00:00,backan_backancity,71.03973917087646
2025-10-05 03:00:00+00:00,bacgiang_bacgiangcity,156.953780705875
2025-10-05 04:00:00+00:00,angiang_longxuyen,58.56422831413136
2025-10-05 05:00:00+00:00,angiang_longxuyen,61.69935798852223
2025-10-05 06:00:00+00:00,bacgiang_bacgiangcity,156.57331733794265
2025-10-05 07:00:00+00:00,backan_backancity,72.5667048934489
2025-10-05 08:00:00+00:00,angiang_longxuyen,65.19992034384856
2025-10-05 09:00:00+00:00,backan_backancity,73.4690291229302
2025-10-05 10:00:00+00:00,bacgiang_bacgiangcity,156.1401246175357
2025-10-05 11:00:00+00:00,angiang_longxuyen,68.37244979159584
2025-10-05 12:00:00+00:00,bacgiang_bacgiangcity,155.45723502784193
2025-10-05 13:00:00+00:00,backan_backancity,73.53796321065423
2025-10-05 14:00:00+00:00,angiang_longxuyen,70.20606926609364
2025-10-05 15:00:00+00:00,backan_backancity,72.84991593851497
2025-10-05 16:00:00+00:00,bacgiang_bacgiangcity,154.28848553482783
2025-10-05 17:00:00+00:00,angiang_longxuyen,70.30722392449584
2025-10-05 18:00:00+00:00,backan_backancity,71.51885606793982
2025-10-05 19:00:00+00:00,bacgiang_bacgiangcity,152.0347911173435
2025-10-05 20:00:00+00:00,backan_backancity,70.24522891626036
2025-10-05 21:00:00+00:00,angiang_longxuyen,68.96948799949892
2025-10-05 22:00:00+00:00,bacgiang_bacgiangcity,148.4725900331903
2025-10-05 23:00:00+00:00,backan_backancity,69.29509868532682
2025-10-06 00:00:00+00:00,bacgiang_bacgiangcity,144.1675607289025
2025-10-06 01:00:00+00:00,angiang_longxuyen,67.3266764729772
2025-10-06 02:00:00+00:00,angiang_longxuyen,66.1940427127663
2025-10-06 03:00:00+00:00,backan_backancity,68.66941943879047
2025-10-06 04:00:00+00:00,bacgiang_bacgiangcity,139.5938800125623
2025-10-06 05:00:00+00:00,backan_backancity,68.2754294090157
2025-10-06 06:00:00+00:00,bacgiang_bacgiangcity,134.87786447691306
2025-10-06 07:00:00+00:00,angiang_longxuyen,65.82238829343348
2025-10-06 08:00:00+00:00,angiang_longxuyen,66.49179187061334
2025-10-06 09:00:00+00:00,backan_backancity,67.96894542781524
2025-10-06 10:00:00+00:00,bacgiang_bacgiangcity,129.68403760498634
2025-10-06 11:00:00+00:00,angiang_longxuyen,68.21658352817042
2025-10-06 12:00:00+00:00,backan_backancity,67.74821718292665
2025-10-06 13:00:00+00:00,bacgiang_bacgiangcity,124.07544172301081
2025-10-06 14:00:00+00:00,angiang_longxuyen,70.51544413189148
2025-10-06 15:00:00+00:00,bacgiang_bacgiangcity,118.0945840729119
2025-10-06 16:00:00+00:00,backan_backancity,67.57069917423291
2025-10-06 17:00:00+00:00,angiang_longxuyen,72.74293647045249
2025-10-06 18:00:00+00:00,backan_backancity,67.36721341803896
2025-10-06 19:00:00+00:00,bacgiang_bacgiangcity,112.06302176556821
2025-10-06 20:00:00+00:00,bacgiang_bacgiangcity,106.2928188739161
2025-10-06 21:00:00+00:00,angiang_longxuyen,74.50331302840533
2025-10-06 22:00:00+00:00,backan_backancity,67.04531138565238
2025-10-06 23:00:00+00:00,bacgiang_bacgiangcity,100.98555878052038
2025-10-07 00:00:00+00:00,backan_backancity,66.6112698116209
2025-10-07 01:00:00+00:00,angiang_longxuyen,75.57306227742768
2025-10-07 02:00:00+00:00,bacgiang_bacgiangcity,96.17728212153877
2025-10-07 03:00:00+00:00,backan_backancity,66.08828750683276
2025-10-07 04:00:00+00:00,angiang_longxuyen,76.06441462236936
2025-10-07 05:00:00+00:00,bacgiang_bacgiangcity,91.87333181780892
2025-10-07 06:00:00+00:00,backan_backancity,65.0959345792732
2025-10-07 07:00:00+00:00,angiang_longxuyen,76.38070226514907
2025-10-07 08:00:00+00:00,bacgiang_bacgiangcity,87.91604914985389
2025-10-07 09:00:00+00:00,angiang_longxuyen,76.34923012034267
2025-10-07 10:00:00+00:00,backan_backancity,63.96619409479669
2025-10-07 11:00:00+00:00,angiang_longxuyen,75.9083331566166
2025-10-07 12:00:00+00:00,bacgiang_bacgiangcity,84.10016995335789
2025-10-07 13:00:00+00:00,backan_backancity,62.737221426042275
2025-10-07 14:00:00+00:00,angiang_longxuyen,75.2688857434038
2025-10-07 15:00:00+00:00,bacgiang_bacgiangcity,80.53228035435173
2025-10-07 16:00:00+00:00,backan_backancity,61.712021449918275
2025-10-07 17:00:00+00:00,bacgiang_bacgiangcity,77.44007876199316
2025-10-07 18:00:00+00:00,angiang_longxuyen,74.56886365731603
2025-10-07 19:00:00+00:00,backan_backancity,61.11922990127488
2025-10-07 20:00:00+00:00,backan_backancity,61.05872457137204
2025-10-07 21:00:00+00:00,angiang_longxuyen,74.17075608967798
2025-10-07 22:00:00+00:00,bacgiang_bacgiangcity,75.20980553113542
2025-10-07 23:00:00+00:00,backan_backancity,61.58586506335197
2025-10-08 00:00:00+00:00,angiang_longxuyen,74.08541641119899
2025-10-08 01:00:00+00:00,bacgiang_bacgiangcity,73.99184643926736
2025-10-08 02:00:00+00:00,backan_backancity,62.38502129710185
2025-10-08 03:00:00+00:00,bacgiang_bacgiangcity,73.72561246669221
2025-10-08 04:00:00+00:00,angiang_longxuyen,74.35532317016091
2025-10-08 05:00:00+00:00,bacgiang_bacgiangcity,74.08006504665889
2025-10-08 06:00:00+00:00,backan_backancity,63.180968625037245
2025-10-08 07:00:00+00:00,angiang_longxuyen,74.74889953323976
2025-10-08 08:00:00+00:00,bacgiang_bacgiangcity,74.53732695181142
2025-10-08 09:00:00+00:00,angiang_longxuyen,74.98693960979514
2025-10-08 10:00:00+00:00,backan_backancity,63.55903129145116
2025-10-08 11:00:00+00:00,bacgiang_bacgiangcity,74.80270011507719
2025-10-08 12:00:00+00:00,angiang_longxuyen,74.84108264572848
2025-10-08 13:00:00+00:00,backan_backancity,63.356425473662384
2025-10-08 14:00:00+00:00,bacgiang_bacgiangcity,75.61417309536237
2025-10-08 15:00:00+00:00,angiang_longxuyen,74.07509626403409
2025-10-08 16:00:00+00:00,backan_backancity,62.26765951231324
2025-10-08 17:00:00+00:00,bacgiang_bacgiangcity,77.47276799551759
2025-10-08 18:00:00+00:00,angiang_longxuyen,72.58613049019766
2025-10-08 19:00:00+00:00,backan_backancity,60.35255965440692
2025-10-08 20:00:00+00:00,bacgiang_bacgiangcity,79.84885036770261
2025-10-08 21:00:00+00:00,angiang_longxuyen,70.79285906094094
2025-10-08 22:00:00+00:00,backan_backancity,58.40406039529593
2025-10-08 23:00:00+00:00,bacgiang_bacgiangcity,82.11766633538869
2025-10-09 00:00:00+00:00,angiang_longxuyen,68.95723103138788
2025-10-09 01:00:00+00:00,backan_backancity,56.72156555961093
2025-10-09 02:00:00+00:00,bacgiang_bacgiangcity,83.71303053100375
2025-10-09 03:00:00+00:00,backan_backancity,55.33606428249027
2025-10-09 04:00:00+00:00,angiang_longxuyen,67.16476541529025
2025-10-09 05:00:00+00:00,bacgiang_bacgiangcity,84.77139318577234
2025-10-09 06:00:00+00:00,angiang_longxuyen,65.22580201041782
2025-10-09 07:00:00+00:00,backan_backancity,54.19239303402331
2025-10-09 08:00:00+00:00,angiang_longxuyen,63.42254997544602
2025-10-09 09:00:00+00:00,backan_backancity,53.30520948383955
2025-10-09 10:00:00+00:00,bacgiang_bacgiangcity,85.2600602838961
2025-10-09 11:00:00+00:00,backan_backancity,52.68571849978297
2025-10-09 12:00:00+00:00,angiang_longxuyen,61.6578765443571
2025-10-09 13:00:00+00:00,bacgiang_bacgiangcity,85.29608276235746
2025-10-09 14:00:00+00:00,angiang_longxuyen,59.970412926047295
2025-10-09 15:00:00+00:00,bacgiang_bacgiangcity,85.35326441187122
2025-10-09 16:00:00+00:00,backan_backancity,52.31994149512375
2025-10-09 17:00:00+00:00,angiang_longxuyen,58.499796737322875
2025-10-09 18:00:00+00:00,bacgiang_bacgiangcity,85.64632694125596
2025-10-09 19:00:00+00:00,backan_backancity,52.16439803518937
2025-10-09 20:00:00+00:00,backan_backancity,52.174684706436686
2025-10-09 21:00:00+00:00,bacgiang_bacgiangcity,86.3746744358969
2025-10-09 22:00:00+00:00,angiang_longxuyen,57.30665286493521
2025-10-09 23:00:00+00:00,bacgiang_bacgiangcity,87.62323529871408
2025-10-10 00:00:00+00:00,backan_backancity,52.39991067996688
2025-10-10 01:00:00+00:00,angiang_longxuyen,56.45360518614304
2025-10-10 02:00:00+00:00,backan_backancity,52.83205608238073
2025-10-10 03:00:00+00:00,bacgiang_bacgiangcity,89.47356284279361
2025-10-10 04:00:00+00:00,angiang_longxuyen,55.92373401574274
2025-10-10 05:00:00+00:00,bacgiang_bacgiangcity,91.36395388681473
2025-10-10 06:00:00+00:00,angiang_longxuyen,55.35508338595404
2025-10-10 07:00:00+00:00,backan_backancity,53.33162198281626
2025-10-10 08:00:00+00:00,backan_backancity,53.535021658079266
2025-10-10 09:00:00+00:00,bacgiang_bacgiangcity,92.96623325054864
2025-10-10 10:00:00+00:00,angiang_longxuyen,54.97963184111196
2025-10-10 11:00:00+00:00,bacgiang_bacgiangcity,93.7799168369631
2025-10-10 12:00:00+00:00,angiang_longxuyen,54.87259498576219
2025-10-10 13:00:00+00:00,bacgiang_bacgiangcity,93.84144916019478
2025-10-10 14:00:00+00:00,angiang_longxuyen,55.19851651939626
2025-10-10 15:00:00+00:00,bacgiang_bacgiangcity,93.36938850833153
2025-10-10 16:00:00+00:00,angiang_longxuyen,56.192990385448674
2025-10-10 17:00:00+00:00,angiang_longxuyen,57.83310949174156
2025-10-10 18:00:00+00:00,backan_backancity,53.405622889780894
2025-10-10 19:00:00+00:00,bacgiang_bacgiangcity,92.78561513277256
2025-10-10 20:00:00+00:00,backan_backancity,53.28847630731963
2025-10-10 21:00:00+00:00,bacgiang_bacgiangcity,92.42175462439523
2025-10-10 22:00:00+00:00,angiang_longxuyen,59.88858821891502
2025-10-10 23:00:00+00:00,bacgiang_bacgiangcity,92.59881592592761
2025-10-11 00:00:00+00:00,backan_backancity,53.77485269622559
2025-10-11 01:00:00+00:00,angiang_longxuyen,62.01722617283948
2025-10-11 02:00:00+00:00,bacgiang_bacgiangcity,93.10765943780888
2025-10-11 03:00:00+00:00,angiang_longxuyen,63.87384360272005
2025-10-11 04:00:00+00:00,backan_backancity,54.79902448345226
2025-10-11 05:00:00+00:00,bacgiang_bacgiangcity,93.56962231824551
2025-10-11 06:00:00+00:00,angiang_longxuyen,64.8872504913053
2025-10-11 07:00:00+00:00,backan_backancity,55.991556224775465
2025-10-11 08:00:00+00:00,angiang_longxuyen,64.93521669893457
2025-10-11 09:00:00+00:00,bacgiang_bacgiangcity,94.07769110174831
2025-10-11 10:00:00+00:00,backan_backancity,57.03959155896824
2025-10-11 11:00:00+00:00,backan_backancity,57.46108683731526
2025-10-11 12:00:00+00:00,angiang_longxuyen,64.08842901673128
2025-10-11 13:00:00+00:00,bacgiang_bacgiangcity,95.5943008101013
2025-10-11 14:00:00+00:00,backan_backancity,57.15568125888852
2025-10-11 15:00:00+00:00,angiang_longxuyen,62.83679793404393
2025-10-11 16:00:00+00:00,bacgiang_bacgiangcity,99.10500218396702
2025-10-11 17:00:00+00:00,angiang_longxuyen,61.66350528078578
2025-10-11 18:00:00+00:00,backan_backancity,56.46025254692117
2025-10-11 19:00:00+00:00,bacgiang_bacgiangcity,103.24431941946105
2025-10-11 20:00:00+00:00,backan_backancity,55.684553366852406
2025-10-11 21:00:00+00:00,bacgiang_bacgiangcity,107.0706004353941
2025-10-11 22:00:00+00:00,angiang_longxuyen,60.721268192992035
2025-10-11 23:00:00+00:00,angiang_longxuyen,59.94336438463642
2025-10-12 00:00:00+00:00,backan_backancity,55.042767421682406
2025-10-12 01:00:00+00:00,bacgiang_bacgiangcity,109.66701285343909
2025-10-12 02:00:00+00:00,backan_backancity,54.51006992738292
2025-10-12 03:00:00+00:00,bacgiang_bacgiangcity,110.98205091074306
2025-10-12 04:00:00+00:00,angiang_longxuyen,59.24564496345128
2025-10-12 05:00:00+00:00,bacgiang_bacgiangcity,111.3721936011322
2025-10-12 06:00:00+00:00,angiang_longxuyen,58.60556150780432
2025-10-12 07:00:00+00:00,backan_backancity,54.16674091660324
2025-10-12 08:00:00+00:00,bacgiang_bacgiangcity,111.29588046471704
2025-10-12 09:00:00+00:00,backan_backancity,53.99313480799331
2025-10-12 10:00:00+00:00,angiang_longxuyen,58.02020639513934
2025-10-12 11:00:00+00:00,backan_backancity,53.89739368369242
2025-10-12 12:00:00+00:00,bacgiang_bacgiangcity,111.29935179781404
2025-10-12 13:00:00+00:00,angiang_longxuyen,57.52032008234976
2025-10-12 14:00:00+00:00,backan_backancity,53.90082735638213
2025-10-12 15:00:00+00:00,bacgiang_bacgiangcity,111.38897460039152
2025-10-12 16:00:00+00:00,angiang_longxuyen,57.046377605690665
2025-10-12 17:00:00+00:00,bacgiang_bacgiangcity,111.56403571584804
2025-10-12 18:00:00+00:00,angiang_longxuyen,56.63338042813699
2025-10-12 19:00:00+00:00,backan_backancity,53.955240069284
2025-10-12 20:00:00+00:00,backan_backancity,54.07889532657911
2025-10-12 21:00:00+00:00,bacgiang_bacgiangcity,111.72271634748778
2025-10-12 22:00:00+00:00,angiang_longxuyen,56.32129401301454
2025-10-12 23:00:00+00:00,bacgiang_bacgiangcity,111.90764747857449
2025-10-13 00:00:00+00:00,angiang_longxuyen,56.00969060756013
2025-10-13 01:00:00+00:00,backan_backancity,54.33953882091712
2025-10-13 02:00:00+00:00,backan_backancity,54.79571036761107
2025-10-13 03:00:00+00:00,bacgiang_bacgiangcity,111.99767797000545
2025-10-13 04:00:00+00:00,angiang_longxuyen,55.90936328254973
2025-10-13 05:00:00+00:00,angiang_longxuyen,55.82370319171668
2025-10-13 06:00:00+00:00,backan_backancity,55.34035876448938
2025-10-13 07:00:00+00:00,bacgiang_bacgiangcity,111.71889829953005
2025-10-13 08:00:00+00:00,angiang_longxuyen,55.761753615083634
2025-10-13 09:00:00+00:00,backan_backancity,56.00507571320696
2025-10-13 10:00:00+00:00,bacgiang_bacgiangcity,110.9502332466444
2025-10-13 11:00:00+00:00,backan_backancity,56.85409193506678
2025-10-13 12:00:00+00:00,bacgiang_bacgiangcity,109.83278529844137
2025-10-13 13:00:00+00:00,angiang_longxuyen,55.92282060141999
2025-10-13 14:00:00+00:00,bacgiang_bacgiangcity,108.51698685958077
2025-10-13 15:00:00+00:00,angiang_longxuyen,56.488888803280496
2025-10-13 16:00:00+00:00,backan_backancity,57.90615394391797
2025-10-13 17:00:00+00:00,bacgiang_bacgiangcity,107.20095438818917
2025-10-13 18:00:00+00:00,angiang_longxuyen,57.63088625586806
2025-10-13 19:00:00+00:00,backan_backancity,59.270828418025125
2025-10-13 20:00:00+00:00,angiang_longxuyen,59.236353005183716
2025-10-13 21:00:00+00:00,backan_backancity,60.89022593133121
2025-10-13 22:00:00+00:00,bacgiang_bacgiangcity,106.17748888304519
2025-10-13 23:00:00+00:00,bacgiang_bacgiangcity,105.60640504721985
2025-10-14 00:00:00+00:00,angiang_longxuyen,61.043440423856275
2025-10-14 01:00:00+00:00,backan_backancity,62.657668299032025
2025-10-14 02:00:00+00:00,backan_backancity,64.24545976386136
2025-10-14 03:00:00+00:00,bacgiang_bacgiangcity,105.40785938000707
2025-10-14 04:00:00+00:00,angiang_longxuyen,62.7356767515593
2025-10-14 05:00:00+00:00,backan_backancity,65.33427354794992
2025-10-14 06:00:00+00:00,bacgiang_bacgiangcity,105.3204724399431
2025-10-14 07:00:00+00:00,angiang_longxuyen,63.999670012384414
2025-10-14 08:00:00+00:00,bacgiang_bacgiangcity,105.1335329032472
2025-10-14 09:00:00+00:00,angiang_longxuyen,64.54367758455462
2025-10-14 10:00:00+00:00,backan_backancity,65.91182398954302
2025-10-14 11:00:00+00:00,angiang_longxuyen,64.34386939702138
2025-10-14 12:00:00+00:00,backan_backancity,65.83094856378804
2025-10-14 13:00:00+00:00,bacgiang_bacgiangcity,104.89680436532016
2025-10-14 14:00:00+00:00,backan_backancity,65.30148149553577
2025-10-14 15:00:00+00:00,angiang_longxuyen,63.79092375485526
2025-10-14 16:00:00+00:00,bacgiang_bacgiangcity,104.35032488058363
2025-10-14 17:00:00+00:00,backan_backancity,64.67229684220058
2025-10-14 18:00:00+00:00,bacgiang_bacgiangcity,103.53815667722425
2025-10-14 19:00:00+00:00,angiang_longxuyen,63.349055989519144
2025-10-14 20:00:00+00:00,angiang_longxuyen,63.15551258084876
2025-10-14 21:00:00+00:00,backan_backancity,63.96604106203058
2025-10-14 22:00:00+00:00,bacgiang_bacgiangcity,102.44296154634553
2025-10-14 23:00:00+00:00,angiang_longxuyen,63.27857005390122
2025-10-15 00:00:00+00:00,backan_backancity,63.37424422636693
2025-10-15 01:00:00+00:00,bacgiang_bacgiangcity,101.49396023095422
2025-10-15 02:00:00+00:00,backan_backancity,62.89792974183305
2025-10-15 03:00:00+00:00,bacgiang_bacgiangcity,100.7520711298648
2025-10-15 04:00:00+00:00,angiang_longxuyen,63.6757092110662
2025-10-15 05:00:00+00:00,angiang_longxuyen,64.28023167768711
2025-10-15 06:00:00+00:00,backan_backancity,62.55853176023295
2025-10-15 07:00:00+00:00,bacgiang_bacgiangcity,100.09509369373666
2025-10-15 08:00:00+00:00,bacgiang_bacgiangcity,99.63149109112247
2025-10-15 09:00:00+00:00,angiang_longxuyen,64.96888390747992
2025-10-15 10:00:00+00:00,backan_backancity,62.31265592782508
2025-10-15 11:00:00+00:00,bacgiang_bacgiangcity,99.45609641205856
2025-10-15 12:00:00+00:00,backan_backancity,62.13782077481228
2025-10-15 13:00:00+00:00,angiang_longxuyen,65.69865891089228
2025-10-15 14:00:00+00:00,bacgiang_bacgiangcity,99.47310456933009
2025-10-15 15:00:00+00:00,angiang_longxuyen,66.47849236678313
2025-10-15 16:00:00+00:00,backan_backancity,62.052261111732
2025-10-15 17:00:00+00:00,bacgiang_bacgiangcity,99.95550330188554
2025-10-15 18:00:00+00:00,backan_backancity,62.07344658529109
2025-10-15 19:00:00+00:00,angiang_longxuyen,67.20969727010387
2025-10-15 20:00:00+00:00,angiang_longxuyen,68.00224201013017
2025-10-15 21:00:00+00:00,backan_backancity,62.30943267518877
2025-10-15 22:00:00+00:00,bacgiang_bacgiangcity,100.76696910875982
2025-10-15 23:00:00+00:00,bacgiang_bacgiangcity,101.98622090905258
2025-10-16 00:00:00+00:00,backan_backancity,62.67796905191201
2025-10-16 01:00:00+00:00,angiang_longxuyen,68.79425113547508
2025-10-16 02:00:00+00:00,backan_backancity,63.11021009980468
2025-10-16 03:00:00+00:00,angiang_longxuyen,69.79388029283601
2025-10-16 04:00:00+00:00,bacgiang_bacgiangcity,103.22353177131544
2025-10-16 05:00:00+00:00,angiang_longxuyen,70.90099105702322
2025-10-16 06:00:00+00:00,bacgiang_bacgiangcity,104.29214612695314
2025-10-16 07:00:00+00:00,backan_backancity,63.262463355267585
2025-10-16 08:00:00+00:00,backan_backancity,63.07101936485734
2025-10-16 09:00:00+00:00,bacgiang_bacgiangcity,105.04816938812154
2025-10-16 10:00:00+00:00,angiang_longxuyen,72.00347736230941
2025-10-16 11:00:00+00:00,bacgiang_bacgiangcity,105.21483200858414
2025-10-16 12:00:00+00:00,angiang_longxuyen,73.01615495411863
2025-10-16 13:00:00+00:00,backan_backancity,62.77747382580454
2025-10-16 14:00:00+00:00,angiang_longxuyen,74.00582024372326
2025-10-16 15:00:00+00:00,bacgiang_bacgiangcity,104.75201093414417
2025-10-16 16:00:00+00:00,backan_backancity,62.6652864614202
2025-10-16 17:00:00+00:00,bacgiang_bacgiangcity,103.92078402411495
2025-10-16 18:00:00+00:00,angiang_longxuyen,75.01962884331957
2025-10-16 19:00:00+00:00,backan_backancity,62.84708460529124
2025-10-16 20:00:00+00:00,backan_backancity,63.33412573027502
2025-10-16 21:00:00+00:00,bacgiang_bacgiangcity,103.17819671103014
2025-10-16 22:00:00+00:00,angiang_longxuyen,76.14308063756354
2025-10-16 23:00:00+00:00,angiang_longxuyen,77.50040953889716
2025-10-17 00:00:00+00:00,backan_backancity,64.04878396575955
2025-10-17 01:00:00+00:00,bacgiang_bacgiangcity,102.85489108124186
2025-10-17 02:00:00+00:00,angiang_longxuyen,78.97623601508042
2025-10-17 03:00:00+00:00,bacgiang_bacgiangcity,102.87965997244343
2025-10-17 04:00:00+00:00,backan_backancity,64.6966960038481
2025-10-17 05:00:00+00:00,backan_backancity,64.81305829338302
2025-10-17 06:00:00+00:00,angiang_longxuyen,80.20538562797064
2025-10-17 07:00:00+00:00,bacgiang_bacgiangcity,103.06230906218387
2025-10-17 08:00:00+00:00,bacgiang_bacgiangcity,104.53635204907921
2025-10-17 09:00:00+00:00,angiang_longxuyen,80.75819258419247
2025-10-17 10:00:00+00:00,backan_backancity,64.47937034686859
2025-10-17 11:00:00+00:00,bacgiang_bacgiangcity,108.16968079023482
2025-10-17 12:00:00+00:00,angiang_longxuyen,80.5878862446019
2025-10-17 13:00:00+00:00,backan_backancity,63.577844757135466
2025-10-17 14:00:00+00:00,angiang_longxuyen,79.84191128821406
2025-10-17 15:00:00+00:00,backan_backancity,62.08104083630956
2025-10-17 16:00:00+00:00,bacgiang_bacgiangcity,113.27083765440717
2025-10-17 17:00:00+00:00,angiang_longxuyen,78.79155416002288
2025-10-17 18:00:00+00:00,backan_backancity,60.58826359014207
2025-10-17 19:00:00+00:00,bacgiang_bacgiangcity,119.23904200544217
2025-10-17 20:00:00+00:00,bacgiang_bacgiangcity,125.57021795968568
2025-10-17 21:00:00+00:00,angiang_longxuyen,77.61798413487615
2025-10-17 22:00:00+00:00,backan_backancity,59.188147683857395
2025-10-17 23:00:00+00:00,backan_backancity,58.04054540621085
2025-10-18 00:00:00+00:00,bacgiang_bacgiangcity,131.89290537768375
2025-10-18 01:00:00+00:00,angiang_longxuyen,76.29785176025644
2025-10-18 02:00:00+00:00,angiang_longxuyen,74.89271207519663
2025-10-18 03:00:00+00:00,bacgiang_bacgiangcity,137.79429598170333
2025-10-18 04:00:00+00:00,backan_backancity,57.07830406652147
2025-10-18 05:00:00+00:00,bacgiang_bacgiangcity,143.07845283496655
2025-10-18 06:00:00+00:00,angiang_longxuyen,73.57946139277814
2025-10-18 07:00:00+00:00,backan_backancity,56.28957318996319
2025-10-18 08:00:00+00:00,bacgiang_bacgiangcity,147.59293378218982
2025-10-18 09:00:00+00:00,angiang_longxuyen,72.38892864196232
2025-10-18 10:00:00+00:00,backan_backancity,55.689168261205566
2025-10-18 11:00:00+00:00,angiang_longxuyen,71.31242921327211
2025-10-18 12:00:00+00:00,backan_backancity,55.144132500138035
2025-10-18 13:00:00+00:00,bacgiang_bacgiangcity,151.04987701689936
2025-10-18 14:00:00+00:00,bacgiang_bacgiangcity,153.520098451615
2025-10-18 15:00:00+00:00,angiang_longxuyen,70.34657247448325
2025-10-18 16:00:00+00:00,backan_backancity,54.687511419693614
2025-10-18 17:00:00+00:00,bacgiang_bacgiangcity,155.43199896825473
2025-10-18 18:00:00+00:00,angiang_longxuyen,69.56455112826434
2025-10-18 19:00:00+00:00,backan_backancity,54.42572017960974
2025-10-18 20:00:00+00:00,bacgiang_bacgiangcity,157.02494094211863
2025-10-18 21:00:00+00:00,backan_backancity,54.44898116005927
2025-10-18 22:00:00+00:00,angiang_longxuyen,68.98097263036848
2025-10-18 23:00:00+00:00,angiang_longxuyen,68.56161741961012
2025-10-19 00:00:00+00:00,backan_backancity,54.79908665301349
2025-10-19 01:00:00+00:00,bacgiang_bacgiangcity,158.49349118850049
2025-10-19 02:00:00+00:00,backan_backancity,55.06240822075852
2025-10-19 03:00:00+00:00,bacgiang_bacgiangcity,159.7996927991298
2025-10-19 04:00:00+00:00,angiang_longxuyen,67.8701245190963
2025-10-19 05:00:00+00:00,backan_backancity,54.94635199675582
2025-10-19 06:00:00+00:00,bacgiang_bacgiangcity,160.690247852442
2025-10-19 07:00:00+00:00,angiang_longxuyen,67.19390620155035
2025-10-19 08:00:00+00:00,backan_backancity,54.43381178711809
2025-10-19 09:00:00+00:00,bacgiang_bacgiangcity,160.86440870482912
2025-10-19 10:00:00+00:00,angiang_longxuyen,66.53318006043662
2025-10-19 11:00:00+00:00,backan_backancity,54.10013340515155
2025-10-19 12:00:00+00:00,bacgiang_bacgiangcity,160.32828710238778
2025-10-19 13:00:00+00:00,angiang_longxuyen,66.09985821863324
2025-10-19 14:00:00+00:00,bacgiang_bacgiangcity,159.40124329890494
2025-10-19 15:00:00+00:00,angiang_longxuyen,65.99220684108204
2025-10-19 16:00:00+00:00,backan_backancity,54.44037784923922
2025-10-19 17:00:00+00:00,bacgiang_bacgiangcity,158.40936620760255
2025-10-19 18:00:00+00:00,angiang_longxuyen,66.2771251579451
2025-10-19 19:00:00+00:00,backan_backancity,55.60668838254336
2025-10-19 20:00:00+00:00,bacgiang_bacgiangcity,157.76368749144447
2025-10-19 21:00:00+00:00,backan_backancity,57.6449222298852
2025-10-19 22:00:00+00:00,angiang_longxuyen,67.01855217181495
2025-10-19 23:00:00+00:00,angiang_longxuyen,68.1781220899991
2025-10-20 00:00:00+00:00,backan_backancity,60.568665831531426
2025-10-20 01:00:00+00:00,bacgiang_bacgiangcity,157.67724310768511
2025-10-20 02:00:00+00:00,backan_backancity,64.02298359784729
2025-10-20 03:00:00+00:00,bacgiang_bacgiangcity,158.086648797509
2025-10-20 04:00:00+00:00,angiang_longxuyen,69.50887111276808
2025-10-20 05:00:00+00:00,bacgiang_bacgiangcity,158.72715309326279
2025-10-20 06:00:00+00:00,angiang_longxuyen,70.64334843958326
2025-10-20 07:00:00+00:00,backan_backancity,67.59034236444599
2025-10-20 08:00:00+00:00,bacgiang_bacgiangcity,160.24474555891067
2025-10-20 09:00:00+00:00,angiang_longxuyen,71.02278361861826
2025-10-20 10:00:00+00:00,backan_backancity,70.99498904247258
2025-10-20 11:00:00+00:00,bacgiang_bacgiangcity,162.37872053055338
2025-10-20 12:00:00+00:00,angiang_longxuyen,70.20935947056512
2025-10-20 13:00:00+00:00,backan_backancity,73.12815102754533
2025-10-20 14:00:00+00:00,bacgiang_bacgiangcity,164.5263967170374
2025-10-20 15:00:00+00:00,angiang_longxuyen,68.62032461451109
2025-10-20 16:00:00+00:00,backan_backancity,73.34718156518483
2025-10-20 17:00:00+00:00,angiang_longxuyen,66.80122173256152
2025-10-20 18:00:00+00:00,backan_backancity,72.39701546719672
2025-10-20 19:00:00+00:00,bacgiang_bacgiangcity,166.19959002990694
2025-10-20 20:00:00+00:00,backan_backancity,71.2457332297525
2025-10-20 21:00:00+00:00,bacgiang_bacgiangcity,167.38887938949807
2025-10-20 22:00:00+00:00,angiang_longxuyen,65.34088743281046
2025-10-20 23:00:00+00:00,backan_backancity,70.96893521404145
2025-10-21 00:00:00+00:00,bacgiang_bacgiangcity,168.13285296424158
2025-10-21 01:00:00+00:00,angiang_longxuyen,64.1849639985064
2025-10-21 02:00:00+00:00,backan_backancity,72.06779655568027
2025-10-21 03:00:00+00:00,bacgiang_bacgiangcity,168.26897560970113
2025-10-21 04:00:00+00:00,angiang_longxuyen,63.49637393827483
2025-10-21 05:00:00+00:00,backan_backancity,74.34672225047784
2025-10-21 06:00:00+00:00,angiang_longxuyen,63.29919121913526
2025-10-21 07:00:00+00:00,bacgiang_bacgiangcity,167.7869797837252
2025-10-21 08:00:00+00:00,angiang_longxuyen,63.43206670058881
2025-10-21 09:00:00+00:00,backan_backancity,77.48803540507456
2025-10-21 10:00:00+00:00,bacgiang_bacgiangcity,166.79380191391084
2025-10-21 11:00:00+00:00,angiang_longxuyen,63.847254159607516
2025-10-21 12:00:00+00:00,backan_backancity,80.91156728289457
2025-10-21 13:00:00+00:00,bacgiang_bacgiangcity,165.50924009286504
2025-10-21 14:00:00+00:00,angiang_longxuyen,64.38238583134302
2025-10-21 15:00:00+00:00,backan_backancity,84.3281074762127
2025-10-21 16:00:00+00:00,bacgiang_bacgiangcity,164.17007905023365
2025-10-21 17:00:00+00:00,angiang_longxuyen,65.04196661784786
2025-10-21 18:00:00+00:00,backan_backancity,87.62744011307679
2025-10-21 19:00:00+00:00,bacgiang_bacgiangcity,162.98291780254632
2025-10-21 20:00:00+00:00,backan_backancity,90.8190400737327
2025-10-21 21:00:00+00:00,bacgiang_bacgiangcity,162.28844076309323
2025-10-21 22:00:00+00:00,angiang_longxuyen,66.02064702420978
2025-10-21 23:00:00+00:00,bacgiang_bacgiangcity,162.2265724851172
2025-10-22 00:00:00+00:00,angiang_longxuyen,67.26535815650438
2025-10-22 01:00:00+00:00,backan_backancity,93.8696478384885
2025-10-22 02:00:00+00:00,bacgiang_bacgiangcity,162.62854173896267
2025-10-22 03:00:00+00:00,angiang_longxuyen,68.66207864829087
2025-10-22 04:00:00+00:00,backan_backancity,96.2005825557483
2025-10-22 05:00:00+00:00,bacgiang_bacgiangcity,163.16116749915307
2025-10-22 06:00:00+00:00,angiang_longxuyen,69.85288877099528
2025-10-22 07:00:00+00:00,backan_backancity,98.04558982006836
2025-10-22 08:00:00+00:00,angiang_longxuyen,70.90505120759923
2025-10-22 09:00:00+00:00,backan_backancity,99.5515942381727
2025-10-22 10:00:00+00:00,bacgiang_bacgiangcity,163.4043413467842
2025-10-22 11:00:00+00:00,backan_backancity,100.78447043803153
2025-10-22 12:00:00+00:00,bacgiang_bacgiangcity,163.02635041447942
2025-10-22 13:00:00+00:00,angiang_longxuyen,72.05582652400568
2025-10-22 14:00:00+00:00,backan_backancity,101.86875271866877
2025-10-22 15:00:00+00:00,bacgiang_bacgiangcity,162.2574181520373
2025-10-22 16:00:00+00:00,angiang_longxuyen,73.44190884741019
2025-10-22 17:00:00+00:00,backan_backancity,103.03671941321714
2025-10-22 18:00:00+00:00,bacgiang_bacgiangcity,161.5518701484106
2025-10-22 19:00:00+00:00,angiang_longxuyen,75.03931746513508
2025-10-22 20:00:00+00:00,backan_backancity,104.58000345004511
2025-10-22 21:00:00+00:00,bacgiang_bacgiangcity,161.24487207276147
2025-10-22 22:00:00+00:00,angiang_longxuyen,76.95310697998154
2025-10-22 23:00:00+00:00,bacgiang_bacgiangcity,161.540956999277
2025-10-23 00:00:00+00:00,angiang_longxuyen,78.94465866024731
2025-10-23 01:00:00+00:00,backan_backancity,106.51275296243834
2025-10-23 02:00:00+00:00,angiang_longxuyen,80.87866045590584
2025-10-23 03:00:00+00:00,backan_backancity,108.66812524743115
2025-10-23 04:00:00+00:00,bacgiang_bacgiangcity,162.29766098725167
2025-10-23 05:00:00+00:00,angiang_longxuyen,83.14239286639253
2025-10-23 06:00:00+00:00,backan_backancity,110.970808980276
2025-10-23 07:00:00+00:00,bacgiang_bacgiangcity,163.27588946872618
2025-10-23 08:00:00+00:00,angiang_longxuyen,84.81954590208531
2025-10-23 09:00:00+00:00,backan_backancity,112.61810867089144
2025-10-23 10:00:00+00:00,bacgiang_bacgiangcity,164.89488048874728
2025-10-23 11:00:00+00:00,angiang_longxuyen,85.25194476501804
2025-10-23 12:00:00+00:00,bacgiang_bacgiangcity,166.78027286093146
2025-10-23 13:00:00+00:00,backan_backancity,113.13469946655731
2025-10-23 14:00:00+00:00,bacgiang_bacgiangcity,168.2598749423912
2025-10-23 15:00:00+00:00,angiang_longxuyen,85.68616567432233
2025-10-23 16:00:00+00:00,backan_backancity,112.1568703049569
2025-10-23 17:00:00+00:00,bacgiang_bacgiangcity,169.0696908647558
2025-10-23 18:00:00+00:00,angiang_longxuyen,86.86087507623553
2025-10-23 19:00:00+00:00,backan_backancity,110.63654686199652
2025-10-23 20:00:00+00:00,bacgiang_bacgiangcity,169.17176371975472
2025-10-23 21:00:00+00:00,angiang_longxuyen,89.23418372953472
2025-10-23 22:00:00+00:00,backan_backancity,109.22233340991772
2025-10-23 23:00:00+00:00,angiang_longxuyen,92.25499194979503
2025-10-24 00:00:00+00:00,backan_backancity,108.0887261580677
2025-10-24 01:00:00+00:00,bacgiang_bacgiangcity,168.78526990438263
2025-10-24 02:00:00+00:00,backan_backancity,107.26922882100146
2025-10-24 03:00:00+00:00,bacgiang_bacgiangcity,168.12342710230365
2025-10-24 04:00:00+00:00,angiang_longxuyen,95.29448570991171
2025-10-24 05:00:00+00:00,backan_backancity,106.50824596814098
2025-10-24 06:00:00+00:00,bacgiang_bacgiangcity,167.3184221475238
2025-10-24 07:00:00+00:00,angiang_longxuyen,97.80037932152253
2025-10-24 08:00:00+00:00,backan_backancity,105.52932663488957
2025-10-24 09:00:00+00:00,bacgiang_bacgiangcity,166.3254881736804
2025-10-24 10:00:00+00:00,angiang_longxuyen,99.64904801432874
2025-10-24 11:00:00+00:00,backan_backancity,104.27774371119526
2025-10-24 12:00:00+00:00,angiang_longxuyen,100.83543453363762
2025-10-24 13:00:00+00:00,bacgiang_bacgiangcity,165.29746665593117
2025-10-24 14:00:00+00:00,angiang_longxuyen,101.63454683024568
2025-10-24 15:00:00+00:00,backan_backancity,102.78212131092494
2025-10-24 16:00:00+00:00,bacgiang_bacgiangcity,164.40876712490808
2025-10-24 17:00:00+00:00,angiang_longxuyen,102.01505204307502
2025-10-24 18:00:00+00:00,backan_backancity,101.13065685749103
2025-10-24 19:00:00+00:00,bacgiang_bacgiangcity,163.54943075588335
2025-10-24 20:00:00+00:00,angiang_longxuyen,102.27390876031177
2025-10-24 21:00:00+00:00,backan_backancity,99.51914292277685
2025-10-24 22:00:00+00:00,bacgiang_bacgiangcity,162.80168874927426
2025-10-24 23:00:00+00:00,angiang_longxuyen,102.57057054862145
2025-10-25 00:00:00+00:00,backan_backancity,98.0909030612288
2025-10-25 01:00:00+00:00,bacgiang_bacgiangcity,162.2640272546239
2025-10-25 02:00:00+00:00,backan_backancity,96.93268712435422
2025-10-25 03:00:00+00:00,bacgiang_bacgiangcity,161.6909530214397
2025-10-25 04:00:00+00:00,angiang_longxuyen,102.91180492341492
2025-10-25 05:00:00+00:00,bacgiang_bacgiangcity,161.31028401572786
2025-10-25 06:00:00+00:00,angiang_longxuyen,102.71729908211388
2025-10-25 07:00:00+00:00,backan_backancity,95.93077084448096
2025-10-25 08:00:00+00:00,bacgiang_bacgiangcity,160.9438853154563
2025-10-25 09:00:00+00:00,angiang_longxuyen,101.88929975865673
2025-10-25 10:00:00+00:00,backan_backancity,95.00953869940501
2025-10-25 11:00:00+00:00,bacgiang_bacgiangcity,160.4988995075106
2025-10-25 12:00:00+00:00,angiang_longxuyen,100.97776845627033
2025-10-25 13:00:00+00:00,backan_backancity,94.13234412391573
2025-10-25 14:00:00+00:00,bacgiang_bacgiangcity,159.98372904720526
2025-10-25 15:00:00+00:00,backan_backancity,93.32912654402136
2025-10-25 16:00:00+00:00,angiang_longxuyen,100.34100897990454
2025-10-25 17:00:00+00:00,backan_backancity,92.41935631401377
2025-10-25 18:00:00+00:00,bacgiang_bacgiangcity,159.36517060656718
2025-10-25 19:00:00+00:00,angiang_longxuyen,100.31295436761332
2025-10-25 20:00:00+00:00,backan_backancity,91.49514361670404
2025-10-25 21:00:00+00:00,bacgiang_bacgiangcity,158.78542510123512
2025-10-25 22:00:00+00:00,angiang_longxuyen,101.30319502455148
2025-10-25 23:00:00+00:00,backan_backancity,90.7008150884977
2025-10-26 00:00:00+00:00,bacgiang_bacgiangcity,158.4520623493487
2025-10-26 01:00:00+00:00,angiang_longxuyen,103.2338653686258
2025-10-26 02:00:00+00:00,bacgiang_bacgiangcity,158.33182163564754
2025-10-26 03:00:00+00:00,angiang_longxuyen,107.01709276783558
2025-10-26 04:00:00+00:00,backan_backancity,90.1355024859199
2025-10-26 05:00:00+00:00,angiang_longxuyen,112.05350862713087
2025-10-26 06:00:00+00:00,backan_backancity,89.79577691855484
2025-10-26 07:00:00+00:00,bacgiang_bacgiangcity,158.32650374702504
2025-10-26 08:00:00+00:00,angiang_longxuyen,116.17330073479974
2025-10-26 09:00:00+00:00,backan_backancity,89.43010751505929
2025-10-26 10:00:00+00:00,bacgiang_bacgiangcity,158.57119357549553
2025-10-26 11:00:00+00:00,angiang_longxuyen,116.87783728748792
2025-10-26 12:00:00+00:00,backan_backancity,88.9076321313089
2025-10-26 13:00:00+00:00,bacgiang_bacgiangcity,159.2193638563769
2025-10-26 14:00:00+00:00,backan_backancity,88.85670808724707
2025-10-26 15:00:00+00:00,bacgiang_bacgiangcity,159.6828618467486
2025-10-26 16:00:00+00:00,angiang_longxuyen,112.87588997427571
2025-10-26 17:00:00+00:00,bacgiang_bacgiangcity,159.6800785633149
2025-10-26 18:00:00+00:00,angiang_longxuyen,106.32241278063213
2025-10-26 19:00:00+00:00,backan_backancity,89.19721914310696
2025-10-26 20:00:00+00:00,bacgiang_bacgiangcity,159.41472931141885
2025-10-26 21:00:00+00:00,angiang_longxuyen,99.76866464128058
2025-10-26 22:00:00+00:00,backan_backancity,89.98839017494367
2025-10-26 23:00:00+00:00,bacgiang_bacgiangcity,159.02581566543256
2025-10-27 00:00:00+00:00,angiang_longxuyen,94.4399794375675
2025-10-27 01:00:00+00:00,backan_backancity,91.18675389933806
2025-10-27 02:00:00+00:00,bacgiang_bacgiangcity,158.56633478517136
2025-10-27 03:00:00+00:00,angiang_longxuyen,90.59592786528447
2025-10-27 04:00:00+00:00,backan_backancity,92.79235455232406
2025-10-27 05:00:00+00:00,angiang_longxuyen,87.83211785105055
2025-10-27 06:00:00+00:00,backan_backancity,94.68736646854077
2025-10-27 07:00:00+00:00,bacgiang_bacgiangcity,158.0425418849502
2025-10-27 08:00:00+00:00,backan_backancity,96.9627443138583
2025-10-27 09:00:00+00:00,bacgiang_bacgiangcity,157.48213589543596
2025-10-27 10:00:00+00:00,angiang_longxuyen,85.68443688229262
2025-10-27 11:00:00+00:00,backan_backancity,99.52071270419802
2025-10-27 12:00:00+00:00,bacgiang_bacgiangcity,156.8382218383622
2025-10-27 13:00:00+00:00,angiang_longxuyen,83.98518734985497
2025-10-27 14:00:00+00:00,backan_backancity,102.34433760753453
2025-10-27 15:00:00+00:00,bacgiang_bacgiangcity,156.2629047186996
2025-10-27 16:00:00+00:00,angiang_longxuyen,82.45520640356267
2025-10-27 17:00:00+00:00,backan_backancity,105.40182116137218
2025-10-27 18:00:00+00:00,angiang_longxuyen,81.10704512137413
2025-10-27 19:00:00+00:00,bacgiang_bacgiangcity,155.94904407994497
2025-10-27 20:00:00+00:00,angiang_longxuyen,79.96518396359389
2025-10-27 21:00:00+00:00,backan_backancity,108.72313992906535
2025-10-27 22:00:00+00:00,bacgiang_bacgiangcity,155.82000876446614
2025-10-27 23:00:00+00:00,angiang_longxuyen,79.06174546428431
2025-10-28 00:00:00+00:00,backan_backancity,112.21529415012687
2025-10-28 01:00:00+00:00,bacgiang_bacgiangcity,155.88218789024836
2025-10-28 02:00:00+00:00,angiang_longxuyen,78.38454678058045
2025-10-28 03:00:00+00:00,backan_backancity,115.3513456078199
2025-10-28 04:00:00+00:00,bacgiang_bacgiangcity,156.44134092399003
2025-10-28 05:00:00+00:00,backan_backancity,117.53039530471024
2025-10-28 06:00:00+00:00,bacgiang_bacgiangcity,156.78394302913065
2025-10-28 07:00:00+00:00,angiang_longxuyen,77.47442744457514
2025-10-28 08:00:00+00:00,bacgiang_bacgiangcity,156.5267714656739
2025-10-28 09:00:00+00:00,angiang_longxuyen,76.43477065432718
2025-10-28 10:00:00+00:00,backan_backancity,118.46820281126604
2025-10-28 11:00:00+00:00,bacgiang_bacgiangcity,155.3841427529261
2025-10-28 12:00:00+00:00,angiang_longxuyen,75.58376500650786
2025-10-28 13:00:00+00:00,backan_backancity,118.44529452351968
2025-10-28 14:00:00+00:00,bacgiang_bacgiangcity,153.88305391464897
2025-10-28 15:00:00+00:00,angiang_longxuyen,75.38700312747511
2025-10-28 16:00:00+00:00,backan_backancity,117.68951949225803
2025-10-28 17:00:00+00:00,bacgiang_bacgiangcity,152.47446381894065
2025-10-28 18:00:00+00:00,backan_backancity,116.81855861085097
2025-10-28 19:00:00+00:00,angiang_longxuyen,76.14018018841826
2025-10-28 20:00:00+00:00,backan_backancity,116.20405434294648
2025-10-28 21:00:00+00:00,angiang_longxuyen,77.88218803216331
2025-10-28 22:00:00+00:00,bacgiang_bacgiangcity,151.54678875529757
2025-10-28 23:00:00+00:00,angiang_longxuyen,80.49379500481069
2025-10-29 00:00:00+00:00,backan_backancity,116.18259986647821
2025-10-29 01:00:00+00:00,bacgiang_bacgiangcity,151.32839186895526
2025-10-29 02:00:00+00:00,bacgiang_bacgiangcity,151.75256043843535
2025-10-29 03:00:00+00:00,backan_backancity,117.01954562891069
2025-10-29 04:00:00+00:00,angiang_longxuyen,83.41602979902851
2025-10-29 05:00:00+00:00,bacgiang_bacgiangcity,152.5470826487363
2025-10-29 06:00:00+00:00,angiang_longxuyen,86.59753557496322
2025-10-29 07:00:00+00:00,backan_backancity,118.41109887370382
2025-10-29 08:00:00+00:00,angiang_longxuyen,88.96713318368411
2025-10-29 09:00:00+00:00,backan_backancity,119.93492025115998
2025-10-29 10:00:00+00:00,bacgiang_bacgiangcity,153.99770415011298
2025-10-29 11:00:00+00:00,angiang_longxuyen,89.75279384037219
2025-10-29 12:00:00+00:00,backan_backancity,121.28112199660114
2025-10-29 13:00:00+00:00,bacgiang_bacgiangcity,156.138881226311
2025-10-29 14:00:00+00:00,bacgiang_bacgiangcity,158.78193882353207
2025-10-29 15:00:00+00:00,angiang_longxuyen,89.28102968949328
2025-10-29 16:00:00+00:00,backan_backancity,122.44727112815977
2025-10-29 17:00:00+00:00,bacgiang_bacgiangcity,161.4210749561214
2025-10-29 18:00:00+00:00,angiang_longxuyen,88.3075834819599
2025-10-29 19:00:00+00:00,backan_backancity,123.33986462573941
2025-10-29 20:00:00+00:00,bacgiang_bacgiangcity,163.88096189685032
2025-10-29 21:00:00+00:00,angiang_longxuyen,87.52784686711635
2025-10-29 22:00:00+00:00,backan_backancity,124.0825708978885
2025-10-29 23:00:00+00:00,angiang_longxuyen,87.25068181188031
2025-10-30 00:00:00+00:00,bacgiang_bacgiangcity,165.9730776246866
2025-10-30 01:00:00+00:00,backan_backancity,124.85212605151145
2025-10-30 02:00:00+00:00,angiang_longxuyen,87.54875616435534
2025-10-30 03:00:00+00:00,bacgiang_bacgiangcity,167.73523557968247
2025-10-30 04:00:00+00:00,backan_backancity,125.55338435541299
2025-10-30 05:00:00+00:00,backan_backancity,126.01897219949699
2025-10-30 06:00:00+00:00,angiang_longxuyen,88.36172838752105
2025-10-30 07:00:00+00:00,bacgiang_bacgiangcity,169.18388200192146
2025-10-30 08:00:00+00:00,angiang_longxuyen,89.65504655215302
2025-10-30 09:00:00+00:00,backan_backancity,126.15623063501755
2025-10-30 10:00:00+00:00,bacgiang_bacgiangcity,170.29094016109534
2025-10-30 11:00:00+00:00,backan_backancity,125.83801095356563
2025-10-30 12:00:00+00:00,bacgiang_bacgiangcity,171.00137564868987
2025-10-30 13:00:00+00:00,angiang_longxuyen,91.8096092131122
2025-10-30 14:00:00+00:00,angiang_longxuyen,94.90448290103535
2025-10-30 15:00:00+00:00,bacgiang_bacgiangcity,171.31619274223272
2025-10-30 16:00:00+00:00,backan_backancity,125.02758529127354
2025-10-30 17:00:00+00:00,backan_backancity,123.69331412374694
2025-10-30 18:00:00+00:00,angiang_longxuyen,98.99840051554588
2025-10-30 19:00:00+00:00,bacgiang_bacgiangcity,171.30907671860834
2025-10-30 20:00:00+00:00,bacgiang_bacgiangcity,171.0647312138616
2025-10-30 21:00:00+00:00,backan_backancity,121.92630096513236
2025-10-30 22:00:00+00:00,angiang_longxuyen,103.90518932768514
2025-10-30 23:00:00+00:00,bacgiang_bacgiangcity,170.63278666695328
2025-10-31 00:00:00+00:00,backan_backancity,119.81618834488724
2025-10-31 01:00:00+00:00,angiang_longxuyen,110.87646637221077
2025-10-31 02:00:00+00:00,backan_backancity,117.13740596575767
2025-10-31 03:00:00+00:00,angiang_longxuyen,116.98145720810678
2025-10-31 04:00:00+00:00,bacgiang_bacgiangcity,170.33619003712607
2025-10-31 05:00:00+00:00,angiang_longxuyen,122.44134708631523
2025-10-31 06:00:00+00:00,bacgiang_bacgiangcity,169.60567856352677
2025-10-31 07:00:00+00:00,backan_backancity,114.61197497174471
2025-10-31 08:00:00+00:00,angiang_longxuyen,126.70385838856117
2025-10-31 09:00:00+00:00,bacgiang_bacgiangcity,168.5843187533775
2025-10-31 10:00:00+00:00,backan_backancity,112.9734005399348
2025-10-31 11:00:00+00:00,angiang_longxuyen,129.9494203328
2025-10-31 12:00:00+00:00,bacgiang_bacgiangcity,167.7684771658471
2025-10-31 13:00:00+00:00,backan_backancity,112.48728538274287
2025-10-31 14:00:00+00:00,angiang_longxuyen,132.47093165553397
2025-10-31 15:00:00+00:00,bacgiang_bacgiangcity,167.31130612389944
2025-10-31 16:00:00+00:00,backan_backancity,113.2516571491979
2025-10-31 17:00:00+00:00,angiang_longxuyen,134.7102601220992
2025-10-31 18:00:00+00:00,bacgiang_bacgiangcity,167.3218653847614
2025-10-31 19:00:00+00:00,backan_backancity,114.9946118831833
2025-10-31 20:00:00+00:00,angiang_longxuyen,136.85460067250926
2025-10-31 21:00:00+00:00,bacgiang_bacgiangcity,167.58261887140006
2025-10-31 22:00:00+00:00,backan_backancity,117.3750766116511
2025-10-31 23:00:00+00:00,angiang_longxuyen,138.87731364977526
2025-11-01 00:00:00+00:00,bacgiang_bacgiangcity,167.9745166563256
2025-11-01 01:00:00+00:00,backan_backancity,120.3757478719139
2025-11-01 02:00:00+00:00,backan_backancity,123.85086494316812
2025-11-01 03:00:00+00:00,angiang_longxuyen,140.35437156149834
2025-11-01 04:00:00+00:00,bacgiang_bacgiangcity,168.30995969737637
2025-11-01 05:00:00+00:00,bacgiang_bacgiangcity,168.48568913561616
2025-11-01 06:00:00+00:00,angiang_longxuyen,141.3070674824013
2025-11-01 07:00:00+00:00,backan_backancity,127.36070849664564
2025-11-01 08:00:00+00:00,angiang_longxuyen,141.53663576067
2025-11-01 09:00:00+00:00,bacgiang_bacgiangcity,168.58529433726147
2025-11-01 10:00:00+00:00,backan_backancity,130.60802553542084
2025-11-01 11:00:00+00:00,bacgiang_bacgiangcity,168.53107291531722
2025-11-01 12:00:00+00:00,angiang_longxuyen,140.87107474060184
2025-11-01 13:00:00+00:00,backan_backancity,133.3778396945878
2025-11-01 14:00:00+00:00,bacgiang_bacgiangcity,168.13753959270383
2025-11-01 15:00:00+00:00,angiang_longxuyen,139.37951219201537
2025-11-01 16:00:00+00:00,backan_backancity,135.84451985545007
2025-11-01 17:00:00+00:00,bacgiang_bacgiangcity,167.4813446561493
2025-11-01 18:00:00+00:00,backan_backancity,137.92019412547683
2025-11-01 19:00:00+00:00,angiang_longxuyen,137.88941780152885
2025-11-01 20:00:00+00:00,angiang_longxuyen,136.49246058718228
2025-11-01 21:00:00+00:00,bacgiang_bacgiangcity,166.56252636384514
2025-11-01 22:00:00+00:00,backan_backancity,139.61860675997477
2025-11-01 23:00:00+00:00,bacgiang_bacgiangcity,165.41914205181465
2025-11-02 00:00:00+00:00,backan_backancity,140.9594105137049
2025-11-02 01:00:00+00:00,angiang_longxuyen,135.19990041296998
2025-11-02 02:00:00+00:00,backan_backancity,141.95490061296982
2025-11-02 03:00:00+00:00,bacgiang_bacgiangcity,164.15404886798308
2025-11-02 04:00:00+00:00,angiang_longxuyen,133.7106859608886
2025-11-02 05:00:00+00:00,backan_backancity,142.7226994764879
2025-11-02 06:00:00+00:00,bacgiang_bacgiangcity,162.86703852267945
2025-11-02 07:00:00+00:00,angiang_longxuyen,131.51793445137275
2025-11-02 08:00:00+00:00,bacgiang_bacgiangcity,161.39598714702637
2025-11-02 09:00:00+00:00,backan_backancity,143.33546897452024
2025-11-02 10:00:00+00:00,angiang_longxuyen,128.4694978389862
2025-11-02 11:00:00+00:00,bacgiang_bacgiangcity,159.76800545199603
2025-11-02 12:00:00+00:00,angiang_longxuyen,124.606376949363
2025-11-02 13:00:00+00:00,backan_backancity,143.8397884552532
2025-11-02 14:00:00+00:00,angiang_longxuyen,120.03749046264876
2025-11-02 15:00:00+00:00,backan_backancity,144.32380718310623
2025-11-02 16:00:00+00:00,bacgiang_bacgiangcity,158.08791131782945
2025-11-02 17:00:00+00:00,angiang_longxuyen,114.87935728784997
2025-11-02 18:00:00+00:00,backan_backancity,144.87127233933583
2025-11-02 19:00:00+00:00,bacgiang_bacgiangcity,156.57435509138787
2025-11-02 20:00:00+00:00,bacgiang_bacgiangcity,155.4746520695354
2025-11-02 21:00:00+00:00,angiang_longxuyen,109.12525354780544
2025-11-02 22:00:00+00:00,backan_backancity,145.4913324139914
2025-11-02 23:00:00+00:00,angiang_longxuyen,102.10204728501398
2025-11-03 00:00:00+00:00,bacgiang_bacgiangcity,154.8745627708579
2025-11-03 01:00:00+00:00,backan_backancity,146.10378628194363
2025-11-03 02:00:00+00:00,bacgiang_bacgiangcity,154.62001189352085
2025-11-03 03:00:00+00:00,angiang_longxuyen,95.4323036714834
2025-11-03 04:00:00+00:00,backan_backancity,146.62794263498432
2025-11-03 05:00:00+00:00,angiang_longxuyen,88.98154576177411
2025-11-03 06:00:00+00:00,backan_backancity,146.93971820230058
2025-11-03 07:00:00+00:00,bacgiang_bacgiangcity,154.42155708951296
2025-11-03 08:00:00+00:00,bacgiang_bacgiangcity,154.22666507959119
2025-11-03 09:00:00+00:00,backan_backancity,147.03964859857388
2025-11-03 10:00:00+00:00,angiang_longxuyen,83.28566262025706
2025-11-03 11:00:00+00:00,backan_backancity,146.98440377000625
2025-11-03 12:00:00+00:00,angiang_longxuyen,78.2750398807401
2025-11-03 13:00:00+00:00,bacgiang_bacgiangcity,154.01564724194
2025-11-03 14:00:00+00:00,bacgiang_bacgiangcity,153.80941167822994
2025-11-03 15:00:00+00:00,backan_backancity,146.92604568110298
2025-11-03 16:00:00+00:00,angiang_longxuyen,73.92337862325259
2025-11-03 17:00:00+00:00,angiang_longxuyen,70.69928430673536
2025-11-03 18:00:00+00:00,bacgiang_bacgiangcity,153.82599182198373
2025-11-03 19:00:00+00:00,backan_backancity,146.96482514049137
2025-11-03 20:00:00+00:00,angiang_longxuyen,68.34878231786132
2025-11-03 21:00:00+00:00,backan_backancity,147.11730316282953
2025-11-03 22:00:00+00:00,bacgiang_bacgiangcity,154.08916513923657
2025-11-03 23:00:00+00:00,bacgiang_bacgiangcity,154.84302845649026
2025-11-04 00:00:00+00:00,angiang_longxuyen,66.47664640904186
2025-11-04 01:00:00+00:00,backan_backancity,147.4368499253001
2025-11-04 02:00:00+00:00,backan_backancity,147.84978493329254
2025-11-04 03:00:00+00:00,angiang_longxuyen,64.76691891439926
2025-11-04 04:00:00+00:00,bacgiang_bacgiangcity,156.0347711226132
2025-11-04 05:00:00+00:00,backan_backancity,148.29587066424472
2025-11-04 06:00:00+00:00,angiang_longxuyen,63.155775605915515
2025-11-04 07:00:00+00:00,bacgiang_bacgiangcity,157.4144715014433
2025-11-04 08:00:00+00:00,angiang_longxuyen,61.611885415865515
2025-11-04 09:00:00+00:00,bacgiang_bacgiangcity,159.13565493331183
2025-11-04 10:00:00+00:00,backan_backancity,148.8294289678536
2025-11-04 11:00:00+00:00,bacgiang_bacgiangcity,160.8909120670107
2025-11-04 12:00:00+00:00,backan_backancity,149.3796056734078
2025-11-04 13:00:00+00:00,angiang_longxuyen,60.31968630333577
2025-11-04 14:00:00+00:00,angiang_longxuyen,59.477436999102615
2025-11-04 15:00:00+00:00,bacgiang_bacgiangcity,162.0839076889062
2025-11-04 16:00:00+00:00,backan_backancity,149.17439351632115
2025-11-04 17:00:00+00:00,bacgiang_bacgiangcity,162.8023439208042
2025-11-04 18:00:00+00:00,backan_backancity,148.63818105067494
2025-11-04 19:00:00+00:00,angiang_longxuyen,59.035181869577265
2025-11-04 20:00:00+00:00,backan_backancity,147.94951925633424
2025-11-04 21:00:00+00:00,angiang_longxuyen,58.6793472124416
2025-11-04 22:00:00+00:00,bacgiang_bacgiangcity,163.07996926990705
2025-11-04 23:00:00+00:00,bacgiang_bacgiangcity,163.10582224283266
2025-11-05 00:00:00+00:00,backan_backancity,147.11364950553852
2025-11-05 01:00:00+00:00,angiang_longxuyen,58.41470095481488
2025-11-05 02:00:00+00:00,angiang_longxuyen,58.20922577266145
2025-11-05 03:00:00+00:00,bacgiang_bacgiangcity,162.98215263871575
2025-11-05 04:00:00+00:00,backan_backancity,146.3402458169615
2025-11-05 05:00:00+00:00,angiang_longxuyen,58.090596685278435
2025-11-05 06:00:00+00:00,bacgiang_bacgiangcity,162.86620162473974
2025-11-05 07:00:00+00:00,backan_backancity,145.6642737865235
2025-11-05 08:00:00+00:00,angiang_longxuyen,58.31423494386019
2025-11-05 09:00:00+00:00,backan_backancity,145.207418374656
2025-11-05 10:00:00+00:00,bacgiang_bacgiangcity,162.75444944728406
2025-11-05 11:00:00+00:00,angiang_longxuyen,59.15039641336632
2025-11-05 12:00:00+00:00,backan_backancity,144.9248314163392
2025-11-05 13:00:00+00:00,bacgiang_bacgiangcity,162.71661209586205
2025-11-05 14:00:00+00:00,backan_backancity,144.89557585550452
2025-11-05 15:00:00+00:00,bacgiang_bacgiangcity,162.77123522881732
2025-11-05 16:00:00+00:00,angiang_longxuyen,60.6056375913701
2025-11-05 17:00:00+00:00,bacgiang_bacgiangcity,162.90715701877136
2025-11-05 18:00:00+00:00,angiang_longxuyen,62.47421070610342
2025-11-05 19:00:00+00:00,backan_backancity,145.11507266485327
2025-11-05 20:00:00+00:00,backan_backancity,145.63150564547908
2025-11-05 21:00:00+00:00,angiang_longxuyen,64.54741732277655
2025-11-05 22:00:00+00:00,bacgiang_bacgiangcity,163.1860687995644
2025-11-05 23:00:00+00:00,backan_backancity,146.34738575195556
2025-11-06 00:00:00+00:00,angiang_longxuyen,66.71783083071352
2025-11-06 01:00:00+00:00,bacgiang_bacgiangcity,163.54041616950437
2025-11-06 02:00:00+00:00,angiang_longxuyen,69.34942531729774
2025-11-06 03:00:00+00:00,bacgiang_bacgiangcity,163.9624614093546
2025-11-06 04:00:00+00:00,backan_backancity,147.08760524165527
2025-11-06 05:00:00+00:00,bacgiang_bacgiangcity,164.23459192569914
2025-11-06 06:00:00+00:00,angiang_longxuyen,71.66480628634835
2025-11-06 07:00:00+00:00,backan_backancity,147.80369815932212
2025-11-06 08:00:00+00:00,bacgiang_bacgiangcity,164.2849779639426
2025-11-06 09:00:00+00:00,backan_backancity,148.39995685657283
2025-11-06 10:00:00+00:00,angiang_longxuyen,73.33519718668842
2025-11-06 11:00:00+00:00,bacgiang_bacgiangcity,164.11361474181106
2025-11-06 12:00:00+00:00,angiang_longxuyen,74.57364832239409
2025-11-06 13:00:00+00:00,backan_backancity,148.82592356105476
2025-11-06 14:00:00+00:00,angiang_longxuyen,75.47892560603403
2025-11-06 15:00:00+00:00,bacgiang_bacgiangcity,163.82473191985082
2025-11-06 16:00:00+00:00,backan_backancity,149.01558376328498
2025-11-06 17:00:00+00:00,angiang_longxuyen,76.1848681472609
2025-11-06 18:00:00+00:00,backan_backancity,148.9569004797537
2025-11-06 19:00:00+00:00,bacgiang_bacgiangcity,163.51627525064967
2025-11-06 20:00:00+00:00,angiang_longxuyen,77.00646281034243
2025-11-06 21:00:00+00:00,backan_backancity,148.73418041776864
2025-11-06 22:00:00+00:00,bacgiang_bacgiangcity,163.25244197959296
2025-11-06 23:00:00+00:00,bacgiang_bacgiangcity,163.13201953948203
2025-11-07 00:00:00+00:00,backan_backancity,148.43987449715922
2025-11-07 01:00:00+00:00,angiang_longxuyen,78.24716639707437
2025-11-07 02:00:00+00:00,angiang_longxuyen,79.77625544927666
2025-11-07 03:00:00+00:00,backan_backancity,148.077019461878
2025-11-07 04:00:00+00:00,bacgiang_bacgiangcity,162.99057900539998
2025-11-07 05:00:00+00:00,backan_backancity,147.5202384360111
2025-11-07 06:00:00+00:00,angiang_longxuyen,81.24277322923355
2025-11-07 07:00:00+00:00,bacgiang_bacgiangcity,163.04175890111765
2025-11-07 08:00:00+00:00,angiang_longxuyen,82.16911403844708
2025-11-07 09:00:00+00:00,backan_backancity,146.8190423016708
2025-11-07 10:00:00+00:00,bacgiang_bacgiangcity,163.3106087775386
2025-11-07 11:00:00+00:00,angiang_longxuyen,82.32322281619912
2025-11-07 12:00:00+00:00,bacgiang_bacgiangcity,163.76426484813953
2025-11-07 13:00:00+00:00,backan_backancity,145.89231651940503
2025-11-07 14:00:00+00:00,angiang_longxuyen,83.05101317592592
2025-11-07 15:00:00+00:00,backan_backancity,144.97131272790978
2025-11-07 16:00:00+00:00,bacgiang_bacgiangcity,164.22301404048773
2025-11-07 17:00:00+00:00,angiang_longxuyen,83.63955806530961
2025-11-07 18:00:00+00:00,backan_backancity,143.92473120499508
2025-11-07 19:00:00+00:00,bacgiang_bacgiangcity,164.3609156918534
2025-11-07 20:00:00+00:00,bacgiang_bacgiangcity,164.00459324277574
2025-11-07 21:00:00+00:00,backan_backancity,142.77737043218258
2025-11-07 22:00:00+00:00,angiang_longxuyen,84.53394850232263
2025-11-07 23:00:00+00:00,bacgiang_bacgiangcity,163.42442689733684
2025-11-08 00:00:00+00:00,backan_backancity,141.48031731160262
2025-11-08 01:00:00+00:00,angiang_longxuyen,85.78674406871464
2025-11-08 02:00:00+00:00,backan_backancity,139.90280056233576
2025-11-08 03:00:00+00:00,angiang_longxuyen,87.26276183585554
2025-11-08 04:00:00+00:00,bacgiang_bacgiangcity,162.72250385735748
2025-11-08 05:00:00+00:00,bacgiang_bacgiangcity,161.87283724624166
2025-11-08 06:00:00+00:00,angiang_longxuyen,88.83318408173078
2025-11-08 07:00:00+00:00,backan_backancity,138.0339452934399
2025-11-08 08:00:00+00:00,angiang_longxuyen,90.63162156241238
2025-11-08 09:00:00+00:00,bacgiang_bacgiangcity,160.9395812689093
2025-11-08 10:00:00+00:00,backan_backancity,135.86576988970737
2025-11-08 11:00:00+00:00,angiang_longxuyen,92.58912464778597
2025-11-08 12:00:00+00:00,bacgiang_bacgiangcity,159.90027358465906
2025-11-08 13:00:00+00:00,backan_backancity,133.4449421713924
2025-11-08 14:00:00+00:00,angiang_longxuyen,94.45160873222379
2025-11-08 15:00:00+00:00,bacgiang_bacgiangcity,158.74189206154927
2025-11-08 16:00:00+00:00,backan_backancity,130.98922537354014
2025-11-08 17:00:00+00:00,angiang_longxuyen,96.03330339556246
2025-11-08 18:00:00+00:00,bacgiang_bacgiangcity,157.5656535275434
2025-11-08 19:00:00+00:00,backan_backancity,128.5624437241685
2025-11-08 20:00:00+00:00,backan_backancity,126.2577965689787
2025-11-08 21:00:00+00:00,bacgiang_bacgiangcity,156.54338986761923
2025-11-08 22:00:00+00:00,angiang_longxuyen,97.1304658343837
2025-11-08 23:00:00+00:00,backan_backancity,124.03029705700679
2025-11-09 00:00:00+00:00,angiang_longxuyen,97.6982317434933
2025-11-09 01:00:00+00:00,bacgiang_bacgiangcity,155.66253804813348
2025-11-09 02:00:00+00:00,backan_backancity,121.9852628161207
2025-11-09 03:00:00+00:00,angiang_longxuyen,98.01275950946268
2025-11-09 04:00:00+00:00,bacgiang_bacgiangcity,154.74523573666863
2025-11-09 05:00:00+00:00,backan_backancity,120.1059295850199
2025-11-09 06:00:00+00:00,angiang_longxuyen,98.12894126815632
2025-11-09 07:00:00+00:00,bacgiang_bacgiangcity,153.66422662365196
2025-11-09 08:00:00+00:00,angiang_longxuyen,97.85296341242618
2025-11-09 09:00:00+00:00,backan_backancity,118.55405538862522
2025-11-09 10:00:00+00:00,bacgiang_bacgiangcity,152.51953675083556
2025-11-09 11:00:00+00:00,angiang_longxuyen,97.46408085122052
2025-11-09 12:00:00+00:00,backan_backancity,117.15833797879787
2025-11-09 13:00:00+00:00,bacgiang_bacgiangcity,151.35877843757703
2025-11-09 14:00:00+00:00,angiang_longxuyen,97.38077124802952
2025-11-09 15:00:00+00:00,backan_backancity,115.96832290913616
2025-11-09 16:00:00+00:00,bacgiang_bacgiangcity,150.3216275588742
2025-11-09 17:00:00+00:00,bacgiang_bacgiangcity,149.55515338523784
2025-11-09 18:00:00+00:00,angiang_longxuyen,97.67271054082235
2025-11-09 19:00:00+00:00,backan_backancity,114.71282236904621
2025-11-09 20:00:00+00:00,backan_backancity,113.61451338004758
2025-11-09 21:00:00+00:00,bacgiang_bacgiangcity,149.2599627439493
2025-11-09 22:00:00+00:00,angiang_longxuyen,98.6826628342694
2025-11-09 23:00:00+00:00,angiang_longxuyen,100.69097459134599
2025-11-10 00:00:00+00:00,bacgiang_bacgiangcity,149.43673950018217
2025-11-10 01:00:00+00:00,backan_backancity,112.59459602327577
2025-11-10 02:00:00+00:00,angiang_longxuyen,103.26067210631052
2025-11-10 03:00:00+00:00,backan_backancity,111.69784852299405
2025-11-10 04:00:00+00:00,bacgiang_bacgiangcity,150.0636238797517
2025-11-10 05:00:00+00:00,bacgiang_bacgiangcity,150.92755601403383
2025-11-10 06:00:00+00:00,angiang_longxuyen,105.86165309042987
2025-11-10 07:00:00+00:00,backan_backancity,111.00907075851029
2025-11-10 08:00:00+00:00,bacgiang_bacgiangcity,152.25186809607806
2025-11-10 09:00:00+00:00,angiang_longxuyen,107.8783165658834
2025-11-10 10:00:00+00:00,backan_backancity,110.50099330713596
2025-11-10 11:00:00+00:00,bacgiang_bacgiangcity,154.09077676555472
2025-11-10 12:00:00+00:00,backan_backancity,110.50202568052299
2025-11-10 13:00:00+00:00,angiang_longxuyen,108.55830391307917
2025-11-10 14:00:00+00:00,bacgiang_bacgiangcity,155.56024520853327
2025-11-10 15:00:00+00:00,backan_backancity,110.54844900702201
2025-11-10 16:00:00+00:00,angiang_longxuyen,106.82085275444665
2025-11-10 17:00:00+00:00,backan_backancity,111.00622530551533
2025-11-10 18:00:00+00:00,angiang_longxuyen,104.83427389184934
2025-11-10 19:00:00+00:00,bacgiang_bacgiangcity,156.40704245528443
2025-11-10 20:00:00+00:00,bacgiang_bacgiangcity,156.6469021870744
2025-11-10 21:00:00+00:00,backan_backancity,111.8758543236298
2025-11-10 22:00:00+00:00,angiang_longxuyen,104.02957985959868
2025-11-10 23:00:00+00:00,bacgiang_bacgiangcity,156.58297753130367
2025-11-11 00:00:00+00:00,backan_backancity,112.98031212134818
2025-11-11 01:00:00+00:00,angiang_longxuyen,104.64202162242
2025-11-11 02:00:00+00:00,angiang_longxuyen,106.47509763631822
2025-11-11 03:00:00+00:00,backan_backancity,114.41449276269958
2025-11-11 04:00:00+00:00,bacgiang_bacgiangcity,156.46346372324157
2025-11-11 05:00:00+00:00,angiang_longxuyen,109.20508165556731
2025-11-11 06:00:00+00:00,backan_backancity,116.01244775522224
2025-11-11 07:00:00+00:00,bacgiang_bacgiangcity,156.51087518709366
2025-11-11 08:00:00+00:00,angiang_longxuyen,112.27684560245433
2025-11-11 09:00:00+00:00,bacgiang_bacgiangcity,156.68994265254435
2025-11-11 10:00:00+00:00,backan_backancity,117.89347271572971
2025-11-11 11:00:00+00:00,angiang_longxuyen,115.47197129457331
2025-11-11 12:00:00+00:00,bacgiang_bacgiangcity,156.90906644452568
2025-11-11 13:00:00+00:00,backan_backancity,119.92992397046001
2025-11-11 14:00:00+00:00,bacgiang_bacgiangcity,157.20682994919454
2025-11-11 15:00:00+00:00,backan_backancity,121.99867111668307
2025-11-11 16:00:00+00:00,angiang_longxuyen,118.75230455485365
2025-11-11 17:00:00+00:00,angiang_longxuyen,122.08666017492543
2025-11-11 18:00:00+00:00,bacgiang_bacgiangcity,157.4821741536275
2025-11-11 19:00:00+00:00,backan_backancity,124.02688849125528
2025-11-11 20:00:00+00:00,bacgiang_bacgiangcity,157.8515665573862
2025-11-11 21:00:00+00:00,angiang_longxuyen,124.88584466950167
2025-11-11 22:00:00+00:00,backan_backancity,126.06535547445174
2025-11-11 23:00:00+00:00,backan_backancity,128.16486698893792
2025-11-12 00:00:00+00:00,bacgiang_bacgiangcity,158.27135456393623
2025-11-12 01:00:00+00:00,angiang_longxuyen,126.73181077974692
2025-11-12 02:00:00+00:00,backan_backancity,130.21665140949187
2025-11-12 03:00:00+00:00,bacgiang_bacgiangcity,158.72533104689123
2025-11-12 04:00:00+00:00,angiang_longxuyen,127.80164850083719
2025-11-12 05:00:00+00:00,backan_backancity,131.9084812439099
2025-11-12 06:00:00+00:00,bacgiang_bacgiangcity,159.03253954259375
2025-11-12 07:00:00+00:00,angiang_longxuyen,128.24852330698963
2025-11-12 08:00:00+00:00,backan_backancity,133.26710853261855
2025-11-12 09:00:00+00:00,bacgiang_bacgiangcity,159.19132060198626
2025-11-12 10:00:00+00:00,angiang_longxuyen,127.94199628532371
2025-11-12 11:00:00+00:00,backan_backancity,134.28431732898696
2025-11-12 12:00:00+00:00,bacgiang_bacgiangcity,159.06665150261563
2025-11-12 13:00:00+00:00,angiang_longxuyen,127.32489404710071
2025-11-12 14:00:00+00:00,backan_backancity,134.5766099122672
2025-11-12 15:00:00+00:00,bacgiang_bacgiangcity,158.5836753104818
2025-11-12 16:00:00+00:00,angiang_longxuyen,126.50937048078741
2025-11-12 17:00:00+00:00,backan_backancity,134.363645689122
2025-11-12 18:00:00+00:00,bacgiang_bacgiangcity,157.90770088890685
2025-11-12 19:00:00+00:00,angiang_longxuyen,125.59286920020772
2025-11-13 08:00:00+00:00,bacgiang_bacgiangcity,157.24932523543518
2025-11-13 09:00:00+00:00,backan_backancity,133.96554529489484
2025-11-13 10:00:00+00:00,angiang_longxuyen,124.83195083332241
2025-11-13 11:00:00+00:00,angiang_longxuyen,124.43038568162494
2025-11-13 12:00:00+00:00,backan_backancity,133.65476204942135
2025-11-13 13:00:00+00:00,bacgiang_bacgiangcity,156.9877539799526
2025-11-13 14:00:00+00:00,bacgiang_bacgiangcity,157.02290369341972
2025-11-13 15:00:00+00:00,angiang_longxuyen,124.39861344912873
2025-11-13 16:00:00+00:00,backan_backancity,133.2356076941685
2025-11-13 17:00:00+00:00,bacgiang_bacgiangcity,157.17789719185086
2025-11-13 18:00:00+00:00,angiang_longxuyen,124.3011961378115
2025-11-13 19:00:00+00:00,backan_backancity,132.8467179595519
2025-11-13 20:00:00+00:00,bacgiang_bacgiangcity,157.46370501166695
2025-11-13 21:00:00+00:00,backan_backancity,132.4003835503548
2025-11-13 22:00:00+00:00,angiang_longxuyen,123.67382874857392
2025-11-13 23:00:00+00:00,bacgiang_bacgiangcity,157.98898041680985
2025-11-14 00:00:00+00:00,backan_backancity,131.80924666849504
2025-11-14 01:00:00+00:00,angiang_longxuyen,122.00891474746491
2025-11-14 02:00:00+00:00,angiang_longxuyen,119.85654117240227
2025-11-14 03:00:00+00:00,bacgiang_bacgiangcity,158.98181874517442
2025-11-14 04:00:00+00:00,backan_backancity,130.76261732284095
2025-11-14 05:00:00+00:00,bacgiang_bacgiangcity,159.2117791699063
2025-11-14 06:00:00+00:00,angiang_longxuyen,117.17551232008886
2025-11-14 07:00:00+00:00,backan_backancity,129.2360509201426
2025-11-14 08:00:00+00:00,bacgiang_bacgiangcity,158.7443884085465
2025-11-14 09:00:00+00:00,angiang_longxuyen,114.49610166972026
2025-11-14 10:00:00+00:00,backan_backancity,127.3756363647528
2025-11-14 11:00:00+00:00,backan_backancity,125.24054951441876
2025-11-14 12:00:00+00:00,bacgiang_bacgiangcity,158.0390747363429
2025-11-14 13:00:00+00:00,angiang_longxuyen,112.06611231010264
2025-11-14 14:00:00+00:00,angiang_longxuyen,109.86569092986161
2025-11-14 15:00:00+00:00,backan_backancity,122.70701555499684
2025-11-14 16:00:00+00:00,bacgiang_bacgiangcity,157.42887092827996
2025-11-14 17:00:00+00:00,backan_backancity,119.82829228023218
2025-11-14 18:00:00+00:00,bacgiang_bacgiangcity,156.8291976874353
2025-11-14 19:00:00+00:00,angiang_longxuyen,108.12020159068743
2025-11-14 20:00:00+00:00,angiang_longxuyen,106.71750363008971
2025-11-14 21:00:00+00:00,backan_backancity,116.68623428646913
2025-11-14 22:00:00+00:00,bacgiang_bacgiangcity,156.16121444561597
2025-11-14 23:00:00+00:00,angiang_longxuyen,105.63067665665459
2025-11-15 00:00:00+00:00,backan_backancity,113.23992144894643
2025-11-15 01:00:00+00:00,bacgiang_bacgiangcity,155.37756234398313
2025-11-15 02:00:00+00:00,angiang_longxuyen,104.28792816133708
2025-11-15 03:00:00+00:00,backan_backancity,109.62130178686517
2025-11-15 04:00:00+00:00,bacgiang_bacgiangcity,154.51871376690042
2025-11-15 05:00:00+00:00,backan_backancity,106.00437773978815
2025-11-15 06:00:00+00:00,angiang_longxuyen,102.4232140427821
2025-11-15 07:00:00+00:00,bacgiang_bacgiangcity,153.5242781590395
2025-11-15 08:00:00+00:00,bacgiang_bacgiangcity,152.44236519624798
2025-11-15 09:00:00+00:00,backan_backancity,102.333661180961
2025-11-15 10:00:00+00:00,angiang_longxuyen,100.2080928491225
2025-11-15 11:00:00+00:00,angiang_longxuyen,97.7008338983015
2025-11-15 12:00:00+00:00,backan_backancity,98.7430402383443
2025-11-15 13:00:00+00:00,bacgiang_bacgiangcity,151.19918439161455
2025-11-15 14:00:00+00:00,backan_backancity,95.17829677780716
2025-11-15 15:00:00+00:00,bacgiang_bacgiangcity,149.61351147414112
2025-11-15 16:00:00+00:00,angiang_longxuyen,95.02658033259414
2025-11-15 17:00:00+00:00,angiang_longxuyen,92.67776409528432
2025-11-15 18:00:00+00:00,bacgiang_bacgiangcity,147.63316705285632
2025-11-15 19:00:00+00:00,backan_backancity,91.87955714291175
2025-11-15 20:00:00+00:00,bacgiang_bacgiangcity,145.2162894928167
2025-11-15 21:00:00+00:00,angiang_longxuyen,90.42030005036594
2025-11-15 22:00:00+00:00,backan_backancity,88.75634967745604
2025-11-15 23:00:00+00:00,angiang_longxuyen,88.5142960774956
2025-11-16 00:00:00+00:00,backan_backancity,85.79227715966451
2025-11-16 01:00:00+00:00,bacgiang_bacgiangcity,142.32533794358466
2025-11-16 02:00:00+00:00,bacgiang_bacgiangcity,139.21576952340897
2025-11-16 03:00:00+00:00,angiang_longxuyen,86.97571182038324
2025-11-16 04:00:00+00:00,backan_backancity,82.99469233572155
2025-11-16 05:00:00+00:00,angiang_longxuyen,86.0847670117448
2025-11-16 06:00:00+00:00,backan_backancity,80.53443715989917
2025-11-16 07:00:00+00:00,bacgiang_bacgiangcity,136.25563281707096
2025-11-16 08:00:00+00:00,backan_backancity,78.61792174890628
2025-11-16 09:00:00+00:00,bacgiang_bacgiangcity,133.9122755454649
2025-11-16 10:00:00+00:00,angiang_longxuyen,86.18266852829858
2025-11-16 11:00:00+00:00,backan_backancity,77.2565135679009
2025-11-16 12:00:00+00:00,angiang_longxuyen,87.15796547584718
2025-11-16 13:00:00+00:00,bacgiang_bacgiangcity,132.43069838486747
2025-11-16 14:00:00+00:00,angiang_longxuyen,88.91348204790737
2025-11-16 15:00:00+00:00,backan_backancity,76.34027770352492
2025-11-16 16:00:00+00:00,bacgiang_bacgiangcity,131.80936622534358
2025-11-16 17:00:00+00:00,angiang_longxuyen,90.54945014041937
2025-11-16 18:00:00+00:00,backan_backancity,75.80911053688659
2025-11-16 19:00:00+00:00,bacgiang_bacgiangcity,131.60007239744817
2025-11-16 20:00:00+00:00,backan_backancity,75.46224503452746
2025-11-16 21:00:00+00:00,bacgiang_bacgiangcity,131.97799876905475
2025-11-16 22:00:00+00:00,angiang_longxuyen,91.53799876905876
2025-11-16 23:00:00+00:00,angiang_longxuyen,91.63914744961855
2025-11-17 00:00:00+00:00,backan_backancity,75.10169744642283
2025-11-17 01:00:00+00:00,bacgiang_bacgiangcity,132.84412596707585
2025-11-17 02:00:00+00:00,backan_backancity,74.55264696638174
2025-11-17 03:00:00+00:00,bacgiang_bacgiangcity,134.49703048275026
2025-11-17 04:00:00+00:00,angiang_longxuyen,90.9086335848823
2025-11-17 05:00:00+00:00,angiang_longxuyen,89.84377660210168
2025-11-17 06:00:00+00:00,backan_backancity,73.83202762642964
2025-11-17 07:00:00+00:00,bacgiang_bacgiangcity,137.21188196751214
2025-11-17 08:00:00+00:00,bacgiang_bacgiangcity,140.80266192073736
2025-11-17 09:00:00+00:00,angiang_longxuyen,88.85641756410514
2025-11-17 10:00:00+00:00,backan_backancity,73.14496789385922
2025-11-17 11:00:00+00:00,bacgiang_bacgiangcity,144.86038788384587
2025-11-17 12:00:00+00:00,angiang_longxuyen,87.80912587351021
2025-11-17 13:00:00+00:00,backan_backancity,72.5811569252989
2025-11-17 14:00:00+00:00,angiang_longxuyen,86.5479756745431
2025-11-17 15:00:00+00:00,backan_backancity,71.91918739296048
2025-11-17 16:00:00+00:00,bacgiang_bacgiangcity,148.8697435371771
2025-11-17 17:00:00+00:00,backan_backancity,71.29232931589765
2025-11-17 18:00:00+00:00,bacgiang_bacgiangcity,152.414269336844
2025-11-17 19:00:00+00:00,angiang_longxuyen,84.72343893382792
2025-11-17 20:00:00+00:00,backan_backancity,70.72059411941693
2025-11-17 21:00:00+00:00,bacgiang_bacgiangcity,155.21861868727663
2025-11-17 22:00:00+00:00,angiang_longxuyen,82.57582969917911
2025-11-17 23:00:00+00:00,bacgiang_bacgiangcity,157.28868334997046
2025-11-18 00:00:00+00:00,angiang_longxuyen,80.1804532427787
2025-11-18 01:00:00+00:00,backan_backancity,70.2115114938386
2025-11-18 02:00:00+00:00,backan_backancity,69.74072531798063
2025-11-18 03:00:00+00:00,bacgiang_bacgiangcity,158.78416258091468
2025-11-18 04:00:00+00:00,angiang_longxuyen,77.92077141832013
2025-11-18 05:00:00+00:00,angiang_longxuyen,75.7797808508058
2025-11-18 06:00:00+00:00,backan_backancity,69.37587368332902
2025-11-18 07:00:00+00:00,bacgiang_bacgiangcity,159.90741830192707
2025-11-18 08:00:00+00:00,angiang_longxuyen,73.95598177584606
2025-11-18 09:00:00+00:00,backan_backancity,69.2830593106801
2025-11-18 10:00:00+00:00,bacgiang_bacgiangcity,160.88815269494668
2025-11-18 11:00:00+00:00,backan_backancity,69.54815749319424
2025-11-18 12:00:00+00:00,bacgiang_bacgiangcity,161.86052767311728
2025-11-18 13:00:00+00:00,angiang_longxuyen,72.42228739383849
2025-11-18 14:00:00+00:00,bacgiang_bacgiangcity,162.97839855367198
2025-11-18 15:00:00+00:00,angiang_longxuyen,70.93797955482069
2025-11-18 16:00:00+00:00,backan_backancity,70.42529348582775
2025-11-18 17:00:00+00:00,angiang_longxuyen,69.47889342856827
2025-11-18 18:00:00+00:00,bacgiang_bacgiangcity,164.02130250792595
2025-11-18 19:00:00+00:00,backan_backancity,71.4230934234062
2025-11-18 20:00:00+00:00,angiang_longxuyen,68.1055965145453
2025-11-18 21:00:00+00:00,backan_backancity,72.7880811364565
2025-11-18 22:00:00+00:00,bacgiang_bacgiangcity,164.8507879230103
2025-11-18 23:00:00+00:00,bacgiang_bacgiangcity,165.24450297203344
2025-11-19 00:00:00+00:00,angiang_longxuyen,66.9041314855001
2025-11-19 01:00:00+00:00,backan_backancity,74.59582850893294
2025-11-19 02:00:00+00:00,bacgiang_bacgiangcity,165.3945372523877
2025-11-19 03:00:00+00:00,angiang_longxuyen,66.15720007432405
2025-11-19 04:00:00+00:00,backan_backancity,77.10515459766498
2025-11-19 05:00:00+00:00,angiang_longxuyen,66.12956570435539
2025-11-19 06:00:00+00:00,backan_backancity,80.36778925987355
2025-11-19 07:00:00+00:00,bacgiang_bacgiangcity,165.67236345699607
2025-11-19 08:00:00+00:00,bacgiang_bacgiangcity,166.27049202335775
2025-11-19 09:00:00+00:00,angiang_longxuyen,66.74233520238774
2025-11-19 10:00:00+00:00,backan_backancity,84.46516505622773
2025-11-19 11:00:00+00:00,backan_backancity,89.32809443848464
2025-11-19 12:00:00+00:00,bacgiang_bacgiangcity,167.19212229273927
2025-11-19 13:00:00+00:00,angiang_longxuyen,67.80799321605348
2025-11-19 14:00:00+00:00,backan_backancity,95.04098334613626
2025-11-19 15:00:00+00:00,angiang_longxuyen,68.88106375432793
2025-11-19 16:00:00+00:00,bacgiang_bacgiangcity,168.45414525670066
2025-11-19 17:00:00+00:00,backan_backancity,101.25516844071372
2025-11-19 18:00:00+00:00,bacgiang_bacgiangcity,170.00320030260704
2025-11-19 19:00:00+00:00,angiang_longxuyen,69.67729562756281
2025-11-19 20:00:00+00:00,backan_backancity,107.55230835353416
2025-11-19 21:00:00+00:00,angiang_longxuyen,69.71294030638283
2025-11-19 22:00:00+00:00,bacgiang_bacgiangcity,171.18486193526212
2025-11-19 23:00:00+00:00,angiang_longxuyen,69.11920664977305
2025-11-20 00:00:00+00:00,backan_backancity,111.91241719904649
2025-11-20 01:00:00+00:00,bacgiang_bacgiangcity,171.5241786182052
2025-11-20 02:00:00+00:00,angiang_longxuyen,68.24395965534626
2025-11-20 03:00:00+00:00,backan_backancity,112.65442227027897
2025-11-20 04:00:00+00:00,bacgiang_bacgiangcity,170.77896165223706
2025-11-20 05:00:00+00:00,angiang_longxuyen,67.38297340181187
2025-11-20 06:00:00+00:00,backan_backancity,111.41119483847461
2025-11-20 07:00:00+00:00,bacgiang_bacgiangcity,169.71309800079183
2025-11-20 08:00:00+00:00,angiang_longxuyen,66.75384135349003
2025-11-20 09:00:00+00:00,backan_backancity,110.1310070047322
2025-11-20 10:00:00+00:00,bacgiang_bacgiangcity,168.58266408659387
2025-11-20 11:00:00+00:00,backan_backancity,109.92449795473112
2025-11-20 12:00:00+00:00,bacgiang_bacgiangcity,167.619891914497
2025-11-20 13:00:00+00:00,angiang_longxuyen,66.24700161439009
2025-11-20 14:00:00+00:00,bacgiang_bacgiangcity,167.04252798158763
2025-11-20 15:00:00+00:00,angiang_longxuyen,65.66739718613928
2025-11-20 16:00:00+00:00,backan_backancity,110.91963745353772
2025-11-20 17:00:00+00:00,bacgiang_bacgiangcity,166.9049897830415
2025-11-20 18:00:00+00:00,angiang_longxuyen,65.0390972534832
2025-11-20 19:00:00+00:00,backan_backancity,113.06315485504567
2025-11-20 20:00:00+00:00,bacgiang_bacgiangcity,167.00855948978398
2025-11-20 21:00:00+00:00,angiang_longxuyen,64.48569251301873
2025-11-20 22:00:00+00:00,backan_backancity,116.14056128739894
2025-11-20 23:00:00+00:00,bacgiang_bacgiangcity,167.2677969955833
2025-11-21 00:00:00+00:00,backan_backancity,119.82098616121866
2025-11-21 01:00:00+00:00,angiang_longxuyen,64.08382846919994
2025-11-21 02:00:00+00:00,backan_backancity,123.73851378590129
2025-11-21 03:00:00+00:00,bacgiang_bacgiangcity,167.57150964903485
2025-11-21 04:00:00+00:00,angiang_longxuyen,63.81750841569385
2025-11-21 05:00:00+00:00,backan_backancity,127.64082541047182
2025-11-21 06:00:00+00:00,bacgiang_bacgiangcity,167.934206869276
2025-11-21 07:00:00+00:00,angiang_longxuyen,63.714837776452306
2025-11-21 08:00:00+00:00,backan_backancity,131.46791425708577
2025-11-21 09:00:00+00:00,bacgiang_bacgiangcity,168.40763286034948
2025-11-21 10:00:00+00:00,angiang_longxuyen,63.64818722453515
2025-11-21 11:00:00+00:00,bacgiang_bacgiangcity,169.00840124192663
2025-11-21 12:00:00+00:00,angiang_longxuyen,63.6489954288312
2025-11-21 13:00:00+00:00,backan_backancity,135.1002928201877
2025-11-21 14:00:00+00:00,angiang_longxuyen,63.61276970372734
2025-11-21 15:00:00+00:00,backan_backancity,137.90842494930774
2025-11-21 16:00:00+00:00,bacgiang_bacgiangcity,169.52295478889357
2025-11-21 17:00:00+00:00,angiang_longxuyen,63.415080063550015
2025-11-21 18:00:00+00:00,backan_backancity,139.84863174540487
2025-11-21 19:00:00+00:00,bacgiang_bacgiangcity,169.87593921076035
2025-11-21 20:00:00+00:00,angiang_longxuyen,63.11800042405474
2025-11-21 21:00:00+00:00,backan_backancity,140.04801909283128
2025-11-21 22:00:00+00:00,bacgiang_bacgiangcity,169.86184106718196
2025-11-21 23:00:00+00:00,backan_backancity,139.0572777915899
2025-11-22 00:00:00+00:00,bacgiang_bacgiangcity,169.371485826357
2025-11-22 01:00:00+00:00,angiang_longxuyen,62.75380156979608
2025-11-22 02:00:00+00:00,bacgiang_bacgiangcity,168.42033457993705
2025-11-22 03:00:00+00:00,angiang_longxuyen,62.49222074976562
2025-11-22 04:00:00+00:00,backan_backancity,137.34911888279996
2025-11-22 05:00:00+00:00,bacgiang_bacgiangcity,167.38499140078397
2025-11-22 06:00:00+00:00,angiang_longxuyen,62.364620116469105
2025-11-22 07:00:00+00:00,backan_backancity,135.32654698261524
2025-11-22 08:00:00+00:00,bacgiang_bacgiangcity,166.67260474542147
2025-11-22 09:00:00+00:00,angiang_longxuyen,62.625426208121105
2025-11-22 10:00:00+00:00,backan_backancity,133.43579607248006
2025-11-22 11:00:00+00:00,bacgiang_bacgiangcity,166.58580647339045
2025-11-22 12:00:00+00:00,angiang_longxuyen,63.19017450237387
2025-11-22 13:00:00+00:00,backan_backancity,132.0461605195373
2025-11-22 14:00:00+00:00,angiang_longxuyen,63.92682163343959
2025-11-22 15:00:00+00:00,backan_backancity,131.40950356316912
2025-11-22 16:00:00+00:00,bacgiang_bacgiangcity,167.14436650516342
2025-11-22 17:00:00+00:00,backan_backancity,131.53766611365373
2025-11-22 18:00:00+00:00,bacgiang_bacgiangcity,168.38682996870568
2025-11-22 19:00:00+00:00,angiang_longxuyen,64.71202797410328
2025-11-22 20:00:00+00:00,backan_backancity,131.4279368380751
2025-11-22 21:00:00+00:00,bacgiang_bacgiangcity,169.69904767995288
2025-11-22 22:00:00+00:00,angiang_longxuyen,65.13352803472424
2025-11-22 23:00:00+00:00,backan_backancity,129.79390556650927
2025-11-23 00:00:00+00:00,bacgiang_bacgiangcity,170.19951743016327
2025-11-23 01:00:00+00:00,angiang_longxuyen,64.96371905162354
2025-11-23 02:00:00+00:00,backan_backancity,126.80417136674976
2025-11-23 03:00:00+00:00,angiang_longxuyen,64.00834505731358
2025-11-23 04:00:00+00:00,bacgiang_bacgiangcity,169.84891458071917
2025-11-23 05:00:00+00:00,angiang_longxuyen,62.67542488217534
2025-11-23 06:00:00+00:00,backan_backancity,123.15268283697917
2025-11-23 07:00:00+00:00,bacgiang_bacgiangcity,168.8852576879432
2025-11-23 08:00:00+00:00,angiang_longxuyen,61.393646344563265
2025-11-23 09:00:00+00:00,backan_backancity,119.784824996813
2025-11-23 10:00:00+00:00,bacgiang_bacgiangcity,167.48701643304346
2025-11-23 11:00:00+00:00,angiang_longxuyen,60.208431482369946
2025-11-23 12:00:00+00:00,backan_backancity,117.29104249395803
2025-11-23 13:00:00+00:00,bacgiang_bacgiangcity,165.9636995854881
2025-11-23 14:00:00+00:00,backan_backancity,115.75196626041398
2025-11-23 15:00:00+00:00,bacgiang_bacgiangcity,164.54813693437364
2025-11-23 16:00:00+00:00,angiang_longxuyen,58.86302478997149
2025-11-23 17:00:00+00:00,bacgiang_bacgiangcity,163.37133409204273
2025-11-23 18:00:00+00:00,angiang_longxuyen,57.46839415189726
2025-11-23 19:00:00+00:00,backan_backancity,115.00996178696575
2025-11-23 20:00:00+00:00,bacgiang_bacgiangcity,162.50284923296866
2025-11-23 21:00:00+00:00,angiang_longxuyen,56.03567270188214
2025-11-23 22:00:00+00:00,backan_backancity,114.97261700975967
2025-11-23 23:00:00+00:00,bacgiang_bacgiangcity,161.9126448945274
2025-11-24 00:00:00+00:00,angiang_longxuyen,54.683236066790265
2025-11-24 01:00:00+00:00,backan_backancity,115.67528728004234
2025-11-24 02:00:00+00:00,angiang_longxuyen,53.47500412011842
2025-11-24 03:00:00+00:00,backan_backancity,117.024513215967
2025-11-24 04:00:00+00:00,bacgiang_bacgiangcity,161.59872686848553
2025-11-24 05:00:00+00:00,backan_backancity,118.74529135011902
2025-11-24 06:00:00+00:00,bacgiang_bacgiangcity,161.5332671027797
2025-11-24 07:00:00+00:00,angiang_longxuyen,52.47212301647754
2025-11-24 08:00:00+00:00,backan_backancity,120.58436500804665
2025-11-24 09:00:00+00:00,bacgiang_bacgiangcity,161.73506949854635
2025-11-24 10:00:00+00:00,angiang_longxuyen,51.862450040822054
2025-11-24 11:00:00+00:00,bacgiang_bacgiangcity,162.00864426162113
2025-11-24 12:00:00+00:00,angiang_longxuyen,51.54275981013324
2025-11-24 13:00:00+00:00,backan_backancity,122.24965919993399
2025-11-24 14:00:00+00:00,angiang_longxuyen,51.49219682775396
2025-11-24 15:00:00+00:00,backan_backancity,123.52787494345995
2025-11-24 16:00:00+00:00,bacgiang_bacgiangcity,162.36420632914215
2025-11-24 17:00:00+00:00,angiang_longxuyen,51.59395405267276
2025-11-24 18:00:00+00:00,bacgiang_bacgiangcity,162.42266484579818
2025-11-24 19:00:00+00:00,backan_backancity,124.28098385699943
2025-11-24 20:00:00+00:00,backan_backancity,124.58115404102914
2025-11-24 21:00:00+00:00,angiang_longxuyen,51.87317189899801
2025-11-24 22:00:00+00:00,bacgiang_bacgiangcity,162.04992485028072
2025-11-24 23:00:00+00:00,bacgiang_bacgiangcity,161.30294322522826
2025-11-25 00:00:00+00:00,angiang_longxuyen,52.34915162435601
2025-11-25 01:00:00+00:00,backan_backancity,124.60752230397189
2025-11-25 02:00:00+00:00,bacgiang_bacgiangcity,160.28992370083228
2025-11-25 03:00:00+00:00,angiang_longxuyen,53.09132706409765
2025-11-25 04:00:00+00:00,backan_backancity,124.61932256492156
2025-11-25 05:00:00+00:00,bacgiang_bacgiangcity,159.23954505240835
2025-11-25 06:00:00+00:00,backan_backancity,124.71610144266768
2025-11-25 07:00:00+00:00,angiang_longxuyen,54.31512531244778
2025-11-25 08:00:00+00:00,angiang_longxuyen,55.83002535786682
2025-11-25 09:00:00+00:00,backan_backancity,124.96750558375146
2025-11-25 10:00:00+00:00,bacgiang_bacgiangcity,158.5047438790839
2025-11-25 11:00:00+00:00,bacgiang_bacgiangcity,158.21559324978296
2025-11-25 12:00:00+00:00,angiang_longxuyen,57.5158916966803
2025-11-25 13:00:00+00:00,backan_backancity,125.22748553758015
2025-11-25 14:00:00+00:00,bacgiang_bacgiangcity,158.47788184635672
2025-11-25 15:00:00+00:00,backan_backancity,125.48006731362194
2025-11-25 16:00:00+00:00,angiang_longxuyen,59.28107683108091
2025-11-25 17:00:00+00:00,bacgiang_bacgiangcity,159.2525337084324
2025-11-25 18:00:00+00:00,angiang_longxuyen,60.89811190106009
2025-11-25 19:00:00+00:00,backan_backancity,125.95762758051748
2025-11-25 20:00:00+00:00,backan_backancity,126.71988857081175
2025-11-25 21:00:00+00:00,bacgiang_bacgiangcity,160.4123020909851
2025-11-25 22:00:00+00:00,angiang_longxuyen,62.08419713711069
2025-11-25 23:00:00+00:00,backan_backancity,127.80214107505311
2025-11-26 00:00:00+00:00,bacgiang_bacgiangcity,161.93924390218783
2025-11-26 01:00:00+00:00,angiang_longxuyen,62.71807798345604
2025-11-26 02:00:00+00:00,angiang_longxuyen,62.566489464070955
2025-11-26 06:00:00+00:00,backan_backancity,128.73141341819252
2025-11-26 07:00:00+00:00,bacgiang_bacgiangcity,163.78383391310652
2025-11-26 08:00:00+00:00,backan_backancity,129.71723136841155
2025-11-26 09:00:00+00:00,bacgiang_bacgiangcity,166.04382180309733
2025-11-26 10:00:00+00:00,angiang_longxuyen,62.267841238722994
2025-11-26 11:00:00+00:00,backan_backancity,130.48813870999135
2025-11-26 12:00:00+00:00,angiang_longxuyen,61.936831365615596
2025-11-26 13:00:00+00:00,bacgiang_bacgiangcity,168.47923306579568
2025-11-26 14:00:00+00:00,angiang_longxuyen,61.65751787381152
2025-11-26 15:00:00+00:00,bacgiang_bacgiangcity,170.74919677922762
2025-11-26 16:00:00+00:00,backan_backancity,131.08871580061083
2025-11-26 17:00:00+00:00,angiang_longxuyen,61.415353085981934
2025-11-26 18:00:00+00:00,bacgiang_bacgiangcity,172.58356707073418
2025-11-26 19:00:00+00:00,backan_backancity,131.56752184986803
2025-11-26 20:00:00+00:00,angiang_longxuyen,61.363733221061665
2025-11-26 21:00:00+00:00,bacgiang_bacgiangcity,173.93132664191165
2025-11-26 22:00:00+00:00,backan_backancity,131.96898418267577
2025-11-26 23:00:00+00:00,angiang_longxuyen,61.46926366011999
2025-11-27 00:00:00+00:00,bacgiang_bacgiangcity,174.84760076447913
2025-11-27 01:00:00+00:00,backan_backancity,132.12745439426212
2025-11-27 02:00:00+00:00,bacgiang_bacgiangcity,175.547290482528
2025-11-27 03:00:00+00:00,backan_backancity,132.0428153189155
2025-11-27 04:00:00+00:00,angiang_longxuyen,61.680903193383514
2025-11-27 05:00:00+00:00,angiang_longxuyen,61.876187349768465
2025-11-27 06:00:00+00:00,backan_backancity,131.64936568609608
2025-11-27 07:00:00+00:00,bacgiang_bacgiangcity,176.0652681376368
2025-11-27 08:00:00+00:00,bacgiang_bacgiangcity,176.49029751642627
2025-11-27 09:00:00+00:00,angiang_longxuyen,62.06592885065567
2025-11-27 10:00:00+00:00,backan_backancity,131.192634613351
2025-11-27 11:00:00+00:00,bacgiang_bacgiangcity,176.90015752227458
2025-11-27 12:00:00+00:00,backan_backancity,130.8618447248449
2025-11-27 13:00:00+00:00,angiang_longxuyen,62.28049513557116
2025-11-27 14:00:00+00:00,angiang_longxuyen,62.64266630567879
2025-11-27 15:00:00+00:00,bacgiang_bacgiangcity,177.27225669308396
2025-11-27 16:00:00+00:00,backan_backancity,130.85884384794687
2025-11-27 17:00:00+00:00,bacgiang_bacgiangcity,177.4951967396703
2025-11-27 18:00:00+00:00,angiang_longxuyen,62.98973983695435
2025-11-27 19:00:00+00:00,backan_backancity,130.8380146537964
2025-11-27 20:00:00+00:00,bacgiang_bacgiangcity,177.85347035651594
2025-11-27 21:00:00+00:00,angiang_longxuyen,63.197300090546115
2025-11-27 22:00:00+00:00,backan_backancity,131.054273863687
2025-11-27 23:00:00+00:00,bacgiang_bacgiangcity,178.03378599546522
2025-11-28 00:00:00+00:00,angiang_longxuyen,63.27250134826996
2025-11-28 01:00:00+00:00,backan_backancity,131.34175069710855
2025-11-28 02:00:00+00:00,angiang_longxuyen,63.186042617688756
2025-11-28 03:00:00+00:00,bacgiang_bacgiangcity,177.85247086126225
2025-11-28 04:00:00+00:00,backan_backancity,131.54694850737343
2025-11-28 05:00:00+00:00,angiang_longxuyen,63.0709332839264
2025-11-28 06:00:00+00:00,backan_backancity,131.4982888700227
2025-11-28 07:00:00+00:00,bacgiang_bacgiangcity,177.485153964394
2025-11-28 08:00:00+00:00,angiang_longxuyen,63.086246125085815
2025-11-28 09:00:00+00:00,backan_backancity,130.87617719984638
2025-11-28 10:00:00+00:00,bacgiang_bacgiangcity,177.12331755346224
2025-11-28 11:00:00+00:00,bacgiang_bacgiangcity,176.92453755482634
2025-11-28 12:00:00+00:00,angiang_longxuyen,63.59661996462823
2025-11-28 13:00:00+00:00,backan_backancity,129.80096898512028
2025-11-28 14:00:00+00:00,angiang_longxuyen,64.78445073066734
2025-11-28 15:00:00+00:00,bacgiang_bacgiangcity,177.00408589956265
2025-11-28 16:00:00+00:00,backan_backancity,128.57380879818953
2025-11-28 17:00:00+00:00,bacgiang_bacgiangcity,177.36017879949114
2025-11-28 18:00:00+00:00,backan_backancity,127.33598414037013
2025-11-28 19:00:00+00:00,angiang_longxuyen,66.64357646323
2025-11-28 20:00:00+00:00,backan_backancity,126.20664297576769
2025-11-28 21:00:00+00:00,angiang_longxuyen,68.69621451968246
2025-11-28 22:00:00+00:00,bacgiang_bacgiangcity,177.7587000338251
2025-11-28 23:00:00+00:00,angiang_longxuyen,70.27990757574426
2025-11-29 00:00:00+00:00,bacgiang_bacgiangcity,178.3645471903277
2025-11-29 01:00:00+00:00,backan_backancity,125.37033564690636
2025-11-29 02:00:00+00:00,angiang_longxuyen,70.90172035379925
2025-11-29 03:00:00+00:00,backan_backancity,124.8069263893571
2025-11-29 04:00:00+00:00,bacgiang_bacgiangcity,179.21466333519396
2025-11-29 05:00:00+00:00,bacgiang_bacgiangcity,179.7447497079216
2025-11-29 06:00:00+00:00,angiang_longxuyen,70.64562958425316
2025-11-29 07:00:00+00:00,backan_backancity,124.1323938233754
2025-11-29 08:00:00+00:00,backan_backancity,123.58618879632927
2025-11-29 09:00:00+00:00,angiang_longxuyen,70.18768142279009
2025-11-29 10:00:00+00:00,bacgiang_bacgiangcity,180.03016538127454
2025-11-29 11:00:00+00:00,backan_backancity,123.4029727082347
2025-11-29 12:00:00+00:00,bacgiang_bacgiangcity,180.02138512631868
2025-11-29 13:00:00+00:00,angiang_longxuyen,69.90243073788814
2025-11-29 14:00:00+00:00,backan_backancity,123.69490422983236
2025-11-29 15:00:00+00:00,bacgiang_bacgiangcity,179.69110694112425
2025-11-29 16:00:00+00:00,angiang_longxuyen,69.97851432515412
2025-11-29 17:00:00+00:00,angiang_longxuyen,70.22872050661567
2025-11-29 18:00:00+00:00,backan_backancity,124.38855393589363
2025-11-29 19:00:00+00:00,bacgiang_bacgiangcity,178.994372668371
2025-11-29 20:00:00+00:00,backan_backancity,125.32731909280614
2025-11-29 21:00:00+00:00,angiang_longxuyen,70.79607035789239
2025-11-29 22:00:00+00:00,bacgiang_bacgiangcity,177.88709930686977
2025-11-29 23:00:00+00:00,backan_backancity,126.36790364419866
2025-11-30 00:00:00+00:00,bacgiang_bacgiangcity,176.4211314884161
2025-11-30 01:00:00+00:00,angiang_longxuyen,71.72308307659463
2025-11-30 02:00:00+00:00,angiang_longxuyen,72.99365196408877
2025-11-30 03:00:00+00:00,backan_backancity,127.19659041953486
2025-11-30 04:00:00+00:00,bacgiang_bacgiangcity,174.69358763220592
2025-11-30 05:00:00+00:00,angiang_longxuyen,74.53707827356648
2025-11-30 06:00:00+00:00,backan_backancity,127.4280811719279
2025-11-30 07:00:00+00:00,bacgiang_bacgiangcity,172.7450979376428
2025-11-30 08:00:00+00:00,angiang_longxuyen,76.25209735432492
2025-11-30 09:00:00+00:00,backan_backancity,126.79734945297277
2025-11-30 10:00:00+00:00,bacgiang_bacgiangcity,170.6559615664719
2025-11-30 11:00:00+00:00,bacgiang_bacgiangcity,168.62035796979762
2025-11-30 12:00:00+00:00,angiang_longxuyen,78.22270984813957
2025-11-30 13:00:00+00:00,backan_backancity,125.54189733340647
2025-11-30 14:00:00+00:00,backan_backancity,123.76932597690381
2025-11-30 15:00:00+00:00,bacgiang_bacgiangcity,166.68972528613062
2025-11-30 16:00:00+00:00,angiang_longxuyen,80.51566673468034
2025-11-30 17:00:00+00:00,angiang_longxuyen,82.81451777385351
2025-11-30 18:00:00+00:00,backan_backancity,121.47877218301845
2025-11-30 19:00:00+00:00,bacgiang_bacgiangcity,164.90030836967043
2025-11-30 20:00:00+00:00,angiang_longxuyen,84.5804848100435
2025-11-30 21:00:00+00:00,bacgiang_bacgiangcity,162.75818918550598
2025-11-30 22:00:00+00:00,backan_backancity,118.55334761208194
2025-11-30 23:00:00+00:00,backan_backancity,115.00537199955077
2025-12-01 00:00:00+00:00,bacgiang_bacgiangcity,160.1268577239885
2025-12-01 01:00:00+00:00,angiang_longxuyen,85.96955127238725
2025-12-01 02:00:00+00:00,bacgiang_bacgiangcity,157.28738257145847
2025-12-01 03:00:00+00:00,backan_backancity,111.12310168949892
2025-12-01 04:00:00+00:00,angiang_longxuyen,87.27432537424512
2025-12-01 05:00:00+00:00,backan_backancity,107.29666831330702
2025-12-01 06:00:00+00:00,angiang_longxuyen,88.41660737213219
2025-12-01 07:00:00+00:00,bacgiang_bacgiangcity,154.47865744036972
2025-12-01 08:00:00+00:00,backan_backancity,103.65751326803054
2025-12-01 09:00:00+00:00,bacgiang_bacgiangcity,151.75494679313198
2025-12-01 10:00:00+00:00,angiang_longxuyen,89.73651976215062
2025-12-01 11:00:00+00:00,backan_backancity,100.26079470352194
2025-12-01 12:00:00+00:00,angiang_longxuyen,91.53290923401694
2025-12-01 13:00:00+00:00,bacgiang_bacgiangcity,148.95090350823156
2025-12-01 14:00:00+00:00,bacgiang_bacgiangcity,146.23269247602607
2025-12-01 15:00:00+00:00,angiang_longxuyen,94.08195210782984
2025-12-01 16:00:00+00:00,backan_backancity,96.97491699439112
2025-12-01 17:00:00+00:00,backan_backancity,93.57813954813462
2025-12-01 18:00:00+00:00,angiang_longxuyen,97.19824978522489
2025-12-01 19:00:00+00:00,bacgiang_bacgiangcity,143.33650672796546
2025-12-01 20:00:00+00:00,bacgiang_bacgiangcity,140.10637718173456
2025-12-01 21:00:00+00:00,angiang_longxuyen,100.30881172281183
2025-12-01 22:00:00+00:00,backan_backancity,90.07159456810797
2025-12-01 23:00:00+00:00,backan_backancity,86.59981313292768
2025-12-02 00:00:00+00:00,angiang_longxuyen,102.79213330031276
2025-12-02 01:00:00+00:00,bacgiang_bacgiangcity,136.00904442584584
2025-12-02 02:00:00+00:00,backan_backancity,83.13883963685429
2025-12-02 03:00:00+00:00,bacgiang_bacgiangcity,130.62052400836592
2025-12-02 04:00:00+00:00,angiang_longxuyen,104.23247799388211
2025-12-02 05:00:00+00:00,backan_backancity,79.95430907265181
2025-12-02 06:00:00+00:00,angiang_longxuyen,104.10005413842387
2025-12-02 07:00:00+00:00,bacgiang_bacgiangcity,124.98233421967434
2025-12-02 08:00:00+00:00,bacgiang_bacgiangcity,118.96101972760219
2025-12-02 09:00:00+00:00,backan_backancity,77.14910369518371
2025-12-02 10:00:00+00:00,angiang_longxuyen,103.02792451254734
2025-12-02 11:00:00+00:00,backan_backancity,74.8695969541023
2025-12-02 12:00:00+00:00,angiang_longxuyen,101.89362652100495
2025-12-02 13:00:00+00:00,bacgiang_bacgiangcity,112.90934317606221
2025-12-02 14:00:00+00:00,backan_backancity,72.9631267095227
2025-12-02 15:00:00+00:00,bacgiang_bacgiangcity,107.03238259430165
2025-12-02 16:00:00+00:00,angiang_longxuyen,101.67183989911476
2025-12-02 17:00:00+00:00,backan_backancity,71.31360087038767
2025-12-02 18:00:00+00:00,bacgiang_bacgiangcity,101.70606633481911
2025-12-02 19:00:00+00:00,angiang_longxuyen,102.65007525510804
2025-12-02 20:00:00+00:00,angiang_longxuyen,104.87486695390687
2025-12-02 21:00:00+00:00,backan_backancity,69.82809985402156
2025-12-02 22:00:00+00:00,bacgiang_bacgiangcity,96.99642347808852
2025-12-02 23:00:00+00:00,backan_backancity,68.46389882503458
2025-12-03 00:00:00+00:00,angiang_longxuyen,108.02753098514886
2025-12-03 01:00:00+00:00,bacgiang_bacgiangcity,93.03803550706884
2025-12-03 02:00:00+00:00,bacgiang_bacgiangcity,89.71428218832449
2025-12-03 03:00:00+00:00,angiang_longxuyen,111.8360167861319
2025-12-03 04:00:00+00:00,backan_backancity,67.16319922057453
2025-12-03 05:00:00+00:00,angiang_longxuyen,115.68362995693259
2025-12-03 06:00:00+00:00,bacgiang_bacgiangcity,86.9545968853648
2025-12-03 07:00:00+00:00,backan_backancity,65.83181415537138
2025-12-03 08:00:00+00:00,angiang_longxuyen,119.02306734085103
2025-12-03 09:00:00+00:00,bacgiang_bacgiangcity,84.64541374334186
2025-12-03 10:00:00+00:00,backan_backancity,64.55228089537465
2025-12-03 11:00:00+00:00,bacgiang_bacgiangcity,82.6827924292828
2025-12-03 12:00:00+00:00,backan_backancity,63.4910417028305
2025-12-03 13:00:00+00:00,angiang_longxuyen,121.58011215453588
2025-12-03 14:00:00+00:00,backan_backancity,62.66810322077151
2025-12-03 15:00:00+00:00,bacgiang_bacgiangcity,80.89724437244097
2025-12-03 16:00:00+00:00,angiang_longxuyen,123.00991761301542
2025-12-03 17:00:00+00:00,backan_backancity,61.52612967955365
2025-12-03 18:00:00+00:00,bacgiang_bacgiangcity,78.94960114036544
2025-12-03 19:00:00+00:00,angiang_longxuyen,123.35329683767148
2025-12-03 20:00:00+00:00,angiang_longxuyen,122.62984758711472
2025-12-03 21:00:00+00:00,backan_backancity,60.339212327837295
2025-12-03 22:00:00+00:00,bacgiang_bacgiangcity,76.87435488385643
2025-12-03 23:00:00+00:00,backan_backancity,59.111640865347624
2025-12-04 00:00:00+00:00,bacgiang_bacgiangcity,74.70873321440844
2025-12-04 01:00:00+00:00,angiang_longxuyen,120.83891110310975
2025-12-04 02:00:00+00:00,bacgiang_bacgiangcity,72.54887179392253
2025-12-04 03:00:00+00:00,backan_backancity,57.98590792643375
2025-12-04 04:00:00+00:00,angiang_longxuyen,118.22495125168334
2025-12-04 05:00:00+00:00,angiang_longxuyen,115.12663253316987
2025-12-04 06:00:00+00:00,bacgiang_bacgiangcity,70.41361517286357
2025-12-04 07:00:00+00:00,angiang_longxuyen,111.99368118455918
2025-12-04 08:00:00+00:00,bacgiang_bacgiangcity,68.56969946257058
2025-12-04 09:00:00+00:00,angiang_longxuyen,109.33980518700699
2025-12-04 10:00:00+00:00,bacgiang_bacgiangcity,67.26597506984277
2025-12-04 11:00:00+00:00,backan_backancity,57.07685025524337
2025-12-04 12:00:00+00:00,bacgiang_bacgiangcity,66.52506215042159
2025-12-04 13:00:00+00:00,angiang_longxuyen,107.44443639359741
2025-12-04 14:00:00+00:00,bacgiang_bacgiangcity,66.33967730109472
2025-12-04 15:00:00+00:00,backan_backancity,56.80702479493845
2025-12-04 16:00:00+00:00,angiang_longxuyen,106.11186823865506
2025-12-04 17:00:00+00:00,bacgiang_bacgiangcity,66.73507810168212
2025-12-04 18:00:00+00:00,angiang_longxuyen,105.16600820473577
2025-12-04 19:00:00+00:00,backan_backancity,56.98939202940848
2025-12-04 20:00:00+00:00,backan_backancity,57.47459197892493
2025-12-04 21:00:00+00:00,bacgiang_bacgiangcity,68.46366688474843
2025-12-04 22:00:00+00:00,angiang_longxuyen,103.87073633175282
2025-12-04 23:00:00+00:00,bacgiang_bacgiangcity,72.79235170708591
2025-12-05 00:00:00+00:00,angiang_longxuyen,101.85062072702108
2025-12-05 01:00:00+00:00,backan_backancity,58.01399422128985
2025-12-05 02:00:00+00:00,bacgiang_bacgiangcity,79.21213363291018
2025-12-05 03:00:00+00:00,backan_backancity,58.48842448989093
2025-12-05 04:00:00+00:00,angiang_longxuyen,99.5797982965246
2025-12-05 05:00:00+00:00,backan_backancity,58.69494220776354
2025-12-05 06:00:00+00:00,bacgiang_bacgiangcity,87.08210665545641
2025-12-05 07:00:00+00:00,angiang_longxuyen,97.4212466213143
2025-12-05 08:00:00+00:00,angiang_longxuyen,95.88402232335395
2025-12-05 09:00:00+00:00,backan_backancity,58.79509737091206
2025-12-05 10:00:00+00:00,bacgiang_bacgiangcity,95.69366092020712
2025-12-05 11:00:00+00:00,angiang_longxuyen,94.73353812787364
2025-12-05 12:00:00+00:00,backan_backancity,58.667511084437365
2025-12-05 13:00:00+00:00,bacgiang_bacgiangcity,104.44443151331909
2025-12-05 14:00:00+00:00,bacgiang_bacgiangcity,113.08856427206324
2025-12-05 15:00:00+00:00,angiang_longxuyen,93.92352613227746
2025-12-05 16:00:00+00:00,backan_backancity,58.39085653694455
2025-12-05 17:00:00+00:00,backan_backancity,58.034524523319
2025-12-05 18:00:00+00:00,bacgiang_bacgiangcity,121.39117048896533
2025-12-05 19:00:00+00:00,angiang_longxuyen,93.3761625993691
2025-12-05 20:00:00+00:00,angiang_longxuyen,93.08063241663073
2025-12-05 21:00:00+00:00,backan_backancity,57.55798527190989
2025-12-05 22:00:00+00:00,bacgiang_bacgiangcity,129.1521004922435
2025-12-05 23:00:00+00:00,bacgiang_bacgiangcity,136.0879949863395
2025-12-06 00:00:00+00:00,angiang_longxuyen,92.77228693529871
2025-12-06 01:00:00+00:00,backan_backancity,57.0710828328704
2025-12-06 02:00:00+00:00,bacgiang_bacgiangcity,141.94862387842213
2025-12-06 03:00:00+00:00,angiang_longxuyen,92.4401735524794
2025-12-06 04:00:00+00:00,backan_backancity,56.70498541585713
2025-12-06 05:00:00+00:00,bacgiang_bacgiangcity,146.71235455231871
2025-12-06 06:00:00+00:00,angiang_longxuyen,92.06381098445155
2025-12-06 07:00:00+00:00,backan_backancity,56.5565101568077
2025-12-06 08:00:00+00:00,bacgiang_bacgiangcity,150.5400913970517
2025-12-06 09:00:00+00:00,angiang_longxuyen,91.51022929985126
2025-12-06 10:00:00+00:00,backan_backancity,56.66871186801386
2025-12-06 11:00:00+00:00,backan_backancity,57.1668717799107
2025-12-06 12:00:00+00:00,bacgiang_bacgiangcity,153.70377124687096
2025-12-06 13:00:00+00:00,angiang_longxuyen,90.69473562275009
2025-12-06 14:00:00+00:00,bacgiang_bacgiangcity,156.1330851102944
2025-12-06 15:00:00+00:00,angiang_longxuyen,90.59222638525405
2025-12-06 16:00:00+00:00,backan_backancity,57.63305262596339
2025-12-06 17:00:00+00:00,angiang_longxuyen,90.46746761824703
2025-12-06 18:00:00+00:00,bacgiang_bacgiangcity,157.77289815105505
2025-12-06 19:00:00+00:00,backan_backancity,57.754125455330296
2025-12-06 20:00:00+00:00,angiang_longxuyen,90.20460275766338
2025-12-06 21:00:00+00:00,bacgiang_bacgiangcity,158.32512645213
2025-12-06 22:00:00+00:00,backan_backancity,57.52129566623375
2025-12-06 23:00:00+00:00,angiang_longxuyen,89.71621542256518
2025-12-07 00:00:00+00:00,bacgiang_bacgiangcity,157.98634060159435
2025-12-07 01:00:00+00:00,backan_backancity,57.723786709447936
2025-12-07 02:00:00+00:00,backan_backancity,58.57072264214338
2025-12-07 03:00:00+00:00,bacgiang_bacgiangcity,157.18861905002683
2025-12-07 04:00:00+00:00,angiang_longxuyen,89.20878387706503
2025-12-07 05:00:00+00:00,bacgiang_bacgiangcity,156.318732984688
2025-12-07 06:00:00+00:00,angiang_longxuyen,89.07971269453162
2025-12-07 07:00:00+00:00,backan_backancity,60.172750936495376
2025-12-07 08:00:00+00:00,bacgiang_bacgiangcity,155.73535295116073
2025-12-07 09:00:00+00:00,backan_backancity,62.52227255921151
2025-12-07 10:00:00+00:00,angiang_longxuyen,89.43023424531873
2025-12-07 11:00:00+00:00,bacgiang_bacgiangcity,155.57524241961258
2025-12-07 12:00:00+00:00,backan_backancity,65.56081464681392
2025-12-07 13:00:00+00:00,angiang_longxuyen,90.32032063578474
2025-12-07 14:00:00+00:00,backan_backancity,69.20605513568044
2025-12-07 15:00:00+00:00,angiang_longxuyen,91.62841124462076
2025-12-07 16:00:00+00:00,bacgiang_bacgiangcity,155.5567924067478
2025-12-07 17:00:00+00:00,bacgiang_bacgiangcity,155.5454488529595
2025-12-07 18:00:00+00:00,angiang_longxuyen,93.24805026276087
2025-12-07 19:00:00+00:00,backan_backancity,72.95804554346029
2025-12-07 20:00:00+00:00,backan_backancity,76.77245658185637
2025-12-07 21:00:00+00:00,angiang_longxuyen,94.67642821246899
2025-12-07 22:00:00+00:00,bacgiang_bacgiangcity,155.45467172900948
2025-12-07 23:00:00+00:00,bacgiang_bacgiangcity,155.50430216797025
2025-12-08 00:00:00+00:00,angiang_longxuyen,95.72289854751453
2025-12-08 01:00:00+00:00,backan_backancity,79.63579289021555
2025-12-08 02:00:00+00:00,bacgiang_bacgiangcity,155.1572525480644
2025-12-08 03:00:00+00:00,angiang_longxuyen,94.88495568096533
2025-12-08 04:00:00+00:00,backan_backancity,80.6717314624743
2025-12-08 05:00:00+00:00,angiang_longxuyen,94.37193246165955
2025-12-08 06:00:00+00:00,backan_backancity,80.42969101376718
2025-12-08 07:00:00+00:00,bacgiang_bacgiangcity,154.35222368191484
2025-12-08 08:00:00+00:00,bacgiang_bacgiangcity,153.1198603809362
2025-12-08 09:00:00+00:00,angiang_longxuyen,94.95431897777559
2025-12-08 10:00:00+00:00,backan_backancity,79.47004644882782
2025-12-08 11:00:00+00:00,angiang_longxuyen,96.36427620604681
2025-12-08 12:00:00+00:00,bacgiang_bacgiangcity,151.54352724446974
2025-12-08 13:00:00+00:00,backan_backancity,78.5358124964745
2025-12-08 14:00:00+00:00,backan_backancity,77.88942839491014
2025-12-08 15:00:00+00:00,bacgiang_bacgiangcity,149.67838302015218
2025-12-08 16:00:00+00:00,angiang_longxuyen,97.99338472437455
2025-12-08 17:00:00+00:00,backan_backancity,78.01966884342215
2025-12-08 18:00:00+00:00,bacgiang_bacgiangcity,147.51150122152072
2025-12-08 19:00:00+00:00,angiang_longxuyen,99.58769622193833
2025-12-08 20:00:00+00:00,backan_backancity,79.11593101917398
2025-12-08 21:00:00+00:00,bacgiang_bacgiangcity,145.32188210143627
2025-12-08 22:00:00+00:00,angiang_longxuyen,100.97266517219091
2025-12-08 23:00:00+00:00,backan_backancity,81.03715936113582
2025-12-09 00:00:00+00:00,bacgiang_bacgiangcity,143.22812605363822
2025-12-09 01:00:00+00:00,angiang_longxuyen,102.26281209141568
2025-12-09 02:00:00+00:00,bacgiang_bacgiangcity,141.31951095919604
2025-12-09 03:00:00+00:00,angiang_longxuyen,103.80581307740476
2025-12-09 04:00:00+00:00,backan_backancity,83.56814915082106
2025-12-09 05:00:00+00:00,bacgiang_bacgiangcity,139.5558633258675
2025-12-09 06:00:00+00:00,angiang_longxuyen,105.40831145434056
2025-12-09 07:00:00+00:00,backan_backancity,86.52025522364349
2025-12-09 08:00:00+00:00,bacgiang_bacgiangcity,137.94664727378202
2025-12-09 09:00:00+00:00,angiang_longxuyen,107.31033665001493
2025-12-09 10:00:00+00:00,backan_backancity,89.84780805903404
2025-12-09 11:00:00+00:00,angiang_longxuyen,109.28589640622165
2025-12-09 12:00:00+00:00,backan_backancity,93.25966281945836
2025-12-09 13:00:00+00:00,bacgiang_bacgiangcity,136.51902133665115
2025-12-09 14:00:00+00:00,angiang_longxuyen,110.22896381632843
2025-12-09 15:00:00+00:00,backan_backancity,96.13636139899323
2025-12-09 16:00:00+00:00,bacgiang_bacgiangcity,135.13451955478416
2025-12-09 17:00:00+00:00,backan_backancity,98.035874630557
2025-12-09 18:00:00+00:00,angiang_longxuyen,110.55933645143317
2025-12-09 19:00:00+00:00,bacgiang_bacgiangcity,133.76297295302365
2025-12-09 20:00:00+00:00,bacgiang_bacgiangcity,132.43072707851113
2025-12-09 21:00:00+00:00,angiang_longxuyen,110.63089660533511
2025-12-09 22:00:00+00:00,backan_backancity,98.6265506207657
2025-12-09 23:00:00+00:00,backan_backancity,98.30036307314366
2025-12-10 00:00:00+00:00,angiang_longxuyen,110.60234164763278
2025-12-10 01:00:00+00:00,bacgiang_bacgiangcity,131.16642775215377
2025-12-10 02:00:00+00:00,angiang_longxuyen,110.50245668296193
2025-12-10 03:00:00+00:00,backan_backancity,97.67168534084622
2025-12-10 04:00:00+00:00,bacgiang_bacgiangcity,130.04309312362136
2025-12-10 05:00:00+00:00,bacgiang_bacgiangcity,128.98603602963868
2025-12-10 06:00:00+00:00,backan_backancity,96.80048056346817
2025-12-10 07:00:00+00:00,angiang_longxuyen,110.67937511406032
2025-12-10 08:00:00+00:00,backan_backancity,95.89626135793772
2025-12-10 09:00:00+00:00,bacgiang_bacgiangcity,128.18560771102048
2025-12-10 10:00:00+00:00,angiang_longxuyen,111.46082946192509
2025-12-10 11:00:00+00:00,angiang_longxuyen,113.32487974107862
2025-12-10 12:00:00+00:00,bacgiang_bacgiangcity,127.56509571147748
2025-12-10 13:00:00+00:00,backan_backancity,95.26431912589123
2025-12-10 14:00:00+00:00,backan_backancity,94.83906498022651
2025-12-10 15:00:00+00:00,bacgiang_bacgiangcity,127.12524845688148
2025-12-10 16:00:00+00:00,angiang_longxuyen,116.19687973646634
2025-12-10 17:00:00+00:00,backan_backancity,94.62488845063723
2025-12-10 18:00:00+00:00,angiang_longxuyen,119.94489129232718
2025-12-10 19:00:00+00:00,bacgiang_bacgiangcity,127.00594267773582
2025-12-10 20:00:00+00:00,backan_backancity,94.64866472110391
2025-12-10 21:00:00+00:00,bacgiang_bacgiangcity,127.49169019761851
2025-12-10 22:00:00+00:00,angiang_longxuyen,123.33577219481431
2025-12-10 23:00:00+00:00,backan_backancity,94.84556648164944
2025-12-11 00:00:00+00:00,angiang_longxuyen,124.79975297844544
2025-12-11 01:00:00+00:00,bacgiang_bacgiangcity,128.68412868459987
2025-12-11 02:00:00+00:00,angiang_longxuyen,123.69459816430015
2025-12-11 03:00:00+00:00,bacgiang_bacgiangcity,131.58413546953943
2025-12-11 04:00:00+00:00,backan_backancity,95.42770910179448
2025-12-11 05:00:00+00:00,angiang_longxuyen,121.81590575790744
2025-12-11 06:00:00+00:00,bacgiang_bacgiangcity,135.3340431970179
2025-12-11 07:00:00+00:00,backan_backancity,96.16666009333133
2025-12-11 08:00:00+00:00,bacgiang_bacgiangcity,139.04670179276914
2025-12-11 09:00:00+00:00,backan_backancity,97.20521397165162
2025-12-11 10:00:00+00:00,angiang_longxuyen,120.91336871723576
2025-12-11 11:00:00+00:00,backan_backancity,98.51340739937739
2025-12-11 12:00:00+00:00,bacgiang_bacgiangcity,142.5989294446182
2025-12-11 13:00:00+00:00,angiang_longxuyen,121.55524313447367
2025-12-11 14:00:00+00:00,angiang_longxuyen,123.29034776578474
2025-12-11 15:00:00+00:00,backan_backancity,99.82002506783955
2025-12-11 16:00:00+00:00,bacgiang_bacgiangcity,145.68484712901812
2025-12-11 17:00:00+00:00,backan_backancity,100.94306409206398
2025-12-11 18:00:00+00:00,angiang_longxuyen,125.10507964935215
2025-12-11 19:00:00+00:00,bacgiang_bacgiangcity,147.87294070371536
2025-12-11 20:00:00+00:00,bacgiang_bacgiangcity,149.16047231687858
2025-12-11 21:00:00+00:00,backan_backancity,101.72078527733346
2025-12-11 22:00:00+00:00,angiang_longxuyen,126.68188862207575
2025-12-11 23:00:00+00:00,angiang_longxuyen,128.12282601872167
2025-12-12 00:00:00+00:00,bacgiang_bacgiangcity,149.94591298896538
2025-12-12 01:00:00+00:00,backan_backancity,102.08309573116964
2025-12-12 02:00:00+00:00,backan_backancity,102.05566132003013
2025-12-12 03:00:00+00:00,angiang_longxuyen,129.47272804862476
2025-12-12 04:00:00+00:00,bacgiang_bacgiangcity,150.4767549609757
2025-12-12 05:00:00+00:00,backan_backancity,101.58745846877673
2025-12-12 06:00:00+00:00,angiang_longxuyen,130.83020041817662
2025-12-12 07:00:00+00:00,bacgiang_bacgiangcity,150.9049836810318
2025-12-12 08:00:00+00:00,backan_backancity,100.6316714055551
2025-12-12 09:00:00+00:00,bacgiang_bacgiangcity,151.32809058569697
2025-12-12 10:00:00+00:00,angiang_longxuyen,132.1673720348485
2025-12-12 11:00:00+00:00,angiang_longxuyen,133.6005238895183
2025-12-12 12:00:00+00:00,backan_backancity,99.31181879396094
2025-12-12 13:00:00+00:00,bacgiang_bacgiangcity,151.7718760428835
2025-12-12 14:00:00+00:00,bacgiang_bacgiangcity,151.94740462561774
2025-12-12 15:00:00+00:00,angiang_longxuyen,135.91853510923653
2025-12-12 16:00:00+00:00,backan_backancity,97.45281620495224
2025-12-12 17:00:00+00:00,angiang_longxuyen,138.1105621042503
2025-12-12 18:00:00+00:00,backan_backancity,95.0006902970455
2025-12-12 19:00:00+00:00,bacgiang_bacgiangcity,151.31001359019962
2025-12-12 20:00:00+00:00,angiang_longxuyen,139.6071460404749
2025-12-12 21:00:00+00:00,backan_backancity,92.20898169220767
2025-12-12 22:00:00+00:00,bacgiang_bacgiangcity,149.81887188171999
2025-12-12 23:00:00+00:00,backan_backancity,89.34322674880278
2025-12-13 00:00:00+00:00,bacgiang_bacgiangcity,147.61079557535984
2025-12-13 01:00:00+00:00,angiang_longxuyen,140.5392399252396
2025-12-13 02:00:00+00:00,backan_backancity,86.49834164887686
2025-12-13 03:00:00+00:00,bacgiang_bacgiangcity,145.1329248934754
2025-12-13 04:00:00+00:00,angiang_longxuyen,141.33725558665452
2025-12-13 05:00:00+00:00,angiang_longxuyen,142.22020921553738
2025-12-13 06:00:00+00:00,backan_backancity,83.69829873612818
2025-12-13 07:00:00+00:00,bacgiang_bacgiangcity,142.76505368564727
2025-12-13 08:00:00+00:00,angiang_longxuyen,143.53704660341168
2025-12-13 09:00:00+00:00,bacgiang_bacgiangcity,140.62118179808343
2025-12-13 10:00:00+00:00,backan_backancity,81.04499750812529
2025-12-13 11:00:00+00:00,angiang_longxuyen,145.69559768083775
2025-12-13 12:00:00+00:00,bacgiang_bacgiangcity,138.68179037969327
2025-12-13 13:00:00+00:00,backan_backancity,78.78064340202626
2025-12-13 14:00:00+00:00,bacgiang_bacgiangcity,136.85323294216212
2025-12-13 15:00:00+00:00,angiang_longxuyen,148.5219909230019
2025-12-13 16:00:00+00:00,backan_backancity,77.01615647962105
2025-12-13 17:00:00+00:00,bacgiang_bacgiangcity,135.24877764378502
2025-12-13 18:00:00+00:00,angiang_longxuyen,151.83065497189358
2025-12-13 19:00:00+00:00,backan_backancity,75.97801327907544
2025-12-13 20:00:00+00:00,bacgiang_bacgiangcity,133.6134360291593
2025-12-13 21:00:00+00:00,backan_backancity,75.49877921630052
2025-12-13 22:00:00+00:00,angiang_longxuyen,154.22486694458934
2025-12-13 23:00:00+00:00,backan_backancity,75.43206171254819
2025-12-14 00:00:00+00:00,angiang_longxuyen,154.22081157628728
2025-12-14 01:00:00+00:00,bacgiang_bacgiangcity,131.99873470886337
2025-12-14 02:00:00+00:00,angiang_longxuyen,152.26910819363576
2025-12-14 03:00:00+00:00,backan_backancity,75.21097001484007
2025-12-14 04:00:00+00:00,bacgiang_bacgiangcity,129.8468835972288
2025-12-14 08:00:00+00:00,angiang_longxuyen,149.28681999440255
2025-12-14 09:00:00+00:00,backan_backancity,74.93837322678628
2025-12-14 10:00:00+00:00,bacgiang_bacgiangcity,127.32511164056504
2025-12-14 11:00:00+00:00,angiang_longxuyen,146.21918255214246
2025-12-14 12:00:00+00:00,backan_backancity,74.6730909267254
2025-12-14 13:00:00+00:00,bacgiang_bacgiangcity,124.58961029692549
2025-12-14 14:00:00+00:00,angiang_longxuyen,143.3234463378323
2025-12-14 15:00:00+00:00,backan_backancity,74.33366425148165
2025-12-14 16:00:00+00:00,bacgiang_bacgiangcity,121.7619688812627
2025-12-14 17:00:00+00:00,backan_backancity,73.9210400912954
2025-12-14 18:00:00+00:00,angiang_longxuyen,140.54521776766597
2025-12-14 19:00:00+00:00,bacgiang_bacgiangcity,118.88234056115468
2025-12-14 20:00:00+00:00,bacgiang_bacgiangcity,115.845586446222
2025-12-14 21:00:00+00:00,angiang_longxuyen,137.79029082727766
2025-12-14 22:00:00+00:00,backan_backancity,73.45141122573116
2025-12-14 23:00:00+00:00,bacgiang_bacgiangcity,112.7219724874813
2025-12-15 00:00:00+00:00,angiang_longxuyen,134.75027819043837
2025-12-15 01:00:00+00:00,backan_backancity,72.97169654442516
2025-12-15 02:00:00+00:00,bacgiang_bacgiangcity,109.84137994138989
2025-12-15 03:00:00+00:00,backan_backancity,72.5740767687291
2025-12-15 04:00:00+00:00,angiang_longxuyen,131.45067176839112
2025-12-15 05:00:00+00:00,bacgiang_bacgiangcity,107.24338899932918
2025-12-15 06:00:00+00:00,angiang_longxuyen,128.0727077878189
2025-12-15 07:00:00+00:00,backan_backancity,72.22050651830455
2025-12-15 08:00:00+00:00,backan_backancity,71.98565621846788
2025-12-15 09:00:00+00:00,bacgiang_bacgiangcity,105.11051776156746
2025-12-15 10:00:00+00:00,angiang_longxuyen,124.70475908444786
2025-12-15 11:00:00+00:00,backan_backancity,71.84450979423319
2025-12-15 12:00:00+00:00,bacgiang_bacgiangcity,103.56819503652468
2025-12-15 13:00:00+00:00,angiang_longxuyen,121.51954943734576
2025-12-15 14:00:00+00:00,backan_backancity,71.8453777769535
2025-12-15 15:00:00+00:00,angiang_longxuyen,118.75354077266742
2025-12-15 16:00:00+00:00,bacgiang_bacgiangcity,102.817975513122
2025-12-15 17:00:00+00:00,angiang_longxuyen,115.14185451112441
2025-12-15 18:00:00+00:00,backan_backancity,72.18686082999191
2025-12-15 19:00:00+00:00,bacgiang_bacgiangcity,103.61111833628306
2025-12-15 20:00:00+00:00,angiang_longxuyen,111.62069490193375
2025-12-15 21:00:00+00:00,backan_backancity,72.72590679294822
2025-12-15 22:00:00+00:00,bacgiang_bacgiangcity,105.11442570133067
2025-12-15 23:00:00+00:00,backan_backancity,73.24016144779384
2025-12-16 00:00:00+00:00,bacgiang_bacgiangcity,106.03231937085754
2025-12-16 01:00:00+00:00,angiang_longxuyen,108.12648609643028
2025-12-16 02:00:00+00:00,bacgiang_bacgiangcity,106.5416565778002
2025-12-16 03:00:00+00:00,angiang_longxuyen,104.75998619789429
2025-12-16 04:00:00+00:00,backan_backancity,73.62896031920553
2025-12-16 05:00:00+00:00,angiang_longxuyen,101.76376148099732
2025-12-16 06:00:00+00:00,bacgiang_bacgiangcity,106.90882910977385
2025-12-16 07:00:00+00:00,backan_backancity,73.98517277598255
2025-12-16 08:00:00+00:00,angiang_longxuyen,99.4567025652806
2025-12-16 09:00:00+00:00,backan_backancity,74.33937189543036
2025-12-16 10:00:00+00:00,bacgiang_bacgiangcity,107.49658440089605
2025-12-16 11:00:00+00:00,bacgiang_bacgiangcity,108.73373625255036
2025-12-16 12:00:00+00:00,angiang_longxuyen,97.80866640447822
2025-12-16 13:00:00+00:00,backan_backancity,74.81672652454644
2025-12-16 14:00:00+00:00,backan_backancity,75.50487661557543
2025-12-16 15:00:00+00:00,bacgiang_bacgiangcity,110.8919029547084
2025-12-16 16:00:00+00:00,angiang_longxuyen,96.88459956652369
2025-12-16 17:00:00+00:00,angiang_longxuyen,96.61448716978231
2025-12-16 18:00:00+00:00,backan_backancity,76.39095067820486
2025-12-16 19:00:00+00:00,bacgiang_bacgiangcity,113.99006535264243
2025-12-16 20:00:00+00:00,backan_backancity,77.39595032920164
2025-12-16 21:00:00+00:00,angiang_longxuyen,96.65927914308315
2025-12-16 22:00:00+00:00,bacgiang_bacgiangcity,117.3931667584018
2025-12-16 23:00:00+00:00,backan_backancity,78.31504121112044
2025-12-17 00:00:00+00:00,angiang_longxuyen,96.25502396229382
2025-12-17 01:00:00+00:00,bacgiang_bacgiangcity,121.23776948775655
2025-12-17 02:00:00+00:00,backan_backancity,79.2026886418765
2025-12-17 03:00:00+00:00,angiang_longxuyen,94.96085275954762
2025-12-17 04:00:00+00:00,bacgiang_bacgiangcity,125.55435754816001
2025-12-17 05:00:00+00:00,angiang_longxuyen,92.93844823895083
2025-12-17 06:00:00+00:00,backan_backancity,79.94876880829105
2025-12-17 07:00:00+00:00,bacgiang_bacgiangcity,130.4657146274815
2025-12-17 08:00:00+00:00,bacgiang_bacgiangcity,135.1451625054401
2025-12-17 09:00:00+00:00,angiang_longxuyen,91.1792552937984
2025-12-17 10:00:00+00:00,backan_backancity,80.75430698661533
2025-12-17 11:00:00+00:00,angiang_longxuyen,90.42789788808986
2025-12-17 12:00:00+00:00,bacgiang_bacgiangcity,139.1637431652037
2025-12-17 13:00:00+00:00,backan_backancity,82.08996262244787
2025-12-17 14:00:00+00:00,angiang_longxuyen,90.99175428825261
2025-12-17 15:00:00+00:00,bacgiang_bacgiangcity,142.4656355141948
2025-12-17 16:00:00+00:00,backan_backancity,83.98228211843575
2025-12-17 17:00:00+00:00,angiang_longxuyen,93.07152696704688
2025-12-17 18:00:00+00:00,bacgiang_bacgiangcity,145.32210686831152
2025-12-17 19:00:00+00:00,backan_backancity,86.57284947687926
2025-12-17 20:00:00+00:00,backan_backancity,89.761416280288
2025-12-17 21:00:00+00:00,angiang_longxuyen,96.36558475575394
2025-12-17 22:00:00+00:00,bacgiang_bacgiangcity,147.79092470562546
2025-12-17 23:00:00+00:00,backan_backancity,93.4156402707529
2025-12-18 00:00:00+00:00,bacgiang_bacgiangcity,150.00865642307267
2025-12-18 01:00:00+00:00,angiang_longxuyen,100.53295152237315
2025-12-18 02:00:00+00:00,bacgiang_bacgiangcity,151.9533489921265
2025-12-18 03:00:00+00:00,angiang_longxuyen,105.02038587098434
2025-12-18 04:00:00+00:00,backan_backancity,97.40947445622402
2025-12-18 05:00:00+00:00,backan_backancity,101.58536951174082
2025-12-18 06:00:00+00:00,bacgiang_bacgiangcity,153.73325396571784
2025-12-18 07:00:00+00:00,angiang_longxuyen,108.81997738966724
2025-12-18 08:00:00+00:00,backan_backancity,105.8726577005526
2025-12-18 09:00:00+00:00,angiang_longxuyen,111.46567450321166
2025-12-18 10:00:00+00:00,bacgiang_bacgiangcity,155.37687847880954
2025-12-18 11:00:00+00:00,angiang_longxuyen,112.90715707908689
2025-12-18 12:00:00+00:00,backan_backancity,110.14215926756285
2025-12-18 13:00:00+00:00,bacgiang_bacgiangcity,156.89468136451086
2025-12-18 14:00:00+00:00,angiang_longxuyen,113.1505855828054
2025-12-18 15:00:00+00:00,bacgiang_bacgiangcity,158.32716370082892
2025-12-18 16:00:00+00:00,backan_backancity,114.24502511440143
2025-12-18 17:00:00+00:00,angiang_longxuyen,112.42965001498894
2025-12-18 18:00:00+00:00,bacgiang_bacgiangcity,159.7312488944847
2025-12-18 19:00:00+00:00,backan_backancity,118.04044275405619
2025-12-18 20:00:00+00:00,angiang_longxuyen,111.13702647564693
2025-12-18 21:00:00+00:00,backan_backancity,121.531912811052
2025-12-18 22:00:00+00:00,bacgiang_bacgiangcity,160.8505974976872
2025-12-18 23:00:00+00:00,angiang_longxuyen,109.38864714855171
2025-12-19 00:00:00+00:00,bacgiang_bacgiangcity,161.3111974300506
2025-12-19 01:00:00+00:00,backan_backancity,123.49452934283711
2025-12-19 02:00:00+00:00,bacgiang_bacgiangcity,161.16264087234418
2025-12-19 03:00:00+00:00,angiang_longxuyen,107.38522138098232
2025-12-19 04:00:00+00:00,backan_backancity,124.24251046314325
