epoch,train_loss,val_loss,val_mae,val_rmse,val_r2,train_sec
1,0.00503067,0.00110614,1.35535789,1.94824665,0.99695683,586.09
