time,location,predicted
2025-08-02 01:00:00+00:00,bacninh_bacninhcity,156.83905559519732
2025-08-02 02:00:00+00:00,binhduong_thudaumot,75.47232164692558
2025-08-02 03:00:00+00:00,bentre_bentrecity,131.19891737363454
2025-08-02 04:00:00+00:00,angiang_longxuyen,105.16714576851619
2025-08-02 05:00:00+00:00,bacninh_bacninhcity,155.44315047629553
2025-08-02 06:00:00+00:00,backan_backancity,94.94222499556221
2025-08-02 07:00:00+00:00,binhdinh_quynhon,28.734407299743523
2025-08-02 08:00:00+00:00,binhduong_thudaumot,75.79894726249607
2025-08-02 09:00:00+00:00,bacgiang_bacgiangcity,154.80045392399546
2025-08-02 10:00:00+00:00,backan_backancity,97.00576581825385
2025-08-02 11:00:00+00:00,bacgiang_bacgiangcity,152.95481941953892
2025-08-02 12:00:00+00:00,bacninh_bacninhcity,154.11381369301782
2025-08-02 13:00:00+00:00,binhdinh_quynhon,28.24553268318293
2025-08-02 14:00:00+00:00,angiang_longxuyen,107.66429343679668
2025-08-02 15:00:00+00:00,binhduong_thudaumot,76.21098000502133
2025-08-02 16:00:00+00:00,bentre_bentrecity,133.07490313176018
2025-08-02 17:00:00+00:00,bentre_bentrecity,134.6643805840948
2025-08-02 18:00:00+00:00,binhdinh_quynhon,27.793816254252718
2025-08-02 19:00:00+00:00,backan_backancity,99.29474895222206
2025-08-02 20:00:00+00:00,binhduong_thudaumot,76.69772700799166
2025-08-02 21:00:00+00:00,bacninh_bacninhcity,152.64752816486998
2025-08-02 22:00:00+00:00,bacgiang_bacgiangcity,150.8779254688041
2025-08-02 23:00:00+00:00,angiang_longxuyen,110.18621124470909
2025-08-03 00:00:00+00:00,binhduong_thudaumot,76.27532780776059
2025-08-03 01:00:00+00:00,angiang_longxuyen,110.2338800340791
2025-08-03 02:00:00+00:00,bacgiang_bacgiangcity,148.96954423252956
2025-08-03 03:00:00+00:00,bacninh_bacninhcity,151.19485650464466
2025-08-03 04:00:00+00:00,binhdinh_quynhon,27.25835809803135
2025-08-03 05:00:00+00:00,backan_backancity,101.73300886868117
2025-08-03 06:00:00+00:00,bentre_bentrecity,133.29003035897938
2025-08-03 07:00:00+00:00,angiang_longxuyen,109.6884842784344
2025-08-03 08:00:00+00:00,bacgiang_bacgiangcity,147.88921209824048
2025-08-03 09:00:00+00:00,binhdinh_quynhon,26.750566066121607
2025-08-03 10:00:00+00:00,binhduong_thudaumot,75.57821390450654
2025-08-03 11:00:00+00:00,bentre_bentrecity,131.33937322623692
2025-08-03 12:00:00+00:00,bacninh_bacninhcity,150.24222883669242
2025-08-03 13:00:00+00:00,backan_backancity,103.12400117770261
2025-08-03 14:00:00+00:00,binhduong_thudaumot,74.70286173396413
2025-08-03 15:00:00+00:00,binhdinh_quynhon,26.358165502749614
2025-08-03 16:00:00+00:00,backan_backancity,103.69846399471501
2025-08-03 17:00:00+00:00,bacgiang_bacgiangcity,147.16517065993906
2025-08-03 18:00:00+00:00,bacninh_bacninhcity,149.54568197938963
2025-08-03 19:00:00+00:00,bentre_bentrecity,129.21141178424347
2025-08-03 20:00:00+00:00,angiang_longxuyen,108.76041112969982
2025-08-03 21:00:00+00:00,backan_backancity,104.15618324832687
2025-08-03 22:00:00+00:00,bacgiang_bacgiangcity,146.58708399043977
2025-08-03 23:00:00+00:00,bentre_bentrecity,126.95011115459072
2025-08-04 00:00:00+00:00,binhdinh_quynhon,26.226606076962568
2025-08-04 01:00:00+00:00,bacninh_bacninhcity,149.0220507815805
2025-08-04 02:00:00+00:00,binhduong_thudaumot,73.71852714366094
2025-08-04 03:00:00+00:00,angiang_longxuyen,107.90521291588769
2025-08-04 04:00:00+00:00,angiang_longxuyen,107.24782737177635
2025-08-04 05:00:00+00:00,bacninh_bacninhcity,148.46717964043913
2025-08-04 06:00:00+00:00,binhdinh_quynhon,26.491707206820095
2025-08-04 07:00:00+00:00,bentre_bentrecity,124.68421697622347
2025-08-04 08:00:00+00:00,binhduong_thudaumot,72.70423441978089
2025-08-04 09:00:00+00:00,backan_backancity,104.56902546086029
2025-08-04 10:00:00+00:00,bacgiang_bacgiangcity,146.07700947944886
2025-08-04 11:00:00+00:00,binhdinh_quynhon,27.35248772594244
2025-08-04 12:00:00+00:00,binhduong_thudaumot,71.5754889504925
2025-08-04 13:00:00+00:00,bacgiang_bacgiangcity,145.6736587345977
2025-08-04 14:00:00+00:00,angiang_longxuyen,106.97455827854719
2025-08-04 15:00:00+00:00,backan_backancity,104.87366911127145
2025-08-04 16:00:00+00:00,bentre_bentrecity,122.58585628590481
2025-08-04 17:00:00+00:00,bacninh_bacninhcity,147.9466171618957
2025-08-04 18:00:00+00:00,backan_backancity,104.99771696511365
2025-08-04 19:00:00+00:00,bacgiang_bacgiangcity,145.44111747856402
2025-08-04 20:00:00+00:00,angiang_longxuyen,107.00141552848716
2025-08-04 21:00:00+00:00,bentre_bentrecity,120.5664198148375
2025-08-04 22:00:00+00:00,bacninh_bacninhcity,147.4657860206775
2025-08-04 23:00:00+00:00,binhdinh_quynhon,28.734207165878374
2025-08-05 00:00:00+00:00,binhduong_thudaumot,70.47111930947075
2025-08-05 01:00:00+00:00,angiang_longxuyen,107.28800781902517
2025-08-05 02:00:00+00:00,bacgiang_bacgiangcity,145.68390844754882
2025-08-05 03:00:00+00:00,binhdinh_quynhon,30.31639879250295
2025-08-05 04:00:00+00:00,backan_backancity,105.02039761189151
2025-08-05 05:00:00+00:00,binhduong_thudaumot,69.31316859114587
2025-08-05 06:00:00+00:00,bacninh_bacninhcity,147.35923856294278
2025-08-05 07:00:00+00:00,bentre_bentrecity,118.46929090080796
2025-08-05 08:00:00+00:00,bacninh_bacninhcity,147.635728262746
2025-08-05 09:00:00+00:00,bacgiang_bacgiangcity,146.38172281933092
2025-08-05 10:00:00+00:00,backan_backancity,104.75255417157217
2025-08-05 11:00:00+00:00,binhduong_thudaumot,68.33347520047745
2025-08-05 12:00:00+00:00,binhdinh_quynhon,31.749080891672918
2025-08-05 13:00:00+00:00,angiang_longxuyen,107.8986644881689
2025-08-05 14:00:00+00:00,bentre_bentrecity,116.29544519640879
2025-08-05 15:00:00+00:00,bentre_bentrecity,113.86070593841237
2025-08-05 16:00:00+00:00,angiang_longxuyen,108.62554353877269
2025-08-05 17:00:00+00:00,backan_backancity,104.35613306180198
2025-08-05 18:00:00+00:00,bacgiang_bacgiangcity,147.4713516481656
2025-08-05 19:00:00+00:00,binhduong_thudaumot,67.52622572519196
2025-08-05 20:00:00+00:00,binhdinh_quynhon,32.676091424885385
2025-08-05 21:00:00+00:00,bacninh_bacninhcity,148.3510829382813
2025-08-05 22:00:00+00:00,angiang_longxuyen,108.6919629652709
2025-08-05 23:00:00+00:00,bacninh_bacninhcity,149.18160512302904
2025-08-06 00:00:00+00:00,binhduong_thudaumot,66.97053737076787
2025-08-06 01:00:00+00:00,bentre_bentrecity,111.05731652698199
2025-08-06 02:00:00+00:00,binhdinh_quynhon,32.906455033862485
2025-08-06 03:00:00+00:00,bacgiang_bacgiangcity,148.4851630977509
2025-08-06 04:00:00+00:00,backan_backancity,103.77693195640475
2025-08-06 05:00:00+00:00,binhduong_thudaumot,66.73811285948888
2025-08-06 06:00:00+00:00,bacgiang_bacgiangcity,148.39310151977972
2025-08-06 07:00:00+00:00,backan_backancity,102.69415175608655
2025-08-06 08:00:00+00:00,angiang_longxuyen,107.76443899339247
2025-08-06 09:00:00+00:00,bentre_bentrecity,107.77813386787949
2025-08-06 10:00:00+00:00,bacninh_bacninhcity,149.25157096926873
2025-08-06 11:00:00+00:00,binhdinh_quynhon,32.51816674491023
2025-08-06 12:00:00+00:00,angiang_longxuyen,106.05392820355955
2025-08-06 13:00:00+00:00,bacninh_bacninhcity,148.53368126477483
2025-08-06 14:00:00+00:00,backan_backancity,100.74966571533794
2025-08-06 15:00:00+00:00,bentre_bentrecity,104.71779520777763
2025-08-06 16:00:00+00:00,bacgiang_bacgiangcity,147.35764225711355
2025-08-06 17:00:00+00:00,binhdinh_quynhon,31.786639347033628
2025-08-06 18:00:00+00:00,binhduong_thudaumot,67.12591272650832
2025-08-06 19:00:00+00:00,bacgiang_bacgiangcity,145.6992282184172
2025-08-06 20:00:00+00:00,binhdinh_quynhon,30.920278905147086
2025-08-06 21:00:00+00:00,bentre_bentrecity,101.30085433379682
2025-08-06 22:00:00+00:00,angiang_longxuyen,104.04852909796874
2025-08-06 23:00:00+00:00,bacninh_bacninhcity,147.1042156027234
2025-08-07 00:00:00+00:00,backan_backancity,98.5125774861862
2025-08-07 01:00:00+00:00,binhduong_thudaumot,67.44161436860578
2025-08-07 02:00:00+00:00,bentre_bentrecity,97.88966328789282
2025-08-07 03:00:00+00:00,bacninh_bacninhcity,145.73651506353235
2025-08-07 04:00:00+00:00,binhdinh_quynhon,30.084767669046542
2025-08-07 05:00:00+00:00,backan_backancity,96.55919777344108
2025-08-07 06:00:00+00:00,binhduong_thudaumot,67.51377692227014
2025-08-07 07:00:00+00:00,angiang_longxuyen,102.06675531865025
2025-08-07 08:00:00+00:00,bacgiang_bacgiangcity,144.18787921496536
2025-08-07 09:00:00+00:00,bentre_bentrecity,94.49277138970855
2025-08-07 10:00:00+00:00,angiang_longxuyen,100.0679263815106
2025-08-07 11:00:00+00:00,binhduong_thudaumot,67.59269637642947
2025-08-07 12:00:00+00:00,binhdinh_quynhon,29.44038427416872
2025-08-07 13:00:00+00:00,bacgiang_bacgiangcity,142.9110013298183
2025-08-07 14:00:00+00:00,bacninh_bacninhcity,144.62215064198293
2025-08-07 15:00:00+00:00,backan_backancity,94.89723478354814
2025-08-07 16:00:00+00:00,binhduong_thudaumot,67.81327486892812
2025-08-07 17:00:00+00:00,backan_backancity,93.45922412021842
2025-08-07 18:00:00+00:00,binhdinh_quynhon,28.979556989281946
2025-08-07 19:00:00+00:00,bacninh_bacninhcity,143.6685032443368
2025-08-07 20:00:00+00:00,angiang_longxuyen,98.19505595120705
2025-08-07 21:00:00+00:00,bacgiang_bacgiangcity,141.903417855513
2025-08-07 22:00:00+00:00,bentre_bentrecity,91.24411629268019
2025-08-07 23:00:00+00:00,bacgiang_bacgiangcity,141.00323479041532
2025-08-08 00:00:00+00:00,backan_backancity,92.27842538125822
2025-08-08 01:00:00+00:00,bacninh_bacninhcity,142.7910210776581
2025-08-08 02:00:00+00:00,bentre_bentrecity,88.1711036790582
2025-08-08 03:00:00+00:00,binhduong_thudaumot,68.15037177422901
2025-08-08 04:00:00+00:00,binhdinh_quynhon,28.73892937207762
2025-08-08 05:00:00+00:00,angiang_longxuyen,96.2757912447417
2025-08-08 06:00:00+00:00,bentre_bentrecity,85.2469025069088
2025-08-08 07:00:00+00:00,binhduong_thudaumot,68.53130037854481
2025-08-08 08:00:00+00:00,binhdinh_quynhon,28.753162701963745
2025-08-08 09:00:00+00:00,bacgiang_bacgiangcity,140.02905937631473
2025-08-08 10:00:00+00:00,backan_backancity,91.41523729938898
2025-08-08 11:00:00+00:00,bacninh_bacninhcity,141.85278398762887
2025-08-08 12:00:00+00:00,angiang_longxuyen,94.55349712687041
2025-08-08 13:00:00+00:00,backan_backancity,90.7541349834962
2025-08-08 14:00:00+00:00,bentre_bentrecity,82.36228018913974
2025-08-08 15:00:00+00:00,binhdinh_quynhon,28.997326017452465
2025-08-08 16:00:00+00:00,binhduong_thudaumot,68.63041429271667
2025-08-08 17:00:00+00:00,bacgiang_bacgiangcity,138.98869206886025
2025-08-08 18:00:00+00:00,angiang_longxuyen,93.06190776878357
2025-08-08 19:00:00+00:00,bacninh_bacninhcity,140.90441631194918
2025-08-08 20:00:00+00:00,bacninh_bacninhcity,139.3418663946619
2025-08-08 21:00:00+00:00,backan_backancity,90.25894066363414
2025-08-08 22:00:00+00:00,bentre_bentrecity,79.33321125419529
2025-08-08 23:00:00+00:00,angiang_longxuyen,91.59670927725449
2025-08-09 00:00:00+00:00,binhduong_thudaumot,68.42470050479778
2025-08-09 01:00:00+00:00,bacgiang_bacgiangcity,137.328908066206
2025-08-09 02:00:00+00:00,binhdinh_quynhon,29.480515879224257
2025-08-09 03:00:00+00:00,binhduong_thudaumot,68.0885423226263
2025-08-09 04:00:00+00:00,bacgiang_bacgiangcity,134.85479366151338
2025-08-09 05:00:00+00:00,binhdinh_quynhon,30.043968951107146
2025-08-09 06:00:00+00:00,bentre_bentrecity,76.41236232428722
2025-08-09 07:00:00+00:00,angiang_longxuyen,90.18554037731565
2025-08-09 08:00:00+00:00,backan_backancity,89.93466959916174
2025-08-09 09:00:00+00:00,bacninh_bacninhcity,136.91254862011976
2025-08-09 10:00:00+00:00,binhduong_thudaumot,67.69542461290416
2025-08-09 11:00:00+00:00,backan_backancity,89.88704905634847
2025-08-09 12:00:00+00:00,bacninh_bacninhcity,133.68794175128116
2025-08-09 13:00:00+00:00,bentre_bentrecity,74.1052763078883
2025-08-09 14:00:00+00:00,angiang_longxuyen,88.9767949692507
2025-08-09 15:00:00+00:00,bacgiang_bacgiangcity,131.77791894080315
2025-08-09 16:00:00+00:00,binhdinh_quynhon,30.610814768513606
2025-08-09 17:00:00+00:00,binhduong_thudaumot,67.51165883886392
2025-08-09 18:00:00+00:00,bacgiang_bacgiangcity,128.49514935867694
2025-08-09 19:00:00+00:00,bentre_bentrecity,72.66456026355999
2025-08-09 20:00:00+00:00,bacninh_bacninhcity,130.1042756679869
2025-08-09 21:00:00+00:00,backan_backancity,90.13658143927917
2025-08-09 22:00:00+00:00,binhdinh_quynhon,31.177598639723712
2025-08-09 23:00:00+00:00,angiang_longxuyen,88.13286619808358
2025-08-10 00:00:00+00:00,bentre_bentrecity,70.77013121674193
2025-08-10 01:00:00+00:00,angiang_longxuyen,87.51328272466284
2025-08-10 02:00:00+00:00,binhduong_thudaumot,67.62943523596144
2025-08-10 03:00:00+00:00,binhdinh_quynhon,31.607043028517424
2025-08-10 04:00:00+00:00,bacninh_bacninhcity,126.19227330108431
2025-08-10 05:00:00+00:00,backan_backancity,90.82348375031832
2025-08-10 06:00:00+00:00,bacgiang_bacgiangcity,124.7140702777757
2025-08-10 07:00:00+00:00,angiang_longxuyen,86.69462681033654
2025-08-10 08:00:00+00:00,binhdinh_quynhon,31.860503038551784
2025-08-10 09:00:00+00:00,bacninh_bacninhcity,123.30468233098213
2025-08-10 10:00:00+00:00,backan_backancity,91.34956301415657
2025-08-10 11:00:00+00:00,binhduong_thudaumot,67.72276909350393
2025-08-10 12:00:00+00:00,bentre_bentrecity,68.68834828158691
2025-08-10 13:00:00+00:00,bacgiang_bacgiangcity,121.8430451501071
2025-08-10 14:00:00+00:00,bacninh_bacninhcity,120.77123776545523
2025-08-10 15:00:00+00:00,bentre_bentrecity,66.6919415002885
2025-08-10 16:00:00+00:00,binhduong_thudaumot,67.78065781399992
2025-08-10 17:00:00+00:00,angiang_longxuyen,85.69387290417961
2025-08-10 18:00:00+00:00,binhdinh_quynhon,31.918942127176948
2025-08-10 19:00:00+00:00,bacgiang_bacgiangcity,119.44077880300503
2025-08-10 20:00:00+00:00,backan_backancity,91.12479183631024
2025-08-10 21:00:00+00:00,bentre_bentrecity,64.90130568801328
2025-08-10 22:00:00+00:00,binhdinh_quynhon,31.983961807892086
2025-08-10 23:00:00+00:00,bacninh_bacninhcity,118.35455701497
2025-08-11 00:00:00+00:00,backan_backancity,90.58280431273819
2025-08-11 01:00:00+00:00,binhduong_thudaumot,67.8333430540019
2025-08-11 02:00:00+00:00,bacgiang_bacgiangcity,117.36953267759581
2025-08-11 03:00:00+00:00,angiang_longxuyen,84.53130004658807
2025-08-11 04:00:00+00:00,bacninh_bacninhcity,116.05261253286875
2025-08-11 05:00:00+00:00,backan_backancity,90.10695090577921
2025-08-11 06:00:00+00:00,bacgiang_bacgiangcity,115.58929310485158
2025-08-11 07:00:00+00:00,binhduong_thudaumot,67.81966485733699
2025-08-11 08:00:00+00:00,binhdinh_quynhon,32.21313414386232
2025-08-11 09:00:00+00:00,angiang_longxuyen,83.28768965143095
2025-08-11 10:00:00+00:00,bentre_bentrecity,63.330952932531005
2025-08-11 11:00:00+00:00,bacninh_bacninhcity,114.18770442243401
2025-08-11 12:00:00+00:00,angiang_longxuyen,82.12779954065088
2025-08-11 13:00:00+00:00,binhduong_thudaumot,67.47807208770814
2025-08-11 14:00:00+00:00,backan_backancity,89.75824861884536
2025-08-11 15:00:00+00:00,binhdinh_quynhon,32.86306410586013
2025-08-11 16:00:00+00:00,bacgiang_bacgiangcity,114.33550328185075
2025-08-11 17:00:00+00:00,bentre_bentrecity,62.13342335982576
2025-08-11 18:00:00+00:00,bentre_bentrecity,61.313446323734844
2025-08-11 19:00:00+00:00,binhdinh_quynhon,33.86761698163598
2025-08-11 20:00:00+00:00,backan_backancity,89.96137853561233
2025-08-11 21:00:00+00:00,binhduong_thudaumot,66.92672473212109
2025-08-11 22:00:00+00:00,angiang_longxuyen,81.30308362053862
2025-08-11 23:00:00+00:00,bacninh_bacninhcity,113.08433425946504
2025-08-12 00:00:00+00:00,bacgiang_bacgiangcity,113.78615369109623
2025-08-12 01:00:00+00:00,backan_backancity,90.13998609753281
2025-08-12 02:00:00+00:00,bentre_bentrecity,60.81628282959242
2025-08-12 03:00:00+00:00,angiang_longxuyen,80.88089051053774
2025-08-12 04:00:00+00:00,bacninh_bacninhcity,113.3355796929796
2025-08-12 05:00:00+00:00,binhduong_thudaumot,66.62493954128992
2025-08-12 06:00:00+00:00,bacgiang_bacgiangcity,114.24702505308426
2025-08-12 07:00:00+00:00,binhdinh_quynhon,34.99495674877626
2025-08-12 08:00:00+00:00,bentre_bentrecity,60.576870310855114
2025-08-12 09:00:00+00:00,binhduong_thudaumot,66.51904490116294
2025-08-12 10:00:00+00:00,bacgiang_bacgiangcity,115.83233424116783
2025-08-12 11:00:00+00:00,angiang_longxuyen,80.91013507158347
2025-08-12 12:00:00+00:00,backan_backancity,90.221652627246
2025-08-12 13:00:00+00:00,binhdinh_quynhon,35.95481782642625
2025-08-12 14:00:00+00:00,bacninh_bacninhcity,114.94205303730328
2025-08-12 15:00:00+00:00,bentre_bentrecity,60.408047865413074
2025-08-12 16:00:00+00:00,binhdinh_quynhon,36.46188556434782
2025-08-12 17:00:00+00:00,binhduong_thudaumot,66.79978744560071
2025-08-12 18:00:00+00:00,bacninh_bacninhcity,118.06310016110841
2025-08-12 19:00:00+00:00,backan_backancity,90.1557537870518
2025-08-12 20:00:00+00:00,bacgiang_bacgiangcity,118.84114676990342
2025-08-12 21:00:00+00:00,angiang_longxuyen,81.32063464574888
2025-08-12 22:00:00+00:00,bentre_bentrecity,60.27850407355366
2025-08-12 23:00:00+00:00,angiang_longxuyen,81.7303193891776
2025-08-13 00:00:00+00:00,bacninh_bacninhcity,121.26291902122001
2025-08-13 01:00:00+00:00,backan_backancity,89.91663432147418
2025-08-13 02:00:00+00:00,binhdinh_quynhon,36.40548117001839
2025-08-13 03:00:00+00:00,binhduong_thudaumot,67.58622538145613
2025-08-13 04:00:00+00:00,bacgiang_bacgiangcity,121.99821084179834
2025-08-13 05:00:00+00:00,backan_backancity,89.60105954995194
2025-08-13 06:00:00+00:00,angiang_longxuyen,81.27715913736304
2025-08-13 07:00:00+00:00,bacninh_bacninhcity,121.90980408941226
2025-08-13 08:00:00+00:00,binhdinh_quynhon,35.93349880469525
2025-08-13 09:00:00+00:00,binhduong_thudaumot,69.1826979888871
2025-08-13 10:00:00+00:00,bentre_bentrecity,60.435849794847485
2025-08-13 11:00:00+00:00,bacgiang_bacgiangcity,122.50536911646843
2025-08-13 12:00:00+00:00,angiang_longxuyen,80.41885050972996
2025-08-13 13:00:00+00:00,binhdinh_quynhon,35.28599903963145
2025-08-13 14:00:00+00:00,bacgiang_bacgiangcity,118.82148123510595
2025-08-13 15:00:00+00:00,bacninh_bacninhcity,118.50979656558766
2025-08-13 16:00:00+00:00,binhduong_thudaumot,70.90146668320368
2025-08-13 17:00:00+00:00,backan_backancity,88.7027033020103
2025-08-13 18:00:00+00:00,bentre_bentrecity,60.278454040087375
2025-08-13 19:00:00+00:00,binhduong_thudaumot,72.28807034246779
2025-08-13 20:00:00+00:00,binhdinh_quynhon,34.66420218096395
2025-08-13 21:00:00+00:00,bacgiang_bacgiangcity,113.86491232339964
2025-08-13 22:00:00+00:00,bentre_bentrecity,60.1512403782294
2025-08-13 23:00:00+00:00,backan_backancity,87.64529721673851
2025-08-14 00:00:00+00:00,angiang_longxuyen,79.37536802336251
2025-08-14 01:00:00+00:00,bacninh_bacninhcity,114.08409226138821
2025-08-14 02:00:00+00:00,binhdinh_quynhon,34.155390419360316
2025-08-14 03:00:00+00:00,bacgiang_bacgiangcity,110.56933536517654
2025-08-14 04:00:00+00:00,binhduong_thudaumot,73.02962349397025
2025-08-14 05:00:00+00:00,angiang_longxuyen,78.66257696733801
2025-08-14 06:00:00+00:00,bentre_bentrecity,60.0978904078896
2025-08-14 07:00:00+00:00,backan_backancity,86.75291818110887
2025-08-14 08:00:00+00:00,bacninh_bacninhcity,111.22888604797788
2025-08-14 09:00:00+00:00,binhdinh_quynhon,33.782741162442285
2025-08-14 10:00:00+00:00,bacgiang_bacgiangcity,109.62414243206018
2025-08-14 11:00:00+00:00,bacninh_bacninhcity,110.37874478807993
2025-08-14 12:00:00+00:00,angiang_longxuyen,78.60734478564734
2025-08-14 13:00:00+00:00,bentre_bentrecity,60.01759145958831
2025-08-14 14:00:00+00:00,binhduong_thudaumot,73.25422848923212
2025-08-14 15:00:00+00:00,backan_backancity,86.0832035570129
2025-08-14 16:00:00+00:00,bacgiang_bacgiangcity,110.62959471895621
2025-08-14 17:00:00+00:00,binhduong_thudaumot,73.24902739128412
2025-08-14 18:00:00+00:00,binhdinh_quynhon,33.57119966697378
2025-08-14 19:00:00+00:00,bentre_bentrecity,59.94681554770396
2025-08-14 20:00:00+00:00,backan_backancity,85.51351417093903
2025-08-14 21:00:00+00:00,bacninh_bacninhcity,111.24412600355481
2025-08-14 22:00:00+00:00,angiang_longxuyen,79.01432891316946
2025-08-14 23:00:00+00:00,backan_backancity,85.04526763776545
2025-08-15 00:00:00+00:00,binhduong_thudaumot,73.09344951913249
2025-08-15 01:00:00+00:00,bentre_bentrecity,59.9139602381744
2025-08-15 02:00:00+00:00,binhdinh_quynhon,33.607609735155854
2025-08-15 03:00:00+00:00,bacgiang_bacgiangcity,113.04896774643699
2025-08-15 04:00:00+00:00,bacninh_bacninhcity,113.41209754075709
2025-08-15 05:00:00+00:00,angiang_longxuyen,79.71600658331286
2025-08-15 06:00:00+00:00,bacninh_bacninhcity,116.33576502259942
2025-08-15 07:00:00+00:00,bentre_bentrecity,60.146344246171154
2025-08-15 08:00:00+00:00,bacgiang_bacgiangcity,116.22300388486083
2025-08-15 09:00:00+00:00,binhduong_thudaumot,73.13085787409432
2025-08-15 10:00:00+00:00,backan_backancity,84.67529278874784
2025-08-15 11:00:00+00:00,angiang_longxuyen,80.58784807230401
2025-08-15 12:00:00+00:00,binhdinh_quynhon,33.88419950189166
2025-08-15 13:00:00+00:00,binhduong_thudaumot,73.6334893113383
2025-08-15 14:00:00+00:00,backan_backancity,84.27994144213784
2025-08-15 15:00:00+00:00,bacninh_bacninhcity,119.62607655413213
2025-08-15 16:00:00+00:00,bentre_bentrecity,60.79491615694114
2025-08-15 17:00:00+00:00,binhdinh_quynhon,34.33007392799617
2025-08-15 18:00:00+00:00,angiang_longxuyen,81.65261503348526
2025-08-15 19:00:00+00:00,bacgiang_bacgiangcity,119.69592803816315
2025-08-15 20:00:00+00:00,backan_backancity,83.80724788682959
2025-08-15 21:00:00+00:00,bacninh_bacninhcity,123.37199402096249
2025-08-15 22:00:00+00:00,bentre_bentrecity,61.841702043356655
2025-08-15 23:00:00+00:00,binhdinh_quynhon,34.93819497254477
2025-08-16 00:00:00+00:00,angiang_longxuyen,82.9101132893565
2025-08-16 01:00:00+00:00,bacgiang_bacgiangcity,123.3665022524008
2025-08-16 02:00:00+00:00,binhduong_thudaumot,74.65608044298422
2025-08-16 03:00:00+00:00,bacgiang_bacgiangcity,126.57166516322124
2025-08-16 04:00:00+00:00,binhduong_thudaumot,76.24788087768223
2025-08-16 05:00:00+00:00,binhdinh_quynhon,35.66614855140075
2025-08-16 06:00:00+00:00,backan_backancity,83.63536386975989
2025-08-16 07:00:00+00:00,bacninh_bacninhcity,126.75258617732108
2025-08-16 08:00:00+00:00,angiang_longxuyen,84.18762016665119
2025-08-16 09:00:00+00:00,bentre_bentrecity,63.24977244220463
2025-08-16 10:00:00+00:00,angiang_longxuyen,85.40664030440041
2025-08-16 11:00:00+00:00,binhduong_thudaumot,78.41983364927349
2025-08-16 12:00:00+00:00,backan_backancity,83.89454079895424
2025-08-16 13:00:00+00:00,bacninh_bacninhcity,129.95532365629953
2025-08-16 14:00:00+00:00,binhdinh_quynhon,36.44551747323338
2025-08-16 15:00:00+00:00,bacgiang_bacgiangcity,129.68526206564138
2025-08-16 16:00:00+00:00,bentre_bentrecity,64.92936254987116
2025-08-16 17:00:00+00:00,bentre_bentrecity,67.15609005431844
2025-08-16 18:00:00+00:00,angiang_longxuyen,86.76524070909196
2025-08-16 19:00:00+00:00,binhdinh_quynhon,37.19496161713336
2025-08-16 20:00:00+00:00,backan_backancity,84.89049506616647
2025-08-16 21:00:00+00:00,binhduong_thudaumot,80.91039834291799
2025-08-16 22:00:00+00:00,bacninh_bacninhcity,133.0548921277907
2025-08-16 23:00:00+00:00,bacgiang_bacgiangcity,132.93860005685977
2025-08-17 00:00:00+00:00,bacgiang_bacgiangcity,136.44893852148894
2025-08-17 01:00:00+00:00,backan_backancity,84.6816637167886
2025-08-17 02:00:00+00:00,binhdinh_quynhon,37.81678706635303
2025-08-17 03:00:00+00:00,bentre_bentrecity,68.85192436070668
2025-08-17 04:00:00+00:00,binhduong_thudaumot,81.75560296747547
2025-08-17 05:00:00+00:00,angiang_longxuyen,88.46405796308942
2025-08-17 06:00:00+00:00,bacninh_bacninhcity,136.2425719159623
2025-08-17 07:00:00+00:00,binhduong_thudaumot,82.28828426631782
2025-08-17 08:00:00+00:00,bentre_bentrecity,69.74424264141298
2025-08-17 09:00:00+00:00,bacninh_bacninhcity,139.19425813892627
2025-08-17 10:00:00+00:00,bacgiang_bacgiangcity,139.57987797634314
2025-08-17 11:00:00+00:00,angiang_longxuyen,89.62977995087465
2025-08-17 12:00:00+00:00,backan_backancity,84.06382426704992
2025-08-17 13:00:00+00:00,binhdinh_quynhon,38.1095590856142
2025-08-17 14:00:00+00:00,binhduong_thudaumot,82.58605010202379
2025-08-17 15:00:00+00:00,bacninh_bacninhcity,140.75399188682528
2025-08-17 16:00:00+00:00,bentre_bentrecity,70.01247920182459
2025-08-17 17:00:00+00:00,bacgiang_bacgiangcity,141.0570517397738
2025-08-17 18:00:00+00:00,angiang_longxuyen,89.83917477238477
2025-08-17 19:00:00+00:00,binhdinh_quynhon,38.00489383923033
2025-08-17 20:00:00+00:00,backan_backancity,83.4928947657759
2025-08-17 21:00:00+00:00,angiang_longxuyen,89.85113694028328
2025-08-17 22:00:00+00:00,backan_backancity,82.9585027988957
2025-08-17 23:00:00+00:00,bacgiang_bacgiangcity,141.73254642049915
2025-08-18 00:00:00+00:00,binhduong_thudaumot,82.73215854504377
2025-08-18 01:00:00+00:00,binhdinh_quynhon,37.76162636104278
2025-08-18 02:00:00+00:00,bentre_bentrecity,69.82640950578906
2025-08-18 03:00:00+00:00,bacninh_bacninhcity,141.6720869328543
2025-08-18 04:00:00+00:00,angiang_longxuyen,90.00443233335373
2025-08-18 05:00:00+00:00,binhduong_thudaumot,82.693199152627
2025-08-18 06:00:00+00:00,bacgiang_bacgiangcity,142.09452187127556
2025-08-18 07:00:00+00:00,bacninh_bacninhcity,142.25667795297116
2025-08-18 08:00:00+00:00,backan_backancity,82.53812518895728
2025-08-18 09:00:00+00:00,binhdinh_quynhon,37.63421733041168
2025-08-18 10:00:00+00:00,bentre_bentrecity,69.55955958715744
2025-08-18 11:00:00+00:00,binhduong_thudaumot,82.67426505945576
2025-08-18 12:00:00+00:00,bacgiang_bacgiangcity,142.31704690386744
2025-08-18 13:00:00+00:00,bacninh_bacninhcity,142.63158109841817
2025-08-18 14:00:00+00:00,bentre_bentrecity,69.40066282840867
2025-08-18 15:00:00+00:00,angiang_longxuyen,90.20193348516322
2025-08-18 16:00:00+00:00,binhdinh_quynhon,37.76479991233309
2025-08-18 17:00:00+00:00,backan_backancity,82.25645226030116
2025-08-18 18:00:00+00:00,bentre_bentrecity,69.81539023047547
2025-08-18 19:00:00+00:00,binhdinh_quynhon,38.11799806359489
2025-08-18 20:00:00+00:00,bacninh_bacninhcity,143.00182874895435
2025-08-18 21:00:00+00:00,binhduong_thudaumot,83.01353008162917
2025-08-18 22:00:00+00:00,backan_backancity,81.73699766565412
2025-08-18 23:00:00+00:00,angiang_longxuyen,90.47442408148238
2025-08-19 00:00:00+00:00,bacgiang_bacgiangcity,142.5692393994225
2025-08-19 01:00:00+00:00,binhdinh_quynhon,38.559035921291496
2025-08-19 02:00:00+00:00,binhduong_thudaumot,84.16346472389081
2025-08-19 03:00:00+00:00,bacgiang_bacgiangcity,142.92721693798788
2025-08-19 04:00:00+00:00,angiang_longxuyen,90.68603347951228
2025-08-19 05:00:00+00:00,bacninh_bacninhcity,143.42624120056703
2025-08-19 06:00:00+00:00,bentre_bentrecity,70.85966253084649
2025-08-19 07:00:00+00:00,backan_backancity,81.30528628432833
2025-08-19 08:00:00+00:00,binhdinh_quynhon,38.9582172106186
2025-08-19 09:00:00+00:00,bentre_bentrecity,72.04770957041701
2025-08-19 10:00:00+00:00,backan_backancity,81.07987122342178
2025-08-19 11:00:00+00:00,binhduong_thudaumot,86.27513312496924
2025-08-19 12:00:00+00:00,angiang_longxuyen,90.47269792689542
2025-08-19 13:00:00+00:00,bacninh_bacninhcity,144.09853373944986
2025-08-19 14:00:00+00:00,bacgiang_bacgiangcity,143.58387520992852
2025-08-19 15:00:00+00:00,bacninh_bacninhcity,145.03665170217843
2025-08-19 16:00:00+00:00,backan_backancity,81.10076972578136
2025-08-19 17:00:00+00:00,bentre_bentrecity,72.79053023639878
2025-08-19 18:00:00+00:00,binhdinh_quynhon,39.198511271380994
2025-08-19 19:00:00+00:00,angiang_longxuyen,89.71860186190361
2025-08-19 20:00:00+00:00,bacgiang_bacgiangcity,144.5709640234236
2025-08-19 21:00:00+00:00,binhduong_thudaumot,88.98979771412071
2025-08-19 22:00:00+00:00,bentre_bentrecity,73.05778995294474
2025-08-19 23:00:00+00:00,binhduong_thudaumot,90.5867408743894
2025-08-20 00:00:00+00:00,backan_backancity,81.32914390883698
2025-08-20 01:00:00+00:00,bacgiang_bacgiangcity,145.6961261435073
2025-08-20 02:00:00+00:00,angiang_longxuyen,88.53230241983417
2025-08-20 03:00:00+00:00,bacninh_bacninhcity,146.09844286338853
2025-08-20 04:00:00+00:00,binhdinh_quynhon,39.16284932264724
2025-08-20 05:00:00+00:00,binhduong_thudaumot,90.20717091693794
2025-08-20 06:00:00+00:00,bacgiang_bacgiangcity,145.9805449564443
2025-08-20 07:00:00+00:00,backan_backancity,81.24669709530428
2025-08-20 08:00:00+00:00,angiang_longxuyen,87.22040468210406
2025-08-20 09:00:00+00:00,bacninh_bacninhcity,146.55473854575715
2025-08-20 10:00:00+00:00,bentre_bentrecity,73.38151601001651
2025-08-20 11:00:00+00:00,binhdinh_quynhon,38.79819589015135
2025-08-20 12:00:00+00:00,backan_backancity,80.06383447585968
2025-08-20 13:00:00+00:00,bentre_bentrecity,73.99147876263375
2025-08-20 14:00:00+00:00,angiang_longxuyen,86.17947032869832
2025-08-20 15:00:00+00:00,binhduong_thudaumot,89.20507623301178
2025-08-20 16:00:00+00:00,bacgiang_bacgiangcity,144.7576507988767
2025-08-20 17:00:00+00:00,binhdinh_quynhon,38.223001631512716
2025-08-20 18:00:00+00:00,bacninh_bacninhcity,145.68477569429783
2025-08-20 19:00:00+00:00,bacninh_bacninhcity,144.2758285185168
2025-08-20 20:00:00+00:00,backan_backancity,78.57539960869504
2025-08-20 21:00:00+00:00,binhdinh_quynhon,37.549937147721415
2025-08-20 22:00:00+00:00,angiang_longxuyen,85.24135236596977
2025-08-20 23:00:00+00:00,binhduong_thudaumot,88.79297677919814
2025-08-21 00:00:00+00:00,bacgiang_bacgiangcity,142.92256144307703
2025-08-21 01:00:00+00:00,bentre_bentrecity,74.5526898587177
2025-08-21 02:00:00+00:00,bentre_bentrecity,75.0542348549794
2025-08-21 03:00:00+00:00,binhdinh_quynhon,36.90490570032786
2025-08-21 04:00:00+00:00,bacgiang_bacgiangcity,141.07697458954075
2025-08-21 05:00:00+00:00,binhduong_thudaumot,89.55958001948912
2025-08-21 06:00:00+00:00,backan_backancity,77.5161673019037
2025-08-21 07:00:00+00:00,bacninh_bacninhcity,142.80680306245313
2025-08-21 08:00:00+00:00,angiang_longxuyen,84.65022959595623
2025-08-21 09:00:00+00:00,bacninh_bacninhcity,141.41451941349226
2025-08-21 10:00:00+00:00,bacgiang_bacgiangcity,139.38343705750975
2025-08-21 11:00:00+00:00,binhdinh_quynhon,36.408263983762446
2025-08-21 12:00:00+00:00,binhduong_thudaumot,90.99173319344403
2025-08-21 13:00:00+00:00,angiang_longxuyen,84.53699433156092
2025-08-21 14:00:00+00:00,backan_backancity,77.05675048425707
2025-08-21 15:00:00+00:00,bentre_bentrecity,75.45463600786555
2025-08-21 16:00:00+00:00,bacninh_bacninhcity,139.98277127235966
2025-08-21 17:00:00+00:00,backan_backancity,77.00182326845616
2025-08-21 18:00:00+00:00,bacgiang_bacgiangcity,137.74118144587862
2025-08-21 19:00:00+00:00,angiang_longxuyen,84.69936960748976
2025-08-21 20:00:00+00:00,bentre_bentrecity,75.88461646951235
2025-08-21 21:00:00+00:00,binhdinh_quynhon,36.17344501373964
2025-08-21 22:00:00+00:00,binhduong_thudaumot,92.66841540370079
2025-08-21 23:00:00+00:00,angiang_longxuyen,85.19340243617012
2025-08-22 00:00:00+00:00,backan_backancity,77.2559742168345
2025-08-22 01:00:00+00:00,bentre_bentrecity,76.4504211143108
2025-08-22 02:00:00+00:00,bacgiang_bacgiangcity,135.978552461995
2025-08-22 03:00:00+00:00,binhduong_thudaumot,94.07626482140599
2025-08-22 04:00:00+00:00,binhdinh_quynhon,36.3398277320636
2025-08-22 05:00:00+00:00,bacninh_bacninhcity,138.36378360509877
2025-08-22 06:00:00+00:00,bacgiang_bacgiangcity,133.87096655351112
2025-08-22 07:00:00+00:00,bacninh_bacninhcity,136.4473017123775
2025-08-22 08:00:00+00:00,backan_backancity,77.6162771203093
2025-08-22 09:00:00+00:00,binhduong_thudaumot,95.10430826069523
2025-08-22 10:00:00+00:00,angiang_longxuyen,86.1291700172561
2025-08-22 11:00:00+00:00,binhdinh_quynhon,36.77202157895717
2025-08-22 12:00:00+00:00,bentre_bentrecity,77.07988024095852
2025-08-22 13:00:00+00:00,bacninh_bacninhcity,133.71280838402663
2025-08-22 14:00:00+00:00,backan_backancity,77.92502887568466
2025-08-22 15:00:00+00:00,bentre_bentrecity,77.81225582521601
2025-08-22 16:00:00+00:00,binhduong_thudaumot,95.69786807746257
2025-08-22 17:00:00+00:00,bacgiang_bacgiangcity,130.9830730000652
2025-08-22 18:00:00+00:00,angiang_longxuyen,87.25459540867433
2025-08-22 19:00:00+00:00,binhdinh_quynhon,37.37487243172337
2025-08-22 20:00:00+00:00,bentre_bentrecity,78.59476494269477
2025-08-22 21:00:00+00:00,backan_backancity,78.05437491622494
2025-08-22 22:00:00+00:00,bacgiang_bacgiangcity,127.43377037792723
2025-08-22 23:00:00+00:00,bacninh_bacninhcity,130.1065057310558
2025-08-23 00:00:00+00:00,binhduong_thudaumot,96.00065393761953
2025-08-23 01:00:00+00:00,angiang_longxuyen,88.13529996883662
2025-08-23 02:00:00+00:00,binhdinh_quynhon,38.0906845560933
2025-08-23 03:00:00+00:00,bentre_bentrecity,79.28810251051704
2025-08-23 04:00:00+00:00,backan_backancity,78.1408899270761
2025-08-23 05:00:00+00:00,bacninh_bacninhcity,125.99164624890477
2025-08-23 06:00:00+00:00,angiang_longxuyen,88.62593409562838
2025-08-23 07:00:00+00:00,bacgiang_bacgiangcity,123.62751969839076
2025-08-23 08:00:00+00:00,binhdinh_quynhon,38.87892607928112
2025-08-23 09:00:00+00:00,binhduong_thudaumot,95.99077500839178
2025-08-23 10:00:00+00:00,angiang_longxuyen,88.74584882777323
2025-08-23 11:00:00+00:00,bacgiang_bacgiangcity,119.28957528533465
2025-08-23 12:00:00+00:00,binhdinh_quynhon,39.729552187292875
2025-08-23 13:00:00+00:00,bentre_bentrecity,79.85821718105436
2025-08-23 14:00:00+00:00,bacninh_bacninhcity,121.17397381343484
2025-08-23 15:00:00+00:00,binhduong_thudaumot,95.7598437578269
2025-08-23 16:00:00+00:00,backan_backancity,78.34021849167814
2025-08-23 17:00:00+00:00,bacgiang_bacgiangcity,114.8519975630757
2025-08-23 18:00:00+00:00,bentre_bentrecity,80.49376013894816
2025-08-23 19:00:00+00:00,bacninh_bacninhcity,116.18855584332108
2025-08-23 20:00:00+00:00,binhdinh_quynhon,40.611742264894744
2025-08-23 21:00:00+00:00,angiang_longxuyen,88.46551608124983
2025-08-23 22:00:00+00:00,backan_backancity,78.69009299125076
2025-08-23 23:00:00+00:00,binhduong_thudaumot,95.46034402425941
2025-08-24 00:00:00+00:00,binhduong_thudaumot,95.30507677654434
2025-08-24 01:00:00+00:00,bentre_bentrecity,80.0147194810593
2025-08-24 02:00:00+00:00,bacninh_bacninhcity,112.10000324298086
2025-08-24 03:00:00+00:00,bacgiang_bacgiangcity,111.13356038196788
2025-08-24 04:00:00+00:00,angiang_longxuyen,87.06838633369698
2025-08-24 05:00:00+00:00,binhdinh_quynhon,41.30339537268529
2025-08-24 06:00:00+00:00,backan_backancity,78.20492799883357
2025-08-24 07:00:00+00:00,backan_backancity,77.77990323289535
2025-08-24 08:00:00+00:00,bentre_bentrecity,79.45844978540786
2025-08-24 09:00:00+00:00,angiang_longxuyen,85.67416924864594
2025-08-24 10:00:00+00:00,binhdinh_quynhon,41.68225830960717
2025-08-24 11:00:00+00:00,binhduong_thudaumot,95.04839541539027
2025-08-24 12:00:00+00:00,bacninh_bacninhcity,108.80984895948505
2025-08-24 13:00:00+00:00,bacgiang_bacgiangcity,107.99351483624915
2025-08-24 14:00:00+00:00,bacninh_bacninhcity,106.21517653522389
2025-08-24 15:00:00+00:00,angiang_longxuyen,84.36846493927858
2025-08-24 16:00:00+00:00,backan_backancity,77.4516384256674
2025-08-24 17:00:00+00:00,binhdinh_quynhon,41.70215733391398
2025-08-24 18:00:00+00:00,bentre_bentrecity,78.79742907171605
2025-08-24 19:00:00+00:00,bacgiang_bacgiangcity,105.57834700248264
2025-08-24 20:00:00+00:00,binhduong_thudaumot,94.52020998087586
2025-08-24 21:00:00+00:00,binhdinh_quynhon,41.59065418047065
2025-08-24 22:00:00+00:00,binhduong_thudaumot,93.8443418360629
2025-08-24 23:00:00+00:00,bentre_bentrecity,78.12192486080667
2025-08-25 00:00:00+00:00,backan_backancity,77.36309825070457
2025-08-25 01:00:00+00:00,bacninh_bacninhcity,103.7686728606481
2025-08-25 02:00:00+00:00,angiang_longxuyen,83.19138714155534
2025-08-25 03:00:00+00:00,bacgiang_bacgiangcity,103.39185057438699
2025-08-25 04:00:00+00:00,bacninh_bacninhcity,101.79853960551625
2025-08-25 05:00:00+00:00,angiang_longxuyen,82.14418550086042
2025-08-25 06:00:00+00:00,binhdinh_quynhon,41.6372520154075
2025-08-25 07:00:00+00:00,bacgiang_bacgiangcity,101.67297019822603
2025-08-25 08:00:00+00:00,bentre_bentrecity,77.45534804981081
2025-08-25 09:00:00+00:00,backan_backancity,77.44687809873194
2025-08-25 10:00:00+00:00,binhduong_thudaumot,93.01066694730244
2025-08-25 11:00:00+00:00,backan_backancity,77.67398714985427
2025-08-25 12:00:00+00:00,binhduong_thudaumot,91.88144973390332
2025-08-25 13:00:00+00:00,bentre_bentrecity,76.78216443871882
2025-08-25 14:00:00+00:00,bacninh_bacninhcity,100.36371410838866
2025-08-25 15:00:00+00:00,angiang_longxuyen,81.25153008989318
2025-08-25 16:00:00+00:00,bacgiang_bacgiangcity,100.47008734244615
2025-08-25 17:00:00+00:00,binhdinh_quynhon,42.01484267275804
2025-08-25 18:00:00+00:00,bacninh_bacninhcity,99.17812764321383
2025-08-25 19:00:00+00:00,binhduong_thudaumot,90.71051711798604
2025-08-25 20:00:00+00:00,binhdinh_quynhon,42.71582583073842
2025-08-25 21:00:00+00:00,angiang_longxuyen,80.18657252503083
2025-08-25 22:00:00+00:00,bacgiang_bacgiangcity,99.49916991111024
2025-08-25 23:00:00+00:00,backan_backancity,77.8205899711721
2025-08-26 00:00:00+00:00,bentre_bentrecity,76.1536750082987
2025-08-26 01:00:00+00:00,backan_backancity,77.94675769533004
2025-08-26 02:00:00+00:00,binhduong_thudaumot,89.57208421660576
2025-08-26 03:00:00+00:00,bacninh_bacninhcity,98.27700243007685
2025-08-26 04:00:00+00:00,bentre_bentrecity,75.7989162893979
2025-08-26 05:00:00+00:00,bacgiang_bacgiangcity,98.84973596541066
2025-08-26 06:00:00+00:00,angiang_longxuyen,79.13616516867441
2025-08-26 07:00:00+00:00,binhdinh_quynhon,43.57682077900199
2025-08-26 08:00:00+00:00,angiang_longxuyen,78.32240181258734
2025-08-26 09:00:00+00:00,bentre_bentrecity,75.48893990537147
2025-08-26 10:00:00+00:00,bacgiang_bacgiangcity,98.25747523185731
2025-08-26 11:00:00+00:00,backan_backancity,78.1238690183539
2025-08-26 12:00:00+00:00,binhduong_thudaumot,88.57132018462828
2025-08-26 13:00:00+00:00,bacninh_bacninhcity,97.53350095157165
2025-08-26 14:00:00+00:00,binhdinh_quynhon,44.33686725266314
2025-08-26 15:00:00+00:00,binhdinh_quynhon,44.73758766671513
2025-08-26 16:00:00+00:00,backan_backancity,78.23969411026616
2025-08-26 17:00:00+00:00,bacgiang_bacgiangcity,97.45719931984493
2025-08-26 18:00:00+00:00,binhduong_thudaumot,87.52359200126433
2025-08-26 19:00:00+00:00,angiang_longxuyen,77.76512429997209
2025-08-26 20:00:00+00:00,bacninh_bacninhcity,96.7849621751569
2025-08-26 21:00:00+00:00,bentre_bentrecity,75.28968758224187
2025-08-26 22:00:00+00:00,bentre_bentrecity,75.22855383407514
2025-08-26 23:00:00+00:00,angiang_longxuyen,77.32879197065263
2025-08-27 00:00:00+00:00,binhdinh_quynhon,44.71831763455595
2025-08-27 01:00:00+00:00,binhduong_thudaumot,86.80468971471457
2025-08-27 02:00:00+00:00,bacgiang_bacgiangcity,96.47926990668144
2025-08-27 03:00:00+00:00,backan_backancity,78.1490358518971
2025-08-27 04:00:00+00:00,bacninh_bacninhcity,96.03431484551999
2025-08-27 05:00:00+00:00,binhdinh_quynhon,44.403402232643025
2025-08-27 06:00:00+00:00,binhduong_thudaumot,86.49759740263778
2025-08-27 07:00:00+00:00,bacgiang_bacgiangcity,95.30680829185982
2025-08-27 08:00:00+00:00,bentre_bentrecity,75.41951013198488
2025-08-27 09:00:00+00:00,angiang_longxuyen,76.90271888446837
2025-08-27 10:00:00+00:00,backan_backancity,77.83004391375465
2025-08-27 11:00:00+00:00,bacninh_bacninhcity,95.07069545044243
2025-08-27 12:00:00+00:00,bacgiang_bacgiangcity,95.67682662234218
2025-08-27 13:00:00+00:00,bacninh_bacninhcity,95.55281927178221
2025-08-27 14:00:00+00:00,angiang_longxuyen,76.16765817085337
2025-08-27 15:00:00+00:00,backan_backancity,77.2716084837767
2025-08-27 16:00:00+00:00,bentre_bentrecity,75.59301904543595
2025-08-27 17:00:00+00:00,binhdinh_quynhon,44.00012296417227
2025-08-27 18:00:00+00:00,binhduong_thudaumot,86.53589802108175
2025-08-27 19:00:00+00:00,bacninh_bacninhcity,96.26290047953432
2025-08-27 20:00:00+00:00,angiang_longxuyen,75.50074542086958
2025-08-27 21:00:00+00:00,bacgiang_bacgiangcity,96.35774070179401
2025-08-27 22:00:00+00:00,backan_backancity,76.55989433855042
2025-08-27 23:00:00+00:00,bentre_bentrecity,75.6140521616453
2025-08-28 00:00:00+00:00,binhdinh_quynhon,43.64070160272256
2025-08-28 01:00:00+00:00,binhduong_thudaumot,85.92528483340277
2025-08-28 02:00:00+00:00,angiang_longxuyen,75.06200910262226
2025-08-28 03:00:00+00:00,bacgiang_bacgiangcity,97.23238198016958
2025-08-28 04:00:00+00:00,bentre_bentrecity,75.57292465235602
2025-08-28 05:00:00+00:00,bacninh_bacninhcity,97.11073975325563
2025-08-28 06:00:00+00:00,backan_backancity,75.86976606020866
2025-08-28 07:00:00+00:00,binhdinh_quynhon,43.40567296865054
2025-08-28 08:00:00+00:00,binhduong_thudaumot,84.74474519632156
2025-08-28 09:00:00+00:00,angiang_longxuyen,74.94118304662713
2025-08-28 10:00:00+00:00,bacgiang_bacgiangcity,98.08069374254723
2025-08-28 11:00:00+00:00,backan_backancity,75.17962348659084
2025-08-28 12:00:00+00:00,bentre_bentrecity,75.6119698164293
2025-08-28 13:00:00+00:00,binhdinh_quynhon,43.4041052533735
2025-08-28 14:00:00+00:00,binhduong_thudaumot,83.27196484774024
2025-08-28 15:00:00+00:00,bacninh_bacninhcity,97.96015597461978
2025-08-28 16:00:00+00:00,binhdinh_quynhon,43.427539975964706
2025-08-28 17:00:00+00:00,bentre_bentrecity,75.83807343313381
2025-08-28 18:00:00+00:00,angiang_longxuyen,75.2606800845245
2025-08-28 19:00:00+00:00,binhduong_thudaumot,81.57356453929518
2025-08-28 20:00:00+00:00,bacgiang_bacgiangcity,99.16125787725437
2025-08-28 21:00:00+00:00,bacninh_bacninhcity,99.07069238927073
2025-08-28 22:00:00+00:00,backan_backancity,74.30090239598499
2025-08-28 23:00:00+00:00,backan_backancity,73.06334605024881
2025-08-29 00:00:00+00:00,bacgiang_bacgiangcity,100.62984300903287
2025-08-29 01:00:00+00:00,binhduong_thudaumot,79.80278963059055
2025-08-29 02:00:00+00:00,angiang_longxuyen,75.80104390298817
2025-08-29 03:00:00+00:00,bentre_bentrecity,76.3511594822861
2025-08-29 04:00:00+00:00,bacninh_bacninhcity,100.48219246310549
2025-08-29 05:00:00+00:00,binhdinh_quynhon,43.46668997206259
2025-08-29 06:00:00+00:00,bentre_bentrecity,76.69265933262042
2025-08-29 07:00:00+00:00,binhdinh_quynhon,43.42208871068526
2025-08-29 08:00:00+00:00,angiang_longxuyen,76.26260024695516
2025-08-29 09:00:00+00:00,bacgiang_bacgiangcity,102.12030959231073
2025-08-29 10:00:00+00:00,backan_backancity,71.2632658255751
2025-08-29 11:00:00+00:00,binhduong_thudaumot,77.8841324733587
2025-08-29 12:00:00+00:00,bacninh_bacninhcity,101.86282724896867
2025-08-29 13:00:00+00:00,bacgiang_bacgiangcity,103.27145992867588
2025-08-29 14:00:00+00:00,bentre_bentrecity,76.53813216326085
2025-08-29 15:00:00+00:00,backan_backancity,69.12423030970977
2025-08-29 16:00:00+00:00,binhdinh_quynhon,43.43956230315007
2025-08-29 17:00:00+00:00,bacninh_bacninhcity,102.89522374873417
2025-08-29 18:00:00+00:00,angiang_longxuyen,76.59740276044482
2025-08-29 19:00:00+00:00,binhduong_thudaumot,75.87604645150091
2025-08-29 20:00:00+00:00,backan_backancity,66.9203323611662
2025-08-29 21:00:00+00:00,bentre_bentrecity,75.76239424155318
2025-08-29 22:00:00+00:00,binhduong_thudaumot,73.82987543161336
2025-08-29 23:00:00+00:00,bacgiang_bacgiangcity,104.21384920077057
2025-08-30 00:00:00+00:00,binhdinh_quynhon,43.52328973516514
2025-08-30 01:00:00+00:00,angiang_longxuyen,76.77442116417414
2025-08-30 02:00:00+00:00,bacninh_bacninhcity,103.71256390202437
2025-08-30 03:00:00+00:00,bacgiang_bacgiangcity,105.00950699406269
2025-08-30 04:00:00+00:00,backan_backancity,64.61427560464523
2025-08-30 05:00:00+00:00,binhdinh_quynhon,43.65262386297535
2025-08-30 06:00:00+00:00,bacninh_bacninhcity,104.37876188820405
2025-08-30 07:00:00+00:00,angiang_longxuyen,76.5231125931902
2025-08-30 08:00:00+00:00,bentre_bentrecity,74.71016423749626
2025-08-30 09:00:00+00:00,binhduong_thudaumot,71.83126479525222
2025-08-30 10:00:00+00:00,backan_backancity,62.08636569350826
2025-08-30 11:00:00+00:00,angiang_longxuyen,76.11830373017862
2025-08-30 12:00:00+00:00,bacninh_bacninhcity,105.1427616013385
2025-08-30 13:00:00+00:00,bentre_bentrecity,73.7083655849123
2025-08-30 14:00:00+00:00,binhdinh_quynhon,43.80190943110466
2025-08-30 15:00:00+00:00,binhduong_thudaumot,69.995565507673
2025-08-30 16:00:00+00:00,bacgiang_bacgiangcity,105.84671281601551
2025-08-30 17:00:00+00:00,backan_backancity,59.586393516928474
2025-08-30 18:00:00+00:00,binhdinh_quynhon,43.988029160606494
2025-08-30 19:00:00+00:00,bacgiang_bacgiangcity,106.60159929064739
2025-08-30 20:00:00+00:00,bentre_bentrecity,72.82235152095836
2025-08-30 21:00:00+00:00,bacninh_bacninhcity,105.83729520725967
2025-08-30 22:00:00+00:00,binhduong_thudaumot,68.43256767173517
2025-08-30 23:00:00+00:00,angiang_longxuyen,75.79102291445435
2025-08-31 00:00:00+00:00,backan_backancity,57.805916880855875
2025-08-31 01:00:00+00:00,bacninh_bacninhcity,105.64679576254807
2025-08-31 02:00:00+00:00,bacgiang_bacgiangcity,106.34003624162028
2025-08-31 03:00:00+00:00,binhduong_thudaumot,67.11136013545637
2025-08-31 04:00:00+00:00,binhdinh_quynhon,43.88736182643368
2025-08-31 05:00:00+00:00,angiang_longxuyen,76.1146774951457
2025-08-31 06:00:00+00:00,bentre_bentrecity,71.83626814188108
2025-08-31 07:00:00+00:00,bentre_bentrecity,70.81074886118427
2025-08-31 08:00:00+00:00,backan_backancity,56.460300160666236
2025-08-31 09:00:00+00:00,bacninh_bacninhcity,105.53918330674519
2025-08-31 10:00:00+00:00,bacgiang_bacgiangcity,106.09042821285364
2025-08-31 11:00:00+00:00,binhduong_thudaumot,65.90960392612274
2025-08-31 12:00:00+00:00,angiang_longxuyen,76.32966891724212
2025-08-31 13:00:00+00:00,binhdinh_quynhon,43.501008164844585
2025-08-31 14:00:00+00:00,angiang_longxuyen,76.23956579209425
2025-08-31 15:00:00+00:00,bacninh_bacninhcity,105.35048923627551
2025-08-31 16:00:00+00:00,bacgiang_bacgiangcity,105.75159919660074
2025-08-31 17:00:00+00:00,binhduong_thudaumot,64.48934918696045
2025-08-31 18:00:00+00:00,backan_backancity,55.42861485088585
2025-08-31 19:00:00+00:00,binhdinh_quynhon,42.87493225353639
2025-08-31 20:00:00+00:00,bentre_bentrecity,69.66780818274599
2025-08-31 21:00:00+00:00,bentre_bentrecity,68.63381418587828
2025-08-31 22:00:00+00:00,angiang_longxuyen,76.07650672545947
2025-08-31 23:00:00+00:00,bacgiang_bacgiangcity,105.33668297776235
2025-09-01 00:00:00+00:00,bacninh_bacninhcity,105.11955441189161
2025-09-01 01:00:00+00:00,binhduong_thudaumot,62.91162245156565
2025-09-01 02:00:00+00:00,binhdinh_quynhon,42.19817482342379
2025-09-01 03:00:00+00:00,backan_backancity,54.46922075225455
2025-09-01 04:00:00+00:00,backan_backancity,53.543968538000236
2025-09-01 05:00:00+00:00,bacninh_bacninhcity,104.66957843282444
2025-09-01 06:00:00+00:00,bentre_bentrecity,67.76875461411525
2025-09-01 07:00:00+00:00,binhduong_thudaumot,61.368299680609326
2025-09-01 08:00:00+00:00,bacgiang_bacgiangcity,104.71564734254623
2025-09-01 09:00:00+00:00,angiang_longxuyen,76.07724293217773
2025-09-01 10:00:00+00:00,binhdinh_quynhon,41.84895552400494
2025-09-01 11:00:00+00:00,binhdinh_quynhon,42.101657884406926
2025-09-01 12:00:00+00:00,backan_backancity,52.62932818369114
2025-09-01 13:00:00+00:00,bacgiang_bacgiangcity,103.9705948265861
2025-09-01 14:00:00+00:00,angiang_longxuyen,76.30865724394688
2025-09-01 15:00:00+00:00,bacninh_bacninhcity,103.99919490893511
2025-09-01 16:00:00+00:00,binhduong_thudaumot,59.80321949945547
2025-09-01 17:00:00+00:00,bentre_bentrecity,66.85523882152465
2025-09-01 18:00:00+00:00,bentre_bentrecity,65.94557084074626
2025-09-01 19:00:00+00:00,bacgiang_bacgiangcity,103.23007808259963
2025-09-01 20:00:00+00:00,backan_backancity,51.6911244493061
2025-09-01 21:00:00+00:00,bacninh_bacninhcity,103.26645241259149
2025-09-01 22:00:00+00:00,binhduong_thudaumot,58.586944054714074
2025-09-01 23:00:00+00:00,angiang_longxuyen,77.01229217564057
2025-09-02 00:00:00+00:00,binhdinh_quynhon,42.96132337199484
2025-09-02 01:00:00+00:00,binhduong_thudaumot,57.930438265718315
2025-09-02 02:00:00+00:00,angiang_longxuyen,78.15475634487609
2025-09-02 03:00:00+00:00,bacgiang_bacgiangcity,102.54443077767323
2025-09-02 04:00:00+00:00,binhdinh_quynhon,44.20401172184462
2025-09-02 05:00:00+00:00,backan_backancity,50.8758124383101
2025-09-02 06:00:00+00:00,bacninh_bacninhcity,102.61556466709615
2025-09-02 07:00:00+00:00,bentre_bentrecity,65.16038135900203
2025-09-02 08:00:00+00:00,binhduong_thudaumot,57.86568543015672
2025-09-02 09:00:00+00:00,backan_backancity,50.25185222786211
2025-09-02 10:00:00+00:00,angiang_longxuyen,79.2674529842159
2025-09-02 11:00:00+00:00,bacgiang_bacgiangcity,101.80668493470075
2025-09-02 12:00:00+00:00,bacninh_bacninhcity,102.00869058756749
2025-09-02 13:00:00+00:00,binhdinh_quynhon,45.42357984517702
2025-09-02 14:00:00+00:00,bentre_bentrecity,64.5334834693191
2025-09-02 15:00:00+00:00,bacninh_bacninhcity,101.44065856006443
2025-09-02 16:00:00+00:00,binhduong_thudaumot,58.05262475548728
2025-09-02 17:00:00+00:00,backan_backancity,49.70089322727531
2025-09-02 18:00:00+00:00,binhdinh_quynhon,46.03483632027971
2025-09-02 19:00:00+00:00,bentre_bentrecity,64.04920954911104
2025-09-02 20:00:00+00:00,bacgiang_bacgiangcity,100.99241588322226
2025-09-02 21:00:00+00:00,angiang_longxuyen,79.87064096724303
2025-09-02 22:00:00+00:00,bentre_bentrecity,63.725719364094644
2025-09-02 23:00:00+00:00,bacgiang_bacgiangcity,100.31943895799697
2025-09-03 00:00:00+00:00,angiang_longxuyen,79.93928450044507
2025-09-03 01:00:00+00:00,binhdinh_quynhon,45.63405872512339
2025-09-03 02:00:00+00:00,backan_backancity,49.16215668773903
2025-09-03 03:00:00+00:00,bacninh_bacninhcity,101.05287983814087
2025-09-03 04:00:00+00:00,binhduong_thudaumot,58.063355742733194
2025-09-03 05:00:00+00:00,bentre_bentrecity,63.74734811680743
2025-09-03 06:00:00+00:00,bacgiang_bacgiangcity,100.07916202178404
2025-09-03 07:00:00+00:00,binhdinh_quynhon,44.31710641602513
2025-09-03 08:00:00+00:00,angiang_longxuyen,79.96093588734499
2025-09-03 09:00:00+00:00,backan_backancity,48.591189065728784
2025-09-03 10:00:00+00:00,bacninh_bacninhcity,100.94657152846226
2025-09-03 11:00:00+00:00,binhduong_thudaumot,58.0631317834079
2025-09-03 12:00:00+00:00,angiang_longxuyen,80.6492367528942
2025-09-03 13:00:00+00:00,bentre_bentrecity,64.20900214516098
2025-09-03 14:00:00+00:00,binhdinh_quynhon,42.73904135909636
2025-09-03 15:00:00+00:00,binhduong_thudaumot,59.19822912036893
2025-09-03 16:00:00+00:00,bacninh_bacninhcity,100.83042241029213
2025-09-03 17:00:00+00:00,backan_backancity,48.4103109374572
2025-09-03 18:00:00+00:00,bacgiang_bacgiangcity,99.99884282184163
2025-09-03 19:00:00+00:00,bacgiang_bacgiangcity,99.38344890667695
2025-09-03 20:00:00+00:00,binhdinh_quynhon,41.28262433653745
2025-09-03 21:00:00+00:00,angiang_longxuyen,81.74436926302064
2025-09-03 22:00:00+00:00,binhduong_thudaumot,60.95401066700905
2025-09-03 23:00:00+00:00,backan_backancity,48.273838701789806
2025-09-04 00:00:00+00:00,bacninh_bacninhcity,100.09971222569824
2025-09-04 01:00:00+00:00,bentre_bentrecity,65.35599315182263
2025-09-04 02:00:00+00:00,bacninh_bacninhcity,98.6954851713887
2025-09-04 03:00:00+00:00,bentre_bentrecity,67.10222307149364
2025-09-04 04:00:00+00:00,binhdinh_quynhon,40.0952158192986
2025-09-04 05:00:00+00:00,backan_backancity,48.124910515562554
2025-09-04 06:00:00+00:00,angiang_longxuyen,83.05976815211795
2025-09-04 07:00:00+00:00,binhduong_thudaumot,62.82029946285875
2025-09-04 08:00:00+00:00,bacgiang_bacgiangcity,98.04679026168074
2025-09-04 09:00:00+00:00,binhdinh_quynhon,39.2236090110898
2025-09-04 10:00:00+00:00,bacgiang_bacgiangcity,96.31940345170507
2025-09-04 11:00:00+00:00,backan_backancity,47.917629012366625
2025-09-04 12:00:00+00:00,angiang_longxuyen,84.41182727672876
2025-09-04 13:00:00+00:00,bentre_bentrecity,69.15182972273301
2025-09-04 14:00:00+00:00,binhduong_thudaumot,64.54939172905289
2025-09-04 15:00:00+00:00,bacninh_bacninhcity,96.8603849452228
2025-09-04 16:00:00+00:00,angiang_longxuyen,86.12234759674574
2025-09-04 17:00:00+00:00,backan_backancity,47.49944930112591
2025-09-04 18:00:00+00:00,binhduong_thudaumot,66.1761679392327
2025-09-04 19:00:00+00:00,bacgiang_bacgiangcity,94.20612966134075
2025-09-04 20:00:00+00:00,bacninh_bacninhcity,94.5936364752005
2025-09-04 21:00:00+00:00,binhdinh_quynhon,38.5917435129682
2025-09-04 22:00:00+00:00,bentre_bentrecity,71.46347593220223
2025-09-04 23:00:00+00:00,backan_backancity,46.96608778539664
2025-09-05 00:00:00+00:00,bacgiang_bacgiangcity,91.68593979492482
2025-09-05 01:00:00+00:00,bacninh_bacninhcity,91.91695086078116
2025-09-05 02:00:00+00:00,binhduong_thudaumot,67.58630162292857
2025-09-05 03:00:00+00:00,angiang_longxuyen,88.09476690477777
2025-09-05 04:00:00+00:00,binhdinh_quynhon,38.179467750749545
2025-09-05 05:00:00+00:00,bentre_bentrecity,73.8511849231603
2025-09-05 06:00:00+00:00,bacninh_bacninhcity,89.1068581561411
2025-09-05 07:00:00+00:00,bacgiang_bacgiangcity,89.01671929280305
2025-09-05 08:00:00+00:00,backan_backancity,46.462260310053765
2025-09-05 09:00:00+00:00,binhdinh_quynhon,37.91652044248845
2025-09-05 10:00:00+00:00,binhduong_thudaumot,68.90387339399041
2025-09-05 11:00:00+00:00,bentre_bentrecity,76.30870489486716
2025-09-05 12:00:00+00:00,angiang_longxuyen,90.54884409749475
2025-09-05 13:00:00+00:00,bacninh_bacninhcity,86.65856459387248
2025-09-05 14:00:00+00:00,bacgiang_bacgiangcity,86.68176701822735
2025-09-05 15:00:00+00:00,binhduong_thudaumot,70.11935545090923
2025-09-05 16:00:00+00:00,backan_backancity,46.05189534973813
2025-09-05 17:00:00+00:00,binhdinh_quynhon,37.716667717763386
2025-09-05 18:00:00+00:00,angiang_longxuyen,93.08111942856542
2025-09-05 19:00:00+00:00,bentre_bentrecity,78.95162268463368
2025-09-05 20:00:00+00:00,bacninh_bacninhcity,84.40950667691138
2025-09-05 21:00:00+00:00,backan_backancity,45.749149992863416
2025-09-05 22:00:00+00:00,bentre_bentrecity,81.73521075614381
2025-09-05 23:00:00+00:00,binhdinh_quynhon,37.412259343771076
2025-09-06 00:00:00+00:00,bacgiang_bacgiangcity,84.58837870143938
2025-09-06 01:00:00+00:00,binhduong_thudaumot,71.44107523458099
2025-09-06 02:00:00+00:00,angiang_longxuyen,95.777671456193
2025-09-06 03:00:00+00:00,backan_backancity,45.45287563096204
2025-09-06 04:00:00+00:00,angiang_longxuyen,98.61111400522253
2025-09-06 05:00:00+00:00,binhduong_thudaumot,72.96290029285528
2025-09-06 06:00:00+00:00,bacgiang_bacgiangcity,82.81471138187408
2025-09-06 07:00:00+00:00,bentre_bentrecity,84.52688757137061
2025-09-06 08:00:00+00:00,bacninh_bacninhcity,82.56305734171814
2025-09-06 09:00:00+00:00,binhdinh_quynhon,37.061167363185426
2025-09-06 10:00:00+00:00,angiang_longxuyen,101.61141741977914
2025-09-06 11:00:00+00:00,bentre_bentrecity,87.51429292417268
2025-09-06 12:00:00+00:00,bacgiang_bacgiangcity,81.22545908013775
2025-09-06 13:00:00+00:00,binhdinh_quynhon,36.70037365523179
2025-09-06 14:00:00+00:00,bacninh_bacninhcity,80.96144081744349
2025-09-06 15:00:00+00:00,backan_backancity,45.097618959944356
2025-09-06 16:00:00+00:00,binhduong_thudaumot,74.76666155112022
2025-09-06 17:00:00+00:00,binhduong_thudaumot,77.15097064891668
2025-09-06 18:00:00+00:00,bacninh_bacninhcity,79.67453479612458
2025-09-06 19:00:00+00:00,bentre_bentrecity,90.9258283968848
2025-09-06 20:00:00+00:00,angiang_longxuyen,104.75677187365301
2025-09-06 21:00:00+00:00,bacgiang_bacgiangcity,79.88499461570285
2025-09-06 22:00:00+00:00,binhdinh_quynhon,36.35531428115295
2025-09-06 23:00:00+00:00,backan_backancity,44.63124034284555
2025-09-07 00:00:00+00:00,backan_backancity,44.37882388796521
2025-09-07 01:00:00+00:00,bacgiang_bacgiangcity,79.40195008923789
2025-09-07 02:00:00+00:00,binhduong_thudaumot,78.90743360371673
2025-09-07 03:00:00+00:00,binhdinh_quynhon,36.05643817900456
2025-09-07 04:00:00+00:00,bacninh_bacninhcity,79.24041108695987
2025-09-07 05:00:00+00:00,bentre_bentrecity,93.48292330541716
2025-09-07 06:00:00+00:00,angiang_longxuyen,107.98767640724246
2025-09-07 07:00:00+00:00,backan_backancity,44.155712749053954
2025-09-07 08:00:00+00:00,binhduong_thudaumot,79.7972156641914
2025-09-07 09:00:00+00:00,bacninh_bacninhcity,78.67171164875471
2025-09-07 10:00:00+00:00,bentre_bentrecity,94.62113403438165
2025-09-07 11:00:00+00:00,binhdinh_quynhon,35.63926390218164
2025-09-07 12:00:00+00:00,angiang_longxuyen,110.06383772507805
2025-09-07 13:00:00+00:00,bacgiang_bacgiangcity,78.84262120450478
2025-09-07 14:00:00+00:00,bacninh_bacninhcity,77.9180861366006
2025-09-07 15:00:00+00:00,bacgiang_bacgiangcity,78.17505087182118
2025-09-07 16:00:00+00:00,angiang_longxuyen,111.09176456852174
2025-09-07 17:00:00+00:00,binhduong_thudaumot,80.03580739582696
2025-09-07 18:00:00+00:00,bentre_bentrecity,94.89531326018805
2025-09-07 19:00:00+00:00,binhdinh_quynhon,35.115565993084125
2025-09-07 20:00:00+00:00,backan_backancity,43.87385755562777
2025-09-07 21:00:00+00:00,backan_backancity,43.55884685187429
2025-09-07 22:00:00+00:00,bacninh_bacninhcity,76.92787380528151
2025-09-07 23:00:00+00:00,binhduong_thudaumot,80.05048864436367
2025-09-08 00:00:00+00:00,bacgiang_bacgiangcity,77.37302393739783
2025-09-08 01:00:00+00:00,angiang_longxuyen,111.70431357483689
2025-09-08 02:00:00+00:00,bentre_bentrecity,94.87065093076326
2025-09-08 03:00:00+00:00,binhdinh_quynhon,34.71733295707049
2025-09-08 04:00:00+00:00,angiang_longxuyen,112.00997159421341
2025-09-08 05:00:00+00:00,bacninh_bacninhcity,75.71115520698154
2025-09-08 06:00:00+00:00,binhdinh_quynhon,34.62891190940834
2025-09-08 07:00:00+00:00,binhduong_thudaumot,80.10897538390913
2025-09-08 08:00:00+00:00,bacgiang_bacgiangcity,76.46068750508404
2025-09-08 09:00:00+00:00,bentre_bentrecity,95.06620732938904
2025-09-08 10:00:00+00:00,backan_backancity,43.16836662058939
2025-09-08 11:00:00+00:00,binhduong_thudaumot,80.33109061858663
2025-09-08 12:00:00+00:00,bentre_bentrecity,95.415336836605
2025-09-08 13:00:00+00:00,bacgiang_bacgiangcity,75.437210066321
2025-09-08 14:00:00+00:00,binhdinh_quynhon,34.83809468432323
2025-09-08 15:00:00+00:00,bacninh_bacninhcity,74.38627378474955
2025-09-08 16:00:00+00:00,backan_backancity,42.785038792437746
2025-09-08 17:00:00+00:00,angiang_longxuyen,112.16698018524629
2025-09-08 18:00:00+00:00,angiang_longxuyen,112.34137897963349
2025-09-08 19:00:00+00:00,backan_backancity,42.45720522603828
2025-09-08 20:00:00+00:00,bacgiang_bacgiangcity,74.51788562654889
2025-09-08 21:00:00+00:00,binhdinh_quynhon,35.108399294674776
2025-09-08 22:00:00+00:00,binhduong_thudaumot,80.66806720531385
2025-09-08 23:00:00+00:00,bacninh_bacninhcity,73.24101250649387
2025-09-09 00:00:00+00:00,bentre_bentrecity,95.9457213610901
2025-09-09 01:00:00+00:00,binhduong_thudaumot,81.18286749632303
2025-09-09 02:00:00+00:00,bacgiang_bacgiangcity,73.91455826457994
2025-09-09 03:00:00+00:00,backan_backancity,42.316620715951174
2025-09-09 04:00:00+00:00,binhdinh_quynhon,35.29668237595709
2025-09-09 05:00:00+00:00,bentre_bentrecity,96.64040566304662
2025-09-09 06:00:00+00:00,bacninh_bacninhcity,72.54936416379535
2025-09-09 07:00:00+00:00,angiang_longxuyen,112.50675388099364
2025-09-09 08:00:00+00:00,bacgiang_bacgiangcity,73.64820391551919
2025-09-09 09:00:00+00:00,bacninh_bacninhcity,72.32603621319684
2025-09-09 10:00:00+00:00,backan_backancity,42.493910729926064
2025-09-09 11:00:00+00:00,binhduong_thudaumot,81.54572210657854
2025-09-09 12:00:00+00:00,angiang_longxuyen,112.44677090255156
2025-09-09 13:00:00+00:00,bentre_bentrecity,97.4499831836058
2025-09-09 14:00:00+00:00,binhdinh_quynhon,35.26195438526072
2025-09-09 15:00:00+00:00,bacninh_bacninhcity,72.539943576857
2025-09-09 16:00:00+00:00,binhdinh_quynhon,34.99366064374478
2025-09-09 17:00:00+00:00,bentre_bentrecity,98.06139273728986
2025-09-09 18:00:00+00:00,bacgiang_bacgiangcity,73.71722150844539
2025-09-09 19:00:00+00:00,backan_backancity,42.86746058923728
2025-09-09 20:00:00+00:00,angiang_longxuyen,111.97383909264194
2025-09-09 21:00:00+00:00,binhduong_thudaumot,81.70912187729328
2025-09-09 22:00:00+00:00,bacninh_bacninhcity,73.14085027207598
2025-09-09 23:00:00+00:00,binhdinh_quynhon,34.539590259352984
2025-09-10 00:00:00+00:00,backan_backancity,43.196118516557505
2025-09-10 01:00:00+00:00,bentre_bentrecity,98.11333879239108
2025-09-10 02:00:00+00:00,angiang_longxuyen,110.88332157414412
2025-09-10 03:00:00+00:00,binhduong_thudaumot,81.60101027810053
2025-09-10 04:00:00+00:00,bacgiang_bacgiangcity,74.073505056795
2025-09-10 05:00:00+00:00,bentre_bentrecity,97.65805271389577
2025-09-10 06:00:00+00:00,binhdinh_quynhon,34.0171789251029
2025-09-10 07:00:00+00:00,binhduong_thudaumot,81.54768294194785
2025-09-10 08:00:00+00:00,bacninh_bacninhcity,73.89445672386196
2025-09-10 09:00:00+00:00,backan_backancity,43.28273835943326
2025-09-10 10:00:00+00:00,angiang_longxuyen,108.96938662311152
2025-09-10 11:00:00+00:00,bacgiang_bacgiangcity,74.52920033756817
2025-09-10 12:00:00+00:00,bacgiang_bacgiangcity,76.5702584137102
2025-09-10 13:00:00+00:00,binhdinh_quynhon,33.41571947920873
2025-09-10 14:00:00+00:00,backan_backancity,43.31510286448399
2025-09-10 15:00:00+00:00,angiang_longxuyen,106.40804065685413
2025-09-10 16:00:00+00:00,bentre_bentrecity,96.92365464589085
2025-09-10 17:00:00+00:00,bacninh_bacninhcity,76.25744203483539
2025-09-10 18:00:00+00:00,binhduong_thudaumot,82.03662903488886
2025-09-10 19:00:00+00:00,backan_backancity,43.473928146852344
2025-09-10 20:00:00+00:00,angiang_longxuyen,103.60352370552275
2025-09-10 21:00:00+00:00,bacninh_bacninhcity,78.56965290770988
2025-09-10 22:00:00+00:00,bacgiang_bacgiangcity,78.59446950698906
2025-09-10 23:00:00+00:00,binhduong_thudaumot,82.44769446373255
2025-09-11 00:00:00+00:00,bentre_bentrecity,95.96748830147168
2025-09-11 01:00:00+00:00,binhdinh_quynhon,32.72961293853818
2025-09-11 02:00:00+00:00,angiang_longxuyen,100.987950396356
2025-09-11 03:00:00+00:00,bacninh_bacninhcity,80.662894697918
2025-09-11 04:00:00+00:00,bentre_bentrecity,95.14215411066884
2025-09-11 05:00:00+00:00,binhdinh_quynhon,32.04637498326818
2025-09-11 06:00:00+00:00,backan_backancity,43.7171432090276
2025-09-11 07:00:00+00:00,bacgiang_bacgiangcity,80.45515217206841
2025-09-11 08:00:00+00:00,binhduong_thudaumot,82.97563806982656
2025-09-11 09:00:00+00:00,bentre_bentrecity,94.43994557949178
2025-09-11 10:00:00+00:00,bacninh_bacninhcity,83.01640700594078
2025-09-11 11:00:00+00:00,binhdinh_quynhon,31.399075352069545
2025-09-11 12:00:00+00:00,binhduong_thudaumot,83.673165344814
2025-09-11 13:00:00+00:00,bacgiang_bacgiangcity,82.59883127011453
2025-09-11 14:00:00+00:00,backan_backancity,44.06379412384363
2025-09-11 15:00:00+00:00,angiang_longxuyen,98.53212590395617
2025-09-11 16:00:00+00:00,bacgiang_bacgiangcity,85.43713689337636
2025-09-11 17:00:00+00:00,backan_backancity,44.69763713515663
2025-09-11 18:00:00+00:00,bentre_bentrecity,93.7622065404215
2025-09-11 19:00:00+00:00,binhdinh_quynhon,30.81152044471159
2025-09-11 20:00:00+00:00,angiang_longxuyen,96.38011965868289
2025-09-11 21:00:00+00:00,bacninh_bacninhcity,86.02412951987506
2025-09-11 22:00:00+00:00,binhduong_thudaumot,84.11696576461352
2025-09-11 23:00:00+00:00,bacgiang_bacgiangcity,88.7946481352268
2025-09-12 00:00:00+00:00,bacninh_bacninhcity,89.53791433731311
2025-09-12 01:00:00+00:00,backan_backancity,45.555434706669764
2025-09-12 02:00:00+00:00,angiang_longxuyen,94.654818469924
2025-09-12 03:00:00+00:00,binhduong_thudaumot,84.45719810046853
2025-09-12 04:00:00+00:00,binhdinh_quynhon,30.29016219579958
2025-09-12 05:00:00+00:00,bentre_bentrecity,93.09276590911712
2025-09-12 06:00:00+00:00,angiang_longxuyen,92.94441251211568
2025-09-12 07:00:00+00:00,binhduong_thudaumot,84.82167522455941
2025-09-12 08:00:00+00:00,bacninh_bacninhcity,92.84652977859643
2025-09-12 09:00:00+00:00,bentre_bentrecity,92.31988942517194
2025-09-12 10:00:00+00:00,binhdinh_quynhon,29.795350274572726
2025-09-12 11:00:00+00:00,backan_backancity,46.609820914869125
2025-09-12 12:00:00+00:00,bacgiang_bacgiangcity,91.97287159826979
2025-09-12 13:00:00+00:00,bentre_bentrecity,91.51934562564215
2025-09-12 14:00:00+00:00,binhdinh_quynhon,29.380887335113442
2025-09-12 15:00:00+00:00,binhduong_thudaumot,85.2608213407211
2025-09-12 16:00:00+00:00,backan_backancity,47.870411715466204
2025-09-12 17:00:00+00:00,angiang_longxuyen,91.25140807475526
2025-09-12 18:00:00+00:00,bacninh_bacninhcity,95.68587255391986
2025-09-12 19:00:00+00:00,bacgiang_bacgiangcity,94.65484408229365
2025-09-12 20:00:00+00:00,bentre_bentrecity,90.56597877278912
2025-09-12 21:00:00+00:00,backan_backancity,49.22991629636997
2025-09-12 22:00:00+00:00,bacgiang_bacgiangcity,96.70502001312117
2025-09-12 23:00:00+00:00,bacninh_bacninhcity,97.88339778751316
2025-09-13 00:00:00+00:00,binhduong_thudaumot,85.90441373032235
2025-09-13 01:00:00+00:00,angiang_longxuyen,89.41089366168227
2025-09-13 02:00:00+00:00,binhdinh_quynhon,29.049646727914322
2025-09-13 03:00:00+00:00,bacgiang_bacgiangcity,98.4400279921583
2025-09-13 04:00:00+00:00,bacninh_bacninhcity,99.79421919763317
2025-09-13 05:00:00+00:00,binhduong_thudaumot,86.6113889915273
2025-09-13 06:00:00+00:00,backan_backancity,50.71363729624642
2025-09-13 07:00:00+00:00,bentre_bentrecity,89.54287360684073
2025-09-13 08:00:00+00:00,angiang_longxuyen,87.52242217117158
2025-09-13 09:00:00+00:00,binhdinh_quynhon,28.809052466354203
2025-09-13 10:00:00+00:00,backan_backancity,52.14780133903694
2025-09-13 11:00:00+00:00,angiang_longxuyen,85.71494771494422
2025-09-13 12:00:00+00:00,bacgiang_bacgiangcity,100.27639409480312
2025-09-13 13:00:00+00:00,bacninh_bacninhcity,101.81930468529906
2025-09-13 14:00:00+00:00,bentre_bentrecity,88.43704346511257
2025-09-13 15:00:00+00:00,binhdinh_quynhon,28.63548398925279
2025-09-13 16:00:00+00:00,binhduong_thudaumot,87.31400895861913
2025-09-13 17:00:00+00:00,binhdinh_quynhon,28.488519020940856
2025-09-13 18:00:00+00:00,binhduong_thudaumot,87.91569951147662
2025-09-13 19:00:00+00:00,bacgiang_bacgiangcity,102.13773493821877
2025-09-13 20:00:00+00:00,backan_backancity,53.616078675652275
2025-09-13 21:00:00+00:00,bacninh_bacninhcity,103.90460723655288
2025-09-13 22:00:00+00:00,angiang_longxuyen,84.08694925865935
2025-09-13 23:00:00+00:00,bentre_bentrecity,87.36677758773158
2025-09-14 00:00:00+00:00,bacninh_bacninhcity,105.98548123040365
2025-09-14 01:00:00+00:00,backan_backancity,54.617129208787915
2025-09-14 02:00:00+00:00,angiang_longxuyen,82.72572090571464
2025-09-14 03:00:00+00:00,bentre_bentrecity,86.71304508229582
2025-09-14 04:00:00+00:00,binhduong_thudaumot,89.22720412911445
2025-09-14 05:00:00+00:00,binhdinh_quynhon,28.38754672087829
2025-09-14 06:00:00+00:00,bacgiang_bacgiangcity,103.9748583926777
2025-09-14 07:00:00+00:00,angiang_longxuyen,81.83711224915174
2025-09-14 08:00:00+00:00,bacgiang_bacgiangcity,105.13122650481296
2025-09-14 09:00:00+00:00,binhdinh_quynhon,28.385521556766605
2025-09-14 10:00:00+00:00,binhduong_thudaumot,90.65012970235813
2025-09-14 11:00:00+00:00,backan_backancity,55.35793900593408
2025-09-14 12:00:00+00:00,bentre_bentrecity,86.62435957202614
2025-09-14 13:00:00+00:00,bacninh_bacninhcity,107.42605253506163
2025-09-14 14:00:00+00:00,bacgiang_bacgiangcity,105.53951090682209
2025-09-14 15:00:00+00:00,binhduong_thudaumot,91.63902389009513
2025-09-14 16:00:00+00:00,backan_backancity,56.0979101468834
2025-09-14 17:00:00+00:00,bentre_bentrecity,86.77894392249003
2025-09-14 18:00:00+00:00,binhdinh_quynhon,28.38754195578626
2025-09-14 19:00:00+00:00,angiang_longxuyen,81.17605817981574
2025-09-14 20:00:00+00:00,bacninh_bacninhcity,108.08035268208516
2025-09-14 21:00:00+00:00,bentre_bentrecity,87.16585033475431
2025-09-14 22:00:00+00:00,bacgiang_bacgiangcity,105.46650076241335
2025-09-14 23:00:00+00:00,backan_backancity,56.94553901200986
2025-09-15 00:00:00+00:00,bacninh_bacninhcity,108.18811047319488
2025-09-15 01:00:00+00:00,binhduong_thudaumot,92.17011186129079
2025-09-15 02:00:00+00:00,binhdinh_quynhon,28.40212313739039
2025-09-15 03:00:00+00:00,angiang_longxuyen,80.75435110920166
2025-09-15 04:00:00+00:00,binhduong_thudaumot,92.49254181333107
2025-09-15 05:00:00+00:00,binhdinh_quynhon,28.464660205159205
2025-09-15 06:00:00+00:00,backan_backancity,57.68633213133393
2025-09-15 07:00:00+00:00,bentre_bentrecity,87.86851795276641
2025-09-15 08:00:00+00:00,bacgiang_bacgiangcity,105.1216337789251
2025-09-15 09:00:00+00:00,bacninh_bacninhcity,107.8744328039361
2025-09-15 10:00:00+00:00,angiang_longxuyen,80.67290973008679
2025-09-15 11:00:00+00:00,binhduong_thudaumot,92.69482116117113
2025-09-15 12:00:00+00:00,bentre_bentrecity,89.1980763128234
2025-09-15 13:00:00+00:00,binhdinh_quynhon,28.583530190877028
2025-09-15 14:00:00+00:00,angiang_longxuyen,80.82770136205386
2025-09-15 15:00:00+00:00,backan_backancity,58.150728470149296
2025-09-15 16:00:00+00:00,bacninh_bacninhcity,107.35362730569926
2025-09-15 17:00:00+00:00,bacgiang_bacgiangcity,104.65941210898379
2025-09-15 18:00:00+00:00,bacgiang_bacgiangcity,104.3297189654206
2025-09-15 19:00:00+00:00,binhduong_thudaumot,92.87473316703415
2025-09-15 20:00:00+00:00,backan_backancity,58.48048713372786
2025-09-15 21:00:00+00:00,binhdinh_quynhon,28.648978729874642
2025-09-15 22:00:00+00:00,bacninh_bacninhcity,106.86063743653642
2025-09-15 23:00:00+00:00,angiang_longxuyen,81.15786744100077
2025-09-16 00:00:00+00:00,bentre_bentrecity,91.65897354350474
2025-09-16 01:00:00+00:00,binhdinh_quynhon,28.598154258309407
2025-09-16 02:00:00+00:00,backan_backancity,59.005814704298786
2025-09-16 03:00:00+00:00,bacgiang_bacgiangcity,104.24676228704097
2025-09-16 04:00:00+00:00,bentre_bentrecity,95.20936662717138
2025-09-16 05:00:00+00:00,binhduong_thudaumot,93.07553831452822
2025-09-16 06:00:00+00:00,bacninh_bacninhcity,106.4779362179864
2025-09-16 07:00:00+00:00,angiang_longxuyen,81.76612429067217
2025-09-16 08:00:00+00:00,binhdinh_quynhon,28.46530349258292
2025-09-16 09:00:00+00:00,bacgiang_bacgiangcity,104.5350729888914
2025-09-16 10:00:00+00:00,binhduong_thudaumot,93.11039317579981
2025-09-16 11:00:00+00:00,bentre_bentrecity,99.05514448962153
2025-09-16 12:00:00+00:00,bacninh_bacninhcity,106.37336210398755
2025-09-16 13:00:00+00:00,backan_backancity,59.83637262723675
2025-09-16 14:00:00+00:00,angiang_longxuyen,82.6920197923502
2025-09-16 15:00:00+00:00,bentre_bentrecity,101.16897624248044
2025-09-16 16:00:00+00:00,bacninh_bacninhcity,106.59067531717436
2025-09-16 17:00:00+00:00,bacgiang_bacgiangcity,105.08938363608304
2025-09-16 18:00:00+00:00,backan_backancity,60.91018135054018
2025-09-16 19:00:00+00:00,angiang_longxuyen,83.84341612659126
2025-09-16 20:00:00+00:00,binhdinh_quynhon,28.29203521627923
2025-09-16 21:00:00+00:00,binhduong_thudaumot,93.11875055157954
2025-09-16 22:00:00+00:00,backan_backancity,62.018884842760926
2025-09-16 23:00:00+00:00,angiang_longxuyen,85.08305005245143
2025-09-17 00:00:00+00:00,binhdinh_quynhon,28.139723814712454
2025-09-17 01:00:00+00:00,bacninh_bacninhcity,107.10519982848244
2025-09-17 02:00:00+00:00,binhduong_thudaumot,93.09578578618954
2025-09-17 03:00:00+00:00,bentre_bentrecity,100.31419735676673
2025-09-17 04:00:00+00:00,bacgiang_bacgiangcity,105.64378422438669
2025-09-17 05:00:00+00:00,binhdinh_quynhon,28.059484430061502
2025-09-17 06:00:00+00:00,bacninh_bacninhcity,108.19207741230777
2025-09-17 07:00:00+00:00,angiang_longxuyen,85.8229592472044
2025-09-17 08:00:00+00:00,binhduong_thudaumot,93.09256041452343
2025-09-17 09:00:00+00:00,bacgiang_bacgiangcity,106.43346897482235
2025-09-17 10:00:00+00:00,bentre_bentrecity,97.79288218408668
2025-09-17 11:00:00+00:00,backan_backancity,62.94753218508483
2025-09-17 12:00:00+00:00,bacninh_bacninhcity,109.87184740219834
2025-09-17 13:00:00+00:00,binhdinh_quynhon,28.059937113804125
2025-09-17 14:00:00+00:00,backan_backancity,63.11438188242748
2025-09-17 15:00:00+00:00,bacgiang_bacgiangcity,107.74663660957776
2025-09-17 16:00:00+00:00,angiang_longxuyen,85.40894660894172
2025-09-17 17:00:00+00:00,binhduong_thudaumot,93.23848123204483
2025-09-17 18:00:00+00:00,bentre_bentrecity,95.68726634333791
2025-09-17 19:00:00+00:00,binhduong_thudaumot,93.42060900570063
2025-09-17 20:00:00+00:00,bentre_bentrecity,94.51400225723705
2025-09-17 21:00:00+00:00,binhdinh_quynhon,28.140819785878776
2025-09-17 22:00:00+00:00,bacgiang_bacgiangcity,109.62019931840743
2025-09-17 23:00:00+00:00,angiang_longxuyen,85.02766062272386
2025-09-18 00:00:00+00:00,bacninh_bacninhcity,111.93255195276973
2025-09-18 01:00:00+00:00,backan_backancity,63.33414792673544
2025-09-18 02:00:00+00:00,bacninh_bacninhcity,114.4794912589185
2025-09-18 03:00:00+00:00,bentre_bentrecity,93.70230933363592
2025-09-18 04:00:00+00:00,backan_backancity,63.951153485369304
2025-09-18 05:00:00+00:00,binhdinh_quynhon,28.248072477233578
2025-09-18 06:00:00+00:00,bacgiang_bacgiangcity,112.0951583356619
2025-09-18 07:00:00+00:00,angiang_longxuyen,85.51414316308666
2025-09-18 08:00:00+00:00,binhduong_thudaumot,93.4109150216072
2025-09-18 09:00:00+00:00,bacninh_bacninhcity,117.18442910396885
2025-09-18 10:00:00+00:00,bentre_bentrecity,92.87421972836819
2025-09-18 11:00:00+00:00,angiang_longxuyen,87.18645459268119
2025-09-18 12:00:00+00:00,binhduong_thudaumot,93.2047300852141
2025-09-18 13:00:00+00:00,bacgiang_bacgiangcity,114.98018330370728
2025-09-18 14:00:00+00:00,backan_backancity,64.91447163728523
2025-09-18 15:00:00+00:00,binhdinh_quynhon,28.39093946640186
2025-09-18 16:00:00+00:00,binhdinh_quynhon,28.519563595499974
2025-09-18 17:00:00+00:00,binhduong_thudaumot,92.82876075042591
2025-09-18 18:00:00+00:00,bacninh_bacninhcity,119.68853261533647
2025-09-18 19:00:00+00:00,bacgiang_bacgiangcity,117.94885231465724
2025-09-18 20:00:00+00:00,backan_backancity,66.01180323738238
2025-09-18 21:00:00+00:00,bentre_bentrecity,92.01181193031846
2025-09-18 22:00:00+00:00,angiang_longxuyen,89.33791508600821
2025-09-18 23:00:00+00:00,bacninh_bacninhcity,121.72720814546477
2025-09-19 00:00:00+00:00,binhdinh_quynhon,28.703753462730674
2025-09-19 01:00:00+00:00,backan_backancity,67.05787197744776
2025-09-19 02:00:00+00:00,bacgiang_bacgiangcity,120.6988012189993
2025-09-19 03:00:00+00:00,binhduong_thudaumot,92.07106465840732
2025-09-19 04:00:00+00:00,angiang_longxuyen,91.40742910046544
2025-09-19 05:00:00+00:00,bentre_bentrecity,91.09817343660815
2025-09-19 06:00:00+00:00,backan_backancity,67.88891355722652
2025-09-19 07:00:00+00:00,bacgiang_bacgiangcity,123.11644213552806
2025-09-19 08:00:00+00:00,bacninh_bacninhcity,123.40868284702816
2025-09-19 09:00:00+00:00,bentre_bentrecity,90.28853545894388
2025-09-19 10:00:00+00:00,binhduong_thudaumot,91.1013005282512
2025-09-19 11:00:00+00:00,angiang_longxuyen,92.96888304658636
2025-09-19 12:00:00+00:00,binhdinh_quynhon,28.893732916774766
2025-09-19 13:00:00+00:00,bentre_bentrecity,89.43964027061112
2025-09-19 14:00:00+00:00,backan_backancity,68.62262336725172
2025-09-19 15:00:00+00:00,angiang_longxuyen,94.02859484076295
2025-09-19 16:00:00+00:00,binhduong_thudaumot,90.08413683642459
2025-09-19 17:00:00+00:00,binhdinh_quynhon,29.11998901642417
2025-09-19 18:00:00+00:00,bacninh_bacninhcity,125.11384482106024
2025-09-19 19:00:00+00:00,bacgiang_bacgiangcity,125.37435478474927
2025-09-19 20:00:00+00:00,backan_backancity,69.31969914976955
2025-09-19 21:00:00+00:00,angiang_longxuyen,94.37691651597112
2025-09-19 22:00:00+00:00,binhduong_thudaumot,88.89856645343535
2025-09-19 23:00:00+00:00,bacninh_bacninhcity,127.00177189980678
2025-09-20 00:00:00+00:00,binhdinh_quynhon,29.339030766743946
2025-09-20 01:00:00+00:00,bentre_bentrecity,88.55767534360756
2025-09-20 02:00:00+00:00,bacgiang_bacgiangcity,127.47868613537837
2025-09-20 03:00:00+00:00,binhduong_thudaumot,87.69997426520798
2025-09-20 04:00:00+00:00,backan_backancity,69.92121577676804
2025-09-20 05:00:00+00:00,bentre_bentrecity,87.35431687207968
2025-09-20 06:00:00+00:00,bacninh_bacninhcity,128.77961343998817
2025-09-20 07:00:00+00:00,bacgiang_bacgiangcity,129.14745710159647
2025-09-20 08:00:00+00:00,angiang_longxuyen,94.25716617950121
2025-09-20 09:00:00+00:00,binhdinh_quynhon,29.532388671035548
2025-09-20 10:00:00+00:00,backan_backancity,70.45951869292982
2025-09-20 11:00:00+00:00,bentre_bentrecity,85.96248352431539
2025-09-20 12:00:00+00:00,angiang_longxuyen,93.45825799780985
2025-09-20 13:00:00+00:00,binhdinh_quynhon,29.750472637857797
2025-09-20 14:00:00+00:00,bacgiang_bacgiangcity,130.37816839263516
2025-09-20 15:00:00+00:00,bacninh_bacninhcity,130.33592585181145
2025-09-20 16:00:00+00:00,binhduong_thudaumot,86.68659167390518
2025-09-20 17:00:00+00:00,binhdinh_quynhon,29.954814079272765
2025-09-20 18:00:00+00:00,bacgiang_bacgiangcity,131.44237069041117
2025-09-20 19:00:00+00:00,bentre_bentrecity,84.5513587014778
2025-09-20 20:00:00+00:00,bacninh_bacninhcity,131.8173786678828
2025-09-20 21:00:00+00:00,binhduong_thudaumot,86.03316413435918
2025-09-20 22:00:00+00:00,backan_backancity,70.98436737175197
2025-09-20 23:00:00+00:00,angiang_longxuyen,92.56773258297889
2025-09-21 00:00:00+00:00,bacgiang_bacgiangcity,132.4132153051845
2025-09-21 01:00:00+00:00,binhduong_thudaumot,85.244686739116
2025-09-21 02:00:00+00:00,backan_backancity,71.35812927765843
2025-09-21 03:00:00+00:00,angiang_longxuyen,91.5824783299144
2025-09-21 04:00:00+00:00,binhdinh_quynhon,30.122945586370804
2025-09-21 05:00:00+00:00,bacninh_bacninhcity,133.3167958808978
2025-09-21 06:00:00+00:00,bentre_bentrecity,83.74645603401585
2025-09-21 07:00:00+00:00,backan_backancity,71.69969107418909
2025-09-21 08:00:00+00:00,angiang_longxuyen,90.52395721310818
2025-09-21 09:00:00+00:00,bentre_bentrecity,82.94068135471286
2025-09-21 10:00:00+00:00,bacninh_bacninhcity,135.13750895405053
2025-09-21 11:00:00+00:00,binhdinh_quynhon,30.25716869860122
2025-09-21 12:00:00+00:00,bacgiang_bacgiangcity,133.74177537846174
2025-09-21 13:00:00+00:00,binhduong_thudaumot,84.656600523997
2025-09-21 14:00:00+00:00,backan_backancity,71.92103436395816
2025-09-21 15:00:00+00:00,angiang_longxuyen,89.43709332892243
2025-09-21 16:00:00+00:00,bacninh_bacninhcity,136.21869403981253
2025-09-21 17:00:00+00:00,binhdinh_quynhon,30.298196140957927
2025-09-21 18:00:00+00:00,bacgiang_bacgiangcity,134.3912764821771
2025-09-21 19:00:00+00:00,binhduong_thudaumot,84.06152630141968
2025-09-21 20:00:00+00:00,bentre_bentrecity,81.92796945011295
2025-09-21 21:00:00+00:00,binhdinh_quynhon,30.336640903435736
2025-09-21 22:00:00+00:00,bacgiang_bacgiangcity,134.53187052244826
2025-09-21 23:00:00+00:00,bacninh_bacninhcity,136.72865180604876
2025-09-22 00:00:00+00:00,backan_backancity,72.2811204557457
2025-09-22 01:00:00+00:00,angiang_longxuyen,88.63457559002023
2025-09-22 02:00:00+00:00,binhduong_thudaumot,83.39308395689504
2025-09-22 03:00:00+00:00,bentre_bentrecity,80.70677166530714
2025-09-22 04:00:00+00:00,bacgiang_bacgiangcity,134.50298929966965
2025-09-22 05:00:00+00:00,angiang_longxuyen,88.2867977309397
2025-09-22 06:00:00+00:00,bacninh_bacninhcity,136.9070925897483
2025-09-22 07:00:00+00:00,binhdinh_quynhon,30.432371602268063
2025-09-22 08:00:00+00:00,binhduong_thudaumot,82.88290937897155
2025-09-22 09:00:00+00:00,bentre_bentrecity,79.38369263913455
2025-09-22 10:00:00+00:00,backan_backancity,72.69412051195253
2025-09-22 11:00:00+00:00,bentre_bentrecity,78.58328583600053
2025-09-22 12:00:00+00:00,bacninh_bacninhcity,137.1068261871727
2025-09-22 13:00:00+00:00,binhdinh_quynhon,30.637137136873477
2025-09-22 14:00:00+00:00,binhduong_thudaumot,82.95617743398627
2025-09-22 15:00:00+00:00,bacgiang_bacgiangcity,134.60551025464113
2025-09-22 16:00:00+00:00,backan_backancity,73.0466872885207
2025-09-22 17:00:00+00:00,angiang_longxuyen,88.37540938228295
2025-09-22 18:00:00+00:00,binhdinh_quynhon,30.972594850516927
2025-09-22 19:00:00+00:00,binhduong_thudaumot,84.32451292168999
2025-09-22 20:00:00+00:00,bentre_bentrecity,79.57445595081717
2025-09-22 21:00:00+00:00,bacninh_bacninhcity,137.53195816768152
2025-09-22 22:00:00+00:00,backan_backancity,73.25871244083
2025-09-22 23:00:00+00:00,bacgiang_bacgiangcity,135.13506446184044
2025-09-23 00:00:00+00:00,angiang_longxuyen,88.89086844726494
2025-09-23 01:00:00+00:00,binhduong_thudaumot,86.95674141876584
2025-09-23 02:00:00+00:00,backan_backancity,73.43007706286869
2025-09-23 03:00:00+00:00,bentre_bentrecity,83.6660784616961
2025-09-23 04:00:00+00:00,bacgiang_bacgiangcity,136.11735959275586
2025-09-23 05:00:00+00:00,angiang_longxuyen,89.92514001074325
2025-09-23 06:00:00+00:00,binhdinh_quynhon,31.27954778365192
2025-09-23 07:00:00+00:00,bacninh_bacninhcity,138.30057942444614
2025-09-23 08:00:00+00:00,binhdinh_quynhon,31.464938454073547
2025-09-23 09:00:00+00:00,angiang_longxuyen,91.03888973542111
2025-09-23 10:00:00+00:00,backan_backancity,73.6679123361449
2025-09-23 11:00:00+00:00,bacninh_bacninhcity,139.31924173771537
2025-09-23 12:00:00+00:00,binhduong_thudaumot,88.83460343187731
2025-09-23 13:00:00+00:00,bentre_bentrecity,90.36317645609904
2025-09-23 14:00:00+00:00,bacgiang_bacgiangcity,137.3851004139402
2025-09-23 15:00:00+00:00,binhdinh_quynhon,31.414495189870507
2025-09-23 16:00:00+00:00,bacninh_bacninhcity,140.9290994886516
2025-09-23 17:00:00+00:00,backan_backancity,73.99430207966003
2025-09-23 18:00:00+00:00,bacgiang_bacgiangcity,139.35070564037292
2025-09-23 19:00:00+00:00,binhduong_thudaumot,88.45363789809831
2025-09-23 20:00:00+00:00,angiang_longxuyen,91.6435060547835
2025-09-23 21:00:00+00:00,bentre_bentrecity,96.97869979771944
2025-09-23 22:00:00+00:00,bacninh_bacninhcity,142.50988064803602
2025-09-23 23:00:00+00:00,angiang_longxuyen,90.96617562235458
2025-09-24 00:00:00+00:00,backan_backancity,74.18793635928922
2025-09-24 01:00:00+00:00,binhdinh_quynhon,31.162078734990175
2025-09-24 02:00:00+00:00,binhduong_thudaumot,86.00189560047478
2025-09-24 03:00:00+00:00,bentre_bentrecity,98.56374511883197
2025-09-24 04:00:00+00:00,bacgiang_bacgiangcity,140.89139808053005
2025-09-24 05:00:00+00:00,binhduong_thudaumot,83.66442259221655
2025-09-24 06:00:00+00:00,bacninh_bacninhcity,143.7521353745113
2025-09-24 07:00:00+00:00,binhdinh_quynhon,30.80797045115112
2025-09-24 08:00:00+00:00,angiang_longxuyen,88.70649750653719
2025-09-24 09:00:00+00:00,backan_backancity,74.04666567595015
2025-09-24 10:00:00+00:00,bentre_bentrecity,92.81642988353177
2025-09-24 11:00:00+00:00,bacgiang_bacgiangcity,141.64273396596496
2025-09-24 12:00:00+00:00,backan_backancity,73.83096187259562
2025-09-24 13:00:00+00:00,binhdinh_quynhon,30.416284651583254
2025-09-24 14:00:00+00:00,bacgiang_bacgiangcity,141.74596968474057
2025-09-24 15:00:00+00:00,bentre_bentrecity,85.40861066995377
2025-09-24 16:00:00+00:00,binhduong_thudaumot,82.93189095119516
2025-09-24 17:00:00+00:00,bacninh_bacninhcity,144.19600369687225
2025-09-24 18:00:00+00:00,angiang_longxuyen,86.29011933939572
2025-09-24 19:00:00+00:00,bacgiang_bacgiangcity,142.74560022045202
2025-09-24 20:00:00+00:00,binhdinh_quynhon,29.985010467450977
2025-09-24 21:00:00+00:00,angiang_longxuyen,84.6679724161206
2025-09-24 22:00:00+00:00,binhduong_thudaumot,83.17280328264812
2025-09-24 23:00:00+00:00,backan_backancity,73.81248999335105
2025-09-25 00:00:00+00:00,bentre_bentrecity,81.51908047705282
2025-09-25 01:00:00+00:00,bacninh_bacninhcity,145.31884521713857
2025-09-25 02:00:00+00:00,bacgiang_bacgiangcity,144.93749490217834
2025-09-25 03:00:00+00:00,binhdinh_quynhon,29.60492290187804
2025-09-25 04:00:00+00:00,angiang_longxuyen,84.31298259025647
2025-09-25 05:00:00+00:00,backan_backancity,74.06037008062121
2025-09-25 06:00:00+00:00,bacninh_bacninhcity,147.50096193002446
2025-09-25 07:00:00+00:00,binhduong_thudaumot,83.98269500146284
2025-09-25 08:00:00+00:00,bentre_bentrecity,80.67309080358382
2025-09-25 09:00:00+00:00,backan_backancity,74.54945197868501
2025-09-25 10:00:00+00:00,bacninh_bacninhcity,150.37989234536667
2025-09-25 11:00:00+00:00,binhduong_thudaumot,85.07835405425834
2025-09-25 12:00:00+00:00,bacgiang_bacgiangcity,147.9091111225473
2025-09-25 13:00:00+00:00,binhdinh_quynhon,29.30573230365583
2025-09-25 14:00:00+00:00,angiang_longxuyen,84.83185822622215
2025-09-25 15:00:00+00:00,bentre_bentrecity,81.34500213510447
2025-09-25 16:00:00+00:00,binhduong_thudaumot,86.05869073235047
2025-09-25 17:00:00+00:00,angiang_longxuyen,86.06785638686534
2025-09-25 18:00:00+00:00,bacninh_bacninhcity,153.1884900023831
2025-09-25 19:00:00+00:00,bentre_bentrecity,82.6589679227745
2025-09-25 20:00:00+00:00,backan_backancity,75.15641987096296
2025-09-25 21:00:00+00:00,bacgiang_bacgiangcity,150.87423728757483
2025-09-25 22:00:00+00:00,binhdinh_quynhon,29.029576160294525
2025-09-25 23:00:00+00:00,binhdinh_quynhon,28.822370898571037
2025-09-26 00:00:00+00:00,bentre_bentrecity,84.02353541395748
2025-09-26 01:00:00+00:00,bacgiang_bacgiangcity,153.1508934262862
2025-09-26 02:00:00+00:00,bacninh_bacninhcity,155.35126044163735
2025-09-26 03:00:00+00:00,angiang_longxuyen,87.96167550190388
2025-09-26 04:00:00+00:00,binhduong_thudaumot,86.91965947260789
2025-09-26 05:00:00+00:00,backan_backancity,75.71171272274877
2025-09-26 06:00:00+00:00,binhduong_thudaumot,87.81187292128959
2025-09-26 07:00:00+00:00,bentre_bentrecity,85.47838829505837
2025-09-26 08:00:00+00:00,binhdinh_quynhon,28.685364972596574
2025-09-26 09:00:00+00:00,angiang_longxuyen,90.33584805768486
2025-09-26 10:00:00+00:00,bacgiang_bacgiangcity,154.73393323929164
2025-09-26 11:00:00+00:00,backan_backancity,76.3319561614153
2025-09-26 12:00:00+00:00,bacninh_bacninhcity,156.92062444052394
2025-09-26 13:00:00+00:00,bacgiang_bacgiangcity,155.82371455107122
2025-09-26 14:00:00+00:00,binhduong_thudaumot,88.63340099483545
2025-09-26 15:00:00+00:00,angiang_longxuyen,92.77469661191849
2025-09-26 16:00:00+00:00,bacninh_bacninhcity,157.9715750173715
2025-09-26 17:00:00+00:00,bentre_bentrecity,86.7870159883846
2025-09-26 18:00:00+00:00,binhdinh_quynhon,28.590372863028506
2025-09-26 19:00:00+00:00,backan_backancity,76.9389312013313
2025-09-26 20:00:00+00:00,bacninh_bacninhcity,158.51957013071717
2025-09-26 21:00:00+00:00,binhdinh_quynhon,28.520569029917766
2025-09-26 22:00:00+00:00,backan_backancity,77.5063726552412
2025-09-26 23:00:00+00:00,bentre_bentrecity,87.42933133332248
2025-09-27 00:00:00+00:00,angiang_longxuyen,94.80864576639202
2025-09-27 01:00:00+00:00,bacgiang_bacgiangcity,156.51364746063985
2025-09-27 02:00:00+00:00,binhduong_thudaumot,89.32391762817744
2025-09-27 03:00:00+00:00,angiang_longxuyen,96.14844862758073
2025-09-27 04:00:00+00:00,bacninh_bacninhcity,158.86951848921623
2025-09-27 05:00:00+00:00,bentre_bentrecity,87.44518479449795
2025-09-27 06:00:00+00:00,binhdinh_quynhon,28.477649846026154
2025-09-27 07:00:00+00:00,binhduong_thudaumot,89.91092574122524
2025-09-27 08:00:00+00:00,bacgiang_bacgiangcity,157.07353624368616
2025-09-27 09:00:00+00:00,backan_backancity,78.12106952678774
2025-09-27 10:00:00+00:00,bentre_bentrecity,87.43244055587043
2025-09-27 11:00:00+00:00,angiang_longxuyen,96.78771282452978
2025-09-27 12:00:00+00:00,bacgiang_bacgiangcity,157.6577555866249
2025-09-27 13:00:00+00:00,binhdinh_quynhon,28.426501348203047
2025-09-27 14:00:00+00:00,bacninh_bacninhcity,159.13561075821548
2025-09-27 15:00:00+00:00,binhduong_thudaumot,90.56331627761875
2025-09-27 16:00:00+00:00,backan_backancity,78.78527808704594
2025-09-27 17:00:00+00:00,angiang_longxuyen,96.97377686201854
2025-09-27 18:00:00+00:00,bacninh_bacninhcity,159.2803933143788
2025-09-27 19:00:00+00:00,bacgiang_bacgiangcity,158.17106083001042
2025-09-27 20:00:00+00:00,binhdinh_quynhon,28.381618946396088
2025-09-27 21:00:00+00:00,binhduong_thudaumot,91.67800532106254
2025-09-27 22:00:00+00:00,backan_backancity,79.5184613544021
2025-09-27 23:00:00+00:00,bentre_bentrecity,88.02866554817238
2025-09-28 00:00:00+00:00,bentre_bentrecity,87.71633520868437
2025-09-28 01:00:00+00:00,bacninh_bacninhcity,159.86826748290258
2025-09-28 02:00:00+00:00,binhduong_thudaumot,92.14937656333315
2025-09-28 03:00:00+00:00,angiang_longxuyen,97.18828477618328
2025-09-28 04:00:00+00:00,backan_backancity,80.96175293097129
2025-09-28 05:00:00+00:00,binhdinh_quynhon,28.39995502051788
2025-09-28 06:00:00+00:00,bacgiang_bacgiangcity,159.19404984684064
2025-09-28 07:00:00+00:00,binhdinh_quynhon,28.396162007263996
2025-09-28 08:00:00+00:00,binhduong_thudaumot,92.40281513045339
2025-09-28 09:00:00+00:00,angiang_longxuyen,97.10624299547294
2025-09-28 10:00:00+00:00,bentre_bentrecity,87.09161973115003
2025-09-28 11:00:00+00:00,backan_backancity,81.95548190020668
2025-09-28 12:00:00+00:00,bacgiang_bacgiangcity,160.02573947913515
2025-09-28 13:00:00+00:00,bacninh_bacninhcity,160.3837503733447
2025-09-28 14:00:00+00:00,backan_backancity,82.77063308934676
2025-09-28 15:00:00+00:00,binhdinh_quynhon,28.35571114104262
2025-09-28 16:00:00+00:00,bentre_bentrecity,86.12613107981556
2025-09-28 17:00:00+00:00,angiang_longxuyen,96.80974482315538
2025-09-28 18:00:00+00:00,binhduong_thudaumot,92.44322787593855
2025-09-28 19:00:00+00:00,bacgiang_bacgiangcity,160.4307913618401
2025-09-28 20:00:00+00:00,bacninh_bacninhcity,160.62551208245156
2025-09-28 21:00:00+00:00,backan_backancity,83.54430653493353
2025-09-28 22:00:00+00:00,bentre_bentrecity,85.17555001888911
2025-09-28 23:00:00+00:00,binhdinh_quynhon,28.297333998613794
2025-09-29 00:00:00+00:00,binhduong_thudaumot,92.30733817277152
2025-09-29 01:00:00+00:00,angiang_longxuyen,96.30997958876596
2025-09-29 02:00:00+00:00,bacninh_bacninhcity,160.6254644315313
2025-09-29 03:00:00+00:00,bacgiang_bacgiangcity,160.38612815426643
2025-09-29 04:00:00+00:00,bacninh_bacninhcity,160.6870294205265
2025-09-29 05:00:00+00:00,backan_backancity,84.27035884207055
2025-09-29 06:00:00+00:00,bacgiang_bacgiangcity,160.2534251063928
2025-09-29 07:00:00+00:00,bentre_bentrecity,84.16453091323197
2025-09-29 08:00:00+00:00,binhduong_thudaumot,91.86410479892325
2025-09-29 09:00:00+00:00,angiang_longxuyen,95.6204657094775
2025-09-29 10:00:00+00:00,binhdinh_quynhon,28.362935020556293
2025-09-29 11:00:00+00:00,angiang_longxuyen,94.74456302189678
2025-09-29 12:00:00+00:00,bacninh_bacninhcity,160.79671230881533
2025-09-29 13:00:00+00:00,bacgiang_bacgiangcity,160.14585791896417
2025-09-29 14:00:00+00:00,binhduong_thudaumot,91.27575412119673
2025-09-29 15:00:00+00:00,bentre_bentrecity,83.16721144715385
2025-09-29 16:00:00+00:00,binhdinh_quynhon,28.68844322204633
2025-09-29 17:00:00+00:00,backan_backancity,84.81942848366845
2025-09-29 18:00:00+00:00,binhdinh_quynhon,29.122438273726303
2025-09-29 19:00:00+00:00,bentre_bentrecity,82.1166039569323
2025-09-29 20:00:00+00:00,backan_backancity,85.15593690010395
2025-09-29 21:00:00+00:00,binhduong_thudaumot,90.47765362260402
2025-09-29 22:00:00+00:00,bacgiang_bacgiangcity,160.17352880836782
2025-09-29 23:00:00+00:00,angiang_longxuyen,93.9072952537476
2025-09-30 00:00:00+00:00,bacninh_bacninhcity,161.05653371670638
2025-09-30 01:00:00+00:00,angiang_longxuyen,92.8629532639057
2025-09-30 02:00:00+00:00,binhdinh_quynhon,29.36284193160533
2025-09-30 03:00:00+00:00,backan_backancity,85.2420004184855
2025-09-30 04:00:00+00:00,bacgiang_bacgiangcity,160.37919494536644
2025-09-30 05:00:00+00:00,binhduong_thudaumot,89.64570667534004
2025-09-30 06:00:00+00:00,bentre_bentrecity,81.07538131545887
2025-09-30 07:00:00+00:00,bacninh_bacninhcity,161.39212961801863
2025-09-30 08:00:00+00:00,angiang_longxuyen,91.71132105760925
2025-09-30 09:00:00+00:00,binhdinh_quynhon,29.356366171539975
2025-09-30 10:00:00+00:00,bacgiang_bacgiangcity,160.79283828899696
2025-09-30 11:00:00+00:00,binhduong_thudaumot,88.94427559870907
2025-09-30 12:00:00+00:00,bentre_bentrecity,80.1285932677863
2025-09-30 13:00:00+00:00,bacninh_bacninhcity,161.80375256262954
2025-09-30 14:00:00+00:00,backan_backancity,85.15540320979687
2025-09-30 15:00:00+00:00,bentre_bentrecity,79.18709208971825
2025-09-30 16:00:00+00:00,angiang_longxuyen,90.3845592109359
2025-09-30 17:00:00+00:00,bacninh_bacninhcity,162.2201215388998
2025-09-30 18:00:00+00:00,backan_backancity,84.80662349011757
2025-09-30 19:00:00+00:00,binhdinh_quynhon,29.108629037030624
2025-09-30 20:00:00+00:00,binhduong_thudaumot,88.26532265244481
2025-09-30 21:00:00+00:00,bacgiang_bacgiangcity,161.44978723155128
2025-09-30 22:00:00+00:00,binhduong_thudaumot,87.52520260236962
2025-09-30 23:00:00+00:00,backan_backancity,84.17952189275046
2025-10-01 00:00:00+00:00,bacninh_bacninhcity,162.48989722403627
2025-10-01 01:00:00+00:00,bentre_bentrecity,78.23658250517221
2025-10-01 02:00:00+00:00,bacgiang_bacgiangcity,162.06492249156435
2025-10-01 03:00:00+00:00,binhdinh_quynhon,28.702728967944765
2025-10-01 04:00:00+00:00,angiang_longxuyen,88.98153147072603
2025-10-01 05:00:00+00:00,angiang_longxuyen,87.60893479947671
2025-10-01 06:00:00+00:00,bacninh_bacninhcity,162.30607903398374
2025-10-01 07:00:00+00:00,binhdinh_quynhon,28.25724051429448
2025-10-01 08:00:00+00:00,backan_backancity,83.25394326969226
2025-10-01 09:00:00+00:00,binhduong_thudaumot,86.80696861997671
2025-10-01 10:00:00+00:00,bacgiang_bacgiangcity,162.15883769033422
2025-10-01 11:00:00+00:00,bentre_bentrecity,77.31202837689992
2025-10-01 12:00:00+00:00,binhduong_thudaumot,85.93355226807047
2025-10-01 13:00:00+00:00,angiang_longxuyen,85.79635335586889
2025-10-01 14:00:00+00:00,bentre_bentrecity,76.46910980524262
2025-10-01 15:00:00+00:00,binhdinh_quynhon,27.812171388742613
2025-10-01 16:00:00+00:00,bacgiang_bacgiangcity,161.62447550527918
2025-10-01 17:00:00+00:00,backan_backancity,82.43907083843578
2025-10-01 18:00:00+00:00,bacninh_bacninhcity,161.66383516542626
2025-10-01 19:00:00+00:00,bentre_bentrecity,75.65700470118112
2025-10-01 20:00:00+00:00,bacninh_bacninhcity,160.81170328833383
2025-10-01 21:00:00+00:00,bacgiang_bacgiangcity,160.813466372384
2025-10-01 22:00:00+00:00,binhduong_thudaumot,84.9719090460022
2025-10-01 23:00:00+00:00,angiang_longxuyen,83.86443256497853
2025-10-02 00:00:00+00:00,backan_backancity,81.71983856926312
2025-10-02 01:00:00+00:00,binhdinh_quynhon,27.359473350854742
2025-10-02 02:00:00+00:00,angiang_longxuyen,82.02048490309973
2025-10-02 03:00:00+00:00,bacninh_bacninhcity,160.40525046857277
2025-10-02 04:00:00+00:00,binhdinh_quynhon,26.959772666496633
2025-10-02 05:00:00+00:00,backan_backancity,81.20932447853266
2025-10-02 06:00:00+00:00,bentre_bentrecity,74.95236195252363
2025-10-02 07:00:00+00:00,bacgiang_bacgiangcity,160.40091899991978
2025-10-02 08:00:00+00:00,binhduong_thudaumot,83.9093542787947
2025-10-02 09:00:00+00:00,binhduong_thudaumot,82.80567438484394
2025-10-02 10:00:00+00:00,bacninh_bacninhcity,160.46333217529588
2025-10-02 11:00:00+00:00,angiang_longxuyen,80.41691945618582
2025-10-02 12:00:00+00:00,binhdinh_quynhon,26.63648976298343
2025-10-02 13:00:00+00:00,backan_backancity,80.77470162597808
2025-10-02 14:00:00+00:00,bacgiang_bacgiangcity,160.3666055722298
2025-10-02 15:00:00+00:00,bentre_bentrecity,74.22463233299294
2025-10-02 16:00:00+00:00,bacninh_bacninhcity,160.68432284825488
2025-10-02 17:00:00+00:00,backan_backancity,80.21601126357668
2025-10-02 18:00:00+00:00,bentre_bentrecity,73.56184138761292
2025-10-02 19:00:00+00:00,angiang_longxuyen,78.9371010666799
2025-10-02 20:00:00+00:00,bacgiang_bacgiangcity,160.46680592738392
2025-10-02 21:00:00+00:00,binhduong_thudaumot,81.71672696416917
2025-10-02 22:00:00+00:00,binhdinh_quynhon,26.38908618491601
2025-10-02 23:00:00+00:00,binhdinh_quynhon,26.174275836316653
2025-10-03 00:00:00+00:00,angiang_longxuyen,77.75651854377043
2025-10-03 01:00:00+00:00,bacgiang_bacgiangcity,160.41126401471146
2025-10-03 02:00:00+00:00,bacninh_bacninhcity,160.7591681487307
2025-10-03 03:00:00+00:00,backan_backancity,79.5690356586359
2025-10-03 04:00:00+00:00,bentre_bentrecity,73.00524051806556
2025-10-03 05:00:00+00:00,binhduong_thudaumot,80.58069328662474
2025-10-03 06:00:00+00:00,binhdinh_quynhon,25.989761942828082
2025-10-03 07:00:00+00:00,bacninh_bacninhcity,160.53556620534061
2025-10-03 08:00:00+00:00,bentre_bentrecity,72.77520331789235
2025-10-03 09:00:00+00:00,backan_backancity,78.84044832254025
2025-10-03 10:00:00+00:00,angiang_longxuyen,76.66921507984515
2025-10-03 11:00:00+00:00,binhduong_thudaumot,79.40083744024946
2025-10-03 12:00:00+00:00,bacgiang_bacgiangcity,160.1320868030047
2025-10-03 13:00:00+00:00,bacgiang_bacgiangcity,159.86413614811477
2025-10-03 14:00:00+00:00,bentre_bentrecity,72.7157802377635
2025-10-03 15:00:00+00:00,bacninh_bacninhcity,160.18220127585786
2025-10-03 16:00:00+00:00,backan_backancity,77.81191750368207
2025-10-03 17:00:00+00:00,angiang_longxuyen,75.74197582221538
2025-10-03 18:00:00+00:00,binhduong_thudaumot,78.1246504934464
2025-10-03 19:00:00+00:00,binhdinh_quynhon,25.814992662535744
2025-10-03 20:00:00+00:00,binhdinh_quynhon,25.654204162252057
2025-10-03 21:00:00+00:00,binhduong_thudaumot,76.79088217458312
2025-10-03 22:00:00+00:00,bacninh_bacninhcity,159.72504311183224
2025-10-03 23:00:00+00:00,bacgiang_bacgiangcity,159.6088415776498
2025-10-04 00:00:00+00:00,bentre_bentrecity,72.92438881908909
2025-10-04 01:00:00+00:00,angiang_longxuyen,75.07573971529948
2025-10-04 02:00:00+00:00,backan_backancity,76.42815622181234
2025-10-04 03:00:00+00:00,binhdinh_quynhon,25.543997113840206
2025-10-04 04:00:00+00:00,bacninh_bacninhcity,158.95965497000827
2025-10-04 05:00:00+00:00,backan_backancity,74.76608020989286
2025-10-04 06:00:00+00:00,bentre_bentrecity,73.31513351298152
2025-10-04 07:00:00+00:00,bacgiang_bacgiangcity,159.025294112687
2025-10-04 08:00:00+00:00,angiang_longxuyen,74.6325742440126
2025-10-04 09:00:00+00:00,binhduong_thudaumot,75.57828299834094
2025-10-04 10:00:00+00:00,bentre_bentrecity,73.80267390377442
2025-10-04 11:00:00+00:00,angiang_longxuyen,74.44052912257457
2025-10-04 12:00:00+00:00,backan_backancity,73.07503005590021
2025-10-04 13:00:00+00:00,bacgiang_bacgiangcity,157.68116171866393
2025-10-04 14:00:00+00:00,bacninh_bacninhcity,157.54049620201232
2025-10-04 15:00:00+00:00,binhdinh_quynhon,25.483728229876476
2025-10-04 16:00:00+00:00,binhduong_thudaumot,74.58680315254252
2025-10-04 17:00:00+00:00,bacgiang_bacgiangcity,155.546705456237
2025-10-04 18:00:00+00:00,binhduong_thudaumot,74.00666749347138
2025-10-04 19:00:00+00:00,binhdinh_quynhon,25.417417209221895
2025-10-04 20:00:00+00:00,angiang_longxuyen,74.4441744179756
2025-10-04 21:00:00+00:00,bentre_bentrecity,74.4807798549308
2025-10-04 22:00:00+00:00,backan_backancity,71.57343519582865
2025-10-04 23:00:00+00:00,bacninh_bacninhcity,155.442187927706
2025-10-05 00:00:00+00:00,binhdinh_quynhon,25.309678478480294
2025-10-05 01:00:00+00:00,angiang_longxuyen,74.55805535234066
2025-10-05 02:00:00+00:00,bacgiang_bacgiangcity,152.96874301844326
2025-10-05 03:00:00+00:00,backan_backancity,70.04824360003694
2025-10-05 04:00:00+00:00,binhduong_thudaumot,73.23739341909899
2025-10-05 05:00:00+00:00,bacninh_bacninhcity,153.00828375208738
2025-10-05 06:00:00+00:00,bentre_bentrecity,75.40592247206848
2025-10-05 07:00:00+00:00,bentre_bentrecity,76.11728876557677
2025-10-05 08:00:00+00:00,bacgiang_bacgiangcity,151.05861775848663
2025-10-05 09:00:00+00:00,binhdinh_quynhon,25.184394678893455
2025-10-05 10:00:00+00:00,angiang_longxuyen,74.70624494930364
2025-10-05 11:00:00+00:00,bacninh_bacninhcity,151.20825117833397
2025-10-05 12:00:00+00:00,binhduong_thudaumot,72.52697776145018
2025-10-05 13:00:00+00:00,backan_backancity,68.91590525135982
2025-10-05 14:00:00+00:00,angiang_longxuyen,74.70590662776969
2025-10-05 15:00:00+00:00,bacgiang_bacgiangcity,149.90407884605344
2025-10-05 16:00:00+00:00,binhdinh_quynhon,25.049599755619738
2025-10-05 17:00:00+00:00,backan_backancity,67.77128726052786
2025-10-05 18:00:00+00:00,bentre_bentrecity,76.36212872413338
2025-10-05 19:00:00+00:00,binhduong_thudaumot,71.8025408205105
2025-10-05 20:00:00+00:00,bacninh_bacninhcity,150.10393157077849
2025-10-05 21:00:00+00:00,binhduong_thudaumot,70.99767389123875
2025-10-05 22:00:00+00:00,backan_backancity,66.64506014237601
2025-10-05 23:00:00+00:00,bacninh_bacninhcity,149.23587475613016
2025-10-06 00:00:00+00:00,binhdinh_quynhon,24.957009252433537
2025-10-06 01:00:00+00:00,bacgiang_bacgiangcity,149.00397678752023
2025-10-06 02:00:00+00:00,bentre_bentrecity,76.0742933402127
2025-10-06 03:00:00+00:00,angiang_longxuyen,74.67206017909841
2025-10-06 04:00:00+00:00,binhdinh_quynhon,25.07059475109287
2025-10-06 05:00:00+00:00,binhduong_thudaumot,70.43023720242088
2025-10-06 06:00:00+00:00,bacgiang_bacgiangcity,148.1093688800947
2025-10-06 07:00:00+00:00,bacninh_bacninhcity,148.4606085785332
2025-10-06 08:00:00+00:00,backan_backancity,65.72594060156108
2025-10-06 09:00:00+00:00,bentre_bentrecity,75.64575670145022
2025-10-06 10:00:00+00:00,angiang_longxuyen,74.7870918831881
2025-10-06 11:00:00+00:00,bacgiang_bacgiangcity,147.35523588563967
2025-10-06 12:00:00+00:00,angiang_longxuyen,74.94555263601634
2025-10-06 13:00:00+00:00,bentre_bentrecity,75.33103905085645
2025-10-06 14:00:00+00:00,backan_backancity,64.92917194619005
2025-10-06 15:00:00+00:00,bacninh_bacninhcity,147.79360052670887
2025-10-06 16:00:00+00:00,binhduong_thudaumot,70.08166119042575
2025-10-06 17:00:00+00:00,binhdinh_quynhon,25.515268374006453
2025-10-06 18:00:00+00:00,bacninh_bacninhcity,147.25758485472028
2025-10-06 19:00:00+00:00,bentre_bentrecity,75.84876153455149
2025-10-06 20:00:00+00:00,binhduong_thudaumot,70.26627991593892
2025-10-06 21:00:00+00:00,binhdinh_quynhon,26.03665044837861
2025-10-06 22:00:00+00:00,bacgiang_bacgiangcity,146.78496873215747
2025-10-06 23:00:00+00:00,backan_backancity,64.3981691510144
2025-10-07 00:00:00+00:00,angiang_longxuyen,74.94070415487838
2025-10-07 01:00:00+00:00,bacninh_bacninhcity,146.90424375069765
2025-10-07 02:00:00+00:00,bentre_bentrecity,78.35761107757848
2025-10-07 03:00:00+00:00,binhdinh_quynhon,26.492803177986417
2025-10-07 04:00:00+00:00,angiang_longxuyen,74.91905872434349
2025-10-07 05:00:00+00:00,binhduong_thudaumot,71.58931724755628
2025-10-07 06:00:00+00:00,bacgiang_bacgiangcity,146.46787568318797
2025-10-07 07:00:00+00:00,backan_backancity,63.90768155080249
2025-10-07 08:00:00+00:00,angiang_longxuyen,74.72522431084914
2025-10-07 09:00:00+00:00,bacninh_bacninhcity,146.6558823891327
2025-10-07 10:00:00+00:00,bacgiang_bacgiangcity,146.29978706191818
2025-10-07 11:00:00+00:00,binhdinh_quynhon,26.784727010866703
2025-10-07 12:00:00+00:00,binhduong_thudaumot,74.81004294893852
2025-10-07 13:00:00+00:00,bentre_bentrecity,83.91252902135801
2025-10-07 14:00:00+00:00,backan_backancity,63.496063371283626
2025-10-07 15:00:00+00:00,backan_backancity,63.282522919709585
2025-10-07 16:00:00+00:00,bacninh_bacninhcity,146.5953752505676
2025-10-07 17:00:00+00:00,binhduong_thudaumot,79.89336926494116
2025-10-07 18:00:00+00:00,bentre_bentrecity,93.11888933488484
2025-10-07 19:00:00+00:00,angiang_longxuyen,74.28222800032924
2025-10-07 20:00:00+00:00,binhdinh_quynhon,26.86676760030403
2025-10-07 21:00:00+00:00,bacgiang_bacgiangcity,146.3997110417347
2025-10-07 22:00:00+00:00,backan_backancity,63.20245269582561
2025-10-07 23:00:00+00:00,bacninh_bacninhcity,146.30094021418884
2025-10-08 00:00:00+00:00,binhduong_thudaumot,85.76491208739849
2025-10-08 01:00:00+00:00,angiang_longxuyen,73.920807682774
2025-10-08 02:00:00+00:00,bacgiang_bacgiangcity,146.1242982527297
2025-10-08 03:00:00+00:00,bentre_bentrecity,104.26327213964322
2025-10-08 04:00:00+00:00,binhdinh_quynhon,26.721136857759802
2025-10-08 05:00:00+00:00,binhdinh_quynhon,26.40686474327059
2025-10-08 06:00:00+00:00,backan_backancity,63.203941787084204
2025-10-08 07:00:00+00:00,bacninh_bacninhcity,145.34721180997823
2025-10-08 08:00:00+00:00,bacgiang_bacgiangcity,144.97228483907105
2025-10-08 09:00:00+00:00,bentre_bentrecity,111.54786726466327
2025-10-08 10:00:00+00:00,binhduong_thudaumot,88.99706328818964
2025-10-08 11:00:00+00:00,angiang_longxuyen,73.84871898803608
2025-10-08 12:00:00+00:00,bacgiang_bacgiangcity,143.72892937633742
2025-10-08 13:00:00+00:00,binhduong_thudaumot,88.02514176261806
2025-10-08 14:00:00+00:00,bentre_bentrecity,111.50552584817997
2025-10-08 15:00:00+00:00,backan_backancity,63.42065340740254
2025-10-08 16:00:00+00:00,bacninh_bacninhcity,144.3747947148358
2025-10-08 17:00:00+00:00,angiang_longxuyen,74.81017637151528
2025-10-08 18:00:00+00:00,binhdinh_quynhon,26.00729748148926
2025-10-08 19:00:00+00:00,angiang_longxuyen,75.9721869482476
2025-10-08 20:00:00+00:00,bacgiang_bacgiangcity,142.84665352707907
2025-10-08 21:00:00+00:00,binhduong_thudaumot,87.25411413437956
2025-10-08 22:00:00+00:00,bacninh_bacninhcity,143.6178598462686
2025-10-08 23:00:00+00:00,binhdinh_quynhon,25.621239255605857
2025-10-09 00:00:00+00:00,bentre_bentrecity,107.1372206512707
2025-10-09 01:00:00+00:00,backan_backancity,63.832686149927795
2025-10-09 02:00:00+00:00,backan_backancity,64.23177451996037
2025-10-09 03:00:00+00:00,bacgiang_bacgiangcity,142.2518509147473
2025-10-09 04:00:00+00:00,binhdinh_quynhon,25.336677489908055
2025-10-09 05:00:00+00:00,angiang_longxuyen,77.14910749793393
2025-10-09 06:00:00+00:00,bentre_bentrecity,106.4523875814445
2025-10-09 07:00:00+00:00,bacninh_bacninhcity,143.14351876039186
2025-10-09 08:00:00+00:00,binhduong_thudaumot,89.08065014998989
2025-10-09 09:00:00+00:00,backan_backancity,64.4549333097919
2025-10-09 10:00:00+00:00,bacgiang_bacgiangcity,141.10664681759596
2025-10-09 11:00:00+00:00,angiang_longxuyen,78.22536547853949
2025-10-09 12:00:00+00:00,bentre_bentrecity,110.65166543395456
2025-10-09 13:00:00+00:00,binhdinh_quynhon,25.198756666264316
2025-10-09 14:00:00+00:00,binhduong_thudaumot,92.89018755175232
2025-10-09 15:00:00+00:00,bacninh_bacninhcity,142.2047098593193
2025-10-09 16:00:00+00:00,bacninh_bacninhcity,139.96753250805574
2025-10-09 17:00:00+00:00,binhduong_thudaumot,97.61497643087635
2025-10-09 18:00:00+00:00,angiang_longxuyen,78.86639424862994
2025-10-09 19:00:00+00:00,bentre_bentrecity,116.09025675988593
2025-10-09 20:00:00+00:00,binhdinh_quynhon,25.156833386606436
2025-10-09 21:00:00+00:00,backan_backancity,64.56463525844883
2025-10-09 22:00:00+00:00,bacgiang_bacgiangcity,138.62133206409274
2025-10-09 23:00:00+00:00,binhduong_thudaumot,102.21128711184564
2025-10-10 00:00:00+00:00,bacgiang_bacgiangcity,134.6369455667465
2025-10-10 01:00:00+00:00,bentre_bentrecity,120.11472244627541
2025-10-10 02:00:00+00:00,angiang_longxuyen,79.21199684319993
2025-10-10 03:00:00+00:00,bacninh_bacninhcity,136.2280502980085
2025-10-10 04:00:00+00:00,binhdinh_quynhon,25.117797752717223
2025-10-10 05:00:00+00:00,backan_backancity,64.57780835535883
2025-10-10 06:00:00+00:00,bacgiang_bacgiangcity,128.9368233561592
2025-10-10 07:00:00+00:00,bentre_bentrecity,121.90880103754048
2025-10-10 08:00:00+00:00,binhduong_thudaumot,106.47335875145748
2025-10-10 09:00:00+00:00,bacninh_bacninhcity,130.7477203397353
2025-10-10 10:00:00+00:00,angiang_longxuyen,79.54214386177874
2025-10-10 11:00:00+00:00,backan_backancity,64.67994810296814
2025-10-10 12:00:00+00:00,binhdinh_quynhon,25.074678434960433
2025-10-10 13:00:00+00:00,backan_backancity,64.85703321798584
2025-10-10 14:00:00+00:00,bentre_bentrecity,122.77483983571516
2025-10-10 15:00:00+00:00,angiang_longxuyen,79.93753213785196
2025-10-10 16:00:00+00:00,bacgiang_bacgiangcity,121.55225540912936
2025-10-10 17:00:00+00:00,binhdinh_quynhon,25.060306917405526
2025-10-10 18:00:00+00:00,binhduong_thudaumot,109.9997531936733
2025-10-10 19:00:00+00:00,bacninh_bacninhcity,123.3488737944451
2025-10-10 20:00:00+00:00,angiang_longxuyen,80.3068732296299
2025-10-10 21:00:00+00:00,bentre_bentrecity,123.23093061912661
2025-10-10 22:00:00+00:00,backan_backancity,65.1663377240364
2025-10-10 23:00:00+00:00,bacninh_bacninhcity,115.17346973161847
2025-10-11 00:00:00+00:00,binhdinh_quynhon,25.0953160485315
2025-10-11 01:00:00+00:00,binhduong_thudaumot,113.07530560134595
2025-10-11 02:00:00+00:00,bacgiang_bacgiangcity,113.67370466688544
2025-10-11 03:00:00+00:00,angiang_longxuyen,80.66158310633743
2025-10-11 04:00:00+00:00,binhdinh_quynhon,25.143615021322177
2025-10-11 05:00:00+00:00,bentre_bentrecity,123.46640955439523
2025-10-11 06:00:00+00:00,bacgiang_bacgiangcity,107.07047838978762
2025-10-11 07:00:00+00:00,backan_backancity,65.50514529737518
2025-10-11 08:00:00+00:00,bacninh_bacninhcity,108.33564129618507
2025-10-11 09:00:00+00:00,binhduong_thudaumot,115.88575807043406
2025-10-11 10:00:00+00:00,angiang_longxuyen,80.98470637926772
2025-10-11 11:00:00+00:00,binhdinh_quynhon,25.17973918398259
2025-10-11 12:00:00+00:00,bentre_bentrecity,123.66301725144957
2025-10-11 13:00:00+00:00,bacgiang_bacgiangcity,102.3796282829929
2025-10-11 14:00:00+00:00,backan_backancity,65.79051951126367
2025-10-11 15:00:00+00:00,bacninh_bacninhcity,103.571760197704
2025-10-11 16:00:00+00:00,binhduong_thudaumot,118.45294663515367
2025-10-11 17:00:00+00:00,bacninh_bacninhcity,100.0494860710007
2025-10-11 18:00:00+00:00,binhdinh_quynhon,25.208787184982185
2025-10-11 19:00:00+00:00,backan_backancity,66.12265595576395
2025-10-11 20:00:00+00:00,bentre_bentrecity,123.87615267020126
2025-10-11 21:00:00+00:00,bacgiang_bacgiangcity,98.87752181265947
2025-10-11 22:00:00+00:00,angiang_longxuyen,81.26470556934919
2025-10-11 23:00:00+00:00,binhduong_thudaumot,121.01892248395225
2025-10-12 00:00:00+00:00,binhdinh_quynhon,25.26793627231946
2025-10-12 01:00:00+00:00,bacninh_bacninhcity,97.06036692306913
2025-10-12 02:00:00+00:00,backan_backancity,66.22587976180951
2025-10-12 03:00:00+00:00,angiang_longxuyen,81.2023781656296
2025-10-12 04:00:00+00:00,bentre_bentrecity,124.09589965414112
2025-10-12 05:00:00+00:00,bacgiang_bacgiangcity,95.82788301779621
2025-10-12 06:00:00+00:00,binhduong_thudaumot,123.70124520224013
2025-10-12 07:00:00+00:00,binhduong_thudaumot,125.27021608103443
2025-10-12 08:00:00+00:00,binhdinh_quynhon,25.299481181541452
2025-10-12 09:00:00+00:00,bentre_bentrecity,123.80316099052413
2025-10-12 10:00:00+00:00,bacninh_bacninhcity,94.37542980725854
2025-10-12 11:00:00+00:00,backan_backancity,66.03822567267483
2025-10-12 12:00:00+00:00,angiang_longxuyen,80.71921451186394
2025-10-12 13:00:00+00:00,bacgiang_bacgiangcity,93.09850427119122
2025-10-12 14:00:00+00:00,binhdinh_quynhon,25.38144076441432
2025-10-12 15:00:00+00:00,binhduong_thudaumot,125.7262067975133
2025-10-12 16:00:00+00:00,bentre_bentrecity,123.07032319233997
2025-10-12 17:00:00+00:00,bacgiang_bacgiangcity,90.5086392291493
2025-10-12 18:00:00+00:00,bacninh_bacninhcity,91.6896797965299
2025-10-12 19:00:00+00:00,backan_backancity,65.72801579913904
2025-10-12 20:00:00+00:00,angiang_longxuyen,79.98514493739067
2025-10-12 21:00:00+00:00,backan_backancity,65.3715869154826
2025-10-12 22:00:00+00:00,bentre_bentrecity,121.89675250234896
2025-10-12 23:00:00+00:00,angiang_longxuyen,79.42061733725558
2025-10-13 00:00:00+00:00,binhduong_thudaumot,125.52444565343123
2025-10-13 01:00:00+00:00,binhdinh_quynhon,25.703170247926565
2025-10-13 02:00:00+00:00,bacninh_bacninhcity,89.0720193770551
2025-10-13 03:00:00+00:00,bacgiang_bacgiangcity,88.25229727338765
2025-10-13 04:00:00+00:00,bentre_bentrecity,120.51053005044704
2025-10-13 05:00:00+00:00,binhduong_thudaumot,125.07963860794088
2025-10-13 06:00:00+00:00,binhdinh_quynhon,26.435136034269703
2025-10-13 07:00:00+00:00,bacgiang_bacgiangcity,86.34059715051595
2025-10-13 08:00:00+00:00,backan_backancity,64.9598924944913
2025-10-13 09:00:00+00:00,bacninh_bacninhcity,86.55131905015573
2025-10-13 10:00:00+00:00,angiang_longxuyen,79.12297062885028
2025-10-13 11:00:00+00:00,binhdinh_quynhon,27.59529775529535
2025-10-13 12:00:00+00:00,bentre_bentrecity,119.39811455153688
2025-10-13 13:00:00+00:00,binhduong_thudaumot,124.75977227541138
2025-10-13 14:00:00+00:00,bacninh_bacninhcity,84.43903237838671
2025-10-13 15:00:00+00:00,angiang_longxuyen,78.90501770205879
2025-10-13 16:00:00+00:00,backan_backancity,64.37495838774848
2025-10-13 17:00:00+00:00,bacgiang_bacgiangcity,84.93699759926277
2025-10-13 18:00:00+00:00,bacgiang_bacgiangcity,84.17621491888337
2025-10-13 19:00:00+00:00,binhdinh_quynhon,28.95816649117053
2025-10-13 20:00:00+00:00,binhduong_thudaumot,124.63898434015249
2025-10-13 21:00:00+00:00,bacninh_bacninhcity,83.03398900424921
2025-10-13 22:00:00+00:00,bentre_bentrecity,118.90641661794999
2025-10-13 23:00:00+00:00,backan_backancity,63.58648337505131
2025-10-14 00:00:00+00:00,angiang_longxuyen,78.30707727662693
2025-10-14 01:00:00+00:00,binhduong_thudaumot,124.63037620140483
2025-10-14 02:00:00+00:00,angiang_longxuyen,77.68990732231812
2025-10-14 03:00:00+00:00,bentre_bentrecity,119.00901857948597
2025-10-14 04:00:00+00:00,binhdinh_quynhon,30.435149650920096
2025-10-14 05:00:00+00:00,bacninh_bacninhcity,82.35687895732657
2025-10-14 06:00:00+00:00,bacgiang_bacgiangcity,83.96782195797203
2025-10-14 07:00:00+00:00,backan_backancity,62.71210566582852
2025-10-14 08:00:00+00:00,bentre_bentrecity,119.80198469141904
2025-10-14 09:00:00+00:00,backan_backancity,61.68660782804583
2025-10-14 10:00:00+00:00,angiang_longxuyen,76.98359917399702
2025-10-14 11:00:00+00:00,binhduong_thudaumot,124.38244369812236
2025-10-14 12:00:00+00:00,bacninh_bacninhcity,82.17551359839517
2025-10-14 13:00:00+00:00,binhdinh_quynhon,32.090380608142084
2025-10-14 14:00:00+00:00,bacgiang_bacgiangcity,84.04838656015386
2025-10-14 15:00:00+00:00,binhdinh_quynhon,33.79874710656264
2025-10-14 16:00:00+00:00,binhduong_thudaumot,123.74169606846151
2025-10-14 17:00:00+00:00,bacgiang_bacgiangcity,83.75501175675122
2025-10-14 18:00:00+00:00,backan_backancity,60.51822870581877
2025-10-14 19:00:00+00:00,bacninh_bacninhcity,81.92619802715173
2025-10-14 20:00:00+00:00,bentre_bentrecity,121.32980661800993
2025-10-14 21:00:00+00:00,angiang_longxuyen,76.28818879114279
2025-10-14 22:00:00+00:00,bacgiang_bacgiangcity,82.54268180820858
2025-10-14 23:00:00+00:00,bacninh_bacninhcity,81.004514866826
2025-10-15 00:00:00+00:00,backan_backancity,59.07626182483323
2025-10-15 01:00:00+00:00,angiang_longxuyen,75.55227989114691
2025-10-15 02:00:00+00:00,binhdinh_quynhon,35.296315463870975
2025-10-15 03:00:00+00:00,bentre_bentrecity,122.41370304113555
2025-10-15 04:00:00+00:00,binhduong_thudaumot,122.61825414659972
2025-10-15 05:00:00+00:00,angiang_longxuyen,75.41416846382207
2025-10-15 06:00:00+00:00,bentre_bentrecity,120.94368168083815
2025-10-15 07:00:00+00:00,binhdinh_quynhon,36.33494827782744
2025-10-15 08:00:00+00:00,binhduong_thudaumot,120.73204964862111
2025-10-15 09:00:00+00:00,bacgiang_bacgiangcity,80.5357274957073
2025-10-15 10:00:00+00:00,bacninh_bacninhcity,79.44318243055177
2025-10-15 11:00:00+00:00,backan_backancity,57.477223215345454
2025-10-15 12:00:00+00:00,bacninh_bacninhcity,77.49526046063309
2025-10-15 13:00:00+00:00,angiang_longxuyen,74.67447846330236
2025-10-15 14:00:00+00:00,backan_backancity,55.93221836690343
2025-10-15 15:00:00+00:00,binhdinh_quynhon,37.23424027071598
2025-10-15 16:00:00+00:00,bacgiang_bacgiangcity,78.14180005965335
2025-10-15 17:00:00+00:00,bentre_bentrecity,118.10866397107529
2025-10-15 18:00:00+00:00,binhduong_thudaumot,118.43990934336644
2025-10-15 19:00:00+00:00,bentre_bentrecity,114.7051076449632
2025-10-15 20:00:00+00:00,binhdinh_quynhon,38.19450638118831
2025-10-15 21:00:00+00:00,bacninh_bacninhcity,75.35568410682264
2025-10-15 22:00:00+00:00,backan_backancity,54.54558611708715
2025-10-15 23:00:00+00:00,binhduong_thudaumot,115.34416247568129
2025-10-16 00:00:00+00:00,bacgiang_bacgiangcity,75.62509764496504
2025-10-16 01:00:00+00:00,angiang_longxuyen,73.60773637147571
2025-10-16 02:00:00+00:00,angiang_longxuyen,72.40441006431902
2025-10-16 03:00:00+00:00,backan_backancity,53.285162094711026
2025-10-16 04:00:00+00:00,bacninh_bacninhcity,73.14450748020707
2025-10-16 05:00:00+00:00,binhduong_thudaumot,111.63369371971645
2025-10-16 06:00:00+00:00,bacgiang_bacgiangcity,73.10160973922957
2025-10-16 07:00:00+00:00,bentre_bentrecity,110.16843864271954
2025-10-16 08:00:00+00:00,binhdinh_quynhon,39.38917689867706
2025-10-16 09:00:00+00:00,angiang_longxuyen,71.20605613069303
2025-10-16 10:00:00+00:00,bentre_bentrecity,105.61861024320545
2025-10-16 11:00:00+00:00,bacgiang_bacgiangcity,70.9775080217784
2025-10-16 12:00:00+00:00,binhduong_thudaumot,107.53760750888075
2025-10-16 13:00:00+00:00,binhdinh_quynhon,40.96510242928548
2025-10-16 14:00:00+00:00,bacninh_bacninhcity,71.23314806141533
2025-10-16 15:00:00+00:00,backan_backancity,52.27411439850171
2025-10-16 16:00:00+00:00,binhdinh_quynhon,42.74366349836303
2025-10-16 17:00:00+00:00,backan_backancity,51.42024802791126
2025-10-16 18:00:00+00:00,bacninh_bacninhcity,69.64826177524921
2025-10-16 19:00:00+00:00,binhduong_thudaumot,103.48188996642898
2025-10-16 20:00:00+00:00,bentre_bentrecity,101.98368606497147
2025-10-16 21:00:00+00:00,bacgiang_bacgiangcity,69.29147074459868
2025-10-16 22:00:00+00:00,angiang_longxuyen,70.04642809997446
2025-10-16 23:00:00+00:00,bacninh_bacninhcity,68.21327337153794
2025-10-17 00:00:00+00:00,binhduong_thudaumot,99.92052004654963
2025-10-17 01:00:00+00:00,angiang_longxuyen,68.90350648190429
2025-10-17 02:00:00+00:00,bacgiang_bacgiangcity,67.78355260740662
2025-10-17 03:00:00+00:00,backan_backancity,50.6996469860537
2025-10-17 04:00:00+00:00,bentre_bentrecity,98.79037170438652
2025-10-17 05:00:00+00:00,binhdinh_quynhon,44.33149699394816
2025-10-17 06:00:00+00:00,angiang_longxuyen,67.70379449705045
2025-10-17 07:00:00+00:00,binhdinh_quynhon,45.40777880001385
2025-10-17 08:00:00+00:00,backan_backancity,50.071612621922206
2025-10-17 09:00:00+00:00,binhduong_thudaumot,97.07013610627111
2025-10-17 10:00:00+00:00,bacgiang_bacgiangcity,66.42338567871104
2025-10-17 11:00:00+00:00,bentre_bentrecity,96.26987925462684
2025-10-17 12:00:00+00:00,bacninh_bacninhcity,66.92040860263864
2025-10-17 13:00:00+00:00,binhdinh_quynhon,45.845204717953614
2025-10-17 14:00:00+00:00,angiang_longxuyen,66.43290633258196
2025-10-17 15:00:00+00:00,bentre_bentrecity,94.17143502628858
2025-10-17 16:00:00+00:00,bacgiang_bacgiangcity,65.19673186353376
2025-10-17 17:00:00+00:00,backan_backancity,49.4344245160059
2025-10-17 18:00:00+00:00,bacninh_bacninhcity,65.76447351824139
2025-10-17 19:00:00+00:00,binhduong_thudaumot,95.11707721823765
2025-10-17 20:00:00+00:00,binhdinh_quynhon,45.69147331896265
2025-10-17 21:00:00+00:00,angiang_longxuyen,64.97478340707721
2025-10-17 22:00:00+00:00,bentre_bentrecity,92.31216163717636
2025-10-17 23:00:00+00:00,bacninh_bacninhcity,64.83476594294137
2025-10-18 00:00:00+00:00,backan_backancity,48.835671642383346
2025-10-18 01:00:00+00:00,bacgiang_bacgiangcity,64.17575371553914
2025-10-18 02:00:00+00:00,binhduong_thudaumot,93.97670298858355
2025-10-18 03:00:00+00:00,bacgiang_bacgiangcity,63.2069390299695
2025-10-18 04:00:00+00:00,bacninh_bacninhcity,63.9683125817603
2025-10-18 05:00:00+00:00,bentre_bentrecity,90.42333991240164
2025-10-18 06:00:00+00:00,binhduong_thudaumot,93.12272642523997
2025-10-18 07:00:00+00:00,angiang_longxuyen,63.355781444540256
2025-10-18 08:00:00+00:00,backan_backancity,48.244571506556944
2025-10-18 09:00:00+00:00,binhdinh_quynhon,45.251283647646936
2025-10-18 10:00:00+00:00,bacninh_bacninhcity,63.222792491144965
2025-10-18 11:00:00+00:00,binhduong_thudaumot,91.9676383359506
2025-10-18 12:00:00+00:00,bentre_bentrecity,88.63955034609694
2025-10-18 13:00:00+00:00,backan_backancity,47.74512791587937
2025-10-18 14:00:00+00:00,bacgiang_bacgiangcity,62.37875174031521
2025-10-18 15:00:00+00:00,binhdinh_quynhon,44.70286444111079
2025-10-18 16:00:00+00:00,angiang_longxuyen,61.6679882309484
2025-10-18 17:00:00+00:00,binhduong_thudaumot,90.79817872910631
2025-10-18 18:00:00+00:00,bacgiang_bacgiangcity,61.62420894794581
2025-10-18 19:00:00+00:00,backan_backancity,47.318409159725384
2025-10-18 20:00:00+00:00,binhdinh_quynhon,44.22104216075088
2025-10-18 21:00:00+00:00,bacninh_bacninhcity,62.504223761037125
2025-10-18 22:00:00+00:00,bentre_bentrecity,86.89684421198027
2025-10-18 23:00:00+00:00,angiang_longxuyen,59.96982141201269
2025-10-19 00:00:00+00:00,bacgiang_bacgiangcity,61.203494207746466
2025-10-19 01:00:00+00:00,binhdinh_quynhon,43.7212173627111
2025-10-19 02:00:00+00:00,binhduong_thudaumot,89.98134546248053
2025-10-19 03:00:00+00:00,bacninh_bacninhcity,62.051142133241036
2025-10-19 04:00:00+00:00,angiang_longxuyen,58.55917309837785
2025-10-19 05:00:00+00:00,bentre_bentrecity,84.89591059325572
2025-10-19 06:00:00+00:00,backan_backancity,47.10551437812107
2025-10-19 07:00:00+00:00,bentre_bentrecity,82.8300025621903
2025-10-19 08:00:00+00:00,binhduong_thudaumot,89.34928221303979
2025-10-19 09:00:00+00:00,angiang_longxuyen,57.16955075331431
2025-10-19 10:00:00+00:00,backan_backancity,47.00520442585032
2025-10-19 11:00:00+00:00,bacgiang_bacgiangcity,60.923726124628324
2025-10-19 12:00:00+00:00,binhdinh_quynhon,43.284253658698006
2025-10-19 13:00:00+00:00,bacninh_bacninhcity,61.6265629034074
2025-10-19 14:00:00+00:00,bacninh_bacninhcity,61.048519119736326
2025-10-19 15:00:00+00:00,angiang_longxuyen,55.836287534205944
2025-10-19 16:00:00+00:00,bacgiang_bacgiangcity,60.634437387639245
2025-10-19 17:00:00+00:00,bentre_bentrecity,80.79844250573205
2025-10-19 18:00:00+00:00,binhdinh_quynhon,43.05956050923362
2025-10-19 19:00:00+00:00,backan_backancity,47.04383026182518
2025-10-19 20:00:00+00:00,binhduong_thudaumot,88.66868173620702
2025-10-19 21:00:00+00:00,binhduong_thudaumot,87.86122974451035
2025-10-19 22:00:00+00:00,bacninh_bacninhcity,60.36195513023114
2025-10-19 23:00:00+00:00,bacgiang_bacgiangcity,60.37113746256812
2025-10-20 00:00:00+00:00,bentre_bentrecity,78.9253146115499
2025-10-20 01:00:00+00:00,backan_backancity,47.21748451058309
2025-10-20 02:00:00+00:00,angiang_longxuyen,54.68019520177178
2025-10-20 03:00:00+00:00,binhdinh_quynhon,43.2416680312483
2025-10-20 04:00:00+00:00,binhduong_thudaumot,86.93372006790801
2025-10-20 05:00:00+00:00,binhdinh_quynhon,43.98530829305879
2025-10-20 06:00:00+00:00,angiang_longxuyen,54.001650862148864
2025-10-20 07:00:00+00:00,backan_backancity,47.543407275079524
2025-10-20 08:00:00+00:00,bacninh_bacninhcity,59.72452400462143
2025-10-20 09:00:00+00:00,bentre_bentrecity,77.47515177227706
2025-10-20 10:00:00+00:00,bacgiang_bacgiangcity,60.24869365782967
2025-10-20 11:00:00+00:00,binhduong_thudaumot,86.07674804858866
2025-10-20 12:00:00+00:00,backan_backancity,47.90124662597611
2025-10-20 13:00:00+00:00,bacgiang_bacgiangcity,60.285966207668714
2025-10-20 14:00:00+00:00,angiang_longxuyen,53.86367285740079
2025-10-20 15:00:00+00:00,bentre_bentrecity,77.15393691870379
2025-10-20 16:00:00+00:00,bacninh_bacninhcity,59.27388448648943
2025-10-20 17:00:00+00:00,binhdinh_quynhon,45.584906800859805
2025-10-20 18:00:00+00:00,binhdinh_quynhon,48.1468966501774
2025-10-20 19:00:00+00:00,bentre_bentrecity,79.88513280337165
2025-10-20 20:00:00+00:00,binhduong_thudaumot,85.9923141916805
2025-10-20 21:00:00+00:00,bacninh_bacninhcity,59.169552796547485
2025-10-20 22:00:00+00:00,backan_backancity,48.240683191462516
2025-10-20 23:00:00+00:00,angiang_longxuyen,54.055582173716026
2025-10-21 00:00:00+00:00,bacgiang_bacgiangcity,60.50035722816966
2025-10-21 01:00:00+00:00,bacninh_bacninhcity,59.491930332575464
2025-10-21 02:00:00+00:00,backan_backancity,48.53002910955592
2025-10-21 03:00:00+00:00,angiang_longxuyen,54.66752482207068
2025-10-21 04:00:00+00:00,binhduong_thudaumot,87.25813468077776
2025-10-21 05:00:00+00:00,binhdinh_quynhon,51.506477133240764
2025-10-21 06:00:00+00:00,bacgiang_bacgiangcity,60.86274962449851
2025-10-21 07:00:00+00:00,bentre_bentrecity,87.51270495725451
2025-10-21 08:00:00+00:00,bentre_bentrecity,99.99986999699182
2025-10-21 09:00:00+00:00,binhduong_thudaumot,89.07659148285548
2025-10-21 10:00:00+00:00,bacgiang_bacgiangcity,61.27173509067219
2025-10-21 11:00:00+00:00,binhdinh_quynhon,55.02062767149194
2025-10-21 12:00:00+00:00,backan_backancity,48.74417234527144
2025-10-21 13:00:00+00:00,angiang_longxuyen,55.33012039867758
2025-10-21 14:00:00+00:00,bacninh_bacninhcity,60.046115300464876
2025-10-21 15:00:00+00:00,bentre_bentrecity,115.13406003800509
2025-10-21 16:00:00+00:00,bacninh_bacninhcity,60.50799567068973
2025-10-21 17:00:00+00:00,angiang_longxuyen,55.66765092735299
2025-10-21 18:00:00+00:00,backan_backancity,48.830830308883414
2025-10-21 19:00:00+00:00,bacgiang_bacgiangcity,61.56238664398112
2025-10-21 20:00:00+00:00,binhduong_thudaumot,90.54150466449941
2025-10-21 21:00:00+00:00,binhdinh_quynhon,57.856150481009706
2025-10-21 22:00:00+00:00,bentre_bentrecity,126.55665750588065
2025-10-21 23:00:00+00:00,bacninh_bacninhcity,60.69623110105177
2025-10-22 00:00:00+00:00,backan_backancity,48.86927983645325
2025-10-22 01:00:00+00:00,bacgiang_bacgiangcity,61.58330539798182
2025-10-22 02:00:00+00:00,binhdinh_quynhon,59.31028502448745
2025-10-22 03:00:00+00:00,angiang_longxuyen,55.686673174726735
2025-10-22 04:00:00+00:00,binhduong_thudaumot,91.22157502484413
2025-10-22 05:00:00+00:00,angiang_longxuyen,55.51032664897329
2025-10-22 06:00:00+00:00,bentre_bentrecity,127.52999902887643
2025-10-22 07:00:00+00:00,backan_backancity,48.806480688622926
2025-10-22 08:00:00+00:00,bacninh_bacninhcity,60.66600135722936
2025-10-22 09:00:00+00:00,bacgiang_bacgiangcity,61.347235591301796
2025-10-22 10:00:00+00:00,binhdinh_quynhon,59.1107992118485
2025-10-22 11:00:00+00:00,binhduong_thudaumot,91.38193347557234
2025-10-22 12:00:00+00:00,binhduong_thudaumot,91.79299652187
2025-10-22 13:00:00+00:00,binhdinh_quynhon,57.39351007860646
2025-10-22 14:00:00+00:00,bacgiang_bacgiangcity,60.86884655974769
2025-10-22 15:00:00+00:00,bacninh_bacninhcity,60.44388135745982
2025-10-22 16:00:00+00:00,bentre_bentrecity,115.38549011883573
2025-10-22 17:00:00+00:00,backan_backancity,48.56714917645009
2025-10-22 18:00:00+00:00,angiang_longxuyen,56.48271515356356
2025-10-22 19:00:00+00:00,bentre_bentrecity,97.72216881403519
2025-10-22 20:00:00+00:00,angiang_longxuyen,57.940749924865806
2025-10-22 21:00:00+00:00,binhduong_thudaumot,92.1267137856504
2025-10-22 22:00:00+00:00,bacgiang_bacgiangcity,60.423205623152526
2025-10-22 23:00:00+00:00,binhdinh_quynhon,54.92437281253658
2025-10-23 00:00:00+00:00,backan_backancity,48.33786724336323
2025-10-23 01:00:00+00:00,bacninh_bacninhcity,60.27122301293566
2025-10-23 02:00:00+00:00,binhduong_thudaumot,92.03617941967406
2025-10-23 03:00:00+00:00,bacninh_bacninhcity,60.03053583208099
2025-10-23 04:00:00+00:00,bacgiang_bacgiangcity,59.96809883124475
2025-10-23 05:00:00+00:00,binhdinh_quynhon,52.335831870441794
2025-10-23 06:00:00+00:00,backan_backancity,48.17703109215927
2025-10-23 07:00:00+00:00,bentre_bentrecity,86.15942239526565
2025-10-23 08:00:00+00:00,angiang_longxuyen,59.81842252556919
2025-10-23 09:00:00+00:00,bacninh_bacninhcity,59.74111128996913
2025-10-23 10:00:00+00:00,backan_backancity,48.11784864917781
2025-10-23 11:00:00+00:00,bentre_bentrecity,82.24112772434074
2025-10-23 12:00:00+00:00,binhduong_thudaumot,91.70854836968576
2025-10-23 13:00:00+00:00,bacgiang_bacgiangcity,59.52967939161726
2025-10-23 14:00:00+00:00,binhdinh_quynhon,50.14811140933157
2025-10-23 15:00:00+00:00,angiang_longxuyen,61.88247217074388
2025-10-23 16:00:00+00:00,bentre_bentrecity,81.6844434656829
2025-10-23 17:00:00+00:00,backan_backancity,48.11609033021966
2025-10-23 18:00:00+00:00,binhduong_thudaumot,91.1951901146514
2025-10-23 19:00:00+00:00,bacgiang_bacgiangcity,59.146623173711184
2025-10-23 20:00:00+00:00,bacninh_bacninhcity,59.41531718295744
2025-10-23 21:00:00+00:00,binhdinh_quynhon,48.556475370308505
2025-10-23 22:00:00+00:00,angiang_longxuyen,64.1519473157698
2025-10-23 23:00:00+00:00,binhduong_thudaumot,90.55503276076547
2025-10-24 00:00:00+00:00,bacgiang_bacgiangcity,58.82075759031908
2025-10-24 01:00:00+00:00,backan_backancity,48.10786578138021
2025-10-24 02:00:00+00:00,angiang_longxuyen,66.6661861778799
2025-10-24 03:00:00+00:00,bacninh_bacninhcity,59.11781342731297
2025-10-24 04:00:00+00:00,binhdinh_quynhon,47.465660033558954
2025-10-24 05:00:00+00:00,bentre_bentrecity,82.50609543162149
2025-10-24 06:00:00+00:00,backan_backancity,48.04673441575951
2025-10-24 07:00:00+00:00,binhdinh_quynhon,46.73088760801163
2025-10-24 08:00:00+00:00,bacgiang_bacgiangcity,58.51437646822739
2025-10-24 09:00:00+00:00,bentre_bentrecity,83.83627325364205
2025-10-24 10:00:00+00:00,bacninh_bacninhcity,58.85534262825462
2025-10-24 11:00:00+00:00,binhduong_thudaumot,89.6898302362416
2025-10-24 12:00:00+00:00,angiang_longxuyen,69.37267506038519
2025-10-24 13:00:00+00:00,binhdinh_quynhon,46.226078523711095
2025-10-24 14:00:00+00:00,backan_backancity,47.95224740594636
2025-10-24 15:00:00+00:00,angiang_longxuyen,72.36668244819136
2025-10-24 16:00:00+00:00,binhduong_thudaumot,88.54959255625592
2025-10-24 17:00:00+00:00,bentre_bentrecity,85.2796100985855
2025-10-24 18:00:00+00:00,bacgiang_bacgiangcity,58.25723780714781
2025-10-24 19:00:00+00:00,bacninh_bacninhcity,58.66381928439361
2025-10-24 20:00:00+00:00,backan_backancity,47.862954346443175
2025-10-24 21:00:00+00:00,bentre_bentrecity,86.93845895192936
2025-10-24 22:00:00+00:00,bacgiang_bacgiangcity,58.07176136506969
2025-10-24 23:00:00+00:00,binhdinh_quynhon,45.927302488495286
2025-10-25 00:00:00+00:00,angiang_longxuyen,75.10012269120415
2025-10-25 01:00:00+00:00,binhduong_thudaumot,87.26809491438821
2025-10-25 02:00:00+00:00,bacninh_bacninhcity,58.54114199014582
2025-10-25 03:00:00+00:00,bacninh_bacninhcity,58.341227319224394
2025-10-25 04:00:00+00:00,binhduong_thudaumot,86.19318068973442
2025-10-25 05:00:00+00:00,binhdinh_quynhon,45.76678083336514
2025-10-25 06:00:00+00:00,backan_backancity,47.74070114538583
2025-10-25 07:00:00+00:00,angiang_longxuyen,77.66235556021516
2025-10-25 08:00:00+00:00,bentre_bentrecity,88.8107005389944
2025-10-25 09:00:00+00:00,bacgiang_bacgiangcity,57.8459245935187
2025-10-25 10:00:00+00:00,bentre_bentrecity,90.98384339231951
2025-10-25 11:00:00+00:00,binhdinh_quynhon,45.664245583117555
2025-10-25 12:00:00+00:00,bacninh_bacninhcity,58.154664436164005
2025-10-25 13:00:00+00:00,backan_backancity,47.53930929593588
2025-10-25 14:00:00+00:00,bacgiang_bacgiangcity,57.643541604927044
2025-10-25 15:00:00+00:00,angiang_longxuyen,80.13249826070283
2025-10-25 16:00:00+00:00,binhduong_thudaumot,85.70079420034955
2025-10-25 17:00:00+00:00,bacninh_bacninhcity,58.015609520617716
2025-10-25 18:00:00+00:00,bacgiang_bacgiangcity,57.49090855964841
2025-10-25 19:00:00+00:00,angiang_longxuyen,82.72634275022422
2025-10-25 20:00:00+00:00,backan_backancity,47.32072499445074
2025-10-25 21:00:00+00:00,bentre_bentrecity,93.1767911593839
2025-10-25 22:00:00+00:00,binhdinh_quynhon,45.538466213959865
2025-10-25 23:00:00+00:00,binhduong_thudaumot,86.09519610237308
2025-10-26 00:00:00+00:00,bentre_bentrecity,93.45227363785982
2025-10-26 01:00:00+00:00,angiang_longxuyen,84.58196488757038
2025-10-26 02:00:00+00:00,bacgiang_bacgiangcity,57.29961394020472
2025-10-26 03:00:00+00:00,bacninh_bacninhcity,57.79766374146426
2025-10-26 04:00:00+00:00,backan_backancity,46.9709005283444
2025-10-26 05:00:00+00:00,binhduong_thudaumot,87.03093628417992
2025-10-26 06:00:00+00:00,binhdinh_quynhon,45.32074915922372
2025-10-26 07:00:00+00:00,bentre_bentrecity,92.97381729938083
2025-10-26 08:00:00+00:00,bacgiang_bacgiangcity,57.15456453888785
2025-10-26 09:00:00+00:00,angiang_longxuyen,85.68263681717879
2025-10-26 10:00:00+00:00,binhduong_thudaumot,87.92869868252762
2025-10-26 11:00:00+00:00,binhdinh_quynhon,44.830931054441685
2025-10-26 12:00:00+00:00,backan_backancity,46.65453653845512
2025-10-26 13:00:00+00:00,bacninh_bacninhcity,57.543029136245124
2025-10-26 14:00:00+00:00,bacgiang_bacgiangcity,57.01086365861475
2025-10-26 15:00:00+00:00,bentre_bentrecity,92.42883431983302
2025-10-26 16:00:00+00:00,bacninh_bacninhcity,57.17269094896043
2025-10-26 17:00:00+00:00,angiang_longxuyen,86.46339952842946
2025-10-26 18:00:00+00:00,backan_backancity,46.47515941417219
2025-10-26 19:00:00+00:00,binhduong_thudaumot,88.07114634359749
2025-10-26 20:00:00+00:00,binhdinh_quynhon,44.14149371444392
2025-10-26 21:00:00+00:00,backan_backancity,46.46925546515012
2025-10-26 22:00:00+00:00,bacninh_bacninhcity,56.77792689994281
2025-10-26 23:00:00+00:00,binhdinh_quynhon,43.57947017016928
2025-10-27 00:00:00+00:00,bacgiang_bacgiangcity,56.910367867754935
2025-10-27 01:00:00+00:00,bentre_bentrecity,92.14315216187224
2025-10-27 02:00:00+00:00,angiang_longxuyen,87.2657171334665
2025-10-27 03:00:00+00:00,binhduong_thudaumot,87.79950989002425
2025-10-27 04:00:00+00:00,bacninh_bacninhcity,56.423118147575714
2025-10-27 05:00:00+00:00,binhduong_thudaumot,87.26269249130205
2025-10-27 06:00:00+00:00,angiang_longxuyen,88.43047478575266
2025-10-27 07:00:00+00:00,backan_backancity,46.61501963027112
2025-10-27 08:00:00+00:00,binhdinh_quynhon,43.41449315399343
2025-10-27 09:00:00+00:00,bentre_bentrecity,92.43717144397161
2025-10-27 10:00:00+00:00,bacgiang_bacgiangcity,56.88662817927397
2025-10-27 11:00:00+00:00,backan_backancity,46.85401282091001
2025-10-27 12:00:00+00:00,angiang_longxuyen,89.85562089188116
2025-10-27 13:00:00+00:00,bacgiang_bacgiangcity,56.94373780722347
2025-10-27 14:00:00+00:00,binhdinh_quynhon,43.87862741274729
2025-10-27 15:00:00+00:00,binhduong_thudaumot,86.52951279776491
2025-10-27 16:00:00+00:00,bentre_bentrecity,94.45827212342951
2025-10-27 17:00:00+00:00,bacninh_bacninhcity,56.15892238520341
2025-10-27 18:00:00+00:00,angiang_longxuyen,91.40110344079893
2025-10-27 19:00:00+00:00,binhduong_thudaumot,86.29742422547386
2025-10-27 20:00:00+00:00,binhdinh_quynhon,45.0798261063137
2025-10-27 21:00:00+00:00,bentre_bentrecity,100.5503457874652
2025-10-27 22:00:00+00:00,bacninh_bacninhcity,56.01501660597314
2025-10-27 23:00:00+00:00,bacgiang_bacgiangcity,57.03416972372122
2025-10-28 00:00:00+00:00,backan_backancity,47.06678371012161
2025-10-28 01:00:00+00:00,angiang_longxuyen,92.96798482673918
2025-10-28 02:00:00+00:00,bentre_bentrecity,113.78203546031148
2025-10-28 03:00:00+00:00,bacninh_bacninhcity,55.99628979430509
2025-10-28 04:00:00+00:00,bacgiang_bacgiangcity,57.14780287330084
2025-10-28 05:00:00+00:00,binhdinh_quynhon,46.89052295602466
2025-10-28 06:00:00+00:00,binhduong_thudaumot,87.14967046477496
2025-10-28 07:00:00+00:00,backan_backancity,47.18525819320116
2025-10-28 08:00:00+00:00,backan_backancity,47.124936893225126
2025-10-28 09:00:00+00:00,binhduong_thudaumot,88.86858925949039
2025-10-28 10:00:00+00:00,bentre_bentrecity,133.61849768261848
2025-10-28 11:00:00+00:00,binhdinh_quynhon,48.81720214568478
2025-10-28 12:00:00+00:00,angiang_longxuyen,93.7665898294503
2025-10-28 13:00:00+00:00,bacgiang_bacgiangcity,57.21570543469261
2025-10-28 14:00:00+00:00,bacninh_bacninhcity,56.10511973112099
2025-10-28 15:00:00+00:00,bacgiang_bacgiangcity,57.23608573329419
2025-10-28 16:00:00+00:00,backan_backancity,46.890375238171806
2025-10-28 17:00:00+00:00,bacninh_bacninhcity,56.33305314316407
2025-10-28 18:00:00+00:00,angiang_longxuyen,93.23683370147633
2025-10-28 19:00:00+00:00,binhdinh_quynhon,50.1460195339315
2025-10-28 20:00:00+00:00,binhduong_thudaumot,90.55016819744189
2025-10-28 21:00:00+00:00,bacgiang_bacgiangcity,57.20320183321247
2025-10-28 22:00:00+00:00,binhduong_thudaumot,90.8691178453926
2025-10-28 23:00:00+00:00,bacninh_bacninhcity,56.5599715906053
2025-10-29 00:00:00+00:00,angiang_longxuyen,91.48713002971728
2025-10-29 01:00:00+00:00,backan_backancity,46.47848068331535
2025-10-29 02:00:00+00:00,binhdinh_quynhon,50.01006669329511
2025-10-29 03:00:00+00:00,angiang_longxuyen,89.43744594573246
2025-10-29 04:00:00+00:00,bacgiang_bacgiangcity,57.152672797352935
2025-10-29 05:00:00+00:00,backan_backancity,45.92362383745006
2025-10-29 06:00:00+00:00,bacninh_bacninhcity,56.74166454961359
2025-10-29 07:00:00+00:00,binhdinh_quynhon,48.351547822574155
2025-10-29 08:00:00+00:00,binhduong_thudaumot,89.81441594984642
2025-10-29 09:00:00+00:00,bacninh_bacninhcity,56.9154569860403
2025-10-29 10:00:00+00:00,bacgiang_bacgiangcity,57.09046928602605
2025-10-29 11:00:00+00:00,backan_backancity,45.46926754753662
2025-10-29 12:00:00+00:00,angiang_longxuyen,87.60469267629925
2025-10-29 13:00:00+00:00,binhdinh_quynhon,46.05504984066033
2025-10-29 14:00:00+00:00,binhduong_thudaumot,87.79554533345738
2025-10-29 15:00:00+00:00,bentre_bentrecity,150.964221285422
2025-10-29 16:00:00+00:00,backan_backancity,45.086768845397756
2025-10-29 17:00:00+00:00,bacgiang_bacgiangcity,56.99812180253324
2025-10-29 18:00:00+00:00,bacninh_bacninhcity,57.048174329190026
2025-10-29 19:00:00+00:00,bentre_bentrecity,151.60457341244455
2025-10-29 20:00:00+00:00,binhdinh_quynhon,43.82576824688632
2025-10-29 21:00:00+00:00,angiang_longxuyen,86.43324364353347
2025-10-29 22:00:00+00:00,binhduong_thudaumot,85.80005344982824
2025-10-29 23:00:00+00:00,binhduong_thudaumot,84.16421165206611
2025-10-30 00:00:00+00:00,bacgiang_bacgiangcity,56.95374926557323
2025-10-30 01:00:00+00:00,bacninh_bacninhcity,57.1540356136728
2025-10-30 02:00:00+00:00,bentre_bentrecity,132.36124006389466
2025-10-30 03:00:00+00:00,backan_backancity,44.809921763692465
2025-10-30 04:00:00+00:00,binhdinh_quynhon,42.17389667954372
2025-10-30 05:00:00+00:00,angiang_longxuyen,85.84659529493376
2025-10-30 06:00:00+00:00,bacninh_bacninhcity,57.27486881730596
2025-10-30 07:00:00+00:00,bentre_bentrecity,108.14673041402814
2025-10-30 08:00:00+00:00,backan_backancity,44.6435199850004
2025-10-30 09:00:00+00:00,binhduong_thudaumot,82.9451581586727
2025-10-30 10:00:00+00:00,binhdinh_quynhon,41.11365893833459
2025-10-30 11:00:00+00:00,bacgiang_bacgiangcity,56.97076540920341
2025-10-30 12:00:00+00:00,angiang_longxuyen,85.71457722903908
2025-10-30 13:00:00+00:00,angiang_longxuyen,85.90741097320765
2025-10-30 14:00:00+00:00,binhduong_thudaumot,82.0918040354752
2025-10-30 15:00:00+00:00,bacninh_bacninhcity,57.35798155244948
2025-10-30 16:00:00+00:00,bentre_bentrecity,96.0508452475816
2025-10-30 17:00:00+00:00,bacgiang_bacgiangcity,56.99201295455399
2025-10-30 18:00:00+00:00,backan_backancity,44.582464860852134
2025-10-30 19:00:00+00:00,binhdinh_quynhon,40.453017049458964
2025-10-30 20:00:00+00:00,binhdinh_quynhon,40.023181923119
2025-10-30 21:00:00+00:00,angiang_longxuyen,86.31047342999115
2025-10-30 22:00:00+00:00,binhduong_thudaumot,81.4271439827474
2025-10-30 23:00:00+00:00,backan_backancity,44.584161233613926
2025-10-31 00:00:00+00:00,bacninh_bacninhcity,57.4522207774772
2025-10-31 01:00:00+00:00,bacgiang_bacgiangcity,57.04377138415662
2025-10-31 02:00:00+00:00,bentre_bentrecity,92.58000090804018
2025-10-31 03:00:00+00:00,binhduong_thudaumot,80.88368881083089
2025-10-31 04:00:00+00:00,backan_backancity,44.65406513365724
2025-10-31 05:00:00+00:00,bentre_bentrecity,91.96159977307876
2025-10-31 06:00:00+00:00,angiang_longxuyen,86.81112854531672
2025-10-31 07:00:00+00:00,bacgiang_bacgiangcity,57.10821448873643
2025-10-31 08:00:00+00:00,binhdinh_quynhon,39.73522741189762
2025-10-31 09:00:00+00:00,bacninh_bacninhcity,57.53730626072011
2025-10-31 10:00:00+00:00,bacninh_bacninhcity,57.658637416470135
2025-10-31 11:00:00+00:00,angiang_longxuyen,87.33542328219067
2025-10-31 12:00:00+00:00,binhdinh_quynhon,39.54165507846479
2025-10-31 13:00:00+00:00,backan_backancity,44.75535192979362
2025-10-31 14:00:00+00:00,bentre_bentrecity,92.26664786067576
2025-10-31 15:00:00+00:00,bacgiang_bacgiangcity,57.23431788415199
2025-10-31 16:00:00+00:00,binhduong_thudaumot,80.35305888410637
2025-10-31 17:00:00+00:00,bentre_bentrecity,92.85659722677752
2025-10-31 18:00:00+00:00,bacninh_bacninhcity,57.83044757461341
2025-10-31 19:00:00+00:00,binhduong_thudaumot,79.91574851964828
2025-10-31 20:00:00+00:00,bacgiang_bacgiangcity,57.41154595193052
2025-10-31 21:00:00+00:00,binhdinh_quynhon,39.49611985905007
2025-10-31 22:00:00+00:00,backan_backancity,44.963352961885704
2025-10-31 23:00:00+00:00,angiang_longxuyen,88.0093061705377
2025-11-01 00:00:00+00:00,binhduong_thudaumot,79.51816115360437
2025-11-01 01:00:00+00:00,bacgiang_bacgiangcity,57.62282536733752
2025-11-01 02:00:00+00:00,bentre_bentrecity,93.84131183316991
2025-11-01 03:00:00+00:00,bacninh_bacninhcity,58.04755946266205
2025-11-01 04:00:00+00:00,angiang_longxuyen,88.91129877933281
2025-11-01 05:00:00+00:00,backan_backancity,45.21423982222521
2025-11-01 06:00:00+00:00,binhdinh_quynhon,39.608089991512095
2025-11-01 07:00:00+00:00,bacninh_bacninhcity,58.273825092495514
2025-11-01 08:00:00+00:00,backan_backancity,45.46565560777977
2025-11-01 09:00:00+00:00,bacgiang_bacgiangcity,57.84936022487053
2025-11-01 10:00:00+00:00,binhdinh_quynhon,39.85072847755201
2025-11-01 11:00:00+00:00,binhduong_thudaumot,79.09644574407925
2025-11-01 12:00:00+00:00,angiang_longxuyen,89.99925267831985
2025-11-01 13:00:00+00:00,bentre_bentrecity,95.2604576460719
2025-11-01 14:00:00+00:00,binhduong_thudaumot,78.71752800859906
2025-11-01 15:00:00+00:00,binhdinh_quynhon,40.22156699949959
2025-11-01 16:00:00+00:00,bacninh_bacninhcity,58.53296985731867
2025-11-01 17:00:00+00:00,bacgiang_bacgiangcity,58.10150983459732
2025-11-01 18:00:00+00:00,backan_backancity,45.69763934804622
2025-11-01 19:00:00+00:00,angiang_longxuyen,91.33405859597211
2025-11-01 20:00:00+00:00,bentre_bentrecity,97.0278838863542
2025-11-01 21:00:00+00:00,bentre_bentrecity,97.65424004463728
2025-11-01 22:00:00+00:00,bacninh_bacninhcity,58.80983599939207
2025-11-01 23:00:00+00:00,binhduong_thudaumot,77.5708657932873
2025-11-02 00:00:00+00:00,bacgiang_bacgiangcity,58.36574848279787
2025-11-02 01:00:00+00:00,backan_backancity,45.947682787096866
2025-11-02 02:00:00+00:00,binhdinh_quynhon,40.50925943065946
2025-11-02 03:00:00+00:00,angiang_longxuyen,92.08739820260456
2025-11-02 04:00:00+00:00,bacgiang_bacgiangcity,58.770085601698725
2025-11-02 05:00:00+00:00,angiang_longxuyen,92.03186284193364
2025-11-02 06:00:00+00:00,bacninh_bacninhcity,59.22189733246949
2025-11-02 07:00:00+00:00,binhdinh_quynhon,40.493420264760076
2025-11-02 08:00:00+00:00,bentre_bentrecity,97.82996293897162
2025-11-02 09:00:00+00:00,binhduong_thudaumot,76.25566703805515
2025-11-02 10:00:00+00:00,backan_backancity,46.192932543567856
2025-11-02 11:00:00+00:00,binhduong_thudaumot,74.94601723248903
2025-11-02 12:00:00+00:00,binhdinh_quynhon,40.27779985051603
2025-11-02 13:00:00+00:00,bacgiang_bacgiangcity,59.26617933268098
2025-11-02 14:00:00+00:00,bentre_bentrecity,97.99607389814088
2025-11-02 15:00:00+00:00,bacninh_bacninhcity,59.71316402522789
2025-11-02 16:00:00+00:00,angiang_longxuyen,91.11063415226005
2025-11-02 17:00:00+00:00,backan_backancity,46.527837506536116
2025-11-02 18:00:00+00:00,backan_backancity,46.94838070342247
2025-11-02 19:00:00+00:00,binhdinh_quynhon,40.28648661328216
2025-11-02 20:00:00+00:00,bacninh_bacninhcity,60.22088934584925
2025-11-02 21:00:00+00:00,bentre_bentrecity,97.84624942788508
2025-11-02 22:00:00+00:00,binhduong_thudaumot,73.47602208019778
2025-11-02 23:00:00+00:00,angiang_longxuyen,90.17035224211452
2025-11-03 00:00:00+00:00,bacgiang_bacgiangcity,59.79978386810365
2025-11-03 01:00:00+00:00,bacgiang_bacgiangcity,60.32057030597237
2025-11-03 02:00:00+00:00,backan_backancity,47.39664244063275
2025-11-03 03:00:00+00:00,angiang_longxuyen,89.66435426735312
2025-11-03 04:00:00+00:00,bentre_bentrecity,97.32388961619253
2025-11-03 05:00:00+00:00,binhduong_thudaumot,71.9385317818831
2025-11-03 06:00:00+00:00,binhdinh_quynhon,41.152079875352264
2025-11-03 07:00:00+00:00,bacninh_bacninhcity,60.6875705462918
2025-11-03 08:00:00+00:00,binhduong_thudaumot,70.40168953608418
2025-11-03 09:00:00+00:00,bentre_bentrecity,96.50852280663821
2025-11-03 10:00:00+00:00,bacgiang_bacgiangcity,60.80472748142575
2025-11-03 11:00:00+00:00,binhdinh_quynhon,43.557526921382674
2025-11-03 12:00:00+00:00,angiang_longxuyen,89.71686141204057
2025-11-03 13:00:00+00:00,bacninh_bacninhcity,61.115082690268366
2025-11-03 14:00:00+00:00,backan_backancity,47.89807783977783
2025-11-03 15:00:00+00:00,binhduong_thudaumot,69.29524946257648
2025-11-03 16:00:00+00:00,bacgiang_bacgiangcity,61.34535576249695
2025-11-03 17:00:00+00:00,angiang_longxuyen,90.20939561927828
2025-11-03 18:00:00+00:00,bacninh_bacninhcity,61.513634987447844
2025-11-03 19:00:00+00:00,binhdinh_quynhon,48.203753728249445
2025-11-03 20:00:00+00:00,bentre_bentrecity,96.48908033771129
2025-11-03 21:00:00+00:00,backan_backancity,48.3198551954993
2025-11-03 22:00:00+00:00,bacninh_bacninhcity,61.95727935048349
2025-11-03 23:00:00+00:00,backan_backancity,48.641370249870306
2025-11-04 00:00:00+00:00,binhdinh_quynhon,55.522677767508554
2025-11-04 01:00:00+00:00,angiang_longxuyen,91.18124566846944
2025-11-04 02:00:00+00:00,bentre_bentrecity,97.95351298960607
2025-11-04 03:00:00+00:00,bacgiang_bacgiangcity,61.87977989374835
2025-11-04 04:00:00+00:00,binhduong_thudaumot,69.1664394948893
2025-11-04 05:00:00+00:00,bacninh_bacninhcity,62.37815133871974
2025-11-04 06:00:00+00:00,backan_backancity,48.880496863085966
2025-11-04 07:00:00+00:00,bacgiang_bacgiangcity,62.3263381105588
2025-11-04 08:00:00+00:00,angiang_longxuyen,92.52425767022956
2025-11-04 09:00:00+00:00,binhdinh_quynhon,65.26653093155247
2025-11-04 10:00:00+00:00,binhduong_thudaumot,70.46206801716454
2025-11-04 11:00:00+00:00,bentre_bentrecity,101.18734567224642
2025-11-04 12:00:00+00:00,angiang_longxuyen,93.96229990229396
2025-11-04 13:00:00+00:00,binhduong_thudaumot,72.34827489768915
2025-11-04 14:00:00+00:00,backan_backancity,49.09586472745255
2025-11-04 15:00:00+00:00,bacgiang_bacgiangcity,62.65924411742153
2025-11-04 16:00:00+00:00,bacninh_bacninhcity,62.75163448674258
2025-11-04 17:00:00+00:00,bentre_bentrecity,105.4842757469489
2025-11-04 18:00:00+00:00,binhdinh_quynhon,76.30308446882073
2025-11-04 19:00:00+00:00,bacgiang_bacgiangcity,63.058749433006504
2025-11-04 20:00:00+00:00,binhdinh_quynhon,85.2767164964518
2025-11-04 21:00:00+00:00,backan_backancity,49.26224744577651
2025-11-04 22:00:00+00:00,bentre_bentrecity,108.14557249666547
2025-11-04 23:00:00+00:00,angiang_longxuyen,94.92342134678522
2025-11-05 00:00:00+00:00,bacninh_bacninhcity,63.233049351734145
2025-11-05 01:00:00+00:00,binhduong_thudaumot,73.52059475102294
2025-11-05 02:00:00+00:00,binhdinh_quynhon,88.74557721752767
2025-11-05 03:00:00+00:00,binhduong_thudaumot,72.47523362712364
2025-11-05 04:00:00+00:00,backan_backancity,49.49489353383478
2025-11-05 05:00:00+00:00,angiang_longxuyen,94.6014690952207
2025-11-05 06:00:00+00:00,bacgiang_bacgiangcity,63.59820550143894
2025-11-05 07:00:00+00:00,bentre_bentrecity,106.16104330288206
2025-11-05 08:00:00+00:00,bacninh_bacninhcity,63.874361644800246
2025-11-05 09:00:00+00:00,binhdinh_quynhon,84.55557580792212
2025-11-05 10:00:00+00:00,backan_backancity,49.55573422884181
2025-11-05 11:00:00+00:00,angiang_longxuyen,92.87292779279224
2025-11-05 12:00:00+00:00,binhduong_thudaumot,70.10204387157334
2025-11-05 13:00:00+00:00,bentre_bentrecity,99.91276009418286
2025-11-05 14:00:00+00:00,bacgiang_bacgiangcity,64.23752836858355
2025-11-05 15:00:00+00:00,bacninh_bacninhcity,64.59983737580194
2025-11-05 16:00:00+00:00,backan_backancity,49.584305720638646
2025-11-05 17:00:00+00:00,bacninh_bacninhcity,65.16461514326846
2025-11-05 18:00:00+00:00,bentre_bentrecity,94.07605753990279
2025-11-05 19:00:00+00:00,angiang_longxuyen,90.83747167796501
2025-11-05 20:00:00+00:00,bacgiang_bacgiangcity,64.69329274319114
2025-11-05 21:00:00+00:00,binhduong_thudaumot,68.67102717206699
2025-11-05 22:00:00+00:00,binhdinh_quynhon,73.89601014386292
2025-11-05 23:00:00+00:00,bacgiang_bacgiangcity,65.05426990718782
2025-11-06 00:00:00+00:00,bentre_bentrecity,90.66229319539481
2025-11-06 01:00:00+00:00,angiang_longxuyen,89.47386673537159
2025-11-06 02:00:00+00:00,bacninh_bacninhcity,65.56688421222938
2025-11-06 03:00:00+00:00,backan_backancity,49.67792071861077
2025-11-06 04:00:00+00:00,binhduong_thudaumot,68.66527808853581
2025-11-06 05:00:00+00:00,binhdinh_quynhon,61.200127670229044
2025-11-06 06:00:00+00:00,binhduong_thudaumot,69.4261798962159
2025-11-06 07:00:00+00:00,backan_backancity,49.86233931025878
2025-11-06 08:00:00+00:00,bentre_bentrecity,89.02180126345036
2025-11-06 09:00:00+00:00,binhdinh_quynhon,52.1974345375953
2025-11-06 10:00:00+00:00,bacninh_bacninhcity,65.8933740226771
2025-11-06 11:00:00+00:00,bacgiang_bacgiangcity,65.38975621138343
2025-11-06 12:00:00+00:00,angiang_longxuyen,88.87660176173462
2025-11-06 13:00:00+00:00,binhduong_thudaumot,70.2853236062268
2025-11-06 14:00:00+00:00,backan_backancity,50.157041191791095
2025-11-06 15:00:00+00:00,bacgiang_bacgiangcity,65.79969707850861
2025-11-06 16:00:00+00:00,bentre_bentrecity,88.49647607542546
2025-11-06 17:00:00+00:00,bacninh_bacninhcity,66.24245751697316
2025-11-06 18:00:00+00:00,binhdinh_quynhon,48.12273763359802
2025-11-06 19:00:00+00:00,angiang_longxuyen,88.7237268880356
2025-11-06 20:00:00+00:00,backan_backancity,50.55309658074816
2025-11-06 21:00:00+00:00,binhduong_thudaumot,71.11169777836463
2025-11-06 22:00:00+00:00,bacninh_bacninhcity,66.67024365374131
2025-11-06 23:00:00+00:00,binhdinh_quynhon,46.65485103452893
2025-11-07 00:00:00+00:00,angiang_longxuyen,88.49974731110234
2025-11-07 01:00:00+00:00,bentre_bentrecity,88.555152227379
2025-11-07 02:00:00+00:00,bacgiang_bacgiangcity,66.31168715649459
2025-11-07 03:00:00+00:00,bentre_bentrecity,88.74328282571643
2025-11-07 04:00:00+00:00,bacgiang_bacgiangcity,67.02936004930126
2025-11-07 05:00:00+00:00,binhdinh_quynhon,46.14518632145238
2025-11-07 06:00:00+00:00,bacninh_bacninhcity,67.33185285629851
2025-11-07 07:00:00+00:00,backan_backancity,51.02900538190195
2025-11-07 08:00:00+00:00,angiang_longxuyen,88.11026298405118
2025-11-07 09:00:00+00:00,binhduong_thudaumot,71.79939109468032
2025-11-07 10:00:00+00:00,angiang_longxuyen,87.69799436947056
2025-11-07 11:00:00+00:00,backan_backancity,51.538408014916996
2025-11-07 12:00:00+00:00,binhdinh_quynhon,45.917162372660776
2025-11-07 13:00:00+00:00,binhduong_thudaumot,72.20273707443945
2025-11-07 14:00:00+00:00,bacninh_bacninhcity,68.12798775442988
2025-11-07 15:00:00+00:00,bentre_bentrecity,88.91345974856728
2025-11-07 16:00:00+00:00,bacgiang_bacgiangcity,67.83997844465019
2025-11-07 17:00:00+00:00,backan_backancity,52.07607717383912
2025-11-07 18:00:00+00:00,bacninh_bacninhcity,68.98547559496122
2025-11-07 19:00:00+00:00,binhduong_thudaumot,72.32957429402725
2025-11-07 20:00:00+00:00,bentre_bentrecity,88.91286887715587
2025-11-07 21:00:00+00:00,binhdinh_quynhon,45.64657185678759
2025-11-07 22:00:00+00:00,bacgiang_bacgiangcity,68.6484120453045
2025-11-07 23:00:00+00:00,angiang_longxuyen,87.14056675645644
2025-11-08 00:00:00+00:00,bacgiang_bacgiangcity,69.56568749550479
2025-11-08 01:00:00+00:00,backan_backancity,52.633316565718154
2025-11-08 02:00:00+00:00,binhdinh_quynhon,45.16197629286767
2025-11-08 03:00:00+00:00,binhduong_thudaumot,72.34712889305654
2025-11-08 04:00:00+00:00,bentre_bentrecity,88.58343543110817
2025-11-08 05:00:00+00:00,bacninh_bacninhcity,69.95687057786375
2025-11-08 06:00:00+00:00,angiang_longxuyen,86.42439129381941
2025-11-08 07:00:00+00:00,binhdinh_quynhon,44.495187435276584
2025-11-08 08:00:00+00:00,bentre_bentrecity,87.99645590861255
2025-11-08 09:00:00+00:00,bacninh_bacninhcity,70.9676442812815
2025-11-08 10:00:00+00:00,bacgiang_bacgiangcity,70.53032557791235
2025-11-08 11:00:00+00:00,binhduong_thudaumot,72.39191837556896
2025-11-08 12:00:00+00:00,backan_backancity,53.304551254170896
2025-11-08 13:00:00+00:00,angiang_longxuyen,85.31911747658543
2025-11-08 14:00:00+00:00,backan_backancity,54.08841365778545
2025-11-08 15:00:00+00:00,bacgiang_bacgiangcity,71.46863652686801
2025-11-08 16:00:00+00:00,binhdinh_quynhon,43.71621878117426
2025-11-08 17:00:00+00:00,bentre_bentrecity,87.0955294891586
2025-11-08 18:00:00+00:00,binhduong_thudaumot,72.50819376867781
2025-11-08 19:00:00+00:00,bacninh_bacninhcity,71.92360989619901
2025-11-08 20:00:00+00:00,angiang_longxuyen,83.60113978754543
2025-11-08 21:00:00+00:00,binhduong_thudaumot,72.97646889240356
2025-11-08 22:00:00+00:00,bacgiang_bacgiangcity,72.49040806268519
2025-11-08 23:00:00+00:00,binhdinh_quynhon,42.77984007703575
2025-11-09 00:00:00+00:00,angiang_longxuyen,82.30178138948568
2025-11-09 01:00:00+00:00,bacninh_bacninhcity,72.94550532440891
2025-11-09 02:00:00+00:00,backan_backancity,54.80507396853628
2025-11-09 03:00:00+00:00,bentre_bentrecity,86.31091062718467
2025-11-09 04:00:00+00:00,bentre_bentrecity,85.15865419383263
2025-11-09 05:00:00+00:00,backan_backancity,55.6318269654903
2025-11-09 06:00:00+00:00,binhdinh_quynhon,41.799403332011046
2025-11-09 07:00:00+00:00,bacninh_bacninhcity,74.00661269491306
2025-11-09 08:00:00+00:00,bacgiang_bacgiangcity,73.60228510619626
2025-11-09 09:00:00+00:00,angiang_longxuyen,81.23130465678248
2025-11-09 10:00:00+00:00,binhduong_thudaumot,73.49357191413503
2025-11-09 11:00:00+00:00,bacninh_bacninhcity,74.89029901141156
2025-11-09 12:00:00+00:00,bentre_bentrecity,83.67109848614706
2025-11-09 13:00:00+00:00,angiang_longxuyen,80.54192330661604
2025-11-09 14:00:00+00:00,backan_backancity,56.52934634414461
2025-11-09 15:00:00+00:00,binhdinh_quynhon,40.75992709676571
2025-11-09 16:00:00+00:00,binhduong_thudaumot,74.07836545066304
2025-11-09 17:00:00+00:00,bacgiang_bacgiangcity,74.63442548226527
2025-11-09 18:00:00+00:00,binhduong_thudaumot,74.70908017906
2025-11-09 19:00:00+00:00,bacninh_bacninhcity,75.79943330188289
2025-11-09 20:00:00+00:00,bentre_bentrecity,82.23972678728465
2025-11-09 21:00:00+00:00,backan_backancity,57.561184136869876
2025-11-09 22:00:00+00:00,binhdinh_quynhon,39.759562736882025
2025-11-09 23:00:00+00:00,bacgiang_bacgiangcity,75.73726791129221
2025-11-10 00:00:00+00:00,angiang_longxuyen,80.02309651284364
2025-11-10 01:00:00+00:00,bacninh_bacninhcity,76.70014767474161
2025-11-10 02:00:00+00:00,bentre_bentrecity,81.20149900615053
2025-11-10 03:00:00+00:00,angiang_longxuyen,79.83833721711565
2025-11-10 04:00:00+00:00,binhduong_thudaumot,75.50940597562955
2025-11-10 05:00:00+00:00,backan_backancity,58.50996399300993
2025-11-10 06:00:00+00:00,bacgiang_bacgiangcity,76.80574449661687
2025-11-10 07:00:00+00:00,binhdinh_quynhon,38.99435090346308
2025-11-10 08:00:00+00:00,binhduong_thudaumot,77.11209941070241
2025-11-10 09:00:00+00:00,binhdinh_quynhon,38.55665337527775
2025-11-10 10:00:00+00:00,bacninh_bacninhcity,77.53873716029193
2025-11-10 11:00:00+00:00,backan_backancity,59.45631126966996
2025-11-10 12:00:00+00:00,bentre_bentrecity,80.98220113213426
2025-11-10 13:00:00+00:00,angiang_longxuyen,79.68738386677671
2025-11-10 14:00:00+00:00,bacgiang_bacgiangcity,77.77997947436779
2025-11-10 15:00:00+00:00,backan_backancity,60.36939582143207
2025-11-10 16:00:00+00:00,bacninh_bacninhcity,78.50022075177728
2025-11-10 17:00:00+00:00,binhdinh_quynhon,38.54323487612833
2025-11-10 18:00:00+00:00,binhduong_thudaumot,80.48429070981653
2025-11-10 19:00:00+00:00,bentre_bentrecity,81.45893548548182
2025-11-10 20:00:00+00:00,angiang_longxuyen,79.62293123201285
2025-11-10 21:00:00+00:00,bacgiang_bacgiangcity,78.81525051589887
2025-11-10 22:00:00+00:00,bacgiang_bacgiangcity,79.91680160498636
2025-11-10 23:00:00+00:00,binhduong_thudaumot,85.15806451369423
2025-11-11 00:00:00+00:00,bacninh_bacninhcity,79.60851563735667
2025-11-11 01:00:00+00:00,angiang_longxuyen,79.73742805452244
2025-11-11 02:00:00+00:00,bentre_bentrecity,82.07152022998717
2025-11-11 03:00:00+00:00,binhdinh_quynhon,38.96718511381434
2025-11-11 04:00:00+00:00,backan_backancity,61.178632340093024
2025-11-11 05:00:00+00:00,bacgiang_bacgiangcity,81.20956392440705
2025-11-11 06:00:00+00:00,backan_backancity,62.0295395885344
2025-11-11 07:00:00+00:00,bentre_bentrecity,82.58487669811203
2025-11-11 08:00:00+00:00,angiang_longxuyen,79.93838032423285
2025-11-11 09:00:00+00:00,bacninh_bacninhcity,80.9734536144448
2025-11-11 10:00:00+00:00,binhduong_thudaumot,88.96477859843037
2025-11-11 11:00:00+00:00,binhdinh_quynhon,39.604082549116974
2025-11-11 12:00:00+00:00,backan_backancity,62.82629633117535
2025-11-11 13:00:00+00:00,bentre_bentrecity,83.10704858648774
2025-11-11 14:00:00+00:00,binhdinh_quynhon,40.132231054168166
2025-11-11 15:00:00+00:00,bacninh_bacninhcity,82.48886247630406
2025-11-11 16:00:00+00:00,binhduong_thudaumot,89.90469240521678
2025-11-11 17:00:00+00:00,bacgiang_bacgiangcity,82.61791308113862
2025-11-11 18:00:00+00:00,angiang_longxuyen,80.22172222637163
2025-11-11 19:00:00+00:00,binhduong_thudaumot,88.31508569976091
2025-11-11 20:00:00+00:00,bentre_bentrecity,83.39731535861546
2025-11-11 21:00:00+00:00,bacgiang_bacgiangcity,84.281530600329
2025-11-11 22:00:00+00:00,backan_backancity,63.477824981548395
2025-11-11 23:00:00+00:00,bacninh_bacninhcity,84.2590858256065
2025-11-12 00:00:00+00:00,angiang_longxuyen,80.47700250156048
2025-11-12 01:00:00+00:00,binhdinh_quynhon,40.37096216474554
2025-11-12 02:00:00+00:00,angiang_longxuyen,80.85174244260557
2025-11-12 03:00:00+00:00,bentre_bentrecity,83.48380654400647
2025-11-12 04:00:00+00:00,backan_backancity,64.0848548200227
2025-11-12 05:00:00+00:00,binhduong_thudaumot,86.61720478634686
2025-11-12 06:00:00+00:00,bacninh_bacninhcity,86.19824479128664
2025-11-12 07:00:00+00:00,binhdinh_quynhon,40.32053319581859
2025-11-12 08:00:00+00:00,bacgiang_bacgiangcity,86.09541172278733
2025-11-12 09:00:00+00:00,binhdinh_quynhon,40.06198406749887
2025-11-12 10:00:00+00:00,bacgiang_bacgiangcity,88.27706264792754
2025-11-12 11:00:00+00:00,binhduong_thudaumot,85.68992740798086
2025-11-12 12:00:00+00:00,angiang_longxuyen,82.07538352834847
2025-11-12 13:00:00+00:00,backan_backancity,64.9495450971536
2025-11-12 14:00:00+00:00,bentre_bentrecity,83.6497866120541
2025-11-12 15:00:00+00:00,bacninh_bacninhcity,88.5089451299884
2025-11-12 16:00:00+00:00,bacgiang_bacgiangcity,90.39740709031503
2025-11-12 17:00:00+00:00,backan_backancity,65.92093054987208
2025-11-12 18:00:00+00:00,binhduong_thudaumot,85.72942644706976
2025-11-12 19:00:00+00:00,angiang_longxuyen,83.50822764064736
2025-11-12 20:00:00+00:00,bentre_bentrecity,84.16868488220693
2025-11-12 21:00:00+00:00,binhdinh_quynhon,39.710453698446685
2025-11-12 22:00:00+00:00,bacninh_bacninhcity,90.73303813418097
2025-11-12 23:00:00+00:00,bacninh_bacninhcity,92.69368349544958
2025-11-13 00:00:00+00:00,binhdinh_quynhon,39.35331005098612
2025-11-13 01:00:00+00:00,bacgiang_bacgiangcity,92.31290558716915
2025-11-13 02:00:00+00:00,backan_backancity,67.00060033636933
2025-11-13 03:00:00+00:00,angiang_longxuyen,85.03464386509015
2025-11-13 04:00:00+00:00,binhduong_thudaumot,86.13597099485234
2025-11-13 05:00:00+00:00,bentre_bentrecity,84.96260043872648
2025-11-13 06:00:00+00:00,binhdinh_quynhon,39.04818214809766
2025-11-13 07:00:00+00:00,backan_backancity,68.06758544788937
2025-11-13 08:00:00+00:00,bentre_bentrecity,85.96116121127776
2025-11-13 09:00:00+00:00,binhduong_thudaumot,86.3304677561385
2025-11-13 10:00:00+00:00,angiang_longxuyen,86.62107999743822
2025-11-13 11:00:00+00:00,bacninh_bacninhcity,94.52195757837694
2025-11-13 12:00:00+00:00,bacgiang_bacgiangcity,94.10517523037329
2025-11-13 13:00:00+00:00,backan_backancity,69.19930909969494
2025-11-13 14:00:00+00:00,binhdinh_quynhon,38.77320298246715
2025-11-13 15:00:00+00:00,binhduong_thudaumot,86.37751231845293
2025-11-13 16:00:00+00:00,bacgiang_bacgiangcity,95.68973525664465
2025-11-13 17:00:00+00:00,angiang_longxuyen,88.28850601643155
2025-11-13 18:00:00+00:00,bacninh_bacninhcity,96.11324770150064
2025-11-13 19:00:00+00:00,bentre_bentrecity,87.13939454381767
2025-11-13 20:00:00+00:00,bentre_bentrecity,88.30606061546084
2025-11-13 21:00:00+00:00,binhdinh_quynhon,38.50367508211608
2025-11-13 22:00:00+00:00,angiang_longxuyen,90.13930290246338
2025-11-13 23:00:00+00:00,binhduong_thudaumot,86.20399030099878
2025-11-14 00:00:00+00:00,bacgiang_bacgiangcity,97.08766390165773
2025-11-14 01:00:00+00:00,bacninh_bacninhcity,97.50797480030775
2025-11-14 02:00:00+00:00,backan_backancity,70.27150245680104
2025-11-14 03:00:00+00:00,bacninh_bacninhcity,98.88190778205252
2025-11-14 04:00:00+00:00,binhdinh_quynhon,38.25938787423465
2025-11-14 05:00:00+00:00,bentre_bentrecity,89.4313347152072
2025-11-14 06:00:00+00:00,binhduong_thudaumot,85.925152602099
2025-11-14 07:00:00+00:00,angiang_longxuyen,92.18256245112212
2025-11-14 08:00:00+00:00,bacgiang_bacgiangcity,98.49417276495738
2025-11-14 09:00:00+00:00,backan_backancity,71.25271829437224
2025-11-14 10:00:00+00:00,backan_backancity,72.19290907213275
2025-11-14 11:00:00+00:00,bacninh_bacninhcity,100.29495680861447
2025-11-14 12:00:00+00:00,bentre_bentrecity,90.55604296027529
2025-11-14 13:00:00+00:00,binhduong_thudaumot,85.82920151776041
2025-11-14 14:00:00+00:00,binhdinh_quynhon,37.99082728756517
2025-11-14 15:00:00+00:00,bacgiang_bacgiangcity,99.93437693416557
2025-11-14 16:00:00+00:00,angiang_longxuyen,94.25627629856508
2025-11-14 17:00:00+00:00,bacninh_bacninhcity,101.62346952878967
2025-11-14 18:00:00+00:00,bentre_bentrecity,91.57525802421974
2025-11-14 19:00:00+00:00,binhduong_thudaumot,86.0126456480888
2025-11-14 20:00:00+00:00,backan_backancity,72.95546198420035
2025-11-14 21:00:00+00:00,angiang_longxuyen,96.20755304218025
2025-11-14 22:00:00+00:00,binhdinh_quynhon,37.71991274543411
2025-11-14 23:00:00+00:00,bacgiang_bacgiangcity,101.27250144059674
2025-11-15 00:00:00+00:00,bentre_bentrecity,92.62653917932668
2025-11-15 01:00:00+00:00,backan_backancity,73.58713449609485
2025-11-15 02:00:00+00:00,bacninh_bacninhcity,102.91396366440529
2025-11-15 03:00:00+00:00,bacgiang_bacgiangcity,102.60021451876608
2025-11-15 04:00:00+00:00,angiang_longxuyen,97.75574871537118
2025-11-15 05:00:00+00:00,binhduong_thudaumot,86.4870987136282
2025-11-15 06:00:00+00:00,binhdinh_quynhon,37.48145801019432
2025-11-15 07:00:00+00:00,bacgiang_bacgiangcity,103.8594615634114
2025-11-15 08:00:00+00:00,binhduong_thudaumot,87.15087603305791
2025-11-15 09:00:00+00:00,bentre_bentrecity,93.64465350701278
2025-11-15 10:00:00+00:00,backan_backancity,74.11797051304954
2025-11-15 11:00:00+00:00,angiang_longxuyen,98.88833708247061
2025-11-15 12:00:00+00:00,binhdinh_quynhon,37.28931520436974
2025-11-15 13:00:00+00:00,bacninh_bacninhcity,104.13329948950134
2025-11-15 14:00:00+00:00,bacninh_bacninhcity,105.37026853764513
2025-11-15 15:00:00+00:00,bentre_bentrecity,94.80131765049023
2025-11-15 16:00:00+00:00,backan_backancity,74.5808539351462
2025-11-15 17:00:00+00:00,binhduong_thudaumot,88.01185192095338
2025-11-15 18:00:00+00:00,binhdinh_quynhon,37.17699722018971
2025-11-15 19:00:00+00:00,angiang_longxuyen,99.84482953787543
2025-11-15 20:00:00+00:00,bacgiang_bacgiangcity,105.13245768546555
2025-11-15 21:00:00+00:00,angiang_longxuyen,99.56619048374954
2025-11-15 22:00:00+00:00,backan_backancity,74.6970697646047
2025-11-15 23:00:00+00:00,bentre_bentrecity,95.2391040774237
2025-11-16 00:00:00+00:00,binhduong_thudaumot,87.8573366643239
2025-11-16 01:00:00+00:00,binhdinh_quynhon,37.2243812953111
2025-11-16 02:00:00+00:00,bacninh_bacninhcity,105.73437160201185
2025-11-16 03:00:00+00:00,bacgiang_bacgiangcity,105.51219799495699
2025-11-16 04:00:00+00:00,bacninh_bacninhcity,105.93105077544661
2025-11-16 05:00:00+00:00,binhduong_thudaumot,87.07826556074298
2025-11-16 06:00:00+00:00,bentre_bentrecity,95.06058928588862
2025-11-16 07:00:00+00:00,backan_backancity,74.88396858665303
2025-11-16 08:00:00+00:00,angiang_longxuyen,98.82718360384472
2025-11-16 09:00:00+00:00,bacgiang_bacgiangcity,105.66503117410078
2025-11-16 10:00:00+00:00,binhdinh_quynhon,37.40050386173925
2025-11-16 11:00:00+00:00,angiang_longxuyen,97.9248457492413
2025-11-16 12:00:00+00:00,bacninh_bacninhcity,106.01063674685328
2025-11-16 13:00:00+00:00,binhduong_thudaumot,85.87612576150114
2025-11-16 14:00:00+00:00,bacgiang_bacgiangcity,105.73139044131214
2025-11-16 15:00:00+00:00,binhdinh_quynhon,37.57790347283077
2025-11-16 16:00:00+00:00,bentre_bentrecity,94.36365883867762
2025-11-16 17:00:00+00:00,backan_backancity,75.36372281707301
2025-11-16 18:00:00+00:00,bacninh_bacninhcity,105.95647075450377
2025-11-16 19:00:00+00:00,bacgiang_bacgiangcity,105.72478125867002
2025-11-16 20:00:00+00:00,backan_backancity,75.93337527368367
2025-11-16 21:00:00+00:00,angiang_longxuyen,97.05846207753113
2025-11-16 22:00:00+00:00,binhduong_thudaumot,84.46874391845114
2025-11-16 23:00:00+00:00,bentre_bentrecity,93.43542725063313
2025-11-17 00:00:00+00:00,binhdinh_quynhon,37.664632912823166
2025-11-17 01:00:00+00:00,bacninh_bacninhcity,105.65482315570489
2025-11-17 02:00:00+00:00,backan_backancity,76.4572494911862
2025-11-17 03:00:00+00:00,angiang_longxuyen,96.25136806337304
2025-11-17 04:00:00+00:00,binhdinh_quynhon,37.67318625301252
2025-11-17 05:00:00+00:00,binhduong_thudaumot,82.93292616743813
2025-11-17 06:00:00+00:00,bacgiang_bacgiangcity,105.5468634438205
2025-11-17 07:00:00+00:00,bentre_bentrecity,92.39852178253662
2025-11-17 08:00:00+00:00,binhduong_thudaumot,81.53414293295174
2025-11-17 09:00:00+00:00,bacninh_bacninhcity,105.10935354113376
2025-11-17 10:00:00+00:00,bacgiang_bacgiangcity,105.18917121514028
2025-11-17 11:00:00+00:00,bentre_bentrecity,91.7911786392615
2025-11-17 12:00:00+00:00,angiang_longxuyen,95.27159187923064
2025-11-17 13:00:00+00:00,binhdinh_quynhon,37.61188334407882
2025-11-17 14:00:00+00:00,backan_backancity,76.78099222608006
2025-11-17 15:00:00+00:00,bacninh_bacninhcity,104.52871635612672
2025-11-17 16:00:00+00:00,binhduong_thudaumot,80.14195220328538
2025-11-17 17:00:00+00:00,binhdinh_quynhon,37.37035035938928
2025-11-17 18:00:00+00:00,angiang_longxuyen,93.8790096674724
2025-11-17 19:00:00+00:00,bentre_bentrecity,92.13396625571625
2025-11-17 20:00:00+00:00,bacgiang_bacgiangcity,104.82237944759703
2025-11-17 21:00:00+00:00,backan_backancity,76.82001118214718
2025-11-17 22:00:00+00:00,backan_backancity,76.56725164064086
2025-11-17 23:00:00+00:00,binhduong_thudaumot,79.14007730922899
2025-11-18 00:00:00+00:00,binhdinh_quynhon,36.975586310371654
2025-11-18 01:00:00+00:00,angiang_longxuyen,92.2660135077996
2025-11-18 02:00:00+00:00,bentre_bentrecity,93.3282734349379
2025-11-18 03:00:00+00:00,bacninh_bacninhcity,104.14297560449967
2025-11-18 04:00:00+00:00,bacgiang_bacgiangcity,104.6278004884734
2025-11-18 05:00:00+00:00,angiang_longxuyen,90.27373984819852
2025-11-18 06:00:00+00:00,bacninh_bacninhcity,103.97323826138835
2025-11-18 07:00:00+00:00,bentre_bentrecity,94.678215071779
2025-11-18 08:00:00+00:00,backan_backancity,76.09273186381309
2025-11-18 09:00:00+00:00,bacgiang_bacgiangcity,104.6040405483513
2025-11-18 10:00:00+00:00,binhduong_thudaumot,78.40683209567646
2025-11-18 11:00:00+00:00,binhdinh_quynhon,36.41716994076183
2025-11-18 12:00:00+00:00,binhdinh_quynhon,35.70597995565856
2025-11-18 13:00:00+00:00,backan_backancity,75.50179374111562
2025-11-18 14:00:00+00:00,angiang_longxuyen,88.114565862152
2025-11-18 15:00:00+00:00,bentre_bentrecity,95.1032635142682
2025-11-18 16:00:00+00:00,binhduong_thudaumot,78.03621038541614
2025-11-18 17:00:00+00:00,bacgiang_bacgiangcity,104.6537470101996
2025-11-18 18:00:00+00:00,bacninh_bacninhcity,103.99200617197513
2025-11-18 19:00:00+00:00,backan_backancity,74.83373022140718
2025-11-18 20:00:00+00:00,bacgiang_bacgiangcity,105.01026285678554
2025-11-18 21:00:00+00:00,angiang_longxuyen,86.08870128193962
2025-11-18 22:00:00+00:00,bacninh_bacninhcity,104.5583516547187
2025-11-18 23:00:00+00:00,binhdinh_quynhon,34.81758096314488
2025-11-19 00:00:00+00:00,binhduong_thudaumot,77.84082255192084
2025-11-19 01:00:00+00:00,bentre_bentrecity,94.15415322877787
2025-11-19 02:00:00+00:00,backan_backancity,74.15320598604684
2025-11-19 03:00:00+00:00,bacgiang_bacgiangcity,105.67888210535169
2025-11-19 04:00:00+00:00,angiang_longxuyen,84.2173674449058
2025-11-19 05:00:00+00:00,binhdinh_quynhon,33.93470471229105
2025-11-19 06:00:00+00:00,bentre_bentrecity,92.66415422015521
2025-11-19 07:00:00+00:00,bacninh_bacninhcity,105.57010934964012
2025-11-19 08:00:00+00:00,binhduong_thudaumot,77.82291533608151
2025-11-19 09:00:00+00:00,bentre_bentrecity,91.3270366372331
2025-11-19 10:00:00+00:00,bacgiang_bacgiangcity,106.63607234892028
2025-11-19 11:00:00+00:00,bacninh_bacninhcity,106.80823155005456
2025-11-19 12:00:00+00:00,binhdinh_quynhon,33.17855131881636
2025-11-19 13:00:00+00:00,angiang_longxuyen,81.96924586852809
2025-11-19 14:00:00+00:00,binhduong_thudaumot,77.45534090217276
2025-11-19 15:00:00+00:00,backan_backancity,73.38801559554202
2025-11-19 16:00:00+00:00,bacninh_bacninhcity,107.60388993898317
2025-11-19 17:00:00+00:00,binhduong_thudaumot,76.7058109866163
2025-11-19 18:00:00+00:00,bacgiang_bacgiangcity,107.31058959014346
2025-11-19 19:00:00+00:00,bentre_bentrecity,90.21096929092036
2025-11-19 20:00:00+00:00,binhdinh_quynhon,32.564035520766865
2025-11-19 21:00:00+00:00,backan_backancity,72.46338046070525
2025-11-19 22:00:00+00:00,angiang_longxuyen,79.70556150158859
2025-11-19 23:00:00+00:00,bacgiang_bacgiangcity,107.68463204084303
2025-11-20 00:00:00+00:00,binhduong_thudaumot,75.72337766803207
2025-11-20 01:00:00+00:00,bentre_bentrecity,89.23574198275472
2025-11-20 02:00:00+00:00,binhdinh_quynhon,32.074203120708745
2025-11-20 03:00:00+00:00,bacninh_bacninhcity,108.02748160349412
2025-11-20 04:00:00+00:00,backan_backancity,71.46775498484293
2025-11-20 05:00:00+00:00,angiang_longxuyen,77.50531480481109
2025-11-20 06:00:00+00:00,bentre_bentrecity,88.2614236158933
2025-11-20 07:00:00+00:00,angiang_longxuyen,75.49758854740136
2025-11-20 08:00:00+00:00,backan_backancity,70.458160641702
2025-11-20 09:00:00+00:00,bacgiang_bacgiangcity,107.68983671261006
2025-11-20 10:00:00+00:00,bacninh_bacninhcity,107.99721016511647
2025-11-20 11:00:00+00:00,binhduong_thudaumot,74.81454834345051
2025-11-20 12:00:00+00:00,binhdinh_quynhon,31.64153276461242
2025-11-20 13:00:00+00:00,bacgiang_bacgiangcity,107.27813037888868
2025-11-20 14:00:00+00:00,angiang_longxuyen,73.6143550843019
2025-11-20 15:00:00+00:00,binhduong_thudaumot,74.20658692948483
2025-11-20 16:00:00+00:00,bentre_bentrecity,87.4585913809173
2025-11-20 17:00:00+00:00,bacninh_bacninhcity,107.50314755461093
2025-11-20 18:00:00+00:00,backan_backancity,69.422386882962
2025-11-20 19:00:00+00:00,binhdinh_quynhon,31.24391919056235
2025-11-20 20:00:00+00:00,angiang_longxuyen,71.95991751490249
2025-11-20 21:00:00+00:00,bentre_bentrecity,86.79712751366694
2025-11-20 22:00:00+00:00,bacninh_bacninhcity,106.58163593759821
2025-11-20 23:00:00+00:00,binhdinh_quynhon,30.84665823332233
2025-11-21 00:00:00+00:00,backan_backancity,68.55924764328606
2025-11-21 01:00:00+00:00,bacgiang_bacgiangcity,106.47976482205195
2025-11-21 02:00:00+00:00,binhduong_thudaumot,74.00455179261117
2025-11-21 03:00:00+00:00,bacninh_bacninhcity,105.42498549376032
2025-11-21 04:00:00+00:00,binhduong_thudaumot,74.14229154275787
2025-11-21 05:00:00+00:00,bentre_bentrecity,86.06715234451829
2025-11-21 06:00:00+00:00,bacgiang_bacgiangcity,105.50265768508146
2025-11-21 07:00:00+00:00,binhdinh_quynhon,30.49043901371509
2025-11-21 08:00:00+00:00,backan_backancity,67.92687466286354
2025-11-21 09:00:00+00:00,angiang_longxuyen,70.60329104958333
2025-11-21 10:00:00+00:00,bacgiang_bacgiangcity,104.49662405695807
2025-11-21 11:00:00+00:00,binhduong_thudaumot,74.4391806015308
2025-11-21 12:00:00+00:00,angiang_longxuyen,69.47678755609388
2025-11-21 13:00:00+00:00,bentre_bentrecity,84.94193066078424
2025-11-21 14:00:00+00:00,bacninh_bacninhcity,104.2654527648823
2025-11-21 15:00:00+00:00,binhdinh_quynhon,30.130412485577892
2025-11-21 16:00:00+00:00,backan_backancity,67.53421201943004
2025-11-21 17:00:00+00:00,bacgiang_bacgiangcity,103.61582657750124
2025-11-21 18:00:00+00:00,angiang_longxuyen,68.6095169816301
2025-11-21 19:00:00+00:00,backan_backancity,67.33331812209697
2025-11-21 20:00:00+00:00,bentre_bentrecity,83.41215147264305
2025-11-21 21:00:00+00:00,binhduong_thudaumot,74.87981104385905
2025-11-21 22:00:00+00:00,bacninh_bacninhcity,103.27911683592757
2025-11-21 23:00:00+00:00,binhdinh_quynhon,29.814834735873134
2025-11-22 00:00:00+00:00,binhdinh_quynhon,29.521395603728124
2025-11-22 01:00:00+00:00,bacgiang_bacgiangcity,102.97543632974245
2025-11-22 02:00:00+00:00,backan_backancity,67.34638400443635
2025-11-22 03:00:00+00:00,bentre_bentrecity,81.78290575352
2025-11-22 04:00:00+00:00,binhduong_thudaumot,75.59338357497606
2025-11-22 05:00:00+00:00,bacninh_bacninhcity,102.53907660114385
2025-11-22 06:00:00+00:00,angiang_longxuyen,67.84812913456321
2025-11-22 07:00:00+00:00,binhdinh_quynhon,29.216882397711203
2025-11-22 08:00:00+00:00,binhduong_thudaumot,76.56869069843317
2025-11-22 09:00:00+00:00,bentre_bentrecity,80.10069008014631
2025-11-22 10:00:00+00:00,angiang_longxuyen,67.18262208672752
2025-11-22 11:00:00+00:00,bacgiang_bacgiangcity,102.48803472225485
2025-11-22 12:00:00+00:00,bacninh_bacninhcity,101.99820827856176
2025-11-22 13:00:00+00:00,backan_backancity,67.44937670351857
2025-11-22 14:00:00+00:00,bentre_bentrecity,78.66691796617505
2025-11-22 15:00:00+00:00,bacninh_bacninhcity,101.64613439120019
2025-11-22 16:00:00+00:00,bacgiang_bacgiangcity,102.1221227098272
2025-11-22 17:00:00+00:00,angiang_longxuyen,66.6372072707147
2025-11-22 18:00:00+00:00,backan_backancity,67.61341976165703
2025-11-22 19:00:00+00:00,binhdinh_quynhon,28.947635637789773
2025-11-22 20:00:00+00:00,binhduong_thudaumot,77.82400177706378
2025-11-22 21:00:00+00:00,angiang_longxuyen,65.6571541155982
2025-11-22 22:00:00+00:00,backan_backancity,67.4716010927348
2025-11-22 23:00:00+00:00,binhduong_thudaumot,79.35604557519103
2025-11-23 00:00:00+00:00,binhdinh_quynhon,28.662335282827698
2025-11-23 01:00:00+00:00,bentre_bentrecity,77.61138337079706
2025-11-23 02:00:00+00:00,bacninh_bacninhcity,101.27758400688056
2025-11-23 03:00:00+00:00,bacgiang_bacgiangcity,101.66289053949662
2025-11-23 04:00:00+00:00,bacninh_bacninhcity,100.72661904992873
2025-11-23 05:00:00+00:00,bacgiang_bacgiangcity,101.00263462307522
2025-11-23 06:00:00+00:00,backan_backancity,67.28161210850664
2025-11-23 07:00:00+00:00,binhdinh_quynhon,28.34002445808811
2025-11-23 08:00:00+00:00,bentre_bentrecity,76.73696515829204
2025-11-23 09:00:00+00:00,binhduong_thudaumot,80.72547941660709
2025-11-23 10:00:00+00:00,angiang_longxuyen,64.80357365052942
2025-11-23 11:00:00+00:00,bacninh_bacninhcity,99.88005592741604
2025-11-23 12:00:00+00:00,binhdinh_quynhon,28.025881001083633
2025-11-23 13:00:00+00:00,binhduong_thudaumot,81.6801632217692
2025-11-23 14:00:00+00:00,bentre_bentrecity,76.04320587982534
2025-11-23 15:00:00+00:00,angiang_longxuyen,64.03104501830225
2025-11-23 16:00:00+00:00,bacgiang_bacgiangcity,100.12705402593375
2025-11-23 17:00:00+00:00,backan_backancity,67.15177288094152
2025-11-23 18:00:00+00:00,angiang_longxuyen,63.47297888295643
2025-11-23 19:00:00+00:00,bentre_bentrecity,75.30298695409058
2025-11-23 20:00:00+00:00,binhduong_thudaumot,82.53369841846374
2025-11-23 21:00:00+00:00,binhdinh_quynhon,27.900111162109994
2025-11-23 22:00:00+00:00,bacninh_bacninhcity,98.7385263118544
2025-11-23 23:00:00+00:00,bacgiang_bacgiangcity,99.09351986044668
2025-11-24 00:00:00+00:00,backan_backancity,67.04637381038542
2025-11-24 01:00:00+00:00,bacgiang_bacgiangcity,98.05675496256498
2025-11-24 02:00:00+00:00,binhdinh_quynhon,28.053218334045354
2025-11-24 03:00:00+00:00,bacninh_bacninhcity,97.516293757533
2025-11-24 04:00:00+00:00,binhduong_thudaumot,83.55162333374174
2025-11-24 05:00:00+00:00,bentre_bentrecity,74.68598854309477
2025-11-24 06:00:00+00:00,angiang_longxuyen,63.2065411447852
2025-11-24 07:00:00+00:00,backan_backancity,66.91046623812329
2025-11-24 08:00:00+00:00,binhdinh_quynhon,28.529089014462926
2025-11-24 09:00:00+00:00,angiang_longxuyen,63.37843945713098
2025-11-24 10:00:00+00:00,bacninh_bacninhcity,96.34002915254608
2025-11-24 11:00:00+00:00,backan_backancity,66.56671726435201
2025-11-24 12:00:00+00:00,binhduong_thudaumot,84.87577093180153
2025-11-24 13:00:00+00:00,bentre_bentrecity,74.21806603617905
2025-11-24 14:00:00+00:00,bacgiang_bacgiangcity,97.18671661417886
2025-11-24 15:00:00+00:00,binhdinh_quynhon,29.172119123204936
2025-11-24 16:00:00+00:00,backan_backancity,66.00437207636551
2025-11-24 17:00:00+00:00,bacgiang_bacgiangcity,96.46944250001124
2025-11-24 18:00:00+00:00,angiang_longxuyen,64.08135485992851
2025-11-24 19:00:00+00:00,bacninh_bacninhcity,95.27728854674952
2025-11-24 20:00:00+00:00,bentre_bentrecity,73.95956932387165
2025-11-24 21:00:00+00:00,binhduong_thudaumot,86.50180140507902
2025-11-24 22:00:00+00:00,angiang_longxuyen,65.65877901197958
2025-11-24 23:00:00+00:00,bacninh_bacninhcity,94.40107553255051
2025-11-25 00:00:00+00:00,binhdinh_quynhon,29.82993531250827
2025-11-25 01:00:00+00:00,bacgiang_bacgiangcity,95.9379768952724
2025-11-25 02:00:00+00:00,backan_backancity,65.34394461663112
2025-11-25 03:00:00+00:00,bentre_bentrecity,73.92997810238091
2025-11-25 04:00:00+00:00,binhduong_thudaumot,88.22109068569961
2025-11-25 05:00:00+00:00,bacgiang_bacgiangcity,95.64215313238587
2025-11-25 06:00:00+00:00,angiang_longxuyen,67.86525011021799
2025-11-25 07:00:00+00:00,binhdinh_quynhon,30.252108170868027
2025-11-25 08:00:00+00:00,backan_backancity,64.57591661382392
2025-11-25 09:00:00+00:00,bacninh_bacninhcity,93.87605054532334
2025-11-25 10:00:00+00:00,bentre_bentrecity,73.88084523848543
2025-11-25 11:00:00+00:00,binhduong_thudaumot,89.98806900733132
2025-11-25 12:00:00+00:00,bacgiang_bacgiangcity,95.4235530465334
2025-11-25 13:00:00+00:00,binhduong_thudaumot,91.64550977598105
2025-11-25 14:00:00+00:00,bacninh_bacninhcity,93.69643159262002
2025-11-25 15:00:00+00:00,bentre_bentrecity,73.68053506492572
2025-11-25 16:00:00+00:00,binhdinh_quynhon,30.297795873227628
2025-11-25 17:00:00+00:00,backan_backancity,63.74653805116276
2025-11-25 18:00:00+00:00,angiang_longxuyen,70.28511632472359
2025-11-25 19:00:00+00:00,backan_backancity,62.862918445952644
2025-11-25 20:00:00+00:00,bacgiang_bacgiangcity,95.08691582370402
2025-11-25 21:00:00+00:00,binhduong_thudaumot,93.09168661577289
2025-11-25 22:00:00+00:00,binhdinh_quynhon,30.02579012502227
2025-11-25 23:00:00+00:00,bentre_bentrecity,73.39482014695727
2025-11-26 00:00:00+00:00,bacninh_bacninhcity,93.70315037237877
2025-11-26 01:00:00+00:00,angiang_longxuyen,72.28296931145236
2025-11-26 02:00:00+00:00,binhdinh_quynhon,29.562484992281185
2025-11-26 03:00:00+00:00,bacgiang_bacgiangcity,95.45833851615234
2025-11-26 04:00:00+00:00,backan_backancity,61.97913921015961
2025-11-26 05:00:00+00:00,bacninh_bacninhcity,94.51303375228245
2025-11-26 06:00:00+00:00,bentre_bentrecity,73.26341320411511
2025-11-26 07:00:00+00:00,binhduong_thudaumot,94.38019013419401
2025-11-26 08:00:00+00:00,angiang_longxuyen,73.42259586838553
2025-11-26 09:00:00+00:00,angiang_longxuyen,74.23647358668126
2025-11-26 10:00:00+00:00,bacgiang_bacgiangcity,95.95208782185706
2025-11-26 11:00:00+00:00,binhdinh_quynhon,29.001290574019336
2025-11-26 12:00:00+00:00,backan_backancity,61.063548219991034
2025-11-26 13:00:00+00:00,bacninh_bacninhcity,95.35484220640646
2025-11-26 14:00:00+00:00,binhduong_thudaumot,98.59944764530253
2025-11-26 15:00:00+00:00,bentre_bentrecity,75.3273556347192
2025-11-26 16:00:00+00:00,binhdinh_quynhon,28.44323158631157
2025-11-26 17:00:00+00:00,bacgiang_bacgiangcity,95.37396362725804
2025-11-26 18:00:00+00:00,bacninh_bacninhcity,95.03802538386545
2025-11-26 19:00:00+00:00,binhduong_thudaumot,103.07309986902843
2025-11-26 20:00:00+00:00,backan_backancity,60.13414799312679
2025-11-26 21:00:00+00:00,angiang_longxuyen,75.14633455368677
2025-11-26 22:00:00+00:00,bentre_bentrecity,78.00666204975366
2025-11-26 23:00:00+00:00,bentre_bentrecity,81.00425516931051
2025-11-27 00:00:00+00:00,angiang_longxuyen,76.41614104226502
2025-11-27 01:00:00+00:00,bacgiang_bacgiangcity,93.61708923654324
2025-11-27 02:00:00+00:00,binhdinh_quynhon,27.943916653118734
2025-11-27 03:00:00+00:00,bacninh_bacninhcity,93.51370818246077
2025-11-27 04:00:00+00:00,backan_backancity,59.324199093207724
2025-11-27 05:00:00+00:00,binhduong_thudaumot,107.57723520545439
2025-11-27 06:00:00+00:00,angiang_longxuyen,77.72747292531685
2025-11-27 07:00:00+00:00,bacninh_bacninhcity,91.4254673563355
2025-11-27 08:00:00+00:00,binhduong_thudaumot,111.92927833454685
2025-11-27 09:00:00+00:00,bentre_bentrecity,83.99065270514876
2025-11-27 10:00:00+00:00,bacgiang_bacgiangcity,91.356570081983
2025-11-27 11:00:00+00:00,backan_backancity,58.64790864211381
2025-11-27 12:00:00+00:00,binhdinh_quynhon,27.49773726112447
2025-11-27 13:00:00+00:00,bacgiang_bacgiangcity,89.22412945348371
2025-11-27 14:00:00+00:00,bentre_bentrecity,85.81784868600491
2025-11-27 15:00:00+00:00,binhduong_thudaumot,115.93483137067919
2025-11-27 16:00:00+00:00,backan_backancity,58.05610327266735
2025-11-27 17:00:00+00:00,bacninh_bacninhcity,89.34678292227137
2025-11-27 18:00:00+00:00,angiang_longxuyen,79.01419310804668
2025-11-27 19:00:00+00:00,binhdinh_quynhon,27.123000893898393
2025-11-27 20:00:00+00:00,angiang_longxuyen,80.05275563689575
2025-11-27 21:00:00+00:00,binhduong_thudaumot,118.66959154418362
2025-11-27 22:00:00+00:00,binhdinh_quynhon,26.807246835788632
2025-11-27 23:00:00+00:00,bacgiang_bacgiangcity,87.5245902880441
2025-11-28 00:00:00+00:00,bentre_bentrecity,86.31714455882964
2025-11-28 01:00:00+00:00,backan_backancity,57.4644051177915
2025-11-28 02:00:00+00:00,bacninh_bacninhcity,87.5848043734495
2025-11-28 03:00:00+00:00,bacninh_bacninhcity,86.1116809382422
2025-11-28 04:00:00+00:00,binhduong_thudaumot,119.98879059417283
2025-11-28 05:00:00+00:00,angiang_longxuyen,80.60616270351167
2025-11-28 06:00:00+00:00,bacgiang_bacgiangcity,86.11578606502388
2025-11-28 07:00:00+00:00,backan_backancity,56.84020665274214
2025-11-28 08:00:00+00:00,binhdinh_quynhon,26.547797105075716
2025-11-28 09:00:00+00:00,bentre_bentrecity,86.1455130916374
2025-11-28 10:00:00+00:00,binhdinh_quynhon,26.330647096290846
2025-11-28 11:00:00+00:00,bacgiang_bacgiangcity,84.9183005694199
2025-11-28 12:00:00+00:00,angiang_longxuyen,80.8782137200913
2025-11-28 13:00:00+00:00,backan_backancity,56.10035940418553
2025-11-28 14:00:00+00:00,bacninh_bacninhcity,84.90639141317018
2025-11-28 15:00:00+00:00,bentre_bentrecity,85.84844176809442
2025-11-28 16:00:00+00:00,binhduong_thudaumot,120.32612098898309
2025-11-28 17:00:00+00:00,bacgiang_bacgiangcity,83.77462725808238
2025-11-28 18:00:00+00:00,binhdinh_quynhon,26.111705412903646
2025-11-28 19:00:00+00:00,bacninh_bacninhcity,83.77867043866772
2025-11-28 20:00:00+00:00,backan_backancity,55.3542508247048
2025-11-28 21:00:00+00:00,angiang_longxuyen,80.85464319237731
2025-11-28 22:00:00+00:00,bentre_bentrecity,85.66949707591299
2025-11-28 23:00:00+00:00,binhduong_thudaumot,119.84539229724348
2025-11-29 00:00:00+00:00,backan_backancity,54.55796582617457
2025-11-29 01:00:00+00:00,binhduong_thudaumot,118.94142336652996
2025-11-29 02:00:00+00:00,bacgiang_bacgiangcity,82.65599093153033
2025-11-29 03:00:00+00:00,angiang_longxuyen,80.56175442836147
2025-11-29 04:00:00+00:00,bentre_bentrecity,85.5332154439267
2025-11-29 05:00:00+00:00,binhdinh_quynhon,25.900588010625583
2025-11-29 06:00:00+00:00,bacninh_bacninhcity,82.71093244260732
2025-11-29 07:00:00+00:00,binhduong_thudaumot,117.8025782846893
2025-11-29 08:00:00+00:00,bacgiang_bacgiangcity,81.5154351816518
2025-11-29 09:00:00+00:00,angiang_longxuyen,80.14258834307105
2025-11-29 10:00:00+00:00,bacninh_bacninhcity,81.65159053869935
2025-11-29 11:00:00+00:00,binhdinh_quynhon,25.727496042726926
2025-11-29 12:00:00+00:00,backan_backancity,53.79158654520889
2025-11-29 13:00:00+00:00,bentre_bentrecity,85.37534675378286
2025-11-29 14:00:00+00:00,bentre_bentrecity,85.23911992035488
2025-11-29 15:00:00+00:00,binhdinh_quynhon,25.50120658743333
2025-11-29 16:00:00+00:00,angiang_longxuyen,79.63560399425997
2025-11-29 17:00:00+00:00,bacninh_bacninhcity,80.6830855841115
2025-11-29 18:00:00+00:00,bacgiang_bacgiangcity,80.43704720490996
2025-11-29 19:00:00+00:00,binhduong_thudaumot,116.6126990672342
2025-11-29 20:00:00+00:00,backan_backancity,53.016815937182784
2025-11-29 21:00:00+00:00,bacgiang_bacgiangcity,79.2394818940145
2025-11-29 22:00:00+00:00,binhdinh_quynhon,25.349967331572742
2025-11-29 23:00:00+00:00,backan_backancity,52.052404196646535
2025-11-30 00:00:00+00:00,angiang_longxuyen,79.15960465635766
2025-11-30 01:00:00+00:00,bacninh_bacninhcity,79.62183764339254
2025-11-30 02:00:00+00:00,bentre_bentrecity,85.29867284924148
2025-11-30 03:00:00+00:00,binhduong_thudaumot,115.3903719556179
2025-11-30 04:00:00+00:00,bacninh_bacninhcity,78.4188163021256
2025-11-30 05:00:00+00:00,binhduong_thudaumot,113.74313444027203
2025-11-30 06:00:00+00:00,binhdinh_quynhon,25.16791699066239
2025-11-30 07:00:00+00:00,backan_backancity,51.11097926005091
2025-11-30 08:00:00+00:00,bacgiang_bacgiangcity,77.93864512615323
2025-11-30 09:00:00+00:00,bentre_bentrecity,84.93459837542693
2025-11-30 10:00:00+00:00,angiang_longxuyen,78.35182387331109
2025-11-30 11:00:00+00:00,binhduong_thudaumot,111.92623939710631
2025-11-30 12:00:00+00:00,angiang_longxuyen,77.31813960742517
2025-11-30 13:00:00+00:00,binhdinh_quynhon,24.966725275077593
2025-11-30 14:00:00+00:00,backan_backancity,50.233740113065615
2025-11-30 15:00:00+00:00,bacgiang_bacgiangcity,76.58734126862878
2025-11-30 16:00:00+00:00,bentre_bentrecity,84.14753144742389
2025-11-30 17:00:00+00:00,bacninh_bacninhcity,77.07366656095466
2025-11-30 18:00:00+00:00,bacninh_bacninhcity,75.64198274856446
2025-11-30 19:00:00+00:00,bacgiang_bacgiangcity,75.2947719354352
2025-11-30 20:00:00+00:00,backan_backancity,49.498600775432166
2025-11-30 21:00:00+00:00,angiang_longxuyen,76.4742703999084
2025-11-30 22:00:00+00:00,bentre_bentrecity,83.12657712488941
2025-11-30 23:00:00+00:00,binhduong_thudaumot,109.95412386369104
2025-12-01 00:00:00+00:00,binhdinh_quynhon,24.87291014324032
2025-12-01 01:00:00+00:00,angiang_longxuyen,75.73138778773028
2025-12-01 02:00:00+00:00,bentre_bentrecity,82.02672836492874
2025-12-01 03:00:00+00:00,bacgiang_bacgiangcity,74.00357494874554
2025-12-01 04:00:00+00:00,binhdinh_quynhon,24.92981487223264
2025-12-01 05:00:00+00:00,backan_backancity,48.919456255502745
2025-12-01 06:00:00+00:00,binhduong_thudaumot,108.00042302841601
2025-12-01 07:00:00+00:00,bacninh_bacninhcity,74.0472827553677
2025-12-01 08:00:00+00:00,bacninh_bacninhcity,72.4644121031292
2025-12-01 09:00:00+00:00,bacgiang_bacgiangcity,72.80849701588843
2025-12-01 10:00:00+00:00,bentre_bentrecity,81.1210904607326
2025-12-01 11:00:00+00:00,angiang_longxuyen,75.16529247231816
2025-12-01 12:00:00+00:00,binhdinh_quynhon,25.177018316434896
2025-12-01 13:00:00+00:00,backan_backancity,48.44566792030119
2025-12-01 14:00:00+00:00,binhduong_thudaumot,106.2235505888257
2025-12-01 15:00:00+00:00,bentre_bentrecity,80.2282349159002
2025-12-01 16:00:00+00:00,binhdinh_quynhon,25.550611061574372
2025-12-01 17:00:00+00:00,bacgiang_bacgiangcity,71.73173870062
2025-12-01 18:00:00+00:00,bacninh_bacninhcity,70.98314750819294
2025-12-01 19:00:00+00:00,binhduong_thudaumot,104.64545158061624
2025-12-01 20:00:00+00:00,backan_backancity,48.1995509170812
2025-12-01 21:00:00+00:00,angiang_longxuyen,74.67143118695078
2025-12-01 22:00:00+00:00,binhdinh_quynhon,26.038413532428777
2025-12-01 23:00:00+00:00,bentre_bentrecity,79.25371760644664
2025-12-02 00:00:00+00:00,bacninh_bacninhcity,69.84318501227185
2025-12-02 01:00:00+00:00,angiang_longxuyen,74.13782665152812
2025-12-02 02:00:00+00:00,binhduong_thudaumot,103.24525132688817
2025-12-02 03:00:00+00:00,backan_backancity,48.1466012144717
2025-12-02 04:00:00+00:00,bacgiang_bacgiangcity,70.92439630603997
2025-12-02 05:00:00+00:00,backan_backancity,48.3309816853835
2025-12-02 06:00:00+00:00,bacgiang_bacgiangcity,70.44231909325659
2025-12-02 07:00:00+00:00,angiang_longxuyen,73.77460751173248
2025-12-02 08:00:00+00:00,bentre_bentrecity,78.16121304457334
2025-12-02 09:00:00+00:00,binhduong_thudaumot,102.03027020026875
2025-12-02 10:00:00+00:00,bacninh_bacninhcity,69.15405263816383
2025-12-02 11:00:00+00:00,binhdinh_quynhon,26.434440330833695
2025-12-02 12:00:00+00:00,backan_backancity,48.552005713986716
2025-12-02 13:00:00+00:00,angiang_longxuyen,73.65043159604204
2025-12-02 14:00:00+00:00,binhduong_thudaumot,100.89772308099717
2025-12-02 15:00:00+00:00,bacninh_bacninhcity,68.86335343393462
2025-12-02 16:00:00+00:00,bentre_bentrecity,77.12351418865427
2025-12-02 17:00:00+00:00,bacgiang_bacgiangcity,70.15532713062477
2025-12-02 18:00:00+00:00,binhdinh_quynhon,26.658204287352717
2025-12-02 19:00:00+00:00,binhduong_thudaumot,99.50332864517723
2025-12-02 20:00:00+00:00,bacgiang_bacgiangcity,70.1345870675751
2025-12-02 21:00:00+00:00,angiang_longxuyen,73.38713881860896
2025-12-02 22:00:00+00:00,bacninh_bacninhcity,69.12312480835939
2025-12-02 23:00:00+00:00,backan_backancity,48.41383234046551
2025-12-03 00:00:00+00:00,bentre_bentrecity,76.17289262444558
2025-12-03 01:00:00+00:00,binhdinh_quynhon,26.6375237879534
2025-12-03 02:00:00+00:00,bentre_bentrecity,75.68161640150312
2025-12-03 03:00:00+00:00,binhduong_thudaumot,97.84688839694414
2025-12-03 04:00:00+00:00,backan_backancity,47.629207522126556
2025-12-03 05:00:00+00:00,bacninh_bacninhcity,70.49966459326144
2025-12-03 06:00:00+00:00,angiang_longxuyen,72.674443064425
2025-12-03 07:00:00+00:00,bacgiang_bacgiangcity,71.17472565061226
2025-12-03 08:00:00+00:00,binhdinh_quynhon,26.410991312966402
2025-12-03 09:00:00+00:00,binhduong_thudaumot,94.20080228845401
2025-12-03 10:00:00+00:00,backan_backancity,46.47593612417267
2025-12-03 11:00:00+00:00,binhdinh_quynhon,26.043907683536474
2025-12-03 12:00:00+00:00,angiang_longxuyen,71.7133502104859
2025-12-03 13:00:00+00:00,bacninh_bacninhcity,74.2215922042794
2025-12-03 14:00:00+00:00,bentre_bentrecity,75.19204131641447
2025-12-03 15:00:00+00:00,bacgiang_bacgiangcity,74.70385763819786
2025-12-03 16:00:00+00:00,backan_backancity,45.38495400920216
2025-12-03 17:00:00+00:00,angiang_longxuyen,70.75948600115251
2025-12-03 18:00:00+00:00,binhduong_thudaumot,90.17704898332266
2025-12-03 19:00:00+00:00,bentre_bentrecity,74.73385865760297
2025-12-03 20:00:00+00:00,binhdinh_quynhon,25.63229426910965
2025-12-03 21:00:00+00:00,bacninh_bacninhcity,79.56620042887954
2025-12-03 22:00:00+00:00,bacgiang_bacgiangcity,79.87658184572831
2025-12-03 23:00:00+00:00,bacgiang_bacgiangcity,85.77995071783725
2025-12-04 00:00:00+00:00,binhduong_thudaumot,86.2668061266512
2025-12-04 01:00:00+00:00,angiang_longxuyen,70.12025843584843
2025-12-04 02:00:00+00:00,bentre_bentrecity,74.30747584043691
2025-12-04 03:00:00+00:00,backan_backancity,44.602959521662385
2025-12-04 04:00:00+00:00,binhdinh_quynhon,25.267497883852926
2025-12-04 05:00:00+00:00,bacninh_bacninhcity,85.73881963472894
2025-12-04 06:00:00+00:00,bacgiang_bacgiangcity,91.44497921691507
2025-12-04 07:00:00+00:00,bentre_bentrecity,73.78701342882607
2025-12-04 08:00:00+00:00,binhdinh_quynhon,24.983784304536016
2025-12-04 09:00:00+00:00,angiang_longxuyen,69.76958101826918
2025-12-04 10:00:00+00:00,backan_backancity,44.149651551994985
2025-12-04 11:00:00+00:00,binhduong_thudaumot,82.89879381324519
2025-12-04 12:00:00+00:00,bacninh_bacninhcity,91.724881913883
2025-12-04 13:00:00+00:00,bacninh_bacninhcity,97.0875450721753
2025-12-04 14:00:00+00:00,backan_backancity,44.038553431374
2025-12-04 15:00:00+00:00,bentre_bentrecity,73.31854055378118
2025-12-04 16:00:00+00:00,binhdinh_quynhon,24.798951149881603
2025-12-04 17:00:00+00:00,angiang_longxuyen,69.71265961145477
2025-12-04 18:00:00+00:00,bacgiang_bacgiangcity,96.49295674007566
2025-12-04 19:00:00+00:00,binhduong_thudaumot,80.38539598987795
2025-12-04 20:00:00+00:00,bentre_bentrecity,72.7471345433044
2025-12-04 21:00:00+00:00,angiang_longxuyen,69.82715762523736
2025-12-04 22:00:00+00:00,bacgiang_bacgiangcity,100.40150843580473
2025-12-04 23:00:00+00:00,binhdinh_quynhon,24.707656751726873
2025-12-05 00:00:00+00:00,bacninh_bacninhcity,101.30614358594734
2025-12-05 01:00:00+00:00,backan_backancity,44.23211146953074
2025-12-05 02:00:00+00:00,binhduong_thudaumot,78.90097928656549
2025-12-05 03:00:00+00:00,binhdinh_quynhon,24.6558030202837
2025-12-05 04:00:00+00:00,binhduong_thudaumot,78.08384701041498
2025-12-05 05:00:00+00:00,bacgiang_bacgiangcity,103.27273042133771
2025-12-05 06:00:00+00:00,backan_backancity,44.60386488914761
2025-12-05 07:00:00+00:00,bacninh_bacninhcity,104.45643348388869
2025-12-05 08:00:00+00:00,angiang_longxuyen,70.06934104498866
2025-12-05 09:00:00+00:00,bentre_bentrecity,72.14602294912824
2025-12-05 10:00:00+00:00,bacninh_bacninhcity,106.77327721748689
2025-12-05 11:00:00+00:00,bacgiang_bacgiangcity,105.39631810448643
2025-12-05 12:00:00+00:00,binhdinh_quynhon,24.67844673759835
2025-12-05 13:00:00+00:00,backan_backancity,45.081989458094185
2025-12-05 14:00:00+00:00,binhduong_thudaumot,76.96623994374086
2025-12-05 15:00:00+00:00,angiang_longxuyen,70.29601409019047
2025-12-05 16:00:00+00:00,bentre_bentrecity,71.5246358883751
2025-12-05 17:00:00+00:00,angiang_longxuyen,70.57346157349123
2025-12-05 18:00:00+00:00,binhduong_thudaumot,75.17300715631066
2025-12-05 19:00:00+00:00,bentre_bentrecity,70.9634176446531
2025-12-05 20:00:00+00:00,bacninh_bacninhcity,108.23363735369855
2025-12-05 21:00:00+00:00,bacgiang_bacgiangcity,106.76774375436997
2025-12-05 22:00:00+00:00,backan_backancity,45.576615540731964
2025-12-05 23:00:00+00:00,binhdinh_quynhon,24.755831832124827
2025-12-06 00:00:00+00:00,binhduong_thudaumot,73.23794378722816
2025-12-06 01:00:00+00:00,bentre_bentrecity,70.57022845855057
2025-12-06 02:00:00+00:00,bacgiang_bacgiangcity,107.51083245677827
2025-12-06 03:00:00+00:00,bacninh_bacninhcity,108.97171675311296
2025-12-06 04:00:00+00:00,angiang_longxuyen,71.02502313693054
2025-12-06 05:00:00+00:00,backan_backancity,46.011630322105816
2025-12-06 06:00:00+00:00,binhdinh_quynhon,24.85943446298657
2025-12-06 07:00:00+00:00,bacninh_bacninhcity,109.14088824154601
2025-12-06 08:00:00+00:00,bentre_bentrecity,70.59655082691044
2025-12-06 09:00:00+00:00,bacgiang_bacgiangcity,107.76155015635081
2025-12-06 10:00:00+00:00,angiang_longxuyen,71.60501346069485
2025-12-06 11:00:00+00:00,binhdinh_quynhon,24.96007320660722
2025-12-06 12:00:00+00:00,backan_backancity,46.41650589640578
2025-12-06 13:00:00+00:00,binhduong_thudaumot,71.96529730380153
2025-12-06 14:00:00+00:00,angiang_longxuyen,72.19358333265464
2025-12-06 15:00:00+00:00,backan_backancity,46.72407829150434
2025-12-06 16:00:00+00:00,binhduong_thudaumot,71.6388742046422
2025-12-06 17:00:00+00:00,binhdinh_quynhon,25.05222055623487
2025-12-06 18:00:00+00:00,bacgiang_bacgiangcity,107.93511267708719
2025-12-06 19:00:00+00:00,bacninh_bacninhcity,109.14978824218036
2025-12-06 20:00:00+00:00,bentre_bentrecity,71.14269470200347
2025-12-06 21:00:00+00:00,bentre_bentrecity,71.5563023074438
2025-12-06 22:00:00+00:00,bacninh_bacninhcity,108.72179601518202
2025-12-06 23:00:00+00:00,angiang_longxuyen,72.19989707959107
2025-12-07 00:00:00+00:00,backan_backancity,46.57575050687255
2025-12-07 01:00:00+00:00,binhduong_thudaumot,70.63373522254697
2025-12-07 02:00:00+00:00,binhdinh_quynhon,25.10438878375186
2025-12-07 03:00:00+00:00,bacgiang_bacgiangcity,107.63571837118081
2025-12-07 04:00:00+00:00,bacninh_bacninhcity,108.17068334037734
2025-12-07 05:00:00+00:00,angiang_longxuyen,71.80643390069696
2025-12-07 06:00:00+00:00,bacgiang_bacgiangcity,107.15307053862713
2025-12-07 07:00:00+00:00,binhduong_thudaumot,70.23206655518152
2025-12-07 08:00:00+00:00,binhdinh_quynhon,25.154798692310692
2025-12-07 09:00:00+00:00,backan_backancity,46.20885748112374
2025-12-07 10:00:00+00:00,bentre_bentrecity,71.58215054914693
2025-12-07 11:00:00+00:00,bentre_bentrecity,71.52917940362332
2025-12-07 12:00:00+00:00,angiang_longxuyen,71.27755633656555
2025-12-07 13:00:00+00:00,bacgiang_bacgiangcity,106.4140994713671
2025-12-07 14:00:00+00:00,bacninh_bacninhcity,107.37973762746391
2025-12-07 15:00:00+00:00,binhdinh_quynhon,25.20129169522295
2025-12-07 16:00:00+00:00,backan_backancity,45.84022996187691
2025-12-07 17:00:00+00:00,binhduong_thudaumot,69.66432013538187
2025-12-07 18:00:00+00:00,bacgiang_bacgiangcity,105.55442266668561
2025-12-07 19:00:00+00:00,bacninh_bacninhcity,106.44917888760048
2025-12-07 20:00:00+00:00,binhdinh_quynhon,25.264524466427773
2025-12-07 21:00:00+00:00,backan_backancity,45.569253473549495
2025-12-07 22:00:00+00:00,bentre_bentrecity,71.19322850295502
2025-12-07 23:00:00+00:00,angiang_longxuyen,70.53315604257668
2025-12-08 00:00:00+00:00,binhduong_thudaumot,68.81854012596207
2025-12-08 01:00:00+00:00,binhdinh_quynhon,25.327924015853554
2025-12-08 02:00:00+00:00,bacgiang_bacgiangcity,104.590465992438
2025-12-08 03:00:00+00:00,angiang_longxuyen,69.72630921756752
2025-12-08 04:00:00+00:00,bacninh_bacninhcity,105.34949631022428
2025-12-08 05:00:00+00:00,bentre_bentrecity,70.8478975186306
2025-12-08 06:00:00+00:00,backan_backancity,45.39294030344024
2025-12-08 07:00:00+00:00,binhduong_thudaumot,68.22135496761656
2025-12-08 08:00:00+00:00,angiang_longxuyen,68.8931090511003
2025-12-08 09:00:00+00:00,bacninh_bacninhcity,104.10802127193199
2025-12-08 10:00:00+00:00,bacgiang_bacgiangcity,103.57815316429537
2025-12-08 11:00:00+00:00,binhduong_thudaumot,67.91767088761243
2025-12-08 12:00:00+00:00,backan_backancity,45.3687384010326
2025-12-08 13:00:00+00:00,bentre_bentrecity,70.57352828477961
2025-12-08 14:00:00+00:00,binhdinh_quynhon,25.41305238492471
2025-12-08 15:00:00+00:00,backan_backancity,45.60326193534971
2025-12-08 16:00:00+00:00,bacgiang_bacgiangcity,102.57733075994055
2025-12-08 17:00:00+00:00,bentre_bentrecity,70.33377744450834
2025-12-08 18:00:00+00:00,binhdinh_quynhon,25.438669519664515
2025-12-08 19:00:00+00:00,binhduong_thudaumot,67.85788089539747
2025-12-08 20:00:00+00:00,angiang_longxuyen,68.04349552514438
2025-12-08 21:00:00+00:00,bacninh_bacninhcity,102.71205658937987
2025-12-08 22:00:00+00:00,binhdinh_quynhon,25.467774701768434
2025-12-08 23:00:00+00:00,bacninh_bacninhcity,101.35380582331582
2025-12-09 00:00:00+00:00,backan_backancity,46.09082138651072
2025-12-09 01:00:00+00:00,bacgiang_bacgiangcity,101.67327844011655
2025-12-09 02:00:00+00:00,angiang_longxuyen,67.3881643313334
2025-12-09 03:00:00+00:00,bentre_bentrecity,70.15662085311023
2025-12-09 04:00:00+00:00,binhduong_thudaumot,68.20840344748584
2025-12-09 05:00:00+00:00,backan_backancity,46.95383196870193
2025-12-09 06:00:00+00:00,bacgiang_bacgiangcity,101.01369678421705
2025-12-09 07:00:00+00:00,bentre_bentrecity,70.09461271055648
2025-12-09 08:00:00+00:00,binhdinh_quynhon,25.469785570604046
2025-12-09 09:00:00+00:00,binhduong_thudaumot,69.12324393566008
2025-12-09 10:00:00+00:00,bacninh_bacninhcity,100.29583120300151
2025-12-09 11:00:00+00:00,angiang_longxuyen,66.84628283105897
2025-12-09 12:00:00+00:00,binhduong_thudaumot,70.51822224416252
2025-12-09 13:00:00+00:00,binhdinh_quynhon,25.36735991747308
2025-12-09 14:00:00+00:00,bentre_bentrecity,70.09820082485317
2025-12-09 15:00:00+00:00,backan_backancity,48.03404021059827
2025-12-09 16:00:00+00:00,bacninh_bacninhcity,99.60602665309938
2025-12-09 17:00:00+00:00,angiang_longxuyen,66.51041531950116
2025-12-09 18:00:00+00:00,bacgiang_bacgiangcity,100.49241626586873
2025-12-09 19:00:00+00:00,angiang_longxuyen,66.42804593871392
2025-12-09 20:00:00+00:00,binhduong_thudaumot,72.05118808759708
2025-12-09 21:00:00+00:00,bentre_bentrecity,70.12979815008748
2025-12-09 22:00:00+00:00,bacgiang_bacgiangcity,99.98711295217946
2025-12-09 23:00:00+00:00,bacninh_bacninhcity,99.38157324732762
2025-12-10 00:00:00+00:00,backan_backancity,48.76738310853735
2025-12-10 01:00:00+00:00,binhdinh_quynhon,25.20791993823319
2025-12-10 02:00:00+00:00,bacgiang_bacgiangcity,99.70343406868888
2025-12-10 03:00:00+00:00,angiang_longxuyen,66.58035972282671
2025-12-10 04:00:00+00:00,bentre_bentrecity,69.98142747962744
2025-12-10 05:00:00+00:00,bacninh_bacninhcity,99.64053366265297
2025-12-10 06:00:00+00:00,binhduong_thudaumot,73.22093955632806
2025-12-10 07:00:00+00:00,binhdinh_quynhon,25.03093012505603
2025-12-10 08:00:00+00:00,backan_backancity,48.53606648115475
2025-12-10 09:00:00+00:00,bacninh_bacninhcity,100.71703704549795
2025-12-10 10:00:00+00:00,angiang_longxuyen,65.69022623681502
2025-12-10 11:00:00+00:00,bentre_bentrecity,70.53477379132002
2025-12-10 12:00:00+00:00,bacgiang_bacgiangcity,100.38770515547408
2025-12-10 13:00:00+00:00,backan_backancity,47.802428147509964
2025-12-10 14:00:00+00:00,binhduong_thudaumot,73.35952034521762
2025-12-10 15:00:00+00:00,binhdinh_quynhon,24.861397680901902
2025-12-10 16:00:00+00:00,binhdinh_quynhon,24.66735360335835
2025-12-10 17:00:00+00:00,bacninh_bacninhcity,101.76109700145548
2025-12-10 18:00:00+00:00,angiang_longxuyen,64.50614137126536
2025-12-10 19:00:00+00:00,bentre_bentrecity,71.1895689122779
2025-12-10 20:00:00+00:00,backan_backancity,47.217589342607695
2025-12-10 21:00:00+00:00,binhduong_thudaumot,73.10323463561095
2025-12-10 22:00:00+00:00,bacgiang_bacgiangcity,101.32101782071116
2025-12-10 23:00:00+00:00,binhdinh_quynhon,24.492589088158027
2025-12-11 00:00:00+00:00,bacninh_bacninhcity,102.5044057915518
2025-12-11 01:00:00+00:00,binhduong_thudaumot,73.01409882414467
2025-12-11 02:00:00+00:00,backan_backancity,47.17973068644927
2025-12-11 03:00:00+00:00,bentre_bentrecity,71.91888530745375
2025-12-11 04:00:00+00:00,angiang_longxuyen,63.22580641185235
2025-12-11 05:00:00+00:00,bacgiang_bacgiangcity,102.15362354194794
2025-12-11 06:00:00+00:00,bacgiang_bacgiangcity,102.9892920260854
2025-12-11 07:00:00+00:00,binhduong_thudaumot,73.19373088085108
2025-12-11 08:00:00+00:00,bentre_bentrecity,72.81210657309927
2025-12-11 09:00:00+00:00,bacninh_bacninhcity,103.12186165138226
2025-12-11 10:00:00+00:00,binhdinh_quynhon,24.31908255725297
2025-12-11 11:00:00+00:00,angiang_longxuyen,62.0424005719166
2025-12-11 12:00:00+00:00,backan_backancity,47.780961407926114
2025-12-11 13:00:00+00:00,binhduong_thudaumot,73.70703374169062
2025-12-11 14:00:00+00:00,backan_backancity,48.860359584177786
2025-12-11 15:00:00+00:00,bacninh_bacninhcity,103.61532862538436
2025-12-11 16:00:00+00:00,bacgiang_bacgiangcity,103.7005927995783
2025-12-11 17:00:00+00:00,bentre_bentrecity,73.73683939232258
2025-12-11 18:00:00+00:00,binhdinh_quynhon,24.179894219129906
2025-12-11 19:00:00+00:00,angiang_longxuyen,60.93956052543568
2025-12-11 20:00:00+00:00,binhduong_thudaumot,74.35055942000349
2025-12-11 21:00:00+00:00,backan_backancity,50.089338764264475
2025-12-11 22:00:00+00:00,binhdinh_quynhon,24.089872100546515
2025-12-11 23:00:00+00:00,bacninh_bacninhcity,104.02249323076703
2025-12-12 00:00:00+00:00,bentre_bentrecity,74.53082761649556
2025-12-12 01:00:00+00:00,bacgiang_bacgiangcity,104.22776982149239
2025-12-12 02:00:00+00:00,angiang_longxuyen,59.8757775557581
2025-12-12 03:00:00+00:00,binhduong_thudaumot,75.06841100376118
2025-12-12 04:00:00+00:00,angiang_longxuyen,58.67986334925018
2025-12-12 05:00:00+00:00,backan_backancity,51.28173156776408
2025-12-12 06:00:00+00:00,bacgiang_bacgiangcity,104.5619921850277
2025-12-12 07:00:00+00:00,bentre_bentrecity,75.00492091758687
2025-12-12 08:00:00+00:00,bacninh_bacninhcity,104.33414692718713
2025-12-12 09:00:00+00:00,binhdinh_quynhon,24.04310272229668
2025-12-12 10:00:00+00:00,binhduong_thudaumot,75.46196948449585
2025-12-12 11:00:00+00:00,bentre_bentrecity,75.13831252125848
2025-12-12 12:00:00+00:00,bacgiang_bacgiangcity,104.75231174751528
2025-12-12 13:00:00+00:00,angiang_longxuyen,57.39432967443519
2025-12-12 14:00:00+00:00,backan_backancity,52.44806884805735
2025-12-12 15:00:00+00:00,bacninh_bacninhcity,104.53948903792788
2025-12-12 16:00:00+00:00,binhdinh_quynhon,24.027082482900255
2025-12-12 17:00:00+00:00,backan_backancity,53.494001782999945
2025-12-12 18:00:00+00:00,bentre_bentrecity,74.99887878089602
2025-12-12 19:00:00+00:00,angiang_longxuyen,56.068881206251916
2025-12-12 20:00:00+00:00,bacninh_bacninhcity,104.61391739285129
2025-12-12 21:00:00+00:00,bacgiang_bacgiangcity,104.8111588471453
2025-12-12 22:00:00+00:00,binhduong_thudaumot,75.45264896449008
2025-12-12 23:00:00+00:00,binhdinh_quynhon,24.00356198865255
2025-12-13 00:00:00+00:00,bacninh_bacninhcity,104.58822103845654
2025-12-13 01:00:00+00:00,backan_backancity,54.43603665137509
2025-12-13 02:00:00+00:00,bacgiang_bacgiangcity,104.78025007770897
2025-12-13 03:00:00+00:00,binhduong_thudaumot,75.22449159312171
2025-12-13 04:00:00+00:00,angiang_longxuyen,54.66002456721941
2025-12-13 05:00:00+00:00,binhdinh_quynhon,23.943679077143045
2025-12-13 06:00:00+00:00,bentre_bentrecity,74.80737926249515
2025-12-13 07:00:00+00:00,backan_backancity,55.28082552165316
2025-12-13 08:00:00+00:00,angiang_longxuyen,53.210107130185996
2025-12-13 09:00:00+00:00,binhduong_thudaumot,74.9248483111569
2025-12-13 10:00:00+00:00,bacninh_bacninhcity,104.71532510319788
2025-12-13 11:00:00+00:00,binhdinh_quynhon,23.89019091913444
2025-12-13 12:00:00+00:00,bacgiang_bacgiangcity,104.91922279541778
2025-12-13 13:00:00+00:00,bentre_bentrecity,74.49781505892909
2025-12-13 14:00:00+00:00,bacgiang_bacgiangcity,105.68851593015827
2025-12-13 15:00:00+00:00,backan_backancity,56.05650626225652
2025-12-13 16:00:00+00:00,binhduong_thudaumot,74.65407672178665
2025-12-13 17:00:00+00:00,binhdinh_quynhon,23.861695668810043
2025-12-13 18:00:00+00:00,bacninh_bacninhcity,105.43731874320048
2025-12-13 19:00:00+00:00,bentre_bentrecity,74.27504700664382
2025-12-13 20:00:00+00:00,angiang_longxuyen,51.80444786790393
2025-12-13 21:00:00+00:00,angiang_longxuyen,50.82160951649737
2025-12-13 22:00:00+00:00,bacgiang_bacgiangcity,107.55710924363977
2025-12-13 23:00:00+00:00,binhdinh_quynhon,23.93534493118696
2025-12-14 00:00:00+00:00,bacninh_bacninhcity,107.20211703522962
2025-12-14 01:00:00+00:00,bentre_bentrecity,74.00609568242808
2025-12-14 02:00:00+00:00,binhduong_thudaumot,74.38292869014624
2025-12-14 03:00:00+00:00,backan_backancity,57.42941981212565
2025-12-14 04:00:00+00:00,bacninh_bacninhcity,108.94052207815498
2025-12-14 05:00:00+00:00,angiang_longxuyen,49.97791185229359
2025-12-14 06:00:00+00:00,bacgiang_bacgiangcity,109.3646462417
2025-12-14 07:00:00+00:00,binhdinh_quynhon,24.006244735464023
2025-12-14 08:00:00+00:00,binhduong_thudaumot,73.62220080832516
2025-12-14 09:00:00+00:00,bentre_bentrecity,73.65264021619679
2025-12-14 10:00:00+00:00,backan_backancity,58.86437724273875
2025-12-14 11:00:00+00:00,bentre_bentrecity,73.02456296623704
2025-12-14 12:00:00+00:00,binhduong_thudaumot,72.57639653086731
2025-12-14 13:00:00+00:00,angiang_longxuyen,49.28548679959459
2025-12-14 14:00:00+00:00,bacgiang_bacgiangcity,110.80020407390856
2025-12-14 15:00:00+00:00,binhdinh_quynhon,24.01488861240189
2025-12-14 16:00:00+00:00,bacninh_bacninhcity,110.30719931383314
2025-12-14 17:00:00+00:00,backan_backancity,60.36105691038396
2025-12-14 18:00:00+00:00,bentre_bentrecity,72.23493003617719
2025-12-14 19:00:00+00:00,binhduong_thudaumot,71.50034106667293
2025-12-14 20:00:00+00:00,bacgiang_bacgiangcity,112.04140809759178
2025-12-14 21:00:00+00:00,angiang_longxuyen,48.780205971183335
2025-12-14 22:00:00+00:00,binhdinh_quynhon,24.04847298101167
2025-12-14 23:00:00+00:00,bacninh_bacninhcity,111.44221445295669
2025-12-15 00:00:00+00:00,backan_backancity,61.99108529587254
2025-12-15 01:00:00+00:00,bacgiang_bacgiangcity,113.29400545631275
2025-12-15 02:00:00+00:00,bentre_bentrecity,71.42657982463336
2025-12-15 03:00:00+00:00,binhdinh_quynhon,24.156278423041655
2025-12-15 04:00:00+00:00,bacninh_bacninhcity,112.51197284803675
2025-12-15 05:00:00+00:00,binhduong_thudaumot,70.55077973544036
2025-12-15 06:00:00+00:00,angiang_longxuyen,48.47965732173329
2025-12-15 07:00:00+00:00,backan_backancity,63.723234368602306
2025-12-15 08:00:00+00:00,bentre_bentrecity,70.62027622011533
2025-12-15 09:00:00+00:00,angiang_longxuyen,48.429638150720706
2025-12-15 10:00:00+00:00,backan_backancity,65.58113898502964
2025-12-15 11:00:00+00:00,bacgiang_bacgiangcity,114.91482291891218
2025-12-15 12:00:00+00:00,bacninh_bacninhcity,113.92244247072057
2025-12-15 13:00:00+00:00,binhdinh_quynhon,24.509995969334454
2025-12-15 14:00:00+00:00,binhduong_thudaumot,69.52191297759424
2025-12-15 15:00:00+00:00,binhduong_thudaumot,68.53411178284104
2025-12-15 16:00:00+00:00,backan_backancity,67.39278408805406
2025-12-15 17:00:00+00:00,bentre_bentrecity,69.89179848113632
2025-12-15 18:00:00+00:00,bacgiang_bacgiangcity,117.1959272710312
2025-12-15 19:00:00+00:00,bacninh_bacninhcity,116.06296231275246
2025-12-15 20:00:00+00:00,angiang_longxuyen,48.47512571921515
2025-12-15 21:00:00+00:00,binhdinh_quynhon,25.024640203579736
2025-12-15 22:00:00+00:00,backan_backancity,68.91952433875471
2025-12-15 23:00:00+00:00,binhdinh_quynhon,25.66062274121309
2025-12-16 00:00:00+00:00,angiang_longxuyen,48.766939954978795
2025-12-16 01:00:00+00:00,bacgiang_bacgiangcity,120.32409105977938
2025-12-16 02:00:00+00:00,bacninh_bacninhcity,119.11780563047361
2025-12-16 03:00:00+00:00,bentre_bentrecity,69.31247527025587
2025-12-16 04:00:00+00:00,binhduong_thudaumot,67.68335701734455
2025-12-16 05:00:00+00:00,binhduong_thudaumot,66.94598761664223
2025-12-16 06:00:00+00:00,angiang_longxuyen,49.24309177582599
2025-12-16 07:00:00+00:00,bacninh_bacninhcity,122.95353793438417
2025-12-16 08:00:00+00:00,bentre_bentrecity,68.95487893905269
2025-12-16 09:00:00+00:00,bacgiang_bacgiangcity,124.24579991914197
2025-12-16 10:00:00+00:00,binhdinh_quynhon,26.263421177966976
2025-12-16 11:00:00+00:00,backan_backancity,70.14268295892981
2025-12-16 12:00:00+00:00,binhduong_thudaumot,66.58626128930277
2025-12-16 13:00:00+00:00,angiang_longxuyen,49.85427677454827
2025-12-16 14:00:00+00:00,binhdinh_quynhon,26.686046720069356
2025-12-16 15:00:00+00:00,bentre_bentrecity,68.93451770081921
2025-12-16 16:00:00+00:00,bacgiang_bacgiangcity,128.84016346438153
2025-12-16 17:00:00+00:00,backan_backancity,71.11139281247486
2025-12-16 18:00:00+00:00,bacninh_bacninhcity,127.43273397041125
2025-12-16 19:00:00+00:00,angiang_longxuyen,50.76949370499268
2025-12-16 20:00:00+00:00,bentre_bentrecity,69.14708369107362
2025-12-16 21:00:00+00:00,bacgiang_bacgiangcity,132.85549685190028
2025-12-16 22:00:00+00:00,backan_backancity,72.14013329538226
2025-12-16 23:00:00+00:00,bacninh_bacninhcity,131.840989698879
2025-12-17 00:00:00+00:00,binhduong_thudaumot,66.54632028792832
2025-12-17 01:00:00+00:00,binhdinh_quynhon,26.861182912447816
2025-12-17 02:00:00+00:00,bacninh_bacninhcity,136.09395822580885
2025-12-17 03:00:00+00:00,bacgiang_bacgiangcity,136.23407099178525
2025-12-17 04:00:00+00:00,binhdinh_quynhon,26.81367971002574
2025-12-17 05:00:00+00:00,binhduong_thudaumot,66.85238214885416
2025-12-17 06:00:00+00:00,backan_backancity,73.43933087158608
2025-12-17 07:00:00+00:00,angiang_longxuyen,51.82184045380428
2025-12-17 08:00:00+00:00,bentre_bentrecity,69.88048138757102
2025-12-17 09:00:00+00:00,backan_backancity,73.82802419336068
2025-12-17 10:00:00+00:00,angiang_longxuyen,53.645622246222736
2025-12-17 11:00:00+00:00,bacninh_bacninhcity,139.26527707050403
2025-12-17 12:00:00+00:00,bacgiang_bacgiangcity,138.94430047153213
2025-12-17 13:00:00+00:00,binhduong_thudaumot,67.42789805120465
2025-12-17 14:00:00+00:00,bentre_bentrecity,69.9188522911224
2025-12-17 15:00:00+00:00,binhdinh_quynhon,26.70555500682991
2025-12-17 16:00:00+00:00,bacninh_bacninhcity,142.71967335473045
2025-12-17 17:00:00+00:00,bentre_bentrecity,69.92765818118922
2025-12-17 18:00:00+00:00,backan_backancity,74.15717769025176
2025-12-17 19:00:00+00:00,angiang_longxuyen,55.249299672799275
2025-12-17 20:00:00+00:00,binhdinh_quynhon,26.52662103610554
2025-12-17 21:00:00+00:00,bacgiang_bacgiangcity,142.40316164698828
2025-12-17 22:00:00+00:00,binhduong_thudaumot,67.56259529009179
2025-12-17 23:00:00+00:00,bentre_bentrecity,70.27431624364328
2025-12-18 00:00:00+00:00,bacgiang_bacgiangcity,145.62335365806345
2025-12-18 01:00:00+00:00,angiang_longxuyen,56.51823891462852
2025-12-18 02:00:00+00:00,binhdinh_quynhon,26.299302320934004
2025-12-18 03:00:00+00:00,bacninh_bacninhcity,145.7942584487215
2025-12-18 04:00:00+00:00,binhduong_thudaumot,67.20076993971422
2025-12-18 05:00:00+00:00,backan_backancity,74.63284585425816
2025-12-18 06:00:00+00:00,binhduong_thudaumot,66.42969466055544
2025-12-18 07:00:00+00:00,bentre_bentrecity,70.55627388654806
2025-12-18 08:00:00+00:00,angiang_longxuyen,57.53155479464292
2025-12-18 09:00:00+00:00,bacninh_bacninhcity,148.22108646267927
2025-12-18 10:00:00+00:00,backan_backancity,75.2126360441573
2025-12-18 11:00:00+00:00,binhdinh_quynhon,26.074742594046384
2025-12-18 12:00:00+00:00,bacgiang_bacgiangcity,148.20564279941817
2025-12-18 13:00:00+00:00,backan_backancity,75.7274899424518
2025-12-18 14:00:00+00:00,bacgiang_bacgiangcity,150.31358608980412
2025-12-18 15:00:00+00:00,binhdinh_quynhon,25.895622784732936
2025-12-18 16:00:00+00:00,angiang_longxuyen,58.35081468438371
2025-12-18 17:00:00+00:00,bacninh_bacninhcity,150.1849762559821
2025-12-18 18:00:00+00:00,bentre_bentrecity,70.5024307291834
2025-12-18 19:00:00+00:00,binhduong_thudaumot,65.4108965421634
2025-12-18 20:00:00+00:00,binhduong_thudaumot,64.2555261211714
2025-12-18 21:00:00+00:00,angiang_longxuyen,59.11528792853839
2025-12-18 22:00:00+00:00,bentre_bentrecity,70.29909472218624
2025-12-18 23:00:00+00:00,binhdinh_quynhon,25.85754016924922
2025-12-19 00:00:00+00:00,bacgiang_bacgiangcity,152.05235387536007
2025-12-19 01:00:00+00:00,bacninh_bacninhcity,151.81118780275665
2025-12-19 02:00:00+00:00,backan_backancity,76.09492142359971
2025-12-19 03:00:00+00:00,binhduong_thudaumot,62.975765355347725
2025-12-19 04:00:00+00:00,binhdinh_quynhon,25.922421662295562
2025-01-02 00:00:00+00:00,bacgiang_bacgiangcity,153.40516826705723
2025-01-02 01:00:00+00:00,angiang_longxuyen,59.83364461205101
2025-01-02 02:00:00+00:00,bentre_bentrecity,70.0929901967211
2025-01-02 03:00:00+00:00,backan_backancity,76.34097171553132
2025-01-02 04:00:00+00:00,bacninh_bacninhcity,153.03338149179618
2025-01-02 05:00:00+00:00,angiang_longxuyen,60.67972958736056
2025-01-02 06:00:00+00:00,binhduong_thudaumot,61.77156465380399
2025-01-02 07:00:00+00:00,binhdinh_quynhon,26.072445819689136
2025-01-02 08:00:00+00:00,backan_backancity,76.49000473378318
2025-01-02 09:00:00+00:00,bacninh_bacninhcity,153.8580521435342
2025-01-02 10:00:00+00:00,bentre_bentrecity,69.85994384093253
2025-01-02 11:00:00+00:00,bacgiang_bacgiangcity,154.39450143889727
2025-01-02 12:00:00+00:00,binhduong_thudaumot,60.794618338689425
2025-01-02 13:00:00+00:00,backan_backancity,76.58176134586458
2025-01-02 14:00:00+00:00,bacninh_bacninhcity,154.37394006679864
2025-01-02 15:00:00+00:00,binhdinh_quynhon,26.291859247187062
2025-01-02 16:00:00+00:00,bentre_bentrecity,69.6416740355212
2025-01-02 17:00:00+00:00,bacgiang_bacgiangcity,155.11028497271505
2025-01-02 18:00:00+00:00,angiang_longxuyen,61.72882654340941
2025-01-02 19:00:00+00:00,backan_backancity,76.66009945879657
2025-01-02 20:00:00+00:00,bacgiang_bacgiangcity,155.85030376458462
2025-01-02 21:00:00+00:00,angiang_longxuyen,62.97459314270896
2025-01-02 22:00:00+00:00,binhduong_thudaumot,59.931943695486154
2025-01-02 23:00:00+00:00,bacninh_bacninhcity,154.89454066607829
2025-01-03 00:00:00+00:00,binhdinh_quynhon,26.55077052250087
2025-01-03 01:00:00+00:00,bentre_bentrecity,69.5004319427343
2025-01-03 02:00:00+00:00,binhdinh_quynhon,26.81740124689921
2025-01-03 03:00:00+00:00,bacninh_bacninhcity,155.3479725281384
2025-01-03 04:00:00+00:00,bacgiang_bacgiangcity,156.51108384112905
2025-01-03 05:00:00+00:00,binhduong_thudaumot,59.25644901476084
2025-01-03 06:00:00+00:00,backan_backancity,76.8358908513288
2025-01-03 07:00:00+00:00,bentre_bentrecity,69.67392179581726
2025-01-03 08:00:00+00:00,angiang_longxuyen,64.25690085022134
2025-01-03 09:00:00+00:00,binhdinh_quynhon,27.07036092227068
2025-01-03 10:00:00+00:00,bentre_bentrecity,70.15935125084198
2025-01-03 11:00:00+00:00,binhduong_thudaumot,58.86683126513291
2025-01-03 12:00:00+00:00,bacgiang_bacgiangcity,156.94782358581688
2025-01-03 13:00:00+00:00,angiang_longxuyen,65.52613076266425
2025-01-03 14:00:00+00:00,bacninh_bacninhcity,155.62994208377324
2025-01-03 15:00:00+00:00,backan_backancity,77.22430065012776
2025-01-03 16:00:00+00:00,bacninh_bacninhcity,155.04479831298121
2025-01-03 17:00:00+00:00,binhduong_thudaumot,58.539512328672416
2025-01-03 18:00:00+00:00,bacgiang_bacgiangcity,156.46029749030004
2025-01-03 19:00:00+00:00,bentre_bentrecity,69.73396910300171
2025-01-03 20:00:00+00:00,backan_backancity,77.36015580637759
2025-01-03 21:00:00+00:00,angiang_longxuyen,65.73647860257987
2025-01-03 22:00:00+00:00,binhdinh_quynhon,27.253988508642138
2025-01-03 23:00:00+00:00,bentre_bentrecity,69.0801079400812
2025-01-04 00:00:00+00:00,angiang_longxuyen,65.59285872887125
2025-01-04 01:00:00+00:00,bacgiang_bacgiangcity,155.92903261506285
2025-01-04 02:00:00+00:00,bacninh_bacninhcity,154.43374197174367
2025-01-04 03:00:00+00:00,binhdinh_quynhon,27.372486817181823
2025-01-04 04:00:00+00:00,backan_backancity,77.74681681640246
2025-01-04 05:00:00+00:00,binhduong_thudaumot,58.23549945731839
2025-01-04 06:00:00+00:00,bentre_bentrecity,68.4785031588802
2025-01-04 07:00:00+00:00,binhdinh_quynhon,27.47485052411642
2025-01-04 08:00:00+00:00,bacgiang_bacgiangcity,155.27704413330918
2025-01-04 09:00:00+00:00,angiang_longxuyen,65.17319230891795
2025-01-04 10:00:00+00:00,backan_backancity,78.29149780824304
2025-01-04 11:00:00+00:00,bacninh_bacninhcity,153.7190353487241
2025-01-04 12:00:00+00:00,binhduong_thudaumot,57.96711517905393
2025-01-04 13:00:00+00:00,bentre_bentrecity,68.00110764901383
2025-01-04 14:00:00+00:00,binhdinh_quynhon,27.840137713851973
2025-01-04 15:00:00+00:00,bacgiang_bacgiangcity,154.77477007796728
2025-01-04 16:00:00+00:00,angiang_longxuyen,64.76674425424892
2025-01-04 17:00:00+00:00,backan_backancity,78.8136613577077
2025-01-04 18:00:00+00:00,bacninh_bacninhcity,153.17439486016576
2025-01-04 19:00:00+00:00,binhduong_thudaumot,57.624026170528445
2025-01-04 20:00:00+00:00,bacgiang_bacgiangcity,154.47346377888485
2025-01-04 21:00:00+00:00,bentre_bentrecity,67.50098979781436
2025-01-04 22:00:00+00:00,binhdinh_quynhon,28.740063463980164
2025-01-04 23:00:00+00:00,binhduong_thudaumot,57.139654565933824
2025-01-05 00:00:00+00:00,angiang_longxuyen,64.31253806473434
2025-01-05 01:00:00+00:00,backan_backancity,79.11192514553056
2025-01-05 02:00:00+00:00,bacninh_bacninhcity,152.8386369457246
2025-01-05 03:00:00+00:00,backan_backancity,79.12270854878878
2025-01-05 04:00:00+00:00,bentre_bentrecity,67.00594676962417
2025-01-05 05:00:00+00:00,bacgiang_bacgiangcity,154.25135330929936
2025-01-05 06:00:00+00:00,binhduong_thudaumot,56.50927101143278
2025-01-05 07:00:00+00:00,angiang_longxuyen,64.12547484701106
2025-01-05 08:00:00+00:00,bacninh_bacninhcity,152.61898049853326
2025-01-05 09:00:00+00:00,binhdinh_quynhon,30.262348353635105
2025-01-05 10:00:00+00:00,binhdinh_quynhon,32.24141973013751
2025-01-05 11:00:00+00:00,bentre_bentrecity,66.75295373860851
2025-01-05 12:00:00+00:00,bacgiang_bacgiangcity,153.9665532890002
2025-01-05 13:00:00+00:00,binhduong_thudaumot,55.872711897664104
2025-01-05 14:00:00+00:00,bacninh_bacninhcity,152.36890370383844
2025-01-05 15:00:00+00:00,angiang_longxuyen,64.3156163141841
2025-01-05 16:00:00+00:00,backan_backancity,78.79706215962993
2025-01-05 17:00:00+00:00,bentre_bentrecity,66.8685405759194
2025-01-05 18:00:00+00:00,angiang_longxuyen,64.97503119186264
2025-01-05 19:00:00+00:00,binhdinh_quynhon,34.460542147708914
2025-01-05 20:00:00+00:00,backan_backancity,78.24165732818147
2025-01-05 21:00:00+00:00,bacninh_bacninhcity,151.9932047880228
2025-01-05 22:00:00+00:00,binhduong_thudaumot,55.42161969578949
2025-01-05 23:00:00+00:00,bacgiang_bacgiangcity,153.51162995313547
2025-01-06 00:00:00+00:00,binhdinh_quynhon,36.49432631087099
2025-01-06 01:00:00+00:00,backan_backancity,77.54100534409702
2025-01-06 02:00:00+00:00,bentre_bentrecity,67.65408267447364
2025-01-06 03:00:00+00:00,binhduong_thudaumot,55.29302892233557
2025-01-06 04:00:00+00:00,bacninh_bacninhcity,151.32401432404987
2025-01-06 05:00:00+00:00,angiang_longxuyen,66.03530228871597
2025-01-06 06:00:00+00:00,bacgiang_bacgiangcity,152.73867484517186
2025-01-06 07:00:00+00:00,binhdinh_quynhon,37.914299909603635
2025-01-06 08:00:00+00:00,bacninh_bacninhcity,150.43454795092202
2025-01-06 09:00:00+00:00,angiang_longxuyen,67.13214070178826
2025-01-06 10:00:00+00:00,bacgiang_bacgiangcity,151.7372764603182
2025-01-06 11:00:00+00:00,bentre_bentrecity,68.88154179020356
2025-01-06 12:00:00+00:00,backan_backancity,76.69373386087261
2025-01-06 13:00:00+00:00,binhduong_thudaumot,55.71724600517513
2025-01-06 14:00:00+00:00,binhduong_thudaumot,56.87571611853101
2025-01-06 15:00:00+00:00,bentre_bentrecity,70.00484790694256
2025-01-06 16:00:00+00:00,angiang_longxuyen,67.6676798645741
2025-01-06 17:00:00+00:00,bacgiang_bacgiangcity,150.445641085162
2025-01-06 18:00:00+00:00,binhdinh_quynhon,38.301778132911224
2025-01-06 19:00:00+00:00,bacninh_bacninhcity,149.30801824942642
2025-01-06 20:00:00+00:00,backan_backancity,75.70138915087121
2025-01-06 21:00:00+00:00,bentre_bentrecity,70.63699454549379
2025-01-06 22:00:00+00:00,bacninh_bacninhcity,147.72646514513352
2025-01-06 23:00:00+00:00,backan_backancity,74.6165945078984
2025-01-07 00:00:00+00:00,bacgiang_bacgiangcity,148.58502989646308
2025-01-07 01:00:00+00:00,binhdinh_quynhon,37.872409985589954
2025-01-07 02:00:00+00:00,binhduong_thudaumot,58.86285717838198
2025-01-07 03:00:00+00:00,angiang_longxuyen,67.64855993281378
2025-01-07 04:00:00+00:00,backan_backancity,74.04911493325228
2025-01-07 05:00:00+00:00,binhdinh_quynhon,37.011243494013385
2025-01-07 06:00:00+00:00,bacninh_bacninhcity,145.69353393344437
2025-01-07 07:00:00+00:00,bacgiang_bacgiangcity,146.25559559845522
2025-01-07 08:00:00+00:00,binhduong_thudaumot,62.13678036715913
2025-01-07 09:00:00+00:00,bentre_bentrecity,71.86572832334106
2025-01-07 10:00:00+00:00,angiang_longxuyen,67.38244383835439
2025-01-07 11:00:00+00:00,bacninh_bacninhcity,143.03261600854398
2025-01-07 12:00:00+00:00,backan_backancity,73.69553557462828
2025-01-07 13:00:00+00:00,bacgiang_bacgiangcity,143.28411280066302
2025-01-07 14:00:00+00:00,binhduong_thudaumot,65.64429789730804
2025-01-07 15:00:00+00:00,bentre_bentrecity,73.24581571925758
2025-01-07 16:00:00+00:00,angiang_longxuyen,67.36046008628557
2025-01-07 17:00:00+00:00,binhdinh_quynhon,36.0562380451394
2025-01-07 18:00:00+00:00,binhdinh_quynhon,35.25677949531887
2025-01-07 19:00:00+00:00,binhduong_thudaumot,69.1178736769451
2025-01-07 20:00:00+00:00,angiang_longxuyen,67.92192373224697
2025-01-07 21:00:00+00:00,bentre_bentrecity,74.60627331856685
2025-01-07 22:00:00+00:00,bacninh_bacninhcity,139.81114695280547
2025-01-07 23:00:00+00:00,bacgiang_bacgiangcity,139.76223328314325
2025-01-08 00:00:00+00:00,backan_backancity,73.50568954316094
2025-01-08 01:00:00+00:00,backan_backancity,73.40800515659734
2025-01-08 02:00:00+00:00,bentre_bentrecity,76.44339975120829
2025-01-08 03:00:00+00:00,binhduong_thudaumot,72.20964645787933
2025-01-08 04:00:00+00:00,bacninh_bacninhcity,135.85376423197903
2025-01-08 05:00:00+00:00,angiang_longxuyen,69.35934948053031
2025-01-08 06:00:00+00:00,bacgiang_bacgiangcity,135.47707417702168
2025-01-08 07:00:00+00:00,binhdinh_quynhon,34.657245146603806
2025-01-08 08:00:00+00:00,angiang_longxuyen,71.12276232205247
2025-01-08 09:00:00+00:00,binhduong_thudaumot,74.90150889040623
2025-01-08 10:00:00+00:00,bacninh_bacninhcity,130.82289919665305
2025-01-08 11:00:00+00:00,bacgiang_bacgiangcity,130.09903406675667
2025-01-08 12:00:00+00:00,backan_backancity,73.40268969644067
2025-01-08 13:00:00+00:00,binhdinh_quynhon,34.31345328700427
2025-01-08 14:00:00+00:00,bentre_bentrecity,78.76628443022436
2025-01-08 15:00:00+00:00,bentre_bentrecity,81.39299614200537
2025-01-08 16:00:00+00:00,angiang_longxuyen,73.19525332775386
2025-01-08 17:00:00+00:00,binhdinh_quynhon,34.13957984401309
2025-01-08 18:00:00+00:00,bacninh_bacninhcity,124.73002142333773
2025-01-08 19:00:00+00:00,binhduong_thudaumot,77.07071220389761
2025-01-08 20:00:00+00:00,bacgiang_bacgiangcity,123.67619749599761
2025-01-08 21:00:00+00:00,backan_backancity,73.56621097700213
2025-01-08 22:00:00+00:00,bacgiang_bacgiangcity,116.47974585202913
2025-01-08 23:00:00+00:00,angiang_longxuyen,75.2427752512312
2025-01-09 00:00:00+00:00,binhdinh_quynhon,34.10004864055302
2025-01-09 01:00:00+00:00,bentre_bentrecity,84.08196378112558
2025-01-09 02:00:00+00:00,bacninh_bacninhcity,117.74552583784414
2025-01-09 03:00:00+00:00,backan_backancity,73.94520733650077
2025-01-09 04:00:00+00:00,binhduong_thudaumot,78.47806069130343
2025-01-09 05:00:00+00:00,angiang_longxuyen,77.12529633307255
2025-01-09 06:00:00+00:00,binhdinh_quynhon,34.147370769478044
2025-01-09 07:00:00+00:00,bacninh_bacninhcity,110.37470160749459
2025-01-09 08:00:00+00:00,binhduong_thudaumot,79.15051047822318
2025-01-09 09:00:00+00:00,bentre_bentrecity,86.77081586676412
2025-01-09 10:00:00+00:00,bacgiang_bacgiangcity,109.18484978931865
2025-01-09 11:00:00+00:00,backan_backancity,74.45591560473135
2025-01-09 12:00:00+00:00,binhdinh_quynhon,34.22427458970975
2025-01-09 13:00:00+00:00,backan_backancity,75.18711421125806
2025-01-09 14:00:00+00:00,angiang_longxuyen,78.87686315581435
2025-01-09 15:00:00+00:00,binhduong_thudaumot,79.40386565623294
2025-01-09 16:00:00+00:00,bentre_bentrecity,89.08392138566677
2025-01-09 17:00:00+00:00,bacgiang_bacgiangcity,102.59798266878771
2025-01-09 18:00:00+00:00,bacninh_bacninhcity,103.50705560869918
2025-01-09 19:00:00+00:00,bacninh_bacninhcity,97.59535273954326
2025-01-09 20:00:00+00:00,angiang_longxuyen,80.33936520089237
2025-01-09 21:00:00+00:00,binhdinh_quynhon,34.322811927746265
2025-01-09 22:00:00+00:00,bacgiang_bacgiangcity,96.96487209629215
2025-01-09 23:00:00+00:00,bentre_bentrecity,90.4394494972736
2025-01-10 00:00:00+00:00,backan_backancity,76.05666726480301
2025-01-10 01:00:00+00:00,binhduong_thudaumot,79.39953657012596
2025-01-10 02:00:00+00:00,angiang_longxuyen,81.42943003564758
2025-01-10 03:00:00+00:00,bacgiang_bacgiangcity,92.77796427377633
2025-01-10 04:00:00+00:00,binhduong_thudaumot,79.31920664872649
2025-01-10 05:00:00+00:00,bacninh_bacninhcity,93.28727875258888
2025-01-10 06:00:00+00:00,bentre_bentrecity,91.29059738286236
2025-01-10 07:00:00+00:00,backan_backancity,77.09268404323639
2025-01-10 08:00:00+00:00,binhdinh_quynhon,34.448362572486644
2025-01-10 09:00:00+00:00,bacgiang_bacgiangcity,90.01217143844288
2025-01-10 10:00:00+00:00,binhduong_thudaumot,79.42562544897648
2025-01-10 11:00:00+00:00,bentre_bentrecity,91.94918253889162
2025-01-10 12:00:00+00:00,binhdinh_quynhon,34.5498876232244
2025-01-10 13:00:00+00:00,angiang_longxuyen,82.12071861389802
2025-01-10 14:00:00+00:00,backan_backancity,78.18960584541917
2025-01-10 15:00:00+00:00,bacninh_bacninhcity,90.47127792947123
2025-01-10 16:00:00+00:00,backan_backancity,79.26803670798925
2025-01-10 17:00:00+00:00,bacgiang_bacgiangcity,88.39475208209555
2025-01-10 18:00:00+00:00,angiang_longxuyen,82.32028781564746
2025-01-10 19:00:00+00:00,bacninh_bacninhcity,88.76037044572702
2025-01-10 20:00:00+00:00,binhduong_thudaumot,79.7107292438924
2025-01-10 21:00:00+00:00,bentre_bentrecity,91.41527125066968
2025-01-10 22:00:00+00:00,binhdinh_quynhon,34.77137386575428
2025-01-10 23:00:00+00:00,binhduong_thudaumot,79.81512645384973
2025-01-11 00:00:00+00:00,backan_backancity,80.40061569381376
2025-01-11 01:00:00+00:00,bacninh_bacninhcity,87.76429585994109
2025-01-11 02:00:00+00:00,angiang_longxuyen,82.05334021262928
2025-01-11 03:00:00+00:00,binhdinh_quynhon,34.941692550092945
2025-01-11 04:00:00+00:00,bacgiang_bacgiangcity,87.52466652951652
2025-01-11 05:00:00+00:00,bentre_bentrecity,90.56080447848376
2025-01-11 06:00:00+00:00,binhduong_thudaumot,79.65113938554259
2025-01-11 07:00:00+00:00,binhdinh_quynhon,35.1119397580512
2025-01-11 08:00:00+00:00,bacninh_bacninhcity,87.22629910094207
2025-01-11 09:00:00+00:00,angiang_longxuyen,81.55896191477693
2025-01-11 10:00:00+00:00,bacgiang_bacgiangcity,87.15981534570149
2025-01-11 11:00:00+00:00,bentre_bentrecity,89.74211520851327
2025-01-11 12:00:00+00:00,backan_backancity,81.54344439258941
2025-01-11 13:00:00+00:00,bacgiang_bacgiangcity,87.04045217295882
2025-01-11 14:00:00+00:00,angiang_longxuyen,81.09841934413879
2025-01-11 15:00:00+00:00,bacninh_bacninhcity,86.96966196579838
2025-01-11 16:00:00+00:00,bentre_bentrecity,89.20066733161335
2025-01-11 17:00:00+00:00,binhdinh_quynhon,35.48645693104401
2025-01-11 18:00:00+00:00,binhduong_thudaumot,79.35533795902495
2025-01-11 19:00:00+00:00,backan_backancity,82.5909736333612
2025-01-11 20:00:00+00:00,bacgiang_bacgiangcity,87.0463060885146
2025-01-11 21:00:00+00:00,binhdinh_quynhon,36.295760160993346
2025-01-11 22:00:00+00:00,backan_backancity,83.53522426952912
2025-01-11 23:00:00+00:00,angiang_longxuyen,80.88406644437407
2025-01-12 00:00:00+00:00,binhduong_thudaumot,78.93022742143023
2025-01-12 01:00:00+00:00,bentre_bentrecity,88.92304115736155
2025-01-12 02:00:00+00:00,bacninh_bacninhcity,86.85388928989843
2025-01-12 03:00:00+00:00,bacninh_bacninhcity,86.78495746862872
2025-01-12 04:00:00+00:00,angiang_longxuyen,80.96956529935036
2025-01-12 05:00:00+00:00,backan_backancity,84.23339602321329
2025-01-12 06:00:00+00:00,bacgiang_bacgiangcity,87.09959411265804
2025-01-12 07:00:00+00:00,binhduong_thudaumot,78.37623782231395
2025-01-12 08:00:00+00:00,bentre_bentrecity,88.70359556549245
2025-01-12 09:00:00+00:00,binhdinh_quynhon,37.56601933331421
2025-01-12 10:00:00+00:00,binhdinh_quynhon,39.13125676250497
2025-01-12 11:00:00+00:00,binhduong_thudaumot,77.78693650872793
2025-01-12 12:00:00+00:00,angiang_longxuyen,81.24497332326335
2025-01-12 13:00:00+00:00,bentre_bentrecity,88.45315304998451
2025-01-12 14:00:00+00:00,bacninh_bacninhcity,86.82496756383756
2025-01-12 15:00:00+00:00,bacgiang_bacgiangcity,87.28017084885889
2025-01-12 16:00:00+00:00,backan_backancity,84.69575766773292
2025-01-12 17:00:00+00:00,binhduong_thudaumot,77.27729800365753
2025-01-12 18:00:00+00:00,backan_backancity,84.96613375446488
2025-01-12 19:00:00+00:00,bentre_bentrecity,88.15020398542562
2025-01-12 20:00:00+00:00,bacninh_bacninhcity,87.06759890223944
2025-01-12 21:00:00+00:00,angiang_longxuyen,81.7188974635877
2025-01-12 22:00:00+00:00,bacgiang_bacgiangcity,87.67039257390131
2025-01-12 23:00:00+00:00,binhdinh_quynhon,40.62600895042505
2025-01-13 00:00:00+00:00,binhduong_thudaumot,76.96928245500041
2025-01-13 01:00:00+00:00,bentre_bentrecity,87.58578121731513
2025-01-13 02:00:00+00:00,bacgiang_bacgiangcity,88.13510936515553
2025-01-13 03:00:00+00:00,bacninh_bacninhcity,87.41400203227005
2025-01-13 04:00:00+00:00,backan_backancity,85.07208795824218
2025-01-13 05:00:00+00:00,binhdinh_quynhon,41.698492978144834
2025-01-13 06:00:00+00:00,angiang_longxuyen,82.11366866024335
2025-01-13 07:00:00+00:00,angiang_longxuyen,82.09926497831725
2025-01-13 08:00:00+00:00,binhduong_thudaumot,76.91003330073057
2025-01-13 09:00:00+00:00,backan_backancity,84.99238702899035
2025-01-13 10:00:00+00:00,bacninh_bacninhcity,87.73647010504655
2025-01-13 11:00:00+00:00,binhdinh_quynhon,41.9996706197425
2025-01-13 12:00:00+00:00,bacgiang_bacgiangcity,88.49657137726601
2025-01-13 13:00:00+00:00,bentre_bentrecity,86.87732877758167
2025-01-13 14:00:00+00:00,bacgiang_bacgiangcity,88.70447829879055
2025-01-13 15:00:00+00:00,bentre_bentrecity,85.96478268121865
2025-01-13 16:00:00+00:00,angiang_longxuyen,81.62754945814766
2025-01-13 17:00:00+00:00,binhduong_thudaumot,77.04667707971095
2025-01-13 18:00:00+00:00,bacninh_bacninhcity,88.04790460723339
2025-01-13 19:00:00+00:00,binhdinh_quynhon,41.6081515983956
2025-01-13 20:00:00+00:00,backan_backancity,84.69308802492452
2025-01-13 21:00:00+00:00,backan_backancity,84.14144165981274
2025-01-13 22:00:00+00:00,bacgiang_bacgiangcity,88.80051277223963
2025-01-13 23:00:00+00:00,angiang_longxuyen,81.09621310653006
2025-01-14 00:00:00+00:00,bentre_bentrecity,85.03914449451011
2025-01-14 01:00:00+00:00,binhduong_thudaumot,77.46410628895734
2025-01-14 02:00:00+00:00,binhdinh_quynhon,40.783476181565575
2025-01-14 03:00:00+00:00,bacninh_bacninhcity,88.33654410043371
2025-01-14 04:00:00+00:00,bentre_bentrecity,84.2180417054277
2025-01-14 05:00:00+00:00,binhdinh_quynhon,39.83058166845978
2025-01-14 06:00:00+00:00,binhduong_thudaumot,77.96241102264034
2025-01-14 07:00:00+00:00,angiang_longxuyen,80.9139352324754
2025-01-14 08:00:00+00:00,backan_backancity,83.4562523993575
2025-01-14 09:00:00+00:00,bacgiang_bacgiangcity,88.87373913269911
2025-01-14 10:00:00+00:00,bacninh_bacninhcity,88.52679278217738
2025-01-14 11:00:00+00:00,bentre_bentrecity,83.18951207784252
2025-01-14 12:00:00+00:00,bacninh_bacninhcity,88.49027430815168
2025-01-14 13:00:00+00:00,binhduong_thudaumot,78.3787942941867
2025-01-14 14:00:00+00:00,angiang_longxuyen,80.99412458366005
2025-01-14 15:00:00+00:00,binhdinh_quynhon,38.89729074395508
2025-01-14 16:00:00+00:00,backan_backancity,82.58630265190125
2025-01-14 17:00:00+00:00,bacgiang_bacgiangcity,88.84453626620862
2025-01-14 18:00:00+00:00,backan_backancity,81.52783633365334
2025-01-14 19:00:00+00:00,bentre_bentrecity,81.90151723299533
2025-01-14 20:00:00+00:00,binhduong_thudaumot,78.61318678847304
2025-01-14 21:00:00+00:00,binhdinh_quynhon,38.0840277225309
2025-01-14 22:00:00+00:00,bacninh_bacninhcity,88.16985641622
2025-01-14 23:00:00+00:00,angiang_longxuyen,81.14501598780264
2025-01-15 00:00:00+00:00,bacgiang_bacgiangcity,88.629681840508
2025-01-15 01:00:00+00:00,bacgiang_bacgiangcity,88.24523778954892
2025-01-15 02:00:00+00:00,binhduong_thudaumot,78.82313674320437
2025-01-15 03:00:00+00:00,binhdinh_quynhon,37.401147149162966
2025-01-15 04:00:00+00:00,bacninh_bacninhcity,87.67445481485474
2025-01-15 05:00:00+00:00,bentre_bentrecity,80.33818822316158
2025-01-15 06:00:00+00:00,angiang_longxuyen,81.38206978598633
2025-01-15 07:00:00+00:00,backan_backancity,80.28324432953858
2025-01-15 08:00:00+00:00,bentre_bentrecity,78.56793747457998
2025-01-15 09:00:00+00:00,bacninh_bacninhcity,87.0369498303186
2025-01-15 10:00:00+00:00,binhduong_thudaumot,78.95281395764056
2025-01-15 11:00:00+00:00,backan_backancity,78.75016412389535
2025-01-15 12:00:00+00:00,bacgiang_bacgiangcity,87.64240242333182
2025-01-15 13:00:00+00:00,binhdinh_quynhon,36.78680765951848
2025-01-15 14:00:00+00:00,angiang_longxuyen,81.6459474784658
2025-01-15 15:00:00+00:00,bentre_bentrecity,76.60115050532445
2025-01-15 16:00:00+00:00,bacninh_bacninhcity,86.17883776273166
2025-01-15 17:00:00+00:00,binhduong_thudaumot,78.88188556281133
2025-01-15 18:00:00+00:00,bacgiang_bacgiangcity,86.7578440949923
2025-01-15 19:00:00+00:00,binhdinh_quynhon,36.20753924719635
2025-01-15 20:00:00+00:00,angiang_longxuyen,81.97305555960408
2025-01-15 21:00:00+00:00,backan_backancity,76.95728633582121
2025-01-15 22:00:00+00:00,bentre_bentrecity,74.66232747863225
2025-01-15 23:00:00+00:00,bacgiang_bacgiangcity,85.66117960777899
2025-01-16 00:00:00+00:00,binhdinh_quynhon,35.62289104597517
2025-01-16 01:00:00+00:00,binhduong_thudaumot,78.6964424763774
2025-01-16 02:00:00+00:00,angiang_longxuyen,82.31285427208456
2025-01-16 03:00:00+00:00,bacninh_bacninhcity,85.14562047586443
2025-01-16 04:00:00+00:00,backan_backancity,75.03686132944716
2025-01-16 05:00:00+00:00,bacninh_bacninhcity,83.98114039018887
2025-01-16 06:00:00+00:00,binhduong_thudaumot,78.6500781309499
2025-01-16 07:00:00+00:00,bacgiang_bacgiangcity,84.39688871322257
2025-01-16 08:00:00+00:00,backan_backancity,72.99521238189371
2025-01-16 09:00:00+00:00,bentre_bentrecity,72.9352603765498
2025-01-16 10:00:00+00:00,binhdinh_quynhon,35.070392920663494
2025-01-16 11:00:00+00:00,angiang_longxuyen,82.76538553175149
2025-01-16 12:00:00+00:00,bacgiang_bacgiangcity,82.97373203301555
2025-01-16 13:00:00+00:00,binhduong_thudaumot,79.0804374174129
2025-01-16 14:00:00+00:00,binhdinh_quynhon,34.54742407064619
2025-01-16 15:00:00+00:00,backan_backancity,70.97520648232913
2025-01-16 16:00:00+00:00,bentre_bentrecity,71.67735232276421
2025-01-16 17:00:00+00:00,bacninh_bacninhcity,82.68497817760657
2025-01-16 18:00:00+00:00,angiang_longxuyen,83.52106360729643
2025-01-16 19:00:00+00:00,binhdinh_quynhon,34.069051716914174
2025-01-16 20:00:00+00:00,angiang_longxuyen,84.76564488995413
2025-01-16 21:00:00+00:00,backan_backancity,69.03199957097164
2025-01-16 22:00:00+00:00,bentre_bentrecity,71.04630165537931
2025-01-16 23:00:00+00:00,bacgiang_bacgiangcity,81.57183719343521
2025-01-17 00:00:00+00:00,bacninh_bacninhcity,81.45906176042055
2025-01-17 01:00:00+00:00,binhduong_thudaumot,79.83086912663556
2025-01-17 02:00:00+00:00,angiang_longxuyen,86.16647234892032
2025-01-17 03:00:00+00:00,bacninh_bacninhcity,80.36950321669326
2025-01-17 04:00:00+00:00,binhduong_thudaumot,80.76909668648074
2025-01-17 05:00:00+00:00,bacgiang_bacgiangcity,80.24570374327298
2025-01-17 06:00:00+00:00,binhdinh_quynhon,33.54003120002196
2025-01-17 07:00:00+00:00,bentre_bentrecity,71.15589877201164
2025-01-17 08:00:00+00:00,backan_backancity,67.311660778832
2025-01-17 09:00:00+00:00,bacgiang_bacgiangcity,78.97359452397245
2025-01-17 10:00:00+00:00,binhdinh_quynhon,33.00344371699006
2025-01-17 11:00:00+00:00,backan_backancity,65.7941314510205
2025-01-17 12:00:00+00:00,bacninh_bacninhcity,79.3314982036114
2025-01-17 13:00:00+00:00,bentre_bentrecity,72.18427472537894
2025-01-17 14:00:00+00:00,angiang_longxuyen,87.84525000839616
2025-01-17 15:00:00+00:00,binhduong_thudaumot,81.45129942550776
2025-01-17 16:00:00+00:00,bentre_bentrecity,72.57061647423797
2025-01-17 17:00:00+00:00,binhdinh_quynhon,32.460385238984856
2025-01-17 18:00:00+00:00,bacgiang_bacgiangcity,77.95159664628395
2025-01-17 19:00:00+00:00,bacninh_bacninhcity,78.50152638699282
2025-01-17 20:00:00+00:00,backan_backancity,64.36029619957989
2025-01-17 21:00:00+00:00,binhduong_thudaumot,81.44927426139608
2025-01-17 22:00:00+00:00,angiang_longxuyen,88.29028458703083
2025-01-17 23:00:00+00:00,binhdinh_quynhon,31.897384850844574
2025-01-18 00:00:00+00:00,binhduong_thudaumot,80.95826964869919
2025-01-18 01:00:00+00:00,bacgiang_bacgiangcity,76.80145591379213
2025-01-18 02:00:00+00:00,bentre_bentrecity,72.62385923000716
2025-01-18 03:00:00+00:00,angiang_longxuyen,88.27056901876708
2025-01-18 04:00:00+00:00,backan_backancity,63.1125997380092
2025-01-18 05:00:00+00:00,bacninh_bacninhcity,77.45038282391816
2025-01-18 06:00:00+00:00,binhduong_thudaumot,80.15900170255975
2025-01-18 07:00:00+00:00,binhdinh_quynhon,31.20081893317368
2025-01-18 08:00:00+00:00,bacgiang_bacgiangcity,75.69283819322787
2025-01-18 09:00:00+00:00,backan_backancity,62.0023618861556
2025-01-18 10:00:00+00:00,angiang_longxuyen,88.03296723500021
2025-01-18 11:00:00+00:00,bacninh_bacninhcity,76.34699002676206
2025-01-18 12:00:00+00:00,bentre_bentrecity,72.38943576262264
2025-01-18 13:00:00+00:00,binhdinh_quynhon,30.50264717948953
2025-01-18 14:00:00+00:00,backan_backancity,61.04875499179169
2025-01-18 15:00:00+00:00,angiang_longxuyen,87.86489171773349
2025-01-18 16:00:00+00:00,bacninh_bacninhcity,75.17692167941125
2025-01-18 17:00:00+00:00,bentre_bentrecity,71.95367047925444
2025-01-18 18:00:00+00:00,binhduong_thudaumot,79.30903794233981
2025-01-18 19:00:00+00:00,bacgiang_bacgiangcity,74.58162349750863
2025-01-18 20:00:00+00:00,bacninh_bacninhcity,73.96886363587126
2025-01-18 21:00:00+00:00,binhdinh_quynhon,29.91958575391351
2025-01-18 22:00:00+00:00,bentre_bentrecity,71.6675409982796
2025-01-18 23:00:00+00:00,angiang_longxuyen,87.85163284916699
2025-01-19 00:00:00+00:00,binhduong_thudaumot,78.72788970121283
2025-01-19 01:00:00+00:00,backan_backancity,60.152214839549025
2025-01-19 02:00:00+00:00,bacgiang_bacgiangcity,73.45240390156351
2025-01-19 03:00:00+00:00,angiang_longxuyen,88.02582793587001
2025-01-19 04:00:00+00:00,bentre_bentrecity,71.80185941235057
2025-01-19 05:00:00+00:00,binhduong_thudaumot,78.61793996777047
2025-01-19 06:00:00+00:00,backan_backancity,59.33713155297034
2025-01-19 07:00:00+00:00,binhdinh_quynhon,29.418722165811744
2025-01-19 08:00:00+00:00,bacninh_bacninhcity,72.87921812921446
2025-01-19 09:00:00+00:00,bacgiang_bacgiangcity,72.48774675878784
2025-01-19 10:00:00+00:00,bentre_bentrecity,72.44565431836298
2025-01-19 11:00:00+00:00,bacninh_bacninhcity,72.00677742990085
2025-01-19 12:00:00+00:00,binhdinh_quynhon,28.96856392197452
2025-01-19 13:00:00+00:00,angiang_longxuyen,88.31981862741722
2025-01-19 14:00:00+00:00,binhduong_thudaumot,79.10354811374623
2025-01-19 15:00:00+00:00,backan_backancity,58.58271265299366
2025-01-19 16:00:00+00:00,bacgiang_bacgiangcity,71.74627699639588
2025-01-19 17:00:00+00:00,bentre_bentrecity,73.60924690564843
2025-01-19 18:00:00+00:00,backan_backancity,57.818401421967906
2025-01-19 19:00:00+00:00,binhdinh_quynhon,28.529665590598256
2025-01-19 20:00:00+00:00,bacninh_bacninhcity,71.3494425148923
2025-01-19 21:00:00+00:00,bacgiang_bacgiangcity,71.17363920963
2025-01-19 22:00:00+00:00,angiang_longxuyen,88.68595400353367
2025-01-19 23:00:00+00:00,binhduong_thudaumot,80.30972871102738
2025-01-20 00:00:00+00:00,backan_backancity,57.13243068642014
2025-01-20 01:00:00+00:00,bacgiang_bacgiangcity,70.78744517862381
2025-01-20 02:00:00+00:00,binhdinh_quynhon,28.117709089545443
2025-01-20 03:00:00+00:00,bacninh_bacninhcity,70.91083961922175
2025-01-20 04:00:00+00:00,angiang_longxuyen,88.79720818091856
2025-01-20 05:00:00+00:00,bentre_bentrecity,74.96486555400378
2025-01-20 06:00:00+00:00,binhduong_thudaumot,82.0389401045222
2025-01-20 07:00:00+00:00,bacninh_bacninhcity,70.71495145106357
2025-01-20 08:00:00+00:00,bacgiang_bacgiangcity,70.61252103284059
2025-01-20 09:00:00+00:00,bentre_bentrecity,75.79354126559087
2025-01-20 10:00:00+00:00,binhduong_thudaumot,83.50365076975497
2025-01-20 11:00:00+00:00,binhdinh_quynhon,27.692743887257578
2025-01-20 12:00:00+00:00,backan_backancity,56.57866981172118
2025-01-20 13:00:00+00:00,angiang_longxuyen,88.29597172436563
2025-01-20 14:00:00+00:00,binhduong_thudaumot,84.40618064267618
2025-01-20 15:00:00+00:00,backan_backancity,56.11867641793921
2025-01-20 16:00:00+00:00,binhdinh_quynhon,27.295378097992938
2025-01-20 17:00:00+00:00,bacninh_bacninhcity,70.75051809795677
2025-01-20 18:00:00+00:00,angiang_longxuyen,87.40979922110179
2025-01-20 19:00:00+00:00,bentre_bentrecity,76.05409411510817
2025-01-20 20:00:00+00:00,bacgiang_bacgiangcity,70.63128596524484
2025-01-20 21:00:00+00:00,binhduong_thudaumot,84.67573475103339
2025-01-20 22:00:00+00:00,backan_backancity,55.78041206509157
2025-01-20 23:00:00+00:00,bentre_bentrecity,76.27725767003173
2025-01-21 00:00:00+00:00,binhdinh_quynhon,26.851833801889867
2025-01-21 01:00:00+00:00,bacgiang_bacgiangcity,70.83722609503504
2025-01-21 02:00:00+00:00,bacninh_bacninhcity,71.01935505996384
2025-01-21 03:00:00+00:00,angiang_longxuyen,86.80201888063316
2025-01-21 04:00:00+00:00,bentre_bentrecity,78.33814567664618
2025-01-21 05:00:00+00:00,backan_backancity,55.47152926968545
2025-01-21 06:00:00+00:00,binhduong_thudaumot,87.17784645393353
2025-01-21 07:00:00+00:00,bacgiang_bacgiangcity,70.64018715715221
2025-01-21 08:00:00+00:00,binhdinh_quynhon,26.405897429589004
2025-01-21 09:00:00+00:00,bacninh_bacninhcity,70.83394771172013
2025-01-21 10:00:00+00:00,angiang_longxuyen,86.26754471591546
2025-01-21 11:00:00+00:00,bacgiang_bacgiangcity,70.36661607621582
2025-01-21 12:00:00+00:00,bentre_bentrecity,81.28808549338208
2025-01-21 13:00:00+00:00,angiang_longxuyen,85.65419160032067
2025-01-21 14:00:00+00:00,binhdinh_quynhon,25.94158686243013
2025-01-21 15:00:00+00:00,bacninh_bacninhcity,70.57646358146854
2025-01-21 16:00:00+00:00,backan_backancity,55.3303491230949
2025-01-21 17:00:00+00:00,binhduong_thudaumot,89.995465621431
2025-01-21 18:00:00+00:00,bacninh_bacninhcity,70.28315548935429
2025-01-21 19:00:00+00:00,bacgiang_bacgiangcity,70.03576620656295
2025-01-21 20:00:00+00:00,bentre_bentrecity,84.72512850371737
2025-01-21 21:00:00+00:00,angiang_longxuyen,84.99244182754866
2025-01-21 22:00:00+00:00,binhduong_thudaumot,92.4481246036333
2025-01-21 23:00:00+00:00,binhdinh_quynhon,25.48146004607139
2025-01-22 00:00:00+00:00,backan_backancity,55.23964083125955
2025-01-22 01:00:00+00:00,bacgiang_bacgiangcity,69.8289635951158
2025-01-22 02:00:00+00:00,binhduong_thudaumot,94.36426996173016
2025-01-22 03:00:00+00:00,backan_backancity,55.23326513812676
2025-01-22 04:00:00+00:00,angiang_longxuyen,84.21635248030395
2025-01-22 05:00:00+00:00,binhdinh_quynhon,25.048589556109917
2025-01-22 06:00:00+00:00,bacninh_bacninhcity,70.0988298170008
2025-01-22 07:00:00+00:00,bentre_bentrecity,88.39152254097392
2025-01-22 08:00:00+00:00,backan_backancity,55.38484748061333
2025-01-22 09:00:00+00:00,angiang_longxuyen,83.50814544280989
2025-01-22 10:00:00+00:00,bacgiang_bacgiangcity,69.8285657099315
2025-01-22 11:00:00+00:00,bentre_bentrecity,92.03017897753844
2025-01-22 12:00:00+00:00,bacninh_bacninhcity,70.01998898685991
2025-01-22 13:00:00+00:00,binhduong_thudaumot,95.98916917237851
2025-01-22 14:00:00+00:00,binhdinh_quynhon,24.684669947786247
2025-01-22 15:00:00+00:00,bacgiang_bacgiangcity,70.04016200395832
2025-01-22 16:00:00+00:00,bacninh_bacninhcity,70.08954980027725
2025-01-22 17:00:00+00:00,angiang_longxuyen,82.83827476195003
2025-01-22 18:00:00+00:00,binhduong_thudaumot,97.66582487681086
2025-01-22 19:00:00+00:00,bentre_bentrecity,93.8243606139186
2025-01-22 20:00:00+00:00,backan_backancity,55.65321746360171
2025-01-22 21:00:00+00:00,binhdinh_quynhon,24.378955938578414
2025-01-22 22:00:00+00:00,backan_backancity,55.936344936599234
2025-01-22 23:00:00+00:00,angiang_longxuyen,82.46302852987701
2025-01-23 00:00:00+00:00,bacninh_bacninhcity,70.25201084786259
2025-01-23 01:00:00+00:00,binhduong_thudaumot,99.34455741682156
2025-01-23 02:00:00+00:00,bacgiang_bacgiangcity,70.32922201653007
2025-01-23 03:00:00+00:00,bentre_bentrecity,94.10014031500974
2025-01-23 04:00:00+00:00,binhdinh_quynhon,24.145185288801656
2025-01-23 05:00:00+00:00,bacgiang_bacgiangcity,70.70784908139659
2025-01-23 06:00:00+00:00,binhdinh_quynhon,23.983448535204502
2025-01-23 07:00:00+00:00,binhduong_thudaumot,100.5776789509714
2025-01-23 08:00:00+00:00,bentre_bentrecity,93.60902074446768
2025-01-23 09:00:00+00:00,bacninh_bacninhcity,70.58192914202408
2025-01-23 10:00:00+00:00,backan_backancity,56.14005262077454
2025-01-23 11:00:00+00:00,angiang_longxuyen,82.34040841673354
2025-01-23 12:00:00+00:00,bentre_bentrecity,92.93766454616825
2025-01-23 13:00:00+00:00,bacgiang_bacgiangcity,71.17803262447934
2025-01-23 14:00:00+00:00,binhdinh_quynhon,23.87372752617945
2025-01-23 15:00:00+00:00,angiang_longxuyen,82.32412847982161
2025-01-23 16:00:00+00:00,backan_backancity,56.2471242386323
2025-01-23 17:00:00+00:00,binhduong_thudaumot,101.2569648580411
2025-01-23 18:00:00+00:00,bacninh_bacninhcity,71.0569230455086
2025-01-23 19:00:00+00:00,binhdinh_quynhon,23.802937319019023
2025-01-23 20:00:00+00:00,backan_backancity,56.33442072457596
2025-01-23 21:00:00+00:00,bacninh_bacninhcity,71.5924741210245
2025-01-23 22:00:00+00:00,bacgiang_bacgiangcity,71.60212581492618
2025-01-23 23:00:00+00:00,bentre_bentrecity,92.23425953016489
2025-01-24 00:00:00+00:00,angiang_longxuyen,82.25759111729573
2025-01-24 01:00:00+00:00,binhduong_thudaumot,101.28929422053812
2025-01-24 02:00:00+00:00,bacgiang_bacgiangcity,72.07456562908396
2025-01-24 03:00:00+00:00,binhduong_thudaumot,101.07896544099061
2025-01-24 04:00:00+00:00,angiang_longxuyen,82.03166738281524
2025-01-24 05:00:00+00:00,backan_backancity,56.3962334983566
2025-01-24 06:00:00+00:00,bentre_bentrecity,91.30134862174938
2025-01-24 07:00:00+00:00,bacninh_bacninhcity,72.2460064925951
2025-01-24 08:00:00+00:00,binhdinh_quynhon,23.746852185855445
2025-01-24 09:00:00+00:00,binhdinh_quynhon,23.71423036583522
2025-01-24 10:00:00+00:00,binhduong_thudaumot,101.05510483829946
2025-01-24 11:00:00+00:00,backan_backancity,56.46405981827593
2025-01-24 12:00:00+00:00,bentre_bentrecity,90.13352344147053
2025-01-24 13:00:00+00:00,bacgiang_bacgiangcity,72.47947455902812
2025-01-24 14:00:00+00:00,bacninh_bacninhcity,72.91663839690636
2025-01-24 15:00:00+00:00,angiang_longxuyen,81.97266363078481
2025-01-24 16:00:00+00:00,binhduong_thudaumot,99.77591439442782
2025-01-24 17:00:00+00:00,backan_backancity,56.280070084910385
2025-01-24 18:00:00+00:00,bentre_bentrecity,90.47367596203406
2025-01-24 19:00:00+00:00,bacninh_bacninhcity,72.95163561530228
2025-01-24 20:00:00+00:00,bacgiang_bacgiangcity,72.24872974268882
2025-01-24 21:00:00+00:00,angiang_longxuyen,83.06552438328715
2025-01-24 22:00:00+00:00,binhdinh_quynhon,23.688622761279476
2025-01-24 23:00:00+00:00,bacninh_bacninhcity,72.59431804198272
2025-01-25 00:00:00+00:00,bentre_bentrecity,90.48122744162464
2025-01-25 01:00:00+00:00,binhdinh_quynhon,23.652603430643666
2025-01-25 02:00:00+00:00,binhduong_thudaumot,98.63292740525138
2025-01-25 03:00:00+00:00,backan_backancity,55.97339829220502
2025-01-25 04:00:00+00:00,bacgiang_bacgiangcity,71.67342826947957
2025-01-25 05:00:00+00:00,angiang_longxuyen,83.37065585999464
2025-01-25 06:00:00+00:00,binhdinh_quynhon,23.58335234820811
2025-01-25 07:00:00+00:00,backan_backancity,55.73659227880675
2025-01-25 08:00:00+00:00,angiang_longxuyen,82.90368637148443
2025-01-25 09:00:00+00:00,bacninh_bacninhcity,72.07215925761008
2025-01-25 10:00:00+00:00,binhduong_thudaumot,97.62662008215466
2025-01-25 11:00:00+00:00,bentre_bentrecity,89.58680060769618
2025-01-25 12:00:00+00:00,bacgiang_bacgiangcity,71.00653219731785
2025-01-25 13:00:00+00:00,backan_backancity,55.62560375530239
2025-01-25 14:00:00+00:00,binhdinh_quynhon,23.51872340503924
2025-01-25 15:00:00+00:00,binhduong_thudaumot,96.58987245773157
2025-01-25 16:00:00+00:00,angiang_longxuyen,82.02621016117075
2025-01-25 17:00:00+00:00,bacgiang_bacgiangcity,70.32712061094594
2025-01-25 18:00:00+00:00,bacninh_bacninhcity,71.42579834954086
2025-01-25 19:00:00+00:00,bentre_bentrecity,88.29760853347707
2025-01-25 20:00:00+00:00,binhdinh_quynhon,23.442648710820308
2025-01-25 21:00:00+00:00,angiang_longxuyen,81.02766368389555
2025-01-25 22:00:00+00:00,binhduong_thudaumot,95.67415846862504
2025-01-25 23:00:00+00:00,bentre_bentrecity,87.19282790326795
2025-01-26 00:00:00+00:00,bacninh_bacninhcity,70.57630871597766
2025-01-26 01:00:00+00:00,backan_backancity,55.56929466281351
2025-01-26 02:00:00+00:00,bacgiang_bacgiangcity,69.54214794088898
2025-01-26 03:00:00+00:00,bacgiang_bacgiangcity,68.7968089237707
2025-01-26 04:00:00+00:00,bacninh_bacninhcity,69.69305364030764
2025-01-26 05:00:00+00:00,angiang_longxuyen,80.18148102419944
2025-01-26 06:00:00+00:00,bentre_bentrecity,86.63937675955079
2025-01-26 07:00:00+00:00,binhduong_thudaumot,94.97271145871761
2025-01-26 08:00:00+00:00,binhdinh_quynhon,23.35146390978221
2025-01-26 09:00:00+00:00,backan_backancity,55.60300768890802
2025-01-26 10:00:00+00:00,bacninh_bacninhcity,68.96992948222152
2025-01-26 11:00:00+00:00,binhduong_thudaumot,94.78036018011682
2025-01-26 12:00:00+00:00,binhdinh_quynhon,23.29997232533313
2025-01-26 13:00:00+00:00,bentre_bentrecity,86.61505572984245
2025-01-26 14:00:00+00:00,backan_backancity,55.64050419807236
2025-01-26 15:00:00+00:00,bacgiang_bacgiangcity,68.22583891921443
2025-01-26 16:00:00+00:00,angiang_longxuyen,79.67115991969611
2025-01-26 17:00:00+00:00,angiang_longxuyen,79.45017996819415
2025-01-26 18:00:00+00:00,bacninh_bacninhcity,68.48731381403903
2025-01-26 19:00:00+00:00,backan_backancity,55.61829410413222
2025-01-26 20:00:00+00:00,binhdinh_quynhon,23.275832369121858
2025-01-26 21:00:00+00:00,bacgiang_bacgiangcity,67.92269329460942
2025-01-26 22:00:00+00:00,bentre_bentrecity,86.86351001070193
2025-01-26 23:00:00+00:00,binhduong_thudaumot,95.03563807275967
2025-01-27 00:00:00+00:00,angiang_longxuyen,79.29596967745442
2025-01-27 01:00:00+00:00,binhduong_thudaumot,95.7882705099534
2025-01-27 02:00:00+00:00,bacninh_bacninhcity,68.27164813142073
2025-01-27 03:00:00+00:00,bacgiang_bacgiangcity,67.87297670694056
2025-01-27 04:00:00+00:00,binhdinh_quynhon,23.20929262404995
2025-01-27 05:00:00+00:00,bentre_bentrecity,87.34737175044961
2025-01-27 06:00:00+00:00,backan_backancity,55.56388628336231
2025-01-27 07:00:00+00:00,bacgiang_bacgiangcity,67.95879839690173
2025-01-27 08:00:00+00:00,bacninh_bacninhcity,68.2454353601775
2025-01-27 09:00:00+00:00,binhduong_thudaumot,96.6028078956767
2025-01-27 10:00:00+00:00,backan_backancity,55.59265314393228
2025-01-27 11:00:00+00:00,angiang_longxuyen,78.91736643804803
2025-01-27 12:00:00+00:00,bentre_bentrecity,87.71484016106075
2025-01-27 13:00:00+00:00,binhdinh_quynhon,23.13257940749935
2025-01-27 14:00:00+00:00,binhduong_thudaumot,96.7363871248469
2025-01-27 15:00:00+00:00,backan_backancity,55.666431063793944
2025-01-27 16:00:00+00:00,bacninh_bacninhcity,68.3719795266056
2025-01-27 17:00:00+00:00,bentre_bentrecity,87.6078054726662
2025-01-27 18:00:00+00:00,bacgiang_bacgiangcity,68.08187595887983
2025-01-27 19:00:00+00:00,angiang_longxuyen,78.37315480777217
2025-01-27 20:00:00+00:00,binhdinh_quynhon,23.02633691565437
2025-01-27 21:00:00+00:00,bacgiang_bacgiangcity,68.0992042160378
2025-01-27 22:00:00+00:00,bentre_bentrecity,87.08812691869387
2025-01-27 23:00:00+00:00,backan_backancity,55.72948276150173
2025-01-28 00:00:00+00:00,binhduong_thudaumot,96.26420909293238
2025-01-28 01:00:00+00:00,binhdinh_quynhon,22.901076941527677
2025-01-28 02:00:00+00:00,bacninh_bacninhcity,68.49033964747649
2025-01-28 03:00:00+00:00,angiang_longxuyen,77.84382455989815
2025-01-28 04:00:00+00:00,binhdinh_quynhon,22.876851213659904
2025-01-28 05:00:00+00:00,backan_backancity,56.00925084461987
2025-01-28 06:00:00+00:00,bacninh_bacninhcity,69.16334695016346
2025-01-28 07:00:00+00:00,binhduong_thudaumot,95.0906570165821
2025-01-28 08:00:00+00:00,bacgiang_bacgiangcity,68.62311417173055
2025-01-28 09:00:00+00:00,bentre_bentrecity,86.66760635599465
2025-01-28 10:00:00+00:00,angiang_longxuyen,76.9363127832622
2025-01-28 11:00:00+00:00,backan_backancity,56.34180661721858
2025-01-28 12:00:00+00:00,bacninh_bacninhcity,69.96565740756245
2025-01-28 13:00:00+00:00,binhduong_thudaumot,94.07698018084662
2025-01-28 14:00:00+00:00,binhdinh_quynhon,22.89311923784176
2025-01-28 15:00:00+00:00,bacgiang_bacgiangcity,69.28980296238906
2025-01-28 16:00:00+00:00,bentre_bentrecity,85.81161594563295
2025-01-28 17:00:00+00:00,angiang_longxuyen,75.91445785833452
2025-01-28 18:00:00+00:00,angiang_longxuyen,75.09545766610924
2025-01-28 19:00:00+00:00,binhdinh_quynhon,22.967025815188165
2025-01-28 20:00:00+00:00,binhduong_thudaumot,93.35309062985358
2025-01-28 21:00:00+00:00,bacninh_bacninhcity,70.79510506405802
2025-01-28 22:00:00+00:00,bacgiang_bacgiangcity,70.03168014014938
2025-01-28 23:00:00+00:00,backan_backancity,56.617657794690125
2025-01-29 00:00:00+00:00,bentre_bentrecity,84.54023935923163
2025-01-29 01:00:00+00:00,bentre_bentrecity,82.93088432550434
2025-01-29 02:00:00+00:00,backan_backancity,56.79851209750158
2025-01-29 03:00:00+00:00,binhdinh_quynhon,23.112708973744702
2025-01-29 04:00:00+00:00,bacgiang_bacgiangcity,70.72969464579663
2025-01-29 05:00:00+00:00,bacninh_bacninhcity,71.52489320334459
2025-01-29 06:00:00+00:00,angiang_longxuyen,74.41227212685155
2025-01-29 07:00:00+00:00,binhduong_thudaumot,92.75627297923069
2025-01-29 08:00:00+00:00,bentre_bentrecity,80.82141024930456
2025-01-29 09:00:00+00:00,bacninh_bacninhcity,72.05973904524042
2025-01-29 10:00:00+00:00,binhduong_thudaumot,92.01795353830539
2025-01-29 11:00:00+00:00,backan_backancity,56.86037252220248
2025-01-29 12:00:00+00:00,bacgiang_bacgiangcity,71.30458155599948
2025-01-29 13:00:00+00:00,angiang_longxuyen,73.86736955823169
2025-01-29 14:00:00+00:00,binhdinh_quynhon,23.293520390727906
2025-01-29 15:00:00+00:00,backan_backancity,56.788047955409205
2025-01-29 16:00:00+00:00,bentre_bentrecity,78.83585953891777
2025-01-29 17:00:00+00:00,bacgiang_bacgiangcity,71.80432296492877
2025-01-29 18:00:00+00:00,bacninh_bacninhcity,72.45964701110172
2025-01-29 19:00:00+00:00,angiang_longxuyen,73.26831410126539
2025-01-29 20:00:00+00:00,binhdinh_quynhon,23.475308651576754
2025-01-29 21:00:00+00:00,binhduong_thudaumot,91.05439057978654
2025-01-29 22:00:00+00:00,bacninh_bacninhcity,72.88166976906261
2025-01-29 23:00:00+00:00,binhdinh_quynhon,23.67371755341749
2025-01-30 00:00:00+00:00,binhduong_thudaumot,89.89896416896322
2025-01-30 01:00:00+00:00,bacgiang_bacgiangcity,72.33375089718936
2025-01-30 02:00:00+00:00,backan_backancity,56.5994551431451
2025-01-30 03:00:00+00:00,angiang_longxuyen,72.48824471090472
2025-01-30 04:00:00+00:00,bentre_bentrecity,76.96163924738832
2025-01-30 05:00:00+00:00,binhdinh_quynhon,23.918948249520355
2025-01-30 06:00:00+00:00,bentre_bentrecity,75.21299580860538
2025-01-30 07:00:00+00:00,bacninh_bacninhcity,73.29299251287577
2025-01-30 08:00:00+00:00,binhduong_thudaumot,88.68567881946908
2025-01-30 09:00:00+00:00,angiang_longxuyen,71.58222917316539
2025-01-30 10:00:00+00:00,bacgiang_bacgiangcity,72.80642181831047
2025-01-30 11:00:00+00:00,backan_backancity,56.29017208000867
2025-01-30 12:00:00+00:00,binhduong_thudaumot,87.40623731481124
2025-01-30 13:00:00+00:00,bacninh_bacninhcity,73.57037804998018
2025-01-30 14:00:00+00:00,angiang_longxuyen,70.39445850893244
2025-01-30 15:00:00+00:00,bacgiang_bacgiangcity,73.09741645824538
2025-01-30 16:00:00+00:00,bentre_bentrecity,73.70149670475467
2025-01-30 17:00:00+00:00,binhdinh_quynhon,24.254458379176114
2025-01-30 18:00:00+00:00,backan_backancity,55.88697381810238
2025-01-30 19:00:00+00:00,binhduong_thudaumot,86.0869310502514
2025-01-30 20:00:00+00:00,bentre_bentrecity,72.41154817217621
2025-01-30 21:00:00+00:00,bacninh_bacninhcity,73.81552773951859
2025-01-30 22:00:00+00:00,binhdinh_quynhon,24.63857244751229
2025-01-30 23:00:00+00:00,angiang_longxuyen,69.01352769172706
2025-01-31 00:00:00+00:00,backan_backancity,55.38131654742096
2025-01-31 01:00:00+00:00,bacgiang_bacgiangcity,73.36207919963637
2025-01-31 02:00:00+00:00,binhduong_thudaumot,85.03385047726758
2025-01-31 03:00:00+00:00,backan_backancity,54.716395605904644
2025-01-31 04:00:00+00:00,bentre_bentrecity,71.3636520193183
2025-01-31 05:00:00+00:00,angiang_longxuyen,67.48003768816947
2025-01-31 06:00:00+00:00,bacninh_bacninhcity,73.89825688475389
2025-01-31 07:00:00+00:00,binhdinh_quynhon,25.03969789438662
2025-01-31 08:00:00+00:00,bacgiang_bacgiangcity,73.45131984312725
2025-01-31 09:00:00+00:00,bacgiang_bacgiangcity,73.29951354131539
2025-01-31 10:00:00+00:00,binhduong_thudaumot,84.28514254008584
2025-01-31 11:00:00+00:00,backan_backancity,54.017375665839594
2025-01-31 12:00:00+00:00,angiang_longxuyen,65.64189629092617
2025-01-31 13:00:00+00:00,bentre_bentrecity,70.54600987832085
2025-01-31 14:00:00+00:00,bacninh_bacninhcity,73.73589590410114
2025-01-31 15:00:00+00:00,binhdinh_quynhon,25.469895167720665
2025-01-31 16:00:00+00:00,binhduong_thudaumot,84.1620244748255
2025-01-31 17:00:00+00:00,bacninh_bacninhcity,73.53703908360981
2025-01-31 18:00:00+00:00,bacgiang_bacgiangcity,73.1215468842726
2025-01-31 19:00:00+00:00,backan_backancity,53.50986477435947
2025-01-31 20:00:00+00:00,bentre_bentrecity,70.04085770739432
2025-01-31 21:00:00+00:00,angiang_longxuyen,64.49598219506274
2025-01-31 22:00:00+00:00,binhdinh_quynhon,25.986140472887186
2025-01-31 23:00:00+00:00,angiang_longxuyen,63.9007507244485
2025-02-01 00:00:00+00:00,binhduong_thudaumot,84.3445680027607
2025-02-01 01:00:00+00:00,bacgiang_bacgiangcity,72.8990528247789
2025-02-01 02:00:00+00:00,backan_backancity,52.99183732477467
2025-02-01 03:00:00+00:00,binhdinh_quynhon,26.356097452809678
2025-02-01 04:00:00+00:00,bentre_bentrecity,70.05887213780426
2025-02-01 05:00:00+00:00,bacninh_bacninhcity,73.31387791123227
2025-02-01 06:00:00+00:00,backan_backancity,52.40082772569679
2025-02-01 07:00:00+00:00,bacgiang_bacgiangcity,72.81249016300748
2025-02-01 08:00:00+00:00,bacninh_bacninhcity,73.32327229016448
2025-02-01 09:00:00+00:00,bentre_bentrecity,70.20750727087182
2025-02-01 10:00:00+00:00,binhdinh_quynhon,26.49655807050408
2025-02-01 11:00:00+00:00,binhduong_thudaumot,84.44297668331248
2025-02-01 12:00:00+00:00,angiang_longxuyen,63.36453491859476
2025-02-01 13:00:00+00:00,angiang_longxuyen,62.839995970754394
2025-02-01 14:00:00+00:00,bacninh_bacninhcity,73.4631468015395
2025-02-01 15:00:00+00:00,binhduong_thudaumot,84.5893007467467
2025-02-01 16:00:00+00:00,binhdinh_quynhon,26.53769987506945
2025-02-01 17:00:00+00:00,bentre_bentrecity,70.38269111417056
2025-02-01 18:00:00+00:00,backan_backancity,51.77939301402338
2025-02-01 19:00:00+00:00,bacgiang_bacgiangcity,72.83403076151775
2025-02-01 20:00:00+00:00,binhduong_thudaumot,84.77437096472948
2025-02-01 21:00:00+00:00,angiang_longxuyen,62.57874503525508
2025-02-01 22:00:00+00:00,binhdinh_quynhon,26.83332618445509
2025-02-01 23:00:00+00:00,bacninh_bacninhcity,73.46179351540368
2025-02-02 00:00:00+00:00,backan_backancity,51.13197902061607
2025-02-02 01:00:00+00:00,bacgiang_bacgiangcity,72.80357467582404
2025-02-02 02:00:00+00:00,bentre_bentrecity,70.47232011266168
2025-02-02 03:00:00+00:00,angiang_longxuyen,62.59487248922213
2025-02-02 04:00:00+00:00,binhduong_thudaumot,84.98102466705079
2025-02-02 05:00:00+00:00,backan_backancity,50.50568868016664
2025-02-02 06:00:00+00:00,bacgiang_bacgiangcity,72.59120405434275
2025-02-02 07:00:00+00:00,binhdinh_quynhon,27.625751458443048
2025-02-02 08:00:00+00:00,bentre_bentrecity,70.61573270486711
2025-02-02 09:00:00+00:00,bacninh_bacninhcity,73.26757789454714
2025-02-02 10:00:00+00:00,bentre_bentrecity,70.89974171988973
2025-02-02 11:00:00+00:00,angiang_longxuyen,62.80880844343445
2025-02-02 12:00:00+00:00,binhdinh_quynhon,29.03037669575515
2025-02-02 13:00:00+00:00,binhduong_thudaumot,85.53931118790287
2025-02-02 14:00:00+00:00,bacninh_bacninhcity,72.97916831703714
2025-02-02 15:00:00+00:00,backan_backancity,49.80522491721726
2025-02-02 16:00:00+00:00,bacgiang_bacgiangcity,72.27019648227267
2025-02-02 17:00:00+00:00,binhdinh_quynhon,31.02584475392416
2025-02-02 18:00:00+00:00,bacninh_bacninhcity,72.57829542004026
2025-02-02 19:00:00+00:00,bacgiang_bacgiangcity,71.82698336006553
2025-02-02 20:00:00+00:00,angiang_longxuyen,63.16935436660265
2025-02-02 21:00:00+00:00,backan_backancity,49.08731615235523
2025-02-02 22:00:00+00:00,bentre_bentrecity,71.61784585352488
2025-02-02 23:00:00+00:00,binhduong_thudaumot,86.58349890789039
2025-02-03 00:00:00+00:00,bentre_bentrecity,72.92598989001033
2025-02-03 01:00:00+00:00,angiang_longxuyen,63.532023138269096
2025-02-03 02:00:00+00:00,binhduong_thudaumot,88.416841857462
2025-02-03 03:00:00+00:00,bacgiang_bacgiangcity,71.30444098578467
2025-02-03 04:00:00+00:00,backan_backancity,48.38044334062887
2025-02-03 05:00:00+00:00,binhdinh_quynhon,33.4599300030398
2025-02-03 06:00:00+00:00,bacninh_bacninhcity,72.11390861140896
2025-02-03 07:00:00+00:00,binhdinh_quynhon,35.907996032164114
2025-02-03 08:00:00+00:00,backan_backancity,47.75094132815291
2025-02-03 09:00:00+00:00,bacgiang_bacgiangcity,70.68429284895868
2025-02-03 10:00:00+00:00,angiang_longxuyen,63.85719301822519
2025-02-03 11:00:00+00:00,bentre_bentrecity,74.73995321030613
2025-02-03 12:00:00+00:00,bacninh_bacninhcity,71.54802296004604
2025-02-03 13:00:00+00:00,binhduong_thudaumot,90.81227268005063
2025-02-03 14:00:00+00:00,angiang_longxuyen,63.94305282892256
2025-02-03 15:00:00+00:00,bacgiang_bacgiangcity,69.98243767913726
2025-02-03 16:00:00+00:00,binhdinh_quynhon,37.78994530296217
2025-02-03 17:00:00+00:00,bentre_bentrecity,76.55276576087729
2025-02-03 18:00:00+00:00,binhduong_thudaumot,93.12396415789411
2025-02-03 19:00:00+00:00,bacninh_bacninhcity,70.9385105086254
2025-02-03 20:00:00+00:00,backan_backancity,47.05234071618628
2025-02-03 21:00:00+00:00,bentre_bentrecity,78.0915092783952
2025-02-03 22:00:00+00:00,bacgiang_bacgiangcity,69.40222101350166
2025-02-03 23:00:00+00:00,binhdinh_quynhon,38.59601780051686
2025-02-04 00:00:00+00:00,binhduong_thudaumot,95.31479041664238
2025-02-04 01:00:00+00:00,bacninh_bacninhcity,70.41558454443634
2025-02-04 02:00:00+00:00,backan_backancity,46.35107641777628
2025-02-04 03:00:00+00:00,angiang_longxuyen,63.698625050826315
2025-02-04 04:00:00+00:00,binhduong_thudaumot,96.29170516302227
2025-02-04 05:00:00+00:00,binhdinh_quynhon,38.52144887537863
2025-02-04 06:00:00+00:00,bacgiang_bacgiangcity,68.6959200128186
2025-02-04 07:00:00+00:00,bacninh_bacninhcity,69.68943217036676
2025-02-04 08:00:00+00:00,backan_backancity,45.57257474269265
2025-02-04 09:00:00+00:00,angiang_longxuyen,64.54049768478356
2025-02-04 10:00:00+00:00,bentre_bentrecity,79.73478700226622
2025-02-04 11:00:00+00:00,bacgiang_bacgiangcity,67.89920139091387
2025-02-04 12:00:00+00:00,binhduong_thudaumot,96.56747473829284
2025-02-04 13:00:00+00:00,angiang_longxuyen,65.87626257720638
2025-02-04 14:00:00+00:00,bacninh_bacninhcity,68.82624766231655
2025-02-04 15:00:00+00:00,binhdinh_quynhon,37.849327879808776
2025-02-04 16:00:00+00:00,bentre_bentrecity,81.64672895355831
2025-02-04 17:00:00+00:00,backan_backancity,44.76472010071967
2025-02-04 18:00:00+00:00,binhduong_thudaumot,96.66831838087067
2025-02-04 19:00:00+00:00,binhdinh_quynhon,36.971402559571516
2025-02-04 20:00:00+00:00,bacgiang_bacgiangcity,67.12675138270517
2025-02-04 21:00:00+00:00,angiang_longxuyen,67.69205807538674
2025-02-04 22:00:00+00:00,bentre_bentrecity,83.82780092001717
2025-02-04 23:00:00+00:00,backan_backancity,44.00278188552361
2025-02-05 00:00:00+00:00,bacninh_bacninhcity,67.95285632714344
2025-02-05 01:00:00+00:00,binhdinh_quynhon,36.01173685069465
2025-02-05 02:00:00+00:00,binhduong_thudaumot,96.9146670866905
2025-02-05 03:00:00+00:00,bacninh_bacninhcity,67.08773480918406
2025-02-05 04:00:00+00:00,bacgiang_bacgiangcity,66.35402976425088
2025-02-05 05:00:00+00:00,angiang_longxuyen,69.21262038427375
2025-02-05 06:00:00+00:00,backan_backancity,43.29471780079038
2025-02-05 07:00:00+00:00,bentre_bentrecity,86.32516897380393
2025-02-05 08:00:00+00:00,bacninh_bacninhcity,66.1027664616412
2025-02-05 09:00:00+00:00,angiang_longxuyen,70.18216889401563
2025-02-05 10:00:00+00:00,bentre_bentrecity,89.03028550980531
2025-02-05 11:00:00+00:00,backan_backancity,42.59198585403591
2025-02-05 12:00:00+00:00,binhdinh_quynhon,35.19827369540531
2025-02-05 13:00:00+00:00,binhduong_thudaumot,97.47020251144232
2025-02-05 14:00:00+00:00,bacgiang_bacgiangcity,65.42847734919883
2025-02-05 15:00:00+00:00,bacgiang_bacgiangcity,64.44014008159255
2025-02-05 16:00:00+00:00,angiang_longxuyen,70.77654503061093
2025-02-05 17:00:00+00:00,binhdinh_quynhon,34.59360257748462
2025-02-05 18:00:00+00:00,bentre_bentrecity,91.56626986938288
2025-02-05 19:00:00+00:00,bacninh_bacninhcity,65.02399251244512
2025-02-05 20:00:00+00:00,binhduong_thudaumot,98.51507446886318
2025-02-05 21:00:00+00:00,backan_backancity,41.94201300620984
2025-02-05 22:00:00+00:00,angiang_longxuyen,71.2864908841171
2025-02-05 23:00:00+00:00,binhdinh_quynhon,34.15808269635585
2025-02-06 00:00:00+00:00,backan_backancity,41.354110247133896
2025-02-06 01:00:00+00:00,binhduong_thudaumot,99.93496899684999
2025-02-06 02:00:00+00:00,bentre_bentrecity,93.57693261475455
2025-02-06 03:00:00+00:00,bacninh_bacninhcity,63.85953744350272
2025-02-06 04:00:00+00:00,bacgiang_bacgiangcity,63.41194043663027
2025-02-06 05:00:00+00:00,bacgiang_bacgiangcity,62.47479217012932
2025-02-06 06:00:00+00:00,angiang_longxuyen,71.93035488396393
2025-02-06 07:00:00+00:00,binhduong_thudaumot,101.53546483104343
2025-02-06 08:00:00+00:00,backan_backancity,40.80191232261994
2025-02-06 09:00:00+00:00,binhdinh_quynhon,34.011498935406124
2025-02-06 10:00:00+00:00,bentre_bentrecity,95.3044719076751
2025-02-06 11:00:00+00:00,bacninh_bacninhcity,62.74833704305956
2025-02-06 12:00:00+00:00,bacgiang_bacgiangcity,61.624880825921686
2025-02-06 13:00:00+00:00,bentre_bentrecity,97.05248337612788
2025-02-06 14:00:00+00:00,backan_backancity,40.30321208629865
2025-02-06 15:00:00+00:00,binhduong_thudaumot,103.01004936259366
2025-02-06 16:00:00+00:00,binhdinh_quynhon,34.176309173361005
2025-02-06 17:00:00+00:00,angiang_longxuyen,72.73171947059546
2025-02-06 18:00:00+00:00,bacninh_bacninhcity,61.72693003678247
2025-02-06 19:00:00+00:00,binhdinh_quynhon,34.47452292771757
2025-02-06 20:00:00+00:00,angiang_longxuyen,73.76031223565
2025-02-06 21:00:00+00:00,bacgiang_bacgiangcity,60.80265228384778
2025-02-06 22:00:00+00:00,binhduong_thudaumot,104.24817573246362
2025-02-06 23:00:00+00:00,bentre_bentrecity,99.04721880139768
2025-02-07 00:00:00+00:00,backan_backancity,39.81728706170307
2025-02-07 01:00:00+00:00,bacninh_bacninhcity,60.830520924570564
2025-02-07 02:00:00+00:00,bacninh_bacninhcity,60.146920822306484
2025-02-07 03:00:00+00:00,bentre_bentrecity,101.32259447053575
2025-02-07 04:00:00+00:00,angiang_longxuyen,75.21281711765435
2025-02-07 05:00:00+00:00,binhduong_thudaumot,105.14983418918031
2025-02-07 06:00:00+00:00,bacgiang_bacgiangcity,60.0923271629475
2025-02-07 07:00:00+00:00,backan_backancity,39.275286434127956
2025-02-07 08:00:00+00:00,binhdinh_quynhon,34.7528138323072
2025-02-07 09:00:00+00:00,angiang_longxuyen,77.093136726979
2025-02-07 10:00:00+00:00,backan_backancity,38.74173907980961
2025-02-07 11:00:00+00:00,bacninh_bacninhcity,59.6017537910791
2025-02-07 12:00:00+00:00,bacgiang_bacgiangcity,59.454810265681296
2025-02-07 13:00:00+00:00,binhduong_thudaumot,105.70564881854312
2025-02-07 14:00:00+00:00,binhdinh_quynhon,34.85204687377973
2025-02-07 15:00:00+00:00,bentre_bentrecity,103.90991912289053
2025-02-07 16:00:00+00:00,bacninh_bacninhcity,59.09979184926499
2025-02-07 17:00:00+00:00,binhduong_thudaumot,108.25314802300512
2025-02-07 18:00:00+00:00,backan_backancity,38.20804877273044
2025-02-07 19:00:00+00:00,bentre_bentrecity,108.04403434192463
2025-02-07 20:00:00+00:00,angiang_longxuyen,80.72656228377033
2025-02-07 21:00:00+00:00,binhdinh_quynhon,34.742130495981556
2025-02-07 22:00:00+00:00,bacgiang_bacgiangcity,58.864548786051735
2025-02-07 23:00:00+00:00,binhduong_thudaumot,109.11933811285168
2025-02-08 00:00:00+00:00,bentre_bentrecity,110.48429157648889
2025-02-08 01:00:00+00:00,backan_backancity,37.71177396825115
2025-02-08 02:00:00+00:00,bacninh_bacninhcity,58.64813260143911
2025-02-08 03:00:00+00:00,angiang_longxuyen,82.55523782570103
2025-02-08 04:00:00+00:00,binhdinh_quynhon,34.432904613949454
2025-02-08 05:00:00+00:00,bacgiang_bacgiangcity,58.37631745691485
2025-02-08 06:00:00+00:00,binhduong_thudaumot,108.57784139375846
2025-02-08 07:00:00+00:00,backan_backancity,37.24648179213461
2025-02-08 08:00:00+00:00,bacninh_bacninhcity,58.17952868636346
2025-02-08 09:00:00+00:00,angiang_longxuyen,82.91438042926713
2025-02-08 10:00:00+00:00,bentre_bentrecity,111.20452928007936
2025-02-08 11:00:00+00:00,binhdinh_quynhon,33.95671943745807
2025-02-08 12:00:00+00:00,bacgiang_bacgiangcity,57.84323231652317
2025-02-08 13:00:00+00:00,binhduong_thudaumot,107.36211393460023
2025-02-08 14:00:00+00:00,bacninh_bacninhcity,57.755297308247826
2025-02-08 15:00:00+00:00,bentre_bentrecity,110.95097635075045
2025-02-08 16:00:00+00:00,binhdinh_quynhon,33.33596136885255
2025-02-08 17:00:00+00:00,backan_backancity,36.83244771095781
2025-02-08 18:00:00+00:00,angiang_longxuyen,82.64486682419215
2025-02-08 19:00:00+00:00,bacgiang_bacgiangcity,57.37447830104866
2025-02-08 20:00:00+00:00,bacgiang_bacgiangcity,56.83646605550056
2025-02-08 21:00:00+00:00,binhduong_thudaumot,105.97143671728911
2025-02-08 22:00:00+00:00,binhdinh_quynhon,32.932987066271565
2025-02-08 23:00:00+00:00,angiang_longxuyen,82.30008144290488
2025-02-09 00:00:00+00:00,bentre_bentrecity,110.39507714100415
2025-02-09 01:00:00+00:00,bacninh_bacninhcity,57.24203733323653
2025-02-09 02:00:00+00:00,backan_backancity,36.47304064478418
2025-02-09 03:00:00+00:00,binhdinh_quynhon,32.89857357164901
2025-02-09 04:00:00+00:00,bacninh_bacninhcity,56.45571614213579
2025-02-09 05:00:00+00:00,backan_backancity,36.04841852912229
2025-02-09 06:00:00+00:00,bentre_bentrecity,110.34645533322862
2025-02-09 07:00:00+00:00,binhduong_thudaumot,104.99412706390744
2025-02-09 08:00:00+00:00,angiang_longxuyen,82.1559159661591
2025-02-09 09:00:00+00:00,bacgiang_bacgiangcity,56.09622330430567
2025-02-09 10:00:00+00:00,angiang_longxuyen,82.36560860592094
2025-02-09 11:00:00+00:00,bacninh_bacninhcity,55.62066711996191
2025-02-09 12:00:00+00:00,binhdinh_quynhon,33.25834754990876
2025-02-09 13:00:00+00:00,backan_backancity,35.73752009978853
2025-02-09 14:00:00+00:00,binhduong_thudaumot,105.09900197434052
2025-02-09 15:00:00+00:00,bacgiang_bacgiangcity,55.33669622567552
2025-02-09 16:00:00+00:00,bentre_bentrecity,111.79230099912455
2025-02-09 17:00:00+00:00,binhduong_thudaumot,106.5502822276938
2025-02-09 18:00:00+00:00,bentre_bentrecity,114.84266989543188
2025-02-09 19:00:00+00:00,bacninh_bacninhcity,54.85529803850605
2025-02-09 20:00:00+00:00,bacgiang_bacgiangcity,54.653239076172255
2025-02-09 21:00:00+00:00,angiang_longxuyen,82.58580589105739
2025-02-09 22:00:00+00:00,backan_backancity,35.38207282508976
2025-02-09 23:00:00+00:00,binhdinh_quynhon,33.752449472423514
2025-02-10 00:00:00+00:00,binhduong_thudaumot,109.03041792179964
2025-02-10 01:00:00+00:00,bacninh_bacninhcity,54.19252138840211
2025-02-10 02:00:00+00:00,backan_backancity,35.044656658623005
2025-02-10 03:00:00+00:00,angiang_longxuyen,82.28926349272946
2025-02-10 04:00:00+00:00,bentre_bentrecity,118.87226520338895
2025-02-10 05:00:00+00:00,binhdinh_quynhon,34.08589155213934
2025-02-10 06:00:00+00:00,bacgiang_bacgiangcity,54.01451184553107
2025-02-10 07:00:00+00:00,angiang_longxuyen,81.13938722284516
2025-02-10 08:00:00+00:00,backan_backancity,34.71866718283818
2025-02-10 09:00:00+00:00,bacninh_bacninhcity,53.807454301660435
2025-02-10 10:00:00+00:00,binhduong_thudaumot,112.45139185054522
2025-02-10 11:00:00+00:00,bacgiang_bacgiangcity,53.602250378588494
2025-02-10 12:00:00+00:00,bentre_bentrecity,121.07757123662664
2025-02-10 13:00:00+00:00,binhdinh_quynhon,33.966926264580955
2025-02-10 14:00:00+00:00,angiang_longxuyen,79.63045054723223
2025-02-10 15:00:00+00:00,backan_backancity,34.35581495512868
2025-02-10 16:00:00+00:00,bacgiang_bacgiangcity,53.57965431219412
2025-02-10 17:00:00+00:00,binhdinh_quynhon,33.39177489177058
2025-02-10 18:00:00+00:00,bacninh_bacninhcity,53.85419985445014
2025-02-10 19:00:00+00:00,binhduong_thudaumot,115.6358694968743
2025-02-10 20:00:00+00:00,bentre_bentrecity,118.87553405651981
2025-02-10 21:00:00+00:00,backan_backancity,33.94870931775985
2025-02-10 22:00:00+00:00,bentre_bentrecity,113.43415872557136
2025-02-10 23:00:00+00:00,angiang_longxuyen,78.34941035419916
2025-02-11 00:00:00+00:00,binhdinh_quynhon,32.53922845167175
2025-02-11 01:00:00+00:00,bacninh_bacninhcity,54.505721357185145
2025-02-11 02:00:00+00:00,binhduong_thudaumot,116.10463065998687
2025-02-11 03:00:00+00:00,bacgiang_bacgiangcity,54.039142606221176
2025-02-11 04:00:00+00:00,backan_backancity,33.422533560808034
2025-02-11 05:00:00+00:00,bacgiang_bacgiangcity,54.22689199719641
2025-02-11 06:00:00+00:00,bacninh_bacninhcity,54.96643904495529
2025-02-11 07:00:00+00:00,angiang_longxuyen,77.4117736657654
2025-02-11 08:00:00+00:00,bentre_bentrecity,108.4857953023364
2025-02-11 09:00:00+00:00,binhdinh_quynhon,31.66806956211353
2025-02-11 10:00:00+00:00,binhduong_thudaumot,112.59396102146178
2025-02-11 11:00:00+00:00,binhdinh_quynhon,30.879937636042328
2025-02-11 12:00:00+00:00,bentre_bentrecity,105.15568155273455
2025-02-11 13:00:00+00:00,bacgiang_bacgiangcity,54.3004126020886
2025-02-11 14:00:00+00:00,binhduong_thudaumot,107.43655658479973
2025-02-11 15:00:00+00:00,bacninh_bacninhcity,55.26590601851509
2025-02-11 16:00:00+00:00,backan_backancity,32.869106242551
2025-02-11 17:00:00+00:00,angiang_longxuyen,76.42958813196661
2025-02-11 18:00:00+00:00,angiang_longxuyen,75.28047189426069
2025-02-11 19:00:00+00:00,bentre_bentrecity,103.04517702538382
2025-02-11 20:00:00+00:00,backan_backancity,32.36854285524696
2025-02-11 21:00:00+00:00,binhdinh_quynhon,30.16402544473982
2025-02-11 22:00:00+00:00,binhduong_thudaumot,103.79173650169766
2025-02-11 23:00:00+00:00,bacninh_bacninhcity,55.388654789143295
2025-02-12 00:00:00+00:00,bacgiang_bacgiangcity,54.41475575038031
2025-02-12 01:00:00+00:00,binhduong_thudaumot,101.76748311822708
2025-02-12 02:00:00+00:00,angiang_longxuyen,74.23147500514442
2025-02-12 03:00:00+00:00,bentre_bentrecity,101.18780788617309
2025-02-12 04:00:00+00:00,backan_backancity,31.949996231920125
2025-02-12 05:00:00+00:00,bacninh_bacninhcity,55.55282173967447
2025-02-12 06:00:00+00:00,bacgiang_bacgiangcity,54.65838061046992
2025-02-12 07:00:00+00:00,binhdinh_quynhon,29.50261637604777
2025-02-12 08:00:00+00:00,bacgiang_bacgiangcity,55.06375175434074
2025-02-12 09:00:00+00:00,binhdinh_quynhon,28.914489657646527
2025-02-12 10:00:00+00:00,binhduong_thudaumot,100.52006243635748
2025-02-12 11:00:00+00:00,bacninh_bacninhcity,55.82006239585233
2025-02-12 12:00:00+00:00,bentre_bentrecity,99.07411476771034
2025-02-12 13:00:00+00:00,angiang_longxuyen,73.52887409842072
2025-02-12 14:00:00+00:00,backan_backancity,31.645849937989325
2025-02-12 15:00:00+00:00,binhduong_thudaumot,99.13675562513988
2025-02-12 16:00:00+00:00,bentre_bentrecity,96.82021194343028
2025-02-12 17:00:00+00:00,binhdinh_quynhon,28.406750041749092
2025-02-12 18:00:00+00:00,angiang_longxuyen,72.95798033533688
2025-02-12 19:00:00+00:00,bacgiang_bacgiangcity,55.47699483024098
2025-02-12 20:00:00+00:00,backan_backancity,31.467521133952445
2025-02-12 21:00:00+00:00,bacninh_bacninhcity,56.1384324894852
2025-02-12 22:00:00+00:00,backan_backancity,31.377651498313938
2025-02-12 23:00:00+00:00,bacgiang_bacgiangcity,55.92812515285181
2025-02-13 00:00:00+00:00,binhdinh_quynhon,27.94527946943859
2025-02-13 01:00:00+00:00,binhduong_thudaumot,97.40534737531127
2025-02-13 02:00:00+00:00,angiang_longxuyen,72.37656524905637
2025-02-13 03:00:00+00:00,bentre_bentrecity,94.58260647842987
2025-02-13 04:00:00+00:00,bacninh_bacninhcity,56.55625005373183
2025-02-13 05:00:00+00:00,bacgiang_bacgiangcity,56.475886776688164
2025-02-13 06:00:00+00:00,binhduong_thudaumot,95.06549316122141
2025-02-13 07:00:00+00:00,bentre_bentrecity,92.39196918536231
2025-02-13 08:00:00+00:00,binhdinh_quynhon,27.514019580582413
2025-02-13 09:00:00+00:00,angiang_longxuyen,71.796215160844
2025-02-13 10:00:00+00:00,backan_backancity,31.374578013956196
2025-02-13 11:00:00+00:00,bacninh_bacninhcity,57.12885686739953
2025-02-13 12:00:00+00:00,binhdinh_quynhon,27.130172357399772
2025-02-13 13:00:00+00:00,bacninh_bacninhcity,57.73278224841792
2025-02-13 14:00:00+00:00,bentre_bentrecity,90.38600065127422
2025-02-13 15:00:00+00:00,binhduong_thudaumot,92.25659887722628
2025-02-13 16:00:00+00:00,angiang_longxuyen,71.28720564792123
2025-02-13 17:00:00+00:00,bacgiang_bacgiangcity,57.01588606561173
2025-02-13 18:00:00+00:00,backan_backancity,31.483622379913342
2025-02-13 19:00:00+00:00,bacgiang_bacgiangcity,57.56954210828609
2025-02-13 20:00:00+00:00,bacninh_bacninhcity,58.34848931947429
2025-02-13 21:00:00+00:00,angiang_longxuyen,70.88331644767095
2025-02-13 22:00:00+00:00,bentre_bentrecity,88.45981822245795
2025-02-13 23:00:00+00:00,binhdinh_quynhon,26.753463242074318
2025-02-14 00:00:00+00:00,backan_backancity,31.66135554744679
2025-02-14 01:00:00+00:00,binhduong_thudaumot,89.36690352335746
2025-02-14 02:00:00+00:00,binhdinh_quynhon,26.460105116493764
2025-02-14 03:00:00+00:00,bacninh_bacninhcity,59.21535009602371
2025-02-14 04:00:00+00:00,bacgiang_bacgiangcity,58.30103853306452
2025-02-14 05:00:00+00:00,bentre_bentrecity,86.76649035447618
2025-02-14 06:00:00+00:00,angiang_longxuyen,70.38068977551902
2025-02-14 07:00:00+00:00,binhduong_thudaumot,86.85652676833564
2025-02-14 08:00:00+00:00,backan_backancity,31.91379106269524
2025-02-14 09:00:00+00:00,bacninh_bacninhcity,60.663816562534755
2025-02-14 10:00:00+00:00,bacgiang_bacgiangcity,59.56638013041301
2025-02-14 11:00:00+00:00,angiang_longxuyen,69.77296423360869
2025-02-14 12:00:00+00:00,backan_backancity,32.23222310252446
2025-02-14 13:00:00+00:00,binhdinh_quynhon,26.220802194873087
2025-02-14 14:00:00+00:00,binhduong_thudaumot,84.95166693506941
2025-02-14 15:00:00+00:00,bentre_bentrecity,85.39207222679936
2025-02-14 16:00:00+00:00,bacgiang_bacgiangcity,60.97200127195885
2025-02-14 17:00:00+00:00,binhduong_thudaumot,82.8291531845364
2025-02-14 18:00:00+00:00,backan_backancity,32.5668993410754
2025-02-14 19:00:00+00:00,bacninh_bacninhcity,62.209674362449704
2025-02-14 20:00:00+00:00,angiang_longxuyen,68.84579406981331
2025-02-14 21:00:00+00:00,bentre_bentrecity,83.78055979765661
2025-02-14 22:00:00+00:00,binhdinh_quynhon,26.06564126827388
2025-02-14 23:00:00+00:00,binhduong_thudaumot,81.06813003666603
2025-02-15 00:00:00+00:00,binhdinh_quynhon,25.943087866418793
2025-02-15 01:00:00+00:00,bacninh_bacninhcity,63.23786924231995
2025-02-15 02:00:00+00:00,bentre_bentrecity,82.24034863179425
2025-02-15 03:00:00+00:00,bacgiang_bacgiangcity,61.96233987821669
2025-02-15 04:00:00+00:00,angiang_longxuyen,68.22904582614893
2025-02-15 05:00:00+00:00,backan_backancity,32.92676385608365
2025-02-15 06:00:00+00:00,bacgiang_bacgiangcity,62.62651746537671
2025-02-15 07:00:00+00:00,binhduong_thudaumot,79.487071310671
2025-02-15 08:00:00+00:00,backan_backancity,33.30379223257495
2025-02-15 09:00:00+00:00,bentre_bentrecity,80.41372446198139
2025-02-15 10:00:00+00:00,bacninh_bacninhcity,63.79179451269387
2025-02-15 11:00:00+00:00,binhdinh_quynhon,26.039166416969124
2025-02-15 12:00:00+00:00,angiang_longxuyen,67.36560638567525
2025-02-15 13:00:00+00:00,bentre_bentrecity,78.48817936422381
2025-02-15 14:00:00+00:00,binhdinh_quynhon,26.606869950940535
2025-02-15 15:00:00+00:00,bacninh_bacninhcity,64.01203944875058
2025-02-15 16:00:00+00:00,bacgiang_bacgiangcity,63.036510748514196
2025-02-15 17:00:00+00:00,backan_backancity,33.67008009163628
2025-02-15 18:00:00+00:00,angiang_longxuyen,66.45315320860678
2025-02-15 19:00:00+00:00,binhduong_thudaumot,78.12723793841732
2025-02-15 20:00:00+00:00,bacninh_bacninhcity,64.08865259836861
2025-02-15 21:00:00+00:00,angiang_longxuyen,65.8093320945882
2025-02-15 22:00:00+00:00,bacgiang_bacgiangcity,63.37440580672971
2025-02-15 23:00:00+00:00,bentre_bentrecity,76.7918494882647
2025-02-16 00:00:00+00:00,binhduong_thudaumot,77.0244145697585
2025-02-16 01:00:00+00:00,binhdinh_quynhon,28.0335527992479
2025-02-16 02:00:00+00:00,backan_backancity,34.07825787471129
2025-02-16 03:00:00+00:00,bacgiang_bacgiangcity,63.78760361425569
2025-02-16 04:00:00+00:00,binhduong_thudaumot,76.29272515875297
2025-02-16 05:00:00+00:00,bacninh_bacninhcity,64.22685456244199
2025-02-16 06:00:00+00:00,backan_backancity,34.548920309542815
2025-02-16 07:00:00+00:00,bentre_bentrecity,75.99435892145152
2025-02-16 08:00:00+00:00,binhdinh_quynhon,30.330341451775396
2025-02-16 09:00:00+00:00,angiang_longxuyen,65.56964558305933
2025-02-16 10:00:00+00:00,bentre_bentrecity,76.90573042262974
2025-02-16 11:00:00+00:00,bacninh_bacninhcity,64.43565612999467
2025-02-16 12:00:00+00:00,bacgiang_bacgiangcity,64.23844803134486
2025-02-16 13:00:00+00:00,binhduong_thudaumot,76.03422129880751
2025-02-16 14:00:00+00:00,angiang_longxuyen,65.8059512617947
2025-02-16 15:00:00+00:00,backan_backancity,35.103596081911064
2025-02-16 16:00:00+00:00,binhdinh_quynhon,33.25816171131969
2025-02-16 17:00:00+00:00,bentre_bentrecity,79.43635405367638
2025-02-16 18:00:00+00:00,angiang_longxuyen,66.45364877817764
2025-02-16 19:00:00+00:00,bacgiang_bacgiangcity,64.72102081369911
2025-02-16 20:00:00+00:00,binhduong_thudaumot,76.30706808575572
2025-02-16 21:00:00+00:00,backan_backancity,35.819613105238176
2025-02-16 22:00:00+00:00,bacninh_bacninhcity,64.76337533418547
2025-02-16 23:00:00+00:00,binhdinh_quynhon,36.4918151073725
2025-02-17 00:00:00+00:00,angiang_longxuyen,67.1666399680673
2025-02-17 01:00:00+00:00,backan_backancity,36.80069790277862
2025-02-17 02:00:00+00:00,bentre_bentrecity,82.17958536953266
2025-02-17 03:00:00+00:00,binhdinh_quynhon,39.38297274885726
2025-02-17 04:00:00+00:00,binhduong_thudaumot,76.84343399200833
2025-02-17 05:00:00+00:00,bacninh_bacninhcity,65.27054790413166
2025-02-17 06:00:00+00:00,bacgiang_bacgiangcity,65.30065852065337
2025-02-17 07:00:00+00:00,bacgiang_bacgiangcity,66.21185133088058
2025-02-17 08:00:00+00:00,bentre_bentrecity,83.60594300030914
2025-02-17 09:00:00+00:00,binhduong_thudaumot,77.4464897437317
2025-02-17 10:00:00+00:00,backan_backancity,37.90969206561305
2025-02-17 11:00:00+00:00,binhdinh_quynhon,41.035316060310585
2025-02-17 12:00:00+00:00,bacninh_bacninhcity,66.29663899587176
2025-02-17 13:00:00+00:00,angiang_longxuyen,67.51275957512226
2025-02-17 14:00:00+00:00,bacgiang_bacgiangcity,69.04706679196258
2025-02-17 15:00:00+00:00,backan_backancity,38.88575922124855
2025-02-17 16:00:00+00:00,bentre_bentrecity,83.35082831206824
2025-02-17 17:00:00+00:00,angiang_longxuyen,67.33096178408937
2025-02-17 18:00:00+00:00,binhdinh_quynhon,41.23454932307207
2025-02-17 19:00:00+00:00,bacninh_bacninhcity,69.49504738874323
2025-02-17 20:00:00+00:00,binhduong_thudaumot,78.35035384242062
2025-02-17 21:00:00+00:00,bentre_bentrecity,82.43517894952234
2025-02-17 22:00:00+00:00,binhduong_thudaumot,79.59119571910975
2025-02-17 23:00:00+00:00,backan_backancity,39.518144114401146
2025-02-18 00:00:00+00:00,bacgiang_bacgiangcity,74.40313268034281
2025-02-18 01:00:00+00:00,angiang_longxuyen,66.95948950490214
2025-02-18 02:00:00+00:00,binhdinh_quynhon,40.35925909872602
2025-02-18 03:00:00+00:00,bacninh_bacninhcity,75.30778063667024
2025-02-18 04:00:00+00:00,bacninh_bacninhcity,81.63243963384086
2025-02-18 05:00:00+00:00,bacgiang_bacgiangcity,80.37698917626844
2025-02-18 06:00:00+00:00,angiang_longxuyen,66.7053576168919
2025-02-18 07:00:00+00:00,backan_backancity,40.275493545974726
2025-02-18 08:00:00+00:00,bentre_bentrecity,81.91498219179202
2025-02-18 09:00:00+00:00,binhduong_thudaumot,81.78106761927039
2025-02-18 10:00:00+00:00,binhdinh_quynhon,39.00105538794576
2025-02-18 11:00:00+00:00,angiang_longxuyen,66.9143521706717
2025-02-18 12:00:00+00:00,bacninh_bacninhcity,87.86692641202922
2025-02-18 13:00:00+00:00,binhduong_thudaumot,83.36197505359355
2025-02-18 14:00:00+00:00,backan_backancity,41.21375922655613
2025-02-18 15:00:00+00:00,binhdinh_quynhon,37.82444456924121
2025-02-18 16:00:00+00:00,bacgiang_bacgiangcity,86.60169679434338
2025-02-18 17:00:00+00:00,bentre_bentrecity,82.1966646506322
2025-02-18 18:00:00+00:00,backan_backancity,42.509621238340706
2025-02-18 19:00:00+00:00,binhduong_thudaumot,84.88048599036273
2025-02-18 20:00:00+00:00,bentre_bentrecity,83.27000996873595
2025-02-18 21:00:00+00:00,bacgiang_bacgiangcity,92.84445875047399
2025-02-18 22:00:00+00:00,bacninh_bacninhcity,93.7493628304979
2025-02-18 23:00:00+00:00,binhdinh_quynhon,37.01981589457084
2025-02-19 00:00:00+00:00,angiang_longxuyen,67.75957466432428
2025-02-19 01:00:00+00:00,bentre_bentrecity,84.56929450786927
2025-02-19 02:00:00+00:00,binhdinh_quynhon,36.54531279556516
2025-02-19 03:00:00+00:00,backan_backancity,44.32036573897194
2025-02-19 04:00:00+00:00,binhduong_thudaumot,86.96606551259063
2025-02-19 05:00:00+00:00,angiang_longxuyen,69.11819293811094
2025-02-19 06:00:00+00:00,bacgiang_bacgiangcity,99.53098166548578
2025-02-19 07:00:00+00:00,bacninh_bacninhcity,99.943139789495
2025-02-19 08:00:00+00:00,binhdinh_quynhon,36.3305548629781
2025-02-19 09:00:00+00:00,angiang_longxuyen,70.80005599467458
2025-02-19 10:00:00+00:00,bentre_bentrecity,85.61573254256679
2025-02-19 11:00:00+00:00,binhduong_thudaumot,90.22329658399549
2025-02-19 12:00:00+00:00,bacninh_bacninhcity,106.74655875085224
2025-02-19 13:00:00+00:00,backan_backancity,46.480806048224764
2025-02-19 14:00:00+00:00,bacgiang_bacgiangcity,106.68306151703989
2025-02-19 15:00:00+00:00,bacgiang_bacgiangcity,114.04739033131946
2025-02-19 16:00:00+00:00,binhdinh_quynhon,36.204175092224936
2025-02-19 17:00:00+00:00,angiang_longxuyen,72.76086753852763
2025-02-19 18:00:00+00:00,backan_backancity,48.96525355497898
2025-02-19 19:00:00+00:00,binhduong_thudaumot,94.23873063408334
2025-02-19 20:00:00+00:00,bacninh_bacninhcity,113.94984770624367
2025-02-19 21:00:00+00:00,bentre_bentrecity,86.32591232816023
2025-02-19 22:00:00+00:00,bacninh_bacninhcity,120.8058990448632
2025-02-19 23:00:00+00:00,angiang_longxuyen,74.92726421281483
2025-02-20 00:00:00+00:00,binhduong_thudaumot,98.3761619104412
2025-02-20 01:00:00+00:00,backan_backancity,51.553194095478304
2025-02-20 02:00:00+00:00,bentre_bentrecity,86.98322103516261
2025-02-20 03:00:00+00:00,bacgiang_bacgiangcity,120.92451171561154
2025-02-20 04:00:00+00:00,binhdinh_quynhon,36.103555408972404
2025-02-20 05:00:00+00:00,bentre_bentrecity,87.55354536974914
2025-02-20 06:00:00+00:00,bacgiang_bacgiangcity,127.49600724489831
2025-02-20 07:00:00+00:00,bacninh_bacninhcity,127.42819045516303
2025-02-20 08:00:00+00:00,binhduong_thudaumot,102.14437628523208
2025-02-20 09:00:00+00:00,backan_backancity,53.99021464128288
2025-02-20 10:00:00+00:00,binhdinh_quynhon,35.97185779551656
2025-02-20 11:00:00+00:00,angiang_longxuyen,76.91098393659006
2025-02-20 12:00:00+00:00,bacninh_bacninhcity,133.59862486631783
2025-02-20 13:00:00+00:00,angiang_longxuyen,78.67915472250166
2025-02-20 14:00:00+00:00,binhduong_thudaumot,105.79853237488902
2025-02-20 15:00:00+00:00,binhdinh_quynhon,35.82102833757035
2025-02-20 16:00:00+00:00,bacgiang_bacgiangcity,133.61143105114172
2025-02-20 17:00:00+00:00,backan_backancity,56.1507740778364
2025-02-20 18:00:00+00:00,bentre_bentrecity,88.09467398548323
2025-02-20 19:00:00+00:00,bacninh_bacninhcity,139.05871509620425
2025-02-20 20:00:00+00:00,binhduong_thudaumot,109.12462617372918
2025-02-20 21:00:00+00:00,binhdinh_quynhon,35.66047809188804
2025-02-20 22:00:00+00:00,bacgiang_bacgiangcity,139.0503142389598
2025-02-20 23:00:00+00:00,angiang_longxuyen,80.16338677849805
2025-02-21 00:00:00+00:00,bentre_bentrecity,88.45498641914207
2025-02-21 01:00:00+00:00,backan_backancity,58.12382476056207
2025-02-21 02:00:00+00:00,bacninh_bacninhcity,143.77574640550753
2025-02-21 03:00:00+00:00,binhduong_thudaumot,111.7696072483436
2025-02-21 04:00:00+00:00,backan_backancity,60.05502602255629
2025-02-21 05:00:00+00:00,bentre_bentrecity,88.58548084686097
2025-02-21 06:00:00+00:00,binhdinh_quynhon,35.51385621020209
2025-02-21 07:00:00+00:00,angiang_longxuyen,81.3592378475366
2025-02-21 08:00:00+00:00,bacgiang_bacgiangcity,143.71664973418257
2025-02-21 09:00:00+00:00,binhdinh_quynhon,35.392827637795804
2025-02-21 10:00:00+00:00,binhduong_thudaumot,113.76298819620457
2025-02-21 11:00:00+00:00,backan_backancity,61.948616413177504
2025-02-21 12:00:00+00:00,bacninh_bacninhcity,147.7803297454123
2025-02-21 13:00:00+00:00,angiang_longxuyen,82.24977874891665
2025-02-21 14:00:00+00:00,bacgiang_bacgiangcity,147.61453313340772
2025-02-21 15:00:00+00:00,bentre_bentrecity,88.95966803723088
2025-02-21 16:00:00+00:00,angiang_longxuyen,82.34805638943767
2025-02-21 17:00:00+00:00,bacgiang_bacgiangcity,150.01809320299523
2025-02-21 18:00:00+00:00,backan_backancity,62.877878452372954
2025-02-21 19:00:00+00:00,binhdinh_quynhon,35.32482500947146
2025-02-21 20:00:00+00:00,bacninh_bacninhcity,150.2531123068832
2025-02-21 21:00:00+00:00,binhduong_thudaumot,115.03436001751386
2025-02-21 22:00:00+00:00,bentre_bentrecity,89.22151222668761
2025-02-21 23:00:00+00:00,bentre_bentrecity,89.29285756706925
2025-02-22 00:00:00+00:00,bacgiang_bacgiangcity,151.38850507954993
2025-02-22 01:00:00+00:00,angiang_longxuyen,82.19274178862057
2025-02-22 02:00:00+00:00,bacninh_bacninhcity,151.59537201973947
2025-02-22 03:00:00+00:00,binhduong_thudaumot,116.19951078989229
2025-02-22 04:00:00+00:00,binhdinh_quynhon,35.147144257950316
2025-02-22 05:00:00+00:00,backan_backancity,63.46213829859389
2025-02-22 06:00:00+00:00,backan_backancity,64.04448972545782
2025-02-22 07:00:00+00:00,bacninh_bacninhcity,152.10519874594496
2025-02-22 08:00:00+00:00,angiang_longxuyen,81.92369158874527
2025-02-22 09:00:00+00:00,binhdinh_quynhon,34.797119657978826
2025-02-22 10:00:00+00:00,bentre_bentrecity,89.24685655990884
2025-02-22 11:00:00+00:00,binhduong_thudaumot,117.12305948374677
2025-02-22 12:00:00+00:00,bacgiang_bacgiangcity,152.19749381342547
2025-02-22 13:00:00+00:00,bacgiang_bacgiangcity,152.57356917151125
2025-02-22 14:00:00+00:00,bentre_bentrecity,89.07935881005045
2025-02-22 15:00:00+00:00,backan_backancity,64.64468642196469
2025-02-22 16:00:00+00:00,angiang_longxuyen,81.66931429849562
2025-02-22 17:00:00+00:00,bacninh_bacninhcity,151.96598658236178
2025-02-22 18:00:00+00:00,binhduong_thudaumot,117.8797751580807
2025-02-22 19:00:00+00:00,binhdinh_quynhon,34.416503167190825
2025-02-22 20:00:00+00:00,binhduong_thudaumot,118.58100133575448
2025-02-22 21:00:00+00:00,bacgiang_bacgiangcity,152.72981177400072
2025-02-22 22:00:00+00:00,bentre_bentrecity,88.7254435124385
2025-02-22 23:00:00+00:00,backan_backancity,65.15173986461018
2025-02-23 00:00:00+00:00,angiang_longxuyen,81.46398886557698
2025-02-23 01:00:00+00:00,bacninh_bacninhcity,151.55489732805796
2025-02-23 02:00:00+00:00,binhdinh_quynhon,34.03029722345458
2025-02-23 03:00:00+00:00,bacgiang_bacgiangcity,152.8669225319998
2025-02-23 04:00:00+00:00,angiang_longxuyen,81.28020879626064
2025-02-23 05:00:00+00:00,bacninh_bacninhcity,151.19431328415354
2025-02-23 06:00:00+00:00,backan_backancity,65.73675736046349
2025-02-23 07:00:00+00:00,bentre_bentrecity,88.36446873098784
2025-02-23 08:00:00+00:00,binhduong_thudaumot,119.22922539480646
2025-02-23 09:00:00+00:00,binhdinh_quynhon,33.641794505361084
2025-02-23 10:00:00+00:00,backan_backancity,66.49965335915707
2025-02-23 11:00:00+00:00,bacgiang_bacgiangcity,153.06523613199997
2025-02-23 12:00:00+00:00,binhduong_thudaumot,119.78238110281794
2025-02-23 13:00:00+00:00,bacninh_bacninhcity,151.07529558058286
2025-02-23 14:00:00+00:00,bentre_bentrecity,88.03591563569222
2025-02-23 15:00:00+00:00,angiang_longxuyen,81.22939385487946
2025-02-23 16:00:00+00:00,binhdinh_quynhon,33.26386552647659
2025-02-23 17:00:00+00:00,binhdinh_quynhon,32.84191662744213
2025-02-23 18:00:00+00:00,bentre_bentrecity,87.88375314325131
2025-02-23 19:00:00+00:00,binhduong_thudaumot,120.3086521616103
2025-02-23 20:00:00+00:00,backan_backancity,67.56519941288482
2025-02-23 21:00:00+00:00,bacninh_bacninhcity,151.0760341698471
2025-02-23 22:00:00+00:00,angiang_longxuyen,81.12108807818657
2025-02-23 23:00:00+00:00,bacgiang_bacgiangcity,153.21841954540778
2025-02-24 00:00:00+00:00,binhdinh_quynhon,32.36551225671748
2025-02-24 01:00:00+00:00,binhduong_thudaumot,120.92560292168585
2025-02-24 02:00:00+00:00,bacgiang_bacgiangcity,153.30127973067385
2025-02-24 03:00:00+00:00,bentre_bentrecity,87.79623388925536
2025-02-24 04:00:00+00:00,backan_backancity,68.82845389992526
2025-02-24 05:00:00+00:00,angiang_longxuyen,80.88741511279639
2025-02-24 06:00:00+00:00,bacninh_bacninhcity,151.2163708951488
2025-02-24 07:00:00+00:00,bentre_bentrecity,87.71981968222948
2025-02-24 08:00:00+00:00,bacninh_bacninhcity,151.64251307516747
2025-02-24 09:00:00+00:00,binhdinh_quynhon,31.871181609785395
2025-02-24 10:00:00+00:00,binhduong_thudaumot,121.60650121677034
2025-02-24 11:00:00+00:00,bacgiang_bacgiangcity,153.54361801591602
2025-02-24 12:00:00+00:00,angiang_longxuyen,80.60967934142798
2025-02-24 13:00:00+00:00,backan_backancity,70.2340226254588
2025-02-24 14:00:00+00:00,bentre_bentrecity,87.72164113865699
2025-02-24 15:00:00+00:00,bacgiang_bacgiangcity,154.1488371194199
2025-02-24 16:00:00+00:00,bacninh_bacninhcity,152.52679026307737
2025-02-24 17:00:00+00:00,binhdinh_quynhon,31.386457388380734
2025-02-24 18:00:00+00:00,backan_backancity,71.76539692815619
2025-02-24 19:00:00+00:00,angiang_longxuyen,80.4021476709006
2025-02-24 20:00:00+00:00,binhduong_thudaumot,122.19871876667719
2025-02-24 21:00:00+00:00,binhduong_thudaumot,122.52700263427325
2025-02-24 22:00:00+00:00,bacgiang_bacgiangcity,155.54947397470497
2025-02-24 23:00:00+00:00,backan_backancity,73.43386531103054
2025-02-25 00:00:00+00:00,bacninh_bacninhcity,154.2629372480182
2025-02-25 01:00:00+00:00,bentre_bentrecity,87.56668511101496
2025-02-25 02:00:00+00:00,angiang_longxuyen,80.25282636458108
2025-02-25 03:00:00+00:00,binhdinh_quynhon,30.974524712788067
2025-02-25 04:00:00+00:00,binhdinh_quynhon,30.541063351415175
2025-02-25 05:00:00+00:00,bacninh_bacninhcity,156.70725314971688
2025-02-25 06:00:00+00:00,bacgiang_bacgiangcity,157.6786076293372
2025-02-25 07:00:00+00:00,backan_backancity,75.42433955275474
2025-02-25 08:00:00+00:00,bentre_bentrecity,87.15468334158788
2025-02-25 09:00:00+00:00,angiang_longxuyen,80.60982944182683
2025-02-25 10:00:00+00:00,binhduong_thudaumot,121.53074578371726
2025-02-25 11:00:00+00:00,angiang_longxuyen,80.69975030220465
2025-02-25 12:00:00+00:00,backan_backancity,77.80222768904416
2025-02-25 13:00:00+00:00,bentre_bentrecity,86.57900304356245
2025-02-25 14:00:00+00:00,binhduong_thudaumot,119.42635963452985
2025-02-25 15:00:00+00:00,binhdinh_quynhon,30.09722361960641
2025-02-25 16:00:00+00:00,angiang_longxuyen,80.52301065635893
2025-02-25 17:00:00+00:00,binhdinh_quynhon,29.578138319591503
2025-02-25 18:00:00+00:00,bentre_bentrecity,85.99959167847949
2025-02-25 19:00:00+00:00,binhduong_thudaumot,116.3662485075723
2025-02-25 20:00:00+00:00,backan_backancity,80.43358774809799
2025-02-25 21:00:00+00:00,binhduong_thudaumot,112.77121053215444
2025-02-25 22:00:00+00:00,binhdinh_quynhon,28.8903592316193
2025-02-25 23:00:00+00:00,bacgiang_bacgiangcity,159.8390955895103
2025-02-26 00:00:00+00:00,bentre_bentrecity,85.47954859496706
2025-02-26 01:00:00+00:00,angiang_longxuyen,79.98739644337365
2025-02-26 02:00:00+00:00,bacninh_bacninhcity,159.08206065401052
2025-02-26 03:00:00+00:00,backan_backancity,83.12418147487259
2025-02-26 04:00:00+00:00,bentre_bentrecity,84.84158139650425
2025-02-26 05:00:00+00:00,angiang_longxuyen,79.01411210148223
2025-02-26 06:00:00+00:00,bacninh_bacninhcity,160.66752113376594
2025-02-26 07:00:00+00:00,bacgiang_bacgiangcity,161.23328051019013
2025-02-26 08:00:00+00:00,binhdinh_quynhon,28.131499265873003
2025-02-26 09:00:00+00:00,binhduong_thudaumot,108.95406804351613
2025-02-26 10:00:00+00:00,backan_backancity,85.71086879616868
2025-02-26 11:00:00+00:00,bacgiang_bacgiangcity,161.35136902081547
2025-02-26 12:00:00+00:00,binhduong_thudaumot,105.0181580186386
2025-02-26 13:00:00+00:00,bentre_bentrecity,83.95560068819452
2025-02-26 14:00:00+00:00,bacninh_bacninhcity,160.8551132767043
2025-02-26 15:00:00+00:00,backan_backancity,88.02033616730833
2025-02-26 16:00:00+00:00,binhdinh_quynhon,27.395807177564365
2025-02-26 17:00:00+00:00,angiang_longxuyen,77.6111117605515
2025-02-26 18:00:00+00:00,bacgiang_bacgiangcity,160.7681598773866
2025-02-26 19:00:00+00:00,backan_backancity,90.15978028981502
2025-02-26 20:00:00+00:00,bentre_bentrecity,82.91284368708826
2025-02-26 21:00:00+00:00,angiang_longxuyen,75.97670902058168
2025-02-26 22:00:00+00:00,binhdinh_quynhon,26.676435529449904
2025-02-26 23:00:00+00:00,bacninh_bacninhcity,160.2875384002176
2025-02-27 00:00:00+00:00,binhduong_thudaumot,101.01187949724506
2025-02-27 01:00:00+00:00,binhdinh_quynhon,26.033610319665073
2025-02-27 02:00:00+00:00,binhduong_thudaumot,97.39727962778134
2025-02-27 03:00:00+00:00,bentre_bentrecity,81.64211038811067
2025-02-27 04:00:00+00:00,bacninh_bacninhcity,159.50346633255384
2025-02-27 05:00:00+00:00,backan_backancity,92.23407369157582
2025-02-27 06:00:00+00:00,angiang_longxuyen,74.13935862861494
2025-02-27 07:00:00+00:00,bacgiang_bacgiangcity,159.94260768362352
2025-02-27 08:00:00+00:00,binhdinh_quynhon,25.50959314940171
2025-02-27 09:00:00+00:00,binhduong_thudaumot,94.2760061621049
2025-02-27 10:00:00+00:00,backan_backancity,94.2959355638734
2025-02-27 11:00:00+00:00,bacninh_bacninhcity,158.8374303595031
2025-02-27 12:00:00+00:00,bacgiang_bacgiangcity,159.18089342775272
2025-02-27 13:00:00+00:00,angiang_longxuyen,72.24318317556882
2025-02-27 14:00:00+00:00,bentre_bentrecity,80.10139173994736
2025-02-27 15:00:00+00:00,bacgiang_bacgiangcity,158.4025299403379
2025-02-27 16:00:00+00:00,bentre_bentrecity,78.39155521063633
2025-02-27 17:00:00+00:00,bacninh_bacninhcity,158.21051579199806
2025-02-27 18:00:00+00:00,backan_backancity,96.31852280313474
2025-02-27 19:00:00+00:00,binhduong_thudaumot,91.57270333925649
2025-02-27 20:00:00+00:00,binhdinh_quynhon,25.136834295367052
2025-02-27 21:00:00+00:00,angiang_longxuyen,70.35568972019678
2025-02-27 22:00:00+00:00,bacninh_bacninhcity,157.48581200590482
2025-02-27 23:00:00+00:00,backan_backancity,98.09217016887719
2025-02-28 00:00:00+00:00,binhdinh_quynhon,24.904131026204453
2025-02-28 01:00:00+00:00,binhduong_thudaumot,89.1959618032362
2025-02-28 02:00:00+00:00,bentre_bentrecity,76.76720681484453
2025-02-28 03:00:00+00:00,bacgiang_bacgiangcity,157.49770091051343
2025-02-28 04:00:00+00:00,angiang_longxuyen,68.4822985546801
2025-02-28 05:00:00+00:00,binhduong_thudaumot,87.20147178020584
2025-02-28 06:00:00+00:00,bacgiang_bacgiangcity,156.5770041242374
2025-02-28 07:00:00+00:00,backan_backancity,99.52815909300512
2025-02-28 08:00:00+00:00,angiang_longxuyen,66.76480213993487
2025-02-28 09:00:00+00:00,bacninh_bacninhcity,156.6855243300715
2025-02-28 10:00:00+00:00,binhdinh_quynhon,24.800218664360926
2025-02-28 11:00:00+00:00,bentre_bentrecity,75.40480982308007
2025-02-28 12:00:00+00:00,bacgiang_bacgiangcity,155.8026290188496
2025-02-28 13:00:00+00:00,binhduong_thudaumot,86.18283448366972
2025-02-28 14:00:00+00:00,backan_backancity,101.32905593532503
2025-02-28 15:00:00+00:00,angiang_longxuyen,65.49692313108173
2025-02-28 16:00:00+00:00,bacninh_bacninhcity,155.96600019901217
2025-02-28 17:00:00+00:00,bentre_bentrecity,74.30082377196653
2025-02-28 18:00:00+00:00,binhdinh_quynhon,24.982078401590172
2025-02-28 19:00:00+00:00,bentre_bentrecity,73.1787946998909
2025-02-28 20:00:00+00:00,bacgiang_bacgiangcity,155.0705012193775
2025-02-28 21:00:00+00:00,bacninh_bacninhcity,155.28361519521508
2025-02-28 22:00:00+00:00,backan_backancity,103.06264108766459
2025-02-28 23:00:00+00:00,binhduong_thudaumot,85.07943811269459
2025-03-01 00:00:00+00:00,binhdinh_quynhon,25.190255742087274
2025-03-01 01:00:00+00:00,angiang_longxuyen,64.26101550718707
2025-03-01 02:00:00+00:00,backan_backancity,104.78403832587082
2025-03-01 03:00:00+00:00,bentre_bentrecity,71.63193146555815
2025-03-01 04:00:00+00:00,bacgiang_bacgiangcity,154.8628956899237
2025-03-01 05:00:00+00:00,bacninh_bacninhcity,155.0388514781309
2025-03-01 06:00:00+00:00,angiang_longxuyen,62.97664689737281
2025-03-01 07:00:00+00:00,binhduong_thudaumot,83.84659444297361
2025-03-01 08:00:00+00:00,binhdinh_quynhon,25.556005145749495
2025-03-01 09:00:00+00:00,angiang_longxuyen,61.75668803649416
2025-03-01 10:00:00+00:00,bacgiang_bacgiangcity,155.06824256575646
2025-03-01 11:00:00+00:00,bentre_bentrecity,69.9274818727842
2025-03-01 12:00:00+00:00,binhduong_thudaumot,82.66541270974169
2025-03-01 13:00:00+00:00,backan_backancity,106.34729466805115
2025-03-01 14:00:00+00:00,bacninh_bacninhcity,155.17726787134552
2025-03-01 15:00:00+00:00,binhdinh_quynhon,26.77000764159378
2025-03-01 16:00:00+00:00,backan_backancity,107.5107151163871
2025-03-01 17:00:00+00:00,bacgiang_bacgiangcity,155.42232225904337
2025-03-01 18:00:00+00:00,bacninh_bacninhcity,155.4710691504846
2025-03-01 19:00:00+00:00,binhdinh_quynhon,29.70465627801346
2025-03-01 20:00:00+00:00,angiang_longxuyen,60.684651927424966
2025-03-01 21:00:00+00:00,bentre_bentrecity,68.3620300144522
2025-03-01 22:00:00+00:00,binhduong_thudaumot,81.55993875864257
2025-03-01 23:00:00+00:00,binhduong_thudaumot,80.40066572728006
2025-03-02 00:00:00+00:00,bacninh_bacninhcity,155.93828642378026
2025-03-02 01:00:00+00:00,backan_backancity,108.18251029878957
2025-03-02 02:00:00+00:00,angiang_longxuyen,59.81454612320482
2025-03-02 03:00:00+00:00,bentre_bentrecity,67.22572710920821
2025-03-02 04:00:00+00:00,binhdinh_quynhon,35.300789885284786
2025-03-02 05:00:00+00:00,bacgiang_bacgiangcity,155.9459725172206
2025-03-02 06:00:00+00:00,bentre_bentrecity,66.41259274526877
2025-03-02 07:00:00+00:00,binhduong_thudaumot,79.37262094780866
2025-03-02 08:00:00+00:00,bacninh_bacninhcity,156.3525682897425
2025-03-02 09:00:00+00:00,backan_backancity,108.46745803694161
2025-03-02 10:00:00+00:00,binhdinh_quynhon,44.843334588989244
2025-03-02 11:00:00+00:00,bacgiang_bacgiangcity,156.4194940072686
2025-03-02 12:00:00+00:00,angiang_longxuyen,59.06079433611199
2025-03-02 13:00:00+00:00,bacgiang_bacgiangcity,156.8817603499477
2025-03-02 14:00:00+00:00,backan_backancity,108.5356262522139
2025-03-02 15:00:00+00:00,angiang_longxuyen,58.60438905662672
2025-03-02 16:00:00+00:00,bacninh_bacninhcity,156.73735423605456
2025-03-02 17:00:00+00:00,binhduong_thudaumot,78.66160965365643
2025-03-02 18:00:00+00:00,binhdinh_quynhon,58.74227652462628
2025-03-02 19:00:00+00:00,bentre_bentrecity,65.84200633062072
2025-03-02 20:00:00+00:00,binhduong_thudaumot,78.0712671674624
2025-03-02 21:00:00+00:00,angiang_longxuyen,58.21854525988457
2025-03-02 22:00:00+00:00,bacgiang_bacgiangcity,157.2842486131419
2025-03-02 23:00:00+00:00,bentre_bentrecity,65.41829434753609
2025-03-03 00:00:00+00:00,binhdinh_quynhon,75.70749561630444
2025-03-03 01:00:00+00:00,backan_backancity,108.27864841299025
2025-03-03 02:00:00+00:00,bacninh_bacninhcity,157.04345898280863
2025-03-03 03:00:00+00:00,backan_backancity,107.75995742434063
2025-03-03 04:00:00+00:00,bacninh_bacninhcity,157.4211782976439
2025-03-03 05:00:00+00:00,binhduong_thudaumot,77.50130736241597
2025-03-03 06:00:00+00:00,binhdinh_quynhon,91.19452240613104
2025-03-03 07:00:00+00:00,angiang_longxuyen,57.904725829137966
2025-03-03 08:00:00+00:00,bacgiang_bacgiangcity,157.7696590077985
2025-03-03 09:00:00+00:00,bentre_bentrecity,65.0360839334649
2025-03-03 10:00:00+00:00,angiang_longxuyen,57.76791527193662
2025-03-03 11:00:00+00:00,backan_backancity,106.94075352443116
2025-03-03 12:00:00+00:00,binhdinh_quynhon,99.40310416674473
2025-03-03 13:00:00+00:00,bentre_bentrecity,64.67028211379036
2025-03-03 14:00:00+00:00,binhduong_thudaumot,76.78444453525398
2025-03-03 15:00:00+00:00,bacgiang_bacgiangcity,158.2086859966595
2025-03-03 16:00:00+00:00,bacninh_bacninhcity,157.81550872328705
2025-03-03 17:00:00+00:00,backan_backancity,105.87630105932372
2025-03-03 18:00:00+00:00,binhdinh_quynhon,97.97944000423679
2025-03-03 19:00:00+00:00,bacgiang_bacgiangcity,158.53126366655266
2025-03-03 20:00:00+00:00,bentre_bentrecity,64.55389474101887
2025-03-03 21:00:00+00:00,binhduong_thudaumot,75.99067074022224
2025-03-03 22:00:00+00:00,angiang_longxuyen,57.74033015418947
2025-03-03 23:00:00+00:00,bacninh_bacninhcity,158.12303346746532
2025-03-04 00:00:00+00:00,binhdinh_quynhon,89.12899558242783
2025-03-04 01:00:00+00:00,bacgiang_bacgiangcity,157.80385807327983
2025-03-04 02:00:00+00:00,backan_backancity,104.99054371470277
2025-03-04 03:00:00+00:00,bentre_bentrecity,65.2598455074379
2025-03-04 04:00:00+00:00,binhduong_thudaumot,76.27032922622375
2025-03-04 05:00:00+00:00,angiang_longxuyen,58.42503575780393
2025-03-04 06:00:00+00:00,bacninh_bacninhcity,157.34347870704363
2025-03-04 07:00:00+00:00,bacninh_bacninhcity,156.11095429848848
2025-03-04 08:00:00+00:00,angiang_longxuyen,58.95016795960172
2025-03-04 09:00:00+00:00,bacgiang_bacgiangcity,156.67689474840972
2025-03-04 10:00:00+00:00,binhduong_thudaumot,76.76175793211108
2025-03-04 11:00:00+00:00,binhdinh_quynhon,75.79896632286419
2025-03-04 12:00:00+00:00,bentre_bentrecity,65.78124902472418
2025-03-04 13:00:00+00:00,backan_backancity,103.94675983626458
2025-03-04 14:00:00+00:00,backan_backancity,102.5722607020233
2025-03-04 15:00:00+00:00,bentre_bentrecity,65.93929521454604
2025-03-04 16:00:00+00:00,angiang_longxuyen,59.07081532464581
2025-03-04 17:00:00+00:00,binhduong_thudaumot,77.25936219726606
2025-03-04 18:00:00+00:00,bacgiang_bacgiangcity,154.9642396671644
2025-03-04 19:00:00+00:00,bacninh_bacninhcity,154.23740111984287
2025-03-04 20:00:00+00:00,binhdinh_quynhon,62.25460679772294
2025-03-04 21:00:00+00:00,binhduong_thudaumot,77.8495688783373
2025-03-04 22:00:00+00:00,backan_backancity,100.84243401602043
2025-03-04 23:00:00+00:00,bentre_bentrecity,65.82895712610343
2025-03-05 00:00:00+00:00,bacgiang_bacgiangcity,152.614429835647
2025-03-05 01:00:00+00:00,angiang_longxuyen,58.97935891336214
2025-03-05 02:00:00+00:00,bacninh_bacninhcity,151.68411232856747
2025-03-05 03:00:00+00:00,binhdinh_quynhon,52.58396927268144
2025-03-05 04:00:00+00:00,binhdinh_quynhon,48.140625789069226
2025-03-05 05:00:00+00:00,angiang_longxuyen,58.77972061777832
2025-03-05 06:00:00+00:00,backan_backancity,98.7591644466074
2025-03-05 07:00:00+00:00,bacgiang_bacgiangcity,149.75440254037787
2025-03-05 08:00:00+00:00,binhduong_thudaumot,78.40445669730076
2025-03-05 09:00:00+00:00,bacninh_bacninhcity,148.61738487132976
2025-03-05 10:00:00+00:00,bentre_bentrecity,65.679302263342
2025-03-05 11:00:00+00:00,binhduong_thudaumot,78.69420288312448
2025-03-05 12:00:00+00:00,bacninh_bacninhcity,145.33237807849665
2025-03-05 13:00:00+00:00,backan_backancity,96.47274292187679
2025-03-05 14:00:00+00:00,angiang_longxuyen,58.542404739533104
2025-03-05 15:00:00+00:00,binhdinh_quynhon,47.30148355284373
2025-03-05 16:00:00+00:00,bentre_bentrecity,65.55494765670052
2025-03-05 17:00:00+00:00,bacgiang_bacgiangcity,146.64951622618398
2025-03-05 18:00:00+00:00,bentre_bentrecity,65.40802080912482
2025-03-05 19:00:00+00:00,binhduong_thudaumot,78.99061543269465
2025-03-05 20:00:00+00:00,binhdinh_quynhon,48.327398336178824
2025-03-05 21:00:00+00:00,bacgiang_bacgiangcity,143.04794530959643
2025-03-05 22:00:00+00:00,bacninh_bacninhcity,141.58012542181572
2025-03-05 23:00:00+00:00,angiang_longxuyen,58.421095026697195
2025-03-06 00:00:00+00:00,backan_backancity,94.15859012509198
2025-03-06 01:00:00+00:00,binhdinh_quynhon,50.058327545349556
2025-03-06 02:00:00+00:00,bacgiang_bacgiangcity,138.74710190306638
2025-03-06 03:00:00+00:00,angiang_longxuyen,58.48511403808656
2025-03-06 04:00:00+00:00,binhduong_thudaumot,79.74361433524714
2025-03-06 05:00:00+00:00,backan_backancity,91.80433624962242
2025-03-06 06:00:00+00:00,bentre_bentrecity,65.50179305513385
2025-03-06 07:00:00+00:00,bacninh_bacninhcity,137.1708737891142
2025-03-06 08:00:00+00:00,binhdinh_quynhon,51.85909394327522
2025-03-06 09:00:00+00:00,bacgiang_bacgiangcity,133.72616493697967
2025-03-06 10:00:00+00:00,angiang_longxuyen,58.78728758391797
2025-03-06 11:00:00+00:00,binhduong_thudaumot,80.93328627119905
2025-03-06 12:00:00+00:00,bacninh_bacninhcity,132.18065498878275
2025-03-06 13:00:00+00:00,backan_backancity,89.46463317829532
2025-03-06 14:00:00+00:00,bentre_bentrecity,66.03546906693693
2025-03-06 15:00:00+00:00,binhduong_thudaumot,82.63133872792609
2025-03-06 16:00:00+00:00,bacninh_bacninhcity,126.75146638069462
2025-03-06 17:00:00+00:00,bacgiang_bacgiangcity,128.17929523363458
2025-03-06 18:00:00+00:00,bentre_bentrecity,66.94964244222732
2025-03-06 19:00:00+00:00,angiang_longxuyen,59.39864412595324
2025-03-06 20:00:00+00:00,binhdinh_quynhon,53.29086114477591
2025-03-06 21:00:00+00:00,backan_backancity,87.11405854950749
2025-03-06 22:00:00+00:00,binhdinh_quynhon,54.35703142555926
2025-03-06 23:00:00+00:00,angiang_longxuyen,60.1778796252091
2025-03-07 00:00:00+00:00,bacgiang_bacgiangcity,122.31437469782247
2025-03-07 01:00:00+00:00,bacninh_bacninhcity,121.07565566963159
2025-03-07 02:00:00+00:00,backan_backancity,84.9742856356509
2025-03-07 03:00:00+00:00,binhduong_thudaumot,84.87355516400874
2025-03-07 04:00:00+00:00,bentre_bentrecity,68.15372401647036
2025-03-07 05:00:00+00:00,backan_backancity,83.03864688170609
2025-03-07 06:00:00+00:00,bacninh_bacninhcity,115.34692503778422
2025-03-07 07:00:00+00:00,binhdinh_quynhon,55.13101579340083
2025-03-07 08:00:00+00:00,binhduong_thudaumot,87.66739890483504
2025-03-07 09:00:00+00:00,bacgiang_bacgiangcity,116.3654527372037
2025-03-07 10:00:00+00:00,angiang_longxuyen,61.161227841462605
2025-03-07 11:00:00+00:00,bentre_bentrecity,69.62092205974147
2025-03-07 12:00:00+00:00,binhdinh_quynhon,55.57847699515049
2025-03-07 13:00:00+00:00,bacninh_bacninhcity,109.67676453459279
2025-03-07 14:00:00+00:00,binhduong_thudaumot,90.49077609041123
2025-03-07 15:00:00+00:00,angiang_longxuyen,62.05581192342798
2025-03-07 16:00:00+00:00,bacgiang_bacgiangcity,110.4312406156738
2025-03-07 17:00:00+00:00,backan_backancity,81.03596923929948
2025-03-07 18:00:00+00:00,bentre_bentrecity,70.94306593660369
2025-03-07 19:00:00+00:00,bacninh_bacninhcity,104.12301642090601
2025-03-07 20:00:00+00:00,bacgiang_bacgiangcity,104.61679193461688
2025-03-07 21:00:00+00:00,binhdinh_quynhon,55.758325863544144
2025-03-07 22:00:00+00:00,backan_backancity,79.11563238712795
2025-03-07 23:00:00+00:00,binhduong_thudaumot,91.78182357233852
2025-03-08 00:00:00+00:00,bentre_bentrecity,71.41118142974652
2025-03-08 01:00:00+00:00,angiang_longxuyen,62.642501966582934
2025-03-08 02:00:00+00:00,bacninh_bacninhcity,99.10484946237855
2025-03-08 03:00:00+00:00,binhdinh_quynhon,55.56966157489963
2025-03-08 04:00:00+00:00,binhduong_thudaumot,92.12044173326922
2025-03-08 05:00:00+00:00,angiang_longxuyen,62.836176749494356
2025-03-08 06:00:00+00:00,bacgiang_bacgiangcity,99.3865075001221
2025-03-08 07:00:00+00:00,backan_backancity,77.17331893052562
2025-03-08 08:00:00+00:00,bentre_bentrecity,71.1827024146663
2025-03-08 09:00:00+00:00,angiang_longxuyen,62.83896432833044
2025-03-08 10:00:00+00:00,bentre_bentrecity,70.67472454416747
2025-03-08 11:00:00+00:00,binhduong_thudaumot,91.82930175802746
2025-03-08 12:00:00+00:00,binhdinh_quynhon,55.33010133830947
2025-03-08 13:00:00+00:00,bacninh_bacninhcity,94.73751842897065
2025-03-08 14:00:00+00:00,backan_backancity,75.38588049500085
2025-03-08 15:00:00+00:00,bacgiang_bacgiangcity,95.00822807214452
2025-03-08 16:00:00+00:00,angiang_longxuyen,62.985019164065115
2025-03-08 17:00:00+00:00,binhduong_thudaumot,91.23862333284549
2025-03-08 18:00:00+00:00,binhdinh_quynhon,55.57777176153042
2025-03-08 19:00:00+00:00,bacgiang_bacgiangcity,91.30208482846764
2025-03-08 20:00:00+00:00,bacninh_bacninhcity,90.87299841721249
2025-03-08 21:00:00+00:00,bentre_bentrecity,70.24734820531368
2025-03-08 22:00:00+00:00,backan_backancity,73.64747485643899
2025-03-08 23:00:00+00:00,binhdinh_quynhon,56.55983816802853
2025-03-09 00:00:00+00:00,backan_backancity,72.06204534978173
2025-03-09 01:00:00+00:00,angiang_longxuyen,63.23778347066346
2025-03-09 02:00:00+00:00,bentre_bentrecity,70.04242542267137
2025-03-09 03:00:00+00:00,binhduong_thudaumot,90.6128934863458
2025-03-09 04:00:00+00:00,bacninh_bacninhcity,87.33976666357373
2025-03-09 05:00:00+00:00,bacgiang_bacgiangcity,88.02788169053386
2025-03-09 06:00:00+00:00,bacgiang_bacgiangcity,85.2473551906514
2025-03-09 07:00:00+00:00,backan_backancity,70.73826228126205
2025-03-09 08:00:00+00:00,bacninh_bacninhcity,84.21193285744846
2025-03-09 09:00:00+00:00,bentre_bentrecity,70.25924187501431
2025-03-09 10:00:00+00:00,binhduong_thudaumot,90.25388609226597
2025-03-09 11:00:00+00:00,binhdinh_quynhon,58.287639094283215
2025-03-09 12:00:00+00:00,angiang_longxuyen,63.90691913607809
2025-03-09 13:00:00+00:00,angiang_longxuyen,64.79265920724043
2025-03-09 14:00:00+00:00,bacgiang_bacgiangcity,82.43793555526024
2025-03-09 15:00:00+00:00,backan_backancity,69.49482581196395
2025-03-09 16:00:00+00:00,binhdinh_quynhon,60.26638882707376
2025-03-09 17:00:00+00:00,bentre_bentrecity,70.80483776452417
2025-03-09 18:00:00+00:00,bacninh_bacninhcity,81.20142395595109
2025-03-09 19:00:00+00:00,binhduong_thudaumot,90.49927046258674
2025-03-09 20:00:00+00:00,bacgiang_bacgiangcity,79.75095257696948
2025-03-09 21:00:00+00:00,binhduong_thudaumot,90.91488893686268
2025-03-09 22:00:00+00:00,backan_backancity,68.3447851464047
2025-03-09 23:00:00+00:00,angiang_longxuyen,65.56199046271715
2025-03-10 00:00:00+00:00,binhdinh_quynhon,61.447910073112645
2025-03-10 01:00:00+00:00,bentre_bentrecity,71.24259485635984
2025-03-10 02:00:00+00:00,bacninh_bacninhcity,78.52347440087145
2025-03-10 03:00:00+00:00,binhduong_thudaumot,90.85159243255198
2025-03-10 04:00:00+00:00,bacgiang_bacgiangcity,77.1613204288004
2025-03-10 05:00:00+00:00,bacninh_bacninhcity,76.1899325935359
2025-03-10 06:00:00+00:00,backan_backancity,67.14130635630313
2025-03-10 07:00:00+00:00,angiang_longxuyen,65.84573978022426
2025-03-10 08:00:00+00:00,bentre_bentrecity,71.35355478931203
2025-03-10 09:00:00+00:00,binhdinh_quynhon,61.051935690720036
2025-03-10 10:00:00+00:00,binhdinh_quynhon,59.35242749837859
2025-03-10 11:00:00+00:00,bentre_bentrecity,71.18969280467061
2025-03-10 12:00:00+00:00,bacgiang_bacgiangcity,74.93077370309308
2025-03-10 13:00:00+00:00,binhduong_thudaumot,90.34914385571457
2025-03-10 14:00:00+00:00,bacninh_bacninhcity,74.31916222863434
2025-03-10 15:00:00+00:00,angiang_longxuyen,65.72872103275911
2025-03-10 16:00:00+00:00,backan_backancity,65.92330118315576
2025-03-10 17:00:00+00:00,bentre_bentrecity,71.13580914402374
2025-03-10 18:00:00+00:00,binhdinh_quynhon,57.17294349883789
2025-03-10 19:00:00+00:00,angiang_longxuyen,65.5881555830401
2025-03-10 20:00:00+00:00,bacninh_bacninhcity,72.93031897611729
2025-03-10 21:00:00+00:00,bacgiang_bacgiangcity,73.19433366499256
2025-03-10 22:00:00+00:00,backan_backancity,64.81176484372466
2025-03-10 23:00:00+00:00,binhduong_thudaumot,90.23736968766218
2025-03-11 00:00:00+00:00,backan_backancity,63.613706345804374
2025-03-11 01:00:00+00:00,bacgiang_bacgiangcity,72.17995516945601
2025-03-11 02:00:00+00:00,angiang_longxuyen,65.84107713767537
2025-03-11 03:00:00+00:00,binhduong_thudaumot,90.3882867041744
2025-03-11 04:00:00+00:00,bacninh_bacninhcity,72.0612090761309
2025-03-11 05:00:00+00:00,bentre_bentrecity,71.56116031876583
2025-03-11 06:00:00+00:00,binhdinh_quynhon,55.26299931237832
2025-03-11 07:00:00+00:00,binhdinh_quynhon,53.85590099230395
2025-03-11 08:00:00+00:00,binhduong_thudaumot,90.7254169651195
2025-03-11 09:00:00+00:00,angiang_longxuyen,66.26399335039142
2025-03-11 10:00:00+00:00,bacgiang_bacgiangcity,71.45733849367082
2025-03-11 11:00:00+00:00,bentre_bentrecity,71.8180368997839
2025-03-11 12:00:00+00:00,backan_backancity,62.654021576559394
2025-03-11 13:00:00+00:00,bacninh_bacninhcity,71.37226254061197
2025-03-11 14:00:00+00:00,binhduong_thudaumot,91.24810110088818
2025-03-11 15:00:00+00:00,bentre_bentrecity,71.95103776590926
2025-03-11 16:00:00+00:00,binhdinh_quynhon,52.822090451479305
2025-03-11 17:00:00+00:00,angiang_longxuyen,67.03886879044211
2025-03-11 18:00:00+00:00,bacgiang_bacgiangcity,71.16695378551543
2025-03-11 19:00:00+00:00,backan_backancity,61.78141648157084
2025-03-11 20:00:00+00:00,bacninh_bacninhcity,71.06790658263196
2025-03-11 21:00:00+00:00,binhdinh_quynhon,52.17151243696574
2025-03-11 22:00:00+00:00,angiang_longxuyen,68.4223989653485
2025-03-11 23:00:00+00:00,bacninh_bacninhcity,71.25761919152252
2025-03-12 00:00:00+00:00,bentre_bentrecity,72.19703802437458
2025-03-12 01:00:00+00:00,bacgiang_bacgiangcity,71.45761963410044
2025-03-12 02:00:00+00:00,binhduong_thudaumot,91.50208884486457
2025-03-12 03:00:00+00:00,backan_backancity,61.04936968866323
2025-03-12 04:00:00+00:00,binhdinh_quynhon,51.785682935499665
2025-03-12 05:00:00+00:00,bacgiang_bacgiangcity,71.99589395971006
2025-03-12 06:00:00+00:00,binhduong_thudaumot,91.08189886042476
2025-03-12 07:00:00+00:00,bacninh_bacninhcity,71.77408369092231
2025-03-12 08:00:00+00:00,bentre_bentrecity,72.56233712684019
2025-03-12 09:00:00+00:00,angiang_longxuyen,70.27604358950325
2025-03-12 10:00:00+00:00,backan_backancity,60.4258002157615
2025-03-12 11:00:00+00:00,binhdinh_quynhon,51.52102972429273
2025-03-12 12:00:00+00:00,bentre_bentrecity,73.01613351844041
2025-03-12 13:00:00+00:00,backan_backancity,59.81038143277279
2025-03-12 14:00:00+00:00,binhduong_thudaumot,90.3231502787046
2025-03-12 15:00:00+00:00,angiang_longxuyen,72.35957769597836
2025-03-12 16:00:00+00:00,bacninh_bacninhcity,72.62917230761781
2025-03-12 17:00:00+00:00,bacgiang_bacgiangcity,72.78802618053832
2025-03-12 18:00:00+00:00,binhduong_thudaumot,89.55284396627175
2025-03-12 19:00:00+00:00,bentre_bentrecity,73.64381526576187
2025-03-12 20:00:00+00:00,bacninh_bacninhcity,73.81376703801442
2025-03-12 21:00:00+00:00,binhdinh_quynhon,51.15246891633429
2025-03-12 22:00:00+00:00,backan_backancity,59.23696931855245
2025-03-12 23:00:00+00:00,bacgiang_bacgiangcity,73.9121781011122
2025-03-13 00:00:00+00:00,angiang_longxuyen,74.39655685334488
2025-03-13 01:00:00+00:00,backan_backancity,58.73337056762689
2025-03-13 02:00:00+00:00,bentre_bentrecity,74.39289249757573
2025-03-13 03:00:00+00:00,angiang_longxuyen,76.15613141323888
2025-03-13 04:00:00+00:00,bacninh_bacninhcity,75.44387166497543
2025-03-13 05:00:00+00:00,binhdinh_quynhon,50.691274719361395
2025-03-13 06:00:00+00:00,binhduong_thudaumot,89.06942835826516
2025-03-13 07:00:00+00:00,bacgiang_bacgiangcity,75.56668714689204
2025-03-13 08:00:00+00:00,bacninh_bacninhcity,77.45463090346067
2025-03-13 09:00:00+00:00,backan_backancity,58.286276277963346
2025-03-13 10:00:00+00:00,binhdinh_quynhon,50.12798366060744
2025-03-13 11:00:00+00:00,angiang_longxuyen,77.96240625754832
2025-03-13 12:00:00+00:00,bacgiang_bacgiangcity,77.6951560711864
2025-03-13 13:00:00+00:00,binhduong_thudaumot,88.77151837852534
2025-03-13 14:00:00+00:00,bentre_bentrecity,75.03233449202105
2025-03-13 15:00:00+00:00,backan_backancity,57.90289126870738
2025-03-13 16:00:00+00:00,bacninh_bacninhcity,79.7350109615915
2025-03-13 17:00:00+00:00,binhduong_thudaumot,88.33872770385531
2025-03-13 18:00:00+00:00,angiang_longxuyen,79.84989494782833
2025-03-13 19:00:00+00:00,binhdinh_quynhon,49.5519030948517
2025-03-13 20:00:00+00:00,bentre_bentrecity,75.7789005203364
2025-03-13 21:00:00+00:00,bacgiang_bacgiangcity,80.0652080136366
2025-03-13 22:00:00+00:00,backan_backancity,57.525817623841824
2025-03-13 23:00:00+00:00,angiang_longxuyen,81.5971922481135
2025-03-14 00:00:00+00:00,bacninh_bacninhcity,82.00759771171137
2025-03-14 01:00:00+00:00,binhdinh_quynhon,49.02421680372717
2025-03-14 02:00:00+00:00,bentre_bentrecity,76.60669230735242
2025-03-14 03:00:00+00:00,bacgiang_bacgiangcity,82.28423036427542
2025-03-14 04:00:00+00:00,binhduong_thudaumot,87.82936914794153
2025-03-14 05:00:00+00:00,bacninh_bacninhcity,83.81897596958225
2025-03-14 06:00:00+00:00,binhdinh_quynhon,48.48337885860676
2025-03-14 07:00:00+00:00,bentre_bentrecity,77.35656054444284
2025-03-14 08:00:00+00:00,backan_backancity,57.10336839014447
2025-03-14 09:00:00+00:00,bacgiang_bacgiangcity,83.93263651844103
2025-03-14 10:00:00+00:00,binhduong_thudaumot,87.48983370679557
2025-03-14 11:00:00+00:00,angiang_longxuyen,83.10151035827879
2025-03-14 12:00:00+00:00,binhdinh_quynhon,47.98911492296307
2025-03-14 13:00:00+00:00,bentre_bentrecity,77.22281394141518
2025-03-14 14:00:00+00:00,bacninh_bacninhcity,84.83471370761964
2025-03-14 15:00:00+00:00,bacgiang_bacgiangcity,84.66000756479666
2025-03-14 16:00:00+00:00,angiang_longxuyen,82.9223691060512
2025-03-14 17:00:00+00:00,binhduong_thudaumot,87.50499503835402
2025-03-14 18:00:00+00:00,backan_backancity,56.85154757176757
2025-03-14 19:00:00+00:00,bacgiang_bacgiangcity,84.84559122144539
2025-03-14 20:00:00+00:00,bentre_bentrecity,76.75750032238452
2025-03-14 21:00:00+00:00,binhdinh_quynhon,47.39171533547633
2025-03-14 22:00:00+00:00,binhduong_thudaumot,87.53008682169781
2025-03-14 23:00:00+00:00,angiang_longxuyen,82.47908689000965
2025-03-15 00:00:00+00:00,bacninh_bacninhcity,85.30872242832747
2025-03-15 01:00:00+00:00,backan_backancity,56.53493579709285
2025-03-15 02:00:00+00:00,backan_backancity,56.2963476392763
2025-03-15 03:00:00+00:00,angiang_longxuyen,82.18143779905836
2025-03-15 04:00:00+00:00,bentre_bentrecity,76.19772351900085
2025-03-15 05:00:00+00:00,bacninh_bacninhcity,85.29781751522255
2025-03-15 06:00:00+00:00,bacgiang_bacgiangcity,84.6558381092726
2025-03-15 07:00:00+00:00,binhdinh_quynhon,46.60705716149318
2025-03-15 08:00:00+00:00,binhduong_thudaumot,87.52495005249216
2025-03-15 09:00:00+00:00,bacninh_bacninhcity,84.91524018906524
2025-03-15 10:00:00+00:00,backan_backancity,55.764429946431356
2025-03-15 11:00:00+00:00,binhdinh_quynhon,45.79497111779979
2025-03-15 12:00:00+00:00,binhduong_thudaumot,87.29689274805637
2025-03-15 13:00:00+00:00,angiang_longxuyen,82.09520631118284
2025-03-15 14:00:00+00:00,bentre_bentrecity,75.56355648142997
2025-03-15 15:00:00+00:00,bacgiang_bacgiangcity,84.23966688432147
2025-03-15 16:00:00+00:00,angiang_longxuyen,82.12792819813562
2025-03-15 17:00:00+00:00,backan_backancity,54.95912939378511
2025-03-15 18:00:00+00:00,binhduong_thudaumot,86.80794189002333
2025-03-15 19:00:00+00:00,bentre_bentrecity,75.00619319715821
2025-03-15 20:00:00+00:00,bacninh_bacninhcity,84.33315798990087
2025-03-15 21:00:00+00:00,binhdinh_quynhon,45.14761430549681
2025-03-15 22:00:00+00:00,bacgiang_bacgiangcity,83.69608901128525
2025-03-15 23:00:00+00:00,binhdinh_quynhon,44.73957947518262
2025-03-16 00:00:00+00:00,bentre_bentrecity,74.66306845044254
2025-03-16 01:00:00+00:00,binhduong_thudaumot,86.13394821328667
2025-03-16 02:00:00+00:00,bacgiang_bacgiangcity,83.21815861983879
2025-03-16 03:00:00+00:00,bacninh_bacninhcity,83.8605966658964
2025-03-16 04:00:00+00:00,angiang_longxuyen,82.53198417660685
2025-03-16 05:00:00+00:00,backan_backancity,54.265789443416836
2025-03-16 06:00:00+00:00,binhdinh_quynhon,44.421147435353404
2025-03-16 07:00:00+00:00,binhduong_thudaumot,85.48070651232975
2025-03-16 08:00:00+00:00,angiang_longxuyen,83.63778691905587
2025-03-16 09:00:00+00:00,bacgiang_bacgiangcity,82.80619258860193
2025-03-16 10:00:00+00:00,bacninh_bacninhcity,83.46002158715125
2025-03-16 11:00:00+00:00,backan_backancity,53.56586413586656
2025-03-16 12:00:00+00:00,bentre_bentrecity,74.83138579612965
2025-03-16 13:00:00+00:00,binhdinh_quynhon,44.062559965008504
2025-03-16 14:00:00+00:00,backan_backancity,52.83474653590432
2025-03-16 15:00:00+00:00,binhduong_thudaumot,85.05754013228226
2025-03-16 16:00:00+00:00,bacninh_bacninhcity,83.05493158371004
2025-03-16 17:00:00+00:00,bacgiang_bacgiangcity,82.39209298740974
2025-03-16 18:00:00+00:00,angiang_longxuyen,85.61338096965122
2025-03-16 19:00:00+00:00,bentre_bentrecity,75.77530525840167
2025-03-16 20:00:00+00:00,binhduong_thudaumot,84.88721191775953
2025-03-16 21:00:00+00:00,binhdinh_quynhon,43.46648983819743
2025-03-16 22:00:00+00:00,bacninh_bacninhcity,82.642589110203
2025-03-16 23:00:00+00:00,angiang_longxuyen,87.91021250800696
2025-03-17 00:00:00+00:00,bentre_bentrecity,76.91608020251346
2025-03-17 01:00:00+00:00,backan_backancity,52.05552533192454
2025-03-17 02:00:00+00:00,bacgiang_bacgiangcity,81.9578263254842
2025-03-17 03:00:00+00:00,binhduong_thudaumot,84.7753454260491
2025-03-17 04:00:00+00:00,angiang_longxuyen,89.56276071841748
2025-03-17 05:00:00+00:00,backan_backancity,51.09124701396507
2025-03-17 06:00:00+00:00,bacninh_bacninhcity,82.42829577408862
2025-03-17 07:00:00+00:00,bentre_bentrecity,77.43937069624263
2025-03-17 08:00:00+00:00,bacgiang_bacgiangcity,81.70778884279859
2025-03-17 09:00:00+00:00,binhdinh_quynhon,42.72763849387457
2025-03-17 10:00:00+00:00,bacgiang_bacgiangcity,81.74496132570506
2025-03-17 11:00:00+00:00,binhdinh_quynhon,41.93426496657314
2025-03-17 12:00:00+00:00,backan_backancity,49.95621162320039
2025-03-17 13:00:00+00:00,bentre_bentrecity,77.26513034116533
2025-03-17 14:00:00+00:00,bacninh_bacninhcity,82.5438980979486
2025-03-17 15:00:00+00:00,angiang_longxuyen,89.55707596362868
2025-03-17 16:00:00+00:00,binhduong_thudaumot,85.24740998920971
2025-03-17 17:00:00+00:00,backan_backancity,48.712250993779264
2025-03-17 18:00:00+00:00,angiang_longxuyen,87.73592926710143
2025-03-17 19:00:00+00:00,bacninh_bacninhcity,83.05214162232795
2025-03-17 20:00:00+00:00,bentre_bentrecity,77.1951025487293
2025-03-17 21:00:00+00:00,bacgiang_bacgiangcity,82.17979145976285
2025-03-17 22:00:00+00:00,binhduong_thudaumot,86.47131792010615
2025-03-17 23:00:00+00:00,binhdinh_quynhon,41.18463498408409
2025-03-18 00:00:00+00:00,binhduong_thudaumot,87.89531563905602
2025-03-18 01:00:00+00:00,bentre_bentrecity,77.19135003875765
2025-03-18 02:00:00+00:00,backan_backancity,47.77155511626384
2025-03-18 03:00:00+00:00,bacninh_bacninhcity,84.30756587189421
2025-03-18 04:00:00+00:00,angiang_longxuyen,84.56658555305165
2025-03-18 05:00:00+00:00,binhdinh_quynhon,40.380835435426505
2025-03-18 06:00:00+00:00,bacgiang_bacgiangcity,83.40627373162714
2025-03-18 07:00:00+00:00,binhdinh_quynhon,39.579404137506586
2025-03-18 08:00:00+00:00,backan_backancity,46.872758692946164
2025-03-18 09:00:00+00:00,angiang_longxuyen,81.8050241194386
2025-03-18 10:00:00+00:00,binhduong_thudaumot,89.3773104843455
2025-03-18 11:00:00+00:00,bacninh_bacninhcity,85.67760368872476
2025-03-18 12:00:00+00:00,bacgiang_bacgiangcity,84.78428473869268
2025-03-18 13:00:00+00:00,bentre_bentrecity,77.9877446344045
2025-03-18 14:00:00+00:00,bacninh_bacninhcity,87.42851650258578
2025-03-18 15:00:00+00:00,bentre_bentrecity,79.70931520283325
2025-03-18 16:00:00+00:00,backan_backancity,46.073948195641364
2025-03-18 17:00:00+00:00,binhduong_thudaumot,91.03913990275255
2025-03-18 18:00:00+00:00,angiang_longxuyen,80.26511077182795
2025-03-18 19:00:00+00:00,bacgiang_bacgiangcity,86.58726452186511
2025-03-18 20:00:00+00:00,binhdinh_quynhon,38.853261293621046
2025-03-18 21:00:00+00:00,bacgiang_bacgiangcity,88.90517563607749
2025-03-18 22:00:00+00:00,binhduong_thudaumot,93.21416139360952
2025-03-18 23:00:00+00:00,bacninh_bacninhcity,89.63946916987605
2025-03-19 00:00:00+00:00,backan_backancity,45.39111050810168
2025-03-19 01:00:00+00:00,binhdinh_quynhon,38.280602063941046
2025-03-19 02:00:00+00:00,bentre_bentrecity,82.21738803585977
2025-03-19 03:00:00+00:00,angiang_longxuyen,79.644623122195
2025-03-19 04:00:00+00:00,binhduong_thudaumot,96.124575516523
2025-03-19 05:00:00+00:00,bacgiang_bacgiangcity,91.4148590702093
2025-03-19 06:00:00+00:00,binhdinh_quynhon,37.82774677801626
2025-03-19 07:00:00+00:00,bentre_bentrecity,85.1440730122285
2025-03-19 08:00:00+00:00,bacninh_bacninhcity,92.04142340345031
2025-03-19 09:00:00+00:00,angiang_longxuyen,79.63623656022662
2025-03-19 10:00:00+00:00,backan_backancity,44.673516239313464
2025-03-19 11:00:00+00:00,binhdinh_quynhon,37.42138926009575
2025-03-19 12:00:00+00:00,bacgiang_bacgiangcity,93.40416348184074
2025-03-19 13:00:00+00:00,bacninh_bacninhcity,93.91353692866711
2025-03-19 14:00:00+00:00,bentre_bentrecity,87.53866994371232
2025-03-19 15:00:00+00:00,backan_backancity,43.92499652326682
2025-03-19 16:00:00+00:00,binhduong_thudaumot,98.92271603017596
2025-03-19 17:00:00+00:00,angiang_longxuyen,80.04640972558815
2025-03-19 18:00:00+00:00,angiang_longxuyen,80.9370209120756
2025-03-19 19:00:00+00:00,backan_backancity,43.151536315548285
2025-03-19 20:00:00+00:00,binhduong_thudaumot,102.06488085057393
2025-03-19 21:00:00+00:00,bacgiang_bacgiangcity,94.37800117004387
2025-03-19 22:00:00+00:00,bentre_bentrecity,89.82368048002087
2025-03-19 23:00:00+00:00,binhdinh_quynhon,37.13191944960963
2025-03-20 00:00:00+00:00,bacninh_bacninhcity,94.7880695033808
2025-03-20 01:00:00+00:00,bentre_bentrecity,92.0184044351385
2025-03-20 02:00:00+00:00,binhdinh_quynhon,36.9696490057054
2025-03-20 03:00:00+00:00,angiang_longxuyen,82.01726250961613
2025-03-20 04:00:00+00:00,binhduong_thudaumot,105.46615350633184
2025-03-20 05:00:00+00:00,bacgiang_bacgiangcity,94.3388690430411
2025-03-20 06:00:00+00:00,backan_backancity,42.39262869888171
2025-03-20 07:00:00+00:00,bacninh_bacninhcity,94.68715914951459
2025-03-20 08:00:00+00:00,bacninh_bacninhcity,93.69580974811042
2025-03-20 09:00:00+00:00,binhduong_thudaumot,109.01648598398427
2025-03-20 10:00:00+00:00,bentre_bentrecity,94.45121085268127
2025-03-20 11:00:00+00:00,bacgiang_bacgiangcity,93.3623486080265
2025-03-20 12:00:00+00:00,backan_backancity,41.65602647799582
2025-03-20 13:00:00+00:00,angiang_longxuyen,83.11977495602017
2025-03-20 14:00:00+00:00,binhdinh_quynhon,36.90993763750889
2025-03-20 15:00:00+00:00,bacgiang_bacgiangcity,91.78672685203482
2025-03-20 16:00:00+00:00,backan_backancity,40.89216793071268
2025-03-20 17:00:00+00:00,binhduong_thudaumot,112.85365496314111
2025-03-20 18:00:00+00:00,binhdinh_quynhon,36.941944760657556
2025-03-20 19:00:00+00:00,bacninh_bacninhcity,92.11748022857412
2025-03-20 20:00:00+00:00,angiang_longxuyen,84.30268046129302
2025-03-20 21:00:00+00:00,bentre_bentrecity,97.13243685525718
2025-03-20 22:00:00+00:00,binhduong_thudaumot,117.04156211480057
2025-03-20 23:00:00+00:00,backan_backancity,40.15571342767965
2025-03-21 00:00:00+00:00,angiang_longxuyen,85.764827507015
2025-03-21 01:00:00+00:00,bentre_bentrecity,100.13664883654934
2025-03-21 02:00:00+00:00,bacgiang_bacgiangcity,90.03823470492375
2025-03-21 03:00:00+00:00,bacninh_bacninhcity,90.38377177947837
2025-03-21 04:00:00+00:00,binhdinh_quynhon,37.056588109747004
2025-03-21 05:00:00+00:00,bacninh_bacninhcity,88.77846707397443
2025-03-21 06:00:00+00:00,angiang_longxuyen,87.95472085008976
2025-03-21 07:00:00+00:00,bentre_bentrecity,103.65631377754933
2025-03-21 08:00:00+00:00,bacgiang_bacgiangcity,88.44165250037615
2025-03-21 09:00:00+00:00,backan_backancity,39.38626542744826
2025-03-21 10:00:00+00:00,binhduong_thudaumot,121.27249447364926
2025-03-21 11:00:00+00:00,binhdinh_quynhon,37.226420754698864
2025-03-21 12:00:00+00:00,bentre_bentrecity,110.34845786315317
2025-03-21 13:00:00+00:00,backan_backancity,38.65564816214891
2025-03-21 14:00:00+00:00,binhduong_thudaumot,127.06651997027635
2025-03-21 15:00:00+00:00,angiang_longxuyen,91.88762171935194
2025-03-21 16:00:00+00:00,bacninh_bacninhcity,87.57706109890482
2025-03-21 17:00:00+00:00,bacgiang_bacgiangcity,87.22592861503693
2025-03-21 18:00:00+00:00,binhdinh_quynhon,37.344271010722814
2025-03-21 19:00:00+00:00,bacgiang_bacgiangcity,86.26472973780022
2025-03-21 20:00:00+00:00,angiang_longxuyen,95.50041010929958
2025-03-21 21:00:00+00:00,bentre_bentrecity,115.35114333550156
2025-03-21 22:00:00+00:00,binhduong_thudaumot,132.00729617573054
2025-03-21 23:00:00+00:00,bacninh_bacninhcity,86.62829315549483
2025-03-22 00:00:00+00:00,binhdinh_quynhon,37.32126514641408
2025-03-22 01:00:00+00:00,backan_backancity,38.06019273220938
2025-03-22 02:00:00+00:00,bentre_bentrecity,117.4845131569462
2025-03-22 03:00:00+00:00,binhdinh_quynhon,37.12754033003637
2025-03-22 04:00:00+00:00,binhduong_thudaumot,134.748999088319
2025-03-22 05:00:00+00:00,bacninh_bacninhcity,85.78158514440268
2025-03-22 06:00:00+00:00,angiang_longxuyen,97.28066606204766
2025-03-22 07:00:00+00:00,bacgiang_bacgiangcity,85.40579569183853
2025-03-22 08:00:00+00:00,backan_backancity,37.51496613733165
2025-03-22 09:00:00+00:00,angiang_longxuyen,98.20545308419278
2025-03-22 10:00:00+00:00,bentre_bentrecity,118.36792786319914
2025-03-22 11:00:00+00:00,backan_backancity,37.02717319666129
2025-03-22 12:00:00+00:00,binhduong_thudaumot,136.2413234618511
2025-03-22 13:00:00+00:00,bacgiang_bacgiangcity,84.61355268262062
2025-03-22 14:00:00+00:00,bacninh_bacninhcity,84.99587745890048
2025-03-22 15:00:00+00:00,binhdinh_quynhon,36.978311943011384
2025-03-22 16:00:00+00:00,backan_backancity,36.61985789524325
2025-03-22 17:00:00+00:00,bentre_bentrecity,119.06260442188113
2025-03-22 18:00:00+00:00,binhduong_thudaumot,137.32924638773994
2025-03-22 19:00:00+00:00,bacninh_bacninhcity,84.16658466789582
2025-03-22 20:00:00+00:00,binhdinh_quynhon,37.223204317580304
2025-03-22 21:00:00+00:00,bacgiang_bacgiangcity,83.79745204889407
2025-03-22 22:00:00+00:00,angiang_longxuyen,98.83026713956845
2025-03-22 23:00:00+00:00,backan_backancity,36.30109706406414
2025-03-23 00:00:00+00:00,angiang_longxuyen,99.48088774209201
2025-03-23 01:00:00+00:00,binhdinh_quynhon,38.21308070991148
2025-03-23 02:00:00+00:00,bacgiang_bacgiangcity,82.9063679270229
2025-03-23 03:00:00+00:00,bentre_bentrecity,119.9785766194119
2025-03-23 04:00:00+00:00,binhduong_thudaumot,138.26756210178763
2025-03-23 05:00:00+00:00,bacninh_bacninhcity,83.2299974909811
2025-03-23 06:00:00+00:00,binhduong_thudaumot,139.12083760096667
2025-03-23 07:00:00+00:00,binhdinh_quynhon,40.148399011417446
2025-03-23 08:00:00+00:00,backan_backancity,36.132555759051726
2025-03-23 09:00:00+00:00,angiang_longxuyen,100.23129845512794
2025-03-23 10:00:00+00:00,bacninh_bacninhcity,82.39639705678357
2025-03-23 11:00:00+00:00,bentre_bentrecity,121.19468766847835
2025-03-23 12:00:00+00:00,bacgiang_bacgiangcity,82.15280912615718
2025-03-23 13:00:00+00:00,binhduong_thudaumot,139.8455938030722
2025-03-23 14:00:00+00:00,backan_backancity,36.0512632890627
2025-03-23 15:00:00+00:00,bentre_bentrecity,122.47169897620216
2025-03-23 16:00:00+00:00,binhdinh_quynhon,43.18743651888341
2025-03-23 17:00:00+00:00,bacgiang_bacgiangcity,81.61895680594907
2025-03-23 18:00:00+00:00,angiang_longxuyen,101.28854729236282
2025-03-23 19:00:00+00:00,bacninh_bacninhcity,81.74633128966298
2025-03-23 20:00:00+00:00,binhdinh_quynhon,47.563935291533966
2025-03-23 21:00:00+00:00,angiang_longxuyen,102.51262319275321
2025-03-23 22:00:00+00:00,bacninh_bacninhcity,81.45430619857711
2025-03-23 23:00:00+00:00,binhduong_thudaumot,140.3259722605478
2025-03-24 00:00:00+00:00,bacgiang_bacgiangcity,81.45166395504786
2025-03-24 01:00:00+00:00,bentre_bentrecity,123.67795104986374
2025-03-24 02:00:00+00:00,backan_backancity,36.157996585386506
2025-03-24 03:00:00+00:00,binhdinh_quynhon,52.551580942170574
2025-03-24 04:00:00+00:00,binhduong_thudaumot,140.38455430193378
2025-03-24 05:00:00+00:00,bacgiang_bacgiangcity,81.58915592040914
2025-03-24 06:00:00+00:00,backan_backancity,36.44891021875696
2025-03-24 07:00:00+00:00,bentre_bentrecity,124.44240046855828
2025-03-24 08:00:00+00:00,bacninh_bacninhcity,81.48577248378066
2025-03-24 09:00:00+00:00,angiang_longxuyen,103.75804551415378
2025-03-24 10:00:00+00:00,bacninh_bacninhcity,82.07220044687409
2025-03-24 11:00:00+00:00,angiang_longxuyen,104.62957548525364
2025-03-24 12:00:00+00:00,binhduong_thudaumot,139.99521769273548
2025-03-24 13:00:00+00:00,bacgiang_bacgiangcity,82.20252333128
2025-03-24 14:00:00+00:00,bentre_bentrecity,124.77199711900792
2025-03-24 15:00:00+00:00,backan_backancity,36.860957256558294
2025-03-24 16:00:00+00:00,binhdinh_quynhon,57.44923306477596
2025-03-24 17:00:00+00:00,bacgiang_bacgiangcity,83.26188548682907
2025-03-24 18:00:00+00:00,binhdinh_quynhon,61.46629379815471
2025-03-24 19:00:00+00:00,bentre_bentrecity,124.70660814366065
2025-03-24 20:00:00+00:00,binhduong_thudaumot,139.3967030737143
2025-03-24 21:00:00+00:00,angiang_longxuyen,104.60146978120248
2025-03-24 22:00:00+00:00,backan_backancity,37.4074799564675
2025-03-24 23:00:00+00:00,bacninh_bacninhcity,83.2143977709561
2025-03-25 00:00:00+00:00,binhdinh_quynhon,64.02324218010722
2025-03-25 01:00:00+00:00,bacgiang_bacgiangcity,85.35674979087256
2025-03-25 02:00:00+00:00,angiang_longxuyen,104.03158264380947
2025-03-25 03:00:00+00:00,bentre_bentrecity,124.0262387737912
2025-03-25 04:00:00+00:00,bacninh_bacninhcity,85.37558858220325
2025-03-25 05:00:00+00:00,backan_backancity,37.93993133961952
2025-03-25 06:00:00+00:00,binhduong_thudaumot,139.3115842348272
2025-03-25 07:00:00+00:00,bacninh_bacninhcity,86.66091021042303
2025-03-25 08:00:00+00:00,binhduong_thudaumot,138.91696790366242
2025-03-25 09:00:00+00:00,angiang_longxuyen,103.20131003075664
2025-03-25 10:00:00+00:00,binhdinh_quynhon,64.77894765493133
2025-03-25 11:00:00+00:00,bentre_bentrecity,122.66154977276153
2025-03-25 12:00:00+00:00,bacgiang_bacgiangcity,86.55139648290117
2025-03-25 13:00:00+00:00,backan_backancity,38.4779912360879
2025-03-25 14:00:00+00:00,bentre_bentrecity,120.83836838193854
2025-03-25 15:00:00+00:00,binhduong_thudaumot,138.21832440586755
2025-03-25 16:00:00+00:00,backan_backancity,38.9709209459639
2025-03-25 17:00:00+00:00,bacninh_bacninhcity,86.55497983210584
2025-03-25 18:00:00+00:00,bacgiang_bacgiangcity,86.32424216340459
2025-03-25 19:00:00+00:00,angiang_longxuyen,102.49815816026725
2025-03-25 20:00:00+00:00,binhdinh_quynhon,64.41613831305007
2025-03-25 21:00:00+00:00,binhduong_thudaumot,136.93984783234527
2025-03-25 22:00:00+00:00,bacninh_bacninhcity,85.07358538841183
2025-03-25 23:00:00+00:00,backan_backancity,39.48764752542519
2025-03-26 00:00:00+00:00,bacgiang_bacgiangcity,84.7377500412252
2025-03-26 01:00:00+00:00,angiang_longxuyen,101.93318859784662
2025-03-26 02:00:00+00:00,binhdinh_quynhon,63.67945508559971
2025-03-26 03:00:00+00:00,bentre_bentrecity,118.30508344699456
2025-03-26 04:00:00+00:00,bacninh_bacninhcity,82.94341056117162
2025-03-26 05:00:00+00:00,binhdinh_quynhon,63.20896419408118
2025-03-26 06:00:00+00:00,bacgiang_bacgiangcity,82.52593965736999
2025-03-26 07:00:00+00:00,bentre_bentrecity,114.93686385208534
2025-03-26 08:00:00+00:00,backan_backancity,40.045144232273714
2025-03-26 09:00:00+00:00,binhduong_thudaumot,134.83353896852478
2025-03-26 10:00:00+00:00,angiang_longxuyen,101.11565664960231
2025-03-26 11:00:00+00:00,binhduong_thudaumot,131.92202723644456
2025-03-26 12:00:00+00:00,binhdinh_quynhon,63.49355931542318
2025-03-26 13:00:00+00:00,backan_backancity,40.684748239847956
2025-03-26 14:00:00+00:00,bacninh_bacninhcity,80.79340937727801
2025-03-26 15:00:00+00:00,bacgiang_bacgiangcity,80.35222022790954
2025-03-26 16:00:00+00:00,bentre_bentrecity,111.12234097278916
2025-03-26 17:00:00+00:00,angiang_longxuyen,100.00606863717395
2025-03-26 18:00:00+00:00,bacninh_bacninhcity,79.01027143730806
2025-03-26 19:00:00+00:00,bacgiang_bacgiangcity,78.53454370965132
2025-03-26 20:00:00+00:00,binhduong_thudaumot,128.22123042602254
2025-03-26 21:00:00+00:00,bentre_bentrecity,106.98856884038103
2025-03-26 22:00:00+00:00,angiang_longxuyen,98.56625155723845
2025-03-26 23:00:00+00:00,binhdinh_quynhon,64.59730472938932
2025-03-27 00:00:00+00:00,backan_backancity,41.46940164873907
2025-03-27 01:00:00+00:00,angiang_longxuyen,96.94825830512005
2025-03-27 02:00:00+00:00,binhdinh_quynhon,66.50677002410013
2025-03-27 03:00:00+00:00,binhduong_thudaumot,124.24871377291679
2025-03-27 04:00:00+00:00,bacninh_bacninhcity,77.57568806641912
2025-03-27 05:00:00+00:00,backan_backancity,42.37207685696713
2025-03-27 06:00:00+00:00,bacgiang_bacgiangcity,77.05966195548586
2025-03-27 07:00:00+00:00,bentre_bentrecity,102.88598423529285
2025-03-27 08:00:00+00:00,angiang_longxuyen,95.22779710967897
2025-03-27 09:00:00+00:00,bacninh_bacninhcity,76.56521694634513
2025-03-27 10:00:00+00:00,backan_backancity,43.273103343353675
2025-03-27 11:00:00+00:00,bacgiang_bacgiangcity,75.99324388991708
2025-03-27 12:00:00+00:00,binhduong_thudaumot,120.37111298790667
2025-03-27 13:00:00+00:00,bentre_bentrecity,98.62318964187494
2025-03-27 14:00:00+00:00,binhdinh_quynhon,68.90126212355935
2025-03-27 15:00:00+00:00,backan_backancity,44.163679982923924
2025-03-27 16:00:00+00:00,bentre_bentrecity,94.58387399290918
2025-03-27 17:00:00+00:00,bacninh_bacninhcity,76.17353114677726
2025-03-27 18:00:00+00:00,angiang_longxuyen,93.48185413789349
2025-03-27 19:00:00+00:00,binhdinh_quynhon,71.48874998031606
2025-03-27 20:00:00+00:00,bacgiang_bacgiangcity,75.52531185281731
2025-03-27 21:00:00+00:00,binhduong_thudaumot,116.43662296045332
2025-03-27 22:00:00+00:00,bacgiang_bacgiangcity,75.39239437580244
2025-03-27 23:00:00+00:00,binhduong_thudaumot,112.62339022982357
2025-03-28 00:00:00+00:00,angiang_longxuyen,91.6179228713244
2025-03-28 01:00:00+00:00,backan_backancity,44.96036048409243
2025-03-28 02:00:00+00:00,bacninh_bacninhcity,76.1203431895664
2025-03-28 03:00:00+00:00,binhdinh_quynhon,74.24964430104525
2025-03-28 04:00:00+00:00,bentre_bentrecity,90.89064831808233
2025-03-28 05:00:00+00:00,binhduong_thudaumot,109.37412162719667
2025-03-28 06:00:00+00:00,backan_backancity,45.67173154269275
2025-03-28 07:00:00+00:00,bacninh_bacninhcity,76.3855825070927
2025-03-28 08:00:00+00:00,bentre_bentrecity,87.73264373614847
2025-03-28 09:00:00+00:00,angiang_longxuyen,89.24999913810097
2025-03-28 10:00:00+00:00,bacgiang_bacgiangcity,75.55113865160632
2025-03-28 11:00:00+00:00,binhdinh_quynhon,77.06697637174807
2025-03-28 12:00:00+00:00,backan_backancity,46.40244410983265
2025-03-28 13:00:00+00:00,bacninh_bacninhcity,76.87230806714891
2025-03-28 14:00:00+00:00,bacgiang_bacgiangcity,75.87510772837149
2025-03-28 15:00:00+00:00,binhduong_thudaumot,105.3742491763976
2025-03-28 16:00:00+00:00,angiang_longxuyen,85.38359870190146
2025-03-28 17:00:00+00:00,binhdinh_quynhon,78.76643691316923
2025-03-28 18:00:00+00:00,bentre_bentrecity,84.10420127434489
2025-03-28 19:00:00+00:00,bacgiang_bacgiangcity,76.34253466571634
2025-03-28 20:00:00+00:00,binhdinh_quynhon,79.74375609673496
2025-03-28 21:00:00+00:00,angiang_longxuyen,82.11148624809476
2025-03-28 22:00:00+00:00,backan_backancity,47.14955812373118
2025-03-28 23:00:00+00:00,binhduong_thudaumot,101.78556366428889
2025-03-29 00:00:00+00:00,bacninh_bacninhcity,77.43914911946335
2025-03-29 01:00:00+00:00,bentre_bentrecity,80.74413832571375
2025-03-29 02:00:00+00:00,bacgiang_bacgiangcity,76.75159637336246
2025-03-29 03:00:00+00:00,angiang_longxuyen,79.77491503350274
2025-03-29 04:00:00+00:00,binhduong_thudaumot,98.74192575828863
2025-03-29 05:00:00+00:00,bacninh_bacninhcity,77.86616331132304
2025-03-29 06:00:00+00:00,backan_backancity,47.848387460115134
2025-03-29 07:00:00+00:00,binhdinh_quynhon,80.18390645604144
2025-03-29 08:00:00+00:00,bentre_bentrecity,77.49215600317717
2025-03-29 09:00:00+00:00,bentre_bentrecity,74.40227019868584
2025-03-29 10:00:00+00:00,backan_backancity,48.48227335725639
2025-03-29 11:00:00+00:00,angiang_longxuyen,77.7389043810908
2025-03-29 12:00:00+00:00,bacgiang_bacgiangcity,77.11599487343489
2025-03-29 13:00:00+00:00,binhduong_thudaumot,95.98176362373128
2025-03-29 14:00:00+00:00,bacninh_bacninhcity,78.16434609258143
2025-03-29 15:00:00+00:00,binhdinh_quynhon,80.62669429378514
2025-03-29 16:00:00+00:00,bentre_bentrecity,71.56241353796906
2025-03-29 17:00:00+00:00,binhduong_thudaumot,93.43832800040487
2025-03-29 18:00:00+00:00,angiang_longxuyen,76.06852281376742
2025-03-29 19:00:00+00:00,backan_backancity,49.02360210685563
2025-03-29 20:00:00+00:00,bacgiang_bacgiangcity,77.41604795331406
2025-03-29 21:00:00+00:00,binhdinh_quynhon,81.49573271739112
2025-03-29 22:00:00+00:00,bacninh_bacninhcity,78.3385650047446
2025-03-29 23:00:00+00:00,bentre_bentrecity,69.12188826697826
2025-03-30 00:00:00+00:00,bacgiang_bacgiangcity,77.62583112982442
2025-03-30 01:00:00+00:00,angiang_longxuyen,75.06233551142614
2025-03-30 02:00:00+00:00,binhdinh_quynhon,83.2236170327563
2025-03-30 03:00:00+00:00,binhduong_thudaumot,91.17178815206788
2025-03-30 04:00:00+00:00,backan_backancity,49.460894602218616
2025-03-30 05:00:00+00:00,bacninh_bacninhcity,78.3913598418632
2025-03-30 06:00:00+00:00,binhduong_thudaumot,89.26346171435165
2025-03-30 07:00:00+00:00,bacninh_bacninhcity,78.34904820720507
2025-03-30 08:00:00+00:00,bacgiang_bacgiangcity,77.75518431800273
2025-03-30 09:00:00+00:00,binhdinh_quynhon,86.17475169631808
2025-03-30 10:00:00+00:00,angiang_longxuyen,75.13744527450949
2025-03-30 11:00:00+00:00,backan_backancity,49.78080858566839
2025-03-30 12:00:00+00:00,bentre_bentrecity,67.1623418550585
2025-03-30 13:00:00+00:00,bacninh_bacninhcity,78.1697830625848
2025-03-30 14:00:00+00:00,bacgiang_bacgiangcity,77.75683065729824
2025-03-30 15:00:00+00:00,backan_backancity,49.92194584643069
2025-03-30 16:00:00+00:00,binhduong_thudaumot,87.82959787235885
2025-03-30 17:00:00+00:00,binhdinh_quynhon,90.7352259070581
2025-03-30 18:00:00+00:00,bentre_bentrecity,65.91311103385496
2025-03-30 19:00:00+00:00,angiang_longxuyen,76.95213050624746
2025-03-30 20:00:00+00:00,bacninh_bacninhcity,77.8812019417618
2025-03-30 21:00:00+00:00,backan_backancity,49.91936793164382
2025-03-30 22:00:00+00:00,binhdinh_quynhon,96.90077624779386
2025-03-30 23:00:00+00:00,bentre_bentrecity,65.11317835737769
2025-03-31 00:00:00+00:00,bacgiang_bacgiangcity,77.65618476603956
2025-03-31 01:00:00+00:00,angiang_longxuyen,81.08345695517247
2025-03-31 02:00:00+00:00,binhduong_thudaumot,86.91187569478099
2025-03-31 03:00:00+00:00,angiang_longxuyen,87.66485315441935
2025-03-31 04:00:00+00:00,bentre_bentrecity,64.46586443090297
2025-03-31 05:00:00+00:00,backan_backancity,49.834849494352184
2025-03-31 06:00:00+00:00,binhdinh_quynhon,103.32322669718955
2025-03-31 07:00:00+00:00,binhduong_thudaumot,86.09919997094919
2025-03-31 08:00:00+00:00,bacninh_bacninhcity,77.7345514695237
2025-03-31 09:00:00+00:00,bacgiang_bacgiangcity,77.6018913074783
2025-03-31 10:00:00+00:00,binhdinh_quynhon,107.85227274346224
2025-03-31 11:00:00+00:00,bacgiang_bacgiangcity,77.88206918851081
2025-03-31 12:00:00+00:00,bentre_bentrecity,63.78971693256988
2025-03-31 13:00:00+00:00,binhduong_thudaumot,85.36230707944962
2025-03-31 14:00:00+00:00,bacninh_bacninhcity,78.1868730651414
2025-03-31 15:00:00+00:00,angiang_longxuyen,95.14316431017868
2025-03-31 16:00:00+00:00,backan_backancity,49.74069604098096
2025-03-31 17:00:00+00:00,backan_backancity,49.87693002204697
2025-03-31 18:00:00+00:00,binhduong_thudaumot,84.93060522830788
2025-03-31 19:00:00+00:00,bacgiang_bacgiangcity,79.39471191444812
2025-03-31 20:00:00+00:00,bacninh_bacninhcity,79.94659296034224
2025-03-31 21:00:00+00:00,angiang_longxuyen,99.23667052149973
2025-03-31 22:00:00+00:00,bentre_bentrecity,63.362235761691494
2025-03-31 23:00:00+00:00,binhdinh_quynhon,108.11486386109428
2025-04-01 00:00:00+00:00,binhduong_thudaumot,85.12706282496336
2025-04-01 01:00:00+00:00,angiang_longxuyen,96.20069667038919
2025-04-01 02:00:00+00:00,bacninh_bacninhcity,82.67945900976572
2025-04-01 03:00:00+00:00,backan_backancity,50.116685627410256
2025-04-01 04:00:00+00:00,binhdinh_quynhon,103.42380111206784
2025-04-01 05:00:00+00:00,bacgiang_bacgiangcity,81.97048479245524
2025-04-01 06:00:00+00:00,bentre_bentrecity,63.91332580230905
2025-04-01 07:00:00+00:00,bacgiang_bacgiangcity,85.6744563454406
2025-04-01 08:00:00+00:00,binhdinh_quynhon,96.24218632667257
2025-04-01 09:00:00+00:00,bacninh_bacninhcity,86.41684457932087
2025-04-01 10:00:00+00:00,backan_backancity,50.50485478906183
2025-04-01 11:00:00+00:00,angiang_longxuyen,87.75272383395232
2025-04-01 12:00:00+00:00,bentre_bentrecity,65.03226232965883
2025-04-01 13:00:00+00:00,binhduong_thudaumot,85.61739079459235
2025-04-01 14:00:00+00:00,bacninh_bacninhcity,91.27571302227798
2025-04-01 15:00:00+00:00,backan_backancity,51.017602516680164
2025-04-01 16:00:00+00:00,binhdinh_quynhon,89.99925863468488
2025-04-01 17:00:00+00:00,angiang_longxuyen,79.91423202911054
2025-04-01 18:00:00+00:00,bentre_bentrecity,66.48817663500886
2025-04-01 19:00:00+00:00,bacgiang_bacgiangcity,90.53277739845106
2025-04-01 20:00:00+00:00,binhduong_thudaumot,86.2599396290396
2025-04-01 21:00:00+00:00,binhduong_thudaumot,87.10753513852185
2025-04-01 22:00:00+00:00,bacninh_bacninhcity,96.54697471675406
2025-04-01 23:00:00+00:00,backan_backancity,51.47365041426337
2025-04-02 00:00:00+00:00,angiang_longxuyen,76.50123605569198
2025-04-02 01:00:00+00:00,bentre_bentrecity,68.30698605389662
2025-04-02 02:00:00+00:00,bacgiang_bacgiangcity,95.94669641804622
2025-04-02 03:00:00+00:00,binhdinh_quynhon,86.39599491915457
2025-04-02 04:00:00+00:00,binhduong_thudaumot,87.83070456498224
2025-04-02 05:00:00+00:00,bacgiang_bacgiangcity,100.706041000008
2025-04-02 06:00:00+00:00,bentre_bentrecity,70.01863570072412
2025-04-02 07:00:00+00:00,bacninh_bacninhcity,100.88995747008362
2025-04-02 08:00:00+00:00,binhdinh_quynhon,84.95003369977698
2025-04-02 09:00:00+00:00,angiang_longxuyen,76.613377731467
2025-04-02 10:00:00+00:00,backan_backancity,51.702127046797585
2025-04-02 11:00:00+00:00,backan_backancity,51.709822670421985
2025-04-02 12:00:00+00:00,angiang_longxuyen,78.5255805715476
2025-04-02 13:00:00+00:00,bacninh_bacninhcity,103.86053311348108
2025-04-02 14:00:00+00:00,binhduong_thudaumot,88.26480087486779
2025-04-02 15:00:00+00:00,binhdinh_quynhon,84.69717766515711
2025-04-02 16:00:00+00:00,bentre_bentrecity,71.39045804451895
2025-04-02 17:00:00+00:00,bacgiang_bacgiangcity,104.23779914893726
2025-04-02 18:00:00+00:00,bentre_bentrecity,72.42931720034673
2025-04-02 19:00:00+00:00,bacninh_bacninhcity,105.9567697640285
2025-04-02 20:00:00+00:00,angiang_longxuyen,80.95663760467977
2025-04-02 21:00:00+00:00,bacgiang_bacgiangcity,106.81772480464633
2025-04-02 22:00:00+00:00,backan_backancity,51.65638692842568
2025-04-02 23:00:00+00:00,binhdinh_quynhon,84.94278003843813
2025-04-03 00:00:00+00:00,binhduong_thudaumot,88.6682969550258
2025-04-03 01:00:00+00:00,bentre_bentrecity,73.2278989732342
2025-04-03 02:00:00+00:00,angiang_longxuyen,83.1464558975551
2025-04-03 03:00:00+00:00,backan_backancity,51.49442145041121
2025-04-03 04:00:00+00:00,bacninh_bacninhcity,107.3773622290882
2025-04-03 05:00:00+00:00,binhduong_thudaumot,88.55230627616558
2025-04-03 06:00:00+00:00,bacgiang_bacgiangcity,108.4965060379412
2025-04-03 07:00:00+00:00,binhdinh_quynhon,85.2319806212247
2025-04-03 08:00:00+00:00,backan_backancity,51.36075108885599
2025-04-03 09:00:00+00:00,bacninh_bacninhcity,107.98875450931368
2025-04-03 10:00:00+00:00,binhduong_thudaumot,87.82219411062114
2025-04-03 11:00:00+00:00,binhdinh_quynhon,85.28480285762245
2025-04-03 12:00:00+00:00,angiang_longxuyen,85.0034384686751
2025-04-03 13:00:00+00:00,bacgiang_bacgiangcity,109.15202187906824
2025-04-03 14:00:00+00:00,bentre_bentrecity,73.98624669158755
2025-04-03 15:00:00+00:00,bentre_bentrecity,74.60016685313362
2025-04-03 16:00:00+00:00,binhduong_thudaumot,86.83692317973454
2025-04-03 17:00:00+00:00,backan_backancity,51.20525184072282
2025-04-03 18:00:00+00:00,binhdinh_quynhon,84.89821689779703
2025-04-03 19:00:00+00:00,bacgiang_bacgiangcity,109.06569866317119
2025-04-03 20:00:00+00:00,angiang_longxuyen,86.29016460776998
2025-04-03 21:00:00+00:00,bacninh_bacninhcity,107.91207464840727
2025-04-03 22:00:00+00:00,bacninh_bacninhcity,107.69758832606578
2025-04-03 23:00:00+00:00,backan_backancity,51.04305763829103
2025-04-04 00:00:00+00:00,binhdinh_quynhon,83.80502854521778
2025-04-04 01:00:00+00:00,binhduong_thudaumot,85.84209585678681
2025-04-04 02:00:00+00:00,bacgiang_bacgiangcity,108.81720387902949
2025-04-04 03:00:00+00:00,angiang_longxuyen,87.26886924184268
2025-04-04 04:00:00+00:00,bentre_bentrecity,75.09684907298126
2025-04-04 05:00:00+00:00,binhduong_thudaumot,85.16049232808224
2025-04-04 06:00:00+00:00,angiang_longxuyen,88.1511546212851
2025-04-04 07:00:00+00:00,bacninh_bacninhcity,107.59386656790335
2025-04-04 08:00:00+00:00,backan_backancity,50.90005246145395
2025-04-04 09:00:00+00:00,binhdinh_quynhon,82.0351089705321
2025-04-04 10:00:00+00:00,bacgiang_bacgiangcity,108.6074326152492
2025-04-04 11:00:00+00:00,bentre_bentrecity,75.78309856641263
2025-04-04 12:00:00+00:00,bentre_bentrecity,76.72197894386558
2025-04-04 13:00:00+00:00,bacninh_bacninhcity,107.45782319051844
2025-04-04 14:00:00+00:00,backan_backancity,50.66583865811864
2025-04-04 15:00:00+00:00,binhduong_thudaumot,84.42657166273483
2025-04-04 16:00:00+00:00,angiang_longxuyen,88.99523944921611
2025-04-04 17:00:00+00:00,binhdinh_quynhon,80.02943885033223
2025-04-04 18:00:00+00:00,bacgiang_bacgiangcity,108.27119819160527
2025-04-04 19:00:00+00:00,bacninh_bacninhcity,107.18839654837296
2025-04-04 20:00:00+00:00,backan_backancity,50.53073876895517
2025-04-04 21:00:00+00:00,binhduong_thudaumot,83.72985326211905
2025-04-04 22:00:00+00:00,angiang_longxuyen,89.63402624350765
2025-04-04 23:00:00+00:00,binhdinh_quynhon,78.02532691522535
2025-04-05 00:00:00+00:00,bacgiang_bacgiangcity,107.75393196547185
2025-04-05 01:00:00+00:00,bentre_bentrecity,77.47856119562275
2025-04-05 02:00:00+00:00,bentre_bentrecity,78.00750070595049
2025-04-05 03:00:00+00:00,bacgiang_bacgiangcity,107.12717405036723
2025-04-05 04:00:00+00:00,binhdinh_quynhon,76.13297544853128
2025-04-05 05:00:00+00:00,binhduong_thudaumot,83.13010091044374
2025-04-05 06:00:00+00:00,bacninh_bacninhcity,106.78313142779974
2025-04-05 07:00:00+00:00,angiang_longxuyen,90.19623086127933
2025-04-05 08:00:00+00:00,backan_backancity,50.48913951555516
2025-04-05 09:00:00+00:00,bacninh_bacninhcity,106.17500859634164
2025-04-05 10:00:00+00:00,binhdinh_quynhon,74.34547983190218
2025-04-05 11:00:00+00:00,angiang_longxuyen,90.68701985356198
2025-04-05 12:00:00+00:00,backan_backancity,50.45316307074759
2025-04-05 13:00:00+00:00,bentre_bentrecity,78.25944065162808
2025-04-05 14:00:00+00:00,binhduong_thudaumot,82.72462016945629
2025-04-05 15:00:00+00:00,bacgiang_bacgiangcity,106.3585843623373
2025-04-05 16:00:00+00:00,bacninh_bacninhcity,105.26640620926788
2025-04-05 17:00:00+00:00,bacgiang_bacgiangcity,105.37884927711363
2025-04-05 18:00:00+00:00,binhdinh_quynhon,72.92474620099114
2025-04-05 19:00:00+00:00,bentre_bentrecity,78.44291098996263
2025-04-05 20:00:00+00:00,backan_backancity,50.36414162148997
2025-04-05 21:00:00+00:00,binhduong_thudaumot,82.5836758949211
2025-04-05 22:00:00+00:00,angiang_longxuyen,91.15074193185545
2025-04-05 23:00:00+00:00,bentre_bentrecity,78.72951936268623
2025-04-06 00:00:00+00:00,backan_backancity,50.32780302968831
2025-04-06 01:00:00+00:00,bacninh_bacninhcity,104.02560900531651
2025-04-06 02:00:00+00:00,angiang_longxuyen,91.58394716953187
2025-04-06 03:00:00+00:00,binhdinh_quynhon,71.88151269068213
2025-04-06 04:00:00+00:00,bacgiang_bacgiangcity,104.20401524209883
2025-04-06 05:00:00+00:00,binhduong_thudaumot,82.44712384396225
2025-04-06 06:00:00+00:00,bentre_bentrecity,79.24730141003162
2025-04-06 07:00:00+00:00,binhdinh_quynhon,71.03529905788784
2025-04-06 08:00:00+00:00,bacninh_bacninhcity,102.72034189314266
2025-04-06 09:00:00+00:00,bacgiang_bacgiangcity,102.94112409332548
2025-04-06 10:00:00+00:00,backan_backancity,50.17698786701818
2025-04-06 11:00:00+00:00,angiang_longxuyen,92.1476337309241
2025-04-06 12:00:00+00:00,binhduong_thudaumot,82.50123027266142
2025-04-06 13:00:00+00:00,bacninh_bacninhcity,101.44927622899615
2025-04-06 14:00:00+00:00,binhduong_thudaumot,82.57633288810673
2025-04-06 15:00:00+00:00,binhdinh_quynhon,70.14183477254892
2025-04-06 16:00:00+00:00,backan_backancity,49.956068670439564
2025-04-06 17:00:00+00:00,angiang_longxuyen,92.82912766251204
2025-04-06 18:00:00+00:00,bacgiang_bacgiangcity,101.73146736141028
2025-04-06 19:00:00+00:00,bentre_bentrecity,79.8721264846826
2025-04-06 20:00:00+00:00,binhduong_thudaumot,82.7040135289834
2025-04-06 21:00:00+00:00,backan_backancity,49.78793716334152
2025-04-06 22:00:00+00:00,bacninh_bacninhcity,100.33274934912102
2025-04-06 23:00:00+00:00,bentre_bentrecity,80.56589529333336
2025-04-07 00:00:00+00:00,angiang_longxuyen,93.47293686380054
2025-04-07 01:00:00+00:00,bacgiang_bacgiangcity,100.69184876904062
2025-04-07 02:00:00+00:00,binhdinh_quynhon,68.98770327548407
2025-04-07 03:00:00+00:00,binhduong_thudaumot,82.79273001235126
2025-04-07 04:00:00+00:00,bacgiang_bacgiangcity,99.92883840813838
2025-04-07 05:00:00+00:00,bacninh_bacninhcity,99.69377671624041
2025-04-07 06:00:00+00:00,bentre_bentrecity,81.2774438516117
2025-04-07 07:00:00+00:00,binhdinh_quynhon,67.31303789042795
2025-04-07 08:00:00+00:00,angiang_longxuyen,93.80065606799134
2025-04-07 09:00:00+00:00,backan_backancity,49.6067778946403
2025-04-07 10:00:00+00:00,bacninh_bacninhcity,100.19725008568199
2025-04-07 11:00:00+00:00,bacgiang_bacgiangcity,99.86963958515307
2025-04-07 12:00:00+00:00,angiang_longxuyen,93.54848382407741
2025-04-07 13:00:00+00:00,backan_backancity,49.23484816661843
2025-04-07 14:00:00+00:00,bentre_bentrecity,81.82733904540335
2025-04-07 15:00:00+00:00,binhduong_thudaumot,82.94421228790524
2025-04-07 16:00:00+00:00,binhdinh_quynhon,65.39664653445519
2025-04-07 17:00:00+00:00,angiang_longxuyen,92.95816873716254
2025-04-07 18:00:00+00:00,bentre_bentrecity,82.4281706904229
2025-04-07 19:00:00+00:00,bacgiang_bacgiangcity,101.4770144253247
2025-04-07 20:00:00+00:00,binhduong_thudaumot,83.25403380644077
2025-04-07 21:00:00+00:00,bacninh_bacninhcity,102.36400295059823
2025-04-07 22:00:00+00:00,backan_backancity,48.598370059414215
2025-04-07 23:00:00+00:00,binhdinh_quynhon,63.467625302063546
2025-04-08 00:00:00+00:00,binhdinh_quynhon,61.61683020294124
2025-04-08 01:00:00+00:00,bacninh_bacninhcity,104.95754366550288
2025-04-08 02:00:00+00:00,bentre_bentrecity,83.02669364835512
2025-04-08 03:00:00+00:00,bacgiang_bacgiangcity,103.81813630280297
2025-04-08 04:00:00+00:00,backan_backancity,47.62752067954882
2025-04-08 05:00:00+00:00,binhduong_thudaumot,83.74991310828179
2025-04-08 06:00:00+00:00,angiang_longxuyen,92.32820689330593
2025-04-08 07:00:00+00:00,binhduong_thudaumot,84.30913477844426
2025-04-08 08:00:00+00:00,bentre_bentrecity,84.06741476389264
2025-04-08 09:00:00+00:00,backan_backancity,46.56304677152726
2025-04-08 10:00:00+00:00,bacgiang_bacgiangcity,106.72614330969695
2025-04-08 11:00:00+00:00,binhdinh_quynhon,59.97192758268885
2025-04-08 12:00:00+00:00,angiang_longxuyen,91.72561752496475
2025-04-08 13:00:00+00:00,bacninh_bacninhcity,107.92647356524135
2025-04-08 14:00:00+00:00,backan_backancity,45.7248289631551
2025-04-08 15:00:00+00:00,binhduong_thudaumot,85.18432731840376
2025-04-08 16:00:00+00:00,bacninh_bacninhcity,111.11772836370655
2025-04-08 17:00:00+00:00,angiang_longxuyen,91.34042833273986
2025-04-08 18:00:00+00:00,bentre_bentrecity,85.46589660630829
2025-04-08 19:00:00+00:00,bacgiang_bacgiangcity,109.99196107693534
2025-04-08 20:00:00+00:00,binhdinh_quynhon,58.671886585196155
2025-04-08 21:00:00+00:00,binhduong_thudaumot,86.26468208687994
2025-04-08 22:00:00+00:00,angiang_longxuyen,91.36595969582316
2025-04-08 23:00:00+00:00,binhdinh_quynhon,57.57601310325943
2025-04-09 00:00:00+00:00,bacgiang_bacgiangcity,113.25006654272724
2025-04-09 01:00:00+00:00,bacninh_bacninhcity,114.048526805768
2025-04-09 02:00:00+00:00,bentre_bentrecity,87.02503710024988
2025-04-09 03:00:00+00:00,backan_backancity,45.22747724787759
2025-04-09 04:00:00+00:00,bacninh_bacninhcity,116.61461939932128
2025-04-09 05:00:00+00:00,binhdinh_quynhon,56.60405345695163
2025-04-09 06:00:00+00:00,angiang_longxuyen,91.5723924170017
2025-04-09 07:00:00+00:00,bentre_bentrecity,88.52914435509294
2025-04-09 08:00:00+00:00,backan_backancity,45.05780185096263
2025-04-09 09:00:00+00:00,binhduong_thudaumot,87.16105069580962
2025-04-09 10:00:00+00:00,bacgiang_bacgiangcity,116.28658331651066
2025-04-09 11:00:00+00:00,bacgiang_bacgiangcity,118.48692174130969
2025-04-09 12:00:00+00:00,bentre_bentrecity,90.01134469497612
2025-04-09 13:00:00+00:00,bacninh_bacninhcity,118.38853926876405
2025-04-09 14:00:00+00:00,angiang_longxuyen,91.9959930160602
2025-04-09 15:00:00+00:00,binhduong_thudaumot,87.41792370300867
2025-04-09 16:00:00+00:00,binhdinh_quynhon,55.68095982938577
2025-04-09 17:00:00+00:00,backan_backancity,45.06707472004813
2025-04-09 18:00:00+00:00,bentre_bentrecity,92.01879517268476
2025-04-09 19:00:00+00:00,bacgiang_bacgiangcity,119.61723016078308
2025-04-09 20:00:00+00:00,bacninh_bacninhcity,119.25633400335087
2025-04-09 21:00:00+00:00,backan_backancity,45.0785776522025
2025-04-09 22:00:00+00:00,angiang_longxuyen,92.87204208131163
2025-04-09 23:00:00+00:00,binhduong_thudaumot,86.95401816867212
2025-04-10 00:00:00+00:00,binhdinh_quynhon,54.70482596246189
2025-04-10 01:00:00+00:00,binhduong_thudaumot,86.28756286752296
2025-04-10 02:00:00+00:00,bentre_bentrecity,94.88679804073492
2025-04-10 03:00:00+00:00,bacninh_bacninhcity,119.57512104253613
2025-04-10 04:00:00+00:00,bacgiang_bacgiangcity,120.00034832488552
2025-04-10 05:00:00+00:00,binhdinh_quynhon,53.735768257198835
2025-04-10 06:00:00+00:00,angiang_longxuyen,94.39657490313054
2025-04-10 07:00:00+00:00,bacgiang_bacgiangcity,119.85584929169781
2025-04-10 08:00:00+00:00,binhdinh_quynhon,52.65932443800421
2025-04-10 09:00:00+00:00,angiang_longxuyen,96.30260471539866
2025-04-10 10:00:00+00:00,bentre_bentrecity,98.30965864810513
2025-04-10 11:00:00+00:00,binhduong_thudaumot,85.65269774397007
2025-04-10 12:00:00+00:00,bacninh_bacninhcity,119.47393669587834
2025-04-10 13:00:00+00:00,bacgiang_bacgiangcity,119.44802412543284
2025-04-10 14:00:00+00:00,bentre_bentrecity,101.98135772187953
2025-04-10 15:00:00+00:00,binhduong_thudaumot,85.34964503865957
2025-04-10 16:00:00+00:00,bacninh_bacninhcity,119.14124035306483
2025-04-10 17:00:00+00:00,angiang_longxuyen,98.49571598468323
2025-04-10 18:00:00+00:00,binhdinh_quynhon,51.67521857211833
2025-04-10 19:00:00+00:00,binhdinh_quynhon,50.81871234054466
2025-04-10 20:00:00+00:00,angiang_longxuyen,100.88879091599163
2025-04-10 21:00:00+00:00,binhduong_thudaumot,85.32090795991478
2025-04-10 22:00:00+00:00,bentre_bentrecity,105.94705433702093
2025-04-10 23:00:00+00:00,bacgiang_bacgiangcity,118.86364753445723
2025-04-11 00:00:00+00:00,binhdinh_quynhon,50.1497982519093
2025-04-11 01:00:00+00:00,bacninh_bacninhcity,118.64203739953463
2025-04-11 02:00:00+00:00,binhduong_thudaumot,85.64689624442659
2025-04-11 03:00:00+00:00,bentre_bentrecity,110.5063611002142
2025-04-11 04:00:00+00:00,angiang_longxuyen,103.43380959223508
2025-04-11 05:00:00+00:00,binhduong_thudaumot,86.78456553980946
2025-04-11 06:00:00+00:00,angiang_longxuyen,106.99138203158677
2025-04-11 07:00:00+00:00,bentre_bentrecity,114.70569017746357
2025-04-11 08:00:00+00:00,binhdinh_quynhon,49.467556200873055
2025-04-11 09:00:00+00:00,binhduong_thudaumot,87.78614857197917
2025-04-11 10:00:00+00:00,bentre_bentrecity,118.15361784926266
2025-04-11 11:00:00+00:00,angiang_longxuyen,110.18890709552363
2025-04-11 12:00:00+00:00,binhdinh_quynhon,48.69815108646991
2025-04-11 13:00:00+00:00,binhdinh_quynhon,48.081166970750175
2025-04-11 14:00:00+00:00,angiang_longxuyen,112.25316402220153
2025-04-11 15:00:00+00:00,binhduong_thudaumot,88.83369806439208
2025-04-11 16:00:00+00:00,bentre_bentrecity,119.98203607622386
2025-04-11 17:00:00+00:00,binhdinh_quynhon,47.80225660419698
2025-04-11 18:00:00+00:00,binhduong_thudaumot,89.61865107844443
2025-04-11 19:00:00+00:00,angiang_longxuyen,113.54463738422879
2025-04-11 20:00:00+00:00,bentre_bentrecity,121.0588301296825
2025-04-11 21:00:00+00:00,binhduong_thudaumot,90.13786205776157
2025-04-11 22:00:00+00:00,angiang_longxuyen,114.71094369142388
2025-04-11 23:00:00+00:00,bentre_bentrecity,121.92670348828777
2025-04-12 00:00:00+00:00,binhdinh_quynhon,48.11224966604551
2025-04-12 01:00:00+00:00,binhduong_thudaumot,90.39280282014346
2025-04-12 02:00:00+00:00,binhdinh_quynhon,49.41771810335751
2025-04-12 03:00:00+00:00,bentre_bentrecity,122.90426450027388
2025-04-12 04:00:00+00:00,angiang_longxuyen,115.73879548466815
2025-04-12 05:00:00+00:00,bentre_bentrecity,124.14635721362023
2025-04-12 06:00:00+00:00,binhduong_thudaumot,90.74218294141824
2025-04-12 07:00:00+00:00,binhdinh_quynhon,51.763148815301655
2025-04-12 08:00:00+00:00,angiang_longxuyen,116.90145054009719
2025-04-12 09:00:00+00:00,binhduong_thudaumot,91.455711395434
2025-04-12 10:00:00+00:00,binhdinh_quynhon,54.89333776816152
2025-04-12 11:00:00+00:00,angiang_longxuyen,117.95722696389556
2025-04-12 12:00:00+00:00,bentre_bentrecity,125.98800810114179
2025-04-12 13:00:00+00:00,backan_backancity,45.0473281786862
2025-04-12 14:00:00+00:00,angiang_longxuyen,118.9025545108617
2025-04-12 15:00:00+00:00,binhduong_thudaumot,92.84474644290515
2025-04-12 16:00:00+00:00,bentre_bentrecity,128.61903936884573
2025-04-12 17:00:00+00:00,binhdinh_quynhon,58.217835261172475
2025-04-12 18:00:00+00:00,backan_backancity,45.32904518444359
2025-04-12 19:00:00+00:00,backan_backancity,45.64604293157253
2025-04-12 20:00:00+00:00,angiang_longxuyen,120.05926392271343
2025-04-12 21:00:00+00:00,binhduong_thudaumot,94.67292760653798
2025-04-12 22:00:00+00:00,bentre_bentrecity,131.78188587991602
2025-04-12 23:00:00+00:00,binhdinh_quynhon,60.93625116902258
2025-04-13 00:00:00+00:00,backan_backancity,46.21845437646711
2025-04-13 01:00:00+00:00,angiang_longxuyen,121.16026464367174
2025-04-13 02:00:00+00:00,bacninh_bacninhcity,117.88947212035666
2025-04-13 03:00:00+00:00,bentre_bentrecity,135.06580861431286
2025-04-13 04:00:00+00:00,binhduong_thudaumot,96.73662389035701
2025-04-13 05:00:00+00:00,bacgiang_bacgiangcity,117.97653988188299
2025-04-13 06:00:00+00:00,binhdinh_quynhon,62.40770205692824
2025-04-13 07:00:00+00:00,binhduong_thudaumot,98.31343297326373
2025-04-13 08:00:00+00:00,angiang_longxuyen,121.49032112550202
2025-04-13 09:00:00+00:00,bacgiang_bacgiangcity,120.84984034099472
2025-04-13 10:00:00+00:00,bentre_bentrecity,137.1791054855917
2025-04-13 11:00:00+00:00,backan_backancity,46.775932022947515
2025-04-13 12:00:00+00:00,binhdinh_quynhon,62.72358477252275
2025-04-13 13:00:00+00:00,bacninh_bacninhcity,120.81397111075778
2025-04-13 14:00:00+00:00,bacgiang_bacgiangcity,125.10266829770976
2025-04-13 15:00:00+00:00,bentre_bentrecity,137.63377627157897
2025-04-13 16:00:00+00:00,binhdinh_quynhon,61.59475114903185
2025-04-13 17:00:00+00:00,bacninh_bacninhcity,125.21431916900593
2025-04-13 18:00:00+00:00,angiang_longxuyen,120.84926138231339
2025-04-13 19:00:00+00:00,binhduong_thudaumot,98.16239526590499
2025-04-13 20:00:00+00:00,backan_backancity,46.80578055940773
2025-04-13 21:00:00+00:00,backan_backancity,46.58135425509688
2025-04-13 22:00:00+00:00,bacgiang_bacgiangcity,130.35606789581163
2025-04-13 23:00:00+00:00,bentre_bentrecity,136.62224015343682
2025-04-14 00:00:00+00:00,bacninh_bacninhcity,130.65341678596522
2025-04-14 01:00:00+00:00,angiang_longxuyen,120.36828967088039
2025-04-14 02:00:00+00:00,binhduong_thudaumot,97.10338289789256
2025-04-14 03:00:00+00:00,binhdinh_quynhon,59.83957238653321
2025-04-14 04:00:00+00:00,bacninh_bacninhcity,136.26610194039404
2025-04-14 05:00:00+00:00,angiang_longxuyen,120.3653281661853
2025-04-14 06:00:00+00:00,binhdinh_quynhon,58.04412383131023
2025-04-14 07:00:00+00:00,binhduong_thudaumot,96.22907755850494
2025-04-14 08:00:00+00:00,bentre_bentrecity,135.41685770907026
2025-04-14 09:00:00+00:00,backan_backancity,46.474492301288336
2025-04-14 10:00:00+00:00,bacgiang_bacgiangcity,135.87570748076564
2025-04-14 11:00:00+00:00,angiang_longxuyen,120.63555415251838
2025-04-14 12:00:00+00:00,bentre_bentrecity,135.00373852556274
2025-04-14 13:00:00+00:00,backan_backancity,46.623334715859095
2025-04-14 14:00:00+00:00,binhdinh_quynhon,56.60658372081823
2025-04-14 15:00:00+00:00,bacninh_bacninhcity,141.2242397586504
2025-04-14 16:00:00+00:00,binhduong_thudaumot,95.77072276074392
2025-04-14 17:00:00+00:00,bacgiang_bacgiangcity,140.91653870606712
2025-04-14 18:00:00+00:00,bacninh_bacninhcity,145.01011490467732
2025-04-14 19:00:00+00:00,binhduong_thudaumot,95.53834768729472
2025-04-14 20:00:00+00:00,backan_backancity,47.029087067092114
2025-04-14 21:00:00+00:00,bacgiang_bacgiangcity,144.95548788967415
2025-04-14 22:00:00+00:00,bentre_bentrecity,135.009504286916
2025-04-14 23:00:00+00:00,angiang_longxuyen,120.86698275956363
2025-04-15 00:00:00+00:00,binhdinh_quynhon,55.63746883445085
2025-04-15 01:00:00+00:00,bacninh_bacninhcity,147.63974047023316
2025-04-15 02:00:00+00:00,angiang_longxuyen,121.03241007693607
2025-04-15 03:00:00+00:00,backan_backancity,47.70952791334197
2025-04-15 04:00:00+00:00,binhduong_thudaumot,95.41163197755361
2025-04-15 05:00:00+00:00,bacgiang_bacgiangcity,147.8840467384827
2025-04-15 06:00:00+00:00,bentre_bentrecity,135.12653971220325
2025-04-15 07:00:00+00:00,binhdinh_quynhon,55.11310857756151
2025-04-15 08:00:00+00:00,bentre_bentrecity,134.9205686093149
2025-04-15 09:00:00+00:00,angiang_longxuyen,121.04266693752525
2025-04-15 10:00:00+00:00,bacgiang_bacgiangcity,149.96748316057125
2025-04-15 11:00:00+00:00,binhdinh_quynhon,54.89673527877713
2025-04-15 12:00:00+00:00,bacninh_bacninhcity,149.56585737903401
2025-04-15 13:00:00+00:00,backan_backancity,48.47198552356903
2025-04-15 14:00:00+00:00,binhduong_thudaumot,95.39625740812691
2025-04-15 15:00:00+00:00,bacgiang_bacgiangcity,151.3239333174854
2025-04-15 16:00:00+00:00,bentre_bentrecity,134.34561737036967
2025-04-15 17:00:00+00:00,backan_backancity,49.28801706346119
2025-04-15 18:00:00+00:00,angiang_longxuyen,120.80761686053911
2025-04-15 19:00:00+00:00,binhdinh_quynhon,54.95410698678814
2025-04-15 20:00:00+00:00,binhduong_thudaumot,95.56431863011755
2025-04-15 21:00:00+00:00,bacninh_bacninhcity,150.87875459481688
2025-04-15 22:00:00+00:00,backan_backancity,50.07114087781148
2025-04-15 23:00:00+00:00,binhduong_thudaumot,95.96648465396338
2025-04-16 00:00:00+00:00,binhdinh_quynhon,55.191208435892115
2025-04-16 01:00:00+00:00,bentre_bentrecity,133.55486940877537
2025-04-16 02:00:00+00:00,angiang_longxuyen,120.4290755673291
2025-04-16 03:00:00+00:00,bacgiang_bacgiangcity,151.97183811537153
2025-04-16 04:00:00+00:00,bacninh_bacninhcity,151.49455220262178
2025-04-16 05:00:00+00:00,binhdinh_quynhon,55.463433378330734
2025-04-16 06:00:00+00:00,bentre_bentrecity,132.5929450462775
2025-04-16 07:00:00+00:00,bacninh_bacninhcity,151.48058095279717
2025-04-16 08:00:00+00:00,binhduong_thudaumot,96.88137696251343
2025-04-16 09:00:00+00:00,backan_backancity,50.84664054491779
2025-04-16 10:00:00+00:00,angiang_longxuyen,119.84349817316256
2025-04-16 11:00:00+00:00,bacgiang_bacgiangcity,151.98224507635956
2025-04-16 12:00:00+00:00,angiang_longxuyen,119.13751405109932
2025-04-16 13:00:00+00:00,binhdinh_quynhon,55.56766976643213
2025-04-16 14:00:00+00:00,binhduong_thudaumot,98.73114443975818
2025-04-16 15:00:00+00:00,bacgiang_bacgiangcity,151.5699454886808
2025-04-16 16:00:00+00:00,backan_backancity,51.595160260964434
2025-04-16 17:00:00+00:00,bentre_bentrecity,131.5893713969133
2025-04-16 18:00:00+00:00,bacninh_bacninhcity,150.99349801083892
2025-04-16 19:00:00+00:00,angiang_longxuyen,118.19959622223594
2025-04-16 20:00:00+00:00,binhdinh_quynhon,55.598328368537025
2025-04-16 21:00:00+00:00,backan_backancity,52.29905489017361
2025-04-16 22:00:00+00:00,bentre_bentrecity,130.79291723761608
2025-04-16 23:00:00+00:00,bacninh_bacninhcity,150.37784812088688
2025-04-17 00:00:00+00:00,binhduong_thudaumot,101.81049403014023
2025-04-17 01:00:00+00:00,bacgiang_bacgiangcity,151.04121564240222
2025-04-17 02:00:00+00:00,backan_backancity,52.54245579093793
2025-04-17 03:00:00+00:00,binhduong_thudaumot,104.26355625825536
2025-04-17 04:00:00+00:00,binhdinh_quynhon,55.51167040492504
2025-04-17 05:00:00+00:00,angiang_longxuyen,116.13231703593961
2025-04-17 06:00:00+00:00,bacninh_bacninhcity,149.67020812934408
2025-04-17 07:00:00+00:00,bentre_bentrecity,130.0496581831678
2025-04-17 08:00:00+00:00,bacgiang_bacgiangcity,150.4563291865797
2025-04-17 09:00:00+00:00,backan_backancity,52.28103807721766
2025-04-17 10:00:00+00:00,bentre_bentrecity,129.1781562069836
2025-04-17 11:00:00+00:00,bacgiang_bacgiangcity,149.84263298435891
2025-04-17 12:00:00+00:00,binhduong_thudaumot,106.0622206549604
2025-04-17 13:00:00+00:00,binhdinh_quynhon,55.31161278124279
2025-04-17 14:00:00+00:00,bacninh_bacninhcity,148.97871226959046
2025-04-17 15:00:00+00:00,angiang_longxuyen,114.10671930088077
2025-04-17 16:00:00+00:00,backan_backancity,51.65894101775242
2025-04-17 17:00:00+00:00,binhduong_thudaumot,107.24091560579046
2025-04-17 18:00:00+00:00,bentre_bentrecity,128.31149556429932
2025-04-17 19:00:00+00:00,angiang_longxuyen,112.32642612085122
2025-04-17 20:00:00+00:00,binhdinh_quynhon,55.2141189983603
2025-04-17 21:00:00+00:00,bacgiang_bacgiangcity,148.7734702257823
2025-04-17 22:00:00+00:00,bacninh_bacninhcity,147.90660944923286
2025-04-17 23:00:00+00:00,backan_backancity,50.979991645307166
2025-04-18 00:00:00+00:00,bentre_bentrecity,127.22524995080414
2025-04-18 01:00:00+00:00,angiang_longxuyen,110.62162391126724
2025-04-18 02:00:00+00:00,binhdinh_quynhon,55.39533544816584
2025-04-18 03:00:00+00:00,bacgiang_bacgiangcity,147.35674165472037
2025-04-18 04:00:00+00:00,binhduong_thudaumot,107.71749807182965
2025-04-18 05:00:00+00:00,bacninh_bacninhcity,146.61327293622287
2025-04-18 06:00:00+00:00,bentre_bentrecity,126.05532455621417
2025-04-18 07:00:00+00:00,bacninh_bacninhcity,145.1801238580342
2025-04-18 08:00:00+00:00,binhduong_thudaumot,108.00515952989133
2025-04-18 09:00:00+00:00,backan_backancity,50.56447562050982
2025-04-18 10:00:00+00:00,bacgiang_bacgiangcity,145.70559914645798
2025-04-18 11:00:00+00:00,angiang_longxuyen,108.9195699685101
2025-04-18 12:00:00+00:00,binhdinh_quynhon,56.01668438818276
2025-04-18 13:00:00+00:00,bacninh_bacninhcity,143.83198878670802
2025-04-18 14:00:00+00:00,binhdinh_quynhon,56.96894037895687
2025-04-18 15:00:00+00:00,binhduong_thudaumot,108.2346844826716
2025-04-18 16:00:00+00:00,angiang_longxuyen,107.30959547281923
2025-04-18 17:00:00+00:00,bacgiang_bacgiangcity,144.14813358236404
2025-04-18 18:00:00+00:00,bentre_bentrecity,125.50713169154933
2025-04-18 19:00:00+00:00,backan_backancity,50.85911555584576
2025-04-18 20:00:00+00:00,binhduong_thudaumot,108.96434872956544
2025-04-18 21:00:00+00:00,angiang_longxuyen,105.81896628077592
2025-04-18 22:00:00+00:00,bacninh_bacninhcity,142.682157785198
2025-04-18 23:00:00+00:00,backan_backancity,52.312487684599105
2025-04-19 00:00:00+00:00,binhdinh_quynhon,57.92725041915192
2025-04-19 01:00:00+00:00,bentre_bentrecity,126.76836816211613
2025-04-19 02:00:00+00:00,bacgiang_bacgiangcity,142.80695078030598
2025-04-19 03:00:00+00:00,bentre_bentrecity,132.4069730346285
2025-04-19 04:00:00+00:00,binhduong_thudaumot,110.68529149711956
2025-04-19 05:00:00+00:00,binhdinh_quynhon,58.55184438683956
2025-04-19 06:00:00+00:00,backan_backancity,55.19724104239892
2025-04-19 07:00:00+00:00,bacgiang_bacgiangcity,141.83846965117826
2025-04-19 08:00:00+00:00,bacninh_bacninhcity,141.77145816199564
2025-04-19 09:00:00+00:00,angiang_longxuyen,104.30010153592372
2025-04-19 10:00:00+00:00,binhdinh_quynhon,58.59805624932219
2025-04-19 11:00:00+00:00,backan_backancity,59.320806347684155
2025-04-19 12:00:00+00:00,bacninh_bacninhcity,141.10671352888434
2025-04-19 13:00:00+00:00,angiang_longxuyen,102.59220559034087
2025-04-19 14:00:00+00:00,binhduong_thudaumot,113.44277401195708
2025-04-19 15:00:00+00:00,bacgiang_bacgiangcity,141.2031399311527
2025-04-19 16:00:00+00:00,bentre_bentrecity,144.091276504292
2025-04-19 17:00:00+00:00,bacgiang_bacgiangcity,140.82693591558214
2025-04-19 18:00:00+00:00,bacninh_bacninhcity,140.7742530581262
2025-04-19 19:00:00+00:00,binhduong_thudaumot,117.83735869139798
2025-04-19 20:00:00+00:00,binhdinh_quynhon,58.0653856719369
2025-04-19 21:00:00+00:00,backan_backancity,63.781146914558434
2025-04-19 22:00:00+00:00,bentre_bentrecity,159.87739263413525
2025-04-19 23:00:00+00:00,angiang_longxuyen,100.7109719768017
2025-04-20 00:00:00+00:00,bentre_bentrecity,171.4906271387547
2025-04-20 01:00:00+00:00,binhduong_thudaumot,121.9862266353492
2025-04-20 02:00:00+00:00,angiang_longxuyen,98.39623687088022
2025-04-20 03:00:00+00:00,bacninh_bacninhcity,141.4683458930348
2025-04-20 04:00:00+00:00,bacgiang_bacgiangcity,141.0477598103202
2025-04-20 05:00:00+00:00,binhdinh_quynhon,57.1329071956229
2025-04-20 06:00:00+00:00,backan_backancity,66.75384719336367
2025-04-20 07:00:00+00:00,angiang_longxuyen,95.23188258045604
2025-04-20 08:00:00+00:00,backan_backancity,65.67260730904337
2025-04-20 09:00:00+00:00,binhdinh_quynhon,56.22824017892735
2025-04-20 10:00:00+00:00,bacninh_bacninhcity,142.0249705880423
2025-04-20 11:00:00+00:00,bentre_bentrecity,171.4008480398647
2025-04-20 12:00:00+00:00,bacgiang_bacgiangcity,141.21452850109839
2025-04-20 13:00:00+00:00,binhduong_thudaumot,121.48574901970164
2025-04-20 14:00:00+00:00,binhduong_thudaumot,117.59197789489623
2025-04-20 15:00:00+00:00,binhdinh_quynhon,55.67535131606941
2025-04-20 16:00:00+00:00,bentre_bentrecity,156.74331060108892
2025-04-20 17:00:00+00:00,bacninh_bacninhcity,142.59178304980458
2025-04-20 18:00:00+00:00,angiang_longxuyen,91.81498682594037
2025-04-20 19:00:00+00:00,backan_backancity,59.86012422844779
2025-04-20 20:00:00+00:00,bacgiang_bacgiangcity,141.67152941708707
2025-04-20 21:00:00+00:00,bacninh_bacninhcity,143.76389085654313
2025-04-20 22:00:00+00:00,binhduong_thudaumot,114.72128394112354
2025-04-20 23:00:00+00:00,angiang_longxuyen,88.62201004234373
2025-04-21 00:00:00+00:00,backan_backancity,53.29110892956134
2025-04-21 01:00:00+00:00,binhdinh_quynhon,55.37808581502632
2025-04-21 02:00:00+00:00,bacgiang_bacgiangcity,142.6112913365651
2025-04-21 03:00:00+00:00,bentre_bentrecity,135.58494633034007
2025-04-21 04:00:00+00:00,backan_backancity,48.972539380689014
2025-04-21 05:00:00+00:00,bacninh_bacninhcity,145.3146042852341
2025-04-21 06:00:00+00:00,binhdinh_quynhon,55.439326777763654
2025-04-21 07:00:00+00:00,bentre_bentrecity,122.51150178990781
2025-04-21 08:00:00+00:00,bacgiang_bacgiangcity,143.61975635289554
2025-04-21 09:00:00+00:00,binhduong_thudaumot,114.5671927776845
2025-04-21 10:00:00+00:00,angiang_longxuyen,85.62213444370572
2025-04-21 11:00:00+00:00,bentre_bentrecity,118.8360838596242
2025-04-21 12:00:00+00:00,binhdinh_quynhon,55.628786836776754
2025-04-21 13:00:00+00:00,bacgiang_bacgiangcity,144.2013215395749
2025-04-21 14:00:00+00:00,backan_backancity,46.71659709702118
2025-04-21 15:00:00+00:00,binhduong_thudaumot,115.88458109270327
2025-04-21 16:00:00+00:00,bacninh_bacninhcity,146.39724272406445
2025-04-21 17:00:00+00:00,angiang_longxuyen,82.82589267031659
2025-04-21 18:00:00+00:00,bentre_bentrecity,119.1607891431076
2025-04-21 19:00:00+00:00,bacgiang_bacgiangcity,144.15307498279657
2025-04-21 20:00:00+00:00,binhduong_thudaumot,117.90514689058108
2025-04-21 21:00:00+00:00,angiang_longxuyen,80.22572490367472
2025-04-21 22:00:00+00:00,bacninh_bacninhcity,146.48464880712476
2025-04-21 23:00:00+00:00,backan_backancity,45.60723125700861
2025-04-22 00:00:00+00:00,binhdinh_quynhon,55.844006983290484
2025-04-22 01:00:00+00:00,bentre_bentrecity,120.73843487193795
2025-04-22 02:00:00+00:00,binhduong_thudaumot,120.06802454440597
2025-04-22 03:00:00+00:00,bacgiang_bacgiangcity,143.57235321740603
2025-04-22 04:00:00+00:00,angiang_longxuyen,77.5594248073293
2025-04-22 05:00:00+00:00,bacninh_bacninhcity,145.57036583471773
2025-04-22 06:00:00+00:00,backan_backancity,45.006658118231556
2025-04-22 07:00:00+00:00,binhdinh_quynhon,56.14251617335276
2025-04-22 08:00:00+00:00,bacninh_bacninhcity,143.95002488132104
2025-04-22 09:00:00+00:00,backan_backancity,44.55328343727577
2025-04-22 10:00:00+00:00,bacgiang_bacgiangcity,142.66875834641667
2025-04-22 11:00:00+00:00,bentre_bentrecity,122.71226702975613
2025-04-22 12:00:00+00:00,binhduong_thudaumot,121.89685971691958
2025-04-22 13:00:00+00:00,angiang_longxuyen,74.85904715534924
2025-04-22 14:00:00+00:00,binhdinh_quynhon,56.54647684998344
2025-04-22 15:00:00+00:00,binhdinh_quynhon,56.981829952891246
2025-04-22 16:00:00+00:00,binhduong_thudaumot,123.02491186531797
2025-04-22 17:00:00+00:00,backan_backancity,44.09268964189834
2025-04-22 18:00:00+00:00,bacgiang_bacgiangcity,141.86813711414143
2025-04-22 19:00:00+00:00,bacninh_bacninhcity,142.42291771853428
2025-04-22 20:00:00+00:00,bentre_bentrecity,124.48355895094575
2025-04-22 21:00:00+00:00,angiang_longxuyen,72.20953686076268
2025-04-22 22:00:00+00:00,backan_backancity,43.57527688918509
2025-04-22 23:00:00+00:00,binhdinh_quynhon,57.42990585151245
2025-04-23 00:00:00+00:00,bacninh_bacninhcity,141.56645913788088
2025-04-23 01:00:00+00:00,bentre_bentrecity,125.61074147004912
2025-04-23 02:00:00+00:00,binhduong_thudaumot,122.85456459042715
2025-04-23 03:00:00+00:00,angiang_longxuyen,69.66325513731371
2025-04-23 04:00:00+00:00,bacgiang_bacgiangcity,141.47559359800863
2025-04-23 05:00:00+00:00,binhduong_thudaumot,121.72397026543209
2025-04-23 06:00:00+00:00,binhdinh_quynhon,57.76691460261085
2025-04-23 07:00:00+00:00,bacgiang_bacgiangcity,141.36214628701808
2025-04-23 08:00:00+00:00,backan_backancity,42.97089167678604
2025-04-23 09:00:00+00:00,angiang_longxuyen,67.17628927942297
2025-04-23 10:00:00+00:00,bentre_bentrecity,125.84278715651192
2025-04-23 11:00:00+00:00,bacninh_bacninhcity,141.1944769938467
2025-04-23 12:00:00+00:00,binhduong_thudaumot,120.00737921817208
2025-04-23 13:00:00+00:00,backan_backancity,42.33831617995234
2025-04-23 14:00:00+00:00,angiang_longxuyen,64.86467880814396
2025-04-23 15:00:00+00:00,bacgiang_bacgiangcity,141.2758552354922
2025-04-23 16:00:00+00:00,binhdinh_quynhon,57.949003064257425
2025-04-23 17:00:00+00:00,bentre_bentrecity,125.34916412574593
2025-04-23 18:00:00+00:00,bacninh_bacninhcity,141.01119725919324
2025-04-23 19:00:00+00:00,backan_backancity,41.7535345561544
2025-04-23 20:00:00+00:00,bacgiang_bacgiangcity,141.22943847405242
2025-04-23 21:00:00+00:00,angiang_longxuyen,62.67432086859652
2025-04-23 22:00:00+00:00,bacninh_bacninhcity,140.96266003180122
2025-04-23 23:00:00+00:00,binhduong_thudaumot,117.7065378548752
2025-04-24 00:00:00+00:00,bentre_bentrecity,124.15479857414694
2025-04-24 01:00:00+00:00,binhdinh_quynhon,58.10354929398509
2025-04-24 02:00:00+00:00,bacgiang_bacgiangcity,141.4979514098016
2025-04-24 03:00:00+00:00,bentre_bentrecity,122.82532598574645
2025-04-24 04:00:00+00:00,angiang_longxuyen,61.34026664421158
2025-04-24 05:00:00+00:00,binhdinh_quynhon,58.29461995410349
2025-04-24 06:00:00+00:00,bacninh_bacninhcity,141.22242425858795
2025-04-24 07:00:00+00:00,backan_backancity,41.48453558101839
2025-04-24 08:00:00+00:00,binhduong_thudaumot,115.49151341644745
2025-04-24 09:00:00+00:00,bacninh_bacninhcity,141.65798702554497
2025-04-24 10:00:00+00:00,backan_backancity,41.17828788150347
2025-04-24 11:00:00+00:00,bacgiang_bacgiangcity,141.91054166809408
2025-04-24 12:00:00+00:00,bentre_bentrecity,121.6439834306586
2025-04-24 13:00:00+00:00,angiang_longxuyen,60.29419313905418
2025-04-24 14:00:00+00:00,binhduong_thudaumot,113.90568602460588
2025-04-24 15:00:00+00:00,binhdinh_quynhon,58.40342606545926
2025-04-24 16:00:00+00:00,angiang_longxuyen,59.42616729750404
2025-04-24 17:00:00+00:00,bacninh_bacninhcity,142.00246982348847
2025-04-24 18:00:00+00:00,binhdinh_quynhon,58.433355608483936
2025-04-24 19:00:00+00:00,bacgiang_bacgiangcity,142.15993705462898
2025-04-24 20:00:00+00:00,bentre_bentrecity,120.77200971036368
2025-04-24 21:00:00+00:00,binhduong_thudaumot,112.82645462657517
2025-04-24 22:00:00+00:00,backan_backancity,41.02614325815766
2025-04-24 23:00:00+00:00,binhduong_thudaumot,112.04413373023151
2025-04-25 00:00:00+00:00,binhdinh_quynhon,58.48273625716484
2025-04-25 01:00:00+00:00,backan_backancity,41.18480652739708
2025-04-25 02:00:00+00:00,bentre_bentrecity,120.01540363314638
2025-04-25 03:00:00+00:00,bacgiang_bacgiangcity,142.12494698387113
2025-04-25 04:00:00+00:00,angiang_longxuyen,58.72213448062607
2025-04-25 05:00:00+00:00,bacninh_bacninhcity,142.11743719883577
2025-04-25 06:00:00+00:00,angiang_longxuyen,58.36995605905815
2025-04-25 07:00:00+00:00,bentre_bentrecity,119.37816311121777
2025-04-25 08:00:00+00:00,bacninh_bacninhcity,142.06308655917022
2025-04-25 09:00:00+00:00,binhduong_thudaumot,111.25208489851373
2025-04-25 10:00:00+00:00,binhdinh_quynhon,58.62000902829285
2025-04-25 11:00:00+00:00,backan_backancity,41.88680464997932
2025-04-25 12:00:00+00:00,bacgiang_bacgiangcity,141.878458303473
2025-04-25 13:00:00+00:00,backan_backancity,43.32560036222056
2025-04-25 14:00:00+00:00,binhdinh_quynhon,58.800058030551654
2025-04-25 15:00:00+00:00,bacgiang_bacgiangcity,141.56793155131737
2025-04-25 16:00:00+00:00,bentre_bentrecity,118.76484335126717
2025-04-25 17:00:00+00:00,binhduong_thudaumot,110.44317478865665
2025-04-25 18:00:00+00:00,bacninh_bacninhcity,141.89177673568983
2025-04-25 19:00:00+00:00,angiang_longxuyen,58.665272637461996
2025-04-25 20:00:00+00:00,binhdinh_quynhon,58.951645138130246
2025-04-25 21:00:00+00:00,bentre_bentrecity,118.85927794506802
2025-04-25 22:00:00+00:00,bacninh_bacninhcity,141.86043672542502
2025-04-25 23:00:00+00:00,bacgiang_bacgiangcity,141.5038220031795
2025-04-26 00:00:00+00:00,backan_backancity,45.37780637116092
2025-04-26 01:00:00+00:00,angiang_longxuyen,60.058935780564845
2025-04-26 02:00:00+00:00,binhduong_thudaumot,109.99202659695072
2025-04-26 03:00:00+00:00,binhdinh_quynhon,58.93635395781402
2025-04-26 04:00:00+00:00,backan_backancity,47.808093841930656
2025-04-26 05:00:00+00:00,bacninh_bacninhcity,141.84717070922045
2025-04-26 06:00:00+00:00,bentre_bentrecity,120.18321349653257
2025-04-26 07:00:00+00:00,bacgiang_bacgiangcity,141.61493918416858
2025-04-26 08:00:00+00:00,angiang_longxuyen,63.150877722266046
2025-04-26 09:00:00+00:00,binhduong_thudaumot,110.51544693943764
2025-04-26 10:00:00+00:00,bacgiang_bacgiangcity,141.67933940292016
2025-04-26 11:00:00+00:00,backan_backancity,50.207246201392756
2025-04-26 12:00:00+00:00,bacninh_bacninhcity,141.66819861775986
2025-04-26 13:00:00+00:00,bentre_bentrecity,122.79956113315379
2025-04-26 14:00:00+00:00,angiang_longxuyen,68.81157356141787
2025-04-26 15:00:00+00:00,binhduong_thudaumot,112.33056817709613
2025-04-26 16:00:00+00:00,binhdinh_quynhon,58.478928948634874
2025-04-26 17:00:00+00:00,bentre_bentrecity,126.20081234599758
2025-04-26 18:00:00+00:00,bacgiang_bacgiangcity,141.53553369062246
2025-04-26 19:00:00+00:00,backan_backancity,51.65604860689173
2025-04-26 20:00:00+00:00,angiang_longxuyen,77.97317298298444
2025-04-26 21:00:00+00:00,binhduong_thudaumot,116.10919800069522
2025-04-26 22:00:00+00:00,binhdinh_quynhon,57.50203981462464
2025-04-26 23:00:00+00:00,bacninh_bacninhcity,141.35619945216777
2025-04-27 00:00:00+00:00,bentre_bentrecity,128.42305113375497
2025-04-27 01:00:00+00:00,bacninh_bacninhcity,141.12117081809575
2025-04-27 02:00:00+00:00,bacgiang_bacgiangcity,140.99471480587016
2025-04-27 03:00:00+00:00,angiang_longxuyen,88.76122697101896
2025-04-27 04:00:00+00:00,binhduong_thudaumot,119.88468524610218
2025-04-27 05:00:00+00:00,binhdinh_quynhon,56.14644737427544
2025-04-27 06:00:00+00:00,backan_backancity,51.27873908997081
2025-04-27 07:00:00+00:00,binhdinh_quynhon,54.67193729728814
2025-04-27 08:00:00+00:00,bacninh_bacninhcity,141.21736849594677
2025-04-27 09:00:00+00:00,angiang_longxuyen,96.17908102167948
2025-04-27 10:00:00+00:00,backan_backancity,48.97006629792675
2025-04-27 11:00:00+00:00,bacgiang_bacgiangcity,140.4283550278505
2025-04-27 12:00:00+00:00,binhduong_thudaumot,119.81178886826561
2025-04-27 13:00:00+00:00,bentre_bentrecity,127.21988683972721
2025-04-27 14:00:00+00:00,binhdinh_quynhon,53.26471031972903
2025-04-27 15:00:00+00:00,bacninh_bacninhcity,141.81738411895662
2025-04-27 16:00:00+00:00,backan_backancity,45.99701101976547
2025-04-27 17:00:00+00:00,binhduong_thudaumot,116.67298224647402
2025-04-27 18:00:00+00:00,angiang_longxuyen,95.41751924875358
2025-04-27 19:00:00+00:00,bacgiang_bacgiangcity,140.4011082316373
2025-04-27 20:00:00+00:00,bentre_bentrecity,122.49550537597152
2025-04-27 21:00:00+00:00,bentre_bentrecity,117.59988794766187
2025-04-27 22:00:00+00:00,backan_backancity,43.71853461589962
2025-04-27 23:00:00+00:00,angiang_longxuyen,89.83431497415323
2025-04-28 00:00:00+00:00,bacgiang_bacgiangcity,140.58071884542957
2025-04-28 01:00:00+00:00,bacninh_bacninhcity,142.5369463707522
2025-04-28 02:00:00+00:00,binhduong_thudaumot,114.91923062903761
2025-04-28 03:00:00+00:00,binhdinh_quynhon,52.016542114047624
2025-04-28 04:00:00+00:00,backan_backancity,42.3704424304017
2025-04-28 05:00:00+00:00,binhdinh_quynhon,50.89632615948845
2025-04-28 06:00:00+00:00,angiang_longxuyen,87.11970399228707
2025-04-28 07:00:00+00:00,bacninh_bacninhcity,143.1394207812482
2025-04-28 08:00:00+00:00,bentre_bentrecity,113.92013259236023
2025-04-28 09:00:00+00:00,bacgiang_bacgiangcity,140.7188112123863
2025-04-28 10:00:00+00:00,binhduong_thudaumot,114.72946798668076
2025-04-28 11:00:00+00:00,binhduong_thudaumot,115.1123288358137
2025-04-28 12:00:00+00:00,angiang_longxuyen,89.65744131009424
2025-04-28 13:00:00+00:00,bacgiang_bacgiangcity,140.81503271569747
2025-04-28 14:00:00+00:00,backan_backancity,41.70175706618367
2025-04-28 15:00:00+00:00,bacninh_bacninhcity,143.46154576739872
2025-04-28 16:00:00+00:00,binhdinh_quynhon,49.75907023583897
2025-04-28 17:00:00+00:00,bentre_bentrecity,111.34957153375818
2025-04-28 18:00:00+00:00,angiang_longxuyen,95.37170616491001
2025-04-28 19:00:00+00:00,bacgiang_bacgiangcity,140.85870954922146
2025-04-28 20:00:00+00:00,backan_backancity,41.46661883499502
2025-04-28 21:00:00+00:00,bacninh_bacninhcity,143.4027159412273
2025-04-28 22:00:00+00:00,bentre_bentrecity,109.19757735012408
2025-04-28 23:00:00+00:00,binhdinh_quynhon,48.59486295168198
2025-04-29 00:00:00+00:00,binhduong_thudaumot,115.41758539618691
2025-04-29 01:00:00+00:00,bacninh_bacninhcity,142.81475600104702
2025-04-29 02:00:00+00:00,bacgiang_bacgiangcity,140.78672806905416
2025-04-29 03:00:00+00:00,binhduong_thudaumot,115.50644125849657
2025-04-29 04:00:00+00:00,backan_backancity,41.50431071293249
2025-04-29 05:00:00+00:00,binhdinh_quynhon,47.47401800497518
2025-04-29 06:00:00+00:00,bentre_bentrecity,107.05480481083619
2025-04-29 07:00:00+00:00,angiang_longxuyen,102.03474104786353
2025-04-29 08:00:00+00:00,bacgiang_bacgiangcity,140.18284795641003
2025-04-29 09:00:00+00:00,binhduong_thudaumot,115.59338870144921
2025-04-29 10:00:00+00:00,bentre_bentrecity,104.80150238815159
2025-04-29 11:00:00+00:00,angiang_longxuyen,108.08680819050942
2025-04-29 12:00:00+00:00,binhdinh_quynhon,46.35973458999023
2025-04-29 13:00:00+00:00,bacninh_bacninhcity,141.61382415263415
2025-04-29 14:00:00+00:00,backan_backancity,41.73243472865666
2025-04-29 15:00:00+00:00,angiang_longxuyen,112.87712423264952
2025-04-29 16:00:00+00:00,binhduong_thudaumot,115.81996644481048
2025-04-29 17:00:00+00:00,binhdinh_quynhon,45.3132393741884
2025-04-29 18:00:00+00:00,bacgiang_bacgiangcity,139.11860753789782
2025-04-29 19:00:00+00:00,backan_backancity,42.07448256457414
2025-04-29 20:00:00+00:00,bentre_bentrecity,102.63044188004248
2025-04-29 21:00:00+00:00,bacninh_bacninhcity,140.16487879437435
2025-04-29 22:00:00+00:00,bentre_bentrecity,100.86058365591664
2025-04-29 23:00:00+00:00,binhdinh_quynhon,44.18862523968785
2025-04-30 00:00:00+00:00,binhduong_thudaumot,116.52564321843793
2025-04-30 01:00:00+00:00,angiang_longxuyen,116.20882892735204
2025-04-30 02:00:00+00:00,bacgiang_bacgiangcity,137.76782307540435
2025-04-30 03:00:00+00:00,bacninh_bacninhcity,138.6289180906005
2025-04-30 04:00:00+00:00,backan_backancity,42.440579819954365
2025-04-30 05:00:00+00:00,backan_backancity,42.73219868694488
2025-04-30 06:00:00+00:00,bacninh_bacninhcity,137.14776309278085
2025-04-30 07:00:00+00:00,angiang_longxuyen,118.21749867298323
2025-04-30 08:00:00+00:00,binhduong_thudaumot,117.90660977383352
2025-04-30 09:00:00+00:00,bentre_bentrecity,99.52799350605716
2025-04-30 10:00:00+00:00,bacgiang_bacgiangcity,136.34132606568608
2025-04-30 11:00:00+00:00,binhdinh_quynhon,43.09724762207906
2025-04-30 12:00:00+00:00,bacninh_bacninhcity,135.73713145696811
2025-04-30 13:00:00+00:00,angiang_longxuyen,119.11137990387454
2025-04-30 14:00:00+00:00,bentre_bentrecity,98.60665484699412
2025-04-30 15:00:00+00:00,backan_backancity,42.907163336010356
2025-04-30 16:00:00+00:00,binhduong_thudaumot,119.85809841513479
2025-04-30 17:00:00+00:00,bacgiang_bacgiangcity,134.9454280944223
2025-04-30 18:00:00+00:00,binhdinh_quynhon,42.09058857562706
2025-04-30 19:00:00+00:00,bentre_bentrecity,97.99811916498456
2025-04-30 20:00:00+00:00,angiang_longxuyen,119.10074183592316
2025-04-30 21:00:00+00:00,bacgiang_bacgiangcity,133.58627136523657
2025-04-30 22:00:00+00:00,bacninh_bacninhcity,134.4164266378982
2025-04-30 23:00:00+00:00,backan_backancity,42.97785824133023
2025-05-01 00:00:00+00:00,binhdinh_quynhon,41.08103711831438
2025-05-01 01:00:00+00:00,binhduong_thudaumot,122.28358743823284
2025-05-01 02:00:00+00:00,bacninh_bacninhcity,133.17643056504394
2025-05-01 03:00:00+00:00,backan_backancity,42.65285990468713
2025-05-01 04:00:00+00:00,bentre_bentrecity,98.16421061705833
2025-05-01 05:00:00+00:00,binhdinh_quynhon,40.0701704956021
2025-05-01 06:00:00+00:00,bacgiang_bacgiangcity,132.28965408636563
2025-05-01 07:00:00+00:00,angiang_longxuyen,118.35626768300787
2025-05-01 08:00:00+00:00,binhduong_thudaumot,124.72531589496059
2025-05-01 09:00:00+00:00,binhduong_thudaumot,127.35210146566803
2025-05-01 10:00:00+00:00,binhdinh_quynhon,38.97090188559579
2025-05-01 11:00:00+00:00,bacgiang_bacgiangcity,131.60477932198418
2025-05-01 12:00:00+00:00,bacninh_bacninhcity,132.53884219139735
2025-05-01 13:00:00+00:00,bentre_bentrecity,98.08722072735189
2025-05-01 14:00:00+00:00,backan_backancity,42.26505765512167
2025-05-01 15:00:00+00:00,angiang_longxuyen,117.28992109381949
2025-05-01 16:00:00+00:00,bacgiang_bacgiangcity,131.55280646324033
2025-05-01 17:00:00+00:00,backan_backancity,41.87961889120186
2025-05-01 18:00:00+00:00,bentre_bentrecity,97.64758082852885
2025-05-01 19:00:00+00:00,bacninh_bacninhcity,132.50071669008537
2025-05-01 20:00:00+00:00,angiang_longxuyen,115.98063820033948
2025-05-01 21:00:00+00:00,binhdinh_quynhon,37.84940412128122
2025-05-01 22:00:00+00:00,binhduong_thudaumot,129.28948781711392
2025-05-01 23:00:00+00:00,bacgiang_bacgiangcity,131.5427997699826
2025-05-02 00:00:00+00:00,binhdinh_quynhon,36.79040530399924
2025-05-02 01:00:00+00:00,binhduong_thudaumot,130.29819585313774
2025-05-02 02:00:00+00:00,bentre_bentrecity,97.04626865376015
2025-05-02 03:00:00+00:00,bacninh_bacninhcity,132.5116430461044
2025-05-02 04:00:00+00:00,angiang_longxuyen,114.48018219726248
2025-05-02 05:00:00+00:00,backan_backancity,41.61234011428777
2025-05-02 06:00:00+00:00,binhdinh_quynhon,35.74895632065452
2025-05-02 07:00:00+00:00,backan_backancity,41.60259550109155
2025-05-02 08:00:00+00:00,binhduong_thudaumot,130.9370183856195
2025-05-02 09:00:00+00:00,bentre_bentrecity,96.67747807902052
2025-05-02 10:00:00+00:00,bacninh_bacninhcity,132.27186361528098
2025-05-02 11:00:00+00:00,angiang_longxuyen,112.80076601545497
2025-05-02 12:00:00+00:00,bacgiang_bacgiangcity,131.2794903147274
2025-05-02 13:00:00+00:00,binhdinh_quynhon,34.80620192338322
2025-05-02 14:00:00+00:00,angiang_longxuyen,110.85206614426278
2025-05-02 15:00:00+00:00,bacgiang_bacgiangcity,130.76834842312235
2025-05-02 16:00:00+00:00,bacninh_bacninhcity,131.74960476397575
2025-05-02 17:00:00+00:00,backan_backancity,42.16547199683911
2025-05-02 18:00:00+00:00,binhduong_thudaumot,131.54785791516977
2025-05-02 19:00:00+00:00,bentre_bentrecity,96.61271898927563
2025-05-02 20:00:00+00:00,bentre_bentrecity,96.90340479168351
2025-05-02 21:00:00+00:00,bacninh_bacninhcity,131.16870192508821
2025-05-02 22:00:00+00:00,backan_backancity,43.66204921500573
2025-05-02 23:00:00+00:00,binhdinh_quynhon,33.98137402360832
2025-05-03 00:00:00+00:00,binhduong_thudaumot,132.03828356918532
2025-05-03 01:00:00+00:00,angiang_longxuyen,108.44571968711219
2025-05-03 02:00:00+00:00,bacgiang_bacgiangcity,130.24734279102034
2025-05-03 03:00:00+00:00,bentre_bentrecity,97.53658277484044
2025-05-03 04:00:00+00:00,binhdinh_quynhon,33.27817033274313
2025-05-03 05:00:00+00:00,binhduong_thudaumot,132.07902510602037
2025-05-03 06:00:00+00:00,angiang_longxuyen,105.75728156884352
2025-05-03 07:00:00+00:00,bacninh_bacninhcity,130.61109562112304
2025-05-03 08:00:00+00:00,backan_backancity,46.35989183802714
2025-05-03 09:00:00+00:00,bacgiang_bacgiangcity,129.89221716003343
2025-05-03 10:00:00+00:00,bacgiang_bacgiangcity,129.65426990709457
2025-05-03 11:00:00+00:00,bacninh_bacninhcity,130.12629039315394
2025-05-03 12:00:00+00:00,binhdinh_quynhon,32.635197405105444
2025-05-03 13:00:00+00:00,bentre_bentrecity,97.99899177246209
2025-05-03 14:00:00+00:00,angiang_longxuyen,102.87811230326344
2025-05-03 15:00:00+00:00,backan_backancity,50.215918668882786
2025-05-03 16:00:00+00:00,binhduong_thudaumot,131.60317825106296
2025-05-03 17:00:00+00:00,bentre_bentrecity,98.5558098259695
2025-05-03 18:00:00+00:00,bacninh_bacninhcity,129.78104518048602
2025-05-03 19:00:00+00:00,bacgiang_bacgiangcity,129.40045489770415
2025-05-03 20:00:00+00:00,binhdinh_quynhon,31.96572103561084
2025-05-03 21:00:00+00:00,angiang_longxuyen,99.81616021278289
2025-05-03 22:00:00+00:00,backan_backancity,54.434526117202374
2025-05-03 23:00:00+00:00,binhduong_thudaumot,130.86925162935052
2025-05-04 00:00:00+00:00,binhduong_thudaumot,129.78198866870747
2025-05-04 01:00:00+00:00,bentre_bentrecity,98.9474672583489
2025-05-04 02:00:00+00:00,binhdinh_quynhon,31.318754960854122
2025-05-04 03:00:00+00:00,backan_backancity,57.30184400327359
2025-05-04 04:00:00+00:00,bacninh_bacninhcity,130.236016167271
2025-05-04 05:00:00+00:00,bacgiang_bacgiangcity,129.54437735475653
2025-05-04 06:00:00+00:00,angiang_longxuyen,96.53671547361887
2025-05-04 07:00:00+00:00,binhdinh_quynhon,30.77119823597495
2025-05-04 08:00:00+00:00,bacninh_bacninhcity,131.77916977746034
2025-05-04 09:00:00+00:00,angiang_longxuyen,93.31051929767996
2025-05-04 10:00:00+00:00,backan_backancity,57.17202383607658
2025-05-04 11:00:00+00:00,bentre_bentrecity,99.2783005990888
2025-05-04 12:00:00+00:00,bacgiang_bacgiangcity,130.5914348514176
2025-05-04 13:00:00+00:00,binhduong_thudaumot,128.41937724780178
2025-05-04 14:00:00+00:00,binhdinh_quynhon,30.41764746790311
2025-05-04 15:00:00+00:00,bacninh_bacninhcity,132.88799954461982
2025-05-04 16:00:00+00:00,angiang_longxuyen,90.61896957431735
2025-05-04 17:00:00+00:00,backan_backancity,53.7000395971767
2025-05-04 18:00:00+00:00,binhduong_thudaumot,125.53755442159886
2025-05-04 19:00:00+00:00,bentre_bentrecity,98.71638769429467
2025-05-04 20:00:00+00:00,bacgiang_bacgiangcity,131.2388964957452
2025-05-04 21:00:00+00:00,angiang_longxuyen,87.62084752954546
2025-05-04 22:00:00+00:00,backan_backancity,49.94653372129255
2025-05-04 23:00:00+00:00,binhduong_thudaumot,122.08457813479664
2025-05-05 00:00:00+00:00,bentre_bentrecity,97.77426392717138
2025-05-05 01:00:00+00:00,bacninh_bacninhcity,133.78634328419488
2025-05-05 02:00:00+00:00,bacgiang_bacgiangcity,131.8554589008205
2025-05-05 03:00:00+00:00,binhdinh_quynhon,30.32197871526715
2025-05-05 04:00:00+00:00,bentre_bentrecity,96.64945635971634
2025-05-05 05:00:00+00:00,angiang_longxuyen,84.19187182001271
2025-05-05 06:00:00+00:00,bacninh_bacninhcity,134.55845973596166
2025-05-05 07:00:00+00:00,binhdinh_quynhon,30.37822109646764
2025-05-05 08:00:00+00:00,binhduong_thudaumot,118.2387938692541
2025-05-05 09:00:00+00:00,backan_backancity,47.855892480058436
2025-05-05 10:00:00+00:00,bacgiang_bacgiangcity,132.60253955907484
2025-05-05 11:00:00+00:00,backan_backancity,47.299243959590804
2025-05-05 12:00:00+00:00,bacninh_bacninhcity,134.60643229994847
2025-05-05 13:00:00+00:00,bentre_bentrecity,95.41579309416663
2025-05-05 14:00:00+00:00,bacgiang_bacgiangcity,132.84914021913562
2025-05-05 15:00:00+00:00,binhduong_thudaumot,114.19115554033492
2025-05-05 16:00:00+00:00,binhdinh_quynhon,30.509442200720727
2025-05-05 17:00:00+00:00,angiang_longxuyen,80.56043211532383
2025-05-05 18:00:00+00:00,binhduong_thudaumot,109.84277795828461
2025-05-05 19:00:00+00:00,angiang_longxuyen,77.0387813222214
2025-05-05 20:00:00+00:00,bacninh_bacninhcity,133.4219900524967
2025-05-05 21:00:00+00:00,binhdinh_quynhon,30.693479585006557
2025-05-05 22:00:00+00:00,bentre_bentrecity,93.9601067686883
2025-05-05 23:00:00+00:00,bacgiang_bacgiangcity,132.21746532469513
2025-05-06 00:00:00+00:00,backan_backancity,47.565717435952244
2025-05-06 01:00:00+00:00,backan_backancity,48.18632778670491
2025-05-06 02:00:00+00:00,binhduong_thudaumot,105.40723135650238
2025-05-06 03:00:00+00:00,bentre_bentrecity,92.32947679033126
2025-05-06 04:00:00+00:00,bacgiang_bacgiangcity,130.70205646283586
2025-05-06 05:00:00+00:00,bacninh_bacninhcity,131.1226330153664
2025-05-06 06:00:00+00:00,angiang_longxuyen,73.88326352268939
2025-05-06 07:00:00+00:00,binhdinh_quynhon,30.903810747100067
2025-05-06 08:00:00+00:00,bentre_bentrecity,90.58958742123933
2025-05-06 09:00:00+00:00,bacgiang_bacgiangcity,129.41790228216283
2025-05-06 10:00:00+00:00,backan_backancity,48.92012813347863
2025-05-06 11:00:00+00:00,bacninh_bacninhcity,129.08455073919552
2025-05-06 12:00:00+00:00,angiang_longxuyen,71.1122648243159
2025-05-06 13:00:00+00:00,binhdinh_quynhon,31.219845945639463
2025-05-06 14:00:00+00:00,binhduong_thudaumot,100.95637689658183
2025-05-06 15:00:00+00:00,bacninh_bacninhcity,127.99041413330282
2025-05-06 16:00:00+00:00,bacgiang_bacgiangcity,128.95435412972836
2025-05-06 17:00:00+00:00,angiang_longxuyen,68.5518879586496
2025-05-06 18:00:00+00:00,bentre_bentrecity,88.84885463085854
2025-05-06 19:00:00+00:00,binhdinh_quynhon,31.546940922774667
2025-05-06 20:00:00+00:00,binhduong_thudaumot,96.6654900009341
2025-05-06 21:00:00+00:00,backan_backancity,49.691815726962936
2025-05-06 22:00:00+00:00,angiang_longxuyen,66.0590181517368
2025-05-06 23:00:00+00:00,binhdinh_quynhon,31.851168223269923
2025-05-07 00:00:00+00:00,backan_backancity,50.4261783545959
2025-05-07 01:00:00+00:00,binhduong_thudaumot,92.60223780562298
2025-05-07 02:00:00+00:00,bacgiang_bacgiangcity,129.06072051396603
2025-05-07 03:00:00+00:00,bentre_bentrecity,87.06042386491904
2025-05-07 04:00:00+00:00,bacninh_bacninhcity,127.48721088501556
2025-05-07 05:00:00+00:00,bentre_bentrecity,85.28027482892334
2025-05-07 06:00:00+00:00,binhduong_thudaumot,88.83380051387068
2025-05-07 07:00:00+00:00,bacgiang_bacgiangcity,129.5766751485189
2025-05-07 08:00:00+00:00,angiang_longxuyen,63.67362261295806
2025-05-07 09:00:00+00:00,bacninh_bacninhcity,127.38153543912185
2025-05-07 10:00:00+00:00,backan_backancity,51.06478169284437
2025-05-07 11:00:00+00:00,binhdinh_quynhon,32.12143471288525
2025-05-07 12:00:00+00:00,bacgiang_bacgiangcity,130.38468227343674
2025-05-07 13:00:00+00:00,bentre_bentrecity,83.6701335550115
2025-05-07 14:00:00+00:00,angiang_longxuyen,61.603085294987935
2025-05-07 15:00:00+00:00,backan_backancity,51.69054310807875
2025-05-07 16:00:00+00:00,binhduong_thudaumot,85.65702802135004
2025-05-07 17:00:00+00:00,binhdinh_quynhon,32.373550966967855
2025-05-07 18:00:00+00:00,bacninh_bacninhcity,127.73774751109104
2025-05-07 19:00:00+00:00,binhdinh_quynhon,32.602608940729425
2025-05-07 20:00:00+00:00,angiang_longxuyen,59.83938654794414
2025-05-07 21:00:00+00:00,bacninh_bacninhcity,128.5528284151237
2025-05-07 22:00:00+00:00,binhduong_thudaumot,83.02130671181804
2025-05-07 23:00:00+00:00,bentre_bentrecity,82.2193155155849
2025-05-08 00:00:00+00:00,bacgiang_bacgiangcity,131.5049863821984
2025-05-08 01:00:00+00:00,backan_backancity,52.26585172892604
2025-05-08 02:00:00+00:00,binhdinh_quynhon,32.809351988526245
2025-05-08 03:00:00+00:00,bacninh_bacninhcity,129.97679039588337
2025-05-08 04:00:00+00:00,bentre_bentrecity,80.9546136318411
2025-05-08 05:00:00+00:00,bacgiang_bacgiangcity,133.07303998077742
2025-05-08 06:00:00+00:00,angiang_longxuyen,58.32648412449133
2025-05-08 07:00:00+00:00,binhduong_thudaumot,80.51698043239813
2025-05-08 08:00:00+00:00,backan_backancity,52.85165308241787
2025-05-08 09:00:00+00:00,bentre_bentrecity,79.69787421687523
2025-05-08 10:00:00+00:00,bacgiang_bacgiangcity,134.79730759129373
2025-05-08 11:00:00+00:00,bacninh_bacninhcity,131.71212731517954
2025-05-08 12:00:00+00:00,angiang_longxuyen,57.039902129430295
2025-05-08 13:00:00+00:00,binhduong_thudaumot,78.44957497116307
2025-05-08 14:00:00+00:00,backan_backancity,53.199962249259464
2025-05-08 15:00:00+00:00,binhdinh_quynhon,32.9629785554926
2025-05-08 16:00:00+00:00,bentre_bentrecity,78.40891920598452
2025-05-08 17:00:00+00:00,bacninh_bacninhcity,133.42908050943362
2025-05-08 18:00:00+00:00,binhduong_thudaumot,76.71385922705073
2025-05-08 19:00:00+00:00,binhdinh_quynhon,33.044795185604656
2025-05-08 20:00:00+00:00,bacgiang_bacgiangcity,136.2779503417204
2025-05-08 21:00:00+00:00,backan_backancity,53.408034757731954
2025-05-08 22:00:00+00:00,angiang_longxuyen,56.032504493714036
2025-05-08 23:00:00+00:00,bacgiang_bacgiangcity,137.0836225715448
2025-05-09 00:00:00+00:00,bentre_bentrecity,77.10693166839859
2025-05-09 01:00:00+00:00,binhdinh_quynhon,33.13132449173189
2025-05-09 02:00:00+00:00,bacninh_bacninhcity,134.64801249298034
2025-05-09 03:00:00+00:00,binhduong_thudaumot,75.04360393466607
2025-05-09 04:00:00+00:00,angiang_longxuyen,55.34712224703167
2025-05-09 05:00:00+00:00,backan_backancity,53.694664573369685
2025-05-09 06:00:00+00:00,backan_backancity,54.19272152226726
2025-05-09 07:00:00+00:00,bentre_bentrecity,75.6837273372713
2025-05-09 08:00:00+00:00,bacgiang_bacgiangcity,137.48454788455396
2025-05-09 09:00:00+00:00,bacninh_bacninhcity,135.57891372383327
2025-05-09 10:00:00+00:00,binhduong_thudaumot,73.32863778378743
2025-05-09 11:00:00+00:00,binhdinh_quynhon,33.297964525025336
2025-05-09 12:00:00+00:00,angiang_longxuyen,54.88204450005637
2025-05-09 13:00:00+00:00,angiang_longxuyen,54.75627466108273
2025-05-09 14:00:00+00:00,backan_backancity,54.92398207499033
2025-05-09 15:00:00+00:00,bentre_bentrecity,74.0439543385865
2025-05-09 16:00:00+00:00,bacninh_bacninhcity,136.64718064510873
2025-05-09 17:00:00+00:00,bacgiang_bacgiangcity,138.07502379332476
2025-05-09 18:00:00+00:00,binhduong_thudaumot,71.39446310436806
2025-05-09 19:00:00+00:00,binhdinh_quynhon,33.52704632424704
2025-05-09 20:00:00+00:00,bentre_bentrecity,72.39881108118672
2025-05-09 21:00:00+00:00,binhdinh_quynhon,33.7321501803864
2025-05-09 22:00:00+00:00,bacninh_bacninhcity,137.87944059105632
2025-05-09 23:00:00+00:00,angiang_longxuyen,54.92785132971665
2025-05-10 00:00:00+00:00,backan_backancity,56.01829498928805
2025-05-10 01:00:00+00:00,bacgiang_bacgiangcity,138.91595770415262
2025-05-10 02:00:00+00:00,binhduong_thudaumot,69.50541861154107
2025-05-10 03:00:00+00:00,angiang_longxuyen,55.35358371182095
2025-05-10 04:00:00+00:00,binhdinh_quynhon,33.924764730321705
2025-05-10 05:00:00+00:00,bentre_bentrecity,70.89529827157409
2025-05-10 06:00:00+00:00,bacninh_bacninhcity,139.23509497760188
2025-05-10 07:00:00+00:00,binhduong_thudaumot,67.90609647907766
2025-05-10 08:00:00+00:00,backan_backancity,57.32204322837813
2025-05-10 09:00:00+00:00,bacgiang_bacgiangcity,139.96809478891498
2025-05-10 10:00:00+00:00,angiang_longxuyen,56.13259048665949
2025-05-10 11:00:00+00:00,backan_backancity,58.549304592788914
2025-05-10 12:00:00+00:00,bacninh_bacninhcity,140.6451285943652
2025-05-10 13:00:00+00:00,binhduong_thudaumot,66.81373248741917
2025-05-10 14:00:00+00:00,bentre_bentrecity,69.80252686454726
2025-05-10 15:00:00+00:00,bacgiang_bacgiangcity,141.0428374702558
2025-05-10 16:00:00+00:00,binhdinh_quynhon,34.080721427289504
2025-05-10 17:00:00+00:00,backan_backancity,59.483496119686805
2025-05-10 18:00:00+00:00,bacgiang_bacgiangcity,142.07457043095647
2025-05-10 19:00:00+00:00,binhdinh_quynhon,34.19639403625689
2025-05-10 20:00:00+00:00,binhduong_thudaumot,66.08951712325876
2025-05-10 21:00:00+00:00,bentre_bentrecity,68.86398480862826
2025-05-10 22:00:00+00:00,bacninh_bacninhcity,142.07575217377928
2025-05-10 23:00:00+00:00,angiang_longxuyen,57.25553207385839
2025-05-11 00:00:00+00:00,binhdinh_quynhon,34.27646664268688
2025-05-11 01:00:00+00:00,binhduong_thudaumot,65.84529186157368
2025-05-11 02:00:00+00:00,bacgiang_bacgiangcity,143.5259126305061
2025-05-11 03:00:00+00:00,bentre_bentrecity,68.11567713917685
2025-05-11 04:00:00+00:00,backan_backancity,60.272326131740016
2025-05-11 05:00:00+00:00,angiang_longxuyen,58.64042268253863
2025-05-11 06:00:00+00:00,bacninh_bacninhcity,143.9218345968864
2025-05-11 07:00:00+00:00,bacgiang_bacgiangcity,144.77215573900838
2025-05-11 08:00:00+00:00,binhdinh_quynhon,34.28791715882894
2025-05-11 09:00:00+00:00,backan_backancity,60.678261939016096
2025-05-11 10:00:00+00:00,bacninh_bacninhcity,145.46048757765578
2025-05-11 11:00:00+00:00,binhduong_thudaumot,66.23069965239532
2025-05-11 12:00:00+00:00,bentre_bentrecity,67.33727791357181
2025-05-11 13:00:00+00:00,angiang_longxuyen,59.819416047256915
2025-05-11 14:00:00+00:00,binhdinh_quynhon,34.25581473383972
2025-05-11 15:00:00+00:00,binhduong_thudaumot,67.36700255763931
2025-05-11 16:00:00+00:00,bentre_bentrecity,67.22532207638588
2025-05-11 17:00:00+00:00,backan_backancity,60.779887056686434
2025-05-11 18:00:00+00:00,bacgiang_bacgiangcity,145.2706129556363
2025-05-11 19:00:00+00:00,bacninh_bacninhcity,146.21112775965466
2025-05-11 20:00:00+00:00,angiang_longxuyen,60.73745867727364
2025-05-11 21:00:00+00:00,binhdinh_quynhon,34.196746653066924
2025-05-11 22:00:00+00:00,bentre_bentrecity,67.26421475751427
2025-05-11 23:00:00+00:00,bacninh_bacninhcity,146.29341613387743
2025-05-12 00:00:00+00:00,angiang_longxuyen,61.53771299746277
2025-05-12 01:00:00+00:00,bacgiang_bacgiangcity,145.1182681984253
2025-05-12 02:00:00+00:00,binhduong_thudaumot,68.17933638611814
2025-05-12 03:00:00+00:00,backan_backancity,60.93108342671877
2025-05-12 04:00:00+00:00,bentre_bentrecity,67.37974917881286
2025-05-12 05:00:00+00:00,binhdinh_quynhon,34.09574099736016
2025-05-12 06:00:00+00:00,bacgiang_bacgiangcity,144.2716542979007
2025-05-12 07:00:00+00:00,backan_backancity,61.171101112143575
2025-05-12 08:00:00+00:00,binhduong_thudaumot,68.69862658509021
2025-05-12 09:00:00+00:00,angiang_longxuyen,62.22339067985084
2025-05-12 10:00:00+00:00,bacninh_bacninhcity,145.59981410344764
2025-05-12 11:00:00+00:00,binhdinh_quynhon,33.956018968930024
2025-05-12 12:00:00+00:00,backan_backancity,61.44018347639006
2025-05-12 13:00:00+00:00,bentre_bentrecity,67.63922511753192
2025-05-12 14:00:00+00:00,bacninh_bacninhcity,144.09930568435834
2025-05-12 15:00:00+00:00,binhduong_thudaumot,68.99539889910847
2025-05-12 16:00:00+00:00,angiang_longxuyen,62.877023118354025
2025-05-12 17:00:00+00:00,bacgiang_bacgiangcity,142.70445841588665
2025-05-12 18:00:00+00:00,binhduong_thudaumot,69.17902410293391
2025-05-12 19:00:00+00:00,backan_backancity,61.71234885517834
2025-05-12 20:00:00+00:00,bacninh_bacninhcity,141.72520341368477
2025-05-12 21:00:00+00:00,bacgiang_bacgiangcity,140.353566908479
2025-05-12 22:00:00+00:00,angiang_longxuyen,63.70785503408357
2025-05-12 23:00:00+00:00,binhdinh_quynhon,33.768717496605376
2025-05-13 00:00:00+00:00,bentre_bentrecity,68.09688361622042
2025-05-13 01:00:00+00:00,bacninh_bacninhcity,138.60963852825728
2025-05-13 02:00:00+00:00,binhduong_thudaumot,69.4087110688431
2025-05-13 03:00:00+00:00,binhdinh_quynhon,33.59916599208314
2025-05-13 04:00:00+00:00,bacgiang_bacgiangcity,137.28316318274207
2025-05-13 05:00:00+00:00,backan_backancity,61.94986010219668
2025-05-13 06:00:00+00:00,angiang_longxuyen,64.47873970956125
2025-05-13 07:00:00+00:00,bentre_bentrecity,69.00609891325621
2025-05-13 08:00:00+00:00,binhdinh_quynhon,33.40787613773148
2025-05-13 09:00:00+00:00,angiang_longxuyen,65.37320704677195
2025-05-13 10:00:00+00:00,bacgiang_bacgiangcity,133.5081429163538
2025-05-13 11:00:00+00:00,bacninh_bacninhcity,134.8353639987713
2025-05-13 12:00:00+00:00,backan_backancity,62.15444932839708
2025-05-13 13:00:00+00:00,bentre_bentrecity,70.17459954532995
2025-05-13 14:00:00+00:00,binhduong_thudaumot,69.79520768319303
2025-05-13 15:00:00+00:00,bacgiang_bacgiangcity,129.13813181649869
2025-05-13 16:00:00+00:00,bacninh_bacninhcity,130.4976983435988
2025-05-13 17:00:00+00:00,bentre_bentrecity,71.3514867393721
2025-05-13 18:00:00+00:00,binhdinh_quynhon,33.20411603754387
2025-05-13 19:00:00+00:00,angiang_longxuyen,66.30236663648881
2025-05-13 20:00:00+00:00,backan_backancity,62.39482439572394
2025-05-13 21:00:00+00:00,binhduong_thudaumot,70.29704096752239
2025-05-13 22:00:00+00:00,bentre_bentrecity,72.20587250499355
2025-05-13 23:00:00+00:00,angiang_longxuyen,67.27062142374523
2025-05-14 00:00:00+00:00,binhduong_thudaumot,70.98937786601888
2025-05-14 01:00:00+00:00,bacgiang_bacgiangcity,124.414446056179
2025-05-14 02:00:00+00:00,binhdinh_quynhon,33.03200567860286
2025-05-14 03:00:00+00:00,backan_backancity,62.775574309088704
2025-05-14 04:00:00+00:00,bacninh_bacninhcity,125.810908690848
2025-05-14 05:00:00+00:00,bacninh_bacninhcity,120.91490529008412
2025-05-14 06:00:00+00:00,bentre_bentrecity,72.81604015656796
2025-05-14 07:00:00+00:00,binhdinh_quynhon,32.881433535626115
2025-05-14 08:00:00+00:00,binhduong_thudaumot,71.75005809691969
2025-05-14 09:00:00+00:00,angiang_longxuyen,68.1877015051724
2025-05-14 10:00:00+00:00,backan_backancity,63.297080275853574
2025-05-14 11:00:00+00:00,bacgiang_bacgiangcity,119.5411078156439
2025-05-14 12:00:00+00:00,backan_backancity,63.52866374838971
2025-05-14 13:00:00+00:00,bentre_bentrecity,73.3038831307046
2025-05-14 14:00:00+00:00,bacninh_bacninhcity,116.09158860310762
2025-05-14 15:00:00+00:00,angiang_longxuyen,69.06656793108509
2025-05-14 16:00:00+00:00,bacgiang_bacgiangcity,114.72205945985101
2025-05-14 17:00:00+00:00,binhduong_thudaumot,72.57833115823047
2025-05-14 18:00:00+00:00,binhdinh_quynhon,32.671350158318035
2025-05-14 19:00:00+00:00,backan_backancity,63.15107309103917
2025-05-14 20:00:00+00:00,bacgiang_bacgiangcity,109.92180700956058
2025-05-14 21:00:00+00:00,bentre_bentrecity,73.94388502346314
2025-05-14 22:00:00+00:00,binhdinh_quynhon,32.45425733063749
2025-05-14 23:00:00+00:00,bacninh_bacninhcity,111.30021113671839
2025-05-15 00:00:00+00:00,binhduong_thudaumot,73.62576747970775
2025-05-15 01:00:00+00:00,angiang_longxuyen,69.7965371438687
2025-05-15 02:00:00+00:00,bacninh_bacninhcity,107.11213899374748
2025-05-15 03:00:00+00:00,binhduong_thudaumot,75.38736482116741
2025-05-15 04:00:00+00:00,bacgiang_bacgiangcity,105.69879423366157
2025-05-15 05:00:00+00:00,backan_backancity,63.19292012922462
2025-05-15 06:00:00+00:00,bentre_bentrecity,75.50638014219209
2025-05-15 07:00:00+00:00,binhdinh_quynhon,32.26560733726906
2025-05-15 08:00:00+00:00,angiang_longxuyen,70.82878711705435
2025-05-15 09:00:00+00:00,bacninh_bacninhcity,103.15604106085897
2025-05-15 10:00:00+00:00,bentre_bentrecity,77.18655635617799
2025-05-15 11:00:00+00:00,binhdinh_quynhon,32.09349697832806
2025-05-15 12:00:00+00:00,angiang_longxuyen,71.58505249019169
2025-05-15 13:00:00+00:00,backan_backancity,63.21108704257943
2025-05-15 14:00:00+00:00,binhduong_thudaumot,76.87242004681156
2025-05-15 15:00:00+00:00,bacgiang_bacgiangcity,101.73421384132763
2025-05-15 16:00:00+00:00,bentre_bentrecity,78.29986769238933
2025-05-15 17:00:00+00:00,backan_backancity,63.06995692945517
2025-05-15 18:00:00+00:00,binhduong_thudaumot,78.1269377376196
2025-05-15 19:00:00+00:00,bacgiang_bacgiangcity,98.45502351340514
2025-05-15 20:00:00+00:00,binhdinh_quynhon,31.84012750504222
2025-05-15 21:00:00+00:00,angiang_longxuyen,72.09028566768266
2025-05-15 22:00:00+00:00,bacninh_bacninhcity,99.82768920403429
2025-05-15 23:00:00+00:00,bacninh_bacninhcity,97.17068088823333
2025-05-16 00:00:00+00:00,bentre_bentrecity,78.90770283141629
2025-05-16 01:00:00+00:00,backan_backancity,62.6628965604606
2025-05-16 02:00:00+00:00,bacgiang_bacgiangcity,95.9533157265089
2025-05-16 03:00:00+00:00,binhdinh_quynhon,31.70864432072763
2025-05-16 04:00:00+00:00,binhduong_thudaumot,78.97148358820428
2025-05-16 05:00:00+00:00,angiang_longxuyen,72.46529841024633
2025-05-16 06:00:00+00:00,bacgiang_bacgiangcity,93.82022749222126
2025-05-16 07:00:00+00:00,binhduong_thudaumot,79.33262991296793
2025-05-16 08:00:00+00:00,angiang_longxuyen,72.90549284665406
2025-05-16 09:00:00+00:00,bentre_bentrecity,79.20441319923818
2025-05-16 10:00:00+00:00,backan_backancity,61.98603191577738
2025-05-16 11:00:00+00:00,binhdinh_quynhon,31.664066884810424
2025-05-16 12:00:00+00:00,bacninh_bacninhcity,94.8080697858932
2025-05-16 13:00:00+00:00,backan_backancity,61.194207043384885
2025-05-16 14:00:00+00:00,binhdinh_quynhon,31.780911706416575
2025-05-16 15:00:00+00:00,angiang_longxuyen,73.35005210735898
2025-05-16 16:00:00+00:00,binhduong_thudaumot,79.08217191091089
2025-05-16 17:00:00+00:00,bacgiang_bacgiangcity,91.72799351897694
2025-05-16 18:00:00+00:00,bentre_bentrecity,79.42492736299445
2025-05-16 19:00:00+00:00,bacninh_bacninhcity,92.42453203736869
2025-05-16 20:00:00+00:00,bacgiang_bacgiangcity,89.60068310768177
2025-05-16 21:00:00+00:00,angiang_longxuyen,73.75843478939117
2025-05-16 22:00:00+00:00,backan_backancity,60.17712435812275
2025-05-16 23:00:00+00:00,binhdinh_quynhon,32.17759608752128
2025-05-17 00:00:00+00:00,bentre_bentrecity,79.59720450015641
2025-05-17 01:00:00+00:00,bacninh_bacninhcity,90.04547466662302
2025-05-17 02:00:00+00:00,binhduong_thudaumot,78.42348847485857
2025-05-17 03:00:00+00:00,bacninh_bacninhcity,87.69532591793516
2025-05-17 04:00:00+00:00,binhdinh_quynhon,32.780351638446916
2025-05-17 05:00:00+00:00,backan_backancity,59.04399738671508
2025-05-17 06:00:00+00:00,angiang_longxuyen,74.10391825666048
2025-05-17 07:00:00+00:00,bentre_bentrecity,79.77047992409814
2025-05-17 08:00:00+00:00,bacgiang_bacgiangcity,87.39622228264246
2025-05-17 09:00:00+00:00,binhduong_thudaumot,77.75415744067081
2025-05-17 10:00:00+00:00,backan_backancity,57.718143885709466
2025-05-17 11:00:00+00:00,bacninh_bacninhcity,85.27257444020691
2025-05-17 12:00:00+00:00,binhdinh_quynhon,33.452591761317464
2025-05-17 13:00:00+00:00,binhduong_thudaumot,77.25485442020805
2025-05-17 14:00:00+00:00,bacgiang_bacgiangcity,84.98925278970925
2025-05-17 15:00:00+00:00,bentre_bentrecity,79.92212421278106
2025-05-17 16:00:00+00:00,angiang_longxuyen,74.25740425341202
2025-05-17 17:00:00+00:00,angiang_longxuyen,74.23677617002501
2025-05-17 18:00:00+00:00,binhdinh_quynhon,34.04335357560991
2025-05-17 19:00:00+00:00,bacgiang_bacgiangcity,82.10369770517582
2025-05-17 20:00:00+00:00,binhduong_thudaumot,77.0220034331926
2025-05-17 21:00:00+00:00,bacninh_bacninhcity,82.51158243509114
2025-05-17 22:00:00+00:00,bentre_bentrecity,79.95206685980882
2025-05-17 23:00:00+00:00,backan_backancity,56.31888652456634
2025-05-18 00:00:00+00:00,angiang_longxuyen,74.040918974965
2025-05-18 01:00:00+00:00,bacninh_bacninhcity,79.12408089529269
2025-05-18 02:00:00+00:00,backan_backancity,54.733092488368975
2025-05-18 03:00:00+00:00,binhduong_thudaumot,76.86123399327703
2025-05-18 04:00:00+00:00,bacgiang_bacgiangcity,78.51739652599038
2025-05-18 05:00:00+00:00,binhdinh_quynhon,34.46174295089984
2025-05-18 06:00:00+00:00,bentre_bentrecity,79.6719723678868
2025-05-18 07:00:00+00:00,bentre_bentrecity,79.16881796179281
2025-05-18 08:00:00+00:00,binhduong_thudaumot,76.72763987319424
2025-05-18 09:00:00+00:00,binhdinh_quynhon,34.74675263524823
2025-05-18 10:00:00+00:00,angiang_longxuyen,73.7259416268557
2025-05-18 11:00:00+00:00,bacninh_bacninhcity,75.57618874039485
2025-05-18 12:00:00+00:00,backan_backancity,53.08576205372857
2025-05-18 13:00:00+00:00,bacgiang_bacgiangcity,74.71806476007784
2025-05-18 14:00:00+00:00,bacninh_bacninhcity,72.23196138384407
2025-05-18 15:00:00+00:00,bacgiang_bacgiangcity,71.26043536091078
2025-05-18 16:00:00+00:00,binhduong_thudaumot,78.68325746673733
2025-05-18 17:00:00+00:00,bentre_bentrecity,78.816832526452
2025-05-18 18:00:00+00:00,angiang_longxuyen,73.94746122502978
2025-05-18 19:00:00+00:00,binhdinh_quynhon,34.871950663178566
2025-05-18 20:00:00+00:00,backan_backancity,51.474932224018765
2025-05-18 21:00:00+00:00,binhdinh_quynhon,34.87385669998956
2025-05-18 22:00:00+00:00,angiang_longxuyen,73.84399916438285
2025-05-18 23:00:00+00:00,bacgiang_bacgiangcity,68.04131073044978
2025-05-19 00:00:00+00:00,bacninh_bacninhcity,69.09654989012206
2025-05-19 01:00:00+00:00,binhduong_thudaumot,80.16173448283752
2025-05-19 02:00:00+00:00,backan_backancity,49.8575408625871
2025-05-19 03:00:00+00:00,bentre_bentrecity,78.02238447089837
2025-05-19 04:00:00+00:00,binhdinh_quynhon,34.86197732556502
2025-05-19 05:00:00+00:00,angiang_longxuyen,73.44208032968595
2025-05-19 06:00:00+00:00,bacninh_bacninhcity,66.20623328738016
2025-05-19 07:00:00+00:00,binhduong_thudaumot,80.7470438405775
2025-05-19 08:00:00+00:00,bentre_bentrecity,76.84600952424918
2025-05-19 09:00:00+00:00,bacgiang_bacgiangcity,65.1134380548932
2025-05-19 10:00:00+00:00,backan_backancity,48.26305053343956
2025-05-19 11:00:00+00:00,binhduong_thudaumot,80.94855124350912
2025-05-19 12:00:00+00:00,binhdinh_quynhon,34.88982928846572
2025-05-19 13:00:00+00:00,bentre_bentrecity,75.59487266623465
2025-05-19 14:00:00+00:00,angiang_longxuyen,72.85805397297436
2025-05-19 15:00:00+00:00,bacgiang_bacgiangcity,62.37878033086737
2025-05-19 16:00:00+00:00,bacninh_bacninhcity,63.451502613188524
2025-05-19 17:00:00+00:00,backan_backancity,46.78457589988539
2025-05-19 18:00:00+00:00,angiang_longxuyen,72.30352830100497
2025-05-19 19:00:00+00:00,bentre_bentrecity,74.68193344977938
2025-05-19 20:00:00+00:00,bacninh_bacninhcity,60.90405820728485
2025-05-19 21:00:00+00:00,backan_backancity,45.337808188682146
2025-05-19 22:00:00+00:00,binhdinh_quynhon,34.98271999244966
2025-05-19 23:00:00+00:00,bacgiang_bacgiangcity,59.909788400104325
2025-05-20 00:00:00+00:00,binhduong_thudaumot,81.2016514890954
2025-05-20 01:00:00+00:00,bentre_bentrecity,74.10623885647786
2025-05-20 02:00:00+00:00,binhdinh_quynhon,35.09544300945202
2025-05-20 03:00:00+00:00,angiang_longxuyen,71.81457744297194
2025-05-20 04:00:00+00:00,binhduong_thudaumot,81.5838285475224
2025-05-20 05:00:00+00:00,bacgiang_bacgiangcity,57.73438331933916
2025-05-20 06:00:00+00:00,backan_backancity,43.936056301862635
2025-05-20 07:00:00+00:00,bacninh_bacninhcity,58.61657339694102
2025-05-20 08:00:00+00:00,bentre_bentrecity,73.90745827745897
2025-05-20 09:00:00+00:00,angiang_longxuyen,71.42771153398989
2025-05-20 10:00:00+00:00,backan_backancity,42.535519513510124
2025-05-20 11:00:00+00:00,binhdinh_quynhon,35.17104595956022
2025-05-20 12:00:00+00:00,binhduong_thudaumot,82.08793120692985
2025-05-20 13:00:00+00:00,bacninh_bacninhcity,56.504077061122814
2025-05-20 14:00:00+00:00,bacgiang_bacgiangcity,55.77193973146669
2025-05-20 15:00:00+00:00,bacninh_bacninhcity,54.52624460854755
2025-05-20 16:00:00+00:00,angiang_longxuyen,71.14024544470132
2025-05-20 17:00:00+00:00,backan_backancity,41.05964185511093
2025-05-20 18:00:00+00:00,binhdinh_quynhon,35.25881895470663
2025-05-20 19:00:00+00:00,bacgiang_bacgiangcity,53.95415242481882
2025-05-20 20:00:00+00:00,bentre_bentrecity,73.89455440824852
2025-05-20 21:00:00+00:00,binhduong_thudaumot,82.48852415477012
2025-05-20 22:00:00+00:00,bacninh_bacninhcity,52.74095046443516
2025-05-20 23:00:00+00:00,binhduong_thudaumot,82.53373296538095
2025-05-21 00:00:00+00:00,angiang_longxuyen,70.86749157704766
2025-05-21 01:00:00+00:00,bacgiang_bacgiangcity,52.363231149599876
2025-05-21 02:00:00+00:00,bentre_bentrecity,73.79439693892266
2025-05-21 03:00:00+00:00,backan_backancity,39.56799650719277
2025-05-21 04:00:00+00:00,binhdinh_quynhon,35.34158860322418
2025-05-21 05:00:00+00:00,bacninh_bacninhcity,51.09293862163482
2025-05-21 06:00:00+00:00,binhduong_thudaumot,82.14787963845474
2025-05-21 07:00:00+00:00,bentre_bentrecity,73.37000831277012
2025-05-21 08:00:00+00:00,binhdinh_quynhon,35.46552388176723
2025-05-21 09:00:00+00:00,backan_backancity,38.06072642251646
2025-05-21 10:00:00+00:00,bacgiang_bacgiangcity,50.86750211781415
2025-05-21 11:00:00+00:00,angiang_longxuyen,70.30919909983055
2025-05-21 12:00:00+00:00,binhdinh_quynhon,35.660906950170514
2025-05-21 13:00:00+00:00,bacninh_bacninhcity,49.65089311663083
2025-05-21 14:00:00+00:00,bacgiang_bacgiangcity,49.4825567105756
2025-05-21 15:00:00+00:00,angiang_longxuyen,69.48212684171068
2025-05-21 16:00:00+00:00,binhduong_thudaumot,81.68190128908624
2025-05-21 17:00:00+00:00,bentre_bentrecity,72.80622644953733
2025-05-21 18:00:00+00:00,backan_backancity,36.62368426414133
2025-05-21 19:00:00+00:00,binhdinh_quynhon,35.8932623676151
2025-05-21 20:00:00+00:00,binhduong_thudaumot,81.379758716353
2025-05-21 21:00:00+00:00,angiang_longxuyen,68.38404712216523
2025-05-21 22:00:00+00:00,backan_backancity,35.356041127343566
2025-05-21 23:00:00+00:00,bacgiang_bacgiangcity,48.19330864652518
2025-05-22 00:00:00+00:00,bentre_bentrecity,72.15144800640154
2025-05-22 01:00:00+00:00,bacninh_bacninhcity,48.35432110613416
2025-05-22 02:00:00+00:00,bacgiang_bacgiangcity,46.84823752937269
2025-05-22 03:00:00+00:00,angiang_longxuyen,67.00835790619008
2025-05-22 04:00:00+00:00,binhdinh_quynhon,36.262518879009555
2025-05-22 05:00:00+00:00,backan_backancity,33.97686624655031
2025-05-22 06:00:00+00:00,bentre_bentrecity,71.16852864843051
2025-05-22 07:00:00+00:00,bacninh_bacninhcity,47.003932146278984
2025-05-22 08:00:00+00:00,binhduong_thudaumot,80.01739031514072
2025-05-22 09:00:00+00:00,bacninh_bacninhcity,45.68781372828553
2025-05-22 10:00:00+00:00,backan_backancity,32.73725614615027
2025-05-22 11:00:00+00:00,binhduong_thudaumot,78.44522444214198
2025-05-22 12:00:00+00:00,bentre_bentrecity,69.91228599430852
2025-05-22 13:00:00+00:00,binhdinh_quynhon,36.76381609048583
2025-05-22 14:00:00+00:00,bacgiang_bacgiangcity,45.592302223686474
2025-05-22 15:00:00+00:00,angiang_longxuyen,65.57867066735939
2025-05-22 16:00:00+00:00,binhduong_thudaumot,76.81787165582683
2025-05-22 17:00:00+00:00,bentre_bentrecity,68.57693566489212
2025-05-22 18:00:00+00:00,bacninh_bacninhcity,44.407843298412644
2025-05-22 19:00:00+00:00,backan_backancity,31.61941797251282
2025-05-22 20:00:00+00:00,angiang_longxuyen,64.06181560006978
2025-05-22 21:00:00+00:00,bacgiang_bacgiangcity,44.43007721781292
2025-05-22 22:00:00+00:00,binhdinh_quynhon,37.341011687776
2025-05-22 23:00:00+00:00,binhdinh_quynhon,38.02306313513115
2025-05-23 00:00:00+00:00,binhduong_thudaumot,75.28486530911005
2025-05-23 01:00:00+00:00,bentre_bentrecity,67.1604167578794
2025-05-23 02:00:00+00:00,angiang_longxuyen,62.75243025711117
2025-05-23 03:00:00+00:00,bacninh_bacninhcity,43.24876325327724
2025-05-23 04:00:00+00:00,bacgiang_bacgiangcity,43.50271406779043
2025-05-23 05:00:00+00:00,backan_backancity,30.640091493930527
2025-05-23 06:00:00+00:00,bacgiang_bacgiangcity,42.746284298978146
2025-05-23 07:00:00+00:00,bacninh_bacninhcity,42.16140737333966
2025-05-23 08:00:00+00:00,binhdinh_quynhon,38.84844855067328
2025-05-23 09:00:00+00:00,binhduong_thudaumot,73.88659193947059
2025-05-23 10:00:00+00:00,angiang_longxuyen,61.52315087622675
2025-05-23 11:00:00+00:00,backan_backancity,29.78963692923176
2025-05-23 12:00:00+00:00,bentre_bentrecity,65.70731147427959
2025-05-23 13:00:00+00:00,bacgiang_bacgiangcity,42.03314539123564
2025-05-23 14:00:00+00:00,binhduong_thudaumot,72.63821406973997
2025-05-23 15:00:00+00:00,angiang_longxuyen,60.58146862466164
2025-05-23 16:00:00+00:00,binhdinh_quynhon,39.73630908778786
2025-05-23 17:00:00+00:00,bacninh_bacninhcity,41.17535734990656
2025-05-23 18:00:00+00:00,backan_backancity,29.087595920821272
2025-05-23 19:00:00+00:00,bentre_bentrecity,64.66703470357363
2025-05-23 20:00:00+00:00,angiang_longxuyen,59.563573491208814
2025-05-23 21:00:00+00:00,binhdinh_quynhon,40.68596333831497
2025-05-23 22:00:00+00:00,binhduong_thudaumot,71.64463996599548
2025-05-23 23:00:00+00:00,bentre_bentrecity,64.31295024519471
2025-05-24 00:00:00+00:00,bacninh_bacninhcity,40.44420639430013
2025-05-24 01:00:00+00:00,bacgiang_bacgiangcity,41.46906809229715
2025-05-24 02:00:00+00:00,backan_backancity,28.711811233349167
2025-05-24 03:00:00+00:00,backan_backancity,28.429698724953496
2025-05-24 04:00:00+00:00,binhduong_thudaumot,70.80507601912555
2025-05-24 05:00:00+00:00,bacgiang_bacgiangcity,40.9937549276468
2025-05-24 06:00:00+00:00,bacninh_bacninhcity,39.91340373298962
2025-05-24 07:00:00+00:00,bentre_bentrecity,64.48125806069778
2025-05-24 08:00:00+00:00,binhdinh_quynhon,41.70428256495824
2025-05-24 09:00:00+00:00,angiang_longxuyen,58.442566531373075
2025-05-24 10:00:00+00:00,bacninh_bacninhcity,39.581786683520335
2025-05-24 11:00:00+00:00,bacgiang_bacgiangcity,40.6211294961889
2025-05-24 12:00:00+00:00,binhduong_thudaumot,70.2549771176497
2025-05-24 13:00:00+00:00,binhdinh_quynhon,42.79181475330084
2025-05-24 14:00:00+00:00,angiang_longxuyen,57.29104153964727
2025-05-24 15:00:00+00:00,backan_backancity,28.35144638367801
2025-05-24 16:00:00+00:00,bentre_bentrecity,64.62937618128035
2025-05-24 17:00:00+00:00,angiang_longxuyen,56.24312156132921
2025-05-24 18:00:00+00:00,backan_backancity,28.493393710084987
2025-05-24 19:00:00+00:00,bacgiang_bacgiangcity,40.461851530077936
2025-05-24 20:00:00+00:00,binhduong_thudaumot,69.7331185340748
2025-05-24 21:00:00+00:00,binhdinh_quynhon,43.78841945557483
2025-05-24 22:00:00+00:00,bentre_bentrecity,64.33996116935256
2025-05-24 23:00:00+00:00,bacninh_bacninhcity,39.53975857183785
2025-05-25 00:00:00+00:00,angiang_longxuyen,55.35340263832391
2025-05-25 01:00:00+00:00,binhdinh_quynhon,44.67481234434494
2025-05-25 02:00:00+00:00,binhduong_thudaumot,69.40983563056159
2025-05-25 03:00:00+00:00,bentre_bentrecity,63.928669398637574
2025-05-25 04:00:00+00:00,backan_backancity,28.702910041441797
2025-05-25 05:00:00+00:00,bacgiang_bacgiangcity,40.80820700918826
2025-05-25 06:00:00+00:00,bacninh_bacninhcity,39.96914577952723
2025-05-25 07:00:00+00:00,bacninh_bacninhcity,41.321640910058555
2025-05-25 08:00:00+00:00,bentre_bentrecity,63.817547452556454
2025-05-25 09:00:00+00:00,binhduong_thudaumot,69.50319807865625
2025-05-25 10:00:00+00:00,backan_backancity,28.814403664701075
2025-05-25 11:00:00+00:00,binhdinh_quynhon,45.40533907289577
2025-05-25 12:00:00+00:00,angiang_longxuyen,54.56596641568873
2025-05-25 13:00:00+00:00,bacgiang_bacgiangcity,42.132197359211126
2025-05-25 14:00:00+00:00,binhdinh_quynhon,45.89982220277273
2025-05-25 15:00:00+00:00,backan_backancity,28.838596036924656
2025-05-25 16:00:00+00:00,angiang_longxuyen,53.605233326197705
2025-05-25 17:00:00+00:00,bacgiang_bacgiangcity,43.968454162557556
2025-05-25 18:00:00+00:00,bacninh_bacninhcity,43.29360753434798
2025-05-25 19:00:00+00:00,binhduong_thudaumot,68.89421216990466
2025-05-25 20:00:00+00:00,bentre_bentrecity,64.27023119516824
2025-05-25 21:00:00+00:00,bacninh_bacninhcity,45.919025523643526
2025-05-25 22:00:00+00:00,binhdinh_quynhon,46.192436973997
2025-05-25 23:00:00+00:00,bacgiang_bacgiangcity,46.34408126267992
2025-05-26 00:00:00+00:00,binhduong_thudaumot,68.32162441660508
2025-05-26 01:00:00+00:00,backan_backancity,28.896730159660066
2025-05-26 02:00:00+00:00,bentre_bentrecity,64.89547321537162
2025-05-26 03:00:00+00:00,angiang_longxuyen,52.676059441204764
2025-05-26 04:00:00+00:00,angiang_longxuyen,51.69136746899951
2025-05-26 05:00:00+00:00,binhduong_thudaumot,67.5369114440636
2025-05-26 06:00:00+00:00,binhdinh_quynhon,46.369855645456624
2025-05-26 07:00:00+00:00,bacgiang_bacgiangcity,49.24864310803802
2025-05-26 08:00:00+00:00,bacninh_bacninhcity,49.256248194913894
2025-05-26 09:00:00+00:00,bentre_bentrecity,65.38694718963322
2025-05-26 10:00:00+00:00,backan_backancity,29.024320263788198
2025-05-26 11:00:00+00:00,binhduong_thudaumot,66.60898124808985
2025-05-26 12:00:00+00:00,angiang_longxuyen,50.5781133138925
2025-05-26 13:00:00+00:00,bacgiang_bacgiangcity,52.845939737076904
2025-05-26 14:00:00+00:00,bentre_bentrecity,65.82632679530425
2025-05-26 15:00:00+00:00,binhdinh_quynhon,46.462293665697956
2025-05-26 16:00:00+00:00,bacninh_bacninhcity,53.331350131733515
2025-05-26 17:00:00+00:00,backan_backancity,29.287825087816515
2025-05-26 18:00:00+00:00,angiang_longxuyen,49.38084582124877
2025-05-26 19:00:00+00:00,backan_backancity,29.739565342206873
2025-05-26 20:00:00+00:00,binhduong_thudaumot,65.38679708923436
2025-05-26 21:00:00+00:00,bacgiang_bacgiangcity,57.17943355417933
2025-05-26 22:00:00+00:00,bentre_bentrecity,66.06148646940703
2025-05-26 23:00:00+00:00,bacninh_bacninhcity,57.968573297214334
2025-05-27 00:00:00+00:00,binhdinh_quynhon,46.4520582480229
2025-05-27 01:00:00+00:00,backan_backancity,30.453285591176737
2025-05-27 02:00:00+00:00,binhdinh_quynhon,46.34826024838803
2025-05-27 03:00:00+00:00,bacninh_bacninhcity,62.85720033551965
2025-05-27 04:00:00+00:00,bentre_bentrecity,65.94340987151178
2025-05-27 05:00:00+00:00,binhduong_thudaumot,63.89579026364788
2025-05-27 06:00:00+00:00,angiang_longxuyen,48.040816171461366
2025-05-27 07:00:00+00:00,bacgiang_bacgiangcity,61.99921216032542
2025-05-27 08:00:00+00:00,binhduong_thudaumot,62.19602237379093
2025-05-27 09:00:00+00:00,angiang_longxuyen,46.543233518876946
2025-05-27 10:00:00+00:00,bacgiang_bacgiangcity,67.03721530350857
2025-05-27 11:00:00+00:00,binhdinh_quynhon,46.22279537530415
2025-05-27 12:00:00+00:00,bentre_bentrecity,65.41703636324083
2025-05-27 13:00:00+00:00,backan_backancity,31.29064091789192
2025-05-27 14:00:00+00:00,bacninh_bacninhcity,67.84509853603372
2025-05-27 15:00:00+00:00,bacgiang_bacgiangcity,71.75558083857956
2025-05-27 16:00:00+00:00,bacninh_bacninhcity,72.45582064220365
2025-05-27 17:00:00+00:00,backan_backancity,32.13285663847515
2025-05-27 18:00:00+00:00,angiang_longxuyen,44.99751390663079
2025-05-27 19:00:00+00:00,binhduong_thudaumot,60.427582360179784
2025-05-27 20:00:00+00:00,bentre_bentrecity,64.31640731946067
2025-05-27 21:00:00+00:00,binhdinh_quynhon,46.131853593959455
2025-05-27 22:00:00+00:00,bentre_bentrecity,62.880663648663024
2025-05-27 23:00:00+00:00,bacninh_bacninhcity,76.34771908584226
2025-05-28 00:00:00+00:00,angiang_longxuyen,43.427072996946016
2025-05-28 01:00:00+00:00,bacgiang_bacgiangcity,75.63618124902098
2025-05-28 02:00:00+00:00,backan_backancity,32.9404110796504
2025-05-28 03:00:00+00:00,binhduong_thudaumot,58.60256879147222
2025-05-28 04:00:00+00:00,binhdinh_quynhon,46.106431827992786
2025-05-28 05:00:00+00:00,binhdinh_quynhon,46.11468973247643
2025-05-28 06:00:00+00:00,bacgiang_bacgiangcity,78.78544010017488
2025-05-28 07:00:00+00:00,bentre_bentrecity,61.24367822881431
2025-05-28 08:00:00+00:00,bacninh_bacninhcity,79.60423777598899
2025-05-28 09:00:00+00:00,backan_backancity,33.75998784801101
2025-05-28 10:00:00+00:00,binhduong_thudaumot,56.93090064930141
2025-05-28 11:00:00+00:00,angiang_longxuyen,41.85745168308996
2025-05-28 12:00:00+00:00,binhdinh_quynhon,46.15806160011066
2025-05-28 13:00:00+00:00,backan_backancity,34.60213209221383
2025-05-28 14:00:00+00:00,bentre_bentrecity,59.68639850330946
2025-05-28 15:00:00+00:00,binhduong_thudaumot,55.48402334098153
2025-05-28 16:00:00+00:00,bacninh_bacninhcity,82.49455557000391
2025-05-28 17:00:00+00:00,bacgiang_bacgiangcity,81.59454762203825
2025-05-28 18:00:00+00:00,angiang_longxuyen,40.31069328078182
2025-05-28 19:00:00+00:00,binhduong_thudaumot,54.207674381049536
2025-05-28 20:00:00+00:00,binhdinh_quynhon,46.125482665918696
2025-05-28 21:00:00+00:00,bentre_bentrecity,58.318126153075106
2025-05-28 22:00:00+00:00,bacgiang_bacgiangcity,84.30975781422686
2025-05-28 23:00:00+00:00,angiang_longxuyen,38.786392757199245
2025-05-29 00:00:00+00:00,bacninh_bacninhcity,85.25947281967731
2025-05-29 01:00:00+00:00,backan_backancity,35.458638323787504
2025-05-29 02:00:00+00:00,bacninh_bacninhcity,87.28499788708274
2025-05-29 03:00:00+00:00,binhduong_thudaumot,53.14602140750824
2025-05-29 04:00:00+00:00,binhdinh_quynhon,46.114370471310586
2025-05-29 05:00:00+00:00,bacgiang_bacgiangcity,86.31424142651188
2025-05-29 06:00:00+00:00,backan_backancity,35.967740756004815
2025-05-29 07:00:00+00:00,bentre_bentrecity,57.219017173651714
2025-05-29 08:00:00+00:00,angiang_longxuyen,37.37626860368742
2025-05-29 09:00:00+00:00,bentre_bentrecity,56.300235954370734
2025-05-29 10:00:00+00:00,bacninh_bacninhcity,88.49714676212832
2025-05-29 11:00:00+00:00,binhdinh_quynhon,46.20400185234772
2025-05-29 12:00:00+00:00,angiang_longxuyen,36.152950352929395
2025-05-29 13:00:00+00:00,binhduong_thudaumot,52.26535615935518
2025-05-29 14:00:00+00:00,backan_backancity,36.311646977813005
2025-05-29 15:00:00+00:00,bacgiang_bacgiangcity,87.4912263049406
2025-05-29 16:00:00+00:00,backan_backancity,36.57714837540084
2025-05-29 17:00:00+00:00,binhduong_thudaumot,51.363419540391384
2025-05-29 18:00:00+00:00,bacninh_bacninhcity,88.67104760439867
2025-05-29 19:00:00+00:00,binhdinh_quynhon,46.266143417478254
2025-05-29 20:00:00+00:00,bacgiang_bacgiangcity,87.72141837060471
2025-05-29 21:00:00+00:00,angiang_longxuyen,35.095423949083916
2025-05-29 22:00:00+00:00,bentre_bentrecity,55.28531900343509
2025-05-29 23:00:00+00:00,binhdinh_quynhon,46.258681283363195
2025-05-30 00:00:00+00:00,angiang_longxuyen,34.191447870732354
2025-05-30 01:00:00+00:00,bacgiang_bacgiangcity,87.45782658364689
2025-05-30 02:00:00+00:00,bacninh_bacninhcity,88.1942072277535
2025-05-30 03:00:00+00:00,backan_backancity,36.82006800187038
2025-05-30 04:00:00+00:00,binhduong_thudaumot,50.43761934055391
2025-05-30 05:00:00+00:00,bentre_bentrecity,54.26117206924219
2025-05-30 06:00:00+00:00,bacgiang_bacgiangcity,86.9743972760007
2025-05-30 07:00:00+00:00,angiang_longxuyen,33.48296445790071
2025-05-30 08:00:00+00:00,binhdinh_quynhon,46.13373104021829
2025-05-30 09:00:00+00:00,bentre_bentrecity,53.45058702953746
2025-05-30 10:00:00+00:00,backan_backancity,37.108089224380144
2025-05-30 11:00:00+00:00,bacninh_bacninhcity,87.30392364134293
2025-05-30 12:00:00+00:00,binhduong_thudaumot,49.59717146911288
2025-05-30 13:00:00+00:00,binhdinh_quynhon,45.901199314368675
2025-05-30 14:00:00+00:00,angiang_longxuyen,33.00111358698862
2025-05-30 15:00:00+00:00,backan_backancity,37.56622423227139
2025-05-30 16:00:00+00:00,bacninh_bacninhcity,86.16696553594517
2025-05-30 17:00:00+00:00,bacgiang_bacgiangcity,86.3293932278863
2025-05-30 18:00:00+00:00,binhduong_thudaumot,48.98513351891768
2025-05-30 19:00:00+00:00,bentre_bentrecity,53.022195726081826
2025-05-30 20:00:00+00:00,angiang_longxuyen,32.749531023213095
2025-05-30 21:00:00+00:00,backan_backancity,38.41368155408486
2025-05-30 22:00:00+00:00,bacninh_bacninhcity,85.0156740337287
2025-05-30 23:00:00+00:00,bacgiang_bacgiangcity,85.5759916750575
2025-05-31 00:00:00+00:00,binhdinh_quynhon,45.67275127238663
2025-05-31 01:00:00+00:00,bentre_bentrecity,53.31553955638629
2025-05-31 02:00:00+00:00,binhduong_thudaumot,48.71890782734167
2025-05-31 03:00:00+00:00,binhduong_thudaumot,48.84063686827599
2025-05-31 04:00:00+00:00,bentre_bentrecity,54.62550624057225
2025-05-31 05:00:00+00:00,backan_backancity,39.57183717136693
2025-05-31 06:00:00+00:00,bacgiang_bacgiangcity,84.98352514909222
2025-05-31 07:00:00+00:00,bacninh_bacninhcity,84.07539152794666
2025-05-31 08:00:00+00:00,binhdinh_quynhon,45.552299276115676
2025-05-31 09:00:00+00:00,angiang_longxuyen,32.60778859576331
2025-05-31 10:00:00+00:00,backan_backancity,41.11249625587988
2025-05-31 11:00:00+00:00,angiang_longxuyen,32.54754353725971
2025-05-31 12:00:00+00:00,binhdinh_quynhon,45.526486772602745
2025-05-31 13:00:00+00:00,bentre_bentrecity,56.90281043179933
2025-05-31 14:00:00+00:00,binhduong_thudaumot,49.36655054516629
2025-05-31 15:00:00+00:00,bacgiang_bacgiangcity,84.52687208482152
2025-05-31 16:00:00+00:00,bacninh_bacninhcity,83.40570072931084
2025-05-31 17:00:00+00:00,angiang_longxuyen,32.48698398268232
2025-05-31 18:00:00+00:00,bacninh_bacninhcity,83.11766163770596
2025-05-31 19:00:00+00:00,backan_backancity,42.760846420214165
2025-05-31 20:00:00+00:00,bacgiang_bacgiangcity,84.17698328997281
2025-05-31 21:00:00+00:00,binhduong_thudaumot,49.99030109156507
2025-05-31 22:00:00+00:00,bentre_bentrecity,59.468891112622536
2025-05-31 23:00:00+00:00,binhdinh_quynhon,45.49641904190927
2025-06-01 00:00:00+00:00,angiang_longxuyen,32.42808268013047
2025-06-01 01:00:00+00:00,binhdinh_quynhon,45.41518375302457
2025-06-01 02:00:00+00:00,backan_backancity,43.81160162828858
2025-06-01 03:00:00+00:00,bentre_bentrecity,61.1954054640298
2025-06-01 04:00:00+00:00,bacgiang_bacgiangcity,84.02475051242449
2025-06-01 05:00:00+00:00,binhduong_thudaumot,50.769589006833236
2025-06-01 06:00:00+00:00,bacninh_bacninhcity,83.50569022914273
2025-06-01 07:00:00+00:00,binhdinh_quynhon,45.38474434515295
2025-06-01 08:00:00+00:00,angiang_longxuyen,32.357583143583724
2025-06-01 09:00:00+00:00,bacgiang_bacgiangcity,84.61370754811152
2025-06-01 10:00:00+00:00,backan_backancity,43.64019650296765
2025-06-01 11:00:00+00:00,bentre_bentrecity,61.31589796358299
2025-06-01 12:00:00+00:00,bacninh_bacninhcity,84.77604470330414
2025-06-01 13:00:00+00:00,binhduong_thudaumot,52.096729082686274
2025-06-01 14:00:00+00:00,angiang_longxuyen,32.21054193379936
2025-06-01 15:00:00+00:00,bacgiang_bacgiangcity,86.16924444120731
2025-06-01 16:00:00+00:00,backan_backancity,42.21692546055197
2025-06-01 17:00:00+00:00,bentre_bentrecity,59.967553228207606
2025-06-01 18:00:00+00:00,binhdinh_quynhon,45.587832567364686
2025-06-01 19:00:00+00:00,bacninh_bacninhcity,86.81602825119398
2025-06-01 20:00:00+00:00,binhduong_thudaumot,52.35536874775451
2025-06-01 21:00:00+00:00,backan_backancity,40.369766126646645
2025-06-01 22:00:00+00:00,bacninh_bacninhcity,88.90214027245597
2025-06-01 23:00:00+00:00,angiang_longxuyen,32.04539337431052
2025-06-02 00:00:00+00:00,binhdinh_quynhon,45.906779237132874
2025-06-02 01:00:00+00:00,bacgiang_bacgiangcity,88.0627264259849
2025-06-02 02:00:00+00:00,binhduong_thudaumot,52.285426726974976
2025-06-02 03:00:00+00:00,bentre_bentrecity,58.52449275860176
2025-06-02 04:00:00+00:00,bentre_bentrecity,57.563195005705474
2025-06-02 05:00:00+00:00,bacninh_bacninhcity,90.78201434567605
2025-06-02 06:00:00+00:00,binhdinh_quynhon,46.401181360445364
2025-06-02 07:00:00+00:00,binhduong_thudaumot,52.043645957500004
2025-06-02 08:00:00+00:00,backan_backancity,38.75522429024742
2025-06-02 09:00:00+00:00,bacgiang_bacgiangcity,89.8394576997239
2025-06-02 10:00:00+00:00,angiang_longxuyen,31.914448645395026
2025-06-02 11:00:00+00:00,bacgiang_bacgiangcity,90.93866436353386
2025-06-02 12:00:00+00:00,backan_backancity,37.60878126916892
2025-06-02 13:00:00+00:00,binhduong_thudaumot,51.7238129806147
2025-06-02 14:00:00+00:00,bacninh_bacninhcity,91.82832610543483
2025-06-02 15:00:00+00:00,binhdinh_quynhon,46.96644040220667
2025-06-02 16:00:00+00:00,bentre_bentrecity,56.84309906360283
2025-06-02 17:00:00+00:00,angiang_longxuyen,31.787249278813135
2025-06-02 18:00:00+00:00,backan_backancity,36.86699462815713
2025-06-02 19:00:00+00:00,binhduong_thudaumot,51.27131984168401
2025-06-02 20:00:00+00:00,bacninh_bacninhcity,91.79224899805818
2025-06-02 21:00:00+00:00,bacgiang_bacgiangcity,91.02388565189955
2025-06-02 22:00:00+00:00,bentre_bentrecity,56.24615692495072
2025-06-02 23:00:00+00:00,angiang_longxuyen,31.68688691053009
2025-06-03 00:00:00+00:00,binhdinh_quynhon,47.5170753765356
2025-06-03 01:00:00+00:00,binhdinh_quynhon,48.035803294648446
2025-06-03 02:00:00+00:00,bacninh_bacninhcity,90.70567340194009
2025-06-03 03:00:00+00:00,angiang_longxuyen,31.632841236754274
2025-06-03 04:00:00+00:00,binhduong_thudaumot,50.76514317597158
2025-06-03 05:00:00+00:00,backan_backancity,36.384629127306084
2025-06-03 06:00:00+00:00,bacgiang_bacgiangcity,90.14235553954349
2025-06-03 07:00:00+00:00,bentre_bentrecity,55.5841474546632
2025-06-03 08:00:00+00:00,angiang_longxuyen,31.68072088144652
2025-06-03 09:00:00+00:00,binhduong_thudaumot,50.2542776597041
2025-06-03 10:00:00+00:00,bacgiang_bacgiangcity,88.64323137968817
2025-06-03 11:00:00+00:00,bentre_bentrecity,54.91083518608648
2025-06-03 12:00:00+00:00,bacninh_bacninhcity,88.98033305008111
2025-06-03 13:00:00+00:00,binhdinh_quynhon,48.55467416552211
2025-06-03 14:00:00+00:00,backan_backancity,36.09918105449117
2025-06-03 15:00:00+00:00,bacgiang_bacgiangcity,86.9076323803305
2025-06-03 16:00:00+00:00,bentre_bentrecity,54.18921917962706
2025-06-03 17:00:00+00:00,binhduong_thudaumot,49.80463404580585
2025-06-03 18:00:00+00:00,bacninh_bacninhcity,87.05350852511414
2025-06-03 19:00:00+00:00,angiang_longxuyen,31.79170940495088
2025-06-03 20:00:00+00:00,binhdinh_quynhon,49.010755418749504
2025-06-03 21:00:00+00:00,backan_backancity,35.929477067024045
2025-06-03 22:00:00+00:00,bacninh_bacninhcity,85.2326227173754
2025-06-03 23:00:00+00:00,binhduong_thudaumot,49.47748188756632
2025-06-04 00:00:00+00:00,bacgiang_bacgiangcity,85.22849614767959
2025-06-04 01:00:00+00:00,binhdinh_quynhon,49.240404263922485
2025-06-04 02:00:00+00:00,angiang_longxuyen,31.949862809343358
2025-06-04 03:00:00+00:00,backan_backancity,35.8168445867702
2025-06-04 04:00:00+00:00,bentre_bentrecity,53.577872167775844
2025-06-04 05:00:00+00:00,binhdinh_quynhon,49.21055096237024
2025-06-04 06:00:00+00:00,bacgiang_bacgiangcity,83.82862528093793
2025-06-04 07:00:00+00:00,angiang_longxuyen,32.12893496773653
2025-06-04 08:00:00+00:00,backan_backancity,35.74578276936421
2025-06-04 09:00:00+00:00,bacninh_bacninhcity,83.70428496957254
2025-06-04 10:00:00+00:00,bentre_bentrecity,53.1080388589571
2025-06-04 11:00:00+00:00,binhduong_thudaumot,49.3114184304082
2025-06-04 12:00:00+00:00,binhdinh_quynhon,48.932026568271276
2025-06-04 13:00:00+00:00,backan_backancity,35.68668133294722
2025-06-04 14:00:00+00:00,angiang_longxuyen,32.351683959653684
2025-06-04 15:00:00+00:00,binhduong_thudaumot,49.29789509923418
2025-06-04 16:00:00+00:00,bacninh_bacninhcity,82.67609723734033
2025-06-04 17:00:00+00:00,bacgiang_bacgiangcity,82.8416329605564
2025-06-04 18:00:00+00:00,bentre_bentrecity,52.81902649730562
2025-06-04 19:00:00+00:00,binhdinh_quynhon,48.569140984917574
2025-06-04 20:00:00+00:00,angiang_longxuyen,32.64889227959246
2025-06-04 21:00:00+00:00,binhduong_thudaumot,49.43299498839765
2025-06-04 22:00:00+00:00,backan_backancity,35.61564810609339
2025-06-04 23:00:00+00:00,bentre_bentrecity,52.82921902915243
2025-06-05 00:00:00+00:00,bacgiang_bacgiangcity,82.34622182900709
2025-06-05 01:00:00+00:00,bacninh_bacninhcity,82.19533280741052
2025-06-05 02:00:00+00:00,binhdinh_quynhon,48.12105555611231
2025-06-05 03:00:00+00:00,bentre_bentrecity,53.11166985908205
2025-06-05 04:00:00+00:00,binhduong_thudaumot,49.823141663240634
2025-06-05 05:00:00+00:00,bacninh_bacninhcity,81.11368789026788
2025-06-05 07:00:00+00:00,bacgiang_bacgiangcity,81.29264092136037
2025-06-05 08:00:00+00:00,angiang_longxuyen,33.148245333521515
2025-06-05 09:00:00+00:00,backan_backancity,35.23644208254553
2025-06-05 10:00:00+00:00,bentre_bentrecity,53.51856583240167
2025-06-05 11:00:00+00:00,binhduong_thudaumot,50.25739402989009
2025-06-05 12:00:00+00:00,bacninh_bacninhcity,79.89396013635258
2025-06-05 13:00:00+00:00,binhdinh_quynhon,47.65666398238897
2025-06-05 14:00:00+00:00,angiang_longxuyen,33.759444627519876
2025-06-05 15:00:00+00:00,backan_backancity,34.81445506277484
2025-06-05 16:00:00+00:00,bacgiang_bacgiangcity,80.11958724385434
2025-06-05 17:00:00+00:00,binhdinh_quynhon,47.19810488130727
2025-06-05 18:00:00+00:00,angiang_longxuyen,34.500840530985414
2025-06-05 19:00:00+00:00,backan_backancity,34.50398072663153
2025-06-05 20:00:00+00:00,bentre_bentrecity,53.985725924592984
2025-06-05 21:00:00+00:00,bacninh_bacninhcity,78.33806943517374
2025-06-05 22:00:00+00:00,bacgiang_bacgiangcity,78.7033756852774
2025-06-05 23:00:00+00:00,binhduong_thudaumot,50.57412969695751
2025-06-06 00:00:00+00:00,backan_backancity,34.399758633806215
2025-06-06 01:00:00+00:00,bentre_bentrecity,54.410672066512745
2025-06-06 02:00:00+00:00,bacninh_bacninhcity,76.60863646489963
2025-06-06 03:00:00+00:00,bacgiang_bacgiangcity,77.19524311894412
2025-06-06 04:00:00+00:00,binhduong_thudaumot,50.68339325714792
2025-06-06 05:00:00+00:00,angiang_longxuyen,35.324925076404035
2025-06-06 06:00:00+00:00,binhdinh_quynhon,46.85329805710589
2025-06-06 07:00:00+00:00,binhdinh_quynhon,46.777552154236865
2025-06-06 08:00:00+00:00,backan_backancity,34.58481574778592
2025-06-06 09:00:00+00:00,bacgiang_bacgiangcity,75.8339968969043
2025-06-06 10:00:00+00:00,angiang_longxuyen,36.27791012625836
2025-06-06 11:00:00+00:00,binhduong_thudaumot,50.551323966513934
2025-06-06 12:00:00+00:00,bentre_bentrecity,54.752476882736815
2025-06-06 13:00:00+00:00,bacninh_bacninhcity,75.0084971191535
2025-06-06 14:00:00+00:00,angiang_longxuyen,37.54283239550843
2025-06-06 15:00:00+00:00,bentre_bentrecity,55.04387655549407
2025-06-06 16:00:00+00:00,backan_backancity,35.12159859959093
2025-06-06 17:00:00+00:00,binhdinh_quynhon,46.94005608765045
2025-06-06 18:00:00+00:00,binhduong_thudaumot,50.14768731614112
2025-06-06 19:00:00+00:00,bacgiang_bacgiangcity,74.65638302632796
2025-06-06 20:00:00+00:00,bacninh_bacninhcity,73.64509231042524
2025-06-06 21:00:00+00:00,bentre_bentrecity,55.4719200072317
2025-06-06 22:00:00+00:00,bacgiang_bacgiangcity,73.66218469552786
2025-06-06 23:00:00+00:00,binhduong_thudaumot,49.70765012777029
2025-06-07 00:00:00+00:00,backan_backancity,36.06265185900841
2025-06-07 01:00:00+00:00,angiang_longxuyen,38.90128389107412
2025-06-07 02:00:00+00:00,binhdinh_quynhon,47.25306068766035
2025-06-07 03:00:00+00:00,bacninh_bacninhcity,72.5547630130625
2025-06-07 04:00:00+00:00,binhduong_thudaumot,49.4894375034633
2025-06-07 05:00:00+00:00,backan_backancity,37.384359729950106
2025-06-07 06:00:00+00:00,angiang_longxuyen,40.43586271815999
2025-06-07 07:00:00+00:00,binhdinh_quynhon,47.72056863156967
2025-06-07 08:00:00+00:00,bacgiang_bacgiangcity,72.80841839186999
2025-06-07 09:00:00+00:00,bacninh_bacninhcity,71.69775644682593
2025-06-07 10:00:00+00:00,bentre_bentrecity,56.29612844504304
2025-06-07 11:00:00+00:00,angiang_longxuyen,42.11472376674631
2025-06-07 12:00:00+00:00,binhdinh_quynhon,48.273066756881356
2025-06-07 13:00:00+00:00,bacgiang_bacgiangcity,72.11155227340136
2025-06-07 14:00:00+00:00,backan_backancity,38.86237214957762
2025-06-07 15:00:00+00:00,binhduong_thudaumot,49.61467841722189
2025-06-07 16:00:00+00:00,bentre_bentrecity,57.64529992388518
2025-06-07 17:00:00+00:00,bacninh_bacninhcity,71.07871381135033
2025-06-07 18:00:00+00:00,bentre_bentrecity,59.22517095069237
2025-06-07 19:00:00+00:00,binhduong_thudaumot,50.06965893419093
2025-06-07 20:00:00+00:00,angiang_longxuyen,43.688943394408895
2025-06-07 21:00:00+00:00,binhdinh_quynhon,48.76471942209398
2025-06-07 22:00:00+00:00,bacninh_bacninhcity,70.82654037616338
2025-06-07 23:00:00+00:00,backan_backancity,40.0653863432065
2025-06-08 00:00:00+00:00,bacgiang_bacgiangcity,71.63538615727808
2025-06-08 01:00:00+00:00,angiang_longxuyen,44.901544953197096
2025-06-08 02:00:00+00:00,bentre_bentrecity,60.59929006884446
2025-06-08 03:00:00+00:00,binhduong_thudaumot,51.17284444984385
2025-06-08 04:00:00+00:00,backan_backancity,40.363862177624576
2025-06-08 05:00:00+00:00,bacgiang_bacgiangcity,71.61362398198852
2025-06-08 06:00:00+00:00,binhdinh_quynhon,49.108740006110835
2025-06-08 07:00:00+00:00,bacninh_bacninhcity,71.2178020825408
2025-06-08 08:00:00+00:00,bacninh_bacninhcity,72.51101232061208
2025-06-08 09:00:00+00:00,angiang_longxuyen,45.591768533379394
2025-06-08 10:00:00+00:00,backan_backancity,39.60024188494281
2025-06-08 11:00:00+00:00,bacgiang_bacgiangcity,72.48503065633217
2025-06-08 12:00:00+00:00,bentre_bentrecity,61.92966564218417
2025-06-08 13:00:00+00:00,binhduong_thudaumot,53.660479803164456
2025-06-08 14:00:00+00:00,binhdinh_quynhon,49.41384884863118
2025-06-08 15:00:00+00:00,bacgiang_bacgiangcity,74.43555674904388
2025-06-08 16:00:00+00:00,binhdinh_quynhon,49.8381802936794
2025-06-08 17:00:00+00:00,backan_backancity,38.32892962728388
2025-06-08 18:00:00+00:00,binhduong_thudaumot,56.70873776370362
2025-06-08 19:00:00+00:00,angiang_longxuyen,45.63607435905102
2025-06-08 20:00:00+00:00,bacninh_bacninhcity,74.7084559520044
2025-06-08 21:00:00+00:00,bentre_bentrecity,63.059030573436125
2025-06-08 22:00:00+00:00,angiang_longxuyen,45.41340160860629
2025-06-08 23:00:00+00:00,binhdinh_quynhon,50.384488564447366
2025-06-09 00:00:00+00:00,backan_backancity,37.21705258377281
2025-06-09 01:00:00+00:00,bacninh_bacninhcity,76.87785939936094
2025-06-09 02:00:00+00:00,binhduong_thudaumot,60.011125229707
2025-06-09 03:00:00+00:00,bacgiang_bacgiangcity,76.48826071010112
2025-06-09 04:00:00+00:00,bentre_bentrecity,64.44825979840739
2025-06-09 05:00:00+00:00,binhduong_thudaumot,62.70299242732594
2025-06-09 06:00:00+00:00,angiang_longxuyen,45.0347102149974
2025-06-09 07:00:00+00:00,backan_backancity,36.644688789798515
2025-06-09 08:00:00+00:00,bacninh_bacninhcity,78.8252572091566
2025-06-09 09:00:00+00:00,bacgiang_bacgiangcity,78.41669583617337
2025-06-09 10:00:00+00:00,binhdinh_quynhon,50.946798014243655
2025-06-09 11:00:00+00:00,bentre_bentrecity,66.09270496982515
2025-06-09 12:00:00+00:00,bentre_bentrecity,67.72286916043652
2025-06-09 13:00:00+00:00,binhduong_thudaumot,64.31566634765039
2025-06-09 14:00:00+00:00,angiang_longxuyen,44.55819148206409
2025-06-09 15:00:00+00:00,binhdinh_quynhon,51.4485240840024
2025-06-09 16:00:00+00:00,backan_backancity,36.68433435546726
2025-06-09 17:00:00+00:00,bacninh_bacninhcity,81.1278354484975
2025-06-09 18:00:00+00:00,bacgiang_bacgiangcity,80.64747962520906
2025-06-09 19:00:00+00:00,backan_backancity,37.27520576687633
2025-06-09 20:00:00+00:00,bentre_bentrecity,68.6628312137797
2025-06-09 21:00:00+00:00,binhduong_thudaumot,64.98188101165216
2025-06-09 22:00:00+00:00,binhdinh_quynhon,51.84777684970992
2025-06-09 23:00:00+00:00,bacninh_bacninhcity,83.88788515666484
2025-06-10 00:00:00+00:00,bacgiang_bacgiangcity,83.43018258087508
2025-06-10 01:00:00+00:00,angiang_longxuyen,44.06467090077668
2025-06-10 02:00:00+00:00,binhdinh_quynhon,52.152752269653504
2025-06-10 03:00:00+00:00,backan_backancity,38.23264617777636
2025-06-10 04:00:00+00:00,bacgiang_bacgiangcity,86.7717295731604
2025-06-10 05:00:00+00:00,angiang_longxuyen,43.5514133083114
2025-06-10 06:00:00+00:00,bacninh_bacninhcity,87.16946227451115
2025-06-10 07:00:00+00:00,binhduong_thudaumot,64.85837220884557
2025-06-10 08:00:00+00:00,bentre_bentrecity,68.99517255723717
2025-06-10 09:00:00+00:00,angiang_longxuyen,43.07087283770689
2025-06-10 10:00:00+00:00,binhduong_thudaumot,64.37483449535577
2025-06-10 11:00:00+00:00,bentre_bentrecity,68.6939615599953
2025-06-10 12:00:00+00:00,bacgiang_bacgiangcity,90.36737450217525
2025-06-10 13:00:00+00:00,bacninh_bacninhcity,90.75540845434054
2025-06-10 14:00:00+00:00,backan_backancity,39.340572959996635
2025-06-10 15:00:00+00:00,binhdinh_quynhon,52.40570241484092
2025-06-10 16:00:00+00:00,angiang_longxuyen,42.55067727124958
2025-06-10 17:00:00+00:00,binhdinh_quynhon,52.70202442766257
2025-06-10 18:00:00+00:00,backan_backancity,40.420681134960404
2025-06-10 19:00:00+00:00,bacgiang_bacgiangcity,93.47185161409128
2025-06-10 20:00:00+00:00,binhduong_thudaumot,63.75560363874506
2025-06-10 21:00:00+00:00,bentre_bentrecity,68.00365220815651
2025-06-10 22:00:00+00:00,bacninh_bacninhcity,93.86018159759878
2025-06-10 23:00:00+00:00,bacgiang_bacgiangcity,96.19174306246953
2025-06-11 00:00:00+00:00,backan_backancity,41.467962590946776
2025-06-11 01:00:00+00:00,binhduong_thudaumot,63.15744878417196
2025-06-11 02:00:00+00:00,angiang_longxuyen,42.07226203168933
2025-06-11 03:00:00+00:00,binhdinh_quynhon,52.92428261510091
2025-06-11 04:00:00+00:00,bentre_bentrecity,67.14213548231592
2025-06-11 05:00:00+00:00,bacninh_bacninhcity,96.59915217663686
2025-06-11 06:00:00+00:00,bacgiang_bacgiangcity,98.71195184034444
2025-06-11 07:00:00+00:00,bacninh_bacninhcity,99.13745802948657
2025-06-11 08:00:00+00:00,binhdinh_quynhon,52.99439141410141
2025-06-11 09:00:00+00:00,backan_backancity,42.441318409218624
2025-06-11 10:00:00+00:00,angiang_longxuyen,41.60100396035436
2025-06-11 11:00:00+00:00,bentre_bentrecity,66.38431907172364
2025-06-11 12:00:00+00:00,binhduong_thudaumot,62.68578091492264
2025-06-11 13:00:00+00:00,bacgiang_bacgiangcity,101.17363531121032
2025-06-11 14:00:00+00:00,angiang_longxuyen,41.14117734479336
2025-06-11 15:00:00+00:00,bacninh_bacninhcity,101.61032919188736
2025-06-11 16:00:00+00:00,bentre_bentrecity,65.85413825492272
2025-06-11 17:00:00+00:00,binhduong_thudaumot,62.36411337760675
2025-06-11 18:00:00+00:00,backan_backancity,43.338642419099806
2025-06-11 19:00:00+00:00,binhdinh_quynhon,53.06743550979084
2025-06-11 20:00:00+00:00,bacninh_bacninhcity,103.98117809597916
2025-06-11 21:00:00+00:00,binhduong_thudaumot,62.28686170565704
2025-06-11 22:00:00+00:00,bacgiang_bacgiangcity,103.5895107611429
2025-06-11 23:00:00+00:00,bentre_bentrecity,65.71487367532723
2025-06-12 00:00:00+00:00,binhdinh_quynhon,53.16336634248832
2025-06-12 01:00:00+00:00,backan_backancity,44.17200936378798
2025-06-12 02:00:00+00:00,angiang_longxuyen,40.71771791158618
2025-06-12 03:00:00+00:00,binhdinh_quynhon,53.217002218349776
2025-06-12 04:00:00+00:00,backan_backancity,45.290614717241866
2025-06-12 05:00:00+00:00,bacninh_bacninhcity,107.38650167559695
2025-06-12 06:00:00+00:00,binhduong_thudaumot,62.277319608871984
2025-06-12 07:00:00+00:00,bentre_bentrecity,65.89235667552923
2025-06-12 08:00:00+00:00,bacgiang_bacgiangcity,107.05804507341489
2025-06-12 09:00:00+00:00,angiang_longxuyen,40.31847944115474
2025-06-12 10:00:00+00:00,bentre_bentrecity,66.16100541640121
2025-06-12 11:00:00+00:00,bacninh_bacninhcity,110.58463488440381
2025-06-12 12:00:00+00:00,angiang_longxuyen,39.898407988379105
2025-06-12 13:00:00+00:00,bacgiang_bacgiangcity,110.3330701897234
2025-06-12 14:00:00+00:00,binhduong_thudaumot,62.26376053950776
2025-06-12 15:00:00+00:00,binhdinh_quynhon,53.17620826550241
2025-06-12 16:00:00+00:00,backan_backancity,46.28680009141743
2025-06-12 17:00:00+00:00,binhdinh_quynhon,52.981311236485936
2025-06-12 18:00:00+00:00,bacgiang_bacgiangcity,112.5511014012205
2025-06-12 19:00:00+00:00,backan_backancity,47.10202633075694
2025-06-12 20:00:00+00:00,bacninh_bacninhcity,112.8100793878227
2025-06-12 21:00:00+00:00,binhduong_thudaumot,62.29689222437491
2025-06-12 22:00:00+00:00,bentre_bentrecity,66.47510122248542
2025-06-12 23:00:00+00:00,angiang_longxuyen,39.50834708519262
2025-06-13 00:00:00+00:00,backan_backancity,47.66496477270086
2025-06-13 01:00:00+00:00,binhduong_thudaumot,62.35156689029836
2025-06-13 02:00:00+00:00,bentre_bentrecity,66.75018522014054
2025-06-13 03:00:00+00:00,angiang_longxuyen,39.17905063554072
2025-06-13 04:00:00+00:00,binhdinh_quynhon,52.82890929817064
2025-06-13 05:00:00+00:00,bacninh_bacninhcity,113.90543347472843
2025-06-13 06:00:00+00:00,bacgiang_bacgiangcity,113.60644181909836
2025-06-13 07:00:00+00:00,binhduong_thudaumot,62.41269349082704
2025-06-13 08:00:00+00:00,bentre_bentrecity,66.8294215529197
2025-06-13 09:00:00+00:00,binhdinh_quynhon,52.57852753758605
2025-06-13 10:00:00+00:00,bacgiang_bacgiangcity,114.0889586116213
2025-06-13 11:00:00+00:00,bacninh_bacninhcity,114.38460874646707
2025-06-13 12:00:00+00:00,angiang_longxuyen,39.001346058559434
2025-06-13 13:00:00+00:00,backan_backancity,48.14039706465191
2025-06-13 14:00:00+00:00,binhduong_thudaumot,62.51593873978672
2025-06-13 15:00:00+00:00,angiang_longxuyen,38.994427144935514
2025-06-13 16:00:00+00:00,bacgiang_bacgiangcity,114.249058556107
2025-06-13 17:00:00+00:00,backan_backancity,48.77105699449055
2025-06-13 18:00:00+00:00,binhdinh_quynhon,52.343008099035195
2025-06-13 19:00:00+00:00,bentre_bentrecity,66.70498832225977
2025-06-13 20:00:00+00:00,bacninh_bacninhcity,114.49736750165964
2025-06-13 21:00:00+00:00,angiang_longxuyen,38.998472708066856
2025-06-13 22:00:00+00:00,binhduong_thudaumot,62.71687314040202
2025-06-13 23:00:00+00:00,bentre_bentrecity,66.65272479290223
2025-06-14 00:00:00+00:00,bacninh_bacninhcity,114.545094663407
2025-06-14 01:00:00+00:00,backan_backancity,49.723617951154424
2025-06-14 02:00:00+00:00,bacgiang_bacgiangcity,114.36237601833979
2025-06-14 03:00:00+00:00,binhdinh_quynhon,52.2284934074305
2025-06-14 04:00:00+00:00,bacninh_bacninhcity,114.56054309176014
2025-06-14 05:00:00+00:00,binhduong_thudaumot,63.22436020642201
2025-06-14 06:00:00+00:00,backan_backancity,51.15030556455381
2025-06-14 07:00:00+00:00,binhdinh_quynhon,52.10505846355033
2025-06-14 08:00:00+00:00,angiang_longxuyen,39.13241944495967
2025-06-14 09:00:00+00:00,bentre_bentrecity,66.90611094401015
2025-06-14 10:00:00+00:00,bacgiang_bacgiangcity,114.45533224233911
2025-06-14 11:00:00+00:00,bacgiang_bacgiangcity,114.78290253740406
2025-06-14 12:00:00+00:00,angiang_longxuyen,39.31071965844439
2025-06-14 13:00:00+00:00,backan_backancity,53.18099718299004
2025-06-14 14:00:00+00:00,bacninh_bacninhcity,114.82668539422566
2025-06-14 15:00:00+00:00,binhdinh_quynhon,52.01909620337436
2025-06-14 16:00:00+00:00,bentre_bentrecity,67.81339161368278
2025-06-14 17:00:00+00:00,binhduong_thudaumot,64.31421775967402
2025-06-14 18:00:00+00:00,bacgiang_bacgiangcity,115.35769295449336
2025-06-14 19:00:00+00:00,binhdinh_quynhon,51.956154102783216
2025-06-14 20:00:00+00:00,bentre_bentrecity,69.59338221036859
2025-06-14 21:00:00+00:00,binhduong_thudaumot,66.31450332588284
2025-06-14 22:00:00+00:00,bacninh_bacninhcity,115.4546578121608
2025-06-14 23:00:00+00:00,angiang_longxuyen,39.51214962863056
2025-06-15 00:00:00+00:00,backan_backancity,55.4899463503717
2025-06-15 01:00:00+00:00,bentre_bentrecity,71.80766805953208
2025-06-15 02:00:00+00:00,angiang_longxuyen,39.64844555589293
2025-06-15 03:00:00+00:00,backan_backancity,57.14755508851541
2025-06-15 04:00:00+00:00,bacgiang_bacgiangcity,117.30566495787832
2025-06-15 05:00:00+00:00,bacninh_bacninhcity,117.81023578757748
2025-06-15 06:00:00+00:00,binhdinh_quynhon,51.85057395873006
2025-06-15 07:00:00+00:00,binhduong_thudaumot,69.43806165318645
2025-06-15 08:00:00+00:00,bacgiang_bacgiangcity,120.99577128433668
2025-06-15 09:00:00+00:00,binhdinh_quynhon,51.677987090586306
2025-06-15 10:00:00+00:00,bentre_bentrecity,74.40602270865749
2025-06-15 11:00:00+00:00,backan_backancity,57.104878924317184
2025-06-15 12:00:00+00:00,bacninh_bacninhcity,122.01051192686731
2025-06-15 13:00:00+00:00,binhduong_thudaumot,72.98933464087779
2025-06-15 14:00:00+00:00,angiang_longxuyen,39.77637398155502
2025-06-15 15:00:00+00:00,binhduong_thudaumot,74.82031648734979
2025-06-15 16:00:00+00:00,angiang_longxuyen,39.656050642768804
2025-06-15 17:00:00+00:00,bacninh_bacninhcity,128.1910483331204
2025-06-15 18:00:00+00:00,bacgiang_bacgiangcity,126.61779363659338
2025-06-15 19:00:00+00:00,bentre_bentrecity,76.00391769605866
2025-06-15 20:00:00+00:00,backan_backancity,55.05735700083984
2025-06-15 21:00:00+00:00,binhdinh_quynhon,51.36684564155915
2025-06-15 22:00:00+00:00,bacgiang_bacgiangcity,133.1346168825027
2025-06-15 23:00:00+00:00,binhduong_thudaumot,75.65693322480071
2025-06-16 00:00:00+00:00,angiang_longxuyen,39.43779513263356
2025-06-16 01:00:00+00:00,binhdinh_quynhon,51.03513805534134
2025-06-16 02:00:00+00:00,bacninh_bacninhcity,135.0527808527097
2025-06-16 03:00:00+00:00,backan_backancity,52.663856040522354
2025-06-16 04:00:00+00:00,bentre_bentrecity,76.83936936850887
2025-06-16 05:00:00+00:00,bacgiang_bacgiangcity,139.63851243374143
2025-06-16 06:00:00+00:00,binhdinh_quynhon,50.662550744619665
2025-06-16 07:00:00+00:00,bacninh_bacninhcity,141.54514011614987
2025-06-16 08:00:00+00:00,binhduong_thudaumot,76.14414958933574
2025-06-16 09:00:00+00:00,bentre_bentrecity,76.93692748013373
2025-06-16 10:00:00+00:00,angiang_longxuyen,39.18509753732361
2025-06-16 11:00:00+00:00,backan_backancity,51.02923410631928
2025-06-16 12:00:00+00:00,binhduong_thudaumot,76.39457900084062
2025-06-16 13:00:00+00:00,bacninh_bacninhcity,147.25209070361257
2025-06-16 14:00:00+00:00,bentre_bentrecity,76.67982693979037
2025-06-16 15:00:00+00:00,binhdinh_quynhon,50.28974900475676
2025-06-16 16:00:00+00:00,angiang_longxuyen,38.94125348300073
2025-06-16 17:00:00+00:00,bacgiang_bacgiangcity,145.73911203868732
2025-06-16 18:00:00+00:00,backan_backancity,50.26301683848253
2025-06-16 19:00:00+00:00,binhduong_thudaumot,76.33485333736803
2025-06-16 20:00:00+00:00,bentre_bentrecity,76.48742205390428
2025-06-16 21:00:00+00:00,bacgiang_bacgiangcity,150.81648437220161
2025-06-16 22:00:00+00:00,angiang_longxuyen,38.73502030005085
2025-06-16 23:00:00+00:00,binhdinh_quynhon,49.8071214238442
2025-06-17 00:00:00+00:00,bacninh_bacninhcity,151.85707087388937
2025-06-17 01:00:00+00:00,backan_backancity,50.05552567123739
2025-06-17 02:00:00+00:00,backan_backancity,50.12503883373445
2025-06-17 03:00:00+00:00,binhdinh_quynhon,49.30710602212332
2025-06-17 04:00:00+00:00,bacninh_bacninhcity,155.28532586325295
2025-06-17 05:00:00+00:00,binhduong_thudaumot,75.88683938494317
2025-06-17 06:00:00+00:00,angiang_longxuyen,38.58267077774786
2025-06-17 07:00:00+00:00,bentre_bentrecity,76.56203386487076
2025-06-17 08:00:00+00:00,bacgiang_bacgiangcity,154.66168491397082
2025-06-17 09:00:00+00:00,bentre_bentrecity,76.79425109464655
2025-06-17 10:00:00+00:00,binhdinh_quynhon,48.81803127169757
2025-06-17 11:00:00+00:00,bacninh_bacninhcity,157.78835722891438
2025-06-17 12:00:00+00:00,binhduong_thudaumot,75.51752330989838
2025-06-17 13:00:00+00:00,backan_backancity,50.23757124705572
2025-06-17 14:00:00+00:00,angiang_longxuyen,38.5142678816932
2025-06-17 15:00:00+00:00,bacgiang_bacgiangcity,157.51416906856042
2025-06-17 16:00:00+00:00,backan_backancity,50.35753720393987
2025-06-17 17:00:00+00:00,angiang_longxuyen,38.4614563667525
2025-06-17 18:00:00+00:00,binhdinh_quynhon,48.36927873000845
2025-06-17 19:00:00+00:00,bacninh_bacninhcity,159.50785021721913
2025-06-17 20:00:00+00:00,binhduong_thudaumot,75.56299181802471
2025-06-17 21:00:00+00:00,bentre_bentrecity,77.13232960890512
2025-06-17 22:00:00+00:00,bacgiang_bacgiangcity,159.55982784105504
2025-06-17 23:00:00+00:00,bacninh_bacninhcity,160.54836524252647
2025-06-18 00:00:00+00:00,angiang_longxuyen,38.4144344386252
2025-06-18 01:00:00+00:00,binhdinh_quynhon,47.954282100242104
2025-06-18 02:00:00+00:00,backan_backancity,50.469007001739
2025-06-18 03:00:00+00:00,bentre_bentrecity,77.31707937444905
2025-06-18 04:00:00+00:00,binhduong_thudaumot,75.96653554910299
2025-06-18 05:00:00+00:00,bacgiang_bacgiangcity,160.92366389061178
2025-06-18 06:00:00+00:00,binhdinh_quynhon,47.529950655193886
2025-06-18 07:00:00+00:00,bentre_bentrecity,77.39829322041962
2025-06-18 08:00:00+00:00,bacninh_bacninhcity,161.0709910059178
2025-06-18 09:00:00+00:00,binhduong_thudaumot,76.62408251070676
2025-06-18 10:00:00+00:00,angiang_longxuyen,38.336001023852674
2025-06-18 11:00:00+00:00,bacgiang_bacgiangcity,161.7700871874553
2025-06-18 12:00:00+00:00,backan_backancity,50.57515895683545
2025-06-18 13:00:00+00:00,bentre_bentrecity,77.40174076450151
2025-06-18 14:00:00+00:00,binhdinh_quynhon,47.11290027076368
2025-06-18 15:00:00+00:00,backan_backancity,50.71845480428621
2025-06-18 16:00:00+00:00,binhduong_thudaumot,77.27298083028063
2025-06-18 17:00:00+00:00,bacninh_bacninhcity,161.3523839854173
2025-06-18 18:00:00+00:00,angiang_longxuyen,38.26227552000331
2025-06-18 19:00:00+00:00,bacgiang_bacgiangcity,162.31583794245603
2025-06-18 20:00:00+00:00,bacgiang_bacgiangcity,162.82690359258868
2025-06-18 21:00:00+00:00,angiang_longxuyen,38.20585206530577
2025-06-18 22:00:00+00:00,backan_backancity,50.910154456552235
2025-06-18 23:00:00+00:00,binhdinh_quynhon,46.68604809203293
2025-06-19 00:00:00+00:00,binhduong_thudaumot,78.05215676588614
2025-06-19 01:00:00+00:00,bacninh_bacninhcity,161.6457325808138
2025-06-19 02:00:00+00:00,bentre_bentrecity,77.3788611751315
2025-06-19 03:00:00+00:00,backan_backancity,50.828480779201016
2025-06-19 04:00:00+00:00,bentre_bentrecity,77.20419196177174
2025-06-19 05:00:00+00:00,binhduong_thudaumot,78.9267870249864
2025-06-19 06:00:00+00:00,binhdinh_quynhon,46.170860637296514
2025-06-19 07:00:00+00:00,angiang_longxuyen,38.24728930557685
2025-06-19 08:00:00+00:00,bacgiang_bacgiangcity,163.8105853652841
2025-06-19 09:00:00+00:00,bacninh_bacninhcity,162.46739645948247
2025-06-19 10:00:00+00:00,bacninh_bacninhcity,162.94351492468547
2025-06-19 11:00:00+00:00,binhduong_thudaumot,80.03578714418586
2025-06-19 12:00:00+00:00,bacgiang_bacgiangcity,164.3386147430346
2025-06-19 13:00:00+00:00,bentre_bentrecity,77.07492931034196
2025-06-19 14:00:00+00:00,binhdinh_quynhon,45.46523151458933
2025-06-19 15:00:00+00:00,angiang_longxuyen,38.43307547863675
2025-06-19 16:00:00+00:00,backan_backancity,50.59721180273869
2025-06-19 17:00:00+00:00,binhduong_thudaumot,81.16185701430081
2025-06-19 18:00:00+00:00,bentre_bentrecity,77.08418311905935
2025-06-19 19:00:00+00:00,binhdinh_quynhon,44.71041234688234
2025-06-19 20:00:00+00:00,bacgiang_bacgiangcity,164.59532931092374
2025-06-19 21:00:00+00:00,angiang_longxuyen,38.64184369054526
2025-06-19 22:00:00+00:00,bacninh_bacninhcity,163.29437341576178
2025-06-19 23:00:00+00:00,backan_backancity,50.520331807967125
2025-06-20 00:00:00+00:00,backan_backancity,50.806146792868155
2025-06-20 01:00:00+00:00,bacninh_bacninhcity,163.4252037824686
2025-06-20 02:00:00+00:00,angiang_longxuyen,38.75817864730446
2025-06-20 03:00:00+00:00,bentre_bentrecity,77.026232452367
2025-06-20 04:00:00+00:00,binhdinh_quynhon,43.98161058164546
2025-06-20 05:00:00+00:00,bacgiang_bacgiangcity,164.47737898796723
2025-06-20 06:00:00+00:00,binhduong_thudaumot,82.1171781505216
2025-06-20 07:00:00+00:00,bacninh_bacninhcity,163.44063315045364
2025-06-20 08:00:00+00:00,bacgiang_bacgiangcity,164.1144362235092
2025-06-20 09:00:00+00:00,angiang_longxuyen,38.93143262833206
2025-06-20 10:00:00+00:00,binhdinh_quynhon,43.35940869015562
2025-06-20 11:00:00+00:00,bentre_bentrecity,76.87391152061616
2025-06-20 12:00:00+00:00,backan_backancity,51.813825569014035
2025-06-20 13:00:00+00:00,binhduong_thudaumot,82.77172548669407
2025-06-20 14:00:00+00:00,binhduong_thudaumot,83.09902536278645
2025-06-20 15:00:00+00:00,bacgiang_bacgiangcity,163.75179842494094
2025-06-20 16:00:00+00:00,angiang_longxuyen,39.19196403493522
2025-06-20 17:00:00+00:00,binhdinh_quynhon,42.86400113242533
2025-06-20 18:00:00+00:00,backan_backancity,53.99355497079416
2025-06-20 19:00:00+00:00,bacninh_bacninhcity,163.49926760785195
2025-06-20 20:00:00+00:00,bentre_bentrecity,76.69842985906571
2025-06-20 21:00:00+00:00,bacgiang_bacgiangcity,163.58552053864156
2025-06-20 22:00:00+00:00,backan_backancity,57.9480976967722
2025-06-20 23:00:00+00:00,bacninh_bacninhcity,163.71105212301384
2025-06-21 00:00:00+00:00,bentre_bentrecity,76.68080854874805
2025-06-21 01:00:00+00:00,angiang_longxuyen,39.56648597302006
2025-06-21 02:00:00+00:00,binhduong_thudaumot,83.28438982520191
2025-06-21 03:00:00+00:00,binhdinh_quynhon,42.36346633567345
2025-06-21 04:00:00+00:00,backan_backancity,63.92770446750201
2025-06-21 05:00:00+00:00,bacgiang_bacgiangcity,163.76070914703234
2025-06-21 06:00:00+00:00,angiang_longxuyen,40.10339748230981
2025-06-21 07:00:00+00:00,bentre_bentrecity,77.01071969527149
2025-06-21 08:00:00+00:00,binhdinh_quynhon,41.93349302166469
2025-06-21 09:00:00+00:00,binhduong_thudaumot,83.22525503314074
2025-06-21 10:00:00+00:00,bacninh_bacninhcity,164.1220937263974
2025-06-21 11:00:00+00:00,bacninh_bacninhcity,164.74315199580062
2025-06-21 12:00:00+00:00,bentre_bentrecity,77.55119787594381
2025-06-21 13:00:00+00:00,angiang_longxuyen,40.86775159916381
2025-06-21 14:00:00+00:00,bacgiang_bacgiangcity,164.25888998832264
2025-06-21 15:00:00+00:00,backan_backancity,71.74970786265567
2025-06-21 16:00:00+00:00,binhduong_thudaumot,82.86613982885379
2025-06-21 17:00:00+00:00,binhdinh_quynhon,41.577540647210995
2025-06-21 18:00:00+00:00,bentre_bentrecity,78.1183581894241
2025-06-21 19:00:00+00:00,backan_backancity,81.1392025755291
2025-06-21 20:00:00+00:00,bacgiang_bacgiangcity,165.30868264780747
2025-06-21 21:00:00+00:00,binhdinh_quynhon,41.25283774627359
2025-06-21 22:00:00+00:00,binhduong_thudaumot,82.18170940930392
2025-06-21 23:00:00+00:00,angiang_longxuyen,41.76208313125172
2025-06-22 00:00:00+00:00,bacninh_bacninhcity,165.76402531177064
2025-06-22 01:00:00+00:00,binhdinh_quynhon,40.923627068278186
2025-06-22 02:00:00+00:00,binhduong_thudaumot,81.57301774498502
2025-06-22 03:00:00+00:00,bacgiang_bacgiangcity,166.56734358613343
2025-06-22 04:00:00+00:00,angiang_longxuyen,42.725370310069486
2025-06-22 05:00:00+00:00,bentre_bentrecity,78.3390843997756
2025-06-22 06:00:00+00:00,bacninh_bacninhcity,167.1093537438926
2025-06-22 07:00:00+00:00,backan_backancity,88.91381355665033
2025-06-22 08:00:00+00:00,bentre_bentrecity,78.05672887168652
2025-06-22 09:00:00+00:00,bacgiang_bacgiangcity,167.4827463551669
2025-06-22 10:00:00+00:00,binhduong_thudaumot,81.1383019731359
2025-06-22 11:00:00+00:00,backan_backancity,90.23637854852046
2025-06-22 12:00:00+00:00,binhdinh_quynhon,40.52731436435163
2025-06-22 13:00:00+00:00,angiang_longxuyen,43.58751364551169
2025-06-22 14:00:00+00:00,bacninh_bacninhcity,168.001517159108
2025-06-22 15:00:00+00:00,backan_backancity,82.18215971050051
2025-06-22 16:00:00+00:00,bacninh_bacninhcity,168.40419126089125
2025-06-22 17:00:00+00:00,binhduong_thudaumot,80.52286412977908
2025-06-22 18:00:00+00:00,binhdinh_quynhon,40.19962851580502
2025-06-22 19:00:00+00:00,angiang_longxuyen,44.58513331238753
2025-06-22 20:00:00+00:00,bentre_bentrecity,77.23866740259065
2025-06-22 21:00:00+00:00,bacgiang_bacgiangcity,168.15402392944793
2025-06-22 22:00:00+00:00,bentre_bentrecity,76.62994595644659
2025-06-22 23:00:00+00:00,backan_backancity,70.30902279142552
2025-06-23 00:00:00+00:00,angiang_longxuyen,45.449602012739156
2025-06-23 01:00:00+00:00,bacninh_bacninhcity,168.6539202038681
2025-06-23 02:00:00+00:00,binhduong_thudaumot,79.84284261162765
2025-06-23 03:00:00+00:00,binhdinh_quynhon,39.97181899615465
2025-06-23 04:00:00+00:00,bacgiang_bacgiangcity,168.77516320541562
2025-06-23 05:00:00+00:00,bacninh_bacninhcity,168.8937663459799
2025-06-23 06:00:00+00:00,bentre_bentrecity,76.5857687882597
2025-06-23 07:00:00+00:00,angiang_longxuyen,46.20850009922167
2025-06-23 08:00:00+00:00,bacgiang_bacgiangcity,169.3419756671779
2025-06-23 09:00:00+00:00,binhdinh_quynhon,39.81936464182706
2025-06-23 10:00:00+00:00,binhduong_thudaumot,79.31917805817432
2025-06-23 11:00:00+00:00,backan_backancity,62.03980597930763
2025-06-23 12:00:00+00:00,binhdinh_quynhon,39.68628038659122
2025-06-23 13:00:00+00:00,backan_backancity,58.55080083168554
2025-06-23 14:00:00+00:00,binhduong_thudaumot,78.94026270524014
2025-06-23 15:00:00+00:00,bentre_bentrecity,76.88015617371819
2025-06-23 16:00:00+00:00,bacninh_bacninhcity,169.0623886575568
2025-06-23 17:00:00+00:00,bacgiang_bacgiangcity,169.70218326881212
2025-06-23 18:00:00+00:00,angiang_longxuyen,47.123588372181345
2025-06-23 19:00:00+00:00,binhdinh_quynhon,39.52637819342465
2025-06-23 20:00:00+00:00,bentre_bentrecity,77.24108330424859
2025-06-23 21:00:00+00:00,bacninh_bacninhcity,169.02619778360798
2025-06-23 22:00:00+00:00,backan_backancity,57.70527813723523
2025-06-23 23:00:00+00:00,binhduong_thudaumot,78.5645971450687
2025-06-24 00:00:00+00:00,bacgiang_bacgiangcity,169.79353961316323
2025-06-24 01:00:00+00:00,angiang_longxuyen,48.12510111924365
2025-06-24 02:00:00+00:00,bacninh_bacninhcity,168.62826018330006
2025-06-24 03:00:00+00:00,bentre_bentrecity,77.47522086611147
2025-06-24 04:00:00+00:00,binhduong_thudaumot,78.09400618661759
2025-06-24 05:00:00+00:00,bacgiang_bacgiangcity,169.49821826966735
2025-06-24 06:00:00+00:00,backan_backancity,57.895662624101675
2025-06-24 07:00:00+00:00,angiang_longxuyen,49.1195329395531
2025-06-24 08:00:00+00:00,binhdinh_quynhon,39.35236656276468
2025-06-24 09:00:00+00:00,backan_backancity,58.489593224592404
2025-06-24 10:00:00+00:00,binhdinh_quynhon,39.177049296889166
2025-06-24 11:00:00+00:00,bacninh_bacninhcity,167.7640440328259
2025-06-24 12:00:00+00:00,bentre_bentrecity,77.77159529494543
2025-06-24 13:00:00+00:00,binhduong_thudaumot,77.66264623082883
2025-06-24 14:00:00+00:00,angiang_longxuyen,49.94776311503564
2025-06-24 15:00:00+00:00,bacgiang_bacgiangcity,168.8109013956218
2025-06-24 16:00:00+00:00,binhduong_thudaumot,77.32469637405501
2025-06-24 17:00:00+00:00,angiang_longxuyen,50.58237330616508
2025-06-24 18:00:00+00:00,binhdinh_quynhon,38.97369899461592
2025-06-24 19:00:00+00:00,backan_backancity,59.18919450588481
2025-06-24 20:00:00+00:00,bacninh_bacninhcity,166.4590092188884
2025-06-24 21:00:00+00:00,bacgiang_bacgiangcity,167.8528701133104
2025-06-24 22:00:00+00:00,bentre_bentrecity,78.11312373583189
2025-06-24 23:00:00+00:00,bacgiang_bacgiangcity,166.61565208910815
2025-06-25 00:00:00+00:00,binhduong_thudaumot,77.08400442810832
2025-06-25 01:00:00+00:00,angiang_longxuyen,51.10878731771827
2025-06-25 02:00:00+00:00,binhdinh_quynhon,38.785368262413336
2025-06-25 03:00:00+00:00,bacninh_bacninhcity,164.6853609596912
2025-06-25 04:00:00+00:00,bentre_bentrecity,78.63138467492604
2025-06-25 05:00:00+00:00,backan_backancity,60.04455711537189
2025-06-25 06:00:00+00:00,bentre_bentrecity,79.21175382350653
2025-06-25 07:00:00+00:00,bacninh_bacninhcity,162.71651070558775
2025-06-25 08:00:00+00:00,binhdinh_quynhon,38.65748272257949
2025-06-25 09:00:00+00:00,bacgiang_bacgiangcity,165.21239443320795
2025-06-25 10:00:00+00:00,binhduong_thudaumot,76.97211291966474
2025-06-25 11:00:00+00:00,angiang_longxuyen,51.41055583072734
2025-06-25 12:00:00+00:00,backan_backancity,60.95524244329816
2025-06-25 13:00:00+00:00,angiang_longxuyen,51.54808591682483
2025-06-25 14:00:00+00:00,bentre_bentrecity,79.89755778083332
2025-06-25 15:00:00+00:00,binhduong_thudaumot,77.19794969121573
2025-06-25 16:00:00+00:00,bacgiang_bacgiangcity,163.8413964503339
2025-06-25 17:00:00+00:00,binhdinh_quynhon,38.58329976989548
2025-06-25 18:00:00+00:00,backan_backancity,61.827883276476925
2025-06-25 19:00:00+00:00,bacninh_bacninhcity,160.94386788080834
2025-06-25 20:00:00+00:00,backan_backancity,62.70983033438539
2025-06-25 21:00:00+00:00,bacgiang_bacgiangcity,162.62907126688327
2025-06-25 22:00:00+00:00,angiang_longxuyen,51.579535524206285
2025-06-25 23:00:00+00:00,bacninh_bacninhcity,159.5406054598161
2025-06-26 00:00:00+00:00,binhdinh_quynhon,38.53412878526379
2025-06-26 01:00:00+00:00,bentre_bentrecity,80.84346547775382
2025-06-26 02:00:00+00:00,binhduong_thudaumot,77.8619795605229
2025-06-26 03:00:00+00:00,binhduong_thudaumot,78.8570594333481
2025-06-26 04:00:00+00:00,binhdinh_quynhon,38.539265554469424
2025-06-26 05:00:00+00:00,bacninh_bacninhcity,158.4869864314332
2025-06-26 06:00:00+00:00,bacgiang_bacgiangcity,161.53212802178638
2025-06-26 07:00:00+00:00,backan_backancity,63.96246581384257
2025-06-26 08:00:00+00:00,angiang_longxuyen,51.6009260223177
2025-06-26 09:00:00+00:00,bentre_bentrecity,81.91416974360132
2025-06-26 10:00:00+00:00,bentre_bentrecity,82.93923991437455
2025-06-26 11:00:00+00:00,binhdinh_quynhon,38.604561610522154
2025-06-26 12:00:00+00:00,angiang_longxuyen,51.5504541675625
2025-06-26 13:00:00+00:00,bacgiang_bacgiangcity,160.8788624953693
2025-06-26 14:00:00+00:00,bacninh_bacninhcity,158.01190675629218
2025-06-26 15:00:00+00:00,backan_backancity,64.98993639972464
2025-06-26 16:00:00+00:00,binhduong_thudaumot,79.45609582994628
2025-06-26 17:00:00+00:00,binhduong_thudaumot,79.72582386416249
2025-06-26 18:00:00+00:00,bacgiang_bacgiangcity,160.4868574346356
2025-06-26 19:00:00+00:00,binhdinh_quynhon,38.70663464684308
2025-06-26 20:00:00+00:00,backan_backancity,65.65854552247023
2025-06-26 21:00:00+00:00,bentre_bentrecity,83.66898397655987
2025-06-26 22:00:00+00:00,angiang_longxuyen,51.56668883610016
2025-06-26 23:00:00+00:00,bacninh_bacninhcity,157.9133074720593
2025-06-27 00:00:00+00:00,angiang_longxuyen,51.72195935981601
2025-06-27 01:00:00+00:00,bacninh_bacninhcity,157.82817433789612
2025-06-27 02:00:00+00:00,backan_backancity,66.19028928945617
2025-06-27 03:00:00+00:00,bentre_bentrecity,83.76409878724763
2025-06-27 04:00:00+00:00,binhdinh_quynhon,39.03098016587841
2025-06-27 05:00:00+00:00,bacgiang_bacgiangcity,160.04810205602016
2025-06-27 06:00:00+00:00,binhduong_thudaumot,79.6840888056397
2025-06-27 07:00:00+00:00,bacninh_bacninhcity,157.63489267507697
2025-06-27 08:00:00+00:00,binhduong_thudaumot,79.4368948916215
2025-06-27 09:00:00+00:00,binhdinh_quynhon,39.56090128516383
2025-06-27 10:00:00+00:00,backan_backancity,66.78515146543828
2025-06-27 11:00:00+00:00,angiang_longxuyen,52.14667677731845
2025-06-27 12:00:00+00:00,bentre_bentrecity,83.59404694806251
2025-06-27 13:00:00+00:00,bacgiang_bacgiangcity,159.4850349565915
2025-06-27 14:00:00+00:00,bacgiang_bacgiangcity,158.8007343857994
2025-06-27 15:00:00+00:00,binhdinh_quynhon,40.216382579373686
2025-06-27 16:00:00+00:00,binhduong_thudaumot,79.1426290160097
2025-06-27 17:00:00+00:00,bentre_bentrecity,83.67207056492067
2025-06-27 18:00:00+00:00,angiang_longxuyen,53.0349995283597
2025-06-27 19:00:00+00:00,bacninh_bacninhcity,157.32987913439717
2025-06-27 20:00:00+00:00,backan_backancity,67.57069832908455
2025-06-27 21:00:00+00:00,binhdinh_quynhon,40.91434466900863
2025-06-27 22:00:00+00:00,binhduong_thudaumot,78.93668888621951
2025-06-27 23:00:00+00:00,angiang_longxuyen,54.57532505643073
2025-06-28 00:00:00+00:00,backan_backancity,68.66598093960987
2025-06-28 01:00:00+00:00,bentre_bentrecity,84.37919354397847
2025-06-28 02:00:00+00:00,bacgiang_bacgiangcity,158.13878209661618
2025-06-28 03:00:00+00:00,bacninh_bacninhcity,156.94864794673762
2025-06-28 04:00:00+00:00,bentre_bentrecity,85.8982691441529
2025-06-28 05:00:00+00:00,bacninh_bacninhcity,156.51736899751333
2025-06-28 06:00:00+00:00,angiang_longxuyen,56.887528781667164
2025-06-28 07:00:00+00:00,binhdinh_quynhon,41.51577075925861
2025-06-28 08:00:00+00:00,bacgiang_bacgiangcity,157.57828338179036
2025-06-28 09:00:00+00:00,binhduong_thudaumot,78.98515225468513
2025-06-28 10:00:00+00:00,backan_backancity,70.04402649359261
2025-06-28 11:00:00+00:00,binhdinh_quynhon,41.98243051678703
2025-06-28 12:00:00+00:00,binhduong_thudaumot,79.26131316313847
2025-06-28 13:00:00+00:00,backan_backancity,71.208128945725
2025-06-28 14:00:00+00:00,bentre_bentrecity,87.81842492282739
2025-06-28 15:00:00+00:00,bacninh_bacninhcity,155.9707605259476
2025-06-28 16:00:00+00:00,angiang_longxuyen,60.087476299263514
2025-06-28 17:00:00+00:00,bacgiang_bacgiangcity,157.06062284429166
2025-06-28 18:00:00+00:00,bacninh_bacninhcity,155.27634842987317
2025-06-28 19:00:00+00:00,bacgiang_bacgiangcity,156.53753486697366
2025-06-28 20:00:00+00:00,backan_backancity,71.7518259460619
2025-06-28 21:00:00+00:00,binhdinh_quynhon,42.31295636018203
2025-06-28 22:00:00+00:00,binhduong_thudaumot,79.63324289116034
2025-06-28 23:00:00+00:00,angiang_longxuyen,63.931040031921256
2025-06-29 00:00:00+00:00,bentre_bentrecity,89.42029995334454
2025-06-29 01:00:00+00:00,backan_backancity,71.45395051323928
2025-06-29 02:00:00+00:00,bentre_bentrecity,89.54810567788692
2025-06-29 03:00:00+00:00,angiang_longxuyen,67.50537606502567
2025-06-29 04:00:00+00:00,bacgiang_bacgiangcity,155.67332824668355
2025-06-29 05:00:00+00:00,binhdinh_quynhon,42.42075703712
2025-06-29 06:00:00+00:00,bacninh_bacninhcity,154.2217525576246
2025-06-29 07:00:00+00:00,binhduong_thudaumot,79.83221645640634
2025-06-29 08:00:00+00:00,binhduong_thudaumot,80.01780964323913
2025-06-29 09:00:00+00:00,bentre_bentrecity,87.8692613071227
2025-06-29 10:00:00+00:00,bacgiang_bacgiangcity,154.33843060100978
2025-06-29 11:00:00+00:00,binhdinh_quynhon,42.39680291949779
2025-06-29 12:00:00+00:00,bacninh_bacninhcity,152.84404056008378
2025-06-29 13:00:00+00:00,angiang_longxuyen,69.12069461142536
2025-06-29 14:00:00+00:00,backan_backancity,70.41218226872871
2025-06-29 15:00:00+00:00,bentre_bentrecity,86.20790720664539
2025-06-29 16:00:00+00:00,binhdinh_quynhon,42.32556479368677
2025-06-29 17:00:00+00:00,binhduong_thudaumot,79.99172910329966
2025-06-29 18:00:00+00:00,angiang_longxuyen,68.16670174460724
2025-06-29 19:00:00+00:00,bacgiang_bacgiangcity,152.2251599377371
2025-06-29 20:00:00+00:00,bacninh_bacninhcity,150.8829669361692
2025-06-29 21:00:00+00:00,backan_backancity,68.94837458843516
2025-06-29 22:00:00+00:00,backan_backancity,67.83674532970953
2025-06-29 23:00:00+00:00,bentre_bentrecity,85.30791117140978
2025-06-30 00:00:00+00:00,binhdinh_quynhon,42.2671590607058
2025-06-30 01:00:00+00:00,bacgiang_bacgiangcity,149.16823903989194
2025-06-30 02:00:00+00:00,bacninh_bacninhcity,148.13714460152295
2025-06-30 03:00:00+00:00,binhduong_thudaumot,80.54272026825764
2025-06-30 04:00:00+00:00,angiang_longxuyen,65.74666398678863
2025-06-30 05:00:00+00:00,bentre_bentrecity,85.45834631799073
2025-06-30 06:00:00+00:00,bacgiang_bacgiangcity,145.46877883778362
2025-06-30 07:00:00+00:00,binhduong_thudaumot,81.84952293133735
2025-06-30 08:00:00+00:00,bacninh_bacninhcity,144.77089775471313
2025-06-30 09:00:00+00:00,binhdinh_quynhon,42.18993121421623
2025-06-30 10:00:00+00:00,backan_backancity,67.25138712977626
2025-06-30 11:00:00+00:00,angiang_longxuyen,63.73798947606544
2025-06-30 12:00:00+00:00,backan_backancity,67.03269323117448
2025-06-30 13:00:00+00:00,binhduong_thudaumot,83.36914889964095
2025-06-30 14:00:00+00:00,bacgiang_bacgiangcity,141.17073254027372
2025-06-30 15:00:00+00:00,angiang_longxuyen,63.10704364070514
2025-06-30 16:00:00+00:00,binhdinh_quynhon,42.15597040333629
2025-06-30 17:00:00+00:00,bacninh_bacninhcity,140.82057928281745
2025-06-30 18:00:00+00:00,bentre_bentrecity,86.35042515282265
2025-06-30 19:00:00+00:00,angiang_longxuyen,63.90059347641159
2025-06-30 20:00:00+00:00,bentre_bentrecity,87.81429120549355
2025-06-30 21:00:00+00:00,bacgiang_bacgiangcity,135.98202859662908
2025-06-30 22:00:00+00:00,bacninh_bacninhcity,136.03300316859315
2025-06-30 23:00:00+00:00,backan_backancity,66.97675581586375
2025-07-01 00:00:00+00:00,binhduong_thudaumot,84.91525686688733
2025-07-01 01:00:00+00:00,binhdinh_quynhon,42.20047159778104
2025-07-01 02:00:00+00:00,backan_backancity,66.92479248730395
2025-07-01 03:00:00+00:00,bacgiang_bacgiangcity,129.36865505605869
2025-07-01 04:00:00+00:00,binhdinh_quynhon,42.29863249354739
2025-07-01 05:00:00+00:00,bentre_bentrecity,89.50550218134211
2025-07-01 06:00:00+00:00,angiang_longxuyen,65.83840630359396
2025-07-01 07:00:00+00:00,binhduong_thudaumot,86.35013329093597
2025-07-01 08:00:00+00:00,bacninh_bacninhcity,129.83156945125353
2025-07-01 09:00:00+00:00,binhdinh_quynhon,42.4593399872666
2025-07-01 10:00:00+00:00,bacninh_bacninhcity,122.36086293564269
2025-07-01 11:00:00+00:00,bentre_bentrecity,91.77219570389698
2025-07-01 12:00:00+00:00,angiang_longxuyen,68.63435978891542
2025-07-01 13:00:00+00:00,bacgiang_bacgiangcity,121.57141584417191
2025-07-01 14:00:00+00:00,backan_backancity,66.80013767986473
2025-07-01 15:00:00+00:00,binhduong_thudaumot,87.58286021590229
2025-07-01 16:00:00+00:00,binhduong_thudaumot,88.65813658755017
2025-07-01 17:00:00+00:00,bentre_bentrecity,94.28401925998564
2025-07-01 18:00:00+00:00,backan_backancity,66.52609723736364
2025-07-01 19:00:00+00:00,binhdinh_quynhon,42.77852014654414
2025-07-01 20:00:00+00:00,bacninh_bacninhcity,114.29697155644344
2025-07-01 21:00:00+00:00,angiang_longxuyen,71.62940120169155
2025-07-01 22:00:00+00:00,bacgiang_bacgiangcity,113.37198380479664
2025-07-01 23:00:00+00:00,backan_backancity,66.0943084232924
2025-07-02 00:00:00+00:00,binhdinh_quynhon,43.29247820753746
2025-07-02 01:00:00+00:00,bacninh_bacninhcity,106.73229146968542
2025-07-02 02:00:00+00:00,angiang_longxuyen,74.04703020549024
2025-07-02 03:00:00+00:00,bacgiang_bacgiangcity,105.82179972362277
2025-07-02 04:00:00+00:00,bentre_bentrecity,96.08434503580789
2025-07-02 05:00:00+00:00,binhduong_thudaumot,89.37810029834905
2025-07-02 06:00:00+00:00,bentre_bentrecity,97.26858253321156
2025-07-02 07:00:00+00:00,bacgiang_bacgiangcity,99.55188403948263
2025-07-02 08:00:00+00:00,binhduong_thudaumot,89.6797073938657
2025-07-02 09:00:00+00:00,backan_backancity,65.40704396525918
2025-07-02 10:00:00+00:00,bacninh_bacninhcity,100.31489067765672
2025-07-02 11:00:00+00:00,angiang_longxuyen,75.54209927203017
2025-07-02 12:00:00+00:00,binhdinh_quynhon,44.01678172590039
2025-07-02 13:00:00+00:00,binhduong_thudaumot,89.47689852517408
2025-07-02 14:00:00+00:00,bacgiang_bacgiangcity,94.54497535541574
2025-07-02 15:00:00+00:00,bacninh_bacninhcity,95.23224889690566
2025-07-02 16:00:00+00:00,backan_backancity,64.57281453891403
2025-07-02 17:00:00+00:00,bentre_bentrecity,97.75533057854577
2025-07-02 18:00:00+00:00,binhdinh_quynhon,45.07576624790628
2025-07-02 19:00:00+00:00,angiang_longxuyen,76.15936691072554
2025-07-02 20:00:00+00:00,backan_backancity,63.66461897157212
2025-07-02 21:00:00+00:00,binhdinh_quynhon,46.264089662814406
2025-07-02 22:00:00+00:00,angiang_longxuyen,76.19025185470173
2025-07-02 23:00:00+00:00,binhduong_thudaumot,88.98271797864086
2025-07-03 00:00:00+00:00,bacninh_bacninhcity,91.12691051535296
2025-07-03 01:00:00+00:00,bentre_bentrecity,97.60367616404228
2025-07-03 02:00:00+00:00,bacgiang_bacgiangcity,90.41871479495246
2025-07-03 03:00:00+00:00,angiang_longxuyen,76.31739880527132
2025-07-03 04:00:00+00:00,binhdinh_quynhon,47.45763561858466
2025-07-03 05:00:00+00:00,bacninh_bacninhcity,87.65805813318815
2025-07-03 06:00:00+00:00,binhduong_thudaumot,88.92231567210038
2025-07-03 07:00:00+00:00,backan_backancity,62.29374011599872
2025-07-03 10:00:00+00:00,bentre_bentrecity,98.05263122214257
2025-07-03 11:00:00+00:00,bacgiang_bacgiangcity,86.89465703473964
2025-07-03 12:00:00+00:00,bacgiang_bacgiangcity,83.68395827825626
2025-07-03 13:00:00+00:00,backan_backancity,61.056143266980314
2025-07-03 14:00:00+00:00,angiang_longxuyen,76.38282828390082
2025-07-03 15:00:00+00:00,bacninh_bacninhcity,84.47694225928444
2025-07-03 16:00:00+00:00,binhdinh_quynhon,48.663709001295196
2025-07-03 17:00:00+00:00,bentre_bentrecity,98.304457401248
2025-07-03 18:00:00+00:00,binhduong_thudaumot,89.05003919880528
2025-07-03 19:00:00+00:00,binhdinh_quynhon,49.999378591877445
2025-07-03 20:00:00+00:00,binhduong_thudaumot,89.07360853524627
2025-07-03 21:00:00+00:00,angiang_longxuyen,76.35078065746993
2025-07-03 22:00:00+00:00,bacgiang_bacgiangcity,80.5816760868554
2025-07-03 23:00:00+00:00,backan_backancity,60.09795473663197
2025-07-04 00:00:00+00:00,bentre_bentrecity,98.21708214237675
2025-07-04 01:00:00+00:00,bacninh_bacninhcity,81.32042140788064
2025-07-04 02:00:00+00:00,angiang_longxuyen,76.37507071408007
2025-07-04 03:00:00+00:00,bacninh_bacninhcity,78.36573794203137
2025-07-04 04:00:00+00:00,bentre_bentrecity,97.84475586935271
2025-07-04 05:00:00+00:00,binhdinh_quynhon,51.852298922044014
2025-07-04 06:00:00+00:00,binhduong_thudaumot,89.0461246757047
2025-07-04 07:00:00+00:00,backan_backancity,59.51975847001602
2025-07-04 08:00:00+00:00,bacgiang_bacgiangcity,77.84992387769334
2025-07-04 09:00:00+00:00,bacgiang_bacgiangcity,75.6154388034253
2025-07-04 10:00:00+00:00,backan_backancity,59.269805567713895
2025-07-04 11:00:00+00:00,binhduong_thudaumot,89.07972453086356
2025-07-04 12:00:00+00:00,bentre_bentrecity,97.19125030142476
2025-07-04 13:00:00+00:00,bacninh_bacninhcity,75.7481323211149
2025-07-04 14:00:00+00:00,angiang_longxuyen,76.4531943978708
2025-07-04 15:00:00+00:00,binhdinh_quynhon,54.99536315356217
2025-07-04 16:00:00+00:00,bacgiang_bacgiangcity,74.1282226085467
2025-07-04 17:00:00+00:00,angiang_longxuyen,76.43415309012894
2025-07-04 18:00:00+00:00,bentre_bentrecity,96.70560284343978
2025-07-04 19:00:00+00:00,binhdinh_quynhon,60.41537657695136
2025-07-04 20:00:00+00:00,binhduong_thudaumot,89.08665416594454
2025-07-04 21:00:00+00:00,bacninh_bacninhcity,73.82836727998665
2025-07-04 22:00:00+00:00,backan_backancity,59.25884109095864
2025-07-04 23:00:00+00:00,angiang_longxuyen,76.13750705104943
2025-07-05 00:00:00+00:00,bentre_bentrecity,96.90044924335346
2025-07-05 01:00:00+00:00,binhduong_thudaumot,89.24314693576544
2025-07-05 02:00:00+00:00,binhdinh_quynhon,69.03241413397804
2025-07-05 03:00:00+00:00,bacgiang_bacgiangcity,73.46717806939475
2025-07-05 04:00:00+00:00,backan_backancity,59.62580559308787
2025-07-05 05:00:00+00:00,bacninh_bacninhcity,72.81719330883861
2025-07-05 06:00:00+00:00,binhdinh_quynhon,80.73374089490974
2025-07-05 07:00:00+00:00,bacninh_bacninhcity,72.80553074610133
2025-07-05 08:00:00+00:00,bacgiang_bacgiangcity,73.64736764186837
2025-07-05 09:00:00+00:00,binhduong_thudaumot,89.75895444810193
2025-07-05 10:00:00+00:00,bentre_bentrecity,98.59299228578742
2025-07-05 11:00:00+00:00,angiang_longxuyen,75.56482876100131
2025-07-05 12:00:00+00:00,backan_backancity,60.334322361563714
2025-07-05 13:00:00+00:00,bacgiang_bacgiangcity,74.4661510224064
2025-07-05 14:00:00+00:00,binhdinh_quynhon,93.44665380744989
2025-07-05 15:00:00+00:00,bentre_bentrecity,102.24713847298749
2025-07-05 16:00:00+00:00,bacninh_bacninhcity,73.55285918914109
2025-07-05 17:00:00+00:00,binhduong_thudaumot,90.88616138830193
2025-07-05 18:00:00+00:00,backan_backancity,61.249615533480565
2025-07-05 19:00:00+00:00,angiang_longxuyen,74.83236740508731
2025-07-05 20:00:00+00:00,backan_backancity,61.983420645346314
2025-07-05 21:00:00+00:00,angiang_longxuyen,73.93405225606442
2025-07-05 22:00:00+00:00,bacgiang_bacgiangcity,75.38701935199542
2025-07-05 23:00:00+00:00,bacninh_bacninhcity,74.48403679533159
2025-07-06 00:00:00+00:00,bentre_bentrecity,108.13620909083144
2025-07-06 01:00:00+00:00,binhdinh_quynhon,103.81886119242766
2025-07-06 02:00:00+00:00,binhduong_thudaumot,92.41935238233481
2025-07-06 03:00:00+00:00,bentre_bentrecity,114.26679899372536
2025-07-06 04:00:00+00:00,binhduong_thudaumot,94.13853683093078
2025-07-06 05:00:00+00:00,backan_backancity,61.79793229053812
2025-07-06 06:00:00+00:00,bacninh_bacninhcity,75.01826317526385
2025-07-06 07:00:00+00:00,binhdinh_quynhon,110.33679410914289
2025-07-06 08:00:00+00:00,angiang_longxuyen,72.97346450188023
2025-07-06 09:00:00+00:00,bacgiang_bacgiangcity,75.80277839648618
2025-07-06 10:00:00+00:00,bacninh_bacninhcity,75.66911280002299
2025-07-06 11:00:00+00:00,angiang_longxuyen,71.79689895154993
2025-07-06 12:00:00+00:00,bentre_bentrecity,116.02855120067592
2025-07-06 13:00:00+00:00,binhdinh_quynhon,112.97944743630188
2025-07-06 14:00:00+00:00,bacgiang_bacgiangcity,76.36344627207899
2025-07-06 15:00:00+00:00,backan_backancity,60.23175137312592
2025-07-06 16:00:00+00:00,binhduong_thudaumot,95.21852007113795
2025-07-06 17:00:00+00:00,bacgiang_bacgiangcity,77.98818778796307
2025-07-06 18:00:00+00:00,bentre_bentrecity,111.64801162998606
2025-07-06 19:00:00+00:00,backan_backancity,57.6978541238564
2025-07-06 20:00:00+00:00,bacninh_bacninhcity,77.38060043372155
2025-07-06 21:00:00+00:00,angiang_longxuyen,69.97459910275204
2025-07-06 22:00:00+00:00,binhduong_thudaumot,95.53228202296197
2025-07-06 23:00:00+00:00,binhdinh_quynhon,112.47449301669451
2025-07-07 00:00:00+00:00,bentre_bentrecity,106.55204292919797
2025-07-07 01:00:00+00:00,backan_backancity,55.31230371958678
2025-07-07 02:00:00+00:00,bacninh_bacninhcity,79.48738818929083
2025-07-07 03:00:00+00:00,binhduong_thudaumot,95.93169531270716
2025-07-07 04:00:00+00:00,binhdinh_quynhon,109.5709175453861
2025-07-07 05:00:00+00:00,angiang_longxuyen,68.08890446962037
2025-07-07 06:00:00+00:00,bacgiang_bacgiangcity,79.9837273225125
2025-07-07 07:00:00+00:00,binhdinh_quynhon,104.68824806338816
2025-07-07 08:00:00+00:00,binhduong_thudaumot,96.93169514305075
2025-07-07 09:00:00+00:00,bentre_bentrecity,104.0325064760263
2025-07-07 10:00:00+00:00,angiang_longxuyen,66.33251299120074
2025-07-07 11:00:00+00:00,bacgiang_bacgiangcity,81.63358802101949
2025-07-07 12:00:00+00:00,bacninh_bacninhcity,81.34443866297222
2025-07-07 13:00:00+00:00,backan_backancity,53.63847937327352
2025-07-07 14:00:00+00:00,bacgiang_bacgiangcity,82.60165220459481
2025-07-07 15:00:00+00:00,backan_backancity,52.58513672022818
2025-07-07 16:00:00+00:00,angiang_longxuyen,64.71575300446273
2025-07-07 17:00:00+00:00,binhduong_thudaumot,98.03468886374955
2025-07-07 18:00:00+00:00,binhdinh_quynhon,98.00918102830813
2025-07-07 19:00:00+00:00,bacninh_bacninhcity,82.52908938320016
2025-07-07 20:00:00+00:00,bentre_bentrecity,103.43370773839298
2025-07-07 21:00:00+00:00,binhdinh_quynhon,90.39266701502068
2025-07-07 22:00:00+00:00,angiang_longxuyen,63.19449737468572
2025-07-07 23:00:00+00:00,bacgiang_bacgiangcity,83.11280839147597
2025-07-08 00:00:00+00:00,bacninh_bacninhcity,83.24511474543831
2025-07-08 01:00:00+00:00,bentre_bentrecity,103.47909404868184
2025-07-08 02:00:00+00:00,backan_backancity,52.05384325443884
2025-07-08 03:00:00+00:00,binhduong_thudaumot,98.65160894854517
2025-07-08 04:00:00+00:00,bentre_bentrecity,103.40025560108698
2025-07-08 05:00:00+00:00,binhduong_thudaumot,98.67160491269291
2025-07-08 06:00:00+00:00,binhdinh_quynhon,83.10329607651609
2025-07-08 07:00:00+00:00,angiang_longxuyen,61.74576168047512
2025-07-08 08:00:00+00:00,bacgiang_bacgiangcity,83.29701374525575
2025-07-08 09:00:00+00:00,backan_backancity,51.866918224384364
2025-07-08 10:00:00+00:00,bacninh_bacninhcity,83.53373517827053
2025-07-08 11:00:00+00:00,binhduong_thudaumot,97.84298697784664
2025-07-08 12:00:00+00:00,bacgiang_bacgiangcity,83.54436848112988
2025-07-08 13:00:00+00:00,binhdinh_quynhon,77.42862541372062
2025-07-08 14:00:00+00:00,backan_backancity,51.8768391459856
2025-07-08 15:00:00+00:00,bacninh_bacninhcity,83.83007386891428
2025-07-08 16:00:00+00:00,bentre_bentrecity,102.59495445280423
2025-07-08 17:00:00+00:00,angiang_longxuyen,60.2644541997106
2025-07-08 18:00:00+00:00,binhduong_thudaumot,96.4110093677511
2025-07-08 19:00:00+00:00,backan_backancity,51.9909726302281
2025-07-08 20:00:00+00:00,bentre_bentrecity,101.05551076457654
2025-07-08 21:00:00+00:00,angiang_longxuyen,58.88916525146576
2025-07-08 22:00:00+00:00,bacgiang_bacgiangcity,84.14553606513738
2025-07-08 23:00:00+00:00,bacninh_bacninhcity,84.41979927569075
2025-07-09 00:00:00+00:00,binhdinh_quynhon,73.80610953512624
2025-07-09 01:00:00+00:00,backan_backancity,52.137103707435216
2025-07-09 02:00:00+00:00,bacgiang_bacgiangcity,85.15261920477981
2025-07-09 03:00:00+00:00,bentre_bentrecity,99.21251969492226
2025-07-09 04:00:00+00:00,bacninh_bacninhcity,85.41770961318028
2025-07-09 05:00:00+00:00,angiang_longxuyen,57.77984229728144
2025-07-09 06:00:00+00:00,binhduong_thudaumot,94.740527584586
2025-07-09 07:00:00+00:00,binhdinh_quynhon,71.89596997989354
2025-07-09 08:00:00+00:00,binhduong_thudaumot,93.13915110182224
2025-07-09 09:00:00+00:00,binhdinh_quynhon,71.06833067582241
2025-07-09 10:00:00+00:00,bacninh_bacninhcity,86.77737144212095
2025-07-09 11:00:00+00:00,angiang_longxuyen,56.87343363944984
2025-07-09 12:00:00+00:00,bentre_bentrecity,97.1202082889325
2025-07-09 13:00:00+00:00,bacgiang_bacgiangcity,86.54606911001443
2025-07-09 14:00:00+00:00,backan_backancity,52.28377800513346
2025-07-09 15:00:00+00:00,bacgiang_bacgiangcity,88.38551256865425
2025-07-09 16:00:00+00:00,bentre_bentrecity,95.06153336974657
2025-07-09 17:00:00+00:00,binhduong_thudaumot,91.83259562789146
2025-07-09 18:00:00+00:00,angiang_longxuyen,56.20650659418995
2025-07-09 19:00:00+00:00,bacninh_bacninhcity,88.63615998311937
2025-07-09 20:00:00+00:00,backan_backancity,52.43446451031886
2025-07-09 21:00:00+00:00,binhdinh_quynhon,70.88603255012663
2025-07-09 22:00:00+00:00,angiang_longxuyen,55.7561529815796
2025-07-09 23:00:00+00:00,bacgiang_bacgiangcity,90.6153385741924
2025-07-10 00:00:00+00:00,bacninh_bacninhcity,90.87822512753014
2025-07-10 01:00:00+00:00,binhdinh_quynhon,71.04863655047279
2025-07-10 02:00:00+00:00,backan_backancity,52.589020270230584
2025-07-10 03:00:00+00:00,binhduong_thudaumot,90.92664918398653
2025-07-10 04:00:00+00:00,bentre_bentrecity,93.36865282477886
2025-07-10 05:00:00+00:00,bentre_bentrecity,91.99507633148141
2025-07-10 06:00:00+00:00,backan_backancity,52.77819442372204
2025-07-10 07:00:00+00:00,angiang_longxuyen,55.19355286116964
2025-07-10 08:00:00+00:00,binhduong_thudaumot,90.16162318915666
2025-07-10 09:00:00+00:00,binhdinh_quynhon,71.24524901261915
2025-07-10 10:00:00+00:00,bacninh_bacninhcity,92.95669036736102
2025-07-10 11:00:00+00:00,bacgiang_bacgiangcity,92.67188677324282
2025-07-10 12:00:00+00:00,angiang_longxuyen,54.75373010194005
2025-07-10 13:00:00+00:00,binhdinh_quynhon,71.32437098318965
2025-07-10 14:00:00+00:00,bacgiang_bacgiangcity,94.51470808649361
2025-07-10 15:00:00+00:00,bacninh_bacninhcity,94.81650757260087
2025-07-10 16:00:00+00:00,binhduong_thudaumot,89.67058760336158
2025-07-10 17:00:00+00:00,backan_backancity,52.783807702130424
2025-07-10 18:00:00+00:00,bentre_bentrecity,90.8414183654368
2025-07-10 19:00:00+00:00,binhdinh_quynhon,71.17111847594745
2025-07-10 20:00:00+00:00,bacninh_bacninhcity,95.8889688172244
2025-07-10 21:00:00+00:00,binhduong_thudaumot,89.29100513754355
2025-07-10 22:00:00+00:00,angiang_longxuyen,54.55241925905457
2025-07-10 23:00:00+00:00,bentre_bentrecity,89.92027366051018
2025-07-11 00:00:00+00:00,bacgiang_bacgiangcity,95.61711763669169
2025-07-11 01:00:00+00:00,bacgiang_bacgiangcity,96.06001060427823
2025-07-11 02:00:00+00:00,bacninh_bacninhcity,96.23677199085633
2025-07-11 03:00:00+00:00,angiang_longxuyen,54.786194673923355
2025-07-11 04:00:00+00:00,bentre_bentrecity,89.12723368965067
2025-07-11 05:00:00+00:00,binhdinh_quynhon,70.86311722256642
2025-07-11 06:00:00+00:00,binhduong_thudaumot,89.07953511845547
2025-07-11 07:00:00+00:00,binhdinh_quynhon,70.47148383901086
2025-07-11 08:00:00+00:00,bacgiang_bacgiangcity,96.08954136866387
2025-07-11 09:00:00+00:00,bentre_bentrecity,88.6313794045428
2025-07-11 10:00:00+00:00,binhduong_thudaumot,88.94133672820112
2025-07-11 11:00:00+00:00,bacninh_bacninhcity,96.05827313259772
2025-07-11 12:00:00+00:00,angiang_longxuyen,55.66473945612419
2025-07-11 13:00:00+00:00,bacgiang_bacgiangcity,96.00184908226367
2025-07-11 14:00:00+00:00,binhduong_thudaumot,89.018616990703
2025-07-11 15:00:00+00:00,bacninh_bacninhcity,95.68049931702237
2025-07-11 16:00:00+00:00,binhdinh_quynhon,70.22265549842723
2025-07-11 17:00:00+00:00,backan_backancity,52.64069292817671
2025-07-11 18:00:00+00:00,bentre_bentrecity,88.87400597785265
2025-07-11 19:00:00+00:00,angiang_longxuyen,57.04849359035587
2025-07-11 20:00:00+00:00,bacgiang_bacgiangcity,95.97273913506771
2025-07-11 21:00:00+00:00,angiang_longxuyen,58.69693190889266
2025-07-11 22:00:00+00:00,bacninh_bacninhcity,95.3340732549864
2025-07-11 23:00:00+00:00,bentre_bentrecity,90.8914071589877
2025-07-12 00:00:00+00:00,binhduong_thudaumot,89.54135473375698
2025-07-12 01:00:00+00:00,backan_backancity,52.63725729682489
2025-07-12 02:00:00+00:00,binhdinh_quynhon,70.02056318044923
2025-07-12 03:00:00+00:00,bentre_bentrecity,95.32319127388685
2025-07-12 04:00:00+00:00,bacninh_bacninhcity,95.30471462955025
2025-07-12 05:00:00+00:00,bacgiang_bacgiangcity,96.23164177365223
2025-07-12 06:00:00+00:00,backan_backancity,53.01750687552677
2025-07-12 07:00:00+00:00,binhduong_thudaumot,90.87462807868589
2025-07-12 08:00:00+00:00,binhdinh_quynhon,70.05619653863083
2025-07-12 09:00:00+00:00,angiang_longxuyen,60.223352898427464
2025-07-12 10:00:00+00:00,binhdinh_quynhon,70.13806320220917
2025-07-12 11:00:00+00:00,bentre_bentrecity,102.45953530247492
2025-07-12 12:00:00+00:00,bacgiang_bacgiangcity,96.67012345729434
2025-07-12 13:00:00+00:00,bacninh_bacninhcity,95.45643843570639
2025-07-12 14:00:00+00:00,backan_backancity,53.98076069870034
2025-07-12 15:00:00+00:00,angiang_longxuyen,61.329423677303026
2025-07-12 16:00:00+00:00,binhduong_thudaumot,92.38708794421665
2025-07-12 17:00:00+00:00,bacninh_bacninhcity,95.81974841006878
2025-07-12 18:00:00+00:00,binhdinh_quynhon,70.24788904325881
2025-07-12 19:00:00+00:00,angiang_longxuyen,61.64275945120884
2025-07-12 20:00:00+00:00,bentre_bentrecity,110.85819762642916
2025-07-12 21:00:00+00:00,backan_backancity,55.29276207718203
2025-07-12 22:00:00+00:00,binhduong_thudaumot,93.33334111030914
2025-07-12 23:00:00+00:00,bacgiang_bacgiangcity,97.07567597248045
2025-07-13 00:00:00+00:00,binhdinh_quynhon,70.12123527971407
2025-07-13 01:00:00+00:00,bacgiang_bacgiangcity,97.69666336113978
2025-07-13 02:00:00+00:00,binhduong_thudaumot,93.58109730518657
2025-07-13 03:00:00+00:00,backan_backancity,56.273213117482825
2025-07-13 04:00:00+00:00,angiang_longxuyen,61.16398444720051
2025-07-13 05:00:00+00:00,bacninh_bacninhcity,96.87777753112316
2025-07-13 06:00:00+00:00,bentre_bentrecity,116.07074132548735
2025-07-13 07:00:00+00:00,bentre_bentrecity,113.5305827452937
2025-07-13 08:00:00+00:00,angiang_longxuyen,60.09483836644599
2025-07-13 09:00:00+00:00,bacninh_bacninhcity,99.04198077398645
2025-07-13 10:00:00+00:00,bacgiang_bacgiangcity,99.27615437185779
2025-07-13 11:00:00+00:00,binhdinh_quynhon,69.5704382922562
2025-07-13 12:00:00+00:00,binhduong_thudaumot,93.51880563965719
2025-07-13 13:00:00+00:00,backan_backancity,56.175504905459086
2025-07-13 14:00:00+00:00,binhdinh_quynhon,68.63791931265996
2025-07-13 15:00:00+00:00,bacninh_bacninhcity,102.85570445800415
2025-07-13 16:00:00+00:00,angiang_longxuyen,58.92918249431265
2025-07-13 17:00:00+00:00,backan_backancity,55.21606315590751
2025-07-13 18:00:00+00:00,bacgiang_bacgiangcity,102.63365653025153
2025-07-13 19:00:00+00:00,bentre_bentrecity,103.83296705610205
2025-07-13 20:00:00+00:00,binhduong_thudaumot,92.22799581669476
2025-07-13 21:00:00+00:00,angiang_longxuyen,58.04910335247896
2025-07-13 22:00:00+00:00,binhdinh_quynhon,67.63606347897168
2025-07-13 23:00:00+00:00,bacgiang_bacgiangcity,106.29260094175959
2025-07-14 00:00:00+00:00,binhduong_thudaumot,90.4458108951303
2025-07-14 01:00:00+00:00,bentre_bentrecity,94.93031047858398
2025-07-14 02:00:00+00:00,backan_backancity,53.94665216996755
2025-07-14 03:00:00+00:00,bacninh_bacninhcity,106.8109416961452
2025-07-14 04:00:00+00:00,bentre_bentrecity,90.14220901296365
2025-07-14 05:00:00+00:00,bacgiang_bacgiangcity,109.61830995941853
2025-07-14 06:00:00+00:00,angiang_longxuyen,57.50554215726484
2025-07-14 07:00:00+00:00,backan_backancity,52.96495267555556
2025-07-14 08:00:00+00:00,bacninh_bacninhcity,110.32715194542526
2025-07-14 09:00:00+00:00,binhduong_thudaumot,88.24225007684768
2025-07-14 10:00:00+00:00,binhdinh_quynhon,66.67621669659776
2025-07-14 11:00:00+00:00,bacgiang_bacgiangcity,111.48114048972928
2025-07-14 12:00:00+00:00,binhduong_thudaumot,85.9212345051794
2025-07-14 13:00:00+00:00,backan_backancity,52.60829506748179
2025-07-14 14:00:00+00:00,bentre_bentrecity,87.76253515843693
2025-07-14 15:00:00+00:00,bacninh_bacninhcity,112.37790221875122
2025-07-14 16:00:00+00:00,angiang_longxuyen,57.134384374151416
2025-07-14 17:00:00+00:00,binhdinh_quynhon,65.92949342024549
2025-07-14 18:00:00+00:00,backan_backancity,52.73297370038114
2025-07-14 19:00:00+00:00,binhdinh_quynhon,65.4020048804401
2025-07-14 20:00:00+00:00,bacninh_bacninhcity,113.16713249853474
2025-07-14 21:00:00+00:00,binhduong_thudaumot,83.7612492622152
2025-07-14 22:00:00+00:00,angiang_longxuyen,56.86893062748386
2025-07-14 23:00:00+00:00,bacgiang_bacgiangcity,112.05121823080339
2025-07-15 00:00:00+00:00,bentre_bentrecity,86.27761454664257
2025-07-15 01:00:00+00:00,bacgiang_bacgiangcity,112.12462923857893
2025-07-15 02:00:00+00:00,bacninh_bacninhcity,113.43602187655412
2025-07-15 03:00:00+00:00,binhdinh_quynhon,65.04961917736898
2025-07-15 04:00:00+00:00,angiang_longxuyen,56.5700068744152
2025-07-15 05:00:00+00:00,binhduong_thudaumot,81.7800645673986
2025-07-15 06:00:00+00:00,bentre_bentrecity,85.05898514643958
2025-07-15 07:00:00+00:00,backan_backancity,53.15887762579842
2025-07-15 08:00:00+00:00,bacgiang_bacgiangcity,112.23418227811001
2025-07-15 09:00:00+00:00,bentre_bentrecity,83.72246498693043
2025-07-15 10:00:00+00:00,binhdinh_quynhon,64.73633343692946
2025-07-15 11:00:00+00:00,backan_backancity,53.68400982759621
2025-07-15 12:00:00+00:00,angiang_longxuyen,56.24931618096495
2025-07-15 13:00:00+00:00,binhduong_thudaumot,79.9848709445991
2025-07-15 14:00:00+00:00,bacninh_bacninhcity,113.64769441205338
2025-07-15 15:00:00+00:00,backan_backancity,54.17566725790087
2025-07-15 16:00:00+00:00,bentre_bentrecity,82.2613996170987
2025-07-15 17:00:00+00:00,angiang_longxuyen,55.93042669230109
2025-07-15 18:00:00+00:00,binhduong_thudaumot,78.22430286301736
2025-07-15 19:00:00+00:00,binhdinh_quynhon,64.52829428410115
2025-07-15 20:00:00+00:00,bacgiang_bacgiangcity,112.64416603106345
2025-07-15 21:00:00+00:00,bacninh_bacninhcity,114.04483862453873
2025-07-15 22:00:00+00:00,backan_backancity,54.57098405759368
2025-07-15 23:00:00+00:00,angiang_longxuyen,55.61260458425139
2025-07-16 00:00:00+00:00,bacninh_bacninhcity,114.45812339499422
2025-07-16 01:00:00+00:00,bentre_bentrecity,80.6708845659751
2025-07-16 02:00:00+00:00,binhduong_thudaumot,76.51286049769305
2025-07-16 03:00:00+00:00,bacgiang_bacgiangcity,113.14441849611269
2025-07-16 04:00:00+00:00,binhdinh_quynhon,64.4740341811841
2025-07-16 05:00:00+00:00,binhdinh_quynhon,64.53146783539147
2025-07-16 06:00:00+00:00,binhduong_thudaumot,74.96662863805395
2025-07-16 07:00:00+00:00,backan_backancity,54.82933781714027
2025-07-16 08:00:00+00:00,angiang_longxuyen,55.28838295760877
2025-07-16 09:00:00+00:00,bentre_bentrecity,79.12727350695111
2025-07-16 10:00:00+00:00,bacgiang_bacgiangcity,113.58757801103454
2025-07-16 11:00:00+00:00,bacninh_bacninhcity,114.75144697365756
2025-07-16 12:00:00+00:00,binhduong_thudaumot,73.61088609730588
2025-07-16 13:00:00+00:00,angiang_longxuyen,54.965114349371646
2025-07-16 14:00:00+00:00,bacgiang_bacgiangcity,113.8446797426509
2025-07-16 15:00:00+00:00,backan_backancity,54.95643235169755
2025-07-16 16:00:00+00:00,bentre_bentrecity,77.6991944866797
2025-07-16 17:00:00+00:00,binhdinh_quynhon,64.73653357079462
2025-07-16 18:00:00+00:00,bacninh_bacninhcity,114.86177910573514
2025-07-16 19:00:00+00:00,angiang_longxuyen,54.533592380453946
2025-07-16 20:00:00+00:00,backan_backancity,55.005693873077774
2025-07-16 21:00:00+00:00,bentre_bentrecity,76.44838165492304
2025-07-16 22:00:00+00:00,binhdinh_quynhon,65.03482833171564
2025-07-16 23:00:00+00:00,bacgiang_bacgiangcity,113.97665492271734
2025-07-17 00:00:00+00:00,binhduong_thudaumot,72.54122062152037
2025-07-17 01:00:00+00:00,bacninh_bacninhcity,114.83516249294257
2025-07-17 02:00:00+00:00,backan_backancity,55.20069096902682
2025-07-17 03:00:00+00:00,bacninh_bacninhcity,114.89501919644592
2025-07-17 04:00:00+00:00,bentre_bentrecity,75.61520531391596
2025-07-17 05:00:00+00:00,angiang_longxuyen,54.34534741990785
2025-07-17 06:00:00+00:00,binhduong_thudaumot,72.07503260810266
2025-07-17 07:00:00+00:00,bacgiang_bacgiangcity,114.19483419138015
2025-07-17 08:00:00+00:00,binhdinh_quynhon,65.22799324978013
2025-07-17 09:00:00+00:00,bacninh_bacninhcity,114.81722430400508
2025-07-17 10:00:00+00:00,binhduong_thudaumot,71.6902990778029
2025-07-17 11:00:00+00:00,bacgiang_bacgiangcity,114.26363854643812
2025-07-17 12:00:00+00:00,bentre_bentrecity,74.83143344704993
2025-07-17 13:00:00+00:00,backan_backancity,55.475117383982145
2025-07-17 14:00:00+00:00,angiang_longxuyen,54.307174267675606
2025-07-17 15:00:00+00:00,binhdinh_quynhon,65.36797735827179
2025-07-17 16:00:00+00:00,bacninh_bacninhcity,114.64683771710502
2025-07-17 17:00:00+00:00,bacgiang_bacgiangcity,114.20080961678262
2025-07-17 18:00:00+00:00,angiang_longxuyen,54.423718888484025
2025-07-17 19:00:00+00:00,bentre_bentrecity,74.02971386106235
2025-07-17 20:00:00+00:00,binhduong_thudaumot,71.17312934478306
2025-07-17 21:00:00+00:00,binhdinh_quynhon,65.59474094022211
2025-07-17 22:00:00+00:00,backan_backancity,55.999320392834576
2025-07-17 23:00:00+00:00,bacgiang_bacgiangcity,113.97954018594
2025-07-18 00:00:00+00:00,binhduong_thudaumot,70.5510989966062
2025-07-18 01:00:00+00:00,backan_backancity,56.71751506321826
2025-07-18 02:00:00+00:00,bacninh_bacninhcity,114.34295588578175
2025-07-18 03:00:00+00:00,binhdinh_quynhon,66.25695292692079
2025-07-18 04:00:00+00:00,bentre_bentrecity,73.24961826269552
2025-07-18 05:00:00+00:00,angiang_longxuyen,54.75790432255613
2025-07-18 06:00:00+00:00,backan_backancity,57.47212456687604
2025-07-18 07:00:00+00:00,binhdinh_quynhon,67.80003982582176
2025-07-18 08:00:00+00:00,bacninh_bacninhcity,113.87068761493695
2025-07-18 09:00:00+00:00,binhduong_thudaumot,69.9706941098355
2025-07-18 10:00:00+00:00,bentre_bentrecity,72.61448391144306
2025-07-18 11:00:00+00:00,angiang_longxuyen,55.3715671691327
2025-07-18 12:00:00+00:00,bacgiang_bacgiangcity,113.599793324447
2025-07-18 13:00:00+00:00,bacninh_bacninhcity,113.2286569842477
2025-07-18 14:00:00+00:00,binhdinh_quynhon,70.60893291854387
2025-07-18 15:00:00+00:00,bentre_bentrecity,72.59014382136664
2025-07-18 16:00:00+00:00,bacgiang_bacgiangcity,113.08110233579738
2025-07-18 17:00:00+00:00,angiang_longxuyen,56.260680925450515
2025-07-18 18:00:00+00:00,backan_backancity,58.34104624572735
2025-07-18 19:00:00+00:00,binhduong_thudaumot,69.46598747501356
2025-07-18 20:00:00+00:00,binhduong_thudaumot,69.16137181951807
2025-07-18 21:00:00+00:00,bacgiang_bacgiangcity,112.50943186271309
2025-07-18 22:00:00+00:00,angiang_longxuyen,57.39544947106165
2025-07-18 23:00:00+00:00,backan_backancity,59.453485570097655
2025-07-19 00:00:00+00:00,bentre_bentrecity,74.00146877806938
2025-07-19 01:00:00+00:00,bacninh_bacninhcity,112.56799841754999
2025-07-19 02:00:00+00:00,binhdinh_quynhon,74.45207970564921
2025-07-19 03:00:00+00:00,bacninh_bacninhcity,111.97606439061877
2025-07-19 04:00:00+00:00,backan_backancity,60.744854100100305
2025-07-19 05:00:00+00:00,binhduong_thudaumot,69.13469921689418
2025-07-19 06:00:00+00:00,angiang_longxuyen,58.55342639739269
2025-07-19 07:00:00+00:00,binhdinh_quynhon,78.80016423453984
2025-07-19 08:00:00+00:00,bentre_bentrecity,77.59467457560267
2025-07-19 09:00:00+00:00,bacgiang_bacgiangcity,111.9424955085581
2025-07-19 10:00:00+00:00,binhduong_thudaumot,69.1490897948172
2025-07-19 11:00:00+00:00,bacgiang_bacgiangcity,111.4266337932998
2025-07-19 12:00:00+00:00,bacninh_bacninhcity,111.52712124524857
2025-07-19 13:00:00+00:00,bentre_bentrecity,83.15203462904628
2025-07-19 14:00:00+00:00,angiang_longxuyen,59.53338663321465
2025-07-19 15:00:00+00:00,binhdinh_quynhon,82.30061036811993
2025-07-19 16:00:00+00:00,backan_backancity,62.004129735297795
2025-07-19 17:00:00+00:00,bacninh_bacninhcity,111.13729264029843
2025-07-19 18:00:00+00:00,bentre_bentrecity,89.69096909323618
2025-07-19 19:00:00+00:00,angiang_longxuyen,60.14658726586456
2025-07-19 20:00:00+00:00,binhdinh_quynhon,83.91926090511986
2025-07-19 21:00:00+00:00,binhduong_thudaumot,69.0570043913859
2025-07-19 22:00:00+00:00,bacgiang_bacgiangcity,110.84369506884349
2025-07-19 23:00:00+00:00,backan_backancity,62.97742837246532
2025-07-20 00:00:00+00:00,angiang_longxuyen,60.32571660536206
2025-07-20 01:00:00+00:00,binhdinh_quynhon,83.74312761723465
2025-07-20 02:00:00+00:00,bacninh_bacninhcity,110.64677883208036
2025-07-20 03:00:00+00:00,backan_backancity,63.2836522465201
2025-07-20 04:00:00+00:00,bacgiang_bacgiangcity,110.028645137909
2025-07-20 05:00:00+00:00,binhduong_thudaumot,68.7554217169659
2025-07-20 06:00:00+00:00,bentre_bentrecity,93.96769934719761
2025-07-20 07:00:00+00:00,binhduong_thudaumot,68.41424351034345
2025-07-20 08:00:00+00:00,binhdinh_quynhon,82.55319121867521
2025-07-20 09:00:00+00:00,backan_backancity,62.92220572095871
2025-07-20 10:00:00+00:00,bentre_bentrecity,92.26950393770974
2025-07-20 11:00:00+00:00,bacninh_bacninhcity,109.88175402852349
2025-07-20 12:00:00+00:00,angiang_longxuyen,60.11512098066101
2025-07-20 13:00:00+00:00,bacgiang_bacgiangcity,109.02015748739144
2025-07-20 14:00:00+00:00,bacgiang_bacgiangcity,107.34138042355211
2025-07-20 15:00:00+00:00,backan_backancity,62.07078622512437
2025-07-20 16:00:00+00:00,bacninh_bacninhcity,108.03889519017298
2025-07-20 17:00:00+00:00,binhdinh_quynhon,81.55674376443812
2025-07-20 18:00:00+00:00,binhduong_thudaumot,67.96292973168956
2025-07-20 19:00:00+00:00,angiang_longxuyen,59.851701928289195
2025-07-20 20:00:00+00:00,bentre_bentrecity,85.23039861067157
2025-07-20 21:00:00+00:00,bacgiang_bacgiangcity,105.075944289656
2025-07-20 22:00:00+00:00,angiang_longxuyen,59.94850715537372
2025-07-20 23:00:00+00:00,bacninh_bacninhcity,105.36161036543118
2025-07-21 00:00:00+00:00,bentre_bentrecity,78.44899601248173
2025-07-21 01:00:00+00:00,backan_backancity,61.318942857388556
2025-07-21 02:00:00+00:00,binhduong_thudaumot,67.75050192910393
2025-07-21 03:00:00+00:00,binhdinh_quynhon,80.96405685296658
2025-07-21 04:00:00+00:00,binhduong_thudaumot,67.80976299610384
2025-07-21 05:00:00+00:00,bacgiang_bacgiangcity,102.65780601664686
2025-07-21 06:00:00+00:00,angiang_longxuyen,60.38427005619589
2025-07-21 07:00:00+00:00,bentre_bentrecity,75.0486549322152
2025-07-21 08:00:00+00:00,binhdinh_quynhon,80.72747241634758
2025-07-21 09:00:00+00:00,backan_backancity,60.93681583242785
2025-07-21 10:00:00+00:00,bacninh_bacninhcity,102.5921400703255
2025-07-21 11:00:00+00:00,backan_backancity,60.8751912797823
2025-07-21 12:00:00+00:00,binhdinh_quynhon,80.67188642657388
2025-07-21 13:00:00+00:00,bentre_bentrecity,74.17802735041805
2025-07-21 14:00:00+00:00,bacgiang_bacgiangcity,101.06396076183255
2025-07-21 15:00:00+00:00,bacninh_bacninhcity,100.85102905076502
2025-07-21 16:00:00+00:00,angiang_longxuyen,61.14650847218968
2025-07-21 17:00:00+00:00,binhduong_thudaumot,68.03483973547645
2025-07-21 18:00:00+00:00,binhdinh_quynhon,80.49426404743008
2025-07-21 19:00:00+00:00,angiang_longxuyen,62.071620116229184
2025-07-21 20:00:00+00:00,backan_backancity,60.9822891056462
2025-07-21 21:00:00+00:00,bacgiang_bacgiangcity,100.21959211310764
2025-07-21 22:00:00+00:00,binhduong_thudaumot,68.18839959115442
2025-07-21 23:00:00+00:00,bacninh_bacninhcity,99.88980694370467
2025-07-22 00:00:00+00:00,bentre_bentrecity,74.47251003771709
2025-07-22 01:00:00+00:00,angiang_longxuyen,63.06115580448039
2025-07-22 02:00:00+00:00,bacninh_bacninhcity,99.2921370861545
2025-07-22 03:00:00+00:00,bentre_bentrecity,75.19756167552833
2025-07-22 04:00:00+00:00,binhdinh_quynhon,79.86129900432313
2025-07-22 05:00:00+00:00,binhduong_thudaumot,68.2957332890737
2025-07-22 06:00:00+00:00,backan_backancity,61.15519285240979
2025-07-22 07:00:00+00:00,bacgiang_bacgiangcity,99.71049801980139
2025-07-22 08:00:00+00:00,binhdinh_quynhon,78.48461269284124
2025-07-22 09:00:00+00:00,binhduong_thudaumot,68.45181864352624
2025-07-22 10:00:00+00:00,bacgiang_bacgiangcity,99.507862183514
2025-07-22 11:00:00+00:00,bentre_bentrecity,75.94831860228189
2025-07-22 12:00:00+00:00,bacninh_bacninhcity,98.9845201672273
2025-07-22 13:00:00+00:00,backan_backancity,61.30103087645721
2025-07-22 14:00:00+00:00,angiang_longxuyen,63.99340317383106
2025-07-22 15:00:00+00:00,bacgiang_bacgiangcity,99.66467346995512
2025-07-22 16:00:00+00:00,angiang_longxuyen,64.89901844384008
2025-07-22 17:00:00+00:00,bentre_bentrecity,76.46729430518016
2025-07-22 18:00:00+00:00,bacninh_bacninhcity,99.04680006893575
2025-07-22 19:00:00+00:00,backan_backancity,61.41071138220002
2025-07-22 20:00:00+00:00,binhduong_thudaumot,68.67225894835609
2025-07-22 21:00:00+00:00,binhdinh_quynhon,76.54909902256213
2025-07-22 22:00:00+00:00,bentre_bentrecity,76.85667618275272
2025-07-22 23:00:00+00:00,bacgiang_bacgiangcity,100.04975172488123
2025-07-23 00:00:00+00:00,bacninh_bacninhcity,99.35991277697103
2025-07-23 01:00:00+00:00,binhdinh_quynhon,74.3635252354103
2025-07-23 02:00:00+00:00,backan_backancity,61.49928253026104
2025-07-23 03:00:00+00:00,angiang_longxuyen,65.70456201617972
2025-07-23 04:00:00+00:00,binhduong_thudaumot,68.87940464642924
2025-07-23 05:00:00+00:00,binhdinh_quynhon,72.56075035119504
2025-07-23 06:00:00+00:00,angiang_longxuyen,66.39757079265209
2025-07-23 07:00:00+00:00,bentre_bentrecity,77.13945818657825
2025-07-23 08:00:00+00:00,bacgiang_bacgiangcity,100.80669344326822
2025-07-23 09:00:00+00:00,binhduong_thudaumot,69.03141108210625
2025-07-23 10:00:00+00:00,bacninh_bacninhcity,100.0632113229494
2025-07-23 11:00:00+00:00,backan_backancity,61.582845566601165
2025-07-23 12:00:00+00:00,binhdinh_quynhon,71.24786028305022
2025-07-23 13:00:00+00:00,bentre_bentrecity,77.36957877586195
2025-07-23 14:00:00+00:00,angiang_longxuyen,67.10025985357831
2025-07-23 15:00:00+00:00,binhduong_thudaumot,69.3274900752345
2025-07-23 16:00:00+00:00,backan_backancity,61.70820799020645
2025-07-23 17:00:00+00:00,bacgiang_bacgiangcity,101.8610653561915
2025-07-23 18:00:00+00:00,bacninh_bacninhcity,101.10674771442041
2025-07-23 19:00:00+00:00,backan_backancity,61.87094064803735
2025-07-23 20:00:00+00:00,bacninh_bacninhcity,102.5259499638811
2025-07-23 21:00:00+00:00,bacgiang_bacgiangcity,103.30082957338733
2025-07-23 22:00:00+00:00,bentre_bentrecity,77.75657095978274
2025-07-23 23:00:00+00:00,angiang_longxuyen,67.77062729528205
2025-07-24 00:00:00+00:00,binhdinh_quynhon,70.43711084767054
2025-07-24 01:00:00+00:00,binhduong_thudaumot,69.76626451421804
2025-07-24 02:00:00+00:00,binhduong_thudaumot,70.1394379312591
2025-07-24 03:00:00+00:00,backan_backancity,62.04925515679815
2025-07-24 04:00:00+00:00,bacninh_bacninhcity,103.79523705742835
2025-07-24 05:00:00+00:00,bacgiang_bacgiangcity,104.58959815005248
2025-07-24 06:00:00+00:00,binhdinh_quynhon,69.88055286395144
2025-07-24 07:00:00+00:00,angiang_longxuyen,68.80351102570737
2025-07-24 08:00:00+00:00,bentre_bentrecity,78.31413914301167
2025-07-24 09:00:00+00:00,binhduong_thudaumot,70.48632233558448
2025-07-24 10:00:00+00:00,binhdinh_quynhon,69.49146403953856
2025-07-24 11:00:00+00:00,angiang_longxuyen,70.09662357939207
2025-07-24 12:00:00+00:00,bentre_bentrecity,78.84829166401751
2025-07-24 13:00:00+00:00,bacninh_bacninhcity,105.15930361831195
2025-07-24 14:00:00+00:00,bacgiang_bacgiangcity,105.98317969095436
2025-07-24 15:00:00+00:00,backan_backancity,62.07337128754929
2025-07-24 16:00:00+00:00,binhdinh_quynhon,69.17226720243892
2025-07-24 17:00:00+00:00,binhduong_thudaumot,70.70389643755978
2025-07-24 18:00:00+00:00,bentre_bentrecity,79.19139735036508
2025-07-24 19:00:00+00:00,bacninh_bacninhcity,106.45042495916567
2025-07-24 20:00:00+00:00,angiang_longxuyen,71.51414553827658
2025-07-24 21:00:00+00:00,bacgiang_bacgiangcity,107.31386201709334
2025-07-24 22:00:00+00:00,backan_backancity,61.9152845944452
2025-07-24 23:00:00+00:00,binhduong_thudaumot,70.82181816996413
2025-07-25 00:00:00+00:00,binhdinh_quynhon,68.83818898293744
2025-07-25 01:00:00+00:00,backan_backancity,61.68869017326184
2025-07-25 02:00:00+00:00,bacgiang_bacgiangcity,108.03544049845304
2025-07-25 03:00:00+00:00,angiang_longxuyen,72.96500884607744
2025-07-25 04:00:00+00:00,bacninh_bacninhcity,107.13499892711287
2025-07-25 05:00:00+00:00,bentre_bentrecity,79.42840826272054
2025-07-25 06:00:00+00:00,bacgiang_bacgiangcity,107.99615350595937
2025-07-25 07:00:00+00:00,backan_backancity,61.51746612143795
2025-07-25 08:00:00+00:00,bacninh_bacninhcity,106.99564857586088
2025-07-25 09:00:00+00:00,bentre_bentrecity,79.65865036185093
2025-07-25 10:00:00+00:00,binhduong_thudaumot,70.89804296458192
2025-07-25 11:00:00+00:00,binhdinh_quynhon,68.64288453855261
2025-07-25 12:00:00+00:00,angiang_longxuyen,74.47744905560359
2025-07-25 13:00:00+00:00,angiang_longxuyen,75.81033583244178
2025-07-25 14:00:00+00:00,binhduong_thudaumot,71.1180210554851
2025-07-25 15:00:00+00:00,binhdinh_quynhon,68.65435411506279
2025-07-25 16:00:00+00:00,bentre_bentrecity,80.15844895188457
2025-07-25 17:00:00+00:00,bacgiang_bacgiangcity,107.53697851673313
2025-07-25 18:00:00+00:00,backan_backancity,61.4631035690423
2025-07-25 19:00:00+00:00,bacninh_bacninhcity,106.386786559502
2025-07-25 20:00:00+00:00,bacninh_bacninhcity,105.72834256932406
2025-07-25 21:00:00+00:00,bentre_bentrecity,81.47264942033695
2025-07-25 22:00:00+00:00,binhdinh_quynhon,68.66874945807784
2025-07-25 23:00:00+00:00,backan_backancity,61.66932960435414
2025-07-26 00:00:00+00:00,binhduong_thudaumot,71.77310684705668
2025-07-26 01:00:00+00:00,bacgiang_bacgiangcity,107.05458799914894
2025-07-26 02:00:00+00:00,angiang_longxuyen,76.8293197894229
2025-07-26 03:00:00+00:00,backan_backancity,62.18212498289275
2025-07-26 04:00:00+00:00,bentre_bentrecity,84.22984960347182
2025-07-26 05:00:00+00:00,bacninh_bacninhcity,105.269372479055
2025-07-26 06:00:00+00:00,binhduong_thudaumot,73.10318221959865
2025-07-26 07:00:00+00:00,bacgiang_bacgiangcity,106.7517509142527
2025-07-26 08:00:00+00:00,binhdinh_quynhon,68.62990442786972
2025-07-26 09:00:00+00:00,angiang_longxuyen,77.61126900858841
2025-07-26 10:00:00+00:00,binhduong_thudaumot,74.87162223320979
2025-07-26 11:00:00+00:00,bacgiang_bacgiangcity,106.66221840887513
2025-07-26 12:00:00+00:00,backan_backancity,62.86102670441773
2025-07-26 13:00:00+00:00,angiang_longxuyen,78.15323628051934
2025-07-26 14:00:00+00:00,binhdinh_quynhon,68.55730348573884
2025-07-26 15:00:00+00:00,bacninh_bacninhcity,105.20165218243328
2025-07-26 16:00:00+00:00,bentre_bentrecity,89.1219539676842
2025-07-26 17:00:00+00:00,binhduong_thudaumot,76.40401864814709
2025-07-26 18:00:00+00:00,bacninh_bacninhcity,105.75875576918953
2025-07-26 19:00:00+00:00,binhdinh_quynhon,68.38651305728945
2025-07-26 20:00:00+00:00,bentre_bentrecity,95.7131419843202
2025-07-26 21:00:00+00:00,angiang_longxuyen,78.49143392207858
2025-07-26 22:00:00+00:00,bacgiang_bacgiangcity,106.83580118125263
2025-07-26 23:00:00+00:00,backan_backancity,63.20328896947644
2025-07-27 00:00:00+00:00,binhdinh_quynhon,68.17847152191514
2025-07-27 01:00:00+00:00,binhduong_thudaumot,76.9302658814793
2025-07-27 02:00:00+00:00,bentre_bentrecity,100.92730387884909
2025-07-27 03:00:00+00:00,backan_backancity,62.802444663031736
2025-07-27 04:00:00+00:00,angiang_longxuyen,78.58529193974411
2025-07-27 05:00:00+00:00,bacninh_bacninhcity,108.24477694758582
2025-07-27 06:00:00+00:00,bacgiang_bacgiangcity,108.46569971798345
2025-07-27 07:00:00+00:00,binhdinh_quynhon,68.05012138560862
2025-07-27 08:00:00+00:00,backan_backancity,61.5169371962229
2025-07-27 09:00:00+00:00,binhduong_thudaumot,76.01845599183454
2025-07-27 10:00:00+00:00,bacgiang_bacgiangcity,112.20244914775293
2025-07-27 11:00:00+00:00,angiang_longxuyen,78.46362961009817
2025-07-27 12:00:00+00:00,bentre_bentrecity,100.59020042154665
2025-07-27 13:00:00+00:00,bacninh_bacninhcity,112.66869672482098
2025-07-27 14:00:00+00:00,binhdinh_quynhon,67.36315712837312
2025-07-27 15:00:00+00:00,bentre_bentrecity,94.46376329635468
2025-07-27 16:00:00+00:00,bacninh_bacninhcity,117.4153716716273
2025-07-27 17:00:00+00:00,binhduong_thudaumot,74.57158583115272
2025-07-27 18:00:00+00:00,bacgiang_bacgiangcity,116.59944853757875
2025-07-27 19:00:00+00:00,angiang_longxuyen,77.98381581602784
2025-07-27 20:00:00+00:00,backan_backancity,59.434882650822324
2025-07-27 21:00:00+00:00,angiang_longxuyen,77.28248957142148
2025-07-27 22:00:00+00:00,bentre_bentrecity,87.86786037006661
2025-07-27 23:00:00+00:00,bacgiang_bacgiangcity,121.97695853135572
2025-07-28 00:00:00+00:00,binhduong_thudaumot,73.46374243804293
2025-07-28 01:00:00+00:00,binhdinh_quynhon,66.36940671622361
2025-07-28 02:00:00+00:00,backan_backancity,57.70039868299908
2025-07-28 03:00:00+00:00,bacninh_bacninhcity,122.80051891665131
2025-07-28 04:00:00+00:00,bacninh_bacninhcity,128.61549175783125
2025-07-28 05:00:00+00:00,bacgiang_bacgiangcity,128.01028694960348
2025-07-28 06:00:00+00:00,binhduong_thudaumot,72.77988502080936
2025-07-28 07:00:00+00:00,bentre_bentrecity,83.98143225207556
2025-07-28 08:00:00+00:00,binhdinh_quynhon,65.42106286600406
2025-07-28 09:00:00+00:00,angiang_longxuyen,76.46207891195607
2025-07-28 10:00:00+00:00,backan_backancity,56.5758488772409
2025-07-28 11:00:00+00:00,bacninh_bacninhcity,134.3039561707733
2025-07-28 12:00:00+00:00,backan_backancity,55.9002874852272
2025-07-28 13:00:00+00:00,bentre_bentrecity,82.18805651188454
2025-07-28 14:00:00+00:00,binhduong_thudaumot,72.23219963844545
2025-07-28 15:00:00+00:00,bacgiang_bacgiangcity,134.14297944935453
2025-07-28 16:00:00+00:00,angiang_longxuyen,75.66391408462098
2025-07-28 17:00:00+00:00,binhdinh_quynhon,64.50557432531407
2025-07-28 18:00:00+00:00,binhduong_thudaumot,71.72618260331595
2025-07-28 19:00:00+00:00,bacgiang_bacgiangcity,139.95545299976607
2025-07-28 20:00:00+00:00,bacninh_bacninhcity,139.49608383303968
2025-07-28 21:00:00+00:00,bentre_bentrecity,81.32322804708484
2025-07-28 22:00:00+00:00,binhdinh_quynhon,63.69644740376975
2025-07-28 23:00:00+00:00,backan_backancity,55.42787149652956
2025-07-29 00:00:00+00:00,angiang_longxuyen,74.7587896190908
2025-07-29 01:00:00+00:00,bentre_bentrecity,80.69637780832218
2025-07-29 02:00:00+00:00,binhduong_thudaumot,71.22200012861703
2025-07-29 03:00:00+00:00,bacgiang_bacgiangcity,145.31069214467954
2025-07-29 04:00:00+00:00,bacninh_bacninhcity,144.23625442922847
2025-07-29 05:00:00+00:00,binhdinh_quynhon,62.96797442988277
2025-07-29 06:00:00+00:00,angiang_longxuyen,73.83952474296903
2025-07-29 07:00:00+00:00,backan_backancity,55.07675569048377
2025-07-29 08:00:00+00:00,angiang_longxuyen,72.92131771727736
2025-07-29 09:00:00+00:00,binhdinh_quynhon,62.25968162073222
2025-07-29 10:00:00+00:00,binhduong_thudaumot,70.66037208698066
2025-07-29 11:00:00+00:00,bacninh_bacninhcity,148.377205172776
2025-07-29 12:00:00+00:00,backan_backancity,54.83334525953539
2025-07-29 13:00:00+00:00,bentre_bentrecity,80.12746870606782
2025-07-29 14:00:00+00:00,bacgiang_bacgiangcity,149.8332219276046
2025-07-29 15:00:00+00:00,binhduong_thudaumot,70.0797289456086
2025-07-29 16:00:00+00:00,backan_backancity,54.65950040709638
2025-07-29 17:00:00+00:00,angiang_longxuyen,72.00159777486697
2025-07-29 18:00:00+00:00,bentre_bentrecity,79.52521825489708
2025-07-29 19:00:00+00:00,bacninh_bacninhcity,151.61189259379879
2025-07-29 20:00:00+00:00,binhdinh_quynhon,61.60888917707742
2025-07-29 21:00:00+00:00,bacgiang_bacgiangcity,153.11022813092356
2025-07-29 22:00:00+00:00,angiang_longxuyen,71.12318403269688
2025-07-29 23:00:00+00:00,binhduong_thudaumot,69.62072907351435
2025-07-30 00:00:00+00:00,bentre_bentrecity,78.93483764796684
2025-07-30 01:00:00+00:00,binhdinh_quynhon,60.93363751604551
2025-07-30 02:00:00+00:00,backan_backancity,54.57291391986482
2025-07-30 03:00:00+00:00,bacgiang_bacgiangcity,155.2764580269898
2025-07-30 04:00:00+00:00,bacninh_bacninhcity,153.84097405370767
2025-07-30 05:00:00+00:00,angiang_longxuyen,70.3428859179189
2025-07-30 06:00:00+00:00,bacgiang_bacgiangcity,156.69762766382132
2025-07-30 07:00:00+00:00,binhdinh_quynhon,60.238777501320456
2025-07-30 08:00:00+00:00,bentre_bentrecity,78.325289458356
2025-07-30 09:00:00+00:00,bacninh_bacninhcity,155.25450048292709
2025-07-30 10:00:00+00:00,backan_backancity,54.588452884966465
2025-07-30 11:00:00+00:00,binhduong_thudaumot,69.22011349148698
2025-07-30 12:00:00+00:00,binhduong_thudaumot,68.82448219572035
2025-07-30 13:00:00+00:00,binhdinh_quynhon,59.43777982677504
2025-07-30 14:00:00+00:00,backan_backancity,54.68205835275453
2025-07-30 15:00:00+00:00,bacgiang_bacgiangcity,157.60748386573482
2025-07-30 16:00:00+00:00,bacninh_bacninhcity,156.04223690636002
2025-07-30 17:00:00+00:00,bentre_bentrecity,77.81515300116874
2025-07-30 18:00:00+00:00,angiang_longxuyen,69.60561896669518
2025-07-30 19:00:00+00:00,angiang_longxuyen,68.9268721106611
2025-07-30 20:00:00+00:00,backan_backancity,54.85383992034564
2025-07-30 21:00:00+00:00,binhdinh_quynhon,58.50625675141254
2025-07-30 22:00:00+00:00,binhduong_thudaumot,68.47604913648604
2025-07-30 23:00:00+00:00,bacgiang_bacgiangcity,158.3253354494925
2025-07-31 00:00:00+00:00,bentre_bentrecity,77.29463579099956
2025-07-31 01:00:00+00:00,bacninh_bacninhcity,156.556833489685
2025-07-31 02:00:00+00:00,angiang_longxuyen,67.76238130352849
2025-07-31 03:00:00+00:00,backan_backancity,54.68608009042573
2025-07-31 04:00:00+00:00,binhduong_thudaumot,68.11106214754821
2025-07-31 05:00:00+00:00,bentre_bentrecity,76.59439836992149
2025-07-31 06:00:00+00:00,bacninh_bacninhcity,157.07755798135736
2025-07-31 07:00:00+00:00,binhdinh_quynhon,57.592119114312354
2025-07-31 08:00:00+00:00,bacgiang_bacgiangcity,159.01454883016498
2025-07-31 09:00:00+00:00,angiang_longxuyen,66.62104169601143
2025-07-31 10:00:00+00:00,binhduong_thudaumot,67.71324367454098
2025-07-31 11:00:00+00:00,bentre_bentrecity,75.9579583834535
2025-07-31 12:00:00+00:00,bacninh_bacninhcity,157.57618674129824
2025-07-31 13:00:00+00:00,bacgiang_bacgiangcity,159.56392582019868
2025-07-31 14:00:00+00:00,binhdinh_quynhon,56.591430728170806
2025-07-31 15:00:00+00:00,backan_backancity,54.21358786025566
2025-07-31 16:00:00+00:00,bacninh_bacninhcity,158.05444949791362
2025-07-31 17:00:00+00:00,bacgiang_bacgiangcity,159.944599492091
2025-07-31 18:00:00+00:00,binhduong_thudaumot,67.24580244192003
2025-07-31 19:00:00+00:00,binhdinh_quynhon,55.64689418648123
2025-07-31 20:00:00+00:00,angiang_longxuyen,65.59690905709462
2025-07-31 21:00:00+00:00,backan_backancity,53.410198109512436
2025-07-31 22:00:00+00:00,bentre_bentrecity,75.33551823736228
2025-07-31 23:00:00+00:00,binhduong_thudaumot,66.70158604655214
2025-08-01 00:00:00+00:00,backan_backancity,52.6263214106218
2025-08-01 01:00:00+00:00,bacgiang_bacgiangcity,160.17002646572763
2025-08-01 02:00:00+00:00,bentre_bentrecity,74.78489755830944
2025-08-01 03:00:00+00:00,binhdinh_quynhon,55.042566155186506
2025-08-01 04:00:00+00:00,bacninh_bacninhcity,158.54127988999443
2025-08-01 05:00:00+00:00,angiang_longxuyen,64.88404175959766
2025-08-01 06:00:00+00:00,binhduong_thudaumot,66.16675211738637
2025-08-01 07:00:00+00:00,bentre_bentrecity,74.44313562791362
2025-08-01 08:00:00+00:00,backan_backancity,52.26380273935422
2025-08-01 09:00:00+00:00,bacninh_bacninhcity,158.82520313336056
2025-08-01 10:00:00+00:00,bacgiang_bacgiangcity,160.11919246397832
2025-08-01 11:00:00+00:00,angiang_longxuyen,64.52419630495751
2025-08-01 12:00:00+00:00,binhdinh_quynhon,55.196764533196166
2025-08-01 13:00:00+00:00,angiang_longxuyen,64.50629147166421
2025-08-01 14:00:00+00:00,binhduong_thudaumot,65.9869699602811
2025-08-01 15:00:00+00:00,bentre_bentrecity,75.03143388962785
2025-08-01 16:00:00+00:00,bacninh_bacninhcity,158.89886192592152
2025-08-01 17:00:00+00:00,binhdinh_quynhon,56.50980470173986
2025-08-01 18:00:00+00:00,bacgiang_bacgiangcity,159.8250623934893
2025-08-01 19:00:00+00:00,backan_backancity,52.72541626442553
2025-08-01 20:00:00+00:00,binhdinh_quynhon,59.10937921442431
2025-08-01 21:00:00+00:00,bacninh_bacninhcity,159.013681583416
2025-08-01 22:00:00+00:00,backan_backancity,54.5190779101382
2025-08-01 23:00:00+00:00,bentre_bentrecity,77.47266439423872
2025-08-02 00:00:00+00:00,binhduong_thudaumot,66.85265614164575
2025-08-02 01:00:00+00:00,angiang_longxuyen,64.79394816463386
2025-08-02 02:00:00+00:00,bacgiang_bacgiangcity,159.55215127779874
2025-08-02 03:00:00+00:00,binhdinh_quynhon,62.94192367176847
2025-08-02 04:00:00+00:00,binhduong_thudaumot,69.779778315208
2025-08-02 05:00:00+00:00,angiang_longxuyen,65.34103791049435
2025-08-02 06:00:00+00:00,bacninh_bacninhcity,159.2676323979292
2025-08-02 07:00:00+00:00,bentre_bentrecity,82.8365200168109
2025-08-02 08:00:00+00:00,backan_backancity,58.169269443228266
2025-08-02 09:00:00+00:00,bacgiang_bacgiangcity,159.48771293831095
2025-08-02 10:00:00+00:00,binhduong_thudaumot,75.17611161376658
2025-08-02 11:00:00+00:00,binhdinh_quynhon,67.14584034136729
2025-08-02 12:00:00+00:00,bentre_bentrecity,92.19454487066176
2025-08-02 13:00:00+00:00,bacninh_bacninhcity,159.6876323743244
2025-08-02 14:00:00+00:00,angiang_longxuyen,65.98903801022104
2025-08-02 15:00:00+00:00,bacgiang_bacgiangcity,159.70715495636102
2025-08-02 16:00:00+00:00,backan_backancity,63.71278690433203
2025-08-02 17:00:00+00:00,binhduong_thudaumot,82.35619516662062
2025-08-02 18:00:00+00:00,bacninh_bacninhcity,160.20653660084227
2025-08-02 19:00:00+00:00,bacgiang_bacgiangcity,160.13419297368085
2025-08-02 20:00:00+00:00,backan_backancity,70.75823992958732
2025-08-02 21:00:00+00:00,angiang_longxuyen,66.69152455473609
2025-08-02 22:00:00+00:00,binhdinh_quynhon,70.12424681787545
2025-08-02 23:00:00+00:00,bentre_bentrecity,104.03889944261769
2025-08-03 00:00:00+00:00,binhduong_thudaumot,88.32263122298644
2025-08-03 01:00:00+00:00,angiang_longxuyen,66.9225314511369
2025-08-03 02:00:00+00:00,bacgiang_bacgiangcity,161.30047783796184
2025-08-03 03:00:00+00:00,bacninh_bacninhcity,161.51404926263405
2025-08-03 04:00:00+00:00,bentre_bentrecity,112.56559800244113
2025-08-03 05:00:00+00:00,backan_backancity,77.589013646274
2025-08-03 06:00:00+00:00,binhdinh_quynhon,70.35899431151785
2025-08-03 07:00:00+00:00,backan_backancity,81.3111556864332
2025-08-03 08:00:00+00:00,binhduong_thudaumot,88.04319788758323
2025-08-03 09:00:00+00:00,bacgiang_bacgiangcity,162.95756718107455
2025-08-03 10:00:00+00:00,binhdinh_quynhon,67.68951113369805
2025-08-03 11:00:00+00:00,bentre_bentrecity,110.32168161977769
2025-08-03 12:00:00+00:00,angiang_longxuyen,65.93566897951311
2025-08-03 13:00:00+00:00,bacninh_bacninhcity,163.20528525521578
2025-08-03 14:00:00+00:00,binhduong_thudaumot,81.11645402618984
2025-08-03 15:00:00+00:00,binhdinh_quynhon,63.111603833775455
2025-08-03 16:00:00+00:00,angiang_longxuyen,64.1040414630714
2025-08-03 17:00:00+00:00,bentre_bentrecity,96.646234264051
2025-08-03 18:00:00+00:00,backan_backancity,79.77625759818147
2025-08-03 19:00:00+00:00,bacninh_bacninhcity,164.85903903390926
2025-08-03 20:00:00+00:00,bacgiang_bacgiangcity,164.6897305490804
2025-08-03 21:00:00+00:00,bentre_bentrecity,82.87346973166508
2025-08-03 22:00:00+00:00,binhduong_thudaumot,75.43381970334345
2025-08-03 23:00:00+00:00,bacgiang_bacgiangcity,166.16212016011548
2025-08-04 00:00:00+00:00,bacninh_bacninhcity,166.1196631901505
2025-08-04 01:00:00+00:00,backan_backancity,74.78332507794036
2025-08-04 02:00:00+00:00,angiang_longxuyen,62.605941798002
2025-08-04 03:00:00+00:00,binhdinh_quynhon,58.10522184128674
2025-08-04 04:00:00+00:00,bacninh_bacninhcity,166.9274463557431
2025-08-04 05:00:00+00:00,bentre_bentrecity,76.40714454851712
2025-08-04 06:00:00+00:00,backan_backancity,69.94846972061929
2025-08-04 07:00:00+00:00,binhdinh_quynhon,53.89933957122658
2025-08-04 08:00:00+00:00,angiang_longxuyen,61.90073200339324
2025-08-04 09:00:00+00:00,bacgiang_bacgiangcity,167.273044185221
2025-08-04 10:00:00+00:00,binhduong_thudaumot,74.01441315056206
2025-08-04 11:00:00+00:00,bacgiang_bacgiangcity,167.83175599053658
2025-08-04 12:00:00+00:00,binhdinh_quynhon,50.852072749829134
2025-08-04 13:00:00+00:00,bentre_bentrecity,74.56175068120797
2025-08-04 14:00:00+00:00,binhduong_thudaumot,75.18029774711273
2025-08-04 15:00:00+00:00,backan_backancity,67.37236805126227
2025-08-04 16:00:00+00:00,bacninh_bacninhcity,167.20221109223235
2025-08-04 17:00:00+00:00,angiang_longxuyen,62.00693160940996
2025-08-04 18:00:00+00:00,backan_backancity,67.39277217532398
2025-08-04 19:00:00+00:00,angiang_longxuyen,62.5322973007171
2025-08-04 20:00:00+00:00,binhduong_thudaumot,77.52203313018956
2025-08-04 21:00:00+00:00,binhdinh_quynhon,48.851005708527815
2025-08-04 22:00:00+00:00,bacninh_bacninhcity,166.8652809651524
2025-08-04 23:00:00+00:00,bacgiang_bacgiangcity,167.64789491465575
2025-08-05 00:00:00+00:00,bentre_bentrecity,74.51518858446133
2025-08-05 01:00:00+00:00,angiang_longxuyen,63.37133470491799
2025-08-05 02:00:00+00:00,binhdinh_quynhon,47.468318954910295
2025-08-05 03:00:00+00:00,bacgiang_bacgiangcity,166.9020388850525
2025-08-05 04:00:00+00:00,bacninh_bacninhcity,166.09020539123657
2025-08-05 05:00:00+00:00,bentre_bentrecity,74.88879800742289
2025-08-05 06:00:00+00:00,binhduong_thudaumot,80.56220472955806
2025-08-05 07:00:00+00:00,backan_backancity,69.20156775331597
2025-08-05 08:00:00+00:00,binhduong_thudaumot,84.03782473367492
2025-08-05 09:00:00+00:00,backan_backancity,72.06207155778787
2025-08-05 10:00:00+00:00,angiang_longxuyen,64.3088570311431
2025-08-05 11:00:00+00:00,bacgiang_bacgiangcity,165.82204507229739
2025-08-05 12:00:00+00:00,binhdinh_quynhon,46.368068735946316
2025-08-05 13:00:00+00:00,bacninh_bacninhcity,165.00462689062522
2025-08-05 14:00:00+00:00,bentre_bentrecity,75.21099208740782
2025-08-05 15:00:00+00:00,bacninh_bacninhcity,163.73921858198835
2025-08-05 16:00:00+00:00,backan_backancity,75.43448443368128
2025-08-05 17:00:00+00:00,bacgiang_bacgiangcity,164.5824397369894
2025-08-05 18:00:00+00:00,angiang_longxuyen,65.27026676370203
2025-08-05 19:00:00+00:00,binhdinh_quynhon,45.44797235126575
2025-08-05 20:00:00+00:00,binhduong_thudaumot,87.91367672991095
2025-08-05 21:00:00+00:00,bentre_bentrecity,75.28958275021725
2025-08-05 22:00:00+00:00,binhduong_thudaumot,92.14136406108892
2025-08-05 23:00:00+00:00,binhdinh_quynhon,44.626818337444035
2025-08-06 00:00:00+00:00,backan_backancity,78.85718094319479
2025-08-06 01:00:00+00:00,bacninh_bacninhcity,162.4309863913004
2025-08-06 02:00:00+00:00,bentre_bentrecity,75.27399613419533
2025-08-06 03:00:00+00:00,angiang_longxuyen,66.12115733432131
2025-08-06 04:00:00+00:00,bacgiang_bacgiangcity,163.3411427940116
2025-08-06 05:00:00+00:00,bacgiang_bacgiangcity,162.22342851276687
2025-08-06 06:00:00+00:00,backan_backancity,82.16350437521288
2025-08-06 07:00:00+00:00,angiang_longxuyen,66.8820948801916
2025-08-06 08:00:00+00:00,bentre_bentrecity,75.1349531313791
2025-08-06 09:00:00+00:00,binhduong_thudaumot,96.56386428762727
2025-08-06 10:00:00+00:00,binhdinh_quynhon,43.80696519374583
2025-08-06 11:00:00+00:00,bacninh_bacninhcity,161.18898421470257
2025-08-06 12:00:00+00:00,bacninh_bacninhcity,160.28758128604585
2025-08-06 13:00:00+00:00,bacgiang_bacgiangcity,161.5047478029964
2025-08-06 14:00:00+00:00,backan_backancity,85.48586710699551
2025-08-06 15:00:00+00:00,bentre_bentrecity,75.018463309129
2025-08-06 16:00:00+00:00,angiang_longxuyen,67.7006828919565
2025-08-06 17:00:00+00:00,binhdinh_quynhon,43.026995870317734
2025-08-06 18:00:00+00:00,binhduong_thudaumot,101.13297537657623
2025-08-06 19:00:00+00:00,binhduong_thudaumot,105.79078671779834
2025-08-06 20:00:00+00:00,bacgiang_bacgiangcity,161.25997455572815
2025-08-06 21:00:00+00:00,backan_backancity,88.71455527715568
2025-08-06 22:00:00+00:00,bentre_bentrecity,75.1479689802522
2025-08-06 23:00:00+00:00,angiang_longxuyen,68.60391323340576
2025-08-07 00:00:00+00:00,binhdinh_quynhon,42.25670921388951
2025-08-07 01:00:00+00:00,bacninh_bacninhcity,159.8879568431602
2025-08-07 02:00:00+00:00,bentre_bentrecity,75.3856803611357
2025-08-07 03:00:00+00:00,bacgiang_bacgiangcity,161.37882548107788
2025-08-07 04:00:00+00:00,backan_backancity,91.43673501207101
2025-08-07 05:00:00+00:00,binhdinh_quynhon,41.614160379442275
2025-08-07 06:00:00+00:00,angiang_longxuyen,69.69621289632187
2025-08-07 07:00:00+00:00,binhduong_thudaumot,109.7454878830863
2025-08-07 08:00:00+00:00,bacninh_bacninhcity,159.94425164037298
2025-08-07 09:00:00+00:00,bacninh_bacninhcity,160.385532517763
2025-08-07 10:00:00+00:00,backan_backancity,94.37480915402196
2025-08-07 11:00:00+00:00,bacgiang_bacgiangcity,161.8201397141121
2025-08-07 12:00:00+00:00,angiang_longxuyen,70.47690174864611
2025-08-07 13:00:00+00:00,bentre_bentrecity,75.5052555804736
2025-08-07 14:00:00+00:00,binhduong_thudaumot,112.84797616471735
2025-08-07 15:00:00+00:00,binhdinh_quynhon,41.00812168010968
2025-08-07 16:00:00+00:00,bacgiang_bacgiangcity,162.46180700653423
2025-08-07 17:00:00+00:00,binhduong_thudaumot,114.97062691164615
2025-08-07 18:00:00+00:00,bentre_bentrecity,75.6714191045643
2025-08-07 19:00:00+00:00,backan_backancity,97.07881229648929
2025-08-07 20:00:00+00:00,angiang_longxuyen,71.0915557343644
2025-08-07 21:00:00+00:00,binhdinh_quynhon,40.2478607773073
2025-08-07 22:00:00+00:00,bacninh_bacninhcity,161.1352768624607
2025-08-07 23:00:00+00:00,binhdinh_quynhon,39.34231698367869
2025-08-08 00:00:00+00:00,bentre_bentrecity,76.17520369407892
2025-08-08 01:00:00+00:00,binhduong_thudaumot,116.14085488957987
2025-08-08 02:00:00+00:00,bacninh_bacninhcity,161.72135935638215
2025-08-08 03:00:00+00:00,backan_backancity,99.00797126982235
2025-08-08 04:00:00+00:00,angiang_longxuyen,71.88253480292202
2025-08-08 05:00:00+00:00,bacgiang_bacgiangcity,162.84546362603575
2025-08-08 06:00:00+00:00,binhdinh_quynhon,38.44349196980885
2025-08-08 07:00:00+00:00,backan_backancity,100.23750141367472
2025-08-08 08:00:00+00:00,angiang_longxuyen,73.1428825838257
2025-08-08 09:00:00+00:00,bacgiang_bacgiangcity,162.9737113128637
2025-08-08 10:00:00+00:00,binhduong_thudaumot,117.25418766870533
2025-08-08 11:00:00+00:00,bentre_bentrecity,77.4367856338177
2025-08-08 12:00:00+00:00,bacninh_bacninhcity,162.08482151587117
2025-08-08 13:00:00+00:00,bacgiang_bacgiangcity,163.02518383694468
2025-08-08 14:00:00+00:00,bentre_bentrecity,80.18750290924919
2025-08-08 15:00:00+00:00,binhdinh_quynhon,37.82372027525303
2025-08-08 16:00:00+00:00,binhduong_thudaumot,119.59264466846724
2025-08-08 17:00:00+00:00,backan_backancity,101.24706627280874
2025-08-08 18:00:00+00:00,bacninh_bacninhcity,162.37389105862698
2025-08-08 19:00:00+00:00,angiang_longxuyen,75.04688231798097
2025-08-08 20:00:00+00:00,bacgiang_bacgiangcity,163.10589496570634
2025-08-08 21:00:00+00:00,bentre_bentrecity,85.6565527034203
2025-08-08 22:00:00+00:00,binhdinh_quynhon,37.79443878474409
2025-08-08 23:00:00+00:00,binhduong_thudaumot,125.426651669751
2025-08-09 00:00:00+00:00,bacninh_bacninhcity,162.7228625732604
2025-08-09 01:00:00+00:00,angiang_longxuyen,77.25628871290832
2025-08-09 02:00:00+00:00,backan_backancity,102.46413480755446
2025-08-09 03:00:00+00:00,binhduong_thudaumot,139.27945798437784
2025-08-09 04:00:00+00:00,backan_backancity,103.97399888920324
2025-08-09 05:00:00+00:00,binhdinh_quynhon,38.527653025198425
2025-08-09 06:00:00+00:00,bacgiang_bacgiangcity,163.40821146429857
2025-08-09 07:00:00+00:00,angiang_longxuyen,79.46786322470817
2025-08-09 08:00:00+00:00,bentre_bentrecity,94.31272357872275
2025-08-09 09:00:00+00:00,bacninh_bacninhcity,163.3068770172419
2025-08-09 10:00:00+00:00,binhduong_thudaumot,161.9598903330944
2025-08-09 11:00:00+00:00,backan_backancity,105.79250691602026
2025-08-09 12:00:00+00:00,bentre_bentrecity,106.58367539698597
2025-08-09 13:00:00+00:00,bacgiang_bacgiangcity,163.92070664203948
2025-08-09 14:00:00+00:00,binhdinh_quynhon,39.78864409352581
2025-08-09 15:00:00+00:00,angiang_longxuyen,81.51755088251201
2025-08-09 16:00:00+00:00,bacninh_bacninhcity,164.0564736440868
2025-08-09 17:00:00+00:00,bacgiang_bacgiangcity,164.60186701718547
2025-08-09 18:00:00+00:00,bentre_bentrecity,119.29038535097934
2025-08-09 19:00:00+00:00,binhdinh_quynhon,41.17608640898677
2025-08-09 20:00:00+00:00,binhduong_thudaumot,183.46988265728197
2025-08-09 21:00:00+00:00,backan_backancity,107.94768656367474
2025-08-09 22:00:00+00:00,angiang_longxuyen,83.41413851601851
2025-08-09 23:00:00+00:00,bacninh_bacninhcity,164.91235564860486
2025-08-10 00:00:00+00:00,backan_backancity,109.79684842750463
2025-08-10 01:00:00+00:00,bacgiang_bacgiangcity,165.8635966747771
2025-08-10 02:00:00+00:00,angiang_longxuyen,84.14756003797605
2025-08-10 03:00:00+00:00,bentre_bentrecity,126.5925791521299
2025-08-10 04:00:00+00:00,bacninh_bacninhcity,166.32138859604237
2025-08-10 05:00:00+00:00,binhduong_thudaumot,193.54582223235988
2025-08-10 06:00:00+00:00,binhdinh_quynhon,42.07975275635654
2025-08-10 07:00:00+00:00,bentre_bentrecity,123.65739682540314
2025-08-10 08:00:00+00:00,bacgiang_bacgiangcity,167.27696109086764
2025-08-10 09:00:00+00:00,binhduong_thudaumot,189.4664841287278
2025-08-10 10:00:00+00:00,backan_backancity,110.88798540796603
2025-08-10 11:00:00+00:00,bacninh_bacninhcity,167.73027382562705
2025-08-10 12:00:00+00:00,angiang_longxuyen,83.14201602305849
2025-08-10 13:00:00+00:00,binhdinh_quynhon,42.0665391561643
2025-08-10 14:00:00+00:00,bacgiang_bacgiangcity,168.06026597871497
2025-08-10 15:00:00+00:00,binhduong_thudaumot,170.14008569595467
2025-08-10 16:00:00+00:00,binhdinh_quynhon,41.07758719168647
2025-08-10 17:00:00+00:00,angiang_longxuyen,82.61312058983198
2025-08-10 18:00:00+00:00,bentre_bentrecity,110.12502865434908
2025-08-10 19:00:00+00:00,backan_backancity,110.54354430457775
2025-08-10 20:00:00+00:00,bacninh_bacninhcity,168.24808684607063
2025-08-10 21:00:00+00:00,binhduong_thudaumot,146.51068050487095
2025-08-10 22:00:00+00:00,bacninh_bacninhcity,168.11759956598976
2025-08-10 23:00:00+00:00,binhdinh_quynhon,39.343765571655055
2025-08-11 00:00:00+00:00,bentre_bentrecity,97.8748639544193
2025-08-11 01:00:00+00:00,bacgiang_bacgiangcity,168.30421963015448
2025-08-11 02:00:00+00:00,backan_backancity,109.8491691379665
2025-08-11 03:00:00+00:00,angiang_longxuyen,84.2319760257891
2025-08-11 04:00:00+00:00,binhdinh_quynhon,37.5030152865267
2025-08-11 05:00:00+00:00,binhduong_thudaumot,135.19890001718676
2025-08-11 06:00:00+00:00,bacninh_bacninhcity,167.49154271504966
2025-08-11 07:00:00+00:00,bentre_bentrecity,94.31251212776404
2025-08-11 08:00:00+00:00,bacgiang_bacgiangcity,168.11999164218756
2025-08-11 09:00:00+00:00,angiang_longxuyen,87.5876288817488
2025-08-11 10:00:00+00:00,backan_backancity,109.50239313948474
2025-08-11 11:00:00+00:00,bacninh_bacninhcity,166.65406826103379
2025-08-11 12:00:00+00:00,backan_backancity,109.43375556264773
2025-08-11 13:00:00+00:00,binhduong_thudaumot,134.69422673800898
2025-08-11 14:00:00+00:00,bacgiang_bacgiangcity,167.6775051965146
2025-08-11 15:00:00+00:00,bentre_bentrecity,96.44321781603793
2025-08-11 16:00:00+00:00,angiang_longxuyen,91.64569918838914
2025-08-11 17:00:00+00:00,binhdinh_quynhon,35.86942737729358
2025-08-11 18:00:00+00:00,angiang_longxuyen,95.22961439665096
2025-08-11 19:00:00+00:00,bacgiang_bacgiangcity,167.10289227910334
2025-08-11 20:00:00+00:00,backan_backancity,109.43927711303459
2025-08-11 21:00:00+00:00,bentre_bentrecity,101.14556117589385
2025-08-11 22:00:00+00:00,binhdinh_quynhon,34.666479894953085
2025-08-11 23:00:00+00:00,bacninh_bacninhcity,165.89617084387706
2025-08-12 00:00:00+00:00,binhduong_thudaumot,137.5127715246328
2025-08-12 01:00:00+00:00,angiang_longxuyen,97.95293924274414
2025-08-12 02:00:00+00:00,bentre_bentrecity,107.04127433202413
2025-08-12 03:00:00+00:00,binhdinh_quynhon,34.01938992780365
2025-08-12 04:00:00+00:00,bacgiang_bacgiangcity,166.4957909642486
2025-08-12 05:00:00+00:00,backan_backancity,109.14840517421938
2025-08-12 06:00:00+00:00,binhduong_thudaumot,140.5350502034381
2025-08-12 07:00:00+00:00,bacninh_bacninhcity,165.34041339561855
2025-08-12 08:00:00+00:00,binhduong_thudaumot,142.98608488489552
2025-08-12 09:00:00+00:00,bacgiang_bacgiangcity,165.76044196256595
2025-08-12 10:00:00+00:00,backan_backancity,108.36137398440654
2025-08-12 11:00:00+00:00,bentre_bentrecity,113.31439528509839
2025-08-12 12:00:00+00:00,angiang_longxuyen,99.85543425018261
2025-08-12 13:00:00+00:00,binhdinh_quynhon,33.756008996168056
2025-08-12 14:00:00+00:00,bacninh_bacninhcity,164.8261837243797
2025-08-12 15:00:00+00:00,bacninh_bacninhcity,164.37861292551338
2025-08-12 16:00:00+00:00,binhdinh_quynhon,33.826017728235975
2025-08-12 17:00:00+00:00,backan_backancity,107.0575268696569
2025-08-12 18:00:00+00:00,binhduong_thudaumot,144.75495375678915
2025-08-12 19:00:00+00:00,bacgiang_bacgiangcity,165.12329197738586
2025-08-12 20:00:00+00:00,angiang_longxuyen,101.10761853498843
2025-08-12 21:00:00+00:00,bentre_bentrecity,119.26184244973464
2025-08-12 22:00:00+00:00,bacninh_bacninhcity,164.11101488743344
2025-08-12 23:00:00+00:00,angiang_longxuyen,101.97756649553517
2025-08-13 00:00:00+00:00,binhdinh_quynhon,34.06291427838277
2025-08-13 01:00:00+00:00,bentre_bentrecity,124.30354806942316
2025-08-13 02:00:00+00:00,backan_backancity,105.30108416649796
2025-08-13 03:00:00+00:00,binhduong_thudaumot,146.02993990040127
2025-08-13 04:00:00+00:00,bacgiang_bacgiangcity,164.78503715472226
2025-08-13 05:00:00+00:00,binhduong_thudaumot,147.27376234215362
2025-08-13 06:00:00+00:00,binhdinh_quynhon,34.394173945949994
2025-08-13 07:00:00+00:00,bacninh_bacninhcity,163.67604775697987
2025-08-13 08:00:00+00:00,backan_backancity,103.28693158685265
2025-08-13 09:00:00+00:00,bacgiang_bacgiangcity,164.32723570327295
2025-08-13 10:00:00+00:00,bentre_bentrecity,128.48918584600452
2025-08-13 11:00:00+00:00,angiang_longxuyen,102.46892670322461
2025-08-13 12:00:00+00:00,angiang_longxuyen,102.6717677362874
2025-08-13 13:00:00+00:00,binhdinh_quynhon,34.83965763450825
2025-08-13 14:00:00+00:00,bacninh_bacninhcity,163.1785435587575
2025-08-13 15:00:00+00:00,backan_backancity,101.13746171072012
2025-08-13 16:00:00+00:00,binhduong_thudaumot,148.91380695108398
2025-08-13 17:00:00+00:00,bentre_bentrecity,132.11458698782155
2025-08-13 18:00:00+00:00,bacgiang_bacgiangcity,163.8045718191454
2025-08-13 19:00:00+00:00,backan_backancity,99.08969468282162
2025-08-13 20:00:00+00:00,bacninh_bacninhcity,162.66175979819187
2025-08-13 21:00:00+00:00,binhduong_thudaumot,151.06638962358346
2025-08-13 22:00:00+00:00,binhdinh_quynhon,35.41209766995499
2025-08-13 23:00:00+00:00,bentre_bentrecity,135.49946534445888
2025-08-14 00:00:00+00:00,bacgiang_bacgiangcity,163.21455812430128
2025-08-14 01:00:00+00:00,angiang_longxuyen,102.77096920902527
2025-08-14 02:00:00+00:00,binhdinh_quynhon,35.91078837609222
2025-08-14 03:00:00+00:00,bacninh_bacninhcity,161.99951683839498
2025-08-14 04:00:00+00:00,angiang_longxuyen,102.95640693473067
2025-08-14 05:00:00+00:00,bacgiang_bacgiangcity,162.46681035316308
2025-08-14 06:00:00+00:00,backan_backancity,97.80916509918113
2025-08-14 07:00:00+00:00,binhduong_thudaumot,152.32656109608212
2025-08-14 08:00:00+00:00,bentre_bentrecity,138.39287449192665
2025-08-14 09:00:00+00:00,bacgiang_bacgiangcity,161.99919281213715
2025-08-14 10:00:00+00:00,backan_backancity,96.8586492604518
2025-08-14 11:00:00+00:00,angiang_longxuyen,102.7719299707053
2025-08-14 12:00:00+00:00,bacninh_bacninhcity,161.60565339177057
2025-08-14 13:00:00+00:00,binhdinh_quynhon,36.0782670655825
2025-08-14 14:00:00+00:00,binhduong_thudaumot,152.7160978391456
2025-08-14 15:00:00+00:00,bentre_bentrecity,141.04928463976898
2025-08-14 16:00:00+00:00,binhduong_thudaumot,152.4432200790992
2025-08-14 17:00:00+00:00,angiang_longxuyen,102.35888762430673
2025-08-14 18:00:00+00:00,bentre_bentrecity,143.09093120477644
2025-08-14 19:00:00+00:00,bacninh_bacninhcity,161.34799057056796
2025-08-14 20:00:00+00:00,backan_backancity,96.13442466392557
2025-08-14 21:00:00+00:00,binhdinh_quynhon,35.756985500720845
2025-08-14 22:00:00+00:00,bacgiang_bacgiangcity,161.73789422571755
2025-08-14 23:00:00+00:00,binhdinh_quynhon,35.08119538428982
2025-08-15 00:00:00+00:00,bacninh_bacninhcity,161.19201004814002
2025-08-15 01:00:00+00:00,binhduong_thudaumot,151.6070369650228
2025-08-15 02:00:00+00:00,backan_backancity,95.38127059806395
2025-08-15 03:00:00+00:00,bacgiang_bacgiangcity,161.6418680911795
2025-08-15 04:00:00+00:00,bentre_bentrecity,144.2926445282818
2025-08-15 05:00:00+00:00,angiang_longxuyen,102.14048201377261
2025-08-15 06:00:00+00:00,backan_backancity,94.48182776023091
2025-08-15 07:00:00+00:00,binhdinh_quynhon,34.68924273956842
2025-08-15 08:00:00+00:00,bacninh_bacninhcity,161.12801962730282
2025-08-15 09:00:00+00:00,bacgiang_bacgiangcity,161.59790535213386
2025-08-15 10:00:00+00:00,bentre_bentrecity,144.86580885771673
2025-08-15 11:00:00+00:00,angiang_longxuyen,102.37334610479115
2025-08-15 12:00:00+00:00,binhduong_thudaumot,150.5626860406333
2025-08-15 13:00:00+00:00,backan_backancity,93.35505801722442
2025-08-15 14:00:00+00:00,bentre_bentrecity,145.75092470182346
2025-08-15 15:00:00+00:00,angiang_longxuyen,103.2486202469516
2025-08-15 16:00:00+00:00,bacgiang_bacgiangcity,161.4873790425562
2025-08-15 17:00:00+00:00,binhdinh_quynhon,35.23512691714594
2025-08-15 18:00:00+00:00,binhduong_thudaumot,149.9900935222417
2025-08-15 19:00:00+00:00,bacninh_bacninhcity,161.0694185255487
2025-08-15 20:00:00+00:00,bacgiang_bacgiangcity,161.2940401986327
2025-08-15 21:00:00+00:00,bentre_bentrecity,147.86101704871382
2025-08-15 22:00:00+00:00,bacninh_bacninhcity,160.98262713935998
2025-08-15 23:00:00+00:00,backan_backancity,92.2354216169831
2025-08-16 00:00:00+00:00,binhdinh_quynhon,37.26642846736169
2025-08-16 01:00:00+00:00,angiang_longxuyen,105.02421802442456
2025-08-16 02:00:00+00:00,binhduong_thudaumot,151.00201799538408
2025-08-16 03:00:00+00:00,binhduong_thudaumot,155.3649219604802
2025-08-16 04:00:00+00:00,binhdinh_quynhon,40.7354011681002
2025-08-16 05:00:00+00:00,bacninh_bacninhcity,160.83885478270648
2025-08-16 06:00:00+00:00,angiang_longxuyen,107.77050376427047
2025-08-16 07:00:00+00:00,bentre_bentrecity,152.46051259806697
2025-08-16 08:00:00+00:00,backan_backancity,91.31520789191136
2025-08-16 09:00:00+00:00,bacgiang_bacgiangcity,161.06897060689815
2025-08-16 10:00:00+00:00,binhduong_thudaumot,164.9656103171041
2025-08-16 11:00:00+00:00,bacgiang_bacgiangcity,160.8668354030919
2025-08-16 12:00:00+00:00,bentre_bentrecity,160.65534155854368
2025-08-16 13:00:00+00:00,bacninh_bacninhcity,160.64622117240305
2025-08-16 14:00:00+00:00,backan_backancity,90.71110262866893
2025-08-16 15:00:00+00:00,binhdinh_quynhon,44.52878133407041
2025-08-16 16:00:00+00:00,angiang_longxuyen,112.54740011598815
2025-08-16 17:00:00+00:00,bacninh_bacninhcity,160.52166643189642
2025-08-16 18:00:00+00:00,bacgiang_bacgiangcity,160.7759936886798
2025-08-16 19:00:00+00:00,backan_backancity,90.37497899341463
2025-08-16 20:00:00+00:00,binhduong_thudaumot,178.49865274868006
2025-08-16 21:00:00+00:00,angiang_longxuyen,118.88591719204771
2025-08-16 22:00:00+00:00,bentre_bentrecity,171.77797171819657
2025-08-16 23:00:00+00:00,binhdinh_quynhon,47.25750175342997
2025-08-17 00:00:00+00:00,angiang_longxuyen,123.35076077088797
2025-08-17 01:00:00+00:00,bacninh_bacninhcity,160.96398609934843
2025-08-17 02:00:00+00:00,bentre_bentrecity,181.93813429486042
2025-08-17 03:00:00+00:00,backan_backancity,90.06111786811279
2025-08-17 04:00:00+00:00,binhduong_thudaumot,189.31449675341892
2025-08-17 05:00:00+00:00,bacgiang_bacgiangcity,161.0939921051345
2025-08-17 06:00:00+00:00,binhdinh_quynhon,47.54261626980296
2025-08-17 07:00:00+00:00,bacgiang_bacgiangcity,161.8643121172069
2025-08-17 08:00:00+00:00,bentre_bentrecity,185.44844416893744
2025-08-17 09:00:00+00:00,angiang_longxuyen,121.14520933541088
2025-08-17 10:00:00+00:00,bacninh_bacninhcity,161.947348610878
2025-08-17 11:00:00+00:00,binhduong_thudaumot,189.8924357050654
2025-08-17 12:00:00+00:00,backan_backancity,89.57555260796528
2025-08-17 13:00:00+00:00,binhdinh_quynhon,45.36941027900848
2025-08-17 14:00:00+00:00,backan_backancity,89.87354835936159
2025-08-17 15:00:00+00:00,angiang_longxuyen,112.03412703697379
2025-08-17 16:00:00+00:00,bacninh_bacninhcity,162.63162535621
2025-08-17 17:00:00+00:00,bacgiang_bacgiangcity,162.38821492526162
2025-08-17 18:00:00+00:00,binhduong_thudaumot,177.18539338590313
2025-08-17 19:00:00+00:00,binhdinh_quynhon,42.02858519816533
2025-08-17 20:00:00+00:00,bentre_bentrecity,177.02404260476018
2025-08-17 21:00:00+00:00,binhdinh_quynhon,39.21123883218643
2025-08-17 22:00:00+00:00,bacninh_bacninhcity,162.67080394286006
2025-08-17 23:00:00+00:00,angiang_longxuyen,101.80490457719198
2025-08-18 00:00:00+00:00,backan_backancity,90.447058753605
2025-08-18 01:00:00+00:00,binhduong_thudaumot,158.0906737275066
2025-08-18 02:00:00+00:00,bentre_bentrecity,161.45520990627858
2025-08-18 03:00:00+00:00,bacgiang_bacgiangcity,162.46873068525016
2025-08-18 04:00:00+00:00,bacninh_bacninhcity,162.26788205629134
2025-08-18 05:00:00+00:00,backan_backancity,91.34467760355538
2025-08-18 06:00:00+00:00,binhdinh_quynhon,37.30058464701476
2025-08-18 07:00:00+00:00,angiang_longxuyen,94.57760610998352
2025-08-18 08:00:00+00:00,binhduong_thudaumot,143.6465981162864
2025-08-18 09:00:00+00:00,bentre_bentrecity,148.80177010733357
2025-08-18 10:00:00+00:00,bacgiang_bacgiangcity,162.28479336789692
2025-08-18 11:00:00+00:00,bacgiang_bacgiangcity,161.92526717442263
2025-08-18 12:00:00+00:00,bentre_bentrecity,142.5966815644088
2025-08-18 13:00:00+00:00,binhduong_thudaumot,136.700785547872
2025-08-18 14:00:00+00:00,backan_backancity,92.52385918940877
2025-08-18 15:00:00+00:00,angiang_longxuyen,90.15480315119231
2025-08-18 16:00:00+00:00,bacninh_bacninhcity,161.63062247399463
2025-08-18 17:00:00+00:00,binhdinh_quynhon,36.056643077961745
2025-08-18 18:00:00+00:00,backan_backancity,94.18103013472243
2025-08-18 19:00:00+00:00,bentre_bentrecity,139.9860305953065
2025-08-18 20:00:00+00:00,bacninh_bacninhcity,160.99671751648526
2025-08-18 21:00:00+00:00,angiang_longxuyen,87.47015864181404
2025-08-18 22:00:00+00:00,binhdinh_quynhon,35.20615039252676
2025-08-18 23:00:00+00:00,binhduong_thudaumot,133.61814744835448
2025-08-19 00:00:00+00:00,bacgiang_bacgiangcity,161.4974190914581
2025-08-19 01:00:00+00:00,backan_backancity,96.2238273205454
2025-08-19 02:00:00+00:00,bacninh_bacninhcity,160.46264123695187
2025-08-19 03:00:00+00:00,binhduong_thudaumot,131.58674821375214
2025-08-19 04:00:00+00:00,binhdinh_quynhon,34.59435546202496
2025-08-19 05:00:00+00:00,angiang_longxuyen,85.67078603330643
2025-08-19 06:00:00+00:00,bentre_bentrecity,138.35607845129033
2025-08-19 07:00:00+00:00,bacgiang_bacgiangcity,161.0528455354771
2025-08-19 08:00:00+00:00,backan_backancity,98.53528002260556
2025-08-19 09:00:00+00:00,bacninh_bacninhcity,159.97064548511327
2025-08-19 10:00:00+00:00,bentre_bentrecity,136.54401163762148
2025-08-19 11:00:00+00:00,bacgiang_bacgiangcity,160.59039335420897
2025-08-19 12:00:00+00:00,binhdinh_quynhon,34.13534367720065
2025-08-19 13:00:00+00:00,binhduong_thudaumot,129.34848918659833
2025-08-19 14:00:00+00:00,angiang_longxuyen,84.29436775825107
2025-08-19 15:00:00+00:00,angiang_longxuyen,82.9861856010294
2025-08-19 16:00:00+00:00,binhduong_thudaumot,126.41368091959573
2025-08-19 17:00:00+00:00,bacgiang_bacgiangcity,159.98424505775972
2025-08-19 18:00:00+00:00,binhdinh_quynhon,33.80465582067672
2025-08-19 19:00:00+00:00,backan_backancity,100.9734689838662
2025-08-19 20:00:00+00:00,bentre_bentrecity,134.07575353103067
2025-08-19 21:00:00+00:00,bacninh_bacninhcity,159.33458670600749
2025-08-19 22:00:00+00:00,backan_backancity,103.529731490385
2025-08-19 23:00:00+00:00,binhdinh_quynhon,33.55915351432829
2025-08-20 00:00:00+00:00,angiang_longxuyen,81.62493580517057
2025-08-20 01:00:00+00:00,bacgiang_bacgiangcity,159.23524883251034
2025-08-20 02:00:00+00:00,bentre_bentrecity,130.91068172198354
2025-08-20 03:00:00+00:00,bacninh_bacninhcity,158.57100929915396
2025-08-20 04:00:00+00:00,binhduong_thudaumot,122.88833241507996
2025-08-20 05:00:00+00:00,binhdinh_quynhon,33.410334925217654
2025-08-20 06:00:00+00:00,bacgiang_bacgiangcity,158.4923995759764
2025-08-20 07:00:00+00:00,bacninh_bacninhcity,157.87965639216114
2025-08-20 08:00:00+00:00,bentre_bentrecity,127.42338247730729
2025-08-20 09:00:00+00:00,binhduong_thudaumot,118.81144118620402
2025-08-20 10:00:00+00:00,backan_backancity,106.10900432848632
2025-08-20 11:00:00+00:00,angiang_longxuyen,80.29878686845925
2025-08-20 12:00:00+00:00,backan_backancity,108.78132392733548
2025-08-20 13:00:00+00:00,binhduong_thudaumot,114.38199747603599
2025-08-20 14:00:00+00:00,bacgiang_bacgiangcity,157.7378853741592
2025-08-20 15:00:00+00:00,binhdinh_quynhon,33.347988461129944
2025-08-20 16:00:00+00:00,bacninh_bacninhcity,157.33572113722286
2025-08-20 17:00:00+00:00,angiang_longxuyen,78.96512457289359
2025-08-20 18:00:00+00:00,bentre_bentrecity,124.00446468577158
2025-08-20 19:00:00+00:00,angiang_longxuyen,77.79236633109326
2025-08-20 20:00:00+00:00,binhdinh_quynhon,33.33866794112417
2025-08-20 21:00:00+00:00,backan_backancity,111.5475968456907
2025-08-20 22:00:00+00:00,bacninh_bacninhcity,156.97497984528155
2025-08-20 23:00:00+00:00,bentre_bentrecity,120.9110884513701
2025-08-21 00:00:00+00:00,binhduong_thudaumot,109.87951205272455
2025-08-21 01:00:00+00:00,bacgiang_bacgiangcity,157.06127566189943
2025-08-21 02:00:00+00:00,binhduong_thudaumot,107.32731565879646
2025-08-21 03:00:00+00:00,bacgiang_bacgiangcity,157.08310454847737
2025-08-21 04:00:00+00:00,backan_backancity,113.7862680533049
2025-08-21 05:00:00+00:00,binhdinh_quynhon,33.595473045761835
2025-08-21 06:00:00+00:00,angiang_longxuyen,77.19506442799309
2025-08-21 07:00:00+00:00,bacninh_bacninhcity,157.305415151928
2025-08-21 08:00:00+00:00,bentre_bentrecity,119.02785498827063
2025-08-21 09:00:00+00:00,bacninh_bacninhcity,157.34164891170508
2025-08-21 10:00:00+00:00,angiang_longxuyen,76.41574315708073
2025-08-21 11:00:00+00:00,bentre_bentrecity,117.14588903965048
2025-08-21 12:00:00+00:00,bacgiang_bacgiangcity,156.90448030873478
2025-08-21 13:00:00+00:00,binhduong_thudaumot,105.15666911805725
2025-08-21 14:00:00+00:00,backan_backancity,115.45216805157644
2025-08-21 15:00:00+00:00,binhdinh_quynhon,33.8007865659504
2025-08-21 16:00:00+00:00,backan_backancity,116.66242756763312
2025-08-21 17:00:00+00:00,binhduong_thudaumot,103.4351325009092
2025-08-21 18:00:00+00:00,bacninh_bacninhcity,157.09123379547628
2025-08-21 19:00:00+00:00,angiang_longxuyen,75.71282298919118
2025-08-21 20:00:00+00:00,bentre_bentrecity,115.35694602631804
2025-08-21 21:00:00+00:00,bacgiang_bacgiangcity,156.57870049699918
2025-08-21 22:00:00+00:00,binhdinh_quynhon,33.856528612488006
2025-08-21 23:00:00+00:00,angiang_longxuyen,75.21996952078761
2025-08-22 00:00:00+00:00,bacninh_bacninhcity,156.4732204198786
2025-08-22 01:00:00+00:00,binhduong_thudaumot,101.99007426647083
2025-08-22 02:00:00+00:00,binhdinh_quynhon,33.718774567065225
2025-08-22 03:00:00+00:00,backan_backancity,117.76342828859143
2025-08-22 04:00:00+00:00,bacgiang_bacgiangcity,155.88970154546794
2025-08-22 05:00:00+00:00,bentre_bentrecity,113.95635801322624
2025-08-22 06:00:00+00:00,binhdinh_quynhon,33.578142406057836
2025-08-22 07:00:00+00:00,bacgiang_bacgiangcity,155.136278549725
2025-08-22 08:00:00+00:00,bacninh_bacninhcity,155.80475424989385
2025-08-22 09:00:00+00:00,angiang_longxuyen,75.33946373356105
2025-08-22 10:00:00+00:00,binhduong_thudaumot,100.8001459090042
2025-08-22 11:00:00+00:00,backan_backancity,118.39302560290794
2025-08-22 12:00:00+00:00,bentre_bentrecity,113.00993687763979
2025-08-22 13:00:00+00:00,bacgiang_bacgiangcity,154.51435779866478
2025-08-22 14:00:00+00:00,bacninh_bacninhcity,155.24909686856793
2025-08-22 15:00:00+00:00,angiang_longxuyen,76.4071588437932
2025-08-22 16:00:00+00:00,binhduong_thudaumot,100.25255463720782
2025-08-22 17:00:00+00:00,backan_backancity,118.80424827978852
2025-08-22 18:00:00+00:00,bentre_bentrecity,112.93710006345356
2025-08-22 19:00:00+00:00,binhdinh_quynhon,33.55116245499818
2025-08-22 20:00:00+00:00,binhdinh_quynhon,33.685428453056836
2025-08-22 21:00:00+00:00,angiang_longxuyen,78.54762865235881
2025-08-22 22:00:00+00:00,bacninh_bacninhcity,154.86525917556935
2025-08-22 23:00:00+00:00,binhduong_thudaumot,100.7970709355552
2025-08-23 00:00:00+00:00,backan_backancity,119.18535557505535
2025-08-23 01:00:00+00:00,bentre_bentrecity,114.16100203798496
2025-08-23 02:00:00+00:00,bacgiang_bacgiangcity,154.15215362347104
2025-08-23 03:00:00+00:00,bacgiang_bacgiangcity,154.04828414745575
2025-08-23 04:00:00+00:00,binhdinh_quynhon,33.991371186681995
2025-08-23 05:00:00+00:00,bentre_bentrecity,116.39481642555012
2025-08-23 06:00:00+00:00,binhduong_thudaumot,102.61984074155431
2025-08-23 07:00:00+00:00,backan_backancity,119.7128727054129
2025-08-23 08:00:00+00:00,angiang_longxuyen,81.67714334469679
2025-08-23 09:00:00+00:00,bacninh_bacninhcity,154.7321034439531
2025-08-23 10:00:00+00:00,bacninh_bacninhcity,154.82260207173923
2025-08-23 11:00:00+00:00,binhdinh_quynhon,34.430531598119764
2025-08-23 12:00:00+00:00,backan_backancity,120.5150640355112
2025-08-23 13:00:00+00:00,bentre_bentrecity,119.2203932967335
2025-08-23 14:00:00+00:00,bacgiang_bacgiangcity,154.21155526068574
2025-08-23 15:00:00+00:00,binhduong_thudaumot,105.52327802519393
2025-08-23 16:00:00+00:00,angiang_longxuyen,85.19771484445499
2025-08-23 17:00:00+00:00,angiang_longxuyen,88.79194871059322
2025-08-23 18:00:00+00:00,bentre_bentrecity,121.73155629193985
2025-08-23 19:00:00+00:00,binhdinh_quynhon,34.88605533557995
2025-08-23 20:00:00+00:00,backan_backancity,121.5888679937226
2025-08-23 21:00:00+00:00,binhduong_thudaumot,107.96068811727176
2025-08-23 22:00:00+00:00,bacninh_bacninhcity,155.20688291829637
2025-08-23 23:00:00+00:00,bacgiang_bacgiangcity,154.61617828510825
2025-08-24 00:00:00+00:00,angiang_longxuyen,91.31364136790731
2025-08-24 01:00:00+00:00,bentre_bentrecity,122.87300549657354
2025-08-24 02:00:00+00:00,backan_backancity,123.00641854315927
2025-08-24 03:00:00+00:00,bacninh_bacninhcity,156.59507811829766
2025-08-24 04:00:00+00:00,binhdinh_quynhon,35.10506373025553
2025-08-24 05:00:00+00:00,bacgiang_bacgiangcity,155.9147230437043
2025-08-24 06:00:00+00:00,binhduong_thudaumot,108.88343151057359
2025-08-24 07:00:00+00:00,bacninh_bacninhcity,158.82729024366859
2025-08-24 08:00:00+00:00,binhduong_thudaumot,108.21923248049944
2025-08-24 09:00:00+00:00,bacgiang_bacgiangcity,158.07603536479817
2025-08-24 10:00:00+00:00,bentre_bentrecity,123.17013995758587
2025-08-24 11:00:00+00:00,backan_backancity,124.64539100638345
2025-08-24 12:00:00+00:00,binhdinh_quynhon,34.84914016764296
2025-08-24 13:00:00+00:00,angiang_longxuyen,91.19923508214625
2025-08-24 14:00:00+00:00,angiang_longxuyen,88.81567052997907
2025-08-24 15:00:00+00:00,binhdinh_quynhon,34.34018068818648
2025-08-24 16:00:00+00:00,bacgiang_bacgiangcity,160.73079679079902
2025-08-24 17:00:00+00:00,bacninh_bacninhcity,161.5259429323347
2025-08-24 18:00:00+00:00,bentre_bentrecity,122.791798798241
2025-08-24 19:00:00+00:00,backan_backancity,126.49171168409194
2025-08-24 20:00:00+00:00,binhduong_thudaumot,107.76890626716825
2025-08-24 21:00:00+00:00,backan_backancity,128.10352550530544
2025-08-24 22:00:00+00:00,binhdinh_quynhon,33.73221212658275
2025-08-24 23:00:00+00:00,bacninh_bacninhcity,163.82839727928285
2025-08-25 00:00:00+00:00,bentre_bentrecity,122.65532656257362
2025-08-25 01:00:00+00:00,bacgiang_bacgiangcity,163.21553973325894
2025-08-25 02:00:00+00:00,binhduong_thudaumot,108.44642849455127
2025-08-25 03:00:00+00:00,angiang_longxuyen,86.32172262099505
2025-08-25 04:00:00+00:00,binhduong_thudaumot,110.93447126324023
2025-08-25 05:00:00+00:00,bacgiang_bacgiangcity,165.38666814392946
2025-08-25 06:00:00+00:00,binhdinh_quynhon,33.15645082199285
2025-08-25 07:00:00+00:00,bacninh_bacninhcity,165.65043504801926
2025-08-25 08:00:00+00:00,backan_backancity,129.594725317119
2025-08-25 09:00:00+00:00,angiang_longxuyen,85.09860093028315
2025-08-25 10:00:00+00:00,bentre_bentrecity,122.64327802738211
2025-08-25 11:00:00+00:00,bacgiang_bacgiangcity,167.02194289574027
2025-08-25 12:00:00+00:00,binhdinh_quynhon,32.66208205432456
2025-08-25 13:00:00+00:00,backan_backancity,130.9571413692516
2025-08-25 14:00:00+00:00,bentre_bentrecity,122.60241974579236
2025-08-25 15:00:00+00:00,binhduong_thudaumot,114.95352737890549
2025-08-25 16:00:00+00:00,bacninh_bacninhcity,166.89178917210137
2025-08-25 17:00:00+00:00,angiang_longxuyen,85.22435885652672
2025-08-25 18:00:00+00:00,backan_backancity,132.01296901778926
2025-08-25 19:00:00+00:00,binhdinh_quynhon,32.17316455193571
2025-08-25 20:00:00+00:00,bentre_bentrecity,122.77749399197447
2025-08-25 21:00:00+00:00,binhduong_thudaumot,119.74434613825449
2025-08-25 22:00:00+00:00,bacninh_bacninhcity,167.80648194242275
2025-08-25 23:00:00+00:00,angiang_longxuyen,86.06439693005339
2025-08-26 00:00:00+00:00,bacgiang_bacgiangcity,168.2171947544564
2025-08-26 01:00:00+00:00,bacninh_bacninhcity,168.65554510024947
2025-08-26 02:00:00+00:00,bacgiang_bacgiangcity,169.2044789367246
2025-08-26 03:00:00+00:00,binhdinh_quynhon,31.686548588996146
2025-08-26 04:00:00+00:00,angiang_longxuyen,87.3749282776446
2025-08-26 05:00:00+00:00,backan_backancity,132.5834482178667
2025-08-26 06:00:00+00:00,bentre_bentrecity,122.96299425951273
2025-08-26 07:00:00+00:00,binhduong_thudaumot,125.04975433329045
2025-08-26 08:00:00+00:00,bacgiang_bacgiangcity,170.03097461870914
2025-08-26 09:00:00+00:00,backan_backancity,132.5770010483535
2025-08-26 10:00:00+00:00,bentre_bentrecity,123.3257011519154
2025-08-26 11:00:00+00:00,angiang_longxuyen,89.2283918283023
2025-08-26 12:00:00+00:00,bacninh_bacninhcity,169.48109729401256
2025-08-26 13:00:00+00:00,binhdinh_quynhon,31.215361994041587
2025-08-26 14:00:00+00:00,binhduong_thudaumot,130.52475215358487
2025-08-26 15:00:00+00:00,bacninh_bacninhcity,170.19440774506808
2025-08-26 16:00:00+00:00,backan_backancity,131.818107726963
2025-08-26 17:00:00+00:00,angiang_longxuyen,91.90511794600388
2025-08-26 18:00:00+00:00,bacgiang_bacgiangcity,170.6615726023514
2025-08-26 19:00:00+00:00,bentre_bentrecity,123.88300725508282
2025-08-26 20:00:00+00:00,binhduong_thudaumot,135.86962245824654
2025-08-26 21:00:00+00:00,binhdinh_quynhon,30.7339066257678
2025-08-26 22:00:00+00:00,binhduong_thudaumot,140.82602101791286
2025-08-26 23:00:00+00:00,binhdinh_quynhon,30.231055994290557
2025-08-27 00:00:00+00:00,bentre_bentrecity,124.74424045794777
2025-08-27 01:00:00+00:00,bacninh_bacninhcity,170.56890585769276
2025-08-27 02:00:00+00:00,bacgiang_bacgiangcity,170.87138436941393
2025-08-27 03:00:00+00:00,angiang_longxuyen,95.4647859834838
2025-08-27 04:00:00+00:00,backan_backancity,130.25815478483074
2025-08-27 05:00:00+00:00,bacninh_bacninhcity,170.47648689781954
2025-08-27 06:00:00+00:00,angiang_longxuyen,99.96213672231735
2025-08-27 07:00:00+00:00,bentre_bentrecity,126.09153925562312
2025-08-27 08:00:00+00:00,backan_backancity,127.84740419137371
2025-08-27 09:00:00+00:00,binhduong_thudaumot,144.9266590829078
2025-08-27 10:00:00+00:00,binhdinh_quynhon,29.778110171617257
2025-08-27 11:00:00+00:00,bacgiang_bacgiangcity,170.5423452347315
2025-08-27 12:00:00+00:00,bacgiang_bacgiangcity,169.89492647623217
2025-08-27 13:00:00+00:00,binhdinh_quynhon,29.386686452110908
2025-08-27 14:00:00+00:00,angiang_longxuyen,105.13720431276144
2025-08-27 15:00:00+00:00,backan_backancity,124.75092588206235
2025-08-27 16:00:00+00:00,binhduong_thudaumot,148.14867135913747
2025-08-27 17:00:00+00:00,bacninh_bacninhcity,169.99006153856106
2025-08-27 18:00:00+00:00,bentre_bentrecity,128.1778561758423
2025-08-27 19:00:00+00:00,angiang_longxuyen,112.88258741065904
2025-08-27 20:00:00+00:00,bacgiang_bacgiangcity,169.0839983499015
2025-08-27 21:00:00+00:00,backan_backancity,121.21995218640811
2025-08-27 22:00:00+00:00,bacninh_bacninhcity,169.10451683617185
2025-08-27 23:00:00+00:00,bentre_bentrecity,131.16025341692347
2025-08-28 00:00:00+00:00,binhdinh_quynhon,28.984622282107168
2025-08-28 01:00:00+00:00,binhduong_thudaumot,150.76090433879295
2025-08-28 02:00:00+00:00,bentre_bentrecity,134.0011774582544
2025-08-28 03:00:00+00:00,bacgiang_bacgiangcity,168.57309471289778
2025-08-28 04:00:00+00:00,angiang_longxuyen,119.37677885198379
2025-08-28 05:00:00+00:00,binhdinh_quynhon,28.643551290055328
2025-08-28 06:00:00+00:00,binhduong_thudaumot,152.11531980141135
2025-08-28 07:00:00+00:00,backan_backancity,117.53658250880363
2025-08-28 08:00:00+00:00,bacninh_bacninhcity,168.3616103985336
2025-08-28 09:00:00+00:00,angiang_longxuyen,125.34998848666669
2025-08-28 10:00:00+00:00,bentre_bentrecity,136.5204101368093
2025-08-28 11:00:00+00:00,binhduong_thudaumot,152.85440463524355
2025-08-28 12:00:00+00:00,bacgiang_bacgiangcity,167.80320832419986
2025-08-28 13:00:00+00:00,bacninh_bacninhcity,167.36125556883397
2025-08-28 14:00:00+00:00,backan_backancity,114.90485196384465
2025-08-28 15:00:00+00:00,binhdinh_quynhon,28.33739889238096
2025-08-28 16:00:00+00:00,bacgiang_bacgiangcity,167.0282185219405
2025-08-28 17:00:00+00:00,angiang_longxuyen,129.77453606477644
2025-08-28 18:00:00+00:00,binhdinh_quynhon,28.072421654916155
2025-08-28 19:00:00+00:00,binhduong_thudaumot,152.77113465206313
2025-08-28 20:00:00+00:00,bacninh_bacninhcity,166.54501912998464
2025-08-28 21:00:00+00:00,backan_backancity,113.88990403981083
2025-08-28 22:00:00+00:00,bentre_bentrecity,137.90777859334383
2025-08-28 23:00:00+00:00,bacninh_bacninhcity,166.12643915101359
2025-08-29 00:00:00+00:00,bentre_bentrecity,138.33899559637177
2025-08-29 01:00:00+00:00,bacgiang_bacgiangcity,166.538495718999
2025-08-29 02:00:00+00:00,binhdinh_quynhon,27.865893036260573
2025-08-29 03:00:00+00:00,binhduong_thudaumot,152.34668407971424
2025-08-29 04:00:00+00:00,backan_backancity,114.31853836295987
2025-08-29 05:00:00+00:00,angiang_longxuyen,132.85247578355487
2025-08-29 06:00:00+00:00,bacgiang_bacgiangcity,166.34784915207103
2025-08-29 07:00:00+00:00,binhduong_thudaumot,151.71527126533525
2025-08-29 08:00:00+00:00,bacninh_bacninhcity,166.03840884089772
2025-08-29 09:00:00+00:00,binhdinh_quynhon,27.76665999478803
2025-08-29 10:00:00+00:00,angiang_longxuyen,135.01567984618364
2025-08-29 11:00:00+00:00,bentre_bentrecity,138.48608922216846
2025-08-29 12:00:00+00:00,backan_backancity,116.12322643162416
2025-08-29 13:00:00+00:00,backan_backancity,118.61556731332192
2025-08-29 14:00:00+00:00,binhdinh_quynhon,27.803842007878558
2025-08-29 15:00:00+00:00,bacninh_bacninhcity,166.26779084091714
2025-08-29 16:00:00+00:00,bentre_bentrecity,138.46233523841138
2025-08-29 17:00:00+00:00,bacgiang_bacgiangcity,166.48296333651058
2025-08-29 18:00:00+00:00,angiang_longxuyen,136.64449789829723
2025-08-29 19:00:00+00:00,binhduong_thudaumot,151.0590656771372
2025-08-29 20:00:00+00:00,bacninh_bacninhcity,166.64655371090646
2025-08-29 21:00:00+00:00,bacgiang_bacgiangcity,166.75241499538922
2025-08-29 22:00:00+00:00,backan_backancity,121.42648795270173
2025-08-29 23:00:00+00:00,bentre_bentrecity,138.58297307327143
2025-08-30 00:00:00+00:00,angiang_longxuyen,138.02267449231073
2025-08-30 01:00:00+00:00,binhdinh_quynhon,27.943830881462233
2025-08-30 02:00:00+00:00,binhduong_thudaumot,150.45320328620966
2025-08-30 03:00:00+00:00,angiang_longxuyen,139.05598946356452
2025-08-30 04:00:00+00:00,bacninh_bacninhcity,167.12601250562074
2025-08-30 05:00:00+00:00,bacgiang_bacgiangcity,167.13758214906346
2025-08-30 06:00:00+00:00,binhduong_thudaumot,149.84161325466502
2025-08-30 07:00:00+00:00,binhdinh_quynhon,28.155901302145793
2025-08-30 08:00:00+00:00,backan_backancity,124.44906444975874
2025-08-30 09:00:00+00:00,bentre_bentrecity,138.7329781702969
2025-08-30 10:00:00+00:00,bacgiang_bacgiangcity,167.54653187704696
2025-08-30 11:00:00+00:00,binhduong_thudaumot,149.31532790059657
2025-08-30 12:00:00+00:00,bacninh_bacninhcity,167.60003909542365
2025-08-30 13:00:00+00:00,backan_backancity,127.53121412734343
2025-08-30 14:00:00+00:00,bentre_bentrecity,138.88877285413577
2025-08-30 15:00:00+00:00,angiang_longxuyen,139.755252423323
2025-08-30 16:00:00+00:00,binhdinh_quynhon,28.42948429581226
2025-08-30 17:00:00+00:00,binhdinh_quynhon,28.681876925232444
2025-08-30 18:00:00+00:00,binhduong_thudaumot,148.7759337783605
2025-08-30 19:00:00+00:00,bacgiang_bacgiangcity,167.95785938595213
2025-08-30 20:00:00+00:00,bacninh_bacninhcity,168.03259508931131
2025-08-30 21:00:00+00:00,backan_backancity,130.45683767946304
2025-08-30 22:00:00+00:00,bentre_bentrecity,139.3432482713499
2025-08-30 23:00:00+00:00,angiang_longxuyen,140.1674662393453
2025-08-31 00:00:00+00:00,bacgiang_bacgiangcity,168.38060405535518
2025-08-31 01:00:00+00:00,binhdinh_quynhon,28.833797589252967
2025-08-31 02:00:00+00:00,angiang_longxuyen,140.12458517618987
2025-08-31 03:00:00+00:00,bacninh_bacninhcity,168.45112741736207
2025-08-31 04:00:00+00:00,bentre_bentrecity,139.9094460362406
2025-08-31 05:00:00+00:00,binhduong_thudaumot,148.00990711420485
2025-08-31 06:00:00+00:00,backan_backancity,132.98496201974126
2025-08-31 07:00:00+00:00,bacninh_bacninhcity,168.7457482923299
2025-08-31 08:00:00+00:00,binhdinh_quynhon,28.910696644392644
2025-08-31 09:00:00+00:00,backan_backancity,135.11270903259347
2025-08-31 10:00:00+00:00,bacgiang_bacgiangcity,168.70004629469423
2025-08-31 11:00:00+00:00,binhduong_thudaumot,146.41221464321484
2025-08-31 12:00:00+00:00,angiang_longxuyen,139.84497434110864
2025-08-31 13:00:00+00:00,bentre_bentrecity,140.07774432155963
2025-08-31 14:00:00+00:00,binhduong_thudaumot,143.91066522117396
2025-08-31 15:00:00+00:00,backan_backancity,137.06618233472418
2025-08-31 16:00:00+00:00,binhdinh_quynhon,28.808256695985605
2025-08-31 17:00:00+00:00,angiang_longxuyen,138.76410375142046
2025-08-31 18:00:00+00:00,bacninh_bacninhcity,168.6909449689217
2025-08-31 19:00:00+00:00,bacgiang_bacgiangcity,168.68787624965603
2025-08-31 20:00:00+00:00,bentre_bentrecity,139.51442943734554
2025-08-31 21:00:00+00:00,backan_backancity,138.65481636576993
2025-08-31 22:00:00+00:00,bacninh_bacninhcity,168.28646489726003
2025-08-31 23:00:00+00:00,bacgiang_bacgiangcity,168.34595707122327
2025-09-01 00:00:00+00:00,binhduong_thudaumot,140.90996287906916
2025-09-01 01:00:00+00:00,bentre_bentrecity,138.8116736651309
2025-09-01 02:00:00+00:00,binhdinh_quynhon,28.65291469588935
2025-09-01 03:00:00+00:00,angiang_longxuyen,137.4448808759711
2025-09-01 04:00:00+00:00,bacninh_bacninhcity,167.5527979730631
2025-09-01 05:00:00+00:00,backan_backancity,139.89798122482247
2025-09-01 06:00:00+00:00,bentre_bentrecity,137.9485201301789
2025-09-01 07:00:00+00:00,angiang_longxuyen,136.1646126278465
2025-09-01 08:00:00+00:00,binhdinh_quynhon,28.479222326395217
2025-09-01 09:00:00+00:00,binhduong_thudaumot,137.2296797898255
2025-09-01 10:00:00+00:00,bacgiang_bacgiangcity,167.64749941201748
2025-09-01 11:00:00+00:00,bentre_bentrecity,136.83821318449088
2025-09-01 12:00:00+00:00,binhdinh_quynhon,28.31350195586309
2025-09-01 13:00:00+00:00,bacninh_bacninhcity,166.47962777209136
2025-09-01 14:00:00+00:00,backan_backancity,140.89819310176125
2025-09-01 15:00:00+00:00,bacgiang_bacgiangcity,166.62341918911295
2025-09-01 16:00:00+00:00,angiang_longxuyen,135.1224036123234
2025-09-01 17:00:00+00:00,binhduong_thudaumot,132.69946391346005
2025-09-01 18:00:00+00:00,bacgiang_bacgiangcity,165.3591545025627
2025-09-01 19:00:00+00:00,angiang_longxuyen,133.87931022965128
2025-09-01 20:00:00+00:00,bacninh_bacninhcity,165.13378947512243
2025-09-01 21:00:00+00:00,binhduong_thudaumot,127.35052422020692
2025-09-01 22:00:00+00:00,bentre_bentrecity,135.2658972110933
2025-09-01 23:00:00+00:00,binhdinh_quynhon,28.184353666641954
2025-09-02 00:00:00+00:00,backan_backancity,141.73546742191198
2025-09-02 01:00:00+00:00,bacninh_bacninhcity,163.5941548853954
2025-09-02 02:00:00+00:00,bacgiang_bacgiangcity,163.95209430322456
2025-09-02 03:00:00+00:00,bentre_bentrecity,133.09896922904503
2025-09-02 04:00:00+00:00,angiang_longxuyen,131.86061234784825
2025-09-02 05:00:00+00:00,backan_backancity,142.51834821656888
2025-09-02 06:00:00+00:00,binhduong_thudaumot,121.1230778654892
2025-09-02 07:00:00+00:00,binhdinh_quynhon,28.162110217057617
2025-09-02 08:00:00+00:00,binhduong_thudaumot,114.33447759579184
2025-09-02 09:00:00+00:00,angiang_longxuyen,128.9954554310115
2025-09-02 10:00:00+00:00,bacninh_bacninhcity,161.75510573812085
2025-09-02 11:00:00+00:00,bentre_bentrecity,130.32687694205123
2025-09-02 12:00:00+00:00,backan_backancity,143.31232214546577
2025-09-02 13:00:00+00:00,binhdinh_quynhon,28.28527831578424
2025-09-02 14:00:00+00:00,bacgiang_bacgiangcity,162.25991005732936
2025-09-02 15:00:00+00:00,backan_backancity,144.10799721221647
2025-09-02 16:00:00+00:00,bacninh_bacninhcity,159.54599954399123
2025-09-02 17:00:00+00:00,bentre_bentrecity,127.01487590288238
2025-09-02 18:00:00+00:00,bacgiang_bacgiangcity,160.1744055853009
2025-09-02 19:00:00+00:00,binhdinh_quynhon,28.509571197518326
2025-09-02 20:00:00+00:00,angiang_longxuyen,125.36380725354641
2025-09-02 21:00:00+00:00,binhduong_thudaumot,107.29540622003435
2025-09-02 22:00:00+00:00,angiang_longxuyen,121.0117557855429
2025-09-02 23:00:00+00:00,binhduong_thudaumot,100.34349760982553
2025-09-03 00:00:00+00:00,binhdinh_quynhon,28.842412875638672
2025-09-03 01:00:00+00:00,bentre_bentrecity,123.21999949801554
2025-09-03 02:00:00+00:00,bacgiang_bacgiangcity,157.82888910170024
2025-09-03 03:00:00+00:00,backan_backancity,144.90455382099228
2025-09-03 04:00:00+00:00,bacninh_bacninhcity,157.14783355857884
2025-09-03 05:00:00+00:00,binhdinh_quynhon,29.13465120459277
2025-09-03 06:00:00+00:00,backan_backancity,145.7812211569343
2025-09-03 07:00:00+00:00,binhduong_thudaumot,94.10541348497466
2025-09-03 08:00:00+00:00,bentre_bentrecity,119.00961183344339
2025-09-03 09:00:00+00:00,bacgiang_bacgiangcity,155.83681378905482
2025-09-03 10:00:00+00:00,angiang_longxuyen,115.92647339926297
2025-09-03 11:00:00+00:00,bacninh_bacninhcity,155.1801459869301
2025-09-03 12:00:00+00:00,bacgiang_bacgiangcity,154.694478277304
2025-09-03 13:00:00+00:00,binhduong_thudaumot,88.63904882016104
2025-09-03 14:00:00+00:00,binhdinh_quynhon,29.398003545676204
2025-09-03 15:00:00+00:00,angiang_longxuyen,110.08415846002929
2025-09-03 16:00:00+00:00,bentre_bentrecity,114.26243893452019
2025-09-03 17:00:00+00:00,bacninh_bacninhcity,154.04525354892627
2025-09-03 18:00:00+00:00,backan_backancity,146.71830509469285
2025-09-03 19:00:00+00:00,bacgiang_bacgiangcity,154.4734542487008
2025-09-03 20:00:00+00:00,angiang_longxuyen,101.24414616485063
2025-09-03 21:00:00+00:00,binhduong_thudaumot,83.6508933046775
2025-09-03 22:00:00+00:00,bacninh_bacninhcity,153.7939235350282
2025-09-03 23:00:00+00:00,binhdinh_quynhon,29.624617027227657
2025-09-04 00:00:00+00:00,bentre_bentrecity,109.16501628502722
2025-09-04 01:00:00+00:00,backan_backancity,147.6440814690702
2025-09-04 02:00:00+00:00,backan_backancity,148.43442439784215
2025-09-04 03:00:00+00:00,bacgiang_bacgiangcity,154.8259566965266
2025-09-04 04:00:00+00:00,bentre_bentrecity,103.9118912753534
2025-09-04 05:00:00+00:00,angiang_longxuyen,94.15424376552639
2025-09-04 06:00:00+00:00,binhdinh_quynhon,29.943644703560324
2025-09-04 07:00:00+00:00,binhduong_thudaumot,79.76092829712903
2025-09-04 08:00:00+00:00,bacninh_bacninhcity,154.11806415510634
2025-09-04 09:00:00+00:00,bentre_bentrecity,98.96569090608067
2025-09-04 10:00:00+00:00,backan_backancity,148.9671426261477
2025-09-04 11:00:00+00:00,bacgiang_bacgiangcity,155.51196793535658
2025-09-04 12:00:00+00:00,angiang_longxuyen,88.31228382564875
2025-09-04 13:00:00+00:00,binhduong_thudaumot,76.27200415607142
2025-09-04 14:00:00+00:00,binhdinh_quynhon,30.22159252152396
2025-09-04 15:00:00+00:00,bacninh_bacninhcity,154.74231027107598
2025-09-04 16:00:00+00:00,bacgiang_bacgiangcity,156.15862427913152
2025-09-04 17:00:00+00:00,bentre_bentrecity,94.61323470307308
2025-09-04 18:00:00+00:00,binhduong_thudaumot,73.05996760000131
2025-09-04 19:00:00+00:00,angiang_longxuyen,83.68449792492838
2025-09-04 20:00:00+00:00,binhdinh_quynhon,30.634811771964067
2025-09-04 21:00:00+00:00,backan_backancity,149.35723211988636
2025-09-04 22:00:00+00:00,bacninh_bacninhcity,155.38454937454142
2025-09-04 23:00:00+00:00,angiang_longxuyen,79.87147009325581
2025-09-05 00:00:00+00:00,binhdinh_quynhon,31.311254706002856
2025-09-05 01:00:00+00:00,bentre_bentrecity,90.82632851025872
2025-09-05 02:00:00+00:00,bacninh_bacninhcity,155.93234435402198
2025-09-05 03:00:00+00:00,binhduong_thudaumot,70.07254556937716
2025-09-05 04:00:00+00:00,backan_backancity,149.64659709834785
2025-09-05 05:00:00+00:00,bacgiang_bacgiangcity,156.61624942217583
2025-09-05 06:00:00+00:00,binhdinh_quynhon,32.38696470102525
2025-09-05 07:00:00+00:00,angiang_longxuyen,76.54820080271494
2025-09-05 08:00:00+00:00,backan_backancity,149.86005416081142
2025-09-05 09:00:00+00:00,binhduong_thudaumot,67.27422621586403
2025-09-05 10:00:00+00:00,bentre_bentrecity,87.28303109534839
2025-09-05 11:00:00+00:00,bacgiang_bacgiangcity,156.90247897008325
2025-09-05 12:00:00+00:00,bacninh_bacninhcity,156.3568854631194
2025-09-05 13:00:00+00:00,binhdinh_quynhon,33.95983580764405
2025-09-05 14:00:00+00:00,bentre_bentrecity,83.87041037292701
2025-09-05 15:00:00+00:00,bacgiang_bacgiangcity,157.12211635690647
2025-09-05 16:00:00+00:00,binhduong_thudaumot,64.65294670899435
2025-09-05 17:00:00+00:00,bacninh_bacninhcity,156.73369941046946
2025-09-05 18:00:00+00:00,angiang_longxuyen,73.69827073745205
2025-09-05 19:00:00+00:00,backan_backancity,150.03723934276172
2025-09-05 20:00:00+00:00,angiang_longxuyen,71.21234605216932
2025-09-05 21:00:00+00:00,bacgiang_bacgiangcity,157.3343059048907
2025-09-05 22:00:00+00:00,bentre_bentrecity,80.58140447660983
2025-09-05 23:00:00+00:00,backan_backancity,150.14489706693885
2025-09-06 02:00:00+00:00,binhdinh_quynhon,36.126151475366775
2025-09-06 03:00:00+00:00,bacninh_bacninhcity,157.1408765242187
2025-09-06 04:00:00+00:00,binhduong_thudaumot,62.21660995389572
2025-09-06 05:00:00+00:00,angiang_longxuyen,69.02746558590748
2025-09-06 06:00:00+00:00,bacgiang_bacgiangcity,157.68511674504674
2025-09-06 07:00:00+00:00,binhduong_thudaumot,60.1096935408417
2025-09-06 08:00:00+00:00,bentre_bentrecity,77.58567093421672
2025-09-06 09:00:00+00:00,binhdinh_quynhon,38.74992074282082
2025-09-06 10:00:00+00:00,bacninh_bacninhcity,157.6986496064048
2025-09-06 11:00:00+00:00,backan_backancity,150.2355529427619
2025-09-06 12:00:00+00:00,bentre_bentrecity,75.06635248400531
2025-09-06 13:00:00+00:00,binhdinh_quynhon,41.47118379315736
2025-09-06 14:00:00+00:00,bacninh_bacninhcity,158.39546807395317
2025-09-06 15:00:00+00:00,binhduong_thudaumot,58.27313415415153
2025-09-06 16:00:00+00:00,backan_backancity,150.34327261313538
2025-09-06 17:00:00+00:00,angiang_longxuyen,67.0089678379696
2025-09-06 18:00:00+00:00,bacgiang_bacgiangcity,158.2128792776437
2025-09-06 19:00:00+00:00,angiang_longxuyen,65.11774569808605
2025-09-06 20:00:00+00:00,binhduong_thudaumot,56.8955770221016
2025-09-06 21:00:00+00:00,backan_backancity,150.51455384606362
2025-09-06 22:00:00+00:00,bacgiang_bacgiangcity,158.85413200705946
2025-09-06 23:00:00+00:00,bacninh_bacninhcity,159.16268601111568
2025-09-07 00:00:00+00:00,binhdinh_quynhon,43.625005389584
2025-09-07 01:00:00+00:00,bentre_bentrecity,72.9427129804808
2025-09-07 02:00:00+00:00,bacninh_bacninhcity,160.4781039605811
2025-09-07 03:00:00+00:00,binhdinh_quynhon,44.81933282044677
2025-09-07 04:00:00+00:00,binhduong_thudaumot,55.842701348074954
2025-09-07 05:00:00+00:00,bentre_bentrecity,70.94964891123966
2025-09-07 06:00:00+00:00,angiang_longxuyen,63.30755156558399
2025-09-07 07:00:00+00:00,backan_backancity,150.92426122367945
2025-09-07 08:00:00+00:00,bacgiang_bacgiangcity,160.1221849417716
2025-09-07 09:00:00+00:00,binhdinh_quynhon,44.995402970862614
2025-09-07 10:00:00+00:00,bacgiang_bacgiangcity,161.7106188389522
2025-09-07 11:00:00+00:00,binhduong_thudaumot,55.389226600186596
2025-09-07 12:00:00+00:00,bentre_bentrecity,68.8845985967392
2025-09-07 13:00:00+00:00,bacninh_bacninhcity,161.9778833205902
2025-09-07 14:00:00+00:00,angiang_longxuyen,61.730556271815395
2025-09-07 15:00:00+00:00,backan_backancity,151.4967584402305
2025-09-07 16:00:00+00:00,backan_backancity,151.1061924372891
2025-09-07 17:00:00+00:00,bacninh_bacninhcity,162.77898582716023
2025-09-07 18:00:00+00:00,binhdinh_quynhon,44.492009118894245
2025-09-07 19:00:00+00:00,binhduong_thudaumot,55.33708696322177
2025-09-07 20:00:00+00:00,bentre_bentrecity,67.00762408201786
2025-09-07 21:00:00+00:00,bacgiang_bacgiangcity,162.7313396719773
2025-09-07 22:00:00+00:00,angiang_longxuyen,60.42336763628146
2025-09-07 23:00:00+00:00,angiang_longxuyen,59.43613110493352
2025-09-08 00:00:00+00:00,binhdinh_quynhon,43.90911923663122
2025-09-08 01:00:00+00:00,bentre_bentrecity,65.04267882083094
2025-09-08 02:00:00+00:00,backan_backancity,150.46171374057076
2025-09-08 03:00:00+00:00,bacninh_bacninhcity,163.4328612853568
2025-09-08 04:00:00+00:00,bacgiang_bacgiangcity,163.44761877536592
2025-09-08 05:00:00+00:00,binhduong_thudaumot,55.50733893627205
2025-09-08 06:00:00+00:00,backan_backancity,149.6827069657322
2025-09-08 07:00:00+00:00,bentre_bentrecity,63.1055283414404
2025-09-08 08:00:00+00:00,binhduong_thudaumot,56.12142111094705
2025-09-08 09:00:00+00:00,bacgiang_bacgiangcity,163.87587189115277
2025-09-08 10:00:00+00:00,binhdinh_quynhon,43.51080519405311
2025-09-08 11:00:00+00:00,bacninh_bacninhcity,163.80220833349978
2025-09-08 12:00:00+00:00,angiang_longxuyen,58.917126811483094
2025-09-08 13:00:00+00:00,backan_backancity,148.7982534694173
2025-09-08 14:00:00+00:00,binhdinh_quynhon,43.454348383711384
2025-09-08 15:00:00+00:00,bentre_bentrecity,61.29410719774126
2025-09-08 16:00:00+00:00,bacninh_bacninhcity,164.09309814141008
2025-09-08 17:00:00+00:00,bacgiang_bacgiangcity,164.21152020847734
2025-09-08 18:00:00+00:00,angiang_longxuyen,58.6781860368565
2025-09-08 19:00:00+00:00,binhduong_thudaumot,57.16547183453878
2025-09-08 20:00:00+00:00,angiang_longxuyen,58.55421263757723
2025-09-08 21:00:00+00:00,bentre_bentrecity,59.909681185533714
2025-09-08 22:00:00+00:00,bacgiang_bacgiangcity,164.47800321502282
2025-09-08 23:00:00+00:00,binhduong_thudaumot,58.35195830647031
2025-09-09 00:00:00+00:00,backan_backancity,148.01311402113936
2025-09-09 01:00:00+00:00,binhdinh_quynhon,43.72935137480203
2025-09-09 02:00:00+00:00,bacninh_bacninhcity,164.29185489496882
2025-09-09 03:00:00+00:00,backan_backancity,147.39170313492608
2025-09-09 04:00:00+00:00,angiang_longxuyen,58.65511346125938
2025-09-09 05:00:00+00:00,binhdinh_quynhon,44.13433654621863
2025-09-09 06:00:00+00:00,bacninh_bacninhcity,164.40375355105044
2025-09-09 07:00:00+00:00,binhduong_thudaumot,59.43253346045277
2025-09-09 08:00:00+00:00,bentre_bentrecity,59.072897669861824
2025-09-09 09:00:00+00:00,bacgiang_bacgiangcity,164.7677779913987
2025-09-09 10:00:00+00:00,bentre_bentrecity,58.803798627793235
2025-09-09 11:00:00+00:00,bacninh_bacninhcity,164.39486188932713
2025-09-09 12:00:00+00:00,backan_backancity,147.0122540916848
2025-09-09 13:00:00+00:00,angiang_longxuyen,59.172716817653736
2025-09-09 14:00:00+00:00,binhdinh_quynhon,44.473734990968815
2025-09-09 15:00:00+00:00,binhduong_thudaumot,60.30052832890473
2025-09-09 16:00:00+00:00,bacgiang_bacgiangcity,165.0548366653189
2025-09-09 17:00:00+00:00,bentre_bentrecity,59.15097370273229
2025-09-09 18:00:00+00:00,backan_backancity,146.87278461313213
2025-09-09 19:00:00+00:00,bacgiang_bacgiangcity,165.35337444593335
2025-09-09 20:00:00+00:00,binhdinh_quynhon,44.72573211775073
2025-09-09 21:00:00+00:00,bacninh_bacninhcity,164.45068017733718
2025-09-09 22:00:00+00:00,angiang_longxuyen,60.379531172174545
2025-09-09 23:00:00+00:00,binhduong_thudaumot,61.019066085914396
2025-09-10 00:00:00+00:00,bacninh_bacninhcity,164.56456587679423
2025-09-10 01:00:00+00:00,backan_backancity,146.9479634700499
2025-09-10 02:00:00+00:00,bentre_bentrecity,60.11066085452328
2025-09-10 03:00:00+00:00,binhdinh_quynhon,44.93367120364645
2025-09-10 04:00:00+00:00,binhduong_thudaumot,61.78797086565465
2025-09-10 05:00:00+00:00,angiang_longxuyen,62.16514219490677
2025-09-10 06:00:00+00:00,bacgiang_bacgiangcity,165.6426965385666
2025-09-10 07:00:00+00:00,bacgiang_bacgiangcity,165.91715630916613
2025-09-10 08:00:00+00:00,binhdinh_quynhon,45.057077556974455
2025-09-10 09:00:00+00:00,angiang_longxuyen,64.15396056715142
2025-09-10 10:00:00+00:00,bacninh_bacninhcity,164.70646555228097
2025-09-10 11:00:00+00:00,backan_backancity,147.1783461393951
2025-09-10 12:00:00+00:00,bentre_bentrecity,61.41728006155992
2025-09-10 13:00:00+00:00,binhduong_thudaumot,62.64948520894922
2025-09-10 14:00:00+00:00,binhdinh_quynhon,45.19626589509751
2025-09-10 15:00:00+00:00,angiang_longxuyen,66.1597021637317
2025-09-10 16:00:00+00:00,bacninh_bacninhcity,164.92427314376562
2025-09-10 17:00:00+00:00,backan_backancity,147.6478458917719
2025-09-10 18:00:00+00:00,bentre_bentrecity,62.95948303588978
2025-09-10 19:00:00+00:00,bacgiang_bacgiangcity,166.19232131338572
2025-09-10 20:00:00+00:00,binhduong_thudaumot,63.692811638552776
2025-09-10 21:00:00+00:00,bacgiang_bacgiangcity,166.37697339454309
2025-09-10 22:00:00+00:00,binhdinh_quynhon,45.339861943346
2025-09-10 23:00:00+00:00,bacninh_bacninhcity,165.06992294667793
2025-09-11 00:00:00+00:00,angiang_longxuyen,68.03448711866642
2025-09-11 01:00:00+00:00,backan_backancity,148.26458222270622
2025-09-11 02:00:00+00:00,bentre_bentrecity,64.6759025398368
2025-09-11 03:00:00+00:00,binhduong_thudaumot,64.99035096273104
2025-09-11 04:00:00+00:00,backan_backancity,148.75904152712303
2025-09-11 05:00:00+00:00,bacgiang_bacgiangcity,166.5070365814335
2025-09-11 06:00:00+00:00,bentre_bentrecity,67.3137907749683
2025-09-11 07:00:00+00:00,binhduong_thudaumot,67.08175700123556
2025-09-11 08:00:00+00:00,bacninh_bacninhcity,165.16144130415796
2025-09-11 09:00:00+00:00,angiang_longxuyen,70.52892225831025
2025-09-11 10:00:00+00:00,binhdinh_quynhon,45.48655530141236
2025-09-11 11:00:00+00:00,bacgiang_bacgiangcity,166.4405873731101
2025-09-11 12:00:00+00:00,bentre_bentrecity,69.71572594817445
2025-09-11 13:00:00+00:00,angiang_longxuyen,72.55887528748222
2025-09-11 14:00:00+00:00,binhduong_thudaumot,69.12921459597052
2025-09-11 15:00:00+00:00,bacninh_bacninhcity,165.13360363653337
2025-09-11 16:00:00+00:00,binhdinh_quynhon,45.56211060060028
2025-09-11 17:00:00+00:00,backan_backancity,149.2400394465622
2025-09-11 18:00:00+00:00,bacgiang_bacgiangcity,166.26418843134437
2025-09-11 19:00:00+00:00,bacninh_bacninhcity,165.03642434972468
2025-09-11 20:00:00+00:00,backan_backancity,149.71150718194636
2025-09-11 21:00:00+00:00,binhduong_thudaumot,70.89752356955093
2025-09-11 22:00:00+00:00,angiang_longxuyen,73.82739996630508
2025-09-11 23:00:00+00:00,bentre_bentrecity,71.34788671234533
2025-09-12 00:00:00+00:00,binhdinh_quynhon,45.58363928638049
2025-09-12 01:00:00+00:00,binhdinh_quynhon,45.691578150987255
2025-09-12 02:00:00+00:00,bacninh_bacninhcity,164.8746828310355
2025-09-12 03:00:00+00:00,backan_backancity,150.2090876216412
2025-09-12 04:00:00+00:00,angiang_longxuyen,74.80992858672985
2025-09-12 05:00:00+00:00,bacgiang_bacgiangcity,166.00331870320724
2025-09-12 06:00:00+00:00,bentre_bentrecity,72.26235790588744
2025-09-12 07:00:00+00:00,binhduong_thudaumot,72.0864283256864
2025-09-12 08:00:00+00:00,binhdinh_quynhon,46.053829977101294
2025-09-12 09:00:00+00:00,backan_backancity,150.6136058140391
2025-09-12 10:00:00+00:00,bentre_bentrecity,72.78827396532375
2025-09-12 11:00:00+00:00,angiang_longxuyen,75.61671584808867
2025-09-12 12:00:00+00:00,binhduong_thudaumot,72.81908743291953
2025-09-12 13:00:00+00:00,bacgiang_bacgiangcity,165.76078504919195
2025-09-12 14:00:00+00:00,bacninh_bacninhcity,164.72495887443966
2025-09-12 15:00:00+00:00,backan_backancity,150.76540735075892
2025-09-12 16:00:00+00:00,binhdinh_quynhon,46.72643224696593
2025-09-12 17:00:00+00:00,bentre_bentrecity,73.398584569659
2025-09-12 18:00:00+00:00,bacninh_bacninhcity,164.6070228467592
2025-09-12 19:00:00+00:00,binhduong_thudaumot,73.23716707722768
2025-09-12 20:00:00+00:00,bacgiang_bacgiangcity,165.5763664575439
2025-09-12 21:00:00+00:00,angiang_longxuyen,76.43798422411905
2025-09-12 22:00:00+00:00,backan_backancity,150.6061007940958
2025-09-12 23:00:00+00:00,binhduong_thudaumot,73.7133236631669
2025-09-13 00:00:00+00:00,bentre_bentrecity,74.94627931255054
2025-09-13 01:00:00+00:00,binhdinh_quynhon,47.521459261200896
2025-09-13 02:00:00+00:00,bacninh_bacninhcity,164.55090912304345
2025-09-13 03:00:00+00:00,angiang_longxuyen,77.27516324242922
2025-09-13 04:00:00+00:00,bacgiang_bacgiangcity,165.47132000379784
2025-09-13 05:00:00+00:00,bentre_bentrecity,78.56451613850425
2025-09-13 06:00:00+00:00,binhduong_thudaumot,74.70797467770961
2025-09-13 07:00:00+00:00,backan_backancity,150.18967940181324
2025-09-13 08:00:00+00:00,binhdinh_quynhon,48.13217251581246
2025-09-13 09:00:00+00:00,bacgiang_bacgiangcity,165.49250083786006
2025-09-13 10:00:00+00:00,angiang_longxuyen,78.08902190035684
2025-09-13 11:00:00+00:00,bacninh_bacninhcity,164.6019432586579
2025-09-13 12:00:00+00:00,bacgiang_bacgiangcity,165.54215309678654
2025-09-13 13:00:00+00:00,bacninh_bacninhcity,164.65518363188107
2025-09-13 14:00:00+00:00,backan_backancity,149.61388950667117
2025-09-13 15:00:00+00:00,binhduong_thudaumot,76.4841651135035
2025-09-13 16:00:00+00:00,bentre_bentrecity,84.99781685135567
2025-09-13 17:00:00+00:00,binhdinh_quynhon,48.196834814625525
2025-09-13 18:00:00+00:00,angiang_longxuyen,78.79129639827667
2025-09-13 19:00:00+00:00,binhdinh_quynhon,47.5820188157783
2025-09-13 20:00:00+00:00,binhduong_thudaumot,78.57869705237806
2025-09-13 21:00:00+00:00,bacninh_bacninhcity,164.91971771578733
2025-09-13 22:00:00+00:00,backan_backancity,148.8440507688935
2025-09-13 23:00:00+00:00,bentre_bentrecity,94.03854256600684
2025-09-14 00:00:00+00:00,angiang_longxuyen,79.37471520575474
2025-09-14 01:00:00+00:00,bacgiang_bacgiangcity,165.7855158768146
2025-09-14 02:00:00+00:00,bacgiang_bacgiangcity,166.2219363603366
2025-09-14 03:00:00+00:00,bacninh_bacninhcity,165.36980924833617
2025-09-14 04:00:00+00:00,bentre_bentrecity,103.66186689667087
2025-09-14 05:00:00+00:00,binhduong_thudaumot,80.69520678695642
2025-09-14 06:00:00+00:00,angiang_longxuyen,79.70988939642257
2025-09-14 07:00:00+00:00,backan_backancity,147.92492169789452
2025-09-14 08:00:00+00:00,binhdinh_quynhon,46.5443866711476
2025-09-14 09:00:00+00:00,bacgiang_bacgiangcity,166.79589646014009
2025-09-14 10:00:00+00:00,backan_backancity,146.83991024323447
2025-09-14 11:00:00+00:00,angiang_longxuyen,79.71900263492515
2025-09-14 12:00:00+00:00,bacninh_bacninhcity,165.9773823073016
2025-09-14 13:00:00+00:00,bentre_bentrecity,108.47577073998356
2025-09-14 14:00:00+00:00,binhduong_thudaumot,82.80085568553113
2025-09-14 15:00:00+00:00,binhdinh_quynhon,45.42332729529956
2025-09-14 16:00:00+00:00,backan_backancity,145.97029524349315
2025-09-14 17:00:00+00:00,bentre_bentrecity,103.84724446308942
2025-09-14 18:00:00+00:00,angiang_longxuyen,80.8420240374155
2025-09-14 19:00:00+00:00,binhduong_thudaumot,84.30634719960818
2025-09-14 20:00:00+00:00,binhdinh_quynhon,44.43073480051272
2025-09-14 21:00:00+00:00,bacgiang_bacgiangcity,167.25277348373606
2025-09-14 22:00:00+00:00,bacninh_bacninhcity,166.48195313700077
2025-09-14 23:00:00+00:00,backan_backancity,144.97684503214137
2025-09-15 00:00:00+00:00,binhdinh_quynhon,43.571369513722544
2025-09-15 01:00:00+00:00,angiang_longxuyen,82.05292564962289
2025-09-15 02:00:00+00:00,bacninh_bacninhcity,166.5313719064179
2025-09-15 03:00:00+00:00,binhduong_thudaumot,84.6831528080472
2025-09-15 04:00:00+00:00,bentre_bentrecity,95.19813262489832
2025-09-15 05:00:00+00:00,bacgiang_bacgiangcity,167.24715067514364
2025-09-15 06:00:00+00:00,bacninh_bacninhcity,165.95858401925315
2025-09-15 07:00:00+00:00,binhduong_thudaumot,84.16740902881656
2025-09-15 08:00:00+00:00,backan_backancity,143.83808333941118
2025-09-15 09:00:00+00:00,binhdinh_quynhon,42.89309201925317
2025-09-15 10:00:00+00:00,bacgiang_bacgiangcity,166.66422743723643
2025-09-15 11:00:00+00:00,angiang_longxuyen,83.59763625363222
2025-09-15 12:00:00+00:00,bentre_bentrecity,89.58022358942523
2025-09-15 13:00:00+00:00,backan_backancity,142.5213549896382
2025-09-15 14:00:00+00:00,bentre_bentrecity,87.50288529385887
2025-09-15 15:00:00+00:00,bacninh_bacninhcity,165.0438626583796
2025-09-15 16:00:00+00:00,bacgiang_bacgiangcity,165.80957959155347
2025-09-15 17:00:00+00:00,binhduong_thudaumot,83.21924744336708
2025-09-15 18:00:00+00:00,binhdinh_quynhon,42.439469553511955
2025-09-15 19:00:00+00:00,angiang_longxuyen,85.25521878376978
2025-09-15 20:00:00+00:00,bacgiang_bacgiangcity,164.85539850360024
2025-09-15 21:00:00+00:00,backan_backancity,140.96130198057338
2025-09-15 22:00:00+00:00,bentre_bentrecity,86.91924371832849
2025-09-15 23:00:00+00:00,angiang_longxuyen,86.87105315138146
2025-09-16 00:00:00+00:00,binhdinh_quynhon,42.12334381822404
2025-09-16 01:00:00+00:00,binhduong_thudaumot,82.25045062689253
2025-09-16 02:00:00+00:00,bacninh_bacninhcity,163.96269663298574
2025-09-16 03:00:00+00:00,bacgiang_bacgiangcity,163.78688379753936
2025-09-16 04:00:00+00:00,angiang_longxuyen,88.65539665963436
2025-09-16 05:00:00+00:00,bacninh_bacninhcity,162.74810326573004
2025-09-16 06:00:00+00:00,binhduong_thudaumot,81.27845881621354
2025-09-16 07:00:00+00:00,bentre_bentrecity,86.60419965893082
2025-09-16 08:00:00+00:00,backan_backancity,139.26587747209948
2025-09-16 09:00:00+00:00,binhdinh_quynhon,41.91891184006056
2025-09-16 10:00:00+00:00,binhdinh_quynhon,41.805450233793934
2025-09-16 11:00:00+00:00,binhduong_thudaumot,80.34201697460567
2025-09-16 12:00:00+00:00,bacninh_bacninhcity,161.53458680927255
2025-09-16 13:00:00+00:00,bacgiang_bacgiangcity,162.70378790987434
2025-09-16 14:00:00+00:00,backan_backancity,137.32158888485176
2025-09-16 15:00:00+00:00,angiang_longxuyen,90.51327685496506
2025-09-16 16:00:00+00:00,bentre_bentrecity,86.28853018120455
2025-09-16 17:00:00+00:00,bentre_bentrecity,86.11541438784573
2025-09-16 18:00:00+00:00,bacninh_bacninhcity,160.24267505877876
2025-09-16 19:00:00+00:00,backan_backancity,135.1672097726579
2025-09-16 20:00:00+00:00,binhduong_thudaumot,79.45520952282916
2025-09-16 21:00:00+00:00,angiang_longxuyen,92.41762741902085
2025-09-16 22:00:00+00:00,binhdinh_quynhon,41.742570079399144
2025-09-16 23:00:00+00:00,bacgiang_bacgiangcity,161.55683025885688
2025-09-17 00:00:00+00:00,backan_backancity,132.9506986255176
2025-09-17 01:00:00+00:00,angiang_longxuyen,94.173934317057
2025-09-17 02:00:00+00:00,bentre_bentrecity,86.23178270024914
2025-09-17 03:00:00+00:00,bacninh_bacninhcity,158.93833118318526
2025-09-17 04:00:00+00:00,binhdinh_quynhon,41.70400142452862
2025-09-17 05:00:00+00:00,bacgiang_bacgiangcity,160.36196437259503
2025-09-17 06:00:00+00:00,binhduong_thudaumot,78.69846764048908
2025-09-17 07:00:00+00:00,bacgiang_bacgiangcity,159.1754945784856
2025-09-17 08:00:00+00:00,bacninh_bacninhcity,157.68549795240892
2025-09-17 09:00:00+00:00,bentre_bentrecity,86.60764839428572
2025-09-17 10:00:00+00:00,angiang_longxuyen,95.52146169024054
2025-09-17 11:00:00+00:00,binhdinh_quynhon,41.67811744463528
2025-09-17 12:00:00+00:00,backan_backancity,130.6524232642775
2025-09-17 13:00:00+00:00,binhduong_thudaumot,78.1494527974495
2025-09-17 14:00:00+00:00,bacninh_bacninhcity,156.68837862019598
2025-09-17 15:00:00+00:00,backan_backancity,128.13736242379264
2025-09-17 16:00:00+00:00,angiang_longxuyen,96.39611309443666
2025-09-17 17:00:00+00:00,binhdinh_quynhon,41.67017403622545
2025-09-17 18:00:00+00:00,bentre_bentrecity,87.1808222539047
2025-09-17 19:00:00+00:00,bacgiang_bacgiangcity,158.16903090080672
2025-09-17 20:00:00+00:00,binhduong_thudaumot,77.99672921542235
2025-09-17 21:00:00+00:00,bacgiang_bacgiangcity,157.40083135468652
2025-09-17 22:00:00+00:00,backan_backancity,125.4964840934139
2025-09-17 23:00:00+00:00,bacninh_bacninhcity,156.01443735947163
2025-09-18 00:00:00+00:00,bentre_bentrecity,87.87887726283418
2025-09-18 01:00:00+00:00,binhduong_thudaumot,78.16549686230607
2025-09-18 02:00:00+00:00,angiang_longxuyen,96.90925811160278
2025-09-18 03:00:00+00:00,binhdinh_quynhon,41.66076297947115
2025-09-18 04:00:00+00:00,binhdinh_quynhon,41.57867473911354
2025-09-18 05:00:00+00:00,angiang_longxuyen,97.35057666300163
2025-09-18 06:00:00+00:00,bentre_bentrecity,87.06048223729638
2025-09-18 07:00:00+00:00,bacgiang_bacgiangcity,156.75603816189434
2025-09-18 08:00:00+00:00,binhduong_thudaumot,77.86167459463314
2025-09-18 09:00:00+00:00,backan_backancity,122.96332305086263
2025-09-18 10:00:00+00:00,bacninh_bacninhcity,155.5091660612444
2025-09-18 11:00:00+00:00,backan_backancity,120.38231095417127
2025-09-18 12:00:00+00:00,bacninh_bacninhcity,154.9523650578319
2025-09-18 13:00:00+00:00,binhdinh_quynhon,41.40877061778126
2025-09-18 14:00:00+00:00,binhduong_thudaumot,77.39356386658234
2025-09-18 15:00:00+00:00,bacgiang_bacgiangcity,156.0663768625713
2025-09-18 16:00:00+00:00,bentre_bentrecity,85.77785526861817
2025-09-18 17:00:00+00:00,angiang_longxuyen,97.65179704151842
2025-09-18 18:00:00+00:00,binhduong_thudaumot,76.5868957325242
2025-09-18 19:00:00+00:00,bacninh_bacninhcity,154.45888736237276
2025-09-18 20:00:00+00:00,angiang_longxuyen,97.75846139291696
2025-09-18 21:00:00+00:00,binhdinh_quynhon,41.2839156764769
2025-09-18 22:00:00+00:00,bacgiang_bacgiangcity,155.4250145360389
2025-09-18 23:00:00+00:00,bentre_bentrecity,83.98285224949976
2025-09-19 00:00:00+00:00,backan_backancity,118.03196504980077
2025-09-19 01:00:00+00:00,binhdinh_quynhon,41.47123620916966
2025-09-19 02:00:00+00:00,binhduong_thudaumot,75.71692573342685
2025-09-19 03:00:00+00:00,backan_backancity,115.71074815299433
2025-09-19 04:00:00+00:00,bacgiang_bacgiangcity,154.85903596538145
2025-09-19 05:00:00+00:00,bentre_bentrecity,82.0838999390746
2025-09-19 06:00:00+00:00,bacninh_bacninhcity,154.05912949691032
2025-09-19 07:00:00+00:00,angiang_longxuyen,97.73479064936126
2025-09-19 08:00:00+00:00,bacninh_bacninhcity,153.77112733476866
2025-09-19 09:00:00+00:00,bentre_bentrecity,80.42090664693983
2025-09-19 10:00:00+00:00,binhdinh_quynhon,42.23000087307541
2025-09-19 11:00:00+00:00,backan_backancity,113.77435055814414
2025-09-19 12:00:00+00:00,bacgiang_bacgiangcity,154.38439467870697
2025-09-19 13:00:00+00:00,angiang_longxuyen,97.86668720540925
2025-09-19 14:00:00+00:00,binhduong_thudaumot,74.93669909502927
2025-09-19 15:00:00+00:00,binhdinh_quynhon,43.71861085737206
2025-09-19 16:00:00+00:00,binhduong_thudaumot,74.29254918966079
2025-09-19 17:00:00+00:00,bentre_bentrecity,79.19179761809539
2025-09-19 18:00:00+00:00,angiang_longxuyen,98.18015521061884
2025-09-19 19:00:00+00:00,backan_backancity,112.19201955257775
2025-09-19 20:00:00+00:00,bacgiang_bacgiangcity,153.98174916747587
2025-09-19 21:00:00+00:00,bacninh_bacninhcity,153.57182259562677
2025-09-19 22:00:00+00:00,bacgiang_bacgiangcity,153.69072117189677
2025-09-19 23:00:00+00:00,backan_backancity,110.9355243485783
2025-09-20 00:00:00+00:00,angiang_longxuyen,98.87461004361242
2025-09-20 01:00:00+00:00,bentre_bentrecity,78.75645881046367
2025-09-20 02:00:00+00:00,binhdinh_quynhon,45.69985511583901
2025-09-20 03:00:00+00:00,bacninh_bacninhcity,153.47469095973835
2025-09-20 04:00:00+00:00,binhduong_thudaumot,73.82455758891068
2025-09-20 05:00:00+00:00,angiang_longxuyen,100.26350958377903
2025-09-20 06:00:00+00:00,bentre_bentrecity,79.63067450655753
2025-09-20 07:00:00+00:00,binhdinh_quynhon,47.83207655010503
2025-09-20 08:00:00+00:00,bacninh_bacninhcity,153.4295321825938
2025-09-20 09:00:00+00:00,binhduong_thudaumot,73.68245063192077
2025-09-20 10:00:00+00:00,backan_backancity,109.7171677498939
2025-09-20 11:00:00+00:00,bacgiang_bacgiangcity,153.48374463459058
2025-09-20 12:00:00+00:00,bacgiang_bacgiangcity,153.41170597331896
2025-09-20 13:00:00+00:00,bentre_bentrecity,81.74159836200667
2025-09-20 14:00:00+00:00,binhduong_thudaumot,73.96570676240304
2025-09-20 15:00:00+00:00,binhdinh_quynhon,49.441481617298614
2025-09-20 16:00:00+00:00,backan_backancity,108.69809444743727
2025-09-20 17:00:00+00:00,bacninh_bacninhcity,153.46746708022468
2025-09-20 18:00:00+00:00,angiang_longxuyen,102.25425692484005
2025-09-20 19:00:00+00:00,angiang_longxuyen,104.58826094610227
2025-09-20 20:00:00+00:00,binhduong_thudaumot,74.64885894601655
2025-09-20 21:00:00+00:00,binhdinh_quynhon,49.94617633939049
2025-09-20 22:00:00+00:00,bacninh_bacninhcity,153.55414410420477
2025-09-20 23:00:00+00:00,bentre_bentrecity,84.14135827070227
2025-09-21 00:00:00+00:00,bacgiang_bacgiangcity,153.410848256754
2025-09-21 01:00:00+00:00,backan_backancity,108.01343649474309
2025-09-21 02:00:00+00:00,bacninh_bacninhcity,154.41185590406138
2025-09-21 03:00:00+00:00,binhdinh_quynhon,49.25907865957823
2025-09-21 04:00:00+00:00,binhduong_thudaumot,75.74130394423949
2025-09-21 05:00:00+00:00,bentre_bentrecity,85.81419386041982
2025-09-21 06:00:00+00:00,bacgiang_bacgiangcity,154.1576430094867
2025-09-21 07:00:00+00:00,angiang_longxuyen,106.63961638611573
2025-09-21 08:00:00+00:00,backan_backancity,107.74514394450016
2025-09-21 09:00:00+00:00,bacgiang_bacgiangcity,155.7889579698227
2025-09-21 10:00:00+00:00,angiang_longxuyen,107.32411232568097
2025-09-21 11:00:00+00:00,binhduong_thudaumot,77.07677101841058
2025-09-21 12:00:00+00:00,backan_backancity,108.06040005049304
2025-09-21 13:00:00+00:00,bentre_bentrecity,84.89260123684262
2025-09-21 14:00:00+00:00,bacninh_bacninhcity,156.12444427401832
2025-09-21 15:00:00+00:00,binhdinh_quynhon,47.865908703500224
2025-09-21 16:00:00+00:00,angiang_longxuyen,105.18076678407678
2025-09-21 17:00:00+00:00,bacninh_bacninhcity,157.31554573757847
2025-09-21 18:00:00+00:00,backan_backancity,108.38537456167602
2025-09-21 19:00:00+00:00,bentre_bentrecity,82.91623762388484
2025-09-21 20:00:00+00:00,bacgiang_bacgiangcity,156.92561825696873
2025-09-21 21:00:00+00:00,binhdinh_quynhon,46.32412505726878
2025-09-21 22:00:00+00:00,binhduong_thudaumot,78.75337579592188
2025-09-21 23:00:00+00:00,bentre_bentrecity,80.27434909399625
2025-09-22 00:00:00+00:00,bacgiang_bacgiangcity,157.29388362922148
2025-09-22 01:00:00+00:00,bacninh_bacninhcity,157.70477274966015
2025-09-22 02:00:00+00:00,binhdinh_quynhon,45.024875065052655
2025-09-22 03:00:00+00:00,angiang_longxuyen,103.49391527179685
2025-09-22 04:00:00+00:00,backan_backancity,109.36269731906076
2025-09-22 05:00:00+00:00,binhduong_thudaumot,80.0556563866675
2025-09-22 06:00:00+00:00,bentre_bentrecity,78.0711289797936
2025-09-22 07:00:00+00:00,binhduong_thudaumot,81.01324213287435
2025-09-22 08:00:00+00:00,angiang_longxuyen,103.51771750211068
2025-09-22 09:00:00+00:00,bacgiang_bacgiangcity,157.10696336425903
2025-09-22 10:00:00+00:00,binhdinh_quynhon,44.08724790680294
2025-09-22 11:00:00+00:00,backan_backancity,110.9233233304419
2025-09-22 12:00:00+00:00,bacninh_bacninhcity,157.49562333038944
2025-09-22 13:00:00+00:00,bacgiang_bacgiangcity,156.8058047830295
2025-09-22 14:00:00+00:00,binhduong_thudaumot,81.66948107671658
2025-09-22 15:00:00+00:00,binhdinh_quynhon,43.462001121507534
2025-09-22 16:00:00+00:00,backan_backancity,112.75992202914131
2025-09-22 17:00:00+00:00,bacninh_bacninhcity,157.06367250318925
2025-09-22 18:00:00+00:00,angiang_longxuyen,104.80903242482803
2025-09-22 19:00:00+00:00,bentre_bentrecity,76.54414094430753
2025-09-22 20:00:00+00:00,binhdinh_quynhon,43.131622995965394
2025-09-22 21:00:00+00:00,binhduong_thudaumot,81.56617626410656
2025-09-22 22:00:00+00:00,bacninh_bacninhcity,156.783532742893
2025-09-22 23:00:00+00:00,bentre_bentrecity,75.4820138441095
2025-09-23 00:00:00+00:00,backan_backancity,114.87880835336838
2025-09-23 01:00:00+00:00,bacgiang_bacgiangcity,156.67812890724485
2025-09-23 02:00:00+00:00,angiang_longxuyen,107.08972936157869
2025-09-23 03:00:00+00:00,backan_backancity,117.0908260187268
2025-09-23 04:00:00+00:00,binhduong_thudaumot,80.3108056218256
2025-09-23 05:00:00+00:00,bacgiang_bacgiangcity,156.82051938721037
2025-09-23 06:00:00+00:00,angiang_longxuyen,109.83292374797176
2025-09-23 07:00:00+00:00,binhdinh_quynhon,42.98213729397092
2025-09-23 08:00:00+00:00,bacninh_bacninhcity,156.766378411594
2025-09-23 09:00:00+00:00,bentre_bentrecity,74.74448004773224
2025-09-23 10:00:00+00:00,bacgiang_bacgiangcity,157.17005794779504
2025-09-23 11:00:00+00:00,bacninh_bacninhcity,156.95653417404313
2025-09-23 12:00:00+00:00,binhdinh_quynhon,42.97273100230865
2025-09-23 13:00:00+00:00,backan_backancity,119.37220198109138
2025-09-23 14:00:00+00:00,angiang_longxuyen,112.55363881272514
2025-09-23 15:00:00+00:00,bentre_bentrecity,74.22035328035226
2025-09-23 16:00:00+00:00,binhduong_thudaumot,78.48829372643247
2025-09-23 17:00:00+00:00,angiang_longxuyen,115.13773154141226
2025-09-23 18:00:00+00:00,backan_backancity,121.54365680056576
2025-09-23 19:00:00+00:00,bacgiang_bacgiangcity,157.58720363406582
2025-09-23 20:00:00+00:00,binhduong_thudaumot,76.97382835279464
2025-09-23 21:00:00+00:00,bacninh_bacninhcity,157.24903458305872
2025-09-23 22:00:00+00:00,binhdinh_quynhon,43.06193352506331
2025-09-23 23:00:00+00:00,bentre_bentrecity,73.77055718350911
2025-09-24 00:00:00+00:00,angiang_longxuyen,117.9215268944256
2025-09-24 01:00:00+00:00,bentre_bentrecity,73.35619669352843
2025-09-24 02:00:00+00:00,bacgiang_bacgiangcity,158.06743913878057
2025-09-24 03:00:00+00:00,binhduong_thudaumot,75.90742934759396
2025-09-24 04:00:00+00:00,backan_backancity,123.54812850012071
2025-09-24 05:00:00+00:00,binhdinh_quynhon,43.184653705139354
2025-09-24 06:00:00+00:00,bacninh_bacninhcity,157.63514045986238
2025-09-24 07:00:00+00:00,angiang_longxuyen,121.05511335790106
2025-09-24 08:00:00+00:00,binhdinh_quynhon,43.32282231356853
2025-09-24 09:00:00+00:00,backan_backancity,125.42365919195774
2025-09-24 10:00:00+00:00,binhduong_thudaumot,75.25244124040896
2025-09-24 11:00:00+00:00,bentre_bentrecity,73.10614134174772
2025-09-24 12:00:00+00:00,bacninh_bacninhcity,158.053301110735
2025-09-24 13:00:00+00:00,bacgiang_bacgiangcity,158.51432852948693
2025-09-24 14:00:00+00:00,binhduong_thudaumot,74.91542772421855
2025-09-24 15:00:00+00:00,bacninh_bacninhcity,158.55317355969504
2025-09-24 16:00:00+00:00,backan_backancity,127.23913542897226
2025-09-24 17:00:00+00:00,angiang_longxuyen,123.87789669388333
2025-09-24 18:00:00+00:00,bentre_bentrecity,73.28610695489604
2025-09-24 19:00:00+00:00,bacgiang_bacgiangcity,159.00540938365626
2025-09-24 20:00:00+00:00,binhdinh_quynhon,43.496490857602524
2025-09-24 21:00:00+00:00,bentre_bentrecity,73.7430483072344
2025-09-24 22:00:00+00:00,angiang_longxuyen,125.7365208392068
2025-09-24 23:00:00+00:00,bacninh_bacninhcity,159.0306167204817
2025-09-25 00:00:00+00:00,binhduong_thudaumot,74.79779666242786
2025-09-25 01:00:00+00:00,backan_backancity,129.1479455235293
2025-09-25 02:00:00+00:00,bacgiang_bacgiangcity,159.47420866750502
2025-09-25 03:00:00+00:00,binhdinh_quynhon,43.74747778487461
2025-09-25 04:00:00+00:00,binhdinh_quynhon,43.95559794426738
2025-09-25 05:00:00+00:00,bacninh_bacninhcity,159.63098019520953
2025-09-25 06:00:00+00:00,binhduong_thudaumot,75.49788398310707
2025-09-25 07:00:00+00:00,bacgiang_bacgiangcity,160.06567571541757
2025-09-25 08:00:00+00:00,angiang_longxuyen,126.95765667781625
2025-09-25 09:00:00+00:00,bentre_bentrecity,74.61946071075293
2025-09-25 10:00:00+00:00,backan_backancity,131.61425709002685
2025-09-25 11:00:00+00:00,angiang_longxuyen,127.77866297378512
2025-09-25 12:00:00+00:00,bacgiang_bacgiangcity,160.50496001924805
2025-09-25 13:00:00+00:00,binhduong_thudaumot,76.3706391784945
2025-09-25 14:00:00+00:00,bacninh_bacninhcity,160.07867488646855
2025-09-25 15:00:00+00:00,binhdinh_quynhon,44.155484024636635
2025-09-25 16:00:00+00:00,bentre_bentrecity,75.31731082072524
2025-09-25 17:00:00+00:00,backan_backancity,133.61722540304714
2025-09-25 18:00:00+00:00,bacninh_bacninhcity,160.42644559791106
2025-09-25 19:00:00+00:00,binhdinh_quynhon,44.24645916162552
2025-09-25 20:00:00+00:00,bentre_bentrecity,75.75308801682348
2025-09-25 21:00:00+00:00,angiang_longxuyen,128.06733939644866
2025-09-25 22:00:00+00:00,bacgiang_bacgiangcity,160.8163921388889
2025-09-25 23:00:00+00:00,backan_backancity,135.05788903136317
2025-09-26 00:00:00+00:00,binhduong_thudaumot,77.06497026800449
2025-09-26 01:00:00+00:00,backan_backancity,135.94982848725328
2025-09-26 02:00:00+00:00,angiang_longxuyen,128.1410768130281
2025-09-26 03:00:00+00:00,bacgiang_bacgiangcity,160.8679933204546
2025-09-26 04:00:00+00:00,binhduong_thudaumot,77.32839170292232
2025-09-26 05:00:00+00:00,binhdinh_quynhon,44.444515446656226
2025-09-26 06:00:00+00:00,bentre_bentrecity,75.88228872205693
2025-09-26 07:00:00+00:00,bacninh_bacninhcity,160.55000443418393
2025-09-26 08:00:00+00:00,bacgiang_bacgiangcity,160.5434143119099
2025-09-26 09:00:00+00:00,backan_backancity,136.26903247199095
2025-09-26 10:00:00+00:00,angiang_longxuyen,128.01144010187414
2025-09-26 11:00:00+00:00,bentre_bentrecity,75.92957749533775
2025-09-26 12:00:00+00:00,bacninh_bacninhcity,160.3364282444197
2025-09-26 13:00:00+00:00,binhduong_thudaumot,77.21354821996772
2025-09-26 14:00:00+00:00,binhdinh_quynhon,45.01920460553994
2025-09-26 15:00:00+00:00,bacgiang_bacgiangcity,159.98581277303677
2025-09-26 16:00:00+00:00,backan_backancity,136.20939258017486
2025-09-26 17:00:00+00:00,angiang_longxuyen,127.83228931946252
2025-09-26 18:00:00+00:00,bentre_bentrecity,76.38670230371918
2025-09-26 19:00:00+00:00,bacninh_bacninhcity,159.90370070721903
2025-09-26 20:00:00+00:00,binhdinh_quynhon,46.06567599588164
2025-09-26 21:00:00+00:00,binhduong_thudaumot,76.96105552361495
2025-09-26 22:00:00+00:00,binhdinh_quynhon,47.433571903845824
2025-09-26 23:00:00+00:00,bacninh_bacninhcity,159.43814168594895
2025-09-27 00:00:00+00:00,angiang_longxuyen,127.5899319738522
2025-09-27 01:00:00+00:00,backan_backancity,135.91037590781167
2025-09-27 02:00:00+00:00,binhduong_thudaumot,76.97209862438866
2025-09-27 03:00:00+00:00,bacgiang_bacgiangcity,159.3787162232741
2025-09-27 04:00:00+00:00,bentre_bentrecity,78.03221247320508
2025-09-27 05:00:00+00:00,angiang_longxuyen,127.19424826207329
2025-09-27 06:00:00+00:00,bacgiang_bacgiangcity,158.9277669741603
2025-09-27 07:00:00+00:00,backan_backancity,135.57366497496497
2025-09-27 08:00:00+00:00,bentre_bentrecity,82.23808759562719
2025-09-27 09:00:00+00:00,bacninh_bacninhcity,159.06231411264858
2025-09-27 10:00:00+00:00,binhdinh_quynhon,48.738773496004285
2025-09-27 11:00:00+00:00,binhduong_thudaumot,77.85856775463122
2025-09-27 12:00:00+00:00,bacninh_bacninhcity,158.7207284906578
2025-09-27 13:00:00+00:00,bentre_bentrecity,89.76457189596584
2025-09-27 14:00:00+00:00,backan_backancity,135.01133408225456
2025-09-27 15:00:00+00:00,angiang_longxuyen,126.66299291702016
2025-09-27 16:00:00+00:00,bacgiang_bacgiangcity,158.6095112427361
2025-09-27 17:00:00+00:00,binhdinh_quynhon,49.56316777240469
2025-09-27 18:00:00+00:00,binhduong_thudaumot,79.86063784780431
2025-09-27 19:00:00+00:00,binhduong_thudaumot,82.67920526861526
2025-09-27 20:00:00+00:00,backan_backancity,134.3320177977232
2025-09-27 21:00:00+00:00,bacninh_bacninhcity,158.43487538502052
2025-09-27 22:00:00+00:00,angiang_longxuyen,125.95592235397467
2025-09-27 23:00:00+00:00,bacgiang_bacgiangcity,158.3860665473829
2025-09-28 00:00:00+00:00,binhdinh_quynhon,49.802251499792106
2025-09-28 01:00:00+00:00,bentre_bentrecity,101.29723703331145
2025-09-28 02:00:00+00:00,bentre_bentrecity,113.83462182465388
2025-09-28 03:00:00+00:00,binhdinh_quynhon,49.47409390713477
2025-09-28 04:00:00+00:00,backan_backancity,133.6603375731659
2025-09-28 05:00:00+00:00,bacgiang_bacgiangcity,158.4031732277616
2025-09-28 06:00:00+00:00,binhduong_thudaumot,85.62965137637909
2025-09-28 07:00:00+00:00,bacninh_bacninhcity,158.50250633616673
2025-09-28 08:00:00+00:00,angiang_longxuyen,124.91878339636881
2025-09-28 09:00:00+00:00,bacgiang_bacgiangcity,158.84906671423423
2025-09-28 10:00:00+00:00,binhduong_thudaumot,87.05322023704647
2025-09-28 11:00:00+00:00,backan_backancity,132.96123424399036
2025-09-28 12:00:00+00:00,bentre_bentrecity,119.5529657471543
2025-09-28 13:00:00+00:00,bacninh_bacninhcity,159.0767189858477
2025-09-28 14:00:00+00:00,angiang_longxuyen,123.17583186001272
2025-09-28 15:00:00+00:00,binhdinh_quynhon,48.86554876939572
2025-09-28 16:00:00+00:00,binhduong_thudaumot,85.96531160643372
2025-09-28 17:00:00+00:00,bacgiang_bacgiangcity,159.8393052535595
2025-09-28 18:00:00+00:00,backan_backancity,132.15275060986974
2025-09-28 19:00:00+00:00,bacninh_bacninhcity,160.23156286417066
2025-09-28 20:00:00+00:00,bentre_bentrecity,112.83575251239382
2025-09-28 21:00:00+00:00,angiang_longxuyen,121.450625526367
2025-09-28 22:00:00+00:00,binhdinh_quynhon,48.246191637846294
2025-09-28 23:00:00+00:00,angiang_longxuyen,119.31656238403235
2025-09-29 00:00:00+00:00,bacninh_bacninhcity,160.60893909237996
2025-09-29 01:00:00+00:00,bacgiang_bacgiangcity,159.97101716229142
2025-09-29 02:00:00+00:00,binhdinh_quynhon,47.77522900221704
2025-09-29 03:00:00+00:00,binhduong_thudaumot,84.21036156835238
2025-09-29 04:00:00+00:00,bentre_bentrecity,98.66543486306294
2025-09-29 05:00:00+00:00,backan_backancity,130.77490518975216
2025-09-29 06:00:00+00:00,bentre_bentrecity,87.77550573893576
2025-09-29 07:00:00+00:00,binhduong_thudaumot,82.76748217224358
2025-09-29 08:00:00+00:00,angiang_longxuyen,116.9916501583586
2025-09-29 09:00:00+00:00,bacninh_bacninhcity,160.52662689269704
2025-09-29 10:00:00+00:00,binhdinh_quynhon,47.53440601623959
2025-09-29 11:00:00+00:00,backan_backancity,128.94187197116233
2025-09-29 12:00:00+00:00,bacgiang_bacgiangcity,159.59626173469724
2025-09-29 13:00:00+00:00,binhdinh_quynhon,47.49316414474164
2025-09-29 14:00:00+00:00,binhduong_thudaumot,81.84541542200964
2025-09-29 15:00:00+00:00,bacninh_bacninhcity,160.27149433536104
2025-09-29 16:00:00+00:00,backan_backancity,126.67173209579859
2025-09-29 17:00:00+00:00,bacgiang_bacgiangcity,159.16236198485782
2025-09-29 18:00:00+00:00,bentre_bentrecity,83.0723932634448
2025-09-29 19:00:00+00:00,angiang_longxuyen,114.56352365682332
2025-09-29 20:00:00+00:00,bacgiang_bacgiangcity,158.8266374260608
2025-09-29 21:00:00+00:00,bentre_bentrecity,81.75224596014209
2025-09-29 22:00:00+00:00,bacninh_bacninhcity,159.8684437913076
2025-09-29 23:00:00+00:00,angiang_longxuyen,112.05423334278379
2025-09-30 00:00:00+00:00,backan_backancity,123.86534067639089
2025-09-30 01:00:00+00:00,binhduong_thudaumot,81.18701670020596
2025-09-30 02:00:00+00:00,binhdinh_quynhon,47.649907081893986
2025-09-30 03:00:00+00:00,bentre_bentrecity,81.95250133514348
2025-09-30 04:00:00+00:00,bacninh_bacninhcity,159.2416721765634
2025-09-30 05:00:00+00:00,angiang_longxuyen,109.7449851658774
2025-09-30 06:00:00+00:00,backan_backancity,120.57451570619222
2025-09-30 07:00:00+00:00,bacgiang_bacgiangcity,158.35241070239275
2025-09-30 08:00:00+00:00,binhdinh_quynhon,47.96064826319083
2025-09-30 09:00:00+00:00,binhduong_thudaumot,80.91887663290791
2025-09-30 10:00:00+00:00,binhduong_thudaumot,81.01428449675537
2025-09-30 11:00:00+00:00,binhdinh_quynhon,48.40557920107389
2025-09-30 12:00:00+00:00,bacgiang_bacgiangcity,157.6662517457099
2025-09-30 13:00:00+00:00,backan_backancity,116.87733560061905
2025-09-30 14:00:00+00:00,bacninh_bacninhcity,158.33729583048154
2025-09-30 15:00:00+00:00,angiang_longxuyen,107.57294304881063
2025-09-30 16:00:00+00:00,bentre_bentrecity,83.10679008024525
2025-09-30 17:00:00+00:00,bacgiang_bacgiangcity,156.75115394256616
2025-09-30 18:00:00+00:00,angiang_longxuyen,105.49942695268682
2025-09-30 19:00:00+00:00,bacninh_bacninhcity,157.1868406019159
2025-09-30 20:00:00+00:00,binhdinh_quynhon,48.95738162294956
2025-09-30 21:00:00+00:00,binhduong_thudaumot,81.21764075539365
2025-09-30 22:00:00+00:00,bentre_bentrecity,84.52259898854587
2025-09-30 23:00:00+00:00,backan_backancity,112.77684525347695
2025-10-01 00:00:00+00:00,bacgiang_bacgiangcity,155.68117635325285
2025-10-01 01:00:00+00:00,backan_backancity,108.54336595293955
2025-10-01 02:00:00+00:00,binhduong_thudaumot,81.37606577003169
2025-10-01 03:00:00+00:00,binhdinh_quynhon,49.77797335591203
2025-10-01 04:00:00+00:00,angiang_longxuyen,103.10616424697069
2025-10-01 05:00:00+00:00,bentre_bentrecity,85.836234793593
2025-10-01 06:00:00+00:00,bacninh_bacninhcity,155.87033144637618
2025-10-01 07:00:00+00:00,backan_backancity,104.32624223515003
2025-10-01 08:00:00+00:00,binhdinh_quynhon,50.540511972703555
2025-10-01 09:00:00+00:00,angiang_longxuyen,100.40533033742902
2025-10-01 10:00:00+00:00,bentre_bentrecity,86.74579079470874
2025-10-01 11:00:00+00:00,bacgiang_bacgiangcity,154.41065510087049
2025-10-01 12:00:00+00:00,binhduong_thudaumot,81.27570578429466
2025-10-01 13:00:00+00:00,bacninh_bacninhcity,154.3325409472638
2025-10-01 14:00:00+00:00,bentre_bentrecity,87.01786325420248
2025-10-01 15:00:00+00:00,bacgiang_bacgiangcity,153.05176998193028
2025-10-01 16:00:00+00:00,binhduong_thudaumot,80.9595026162613
2025-10-01 17:00:00+00:00,backan_backancity,100.13707977955958
2025-10-01 18:00:00+00:00,angiang_longxuyen,97.80684479718198
2025-10-01 19:00:00+00:00,bacninh_bacninhcity,152.75057804505653
2025-10-01 20:00:00+00:00,binhdinh_quynhon,51.1221915215916
2025-10-01 21:00:00+00:00,binhdinh_quynhon,51.36570678456458
2025-10-01 22:00:00+00:00,bentre_bentrecity,86.84054703222145
2025-10-01 23:00:00+00:00,angiang_longxuyen,95.30395817119089
2025-10-02 00:00:00+00:00,bacgiang_bacgiangcity,151.4949191147079
2025-10-02 01:00:00+00:00,binhduong_thudaumot,80.58500926872864
2025-10-02 02:00:00+00:00,bacninh_bacninhcity,151.0586654094069
2025-10-02 03:00:00+00:00,backan_backancity,96.01677245703902
2025-10-02 04:00:00+00:00,binhdinh_quynhon,51.230978572579254
2025-10-02 05:00:00+00:00,bacgiang_bacgiangcity,149.59817899825651
2025-10-02 06:00:00+00:00,bacninh_bacninhcity,149.11468417059496
2025-10-02 07:00:00+00:00,bentre_bentrecity,87.292323024802
2025-10-02 08:00:00+00:00,angiang_longxuyen,92.99731932889692
2025-10-02 09:00:00+00:00,binhduong_thudaumot,81.03390476317857
2025-10-02 10:00:00+00:00,backan_backancity,91.9643426791771
2025-10-02 11:00:00+00:00,bentre_bentrecity,87.59774040703114
2025-10-02 12:00:00+00:00,backan_backancity,88.83256873758157
2025-10-02 13:00:00+00:00,binhduong_thudaumot,81.76576214367807
2025-10-02 14:00:00+00:00,binhdinh_quynhon,50.69622088488593
2025-10-02 15:00:00+00:00,angiang_longxuyen,91.18184666570141
2025-10-02 16:00:00+00:00,bacninh_bacninhcity,146.97392845650768
2025-10-02 17:00:00+00:00,bacgiang_bacgiangcity,147.39787392910168
2025-10-02 18:00:00+00:00,binhdinh_quynhon,49.97177441376218
2025-10-02 19:00:00+00:00,bentre_bentrecity,87.7705023923069
2025-10-02 20:00:00+00:00,bacgiang_bacgiangcity,144.88036621386073
2025-10-02 21:00:00+00:00,bacninh_bacninhcity,144.64742945518879
2025-10-02 22:00:00+00:00,angiang_longxuyen,89.68398525523338
2025-10-02 23:00:00+00:00,binhduong_thudaumot,82.63413583694623
2025-10-03 00:00:00+00:00,backan_backancity,86.10645601483405
2025-10-03 01:00:00+00:00,angiang_longxuyen,88.6553001665208
2025-10-03 02:00:00+00:00,binhdinh_quynhon,49.175861092410095
2025-10-03 03:00:00+00:00,bacninh_bacninhcity,142.08208974617585
2025-10-03 04:00:00+00:00,binhduong_thudaumot,83.51854168234088
2025-10-03 05:00:00+00:00,bacgiang_bacgiangcity,142.0674370881913
2025-10-03 06:00:00+00:00,backan_backancity,83.65701049156779
2025-10-03 07:00:00+00:00,bentre_bentrecity,87.72984186203631
2025-10-03 08:00:00+00:00,bentre_bentrecity,87.50448159968806
2025-10-03 09:00:00+00:00,binhdinh_quynhon,48.51708711960925
2025-10-03 10:00:00+00:00,binhduong_thudaumot,84.08539464738539
2025-10-03 11:00:00+00:00,backan_backancity,81.44193363712773
2025-10-03 12:00:00+00:00,bacgiang_bacgiangcity,139.24368643852745
2025-10-03 13:00:00+00:00,bacninh_bacninhcity,139.36956587461773
2025-10-03 14:00:00+00:00,angiang_longxuyen,88.06602625221394
2025-10-03 15:00:00+00:00,backan_backancity,79.48017622250721
2025-10-03 16:00:00+00:00,bentre_bentrecity,87.42201691706029
2025-10-03 17:00:00+00:00,bacgiang_bacgiangcity,136.57841321951395
2025-10-03 18:00:00+00:00,bacninh_bacninhcity,136.5675702526054
2025-10-03 19:00:00+00:00,binhduong_thudaumot,84.26859694929338
2025-10-03 20:00:00+00:00,angiang_longxuyen,87.90134705428981
2025-10-03 21:00:00+00:00,binhdinh_quynhon,48.189163016461265
2025-10-03 22:00:00+00:00,bacgiang_bacgiangcity,134.19501187174873
2025-10-03 23:00:00+00:00,bacninh_bacninhcity,133.85152021294692
2025-10-04 00:00:00+00:00,angiang_longxuyen,88.10035397518
2025-10-04 01:00:00+00:00,binhdinh_quynhon,48.03809053882164
2025-10-04 02:00:00+00:00,binhduong_thudaumot,84.35793885098984
2025-10-04 03:00:00+00:00,bentre_bentrecity,88.36428527494478
2025-10-04 04:00:00+00:00,backan_backancity,77.93368943044464
2025-10-04 05:00:00+00:00,binhdinh_quynhon,48.10039888217313
2025-10-04 06:00:00+00:00,backan_backancity,76.72924094411547
2025-10-04 07:00:00+00:00,bacgiang_bacgiangcity,132.2690045600645
2025-10-04 08:00:00+00:00,bentre_bentrecity,91.52422507987829
2025-10-04 09:00:00+00:00,binhduong_thudaumot,84.52119328639776
2025-10-04 10:00:00+00:00,bacninh_bacninhcity,131.4451868597994
2025-10-04 11:00:00+00:00,angiang_longxuyen,88.6781261486055
2025-10-04 12:00:00+00:00,angiang_longxuyen,89.53445368922816
2025-10-04 13:00:00+00:00,binhdinh_quynhon,48.256193566012
2025-10-04 14:00:00+00:00,bacninh_bacninhcity,129.6060376455923
2025-10-04 15:00:00+00:00,bentre_bentrecity,97.602456002665
2025-10-04 16:00:00+00:00,backan_backancity,75.84029396601863
2025-10-04 17:00:00+00:00,binhduong_thudaumot,84.67600040491392
2025-10-04 18:00:00+00:00,bacgiang_bacgiangcity,130.90743669431282
2025-10-04 19:00:00+00:00,angiang_longxuyen,90.23288930988333
2025-10-04 20:00:00+00:00,bentre_bentrecity,107.05963720978858
2025-10-04 21:00:00+00:00,bacninh_bacninhcity,128.29765773705148
2025-10-04 22:00:00+00:00,backan_backancity,75.06846580231951
2025-10-04 23:00:00+00:00,bacgiang_bacgiangcity,129.87604682023812
2025-10-05 00:00:00+00:00,binhdinh_quynhon,48.37222832197347
2025-10-05 01:00:00+00:00,binhduong_thudaumot,84.67601827400902
2025-10-05 02:00:00+00:00,backan_backancity,74.44991635386873
2025-10-05 03:00:00+00:00,angiang_longxuyen,90.46867082849569
2025-10-05 04:00:00+00:00,bacninh_bacninhcity,128.49006738802962
2025-10-05 05:00:00+00:00,binhduong_thudaumot,84.7990029166926
2025-10-05 06:00:00+00:00,bentre_bentrecity,117.17357303305721
2025-10-05 07:00:00+00:00,bacgiang_bacgiangcity,129.72646105131108
2025-10-05 08:00:00+00:00,binhdinh_quynhon,48.40443081389527
2025-10-05 09:00:00+00:00,backan_backancity,73.79933833935517
2025-10-05 10:00:00+00:00,bentre_bentrecity,121.53085299828788
2025-10-05 11:00:00+00:00,binhdinh_quynhon,48.3414505925679
2025-10-05 12:00:00+00:00,bacninh_bacninhcity,129.75447740988673
2025-10-05 13:00:00+00:00,angiang_longxuyen,90.10519258682108
2025-10-05 14:00:00+00:00,binhduong_thudaumot,85.40808889237677
2025-10-05 15:00:00+00:00,bacgiang_bacgiangcity,130.34261842356403
2025-10-05 16:00:00+00:00,bentre_bentrecity,118.03209370728551
2025-10-05 17:00:00+00:00,bacninh_bacninhcity,132.350034949992
2025-10-05 18:00:00+00:00,backan_backancity,72.70555435027251
2025-10-05 19:00:00+00:00,binhdinh_quynhon,48.16330286202806
2025-10-05 20:00:00+00:00,bacgiang_bacgiangcity,132.18353072182134
2025-10-05 21:00:00+00:00,binhduong_thudaumot,87.71558113287102
2025-10-05 22:00:00+00:00,angiang_longxuyen,89.52826859977647
2025-10-05 23:00:00+00:00,bentre_bentrecity,112.54098749339215
2025-10-06 00:00:00+00:00,binhduong_thudaumot,91.0640732467864
2025-10-06 01:00:00+00:00,binhdinh_quynhon,47.902094812357
2025-10-06 02:00:00+00:00,angiang_longxuyen,89.21293625231114
2025-10-06 03:00:00+00:00,bacninh_bacninhcity,136.09387245415235
2025-10-06 04:00:00+00:00,backan_backancity,71.57414519454075
2025-10-06 05:00:00+00:00,bacgiang_bacgiangcity,135.34256992436167
2025-10-06 06:00:00+00:00,binhdinh_quynhon,47.6020560277539
2025-10-06 07:00:00+00:00,angiang_longxuyen,89.01704570160693
2025-10-06 08:00:00+00:00,bentre_bentrecity,111.78406334628201
2025-10-06 09:00:00+00:00,bacgiang_bacgiangcity,139.307390953843
2025-10-06 10:00:00+00:00,backan_backancity,70.5969773026469
2025-10-06 11:00:00+00:00,bacninh_bacninhcity,140.32985104545816
2025-10-06 12:00:00+00:00,binhduong_thudaumot,95.34104964753288
2025-10-06 13:00:00+00:00,backan_backancity,69.90968425406152
2025-10-06 14:00:00+00:00,bacgiang_bacgiangcity,143.23494658112335
2025-10-06 15:00:00+00:00,bacninh_bacninhcity,144.24136260788194
2025-10-06 16:00:00+00:00,bentre_bentrecity,115.53969802702944
2025-10-06 17:00:00+00:00,binhdinh_quynhon,47.33450564059425
2025-10-06 18:00:00+00:00,binhduong_thudaumot,100.32417248128978
2025-10-06 19:00:00+00:00,angiang_longxuyen,88.75980816486778
2025-10-06 20:00:00+00:00,angiang_longxuyen,87.99281895212258
2025-10-06 21:00:00+00:00,bacgiang_bacgiangcity,146.95873257803203
2025-10-06 22:00:00+00:00,bacninh_bacninhcity,147.71575798334774
2025-10-06 23:00:00+00:00,backan_backancity,69.41224200203547
2025-10-07 00:00:00+00:00,binhduong_thudaumot,105.40278076054871
2025-10-07 01:00:00+00:00,binhdinh_quynhon,47.13950377955317
2025-10-07 02:00:00+00:00,bentre_bentrecity,120.9620463455121
2025-10-07 03:00:00+00:00,backan_backancity,69.09057922981162
2025-10-07 04:00:00+00:00,angiang_longxuyen,86.53854502970302
2025-10-07 05:00:00+00:00,bentre_bentrecity,125.9432067058993
2025-10-07 06:00:00+00:00,binhdinh_quynhon,47.12619487752038
2025-10-07 07:00:00+00:00,bacgiang_bacgiangcity,150.46001736780897
2025-10-07 08:00:00+00:00,bacninh_bacninhcity,150.72762970116497
2025-10-07 09:00:00+00:00,binhduong_thudaumot,110.00166399557632
2025-10-07 10:00:00+00:00,binhduong_thudaumot,113.46143530360975
2025-10-07 11:00:00+00:00,bentre_bentrecity,129.56214638292707
2025-10-07 12:00:00+00:00,bacninh_bacninhcity,153.0845156943432
2025-10-07 13:00:00+00:00,bacgiang_bacgiangcity,153.3657990767261
2025-10-07 14:00:00+00:00,backan_backancity,68.89182485879888
2025-10-07 15:00:00+00:00,angiang_longxuyen,84.50561381801387
2025-10-07 16:00:00+00:00,binhdinh_quynhon,47.21138042769587
2025-10-07 17:00:00+00:00,angiang_longxuyen,82.10146525956094
2025-10-07 18:00:00+00:00,bacgiang_bacgiangcity,155.45270925090267
2025-10-07 19:00:00+00:00,binhdinh_quynhon,47.46715627245559
2025-10-07 20:00:00+00:00,bentre_bentrecity,131.7457617172556
2025-10-07 21:00:00+00:00,binhduong_thudaumot,116.027178854172
2025-10-07 22:00:00+00:00,backan_backancity,68.71021528890108
2025-10-07 23:00:00+00:00,bacninh_bacninhcity,154.65762982065542
2025-10-08 00:00:00+00:00,backan_backancity,68.5208981826488
2025-10-08 01:00:00+00:00,angiang_longxuyen,79.69191546929486
2025-10-08 02:00:00+00:00,binhduong_thudaumot,117.70176561520967
2025-10-08 03:00:00+00:00,bacgiang_bacgiangcity,156.8000199613081
2025-10-08 04:00:00+00:00,binhdinh_quynhon,47.816032485248456
2025-10-08 05:00:00+00:00,bacninh_bacninhcity,155.52335174021027
2025-10-08 06:00:00+00:00,bentre_bentrecity,132.93726106600005
2025-10-08 07:00:00+00:00,bacgiang_bacgiangcity,157.71039079316057
2025-10-08 08:00:00+00:00,bentre_bentrecity,133.45831673156832
2025-10-08 09:00:00+00:00,angiang_longxuyen,77.27884189347444
2025-10-08 10:00:00+00:00,backan_backancity,68.38457128228825
2025-10-08 11:00:00+00:00,binhdinh_quynhon,48.193075157015834
2025-10-08 12:00:00+00:00,binhduong_thudaumot,118.83193822956028
2025-10-08 13:00:00+00:00,bacninh_bacninhcity,156.00986287112522
2025-10-08 14:00:00+00:00,binhduong_thudaumot,119.58466075677518
2025-10-08 15:00:00+00:00,bacninh_bacninhcity,156.394253314799
2025-10-08 16:00:00+00:00,binhdinh_quynhon,48.55469799098225
2025-10-08 17:00:00+00:00,bentre_bentrecity,133.53803910373426
2025-10-08 18:00:00+00:00,bacgiang_bacgiangcity,158.39661169603977
2025-10-08 19:00:00+00:00,angiang_longxuyen,75.08289211843274
2025-10-08 20:00:00+00:00,backan_backancity,68.39879746453633
2025-10-08 21:00:00+00:00,binhdinh_quynhon,48.92977267974227
2025-10-08 22:00:00+00:00,bacninh_bacninhcity,156.82740018009807
2025-10-08 23:00:00+00:00,bacgiang_bacgiangcity,159.03788825091567
2025-10-09 00:00:00+00:00,bentre_bentrecity,133.1059500888653
2025-10-09 01:00:00+00:00,backan_backancity,68.64299413566924
2025-10-09 02:00:00+00:00,angiang_longxuyen,73.07753649430668
2025-10-09 03:00:00+00:00,binhduong_thudaumot,119.95398874455003
2025-10-09 04:00:00+00:00,backan_backancity,69.76388911584233
2025-10-09 05:00:00+00:00,angiang_longxuyen,71.21041618989818
2025-10-09 06:00:00+00:00,binhdinh_quynhon,49.187011407754426
2025-10-09 07:00:00+00:00,bacninh_bacninhcity,157.65355277545663
2025-10-09 08:00:00+00:00,bacgiang_bacgiangcity,159.95095612485568
2025-10-09 09:00:00+00:00,bentre_bentrecity,133.01990443957885
2025-10-09 10:00:00+00:00,binhduong_thudaumot,121.18134064570934
2025-10-09 11:00:00+00:00,binhdinh_quynhon,49.3387509982779
2025-10-09 12:00:00+00:00,angiang_longxuyen,69.53022806318221
2025-10-09 13:00:00+00:00,bacgiang_bacgiangcity,160.95911617529634
2025-10-09 14:00:00+00:00,backan_backancity,71.11019677437596
2025-10-09 15:00:00+00:00,binhduong_thudaumot,122.04141593121162
2025-10-09 16:00:00+00:00,bacninh_bacninhcity,158.69577846880182
2025-10-09 17:00:00+00:00,bentre_bentrecity,132.78003685455292
2025-10-09 18:00:00+00:00,binhdinh_quynhon,49.43720732974995
2025-10-09 19:00:00+00:00,backan_backancity,72.90464942536519
2025-10-09 20:00:00+00:00,bacgiang_bacgiangcity,161.9773115095469
2025-10-09 21:00:00+00:00,bentre_bentrecity,132.36681998665884
2025-10-09 22:00:00+00:00,binhduong_thudaumot,122.42900851672786
2025-10-09 23:00:00+00:00,angiang_longxuyen,68.10874154773083
2025-10-10 00:00:00+00:00,bacninh_bacninhcity,159.87929867094624
2025-10-10 01:00:00+00:00,binhdinh_quynhon,49.6591033701942
2025-10-10 02:00:00+00:00,bentre_bentrecity,131.3516218952936
2025-10-10 03:00:00+00:00,binhduong_thudaumot,122.21689997530808
2025-10-10 04:00:00+00:00,bacgiang_bacgiangcity,162.74647836934867
2025-10-10 05:00:00+00:00,bacninh_bacninhcity,160.93232206282573
2025-10-10 06:00:00+00:00,backan_backancity,74.9599289186633
2025-10-10 07:00:00+00:00,angiang_longxuyen,66.99773175096877
2025-10-10 08:00:00+00:00,bentre_bentrecity,129.76354299746902
2025-10-10 09:00:00+00:00,binhduong_thudaumot,121.47005757165512
2025-10-10 10:00:00+00:00,bacninh_bacninhcity,161.85290448689312
2025-10-10 11:00:00+00:00,binhdinh_quynhon,50.06898229112303
2025-10-10 12:00:00+00:00,bacgiang_bacgiangcity,163.32021927491888
2025-10-10 13:00:00+00:00,angiang_longxuyen,66.26259479588134
2025-10-10 14:00:00+00:00,backan_backancity,77.31583806797589
2025-10-10 15:00:00+00:00,bacgiang_bacgiangcity,163.8971623223316
2025-10-10 16:00:00+00:00,bacninh_bacninhcity,162.77342496476413
2025-10-10 17:00:00+00:00,binhdinh_quynhon,50.6770461545673
2025-10-10 18:00:00+00:00,angiang_longxuyen,65.95183217167038
2025-10-10 19:00:00+00:00,bentre_bentrecity,128.2630250481957
2025-10-10 20:00:00+00:00,binhduong_thudaumot,120.51513551189161
2025-10-10 21:00:00+00:00,backan_backancity,80.01401901253126
2025-10-10 22:00:00+00:00,bacninh_bacninhcity,163.80696389534322
2025-10-10 23:00:00+00:00,binhduong_thudaumot,119.59293533908091
2025-10-11 00:00:00+00:00,angiang_longxuyen,66.0479107222207
2025-10-11 01:00:00+00:00,bentre_bentrecity,127.49667912287418
2025-10-11 02:00:00+00:00,bacgiang_bacgiangcity,164.58924905349664
2025-10-11 03:00:00+00:00,binhdinh_quynhon,51.22142456306413
2025-10-11 04:00:00+00:00,backan_backancity,83.21752843641816
2025-10-11 05:00:00+00:00,bacgiang_bacgiangcity,165.50631483964776
2025-10-11 06:00:00+00:00,bacninh_bacninhcity,164.9492088703455
2025-10-11 07:00:00+00:00,binhduong_thudaumot,118.86610155685139
2025-10-11 08:00:00+00:00,angiang_longxuyen,66.57375292273059
2025-10-11 09:00:00+00:00,binhdinh_quynhon,51.54837182234648
2025-10-11 10:00:00+00:00,backan_backancity,87.06586440874143
2025-10-11 11:00:00+00:00,bentre_bentrecity,127.56985664114038
2025-10-11 12:00:00+00:00,backan_backancity,91.9508771247439
2025-10-11 13:00:00+00:00,angiang_longxuyen,67.23825930124052
2025-10-11 14:00:00+00:00,bacgiang_bacgiangcity,166.9403073391253
2025-10-11 15:00:00+00:00,bentre_bentrecity,128.23272621053886
2025-10-11 16:00:00+00:00,binhduong_thudaumot,118.22474637795705
2025-10-11 17:00:00+00:00,binhdinh_quynhon,51.661557053275516
2025-10-11 18:00:00+00:00,bacninh_bacninhcity,166.3989166433297
2025-10-11 19:00:00+00:00,bacgiang_bacgiangcity,169.00946278040743
2025-10-11 20:00:00+00:00,bentre_bentrecity,129.10696096700082
2025-10-11 21:00:00+00:00,binhdinh_quynhon,51.594374020779895
2025-10-11 22:00:00+00:00,bacninh_bacninhcity,168.24484658349192
2025-10-11 23:00:00+00:00,binhduong_thudaumot,117.49131770836146
2025-10-12 00:00:00+00:00,backan_backancity,97.78396327199334
2025-10-12 01:00:00+00:00,angiang_longxuyen,67.40417504054578
2025-10-12 02:00:00+00:00,binhdinh_quynhon,51.56601219303226
2025-10-12 03:00:00+00:00,bacninh_bacninhcity,169.55376971252386
2025-10-12 04:00:00+00:00,binhduong_thudaumot,116.51494916065523
2025-10-12 05:00:00+00:00,bentre_bentrecity,129.0010544141438
2025-10-12 06:00:00+00:00,bacgiang_bacgiangcity,170.35471497105698
2025-10-12 07:00:00+00:00,backan_backancity,103.79911584233874
2025-10-12 08:00:00+00:00,angiang_longxuyen,66.65095694376004
2025-10-12 09:00:00+00:00,bacgiang_bacgiangcity,170.20529121525885
2025-10-12 10:00:00+00:00,backan_backancity,107.91101918052318
2025-10-12 11:00:00+00:00,bacninh_bacninhcity,169.54684603380792
2025-10-12 12:00:00+00:00,binhduong_thudaumot,115.33409860131923
2025-10-12 13:00:00+00:00,binhdinh_quynhon,51.58185612402367
2025-10-12 14:00:00+00:00,angiang_longxuyen,65.2675935470746
2025-10-12 15:00:00+00:00,bentre_bentrecity,126.71787724699283
2025-10-12 16:00:00+00:00,bacninh_bacninhcity,167.91787073365742
2025-10-12 17:00:00+00:00,backan_backancity,108.14918324514929
2025-10-12 18:00:00+00:00,binhdinh_quynhon,51.61091365520732
2025-10-12 19:00:00+00:00,angiang_longxuyen,64.29586500773014
2025-10-12 20:00:00+00:00,bentre_bentrecity,123.51037944107891
2025-10-12 21:00:00+00:00,binhduong_thudaumot,113.92642727892856
2025-10-12 22:00:00+00:00,bacgiang_bacgiangcity,168.55260481717954
2025-10-12 23:00:00+00:00,angiang_longxuyen,63.74479879257272
2025-10-13 00:00:00+00:00,bentre_bentrecity,119.7643833502301
2025-10-13 01:00:00+00:00,binhdinh_quynhon,51.653327739344036
2025-10-13 02:00:00+00:00,bacninh_bacninhcity,166.7483217813376
2025-10-13 03:00:00+00:00,bacgiang_bacgiangcity,167.33305575421525
2025-10-13 04:00:00+00:00,binhduong_thudaumot,111.69812848538521
2025-10-13 05:00:00+00:00,backan_backancity,106.78026999003724
2025-10-13 06:00:00+00:00,angiang_longxuyen,63.65038802423201
2025-10-13 07:00:00+00:00,backan_backancity,106.28305050606349
2025-10-13 08:00:00+00:00,bacninh_bacninhcity,166.09577101872466
2025-10-13 09:00:00+00:00,binhdinh_quynhon,51.76891457665492
2025-10-13 10:00:00+00:00,binhduong_thudaumot,108.48012960791571
2025-10-13 11:00:00+00:00,bentre_bentrecity,115.90271703295991
2025-10-13 12:00:00+00:00,bacgiang_bacgiangcity,166.63729513709703
2025-10-13 13:00:00+00:00,bacninh_bacninhcity,165.94995920268337
2025-10-13 14:00:00+00:00,bentre_bentrecity,112.10599892002445
2025-10-13 15:00:00+00:00,binhduong_thudaumot,104.64205287872763
2025-10-13 16:00:00+00:00,bacgiang_bacgiangcity,166.38170513092638
2025-10-13 17:00:00+00:00,angiang_longxuyen,63.8512843041111
2025-10-13 18:00:00+00:00,backan_backancity,107.43382618706798
2025-10-13 19:00:00+00:00,binhdinh_quynhon,51.86891003285185
2025-10-13 20:00:00+00:00,bacninh_bacninhcity,166.18001784577075
2025-10-13 21:00:00+00:00,binhduong_thudaumot,100.45667628875302
2025-10-13 22:00:00+00:00,backan_backancity,109.97735845241709
2025-10-13 23:00:00+00:00,binhdinh_quynhon,51.89436991955475
2025-10-14 00:00:00+00:00,bentre_bentrecity,108.60288671745496
2025-10-14 01:00:00+00:00,bacgiang_bacgiangcity,166.49531445504584
2025-10-14 02:00:00+00:00,angiang_longxuyen,64.05677413270469
2025-10-14 03:00:00+00:00,backan_backancity,113.30200247200789
2025-10-14 04:00:00+00:00,bentre_bentrecity,105.37337418637404
2025-10-14 05:00:00+00:00,binhduong_thudaumot,96.29789352847472
2025-10-14 06:00:00+00:00,binhdinh_quynhon,51.67151609561297
2025-10-14 07:00:00+00:00,angiang_longxuyen,64.17157472983104
2025-10-14 08:00:00+00:00,bacgiang_bacgiangcity,166.78614708185182
2025-10-14 09:00:00+00:00,bacninh_bacninhcity,166.50822785444035
2025-10-14 10:00:00+00:00,bacninh_bacninhcity,166.7840599715438
2025-10-14 11:00:00+00:00,binhdinh_quynhon,51.25701027032545
2025-10-14 12:00:00+00:00,bacgiang_bacgiangcity,167.00958224702097
2025-10-14 13:00:00+00:00,angiang_longxuyen,64.18054501557279
2025-10-14 14:00:00+00:00,binhduong_thudaumot,92.4189008898652
2025-10-14 15:00:00+00:00,bentre_bentrecity,102.31151188809639
2025-10-14 16:00:00+00:00,backan_backancity,117.08893070337287
2025-10-14 17:00:00+00:00,backan_backancity,121.07293003699186
2025-10-14 18:00:00+00:00,binhdinh_quynhon,50.72127573876649
2025-10-14 19:00:00+00:00,bacninh_bacninhcity,166.93519916047183
2025-10-14 20:00:00+00:00,bentre_bentrecity,99.23497906273909
2025-10-14 21:00:00+00:00,angiang_longxuyen,64.1220320680212
2025-10-14 22:00:00+00:00,binhduong_thudaumot,88.84137343637538
2025-10-14 23:00:00+00:00,bacgiang_bacgiangcity,167.1957162717989
2025-10-15 00:00:00+00:00,binhduong_thudaumot,85.59158424744446
2025-10-15 01:00:00+00:00,bacgiang_bacgiangcity,167.35569470643787
2025-10-15 02:00:00+00:00,backan_backancity,125.01247940090539
2025-10-15 03:00:00+00:00,angiang_longxuyen,63.92980110799411
2025-10-15 04:00:00+00:00,bentre_bentrecity,96.13228483978698
2025-10-15 05:00:00+00:00,bacninh_bacninhcity,166.97605505951555
2025-10-15 06:00:00+00:00,binhdinh_quynhon,50.161806283818585
2025-10-15 07:00:00+00:00,backan_backancity,128.8087567428283
2025-10-15 08:00:00+00:00,binhdinh_quynhon,49.5847822298414
2025-10-15 09:00:00+00:00,bacninh_bacninhcity,166.98226873951938
2025-10-15 10:00:00+00:00,angiang_longxuyen,63.662805854055655
2025-10-15 11:00:00+00:00,binhduong_thudaumot,82.77908040623849
2025-10-15 12:00:00+00:00,bacgiang_bacgiangcity,167.56071279092077
2025-10-15 13:00:00+00:00,bentre_bentrecity,93.11166069027912
2025-10-15 14:00:00+00:00,backan_backancity,132.4533159371419
2025-10-15 15:00:00+00:00,bacgiang_bacgiangcity,167.84323986232283
2025-10-15 16:00:00+00:00,bacninh_bacninhcity,167.05258243747704
2025-10-15 17:00:00+00:00,binhduong_thudaumot,80.35366524206688
2025-10-15 18:00:00+00:00,angiang_longxuyen,63.259445579020436
2025-10-15 19:00:00+00:00,binhdinh_quynhon,49.07970630038732
2025-10-15 20:00:00+00:00,bentre_bentrecity,90.5329930188653
2025-10-15 21:00:00+00:00,bentre_bentrecity,88.37269327982729
2025-10-15 22:00:00+00:00,backan_backancity,135.88040586150476
2025-10-15 23:00:00+00:00,bacninh_bacninhcity,167.26539621251692
2025-10-16 00:00:00+00:00,bacgiang_bacgiangcity,168.24348376717205
2025-10-16 01:00:00+00:00,binhduong_thudaumot,78.3782391609655
2025-10-16 02:00:00+00:00,binhdinh_quynhon,48.52916662789894
2025-10-16 03:00:00+00:00,angiang_longxuyen,62.72692271948801
2025-10-16 04:00:00+00:00,binhduong_thudaumot,76.47586670573762
2025-10-16 05:00:00+00:00,backan_backancity,138.2472771050266
2025-10-16 06:00:00+00:00,bacninh_bacninhcity,167.34128983323876
2025-10-16 07:00:00+00:00,bentre_bentrecity,86.42823314926657
2025-10-16 08:00:00+00:00,angiang_longxuyen,62.24911741170727
2025-10-16 09:00:00+00:00,bacgiang_bacgiangcity,168.50016497941698
2025-10-16 10:00:00+00:00,binhdinh_quynhon,47.92659215047034
2025-10-16 11:00:00+00:00,backan_backancity,139.92111574661595
2025-10-16 12:00:00+00:00,bacninh_bacninhcity,167.52573701543895
2025-10-16 13:00:00+00:00,bentre_bentrecity,84.68454302364621
2025-10-16 14:00:00+00:00,angiang_longxuyen,61.86110311554659
2025-10-16 15:00:00+00:00,binhduong_thudaumot,74.649285421753
2025-10-16 16:00:00+00:00,binhdinh_quynhon,47.270910722395335
2025-10-16 17:00:00+00:00,bacgiang_bacgiangcity,168.78227272272065
2025-10-16 18:00:00+00:00,angiang_longxuyen,61.50899378781307
2025-10-16 19:00:00+00:00,bacgiang_bacgiangcity,169.04468634067467
2025-10-16 20:00:00+00:00,backan_backancity,140.12239799894925
2025-10-16 21:00:00+00:00,binhduong_thudaumot,72.76825819626228
2025-10-16 22:00:00+00:00,bacninh_bacninhcity,167.78742157431276
2025-10-16 23:00:00+00:00,bentre_bentrecity,83.03747586034034
2025-10-17 00:00:00+00:00,binhdinh_quynhon,46.58983135381379
2025-10-17 01:00:00+00:00,backan_backancity,139.61872777164328
2025-10-17 02:00:00+00:00,binhduong_thudaumot,70.92827747349637
2025-10-17 03:00:00+00:00,bentre_bentrecity,81.47982803147636
2025-10-17 04:00:00+00:00,binhdinh_quynhon,45.83136212561375
2025-10-17 05:00:00+00:00,bacninh_bacninhcity,167.9190477113882
2025-10-17 06:00:00+00:00,angiang_longxuyen,61.204542527992515
2025-10-17 07:00:00+00:00,bacgiang_bacgiangcity,169.12300539323854
2025-10-17 08:00:00+00:00,bacninh_bacninhcity,167.71526378574043
2025-10-17 09:00:00+00:00,bentre_bentrecity,80.20088924402742
2025-10-17 10:00:00+00:00,binhduong_thudaumot,69.26348059402919
2025-10-17 11:00:00+00:00,angiang_longxuyen,60.91424835658564
2025-10-17 12:00:00+00:00,binhdinh_quynhon,45.02097721977417
2025-10-17 13:00:00+00:00,backan_backancity,138.77479661793018
2025-10-17 14:00:00+00:00,bacgiang_bacgiangcity,168.81150656230932
2025-10-17 15:00:00+00:00,angiang_longxuyen,60.80340278584211
2025-10-17 16:00:00+00:00,bacgiang_bacgiangcity,168.30275198181
2025-10-17 17:00:00+00:00,backan_backancity,137.66873298669265
2025-10-17 18:00:00+00:00,bentre_bentrecity,79.45952669620607
2025-10-17 19:00:00+00:00,binhdinh_quynhon,44.26975093145591
2025-10-17 20:00:00+00:00,binhduong_thudaumot,67.83608298191771
2025-10-17 21:00:00+00:00,bacninh_bacninhcity,167.37958211277171
2025-10-17 22:00:00+00:00,binhduong_thudaumot,66.86201716493376
2025-10-17 23:00:00+00:00,bacninh_bacninhcity,167.15401218637425
2025-10-18 00:00:00+00:00,binhdinh_quynhon,43.564507781202956
2025-10-18 01:00:00+00:00,bacgiang_bacgiangcity,167.9327235255071
2025-10-18 02:00:00+00:00,bentre_bentrecity,79.89724804985154
2025-10-18 03:00:00+00:00,angiang_longxuyen,60.67405912784785
2025-10-18 04:00:00+00:00,backan_backancity,136.35746304983718
2025-10-18 05:00:00+00:00,bacninh_bacninhcity,167.26071689214592
2025-10-18 06:00:00+00:00,angiang_longxuyen,60.674792952020084
2025-10-18 07:00:00+00:00,bentre_bentrecity,82.10162250759785
2025-10-18 08:00:00+00:00,binhdinh_quynhon,42.974570327831266
2025-10-18 09:00:00+00:00,bacgiang_bacgiangcity,167.92361266955055
2025-10-18 10:00:00+00:00,backan_backancity,135.02931753956634
2025-10-18 11:00:00+00:00,binhduong_thudaumot,66.31103910397884
2025-10-18 12:00:00+00:00,bacgiang_bacgiangcity,168.46776711872207
2025-10-18 13:00:00+00:00,bacninh_bacninhcity,167.75394680281966
2025-10-18 14:00:00+00:00,angiang_longxuyen,60.75516814179382
2025-10-18 15:00:00+00:00,backan_backancity,133.96329974172784
2025-10-18 16:00:00+00:00,binhdinh_quynhon,42.471367079543995
2025-10-18 17:00:00+00:00,bentre_bentrecity,86.09783119826429
2025-10-18 18:00:00+00:00,binhduong_thudaumot,65.7270723109176
2025-10-18 19:00:00+00:00,binhduong_thudaumot,64.87426379075725
2025-10-18 20:00:00+00:00,bentre_bentrecity,91.0063370092353
2025-10-18 21:00:00+00:00,bacninh_bacninhcity,168.59460433830986
2025-10-18 22:00:00+00:00,binhdinh_quynhon,42.010887646375224
2025-10-18 23:00:00+00:00,angiang_longxuyen,60.88706827166082
2025-10-19 00:00:00+00:00,backan_backancity,133.1914120143784
2025-10-19 01:00:00+00:00,bacgiang_bacgiangcity,169.67192493443756
2025-10-19 02:00:00+00:00,angiang_longxuyen,61.101166239002076
2025-10-19 03:00:00+00:00,bentre_bentrecity,94.4805066384663
2025-10-19 04:00:00+00:00,backan_backancity,132.33697383274463
2025-10-19 05:00:00+00:00,binhdinh_quynhon,41.55950953897896
2025-10-19 06:00:00+00:00,binhduong_thudaumot,64.26739120031985
2025-10-19 07:00:00+00:00,bacgiang_bacgiangcity,170.54955958406114
2025-10-19 08:00:00+00:00,bacninh_bacninhcity,169.26403305688422
2025-10-19 09:00:00+00:00,bacgiang_bacgiangcity,170.07678621346145
2025-10-19 10:00:00+00:00,backan_backancity,130.17632862453462
2025-10-19 11:00:00+00:00,binhduong_thudaumot,64.78332200941256
2025-10-19 12:00:00+00:00,bentre_bentrecity,93.02974875832653
2025-10-19 13:00:00+00:00,binhdinh_quynhon,41.12506656864841
2025-10-19 14:00:00+00:00,angiang_longxuyen,61.25156445611981
2025-10-19 15:00:00+00:00,bacninh_bacninhcity,168.84504804509083
2025-10-19 16:00:00+00:00,binhdinh_quynhon,40.74422135344309
2025-10-19 17:00:00+00:00,angiang_longxuyen,60.98665392994339
2025-10-19 18:00:00+00:00,backan_backancity,126.92785579227632
2025-10-19 19:00:00+00:00,binhduong_thudaumot,65.38616809708674
2025-10-19 20:00:00+00:00,bentre_bentrecity,86.72492683926637
2025-10-19 21:00:00+00:00,bacninh_bacninhcity,167.55836360055122
2025-10-19 22:00:00+00:00,bacgiang_bacgiangcity,168.74764003386483
2025-10-19 23:00:00+00:00,bacninh_bacninhcity,166.36220637434988
2025-10-20 00:00:00+00:00,bacgiang_bacgiangcity,167.42998725623852
2025-10-20 01:00:00+00:00,angiang_longxuyen,60.25264630166647
2025-10-20 02:00:00+00:00,binhdinh_quynhon,40.40143969335339
2025-10-20 03:00:00+00:00,backan_backancity,123.25586396316046
2025-10-20 04:00:00+00:00,binhduong_thudaumot,65.88569269432878
2025-10-20 05:00:00+00:00,bentre_bentrecity,81.00467687995494
2025-10-20 06:00:00+00:00,bacninh_bacninhcity,165.3061380886648
2025-10-20 07:00:00+00:00,bentre_bentrecity,78.2490789590143
2025-10-20 08:00:00+00:00,angiang_longxuyen,59.39280688821956
2025-10-20 09:00:00+00:00,binhdinh_quynhon,39.97158074155328
2025-10-20 10:00:00+00:00,backan_backancity,120.28292542975387
2025-10-20 11:00:00+00:00,bacgiang_bacgiangcity,166.24543302912414
2025-10-20 12:00:00+00:00,binhduong_thudaumot,66.41631666468825
2025-10-20 13:00:00+00:00,bacninh_bacninhcity,164.4725948355716
2025-10-20 14:00:00+00:00,binhdinh_quynhon,39.57877514535896
2025-10-20 15:00:00+00:00,bacgiang_bacgiangcity,165.35650987648745
2025-10-20 16:00:00+00:00,bentre_bentrecity,77.32923750675721
2025-10-20 17:00:00+00:00,binhduong_thudaumot,66.86595313094847
2025-10-20 18:00:00+00:00,backan_backancity,118.29843137852417
2025-10-20 19:00:00+00:00,angiang_longxuyen,58.47003728691157
2025-10-20 20:00:00+00:00,angiang_longxuyen,57.53836887624224
2025-10-20 21:00:00+00:00,bacgiang_bacgiangcity,164.71489023498555
2025-10-20 22:00:00+00:00,backan_backancity,117.04646777704286
2025-10-20 23:00:00+00:00,bentre_bentrecity,77.16711716325185
2025-10-21 00:00:00+00:00,binhduong_thudaumot,67.09691952406705
2025-10-21 01:00:00+00:00,bacninh_bacninhcity,163.89874909797678
2025-10-21 02:00:00+00:00,binhdinh_quynhon,39.23183832502128
2025-10-21 03:00:00+00:00,binhduong_thudaumot,67.16971821751706
2025-10-21 04:00:00+00:00,bacninh_bacninhcity,163.44240576468786
2025-10-21 05:00:00+00:00,backan_backancity,116.20055077122728
2025-10-21 06:00:00+00:00,binhdinh_quynhon,38.89960181358841
2025-10-21 07:00:00+00:00,angiang_longxuyen,56.59815903811362
2025-10-21 08:00:00+00:00,bentre_bentrecity,77.07931796009927
2025-10-21 09:00:00+00:00,bacgiang_bacgiangcity,164.1807996601761
2025-10-21 10:00:00+00:00,backan_backancity,115.64511139286164
2025-10-21 11:00:00+00:00,angiang_longxuyen,55.57117210907234
2025-10-21 12:00:00+00:00,binhduong_thudaumot,67.33762100019779
2025-10-21 13:00:00+00:00,bacninh_bacninhcity,163.0470317838907
2025-10-21 14:00:00+00:00,binhdinh_quynhon,38.57159670387596
2025-10-21 15:00:00+00:00,bacgiang_bacgiangcity,163.76110464967064
2025-10-21 16:00:00+00:00,bentre_bentrecity,77.03206969010067
2025-10-21 17:00:00+00:00,binhdinh_quynhon,38.318722800160984
2025-10-21 18:00:00+00:00,binhduong_thudaumot,67.65374911803171
2025-10-21 19:00:00+00:00,bacgiang_bacgiangcity,163.49582721140808
2025-10-21 20:00:00+00:00,bacninh_bacninhcity,162.76906014046693
2025-10-21 21:00:00+00:00,angiang_longxuyen,54.56657158237622
2025-10-21 22:00:00+00:00,backan_backancity,115.47954112272836
2025-10-21 23:00:00+00:00,bentre_bentrecity,76.90754115760019
2025-10-22 00:00:00+00:00,binhduong_thudaumot,68.0825311590336
2025-10-22 01:00:00+00:00,bentre_bentrecity,76.65058357001766
2025-10-22 02:00:00+00:00,backan_backancity,115.79973862915377
2025-10-22 03:00:00+00:00,bacgiang_bacgiangcity,163.39047102668022
2025-10-22 04:00:00+00:00,angiang_longxuyen,53.689575455084324
2025-10-22 05:00:00+00:00,bacninh_bacninhcity,162.66540509359288
2025-10-22 06:00:00+00:00,binhdinh_quynhon,38.13373239746967
2025-10-22 07:00:00+00:00,angiang_longxuyen,52.96232234475638
2025-10-22 08:00:00+00:00,bacninh_bacninhcity,162.6555794738322
2025-10-22 09:00:00+00:00,binhdinh_quynhon,37.998961299656095
2025-10-22 10:00:00+00:00,bentre_bentrecity,76.28502238749053
2025-10-22 11:00:00+00:00,backan_backancity,116.54450583522876
2025-10-22 12:00:00+00:00,binhduong_thudaumot,68.69551497999626
2025-10-22 13:00:00+00:00,bacgiang_bacgiangcity,163.37501306814303
2025-10-22 14:00:00+00:00,bacninh_bacninhcity,162.69803167870515
2025-10-22 15:00:00+00:00,backan_backancity,117.6387687160602
2025-10-22 16:00:00+00:00,angiang_longxuyen,52.46949270181296
2025-10-22 17:00:00+00:00,binhduong_thudaumot,69.58130984971693
2025-10-22 18:00:00+00:00,bentre_bentrecity,76.02158903984262
2025-10-22 19:00:00+00:00,bacgiang_bacgiangcity,163.38965619594353
2025-10-22 20:00:00+00:00,binhdinh_quynhon,37.920675602736424
2025-10-22 21:00:00+00:00,backan_backancity,119.05163518003384
2025-10-22 22:00:00+00:00,binhdinh_quynhon,37.87406347252349
2025-10-22 23:00:00+00:00,angiang_longxuyen,52.2632976395993
2025-10-23 00:00:00+00:00,bentre_bentrecity,76.02918459653445
2025-10-23 01:00:00+00:00,bacgiang_bacgiangcity,163.1864154907869
2025-10-23 02:00:00+00:00,binhduong_thudaumot,70.80558111888045
2025-10-23 03:00:00+00:00,bacninh_bacninhcity,162.5565084454886
2025-10-23 04:00:00+00:00,bacninh_bacninhcity,162.49530083839545
2025-10-23 05:00:00+00:00,bentre_bentrecity,76.36832334376913
2025-10-23 06:00:00+00:00,backan_backancity,120.43847232880731
2025-10-23 07:00:00+00:00,binhduong_thudaumot,72.50102230517643
2025-10-23 08:00:00+00:00,angiang_longxuyen,52.27226077770302
2025-10-23 09:00:00+00:00,bacgiang_bacgiangcity,163.06528208635604
2025-10-23 10:00:00+00:00,binhdinh_quynhon,37.76404702779274
2025-10-23 11:00:00+00:00,bacninh_bacninhcity,162.19430427029485
2025-10-23 12:00:00+00:00,bentre_bentrecity,76.85473917284355
2025-10-23 13:00:00+00:00,backan_backancity,121.68708607059328
2025-10-23 14:00:00+00:00,angiang_longxuyen,52.3780887065416
2025-10-23 15:00:00+00:00,binhdinh_quynhon,37.61986010813285
2025-10-23 16:00:00+00:00,bacgiang_bacgiangcity,162.67812312421427
2025-10-23 17:00:00+00:00,binhduong_thudaumot,73.74605031521173
2025-10-23 18:00:00+00:00,bentre_bentrecity,77.07527716205996
2025-10-23 19:00:00+00:00,angiang_longxuyen,52.52931843221813
2025-10-23 20:00:00+00:00,binhduong_thudaumot,74.13736443760143
2025-10-23 21:00:00+00:00,bacgiang_bacgiangcity,162.11841541466498
2025-10-23 22:00:00+00:00,bacninh_bacninhcity,161.75150332854807
2025-10-23 23:00:00+00:00,backan_backancity,122.65779726278987
2025-10-24 00:00:00+00:00,binhdinh_quynhon,37.482029821237624
2025-10-24 01:00:00+00:00,bentre_bentrecity,77.02562252058748
2025-10-24 02:00:00+00:00,angiang_longxuyen,52.64065957253252
2025-10-24 03:00:00+00:00,bacgiang_bacgiangcity,161.5748899576411
2025-10-24 04:00:00+00:00,bacninh_bacninhcity,161.29063315783304
2025-10-24 05:00:00+00:00,backan_backancity,123.163402117459
2025-10-24 06:00:00+00:00,binhdinh_quynhon,37.41348873751417
2025-10-24 07:00:00+00:00,binhduong_thudaumot,73.94950068441754
2025-10-24 08:00:00+00:00,bacninh_bacninhcity,160.88307960181362
2025-10-24 09:00:00+00:00,bacgiang_bacgiangcity,161.15085394829856
2025-10-24 10:00:00+00:00,binhduong_thudaumot,73.3931261567415
2025-10-24 11:00:00+00:00,backan_backancity,123.62477738792894
2025-10-24 12:00:00+00:00,bentre_bentrecity,76.98723255666798
2025-10-24 13:00:00+00:00,binhdinh_quynhon,37.54537695465111
2025-10-24 14:00:00+00:00,angiang_longxuyen,53.117750116509136
2025-10-24 15:00:00+00:00,binhduong_thudaumot,72.80819919763672
2025-10-24 16:00:00+00:00,backan_backancity,124.19806322721055
2025-10-24 17:00:00+00:00,binhdinh_quynhon,37.94609260361107
2025-10-24 18:00:00+00:00,bacninh_bacninhcity,160.69654054421338
2025-10-24 19:00:00+00:00,bentre_bentrecity,76.93140473847387
2025-10-24 20:00:00+00:00,bacgiang_bacgiangcity,160.96475327916485
2025-10-24 21:00:00+00:00,angiang_longxuyen,53.93161830462081
2025-10-24 22:00:00+00:00,backan_backancity,125.02465421103564
2025-10-24 23:00:00+00:00,bacninh_bacninhcity,160.74367683454932
2025-10-25 00:00:00+00:00,angiang_longxuyen,55.11935084811753
2025-10-25 01:00:00+00:00,binhdinh_quynhon,38.517312775498766
2025-10-25 02:00:00+00:00,bacgiang_bacgiangcity,161.07391200733065
2025-10-25 03:00:00+00:00,bentre_bentrecity,76.85938275502434
2025-10-25 04:00:00+00:00,binhduong_thudaumot,72.46369257423306
2025-10-25 05:00:00+00:00,bentre_bentrecity,76.85307139063393
2025-10-25 06:00:00+00:00,backan_backancity,125.96505703539137
2025-10-25 07:00:00+00:00,bacgiang_bacgiangcity,161.4409479858403
2025-10-25 08:00:00+00:00,binhdinh_quynhon,39.1398243979704
2025-10-25 09:00:00+00:00,angiang_longxuyen,56.44082522954987
2025-10-25 10:00:00+00:00,binhduong_thudaumot,72.67898657967322
2025-10-25 11:00:00+00:00,bacninh_bacninhcity,161.0525834554156
2025-10-25 12:00:00+00:00,binhduong_thudaumot,73.2780229762714
2025-10-25 13:00:00+00:00,backan_backancity,126.99820284587818
2025-10-25 14:00:00+00:00,binhdinh_quynhon,39.67211853308551
2025-10-25 15:00:00+00:00,angiang_longxuyen,57.726254072340254
2025-10-25 16:00:00+00:00,bacgiang_bacgiangcity,162.08552198439924
2025-10-25 17:00:00+00:00,bentre_bentrecity,76.91513671429202
2025-10-25 18:00:00+00:00,bacninh_bacninhcity,161.63686474455065
2025-10-25 19:00:00+00:00,binhduong_thudaumot,73.94549800711445
2025-10-25 20:00:00+00:00,binhdinh_quynhon,40.02034669336264
2025-10-25 21:00:00+00:00,angiang_longxuyen,58.88816458213999
2025-10-25 22:00:00+00:00,bacgiang_bacgiangcity,162.90385029864862
2025-10-25 23:00:00+00:00,bentre_bentrecity,76.98011827427094
2025-10-26 00:00:00+00:00,backan_backancity,128.16795669715518
2025-10-26 01:00:00+00:00,bacninh_bacninhcity,162.41297434343647
2025-10-26 02:00:00+00:00,bacgiang_bacgiangcity,163.7628867940889
2025-10-26 03:00:00+00:00,binhduong_thudaumot,74.5796960177835
2025-10-26 04:00:00+00:00,binhdinh_quynhon,40.13797775515332
2025-10-26 05:00:00+00:00,backan_backancity,129.5729893498356
2025-10-26 06:00:00+00:00,angiang_longxuyen,59.76956841955732
2025-10-26 07:00:00+00:00,bacninh_bacninhcity,163.31026023258144
2025-10-26 08:00:00+00:00,bentre_bentrecity,76.84132543878616
2025-10-26 09:00:00+00:00,backan_backancity,131.31954091321847
2025-10-26 10:00:00+00:00,angiang_longxuyen,60.43946888224236
2025-10-26 11:00:00+00:00,bentre_bentrecity,76.4600585129364
2025-10-26 12:00:00+00:00,binhduong_thudaumot,75.10472100501067
2025-10-26 13:00:00+00:00,bacgiang_bacgiangcity,164.7208227745598
2025-10-26 14:00:00+00:00,bacninh_bacninhcity,164.3269974486716
2025-10-26 15:00:00+00:00,binhdinh_quynhon,40.10346895869022
2025-10-26 16:00:00+00:00,backan_backancity,132.55383317091582
2025-10-26 17:00:00+00:00,binhduong_thudaumot,75.00539742678963
2025-10-26 18:00:00+00:00,binhdinh_quynhon,39.993890902426
2025-10-26 19:00:00+00:00,angiang_longxuyen,60.4402551224269
2025-10-26 20:00:00+00:00,bentre_bentrecity,75.7270420238012
2025-10-26 21:00:00+00:00,bacninh_bacninhcity,165.9255905220548
2025-10-26 22:00:00+00:00,bacgiang_bacgiangcity,166.12489526119668
2025-10-26 23:00:00+00:00,binhdinh_quynhon,39.8851991532789
2025-10-27 00:00:00+00:00,backan_backancity,133.69483922199095
2025-10-27 01:00:00+00:00,bentre_bentrecity,74.56035212669791
2025-10-27 02:00:00+00:00,angiang_longxuyen,60.29364753601703
2025-10-27 03:00:00+00:00,bacgiang_bacgiangcity,167.89583218303025
2025-10-27 04:00:00+00:00,binhduong_thudaumot,74.52161669360642
2025-10-27 05:00:00+00:00,bacninh_bacninhcity,167.76622644497448
2025-10-27 06:00:00+00:00,backan_backancity,134.62384632876294
2025-10-27 07:00:00+00:00,binhduong_thudaumot,73.95887838552765
2025-10-27 08:00:00+00:00,bacninh_bacninhcity,169.615325171335
2025-10-27 09:00:00+00:00,bentre_bentrecity,73.23252111250088
2025-10-27 10:00:00+00:00,angiang_longxuyen,60.093856757488325
2025-10-27 11:00:00+00:00,bacgiang_bacgiangcity,169.8019738260519
2025-10-27 12:00:00+00:00,binhdinh_quynhon,39.79258482463255
2025-10-27 13:00:00+00:00,bentre_bentrecity,71.7347025878611
2025-10-27 14:00:00+00:00,bacgiang_bacgiangcity,171.5092062325699
2025-10-27 15:00:00+00:00,angiang_longxuyen,59.88909122288292
2025-10-27 16:00:00+00:00,backan_backancity,135.30711763967713
2025-10-27 17:00:00+00:00,binhdinh_quynhon,39.73737170331
2025-10-27 18:00:00+00:00,bacninh_bacninhcity,171.15165278719496
2025-10-27 19:00:00+00:00,binhduong_thudaumot,73.31631049071231
2025-10-27 20:00:00+00:00,backan_backancity,135.82225982603927
2025-10-27 21:00:00+00:00,angiang_longxuyen,59.84457573316208
2025-10-27 22:00:00+00:00,bentre_bentrecity,70.09103174389782
2025-10-27 23:00:00+00:00,bacninh_bacninhcity,172.36392078954123
2025-10-28 00:00:00+00:00,binhdinh_quynhon,39.737271636377415
2025-10-28 01:00:00+00:00,binhduong_thudaumot,72.62835032924306
2025-10-28 02:00:00+00:00,bacgiang_bacgiangcity,172.89569552962536
2025-10-28 03:00:00+00:00,backan_backancity,136.16576816266317
2025-10-28 04:00:00+00:00,bacninh_bacninhcity,173.2763739666097
2025-10-28 05:00:00+00:00,angiang_longxuyen,60.00261715789191
2025-10-28 06:00:00+00:00,bacgiang_bacgiangcity,173.9542178377046
2025-10-28 07:00:00+00:00,binhdinh_quynhon,39.79796937862361
2025-10-28 08:00:00+00:00,bentre_bentrecity,68.36893939789206
2025-10-28 09:00:00+00:00,binhduong_thudaumot,71.92366469475732
2025-10-28 10:00:00+00:00,binhdinh_quynhon,39.895501282242336
2025-10-28 11:00:00+00:00,bacninh_bacninhcity,174.06675025102584
2025-10-28 12:00:00+00:00,bentre_bentrecity,66.57418416355908
2025-10-28 13:00:00+00:00,bacgiang_bacgiangcity,174.81449802216406
2025-10-28 14:00:00+00:00,backan_backancity,136.18947926059198
2025-10-28 15:00:00+00:00,angiang_longxuyen,60.274830187600465
2025-10-28 16:00:00+00:00,binhduong_thudaumot,71.21973670990396
2025-10-28 17:00:00+00:00,backan_backancity,135.6938334482603
2025-10-28 18:00:00+00:00,bacninh_bacninhcity,174.7907773940512
2025-10-28 19:00:00+00:00,binhduong_thudaumot,70.6977113481081
2025-10-28 20:00:00+00:00,angiang_longxuyen,60.6078243486657
2025-10-28 21:00:00+00:00,binhdinh_quynhon,40.022805480848824
2025-10-28 22:00:00+00:00,bacgiang_bacgiangcity,175.58136810760857
2025-10-28 23:00:00+00:00,bentre_bentrecity,64.79016944665608
2025-10-29 00:00:00+00:00,bacninh_bacninhcity,175.37533505852383
2025-10-29 01:00:00+00:00,bentre_bentrecity,63.05555443880207
2025-10-29 02:00:00+00:00,backan_backancity,134.69130097150412
2025-10-29 03:00:00+00:00,binhdinh_quynhon,40.09434380745757
2025-10-29 04:00:00+00:00,binhduong_thudaumot,70.46829122735244
2025-10-29 05:00:00+00:00,angiang_longxuyen,60.87656839137824
2025-10-29 06:00:00+00:00,bacgiang_bacgiangcity,176.21745547726653
2025-10-29 07:00:00+00:00,binhdinh_quynhon,40.130582332326654
2025-10-29 08:00:00+00:00,bentre_bentrecity,61.5721741430056
2025-10-29 09:00:00+00:00,angiang_longxuyen,61.0473016387233
2025-10-29 10:00:00+00:00,bacgiang_bacgiangcity,176.77554305552644
2025-10-29 11:00:00+00:00,bacninh_bacninhcity,175.8980037077434
2025-10-29 12:00:00+00:00,binhduong_thudaumot,70.5078724642788
2025-10-29 13:00:00+00:00,backan_backancity,133.51683920930395
2025-10-29 14:00:00+00:00,bacgiang_bacgiangcity,177.29566714560332
2025-10-29 15:00:00+00:00,backan_backancity,132.41619825279372
2025-10-29 16:00:00+00:00,bacninh_bacninhcity,176.3854345014197
2025-10-29 17:00:00+00:00,bentre_bentrecity,60.28186822852507
2025-10-29 18:00:00+00:00,binhduong_thudaumot,70.74933159004192
2025-10-29 19:00:00+00:00,angiang_longxuyen,61.1887510130134
2025-10-29 20:00:00+00:00,binhdinh_quynhon,40.17898613714192
2025-10-29 21:00:00+00:00,binhduong_thudaumot,71.31784995475003
2025-10-29 22:00:00+00:00,bacgiang_bacgiangcity,177.73084394010613
2025-10-29 23:00:00+00:00,bentre_bentrecity,59.23777938419712
2025-10-30 00:00:00+00:00,bacninh_bacninhcity,176.76952950938775
2025-10-30 01:00:00+00:00,backan_backancity,131.5690935477903
2025-10-30 02:00:00+00:00,binhdinh_quynhon,40.269113087749915
2025-10-30 03:00:00+00:00,angiang_longxuyen,61.41439479833727
2025-10-30 04:00:00+00:00,binhdinh_quynhon,40.43613432840556
2025-10-30 05:00:00+00:00,binhduong_thudaumot,71.7117729650248
2025-10-30 06:00:00+00:00,bacninh_bacninhcity,177.12163168948322
2025-10-30 07:00:00+00:00,bacgiang_bacgiangcity,178.20724831083078
2025-10-30 08:00:00+00:00,angiang_longxuyen,61.56298704557659
2025-10-30 09:00:00+00:00,backan_backancity,130.87809802269953
2025-10-30 10:00:00+00:00,bentre_bentrecity,58.16273650205858
2025-10-30 11:00:00+00:00,binhduong_thudaumot,71.86910915613457
2025-10-30 12:00:00+00:00,backan_backancity,131.0476685875899
2025-10-30 13:00:00+00:00,binhdinh_quynhon,40.65528567584197
2025-10-30 14:00:00+00:00,bacgiang_bacgiangcity,178.72731998489536
2025-10-30 15:00:00+00:00,bacninh_bacninhcity,177.4853130432055
2025-10-30 16:00:00+00:00,bentre_bentrecity,57.18485622890662
2025-10-30 17:00:00+00:00,angiang_longxuyen,61.67190037150297
2025-10-30 18:00:00+00:00,backan_backancity,131.9645842733421
2025-10-30 19:00:00+00:00,bacninh_bacninhcity,177.73890647581663
2025-10-30 20:00:00+00:00,bentre_bentrecity,56.252737517040686
2025-10-30 21:00:00+00:00,angiang_longxuyen,61.86951588552113
2025-10-30 22:00:00+00:00,bacgiang_bacgiangcity,179.05115563908376
2025-10-30 23:00:00+00:00,binhduong_thudaumot,71.64770392016915
2025-10-31 00:00:00+00:00,binhdinh_quynhon,40.90594381176416
2025-10-31 01:00:00+00:00,binhduong_thudaumot,71.18484670607866
2025-10-31 02:00:00+00:00,bacgiang_bacgiangcity,179.0880088608244
2025-10-31 03:00:00+00:00,bacninh_bacninhcity,177.81440459390024
2025-10-31 04:00:00+00:00,backan_backancity,132.87850271620903
2025-10-31 05:00:00+00:00,bentre_bentrecity,55.41947540437712
2025-10-31 06:00:00+00:00,binhdinh_quynhon,41.24067723141943
2025-10-31 07:00:00+00:00,angiang_longxuyen,62.12317602942064
2025-10-31 08:00:00+00:00,binhduong_thudaumot,70.66551838637035
2025-10-31 09:00:00+00:00,backan_backancity,133.28864133465336
2025-10-31 10:00:00+00:00,bentre_bentrecity,54.62310463419039
2025-10-31 11:00:00+00:00,angiang_longxuyen,62.232573012187814
2025-10-31 12:00:00+00:00,binhdinh_quynhon,41.90771387379595
2025-10-31 13:00:00+00:00,bacninh_bacninhcity,177.9421757715254
2025-10-31 14:00:00+00:00,bacgiang_bacgiangcity,179.11598948120982
2025-10-31 15:00:00+00:00,backan_backancity,133.12287093065493
2025-10-31 16:00:00+00:00,bentre_bentrecity,53.86680828795488
2025-10-31 17:00:00+00:00,bacgiang_bacgiangcity,179.34336061239367
2025-10-31 18:00:00+00:00,binhduong_thudaumot,70.09347147101589
2025-10-31 19:00:00+00:00,bacninh_bacninhcity,178.30662907015616
2025-10-31 20:00:00+00:00,angiang_longxuyen,62.13910573206855
2025-10-31 21:00:00+00:00,binhdinh_quynhon,42.98551574421841
2025-10-31 22:00:00+00:00,angiang_longxuyen,62.270026635523905
2025-10-31 23:00:00+00:00,binhduong_thudaumot,69.60815876074584
2025-11-01 00:00:00+00:00,bentre_bentrecity,53.37866273047449
2025-11-01 01:00:00+00:00,bacninh_bacninhcity,178.84902043527754
2025-11-01 02:00:00+00:00,bacgiang_bacgiangcity,179.7865713520548
2025-11-01 03:00:00+00:00,backan_backancity,132.61893385819542
2025-11-01 04:00:00+00:00,binhdinh_quynhon,44.44373397156372
2025-11-01 05:00:00+00:00,bacgiang_bacgiangcity,180.4042416410265
2025-11-01 06:00:00+00:00,binhduong_thudaumot,69.28432787164947
2025-11-01 07:00:00+00:00,bentre_bentrecity,53.42432660737395
2025-11-01 08:00:00+00:00,angiang_longxuyen,63.00158500649869
2025-11-01 09:00:00+00:00,binhdinh_quynhon,46.03144833984816
2025-11-01 10:00:00+00:00,bacninh_bacninhcity,179.41636182225486
2025-11-01 11:00:00+00:00,backan_backancity,131.98691349458295
2025-11-01 12:00:00+00:00,bacninh_bacninhcity,179.94545858061952
2025-11-01 13:00:00+00:00,bentre_bentrecity,54.11146717301446
2025-11-01 14:00:00+00:00,binhduong_thudaumot,69.21346618810863
2025-11-01 15:00:00+00:00,backan_backancity,131.30754002894724
2025-11-01 16:00:00+00:00,bacgiang_bacgiangcity,181.137656015346
2025-11-01 17:00:00+00:00,binhdinh_quynhon,47.42388923684596
2025-11-01 18:00:00+00:00,angiang_longxuyen,64.44026159143925
2025-11-01 19:00:00+00:00,bacgiang_bacgiangcity,181.81065855294094
2025-11-01 20:00:00+00:00,bacninh_bacninhcity,180.37228693389014
2025-11-01 21:00:00+00:00,bentre_bentrecity,55.13588571745292
2025-11-01 22:00:00+00:00,binhduong_thudaumot,69.2938485255204
2025-11-01 23:00:00+00:00,backan_backancity,130.67125252542414
2025-11-02 00:00:00+00:00,binhdinh_quynhon,48.30104261217476
2025-11-02 01:00:00+00:00,angiang_longxuyen,66.43013781411399
2025-11-02 02:00:00+00:00,bentre_bentrecity,55.928692198803084
2025-11-02 03:00:00+00:00,binhduong_thudaumot,69.6204598458148
2025-11-02 04:00:00+00:00,bacgiang_bacgiangcity,182.49284818796488
2025-11-02 05:00:00+00:00,backan_backancity,130.16850910851753
2025-11-02 06:00:00+00:00,bacninh_bacninhcity,180.94626132896974
2025-11-02 07:00:00+00:00,angiang_longxuyen,68.20563969410989
2025-11-02 08:00:00+00:00,binhdinh_quynhon,48.541894188704376
2025-11-02 09:00:00+00:00,binhduong_thudaumot,70.36123390477076
2025-11-02 10:00:00+00:00,bacgiang_bacgiangcity,183.24922077567282
2025-11-02 11:00:00+00:00,binhdinh_quynhon,48.323176464642465
2025-11-02 12:00:00+00:00,bacninh_bacninhcity,181.71287886453678
2025-11-02 13:00:00+00:00,backan_backancity,129.85818725531908
2025-11-02 14:00:00+00:00,bentre_bentrecity,56.14219214709489
2025-11-02 15:00:00+00:00,angiang_longxuyen,68.99072196128348
2025-11-02 16:00:00+00:00,bentre_bentrecity,56.168323911773655
2025-11-02 17:00:00+00:00,bacninh_bacninhcity,181.66193050057882
2025-11-02 18:00:00+00:00,bacgiang_bacgiangcity,183.2162844595788
2025-11-02 19:00:00+00:00,binhduong_thudaumot,71.7112702478159
2025-11-02 20:00:00+00:00,binhdinh_quynhon,47.86229676374338
2025-11-02 21:00:00+00:00,backan_backancity,129.41560550780557
2025-11-02 22:00:00+00:00,angiang_longxuyen,68.84719738941541
2025-11-02 23:00:00+00:00,angiang_longxuyen,68.58313266707387
2025-11-03 00:00:00+00:00,binhduong_thudaumot,73.3249067167299
2025-11-03 01:00:00+00:00,bentre_bentrecity,56.15364742832898
2025-11-03 02:00:00+00:00,bacninh_bacninhcity,181.28057065543453
2025-11-03 03:00:00+00:00,backan_backancity,128.9075990467546
2025-11-03 04:00:00+00:00,binhdinh_quynhon,47.43368626605448
2025-11-03 05:00:00+00:00,bacgiang_bacgiangcity,182.8574920902767
2025-11-03 06:00:00+00:00,bentre_bentrecity,56.409337501432205
2025-11-03 07:00:00+00:00,binhdinh_quynhon,47.17316438963538
2025-11-03 08:00:00+00:00,angiang_longxuyen,68.74260361941195
2025-11-03 09:00:00+00:00,binhduong_thudaumot,75.19946056470128
2025-11-03 10:00:00+00:00,bacninh_bacninhcity,180.7250466966854
2025-11-03 11:00:00+00:00,bacgiang_bacgiangcity,182.26704953715011
2025-11-03 12:00:00+00:00,backan_backancity,128.67567963523052
2025-11-03 13:00:00+00:00,binhdinh_quynhon,47.13480063372204
2025-11-03 14:00:00+00:00,bacninh_bacninhcity,179.99450090776645
2025-11-03 15:00:00+00:00,binhduong_thudaumot,77.08957243814244
2025-11-03 16:00:00+00:00,bacgiang_bacgiangcity,181.46786736266716
2025-11-03 17:00:00+00:00,bentre_bentrecity,56.87984268822682
2025-11-03 18:00:00+00:00,backan_backancity,128.97378855756247
2025-11-03 19:00:00+00:00,angiang_longxuyen,69.42333037118345
2025-11-03 20:00:00+00:00,bacninh_bacninhcity,179.0672807105048
2025-11-03 21:00:00+00:00,bentre_bentrecity,57.397712889774716
2025-11-03 22:00:00+00:00,angiang_longxuyen,70.39377710077252
2025-11-03 23:00:00+00:00,bacgiang_bacgiangcity,180.4510920258408
2025-11-04 00:00:00+00:00,binhduong_thudaumot,78.73576401578826
2025-11-04 01:00:00+00:00,binhdinh_quynhon,47.19032348602638
2025-11-04 02:00:00+00:00,backan_backancity,129.53743461567248
2025-11-04 03:00:00+00:00,binhdinh_quynhon,47.25086398023567
2025-11-04 04:00:00+00:00,angiang_longxuyen,71.55496808167611
2025-11-04 05:00:00+00:00,bacninh_bacninhcity,177.80063347794078
2025-11-04 06:00:00+00:00,backan_backancity,130.20215780586966
2025-11-04 07:00:00+00:00,binhduong_thudaumot,79.83516128327932
2025-11-04 08:00:00+00:00,bacgiang_bacgiangcity,179.0757435139456
2025-11-04 09:00:00+00:00,bentre_bentrecity,57.93888200879103
2025-11-04 10:00:00+00:00,bacninh_bacninhcity,176.1760468275476
2025-11-04 11:00:00+00:00,bentre_bentrecity,58.389492936370864
2025-11-04 12:00:00+00:00,backan_backancity,130.74010095758337
2025-11-04 13:00:00+00:00,binhduong_thudaumot,80.57643091180614
2025-11-04 14:00:00+00:00,bacgiang_bacgiangcity,177.3494936251459
2025-11-04 15:00:00+00:00,angiang_longxuyen,72.86005769417193
2025-11-04 16:00:00+00:00,binhdinh_quynhon,47.295336584128265
2025-11-04 17:00:00+00:00,backan_backancity,130.81564672658723
2025-11-04 18:00:00+00:00,binhduong_thudaumot,80.95687824182716
2025-11-04 19:00:00+00:00,binhdinh_quynhon,47.219719338743985
2025-11-04 20:00:00+00:00,angiang_longxuyen,74.27841116161522
2025-11-04 21:00:00+00:00,bentre_bentrecity,58.7332847959704
2025-11-04 22:00:00+00:00,bacninh_bacninhcity,174.34380223168833
2025-11-04 23:00:00+00:00,bacgiang_bacgiangcity,175.4169295468318
2025-11-05 00:00:00+00:00,bacgiang_bacgiangcity,173.31246000853392
2025-11-05 01:00:00+00:00,binhdinh_quynhon,47.08395710178869
2025-11-05 02:00:00+00:00,bentre_bentrecity,59.053322671812886
2025-11-05 03:00:00+00:00,binhduong_thudaumot,81.00018339817301
2025-11-05 04:00:00+00:00,backan_backancity,130.0801809801499
2025-11-05 05:00:00+00:00,angiang_longxuyen,75.76760725223126
2025-11-05 06:00:00+00:00,bacninh_bacninhcity,172.35497671180565
2025-11-05 07:00:00+00:00,bentre_bentrecity,59.44323109205449
2025-11-05 08:00:00+00:00,binhdinh_quynhon,46.89578838271504
2025-11-05 09:00:00+00:00,angiang_longxuyen,77.25119482953093
2025-11-05 10:00:00+00:00,bacninh_bacninhcity,170.33584044153608
2025-11-05 11:00:00+00:00,bacgiang_bacgiangcity,171.14256575669856
2025-11-05 12:00:00+00:00,backan_backancity,128.4143596058968
2025-11-05 13:00:00+00:00,binhduong_thudaumot,81.06036889302626
2025-11-05 14:00:00+00:00,bentre_bentrecity,60.143087305770365
2025-11-05 15:00:00+00:00,binhdinh_quynhon,46.65698103066522
2025-11-05 16:00:00+00:00,bacgiang_bacgiangcity,169.03760064882977
2025-11-05 17:00:00+00:00,backan_backancity,126.20375240777854
2025-11-05 18:00:00+00:00,bacninh_bacninhcity,168.44184978318455
2025-11-05 19:00:00+00:00,binhduong_thudaumot,81.45166752886689
2025-11-05 20:00:00+00:00,angiang_longxuyen,78.79267350987261
2025-11-05 21:00:00+00:00,backan_backancity,123.60627691813221
2025-11-05 22:00:00+00:00,binhdinh_quynhon,46.36642954428886
2025-11-05 23:00:00+00:00,angiang_longxuyen,80.55801383111988
2025-11-06 00:00:00+00:00,bacgiang_bacgiangcity,167.07823769295308
2025-11-06 01:00:00+00:00,bentre_bentrecity,61.455315026123365
2025-11-06 02:00:00+00:00,binhduong_thudaumot,82.62902765829276
2025-11-06 03:00:00+00:00,bacninh_bacninhcity,166.70732769462506
2025-11-06 04:00:00+00:00,bacgiang_bacgiangcity,165.34398721463918
2025-11-06 05:00:00+00:00,bentre_bentrecity,63.008289490981376
2025-11-06 06:00:00+00:00,backan_backancity,120.93560484985156
2025-11-06 07:00:00+00:00,binhdinh_quynhon,46.05826151268686
2025-11-06 08:00:00+00:00,angiang_longxuyen,82.55502101401378
2025-11-06 09:00:00+00:00,bacninh_bacninhcity,165.0890500260763
2025-11-06 10:00:00+00:00,binhduong_thudaumot,85.30372861188265
2025-11-06 11:00:00+00:00,binhduong_thudaumot,87.56926421707485
2025-11-06 12:00:00+00:00,bentre_bentrecity,64.09915962628924
2025-11-06 13:00:00+00:00,backan_backancity,117.95914253089062
2025-11-06 14:00:00+00:00,binhdinh_quynhon,45.683649037853506
2025-11-06 15:00:00+00:00,angiang_longxuyen,84.18687204720285
2025-11-06 16:00:00+00:00,bacninh_bacninhcity,163.1180745409286
2025-11-06 17:00:00+00:00,bacgiang_bacgiangcity,163.2733021788162
2025-11-06 18:00:00+00:00,angiang_longxuyen,85.71912789192533
2025-11-06 19:00:00+00:00,binhdinh_quynhon,45.22309336321229
2025-11-06 20:00:00+00:00,bacninh_bacninhcity,160.94719868013556
2025-11-06 21:00:00+00:00,bentre_bentrecity,64.79819386163037
2025-11-06 22:00:00+00:00,bacgiang_bacgiangcity,160.95466557934265
2025-11-06 23:00:00+00:00,backan_backancity,115.12943313364639
2025-11-07 00:00:00+00:00,binhduong_thudaumot,89.75238874692455
2025-11-07 01:00:00+00:00,binhdinh_quynhon,44.81901832437295
2025-11-07 02:00:00+00:00,bentre_bentrecity,65.3560050645527
2025-11-07 03:00:00+00:00,binhduong_thudaumot,91.7843490711131
2025-11-07 04:00:00+00:00,bacgiang_bacgiangcity,158.6949255173289
2025-11-07 05:00:00+00:00,bacninh_bacninhcity,158.7766992616127
2025-11-07 06:00:00+00:00,backan_backancity,112.5326771728962
2025-11-07 07:00:00+00:00,angiang_longxuyen,87.41756036474158
2025-11-07 08:00:00+00:00,binhdinh_quynhon,44.59066081913942
2025-11-07 09:00:00+00:00,binhduong_thudaumot,93.62257981383192
2025-11-07 10:00:00+00:00,angiang_longxuyen,88.98171254422307
2025-11-07 11:00:00+00:00,bentre_bentrecity,65.72180688422722
2025-11-07 12:00:00+00:00,backan_backancity,110.05586810866205
2025-11-07 13:00:00+00:00,bacninh_bacninhcity,156.62620846451327
2025-11-07 14:00:00+00:00,bacgiang_bacgiangcity,156.62606551175247
2025-11-07 15:00:00+00:00,backan_backancity,107.49961840832808
2025-11-07 16:00:00+00:00,bacninh_bacninhcity,154.38020139772277
2025-11-07 17:00:00+00:00,angiang_longxuyen,90.425307895409
2025-11-07 18:00:00+00:00,binhdinh_quynhon,44.494444080920296
2025-11-07 19:00:00+00:00,bentre_bentrecity,65.96988234027052
2025-11-07 20:00:00+00:00,binhduong_thudaumot,95.19334132486468
2025-11-07 21:00:00+00:00,bacgiang_bacgiangcity,154.6325511413147
2025-11-07 22:00:00+00:00,bacgiang_bacgiangcity,152.46648325837742
2025-11-07 23:00:00+00:00,binhduong_thudaumot,96.7944670446605
2025-11-08 00:00:00+00:00,bacninh_bacninhcity,151.93649066271158
2025-11-08 01:00:00+00:00,backan_backancity,104.75580098615241
2025-11-08 02:00:00+00:00,angiang_longxuyen,91.93274952339831
2025-11-08 03:00:00+00:00,bentre_bentrecity,66.46207584342827
2025-11-08 04:00:00+00:00,binhdinh_quynhon,44.52829052959157
2025-11-08 05:00:00+00:00,angiang_longxuyen,93.75112770145758
2025-11-08 06:00:00+00:00,binhduong_thudaumot,98.4864648563301
2025-11-08 07:00:00+00:00,binhdinh_quynhon,44.523330068790955
2025-11-08 08:00:00+00:00,bacninh_bacninhcity,149.22582994213622
2025-11-08 09:00:00+00:00,bentre_bentrecity,67.5126785685578
2025-11-08 10:00:00+00:00,bacgiang_bacgiangcity,150.0374299464428
2025-11-08 11:00:00+00:00,backan_backancity,101.67412245704192
2025-11-08 12:00:00+00:00,backan_backancity,98.44975041789478
2025-11-08 13:00:00+00:00,bentre_bentrecity,69.30495118994446
2025-11-08 14:00:00+00:00,bacgiang_bacgiangcity,147.2594241802429
2025-11-08 15:00:00+00:00,binhduong_thudaumot,100.35623142481424
2025-11-08 16:00:00+00:00,binhdinh_quynhon,44.39469164441677
2025-11-08 17:00:00+00:00,angiang_longxuyen,95.90598168485381
2025-11-08 18:00:00+00:00,bacninh_bacninhcity,146.19211504246496
2025-11-08 19:00:00+00:00,backan_backancity,94.89444899162156
2025-11-08 20:00:00+00:00,binhdinh_quynhon,44.07393423967813
2025-11-08 21:00:00+00:00,bacninh_bacninhcity,142.66270191444974
2025-11-08 22:00:00+00:00,binhduong_thudaumot,102.17805833822842
2025-11-08 23:00:00+00:00,bacgiang_bacgiangcity,143.95142581837712
2025-11-09 00:00:00+00:00,angiang_longxuyen,98.15439214493568
2025-11-09 01:00:00+00:00,bentre_bentrecity,71.33746069098918
2025-11-09 02:00:00+00:00,backan_backancity,91.24476672774193
2025-11-09 03:00:00+00:00,bacgiang_bacgiangcity,139.2946872184977
2025-11-09 04:00:00+00:00,bacninh_bacninhcity,137.88892312419105
2025-11-09 05:00:00+00:00,angiang_longxuyen,100.2161978784928
2025-11-09 06:00:00+00:00,binhdinh_quynhon,43.50115111760541
2025-11-09 07:00:00+00:00,bentre_bentrecity,72.7819721311174
2025-11-09 08:00:00+00:00,binhduong_thudaumot,103.61479314816778
2025-11-09 09:00:00+00:00,bentre_bentrecity,72.92924206531909
2025-11-09 10:00:00+00:00,bacninh_bacninhcity,131.14229616761787
2025-11-09 11:00:00+00:00,binhduong_thudaumot,104.95919834370942
2025-11-09 12:00:00+00:00,angiang_longxuyen,101.56330011612202
2025-11-09 13:00:00+00:00,binhdinh_quynhon,42.88486747041372
2025-11-09 14:00:00+00:00,backan_backancity,87.53165930206687
2025-11-09 15:00:00+00:00,bacgiang_bacgiangcity,132.49690461646338
2025-11-09 16:00:00+00:00,bacninh_bacninhcity,123.64365668254186
2025-11-09 17:00:00+00:00,backan_backancity,84.67267317940573
2025-11-09 18:00:00+00:00,binhdinh_quynhon,42.333055518353994
2025-11-09 19:00:00+00:00,bacgiang_bacgiangcity,124.79499821822462
2025-11-09 20:00:00+00:00,bentre_bentrecity,72.181684897862
2025-11-09 21:00:00+00:00,binhduong_thudaumot,104.63860414337273
2025-11-09 22:00:00+00:00,angiang_longxuyen,101.70675291379143
2025-11-09 23:00:00+00:00,bacninh_bacninhcity,115.5105904623795
2025-11-10 00:00:00+00:00,binhdinh_quynhon,41.90573159551251
2025-11-10 01:00:00+00:00,binhduong_thudaumot,104.21166023662045
2025-11-10 02:00:00+00:00,bentre_bentrecity,71.74110925409207
2025-11-10 03:00:00+00:00,angiang_longxuyen,101.2936751270209
2025-11-10 04:00:00+00:00,backan_backancity,81.92549398480466
2025-11-10 05:00:00+00:00,bacgiang_bacgiangcity,116.30371620489551
2025-11-10 06:00:00+00:00,angiang_longxuyen,100.73722554914542
2025-11-10 07:00:00+00:00,bentre_bentrecity,72.48946219191774
2025-11-10 08:00:00+00:00,backan_backancity,79.22405729112151
2025-11-10 09:00:00+00:00,bacgiang_bacgiangcity,108.06213335271805
2025-11-10 10:00:00+00:00,bacninh_bacninhcity,107.70049384092954
2025-11-10 11:00:00+00:00,binhdinh_quynhon,41.587099421818145
2025-11-10 12:00:00+00:00,binhduong_thudaumot,104.41675634948527
2025-11-10 13:00:00+00:00,angiang_longxuyen,100.96670821173394
2025-11-10 14:00:00+00:00,bentre_bentrecity,74.4903124215318
2025-11-10 15:00:00+00:00,bacgiang_bacgiangcity,100.71010979296298
2025-11-10 16:00:00+00:00,bacninh_bacninhcity,100.77123788258291
2025-11-10 17:00:00+00:00,binhduong_thudaumot,105.38337492326674
2025-11-10 18:00:00+00:00,binhdinh_quynhon,41.39849707936999
2025-11-10 19:00:00+00:00,backan_backancity,76.54041464234203
2025-11-10 20:00:00+00:00,binhdinh_quynhon,41.337584907982546
2025-11-10 21:00:00+00:00,backan_backancity,73.83919356907312
2025-11-10 22:00:00+00:00,binhduong_thudaumot,107.255652248522
2025-11-10 23:00:00+00:00,bentre_bentrecity,77.17781717739958
2025-11-11 00:00:00+00:00,bacgiang_bacgiangcity,94.8267894499232
2025-11-11 01:00:00+00:00,angiang_longxuyen,102.48373660924605
2025-11-11 02:00:00+00:00,bacninh_bacninhcity,95.16537738230133
2025-11-11 03:00:00+00:00,binhduong_thudaumot,109.64030205039842
2025-11-11 04:00:00+00:00,binhdinh_quynhon,41.3976679533572
2025-11-11 05:00:00+00:00,bentre_bentrecity,80.2061213150736
2025-11-11 06:00:00+00:00,angiang_longxuyen,105.11148234599703
2025-11-11 07:00:00+00:00,bacninh_bacninhcity,90.79185545198582
2025-11-11 08:00:00+00:00,backan_backancity,71.11940293217307
2025-11-11 09:00:00+00:00,bacgiang_bacgiangcity,90.34327921870174
2025-11-11 10:00:00+00:00,binhduong_thudaumot,112.1842286271128
2025-11-11 11:00:00+00:00,bacninh_bacninhcity,87.37296625100228
2025-11-11 12:00:00+00:00,backan_backancity,68.45592138776192
2025-11-11 13:00:00+00:00,binhdinh_quynhon,41.56915885033463
2025-11-11 14:00:00+00:00,angiang_longxuyen,108.57759003515402
2025-11-11 15:00:00+00:00,bacgiang_bacgiangcity,86.91535063814203
2025-11-11 16:00:00+00:00,bentre_bentrecity,83.64304877192723
2025-11-11 17:00:00+00:00,binhduong_thudaumot,114.29008123337168
2025-11-11 18:00:00+00:00,angiang_longxuyen,112.7123616456149
2025-11-11 19:00:00+00:00,bacgiang_bacgiangcity,84.22561224538637
2025-11-11 20:00:00+00:00,backan_backancity,66.18298678592404
2025-11-11 21:00:00+00:00,bacninh_bacninhcity,84.65018909267401
2025-11-11 22:00:00+00:00,bentre_bentrecity,87.6632175365809
2025-11-11 23:00:00+00:00,binhdinh_quynhon,41.78414550733901
2025-11-12 00:00:00+00:00,angiang_longxuyen,116.83554812608395
2025-11-12 01:00:00+00:00,binhduong_thudaumot,115.53234787257703
2025-11-12 02:00:00+00:00,backan_backancity,64.28150540290528
2025-11-12 03:00:00+00:00,binhdinh_quynhon,41.959072035668264
2025-11-12 04:00:00+00:00,bacgiang_bacgiangcity,82.09766509866901
2025-11-12 05:00:00+00:00,bentre_bentrecity,92.14531253547021
2025-11-12 06:00:00+00:00,bacninh_bacninhcity,82.50436570321551
2025-11-12 07:00:00+00:00,angiang_longxuyen,120.15130167522446
2025-11-12 08:00:00+00:00,bentre_bentrecity,96.20917138656009
2025-11-12 09:00:00+00:00,bacninh_bacninhcity,80.7296071775759
2025-11-12 10:00:00+00:00,backan_backancity,62.70637087757343
2025-11-12 11:00:00+00:00,binhduong_thudaumot,116.12305012321914
2025-11-12 12:00:00+00:00,bacgiang_bacgiangcity,80.32240862091254
2025-11-12 13:00:00+00:00,binhdinh_quynhon,42.11458557907751
2025-11-12 14:00:00+00:00,binhdinh_quynhon,42.26259886763549
2025-11-12 15:00:00+00:00,binhduong_thudaumot,116.00887017932936
2025-11-12 16:00:00+00:00,bacninh_bacninhcity,79.2330490197774
2025-11-12 17:00:00+00:00,bentre_bentrecity,99.80581683599158
2025-11-12 18:00:00+00:00,backan_backancity,61.50248467210351
2025-11-12 19:00:00+00:00,bacgiang_bacgiangcity,78.78912828140416
2025-11-12 20:00:00+00:00,angiang_longxuyen,122.2532147416496
2025-11-12 21:00:00+00:00,binhdinh_quynhon,42.49250026268592
2025-11-12 22:00:00+00:00,bentre_bentrecity,103.16225652777233
2025-11-12 23:00:00+00:00,bacgiang_bacgiangcity,77.42219968712155
2025-11-13 00:00:00+00:00,backan_backancity,60.66798125296678
2025-11-13 01:00:00+00:00,bacninh_bacninhcity,78.00801057079744
2025-11-13 02:00:00+00:00,angiang_longxuyen,122.83215912771387
2025-11-13 03:00:00+00:00,binhduong_thudaumot,115.85718657863723
2025-11-13 04:00:00+00:00,bacninh_bacninhcity,76.22720990846696
2025-11-13 05:00:00+00:00,bentre_bentrecity,105.21592958942065
2025-11-13 06:00:00+00:00,backan_backancity,59.28014105232153
2025-11-13 07:00:00+00:00,angiang_longxuyen,122.22950840881282
2025-11-13 08:00:00+00:00,binhduong_thudaumot,114.8581492968832
2025-11-13 09:00:00+00:00,bacgiang_bacgiangcity,75.41236487648966
2025-11-13 10:00:00+00:00,binhdinh_quynhon,42.69439244679876
2025-11-13 11:00:00+00:00,bacgiang_bacgiangcity,73.41283695991322
2025-11-13 12:00:00+00:00,bacninh_bacninhcity,74.43291450551465
2025-11-13 13:00:00+00:00,bentre_bentrecity,106.60611123716092
2025-11-13 14:00:00+00:00,backan_backancity,58.12777025676083
2025-11-13 15:00:00+00:00,binhduong_thudaumot,114.09779547478627
2025-11-13 16:00:00+00:00,binhdinh_quynhon,42.86923796856354
2025-11-13 17:00:00+00:00,angiang_longxuyen,121.39934837105915
2025-11-13 18:00:00+00:00,binhdinh_quynhon,43.105638949139475
2025-11-13 19:00:00+00:00,bacninh_bacninhcity,72.72006405549621
2025-11-13 20:00:00+00:00,bacgiang_bacgiangcity,71.5862699712047
2025-11-13 21:00:00+00:00,angiang_longxuyen,120.0973727462033
2025-11-13 22:00:00+00:00,bentre_bentrecity,107.45614349557874
2025-11-13 23:00:00+00:00,backan_backancity,57.29138462627324
2025-11-14 00:00:00+00:00,binhduong_thudaumot,113.2053771271474
2025-11-14 01:00:00+00:00,bacninh_bacninhcity,71.08643326043486
2025-11-14 02:00:00+00:00,bacgiang_bacgiangcity,69.96124254979898
2025-11-14 03:00:00+00:00,bentre_bentrecity,108.0001097236152
2025-11-14 04:00:00+00:00,binhdinh_quynhon,43.54523298395175
2025-11-14 05:00:00+00:00,binhduong_thudaumot,112.3127657932814
2025-11-14 06:00:00+00:00,angiang_longxuyen,118.42864466581345
2025-11-14 07:00:00+00:00,backan_backancity,56.77898475037291
2025-11-14 08:00:00+00:00,bentre_bentrecity,108.07087491404249
2025-11-14 09:00:00+00:00,bacninh_bacninhcity,69.52411206756491
2025-11-14 10:00:00+00:00,binhdinh_quynhon,44.314418904121624
2025-11-14 11:00:00+00:00,binhduong_thudaumot,111.28509507353418
2025-11-14 12:00:00+00:00,bacgiang_bacgiangcity,68.56964269154403
2025-11-14 13:00:00+00:00,angiang_longxuyen,116.75691695999228
2025-11-14 14:00:00+00:00,bacninh_bacninhcity,68.23429457501722
2025-11-14 15:00:00+00:00,bentre_bentrecity,107.8775515566681
2025-11-14 16:00:00+00:00,binhdinh_quynhon,45.46982982839586
2025-11-14 17:00:00+00:00,bacgiang_bacgiangcity,67.63211321768088
2025-11-14 18:00:00+00:00,binhduong_thudaumot,110.1526757182926
2025-11-14 19:00:00+00:00,angiang_longxuyen,115.08075295349352
2025-11-14 20:00:00+00:00,binhduong_thudaumot,108.89840462099698
2025-11-14 21:00:00+00:00,bentre_bentrecity,108.02202319057663
2025-11-14 22:00:00+00:00,bacgiang_bacgiangcity,67.29463510501778
2025-11-14 23:00:00+00:00,binhdinh_quynhon,46.98829787933678
2025-11-15 00:00:00+00:00,bacninh_bacninhcity,67.43352800743513
2025-11-15 01:00:00+00:00,angiang_longxuyen,113.44818239140828
2025-11-15 02:00:00+00:00,bentre_bentrecity,109.05998174401121
2025-11-15 03:00:00+00:00,angiang_longxuyen,111.77521814420598
2025-11-15 04:00:00+00:00,binhduong_thudaumot,107.73741734777758
2025-11-15 05:00:00+00:00,bacninh_bacninhcity,67.16518661499892
2025-11-15 06:00:00+00:00,bacgiang_bacgiangcity,67.50420623493292
2025-11-15 07:00:00+00:00,backan_backancity,56.550241272685156
2025-11-15 08:00:00+00:00,binhdinh_quynhon,48.49313776707907
2025-11-15 09:00:00+00:00,bacninh_bacninhcity,67.4580134328184
2025-11-15 10:00:00+00:00,angiang_longxuyen,110.0701895927507
2025-11-15 11:00:00+00:00,bacgiang_bacgiangcity,68.18610519934319
2025-11-15 12:00:00+00:00,backan_backancity,56.75293875735064
2025-11-15 13:00:00+00:00,bentre_bentrecity,111.19594973188384
2025-11-15 14:00:00+00:00,binhdinh_quynhon,49.570458363206754
2025-11-15 15:00:00+00:00,binhduong_thudaumot,106.665488453279
2025-11-15 16:00:00+00:00,angiang_longxuyen,108.42030149496453
2025-11-15 17:00:00+00:00,bacninh_bacninhcity,68.54188364793788
2025-11-15 18:00:00+00:00,binhduong_thudaumot,105.461933421705
2025-11-15 19:00:00+00:00,bacgiang_bacgiangcity,69.44621472564549
2025-11-15 20:00:00+00:00,binhdinh_quynhon,49.88159028204986
2025-11-15 21:00:00+00:00,backan_backancity,57.35465551821429
2025-11-15 22:00:00+00:00,bentre_bentrecity,113.72507712403385
2025-11-15 23:00:00+00:00,backan_backancity,58.13062931197733
2025-11-16 00:00:00+00:00,angiang_longxuyen,106.4515918110759
2025-11-16 01:00:00+00:00,bacninh_bacninhcity,71.19465803056326
2025-11-16 02:00:00+00:00,bacgiang_bacgiangcity,71.94222711075042
2025-11-16 03:00:00+00:00,binhdinh_quynhon,49.49179622401691
2025-11-16 04:00:00+00:00,binhduong_thudaumot,104.13048272447658
2025-11-16 05:00:00+00:00,bentre_bentrecity,115.67900310990717
2025-11-16 06:00:00+00:00,angiang_longxuyen,103.62030338146107
2025-11-16 07:00:00+00:00,backan_backancity,58.76647366194189
2025-11-16 08:00:00+00:00,bacgiang_bacgiangcity,76.93849996050281
2025-11-16 09:00:00+00:00,bentre_bentrecity,115.5844589189897
2025-11-16 10:00:00+00:00,binhdinh_quynhon,48.73629088305796
2025-11-16 11:00:00+00:00,bacninh_bacninhcity,76.5118979491035
2025-11-16 12:00:00+00:00,binhduong_thudaumot,102.4578669246288
2025-11-16 13:00:00+00:00,bacgiang_bacgiangcity,83.20391933358763
2025-11-16 14:00:00+00:00,bacninh_bacninhcity,83.15786710168794
2025-11-16 15:00:00+00:00,backan_backancity,59.16299602991765
2025-11-16 16:00:00+00:00,angiang_longxuyen,101.33226820298806
2025-11-16 17:00:00+00:00,binhdinh_quynhon,47.942092994835775
2025-11-16 18:00:00+00:00,bentre_bentrecity,113.9894730202713
2025-11-16 19:00:00+00:00,binhduong_thudaumot,101.05435314503211
2025-11-16 20:00:00+00:00,binhduong_thudaumot,99.29962572609395
2025-11-16 21:00:00+00:00,binhdinh_quynhon,47.34533192968072
2025-11-16 22:00:00+00:00,bacninh_bacninhcity,91.18810501844303
2025-11-16 23:00:00+00:00,bacgiang_bacgiangcity,90.72077338293872
2025-11-17 00:00:00+00:00,bentre_bentrecity,111.51692156576372
2025-11-17 01:00:00+00:00,backan_backancity,59.25008761690413
2025-11-17 02:00:00+00:00,angiang_longxuyen,99.67195735984652
2025-11-17 03:00:00+00:00,bentre_bentrecity,109.01327431195773
2025-11-17 04:00:00+00:00,binhdinh_quynhon,46.95390821017436
2025-11-17 05:00:00+00:00,bacgiang_bacgiangcity,98.64851819072884
2025-11-17 06:00:00+00:00,angiang_longxuyen,98.79546856594642
2025-11-17 07:00:00+00:00,bacninh_bacninhcity,99.72610920582908
2025-11-17 08:00:00+00:00,backan_backancity,59.30237020662978
2025-11-17 09:00:00+00:00,binhduong_thudaumot,97.19178726773261
2025-11-17 10:00:00+00:00,bentre_bentrecity,106.8139055833863
2025-11-17 11:00:00+00:00,binhdinh_quynhon,46.68045387399265
2025-11-17 12:00:00+00:00,binhduong_thudaumot,94.84705955577165
2025-11-17 13:00:00+00:00,bacninh_bacninhcity,108.16253979810236
2025-11-17 14:00:00+00:00,angiang_longxuyen,98.05043436580877
2025-11-17 15:00:00+00:00,bacgiang_bacgiangcity,106.61854097971462
2025-11-17 16:00:00+00:00,backan_backancity,58.954265938745365
2025-11-17 17:00:00+00:00,backan_backancity,58.75171617193274
2025-11-17 18:00:00+00:00,binhduong_thudaumot,92.40012285345786
2025-11-17 19:00:00+00:00,angiang_longxuyen,97.33977792210345
2025-11-17 20:00:00+00:00,bentre_bentrecity,104.70408246419551
2025-11-17 21:00:00+00:00,binhdinh_quynhon,46.44489154961355
2025-11-17 22:00:00+00:00,bacgiang_bacgiangcity,114.71348467674754
2025-11-17 23:00:00+00:00,bacninh_bacninhcity,116.48137432222953
2025-11-18 00:00:00+00:00,angiang_longxuyen,96.7186672366879
2025-11-18 01:00:00+00:00,bentre_bentrecity,102.40703530542552
2025-11-18 02:00:00+00:00,backan_backancity,58.60944481926789
2025-11-18 03:00:00+00:00,bacninh_bacninhcity,124.62534902931581
2025-11-18 04:00:00+00:00,binhduong_thudaumot,89.9990549270007
2025-11-18 05:00:00+00:00,binhdinh_quynhon,46.20524077627487
2025-11-18 06:00:00+00:00,bacgiang_bacgiangcity,122.84422910581951
2025-11-18 07:00:00+00:00,backan_backancity,58.4789337137269
2025-11-18 08:00:00+00:00,binhdinh_quynhon,45.87724519674647
2025-11-18 09:00:00+00:00,bacninh_bacninhcity,132.2540636140123
2025-11-18 10:00:00+00:00,bentre_bentrecity,99.70030280759032
2025-11-18 11:00:00+00:00,bacgiang_bacgiangcity,130.6057634831443
2025-11-18 12:00:00+00:00,angiang_longxuyen,96.06823217493518
2025-11-18 13:00:00+00:00,binhduong_thudaumot,87.65272361266337
2025-11-18 14:00:00+00:00,bacgiang_bacgiangcity,137.8070540780667
2025-11-18 15:00:00+00:00,bentre_bentrecity,96.90288599228903
2025-11-18 16:00:00+00:00,binhdinh_quynhon,45.5303607924211
2025-11-18 17:00:00+00:00,angiang_longxuyen,95.23189211064009
2025-11-18 18:00:00+00:00,binhduong_thudaumot,85.33976462034056
2025-11-18 19:00:00+00:00,bacninh_bacninhcity,139.0585673783514
2025-11-18 20:00:00+00:00,backan_backancity,58.328485463142876
2025-11-18 21:00:00+00:00,angiang_longxuyen,94.31991350695574
2025-11-18 22:00:00+00:00,bacninh_bacninhcity,144.71933945897567
2025-11-18 23:00:00+00:00,binhdinh_quynhon,45.223927254317104
2025-11-19 00:00:00+00:00,backan_backancity,58.19694986281597
2025-11-19 01:00:00+00:00,bentre_bentrecity,94.21154280588398
2025-11-19 02:00:00+00:00,bacgiang_bacgiangcity,143.90488039945257
2025-11-19 03:00:00+00:00,binhduong_thudaumot,83.33450191550905
2025-11-19 04:00:00+00:00,binhdinh_quynhon,44.98503889570282
2025-11-19 05:00:00+00:00,backan_backancity,58.11329867227334
2025-11-19 06:00:00+00:00,angiang_longxuyen,93.4979571707639
2025-11-19 07:00:00+00:00,bentre_bentrecity,91.92724405519704
2025-11-19 08:00:00+00:00,bacninh_bacninhcity,149.1338112499933
2025-11-19 09:00:00+00:00,bacgiang_bacgiangcity,148.70300404487972
2025-11-19 10:00:00+00:00,binhduong_thudaumot,81.65829025809
2025-11-19 11:00:00+00:00,backan_backancity,58.16043019751727
2025-11-19 12:00:00+00:00,bacninh_bacninhcity,152.24905687425496
2025-11-19 13:00:00+00:00,angiang_longxuyen,92.45996883550414
2025-11-19 14:00:00+00:00,binhduong_thudaumot,80.61219650129149
2025-11-19 15:00:00+00:00,binhdinh_quynhon,44.84114741174863
2025-11-19 16:00:00+00:00,bentre_bentrecity,90.13074658409151
2025-11-19 17:00:00+00:00,bacgiang_bacgiangcity,152.1641524645091
2025-11-19 18:00:00+00:00,binhduong_thudaumot,79.94902077473024
2025-11-19 19:00:00+00:00,bentre_bentrecity,88.75212683651945
2025-11-19 20:00:00+00:00,backan_backancity,58.41027350270276
2025-11-19 21:00:00+00:00,bacgiang_bacgiangcity,154.78281355330967
2025-11-19 22:00:00+00:00,angiang_longxuyen,91.11720283161995
2025-11-19 23:00:00+00:00,binhdinh_quynhon,44.79735621601597
2025-11-20 00:00:00+00:00,bacninh_bacninhcity,154.4335370727865
2025-11-20 01:00:00+00:00,bentre_bentrecity,88.03128634878752
2025-11-20 02:00:00+00:00,binhdinh_quynhon,44.750258046416235
2025-11-20 03:00:00+00:00,backan_backancity,58.34881811082419
2025-11-20 04:00:00+00:00,bacgiang_bacgiangcity,156.66663074018248
2025-11-20 05:00:00+00:00,angiang_longxuyen,90.8097543289141
2025-11-20 06:00:00+00:00,binhduong_thudaumot,80.01764286501816
2025-11-20 07:00:00+00:00,bacninh_bacninhcity,155.84990826194635
2025-11-20 08:00:00+00:00,bacgiang_bacgiangcity,157.88066182657894
2025-11-20 09:00:00+00:00,binhdinh_quynhon,44.630530344133454
2025-11-20 10:00:00+00:00,binhduong_thudaumot,80.16471028280868
2025-11-20 11:00:00+00:00,bentre_bentrecity,87.5559279157629
2025-11-20 12:00:00+00:00,backan_backancity,58.08922542735045
2025-11-20 13:00:00+00:00,bacninh_bacninhcity,156.76632123048967
2025-11-20 14:00:00+00:00,angiang_longxuyen,90.58020138121817
2025-11-20 15:00:00+00:00,angiang_longxuyen,90.2406319887915
2025-11-20 16:00:00+00:00,bentre_bentrecity,87.15029469183057
2025-11-20 17:00:00+00:00,binhduong_thudaumot,80.41870398315012
2025-11-20 18:00:00+00:00,bacgiang_bacgiangcity,158.3135418467245
2025-11-20 19:00:00+00:00,bacninh_bacninhcity,157.10157404517594
2025-11-20 20:00:00+00:00,backan_backancity,57.649883942415634
2025-11-20 21:00:00+00:00,binhdinh_quynhon,44.510345193016036
2025-11-20 22:00:00+00:00,bentre_bentrecity,86.71868218616434
2025-11-20 23:00:00+00:00,binhdinh_quynhon,44.53509984609886
2025-11-21 00:00:00+00:00,bacninh_bacninhcity,157.14142927489388
2025-11-21 01:00:00+00:00,angiang_longxuyen,89.82579618088107
2025-11-21 02:00:00+00:00,bacgiang_bacgiangcity,158.2210418802868
2025-11-21 03:00:00+00:00,backan_backancity,57.68964863538506
2025-11-21 04:00:00+00:00,binhduong_thudaumot,80.89112473693979
2025-11-21 05:00:00+00:00,angiang_longxuyen,89.54335964622754
2025-11-21 06:00:00+00:00,bacninh_bacninhcity,156.9935208183605
2025-11-21 07:00:00+00:00,binhdinh_quynhon,44.71423871578042
2025-11-21 08:00:00+00:00,binhduong_thudaumot,81.28313575403853
2025-11-21 09:00:00+00:00,bacgiang_bacgiangcity,157.81931126672498
2025-11-21 10:00:00+00:00,bentre_bentrecity,86.09490066666739
2025-11-21 11:00:00+00:00,backan_backancity,57.98596111802266
2025-11-21 12:00:00+00:00,binhdinh_quynhon,45.23066509444398
2025-11-21 13:00:00+00:00,bacninh_bacninhcity,156.76570653361813
2025-11-21 14:00:00+00:00,bacgiang_bacgiangcity,157.29461745339373
2025-11-21 15:00:00+00:00,binhduong_thudaumot,81.5166312197507
2025-11-21 16:00:00+00:00,backan_backancity,58.7494908739559
2025-11-21 17:00:00+00:00,bentre_bentrecity,85.34244736715205
2025-11-21 18:00:00+00:00,angiang_longxuyen,89.63728318390844
2025-11-21 19:00:00+00:00,bentre_bentrecity,84.83043465497894
2025-11-21 20:00:00+00:00,bacninh_bacninhcity,156.51688772321853
2025-11-21 21:00:00+00:00,bacgiang_bacgiangcity,156.8466130311529
2025-11-21 22:00:00+00:00,backan_backancity,60.267711140111395
2025-11-21 23:00:00+00:00,binhdinh_quynhon,45.938419448195425
2025-11-22 00:00:00+00:00,angiang_longxuyen,90.03533514642503
2025-11-22 01:00:00+00:00,binhduong_thudaumot,81.67944369287306
2025-11-22 02:00:00+00:00,bacninh_bacninhcity,156.3777184454636
2025-11-22 03:00:00+00:00,bacgiang_bacgiangcity,156.62199612316098
2025-11-22 04:00:00+00:00,binhduong_thudaumot,81.91288436002691
2025-11-22 05:00:00+00:00,backan_backancity,62.747522212322856
2025-11-22 06:00:00+00:00,angiang_longxuyen,90.73043222447845
2025-11-22 07:00:00+00:00,binhdinh_quynhon,46.57773755024802
2025-11-22 08:00:00+00:00,bentre_bentrecity,85.14054207903614
2025-11-22 09:00:00+00:00,backan_backancity,66.31905398876908
2025-11-22 10:00:00+00:00,bentre_bentrecity,86.33802757464012
2025-11-22 11:00:00+00:00,bacgiang_bacgiangcity,156.47509786613745
2025-11-22 12:00:00+00:00,bacninh_bacninhcity,156.11897394837075
2025-11-22 13:00:00+00:00,angiang_longxuyen,91.67292930678025
2025-11-22 14:00:00+00:00,binhduong_thudaumot,82.40919728524243
2025-11-22 15:00:00+00:00,binhdinh_quynhon,46.91801753702329
2025-11-22 16:00:00+00:00,bacninh_bacninhcity,155.81306457038977
2025-11-22 17:00:00+00:00,bacgiang_bacgiangcity,156.33802522887459
2025-11-22 18:00:00+00:00,binhdinh_quynhon,46.836501107708976
2025-11-22 19:00:00+00:00,bentre_bentrecity,87.96393772934394
2025-11-22 20:00:00+00:00,angiang_longxuyen,92.69634599061993
2025-11-22 21:00:00+00:00,binhduong_thudaumot,83.33474255265644
2025-11-22 22:00:00+00:00,backan_backancity,70.65457773507524
2025-11-22 23:00:00+00:00,backan_backancity,75.17005756434564
2025-11-23 00:00:00+00:00,bacgiang_bacgiangcity,156.16978888975194
2025-11-23 01:00:00+00:00,bacninh_bacninhcity,155.69034439031373
2025-11-23 02:00:00+00:00,angiang_longxuyen,93.56859132116043
2025-11-23 03:00:00+00:00,binhduong_thudaumot,84.91331628315913
2025-11-23 04:00:00+00:00,bentre_bentrecity,89.15295803896109
2025-11-23 05:00:00+00:00,binhdinh_quynhon,46.34450059077834
2025-11-23 06:00:00+00:00,bacninh_bacninhcity,156.13991176273956
2025-11-23 07:00:00+00:00,bacgiang_bacgiangcity,156.37233389147252
2025-11-23 08:00:00+00:00,angiang_longxuyen,94.22534012984958
2025-11-23 09:00:00+00:00,binhdinh_quynhon,45.61953948971562
2025-11-23 10:00:00+00:00,backan_backancity,78.66287478558974
2025-11-23 11:00:00+00:00,bentre_bentrecity,89.45904134280106
2025-11-23 12:00:00+00:00,binhduong_thudaumot,87.06908561095202
2025-11-23 13:00:00+00:00,bacgiang_bacgiangcity,156.3998189422871
2025-11-23 14:00:00+00:00,backan_backancity,80.098382584332
2025-11-23 15:00:00+00:00,bentre_bentrecity,89.39725835084559
2025-11-23 16:00:00+00:00,binhdinh_quynhon,44.7004390092688
2025-11-23 17:00:00+00:00,binhduong_thudaumot,90.11145510901821
2025-11-23 18:00:00+00:00,bacninh_bacninhcity,156.41253220781647
2025-11-23 19:00:00+00:00,angiang_longxuyen,92.82647231497971
2025-11-23 20:00:00+00:00,binhdinh_quynhon,43.86298361562103
2025-11-23 21:00:00+00:00,angiang_longxuyen,92.07767145850345
2025-11-23 22:00:00+00:00,binhduong_thudaumot,91.80386927060373
2025-11-23 23:00:00+00:00,bentre_bentrecity,88.59931152647077
2025-11-24 00:00:00+00:00,backan_backancity,79.58793282234393
2025-11-24 01:00:00+00:00,bacgiang_bacgiangcity,156.1287042662909
2025-11-24 02:00:00+00:00,bacninh_bacninhcity,156.22929535899127
2025-11-24 03:00:00+00:00,angiang_longxuyen,92.74936002197181
2025-11-24 04:00:00+00:00,bacgiang_bacgiangcity,155.46827204146447
2025-11-24 05:00:00+00:00,binhdinh_quynhon,43.1168750361403
2025-11-24 06:00:00+00:00,bentre_bentrecity,87.31401014989213
2025-11-24 07:00:00+00:00,backan_backancity,77.93977921805578
2025-11-24 08:00:00+00:00,bacninh_bacninhcity,155.5046344587263
2025-11-24 09:00:00+00:00,binhduong_thudaumot,91.9774306000671
2025-11-24 10:00:00+00:00,bacninh_bacninhcity,154.38254105790827
2025-11-24 11:00:00+00:00,angiang_longxuyen,94.43941665427673
2025-11-24 12:00:00+00:00,bentre_bentrecity,85.93956700548217
2025-11-24 13:00:00+00:00,bacgiang_bacgiangcity,154.3965837841133
2025-11-24 14:00:00+00:00,backan_backancity,76.42266921834269
2025-11-24 15:00:00+00:00,binhduong_thudaumot,91.25230808151194
2025-11-24 16:00:00+00:00,binhdinh_quynhon,42.50839184459761
2025-11-24 17:00:00+00:00,bacgiang_bacgiangcity,152.87440372648294
2025-11-24 18:00:00+00:00,backan_backancity,75.83678209319436
2025-11-24 19:00:00+00:00,angiang_longxuyen,96.14637521691228
2025-11-24 20:00:00+00:00,binhdinh_quynhon,42.02371527411323
2025-11-24 21:00:00+00:00,bacninh_bacninhcity,152.8747754036611
2025-11-24 22:00:00+00:00,bentre_bentrecity,84.69917185617061
2025-11-24 23:00:00+00:00,binhduong_thudaumot,90.35742260747584
2025-11-25 00:00:00+00:00,bentre_bentrecity,83.64750770679196
2025-11-25 01:00:00+00:00,backan_backancity,76.37997637632236
2025-11-25 02:00:00+00:00,binhdinh_quynhon,41.65795157517493
2025-11-25 03:00:00+00:00,angiang_longxuyen,97.60480578867106
2025-11-25 04:00:00+00:00,binhduong_thudaumot,89.45999436120655
2025-11-25 05:00:00+00:00,bacgiang_bacgiangcity,150.9125390972918
2025-11-25 06:00:00+00:00,bacninh_bacninhcity,150.9801843437141
2025-11-25 07:00:00+00:00,backan_backancity,78.03021351709954
2025-11-25 08:00:00+00:00,binhdinh_quynhon,41.33534531472963
2025-11-25 09:00:00+00:00,angiang_longxuyen,98.9324658551916
2025-11-25 10:00:00+00:00,binhduong_thudaumot,88.52862734260796
2025-11-25 11:00:00+00:00,bacgiang_bacgiangcity,148.69868210641079
2025-11-25 12:00:00+00:00,bentre_bentrecity,82.69119781397545
2025-11-25 13:00:00+00:00,bacninh_bacninhcity,148.8852497545632
2025-11-25 14:00:00+00:00,backan_backancity,80.4827777930978
2025-11-25 15:00:00+00:00,bacgiang_bacgiangcity,146.12313557027497
2025-11-25 16:00:00+00:00,bacninh_bacninhcity,146.5082312475688
2025-11-25 17:00:00+00:00,angiang_longxuyen,100.39143473344035
2025-11-25 18:00:00+00:00,bentre_bentrecity,81.77625249377661
2025-11-25 19:00:00+00:00,binhduong_thudaumot,87.71139142570586
2025-11-25 20:00:00+00:00,binhdinh_quynhon,41.03898518117175
2025-11-25 21:00:00+00:00,bacgiang_bacgiangcity,143.1207511506845
2025-11-25 22:00:00+00:00,binhdinh_quynhon,40.68598239868307
2025-11-25 23:00:00+00:00,backan_backancity,83.43697283701425
2025-11-26 00:00:00+00:00,bacninh_bacninhcity,143.72058570019726
2025-11-26 01:00:00+00:00,bentre_bentrecity,80.88678373810274
2025-11-26 02:00:00+00:00,binhduong_thudaumot,86.97150843895903
2025-11-26 03:00:00+00:00,angiang_longxuyen,102.21487879996135
2025-11-26 04:00:00+00:00,bentre_bentrecity,80.06228224713172
2025-11-26 05:00:00+00:00,bacgiang_bacgiangcity,139.69081884892722
2025-11-26 06:00:00+00:00,backan_backancity,86.59335550074925
2025-11-26 07:00:00+00:00,binhduong_thudaumot,86.37127957808097
2025-11-26 08:00:00+00:00,binhdinh_quynhon,40.32893405306306
2025-11-26 09:00:00+00:00,bacninh_bacninhcity,140.50525408299018
2025-11-26 10:00:00+00:00,angiang_longxuyen,104.23142107325846
2025-11-26 11:00:00+00:00,backan_backancity,89.81041386817982
2025-11-26 12:00:00+00:00,binhduong_thudaumot,85.72390727922891
2025-11-26 13:00:00+00:00,angiang_longxuyen,106.5343525250459
2025-11-26 14:00:00+00:00,bacninh_bacninhcity,137.1174213692958
2025-11-26 15:00:00+00:00,binhdinh_quynhon,39.95401661233994
2025-11-26 16:00:00+00:00,bacgiang_bacgiangcity,136.17431673776048
2025-11-26 17:00:00+00:00,bentre_bentrecity,79.51748212799045
2025-11-26 18:00:00+00:00,angiang_longxuyen,108.8277430713213
2025-11-26 19:00:00+00:00,bacninh_bacninhcity,134.01677598700638
2025-11-26 20:00:00+00:00,binhduong_thudaumot,85.25706763947645
2025-11-26 21:00:00+00:00,binhdinh_quynhon,39.64102630760612
2025-11-26 22:00:00+00:00,backan_backancity,92.90135097109973
2025-11-26 23:00:00+00:00,bentre_bentrecity,79.28483365738617
2025-11-27 00:00:00+00:00,bacgiang_bacgiangcity,132.9482422205774
2025-11-27 01:00:00+00:00,bacgiang_bacgiangcity,130.49309526470023
2025-11-27 02:00:00+00:00,binhduong_thudaumot,85.1249876273854
2025-11-27 03:00:00+00:00,bacninh_bacninhcity,131.70973047388972
2025-11-27 04:00:00+00:00,bentre_bentrecity,78.60539109791607
2025-11-27 05:00:00+00:00,backan_backancity,95.42415255467411
2025-11-27 06:00:00+00:00,angiang_longxuyen,109.87068710228964
2025-11-27 07:00:00+00:00,binhdinh_quynhon,39.35790359970062
2025-11-27 08:00:00+00:00,bentre_bentrecity,77.52788942829135
2025-11-27 09:00:00+00:00,backan_backancity,97.25308377357389
2025-11-27 10:00:00+00:00,binhdinh_quynhon,39.056845085403644
2025-11-27 11:00:00+00:00,angiang_longxuyen,110.46173720464975
2025-11-27 12:00:00+00:00,binhduong_thudaumot,84.80459713473287
2025-11-27 13:00:00+00:00,bacninh_bacninhcity,130.42123529437964
2025-11-27 14:00:00+00:00,bacgiang_bacgiangcity,129.01115402669606
2025-11-27 15:00:00+00:00,binhdinh_quynhon,38.78757926511409
2025-11-27 16:00:00+00:00,bacninh_bacninhcity,130.22695772732675
2025-11-27 17:00:00+00:00,bacgiang_bacgiangcity,128.74481873800343
2025-11-27 18:00:00+00:00,binhduong_thudaumot,84.14941365877475
2025-11-27 19:00:00+00:00,angiang_longxuyen,110.91113065121657
2025-11-27 20:00:00+00:00,bentre_bentrecity,76.29689937936905
2025-11-27 21:00:00+00:00,backan_backancity,98.30336455717332
2025-11-27 22:00:00+00:00,binhduong_thudaumot,83.31758107371942
2025-11-27 23:00:00+00:00,angiang_longxuyen,111.33672008056003
2025-11-28 00:00:00+00:00,bentre_bentrecity,74.95980026117854
2025-11-28 01:00:00+00:00,backan_backancity,98.78689385729751
2025-11-28 02:00:00+00:00,bacninh_bacninhcity,130.54679070421204
2025-11-28 03:00:00+00:00,binhdinh_quynhon,38.62535170703811
2025-11-28 04:00:00+00:00,bacgiang_bacgiangcity,129.1121215616666
2025-11-28 05:00:00+00:00,bacgiang_bacgiangcity,129.84391580469673
2025-11-28 06:00:00+00:00,bacninh_bacninhcity,131.1637081086434
2025-11-28 07:00:00+00:00,binhduong_thudaumot,82.51216973268353
2025-11-28 08:00:00+00:00,binhdinh_quynhon,38.712414703472426
2025-11-28 09:00:00+00:00,backan_backancity,99.15364504710395
2025-11-28 10:00:00+00:00,bentre_bentrecity,73.49879207245115
2025-11-28 11:00:00+00:00,angiang_longxuyen,111.6330790228449
2025-11-28 12:00:00+00:00,bacninh_bacninhcity,131.7354667359302
2025-11-28 13:00:00+00:00,binhduong_thudaumot,81.85905549793834
2025-11-28 14:00:00+00:00,bentre_bentrecity,72.49555197952887
2025-11-28 15:00:00+00:00,angiang_longxuyen,111.97543778101716
2025-11-28 16:00:00+00:00,backan_backancity,99.23329400707087
2025-11-28 17:00:00+00:00,binhdinh_quynhon,39.07388505449396
2025-11-28 18:00:00+00:00,bacgiang_bacgiangcity,130.61884127821375
2025-11-28 19:00:00+00:00,bentre_bentrecity,73.160787417119
2025-11-28 20:00:00+00:00,backan_backancity,99.15690079623174
2025-11-28 21:00:00+00:00,binhduong_thudaumot,81.82523763981922
2025-11-28 22:00:00+00:00,binhdinh_quynhon,39.682844755239394
2025-11-28 23:00:00+00:00,angiang_longxuyen,112.6089210278821
2025-11-29 00:00:00+00:00,bacgiang_bacgiangcity,131.4681188651817
2025-11-29 01:00:00+00:00,bacninh_bacninhcity,132.28728821817398
2025-11-29 02:00:00+00:00,backan_backancity,99.08224609943701
2025-11-29 03:00:00+00:00,angiang_longxuyen,113.92932207233525
2025-11-29 04:00:00+00:00,bentre_bentrecity,77.30200738836609
2025-11-29 05:00:00+00:00,binhdinh_quynhon,40.40515646513483
2025-11-29 06:00:00+00:00,bacgiang_bacgiangcity,132.1973756967072
2025-11-29 07:00:00+00:00,bacninh_bacninhcity,132.6510100751785
2025-11-29 08:00:00+00:00,binhduong_thudaumot,82.47214891601763
2025-11-29 09:00:00+00:00,binhdinh_quynhon,41.045689665654436
2025-11-29 10:00:00+00:00,bacgiang_bacgiangcity,132.74556617882604
2025-11-29 11:00:00+00:00,bentre_bentrecity,85.6892936507412
2025-11-29 12:00:00+00:00,angiang_longxuyen,116.12924831667391
2025-11-29 13:00:00+00:00,bacninh_bacninhcity,132.81762390046578
2025-11-29 14:00:00+00:00,binhduong_thudaumot,83.71231891473089
2025-11-29 15:00:00+00:00,backan_backancity,98.95994063127648
2025-11-29 16:00:00+00:00,bentre_bentrecity,98.18440388579783
2025-11-29 17:00:00+00:00,backan_backancity,98.83847099003941
2025-11-29 18:00:00+00:00,bacninh_bacninhcity,132.947131954135
2025-11-29 19:00:00+00:00,binhduong_thudaumot,84.85618997738754
2025-11-29 20:00:00+00:00,binhdinh_quynhon,41.364903180576164
2025-11-29 21:00:00+00:00,bacgiang_bacgiangcity,133.17614942461432
2025-11-29 22:00:00+00:00,angiang_longxuyen,119.21630723031993
2025-11-29 23:00:00+00:00,bacgiang_bacgiangcity,133.90820574770598
2025-11-30 00:00:00+00:00,backan_backancity,98.77772194859935
2025-11-30 01:00:00+00:00,binhdinh_quynhon,41.32900297724103
2025-11-30 02:00:00+00:00,angiang_longxuyen,122.24783257020455
2025-11-30 03:00:00+00:00,bacninh_bacninhcity,133.7166371354707
2025-11-30 04:00:00+00:00,binhduong_thudaumot,85.17525458318342
2025-11-30 05:00:00+00:00,bentre_bentrecity,109.78499406981322
2025-11-30 06:00:00+00:00,angiang_longxuyen,123.34871654640818
2025-11-30 07:00:00+00:00,bentre_bentrecity,112.91502339209018
2025-11-30 08:00:00+00:00,bacninh_bacninhcity,135.03412075233004
2025-11-30 09:00:00+00:00,bacgiang_bacgiangcity,134.8930454377641
2025-11-30 10:00:00+00:00,binhdinh_quynhon,41.03017929110495
2025-11-30 11:00:00+00:00,binhduong_thudaumot,84.78702109278947
2025-11-30 12:00:00+00:00,backan_backancity,98.88680823247542
2025-11-30 13:00:00+00:00,bentre_bentrecity,104.15270413551029
2025-11-30 14:00:00+00:00,bacninh_bacninhcity,138.3383570740401
2025-11-30 15:00:00+00:00,bacgiang_bacgiangcity,137.73360494955492
2025-11-30 16:00:00+00:00,binhduong_thudaumot,84.36400004804881
2025-11-30 17:00:00+00:00,backan_backancity,99.52069755452656
2025-11-30 18:00:00+00:00,binhdinh_quynhon,40.678329660886924
2025-11-30 19:00:00+00:00,angiang_longxuyen,121.71075666523984
2025-11-30 20:00:00+00:00,bacgiang_bacgiangcity,141.2069377094986
2025-11-30 21:00:00+00:00,backan_backancity,100.29226125561817
2025-11-30 22:00:00+00:00,binhdinh_quynhon,40.35957835989186
2025-11-30 23:00:00+00:00,binhduong_thudaumot,84.82632833692426
2025-12-01 00:00:00+00:00,bacninh_bacninhcity,142.03208963553138
2025-12-01 01:00:00+00:00,angiang_longxuyen,119.92271068048157
2025-12-01 02:00:00+00:00,bentre_bentrecity,88.61687565568411
2025-12-01 03:00:00+00:00,binhduong_thudaumot,86.04819799970593
2025-12-01 04:00:00+00:00,binhdinh_quynhon,40.09126555800781
2025-12-01 05:00:00+00:00,angiang_longxuyen,119.61209577412346
2025-12-01 06:00:00+00:00,backan_backancity,101.20748235551811
2025-12-01 07:00:00+00:00,bacninh_bacninhcity,145.10282930025625
2025-12-01 08:00:00+00:00,bentre_bentrecity,76.75055043566242
2025-12-01 09:00:00+00:00,bacgiang_bacgiangcity,144.37860678845777
2025-12-01 10:00:00+00:00,backan_backancity,102.18677845663873
2025-12-01 11:00:00+00:00,binhdinh_quynhon,39.87805151523766
2025-12-01 12:00:00+00:00,angiang_longxuyen,120.75760721971058
2025-12-01 13:00:00+00:00,bacninh_bacninhcity,147.56883590086406
2025-12-01 14:00:00+00:00,bentre_bentrecity,71.9562293336732
2025-12-01 15:00:00+00:00,bacgiang_bacgiangcity,147.21126339512102
2025-12-01 16:00:00+00:00,binhduong_thudaumot,87.5792232594123
2025-12-01 17:00:00+00:00,binhdinh_quynhon,39.73793398416924
2025-12-01 18:00:00+00:00,angiang_longxuyen,122.54504089014331
2025-12-01 19:00:00+00:00,bacninh_bacninhcity,149.5204079312758
2025-12-01 20:00:00+00:00,bentre_bentrecity,70.75462322473845
2025-12-01 21:00:00+00:00,bacgiang_bacgiangcity,149.6297382027546
2025-12-01 22:00:00+00:00,binhduong_thudaumot,89.11635021945987
2025-12-01 23:00:00+00:00,backan_backancity,102.95558316944641
2025-12-02 00:00:00+00:00,bentre_bentrecity,70.69992711590088
2025-12-02 01:00:00+00:00,angiang_longxuyen,123.88990949088463
2025-12-02 02:00:00+00:00,bacgiang_bacgiangcity,151.32654458791646
2025-12-02 03:00:00+00:00,bacninh_bacninhcity,150.74887248142352
2025-12-02 04:00:00+00:00,backan_backancity,103.38376838267186
2025-12-02 05:00:00+00:00,binhdinh_quynhon,39.607985159487484
2025-12-02 06:00:00+00:00,binhduong_thudaumot,90.48292321874992
2025-12-02 07:00:00+00:00,bacgiang_bacgiangcity,152.39699868643254
2025-12-02 08:00:00+00:00,backan_backancity,103.37494938860198
2025-12-02 09:00:00+00:00,binhdinh_quynhon,39.47715479278065
2025-12-02 10:00:00+00:00,binhduong_thudaumot,91.54391801395491
2025-12-02 11:00:00+00:00,angiang_longxuyen,124.82995731588431
2025-12-02 12:00:00+00:00,bentre_bentrecity,70.9753256096298
2025-12-02 13:00:00+00:00,bacninh_bacninhcity,151.3217699657049
2025-12-02 14:00:00+00:00,binhdinh_quynhon,39.28249125327353
2025-12-02 15:00:00+00:00,bentre_bentrecity,71.51678063416779
2025-12-02 16:00:00+00:00,binhduong_thudaumot,92.16141437706762
2025-12-02 17:00:00+00:00,backan_backancity,102.87177830468589
2025-12-02 18:00:00+00:00,bacgiang_bacgiangcity,152.9539807633421
2025-12-02 19:00:00+00:00,angiang_longxuyen,125.68418106837683
2025-12-02 20:00:00+00:00,bacninh_bacninhcity,151.40863282827405
2025-12-02 21:00:00+00:00,binhdinh_quynhon,39.067476005716976
2025-12-02 22:00:00+00:00,bentre_bentrecity,72.29417919044704
2025-12-02 23:00:00+00:00,backan_backancity,101.97875002526749
2025-12-03 00:00:00+00:00,angiang_longxuyen,126.3633591652394
2025-12-03 01:00:00+00:00,bacninh_bacninhcity,151.22675879576872
2025-12-03 02:00:00+00:00,binhduong_thudaumot,92.36163758769781
2025-12-03 03:00:00+00:00,bacgiang_bacgiangcity,153.16397360390164
2025-12-03 04:00:00+00:00,angiang_longxuyen,127.15093119299736
2025-12-03 05:00:00+00:00,bacgiang_bacgiangcity,153.1729415070974
2025-12-03 06:00:00+00:00,bentre_bentrecity,73.36616288350393
2025-12-03 07:00:00+00:00,binhdinh_quynhon,38.80145521309815
2025-12-03 08:00:00+00:00,binhduong_thudaumot,92.63992730101442
2025-12-03 09:00:00+00:00,bacninh_bacninhcity,150.97893112451086
2025-12-03 10:00:00+00:00,backan_backancity,100.68464216298554
2025-12-03 11:00:00+00:00,bacgiang_bacgiangcity,153.14388874100575
2025-12-03 12:00:00+00:00,bacninh_bacninhcity,150.87391326131697
2025-12-03 13:00:00+00:00,bentre_bentrecity,75.33405535410984
2025-12-03 14:00:00+00:00,binhdinh_quynhon,38.541700516495474
2025-12-03 15:00:00+00:00,angiang_longxuyen,128.11598622095732
2025-12-03 16:00:00+00:00,binhduong_thudaumot,93.30562733507723
2025-12-03 17:00:00+00:00,backan_backancity,99.00537295448524
2025-12-03 18:00:00+00:00,bacninh_bacninhcity,150.9673233603319
2025-12-03 19:00:00+00:00,bacgiang_bacgiangcity,153.1327670162136
2025-12-03 20:00:00+00:00,bentre_bentrecity,78.61446383313641
2025-12-03 21:00:00+00:00,binhduong_thudaumot,94.5635473015929
2025-12-03 22:00:00+00:00,binhdinh_quynhon,38.288855203332666
2025-12-03 23:00:00+00:00,angiang_longxuyen,129.4428046530985
2025-12-04 00:00:00+00:00,backan_backancity,97.14570495618949
2025-12-04 01:00:00+00:00,bacninh_bacninhcity,150.98449198690696
2025-12-04 02:00:00+00:00,bacgiang_bacgiangcity,152.91165721595388
2025-12-04 03:00:00+00:00,backan_backancity,95.14791302220232
2025-12-04 04:00:00+00:00,binhduong_thudaumot,97.07861097135114
2025-12-04 05:00:00+00:00,binhdinh_quynhon,38.06784547000553
2025-12-04 06:00:00+00:00,angiang_longxuyen,133.04274114312062
2025-12-04 07:00:00+00:00,bentre_bentrecity,82.4820746027109
2025-12-04 08:00:00+00:00,bentre_bentrecity,84.45849063168099
2025-12-04 09:00:00+00:00,bacninh_bacninhcity,150.39005628666132
2025-12-04 10:00:00+00:00,bacgiang_bacgiangcity,152.08222623728042
2025-12-04 11:00:00+00:00,binhduong_thudaumot,99.49270353231981
2025-12-04 12:00:00+00:00,binhdinh_quynhon,37.81388036021626
2025-12-04 13:00:00+00:00,angiang_longxuyen,136.3377784546716
2025-12-04 14:00:00+00:00,backan_backancity,93.03486527589105
2025-12-04 15:00:00+00:00,binhdinh_quynhon,37.555836331651456
2025-12-04 16:00:00+00:00,angiang_longxuyen,138.64129779968795
2025-12-04 17:00:00+00:00,bacninh_bacninhcity,149.36986914394328
2025-12-04 18:00:00+00:00,backan_backancity,91.14986038983037
2025-12-04 19:00:00+00:00,bentre_bentrecity,85.3754563508995
2025-12-04 20:00:00+00:00,bacgiang_bacgiangcity,150.82632905233044
2025-12-04 21:00:00+00:00,binhduong_thudaumot,101.82996955689309
2025-12-04 22:00:00+00:00,binhduong_thudaumot,104.1503293327711
2025-12-04 23:00:00+00:00,bentre_bentrecity,85.8014162661481
2025-12-05 00:00:00+00:00,bacninh_bacninhcity,148.12846260384887
2025-12-05 01:00:00+00:00,bacgiang_bacgiangcity,149.32302828931302
2025-12-05 02:00:00+00:00,binhdinh_quynhon,37.35968608343175
2025-12-05 03:00:00+00:00,angiang_longxuyen,140.26516015609292
2025-12-05 04:00:00+00:00,backan_backancity,89.48798212923003
2025-12-05 05:00:00+00:00,bacgiang_bacgiangcity,147.72273884316803
2025-12-05 06:00:00+00:00,angiang_longxuyen,141.5238258595109
2025-12-05 07:00:00+00:00,backan_backancity,87.9096121064115
2025-12-05 08:00:00+00:00,binhduong_thudaumot,106.39090002519474
2025-12-05 09:00:00+00:00,binhdinh_quynhon,37.29164056927915
2025-12-05 10:00:00+00:00,bentre_bentrecity,86.15944145563375
2025-12-05 11:00:00+00:00,bacninh_bacninhcity,146.77494774362367
2025-12-05 12:00:00+00:00,binhduong_thudaumot,108.27937985461647
2025-12-05 13:00:00+00:00,binhdinh_quynhon,37.41812517205692
2025-12-05 14:00:00+00:00,backan_backancity,86.37739199987924
2025-12-05 15:00:00+00:00,bacninh_bacninhcity,145.42638857910703
2025-12-05 16:00:00+00:00,bentre_bentrecity,86.76688585711446
2025-12-05 17:00:00+00:00,bacgiang_bacgiangcity,146.20526669646085
2025-12-05 18:00:00+00:00,angiang_longxuyen,142.6325531771918
2025-12-05 19:00:00+00:00,bacninh_bacninhcity,143.98518173029987
2025-12-05 20:00:00+00:00,binhdinh_quynhon,37.76218864190202
2025-12-05 21:00:00+00:00,bacgiang_bacgiangcity,144.7138167173158
2025-12-05 22:00:00+00:00,bentre_bentrecity,88.50891773070924
2025-12-05 23:00:00+00:00,angiang_longxuyen,143.6980229894471
2025-12-06 00:00:00+00:00,backan_backancity,84.90983061834103
2025-12-06 01:00:00+00:00,binhduong_thudaumot,110.14222587147631
2025-12-06 02:00:00+00:00,bacninh_bacninhcity,142.3854116791859
2025-12-06 03:00:00+00:00,bentre_bentrecity,92.23025804413481
2025-12-06 04:00:00+00:00,binhduong_thudaumot,112.04920378814876
2025-12-06 05:00:00+00:00,backan_backancity,83.56025053285752
2025-12-06 06:00:00+00:00,bacgiang_bacgiangcity,143.1783134623766
2025-12-06 07:00:00+00:00,binhdinh_quynhon,38.305275710459405
2025-12-06 08:00:00+00:00,angiang_longxuyen,145.04941738372008
2025-12-06 09:00:00+00:00,angiang_longxuyen,146.93344899973414
2025-12-06 10:00:00+00:00,bentre_bentrecity,97.8730961052771
2025-12-06 11:00:00+00:00,bacninh_bacninhcity,140.5756630827884
2025-12-06 12:00:00+00:00,backan_backancity,82.43229368629969
2025-12-06 13:00:00+00:00,binhduong_thudaumot,113.86734371160667
2025-12-06 14:00:00+00:00,bacgiang_bacgiangcity,141.50683830643288
2025-12-06 15:00:00+00:00,binhdinh_quynhon,38.89104370830704
2025-12-06 16:00:00+00:00,angiang_longxuyen,149.45530247890417
2025-12-06 17:00:00+00:00,binhduong_thudaumot,115.20645369863277
2025-12-06 18:00:00+00:00,backan_backancity,81.67782713540274
2025-12-06 19:00:00+00:00,bacninh_bacninhcity,138.696773001072
2025-12-06 20:00:00+00:00,bacgiang_bacgiangcity,139.75788275412216
2025-12-06 21:00:00+00:00,bentre_bentrecity,104.44817081431302
2025-12-06 22:00:00+00:00,binhdinh_quynhon,39.29561431671724
2025-12-06 23:00:00+00:00,binhdinh_quynhon,39.48441679303055
2025-12-07 00:00:00+00:00,binhduong_thudaumot,115.91299057137118
2025-12-07 01:00:00+00:00,backan_backancity,81.23702872358051
2025-12-07 02:00:00+00:00,bacninh_bacninhcity,136.9737181064767
2025-12-07 03:00:00+00:00,bacgiang_bacgiangcity,137.93838477943643
2025-12-07 04:00:00+00:00,bentre_bentrecity,109.02227437952466
2025-12-07 05:00:00+00:00,angiang_longxuyen,151.65390164511317
2025-12-07 06:00:00+00:00,binhduong_thudaumot,115.53323656224016
2025-12-07 07:00:00+00:00,bacgiang_bacgiangcity,136.30608106250472
2025-12-07 08:00:00+00:00,bentre_bentrecity,108.38636927463675
2025-12-07 09:00:00+00:00,angiang_longxuyen,151.72755567258213
2025-12-07 10:00:00+00:00,backan_backancity,80.98104917113662
2025-12-07 11:00:00+00:00,bacninh_bacninhcity,135.6886871488706
2025-12-07 12:00:00+00:00,binhdinh_quynhon,39.54226501024431
2025-12-07 13:00:00+00:00,bacgiang_bacgiangcity,134.27524172621563
2025-12-07 14:00:00+00:00,binhduong_thudaumot,114.78669316811192
2025-12-07 15:00:00+00:00,bacninh_bacninhcity,134.20338413844104
2025-12-07 16:00:00+00:00,binhdinh_quynhon,39.51395083341695
2025-12-07 17:00:00+00:00,backan_backancity,80.10222086596015
2025-12-07 18:00:00+00:00,angiang_longxuyen,149.9934719724892
2025-12-07 19:00:00+00:00,bentre_bentrecity,103.0356385024178
2025-12-07 20:00:00+00:00,backan_backancity,78.9190056297055
2025-12-07 21:00:00+00:00,bentre_bentrecity,97.0929281370751
2025-12-07 22:00:00+00:00,angiang_longxuyen,147.73524244464815
2025-12-07 23:00:00+00:00,binhduong_thudaumot,113.01404438696748
2025-12-08 00:00:00+00:00,binhdinh_quynhon,39.4237095206003
2025-12-08 01:00:00+00:00,bacninh_bacninhcity,131.98694923277316
2025-12-08 02:00:00+00:00,bacgiang_bacgiangcity,131.50417393400772
2025-12-08 03:00:00+00:00,angiang_longxuyen,145.70353586161008
2025-12-08 04:00:00+00:00,backan_backancity,77.65200578033144
2025-12-08 05:00:00+00:00,bacgiang_bacgiangcity,127.95100920478147
2025-12-08 06:00:00+00:00,bacninh_bacninhcity,128.87992339225892
2025-12-08 07:00:00+00:00,binhduong_thudaumot,110.66013895885244
2025-12-08 08:00:00+00:00,binhdinh_quynhon,39.323785540783774
2025-12-08 09:00:00+00:00,bentre_bentrecity,93.36544353529835
2025-12-08 10:00:00+00:00,backan_backancity,76.26927137579365
2025-12-08 11:00:00+00:00,binhdinh_quynhon,39.26449826577771
2025-12-08 12:00:00+00:00,bentre_bentrecity,91.57387853007778
2025-12-08 13:00:00+00:00,bacninh_bacninhcity,124.80049475187833
2025-12-08 14:00:00+00:00,angiang_longxuyen,143.7890171868041
2025-12-08 15:00:00+00:00,bacgiang_bacgiangcity,123.6432111464373
2025-12-08 16:00:00+00:00,binhduong_thudaumot,107.93742612926654
2025-12-08 17:00:00+00:00,binhdinh_quynhon,39.269925705597025
2025-12-08 18:00:00+00:00,bacninh_bacninhcity,119.81749506596853
2025-12-08 19:00:00+00:00,binhduong_thudaumot,105.01564443259409
2025-12-08 20:00:00+00:00,bentre_bentrecity,90.60690376566724
2025-12-08 21:00:00+00:00,backan_backancity,74.85818467369228
2025-12-08 22:00:00+00:00,angiang_longxuyen,141.7343428601935
2025-12-08 23:00:00+00:00,bacgiang_bacgiangcity,118.74476325346332
2025-12-09 00:00:00+00:00,angiang_longxuyen,139.6479854366921
2025-12-09 01:00:00+00:00,binhdinh_quynhon,39.33455464876591
2025-12-09 02:00:00+00:00,bacninh_bacninhcity,114.50084125374768
2025-12-09 03:00:00+00:00,binhduong_thudaumot,102.05537985270762
2025-12-09 04:00:00+00:00,backan_backancity,73.52074961651384
2025-12-09 05:00:00+00:00,bentre_bentrecity,89.69682062624594
2025-12-09 06:00:00+00:00,bacgiang_bacgiangcity,113.75286475819217
2025-12-09 07:00:00+00:00,bentre_bentrecity,88.76143663506816
2025-12-09 08:00:00+00:00,bacgiang_bacgiangcity,109.28996891071814
2025-12-09 09:00:00+00:00,binhduong_thudaumot,99.38896182033452
2025-12-09 10:00:00+00:00,binhdinh_quynhon,39.441854991040984
2025-12-09 11:00:00+00:00,angiang_longxuyen,137.26471751150365
2025-12-09 12:00:00+00:00,backan_backancity,72.3528422383975
2025-12-09 13:00:00+00:00,bacninh_bacninhcity,109.74578808388402
2025-12-09 14:00:00+00:00,binhdinh_quynhon,39.58403104186528
2025-12-09 15:00:00+00:00,bacninh_bacninhcity,106.19829143162447
2025-12-09 16:00:00+00:00,bentre_bentrecity,87.8413223812925
2025-12-09 17:00:00+00:00,binhduong_thudaumot,97.12765865922661
2025-12-09 18:00:00+00:00,angiang_longxuyen,134.46492812710005
2025-12-09 19:00:00+00:00,bacgiang_bacgiangcity,105.95508768654278
2025-12-09 20:00:00+00:00,backan_backancity,71.45152984648931
2025-12-09 21:00:00+00:00,angiang_longxuyen,131.3478503249538
2025-12-09 22:00:00+00:00,bacninh_bacninhcity,103.62195925094062
2025-12-09 23:00:00+00:00,bacgiang_bacgiangcity,103.53000012244806
2025-12-10 00:00:00+00:00,binhduong_thudaumot,95.35131603830612
2025-12-10 01:00:00+00:00,bentre_bentrecity,86.98936323878605
2025-12-10 02:00:00+00:00,backan_backancity,70.69472840049889
2025-12-10 03:00:00+00:00,binhdinh_quynhon,39.718196972991365
2025-12-10 04:00:00+00:00,angiang_longxuyen,127.90327013030404
2025-12-10 05:00:00+00:00,bacninh_bacninhcity,101.79448391656436
2025-12-10 06:00:00+00:00,binhduong_thudaumot,93.87454954133467
2025-12-10 07:00:00+00:00,backan_backancity,70.13434881297373
2025-12-10 08:00:00+00:00,bacgiang_bacgiangcity,101.81792102170158
2025-12-10 09:00:00+00:00,bentre_bentrecity,86.4017380463207
2025-12-10 10:00:00+00:00,binhdinh_quynhon,39.90082865512907
2025-12-10 11:00:00+00:00,bentre_bentrecity,85.8580398547108
2025-12-10 12:00:00+00:00,backan_backancity,69.76840880563041
2025-12-10 13:00:00+00:00,binhdinh_quynhon,40.09937097954658
2025-12-10 14:00:00+00:00,angiang_longxuyen,124.29051077763594
2025-12-10 15:00:00+00:00,bacninh_bacninhcity,100.7391297990469
2025-12-10 16:00:00+00:00,bacgiang_bacgiangcity,100.83031996081354
2025-12-10 17:00:00+00:00,binhduong_thudaumot,92.80181415501045
2025-12-10 18:00:00+00:00,bacninh_bacninhcity,100.50334411097903
2025-12-10 19:00:00+00:00,angiang_longxuyen,120.76512891747598
2025-12-10 20:00:00+00:00,binhduong_thudaumot,92.06809838862021
2025-12-10 21:00:00+00:00,backan_backancity,69.63787863972131
2025-12-10 22:00:00+00:00,bacgiang_bacgiangcity,100.6211818586364
2025-12-10 23:00:00+00:00,bentre_bentrecity,85.45660467685468
2025-12-11 00:00:00+00:00,binhdinh_quynhon,40.25036721571376
2025-12-11 01:00:00+00:00,binhduong_thudaumot,91.02534317442345
2025-12-11 02:00:00+00:00,binhdinh_quynhon,40.33533833674801
2025-12-11 03:00:00+00:00,backan_backancity,70.10788825694506
2025-12-11 04:00:00+00:00,angiang_longxuyen,114.12848028489731
2025-12-11 05:00:00+00:00,bentre_bentrecity,85.02150412382434
2025-12-11 06:00:00+00:00,bacninh_bacninhcity,102.13578958939854
2025-12-11 07:00:00+00:00,bacgiang_bacgiangcity,102.32623125736932
2025-12-11 08:00:00+00:00,bentre_bentrecity,84.41013805160502
2025-12-11 09:00:00+00:00,bacgiang_bacgiangcity,104.76165787989069
2025-12-11 10:00:00+00:00,binhdinh_quynhon,40.31844132041852
2025-12-11 11:00:00+00:00,binhduong_thudaumot,90.34394394903957
2025-12-11 12:00:00+00:00,angiang_longxuyen,109.6147694960421
2025-12-11 13:00:00+00:00,bacninh_bacninhcity,104.41407419831029
2025-12-11 14:00:00+00:00,backan_backancity,71.05874807575512
2025-12-11 15:00:00+00:00,bentre_bentrecity,83.41011796962032
2025-12-11 16:00:00+00:00,binhduong_thudaumot,89.82433568017466
2025-12-11 17:00:00+00:00,angiang_longxuyen,106.30448865509518
2025-12-11 18:00:00+00:00,bacninh_bacninhcity,106.04318053849154
2025-12-11 19:00:00+00:00,backan_backancity,72.13481783522559
2025-12-11 20:00:00+00:00,binhdinh_quynhon,40.2216718315242
2025-12-11 21:00:00+00:00,bacgiang_bacgiangcity,106.49476354484499
2025-12-11 22:00:00+00:00,bentre_bentrecity,82.25752202346132
2025-12-11 23:00:00+00:00,binhdinh_quynhon,40.14272855190473
2025-12-12 00:00:00+00:00,backan_backancity,73.18937320419192
2025-12-12 01:00:00+00:00,bacninh_bacninhcity,107.4308998249266
2025-12-12 02:00:00+00:00,angiang_longxuyen,103.55459693185746
2025-12-12 03:00:00+00:00,bacgiang_bacgiangcity,107.94166825244402
2025-12-12 04:00:00+00:00,binhduong_thudaumot,89.11211881773946
2025-12-12 05:00:00+00:00,binhdinh_quynhon,40.205942262741445
2025-12-12 06:00:00+00:00,binhduong_thudaumot,88.21725121279844
2025-12-12 07:00:00+00:00,bacgiang_bacgiangcity,109.31013478017849
2025-12-12 08:00:00+00:00,bentre_bentrecity,81.08081471164323
2025-12-12 09:00:00+00:00,bacninh_bacninhcity,108.70036739633439
2025-12-12 10:00:00+00:00,angiang_longxuyen,101.27434076611935
2025-12-12 11:00:00+00:00,backan_backancity,74.28066028505219
2025-12-12 12:00:00+00:00,bacninh_bacninhcity,109.96414485222485
2025-12-12 13:00:00+00:00,binhdinh_quynhon,40.45169711896735
2025-12-12 14:00:00+00:00,angiang_longxuyen,99.44023629527808
2025-12-12 15:00:00+00:00,backan_backancity,75.17458201922575
2025-12-12 16:00:00+00:00,binhduong_thudaumot,87.1784146911578
2025-12-12 17:00:00+00:00,bacgiang_bacgiangcity,110.73877250749013
2025-12-12 18:00:00+00:00,bentre_bentrecity,79.91952008998804
2025-12-12 19:00:00+00:00,binhdinh_quynhon,40.77423190303224
2025-12-12 20:00:00+00:00,backan_backancity,76.04724667786465
2025-12-12 21:00:00+00:00,binhduong_thudaumot,86.39358140004265
2025-12-12 22:00:00+00:00,bacgiang_bacgiangcity,112.40128690787614
2025-12-12 23:00:00+00:00,angiang_longxuyen,97.95877052411278
2025-12-13 00:00:00+00:00,bacninh_bacninhcity,111.41561332671321
2025-12-13 01:00:00+00:00,bentre_bentrecity,79.54221295561314
2025-12-13 02:00:00+00:00,bacninh_bacninhcity,113.25165808346442
2025-12-13 03:00:00+00:00,bacgiang_bacgiangcity,114.50390997301338
2025-12-13 04:00:00+00:00,bentre_bentrecity,81.10667486607642
2025-12-13 05:00:00+00:00,angiang_longxuyen,96.74158613806715
2025-12-13 06:00:00+00:00,backan_backancity,76.86537485824891
2025-12-13 07:00:00+00:00,binhdinh_quynhon,41.09245427881225
2025-12-13 08:00:00+00:00,binhduong_thudaumot,86.01782530312269
2025-12-13 09:00:00+00:00,bentre_bentrecity,85.7292286957506
2025-12-13 10:00:00+00:00,backan_backancity,77.7022107899331
2025-12-13 11:00:00+00:00,bacninh_bacninhcity,115.45626364817406
2025-12-13 12:00:00+00:00,binhdinh_quynhon,41.141115398597
2025-12-13 13:00:00+00:00,binhduong_thudaumot,86.30095754121224
2025-12-13 14:00:00+00:00,bacgiang_bacgiangcity,117.0625058855344
2025-12-13 15:00:00+00:00,angiang_longxuyen,95.66202416177703
2025-12-13 16:00:00+00:00,binhduong_thudaumot,87.10239836931622
2025-12-13 17:00:00+00:00,backan_backancity,78.58700260778198
2025-12-13 18:00:00+00:00,bacgiang_bacgiangcity,119.94519953230532
2025-12-13 19:00:00+00:00,bentre_bentrecity,93.87497244325212
2025-12-13 20:00:00+00:00,binhdinh_quynhon,40.916412718948564
2025-12-13 21:00:00+00:00,bacninh_bacninhcity,118.18999932689256
2025-12-13 22:00:00+00:00,angiang_longxuyen,94.63975899220762
2025-12-13 23:00:00+00:00,angiang_longxuyen,93.2817720931146
2025-12-14 00:00:00+00:00,bacgiang_bacgiangcity,123.78241139729042
2025-12-14 01:00:00+00:00,backan_backancity,79.47647374600186
2025-12-14 02:00:00+00:00,bentre_bentrecity,104.27123460842117
2025-12-14 03:00:00+00:00,binhdinh_quynhon,40.39581688476095
2025-12-14 04:00:00+00:00,binhduong_thudaumot,88.29229902968544
2025-12-14 05:00:00+00:00,bacninh_bacninhcity,122.45860450331062
2025-12-14 06:00:00+00:00,bacninh_bacninhcity,128.06312467255034
2025-12-14 07:00:00+00:00,bacgiang_bacgiangcity,128.48995302582097
2025-12-14 08:00:00+00:00,bentre_bentrecity,111.0558095666283
2025-12-14 09:00:00+00:00,binhduong_thudaumot,89.41538476091817
2025-12-14 10:00:00+00:00,backan_backancity,80.16364051964851
2025-12-14 11:00:00+00:00,angiang_longxuyen,91.44889850510769
2025-12-14 12:00:00+00:00,binhdinh_quynhon,39.722423609619746
2025-12-14 13:00:00+00:00,binhduong_thudaumot,90.18449682216163
2025-12-14 14:00:00+00:00,angiang_longxuyen,88.85983340288988
2025-12-14 15:00:00+00:00,backan_backancity,80.86787227911863
2025-12-14 16:00:00+00:00,bentre_bentrecity,107.989675363348
2025-12-14 17:00:00+00:00,bacgiang_bacgiangcity,134.01186555967206
2025-12-14 18:00:00+00:00,binhdinh_quynhon,39.09364112603994
2025-12-14 19:00:00+00:00,bacninh_bacninhcity,134.3105224675872
2025-12-14 20:00:00+00:00,backan_backancity,81.61295517254045
2025-12-14 21:00:00+00:00,binhdinh_quynhon,38.54020427759884
2025-12-14 22:00:00+00:00,bentre_bentrecity,97.96643308991125
2025-12-14 23:00:00+00:00,bacninh_bacninhcity,139.57776227548294
2025-12-15 00:00:00+00:00,binhduong_thudaumot,90.25503209689859
2025-12-15 01:00:00+00:00,angiang_longxuyen,87.13608280485856
2025-12-15 02:00:00+00:00,bacgiang_bacgiangcity,139.00978713126597
2025-12-15 03:00:00+00:00,angiang_longxuyen,87.11629695148741
2025-12-15 04:00:00+00:00,bacninh_bacninhcity,143.3070233631312
2025-12-15 05:00:00+00:00,binhduong_thudaumot,89.92850059189564
2025-12-15 06:00:00+00:00,backan_backancity,82.9567182719314
2025-12-15 07:00:00+00:00,binhdinh_quynhon,37.97496429620565
2025-12-15 08:00:00+00:00,bacgiang_bacgiangcity,142.7986452249021
2025-12-15 09:00:00+00:00,bentre_bentrecity,90.47539377770998
2025-12-15 10:00:00+00:00,bacgiang_bacgiangcity,145.44856055231097
2025-12-15 11:00:00+00:00,binhduong_thudaumot,89.4542297911263
2025-12-15 12:00:00+00:00,binhdinh_quynhon,37.45720369177439
2025-12-15 13:00:00+00:00,backan_backancity,85.06313911541456
2025-12-15 14:00:00+00:00,bentre_bentrecity,87.61407871632039
2025-12-15 15:00:00+00:00,angiang_longxuyen,88.91973299222147
2025-12-15 16:00:00+00:00,bacninh_bacninhcity,145.844777954397
2025-12-15 17:00:00+00:00,binhdinh_quynhon,37.02350407580012
2025-12-15 18:00:00+00:00,bentre_bentrecity,87.14598823991071
2025-12-15 19:00:00+00:00,bacninh_bacninhcity,147.78484705265436
2025-12-15 20:00:00+00:00,binhduong_thudaumot,89.22592827572409
2025-12-15 21:00:00+00:00,bacgiang_bacgiangcity,147.52503517494733
2025-12-15 22:00:00+00:00,backan_backancity,87.76801977936057
2025-12-15 23:00:00+00:00,angiang_longxuyen,92.29204937500131
2025-12-16 00:00:00+00:00,angiang_longxuyen,96.74378135640056
2025-12-16 01:00:00+00:00,backan_backancity,90.89025519799006
2025-12-16 02:00:00+00:00,bacninh_bacninhcity,149.41834919023097
2025-12-16 03:00:00+00:00,bacgiang_bacgiangcity,149.23472636895156
2025-12-16 04:00:00+00:00,bentre_bentrecity,87.4536511717578
2025-12-16 05:00:00+00:00,binhdinh_quynhon,36.65092153017048
2025-12-16 06:00:00+00:00,binhduong_thudaumot,89.0517069810149
2025-12-16 07:00:00+00:00,binhdinh_quynhon,36.29317748111445
2025-12-16 08:00:00+00:00,backan_backancity,94.22961382176175
2025-12-16 09:00:00+00:00,bacninh_bacninhcity,150.95837451750427
2025-12-16 10:00:00+00:00,bacgiang_bacgiangcity,150.79983037556553
2025-12-16 11:00:00+00:00,binhduong_thudaumot,88.89792078346562
2025-12-16 12:00:00+00:00,angiang_longxuyen,101.91221683219713
2025-12-16 13:00:00+00:00,bentre_bentrecity,87.9799984720226
2025-12-16 14:00:00+00:00,bacgiang_bacgiangcity,152.2986662473532
2025-12-16 15:00:00+00:00,binhduong_thudaumot,88.87607879288461
2025-12-16 16:00:00+00:00,bentre_bentrecity,88.73816154305989
2025-12-16 17:00:00+00:00,backan_backancity,97.78874265929691
2025-12-16 18:00:00+00:00,bacninh_bacninhcity,152.3763706030455
2025-12-16 19:00:00+00:00,binhdinh_quynhon,35.95641889734749
2025-12-16 20:00:00+00:00,angiang_longxuyen,107.17673815509119
2025-12-16 21:00:00+00:00,binhduong_thudaumot,89.06439880363013
2025-12-16 22:00:00+00:00,angiang_longxuyen,111.35377672747245
2025-12-16 23:00:00+00:00,binhdinh_quynhon,35.52871376714381
2025-12-17 00:00:00+00:00,backan_backancity,101.47953515900724
2025-12-17 01:00:00+00:00,bacgiang_bacgiangcity,153.75415407696673
2025-12-17 02:00:00+00:00,bentre_bentrecity,89.58627168248113
2025-12-17 03:00:00+00:00,bacninh_bacninhcity,153.75413501659864
2025-12-17 04:00:00+00:00,backan_backancity,105.31268359176589
2025-12-17 05:00:00+00:00,binhduong_thudaumot,89.35970585184992
2025-12-17 06:00:00+00:00,bacninh_bacninhcity,155.03406256064326
2025-12-17 07:00:00+00:00,bentre_bentrecity,90.55222552592477
2025-12-17 08:00:00+00:00,angiang_longxuyen,114.04721283164143
2025-12-17 09:00:00+00:00,binhdinh_quynhon,35.06918735238054
2025-12-17 10:00:00+00:00,bacgiang_bacgiangcity,155.12143052296733
2025-12-17 11:00:00+00:00,binhduong_thudaumot,89.66676302137301
2025-12-17 12:00:00+00:00,binhdinh_quynhon,34.58672178459692
2025-12-17 13:00:00+00:00,bentre_bentrecity,91.51192161226331
2025-12-17 14:00:00+00:00,angiang_longxuyen,115.2629295693426
2025-12-17 15:00:00+00:00,backan_backancity,109.193924907085
2025-12-17 16:00:00+00:00,bacgiang_bacgiangcity,156.3693795344155
2025-12-17 17:00:00+00:00,bacninh_bacninhcity,156.1815681972439
2025-12-17 18:00:00+00:00,binhdinh_quynhon,34.12683322283955
2025-12-17 19:00:00+00:00,angiang_longxuyen,115.19483521299674
2025-12-17 20:00:00+00:00,bacgiang_bacgiangcity,157.54493250268993
2025-12-17 21:00:00+00:00,backan_backancity,113.03309760743942
2025-12-17 22:00:00+00:00,bentre_bentrecity,92.49349364046357
2025-12-17 23:00:00+00:00,binhduong_thudaumot,89.94574188612411
2025-12-18 00:00:00+00:00,bacninh_bacninhcity,157.2247612042707
2025-12-18 01:00:00+00:00,binhduong_thudaumot,90.15714400265081
2025-12-18 02:00:00+00:00,binhdinh_quynhon,33.61594864620396
2025-12-18 03:00:00+00:00,angiang_longxuyen,114.32742168577212
2025-12-18 04:00:00+00:00,bacninh_bacninhcity,158.29071229082075
2025-12-18 05:00:00+00:00,backan_backancity,116.83888726432221
2025-12-18 06:00:00+00:00,bacgiang_bacgiangcity,158.7775665083617
2025-12-18 07:00:00+00:00,bentre_bentrecity,93.29383968867423
2025-12-18 08:00:00+00:00,bacninh_bacninhcity,159.21514967433836
2025-12-18 09:00:00+00:00,backan_backancity,120.69000247657053
2025-12-18 10:00:00+00:00,bentre_bentrecity,93.79417256465143
2025-12-18 11:00:00+00:00,binhdinh_quynhon,33.11281687429711
2025-12-18 12:00:00+00:00,binhduong_thudaumot,90.37125686090465
2025-12-18 13:00:00+00:00,angiang_longxuyen,113.07650044817183
2025-12-18 14:00:00+00:00,bacgiang_bacgiangcity,159.87300874946993
2025-12-18 15:00:00+00:00,bentre_bentrecity,94.0777729730327
2025-12-18 16:00:00+00:00,bacgiang_bacgiangcity,160.6764032653052
2025-12-18 17:00:00+00:00,angiang_longxuyen,111.79939502988047
2025-12-18 18:00:00+00:00,binhduong_thudaumot,90.63625494564708
2025-12-18 19:00:00+00:00,backan_backancity,122.79208232121664
2025-12-18 20:00:00+00:00,binhdinh_quynhon,32.68003692108415
2025-12-18 21:00:00+00:00,bacninh_bacninhcity,159.8935415310164
2025-12-18 22:00:00+00:00,bacgiang_bacgiangcity,161.12289238828126
2025-12-18 23:00:00+00:00,bentre_bentrecity,94.09135229403803
2025-12-19 00:00:00+00:00,bacninh_bacninhcity,160.33366925613575
2025-12-19 01:00:00+00:00,backan_backancity,123.68927529106706
2025-12-19 02:00:00+00:00,binhdinh_quynhon,32.464883485858806
2025-12-19 03:00:00+00:00,angiang_longxuyen,110.53770349302505
2025-12-19 04:00:00+00:00,binhduong_thudaumot,90.83995667345735
