time,location,predicted
2025-05-22 10:00:00+00:00,angiang_longxuyen,96.73894824023648
2025-05-22 11:00:00+00:00,backan_backancity,94.03453347056683
2025-05-22 12:00:00+00:00,bacgiang_bacgiangcity,152.36907684810058
2025-05-22 13:00:00+00:00,backan_backancity,95.40939538373703
2025-05-22 14:00:00+00:00,bacgiang_bacgiangcity,151.36671223004532
2025-05-22 15:00:00+00:00,angiang_longxuyen,98.94780047054356
2025-05-22 16:00:00+00:00,bacgiang_bacgiangcity,150.90563407028782
2025-05-22 17:00:00+00:00,angiang_longxuyen,101.65442076517641
2025-05-22 18:00:00+00:00,backan_backancity,96.84902542624431
2025-05-22 19:00:00+00:00,bacgiang_bacgiangcity,150.86967615252465
2025-05-22 20:00:00+00:00,angiang_longxuyen,104.60199234562631
2025-05-22 21:00:00+00:00,backan_backancity,98.2745627052314
2025-05-22 22:00:00+00:00,backan_backancity,99.68827102962518
2025-05-22 23:00:00+00:00,bacgiang_bacgiangcity,151.00741998885024
2025-05-23 00:00:00+00:00,angiang_longxuyen,107.45441879266522
2025-05-23 01:00:00+00:00,angiang_longxuyen,108.60466327666423
2025-05-23 02:00:00+00:00,backan_backancity,100.87699249418581
2025-05-23 03:00:00+00:00,bacgiang_bacgiangcity,151.27861796177626
2025-05-23 04:00:00+00:00,angiang_longxuyen,108.51391454746573
2025-05-23 05:00:00+00:00,backan_backancity,101.01494256607512
2025-05-23 06:00:00+00:00,bacgiang_bacgiangcity,150.83934697119017
2025-05-23 07:00:00+00:00,backan_backancity,100.59237725393379
2025-05-23 08:00:00+00:00,angiang_longxuyen,107.72417012772407
2025-05-23 09:00:00+00:00,bacgiang_bacgiangcity,149.52151008806217
2025-05-23 10:00:00+00:00,backan_backancity,100.96351727992584
2025-05-23 11:00:00+00:00,angiang_longxuyen,106.99678334708408
2025-05-23 12:00:00+00:00,bacgiang_bacgiangcity,148.00209557604273
2025-05-23 13:00:00+00:00,backan_backancity,102.37228730869118
2025-05-23 14:00:00+00:00,bacgiang_bacgiangcity,146.80418377653578
2025-05-23 15:00:00+00:00,angiang_longxuyen,106.73031160582642
2025-05-23 16:00:00+00:00,angiang_longxuyen,106.93703496147847
2025-05-23 17:00:00+00:00,backan_backancity,104.48191064253369
2025-05-23 18:00:00+00:00,bacgiang_bacgiangcity,146.34734271149009
2025-05-23 19:00:00+00:00,angiang_longxuyen,107.4518247079443
2025-05-23 20:00:00+00:00,bacgiang_bacgiangcity,146.6620306836365
2025-05-23 21:00:00+00:00,backan_backancity,106.83507284601052
2025-05-23 22:00:00+00:00,angiang_longxuyen,108.20707757467
2025-05-23 23:00:00+00:00,backan_backancity,109.18889485384517
2025-05-24 00:00:00+00:00,bacgiang_bacgiangcity,147.66177939784595
2025-05-24 01:00:00+00:00,bacgiang_bacgiangcity,148.8541772354988
2025-05-24 02:00:00+00:00,angiang_longxuyen,109.0649571434954
2025-05-24 03:00:00+00:00,backan_backancity,110.95189269570197
2025-05-24 04:00:00+00:00,angiang_longxuyen,109.85780974240667
2025-05-24 05:00:00+00:00,backan_backancity,111.70575900187687
2025-05-24 06:00:00+00:00,bacgiang_bacgiangcity,149.67042531631418
2025-05-24 07:00:00+00:00,bacgiang_bacgiangcity,149.72404895401579
2025-05-24 08:00:00+00:00,angiang_longxuyen,109.93891531509506
2025-05-24 09:00:00+00:00,backan_backancity,111.10362827001074
2025-05-24 10:00:00+00:00,bacgiang_bacgiangcity,148.58303664986008
2025-05-24 11:00:00+00:00,backan_backancity,108.98211470869005
2025-05-24 12:00:00+00:00,angiang_longxuyen,109.20396051122025
2025-05-24 13:00:00+00:00,bacgiang_bacgiangcity,146.19358303973573
2025-05-24 14:00:00+00:00,backan_backancity,105.10174789311282
2025-05-24 15:00:00+00:00,angiang_longxuyen,107.12154614913473
2025-05-24 16:00:00+00:00,backan_backancity,100.75179435576047
2025-05-24 17:00:00+00:00,angiang_longxuyen,104.3249958655467
2025-05-24 18:00:00+00:00,bacgiang_bacgiangcity,143.34210916188746
2025-05-24 19:00:00+00:00,backan_backancity,96.96042192207564
2025-05-24 20:00:00+00:00,bacgiang_bacgiangcity,140.43956538062213
2025-05-24 21:00:00+00:00,angiang_longxuyen,101.45612377620857
2025-05-24 22:00:00+00:00,backan_backancity,94.24670981408025
2025-05-25 00:00:00+00:00,angiang_longxuyen,98.92292308150193
2025-05-25 01:00:00+00:00,bacgiang_bacgiangcity,137.70390383080556
2025-05-25 02:00:00+00:00,angiang_longxuyen,96.62030839273712
2025-05-25 03:00:00+00:00,bacgiang_bacgiangcity,135.57789373641174
2025-05-25 04:00:00+00:00,backan_backancity,92.63348382529516
2025-05-25 05:00:00+00:00,bacgiang_bacgiangcity,134.11644277569545
2025-05-25 06:00:00+00:00,angiang_longxuyen,94.70550922030483
2025-05-25 07:00:00+00:00,backan_backancity,92.09001784564879
2025-05-25 08:00:00+00:00,angiang_longxuyen,93.17580803703808
2025-05-25 09:00:00+00:00,bacgiang_bacgiangcity,133.25896432009685
2025-05-25 10:00:00+00:00,backan_backancity,92.44076655444809
2025-05-25 11:00:00+00:00,bacgiang_bacgiangcity,132.91199838998494
2025-05-25 12:00:00+00:00,backan_backancity,93.3760896696915
2025-05-25 13:00:00+00:00,angiang_longxuyen,92.14345856137213
2025-05-25 14:00:00+00:00,backan_backancity,94.61636165620024
2025-05-25 15:00:00+00:00,bacgiang_bacgiangcity,132.69716429772876
2025-05-25 16:00:00+00:00,angiang_longxuyen,91.66486891001077
2025-05-25 17:00:00+00:00,bacgiang_bacgiangcity,132.51978975725325
2025-05-25 18:00:00+00:00,backan_backancity,95.90483836625108
2025-05-25 19:00:00+00:00,angiang_longxuyen,91.66674356139568
2025-05-25 20:00:00+00:00,angiang_longxuyen,92.01866751401602
2025-05-25 21:00:00+00:00,bacgiang_bacgiangcity,132.41019677648197
2025-05-25 22:00:00+00:00,backan_backancity,97.15493673014032
2025-05-25 23:00:00+00:00,bacgiang_bacgiangcity,132.21280602842594
2025-05-26 00:00:00+00:00,backan_backancity,98.18888288751836
2025-05-26 01:00:00+00:00,angiang_longxuyen,92.73397613875653
2025-05-26 02:00:00+00:00,angiang_longxuyen,92.73385419077103
2025-05-26 03:00:00+00:00,bacgiang_bacgiangcity,131.24765706618038
2025-05-26 04:00:00+00:00,backan_backancity,98.91456725335834
2025-05-26 05:00:00+00:00,bacgiang_bacgiangcity,129.21517151211575
2025-05-26 06:00:00+00:00,angiang_longxuyen,91.99264716150248
2025-05-26 07:00:00+00:00,backan_backancity,98.59668472221927
2025-05-26 08:00:00+00:00,bacgiang_bacgiangcity,126.43639298044619
2025-05-26 09:00:00+00:00,angiang_longxuyen,90.851169781206
2025-05-26 10:00:00+00:00,backan_backancity,97.13723215422611
2025-05-26 11:00:00+00:00,angiang_longxuyen,89.56304994834801
2025-05-26 12:00:00+00:00,bacgiang_bacgiangcity,123.67872938379507
2025-05-26 13:00:00+00:00,backan_backancity,95.27423397533963
2025-05-26 14:00:00+00:00,bacgiang_bacgiangcity,121.48322208892066
2025-05-26 15:00:00+00:00,angiang_longxuyen,88.38751799531694
2025-05-26 16:00:00+00:00,backan_backancity,93.33136106152035
2025-05-26 17:00:00+00:00,angiang_longxuyen,87.50431210148369
2025-05-26 18:00:00+00:00,bacgiang_bacgiangcity,120.29387414647373
2025-05-26 19:00:00+00:00,backan_backancity,91.45056445459356
2025-05-26 20:00:00+00:00,backan_backancity,90.19380318753589
2025-05-26 21:00:00+00:00,angiang_longxuyen,86.81204805929687
2025-05-26 22:00:00+00:00,bacgiang_bacgiangcity,120.33913358705233
2025-05-26 23:00:00+00:00,bacgiang_bacgiangcity,121.5039640065717
2025-05-27 00:00:00+00:00,angiang_longxuyen,86.49148984588774
2025-05-27 01:00:00+00:00,backan_backancity,89.31370577176435
2025-05-27 02:00:00+00:00,backan_backancity,88.58667340245722
2025-05-27 03:00:00+00:00,angiang_longxuyen,86.55134837324005
2025-05-27 04:00:00+00:00,bacgiang_bacgiangcity,123.21328142122385
2025-05-27 05:00:00+00:00,backan_backancity,87.81627776418914
2025-05-27 06:00:00+00:00,angiang_longxuyen,86.75762936855257
2025-05-27 07:00:00+00:00,bacgiang_bacgiangcity,124.88394610674706
2025-05-27 08:00:00+00:00,angiang_longxuyen,86.75808248900849
2025-05-27 09:00:00+00:00,backan_backancity,86.70061988090067
2025-05-27 10:00:00+00:00,bacgiang_bacgiangcity,125.80551659770433
2025-05-27 11:00:00+00:00,angiang_longxuyen,86.06987261955524
2025-05-27 12:00:00+00:00,backan_backancity,85.2751866163718
2025-05-27 13:00:00+00:00,bacgiang_bacgiangcity,125.516803546469
2025-05-27 14:00:00+00:00,bacgiang_bacgiangcity,123.71196379654877
2025-05-27 15:00:00+00:00,backan_backancity,83.50669693067789
2025-05-27 16:00:00+00:00,angiang_longxuyen,84.9506878092352
2025-05-27 17:00:00+00:00,backan_backancity,81.92437638723717
2025-05-27 18:00:00+00:00,bacgiang_bacgiangcity,121.11866336854793
2025-05-27 19:00:00+00:00,angiang_longxuyen,83.6552056656449
2025-05-27 20:00:00+00:00,backan_backancity,80.95268288310321
2025-05-27 21:00:00+00:00,angiang_longxuyen,82.56872802237658
2025-05-27 22:00:00+00:00,bacgiang_bacgiangcity,118.45324266280979
2025-05-27 23:00:00+00:00,backan_backancity,80.65345122033443
2025-05-28 00:00:00+00:00,angiang_longxuyen,81.76543990394158
2025-05-28 01:00:00+00:00,bacgiang_bacgiangcity,116.61701087117166
2025-05-28 02:00:00+00:00,backan_backancity,80.95433276761288
2025-05-28 03:00:00+00:00,bacgiang_bacgiangcity,116.365555320643
2025-05-28 04:00:00+00:00,angiang_longxuyen,81.39615749248352
2025-05-28 05:00:00+00:00,backan_backancity,81.82561286580551
2025-05-28 06:00:00+00:00,bacgiang_bacgiangcity,117.89661108300356
2025-05-28 07:00:00+00:00,angiang_longxuyen,81.31942590709852
2025-05-28 08:00:00+00:00,angiang_longxuyen,81.65283648172436
2025-05-28 09:00:00+00:00,backan_backancity,83.07970921070951
2025-05-28 10:00:00+00:00,bacgiang_bacgiangcity,120.84291984424088
2025-05-28 11:00:00+00:00,bacgiang_bacgiangcity,124.64035978798847
2025-05-28 12:00:00+00:00,backan_backancity,84.44037613925403
2025-05-28 13:00:00+00:00,angiang_longxuyen,82.43784674915645
2025-05-28 14:00:00+00:00,backan_backancity,85.69277716804591
2025-05-28 15:00:00+00:00,angiang_longxuyen,83.5977992492559
2025-05-28 16:00:00+00:00,bacgiang_bacgiangcity,128.56197984359622
2025-05-28 17:00:00+00:00,bacgiang_bacgiangcity,131.9369166447637
2025-05-28 18:00:00+00:00,angiang_longxuyen,85.214028506076
2025-05-28 19:00:00+00:00,backan_backancity,86.90208990862844
2025-05-28 20:00:00+00:00,angiang_longxuyen,87.2516729381546
2025-05-28 21:00:00+00:00,bacgiang_bacgiangcity,134.7161638392795
2025-05-28 22:00:00+00:00,backan_backancity,88.11987086079219
2025-05-28 23:00:00+00:00,angiang_longxuyen,89.69870871323529
2025-05-29 00:00:00+00:00,bacgiang_bacgiangcity,136.97909521888104
2025-05-29 01:00:00+00:00,backan_backancity,89.46832983953355
2025-05-29 02:00:00+00:00,backan_backancity,89.54078965872067
2025-05-29 03:00:00+00:00,angiang_longxuyen,91.85599009692999
2025-05-29 04:00:00+00:00,bacgiang_bacgiangcity,138.87058499034015
2025-05-29 05:00:00+00:00,backan_backancity,88.37058157215452
2025-05-29 06:00:00+00:00,bacgiang_bacgiangcity,140.10504770957894
2025-05-29 07:00:00+00:00,angiang_longxuyen,93.06791754578983
2025-05-29 08:00:00+00:00,backan_backancity,86.691539538255
2025-05-29 09:00:00+00:00,angiang_longxuyen,93.02668119316418
2025-05-29 10:00:00+00:00,bacgiang_bacgiangcity,139.89221021669317
2025-05-29 11:00:00+00:00,backan_backancity,85.4715133084759
2025-05-29 12:00:00+00:00,bacgiang_bacgiangcity,139.17427134128505
2025-05-29 13:00:00+00:00,angiang_longxuyen,92.54697009856363
2025-05-29 14:00:00+00:00,backan_backancity,85.15961101090019
2025-05-29 15:00:00+00:00,angiang_longxuyen,92.15668393995625
2025-05-29 16:00:00+00:00,bacgiang_bacgiangcity,138.63089742041205
2025-05-29 17:00:00+00:00,angiang_longxuyen,92.0137393807197
2025-05-29 18:00:00+00:00,bacgiang_bacgiangcity,138.74106905633022
2025-05-29 19:00:00+00:00,backan_backancity,85.59039346524082
2025-05-29 20:00:00+00:00,bacgiang_bacgiangcity,139.71664098463043
2025-05-29 21:00:00+00:00,angiang_longxuyen,92.0111497793806
2025-05-29 22:00:00+00:00,backan_backancity,86.37828505272243
2025-05-29 23:00:00+00:00,backan_backancity,87.23102786155087
2025-05-30 00:00:00+00:00,bacgiang_bacgiangcity,141.49762675213245
2025-05-30 01:00:00+00:00,angiang_longxuyen,91.64973062185021
2025-05-30 02:00:00+00:00,angiang_longxuyen,90.62327410324818
2025-05-30 03:00:00+00:00,backan_backancity,88.03632214390414
2025-05-30 04:00:00+00:00,bacgiang_bacgiangcity,143.5917295147912
2025-05-30 05:00:00+00:00,backan_backancity,88.32768337933435
2025-05-30 06:00:00+00:00,angiang_longxuyen,88.78728740314953
2025-05-30 07:00:00+00:00,bacgiang_bacgiangcity,145.39253302550517
2025-05-30 08:00:00+00:00,backan_backancity,87.94813462129324
2025-05-30 09:00:00+00:00,angiang_longxuyen,86.63728703153016
2025-05-30 10:00:00+00:00,bacgiang_bacgiangcity,146.290835362602
2025-05-30 11:00:00+00:00,backan_backancity,86.89969518495244
2025-05-30 12:00:00+00:00,bacgiang_bacgiangcity,146.060478009133
2025-05-30 13:00:00+00:00,angiang_longxuyen,84.54766645512268
2025-05-30 14:00:00+00:00,angiang_longxuyen,82.81033806642898
2025-05-30 15:00:00+00:00,bacgiang_bacgiangcity,144.49240864203676
2025-05-30 16:00:00+00:00,backan_backancity,84.78681362809543
2025-05-30 17:00:00+00:00,bacgiang_bacgiangcity,141.90831170023557
2025-05-30 18:00:00+00:00,angiang_longxuyen,81.53725370284184
2025-05-30 19:00:00+00:00,backan_backancity,82.56284343429205
2025-05-30 20:00:00+00:00,angiang_longxuyen,80.79100137456541
2025-05-30 21:00:00+00:00,backan_backancity,80.66885970697267
2025-05-30 22:00:00+00:00,bacgiang_bacgiangcity,138.60206269968415
2025-05-30 23:00:00+00:00,bacgiang_bacgiangcity,135.06553286204678
2025-05-31 00:00:00+00:00,backan_backancity,79.55624215434227
2025-05-31 01:00:00+00:00,angiang_longxuyen,80.64009432921694
2025-05-31 02:00:00+00:00,backan_backancity,79.28342538168718
2025-05-31 03:00:00+00:00,bacgiang_bacgiangcity,132.0671666578236
2025-05-31 04:00:00+00:00,angiang_longxuyen,81.09852550034806
2025-05-31 05:00:00+00:00,bacgiang_bacgiangcity,129.99477302772044
2025-05-31 06:00:00+00:00,backan_backancity,79.79534867798651
2025-05-31 07:00:00+00:00,angiang_longxuyen,81.96336387554202
2025-05-31 08:00:00+00:00,bacgiang_bacgiangcity,128.9483588843937
2025-05-31 09:00:00+00:00,backan_backancity,80.84183455542237
2025-05-31 10:00:00+00:00,angiang_longxuyen,83.27700909556063
2025-05-31 11:00:00+00:00,backan_backancity,82.11918948963893
2025-05-31 12:00:00+00:00,bacgiang_bacgiangcity,128.4191141918797
2025-05-31 13:00:00+00:00,angiang_longxuyen,84.97636622916197
2025-05-31 14:00:00+00:00,backan_backancity,83.34249277263616
2025-05-31 15:00:00+00:00,bacgiang_bacgiangcity,128.04602987263846
2025-05-31 16:00:00+00:00,angiang_longxuyen,86.55841179185106
2025-05-31 17:00:00+00:00,angiang_longxuyen,88.08539066567684
2025-05-31 18:00:00+00:00,backan_backancity,84.46042821388907
2025-05-31 19:00:00+00:00,bacgiang_bacgiangcity,127.49724002652717
2025-05-31 20:00:00+00:00,backan_backancity,85.43294187800394
2025-05-31 21:00:00+00:00,bacgiang_bacgiangcity,126.44975226270066
2025-05-31 22:00:00+00:00,angiang_longxuyen,89.35732250124418
2025-05-31 23:00:00+00:00,backan_backancity,86.16614218512662
2025-06-01 00:00:00+00:00,angiang_longxuyen,90.18542344802259
2025-06-01 01:00:00+00:00,bacgiang_bacgiangcity,124.74573360757523
2025-06-01 02:00:00+00:00,angiang_longxuyen,89.54760918136068
2025-06-01 03:00:00+00:00,backan_backancity,85.38182654298446
2025-06-01 04:00:00+00:00,bacgiang_bacgiangcity,122.49185746368116
2025-06-01 05:00:00+00:00,angiang_longxuyen,87.8838130367854
2025-06-01 06:00:00+00:00,backan_backancity,83.70405898509024
2025-06-01 07:00:00+00:00,bacgiang_bacgiangcity,119.30954109231342
2025-06-01 08:00:00+00:00,backan_backancity,81.63594070789044
2025-06-01 09:00:00+00:00,bacgiang_bacgiangcity,115.25172486378428
2025-06-01 10:00:00+00:00,angiang_longxuyen,85.4887534060336
2025-06-01 11:00:00+00:00,bacgiang_bacgiangcity,110.66314407630422
2025-06-01 12:00:00+00:00,angiang_longxuyen,82.82035932147257
2025-06-01 13:00:00+00:00,backan_backancity,79.75271470580158
2025-06-01 14:00:00+00:00,angiang_longxuyen,80.46131380020273
2025-06-01 15:00:00+00:00,bacgiang_bacgiangcity,106.11822866299673
2025-06-01 16:00:00+00:00,backan_backancity,78.11631142636094
2025-06-01 17:00:00+00:00,bacgiang_bacgiangcity,102.01782755531357
2025-06-01 18:00:00+00:00,backan_backancity,76.9145738077011
2025-06-01 19:00:00+00:00,angiang_longxuyen,78.74205284245852
2025-06-01 20:00:00+00:00,bacgiang_bacgiangcity,98.41808591961482
2025-06-01 21:00:00+00:00,backan_backancity,76.199150408386
2025-06-01 22:00:00+00:00,angiang_longxuyen,77.68320239574794
2025-06-01 23:00:00+00:00,backan_backancity,75.84453523110531
2025-06-02 00:00:00+00:00,bacgiang_bacgiangcity,95.49555880890237
2025-06-02 01:00:00+00:00,angiang_longxuyen,76.7804525438859
2025-06-02 02:00:00+00:00,backan_backancity,75.68917827985463
2025-06-02 03:00:00+00:00,bacgiang_bacgiangcity,93.1491910958504
2025-06-02 04:00:00+00:00,angiang_longxuyen,75.83871520371899
2025-06-02 05:00:00+00:00,backan_backancity,75.47297406611432
2025-06-02 06:00:00+00:00,bacgiang_bacgiangcity,91.11126450960927
2025-06-02 07:00:00+00:00,angiang_longxuyen,74.98562687559831
2025-06-02 08:00:00+00:00,bacgiang_bacgiangcity,89.54070118665275
2025-06-02 09:00:00+00:00,angiang_longxuyen,74.06485024211527
2025-06-02 10:00:00+00:00,backan_backancity,74.71089958450376
2025-06-02 11:00:00+00:00,angiang_longxuyen,73.25692810023135
2025-06-02 12:00:00+00:00,backan_backancity,73.34338204853861
2025-06-02 13:00:00+00:00,bacgiang_bacgiangcity,88.95378824825147
2025-06-02 14:00:00+00:00,angiang_longxuyen,72.53605769089734
2025-06-02 15:00:00+00:00,backan_backancity,71.68131230485608
2025-06-02 16:00:00+00:00,bacgiang_bacgiangcity,90.2727740726938
2025-06-02 17:00:00+00:00,angiang_longxuyen,72.26800167195061
2025-06-02 18:00:00+00:00,backan_backancity,70.33959513680318
2025-06-02 19:00:00+00:00,bacgiang_bacgiangcity,93.01344027218975
2025-06-02 20:00:00+00:00,angiang_longxuyen,72.40560204005797
2025-06-02 21:00:00+00:00,bacgiang_bacgiangcity,96.61637317906782
2025-06-02 22:00:00+00:00,backan_backancity,69.52497542026474
2025-06-02 23:00:00+00:00,bacgiang_bacgiangcity,100.48668780426692
2025-06-03 00:00:00+00:00,backan_backancity,69.20277210461988
2025-06-03 01:00:00+00:00,angiang_longxuyen,73.08553618445615
2025-06-03 02:00:00+00:00,backan_backancity,69.06510956695129
2025-06-03 03:00:00+00:00,bacgiang_bacgiangcity,104.19756201405387
2025-06-03 04:00:00+00:00,angiang_longxuyen,74.05806897766679
2025-06-03 05:00:00+00:00,bacgiang_bacgiangcity,107.5487144746674
2025-06-03 06:00:00+00:00,backan_backancity,68.73510158023454
2025-06-03 07:00:00+00:00,angiang_longxuyen,75.23009432833055
2025-06-03 08:00:00+00:00,backan_backancity,67.80425586896851
2025-06-03 09:00:00+00:00,angiang_longxuyen,76.3582327510368
2025-06-03 10:00:00+00:00,bacgiang_bacgiangcity,110.21556567809819
2025-06-03 11:00:00+00:00,angiang_longxuyen,77.41698276999462
2025-06-03 12:00:00+00:00,backan_backancity,66.31145949370526
2025-06-03 13:00:00+00:00,bacgiang_bacgiangcity,111.88714168569928
2025-06-03 14:00:00+00:00,angiang_longxuyen,78.29801631589012
2025-06-03 15:00:00+00:00,bacgiang_bacgiangcity,112.68137935070074
2025-06-03 16:00:00+00:00,backan_backancity,64.45229789408802
2025-06-03 17:00:00+00:00,angiang_longxuyen,78.73761250110421
2025-06-03 18:00:00+00:00,backan_backancity,62.32912607927823
2025-06-03 19:00:00+00:00,bacgiang_bacgiangcity,112.76713508701259
2025-06-03 20:00:00+00:00,angiang_longxuyen,78.78078926138147
2025-06-03 21:00:00+00:00,bacgiang_bacgiangcity,112.32606357028767
2025-06-03 22:00:00+00:00,backan_backancity,59.97445872980147
2025-06-03 23:00:00+00:00,backan_backancity,57.549123718297025
2025-06-04 00:00:00+00:00,bacgiang_bacgiangcity,111.46484298533015
2025-06-04 01:00:00+00:00,angiang_longxuyen,78.72984369708689
2025-06-04 02:00:00+00:00,angiang_longxuyen,78.77175793704369
2025-06-04 03:00:00+00:00,backan_backancity,55.29658182883252
2025-06-04 04:00:00+00:00,bacgiang_bacgiangcity,109.77301882986242
2025-06-04 05:00:00+00:00,bacgiang_bacgiangcity,107.5171846436816
2025-06-04 06:00:00+00:00,backan_backancity,53.2502994144478
2025-06-04 07:00:00+00:00,angiang_longxuyen,78.50728145014189
2025-06-04 08:00:00+00:00,bacgiang_bacgiangcity,104.92733507466744
2025-06-04 09:00:00+00:00,backan_backancity,51.447860366045994
2025-06-04 10:00:00+00:00,angiang_longxuyen,77.85766453139334
2025-06-04 11:00:00+00:00,angiang_longxuyen,77.20019033655956
2025-06-04 12:00:00+00:00,backan_backancity,49.914802026472586
2025-06-04 13:00:00+00:00,bacgiang_bacgiangcity,102.42188367395012
2025-06-04 14:00:00+00:00,bacgiang_bacgiangcity,99.99669183177178
2025-06-04 15:00:00+00:00,backan_backancity,48.63540506128318
2025-06-04 16:00:00+00:00,angiang_longxuyen,77.10984839953817
2025-06-04 17:00:00+00:00,backan_backancity,47.62166341352206
2025-06-04 18:00:00+00:00,angiang_longxuyen,77.81620938973488
2025-06-04 19:00:00+00:00,bacgiang_bacgiangcity,97.58634566236724
2025-06-04 20:00:00+00:00,angiang_longxuyen,79.21472323424929
2025-06-04 21:00:00+00:00,bacgiang_bacgiangcity,95.15665101038124
2025-06-04 22:00:00+00:00,backan_backancity,46.89462865307796
2025-06-04 23:00:00+00:00,bacgiang_bacgiangcity,92.79306711114128
2025-06-05 00:00:00+00:00,backan_backancity,46.393259835366635
2025-06-05 01:00:00+00:00,angiang_longxuyen,80.5361468228331
2025-06-05 02:00:00+00:00,bacgiang_bacgiangcity,90.51840720469917
2025-06-05 03:00:00+00:00,angiang_longxuyen,81.2143832599822
2025-06-05 04:00:00+00:00,backan_backancity,45.98855033855289
2025-06-05 05:00:00+00:00,backan_backancity,45.67302546846678
2025-06-05 06:00:00+00:00,bacgiang_bacgiangcity,88.52902189452874
2025-06-05 07:00:00+00:00,angiang_longxuyen,81.07225646958958
2025-06-05 08:00:00+00:00,angiang_longxuyen,80.49619570632913
2025-06-05 09:00:00+00:00,backan_backancity,45.27076927818482
2025-06-05 10:00:00+00:00,bacgiang_bacgiangcity,87.18527345561935
2025-06-05 11:00:00+00:00,bacgiang_bacgiangcity,87.18748286618015
2025-06-05 12:00:00+00:00,backan_backancity,44.74585732586145
2025-06-05 13:00:00+00:00,angiang_longxuyen,80.14236960424873
2025-06-05 14:00:00+00:00,bacgiang_bacgiangcity,88.65520458360172
2025-06-05 15:00:00+00:00,angiang_longxuyen,80.33253194524276
2025-06-05 16:00:00+00:00,backan_backancity,44.415249163765104
2025-06-05 17:00:00+00:00,backan_backancity,44.146585796027864
2025-06-05 18:00:00+00:00,bacgiang_bacgiangcity,90.59719755901583
2025-06-05 19:00:00+00:00,angiang_longxuyen,80.96997558567423
2025-06-05 20:00:00+00:00,backan_backancity,43.94808795155449
2025-06-05 21:00:00+00:00,bacgiang_bacgiangcity,92.25234137446317
2025-06-05 22:00:00+00:00,angiang_longxuyen,81.83045252703391
2025-06-05 23:00:00+00:00,backan_backancity,43.76319567644356
2025-06-06 00:00:00+00:00,bacgiang_bacgiangcity,93.30587512811972
2025-06-06 01:00:00+00:00,angiang_longxuyen,82.91025411588046
2025-06-06 02:00:00+00:00,backan_backancity,43.50407294521882
2025-06-06 03:00:00+00:00,angiang_longxuyen,84.29461721180314
2025-06-06 04:00:00+00:00,bacgiang_bacgiangcity,93.5943968883974
2025-06-06 05:00:00+00:00,angiang_longxuyen,86.1754006674766
2025-06-06 06:00:00+00:00,bacgiang_bacgiangcity,92.93176261998116
2025-06-06 07:00:00+00:00,backan_backancity,43.172575280169426
2025-06-06 08:00:00+00:00,angiang_longxuyen,88.67872739354951
2025-06-06 09:00:00+00:00,bacgiang_bacgiangcity,91.28123369888698
2025-06-06 10:00:00+00:00,backan_backancity,42.80473711544159
2025-06-06 11:00:00+00:00,angiang_longxuyen,91.55151227964782
2025-06-06 12:00:00+00:00,bacgiang_bacgiangcity,89.06270453726009
2025-06-06 13:00:00+00:00,backan_backancity,42.38066897371426
2025-06-06 14:00:00+00:00,bacgiang_bacgiangcity,86.60831601599496
2025-06-06 15:00:00+00:00,backan_backancity,41.936878734253824
2025-06-06 16:00:00+00:00,angiang_longxuyen,94.70074368432253
2025-06-06 17:00:00+00:00,backan_backancity,41.42049835864138
2025-06-06 18:00:00+00:00,angiang_longxuyen,97.962471507835
2025-06-06 19:00:00+00:00,bacgiang_bacgiangcity,84.20672379903961
2025-06-06 20:00:00+00:00,backan_backancity,40.87696901386529
2025-06-06 21:00:00+00:00,angiang_longxuyen,101.19081338028829
2025-06-06 22:00:00+00:00,bacgiang_bacgiangcity,81.9392659971528
2025-06-06 23:00:00+00:00,backan_backancity,40.294268063237624
2025-06-07 00:00:00+00:00,angiang_longxuyen,104.5368124923921
2025-06-07 01:00:00+00:00,bacgiang_bacgiangcity,79.96088469932083
2025-06-07 02:00:00+00:00,backan_backancity,40.0329120100824
2025-06-07 03:00:00+00:00,angiang_longxuyen,107.85949742124879
2025-06-07 04:00:00+00:00,bacgiang_bacgiangcity,78.66380049396025
2025-06-07 05:00:00+00:00,angiang_longxuyen,110.0768295199298
2025-06-07 06:00:00+00:00,bacgiang_bacgiangcity,77.61376377812313
2025-06-07 07:00:00+00:00,backan_backancity,39.80594050656369
2025-06-07 08:00:00+00:00,angiang_longxuyen,111.09661267413915
2025-06-07 09:00:00+00:00,bacgiang_bacgiangcity,76.60313539069767
2025-06-07 10:00:00+00:00,backan_backancity,39.690046879875
2025-06-07 11:00:00+00:00,angiang_longxuyen,111.5376985376859
2025-06-07 12:00:00+00:00,bacgiang_bacgiangcity,75.62003616321417
2025-06-07 13:00:00+00:00,backan_backancity,39.84312268645577
2025-06-07 14:00:00+00:00,bacgiang_bacgiangcity,74.89341506946596
2025-06-07 15:00:00+00:00,angiang_longxuyen,111.92486246919397
2025-06-07 16:00:00+00:00,backan_backancity,40.279940370510076
2025-06-07 17:00:00+00:00,angiang_longxuyen,112.47376051425319
2025-06-07 18:00:00+00:00,bacgiang_bacgiangcity,74.47719703041295
2025-06-07 19:00:00+00:00,backan_backancity,40.81782663203566
2025-06-07 20:00:00+00:00,bacgiang_bacgiangcity,74.22747146748249
2025-06-07 21:00:00+00:00,backan_backancity,41.32903736951778
2025-06-07 22:00:00+00:00,angiang_longxuyen,113.36977513105344
2025-06-07 23:00:00+00:00,backan_backancity,41.802535094700346
2025-06-08 00:00:00+00:00,bacgiang_bacgiangcity,73.98802301125144
2025-06-08 01:00:00+00:00,angiang_longxuyen,114.18818420190597
2025-06-08 02:00:00+00:00,angiang_longxuyen,114.19343035641936
2025-06-08 03:00:00+00:00,bacgiang_bacgiangcity,73.62379546334915
2025-06-08 04:00:00+00:00,backan_backancity,42.349483765344324
2025-06-08 05:00:00+00:00,angiang_longxuyen,112.93795432548335
2025-06-08 06:00:00+00:00,backan_backancity,42.836830955860336
2025-06-08 07:00:00+00:00,bacgiang_bacgiangcity,73.12477952441685
2025-06-08 08:00:00+00:00,backan_backancity,43.052540204247734
2025-06-08 09:00:00+00:00,bacgiang_bacgiangcity,72.66010031238167
2025-06-08 10:00:00+00:00,angiang_longxuyen,110.62891734170773
2025-06-08 11:00:00+00:00,backan_backancity,43.03304287338986
2025-06-08 12:00:00+00:00,angiang_longxuyen,107.34014815019529
2025-06-08 13:00:00+00:00,bacgiang_bacgiangcity,72.4854421035047
2025-06-08 14:00:00+00:00,bacgiang_bacgiangcity,74.3427720922025
2025-06-08 15:00:00+00:00,backan_backancity,43.05427138741442
2025-06-08 16:00:00+00:00,angiang_longxuyen,103.27682871992842
2025-06-08 17:00:00+00:00,backan_backancity,43.20297619561302
2025-06-08 18:00:00+00:00,bacgiang_bacgiangcity,77.5168486055697
2025-06-08 19:00:00+00:00,angiang_longxuyen,99.25778507626889
2025-06-08 20:00:00+00:00,backan_backancity,43.43496908676988
2025-06-08 21:00:00+00:00,bacgiang_bacgiangcity,81.50109014729921
2025-06-08 22:00:00+00:00,angiang_longxuyen,95.6990935834042
2025-06-08 23:00:00+00:00,angiang_longxuyen,92.92281498543736
2025-06-09 00:00:00+00:00,backan_backancity,43.72435404749392
2025-06-09 01:00:00+00:00,bacgiang_bacgiangcity,85.88220782112694
2025-06-09 02:00:00+00:00,angiang_longxuyen,91.03370678640094
2025-06-09 03:00:00+00:00,backan_backancity,44.18553741727815
2025-06-09 04:00:00+00:00,bacgiang_bacgiangcity,90.41503954903072
2025-06-09 05:00:00+00:00,angiang_longxuyen,89.90169711293936
2025-06-09 06:00:00+00:00,backan_backancity,44.84647636958226
2025-06-09 07:00:00+00:00,bacgiang_bacgiangcity,94.79892615947034
2025-06-09 08:00:00+00:00,bacgiang_bacgiangcity,98.43205733293377
2025-06-09 09:00:00+00:00,backan_backancity,45.65579971773093
2025-06-09 10:00:00+00:00,angiang_longxuyen,89.40014298211283
2025-06-09 11:00:00+00:00,bacgiang_bacgiangcity,101.03368160762122
2025-06-09 12:00:00+00:00,backan_backancity,46.541868998086414
2025-06-09 13:00:00+00:00,angiang_longxuyen,89.21328041013815
2025-06-09 14:00:00+00:00,angiang_longxuyen,89.09240843627677
2025-06-09 15:00:00+00:00,backan_backancity,47.39998110498222
2025-06-09 16:00:00+00:00,bacgiang_bacgiangcity,102.50382973128364
2025-06-09 17:00:00+00:00,backan_backancity,48.22656846205827
2025-06-09 18:00:00+00:00,angiang_longxuyen,88.95273495241594
2025-06-09 19:00:00+00:00,bacgiang_bacgiangcity,103.12978156743465
2025-06-09 20:00:00+00:00,bacgiang_bacgiangcity,103.36791848503734
2025-06-09 21:00:00+00:00,angiang_longxuyen,88.90144865110307
2025-06-09 22:00:00+00:00,backan_backancity,49.05748855932495
2025-06-09 23:00:00+00:00,bacgiang_bacgiangcity,103.48523932160533
2025-06-10 00:00:00+00:00,angiang_longxuyen,88.84517682920658
2025-06-10 01:00:00+00:00,backan_backancity,49.977961518412734
2025-06-10 02:00:00+00:00,bacgiang_bacgiangcity,103.70148926584021
2025-06-10 03:00:00+00:00,angiang_longxuyen,88.50588883990713
2025-06-10 04:00:00+00:00,backan_backancity,50.742015861434915
2025-06-10 05:00:00+00:00,angiang_longxuyen,87.73293707621752
2025-06-10 06:00:00+00:00,backan_backancity,51.089830645171354
2025-06-10 07:00:00+00:00,bacgiang_bacgiangcity,103.39358166146592
2025-06-10 08:00:00+00:00,bacgiang_bacgiangcity,102.50575100983949
2025-06-10 09:00:00+00:00,angiang_longxuyen,86.874396955804
2025-06-10 10:00:00+00:00,backan_backancity,51.16730348301723
2025-06-10 11:00:00+00:00,angiang_longxuyen,86.42048622911571
2025-06-10 12:00:00+00:00,bacgiang_bacgiangcity,101.52540637214607
2025-06-10 13:00:00+00:00,backan_backancity,51.484760391775545
2025-06-10 14:00:00+00:00,angiang_longxuyen,86.4259750840316
2025-06-10 15:00:00+00:00,bacgiang_bacgiangcity,100.99706134491721
2025-06-10 16:00:00+00:00,backan_backancity,52.42286081261024
2025-06-10 17:00:00+00:00,angiang_longxuyen,86.90907322415094
2025-06-10 18:00:00+00:00,bacgiang_bacgiangcity,101.25829305894999
2025-06-10 19:00:00+00:00,backan_backancity,53.841675410004626
2025-06-10 20:00:00+00:00,angiang_longxuyen,87.74729346258871
2025-06-10 21:00:00+00:00,bacgiang_bacgiangcity,102.1849450148618
2025-06-10 22:00:00+00:00,backan_backancity,55.42835738727962
2025-06-10 23:00:00+00:00,bacgiang_bacgiangcity,103.40022603332282
2025-06-11 00:00:00+00:00,backan_backancity,57.05392881624367
2025-06-11 01:00:00+00:00,angiang_longxuyen,89.01434379203069
2025-06-11 02:00:00+00:00,angiang_longxuyen,90.17930691965192
2025-06-11 03:00:00+00:00,backan_backancity,58.659806841118254
2025-06-11 04:00:00+00:00,bacgiang_bacgiangcity,104.45984941505914
2025-06-11 05:00:00+00:00,backan_backancity,60.05148203389688
2025-06-11 06:00:00+00:00,angiang_longxuyen,90.9660722816204
2025-06-11 07:00:00+00:00,bacgiang_bacgiangcity,104.91901503885538
2025-06-11 08:00:00+00:00,backan_backancity,61.03353155225031
2025-06-11 09:00:00+00:00,angiang_longxuyen,91.34188727928199
2025-06-11 10:00:00+00:00,bacgiang_bacgiangcity,104.50542986577604
2025-06-11 11:00:00+00:00,backan_backancity,61.47695355661728
2025-06-11 12:00:00+00:00,angiang_longxuyen,91.20944100691466
2025-06-11 13:00:00+00:00,bacgiang_bacgiangcity,104.04118105839555
2025-06-11 14:00:00+00:00,bacgiang_bacgiangcity,104.40602253071505
2025-06-11 15:00:00+00:00,backan_backancity,61.3189902660687
2025-06-11 16:00:00+00:00,angiang_longxuyen,90.11861747220235
2025-06-11 17:00:00+00:00,bacgiang_bacgiangcity,106.34582589717141
2025-06-11 18:00:00+00:00,backan_backancity,61.37273346061882
2025-06-11 19:00:00+00:00,angiang_longxuyen,88.7503132521739
2025-06-11 20:00:00+00:00,angiang_longxuyen,87.85757867751299
2025-06-11 21:00:00+00:00,backan_backancity,62.111441751753155
2025-06-11 22:00:00+00:00,bacgiang_bacgiangcity,109.74857543218097
2025-06-11 23:00:00+00:00,backan_backancity,63.63000023673713
2025-06-12 00:00:00+00:00,angiang_longxuyen,87.79507316153428
2025-06-12 01:00:00+00:00,bacgiang_bacgiangcity,114.17483747312059
2025-06-12 02:00:00+00:00,backan_backancity,65.71148018732838
2025-06-12 03:00:00+00:00,angiang_longxuyen,88.56880563144477
2025-06-12 04:00:00+00:00,bacgiang_bacgiangcity,118.9513081247963
2025-06-12 05:00:00+00:00,angiang_longxuyen,89.63436441292623
2025-06-12 06:00:00+00:00,backan_backancity,67.9909367145334
2025-06-12 07:00:00+00:00,bacgiang_bacgiangcity,123.1956180924224
2025-06-12 08:00:00+00:00,angiang_longxuyen,90.56681218596255
2025-06-12 09:00:00+00:00,bacgiang_bacgiangcity,126.51564960647208
2025-06-12 10:00:00+00:00,backan_backancity,70.10062729910322
2025-06-12 11:00:00+00:00,bacgiang_bacgiangcity,128.92912936087654
2025-06-12 12:00:00+00:00,backan_backancity,72.0009188457509
2025-06-12 13:00:00+00:00,angiang_longxuyen,91.15685870936375
2025-06-12 14:00:00+00:00,bacgiang_bacgiangcity,130.56624041686047
2025-06-12 15:00:00+00:00,angiang_longxuyen,91.07198769373099
2025-06-12 16:00:00+00:00,backan_backancity,73.65299124575958
2025-06-12 17:00:00+00:00,bacgiang_bacgiangcity,131.50917093437567
2025-06-12 18:00:00+00:00,backan_backancity,74.9005502221861
2025-06-12 19:00:00+00:00,angiang_longxuyen,90.47150983529575
2025-06-12 20:00:00+00:00,bacgiang_bacgiangcity,131.90479411070132
2025-06-12 21:00:00+00:00,backan_backancity,75.65539629673468
2025-06-12 22:00:00+00:00,angiang_longxuyen,89.369679897108
2025-06-12 23:00:00+00:00,bacgiang_bacgiangcity,131.92137425445512
2025-06-13 00:00:00+00:00,backan_backancity,75.89066982781513
2025-06-13 01:00:00+00:00,angiang_longxuyen,88.18874875679742
2025-06-13 02:00:00+00:00,angiang_longxuyen,87.12210200799436
2025-06-13 03:00:00+00:00,backan_backancity,75.3835622813745
2025-06-13 04:00:00+00:00,bacgiang_bacgiangcity,131.76102460920993
2025-06-13 05:00:00+00:00,backan_backancity,74.32532635686535
2025-06-13 06:00:00+00:00,angiang_longxuyen,86.02288319137844
2025-06-13 07:00:00+00:00,bacgiang_bacgiangcity,131.55425103968147
2025-06-13 08:00:00+00:00,backan_backancity,73.05851394555195
2025-06-13 09:00:00+00:00,bacgiang_bacgiangcity,131.05323850137876
2025-06-13 10:00:00+00:00,angiang_longxuyen,85.13541748703214
2025-06-13 11:00:00+00:00,angiang_longxuyen,84.79408029334894
2025-06-13 12:00:00+00:00,bacgiang_bacgiangcity,130.77529273992184
2025-06-13 13:00:00+00:00,backan_backancity,72.4890144621387
2025-06-13 14:00:00+00:00,angiang_longxuyen,85.4741531236914
2025-06-13 15:00:00+00:00,bacgiang_bacgiangcity,131.28051846156666
2025-06-13 16:00:00+00:00,backan_backancity,73.02160913754845
2025-06-13 17:00:00+00:00,angiang_longxuyen,86.92583509431451
2025-06-13 18:00:00+00:00,bacgiang_bacgiangcity,132.72309139590047
2025-06-13 19:00:00+00:00,backan_backancity,74.30761759646144
2025-06-13 20:00:00+00:00,backan_backancity,75.89127478546868
2025-06-13 21:00:00+00:00,bacgiang_bacgiangcity,134.9285589718257
2025-06-13 22:00:00+00:00,angiang_longxuyen,88.80175139068439
2025-06-13 23:00:00+00:00,angiang_longxuyen,90.67224578397357
2025-06-14 00:00:00+00:00,bacgiang_bacgiangcity,137.52142421289793
2025-06-14 01:00:00+00:00,backan_backancity,77.64120685713415
2025-06-14 02:00:00+00:00,angiang_longxuyen,91.99435682443641
2025-06-14 03:00:00+00:00,bacgiang_bacgiangcity,139.85774915067358
2025-06-14 04:00:00+00:00,backan_backancity,79.13490708217228
2025-06-14 05:00:00+00:00,angiang_longxuyen,92.5057564617392
2025-06-14 06:00:00+00:00,bacgiang_bacgiangcity,141.71133940114942
2025-06-14 07:00:00+00:00,backan_backancity,80.0544833648961
2025-06-14 08:00:00+00:00,angiang_longxuyen,92.25970129405853
2025-06-14 09:00:00+00:00,bacgiang_bacgiangcity,142.0924818519814
2025-06-14 10:00:00+00:00,backan_backancity,80.04587288066514
2025-06-14 11:00:00+00:00,angiang_longxuyen,91.50401593043328
2025-06-14 12:00:00+00:00,bacgiang_bacgiangcity,141.10871071500918
2025-06-14 13:00:00+00:00,backan_backancity,79.09794010460755
2025-06-14 14:00:00+00:00,backan_backancity,77.67068001143318
2025-06-14 15:00:00+00:00,bacgiang_bacgiangcity,139.69892744195258
2025-06-14 16:00:00+00:00,angiang_longxuyen,90.93055911533376
2025-06-14 17:00:00+00:00,bacgiang_bacgiangcity,139.08664095358827
2025-06-14 18:00:00+00:00,angiang_longxuyen,90.51148605873792
2025-06-14 19:00:00+00:00,backan_backancity,76.42825958835637
2025-06-14 20:00:00+00:00,backan_backancity,75.73162096108192
2025-06-14 21:00:00+00:00,angiang_longxuyen,90.49895171873828
2025-06-14 22:00:00+00:00,bacgiang_bacgiangcity,139.85981987529007
2025-06-14 23:00:00+00:00,backan_backancity,75.72863682214268
2025-06-15 00:00:00+00:00,angiang_longxuyen,90.94115065654482
2025-06-15 01:00:00+00:00,bacgiang_bacgiangcity,142.197828173493
2025-06-15 02:00:00+00:00,bacgiang_bacgiangcity,145.57546456830025
2025-06-15 03:00:00+00:00,angiang_longxuyen,92.07497998524099
2025-06-15 04:00:00+00:00,backan_backancity,76.31380064385002
2025-06-15 05:00:00+00:00,angiang_longxuyen,93.67119064334364
2025-06-15 06:00:00+00:00,backan_backancity,77.23451271663485
2025-06-15 07:00:00+00:00,bacgiang_bacgiangcity,149.09951267095136
2025-06-15 08:00:00+00:00,angiang_longxuyen,95.72595322499441
2025-06-15 09:00:00+00:00,backan_backancity,78.45659412864013
2025-06-15 10:00:00+00:00,bacgiang_bacgiangcity,152.30381315562633
2025-06-15 11:00:00+00:00,angiang_longxuyen,97.808399792706
2025-06-15 12:00:00+00:00,bacgiang_bacgiangcity,154.8514452586266
2025-06-15 13:00:00+00:00,backan_backancity,79.78962668721599
2025-06-15 14:00:00+00:00,backan_backancity,81.10822634303759
2025-06-15 15:00:00+00:00,bacgiang_bacgiangcity,156.53111855268637
2025-06-15 16:00:00+00:00,angiang_longxuyen,99.28960154479905
2025-06-15 17:00:00+00:00,angiang_longxuyen,99.94757249833847
2025-06-15 18:00:00+00:00,backan_backancity,82.33859543578279
2025-06-15 19:00:00+00:00,bacgiang_bacgiangcity,157.5271801336872
2025-06-15 20:00:00+00:00,angiang_longxuyen,99.49734591593754
2025-06-15 21:00:00+00:00,backan_backancity,83.34398962437973
2025-06-15 22:00:00+00:00,bacgiang_bacgiangcity,158.32362960038643
2025-06-15 23:00:00+00:00,bacgiang_bacgiangcity,159.07922888308076
2025-06-16 00:00:00+00:00,angiang_longxuyen,98.37521343151708
2025-06-16 01:00:00+00:00,backan_backancity,84.09255657324366
2025-06-16 02:00:00+00:00,backan_backancity,84.81722171694993
2025-06-16 03:00:00+00:00,bacgiang_bacgiangcity,160.13174999023028
2025-06-16 04:00:00+00:00,angiang_longxuyen,97.00452524792898
2025-06-16 05:00:00+00:00,bacgiang_bacgiangcity,160.90183956296613
2025-06-16 06:00:00+00:00,backan_backancity,84.84748155531226
2025-06-16 07:00:00+00:00,angiang_longxuyen,95.30770271951644
2025-06-16 08:00:00+00:00,backan_backancity,84.66125502577177
2025-06-16 09:00:00+00:00,angiang_longxuyen,93.31665317801449
2025-06-16 10:00:00+00:00,bacgiang_bacgiangcity,161.18726480086693
2025-06-16 11:00:00+00:00,bacgiang_bacgiangcity,160.98214828925907
2025-06-16 12:00:00+00:00,backan_backancity,85.19763726214288
2025-06-16 13:00:00+00:00,angiang_longxuyen,91.16096429154217
2025-06-16 14:00:00+00:00,bacgiang_bacgiangcity,160.81566298654744
2025-06-16 15:00:00+00:00,angiang_longxuyen,89.04996216834402
2025-06-16 16:00:00+00:00,backan_backancity,86.6817227254224
2025-06-16 17:00:00+00:00,angiang_longxuyen,86.97570345140385
2025-06-16 18:00:00+00:00,backan_backancity,88.59549908901553
2025-06-16 19:00:00+00:00,bacgiang_bacgiangcity,160.86894708279922
2025-06-16 20:00:00+00:00,angiang_longxuyen,85.16073245413938
2025-06-16 21:00:00+00:00,bacgiang_bacgiangcity,161.27200669510327
2025-06-16 22:00:00+00:00,backan_backancity,90.47497100606063
2025-06-16 23:00:00+00:00,bacgiang_bacgiangcity,161.82346026779976
2025-06-17 00:00:00+00:00,backan_backancity,92.02191228688505
2025-06-17 01:00:00+00:00,angiang_longxuyen,83.63221488367304
2025-06-17 02:00:00+00:00,angiang_longxuyen,82.45535465405484
2025-06-17 03:00:00+00:00,bacgiang_bacgiangcity,162.16450335163563
2025-06-17 04:00:00+00:00,backan_backancity,93.00494695367036
2025-06-17 05:00:00+00:00,angiang_longxuyen,81.46882653615556
2025-06-17 06:00:00+00:00,bacgiang_bacgiangcity,161.98498157016053
2025-06-17 07:00:00+00:00,backan_backancity,92.8304250396007
2025-06-17 08:00:00+00:00,bacgiang_bacgiangcity,160.92420147591474
2025-06-17 09:00:00+00:00,backan_backancity,91.27277505185366
2025-06-17 10:00:00+00:00,angiang_longxuyen,80.50038736943851
2025-06-17 11:00:00+00:00,angiang_longxuyen,79.68659020401795
2025-06-17 12:00:00+00:00,bacgiang_bacgiangcity,158.7814749429598
2025-06-17 13:00:00+00:00,backan_backancity,88.44935518851238
2025-06-17 14:00:00+00:00,bacgiang_bacgiangcity,155.7218908500165
2025-06-17 15:00:00+00:00,backan_backancity,85.31434148426459
2025-06-17 16:00:00+00:00,angiang_longxuyen,78.73642888830379
2025-06-17 17:00:00+00:00,bacgiang_bacgiangcity,152.86819321478563
2025-06-17 18:00:00+00:00,backan_backancity,82.60854284407323
2025-06-17 19:00:00+00:00,angiang_longxuyen,77.88572452374277
2025-06-17 20:00:00+00:00,bacgiang_bacgiangcity,151.06589763460204
2025-06-17 21:00:00+00:00,backan_backancity,80.78841655550025
2025-06-17 22:00:00+00:00,angiang_longxuyen,77.08378500655915
2025-06-17 23:00:00+00:00,angiang_longxuyen,76.62679569102127
2025-06-18 00:00:00+00:00,backan_backancity,79.89911684909754
2025-06-18 01:00:00+00:00,bacgiang_bacgiangcity,150.57010973058
2025-06-18 02:00:00+00:00,angiang_longxuyen,76.56817457705122
2025-06-18 03:00:00+00:00,bacgiang_bacgiangcity,151.14562292347418
2025-06-18 04:00:00+00:00,backan_backancity,79.60046145033867
2025-06-18 05:00:00+00:00,angiang_longxuyen,76.89420610298595
2025-06-18 06:00:00+00:00,bacgiang_bacgiangcity,152.20337105604133
2025-06-18 07:00:00+00:00,backan_backancity,79.58144234687491
2025-06-18 08:00:00+00:00,angiang_longxuyen,77.44899531175636
2025-06-18 09:00:00+00:00,backan_backancity,79.60307735418446
2025-06-18 10:00:00+00:00,bacgiang_bacgiangcity,153.3229922488585
2025-06-18 11:00:00+00:00,bacgiang_bacgiangcity,154.48736117894254
2025-06-18 12:00:00+00:00,angiang_longxuyen,78.02848018315863
2025-06-18 13:00:00+00:00,backan_backancity,79.30948399239224
2025-06-18 14:00:00+00:00,backan_backancity,78.5120063367957
2025-06-18 15:00:00+00:00,angiang_longxuyen,78.52410548986668
2025-06-18 16:00:00+00:00,bacgiang_bacgiangcity,155.63248145641364
2025-06-18 17:00:00+00:00,bacgiang_bacgiangcity,156.49432851925746
2025-06-18 18:00:00+00:00,backan_backancity,77.19039384839121
2025-06-18 19:00:00+00:00,angiang_longxuyen,78.93037161684826
2025-06-18 20:00:00+00:00,backan_backancity,75.54081779537978
2025-06-18 21:00:00+00:00,angiang_longxuyen,79.14575567060767
2025-06-18 22:00:00+00:00,bacgiang_bacgiangcity,156.82616572575665
2025-06-18 23:00:00+00:00,bacgiang_bacgiangcity,156.33025348261214
2025-06-19 00:00:00+00:00,backan_backancity,73.80820472879202
2025-06-19 01:00:00+00:00,angiang_longxuyen,79.2709029973724
2025-06-19 02:00:00+00:00,angiang_longxuyen,79.2100605171567
2025-06-19 03:00:00+00:00,bacgiang_bacgiangcity,154.93591456324833
2025-06-19 04:00:00+00:00,backan_backancity,71.95208226426436
2025-06-19 05:00:00+00:00,angiang_longxuyen,78.86958652391986
2025-06-19 06:00:00+00:00,backan_backancity,70.01313559735073
2025-06-19 07:00:00+00:00,bacgiang_bacgiangcity,152.7572062011605
2025-06-19 08:00:00+00:00,angiang_longxuyen,78.32317585909426
2025-06-19 09:00:00+00:00,backan_backancity,68.11853973896689
2025-06-19 10:00:00+00:00,bacgiang_bacgiangcity,150.3676665101052
2025-06-19 11:00:00+00:00,backan_backancity,66.49902027767531
2025-06-19 12:00:00+00:00,angiang_longxuyen,77.94416391130304
2025-06-19 13:00:00+00:00,bacgiang_bacgiangcity,148.300232098079
2025-06-19 14:00:00+00:00,backan_backancity,65.4526778684577
2025-06-19 15:00:00+00:00,angiang_longxuyen,77.95239420475568
2025-06-19 16:00:00+00:00,bacgiang_bacgiangcity,146.85423027332945
2025-06-19 17:00:00+00:00,angiang_longxuyen,78.32802747600752
2025-06-19 18:00:00+00:00,backan_backancity,64.79402006082348
2025-06-19 19:00:00+00:00,bacgiang_bacgiangcity,146.2492295793144
2025-06-19 20:00:00+00:00,backan_backancity,64.38831585103
2025-06-19 21:00:00+00:00,angiang_longxuyen,78.70862952988415
2025-06-19 22:00:00+00:00,bacgiang_bacgiangcity,146.32558336505807
2025-06-19 23:00:00+00:00,angiang_longxuyen,78.82662735710694
2025-06-20 00:00:00+00:00,bacgiang_bacgiangcity,146.79654170277792
2025-06-20 01:00:00+00:00,backan_backancity,64.19161614155848
2025-06-20 02:00:00+00:00,backan_backancity,64.10419617391511
2025-06-20 03:00:00+00:00,bacgiang_bacgiangcity,147.19793708375045
2025-06-20 04:00:00+00:00,angiang_longxuyen,78.2507052797908
2025-06-20 05:00:00+00:00,bacgiang_bacgiangcity,147.37546943926606
2025-06-20 06:00:00+00:00,angiang_longxuyen,76.99441865342176
2025-06-20 07:00:00+00:00,backan_backancity,63.96609366704393
2025-06-20 08:00:00+00:00,backan_backancity,63.72239376927925
2025-06-20 09:00:00+00:00,bacgiang_bacgiangcity,146.7970294947199
2025-06-20 10:00:00+00:00,angiang_longxuyen,75.4413823644594
2025-06-20 11:00:00+00:00,backan_backancity,63.39210601953695
2025-06-20 12:00:00+00:00,angiang_longxuyen,74.00721905885104
2025-06-20 13:00:00+00:00,bacgiang_bacgiangcity,144.9977467471192
2025-06-20 14:00:00+00:00,angiang_longxuyen,73.43935272198868
2025-06-20 15:00:00+00:00,backan_backancity,63.248456074894094
2025-06-20 16:00:00+00:00,bacgiang_bacgiangcity,142.4697171850035
2025-06-20 17:00:00+00:00,backan_backancity,63.42733224938712
2025-06-20 18:00:00+00:00,angiang_longxuyen,73.5319566745842
2025-06-20 19:00:00+00:00,bacgiang_bacgiangcity,139.99835517795293
2025-06-20 20:00:00+00:00,angiang_longxuyen,73.9342415585098
2025-06-20 21:00:00+00:00,backan_backancity,63.86712929010674
2025-06-20 22:00:00+00:00,bacgiang_bacgiangcity,138.0690543575785
2025-06-20 23:00:00+00:00,angiang_longxuyen,74.57966681414898
2025-06-21 00:00:00+00:00,backan_backancity,64.32343474047104
2025-06-21 01:00:00+00:00,bacgiang_bacgiangcity,136.57216196468468
2025-06-21 02:00:00+00:00,angiang_longxuyen,75.1649932331703
2025-06-21 03:00:00+00:00,backan_backancity,64.72253462995187
2025-06-21 04:00:00+00:00,bacgiang_bacgiangcity,134.9758030560899
2025-06-21 05:00:00+00:00,backan_backancity,64.97503869404213
2025-06-21 06:00:00+00:00,bacgiang_bacgiangcity,133.21025446886972
2025-06-21 07:00:00+00:00,angiang_longxuyen,75.65480807703992
2025-06-21 08:00:00+00:00,backan_backancity,65.15095942323956
2025-06-21 09:00:00+00:00,angiang_longxuyen,76.15430941677724
2025-06-21 10:00:00+00:00,bacgiang_bacgiangcity,131.17601621140568
2025-06-21 11:00:00+00:00,angiang_longxuyen,76.77460143171895
2025-06-21 12:00:00+00:00,bacgiang_bacgiangcity,128.73049283045887
2025-06-21 13:00:00+00:00,backan_backancity,65.20473609370725
2025-06-21 14:00:00+00:00,angiang_longxuyen,77.52482065622952
2025-06-21 15:00:00+00:00,backan_backancity,65.07925400776665
2025-06-21 16:00:00+00:00,bacgiang_bacgiangcity,125.78321685431696
2025-06-21 17:00:00+00:00,bacgiang_bacgiangcity,122.28172673784606
2025-06-21 18:00:00+00:00,backan_backancity,64.77010869111797
2025-06-21 19:00:00+00:00,angiang_longxuyen,78.32213093223814
2025-06-21 20:00:00+00:00,bacgiang_bacgiangcity,118.24277598223031
2025-06-21 21:00:00+00:00,backan_backancity,64.2735747523611
2025-06-21 22:00:00+00:00,angiang_longxuyen,79.10268651149408
2025-06-21 23:00:00+00:00,bacgiang_bacgiangcity,113.75393220782105
2025-06-22 00:00:00+00:00,backan_backancity,63.66126674376407
2025-06-22 01:00:00+00:00,angiang_longxuyen,79.94806342288473
2025-06-22 02:00:00+00:00,backan_backancity,62.72748949857213
2025-06-22 03:00:00+00:00,bacgiang_bacgiangcity,108.883219674725
2025-06-22 04:00:00+00:00,angiang_longxuyen,80.29896038217622
2025-06-22 05:00:00+00:00,angiang_longxuyen,80.05328540527385
2025-06-22 06:00:00+00:00,bacgiang_bacgiangcity,103.91094240323628
2025-06-22 07:00:00+00:00,backan_backancity,61.50873176695592
2025-06-22 08:00:00+00:00,bacgiang_bacgiangcity,99.20908598515815
2025-06-22 09:00:00+00:00,backan_backancity,60.255756865291104
2025-06-22 10:00:00+00:00,angiang_longxuyen,79.41471314819228
2025-06-22 11:00:00+00:00,angiang_longxuyen,78.94978047563822
2025-06-22 12:00:00+00:00,bacgiang_bacgiangcity,95.3022497316551
2025-06-22 13:00:00+00:00,backan_backancity,59.36351845155159
2025-06-22 14:00:00+00:00,bacgiang_bacgiangcity,92.46892817011877
2025-06-22 15:00:00+00:00,backan_backancity,59.11156913123851
2025-06-22 16:00:00+00:00,angiang_longxuyen,78.86949087844104
2025-06-22 17:00:00+00:00,bacgiang_bacgiangcity,90.84877266639302
2025-06-22 18:00:00+00:00,backan_backancity,59.46212894021714
2025-06-22 19:00:00+00:00,angiang_longxuyen,78.94075871584833
2025-06-22 20:00:00+00:00,angiang_longxuyen,78.61933969312982
2025-06-22 21:00:00+00:00,bacgiang_bacgiangcity,90.15122540706976
2025-06-22 22:00:00+00:00,backan_backancity,59.99310481589783
2025-06-22 23:00:00+00:00,angiang_longxuyen,77.84570645540362
2025-06-23 00:00:00+00:00,bacgiang_bacgiangcity,89.71060701080076
2025-06-23 01:00:00+00:00,backan_backancity,60.34147434341144
2025-06-23 02:00:00+00:00,bacgiang_bacgiangcity,88.87823310225598
2025-06-23 03:00:00+00:00,angiang_longxuyen,76.73667321709206
2025-06-23 04:00:00+00:00,backan_backancity,60.2416204635212
2025-06-23 05:00:00+00:00,bacgiang_bacgiangcity,87.36800055620346
2025-06-23 06:00:00+00:00,angiang_longxuyen,75.33128246265035
2025-06-23 07:00:00+00:00,backan_backancity,59.62753823129202
2025-06-23 08:00:00+00:00,bacgiang_bacgiangcity,85.19508831013226
2025-06-23 09:00:00+00:00,angiang_longxuyen,73.73773074885895
2025-06-23 10:00:00+00:00,backan_backancity,58.49927068718936
2025-06-23 11:00:00+00:00,angiang_longxuyen,72.66504996591071
2025-06-23 12:00:00+00:00,backan_backancity,57.04622935519849
2025-06-23 13:00:00+00:00,bacgiang_bacgiangcity,82.74081815014716
2025-06-23 14:00:00+00:00,angiang_longxuyen,71.50923891504426
2025-06-23 15:00:00+00:00,backan_backancity,55.65484588113027
2025-06-23 16:00:00+00:00,bacgiang_bacgiangcity,80.38891495500837
2025-06-23 17:00:00+00:00,backan_backancity,54.4045633996943
2025-06-23 18:00:00+00:00,angiang_longxuyen,70.40791709346274
2025-06-23 19:00:00+00:00,bacgiang_bacgiangcity,78.16030834661908
2025-06-23 20:00:00+00:00,backan_backancity,53.29672572986803
2025-06-23 21:00:00+00:00,angiang_longxuyen,69.22731234334864
2025-06-23 22:00:00+00:00,bacgiang_bacgiangcity,76.02874364104267
2025-06-23 23:00:00+00:00,bacgiang_bacgiangcity,73.97016121808143
2025-06-24 00:00:00+00:00,backan_backancity,52.39299551184805
2025-06-24 01:00:00+00:00,angiang_longxuyen,68.13093539302224
2025-06-24 02:00:00+00:00,angiang_longxuyen,67.03494580688505
2025-06-24 03:00:00+00:00,bacgiang_bacgiangcity,72.01490699702865
2025-06-24 04:00:00+00:00,backan_backancity,51.61933836275213
2025-06-24 05:00:00+00:00,angiang_longxuyen,65.93088852460923
2025-06-24 06:00:00+00:00,bacgiang_bacgiangcity,70.08053935741361
2025-06-24 07:00:00+00:00,backan_backancity,50.972970999146554
2025-06-24 08:00:00+00:00,backan_backancity,50.396180939110096
2025-06-24 09:00:00+00:00,bacgiang_bacgiangcity,68.22542356155056
2025-06-24 10:00:00+00:00,angiang_longxuyen,64.84210104302733
2025-06-24 11:00:00+00:00,bacgiang_bacgiangcity,66.40391041353465
2025-06-24 12:00:00+00:00,backan_backancity,49.80010875054311
2025-06-24 13:00:00+00:00,angiang_longxuyen,63.714804300534716
2025-06-24 14:00:00+00:00,bacgiang_bacgiangcity,64.68499377951422
2025-06-24 15:00:00+00:00,backan_backancity,49.20868014997293
2025-06-24 16:00:00+00:00,angiang_longxuyen,62.490695204378405
2025-06-24 17:00:00+00:00,bacgiang_bacgiangcity,63.023808756510775
2025-06-24 18:00:00+00:00,angiang_longxuyen,61.261574285131815
2025-06-24 19:00:00+00:00,backan_backancity,48.58040891096049
2025-06-24 20:00:00+00:00,angiang_longxuyen,60.00662908660327
2025-06-24 21:00:00+00:00,bacgiang_bacgiangcity,61.459665636320196
2025-06-24 22:00:00+00:00,backan_backancity,47.944596025942936
2025-06-24 23:00:00+00:00,angiang_longxuyen,58.75483062432797
2025-06-25 00:00:00+00:00,bacgiang_bacgiangcity,59.9845732391869
2025-06-25 01:00:00+00:00,backan_backancity,47.273002167298046
2025-06-25 02:00:00+00:00,angiang_longxuyen,57.652301278576324
2025-06-25 03:00:00+00:00,bacgiang_bacgiangcity,58.740904642611476
2025-06-25 04:00:00+00:00,backan_backancity,46.62221120029695
2025-06-25 05:00:00+00:00,backan_backancity,46.00119945312711
2025-06-25 06:00:00+00:00,angiang_longxuyen,56.49687520076214
2025-06-25 07:00:00+00:00,bacgiang_bacgiangcity,57.68641802087216
2025-06-25 08:00:00+00:00,angiang_longxuyen,55.468337197427246
2025-06-25 09:00:00+00:00,backan_backancity,45.55670143712339
2025-06-25 10:00:00+00:00,bacgiang_bacgiangcity,56.85320243211374
2025-06-25 11:00:00+00:00,backan_backancity,45.496435220917604
2025-06-25 12:00:00+00:00,angiang_longxuyen,54.747418965353816
2025-06-25 13:00:00+00:00,bacgiang_bacgiangcity,56.4587078724382
2025-06-25 14:00:00+00:00,bacgiang_bacgiangcity,56.69125072509828
2025-06-25 15:00:00+00:00,angiang_longxuyen,54.6019708857091
2025-06-25 16:00:00+00:00,backan_backancity,45.916194533824
2025-06-25 17:00:00+00:00,bacgiang_bacgiangcity,57.537512357168026
2025-06-25 18:00:00+00:00,angiang_longxuyen,55.16198472876017
2025-06-25 19:00:00+00:00,backan_backancity,46.72890373192296
2025-06-25 20:00:00+00:00,bacgiang_bacgiangcity,58.713397002902255
2025-06-25 21:00:00+00:00,angiang_longxuyen,55.823832313113094
2025-06-25 22:00:00+00:00,backan_backancity,47.61718242283924
2025-06-25 23:00:00+00:00,backan_backancity,48.26221553201525
2025-06-26 00:00:00+00:00,bacgiang_bacgiangcity,59.68332823908893
2025-06-26 01:00:00+00:00,angiang_longxuyen,56.22432862658472
2025-06-26 02:00:00+00:00,bacgiang_bacgiangcity,60.12495689072799
2025-06-26 03:00:00+00:00,angiang_longxuyen,56.337826334028925
2025-06-26 04:00:00+00:00,backan_backancity,48.61200539488936
2025-06-26 05:00:00+00:00,backan_backancity,48.65043096600613
2025-06-26 06:00:00+00:00,bacgiang_bacgiangcity,60.07290183887908
2025-06-26 07:00:00+00:00,angiang_longxuyen,56.1800782458077
2025-06-26 08:00:00+00:00,backan_backancity,48.51743592770404
2025-06-26 09:00:00+00:00,angiang_longxuyen,55.965205895359986
2025-06-26 10:00:00+00:00,bacgiang_bacgiangcity,59.714915158469914
2025-06-26 11:00:00+00:00,backan_backancity,48.19213130740838
2025-06-26 12:00:00+00:00,angiang_longxuyen,56.15469393572832
2025-06-26 13:00:00+00:00,bacgiang_bacgiangcity,59.1929538691682
2025-06-26 14:00:00+00:00,angiang_longxuyen,57.25573121201034
2025-06-26 15:00:00+00:00,bacgiang_bacgiangcity,58.496755211096335
2025-06-26 16:00:00+00:00,backan_backancity,47.75328593920304
2025-06-26 17:00:00+00:00,bacgiang_bacgiangcity,57.78462679852665
2025-06-26 18:00:00+00:00,backan_backancity,47.303656543260516
2025-06-26 19:00:00+00:00,angiang_longxuyen,58.90774861586869
2025-06-26 20:00:00+00:00,bacgiang_bacgiangcity,57.061590019097316
2025-06-26 21:00:00+00:00,angiang_longxuyen,60.740574232892264
2025-06-26 22:00:00+00:00,backan_backancity,46.896742418159924
2025-06-26 23:00:00+00:00,bacgiang_bacgiangcity,56.32645886887092
2025-06-27 00:00:00+00:00,angiang_longxuyen,62.68862395825278
2025-06-27 01:00:00+00:00,backan_backancity,46.56776022920355
2025-06-27 02:00:00+00:00,backan_backancity,46.294180683854854
2025-06-27 03:00:00+00:00,angiang_longxuyen,64.71685328850984
2025-06-27 04:00:00+00:00,bacgiang_bacgiangcity,55.58786535231118
2025-06-27 05:00:00+00:00,angiang_longxuyen,66.81581723262977
2025-06-27 06:00:00+00:00,bacgiang_bacgiangcity,54.88737699451414
2025-06-27 07:00:00+00:00,backan_backancity,46.04107883552197
2025-06-27 08:00:00+00:00,backan_backancity,45.76453906260373
2025-06-27 09:00:00+00:00,bacgiang_bacgiangcity,54.1728335336042
2025-06-27 10:00:00+00:00,angiang_longxuyen,69.0736004943337
2025-06-27 11:00:00+00:00,backan_backancity,45.47709092282584
2025-06-27 12:00:00+00:00,bacgiang_bacgiangcity,53.49174686118622
2025-06-27 13:00:00+00:00,angiang_longxuyen,71.50968366652079
2025-06-27 14:00:00+00:00,angiang_longxuyen,73.71334832517024
2025-06-27 15:00:00+00:00,backan_backancity,45.18963321850007
2025-06-27 16:00:00+00:00,bacgiang_bacgiangcity,52.85689521323082
2025-06-27 17:00:00+00:00,angiang_longxuyen,75.80034701988951
2025-06-27 18:00:00+00:00,bacgiang_bacgiangcity,52.23881499998688
2025-06-27 19:00:00+00:00,backan_backancity,44.892730523140614
2025-06-27 20:00:00+00:00,bacgiang_bacgiangcity,51.66781627369309
2025-06-27 21:00:00+00:00,backan_backancity,44.54251503788574
2025-06-27 22:00:00+00:00,angiang_longxuyen,77.91580024455835
2025-06-27 23:00:00+00:00,bacgiang_bacgiangcity,51.202883601139035
2025-06-28 00:00:00+00:00,backan_backancity,44.17670933958287
2025-06-28 01:00:00+00:00,angiang_longxuyen,80.208766695647
2025-06-28 02:00:00+00:00,bacgiang_bacgiangcity,50.76929395199497
2025-06-28 03:00:00+00:00,backan_backancity,43.76163187286482
2025-06-28 04:00:00+00:00,angiang_longxuyen,82.0063756473683
2025-06-28 05:00:00+00:00,backan_backancity,43.3587874628881
2025-06-28 06:00:00+00:00,angiang_longxuyen,83.04346913878383
2025-06-28 07:00:00+00:00,bacgiang_bacgiangcity,50.399222465336635
2025-06-28 08:00:00+00:00,bacgiang_bacgiangcity,50.09088057071007
2025-06-28 09:00:00+00:00,angiang_longxuyen,83.61797805415038
2025-06-28 10:00:00+00:00,backan_backancity,43.11846863279978
2025-06-28 11:00:00+00:00,angiang_longxuyen,84.20825651783773
2025-06-28 12:00:00+00:00,bacgiang_bacgiangcity,49.9778180501945
2025-06-28 13:00:00+00:00,backan_backancity,43.29979333155065
2025-06-28 14:00:00+00:00,backan_backancity,44.05146158506538
2025-06-28 15:00:00+00:00,bacgiang_bacgiangcity,50.162012113310034
2025-06-28 16:00:00+00:00,angiang_longxuyen,85.21914553919298
2025-06-28 17:00:00+00:00,bacgiang_bacgiangcity,50.71867836460233
2025-06-28 18:00:00+00:00,backan_backancity,45.27638366779168
2025-06-28 19:00:00+00:00,angiang_longxuyen,86.77814412819141
2025-06-28 20:00:00+00:00,angiang_longxuyen,88.5390610830996
2025-06-28 21:00:00+00:00,backan_backancity,46.756593098041954
2025-06-28 22:00:00+00:00,bacgiang_bacgiangcity,51.53453429895455
2025-06-28 23:00:00+00:00,angiang_longxuyen,90.09453274506646
2025-06-29 00:00:00+00:00,backan_backancity,48.06365551798064
2025-06-29 01:00:00+00:00,bacgiang_bacgiangcity,52.43177497123645
2025-06-29 02:00:00+00:00,angiang_longxuyen,90.70307590850337
2025-06-29 03:00:00+00:00,backan_backancity,48.837781329922784
2025-06-29 04:00:00+00:00,bacgiang_bacgiangcity,53.08777861683335
2025-06-29 05:00:00+00:00,angiang_longxuyen,90.2420180734101
2025-06-29 06:00:00+00:00,backan_backancity,49.0150267490019
2025-06-29 07:00:00+00:00,bacgiang_bacgiangcity,53.45309174092028
2025-06-29 08:00:00+00:00,angiang_longxuyen,88.98198333983973
2025-06-29 09:00:00+00:00,bacgiang_bacgiangcity,53.62214034246434
2025-06-29 10:00:00+00:00,backan_backancity,48.690429905249516
2025-06-29 11:00:00+00:00,angiang_longxuyen,87.39712221336781
2025-06-29 12:00:00+00:00,bacgiang_bacgiangcity,53.68474030835338
2025-06-29 13:00:00+00:00,backan_backancity,47.99201705434292
2025-06-29 14:00:00+00:00,angiang_longxuyen,86.08944885793314
2025-06-29 15:00:00+00:00,bacgiang_bacgiangcity,53.7588559898926
2025-06-29 16:00:00+00:00,backan_backancity,47.286096033348784
2025-06-29 17:00:00+00:00,backan_backancity,46.59027517491826
2025-06-29 18:00:00+00:00,angiang_longxuyen,85.08769517537388
2025-06-29 19:00:00+00:00,bacgiang_bacgiangcity,53.71097586319427
2025-06-29 20:00:00+00:00,angiang_longxuyen,84.38170720254458
2025-06-29 21:00:00+00:00,bacgiang_bacgiangcity,53.5907686254107
2025-06-29 22:00:00+00:00,backan_backancity,45.94463471695174
2025-06-29 23:00:00+00:00,angiang_longxuyen,84.19531807569007
2025-06-30 00:00:00+00:00,backan_backancity,45.37913082341628
2025-06-30 01:00:00+00:00,bacgiang_bacgiangcity,53.444880576563406
2025-06-30 02:00:00+00:00,backan_backancity,44.8964989550062
2025-06-30 03:00:00+00:00,angiang_longxuyen,84.38290277102985
2025-06-30 04:00:00+00:00,bacgiang_bacgiangcity,53.21450887627258
2025-06-30 05:00:00+00:00,bacgiang_bacgiangcity,52.95968062704696
2025-06-30 06:00:00+00:00,backan_backancity,44.49231072605204
2025-06-30 07:00:00+00:00,angiang_longxuyen,85.01982514360174
2025-06-30 08:00:00+00:00,bacgiang_bacgiangcity,52.649798840211346
2025-06-30 09:00:00+00:00,backan_backancity,44.1547108794538
2025-06-30 10:00:00+00:00,angiang_longxuyen,86.10397979730318
2025-06-30 11:00:00+00:00,angiang_longxuyen,87.60976363302198
2025-06-30 12:00:00+00:00,bacgiang_bacgiangcity,52.30556119738286
2025-06-30 13:00:00+00:00,backan_backancity,43.878759326230316
2025-06-30 14:00:00+00:00,angiang_longxuyen,89.44620823585049
2025-06-30 15:00:00+00:00,bacgiang_bacgiangcity,51.977812835103286
2025-06-30 16:00:00+00:00,backan_backancity,43.714980790569356
2025-06-30 17:00:00+00:00,angiang_longxuyen,91.72620157330542
2025-06-30 18:00:00+00:00,backan_backancity,43.62074130028598
2025-06-30 19:00:00+00:00,bacgiang_bacgiangcity,51.67784948442153
2025-06-30 20:00:00+00:00,backan_backancity,43.546013487682295
2025-06-30 21:00:00+00:00,bacgiang_bacgiangcity,51.41801897665351
2025-06-30 22:00:00+00:00,angiang_longxuyen,94.31252107692073
2025-06-30 23:00:00+00:00,angiang_longxuyen,97.08900531266706
2025-07-01 00:00:00+00:00,bacgiang_bacgiangcity,51.21945418034496
2025-07-01 01:00:00+00:00,backan_backancity,43.485919433338395
2025-07-01 02:00:00+00:00,angiang_longxuyen,99.00878044113504
2025-07-01 03:00:00+00:00,bacgiang_bacgiangcity,51.118342562408216
2025-07-01 04:00:00+00:00,backan_backancity,43.454122093904
2025-07-01 05:00:00+00:00,angiang_longxuyen,99.50745803418602
2025-07-01 06:00:00+00:00,backan_backancity,43.43170279366811
2025-07-01 07:00:00+00:00,bacgiang_bacgiangcity,51.1307669101072
2025-07-01 08:00:00+00:00,backan_backancity,43.44174556894442
2025-07-01 09:00:00+00:00,bacgiang_bacgiangcity,51.23342320252692
2025-07-01 10:00:00+00:00,angiang_longxuyen,98.49691094541754
2025-07-01 11:00:00+00:00,bacgiang_bacgiangcity,51.399683738363315
2025-07-01 12:00:00+00:00,angiang_longxuyen,96.75504537432224
2025-07-01 13:00:00+00:00,backan_backancity,43.54633390003635
2025-07-01 14:00:00+00:00,angiang_longxuyen,95.0493917792932
2025-07-01 15:00:00+00:00,bacgiang_bacgiangcity,51.63528724634571
2025-07-01 16:00:00+00:00,backan_backancity,43.785203701120516
2025-07-01 17:00:00+00:00,bacgiang_bacgiangcity,51.92089421065628
2025-07-01 18:00:00+00:00,angiang_longxuyen,93.96107415612603
2025-07-01 19:00:00+00:00,backan_backancity,44.192409544931515
2025-07-01 20:00:00+00:00,bacgiang_bacgiangcity,52.37664491724341
2025-07-01 21:00:00+00:00,angiang_longxuyen,93.59229507900028
2025-07-01 22:00:00+00:00,backan_backancity,44.646572536570204
2025-07-01 23:00:00+00:00,bacgiang_bacgiangcity,52.96635668146874
2025-07-02 00:00:00+00:00,angiang_longxuyen,93.80203246280374
2025-07-02 01:00:00+00:00,backan_backancity,45.105876472695584
2025-07-02 02:00:00+00:00,angiang_longxuyen,94.22124420534387
2025-07-02 03:00:00+00:00,bacgiang_bacgiangcity,53.604005959679675
2025-07-02 04:00:00+00:00,backan_backancity,45.49312110507642
2025-07-02 05:00:00+00:00,backan_backancity,45.785141098742
2025-07-02 06:00:00+00:00,bacgiang_bacgiangcity,54.2362895265287
2025-07-02 07:00:00+00:00,angiang_longxuyen,94.48761805943181
2025-07-02 08:00:00+00:00,bacgiang_bacgiangcity,54.879256693362144
2025-07-02 09:00:00+00:00,angiang_longxuyen,94.3306805666436
2025-07-02 10:00:00+00:00,backan_backancity,45.93339159091621
2025-07-02 11:00:00+00:00,backan_backancity,46.02389134297764
2025-07-02 12:00:00+00:00,bacgiang_bacgiangcity,55.589811737805206
2025-07-02 13:00:00+00:00,angiang_longxuyen,93.80727383504318
2025-07-02 14:00:00+00:00,backan_backancity,45.934022851076435
2025-07-02 15:00:00+00:00,bacgiang_bacgiangcity,56.325378074960234
2025-07-02 16:00:00+00:00,angiang_longxuyen,92.6404312737631
2025-07-02 17:00:00+00:00,angiang_longxuyen,91.35824504729754
2025-07-02 18:00:00+00:00,backan_backancity,45.80751735851243
2025-07-02 19:00:00+00:00,bacgiang_bacgiangcity,56.9339893858008
2025-07-02 20:00:00+00:00,backan_backancity,45.705301035295285
2025-07-02 21:00:00+00:00,angiang_longxuyen,90.05887730613009
2025-07-02 22:00:00+00:00,bacgiang_bacgiangcity,57.45186183088287
2025-07-02 23:00:00+00:00,bacgiang_bacgiangcity,57.90228508429961
2025-07-03 00:00:00+00:00,angiang_longxuyen,89.07432785407394
2025-07-03 01:00:00+00:00,backan_backancity,45.634719454198546
2025-07-03 02:00:00+00:00,angiang_longxuyen,88.26002854988957
2025-07-03 03:00:00+00:00,bacgiang_bacgiangcity,58.28277714587561
2025-07-03 04:00:00+00:00,backan_backancity,45.6069535716965
2025-07-03 05:00:00+00:00,angiang_longxuyen,87.52019164210512
2025-07-03 06:00:00+00:00,bacgiang_bacgiangcity,58.619391844041985
2025-07-03 07:00:00+00:00,backan_backancity,45.656038831427985
2025-07-03 08:00:00+00:00,angiang_longxuyen,86.8470973450112
2025-07-03 09:00:00+00:00,bacgiang_bacgiangcity,59.003767112058156
2025-07-03 10:00:00+00:00,backan_backancity,45.80037742351836
2025-07-03 11:00:00+00:00,bacgiang_bacgiangcity,59.418380698203926
2025-07-03 12:00:00+00:00,backan_backancity,46.027501959803175
2025-07-03 13:00:00+00:00,angiang_longxuyen,86.15887791101008
2025-07-03 14:00:00+00:00,bacgiang_bacgiangcity,59.788758250394494
2025-07-03 15:00:00+00:00,angiang_longxuyen,85.56926537896904
2025-07-03 16:00:00+00:00,backan_backancity,46.32892390403697
2025-07-03 17:00:00+00:00,backan_backancity,46.72581438295701
2025-07-03 18:00:00+00:00,bacgiang_bacgiangcity,60.22559506354457
2025-07-03 19:00:00+00:00,angiang_longxuyen,85.21871035226434
2025-07-03 20:00:00+00:00,angiang_longxuyen,84.85683568314106
2025-07-03 21:00:00+00:00,backan_backancity,47.216571334793024
2025-07-03 22:00:00+00:00,bacgiang_bacgiangcity,60.75404589858435
2025-07-03 23:00:00+00:00,bacgiang_bacgiangcity,61.34979767479729
2025-07-04 00:00:00+00:00,backan_backancity,47.804360624894024
2025-07-04 01:00:00+00:00,angiang_longxuyen,84.18414190148971
2025-07-04 02:00:00+00:00,angiang_longxuyen,83.26764301204699
2025-07-04 03:00:00+00:00,backan_backancity,48.311023419858145
2025-07-04 04:00:00+00:00,bacgiang_bacgiangcity,62.06931948287992
2025-07-04 05:00:00+00:00,backan_backancity,48.86094666489349
2025-07-04 06:00:00+00:00,bacgiang_bacgiangcity,62.92584387482727
2025-07-04 07:00:00+00:00,angiang_longxuyen,82.06294038354366
2025-07-04 08:00:00+00:00,backan_backancity,49.420960507944564
2025-07-04 09:00:00+00:00,angiang_longxuyen,80.87226894678355
2025-07-04 10:00:00+00:00,bacgiang_bacgiangcity,63.80259250327155
2025-07-04 11:00:00+00:00,bacgiang_bacgiangcity,64.72507879968853
2025-07-04 12:00:00+00:00,backan_backancity,50.10544737713467
2025-07-04 13:00:00+00:00,angiang_longxuyen,80.13801295268838
2025-07-04 14:00:00+00:00,bacgiang_bacgiangcity,65.69025167330382
2025-07-04 15:00:00+00:00,angiang_longxuyen,79.96718773637521
2025-07-04 16:00:00+00:00,backan_backancity,50.81169359275679
2025-07-04 17:00:00+00:00,backan_backancity,51.578100814558
2025-07-04 18:00:00+00:00,bacgiang_bacgiangcity,66.66958007778476
2025-07-04 19:00:00+00:00,angiang_longxuyen,80.1713597488797
2025-07-04 20:00:00+00:00,angiang_longxuyen,80.41278806652235
2025-07-04 21:00:00+00:00,backan_backancity,52.33856845212435
2025-07-04 22:00:00+00:00,bacgiang_bacgiangcity,67.7473611558912
2025-07-04 23:00:00+00:00,backan_backancity,53.01290733601144
2025-07-05 00:00:00+00:00,bacgiang_bacgiangcity,68.9194319381574
2025-07-05 01:00:00+00:00,angiang_longxuyen,80.60244826875257
2025-07-05 02:00:00+00:00,angiang_longxuyen,80.76423498731705
2025-07-05 03:00:00+00:00,backan_backancity,53.683898628139744
2025-07-05 04:00:00+00:00,bacgiang_bacgiangcity,70.32611629770017
2025-07-05 05:00:00+00:00,angiang_longxuyen,81.07021922089066
2025-07-05 06:00:00+00:00,backan_backancity,54.230235167719265
2025-07-05 07:00:00+00:00,bacgiang_bacgiangcity,71.90521358850458
2025-07-05 08:00:00+00:00,backan_backancity,54.591277721176795
2025-07-05 09:00:00+00:00,bacgiang_bacgiangcity,73.85845686336515
2025-07-05 10:00:00+00:00,angiang_longxuyen,81.46917085987933
2025-07-05 11:00:00+00:00,backan_backancity,54.8131895788658
2025-07-05 12:00:00+00:00,bacgiang_bacgiangcity,76.14905847998992
2025-07-05 13:00:00+00:00,angiang_longxuyen,82.1322474886351
2025-07-05 14:00:00+00:00,angiang_longxuyen,83.40190057066951
2025-07-05 15:00:00+00:00,bacgiang_bacgiangcity,78.90073586523525
2025-07-05 16:00:00+00:00,backan_backancity,55.21247597703034
2025-07-05 17:00:00+00:00,bacgiang_bacgiangcity,81.83829784743429
2025-07-05 18:00:00+00:00,backan_backancity,55.813818231480425
2025-07-05 19:00:00+00:00,angiang_longxuyen,84.90630830706178
2025-07-05 20:00:00+00:00,backan_backancity,56.67585180300793
2025-07-05 21:00:00+00:00,bacgiang_bacgiangcity,84.71704503356867
2025-07-05 22:00:00+00:00,angiang_longxuyen,86.6796292850047
2025-07-05 23:00:00+00:00,backan_backancity,57.73008018195443
2025-07-06 00:00:00+00:00,bacgiang_bacgiangcity,87.41256895819757
2025-07-06 01:00:00+00:00,angiang_longxuyen,88.58773984954608
2025-07-06 02:00:00+00:00,bacgiang_bacgiangcity,89.8248399928634
2025-07-06 03:00:00+00:00,angiang_longxuyen,90.5453469493779
2025-07-06 04:00:00+00:00,backan_backancity,58.90606525544142
2025-07-06 05:00:00+00:00,angiang_longxuyen,92.51883239426266
2025-07-06 06:00:00+00:00,backan_backancity,60.05025298949401
2025-07-06 07:00:00+00:00,bacgiang_bacgiangcity,91.84765578901913
2025-07-06 08:00:00+00:00,angiang_longxuyen,94.44291216706189
2025-07-06 09:00:00+00:00,backan_backancity,61.09964170721212
2025-07-06 10:00:00+00:00,bacgiang_bacgiangcity,93.51194570337884
2025-07-06 11:00:00+00:00,angiang_longxuyen,96.1474592634578
2025-07-06 12:00:00+00:00,bacgiang_bacgiangcity,94.88214250831949
2025-07-06 13:00:00+00:00,backan_backancity,62.09419687192154
2025-07-06 14:00:00+00:00,bacgiang_bacgiangcity,95.94605439421248
2025-07-06 15:00:00+00:00,angiang_longxuyen,97.5996290260229
2025-07-06 16:00:00+00:00,backan_backancity,63.003943190559426
2025-07-06 17:00:00+00:00,bacgiang_bacgiangcity,96.73864217470425
2025-07-06 18:00:00+00:00,angiang_longxuyen,98.74328891658925
2025-07-06 19:00:00+00:00,backan_backancity,63.84029116874927
2025-07-06 20:00:00+00:00,angiang_longxuyen,99.35793187043802
2025-07-06 21:00:00+00:00,bacgiang_bacgiangcity,97.30828632190422
2025-07-06 22:00:00+00:00,backan_backancity,64.60764528079082
2025-07-06 23:00:00+00:00,backan_backancity,65.32153357017083
2025-07-07 00:00:00+00:00,bacgiang_bacgiangcity,97.88194937256745
2025-07-07 01:00:00+00:00,angiang_longxuyen,99.53661854732613
2025-07-07 02:00:00+00:00,bacgiang_bacgiangcity,97.84572424524782
2025-07-07 03:00:00+00:00,angiang_longxuyen,98.49389392834496
2025-07-07 04:00:00+00:00,backan_backancity,65.690074729168
2025-07-07 05:00:00+00:00,backan_backancity,65.75892034482412
2025-07-07 06:00:00+00:00,bacgiang_bacgiangcity,97.54591213397946
2025-07-07 07:00:00+00:00,angiang_longxuyen,96.66307387745542
2025-07-07 08:00:00+00:00,backan_backancity,65.7906220387797
2025-07-07 09:00:00+00:00,bacgiang_bacgiangcity,97.21591311402635
2025-07-07 10:00:00+00:00,angiang_longxuyen,94.48550070764438
2025-07-07 11:00:00+00:00,bacgiang_bacgiangcity,97.15113362678866
2025-07-07 12:00:00+00:00,angiang_longxuyen,92.3887270449895
2025-07-07 13:00:00+00:00,backan_backancity,66.04554593348414
2025-07-07 14:00:00+00:00,backan_backancity,66.64874849249732
2025-07-07 15:00:00+00:00,bacgiang_bacgiangcity,97.56635635507767
2025-07-07 16:00:00+00:00,angiang_longxuyen,90.45423387068351
2025-07-07 17:00:00+00:00,angiang_longxuyen,88.8335881838788
2025-07-07 18:00:00+00:00,backan_backancity,67.63623545632178
2025-07-07 19:00:00+00:00,bacgiang_bacgiangcity,98.66762856056705
2025-07-07 20:00:00+00:00,bacgiang_bacgiangcity,100.46903284444485
2025-07-07 21:00:00+00:00,angiang_longxuyen,87.26892260026017
2025-07-07 22:00:00+00:00,backan_backancity,68.82162487151396
2025-07-07 23:00:00+00:00,angiang_longxuyen,85.48123806253514
2025-07-08 00:00:00+00:00,backan_backancity,69.85992349596265
2025-07-08 01:00:00+00:00,bacgiang_bacgiangcity,102.68438119611666
2025-07-08 02:00:00+00:00,bacgiang_bacgiangcity,104.78364223900518
2025-07-08 03:00:00+00:00,angiang_longxuyen,83.35515862516917
2025-07-08 04:00:00+00:00,backan_backancity,70.46429292981745
2025-07-08 05:00:00+00:00,bacgiang_bacgiangcity,106.25128273249277
2025-07-08 06:00:00+00:00,backan_backancity,70.48773802781369
2025-07-08 07:00:00+00:00,angiang_longxuyen,81.09422862721198
2025-07-08 08:00:00+00:00,angiang_longxuyen,79.07389004895774
2025-07-08 09:00:00+00:00,bacgiang_bacgiangcity,107.10069364139879
2025-07-08 10:00:00+00:00,backan_backancity,69.88869604712929
2025-07-08 11:00:00+00:00,backan_backancity,68.84021117918604
2025-07-08 12:00:00+00:00,bacgiang_bacgiangcity,107.54759751481005
2025-07-08 13:00:00+00:00,angiang_longxuyen,77.5643007187503
2025-07-08 14:00:00+00:00,backan_backancity,67.5701396481818
2025-07-08 15:00:00+00:00,angiang_longxuyen,76.40309048060435
2025-07-08 16:00:00+00:00,bacgiang_bacgiangcity,107.87977695278816
2025-07-08 17:00:00+00:00,backan_backancity,66.3412387135365
2025-07-08 18:00:00+00:00,angiang_longxuyen,75.42026145159852
2025-07-08 19:00:00+00:00,bacgiang_bacgiangcity,108.2549600925053
2025-07-08 20:00:00+00:00,backan_backancity,65.2380159380634
2025-07-08 21:00:00+00:00,bacgiang_bacgiangcity,108.61769019087978
2025-07-08 22:00:00+00:00,angiang_longxuyen,74.64704427170518
2025-07-08 23:00:00+00:00,bacgiang_bacgiangcity,108.8709199650406
2025-07-09 00:00:00+00:00,angiang_longxuyen,74.04440123874312
2025-07-09 01:00:00+00:00,backan_backancity,64.29855735142942
2025-07-09 02:00:00+00:00,bacgiang_bacgiangcity,108.85043748575086
2025-07-09 03:00:00+00:00,backan_backancity,63.48526471590964
2025-07-09 04:00:00+00:00,angiang_longxuyen,73.50938673271916
2025-07-09 05:00:00+00:00,bacgiang_bacgiangcity,108.3606304130764
2025-07-09 06:00:00+00:00,backan_backancity,62.887547425106916
2025-07-09 07:00:00+00:00,angiang_longxuyen,73.03342135418299
2025-07-09 08:00:00+00:00,backan_backancity,62.544280583888465
2025-07-09 09:00:00+00:00,bacgiang_bacgiangcity,107.36585167706023
2025-07-09 10:00:00+00:00,angiang_longxuyen,72.67643656016448
2025-07-09 11:00:00+00:00,backan_backancity,62.41590043993955
2025-07-09 12:00:00+00:00,bacgiang_bacgiangcity,105.93758506466732
2025-07-09 13:00:00+00:00,angiang_longxuyen,72.2602735172618
2025-07-09 14:00:00+00:00,angiang_longxuyen,71.93806302820602
2025-07-09 15:00:00+00:00,backan_backancity,62.43433132370856
2025-07-09 16:00:00+00:00,bacgiang_bacgiangcity,104.27791557416502
2025-07-09 17:00:00+00:00,bacgiang_bacgiangcity,102.56347873525891
2025-07-09 18:00:00+00:00,angiang_longxuyen,71.66271882377306
2025-07-09 19:00:00+00:00,backan_backancity,62.56133895503638
2025-07-09 20:00:00+00:00,backan_backancity,62.73245828119694
2025-07-09 21:00:00+00:00,bacgiang_bacgiangcity,100.92560699882623
2025-07-09 22:00:00+00:00,angiang_longxuyen,71.41796682574133
2025-07-09 23:00:00+00:00,backan_backancity,62.91633671423236
2025-07-10 00:00:00+00:00,angiang_longxuyen,71.22613547114187
2025-07-10 01:00:00+00:00,bacgiang_bacgiangcity,99.49408440510972
2025-07-10 02:00:00+00:00,bacgiang_bacgiangcity,97.87906805251792
2025-07-10 03:00:00+00:00,backan_backancity,62.68337302146546
2025-07-10 04:00:00+00:00,angiang_longxuyen,70.28858262067342
2025-07-10 05:00:00+00:00,angiang_longxuyen,69.09831289492436
2025-07-10 06:00:00+00:00,backan_backancity,62.2391619418982
2025-07-10 07:00:00+00:00,bacgiang_bacgiangcity,96.22532962782502
2025-07-10 08:00:00+00:00,backan_backancity,61.865738081207155
2025-07-10 09:00:00+00:00,bacgiang_bacgiangcity,94.52279646654256
2025-07-10 10:00:00+00:00,angiang_longxuyen,67.76254009338027
2025-07-10 11:00:00+00:00,bacgiang_bacgiangcity,93.00485130819153
2025-07-10 12:00:00+00:00,backan_backancity,61.946453300785095
2025-07-10 13:00:00+00:00,angiang_longxuyen,66.61744372727885
2025-07-10 14:00:00+00:00,backan_backancity,62.60766962497779
2025-07-10 15:00:00+00:00,angiang_longxuyen,65.92986511798583
2025-07-10 16:00:00+00:00,bacgiang_bacgiangcity,91.91885547902277
2025-07-10 17:00:00+00:00,bacgiang_bacgiangcity,91.53644931230184
2025-07-10 18:00:00+00:00,angiang_longxuyen,65.93801889505541
2025-07-10 19:00:00+00:00,backan_backancity,63.55474637399993
2025-07-10 20:00:00+00:00,backan_backancity,64.3160987322454
2025-07-10 21:00:00+00:00,bacgiang_bacgiangcity,91.8663903471834
2025-07-10 22:00:00+00:00,angiang_longxuyen,66.54448774717036
2025-07-10 23:00:00+00:00,angiang_longxuyen,67.69949059374076
2025-07-11 00:00:00+00:00,backan_backancity,64.64198200768793
2025-07-11 01:00:00+00:00,bacgiang_bacgiangcity,92.65643156680154
2025-07-11 02:00:00+00:00,backan_backancity,64.39822950490989
2025-07-11 03:00:00+00:00,angiang_longxuyen,68.9476473544099
2025-07-11 04:00:00+00:00,bacgiang_bacgiangcity,93.69747999876637
2025-07-11 05:00:00+00:00,backan_backancity,63.5970121110914
2025-07-11 06:00:00+00:00,bacgiang_bacgiangcity,94.45967762393092
2025-07-11 07:00:00+00:00,angiang_longxuyen,70.09119665489136
2025-07-11 08:00:00+00:00,bacgiang_bacgiangcity,94.81383489848173
2025-07-11 09:00:00+00:00,angiang_longxuyen,71.06928884155853
2025-07-11 10:00:00+00:00,backan_backancity,62.28983491657813
2025-07-11 11:00:00+00:00,backan_backancity,60.78595801259333
2025-07-11 12:00:00+00:00,bacgiang_bacgiangcity,95.56868814644123
2025-07-11 13:00:00+00:00,angiang_longxuyen,72.05812918890834
2025-07-11 14:00:00+00:00,angiang_longxuyen,73.63863964166234
2025-07-11 15:00:00+00:00,backan_backancity,59.17932438843606
2025-07-11 16:00:00+00:00,bacgiang_bacgiangcity,96.7139130361548
2025-07-11 17:00:00+00:00,angiang_longxuyen,75.51395098037867
2025-07-11 18:00:00+00:00,bacgiang_bacgiangcity,97.45201995634105
2025-07-11 19:00:00+00:00,backan_backancity,57.73462812447242
2025-07-11 20:00:00+00:00,backan_backancity,56.5721242812254
2025-07-11 21:00:00+00:00,bacgiang_bacgiangcity,97.19080498026707
2025-07-11 22:00:00+00:00,angiang_longxuyen,77.4508269226758
2025-07-11 23:00:00+00:00,bacgiang_bacgiangcity,95.84722810543533
2025-07-12 00:00:00+00:00,angiang_longxuyen,79.04170534533412
2025-07-12 01:00:00+00:00,backan_backancity,55.68000064206047
2025-07-12 02:00:00+00:00,angiang_longxuyen,80.06460504769245
2025-07-12 03:00:00+00:00,bacgiang_bacgiangcity,93.69693481953708
2025-07-12 04:00:00+00:00,backan_backancity,54.99040630430127
2025-07-12 05:00:00+00:00,backan_backancity,54.38380354851597
2025-07-12 06:00:00+00:00,angiang_longxuyen,80.53219188228383
2025-07-12 07:00:00+00:00,bacgiang_bacgiangcity,91.1230026009977
2025-07-12 08:00:00+00:00,angiang_longxuyen,80.39278859690066
2025-07-12 09:00:00+00:00,backan_backancity,53.79409178429065
2025-07-12 10:00:00+00:00,bacgiang_bacgiangcity,88.31149179533826
2025-07-12 11:00:00+00:00,angiang_longxuyen,79.87450009398572
2025-07-12 12:00:00+00:00,backan_backancity,53.17494034168389
2025-07-12 13:00:00+00:00,bacgiang_bacgiangcity,85.50136426241627
2025-07-12 14:00:00+00:00,bacgiang_bacgiangcity,82.73661931362687
2025-07-12 15:00:00+00:00,angiang_longxuyen,79.07134109694714
2025-07-12 16:00:00+00:00,backan_backancity,52.573674603616865
2025-07-12 17:00:00+00:00,backan_backancity,51.913749493388266
2025-07-12 18:00:00+00:00,bacgiang_bacgiangcity,80.11441243078905
2025-07-12 19:00:00+00:00,angiang_longxuyen,78.05033517506948
2025-07-12 20:00:00+00:00,angiang_longxuyen,77.07100677058853
2025-07-12 21:00:00+00:00,backan_backancity,51.26177252244978
2025-07-12 22:00:00+00:00,bacgiang_bacgiangcity,77.7038546457626
2025-07-12 23:00:00+00:00,bacgiang_bacgiangcity,75.62921573804411
2025-07-13 00:00:00+00:00,angiang_longxuyen,76.21002051705412
2025-07-13 01:00:00+00:00,backan_backancity,50.601861759043004
2025-07-13 02:00:00+00:00,bacgiang_bacgiangcity,73.6444070640353
2025-07-13 03:00:00+00:00,backan_backancity,49.67886854158826
2025-07-13 04:00:00+00:00,angiang_longxuyen,75.14873111063359
2025-07-13 05:00:00+00:00,backan_backancity,48.708956434497345
2025-07-13 06:00:00+00:00,bacgiang_bacgiangcity,71.8005415676187
2025-07-13 07:00:00+00:00,angiang_longxuyen,74.0349347274767
2025-07-13 08:00:00+00:00,backan_backancity,47.742726678341086
2025-07-13 09:00:00+00:00,angiang_longxuyen,72.86515226329132
2025-07-13 10:00:00+00:00,bacgiang_bacgiangcity,70.06912167837923
2025-07-13 11:00:00+00:00,backan_backancity,46.98429628947364
2025-07-13 12:00:00+00:00,angiang_longxuyen,71.85632918427862
2025-07-13 13:00:00+00:00,bacgiang_bacgiangcity,68.63547724949348
2025-07-13 14:00:00+00:00,backan_backancity,46.560615511935545
2025-07-13 15:00:00+00:00,angiang_longxuyen,71.18926653019292
2025-07-13 16:00:00+00:00,bacgiang_bacgiangcity,67.57831255434715
2025-07-13 17:00:00+00:00,backan_backancity,46.51265886885416
2025-07-13 18:00:00+00:00,angiang_longxuyen,70.55841047211533
2025-07-13 19:00:00+00:00,bacgiang_bacgiangcity,66.92472395709049
2025-07-13 20:00:00+00:00,bacgiang_bacgiangcity,66.59182030350243
2025-07-13 21:00:00+00:00,angiang_longxuyen,69.94335504713914
2025-07-13 22:00:00+00:00,backan_backancity,46.8607414599313
2025-07-13 23:00:00+00:00,backan_backancity,47.44155341235223
2025-07-14 00:00:00+00:00,angiang_longxuyen,69.40209010907415
2025-07-14 01:00:00+00:00,bacgiang_bacgiangcity,66.45081973862293
2025-07-14 02:00:00+00:00,bacgiang_bacgiangcity,66.37027668090687
2025-07-14 03:00:00+00:00,backan_backancity,47.92691117690874
2025-07-14 04:00:00+00:00,angiang_longxuyen,69.09471901605762
2025-07-14 05:00:00+00:00,angiang_longxuyen,68.93131349776407
2025-07-14 06:00:00+00:00,backan_backancity,48.081196898796605
2025-07-14 07:00:00+00:00,bacgiang_bacgiangcity,66.19976470353684
2025-07-14 08:00:00+00:00,backan_backancity,47.786589694928885
2025-07-14 09:00:00+00:00,angiang_longxuyen,68.76418497920736
2025-07-14 10:00:00+00:00,bacgiang_bacgiangcity,66.46521438318565
2025-07-14 11:00:00+00:00,angiang_longxuyen,68.69688642917119
2025-07-14 12:00:00+00:00,bacgiang_bacgiangcity,68.51795286739087
2025-07-14 13:00:00+00:00,backan_backancity,47.18333453090236
2025-07-14 14:00:00+00:00,backan_backancity,46.555900189829615
2025-07-14 15:00:00+00:00,bacgiang_bacgiangcity,73.47374205389914
2025-07-14 16:00:00+00:00,angiang_longxuyen,68.79083420074416
2025-07-14 17:00:00+00:00,angiang_longxuyen,68.93066310850807
2025-07-14 18:00:00+00:00,bacgiang_bacgiangcity,80.5324931655421
2025-07-14 19:00:00+00:00,backan_backancity,46.094334238130095
2025-07-14 20:00:00+00:00,angiang_longxuyen,69.20211693308994
2025-07-14 21:00:00+00:00,bacgiang_bacgiangcity,88.33561597623415
2025-07-14 22:00:00+00:00,backan_backancity,45.79324227079823
2025-07-14 23:00:00+00:00,bacgiang_bacgiangcity,95.72389086935732
2025-07-15 00:00:00+00:00,backan_backancity,45.60694400714862
2025-07-15 01:00:00+00:00,angiang_longxuyen,69.41572915435418
2025-07-15 02:00:00+00:00,backan_backancity,45.5161094959113
2025-07-15 03:00:00+00:00,bacgiang_bacgiangcity,102.08177492688553
2025-07-15 04:00:00+00:00,angiang_longxuyen,69.43795238135849
2025-07-15 05:00:00+00:00,backan_backancity,45.50764487103555
2025-07-15 06:00:00+00:00,angiang_longxuyen,69.30059590922212
2025-07-15 07:00:00+00:00,bacgiang_bacgiangcity,106.86530907189527
2025-07-15 08:00:00+00:00,angiang_longxuyen,69.01085466908947
2025-07-15 09:00:00+00:00,bacgiang_bacgiangcity,109.82852160233075
2025-07-15 10:00:00+00:00,backan_backancity,45.55883433130112
2025-07-15 11:00:00+00:00,angiang_longxuyen,68.57921857885034
2025-07-15 12:00:00+00:00,backan_backancity,45.6541211395776
2025-07-15 13:00:00+00:00,bacgiang_bacgiangcity,111.04743714898703
2025-07-15 14:00:00+00:00,backan_backancity,45.74082854840374
2025-07-15 15:00:00+00:00,angiang_longxuyen,68.05404599259717
2025-07-15 16:00:00+00:00,bacgiang_bacgiangcity,110.73487639206803
2025-07-15 17:00:00+00:00,angiang_longxuyen,67.62967895874853
2025-07-15 18:00:00+00:00,backan_backancity,45.79026769640687
2025-07-15 19:00:00+00:00,bacgiang_bacgiangcity,109.19895376929604
2025-07-15 20:00:00+00:00,backan_backancity,45.80718738161049
2025-07-15 21:00:00+00:00,angiang_longxuyen,67.37134769386105
2025-07-15 22:00:00+00:00,bacgiang_bacgiangcity,106.80890215075996
2025-07-15 23:00:00+00:00,bacgiang_bacgiangcity,104.20841897146866
2025-07-16 00:00:00+00:00,backan_backancity,45.81576678106083
2025-07-16 01:00:00+00:00,angiang_longxuyen,67.37002539511633
2025-07-16 02:00:00+00:00,bacgiang_bacgiangcity,101.30897380482506
2025-07-16 03:00:00+00:00,angiang_longxuyen,67.06730745464449
2025-07-16 04:00:00+00:00,backan_backancity,45.52660180493808
2025-07-16 05:00:00+00:00,bacgiang_bacgiangcity,98.58568429658625
2025-07-16 06:00:00+00:00,backan_backancity,45.05045948226608
2025-07-16 07:00:00+00:00,angiang_longxuyen,66.43734807293085
2025-07-16 08:00:00+00:00,angiang_longxuyen,65.61220018031108
2025-07-16 09:00:00+00:00,bacgiang_bacgiangcity,96.00472572205891
2025-07-16 10:00:00+00:00,backan_backancity,44.499890630248686
2025-07-16 11:00:00+00:00,bacgiang_bacgiangcity,93.84052857246112
2025-07-16 12:00:00+00:00,backan_backancity,44.034427125287166
2025-07-16 13:00:00+00:00,angiang_longxuyen,64.63468903992775
2025-07-16 14:00:00+00:00,angiang_longxuyen,63.58289005614333
2025-07-16 15:00:00+00:00,bacgiang_bacgiangcity,92.36387117618061
2025-07-16 16:00:00+00:00,backan_backancity,43.790995034863194
2025-07-16 17:00:00+00:00,angiang_longxuyen,62.491819038754564
2025-07-16 18:00:00+00:00,backan_backancity,43.89785972835109
2025-07-16 19:00:00+00:00,bacgiang_bacgiangcity,91.77269484056083
2025-07-16 20:00:00+00:00,bacgiang_bacgiangcity,91.91181716734994
2025-07-16 21:00:00+00:00,angiang_longxuyen,61.457322322089055
2025-07-16 22:00:00+00:00,backan_backancity,44.33202803264202
2025-07-16 23:00:00+00:00,bacgiang_bacgiangcity,92.499562221417
2025-07-17 00:00:00+00:00,backan_backancity,44.98815601736139
2025-07-17 01:00:00+00:00,angiang_longxuyen,60.40391171198648
2025-07-17 02:00:00+00:00,bacgiang_bacgiangcity,93.23812465319611
2025-07-17 03:00:00+00:00,angiang_longxuyen,59.448279474883705
2025-07-17 04:00:00+00:00,backan_backancity,45.66151931736449
2025-07-17 05:00:00+00:00,bacgiang_bacgiangcity,93.72813198359187
2025-07-17 06:00:00+00:00,angiang_longxuyen,58.83153351606933
2025-07-17 07:00:00+00:00,backan_backancity,46.111493037030776
2025-07-17 08:00:00+00:00,bacgiang_bacgiangcity,93.95411236083626
2025-07-17 09:00:00+00:00,angiang_longxuyen,58.567394179480374
2025-07-17 10:00:00+00:00,backan_backancity,46.19270561309859
2025-07-17 11:00:00+00:00,bacgiang_bacgiangcity,94.61064803440911
2025-07-17 12:00:00+00:00,angiang_longxuyen,58.72468316940326
2025-07-17 13:00:00+00:00,backan_backancity,45.94504121023673
2025-07-17 14:00:00+00:00,backan_backancity,45.79553298001602
2025-07-17 15:00:00+00:00,angiang_longxuyen,58.347667820982444
2025-07-17 16:00:00+00:00,bacgiang_bacgiangcity,96.7906207101701
2025-07-17 17:00:00+00:00,backan_backancity,45.95332410870272
2025-07-17 18:00:00+00:00,angiang_longxuyen,57.762613991575755
2025-07-17 19:00:00+00:00,bacgiang_bacgiangcity,100.21283626708782
2025-07-17 20:00:00+00:00,backan_backancity,46.56302099572792
2025-07-17 21:00:00+00:00,angiang_longxuyen,57.09541982495668
2025-07-17 22:00:00+00:00,bacgiang_bacgiangcity,104.11039311579242
2025-07-17 23:00:00+00:00,angiang_longxuyen,56.42837869110372
2025-07-18 00:00:00+00:00,backan_backancity,47.65503412108308
2025-07-18 01:00:00+00:00,bacgiang_bacgiangcity,107.97159362353614
2025-07-18 02:00:00+00:00,bacgiang_bacgiangcity,111.350022381357
2025-07-18 03:00:00+00:00,angiang_longxuyen,55.739176499807684
2025-07-18 04:00:00+00:00,backan_backancity,49.091280106992784
2025-07-18 05:00:00+00:00,angiang_longxuyen,55.02125197122138
2025-07-18 06:00:00+00:00,backan_backancity,50.558783035381545
2025-07-18 07:00:00+00:00,bacgiang_bacgiangcity,113.73638604473115
2025-07-18 08:00:00+00:00,angiang_longxuyen,54.20638118530104
2025-07-18 09:00:00+00:00,bacgiang_bacgiangcity,114.89130221258637
2025-07-18 10:00:00+00:00,backan_backancity,51.87301408395795
2025-07-18 11:00:00+00:00,angiang_longxuyen,53.25252795410435
2025-07-18 12:00:00+00:00,backan_backancity,52.97951749935465
2025-07-18 13:00:00+00:00,bacgiang_bacgiangcity,114.82403594289929
2025-07-18 14:00:00+00:00,angiang_longxuyen,52.22719885658394
2025-07-18 15:00:00+00:00,backan_backancity,53.85428626638731
2025-07-18 16:00:00+00:00,bacgiang_bacgiangcity,113.70552483542072
2025-07-18 17:00:00+00:00,bacgiang_bacgiangcity,111.7884929388422
2025-07-18 18:00:00+00:00,angiang_longxuyen,51.108577159020484
2025-07-18 19:00:00+00:00,backan_backancity,54.479028187231215
2025-07-18 20:00:00+00:00,angiang_longxuyen,49.938039095552405
2025-07-18 21:00:00+00:00,backan_backancity,54.918863486142364
2025-07-18 22:00:00+00:00,bacgiang_bacgiangcity,109.58569177953123
2025-07-18 23:00:00+00:00,backan_backancity,55.23597607117692
2025-07-19 00:00:00+00:00,bacgiang_bacgiangcity,107.80834412692991
2025-07-19 01:00:00+00:00,angiang_longxuyen,48.89419303333204
2025-07-19 02:00:00+00:00,angiang_longxuyen,48.19062489111693
2025-07-19 03:00:00+00:00,bacgiang_bacgiangcity,107.06656344895751
2025-07-19 04:00:00+00:00,backan_backancity,55.79136545532695
2025-07-19 05:00:00+00:00,backan_backancity,56.39209079643862
2025-07-19 06:00:00+00:00,bacgiang_bacgiangcity,106.83092781007207
2025-07-19 07:00:00+00:00,angiang_longxuyen,47.73833176858921
2025-07-19 08:00:00+00:00,backan_backancity,57.27687364510396
2025-07-19 09:00:00+00:00,angiang_longxuyen,47.72865244613242
2025-07-19 10:00:00+00:00,bacgiang_bacgiangcity,107.10983167022388
2025-07-19 11:00:00+00:00,angiang_longxuyen,48.17732538728672
2025-07-19 12:00:00+00:00,bacgiang_bacgiangcity,108.3955135147713
2025-07-19 13:00:00+00:00,backan_backancity,58.85098302418779
2025-07-19 14:00:00+00:00,bacgiang_bacgiangcity,111.02021644571427
2025-07-19 15:00:00+00:00,angiang_longxuyen,48.799432275189076
2025-07-19 16:00:00+00:00,backan_backancity,61.31819640859448
2025-07-19 17:00:00+00:00,bacgiang_bacgiangcity,115.01138451346323
2025-07-19 18:00:00+00:00,angiang_longxuyen,49.25466649619058
2025-07-19 19:00:00+00:00,backan_backancity,64.4506432273044
2025-07-19 20:00:00+00:00,angiang_longxuyen,49.52662485067324
2025-07-19 21:00:00+00:00,bacgiang_bacgiangcity,120.02127735841994
2025-07-19 22:00:00+00:00,backan_backancity,67.55084078169247
2025-07-19 23:00:00+00:00,bacgiang_bacgiangcity,125.4075620628324
2025-07-20 00:00:00+00:00,backan_backancity,70.19883607675771
2025-07-20 01:00:00+00:00,angiang_longxuyen,49.82816635175556
2025-07-20 02:00:00+00:00,angiang_longxuyen,50.18912282428215
2025-07-20 03:00:00+00:00,bacgiang_bacgiangcity,130.57650795901202
2025-07-20 04:00:00+00:00,backan_backancity,72.20250364805327
2025-07-20 05:00:00+00:00,angiang_longxuyen,50.63475902148385
2025-07-20 06:00:00+00:00,bacgiang_bacgiangcity,135.14691281770254
2025-07-20 07:00:00+00:00,backan_backancity,73.49675196496676
2025-07-20 08:00:00+00:00,backan_backancity,74.27093994647015
2025-07-20 09:00:00+00:00,angiang_longxuyen,51.281375063334366
2025-07-20 10:00:00+00:00,bacgiang_bacgiangcity,138.6941645135159
2025-07-20 11:00:00+00:00,angiang_longxuyen,52.08852725911377
2025-07-20 12:00:00+00:00,bacgiang_bacgiangcity,141.39459505120834
2025-07-20 13:00:00+00:00,backan_backancity,74.81359413511501
2025-07-20 14:00:00+00:00,bacgiang_bacgiangcity,142.73540119607546
2025-07-20 15:00:00+00:00,angiang_longxuyen,53.50399904702333
2025-07-20 16:00:00+00:00,backan_backancity,74.40706020079274
2025-07-20 17:00:00+00:00,backan_backancity,73.81542835358006
2025-07-20 18:00:00+00:00,bacgiang_bacgiangcity,144.44840215723076
2025-07-20 19:00:00+00:00,angiang_longxuyen,54.91796441864144
2025-07-20 20:00:00+00:00,backan_backancity,73.42374816211886
2025-07-20 21:00:00+00:00,bacgiang_bacgiangcity,146.40810628418575
2025-07-20 22:00:00+00:00,angiang_longxuyen,56.17857182951625
2025-07-20 23:00:00+00:00,angiang_longxuyen,57.169425514195254
2025-07-21 00:00:00+00:00,backan_backancity,73.35478538075117
2025-07-21 01:00:00+00:00,bacgiang_bacgiangcity,148.64017525890839
2025-07-21 02:00:00+00:00,backan_backancity,73.52834127548473
2025-07-21 03:00:00+00:00,angiang_longxuyen,57.89891836344508
2025-07-21 04:00:00+00:00,bacgiang_bacgiangcity,150.91374958916586
2025-07-21 05:00:00+00:00,backan_backancity,73.83245803108433
2025-07-21 06:00:00+00:00,angiang_longxuyen,58.3044743227464
2025-07-21 07:00:00+00:00,bacgiang_bacgiangcity,152.94056814861028
2025-07-21 08:00:00+00:00,angiang_longxuyen,58.53809796931717
2025-07-21 09:00:00+00:00,bacgiang_bacgiangcity,154.4495764325339
2025-07-21 10:00:00+00:00,backan_backancity,74.1493673694764
2025-07-21 11:00:00+00:00,angiang_longxuyen,58.736710588365135
2025-07-21 12:00:00+00:00,bacgiang_bacgiangcity,155.34932301636093
2025-07-21 13:00:00+00:00,backan_backancity,74.35757562118718
2025-07-21 14:00:00+00:00,backan_backancity,74.38308187925205
2025-07-21 15:00:00+00:00,angiang_longxuyen,59.06176174814192
2025-07-21 16:00:00+00:00,bacgiang_bacgiangcity,155.7006097309786
2025-07-21 17:00:00+00:00,bacgiang_bacgiangcity,155.81726852149788
2025-07-21 18:00:00+00:00,backan_backancity,74.22570202612428
2025-07-21 19:00:00+00:00,angiang_longxuyen,59.58169057101866
2025-07-21 20:00:00+00:00,angiang_longxuyen,60.373874249362416
2025-07-21 21:00:00+00:00,backan_backancity,74.06584495509503
2025-07-21 22:00:00+00:00,bacgiang_bacgiangcity,155.89473179479586
2025-07-21 23:00:00+00:00,bacgiang_bacgiangcity,155.9690005091012
2025-07-22 00:00:00+00:00,backan_backancity,74.07283424845994
2025-07-22 01:00:00+00:00,angiang_longxuyen,61.368491583633066
2025-07-22 02:00:00+00:00,angiang_longxuyen,61.581135394424216
2025-07-22 03:00:00+00:00,bacgiang_bacgiangcity,155.44262039867792
2025-07-22 04:00:00+00:00,backan_backancity,73.87519960443294
2025-07-22 05:00:00+00:00,backan_backancity,73.68548918832636
2025-07-22 06:00:00+00:00,angiang_longxuyen,61.36741557199631
2025-07-22 07:00:00+00:00,bacgiang_bacgiangcity,154.27991091765142
2025-07-22 08:00:00+00:00,backan_backancity,73.64507658238705
2025-07-22 09:00:00+00:00,angiang_longxuyen,60.861800095025295
2025-07-22 10:00:00+00:00,bacgiang_bacgiangcity,152.60280570469803
2025-07-22 11:00:00+00:00,backan_backancity,73.77923371325682
2025-07-22 12:00:00+00:00,angiang_longxuyen,60.351177577237934
2025-07-22 13:00:00+00:00,bacgiang_bacgiangcity,150.7564653815169
2025-07-22 14:00:00+00:00,bacgiang_bacgiangcity,148.8889443670506
2025-07-22 15:00:00+00:00,backan_backancity,73.99288419271258
2025-07-22 16:00:00+00:00,angiang_longxuyen,60.10726725941985
2025-07-22 17:00:00+00:00,angiang_longxuyen,60.33704595774198
2025-07-22 18:00:00+00:00,backan_backancity,74.06088095474416
2025-07-22 19:00:00+00:00,bacgiang_bacgiangcity,147.1363127017454
2025-07-22 20:00:00+00:00,bacgiang_bacgiangcity,145.50334787726842
2025-07-22 21:00:00+00:00,angiang_longxuyen,61.047777946320856
2025-07-22 22:00:00+00:00,backan_backancity,73.79675118270308
2025-07-22 23:00:00+00:00,bacgiang_bacgiangcity,143.89021753396216
2025-07-23 00:00:00+00:00,angiang_longxuyen,61.95627609146012
2025-07-23 01:00:00+00:00,backan_backancity,73.21658005499026
2025-07-23 02:00:00+00:00,backan_backancity,72.29812521550562
2025-07-23 03:00:00+00:00,angiang_longxuyen,62.79151936436956
2025-07-23 04:00:00+00:00,bacgiang_bacgiangcity,142.07569607044815
2025-07-23 05:00:00+00:00,backan_backancity,71.10941929333529
2025-07-23 06:00:00+00:00,angiang_longxuyen,63.42895822252709
2025-07-23 07:00:00+00:00,bacgiang_bacgiangcity,140.1100523592583
2025-07-23 08:00:00+00:00,backan_backancity,69.79097027914284
2025-07-23 09:00:00+00:00,bacgiang_bacgiangcity,138.06695493931835
2025-07-23 10:00:00+00:00,angiang_longxuyen,63.92277582968541
2025-07-23 11:00:00+00:00,backan_backancity,68.45076191851837
2025-07-23 12:00:00+00:00,angiang_longxuyen,64.54528921087277
2025-07-23 13:00:00+00:00,bacgiang_bacgiangcity,135.92071821729064
2025-07-23 14:00:00+00:00,bacgiang_bacgiangcity,133.70595629196086
2025-07-23 15:00:00+00:00,angiang_longxuyen,65.49386281163848
2025-07-23 16:00:00+00:00,backan_backancity,67.56185196744187
2025-07-23 17:00:00+00:00,angiang_longxuyen,66.78671709569815
2025-07-23 18:00:00+00:00,backan_backancity,67.06516499591888
2025-07-23 19:00:00+00:00,bacgiang_bacgiangcity,131.27032743579818
2025-07-23 20:00:00+00:00,angiang_longxuyen,68.45465947178036
2025-07-23 21:00:00+00:00,backan_backancity,66.95258070279743
2025-07-23 22:00:00+00:00,bacgiang_bacgiangcity,128.63735087204498
2025-07-23 23:00:00+00:00,backan_backancity,67.14387405157854
2025-07-24 00:00:00+00:00,bacgiang_bacgiangcity,125.81891892042427
2025-07-24 01:00:00+00:00,angiang_longxuyen,70.43658682573965
2025-07-24 02:00:00+00:00,bacgiang_bacgiangcity,122.70362611834109
2025-07-24 03:00:00+00:00,backan_backancity,67.63127623824485
2025-07-24 04:00:00+00:00,angiang_longxuyen,72.56456960813419
2025-07-24 05:00:00+00:00,backan_backancity,68.41158074811891
2025-07-24 06:00:00+00:00,bacgiang_bacgiangcity,119.30668846590756
2025-07-24 07:00:00+00:00,angiang_longxuyen,74.6167963890277
2025-07-24 08:00:00+00:00,bacgiang_bacgiangcity,115.67875323308115
2025-07-24 09:00:00+00:00,backan_backancity,69.44848773085073
2025-07-24 10:00:00+00:00,angiang_longxuyen,76.54375628630795
2025-07-24 11:00:00+00:00,backan_backancity,70.64684906410815
2025-07-24 12:00:00+00:00,angiang_longxuyen,78.26734520196885
2025-07-24 13:00:00+00:00,bacgiang_bacgiangcity,111.9190657553931
2025-07-24 14:00:00+00:00,bacgiang_bacgiangcity,108.14210380755344
2025-07-24 15:00:00+00:00,angiang_longxuyen,79.86349608164724
2025-07-24 16:00:00+00:00,backan_backancity,72.02323532709707
2025-07-24 17:00:00+00:00,bacgiang_bacgiangcity,104.53153420697566
2025-07-24 18:00:00+00:00,angiang_longxuyen,81.25689050190769
2025-07-24 19:00:00+00:00,backan_backancity,73.46786463922552
2025-07-24 20:00:00+00:00,bacgiang_bacgiangcity,101.29485832550365
2025-07-24 21:00:00+00:00,backan_backancity,74.91535853344472
2025-07-24 22:00:00+00:00,angiang_longxuyen,82.38768547778822
2025-07-24 23:00:00+00:00,bacgiang_bacgiangcity,98.6263724810614
2025-07-25 00:00:00+00:00,backan_backancity,76.21033614713424
2025-07-25 01:00:00+00:00,angiang_longxuyen,83.290296643706
2025-07-25 02:00:00+00:00,bacgiang_bacgiangcity,96.45844276665258
2025-07-25 03:00:00+00:00,backan_backancity,77.11166088136184
2025-07-25 04:00:00+00:00,angiang_longxuyen,83.33463310541396
2025-07-25 05:00:00+00:00,bacgiang_bacgiangcity,94.95115072128961
2025-07-25 06:00:00+00:00,backan_backancity,77.71746977967292
2025-07-25 07:00:00+00:00,angiang_longxuyen,82.4815997734436
2025-07-25 08:00:00+00:00,bacgiang_bacgiangcity,93.9778192883308
2025-07-25 09:00:00+00:00,backan_backancity,78.04830988205542
2025-07-25 10:00:00+00:00,angiang_longxuyen,80.99155559683346
2025-07-25 11:00:00+00:00,backan_backancity,78.1364017591875
2025-07-25 12:00:00+00:00,angiang_longxuyen,79.4359775292714
2025-07-25 13:00:00+00:00,bacgiang_bacgiangcity,93.32588177115232
2025-07-25 14:00:00+00:00,angiang_longxuyen,78.3908187328542
2025-07-25 15:00:00+00:00,backan_backancity,78.12725805141213
2025-07-25 16:00:00+00:00,bacgiang_bacgiangcity,92.78864231217727
2025-07-25 17:00:00+00:00,bacgiang_bacgiangcity,92.14539657788677
2025-07-25 18:00:00+00:00,backan_backancity,77.96504810160384
2025-07-25 19:00:00+00:00,angiang_longxuyen,78.17353133406624
2025-07-25 20:00:00+00:00,backan_backancity,77.67691609665238
2025-07-25 21:00:00+00:00,angiang_longxuyen,78.71117848189476
2025-07-25 22:00:00+00:00,bacgiang_bacgiangcity,91.3550086434079
2025-07-25 23:00:00+00:00,bacgiang_bacgiangcity,90.40478515813251
2025-07-26 00:00:00+00:00,backan_backancity,77.33989490520099
2025-07-26 01:00:00+00:00,angiang_longxuyen,79.41096384542246
2025-07-26 02:00:00+00:00,angiang_longxuyen,79.65173220926124
2025-07-26 03:00:00+00:00,bacgiang_bacgiangcity,89.32121872412583
2025-07-26 04:00:00+00:00,backan_backancity,76.8993327006508
2025-07-26 05:00:00+00:00,angiang_longxuyen,79.42799830520067
2025-07-26 06:00:00+00:00,bacgiang_bacgiangcity,88.09073844351147
2025-07-26 07:00:00+00:00,backan_backancity,76.33589953173185
2025-07-26 08:00:00+00:00,angiang_longxuyen,78.85947918794534
2025-07-26 09:00:00+00:00,bacgiang_bacgiangcity,86.81575671273819
2025-07-26 10:00:00+00:00,backan_backancity,75.67532164111029
2025-07-26 11:00:00+00:00,bacgiang_bacgiangcity,85.62598314791052
2025-07-26 12:00:00+00:00,angiang_longxuyen,78.4862992232253
2025-07-26 13:00:00+00:00,backan_backancity,74.75465499992788
2025-07-26 14:00:00+00:00,bacgiang_bacgiangcity,84.54520836631696
2025-07-26 15:00:00+00:00,angiang_longxuyen,78.71222101761393
2025-07-26 16:00:00+00:00,backan_backancity,73.78323169427159
2025-07-26 17:00:00+00:00,bacgiang_bacgiangcity,83.49912419989215
2025-07-26 18:00:00+00:00,backan_backancity,72.72551703762201
2025-07-26 19:00:00+00:00,angiang_longxuyen,79.3056318707327
2025-07-26 22:00:00+00:00,angiang_longxuyen,80.23198463563106
2025-07-26 23:00:00+00:00,bacgiang_bacgiangcity,82.44496277278083
2025-07-27 00:00:00+00:00,backan_backancity,71.64766422540646
2025-07-27 01:00:00+00:00,backan_backancity,70.55373579933789
2025-07-27 02:00:00+00:00,bacgiang_bacgiangcity,81.38107898274723
2025-07-27 03:00:00+00:00,angiang_longxuyen,81.2188403392953
2025-07-27 04:00:00+00:00,backan_backancity,69.42568106642561
2025-07-27 05:00:00+00:00,angiang_longxuyen,82.22865095787684
2025-07-27 06:00:00+00:00,bacgiang_bacgiangcity,80.27056802178788
2025-07-27 07:00:00+00:00,bacgiang_bacgiangcity,79.0261581727516
2025-07-27 08:00:00+00:00,angiang_longxuyen,83.00934761421405
2025-07-27 09:00:00+00:00,backan_backancity,68.2597913732283
2025-07-27 10:00:00+00:00,backan_backancity,67.12531643755008
2025-07-27 11:00:00+00:00,angiang_longxuyen,83.66920099033354
2025-07-27 12:00:00+00:00,bacgiang_bacgiangcity,77.68631326494663
2025-07-27 13:00:00+00:00,backan_backancity,65.95525181920218
2025-07-27 14:00:00+00:00,bacgiang_bacgiangcity,76.24352991055943
2025-07-27 15:00:00+00:00,angiang_longxuyen,84.26143301292582
2025-07-27 16:00:00+00:00,backan_backancity,64.84873883925758
2025-07-27 17:00:00+00:00,angiang_longxuyen,85.01784289105315
2025-07-27 18:00:00+00:00,bacgiang_bacgiangcity,74.73468661508682
2025-07-27 19:00:00+00:00,angiang_longxuyen,86.20205467128733
2025-07-27 20:00:00+00:00,backan_backancity,63.82489224665891
2025-07-27 21:00:00+00:00,bacgiang_bacgiangcity,73.30196755620867
2025-07-27 22:00:00+00:00,angiang_longxuyen,87.6053531808798
2025-07-27 23:00:00+00:00,bacgiang_bacgiangcity,72.1098136145268
2025-07-28 00:00:00+00:00,backan_backancity,62.92390705388112
2025-07-28 01:00:00+00:00,angiang_longxuyen,89.48681930615834
2025-07-28 02:00:00+00:00,bacgiang_bacgiangcity,71.25381049043904
2025-07-28 03:00:00+00:00,backan_backancity,62.11976769068462
2025-07-28 04:00:00+00:00,backan_backancity,61.23773464953542
2025-07-28 05:00:00+00:00,angiang_longxuyen,90.25817857262557
2025-07-28 06:00:00+00:00,bacgiang_bacgiangcity,70.89414762301351
2025-07-28 07:00:00+00:00,backan_backancity,60.355978980274806
2025-07-28 08:00:00+00:00,angiang_longxuyen,90.13088041815583
2025-07-28 09:00:00+00:00,bacgiang_bacgiangcity,70.77673084207457
2025-07-28 10:00:00+00:00,backan_backancity,59.46173201148003
2025-07-28 11:00:00+00:00,bacgiang_bacgiangcity,70.77978671512294
2025-07-28 12:00:00+00:00,angiang_longxuyen,89.38660675572253
2025-07-28 13:00:00+00:00,backan_backancity,58.60457635937245
2025-07-28 14:00:00+00:00,angiang_longxuyen,88.65836207997133
2025-07-28 15:00:00+00:00,bacgiang_bacgiangcity,70.6842368817797
2025-07-28 16:00:00+00:00,bacgiang_bacgiangcity,70.42043708664056
2025-07-28 17:00:00+00:00,angiang_longxuyen,88.24353329149821
2025-07-28 18:00:00+00:00,backan_backancity,57.74945317368984
2025-07-28 19:00:00+00:00,angiang_longxuyen,88.38465580436319
2025-07-28 20:00:00+00:00,backan_backancity,56.94283659259184
2025-07-28 21:00:00+00:00,bacgiang_bacgiangcity,70.06829912726135
2025-07-28 22:00:00+00:00,bacgiang_bacgiangcity,69.68044953722698
2025-07-28 23:00:00+00:00,backan_backancity,56.16954289631545
2025-07-29 00:00:00+00:00,angiang_longxuyen,88.87791029876495
2025-07-29 01:00:00+00:00,angiang_longxuyen,89.11729180316081
2025-07-29 02:00:00+00:00,bacgiang_bacgiangcity,69.27693321776154
2025-07-29 03:00:00+00:00,backan_backancity,55.36408362551119
2025-07-29 04:00:00+00:00,angiang_longxuyen,88.50994899048312
2025-07-29 05:00:00+00:00,bacgiang_bacgiangcity,68.92677751093093
2025-07-29 06:00:00+00:00,backan_backancity,54.53549727792777
2025-07-29 07:00:00+00:00,angiang_longxuyen,87.23718025697609
2025-07-29 08:00:00+00:00,backan_backancity,53.72604002610875
2025-07-29 09:00:00+00:00,bacgiang_bacgiangcity,68.6894069527273
2025-07-29 10:00:00+00:00,backan_backancity,52.95468793305245
2025-07-29 11:00:00+00:00,angiang_longxuyen,85.56334970610389
2025-07-29 12:00:00+00:00,bacgiang_bacgiangcity,68.6314075343696
2025-07-29 13:00:00+00:00,angiang_longxuyen,84.15197632696186
2025-07-29 14:00:00+00:00,backan_backancity,52.26963675553729
2025-07-29 15:00:00+00:00,bacgiang_bacgiangcity,68.84575861695774
2025-07-29 16:00:00+00:00,bacgiang_bacgiangcity,68.9132365022667
2025-07-29 17:00:00+00:00,angiang_longxuyen,83.26302811769382
2025-07-29 18:00:00+00:00,backan_backancity,51.731607025793465
2025-07-29 19:00:00+00:00,angiang_longxuyen,82.82759011967153
2025-07-29 20:00:00+00:00,backan_backancity,51.35692064478197
2025-07-29 21:00:00+00:00,bacgiang_bacgiangcity,68.82516614536735
2025-07-29 22:00:00+00:00,backan_backancity,51.05163940547771
2025-07-29 23:00:00+00:00,bacgiang_bacgiangcity,68.5109922676696
2025-07-30 00:00:00+00:00,angiang_longxuyen,82.60213459699214
2025-07-30 01:00:00+00:00,angiang_longxuyen,82.55278870333088
2025-07-30 02:00:00+00:00,backan_backancity,50.820129523988896
2025-07-30 03:00:00+00:00,bacgiang_bacgiangcity,68.04476599001447
2025-07-30 04:00:00+00:00,angiang_longxuyen,82.54661000539897
2025-07-30 05:00:00+00:00,backan_backancity,50.70357116122239
2025-07-30 06:00:00+00:00,bacgiang_bacgiangcity,67.49880007666539
2025-07-30 07:00:00+00:00,bacgiang_bacgiangcity,66.93647400416378
2025-07-30 08:00:00+00:00,backan_backancity,50.67964544469505
2025-07-30 09:00:00+00:00,angiang_longxuyen,82.5860781122349
2025-07-30 10:00:00+00:00,backan_backancity,50.708716887983016
2025-07-30 11:00:00+00:00,angiang_longxuyen,82.7219377326277
2025-07-30 12:00:00+00:00,bacgiang_bacgiangcity,66.37538654061294
2025-07-30 13:00:00+00:00,backan_backancity,50.730901856795796
2025-07-30 14:00:00+00:00,bacgiang_bacgiangcity,65.9057265902681
2025-07-30 15:00:00+00:00,angiang_longxuyen,83.12146802676322
2025-07-30 16:00:00+00:00,backan_backancity,50.71124671089786
2025-07-30 17:00:00+00:00,bacgiang_bacgiangcity,65.54213986707391
2025-07-30 18:00:00+00:00,angiang_longxuyen,83.80509169550696
2025-07-30 19:00:00+00:00,bacgiang_bacgiangcity,65.31816684931628
2025-07-30 20:00:00+00:00,angiang_longxuyen,84.78583804421145
2025-07-30 21:00:00+00:00,backan_backancity,50.67995151022728
2025-07-30 22:00:00+00:00,bacgiang_bacgiangcity,65.31801859882411
2025-07-30 23:00:00+00:00,angiang_longxuyen,85.71532319854123
2025-07-31 00:00:00+00:00,backan_backancity,50.64843632495541
2025-07-31 01:00:00+00:00,angiang_longxuyen,86.85076534912403
2025-07-31 02:00:00+00:00,backan_backancity,50.65137264115525
2025-07-31 03:00:00+00:00,bacgiang_bacgiangcity,65.52015097149271
2025-07-31 04:00:00+00:00,backan_backancity,50.470808323961016
2025-07-31 05:00:00+00:00,angiang_longxuyen,88.19723370633741
2025-07-31 06:00:00+00:00,bacgiang_bacgiangcity,65.50364256184804
2025-07-31 07:00:00+00:00,bacgiang_bacgiangcity,65.38130721216066
2025-07-31 08:00:00+00:00,backan_backancity,50.18625824219143
2025-07-31 09:00:00+00:00,angiang_longxuyen,88.62131260818111
2025-07-31 10:00:00+00:00,bacgiang_bacgiangcity,65.2372603387807
2025-07-31 11:00:00+00:00,backan_backancity,49.93157346118404
2025-07-31 12:00:00+00:00,angiang_longxuyen,87.96135999987736
2025-07-31 13:00:00+00:00,angiang_longxuyen,86.86677162000491
2025-07-31 14:00:00+00:00,backan_backancity,49.814187765025714
2025-07-31 15:00:00+00:00,bacgiang_bacgiangcity,65.0906979893077
2025-07-31 16:00:00+00:00,bacgiang_bacgiangcity,64.89367308520819
2025-07-31 17:00:00+00:00,backan_backancity,49.82290106814641
2025-07-31 18:00:00+00:00,angiang_longxuyen,85.4786436789221
2025-07-31 19:00:00+00:00,angiang_longxuyen,84.00156424696627
2025-07-31 20:00:00+00:00,backan_backancity,49.982734227805956
2025-07-31 21:00:00+00:00,bacgiang_bacgiangcity,64.69594040456539
2025-07-31 22:00:00+00:00,bacgiang_bacgiangcity,64.53558597704627
2025-07-31 23:00:00+00:00,angiang_longxuyen,82.47937362492402
2025-08-01 00:00:00+00:00,backan_backancity,50.21217816695221
2025-08-01 01:00:00+00:00,bacgiang_bacgiangcity,64.51347752461655
2025-08-01 02:00:00+00:00,backan_backancity,50.42793523807902
2025-08-01 03:00:00+00:00,angiang_longxuyen,80.98802866980189
2025-08-01 04:00:00+00:00,bacgiang_bacgiangcity,64.61298229850908
2025-08-01 05:00:00+00:00,angiang_longxuyen,79.46277500130037
2025-08-01 06:00:00+00:00,backan_backancity,50.5936123364946
2025-08-01 07:00:00+00:00,angiang_longxuyen,77.62959310486818
2025-08-01 08:00:00+00:00,bacgiang_bacgiangcity,64.78393902735564
2025-08-01 09:00:00+00:00,backan_backancity,50.73903650476961
2025-08-01 10:00:00+00:00,angiang_longxuyen,75.72365369269605
2025-08-01 11:00:00+00:00,bacgiang_bacgiangcity,65.02008771456732
2025-08-01 12:00:00+00:00,backan_backancity,50.831396561394136
2025-08-01 13:00:00+00:00,bacgiang_bacgiangcity,65.21382241419535
2025-08-01 14:00:00+00:00,backan_backancity,50.85443755724237
2025-08-01 15:00:00+00:00,angiang_longxuyen,74.2702704281184
2025-08-01 16:00:00+00:00,backan_backancity,51.03525533495549
2025-08-01 17:00:00+00:00,bacgiang_bacgiangcity,65.62757519103172
2025-08-01 18:00:00+00:00,angiang_longxuyen,72.80269098334657
2025-08-01 19:00:00+00:00,backan_backancity,51.24382943062276
2025-08-01 20:00:00+00:00,bacgiang_bacgiangcity,66.14181071678158
2025-08-01 21:00:00+00:00,angiang_longxuyen,71.64734859532635
2025-08-01 22:00:00+00:00,backan_backancity,51.38362486246909
2025-08-01 23:00:00+00:00,bacgiang_bacgiangcity,66.70498325177076
2025-08-02 00:00:00+00:00,angiang_longxuyen,70.76881617870205
2025-08-02 01:00:00+00:00,bacgiang_bacgiangcity,67.2399092857268
2025-08-02 02:00:00+00:00,angiang_longxuyen,70.13383062707629
2025-08-02 03:00:00+00:00,backan_backancity,51.44338415763712
2025-08-02 04:00:00+00:00,angiang_longxuyen,69.56208586604771
2025-08-02 05:00:00+00:00,backan_backancity,51.40601546906134
2025-08-02 06:00:00+00:00,bacgiang_bacgiangcity,67.60302256380082
2025-08-02 07:00:00+00:00,backan_backancity,51.240510532507635
2025-08-02 08:00:00+00:00,bacgiang_bacgiangcity,67.72799055529276
2025-08-02 09:00:00+00:00,angiang_longxuyen,69.00369799613661
2025-08-02 10:00:00+00:00,angiang_longxuyen,68.3621965962661
2025-08-02 11:00:00+00:00,bacgiang_bacgiangcity,67.67608614507299
2025-08-02 12:00:00+00:00,backan_backancity,50.96911648635003
2025-08-02 13:00:00+00:00,backan_backancity,50.5953339551134
2025-08-02 14:00:00+00:00,bacgiang_bacgiangcity,67.42745572287504
2025-08-02 15:00:00+00:00,angiang_longxuyen,67.71416978360297
2025-08-02 16:00:00+00:00,backan_backancity,50.16232296111621
2025-08-02 17:00:00+00:00,angiang_longxuyen,66.95358258918809
2025-08-02 18:00:00+00:00,bacgiang_bacgiangcity,66.97348402219399
2025-08-02 19:00:00+00:00,bacgiang_bacgiangcity,66.44224273030957
2025-08-02 20:00:00+00:00,backan_backancity,49.65335032783853
2025-08-02 21:00:00+00:00,angiang_longxuyen,66.07026072521177
2025-08-02 22:00:00+00:00,angiang_longxuyen,65.06975162944568
2025-08-02 23:00:00+00:00,bacgiang_bacgiangcity,65.8161832929949
2025-08-03 00:00:00+00:00,backan_backancity,49.065790586886706
2025-08-03 01:00:00+00:00,angiang_longxuyen,63.935735792065806
2025-08-03 02:00:00+00:00,bacgiang_bacgiangcity,65.07957920239464
2025-08-03 03:00:00+00:00,backan_backancity,48.493859317174405
2025-08-03 04:00:00+00:00,angiang_longxuyen,63.307158487521136
2025-08-03 05:00:00+00:00,backan_backancity,47.97580514568258
2025-08-03 06:00:00+00:00,bacgiang_bacgiangcity,64.25404394558564
2025-08-03 07:00:00+00:00,bacgiang_bacgiangcity,63.51624428650011
2025-08-03 08:00:00+00:00,angiang_longxuyen,62.718599251315624
2025-08-03 09:00:00+00:00,backan_backancity,47.50515287349496
2025-08-03 10:00:00+00:00,bacgiang_bacgiangcity,62.976717705012724
2025-08-03 11:00:00+00:00,backan_backancity,47.04148272126135
2025-08-03 12:00:00+00:00,angiang_longxuyen,62.09460336520653
2025-08-03 13:00:00+00:00,backan_backancity,46.625429670659315
2025-08-03 14:00:00+00:00,angiang_longxuyen,61.4791773139999
2025-08-03 15:00:00+00:00,bacgiang_bacgiangcity,62.60828175604225
2025-08-03 16:00:00+00:00,angiang_longxuyen,61.037596485100245
2025-08-03 17:00:00+00:00,backan_backancity,46.258524049349994
2025-08-03 18:00:00+00:00,bacgiang_bacgiangcity,62.43459434877533
2025-08-03 19:00:00+00:00,angiang_longxuyen,60.97114678868862
2025-08-03 20:00:00+00:00,backan_backancity,45.9244200450027
2025-08-03 21:00:00+00:00,bacgiang_bacgiangcity,62.420883569386184
2025-08-03 22:00:00+00:00,backan_backancity,45.58287482240304
2025-08-03 23:00:00+00:00,angiang_longxuyen,61.238734144789106
2025-08-04 00:00:00+00:00,bacgiang_bacgiangcity,62.51884845106968
2025-08-04 01:00:00+00:00,backan_backancity,45.25102805135595
2025-08-04 02:00:00+00:00,angiang_longxuyen,61.77111600900849
2025-08-04 03:00:00+00:00,bacgiang_bacgiangcity,62.66763455792528
2025-08-04 04:00:00+00:00,bacgiang_bacgiangcity,62.85357415102932
2025-08-04 05:00:00+00:00,backan_backancity,44.93181604806125
2025-08-04 06:00:00+00:00,angiang_longxuyen,62.29695572247643
2025-08-04 07:00:00+00:00,backan_backancity,44.615913378333794
2025-08-04 08:00:00+00:00,angiang_longxuyen,62.586264166817415
2025-08-04 09:00:00+00:00,bacgiang_bacgiangcity,63.00815637390154
2025-08-04 10:00:00+00:00,backan_backancity,44.242833841366505
2025-08-04 11:00:00+00:00,angiang_longxuyen,62.4346852119802
2025-08-04 12:00:00+00:00,bacgiang_bacgiangcity,63.038858572603424
2025-08-04 13:00:00+00:00,angiang_longxuyen,62.03713477925629
2025-08-04 14:00:00+00:00,backan_backancity,43.811644893740876
2025-08-04 15:00:00+00:00,bacgiang_bacgiangcity,63.06454894821503
2025-08-04 16:00:00+00:00,backan_backancity,43.36612347111376
2025-08-04 17:00:00+00:00,bacgiang_bacgiangcity,63.02118328811711
2025-08-04 18:00:00+00:00,angiang_longxuyen,62.507729664156614
2025-08-04 19:00:00+00:00,angiang_longxuyen,63.7793984746572
2025-08-04 20:00:00+00:00,bacgiang_bacgiangcity,62.873965767114186
2025-08-04 21:00:00+00:00,backan_backancity,42.87638992590114
2025-08-04 22:00:00+00:00,backan_backancity,42.39734954522083
2025-08-04 23:00:00+00:00,angiang_longxuyen,65.56248366041936
2025-08-05 00:00:00+00:00,bacgiang_bacgiangcity,62.64377579323312
2025-08-05 01:00:00+00:00,angiang_longxuyen,67.39102914226567
2025-08-05 02:00:00+00:00,bacgiang_bacgiangcity,62.29565972623839
2025-08-05 03:00:00+00:00,backan_backancity,41.92537736542547
2025-08-05 04:00:00+00:00,angiang_longxuyen,68.6998896972062
2025-08-05 05:00:00+00:00,backan_backancity,41.444988383493765
2025-08-05 06:00:00+00:00,bacgiang_bacgiangcity,61.66997091515415
2025-08-05 07:00:00+00:00,angiang_longxuyen,69.52387549725829
2025-08-05 08:00:00+00:00,backan_backancity,40.99091625505996
2025-08-05 09:00:00+00:00,bacgiang_bacgiangcity,60.8057327153398
2025-08-05 10:00:00+00:00,bacgiang_bacgiangcity,59.690903361011635
2025-08-05 11:00:00+00:00,backan_backancity,40.54525614648854
2025-08-05 12:00:00+00:00,angiang_longxuyen,70.07997744022553
2025-08-05 13:00:00+00:00,angiang_longxuyen,70.60586019415895
2025-08-05 14:00:00+00:00,backan_backancity,40.11407198113686
2025-08-05 15:00:00+00:00,bacgiang_bacgiangcity,58.42717790752722
2025-08-05 16:00:00+00:00,backan_backancity,39.69510652570469
2025-08-05 17:00:00+00:00,bacgiang_bacgiangcity,57.09455901564728
2025-08-05 18:00:00+00:00,angiang_longxuyen,71.27160533177388
2025-08-05 19:00:00+00:00,bacgiang_bacgiangcity,55.76509642456846
2025-08-05 20:00:00+00:00,angiang_longxuyen,72.1161477363618
2025-08-05 21:00:00+00:00,backan_backancity,39.27521809140188
2025-08-05 22:00:00+00:00,bacgiang_bacgiangcity,54.53289093862986
2025-08-05 23:00:00+00:00,angiang_longxuyen,73.24864041949142
2025-08-06 00:00:00+00:00,backan_backancity,38.82759246824067
2025-08-06 01:00:00+00:00,bacgiang_bacgiangcity,53.47035096757372
2025-08-06 02:00:00+00:00,angiang_longxuyen,74.66562340596637
2025-08-06 03:00:00+00:00,backan_backancity,38.38514604775769
2025-08-06 04:00:00+00:00,angiang_longxuyen,78.02313838316641
2025-08-06 05:00:00+00:00,backan_backancity,37.987982979223005
2025-08-06 06:00:00+00:00,bacgiang_bacgiangcity,52.58545812660775
2025-08-06 07:00:00+00:00,angiang_longxuyen,80.47274104378499
2025-08-06 08:00:00+00:00,bacgiang_bacgiangcity,51.899393107017076
2025-08-06 09:00:00+00:00,backan_backancity,37.6076056922216
2025-08-06 10:00:00+00:00,backan_backancity,37.24774914270145
2025-08-06 11:00:00+00:00,bacgiang_bacgiangcity,51.35873790887959
2025-08-06 12:00:00+00:00,angiang_longxuyen,81.65109812514677
2025-08-06 13:00:00+00:00,backan_backancity,36.91544805562995
2025-08-06 14:00:00+00:00,angiang_longxuyen,82.17648113145334
2025-08-06 15:00:00+00:00,bacgiang_bacgiangcity,50.9287062715477
2025-08-06 16:00:00+00:00,backan_backancity,36.6559857829554
2025-08-06 17:00:00+00:00,angiang_longxuyen,82.62360461585072
2025-08-06 18:00:00+00:00,bacgiang_bacgiangcity,50.58964304912349
2025-08-06 19:00:00+00:00,bacgiang_bacgiangcity,50.18205940567114
2025-08-06 20:00:00+00:00,angiang_longxuyen,83.31107562398009
2025-08-06 21:00:00+00:00,backan_backancity,36.58249657930247
2025-08-06 22:00:00+00:00,backan_backancity,36.60355771373909
2025-08-06 23:00:00+00:00,angiang_longxuyen,83.97145265909612
2025-08-07 00:00:00+00:00,bacgiang_bacgiangcity,49.77982234448495
2025-08-07 01:00:00+00:00,angiang_longxuyen,84.14771053860639
2025-08-07 02:00:00+00:00,backan_backancity,36.684335102878265
2025-08-07 03:00:00+00:00,bacgiang_bacgiangcity,49.403079585678775
2025-08-07 04:00:00+00:00,bacgiang_bacgiangcity,49.12807492269563
2025-08-07 05:00:00+00:00,backan_backancity,36.73714575400986
2025-08-07 06:00:00+00:00,angiang_longxuyen,83.21600640916793
2025-08-07 07:00:00+00:00,backan_backancity,36.70205342783005
2025-08-07 08:00:00+00:00,angiang_longxuyen,81.11221475950447
2025-08-07 09:00:00+00:00,bacgiang_bacgiangcity,49.02160715794486
2025-08-07 10:00:00+00:00,angiang_longxuyen,78.40325264510108
2025-08-07 11:00:00+00:00,backan_backancity,36.55768614209603
2025-08-07 12:00:00+00:00,bacgiang_bacgiangcity,49.21689609660375
2025-08-07 13:00:00+00:00,backan_backancity,36.32399076141613
2025-08-07 14:00:00+00:00,bacgiang_bacgiangcity,49.965671074384105
2025-08-07 15:00:00+00:00,angiang_longxuyen,75.79392920826055
2025-08-07 16:00:00+00:00,angiang_longxuyen,73.96434358183208
2025-08-07 17:00:00+00:00,bacgiang_bacgiangcity,50.69572823195898
2025-08-07 18:00:00+00:00,backan_backancity,36.02970396990246
2025-08-07 19:00:00+00:00,bacgiang_bacgiangcity,51.38694376058422
2025-08-07 20:00:00+00:00,backan_backancity,35.711338429095335
2025-08-07 21:00:00+00:00,angiang_longxuyen,72.74762309891477
2025-08-07 22:00:00+00:00,backan_backancity,35.39281985552209
2025-08-07 23:00:00+00:00,bacgiang_bacgiangcity,52.04441556428103
2025-08-08 00:00:00+00:00,angiang_longxuyen,71.81015154710333
2025-08-08 01:00:00+00:00,backan_backancity,35.086041764474274
2025-08-08 02:00:00+00:00,bacgiang_bacgiangcity,52.657493518982584
2025-08-08 03:00:00+00:00,angiang_longxuyen,71.15382270687844
2025-08-08 04:00:00+00:00,bacgiang_bacgiangcity,53.244197232898955
2025-08-08 05:00:00+00:00,angiang_longxuyen,70.56058640675852
2025-08-08 06:00:00+00:00,backan_backancity,34.81208920175817
2025-08-08 07:00:00+00:00,backan_backancity,34.58069409484395
2025-08-08 08:00:00+00:00,angiang_longxuyen,70.0490528657854
2025-08-08 09:00:00+00:00,bacgiang_bacgiangcity,53.701449573503595
2025-08-08 10:00:00+00:00,bacgiang_bacgiangcity,54.042023994493206
2025-08-08 11:00:00+00:00,angiang_longxuyen,69.50198224715592
2025-08-08 12:00:00+00:00,backan_backancity,34.40103362742458
2025-08-08 13:00:00+00:00,bacgiang_bacgiangcity,54.32326952496948
2025-08-08 14:00:00+00:00,backan_backancity,34.28643121469999
2025-08-08 15:00:00+00:00,angiang_longxuyen,69.00321498646855
2025-08-08 16:00:00+00:00,backan_backancity,34.209694847041035
2025-08-08 17:00:00+00:00,bacgiang_bacgiangcity,54.487626715777324
2025-08-08 18:00:00+00:00,angiang_longxuyen,68.6089236734355
2025-08-08 19:00:00+00:00,bacgiang_bacgiangcity,54.57829862970064
2025-08-08 20:00:00+00:00,angiang_longxuyen,68.35771321444632
2025-08-08 21:00:00+00:00,backan_backancity,34.17667802775166
2025-08-08 22:00:00+00:00,angiang_longxuyen,68.16402155528377
2025-08-08 23:00:00+00:00,bacgiang_bacgiangcity,54.83321774213115
2025-08-09 00:00:00+00:00,backan_backancity,34.18466442523331
2025-08-09 01:00:00+00:00,angiang_longxuyen,67.94928310850639
2025-08-09 02:00:00+00:00,backan_backancity,34.268119887779505
2025-08-09 03:00:00+00:00,bacgiang_bacgiangcity,55.605751056850906
2025-08-09 04:00:00+00:00,angiang_longxuyen,67.9258977889344
2025-08-09 05:00:00+00:00,backan_backancity,34.415256110125426
2025-08-09 06:00:00+00:00,bacgiang_bacgiangcity,56.62806732178842
2025-08-09 07:00:00+00:00,angiang_longxuyen,67.52316337125833
2025-08-09 08:00:00+00:00,bacgiang_bacgiangcity,57.472669504800606
2025-08-09 09:00:00+00:00,backan_backancity,34.54286630796982
2025-08-09 10:00:00+00:00,bacgiang_bacgiangcity,58.127917551114805
2025-08-09 11:00:00+00:00,backan_backancity,34.726572579143365
2025-08-09 12:00:00+00:00,angiang_longxuyen,66.8442000284702
2025-08-09 13:00:00+00:00,bacgiang_bacgiangcity,58.593381056076325
2025-08-09 14:00:00+00:00,backan_backancity,34.965633671185174
2025-08-09 15:00:00+00:00,angiang_longxuyen,66.2796095492575
2025-08-09 16:00:00+00:00,backan_backancity,35.30974219261725
2025-08-09 17:00:00+00:00,bacgiang_bacgiangcity,58.961429640857574
2025-08-09 18:00:00+00:00,angiang_longxuyen,66.25758717775872
2025-08-09 19:00:00+00:00,bacgiang_bacgiangcity,59.37175352727817
2025-08-09 20:00:00+00:00,backan_backancity,35.76028978515647
2025-08-09 21:00:00+00:00,angiang_longxuyen,66.67919005726941
2025-08-09 22:00:00+00:00,angiang_longxuyen,67.22083040383876
2025-08-09 23:00:00+00:00,bacgiang_bacgiangcity,59.81449166647157
2025-08-10 00:00:00+00:00,backan_backancity,36.29806605438141
2025-08-10 01:00:00+00:00,bacgiang_bacgiangcity,60.29114569245527
2025-08-10 02:00:00+00:00,backan_backancity,36.92584950145185
2025-08-10 03:00:00+00:00,angiang_longxuyen,67.6019848103556
2025-08-10 04:00:00+00:00,bacgiang_bacgiangcity,60.83760178888331
2025-08-10 05:00:00+00:00,backan_backancity,37.61793540393438
2025-08-10 06:00:00+00:00,angiang_longxuyen,67.71301964672014
2025-08-10 07:00:00+00:00,bacgiang_bacgiangcity,61.69922886712582
2025-08-10 08:00:00+00:00,backan_backancity,38.26303546494556
2025-08-10 09:00:00+00:00,angiang_longxuyen,67.55606302483616
2025-08-10 10:00:00+00:00,bacgiang_bacgiangcity,64.25370440413582
2025-08-10 11:00:00+00:00,backan_backancity,38.77039647190507
2025-08-10 12:00:00+00:00,angiang_longxuyen,67.32566502203866
2025-08-10 13:00:00+00:00,backan_backancity,39.19709486430001
2025-08-10 14:00:00+00:00,angiang_longxuyen,67.46629974296165
2025-08-10 15:00:00+00:00,bacgiang_bacgiangcity,69.66462499275588
2025-08-10 16:00:00+00:00,angiang_longxuyen,68.15735984768381
2025-08-10 17:00:00+00:00,bacgiang_bacgiangcity,76.88331208294811
2025-08-10 18:00:00+00:00,backan_backancity,39.77710339469884
2025-08-10 19:00:00+00:00,angiang_longxuyen,69.08212250649676
2025-08-10 20:00:00+00:00,bacgiang_bacgiangcity,85.22915483855171
2025-08-10 21:00:00+00:00,backan_backancity,40.514118760858025
2025-08-10 22:00:00+00:00,bacgiang_bacgiangcity,94.01798202045667
2025-08-10 23:00:00+00:00,angiang_longxuyen,70.02704484110843
2025-08-11 00:00:00+00:00,backan_backancity,41.45578675805278
2025-08-11 01:00:00+00:00,angiang_longxuyen,70.99118235241546
2025-08-11 02:00:00+00:00,backan_backancity,42.66966657024907
2025-08-11 03:00:00+00:00,bacgiang_bacgiangcity,102.8048332265476
2025-08-11 04:00:00+00:00,backan_backancity,44.09607063638799
2025-08-11 05:00:00+00:00,bacgiang_bacgiangcity,111.24362575293108
2025-08-11 06:00:00+00:00,angiang_longxuyen,72.05287825212099
2025-08-11 07:00:00+00:00,angiang_longxuyen,73.30350505728072
2025-08-11 08:00:00+00:00,backan_backancity,45.70781172911437
2025-08-11 09:00:00+00:00,bacgiang_bacgiangcity,118.97727228559103
2025-08-11 10:00:00+00:00,bacgiang_bacgiangcity,125.57025024003478
2025-08-11 11:00:00+00:00,angiang_longxuyen,74.72113125960075
2025-08-11 12:00:00+00:00,backan_backancity,47.43298357744977
2025-08-11 13:00:00+00:00,bacgiang_bacgiangcity,131.2441564416555
2025-08-11 14:00:00+00:00,backan_backancity,49.200038580961355
2025-08-11 15:00:00+00:00,angiang_longxuyen,76.2458062729554
2025-08-11 16:00:00+00:00,bacgiang_bacgiangcity,136.07179981563797
2025-08-11 17:00:00+00:00,angiang_longxuyen,77.78003626964437
2025-08-11 18:00:00+00:00,backan_backancity,50.971096347761645
2025-08-11 19:00:00+00:00,bacgiang_bacgiangcity,140.1399080954726
2025-08-11 20:00:00+00:00,backan_backancity,52.79784847688002
2025-08-11 21:00:00+00:00,angiang_longxuyen,79.22982804649226
2025-08-11 22:00:00+00:00,angiang_longxuyen,80.51654906422247
2025-08-11 23:00:00+00:00,backan_backancity,54.772956308199305
2025-08-12 00:00:00+00:00,bacgiang_bacgiangcity,143.6422685858008
2025-08-12 01:00:00+00:00,bacgiang_bacgiangcity,146.78468166340397
2025-08-12 02:00:00+00:00,angiang_longxuyen,81.46397970151625
2025-08-12 03:00:00+00:00,backan_backancity,56.95585872453346
2025-08-12 04:00:00+00:00,bacgiang_bacgiangcity,148.95544188620167
2025-08-12 05:00:00+00:00,angiang_longxuyen,81.73980213334332
2025-08-12 06:00:00+00:00,backan_backancity,58.565423882616635
2025-08-12 07:00:00+00:00,bacgiang_bacgiangcity,149.95284250390603
2025-08-12 08:00:00+00:00,angiang_longxuyen,81.35347330642222
2025-08-12 09:00:00+00:00,backan_backancity,59.496384368457264
2025-08-12 10:00:00+00:00,bacgiang_bacgiangcity,149.96642416189877
2025-08-12 11:00:00+00:00,backan_backancity,59.82464443404853
2025-08-12 12:00:00+00:00,angiang_longxuyen,80.52887776644263
2025-08-12 13:00:00+00:00,bacgiang_bacgiangcity,149.21260388511055
2025-08-12 14:00:00+00:00,angiang_longxuyen,79.58061023120916
2025-08-12 15:00:00+00:00,backan_backancity,60.07077850924923
2025-08-12 16:00:00+00:00,backan_backancity,60.594662272675265
2025-08-12 17:00:00+00:00,bacgiang_bacgiangcity,148.12666424766059
2025-08-12 18:00:00+00:00,angiang_longxuyen,78.70420592648864
2025-08-12 19:00:00+00:00,bacgiang_bacgiangcity,147.16214654557524
2025-08-12 20:00:00+00:00,backan_backancity,61.41395666199113
2025-08-12 21:00:00+00:00,angiang_longxuyen,77.90753169291419
2025-08-12 22:00:00+00:00,backan_backancity,62.44738693156778
2025-08-12 23:00:00+00:00,angiang_longxuyen,77.12759541813361
2025-08-13 00:00:00+00:00,bacgiang_bacgiangcity,146.41300333270144
2025-08-13 01:00:00+00:00,backan_backancity,63.845221693182545
2025-08-13 02:00:00+00:00,bacgiang_bacgiangcity,145.86952659293868
2025-08-13 03:00:00+00:00,angiang_longxuyen,76.30142411889044
2025-08-13 04:00:00+00:00,bacgiang_bacgiangcity,145.4947350019005
2025-08-13 05:00:00+00:00,backan_backancity,65.42994772041563
2025-08-13 06:00:00+00:00,angiang_longxuyen,75.4288456333228
2025-08-13 07:00:00+00:00,bacgiang_bacgiangcity,145.1362222713578
2025-08-13 08:00:00+00:00,angiang_longxuyen,74.62353939528467
2025-08-13 09:00:00+00:00,backan_backancity,67.09358844108783
2025-08-13 10:00:00+00:00,backan_backancity,68.7192866003113
2025-08-13 11:00:00+00:00,bacgiang_bacgiangcity,144.98376337811544
2025-08-13 12:00:00+00:00,angiang_longxuyen,74.06895104201976
2025-08-13 13:00:00+00:00,backan_backancity,70.3496211741207
2025-08-13 14:00:00+00:00,bacgiang_bacgiangcity,145.79595609062875
2025-08-13 15:00:00+00:00,angiang_longxuyen,73.878767180793
2025-08-13 16:00:00+00:00,bacgiang_bacgiangcity,147.801354845091
2025-08-13 17:00:00+00:00,angiang_longxuyen,74.36687475286564
2025-08-13 18:00:00+00:00,backan_backancity,72.26146430347313
2025-08-13 19:00:00+00:00,backan_backancity,74.63468209356742
2025-08-13 20:00:00+00:00,angiang_longxuyen,75.03732086576467
2025-08-13 21:00:00+00:00,backan_backancity,77.48115610401028
2025-08-13 22:00:00+00:00,angiang_longxuyen,75.69681557133858
2025-08-13 23:00:00+00:00,backan_backancity,80.6606150666982
2025-08-14 00:00:00+00:00,angiang_longxuyen,76.1336882515432
2025-08-14 01:00:00+00:00,bacgiang_bacgiangcity,150.7197470821971
2025-08-14 02:00:00+00:00,backan_backancity,83.8575173735863
2025-08-14 03:00:00+00:00,bacgiang_bacgiangcity,153.37797405235935
2025-08-14 04:00:00+00:00,angiang_longxuyen,76.08324482601245
2025-08-14 05:00:00+00:00,bacgiang_bacgiangcity,155.14617201934286
2025-08-14 06:00:00+00:00,backan_backancity,86.68961228185674
2025-08-14 07:00:00+00:00,angiang_longxuyen,75.47193392153214
2025-08-14 08:00:00+00:00,bacgiang_bacgiangcity,156.04194453352486
2025-08-14 09:00:00+00:00,backan_backancity,89.00194694240686
2025-08-14 10:00:00+00:00,angiang_longxuyen,74.3807720409385
2025-08-14 11:00:00+00:00,backan_backancity,90.82461261844256
2025-08-14 12:00:00+00:00,angiang_longxuyen,72.93367507545642
2025-08-14 13:00:00+00:00,bacgiang_bacgiangcity,156.2751234286191
2025-08-14 14:00:00+00:00,backan_backancity,92.25716668886975
2025-08-14 15:00:00+00:00,bacgiang_bacgiangcity,156.10110604445023
2025-08-14 16:00:00+00:00,angiang_longxuyen,71.24142679206855
2025-08-14 17:00:00+00:00,bacgiang_bacgiangcity,155.5850508634658
2025-08-14 18:00:00+00:00,angiang_longxuyen,69.4574951438188
2025-08-14 19:00:00+00:00,backan_backancity,93.3486274615847
2025-08-14 20:00:00+00:00,bacgiang_bacgiangcity,154.80538717829984
2025-08-14 21:00:00+00:00,angiang_longxuyen,67.70372290617863
2025-08-14 22:00:00+00:00,backan_backancity,94.07361062650807
2025-08-14 23:00:00+00:00,bacgiang_bacgiangcity,153.93331083149602
2025-08-15 00:00:00+00:00,angiang_longxuyen,66.14435488651824
2025-08-15 01:00:00+00:00,backan_backancity,94.44588076361083
2025-08-15 02:00:00+00:00,angiang_longxuyen,64.8457260066747
2025-08-15 03:00:00+00:00,bacgiang_bacgiangcity,153.10544182500377
2025-08-15 04:00:00+00:00,backan_backancity,94.67775529348765
2025-08-15 05:00:00+00:00,backan_backancity,94.70072575079524
2025-08-15 06:00:00+00:00,angiang_longxuyen,63.55536806961228
2025-08-15 07:00:00+00:00,bacgiang_bacgiangcity,152.43284368883124
2025-08-15 08:00:00+00:00,backan_backancity,94.66174184919586
2025-08-15 09:00:00+00:00,bacgiang_bacgiangcity,151.890787284429
2025-08-15 10:00:00+00:00,angiang_longxuyen,62.22936306259288
2025-08-15 11:00:00+00:00,bacgiang_bacgiangcity,151.29789530803285
2025-08-15 12:00:00+00:00,angiang_longxuyen,60.94199882901759
2025-08-15 13:00:00+00:00,backan_backancity,94.71051865225814
2025-08-15 14:00:00+00:00,bacgiang_bacgiangcity,150.61506310562638
2025-08-15 15:00:00+00:00,backan_backancity,94.83874337230398
2025-08-15 16:00:00+00:00,angiang_longxuyen,59.91546459846402
2025-08-15 17:00:00+00:00,bacgiang_bacgiangcity,150.0184935605695
2025-08-15 18:00:00+00:00,backan_backancity,94.96786835541921
2025-08-15 19:00:00+00:00,angiang_longxuyen,59.2360947623909
2025-08-15 20:00:00+00:00,backan_backancity,95.16490999747752
2025-08-15 21:00:00+00:00,angiang_longxuyen,58.59838331461872
2025-08-15 22:00:00+00:00,bacgiang_bacgiangcity,149.4286096344823
2025-08-15 23:00:00+00:00,bacgiang_bacgiangcity,148.89577823651246
2025-08-16 00:00:00+00:00,angiang_longxuyen,57.999432197139186
2025-08-16 01:00:00+00:00,backan_backancity,95.46733621923894
2025-08-16 02:00:00+00:00,angiang_longxuyen,57.28940798510359
2025-08-16 03:00:00+00:00,backan_backancity,95.64058007059784
2025-08-16 04:00:00+00:00,bacgiang_bacgiangcity,148.34438205110325
2025-08-16 05:00:00+00:00,backan_backancity,95.56203122111522
2025-08-16 06:00:00+00:00,bacgiang_bacgiangcity,147.90343726463777
2025-08-16 07:00:00+00:00,angiang_longxuyen,56.60827827222014
2025-08-16 08:00:00+00:00,backan_backancity,95.13379293651124
2025-08-16 09:00:00+00:00,bacgiang_bacgiangcity,147.53655555469817
2025-08-16 10:00:00+00:00,angiang_longxuyen,56.18401405726122
2025-08-16 11:00:00+00:00,bacgiang_bacgiangcity,147.2676913314554
2025-08-16 12:00:00+00:00,backan_backancity,94.41150697409066
2025-08-16 13:00:00+00:00,angiang_longxuyen,56.11339900024689
2025-08-16 14:00:00+00:00,backan_backancity,94.02353065379684
2025-08-16 15:00:00+00:00,bacgiang_bacgiangcity,146.52217308222893
2025-08-16 16:00:00+00:00,angiang_longxuyen,57.04035672279882
2025-08-16 17:00:00+00:00,bacgiang_bacgiangcity,145.30701640289035
2025-08-16 18:00:00+00:00,angiang_longxuyen,58.20353008439759
2025-08-16 19:00:00+00:00,backan_backancity,93.76171072006932
2025-08-16 20:00:00+00:00,angiang_longxuyen,59.28631342104642
2025-08-16 21:00:00+00:00,bacgiang_bacgiangcity,143.59534969616465
2025-08-16 22:00:00+00:00,backan_backancity,93.50154903983088
2025-08-16 23:00:00+00:00,bacgiang_bacgiangcity,141.4457940760218
2025-08-17 00:00:00+00:00,backan_backancity,93.15657134010999
2025-08-17 01:00:00+00:00,angiang_longxuyen,60.00017779905672
2025-08-17 02:00:00+00:00,bacgiang_bacgiangcity,138.88222743624976
2025-08-17 03:00:00+00:00,backan_backancity,92.62545558291653
2025-08-17 04:00:00+00:00,angiang_longxuyen,60.334946539481834
2025-08-17 05:00:00+00:00,bacgiang_bacgiangcity,135.97671625400397
2025-08-17 06:00:00+00:00,backan_backancity,91.87189235335265
2025-08-17 07:00:00+00:00,angiang_longxuyen,60.28945754975406
2025-08-17 08:00:00+00:00,backan_backancity,90.95334545509463
2025-08-17 09:00:00+00:00,bacgiang_bacgiangcity,132.63466954186643
2025-08-17 10:00:00+00:00,angiang_longxuyen,60.03783820634291
2025-08-17 11:00:00+00:00,backan_backancity,89.83885683778477
2025-08-17 12:00:00+00:00,angiang_longxuyen,59.68065016568191
2025-08-17 13:00:00+00:00,bacgiang_bacgiangcity,128.79669384862555
2025-08-17 14:00:00+00:00,bacgiang_bacgiangcity,124.49123653082003
2025-08-17 15:00:00+00:00,angiang_longxuyen,59.337306808080406
2025-08-17 16:00:00+00:00,backan_backancity,88.55230200407402
2025-08-17 17:00:00+00:00,angiang_longxuyen,59.19805177318942
2025-08-17 18:00:00+00:00,bacgiang_bacgiangcity,119.77074837346736
2025-08-17 19:00:00+00:00,backan_backancity,87.03140618270133
2025-08-17 20:00:00+00:00,backan_backancity,85.340615297297
2025-08-17 21:00:00+00:00,bacgiang_bacgiangcity,114.72820096647231
2025-08-17 22:00:00+00:00,angiang_longxuyen,59.273190861352035
2025-08-17 23:00:00+00:00,backan_backancity,83.4451562384668
2025-08-18 00:00:00+00:00,bacgiang_bacgiangcity,109.76449950772847
2025-08-18 01:00:00+00:00,angiang_longxuyen,59.69890888758904
2025-08-18 02:00:00+00:00,backan_backancity,81.27934806033511
2025-08-18 03:00:00+00:00,bacgiang_bacgiangcity,105.12340778319147
2025-08-18 04:00:00+00:00,angiang_longxuyen,60.39330462838512
2025-08-18 05:00:00+00:00,bacgiang_bacgiangcity,100.72455811009739
2025-08-18 06:00:00+00:00,backan_backancity,78.85634440737695
2025-08-18 07:00:00+00:00,angiang_longxuyen,60.85801731633788
2025-08-18 08:00:00+00:00,angiang_longxuyen,60.995756370389536
2025-08-18 09:00:00+00:00,bacgiang_bacgiangcity,96.5320186490207
2025-08-18 10:00:00+00:00,backan_backancity,76.23189942033467
2025-08-18 11:00:00+00:00,bacgiang_bacgiangcity,92.67250718065456
2025-08-18 12:00:00+00:00,angiang_longxuyen,61.10611212385444
2025-08-18 13:00:00+00:00,backan_backancity,73.69413793074884
2025-08-18 14:00:00+00:00,bacgiang_bacgiangcity,89.04848444569622
2025-08-18 15:00:00+00:00,angiang_longxuyen,61.633874311446704
2025-08-18 16:00:00+00:00,backan_backancity,71.43300229501216
2025-08-18 17:00:00+00:00,backan_backancity,69.46287520200255
2025-08-18 18:00:00+00:00,bacgiang_bacgiangcity,85.5767305085911
2025-08-18 19:00:00+00:00,angiang_longxuyen,62.603303408869564
2025-08-18 20:00:00+00:00,backan_backancity,67.86904611632258
2025-08-18 21:00:00+00:00,bacgiang_bacgiangcity,82.45925220731684
2025-08-18 22:00:00+00:00,angiang_longxuyen,63.751752149003686
2025-08-18 23:00:00+00:00,angiang_longxuyen,64.66338268357437
2025-08-19 00:00:00+00:00,bacgiang_bacgiangcity,79.55896087707778
2025-08-19 01:00:00+00:00,backan_backancity,66.59123208380767
2025-08-19 02:00:00+00:00,backan_backancity,65.46866022796885
2025-08-19 03:00:00+00:00,angiang_longxuyen,64.94617288853362
2025-08-19 04:00:00+00:00,bacgiang_bacgiangcity,76.96314975525786
2025-08-19 05:00:00+00:00,angiang_longxuyen,64.80292465490183
2025-08-19 06:00:00+00:00,bacgiang_bacgiangcity,74.68480988901807
2025-08-19 07:00:00+00:00,backan_backancity,64.20055899382834
2025-08-19 08:00:00+00:00,bacgiang_bacgiangcity,72.90480448767397
2025-08-19 09:00:00+00:00,backan_backancity,62.62141388028452
2025-08-19 10:00:00+00:00,angiang_longxuyen,64.46793592987542
2025-08-19 11:00:00+00:00,angiang_longxuyen,64.37337124496405
2025-08-19 12:00:00+00:00,bacgiang_bacgiangcity,71.7929401431893
2025-08-19 13:00:00+00:00,backan_backancity,60.94999957332106
2025-08-19 14:00:00+00:00,angiang_longxuyen,64.82136510321871
2025-08-19 15:00:00+00:00,backan_backancity,59.69460962331599
2025-08-19 16:00:00+00:00,bacgiang_bacgiangcity,71.35028330265291
2025-08-19 17:00:00+00:00,angiang_longxuyen,65.65452330468983
2025-08-19 18:00:00+00:00,backan_backancity,58.931497388260205
2025-08-19 19:00:00+00:00,bacgiang_bacgiangcity,71.56519630242911
2025-08-19 20:00:00+00:00,backan_backancity,58.5929123932301
2025-08-19 21:00:00+00:00,bacgiang_bacgiangcity,72.48109262535526
2025-08-19 22:00:00+00:00,angiang_longxuyen,66.71572423904246
2025-08-19 23:00:00+00:00,angiang_longxuyen,67.95674345585452
2025-08-20 00:00:00+00:00,backan_backancity,58.59525570746124
2025-08-20 01:00:00+00:00,bacgiang_bacgiangcity,74.19031798123406
2025-08-20 02:00:00+00:00,backan_backancity,58.77651345437693
2025-08-20 03:00:00+00:00,angiang_longxuyen,69.4053994426414
2025-08-20 04:00:00+00:00,bacgiang_bacgiangcity,76.21968071041516
2025-08-20 05:00:00+00:00,backan_backancity,58.91936954154557
2025-08-20 06:00:00+00:00,angiang_longxuyen,70.8466142111759
2025-08-20 07:00:00+00:00,bacgiang_bacgiangcity,78.27314131798548
2025-08-20 08:00:00+00:00,backan_backancity,58.90827466600221
2025-08-20 09:00:00+00:00,angiang_longxuyen,72.32458314608478
2025-08-20 10:00:00+00:00,bacgiang_bacgiangcity,80.21022289806207
2025-08-20 11:00:00+00:00,backan_backancity,58.66012247119836
2025-08-20 12:00:00+00:00,angiang_longxuyen,73.76702217674821
2025-08-20 13:00:00+00:00,bacgiang_bacgiangcity,82.19091642534457
2025-08-20 14:00:00+00:00,bacgiang_bacgiangcity,84.1989047811459
2025-08-20 15:00:00+00:00,angiang_longxuyen,75.34271209736958
2025-08-20 16:00:00+00:00,backan_backancity,58.132226379935744
2025-08-20 17:00:00+00:00,backan_backancity,57.382537987832634
2025-08-20 18:00:00+00:00,bacgiang_bacgiangcity,86.16904263427189
2025-08-20 19:00:00+00:00,angiang_longxuyen,77.09449012677632
2025-08-20 20:00:00+00:00,angiang_longxuyen,78.86222182205057
2025-08-20 21:00:00+00:00,backan_backancity,56.45138621103437
2025-08-20 22:00:00+00:00,bacgiang_bacgiangcity,87.81295408380007
2025-08-20 23:00:00+00:00,bacgiang_bacgiangcity,88.95155851302643
2025-08-21 00:00:00+00:00,angiang_longxuyen,80.57087091391946
2025-08-21 01:00:00+00:00,backan_backancity,55.424746770454085
2025-08-21 02:00:00+00:00,angiang_longxuyen,81.15005689320041
2025-08-21 03:00:00+00:00,backan_backancity,54.35237922644898
2025-08-21 04:00:00+00:00,bacgiang_bacgiangcity,89.1876426395399
2025-08-21 05:00:00+00:00,angiang_longxuyen,80.90733257931973
2025-08-21 06:00:00+00:00,bacgiang_bacgiangcity,88.51943702198227
2025-08-21 07:00:00+00:00,backan_backancity,53.18593000720055
2025-08-21 08:00:00+00:00,bacgiang_bacgiangcity,87.0274225485084
2025-08-21 09:00:00+00:00,angiang_longxuyen,80.391298918568
2025-08-21 10:00:00+00:00,backan_backancity,52.012689958955754
2025-08-21 11:00:00+00:00,bacgiang_bacgiangcity,85.05815267810272
2025-08-21 12:00:00+00:00,angiang_longxuyen,80.13498577328366
2025-08-21 13:00:00+00:00,backan_backancity,50.977298957063255
2025-08-21 14:00:00+00:00,bacgiang_bacgiangcity,82.75474413186366
2025-08-21 15:00:00+00:00,backan_backancity,49.97479565306373
2025-08-21 16:00:00+00:00,angiang_longxuyen,80.43044422191291
2025-08-21 17:00:00+00:00,bacgiang_bacgiangcity,80.3617516390229
2025-08-21 18:00:00+00:00,backan_backancity,49.09270044235329
2025-08-21 19:00:00+00:00,angiang_longxuyen,81.58545663303119
2025-08-21 20:00:00+00:00,angiang_longxuyen,83.47562649688254
2025-08-21 21:00:00+00:00,bacgiang_bacgiangcity,78.16166173014442
2025-08-21 22:00:00+00:00,backan_backancity,48.460871191528675
2025-08-21 23:00:00+00:00,bacgiang_bacgiangcity,76.25476825432102
2025-08-22 00:00:00+00:00,angiang_longxuyen,85.59830095520243
2025-08-22 01:00:00+00:00,backan_backancity,48.01108876282004
2025-08-22 02:00:00+00:00,angiang_longxuyen,87.4466689625346
2025-08-22 03:00:00+00:00,bacgiang_bacgiangcity,74.75726133922579
2025-08-22 04:00:00+00:00,backan_backancity,47.48998350055378
2025-08-22 05:00:00+00:00,angiang_longxuyen,88.39286218644612
2025-08-22 06:00:00+00:00,bacgiang_bacgiangcity,73.8847928459588
2025-08-22 07:00:00+00:00,backan_backancity,46.76811837824001
2025-08-22 08:00:00+00:00,bacgiang_bacgiangcity,73.65763005148244
2025-08-22 09:00:00+00:00,backan_backancity,45.86906044186048
2025-08-22 10:00:00+00:00,angiang_longxuyen,88.37793073163351
2025-08-22 11:00:00+00:00,bacgiang_bacgiangcity,74.28839046408123
2025-08-22 12:00:00+00:00,backan_backancity,44.86943128449956
2025-08-22 13:00:00+00:00,angiang_longxuyen,87.72768135715626
2025-08-22 14:00:00+00:00,backan_backancity,44.099236501737
2025-08-22 15:00:00+00:00,angiang_longxuyen,86.44910335637927
2025-08-22 16:00:00+00:00,bacgiang_bacgiangcity,76.14711687676983
2025-08-22 17:00:00+00:00,angiang_longxuyen,84.97909451644537
2025-08-22 18:00:00+00:00,backan_backancity,43.48526426180846
2025-08-22 19:00:00+00:00,bacgiang_bacgiangcity,78.81478644682876
2025-08-22 20:00:00+00:00,backan_backancity,43.05059860102765
2025-08-22 21:00:00+00:00,bacgiang_bacgiangcity,82.38135852936415
2025-08-22 22:00:00+00:00,angiang_longxuyen,83.66669029651446
2025-08-22 23:00:00+00:00,backan_backancity,42.76639762525576
2025-08-23 00:00:00+00:00,bacgiang_bacgiangcity,86.70904983429035
2025-08-23 01:00:00+00:00,angiang_longxuyen,82.88071640088323
2025-08-23 02:00:00+00:00,bacgiang_bacgiangcity,91.17584672804689
2025-08-23 03:00:00+00:00,backan_backancity,42.4734259590759
2025-08-23 04:00:00+00:00,angiang_longxuyen,82.67269704899313
2025-08-23 05:00:00+00:00,angiang_longxuyen,82.73275762741945
2025-08-23 06:00:00+00:00,bacgiang_bacgiangcity,94.89035606381333
2025-08-23 07:00:00+00:00,backan_backancity,42.17311350239644
2025-08-23 08:00:00+00:00,bacgiang_bacgiangcity,97.19776019993017
2025-08-23 09:00:00+00:00,angiang_longxuyen,83.32478162109528
2025-08-23 10:00:00+00:00,backan_backancity,41.75851904534643
2025-08-23 11:00:00+00:00,backan_backancity,41.27160225948512
2025-08-23 12:00:00+00:00,angiang_longxuyen,84.32970475570902
2025-08-23 13:00:00+00:00,bacgiang_bacgiangcity,97.88946292271316
2025-08-23 14:00:00+00:00,backan_backancity,40.71199490971905
2025-08-23 15:00:00+00:00,angiang_longxuyen,85.65420573757393
2025-08-23 16:00:00+00:00,bacgiang_bacgiangcity,96.95423664851707
2025-08-23 17:00:00+00:00,bacgiang_bacgiangcity,94.67551599371473
2025-08-23 18:00:00+00:00,angiang_longxuyen,87.24552771614029
2025-08-23 19:00:00+00:00,backan_backancity,40.084641867303304
2025-08-23 20:00:00+00:00,bacgiang_bacgiangcity,91.55617858344586
2025-08-23 21:00:00+00:00,angiang_longxuyen,89.13337100371929
2025-08-23 22:00:00+00:00,backan_backancity,39.45680581521951
2025-08-23 23:00:00+00:00,backan_backancity,38.83538757476467
2025-08-24 00:00:00+00:00,bacgiang_bacgiangcity,88.21663539171647
2025-08-24 01:00:00+00:00,angiang_longxuyen,91.48186802424354
2025-08-24 02:00:00+00:00,backan_backancity,38.25414043541511
2025-08-24 03:00:00+00:00,bacgiang_bacgiangcity,85.18990671631707
2025-08-24 04:00:00+00:00,angiang_longxuyen,95.01392284904053
2025-08-24 05:00:00+00:00,bacgiang_bacgiangcity,82.48625292598831
2025-08-24 06:00:00+00:00,angiang_longxuyen,98.3434429923736
2025-08-24 07:00:00+00:00,backan_backancity,37.721973773523075
2025-08-24 08:00:00+00:00,backan_backancity,37.193589890318464
2025-08-24 09:00:00+00:00,bacgiang_bacgiangcity,80.07509257444529
2025-08-24 10:00:00+00:00,angiang_longxuyen,100.1853202583992
2025-08-24 11:00:00+00:00,angiang_longxuyen,101.08552683720096
2025-08-24 12:00:00+00:00,backan_backancity,36.72412840434218
2025-08-24 13:00:00+00:00,bacgiang_bacgiangcity,78.04407039620662
2025-08-24 14:00:00+00:00,backan_backancity,36.41405532654893
2025-08-24 15:00:00+00:00,angiang_longxuyen,101.65270243437095
2025-08-24 16:00:00+00:00,bacgiang_bacgiangcity,76.45440427999239
2025-08-24 17:00:00+00:00,backan_backancity,36.23254411911435
2025-08-24 18:00:00+00:00,bacgiang_bacgiangcity,75.41952019913765
2025-08-24 19:00:00+00:00,angiang_longxuyen,102.51786002635048
2025-08-24 20:00:00+00:00,backan_backancity,36.20285098021405
2025-08-24 21:00:00+00:00,angiang_longxuyen,103.73451863859867
2025-08-24 22:00:00+00:00,bacgiang_bacgiangcity,75.01429182560129
2025-08-24 23:00:00+00:00,angiang_longxuyen,105.15738359785209
2025-08-25 00:00:00+00:00,bacgiang_bacgiangcity,75.12297617432378
2025-08-25 01:00:00+00:00,backan_backancity,36.27663190257739
2025-08-25 02:00:00+00:00,angiang_longxuyen,106.49826730522469
2025-08-25 03:00:00+00:00,bacgiang_bacgiangcity,75.6351768425117
2025-08-25 04:00:00+00:00,backan_backancity,36.40810139549225
2025-08-25 05:00:00+00:00,angiang_longxuyen,107.46712380006613
2025-08-25 06:00:00+00:00,bacgiang_bacgiangcity,76.40648111282859
2025-08-25 07:00:00+00:00,backan_backancity,36.57763778897831
2025-08-25 08:00:00+00:00,bacgiang_bacgiangcity,77.51190134317763
2025-08-25 09:00:00+00:00,angiang_longxuyen,107.50728533662351
2025-08-25 10:00:00+00:00,backan_backancity,36.76057889632126
2025-08-25 11:00:00+00:00,backan_backancity,36.99604850063331
2025-08-25 12:00:00+00:00,angiang_longxuyen,106.45590368096349
2025-08-25 13:00:00+00:00,bacgiang_bacgiangcity,79.12675808737663
2025-08-25 14:00:00+00:00,angiang_longxuyen,104.52333499830365
2025-08-25 15:00:00+00:00,backan_backancity,37.31215680814023
2025-08-25 16:00:00+00:00,bacgiang_bacgiangcity,82.11642055302703
2025-08-25 17:00:00+00:00,bacgiang_bacgiangcity,85.25249711765824
2025-08-25 18:00:00+00:00,angiang_longxuyen,102.07270325211137
2025-08-25 19:00:00+00:00,backan_backancity,37.64607430380383
2025-08-25 20:00:00+00:00,backan_backancity,37.9826890019702
2025-08-25 21:00:00+00:00,bacgiang_bacgiangcity,87.56002439732906
2025-08-25 22:00:00+00:00,angiang_longxuyen,99.37351311672238
2025-08-25 23:00:00+00:00,angiang_longxuyen,96.87645296286502
2025-08-26 00:00:00+00:00,bacgiang_bacgiangcity,88.51254576523314
2025-08-26 01:00:00+00:00,backan_backancity,38.33776327754923
2025-08-26 02:00:00+00:00,angiang_longxuyen,94.6371525921592
2025-08-26 03:00:00+00:00,backan_backancity,38.71569682256674
2025-08-26 04:00:00+00:00,bacgiang_bacgiangcity,88.12402665684701
2025-08-26 05:00:00+00:00,bacgiang_bacgiangcity,86.65770734125867
2025-08-26 06:00:00+00:00,angiang_longxuyen,92.562083279786
2025-08-26 07:00:00+00:00,backan_backancity,39.10728854196003
2025-08-26 08:00:00+00:00,angiang_longxuyen,90.81686772579495
2025-08-26 09:00:00+00:00,backan_backancity,39.55182959842924
2025-08-26 10:00:00+00:00,bacgiang_bacgiangcity,84.47504045191612
2025-08-26 11:00:00+00:00,backan_backancity,40.02386873005976
2025-08-26 12:00:00+00:00,bacgiang_bacgiangcity,81.91257134401356
2025-08-26 13:00:00+00:00,angiang_longxuyen,89.39034649394446
2025-08-26 14:00:00+00:00,bacgiang_bacgiangcity,79.32966997069765
2025-08-26 15:00:00+00:00,angiang_longxuyen,88.21899544390641
2025-08-26 16:00:00+00:00,backan_backancity,40.446463931413234
2025-08-26 17:00:00+00:00,angiang_longxuyen,87.38343534534837
2025-08-26 18:00:00+00:00,backan_backancity,40.83793609395801
2025-08-26 19:00:00+00:00,bacgiang_bacgiangcity,77.114004195593
2025-08-26 20:00:00+00:00,angiang_longxuyen,86.84463327836306
2025-08-26 21:00:00+00:00,backan_backancity,41.15561298731761
2025-08-26 22:00:00+00:00,bacgiang_bacgiangcity,75.28041819701278
2025-08-26 23:00:00+00:00,backan_backancity,41.4402921904836
2025-08-27 00:00:00+00:00,bacgiang_bacgiangcity,73.91582023928868
2025-08-27 01:00:00+00:00,angiang_longxuyen,86.52782317215528
2025-08-27 02:00:00+00:00,backan_backancity,41.754372813839495
2025-08-27 03:00:00+00:00,bacgiang_bacgiangcity,72.98699264762578
2025-08-27 04:00:00+00:00,angiang_longxuyen,85.65151331734509
2025-08-27 05:00:00+00:00,backan_backancity,42.02172105624293
2025-08-27 06:00:00+00:00,bacgiang_bacgiangcity,72.39850992780333
2025-08-27 07:00:00+00:00,angiang_longxuyen,84.23081689515487
2025-08-27 08:00:00+00:00,backan_backancity,42.20921488837783
2025-08-27 09:00:00+00:00,angiang_longxuyen,82.58475820462715
2025-08-27 10:00:00+00:00,bacgiang_bacgiangcity,71.85539185858616
2025-08-27 11:00:00+00:00,backan_backancity,42.331363729381486
2025-08-27 12:00:00+00:00,angiang_longxuyen,81.02768328532153
2025-08-27 13:00:00+00:00,bacgiang_bacgiangcity,71.26103411522706
2025-08-27 14:00:00+00:00,backan_backancity,42.46246020492895
2025-08-27 15:00:00+00:00,bacgiang_bacgiangcity,70.63928350673332
2025-08-27 16:00:00+00:00,angiang_longxuyen,80.0224684319974
2025-08-27 17:00:00+00:00,angiang_longxuyen,80.07207256845149
2025-08-27 18:00:00+00:00,bacgiang_bacgiangcity,70.0359709554195
2025-08-27 19:00:00+00:00,backan_backancity,42.616487684024
2025-08-27 20:00:00+00:00,angiang_longxuyen,81.1373503913389
2025-08-27 21:00:00+00:00,backan_backancity,42.836443591671106
2025-08-27 22:00:00+00:00,bacgiang_bacgiangcity,69.54029782597203
2025-08-27 23:00:00+00:00,backan_backancity,43.09128618771855
2025-08-28 00:00:00+00:00,angiang_longxuyen,82.99529251110116
2025-08-28 01:00:00+00:00,bacgiang_bacgiangcity,69.17310287708928
2025-08-28 02:00:00+00:00,backan_backancity,43.34246077965318
2025-08-28 03:00:00+00:00,bacgiang_bacgiangcity,68.93643053088104
2025-08-28 04:00:00+00:00,angiang_longxuyen,85.13986978407131
2025-08-28 05:00:00+00:00,backan_backancity,43.55991077575514
2025-08-28 06:00:00+00:00,bacgiang_bacgiangcity,68.8992698712217
2025-08-28 07:00:00+00:00,angiang_longxuyen,87.12582261712053
2025-08-28 08:00:00+00:00,bacgiang_bacgiangcity,69.45481467927482
2025-08-28 09:00:00+00:00,angiang_longxuyen,88.38202316255862
2025-08-28 10:00:00+00:00,backan_backancity,43.7782789684538
2025-08-28 11:00:00+00:00,bacgiang_bacgiangcity,71.6465164796606
2025-08-28 12:00:00+00:00,angiang_longxuyen,88.4745326652438
2025-08-28 13:00:00+00:00,backan_backancity,44.16049743092253
2025-08-28 14:00:00+00:00,angiang_longxuyen,87.74999305622848
2025-08-28 15:00:00+00:00,bacgiang_bacgiangcity,75.99497600474453
2025-08-28 16:00:00+00:00,backan_backancity,44.8066782858444
2025-08-28 17:00:00+00:00,backan_backancity,45.70314422974785
2025-08-28 18:00:00+00:00,angiang_longxuyen,86.4954878269025
2025-08-28 19:00:00+00:00,bacgiang_bacgiangcity,82.21765411894927
2025-08-28 20:00:00+00:00,backan_backancity,46.899860460769524
2025-08-28 21:00:00+00:00,angiang_longxuyen,85.20563561530936
2025-08-28 22:00:00+00:00,bacgiang_bacgiangcity,89.6964263729969
2025-08-28 23:00:00+00:00,backan_backancity,48.246950513595245
2025-08-29 00:00:00+00:00,bacgiang_bacgiangcity,97.43975342368212
2025-08-29 01:00:00+00:00,angiang_longxuyen,84.179084646797
2025-08-29 02:00:00+00:00,backan_backancity,49.35016850679441
2025-08-29 03:00:00+00:00,bacgiang_bacgiangcity,104.38996918432507
2025-08-29 04:00:00+00:00,angiang_longxuyen,83.65397901237901
2025-08-29 05:00:00+00:00,angiang_longxuyen,83.70745918186236
2025-08-29 06:00:00+00:00,backan_backancity,49.99607677210164
2025-08-29 07:00:00+00:00,bacgiang_bacgiangcity,109.80170231117692
2025-08-29 08:00:00+00:00,angiang_longxuyen,84.17148800464156
2025-08-29 09:00:00+00:00,backan_backancity,50.234267490286165
2025-08-29 10:00:00+00:00,bacgiang_bacgiangcity,113.45313674147354
2025-08-29 11:00:00+00:00,backan_backancity,50.2287917866236
2025-08-29 12:00:00+00:00,bacgiang_bacgiangcity,115.21305061442257
2025-08-29 13:00:00+00:00,angiang_longxuyen,84.80380504740816
2025-08-29 14:00:00+00:00,angiang_longxuyen,85.5046018618744
2025-08-29 15:00:00+00:00,backan_backancity,50.09823570803148
2025-08-29 16:00:00+00:00,bacgiang_bacgiangcity,114.97132460022709
2025-08-29 17:00:00+00:00,bacgiang_bacgiangcity,113.07729065903133
2025-08-29 18:00:00+00:00,angiang_longxuyen,86.2217552487877
2025-08-29 19:00:00+00:00,backan_backancity,49.862397868625976
2025-08-29 20:00:00+00:00,angiang_longxuyen,86.94366580270392
2025-08-29 21:00:00+00:00,backan_backancity,49.52626618012766
2025-08-29 22:00:00+00:00,bacgiang_bacgiangcity,110.16702201089053
2025-08-29 23:00:00+00:00,backan_backancity,49.08894635730953
2025-08-30 00:00:00+00:00,bacgiang_bacgiangcity,106.89413945868739
2025-08-30 01:00:00+00:00,angiang_longxuyen,87.79155938575606
2025-08-30 02:00:00+00:00,backan_backancity,48.50054493614407
2025-08-30 03:00:00+00:00,bacgiang_bacgiangcity,103.51872390706458
2025-08-30 04:00:00+00:00,angiang_longxuyen,88.09724472720835
2025-08-30 05:00:00+00:00,bacgiang_bacgiangcity,100.36634008718633
2025-08-30 06:00:00+00:00,angiang_longxuyen,87.92142801246914
2025-08-30 07:00:00+00:00,backan_backancity,47.870394263472775
2025-08-30 08:00:00+00:00,angiang_longxuyen,87.5427101745253
2025-08-30 09:00:00+00:00,backan_backancity,47.21249683739521
2025-08-30 10:00:00+00:00,bacgiang_bacgiangcity,97.5577064170867
2025-08-30 11:00:00+00:00,angiang_longxuyen,87.17635212358223
2025-08-30 12:00:00+00:00,backan_backancity,46.606410567195546
2025-08-30 13:00:00+00:00,bacgiang_bacgiangcity,95.13048838521794
2025-08-30 14:00:00+00:00,backan_backancity,46.08953283509322
2025-08-30 15:00:00+00:00,angiang_longxuyen,87.21476095674021
2025-08-30 16:00:00+00:00,bacgiang_bacgiangcity,93.26603280834792
2025-08-30 17:00:00+00:00,bacgiang_bacgiangcity,92.15996457987985
2025-08-30 18:00:00+00:00,angiang_longxuyen,87.91016575733784
2025-08-30 19:00:00+00:00,backan_backancity,45.87758723629747
2025-08-30 20:00:00+00:00,angiang_longxuyen,89.17782343557033
2025-08-30 21:00:00+00:00,bacgiang_bacgiangcity,91.76761965234083
2025-08-30 22:00:00+00:00,backan_backancity,46.05559781920716
2025-08-30 23:00:00+00:00,angiang_longxuyen,90.76523590518983
2025-08-31 00:00:00+00:00,backan_backancity,46.363729293780324
2025-08-31 01:00:00+00:00,bacgiang_bacgiangcity,91.72182220594385
2025-08-31 02:00:00+00:00,bacgiang_bacgiangcity,91.5852930671993
2025-08-31 03:00:00+00:00,angiang_longxuyen,92.0838379521484
2025-08-31 04:00:00+00:00,backan_backancity,46.60266126442572
2025-08-31 05:00:00+00:00,bacgiang_bacgiangcity,91.15897845228814
2025-08-31 06:00:00+00:00,angiang_longxuyen,92.6998032047419
2025-08-31 07:00:00+00:00,backan_backancity,46.68231481918874
2025-08-31 08:00:00+00:00,backan_backancity,46.565144325357764
2025-08-31 09:00:00+00:00,bacgiang_bacgiangcity,91.15464212539204
2025-08-31 10:00:00+00:00,angiang_longxuyen,92.59849670914204
2025-08-31 11:00:00+00:00,angiang_longxuyen,92.08031580739078
2025-08-31 12:00:00+00:00,bacgiang_bacgiangcity,93.3629838479559
2025-08-31 13:00:00+00:00,backan_backancity,46.38633510269992
2025-08-31 14:00:00+00:00,angiang_longxuyen,91.573624318783
2025-08-31 15:00:00+00:00,bacgiang_bacgiangcity,97.70503213703753
2025-08-31 16:00:00+00:00,backan_backancity,46.169607229963056
2025-08-31 17:00:00+00:00,bacgiang_bacgiangcity,103.8303108734523
2025-08-31 18:00:00+00:00,angiang_longxuyen,90.96693906877222
2025-08-31 19:00:00+00:00,backan_backancity,46.11997200872835
2025-08-31 20:00:00+00:00,bacgiang_bacgiangcity,110.82938966753454
2025-08-31 21:00:00+00:00,angiang_longxuyen,90.69522819696601
2025-08-31 22:00:00+00:00,backan_backancity,46.38527822015893
2025-08-31 23:00:00+00:00,bacgiang_bacgiangcity,117.86776440659082
2025-09-01 00:00:00+00:00,angiang_longxuyen,90.79819533719191
2025-09-01 01:00:00+00:00,backan_backancity,46.93338420109666
2025-09-01 02:00:00+00:00,backan_backancity,47.60743614854727
2025-09-01 03:00:00+00:00,angiang_longxuyen,91.37812735120768
2025-09-01 04:00:00+00:00,bacgiang_bacgiangcity,124.10694614816632
2025-09-01 05:00:00+00:00,bacgiang_bacgiangcity,128.60513030136678
2025-09-01 06:00:00+00:00,backan_backancity,48.177454508683134
2025-09-01 07:00:00+00:00,angiang_longxuyen,92.40366208650755
2025-09-01 08:00:00+00:00,bacgiang_bacgiangcity,130.90008617841494
2025-09-01 09:00:00+00:00,backan_backancity,48.54601001450214
2025-09-01 10:00:00+00:00,angiang_longxuyen,93.83867902801441
2025-09-01 11:00:00+00:00,bacgiang_bacgiangcity,131.19191488112287
2025-09-01 12:00:00+00:00,angiang_longxuyen,95.88385554155025
2025-09-01 13:00:00+00:00,bacgiang_bacgiangcity,129.76090548517868
2025-09-01 14:00:00+00:00,angiang_longxuyen,98.27656109795454
2025-09-01 15:00:00+00:00,bacgiang_bacgiangcity,127.01121752589285
2025-09-01 16:00:00+00:00,angiang_longxuyen,100.90487165680184
2025-09-01 17:00:00+00:00,angiang_longxuyen,103.75957267288399
2025-09-01 18:00:00+00:00,angiang_longxuyen,106.93256996152415
2025-09-01 19:00:00+00:00,bacgiang_bacgiangcity,123.37025956334057
2025-09-01 20:00:00+00:00,angiang_longxuyen,110.27603872765192
2025-09-01 21:00:00+00:00,angiang_longxuyen,113.18133500646246
2025-09-01 22:00:00+00:00,angiang_longxuyen,115.13366666035299
2025-09-01 23:00:00+00:00,angiang_longxuyen,116.46034238129263
2025-09-02 00:00:00+00:00,angiang_longxuyen,117.51467477469735
2025-09-02 01:00:00+00:00,angiang_longxuyen,118.41681129992647
2025-09-02 02:00:00+00:00,angiang_longxuyen,119.49782519521709
2025-09-02 03:00:00+00:00,backan_backancity,48.63920218679242
2025-09-02 04:00:00+00:00,angiang_longxuyen,120.61353568351889
2025-09-02 05:00:00+00:00,backan_backancity,48.54598132085849
2025-09-02 06:00:00+00:00,angiang_longxuyen,121.51421241962748
2025-09-02 07:00:00+00:00,angiang_longxuyen,122.05411082291378
2025-09-02 08:00:00+00:00,backan_backancity,48.609284281016876
2025-09-02 09:00:00+00:00,angiang_longxuyen,121.96404984448645
2025-09-02 10:00:00+00:00,backan_backancity,48.73911345396994
2025-09-02 11:00:00+00:00,bacgiang_bacgiangcity,119.18179699079867
2025-09-02 12:00:00+00:00,angiang_longxuyen,121.12957412654455
2025-09-02 13:00:00+00:00,bacgiang_bacgiangcity,119.44258395335491
2025-09-02 14:00:00+00:00,backan_backancity,48.849832660254364
2025-09-02 15:00:00+00:00,backan_backancity,48.7771660077193
2025-09-02 16:00:00+00:00,angiang_longxuyen,119.64288112839863
2025-09-02 17:00:00+00:00,bacgiang_bacgiangcity,121.96406897358221
2025-09-02 18:00:00+00:00,bacgiang_bacgiangcity,125.89191554986127
2025-09-02 19:00:00+00:00,angiang_longxuyen,117.92947606509532
2025-09-02 20:00:00+00:00,backan_backancity,48.73082577323001
2025-09-02 21:00:00+00:00,backan_backancity,48.879817517865085
2025-09-02 22:00:00+00:00,bacgiang_bacgiangcity,130.26618381183684
2025-09-02 23:00:00+00:00,angiang_longxuyen,116.47883902132833
2025-09-03 00:00:00+00:00,bacgiang_bacgiangcity,134.39838651816711
2025-09-03 01:00:00+00:00,angiang_longxuyen,115.41162497527901
2025-09-03 02:00:00+00:00,backan_backancity,49.26553182258476
2025-09-03 03:00:00+00:00,bacgiang_bacgiangcity,138.06096753234408
2025-09-03 04:00:00+00:00,angiang_longxuyen,114.76049088012265
2025-09-03 05:00:00+00:00,backan_backancity,49.80896073960809
2025-09-03 06:00:00+00:00,angiang_longxuyen,114.52558976862535
2025-09-03 07:00:00+00:00,bacgiang_bacgiangcity,141.15770750267276
2025-09-03 08:00:00+00:00,backan_backancity,50.38731460322329
2025-09-03 09:00:00+00:00,angiang_longxuyen,114.8225695781521
2025-09-03 10:00:00+00:00,bacgiang_bacgiangcity,143.62944491822773
2025-09-03 11:00:00+00:00,backan_backancity,50.9857396705693
2025-09-03 12:00:00+00:00,backan_backancity,51.61096460108126
2025-09-03 13:00:00+00:00,angiang_longxuyen,115.51839760999354
2025-09-03 14:00:00+00:00,bacgiang_bacgiangcity,145.37108452687932
2025-09-03 15:00:00+00:00,backan_backancity,52.14184004900919
2025-09-03 16:00:00+00:00,angiang_longxuyen,116.54575379388073
2025-09-03 17:00:00+00:00,bacgiang_bacgiangcity,146.21688227837677
2025-09-03 18:00:00+00:00,angiang_longxuyen,117.642103246132
2025-09-03 19:00:00+00:00,backan_backancity,52.58913091299451
2025-09-03 20:00:00+00:00,bacgiang_bacgiangcity,146.0579194925745
2025-09-03 21:00:00+00:00,angiang_longxuyen,118.83212429363611
2025-09-03 22:00:00+00:00,backan_backancity,52.96122051925599
2025-09-03 23:00:00+00:00,bacgiang_bacgiangcity,145.00046068758078
2025-09-04 00:00:00+00:00,angiang_longxuyen,120.16910820605581
2025-09-04 01:00:00+00:00,bacgiang_bacgiangcity,143.30780351977094
2025-09-04 02:00:00+00:00,backan_backancity,53.28944710892967
2025-09-04 03:00:00+00:00,backan_backancity,53.29023140185601
2025-09-04 04:00:00+00:00,angiang_longxuyen,121.01042018459651
2025-09-04 05:00:00+00:00,bacgiang_bacgiangcity,141.1478727563129
2025-09-04 06:00:00+00:00,bacgiang_bacgiangcity,138.74080603126345
2025-09-04 07:00:00+00:00,angiang_longxuyen,120.92914663453594
2025-09-04 08:00:00+00:00,backan_backancity,52.88357551954824
2025-09-04 09:00:00+00:00,angiang_longxuyen,119.98682346581126
2025-09-04 10:00:00+00:00,backan_backancity,52.29283078415164
2025-09-04 11:00:00+00:00,bacgiang_bacgiangcity,136.060429959343
2025-09-04 12:00:00+00:00,bacgiang_bacgiangcity,133.78622915119922
2025-09-04 13:00:00+00:00,angiang_longxuyen,118.68793156090095
2025-09-04 14:00:00+00:00,backan_backancity,52.072525770506836
2025-09-04 15:00:00+00:00,angiang_longxuyen,117.32159763773622
2025-09-04 16:00:00+00:00,backan_backancity,52.5506766482341
2025-09-04 17:00:00+00:00,bacgiang_bacgiangcity,132.39773417059143
2025-09-04 18:00:00+00:00,bacgiang_bacgiangcity,132.01595567732528
2025-09-04 19:00:00+00:00,angiang_longxuyen,115.88209910776231
2025-09-04 20:00:00+00:00,backan_backancity,53.696016910306504
2025-09-04 21:00:00+00:00,backan_backancity,55.2379750616843
2025-09-04 22:00:00+00:00,bacgiang_bacgiangcity,132.4195389486259
2025-09-04 23:00:00+00:00,angiang_longxuyen,114.35047784150821
2025-09-05 00:00:00+00:00,bacgiang_bacgiangcity,133.33313499778637
2025-09-05 01:00:00+00:00,angiang_longxuyen,112.59045457404278
2025-09-05 02:00:00+00:00,backan_backancity,56.7434588097133
2025-09-05 03:00:00+00:00,angiang_longxuyen,110.26247799210768
2025-09-05 04:00:00+00:00,backan_backancity,57.88867473266323
2025-09-05 05:00:00+00:00,bacgiang_bacgiangcity,134.19738754442255
2025-09-05 06:00:00+00:00,bacgiang_bacgiangcity,134.4221615930653
2025-09-05 07:00:00+00:00,angiang_longxuyen,107.15398924499723
2025-09-05 08:00:00+00:00,backan_backancity,58.30917051575656
2025-09-05 09:00:00+00:00,backan_backancity,58.064968479228064
2025-09-05 10:00:00+00:00,bacgiang_bacgiangcity,134.43669970584628
2025-09-05 11:00:00+00:00,angiang_longxuyen,103.32114963924609
2025-09-05 12:00:00+00:00,backan_backancity,57.12353003118248
2025-09-05 13:00:00+00:00,bacgiang_bacgiangcity,134.60997105528034
2025-09-05 14:00:00+00:00,angiang_longxuyen,99.0492892903374
2025-09-05 15:00:00+00:00,backan_backancity,55.49064172308855
2025-09-05 16:00:00+00:00,bacgiang_bacgiangcity,135.64129473318593
2025-09-05 17:00:00+00:00,angiang_longxuyen,94.81023862847803
2025-09-05 18:00:00+00:00,backan_backancity,53.77220809873616
2025-09-05 19:00:00+00:00,angiang_longxuyen,90.7838819912862
2025-09-05 20:00:00+00:00,bacgiang_bacgiangcity,137.89893452667164
2025-09-05 21:00:00+00:00,backan_backancity,52.31854028885901
2025-09-05 22:00:00+00:00,angiang_longxuyen,87.05747674909125
2025-09-05 23:00:00+00:00,bacgiang_bacgiangcity,140.70272435105318
2025-09-06 00:00:00+00:00,backan_backancity,51.291422620884624
2025-09-06 01:00:00+00:00,bacgiang_bacgiangcity,143.37531248986053
2025-09-06 02:00:00+00:00,angiang_longxuyen,83.63919222135311
2025-09-06 03:00:00+00:00,angiang_longxuyen,80.37541220453566
2025-09-06 04:00:00+00:00,backan_backancity,50.612464060370435
2025-09-06 05:00:00+00:00,bacgiang_bacgiangcity,145.72663702985247
2025-09-06 06:00:00+00:00,backan_backancity,50.08794425451023
2025-09-06 07:00:00+00:00,bacgiang_bacgiangcity,147.6120915715979
2025-09-06 08:00:00+00:00,angiang_longxuyen,77.35426563839401
2025-09-06 09:00:00+00:00,bacgiang_bacgiangcity,148.88546765389543
2025-09-06 10:00:00+00:00,angiang_longxuyen,74.67630939708776
2025-09-06 11:00:00+00:00,backan_backancity,49.58304133635643
2025-09-06 12:00:00+00:00,backan_backancity,49.00495049780799
2025-09-06 13:00:00+00:00,angiang_longxuyen,72.10741530414535
2025-09-06 14:00:00+00:00,bacgiang_bacgiangcity,149.45353484626332
2025-09-06 15:00:00+00:00,bacgiang_bacgiangcity,149.3245951762633
2025-09-06 16:00:00+00:00,angiang_longxuyen,69.66764499874967
2025-09-06 17:00:00+00:00,backan_backancity,48.31080343525686
2025-09-06 18:00:00+00:00,bacgiang_bacgiangcity,148.53581647696564
2025-09-06 19:00:00+00:00,angiang_longxuyen,67.29509194473317
2025-09-06 20:00:00+00:00,backan_backancity,47.486085947291784
2025-09-06 21:00:00+00:00,angiang_longxuyen,65.13249506355295
2025-09-06 22:00:00+00:00,bacgiang_bacgiangcity,147.1728684037512
2025-09-06 23:00:00+00:00,backan_backancity,46.599337584036654
2025-09-07 00:00:00+00:00,backan_backancity,45.764328642550325
2025-09-07 01:00:00+00:00,angiang_longxuyen,63.217854303944975
2025-09-07 02:00:00+00:00,bacgiang_bacgiangcity,145.39003667850793
2025-09-07 03:00:00+00:00,angiang_longxuyen,61.98501755784615
2025-09-07 04:00:00+00:00,bacgiang_bacgiangcity,143.49635662558381
2025-09-07 05:00:00+00:00,backan_backancity,45.12011808449219
2025-09-07 06:00:00+00:00,bacgiang_bacgiangcity,141.56621651613273
2025-09-07 07:00:00+00:00,backan_backancity,44.53459080996534
2025-09-07 08:00:00+00:00,angiang_longxuyen,61.08874290490035
2025-09-07 09:00:00+00:00,angiang_longxuyen,60.48737195680661
2025-09-07 10:00:00+00:00,backan_backancity,44.21900377031799
2025-09-07 11:00:00+00:00,bacgiang_bacgiangcity,139.56429447482566
2025-09-07 12:00:00+00:00,backan_backancity,44.33860844158498
2025-09-07 13:00:00+00:00,angiang_longxuyen,60.38695376859133
2025-09-07 14:00:00+00:00,bacgiang_bacgiangcity,137.90826952540468
2025-09-07 15:00:00+00:00,angiang_longxuyen,60.99483817379284
2025-09-07 16:00:00+00:00,bacgiang_bacgiangcity,136.94566473289575
2025-09-07 17:00:00+00:00,backan_backancity,44.961528316057326
2025-09-07 18:00:00+00:00,bacgiang_bacgiangcity,136.77174060306876
2025-09-07 19:00:00+00:00,angiang_longxuyen,62.43471868789779
2025-09-07 20:00:00+00:00,backan_backancity,45.96052143098409
2025-09-07 21:00:00+00:00,backan_backancity,47.05434225588898
2025-09-07 22:00:00+00:00,bacgiang_bacgiangcity,137.24827268106696
2025-09-07 23:00:00+00:00,angiang_longxuyen,64.57216080814783
2025-09-08 00:00:00+00:00,bacgiang_bacgiangcity,137.87818424004118
2025-09-08 01:00:00+00:00,angiang_longxuyen,67.15566953025426
2025-09-08 02:00:00+00:00,backan_backancity,47.95252981841123
2025-09-08 03:00:00+00:00,angiang_longxuyen,69.97621883366239
2025-09-08 04:00:00+00:00,backan_backancity,48.4305420101942
2025-09-08 05:00:00+00:00,bacgiang_bacgiangcity,138.17220083307717
2025-09-08 06:00:00+00:00,angiang_longxuyen,72.91864438845954
2025-09-08 07:00:00+00:00,bacgiang_bacgiangcity,137.82051958085935
2025-09-08 08:00:00+00:00,backan_backancity,48.34652223932296
2025-09-08 09:00:00+00:00,angiang_longxuyen,75.73153966242492
2025-09-08 10:00:00+00:00,bacgiang_bacgiangcity,136.79164920948557
2025-09-08 11:00:00+00:00,backan_backancity,47.708939912947194
2025-09-08 12:00:00+00:00,angiang_longxuyen,78.44708218577128
2025-09-08 13:00:00+00:00,bacgiang_bacgiangcity,135.40064592619566
2025-09-08 14:00:00+00:00,backan_backancity,46.734805057966284
2025-09-08 15:00:00+00:00,angiang_longxuyen,80.98906642324712
2025-09-08 18:00:00+00:00,backan_backancity,45.76907744057384
2025-09-08 19:00:00+00:00,bacgiang_bacgiangcity,134.48102899414334
2025-09-08 20:00:00+00:00,backan_backancity,45.013889433438464
2025-09-08 21:00:00+00:00,angiang_longxuyen,83.76981525178041
2025-09-08 22:00:00+00:00,bacgiang_bacgiangcity,134.9276264284072
2025-09-08 23:00:00+00:00,angiang_longxuyen,87.34258396577498
2025-09-09 00:00:00+00:00,backan_backancity,44.47907817405701
2025-09-09 01:00:00+00:00,bacgiang_bacgiangcity,136.42893525128562
2025-09-09 02:00:00+00:00,backan_backancity,44.1441468363179
2025-09-09 03:00:00+00:00,bacgiang_bacgiangcity,138.58008336865086
2025-09-09 04:00:00+00:00,angiang_longxuyen,91.94874947342859
2025-09-09 05:00:00+00:00,bacgiang_bacgiangcity,141.0617272646748
2025-09-09 06:00:00+00:00,backan_backancity,43.99098973108013
2025-09-09 07:00:00+00:00,angiang_longxuyen,97.13258497952384
2025-09-09 08:00:00+00:00,bacgiang_bacgiangcity,143.51921828615923
2025-09-09 09:00:00+00:00,backan_backancity,43.97128676244279
2025-09-09 10:00:00+00:00,angiang_longxuyen,102.27731254378935
2025-09-09 11:00:00+00:00,bacgiang_bacgiangcity,145.2335128524156
2025-09-09 12:00:00+00:00,angiang_longxuyen,106.5676462938713
2025-09-09 13:00:00+00:00,backan_backancity,44.0525232498803
2025-09-09 14:00:00+00:00,angiang_longxuyen,109.23443973639962
2025-09-09 15:00:00+00:00,bacgiang_bacgiangcity,145.81411916705707
2025-09-09 16:00:00+00:00,backan_backancity,44.14769050130826
2025-09-09 17:00:00+00:00,angiang_longxuyen,110.20416653037532
2025-09-09 18:00:00+00:00,backan_backancity,44.188186797041524
2025-09-09 19:00:00+00:00,bacgiang_bacgiangcity,145.25135551648987
2025-09-09 20:00:00+00:00,backan_backancity,44.17519814101748
2025-09-09 21:00:00+00:00,bacgiang_bacgiangcity,143.68032353068713
2025-09-09 22:00:00+00:00,angiang_longxuyen,109.77599280646956
2025-09-09 23:00:00+00:00,angiang_longxuyen,108.18586579860424
2025-09-10 00:00:00+00:00,backan_backancity,44.09401904086726
2025-09-10 01:00:00+00:00,bacgiang_bacgiangcity,141.36176474060267
2025-09-10 02:00:00+00:00,backan_backancity,44.00245762399089
2025-09-10 03:00:00+00:00,bacgiang_bacgiangcity,138.59737128894795
2025-09-10 04:00:00+00:00,angiang_longxuyen,105.89260934743487
2025-09-10 05:00:00+00:00,bacgiang_bacgiangcity,135.6701533652835
2025-09-10 06:00:00+00:00,backan_backancity,43.72594654471631
2025-09-10 07:00:00+00:00,angiang_longxuyen,103.61756095595808
2025-09-10 08:00:00+00:00,bacgiang_bacgiangcity,132.94463023622205
2025-09-10 09:00:00+00:00,angiang_longxuyen,101.14826997241612
2025-09-10 10:00:00+00:00,backan_backancity,43.366678214890925
2025-09-10 11:00:00+00:00,angiang_longxuyen,98.74466621148429
2025-09-10 12:00:00+00:00,backan_backancity,43.02134064905598
2025-09-10 13:00:00+00:00,bacgiang_bacgiangcity,130.49587642922805
2025-09-10 14:00:00+00:00,backan_backancity,42.83685486723004
2025-09-10 15:00:00+00:00,bacgiang_bacgiangcity,128.0800724896882
2025-09-10 16:00:00+00:00,angiang_longxuyen,96.65583590584556
2025-09-10 17:00:00+00:00,backan_backancity,43.03118256882677
2025-09-10 18:00:00+00:00,angiang_longxuyen,94.92010539443245
2025-09-10 19:00:00+00:00,bacgiang_bacgiangcity,125.65211320535859
2025-09-10 20:00:00+00:00,backan_backancity,43.61056940361325
2025-09-10 21:00:00+00:00,bacgiang_bacgiangcity,123.34287506718533
2025-09-10 22:00:00+00:00,angiang_longxuyen,93.36163046443056
2025-09-10 23:00:00+00:00,backan_backancity,44.45735708581652
2025-09-11 00:00:00+00:00,angiang_longxuyen,91.74458224319805
2025-09-11 01:00:00+00:00,bacgiang_bacgiangcity,121.62047693773577
2025-09-11 02:00:00+00:00,angiang_longxuyen,90.07379082741542
2025-09-11 03:00:00+00:00,backan_backancity,45.485531636331885
2025-09-11 04:00:00+00:00,bacgiang_bacgiangcity,120.58589294457083
2025-09-11 05:00:00+00:00,bacgiang_bacgiangcity,120.10370104536334
2025-09-11 06:00:00+00:00,angiang_longxuyen,88.27356836298532
2025-09-11 07:00:00+00:00,backan_backancity,46.496494782933226
2025-09-11 08:00:00+00:00,angiang_longxuyen,86.37532362958441
2025-09-11 09:00:00+00:00,bacgiang_bacgiangcity,119.89693823595125
2025-09-11 10:00:00+00:00,backan_backancity,47.25947311431866
2025-09-11 11:00:00+00:00,bacgiang_bacgiangcity,120.2112591685727
2025-09-11 12:00:00+00:00,backan_backancity,47.564161351654235
2025-09-11 13:00:00+00:00,angiang_longxuyen,84.62479736038176
2025-09-11 14:00:00+00:00,backan_backancity,47.52704612359733
2025-09-11 15:00:00+00:00,bacgiang_bacgiangcity,121.78981008457933
2025-09-11 16:00:00+00:00,angiang_longxuyen,82.97949187799975
2025-09-11 17:00:00+00:00,bacgiang_bacgiangcity,124.2101571843632
2025-09-11 18:00:00+00:00,angiang_longxuyen,82.05494442151415
2025-09-11 19:00:00+00:00,backan_backancity,47.33418658010052
2025-09-11 20:00:00+00:00,backan_backancity,47.37978556212894
2025-09-11 21:00:00+00:00,bacgiang_bacgiangcity,127.55403431185171
2025-09-11 22:00:00+00:00,angiang_longxuyen,81.28473290079279
2025-09-11 23:00:00+00:00,backan_backancity,47.73934082839079
2025-09-12 00:00:00+00:00,bacgiang_bacgiangcity,131.55662543869323
2025-09-12 01:00:00+00:00,angiang_longxuyen,80.42696272648378
2025-09-12 02:00:00+00:00,backan_backancity,48.386315540786875
2025-09-12 03:00:00+00:00,angiang_longxuyen,79.43453567367816
2025-09-12 04:00:00+00:00,bacgiang_bacgiangcity,135.5363572960963
2025-09-12 05:00:00+00:00,bacgiang_bacgiangcity,138.86123803592227
2025-09-12 06:00:00+00:00,angiang_longxuyen,78.19135008677078
2025-09-12 07:00:00+00:00,backan_backancity,49.213993256321494
2025-09-12 08:00:00+00:00,bacgiang_bacgiangcity,141.03279211619417
2025-09-12 09:00:00+00:00,angiang_longxuyen,76.6001608163063
2025-09-12 10:00:00+00:00,backan_backancity,50.07226796053129
2025-09-12 11:00:00+00:00,angiang_longxuyen,74.62532557460166
2025-09-12 12:00:00+00:00,bacgiang_bacgiangcity,142.15092602181562
2025-09-12 13:00:00+00:00,backan_backancity,50.84323747167231
2025-09-12 14:00:00+00:00,angiang_longxuyen,72.23887045023838
2025-09-12 15:00:00+00:00,bacgiang_bacgiangcity,142.49431720215657
2025-09-12 16:00:00+00:00,backan_backancity,51.51936492601337
2025-09-12 17:00:00+00:00,backan_backancity,52.04952781512407
2025-09-12 18:00:00+00:00,angiang_longxuyen,69.53084566152745
2025-09-12 19:00:00+00:00,bacgiang_bacgiangcity,142.2485131038578
2025-09-12 20:00:00+00:00,bacgiang_bacgiangcity,141.57366969006992
2025-09-12 21:00:00+00:00,angiang_longxuyen,66.67102910678892
2025-09-12 22:00:00+00:00,backan_backancity,52.448685091892195
2025-09-12 23:00:00+00:00,bacgiang_bacgiangcity,140.74609718456202
2025-09-13 00:00:00+00:00,angiang_longxuyen,63.899199219155776
2025-09-13 01:00:00+00:00,backan_backancity,52.79589730911205
2025-09-13 02:00:00+00:00,backan_backancity,53.09599456346416
2025-09-13 03:00:00+00:00,angiang_longxuyen,61.35630156735719
2025-09-13 04:00:00+00:00,bacgiang_bacgiangcity,139.92326152139276
2025-09-13 05:00:00+00:00,backan_backancity,53.27070059508055
2025-09-13 06:00:00+00:00,angiang_longxuyen,59.232426758278066
2025-09-13 07:00:00+00:00,bacgiang_bacgiangcity,139.36051460878434
2025-09-13 08:00:00+00:00,angiang_longxuyen,57.373996846573824
2025-09-13 09:00:00+00:00,bacgiang_bacgiangcity,139.1619235099691
2025-09-13 10:00:00+00:00,backan_backancity,53.16281249496926
2025-09-13 11:00:00+00:00,angiang_longxuyen,55.86953650516822
2025-09-13 12:00:00+00:00,bacgiang_bacgiangcity,139.0498891783509
2025-09-13 13:00:00+00:00,backan_backancity,52.862456997824324
2025-09-13 14:00:00+00:00,angiang_longxuyen,54.75791605665454
2025-09-13 15:00:00+00:00,bacgiang_bacgiangcity,138.79164160325737
2025-09-13 16:00:00+00:00,backan_backancity,52.66658940401856
2025-09-13 17:00:00+00:00,angiang_longxuyen,54.04060844140664
2025-09-13 18:00:00+00:00,bacgiang_bacgiangcity,138.75592279919127
2025-09-13 19:00:00+00:00,backan_backancity,52.879147133878774
2025-09-13 20:00:00+00:00,angiang_longxuyen,53.79182498644256
2025-09-13 21:00:00+00:00,bacgiang_bacgiangcity,139.3472031492693
2025-09-13 22:00:00+00:00,backan_backancity,53.51365924038436
2025-09-13 23:00:00+00:00,backan_backancity,54.47852126619346
2025-09-14 00:00:00+00:00,angiang_longxuyen,54.04494596387122
2025-09-14 01:00:00+00:00,bacgiang_bacgiangcity,140.40458782901692
2025-09-14 02:00:00+00:00,backan_backancity,55.532668346482964
2025-09-14 03:00:00+00:00,angiang_longxuyen,54.64181679218637
2025-09-14 04:00:00+00:00,bacgiang_bacgiangcity,141.54909597542357
2025-09-14 05:00:00+00:00,backan_backancity,56.561526762171916
2025-09-14 06:00:00+00:00,bacgiang_bacgiangcity,142.45683373900619
2025-09-14 07:00:00+00:00,angiang_longxuyen,55.482134057747324
2025-09-14 08:00:00+00:00,bacgiang_bacgiangcity,143.13734653855124
2025-09-14 09:00:00+00:00,backan_backancity,57.413230621986635
2025-09-14 10:00:00+00:00,angiang_longxuyen,56.35001156803086
2025-09-14 11:00:00+00:00,angiang_longxuyen,57.307274560547555
2025-09-14 12:00:00+00:00,bacgiang_bacgiangcity,143.9294728296077
2025-09-14 13:00:00+00:00,backan_backancity,58.1929899526314
2025-09-14 14:00:00+00:00,angiang_longxuyen,58.12816622935974
2025-09-14 15:00:00+00:00,backan_backancity,58.653895950527044
2025-09-14 16:00:00+00:00,bacgiang_bacgiangcity,144.23087325360876
2025-09-14 17:00:00+00:00,backan_backancity,58.67250377843188
2025-09-14 18:00:00+00:00,bacgiang_bacgiangcity,143.7372923690105
2025-09-14 19:00:00+00:00,angiang_longxuyen,59.17116582909254
2025-09-14 20:00:00+00:00,angiang_longxuyen,60.40259658665268
2025-09-14 21:00:00+00:00,backan_backancity,58.54536702570765
2025-09-14 22:00:00+00:00,bacgiang_bacgiangcity,142.6952779177096
2025-09-14 23:00:00+00:00,backan_backancity,58.40612633763849
2025-09-15 00:00:00+00:00,bacgiang_bacgiangcity,141.4266793270792
2025-09-15 01:00:00+00:00,angiang_longxuyen,61.795429089725054
2025-09-15 02:00:00+00:00,angiang_longxuyen,63.25372614077719
2025-09-15 03:00:00+00:00,backan_backancity,58.24747918191633
2025-09-15 04:00:00+00:00,bacgiang_bacgiangcity,139.84665427513022
2025-09-15 05:00:00+00:00,angiang_longxuyen,64.62180081165647
2025-09-15 06:00:00+00:00,backan_backancity,58.1098357733435
2025-09-15 07:00:00+00:00,bacgiang_bacgiangcity,137.78462383265745
2025-09-15 08:00:00+00:00,backan_backancity,57.996763688280055
2025-09-15 09:00:00+00:00,bacgiang_bacgiangcity,135.1540049299572
2025-09-15 10:00:00+00:00,angiang_longxuyen,65.75930770901334
2025-09-15 11:00:00+00:00,angiang_longxuyen,66.73269652925944
2025-09-15 12:00:00+00:00,bacgiang_bacgiangcity,131.90648225340252
2025-09-15 13:00:00+00:00,backan_backancity,57.96244609047869
2025-09-15 14:00:00+00:00,angiang_longxuyen,67.45866484261468
2025-09-15 15:00:00+00:00,bacgiang_bacgiangcity,128.17596186448128
2025-09-15 16:00:00+00:00,backan_backancity,58.080176110360775
2025-09-15 17:00:00+00:00,backan_backancity,58.44927679540906
2025-09-15 18:00:00+00:00,bacgiang_bacgiangcity,124.17820322545722
2025-09-15 19:00:00+00:00,angiang_longxuyen,67.85314027319447
2025-09-15 20:00:00+00:00,bacgiang_bacgiangcity,120.11811840572727
2025-09-15 21:00:00+00:00,backan_backancity,59.015804095567916
2025-09-15 22:00:00+00:00,angiang_longxuyen,67.93046964282209
2025-09-15 23:00:00+00:00,angiang_longxuyen,67.72828466514014
2025-09-16 00:00:00+00:00,bacgiang_bacgiangcity,116.07104137111712
2025-09-16 01:00:00+00:00,backan_backancity,59.378319589399304
2025-09-16 02:00:00+00:00,backan_backancity,59.19558890210975
2025-09-16 03:00:00+00:00,bacgiang_bacgiangcity,111.94473221963501
2025-09-16 04:00:00+00:00,angiang_longxuyen,67.29583797946799
2025-09-16 05:00:00+00:00,backan_backancity,58.99699541215756
2025-09-16 06:00:00+00:00,angiang_longxuyen,67.01263171667586
2025-09-16 07:00:00+00:00,bacgiang_bacgiangcity,108.31319384228611
2025-09-16 08:00:00+00:00,backan_backancity,58.53719890181625
2025-09-16 09:00:00+00:00,bacgiang_bacgiangcity,104.91321712948603
2025-09-16 10:00:00+00:00,angiang_longxuyen,66.59990473759986
2025-09-16 11:00:00+00:00,angiang_longxuyen,66.31715279083213
2025-09-16 12:00:00+00:00,bacgiang_bacgiangcity,101.37590411976778
2025-09-16 13:00:00+00:00,backan_backancity,57.74152416349549
2025-09-16 14:00:00+00:00,angiang_longxuyen,66.3072654394589
2025-09-16 15:00:00+00:00,backan_backancity,56.63687627038794
2025-09-16 16:00:00+00:00,bacgiang_bacgiangcity,97.53133157851727
2025-09-16 17:00:00+00:00,bacgiang_bacgiangcity,93.4574409317036
2025-09-16 18:00:00+00:00,angiang_longxuyen,66.57880056269778
2025-09-16 19:00:00+00:00,backan_backancity,55.318484643482776
2025-09-16 20:00:00+00:00,angiang_longxuyen,66.86537593748142
2025-09-16 21:00:00+00:00,bacgiang_bacgiangcity,89.35856589246887
2025-09-16 22:00:00+00:00,backan_backancity,53.98034222520086
2025-09-16 23:00:00+00:00,backan_backancity,52.63955042715556
2025-09-17 00:00:00+00:00,angiang_longxuyen,67.13670542294082
2025-09-17 01:00:00+00:00,bacgiang_bacgiangcity,85.38982728728793
2025-09-17 02:00:00+00:00,bacgiang_bacgiangcity,81.71985287759802
2025-09-17 03:00:00+00:00,backan_backancity,51.360507350237796
2025-09-17 04:00:00+00:00,angiang_longxuyen,67.61666639135478
2025-09-17 05:00:00+00:00,backan_backancity,50.13142468918274
2025-09-17 06:00:00+00:00,angiang_longxuyen,68.29718397317379
2025-09-17 07:00:00+00:00,bacgiang_bacgiangcity,78.41488791759977
2025-09-17 08:00:00+00:00,backan_backancity,48.97270840689707
2025-09-17 09:00:00+00:00,bacgiang_bacgiangcity,75.4288121574052
2025-09-17 10:00:00+00:00,angiang_longxuyen,68.87047819095929
2025-09-17 11:00:00+00:00,bacgiang_bacgiangcity,72.72581832088031
2025-09-17 12:00:00+00:00,angiang_longxuyen,69.05843829480344
2025-09-17 13:00:00+00:00,backan_backancity,47.83095006800656
2025-09-17 14:00:00+00:00,backan_backancity,46.73231827551691
2025-09-17 15:00:00+00:00,bacgiang_bacgiangcity,70.0617187183184
2025-09-17 16:00:00+00:00,angiang_longxuyen,68.85282681784268
2025-09-17 17:00:00+00:00,bacgiang_bacgiangcity,67.45191227180985
2025-09-17 18:00:00+00:00,angiang_longxuyen,69.06649881753117
2025-09-17 19:00:00+00:00,backan_backancity,45.6756222432168
2025-09-17 20:00:00+00:00,angiang_longxuyen,69.08213446218161
2025-09-17 21:00:00+00:00,bacgiang_bacgiangcity,64.85126387989848
2025-09-17 22:00:00+00:00,backan_backancity,44.645008732991464
2025-09-17 23:00:00+00:00,bacgiang_bacgiangcity,62.30299095219011
2025-09-18 00:00:00+00:00,backan_backancity,43.67723908462617
2025-09-18 01:00:00+00:00,angiang_longxuyen,69.02560559306079
2025-09-18 02:00:00+00:00,backan_backancity,42.81473685025244
2025-09-18 03:00:00+00:00,angiang_longxuyen,68.98843536885357
2025-09-18 04:00:00+00:00,bacgiang_bacgiangcity,59.84134413465086
2025-09-18 05:00:00+00:00,backan_backancity,42.002065910345
2025-09-18 06:00:00+00:00,angiang_longxuyen,69.00877677106206
2025-09-18 07:00:00+00:00,bacgiang_bacgiangcity,57.477308310523476
2025-09-18 08:00:00+00:00,backan_backancity,41.24882428870366
2025-09-18 09:00:00+00:00,angiang_longxuyen,69.15039903155389
2025-09-18 10:00:00+00:00,bacgiang_bacgiangcity,55.271412721080495
2025-09-18 11:00:00+00:00,backan_backancity,40.52236818340643
2025-09-18 12:00:00+00:00,angiang_longxuyen,69.37562500508409
2025-09-18 13:00:00+00:00,bacgiang_bacgiangcity,53.2036674612481
2025-09-18 14:00:00+00:00,angiang_longxuyen,69.5721955931592
2025-09-18 15:00:00+00:00,bacgiang_bacgiangcity,51.287529849896565
2025-09-18 16:00:00+00:00,backan_backancity,39.80914463010423
2025-09-18 17:00:00+00:00,bacgiang_bacgiangcity,49.636368473073674
2025-09-18 18:00:00+00:00,backan_backancity,39.14809090322554
2025-09-18 19:00:00+00:00,angiang_longxuyen,69.59024389501292
2025-09-18 20:00:00+00:00,bacgiang_bacgiangcity,48.19161960409668
2025-09-18 21:00:00+00:00,backan_backancity,38.4632979685032
2025-09-18 22:00:00+00:00,angiang_longxuyen,69.19289910006847
2025-09-18 23:00:00+00:00,backan_backancity,37.768275749820845
2025-09-19 00:00:00+00:00,angiang_longxuyen,68.34455717883435
2025-09-19 01:00:00+00:00,bacgiang_bacgiangcity,46.93370461345071
2025-09-19 02:00:00+00:00,bacgiang_bacgiangcity,45.87252759046778
2025-09-19 03:00:00+00:00,angiang_longxuyen,67.05748466396946
2025-09-19 04:00:00+00:00,backan_backancity,37.100072523400186
2025-09-19 05:00:00+00:00,backan_backancity,36.4141796656714
2025-09-19 06:00:00+00:00,bacgiang_bacgiangcity,44.95586610371106
2025-09-19 07:00:00+00:00,angiang_longxuyen,65.46966928777043
2025-09-19 08:00:00+00:00,angiang_longxuyen,63.55478463219146
2025-09-19 09:00:00+00:00,backan_backancity,35.735421960662734
2025-09-19 10:00:00+00:00,bacgiang_bacgiangcity,44.12932178710048
2025-09-19 11:00:00+00:00,backan_backancity,35.048295276257136
2025-09-19 12:00:00+00:00,bacgiang_bacgiangcity,43.404687728174814
2025-09-19 13:00:00+00:00,angiang_longxuyen,61.54242766914493
2025-09-19 14:00:00+00:00,bacgiang_bacgiangcity,42.82019820709318
2025-09-19 15:00:00+00:00,angiang_longxuyen,59.73024234645115
2025-09-19 16:00:00+00:00,backan_backancity,34.409043936275935
2025-09-19 17:00:00+00:00,backan_backancity,33.89937309100286
2025-09-19 18:00:00+00:00,angiang_longxuyen,58.30515340564603
2025-09-19 19:00:00+00:00,bacgiang_bacgiangcity,42.55331862753597
2025-09-19 20:00:00+00:00,backan_backancity,33.507460959255496
2025-09-19 21:00:00+00:00,angiang_longxuyen,57.37653623403655
2025-09-19 22:00:00+00:00,bacgiang_bacgiangcity,42.51350619697629
2025-09-19 23:00:00+00:00,backan_backancity,33.2853291169652
2025-09-20 00:00:00+00:00,bacgiang_bacgiangcity,42.533883466239324
2025-09-20 01:00:00+00:00,angiang_longxuyen,56.8299510162121
2025-09-20 02:00:00+00:00,angiang_longxuyen,56.31830987407528
2025-09-20 03:00:00+00:00,bacgiang_bacgiangcity,42.51578255937225
2025-09-20 04:00:00+00:00,backan_backancity,33.28609428079578
2025-09-20 05:00:00+00:00,bacgiang_bacgiangcity,42.45003585722996
2025-09-20 06:00:00+00:00,backan_backancity,33.339732265319185
2025-09-20 07:00:00+00:00,angiang_longxuyen,55.67263115791723
2025-09-20 08:00:00+00:00,angiang_longxuyen,54.920900734841275
2025-09-20 09:00:00+00:00,bacgiang_bacgiangcity,42.35488773489777
2025-09-20 10:00:00+00:00,backan_backancity,33.37487241423841
2025-09-20 11:00:00+00:00,backan_backancity,33.34140606119857
2025-09-20 12:00:00+00:00,angiang_longxuyen,54.18741468685062
2025-09-20 13:00:00+00:00,bacgiang_bacgiangcity,42.39084087038699
2025-09-20 14:00:00+00:00,bacgiang_bacgiangcity,43.123250906740886
2025-09-20 15:00:00+00:00,backan_backancity,33.23127029233497
2025-09-20 16:00:00+00:00,angiang_longxuyen,53.52881426650371
2025-09-20 17:00:00+00:00,angiang_longxuyen,52.947897104056075
2025-09-20 18:00:00+00:00,backan_backancity,33.1399766827993
2025-09-20 19:00:00+00:00,bacgiang_bacgiangcity,44.38089330777222
2025-09-20 20:00:00+00:00,angiang_longxuyen,52.360251282173316
2025-09-20 21:00:00+00:00,bacgiang_bacgiangcity,46.30309484248107
2025-09-20 22:00:00+00:00,backan_backancity,33.138685468835206
2025-09-20 23:00:00+00:00,bacgiang_bacgiangcity,48.97789717412317
2025-09-21 00:00:00+00:00,backan_backancity,33.216340033090844
2025-09-21 01:00:00+00:00,angiang_longxuyen,51.607397024721195
2025-09-21 02:00:00+00:00,bacgiang_bacgiangcity,52.49753123792662
2025-09-21 03:00:00+00:00,backan_backancity,33.38478128584438
2025-09-21 04:00:00+00:00,angiang_longxuyen,50.70142392022284
2025-09-21 05:00:00+00:00,backan_backancity,33.6931757854843
2025-09-21 06:00:00+00:00,angiang_longxuyen,49.698997132606365
2025-09-21 07:00:00+00:00,bacgiang_bacgiangcity,56.91264131492771
2025-09-21 08:00:00+00:00,angiang_longxuyen,48.60263692023874
2025-09-21 09:00:00+00:00,backan_backancity,34.10312665453749
2025-09-21 10:00:00+00:00,bacgiang_bacgiangcity,61.944038252444834
2025-09-21 11:00:00+00:00,angiang_longxuyen,47.441075184958116
2025-09-21 12:00:00+00:00,bacgiang_bacgiangcity,67.37888694872919
2025-09-21 13:00:00+00:00,backan_backancity,34.56745676057497
2025-09-21 14:00:00+00:00,backan_backancity,35.03838162237723
2025-09-21 15:00:00+00:00,angiang_longxuyen,46.27451597340904
2025-09-21 16:00:00+00:00,bacgiang_bacgiangcity,72.65735050486553
2025-09-21 17:00:00+00:00,bacgiang_bacgiangcity,77.04351347770113
2025-09-21 18:00:00+00:00,angiang_longxuyen,45.086192633154006
2025-09-21 19:00:00+00:00,backan_backancity,35.47814040490532
2025-09-21 20:00:00+00:00,bacgiang_bacgiangcity,80.38923297622546
2025-09-21 21:00:00+00:00,angiang_longxuyen,43.92231627728589
2025-09-21 22:00:00+00:00,backan_backancity,35.89826795290519
2025-09-21 23:00:00+00:00,bacgiang_bacgiangcity,82.78853567953149
2025-09-22 00:00:00+00:00,backan_backancity,36.29781737613648
2025-09-22 01:00:00+00:00,angiang_longxuyen,42.827161197951426
2025-09-22 02:00:00+00:00,bacgiang_bacgiangcity,84.68657238401596
2025-09-22 03:00:00+00:00,angiang_longxuyen,41.80057914465844
2025-09-22 04:00:00+00:00,backan_backancity,36.69032250985252
2025-09-22 05:00:00+00:00,backan_backancity,36.899073549655625
2025-09-22 06:00:00+00:00,angiang_longxuyen,40.897241073101625
2025-09-22 07:00:00+00:00,bacgiang_bacgiangcity,85.84887058948351
2025-09-22 08:00:00+00:00,angiang_longxuyen,40.09931866602855
2025-09-22 09:00:00+00:00,bacgiang_bacgiangcity,85.9846919516848
2025-09-22 10:00:00+00:00,backan_backancity,36.95123859380517
2025-09-22 11:00:00+00:00,bacgiang_bacgiangcity,84.98982115689526
2025-09-22 12:00:00+00:00,backan_backancity,36.93298943644592
2025-09-22 13:00:00+00:00,angiang_longxuyen,39.434922129665026
2025-09-22 14:00:00+00:00,bacgiang_bacgiangcity,83.42958037224062
2025-09-22 15:00:00+00:00,angiang_longxuyen,39.00766421121898
2025-09-22 16:00:00+00:00,backan_backancity,37.02110761608469
2025-09-22 17:00:00+00:00,backan_backancity,37.39092564222415
2025-09-22 18:00:00+00:00,angiang_longxuyen,38.78174002569338
2025-09-22 19:00:00+00:00,bacgiang_bacgiangcity,81.89175888782188
2025-09-22 20:00:00+00:00,angiang_longxuyen,38.708877299926726
2025-09-22 21:00:00+00:00,bacgiang_bacgiangcity,80.69584607882231
2025-09-22 22:00:00+00:00,backan_backancity,38.11268077223727
2025-09-22 23:00:00+00:00,angiang_longxuyen,38.76591069894832
2025-09-23 00:00:00+00:00,bacgiang_bacgiangcity,79.63512337186378
2025-09-23 01:00:00+00:00,backan_backancity,39.054415721267205
2025-09-23 02:00:00+00:00,bacgiang_bacgiangcity,78.78187961984003
2025-09-23 03:00:00+00:00,angiang_longxuyen,38.87571170863606
2025-09-23 04:00:00+00:00,backan_backancity,39.96223478350683
2025-09-23 05:00:00+00:00,bacgiang_bacgiangcity,77.79901233264268
2025-09-23 06:00:00+00:00,angiang_longxuyen,38.914840274022154
2025-09-23 07:00:00+00:00,backan_backancity,40.68911651118481
2025-09-23 08:00:00+00:00,backan_backancity,41.10826847530069
2025-09-23 09:00:00+00:00,bacgiang_bacgiangcity,76.59640434012556
2025-09-23 10:00:00+00:00,angiang_longxuyen,38.89661981030656
2025-09-23 11:00:00+00:00,angiang_longxuyen,38.82135160074753
2025-09-23 12:00:00+00:00,backan_backancity,41.141457456451946
2025-09-23 13:00:00+00:00,bacgiang_bacgiangcity,75.6575865781997
2025-09-23 14:00:00+00:00,angiang_longxuyen,38.7406602925393
2025-09-23 15:00:00+00:00,backan_backancity,40.91025364049537
2025-09-23 16:00:00+00:00,bacgiang_bacgiangcity,76.09705364201739
2025-09-23 17:00:00+00:00,angiang_longxuyen,38.64005081336637
2025-09-23 18:00:00+00:00,backan_backancity,40.591366831828665
2025-09-23 19:00:00+00:00,bacgiang_bacgiangcity,78.48174171615943
2025-09-23 20:00:00+00:00,bacgiang_bacgiangcity,82.28181071500615
2025-09-23 21:00:00+00:00,angiang_longxuyen,38.5309193220304
2025-09-23 22:00:00+00:00,backan_backancity,40.29224037908659
2025-09-23 23:00:00+00:00,bacgiang_bacgiangcity,86.55467205362912
2025-09-24 00:00:00+00:00,backan_backancity,40.003979252738716
2025-09-24 01:00:00+00:00,angiang_longxuyen,38.3896031270708
2025-09-24 02:00:00+00:00,bacgiang_bacgiangcity,90.40900192818007
2025-09-24 03:00:00+00:00,angiang_longxuyen,38.20435696368821
2025-09-24 04:00:00+00:00,backan_backancity,39.73850087944625
2025-09-24 05:00:00+00:00,angiang_longxuyen,37.985615753622156
2025-09-24 06:00:00+00:00,backan_backancity,39.50639799598875
2025-09-24 07:00:00+00:00,bacgiang_bacgiangcity,93.21381874589046
2025-09-24 08:00:00+00:00,angiang_longxuyen,37.73058186661706
2025-09-24 09:00:00+00:00,backan_backancity,39.26562963214997
2025-09-24 10:00:00+00:00,bacgiang_bacgiangcity,94.59035923721399
2025-09-24 11:00:00+00:00,angiang_longxuyen,37.52257686154877
2025-09-24 12:00:00+00:00,backan_backancity,39.02324007744515
2025-09-24 13:00:00+00:00,bacgiang_bacgiangcity,94.51920139210733
2025-09-24 14:00:00+00:00,angiang_longxuyen,37.34308855599129
2025-09-24 15:00:00+00:00,backan_backancity,38.797650651095424
2025-09-24 16:00:00+00:00,bacgiang_bacgiangcity,93.14698766313202
2025-09-24 17:00:00+00:00,backan_backancity,38.597746818083365
2025-09-24 18:00:00+00:00,angiang_longxuyen,37.19141395567526
2025-09-24 19:00:00+00:00,bacgiang_bacgiangcity,90.8755115555662
2025-09-24 20:00:00+00:00,angiang_longxuyen,37.07602246775038
2025-09-24 21:00:00+00:00,backan_backancity,38.4276030758068
2025-09-24 22:00:00+00:00,bacgiang_bacgiangcity,88.21059537972886
2025-09-24 23:00:00+00:00,bacgiang_bacgiangcity,85.63071281683827
2025-09-25 00:00:00+00:00,angiang_longxuyen,37.02838623702306
2025-09-25 01:00:00+00:00,backan_backancity,38.237507686647945
2025-09-25 02:00:00+00:00,angiang_longxuyen,37.07866706523981
2025-09-25 03:00:00+00:00,bacgiang_bacgiangcity,83.6095325583704
2025-09-25 04:00:00+00:00,backan_backancity,38.06994637229957
2025-09-25 05:00:00+00:00,bacgiang_bacgiangcity,81.42213719566857
2025-09-25 06:00:00+00:00,angiang_longxuyen,37.333064909810744
2025-09-25 07:00:00+00:00,backan_backancity,37.75184863883315
2025-09-25 08:00:00+00:00,backan_backancity,37.402417446504614
2025-09-25 09:00:00+00:00,bacgiang_bacgiangcity,79.12922334959327
2025-09-25 10:00:00+00:00,angiang_longxuyen,37.70055396854087
2025-09-25 11:00:00+00:00,backan_backancity,37.07831795924211
2025-09-25 12:00:00+00:00,angiang_longxuyen,38.16058959257924
2025-09-25 13:00:00+00:00,bacgiang_bacgiangcity,76.58316700585658
2025-09-25 14:00:00+00:00,backan_backancity,36.95896674849399
2025-09-25 15:00:00+00:00,bacgiang_bacgiangcity,74.0344565000826
2025-09-25 16:00:00+00:00,angiang_longxuyen,38.87359794355409
2025-09-25 17:00:00+00:00,bacgiang_bacgiangcity,71.80926682642422
2025-09-25 18:00:00+00:00,backan_backancity,37.14273518922877
2025-09-25 19:00:00+00:00,angiang_longxuyen,39.85203206280805
2025-09-25 20:00:00+00:00,bacgiang_bacgiangcity,69.9883084221855
2025-09-25 21:00:00+00:00,backan_backancity,37.64177025725684
2025-09-25 22:00:00+00:00,angiang_longxuyen,41.16367111890837
2025-09-25 23:00:00+00:00,angiang_longxuyen,42.41509178154232
2025-09-26 00:00:00+00:00,backan_backancity,38.3055307511862
2025-09-26 01:00:00+00:00,bacgiang_bacgiangcity,68.52050181940147
2025-09-26 02:00:00+00:00,bacgiang_bacgiangcity,67.27396385846139
2025-09-26 03:00:00+00:00,backan_backancity,38.94711105857672
2025-09-26 04:00:00+00:00,angiang_longxuyen,43.45887089192751
2025-09-26 05:00:00+00:00,backan_backancity,39.38316357880046
2025-09-26 06:00:00+00:00,angiang_longxuyen,44.359803479691955
2025-09-26 07:00:00+00:00,bacgiang_bacgiangcity,66.13007023425618
2025-09-26 08:00:00+00:00,angiang_longxuyen,45.09446596707211
2025-09-26 09:00:00+00:00,backan_backancity,39.54477096209216
2025-09-26 10:00:00+00:00,bacgiang_bacgiangcity,65.27591545904664
2025-09-26 11:00:00+00:00,backan_backancity,39.405769387720056
2025-09-26 12:00:00+00:00,angiang_longxuyen,45.65428851916554
2025-09-26 13:00:00+00:00,bacgiang_bacgiangcity,65.00400014502944
2025-09-26 14:00:00+00:00,bacgiang_bacgiangcity,66.0644837382909
2025-09-26 15:00:00+00:00,angiang_longxuyen,46.174241253411985
2025-09-26 16:00:00+00:00,backan_backancity,39.06025009547534
2025-09-26 17:00:00+00:00,backan_backancity,38.76741233296583
2025-09-26 18:00:00+00:00,angiang_longxuyen,46.4865428708618
2025-09-26 19:00:00+00:00,bacgiang_bacgiangcity,68.95698235314293
2025-09-26 20:00:00+00:00,bacgiang_bacgiangcity,73.08370935581065
2025-09-26 21:00:00+00:00,angiang_longxuyen,46.67847465321403
2025-09-26 22:00:00+00:00,backan_backancity,38.64816154997048
2025-09-26 23:00:00+00:00,bacgiang_bacgiangcity,77.80825168589689
2025-09-27 00:00:00+00:00,backan_backancity,38.68412425000757
2025-09-27 01:00:00+00:00,angiang_longxuyen,46.62689782875923
2025-09-27 02:00:00+00:00,bacgiang_bacgiangcity,82.76299355441206
2025-09-27 03:00:00+00:00,angiang_longxuyen,46.35588636451691
2025-09-27 04:00:00+00:00,backan_backancity,38.914151626574636
2025-09-27 05:00:00+00:00,backan_backancity,39.313595839779225
2025-09-27 06:00:00+00:00,bacgiang_bacgiangcity,87.64121784430111
2025-09-27 07:00:00+00:00,angiang_longxuyen,45.90199118021892
2025-09-27 08:00:00+00:00,bacgiang_bacgiangcity,92.34051455025227
2025-09-27 09:00:00+00:00,backan_backancity,39.84953571581079
2025-09-27 10:00:00+00:00,angiang_longxuyen,45.364568799265626
2025-09-27 11:00:00+00:00,bacgiang_bacgiangcity,96.62690015958067
2025-09-27 12:00:00+00:00,backan_backancity,40.45850091492299
2025-09-27 13:00:00+00:00,angiang_longxuyen,44.77774552850073
2025-09-27 14:00:00+00:00,bacgiang_bacgiangcity,99.9406722748257
2025-09-27 15:00:00+00:00,backan_backancity,41.04484117601983
2025-09-27 16:00:00+00:00,angiang_longxuyen,44.16778083413483
2025-09-27 17:00:00+00:00,bacgiang_bacgiangcity,102.27444826059076
2025-09-27 18:00:00+00:00,angiang_longxuyen,43.57870989461762
2025-09-27 19:00:00+00:00,backan_backancity,41.58996301801831
2025-09-27 20:00:00+00:00,backan_backancity,42.0734222198202
2025-09-27 21:00:00+00:00,bacgiang_bacgiangcity,103.84055211309717
2025-09-27 22:00:00+00:00,angiang_longxuyen,43.05053164919247
2025-09-27 23:00:00+00:00,bacgiang_bacgiangcity,104.9175839433785
2025-09-28 00:00:00+00:00,angiang_longxuyen,42.58896091521901
2025-09-28 01:00:00+00:00,backan_backancity,42.48578335493971
2025-09-28 02:00:00+00:00,bacgiang_bacgiangcity,105.82650427363913
2025-09-28 03:00:00+00:00,angiang_longxuyen,42.22084537860259
2025-09-28 04:00:00+00:00,backan_backancity,42.907068213233316
2025-09-28 05:00:00+00:00,angiang_longxuyen,41.95207680083865
2025-09-28 06:00:00+00:00,bacgiang_bacgiangcity,107.17484347136288
2025-09-28 07:00:00+00:00,backan_backancity,43.485928997886276
2025-09-28 08:00:00+00:00,bacgiang_bacgiangcity,108.51407086804518
2025-09-28 09:00:00+00:00,angiang_longxuyen,41.7341868355341
2025-09-28 10:00:00+00:00,backan_backancity,43.97597817317901
2025-09-28 11:00:00+00:00,backan_backancity,44.42947164646594
2025-09-28 12:00:00+00:00,angiang_longxuyen,41.57237859673687
2025-09-28 13:00:00+00:00,bacgiang_bacgiangcity,109.1664310186832
2025-09-28 14:00:00+00:00,bacgiang_bacgiangcity,109.09511774967346
2025-09-28 15:00:00+00:00,backan_backancity,44.944402993074235
2025-09-28 16:00:00+00:00,angiang_longxuyen,41.50361427973775
2025-09-28 17:00:00+00:00,bacgiang_bacgiangcity,108.75969832110025
2025-09-28 18:00:00+00:00,backan_backancity,45.79023900276322
2025-09-28 19:00:00+00:00,angiang_longxuyen,41.54314933840885
2025-09-28 20:00:00+00:00,angiang_longxuyen,41.91141312551745
2025-09-28 21:00:00+00:00,backan_backancity,47.05107118051327
2025-09-28 22:00:00+00:00,bacgiang_bacgiangcity,108.5045290359642
2025-09-28 23:00:00+00:00,angiang_longxuyen,42.489312673108245
2025-09-29 00:00:00+00:00,bacgiang_bacgiangcity,108.52741221677238
2025-09-29 01:00:00+00:00,backan_backancity,48.583947793676906
2025-09-29 02:00:00+00:00,angiang_longxuyen,43.0125125713607
2025-09-29 03:00:00+00:00,backan_backancity,50.163265069082605
2025-09-29 04:00:00+00:00,bacgiang_bacgiangcity,108.78482169835772
2025-09-29 05:00:00+00:00,angiang_longxuyen,43.34080611286956
2025-09-29 06:00:00+00:00,bacgiang_bacgiangcity,109.17764096769326
2025-09-29 07:00:00+00:00,backan_backancity,51.55748921387184
2025-09-29 08:00:00+00:00,backan_backancity,52.63212355572503
2025-09-29 09:00:00+00:00,bacgiang_bacgiangcity,109.46497164286748
2025-09-29 10:00:00+00:00,angiang_longxuyen,43.51556953177323
2025-09-29 11:00:00+00:00,angiang_longxuyen,43.58101016838329
2025-09-29 12:00:00+00:00,bacgiang_bacgiangcity,110.4231295183954
2025-09-29 13:00:00+00:00,backan_backancity,53.095822401602284
2025-09-29 14:00:00+00:00,angiang_longxuyen,43.664006532631134
2025-09-29 15:00:00+00:00,backan_backancity,53.07003159823791
2025-09-29 16:00:00+00:00,bacgiang_bacgiangcity,112.86928684953153
2025-09-29 17:00:00+00:00,bacgiang_bacgiangcity,117.42369679524181
2025-09-29 18:00:00+00:00,angiang_longxuyen,43.6405112207585
2025-09-29 19:00:00+00:00,backan_backancity,52.569805743998515
2025-09-29 20:00:00+00:00,angiang_longxuyen,43.55623798936838
2025-09-29 21:00:00+00:00,backan_backancity,52.140840553755496
2025-09-29 22:00:00+00:00,bacgiang_bacgiangcity,123.61309626065889
2025-09-29 23:00:00+00:00,angiang_longxuyen,43.33896015512829
2025-09-30 00:00:00+00:00,backan_backancity,51.904012783644184
2025-09-30 01:00:00+00:00,bacgiang_bacgiangcity,130.2423059180489
2025-09-30 02:00:00+00:00,angiang_longxuyen,43.01816043688515
2025-09-30 03:00:00+00:00,backan_backancity,51.94451864392533
2025-09-30 04:00:00+00:00,bacgiang_bacgiangcity,136.72584033778205
2025-09-30 05:00:00+00:00,backan_backancity,52.11728307232162
2025-09-30 06:00:00+00:00,angiang_longxuyen,42.636860171013105
2025-09-30 07:00:00+00:00,bacgiang_bacgiangcity,142.64236683882524
2025-09-30 08:00:00+00:00,angiang_longxuyen,42.24736308760601
2025-09-30 09:00:00+00:00,backan_backancity,52.22596981218108
2025-09-30 10:00:00+00:00,bacgiang_bacgiangcity,147.72784173006835
2025-09-30 11:00:00+00:00,bacgiang_bacgiangcity,151.83463860608651
2025-09-30 12:00:00+00:00,angiang_longxuyen,41.86987429406503
2025-09-30 13:00:00+00:00,backan_backancity,52.20968616941162
2025-09-30 14:00:00+00:00,angiang_longxuyen,41.51645468526961
2025-09-30 15:00:00+00:00,backan_backancity,52.093381267163984
2025-09-30 16:00:00+00:00,bacgiang_bacgiangcity,154.983603398989
2025-09-30 17:00:00+00:00,backan_backancity,51.92154459991227
2025-09-30 18:00:00+00:00,angiang_longxuyen,41.201546728521905
2025-09-30 19:00:00+00:00,bacgiang_bacgiangcity,157.2604153287046
2025-09-30 20:00:00+00:00,bacgiang_bacgiangcity,158.84714034644506
2025-09-30 21:00:00+00:00,backan_backancity,51.74916275343126
2025-09-30 22:00:00+00:00,angiang_longxuyen,40.920832030453084
2025-09-30 23:00:00+00:00,bacgiang_bacgiangcity,159.86128848749118
2025-10-01 00:00:00+00:00,backan_backancity,51.60945340251587
2025-10-01 01:00:00+00:00,angiang_longxuyen,40.68863350151676
2025-10-01 02:00:00+00:00,angiang_longxuyen,40.566599435087696
2025-10-01 03:00:00+00:00,bacgiang_bacgiangcity,160.61091471003306
2025-10-01 04:00:00+00:00,backan_backancity,51.55292692453203
2025-10-01 05:00:00+00:00,angiang_longxuyen,40.57364372460293
2025-10-01 06:00:00+00:00,bacgiang_bacgiangcity,161.37790536925507
2025-10-01 07:00:00+00:00,backan_backancity,51.37825915110717
2025-10-01 08:00:00+00:00,bacgiang_bacgiangcity,161.86379396621905
2025-10-01 09:00:00+00:00,angiang_longxuyen,40.62785079972534
2025-10-01 10:00:00+00:00,backan_backancity,51.085230097640014
2025-10-01 11:00:00+00:00,angiang_longxuyen,40.69159851136024
2025-10-01 12:00:00+00:00,bacgiang_bacgiangcity,161.94450440352304
2025-10-01 13:00:00+00:00,backan_backancity,50.99486424924893
2025-10-01 14:00:00+00:00,backan_backancity,51.52686353155302
2025-10-01 15:00:00+00:00,angiang_longxuyen,40.82059556864756
2025-10-01 16:00:00+00:00,bacgiang_bacgiangcity,161.75870827863724
2025-10-01 17:00:00+00:00,angiang_longxuyen,41.01633404105692
2025-10-01 18:00:00+00:00,backan_backancity,52.94075238678807
2025-10-01 19:00:00+00:00,bacgiang_bacgiangcity,161.47726189265543
2025-10-01 20:00:00+00:00,bacgiang_bacgiangcity,161.58962141890166
2025-10-01 21:00:00+00:00,angiang_longxuyen,41.31889894876264
2025-10-01 22:00:00+00:00,backan_backancity,55.21659351489363
2025-10-01 23:00:00+00:00,bacgiang_bacgiangcity,162.26667185211335
2025-10-02 00:00:00+00:00,backan_backancity,58.061917388453644
2025-10-02 01:00:00+00:00,angiang_longxuyen,41.83722092759517
2025-10-02 02:00:00+00:00,backan_backancity,61.158038054306935
2025-10-02 03:00:00+00:00,angiang_longxuyen,42.49339673505395
2025-10-02 04:00:00+00:00,bacgiang_bacgiangcity,163.41315029538373
2025-10-02 05:00:00+00:00,backan_backancity,64.14987645460053
2025-10-02 06:00:00+00:00,bacgiang_bacgiangcity,164.78234401836522
2025-10-02 07:00:00+00:00,angiang_longxuyen,43.19643882713553
2025-10-02 08:00:00+00:00,angiang_longxuyen,43.88669311869861
2025-10-02 09:00:00+00:00,backan_backancity,66.8802607651231
2025-10-02 10:00:00+00:00,bacgiang_bacgiangcity,166.04594035045324
2025-10-02 11:00:00+00:00,backan_backancity,68.86188922696107
2025-10-02 12:00:00+00:00,angiang_longxuyen,44.67626089319658
2025-10-02 13:00:00+00:00,bacgiang_bacgiangcity,166.80852175310156
2025-10-02 14:00:00+00:00,backan_backancity,69.75408699137208
2025-10-02 15:00:00+00:00,angiang_longxuyen,45.51947621676584
2025-10-02 16:00:00+00:00,bacgiang_bacgiangcity,166.55899226340267
2025-10-02 17:00:00+00:00,angiang_longxuyen,46.40781229496941
2025-10-02 18:00:00+00:00,backan_backancity,69.24388770482852
2025-10-02 19:00:00+00:00,bacgiang_bacgiangcity,165.80495200201315
2025-10-02 20:00:00+00:00,bacgiang_bacgiangcity,165.58772199051248
2025-10-02 21:00:00+00:00,angiang_longxuyen,47.15182891017837
2025-10-02 22:00:00+00:00,backan_backancity,68.08248378458795
2025-10-02 23:00:00+00:00,angiang_longxuyen,47.637397094788284
2025-10-03 00:00:00+00:00,backan_backancity,66.68987365725383
2025-10-03 01:00:00+00:00,bacgiang_bacgiangcity,165.66540524841176
2025-10-03 02:00:00+00:00,bacgiang_bacgiangcity,165.9691944182464
2025-10-03 03:00:00+00:00,angiang_longxuyen,47.98757910412557
2025-10-03 04:00:00+00:00,backan_backancity,65.45479163353966
2025-10-03 05:00:00+00:00,bacgiang_bacgiangcity,166.4345383663594
2025-10-03 06:00:00+00:00,angiang_longxuyen,48.17678499033138
2025-10-03 07:00:00+00:00,backan_backancity,64.53402695574147
2025-10-03 08:00:00+00:00,angiang_longxuyen,48.178210107965825
2025-10-03 09:00:00+00:00,backan_backancity,63.78666753104768
2025-10-03 10:00:00+00:00,bacgiang_bacgiangcity,166.75379341011956
2025-10-03 11:00:00+00:00,bacgiang_bacgiangcity,166.74060389859
2025-10-03 12:00:00+00:00,angiang_longxuyen,47.98829644521674
2025-10-03 13:00:00+00:00,backan_backancity,63.19292430989
2025-10-03 14:00:00+00:00,backan_backancity,62.70449154318937
2025-10-03 15:00:00+00:00,bacgiang_bacgiangcity,166.28201252128184
2025-10-03 16:00:00+00:00,angiang_longxuyen,47.65136611697025
2025-10-03 17:00:00+00:00,bacgiang_bacgiangcity,165.41900336587037
2025-10-03 18:00:00+00:00,angiang_longxuyen,47.306812844061646
2025-10-03 19:00:00+00:00,backan_backancity,62.410018242991995
2025-10-03 20:00:00+00:00,angiang_longxuyen,46.934799754183224
2025-10-03 21:00:00+00:00,backan_backancity,62.31198640947332
2025-10-03 22:00:00+00:00,bacgiang_bacgiangcity,164.2473845084916
2025-10-03 23:00:00+00:00,angiang_longxuyen,46.60312036272407
2025-10-04 00:00:00+00:00,backan_backancity,62.36589220133744
2025-10-04 01:00:00+00:00,bacgiang_bacgiangcity,162.78717933013695
2025-10-04 02:00:00+00:00,backan_backancity,62.60074489231108
2025-10-04 03:00:00+00:00,bacgiang_bacgiangcity,161.22403092292615
2025-10-04 04:00:00+00:00,angiang_longxuyen,46.394048910566916
2025-10-04 05:00:00+00:00,bacgiang_bacgiangcity,159.67476545696633
2025-10-04 06:00:00+00:00,angiang_longxuyen,46.361476842754065
2025-10-04 07:00:00+00:00,backan_backancity,63.122428809724205
2025-10-04 08:00:00+00:00,bacgiang_bacgiangcity,158.34882261950816
2025-10-04 09:00:00+00:00,angiang_longxuyen,46.360238233803315
2025-10-04 10:00:00+00:00,backan_backancity,63.60474504805417
2025-10-04 11:00:00+00:00,bacgiang_bacgiangcity,157.24108537743467
2025-10-04 12:00:00+00:00,backan_backancity,64.11227821687558
2025-10-04 13:00:00+00:00,angiang_longxuyen,46.48948396933557
2025-10-04 14:00:00+00:00,backan_backancity,64.98301552697589
2025-10-04 15:00:00+00:00,bacgiang_bacgiangcity,156.33509792611449
2025-10-04 16:00:00+00:00,angiang_longxuyen,47.00142161245673
2025-10-04 17:00:00+00:00,backan_backancity,66.49607200579062
2025-10-04 18:00:00+00:00,bacgiang_bacgiangcity,155.7379688550065
2025-10-04 19:00:00+00:00,angiang_longxuyen,48.08893461803331
2025-10-04 20:00:00+00:00,bacgiang_bacgiangcity,155.56347802571747
2025-10-04 21:00:00+00:00,angiang_longxuyen,49.68938954425869
2025-10-04 22:00:00+00:00,backan_backancity,68.57334833758765
2025-10-04 23:00:00+00:00,bacgiang_bacgiangcity,155.69262333349695
2025-10-05 00:00:00+00:00,angiang_longxuyen,51.716136369594
2025-10-05 01:00:00+00:00,backan_backancity,71.02305620823292
2025-10-05 02:00:00+00:00,backan_backancity,73.37384752468041
2025-10-05 03:00:00+00:00,bacgiang_bacgiangcity,155.78377347481438
2025-10-05 04:00:00+00:00,angiang_longxuyen,54.008098543155015
2025-10-05 05:00:00+00:00,angiang_longxuyen,56.24034924428742
2025-10-05 06:00:00+00:00,bacgiang_bacgiangcity,155.3135420427336
2025-10-05 07:00:00+00:00,backan_backancity,75.11316294819663
2025-10-05 08:00:00+00:00,angiang_longxuyen,58.261873826479054
2025-10-05 09:00:00+00:00,backan_backancity,75.92647949508611
2025-10-05 10:00:00+00:00,bacgiang_bacgiangcity,154.14148321615224
2025-10-05 11:00:00+00:00,angiang_longxuyen,59.98388937401332
2025-10-05 12:00:00+00:00,bacgiang_bacgiangcity,152.32048416258502
2025-10-05 13:00:00+00:00,backan_backancity,75.72881376627849
2025-10-05 14:00:00+00:00,angiang_longxuyen,61.50298825595265
2025-10-05 15:00:00+00:00,backan_backancity,74.70373812927696
2025-10-05 16:00:00+00:00,bacgiang_bacgiangcity,149.87096040948649
2025-10-05 17:00:00+00:00,angiang_longxuyen,62.840901125085395
2025-10-05 18:00:00+00:00,backan_backancity,72.86615414968199
2025-10-05 19:00:00+00:00,bacgiang_bacgiangcity,146.53112071677273
2025-10-05 20:00:00+00:00,backan_backancity,70.93299403423708
2025-10-05 21:00:00+00:00,angiang_longxuyen,63.70986421155356
2025-10-05 22:00:00+00:00,bacgiang_bacgiangcity,142.81028204144525
2025-10-05 23:00:00+00:00,backan_backancity,69.22466774585922
2025-10-06 00:00:00+00:00,bacgiang_bacgiangcity,139.1404247974669
2025-10-06 01:00:00+00:00,angiang_longxuyen,64.3667908360211
2025-10-06 02:00:00+00:00,angiang_longxuyen,65.06709746740836
2025-10-06 03:00:00+00:00,backan_backancity,67.82635236571338
2025-10-06 04:00:00+00:00,bacgiang_bacgiangcity,135.67076788748494
2025-10-06 05:00:00+00:00,backan_backancity,66.70129133628822
2025-10-06 06:00:00+00:00,bacgiang_bacgiangcity,132.33413710058568
2025-10-06 07:00:00+00:00,angiang_longxuyen,65.95466838178136
2025-10-06 08:00:00+00:00,angiang_longxuyen,67.35538446344565
2025-10-06 09:00:00+00:00,backan_backancity,65.74198153052473
2025-10-06 10:00:00+00:00,bacgiang_bacgiangcity,128.88244719380046
2025-10-06 11:00:00+00:00,angiang_longxuyen,69.37141899515288
2025-10-06 12:00:00+00:00,backan_backancity,64.91783313315864
2025-10-06 13:00:00+00:00,bacgiang_bacgiangcity,125.22372427912546
2025-10-06 14:00:00+00:00,angiang_longxuyen,71.59506399432827
2025-10-06 15:00:00+00:00,bacgiang_bacgiangcity,121.17909935547861
2025-10-06 16:00:00+00:00,backan_backancity,64.1972496602611
2025-10-06 17:00:00+00:00,angiang_longxuyen,73.3509189122698
2025-10-06 18:00:00+00:00,backan_backancity,63.51948188595824
2025-10-06 19:00:00+00:00,bacgiang_bacgiangcity,116.71786424631559
2025-10-06 20:00:00+00:00,bacgiang_bacgiangcity,111.84082177587423
2025-10-06 21:00:00+00:00,angiang_longxuyen,74.16418763641987
2025-10-06 22:00:00+00:00,backan_backancity,62.7876839806688
2025-10-06 23:00:00+00:00,bacgiang_bacgiangcity,106.73691816782998
2025-10-07 00:00:00+00:00,backan_backancity,62.00108599828826
2025-10-07 01:00:00+00:00,angiang_longxuyen,73.84473891056508
2025-10-07 02:00:00+00:00,bacgiang_bacgiangcity,101.72841928100408
2025-10-07 03:00:00+00:00,backan_backancity,61.174383866637626
2025-10-07 04:00:00+00:00,angiang_longxuyen,72.6416096501884
2025-10-07 05:00:00+00:00,bacgiang_bacgiangcity,97.03055636055889
2025-10-07 06:00:00+00:00,backan_backancity,60.1182569249365
2025-10-07 07:00:00+00:00,angiang_longxuyen,71.31964327351226
2025-10-07 08:00:00+00:00,bacgiang_bacgiangcity,92.81770658205434
2025-10-07 09:00:00+00:00,angiang_longxuyen,69.81767449682997
2025-10-07 10:00:00+00:00,backan_backancity,59.13025825780034
2025-10-07 11:00:00+00:00,angiang_longxuyen,68.32319237000246
2025-10-07 12:00:00+00:00,bacgiang_bacgiangcity,88.97547944727982
2025-10-07 13:00:00+00:00,backan_backancity,58.379130401240964
2025-10-07 14:00:00+00:00,angiang_longxuyen,67.25429436574163
2025-10-07 15:00:00+00:00,bacgiang_bacgiangcity,85.80699699885521
2025-10-07 16:00:00+00:00,backan_backancity,58.23692948560225
2025-10-07 17:00:00+00:00,bacgiang_bacgiangcity,83.57469369270946
2025-10-07 18:00:00+00:00,angiang_longxuyen,66.89760129043353
2025-10-07 19:00:00+00:00,backan_backancity,58.836507080968076
2025-10-07 20:00:00+00:00,backan_backancity,60.07430782741776
2025-10-07 21:00:00+00:00,angiang_longxuyen,67.40905353274968
2025-10-07 22:00:00+00:00,bacgiang_bacgiangcity,82.38329295917332
2025-10-07 23:00:00+00:00,backan_backancity,61.65246779252971
2025-10-08 00:00:00+00:00,angiang_longxuyen,68.40956262851577
2025-10-08 01:00:00+00:00,bacgiang_bacgiangcity,81.93411548811824
2025-10-08 02:00:00+00:00,backan_backancity,63.129023565488986
2025-10-08 03:00:00+00:00,bacgiang_bacgiangcity,81.7717883725984
2025-10-08 04:00:00+00:00,angiang_longxuyen,69.44488906971006
2025-10-08 05:00:00+00:00,bacgiang_bacgiangcity,81.43645293271126
2025-10-08 06:00:00+00:00,backan_backancity,64.19803395318743
2025-10-08 07:00:00+00:00,angiang_longxuyen,70.10046470178922
2025-10-08 08:00:00+00:00,bacgiang_bacgiangcity,80.66441697448138
2025-10-08 09:00:00+00:00,angiang_longxuyen,70.22676216543678
2025-10-08 10:00:00+00:00,backan_backancity,64.56122852991845
2025-10-08 11:00:00+00:00,bacgiang_bacgiangcity,79.82069472987436
2025-10-08 12:00:00+00:00,angiang_longxuyen,69.84291533869111
2025-10-08 13:00:00+00:00,backan_backancity,64.21420760365625
2025-10-08 14:00:00+00:00,bacgiang_bacgiangcity,80.0344767218635
2025-10-08 15:00:00+00:00,angiang_longxuyen,69.08781341248667
2025-10-08 16:00:00+00:00,backan_backancity,63.1411609767515
2025-10-08 17:00:00+00:00,bacgiang_bacgiangcity,81.75949075515885
2025-10-08 18:00:00+00:00,angiang_longxuyen,67.85905116378567
2025-10-08 19:00:00+00:00,backan_backancity,61.458871778845975
2025-10-08 20:00:00+00:00,bacgiang_bacgiangcity,84.47662099345365
2025-10-08 21:00:00+00:00,angiang_longxuyen,66.45677845195355
2025-10-08 22:00:00+00:00,backan_backancity,59.766200264214305
2025-10-08 23:00:00+00:00,bacgiang_bacgiangcity,87.25096516161132
2025-10-09 00:00:00+00:00,angiang_longxuyen,65.04370258328848
2025-10-09 01:00:00+00:00,backan_backancity,58.28572780889727
2025-10-09 02:00:00+00:00,bacgiang_bacgiangcity,89.31461679495013
2025-10-09 03:00:00+00:00,backan_backancity,57.072393175930266
2025-10-09 04:00:00+00:00,angiang_longxuyen,63.72707561546759
2025-10-09 05:00:00+00:00,bacgiang_bacgiangcity,90.47268986139072
2025-10-09 06:00:00+00:00,angiang_longxuyen,62.42725355827573
2025-10-09 07:00:00+00:00,backan_backancity,56.09737360027026
2025-10-09 08:00:00+00:00,angiang_longxuyen,61.316015691677336
2025-10-09 09:00:00+00:00,backan_backancity,55.312564188343686
2025-10-09 10:00:00+00:00,bacgiang_bacgiangcity,90.63354403653669
2025-10-09 11:00:00+00:00,backan_backancity,54.69092118101362
2025-10-09 12:00:00+00:00,angiang_longxuyen,60.362095508645474
2025-10-09 13:00:00+00:00,bacgiang_bacgiangcity,89.97658034944612
2025-10-09 14:00:00+00:00,angiang_longxuyen,59.52702439759791
2025-10-09 15:00:00+00:00,bacgiang_bacgiangcity,89.00577754383369
2025-10-09 16:00:00+00:00,backan_backancity,54.201857154152755
2025-10-09 17:00:00+00:00,angiang_longxuyen,58.759995480184365
2025-10-09 18:00:00+00:00,bacgiang_bacgiangcity,88.10365297428942
2025-10-09 19:00:00+00:00,backan_backancity,53.78689924428323
2025-10-09 20:00:00+00:00,backan_backancity,53.414647040707756
2025-10-09 21:00:00+00:00,bacgiang_bacgiangcity,87.56623657117855
2025-10-09 22:00:00+00:00,angiang_longxuyen,58.02224364383825
2025-10-09 23:00:00+00:00,bacgiang_bacgiangcity,87.58577933363887
2025-10-10 00:00:00+00:00,backan_backancity,53.11288555502414
2025-10-10 01:00:00+00:00,angiang_longxuyen,57.327398369291714
2025-10-10 02:00:00+00:00,backan_backancity,52.93410502600994
2025-10-10 03:00:00+00:00,bacgiang_bacgiangcity,88.39607587453455
2025-10-10 04:00:00+00:00,angiang_longxuyen,56.75855644854537
2025-10-10 05:00:00+00:00,bacgiang_bacgiangcity,89.56055718805621
2025-10-10 06:00:00+00:00,angiang_longxuyen,56.16270424457967
2025-10-10 07:00:00+00:00,backan_backancity,52.7774042557818
2025-10-10 08:00:00+00:00,backan_backancity,52.521672156781314
2025-10-10 09:00:00+00:00,bacgiang_bacgiangcity,90.80103600791293
2025-10-10 10:00:00+00:00,angiang_longxuyen,55.668580571889116
2025-10-10 11:00:00+00:00,bacgiang_bacgiangcity,91.63100204152836
2025-10-10 12:00:00+00:00,angiang_longxuyen,55.39892727344607
2025-10-10 13:00:00+00:00,bacgiang_bacgiangcity,92.17176603639801
2025-10-10 14:00:00+00:00,angiang_longxuyen,55.60019405453134
2025-10-10 15:00:00+00:00,bacgiang_bacgiangcity,92.6978209521933
2025-10-10 16:00:00+00:00,angiang_longxuyen,56.495875705508446
2025-10-10 17:00:00+00:00,angiang_longxuyen,57.912777393326394
2025-10-10 18:00:00+00:00,backan_backancity,52.227045823817825
2025-10-10 19:00:00+00:00,bacgiang_bacgiangcity,93.44087991704555
2025-10-10 20:00:00+00:00,backan_backancity,52.33049597371177
2025-10-10 21:00:00+00:00,bacgiang_bacgiangcity,94.31077315579526
2025-10-10 22:00:00+00:00,angiang_longxuyen,59.52930075999387
2025-10-10 23:00:00+00:00,bacgiang_bacgiangcity,95.1456685182755
2025-10-11 00:00:00+00:00,backan_backancity,52.866311510620854
2025-10-11 01:00:00+00:00,angiang_longxuyen,60.92204239986137
2025-10-11 02:00:00+00:00,bacgiang_bacgiangcity,95.55589317251182
2025-10-11 03:00:00+00:00,angiang_longxuyen,61.76964306863462
2025-10-11 04:00:00+00:00,backan_backancity,53.56183586806703
2025-10-11 05:00:00+00:00,bacgiang_bacgiangcity,95.34585928772401
2025-10-11 06:00:00+00:00,angiang_longxuyen,61.912341340763206
2025-10-11 07:00:00+00:00,backan_backancity,54.09184572441162
2025-10-11 08:00:00+00:00,angiang_longxuyen,61.531452350450095
2025-10-11 09:00:00+00:00,bacgiang_bacgiangcity,95.15694870693407
2025-10-11 10:00:00+00:00,backan_backancity,54.30657460664109
2025-10-11 11:00:00+00:00,backan_backancity,54.108325440412656
2025-10-11 12:00:00+00:00,angiang_longxuyen,60.78718227472226
2025-10-11 13:00:00+00:00,bacgiang_bacgiangcity,96.19703171734703
2025-10-11 14:00:00+00:00,backan_backancity,53.701516525338775
2025-10-11 15:00:00+00:00,angiang_longxuyen,59.74071552638217
2025-10-11 16:00:00+00:00,bacgiang_bacgiangcity,99.22568525800773
2025-10-11 17:00:00+00:00,angiang_longxuyen,58.64526394606335
2025-10-11 18:00:00+00:00,backan_backancity,53.28553042657191
2025-10-11 19:00:00+00:00,bacgiang_bacgiangcity,103.70942993282729
2025-10-11 20:00:00+00:00,backan_backancity,52.97132546409354
2025-10-11 21:00:00+00:00,bacgiang_bacgiangcity,108.46525491011501
2025-10-11 22:00:00+00:00,angiang_longxuyen,57.56878842874284
2025-10-11 23:00:00+00:00,angiang_longxuyen,56.53653938082965
2025-10-12 00:00:00+00:00,backan_backancity,52.82497353467396
2025-10-12 01:00:00+00:00,bacgiang_bacgiangcity,112.1448285391732
2025-10-12 02:00:00+00:00,backan_backancity,52.788322187189344
2025-10-12 03:00:00+00:00,bacgiang_bacgiangcity,114.24223704869377
2025-10-12 04:00:00+00:00,angiang_longxuyen,55.58064890093405
2025-10-12 05:00:00+00:00,bacgiang_bacgiangcity,114.91510897004942
2025-10-12 06:00:00+00:00,angiang_longxuyen,54.645996499610895
2025-10-12 07:00:00+00:00,backan_backancity,52.860539305973944
2025-10-12 08:00:00+00:00,bacgiang_bacgiangcity,114.56155426201518
2025-10-12 09:00:00+00:00,backan_backancity,53.0133568697619
2025-10-12 10:00:00+00:00,angiang_longxuyen,53.785015028350436
2025-10-12 11:00:00+00:00,backan_backancity,53.153735739029045
2025-10-12 12:00:00+00:00,bacgiang_bacgiangcity,113.6218194990611
2025-10-12 13:00:00+00:00,angiang_longxuyen,53.05227979736854
2025-10-12 14:00:00+00:00,backan_backancity,53.23859719011392
2025-10-12 15:00:00+00:00,bacgiang_bacgiangcity,112.39987557743163
2025-10-12 16:00:00+00:00,angiang_longxuyen,52.40807402158435
2025-10-12 17:00:00+00:00,bacgiang_bacgiangcity,111.14518623055893
2025-10-12 18:00:00+00:00,angiang_longxuyen,51.85721345085655
2025-10-12 19:00:00+00:00,backan_backancity,53.220821477874836
2025-10-12 20:00:00+00:00,backan_backancity,53.11624271133079
2025-10-12 21:00:00+00:00,bacgiang_bacgiangcity,109.95535139284638
2025-10-12 22:00:00+00:00,angiang_longxuyen,51.40415516449825
2025-10-12 23:00:00+00:00,bacgiang_bacgiangcity,109.00226452104876
2025-10-13 00:00:00+00:00,angiang_longxuyen,51.04111840280728
2025-10-13 01:00:00+00:00,backan_backancity,53.01920559079187
2025-10-13 02:00:00+00:00,backan_backancity,53.05128986666273
2025-10-13 03:00:00+00:00,bacgiang_bacgiangcity,108.3251710473716
2025-10-13 04:00:00+00:00,angiang_longxuyen,50.9164540857106
2025-10-13 05:00:00+00:00,angiang_longxuyen,50.95236418073434
2025-10-13 06:00:00+00:00,backan_backancity,53.21177341557827
2025-10-13 07:00:00+00:00,bacgiang_bacgiangcity,107.68035732501265
2025-10-13 08:00:00+00:00,angiang_longxuyen,51.18453879830096
2025-10-13 09:00:00+00:00,backan_backancity,53.70784347376285
2025-10-13 10:00:00+00:00,bacgiang_bacgiangcity,106.94890247315546
2025-10-13 11:00:00+00:00,backan_backancity,54.74864322748274
2025-10-13 12:00:00+00:00,bacgiang_bacgiangcity,106.32624278427471
2025-10-13 13:00:00+00:00,angiang_longxuyen,51.857782541455535
2025-10-13 14:00:00+00:00,bacgiang_bacgiangcity,106.10322637075137
2025-10-13 15:00:00+00:00,angiang_longxuyen,53.16591619075703
2025-10-13 16:00:00+00:00,backan_backancity,56.319691951244266
2025-10-13 17:00:00+00:00,bacgiang_bacgiangcity,106.34809269501949
2025-10-13 18:00:00+00:00,angiang_longxuyen,55.08968631131857
2025-10-13 19:00:00+00:00,backan_backancity,58.37068490546097
2025-10-13 20:00:00+00:00,angiang_longxuyen,57.29654313782372
2025-10-13 21:00:00+00:00,backan_backancity,60.61777500263262
2025-10-13 22:00:00+00:00,bacgiang_bacgiangcity,106.84794881970483
2025-10-13 23:00:00+00:00,bacgiang_bacgiangcity,107.20962793865773
2025-10-14 00:00:00+00:00,angiang_longxuyen,59.32931562832482
2025-10-14 01:00:00+00:00,backan_backancity,62.73666189999117
2025-10-14 02:00:00+00:00,backan_backancity,64.32663886401158
2025-10-14 03:00:00+00:00,bacgiang_bacgiangcity,107.00441077512802
2025-10-14 04:00:00+00:00,angiang_longxuyen,60.80733955938401
2025-10-14 05:00:00+00:00,backan_backancity,65.15980184775665
2025-10-14 06:00:00+00:00,bacgiang_bacgiangcity,106.05297304060977
2025-10-14 07:00:00+00:00,angiang_longxuyen,61.63266917841354
2025-10-14 08:00:00+00:00,bacgiang_bacgiangcity,104.62051633429111
2025-10-14 09:00:00+00:00,angiang_longxuyen,61.89421174025248
2025-10-14 10:00:00+00:00,backan_backancity,65.29896601944276
2025-10-14 11:00:00+00:00,angiang_longxuyen,61.750858296593975
2025-10-14 12:00:00+00:00,backan_backancity,64.78131834123592
2025-10-14 13:00:00+00:00,bacgiang_bacgiangcity,103.42719985170338
2025-10-14 14:00:00+00:00,backan_backancity,63.826986882645116
2025-10-14 15:00:00+00:00,angiang_longxuyen,61.376645360702646
2025-10-14 16:00:00+00:00,bacgiang_bacgiangcity,102.81951241640982
2025-10-14 17:00:00+00:00,backan_backancity,62.790491175472226
2025-10-14 18:00:00+00:00,bacgiang_bacgiangcity,102.90252402415585
2025-10-14 19:00:00+00:00,angiang_longxuyen,61.02940923211308
2025-10-14 20:00:00+00:00,angiang_longxuyen,60.73079926495665
2025-10-14 21:00:00+00:00,backan_backancity,61.814596443681
2025-10-14 22:00:00+00:00,bacgiang_bacgiangcity,103.38487881956947
2025-10-14 23:00:00+00:00,angiang_longxuyen,60.51886323070878
2025-10-15 00:00:00+00:00,backan_backancity,61.03508100900723
2025-10-15 01:00:00+00:00,bacgiang_bacgiangcity,104.1383825696012
2025-10-15 02:00:00+00:00,backan_backancity,60.476980075532595
2025-10-15 03:00:00+00:00,bacgiang_bacgiangcity,104.92094528417485
2025-10-15 04:00:00+00:00,angiang_longxuyen,60.370665343547934
2025-10-15 05:00:00+00:00,angiang_longxuyen,60.252667516325154
2025-10-15 06:00:00+00:00,backan_backancity,60.108596731575474
2025-10-15 07:00:00+00:00,bacgiang_bacgiangcity,105.48415663777828
2025-10-15 08:00:00+00:00,bacgiang_bacgiangcity,105.787917674392
2025-10-15 09:00:00+00:00,angiang_longxuyen,60.11509105958749
2025-10-15 10:00:00+00:00,backan_backancity,59.837657001442274
2025-10-15 11:00:00+00:00,bacgiang_bacgiangcity,105.8620089215003
2025-10-15 12:00:00+00:00,backan_backancity,59.59796464924024
2025-10-15 13:00:00+00:00,angiang_longxuyen,59.95460272839801
2025-10-15 14:00:00+00:00,bacgiang_bacgiangcity,105.69034957199955
2025-10-15 15:00:00+00:00,angiang_longxuyen,59.803831977856845
2025-10-15 16:00:00+00:00,backan_backancity,59.36809030543929
2025-10-15 17:00:00+00:00,bacgiang_bacgiangcity,105.50255852901152
2025-10-15 18:00:00+00:00,backan_backancity,59.16555622175962
2025-10-15 19:00:00+00:00,angiang_longxuyen,59.6328417730927
2025-10-15 20:00:00+00:00,angiang_longxuyen,59.51803372258863
2025-10-15 21:00:00+00:00,backan_backancity,59.02335530612092
2025-10-15 22:00:00+00:00,bacgiang_bacgiangcity,105.37494197970955
2025-10-15 23:00:00+00:00,bacgiang_bacgiangcity,105.518816354974
2025-10-16 00:00:00+00:00,backan_backancity,58.94675284213233
2025-10-16 01:00:00+00:00,angiang_longxuyen,59.495614422352745
2025-10-16 02:00:00+00:00,backan_backancity,58.95802466181151
2025-10-16 03:00:00+00:00,angiang_longxuyen,59.95587959554028
2025-10-16 04:00:00+00:00,bacgiang_bacgiangcity,105.74584614245636
2025-10-16 05:00:00+00:00,angiang_longxuyen,60.76499252363554
2025-10-16 06:00:00+00:00,bacgiang_bacgiangcity,106.07345230680922
2025-10-16 07:00:00+00:00,backan_backancity,58.91572544880245
2025-10-16 08:00:00+00:00,backan_backancity,58.956776488312876
2025-10-16 09:00:00+00:00,bacgiang_bacgiangcity,106.51231926997032
2025-10-16 10:00:00+00:00,angiang_longxuyen,61.889716402747844
2025-10-16 11:00:00+00:00,bacgiang_bacgiangcity,106.92875086744401
2025-10-16 12:00:00+00:00,angiang_longxuyen,63.406462405908144
2025-10-16 13:00:00+00:00,backan_backancity,59.343882434749425
2025-10-16 14:00:00+00:00,angiang_longxuyen,65.42509371236541
2025-10-16 15:00:00+00:00,bacgiang_bacgiangcity,107.26933761773361
2025-10-16 16:00:00+00:00,backan_backancity,60.231974616982
2025-10-16 17:00:00+00:00,bacgiang_bacgiangcity,107.66850445904963
2025-10-16 18:00:00+00:00,angiang_longxuyen,67.86422080191599
2025-10-16 19:00:00+00:00,backan_backancity,61.520687451808676
2025-10-16 20:00:00+00:00,backan_backancity,62.946522427348604
2025-10-16 21:00:00+00:00,bacgiang_bacgiangcity,108.08195834376467
2025-10-16 22:00:00+00:00,angiang_longxuyen,70.49827337730595
2025-10-16 23:00:00+00:00,angiang_longxuyen,73.05771769694076
2025-10-17 00:00:00+00:00,backan_backancity,64.24640187182776
2025-10-17 01:00:00+00:00,bacgiang_bacgiangcity,108.31342548368013
2025-10-17 02:00:00+00:00,angiang_longxuyen,75.13672521190445
2025-10-17 03:00:00+00:00,bacgiang_bacgiangcity,107.92951110731504
2025-10-17 04:00:00+00:00,backan_backancity,65.04650499581797
2025-10-17 05:00:00+00:00,backan_backancity,65.09521245590811
2025-10-17 06:00:00+00:00,angiang_longxuyen,76.43409396256452
2025-10-17 07:00:00+00:00,bacgiang_bacgiangcity,106.75161544066555
2025-10-17 08:00:00+00:00,bacgiang_bacgiangcity,106.21061621769641
2025-10-17 09:00:00+00:00,angiang_longxuyen,76.87160985861424
2025-10-17 10:00:00+00:00,backan_backancity,64.57983157554935
2025-10-17 11:00:00+00:00,bacgiang_bacgiangcity,107.8132202529971
2025-10-17 12:00:00+00:00,angiang_longxuyen,76.71491147952307
2025-10-17 13:00:00+00:00,backan_backancity,63.63855572481777
2025-10-17 14:00:00+00:00,angiang_longxuyen,76.15450309887186
2025-10-17 15:00:00+00:00,backan_backancity,62.17956524404417
2025-10-17 16:00:00+00:00,bacgiang_bacgiangcity,111.60758788462967
2025-10-17 17:00:00+00:00,angiang_longxuyen,75.35650895768967
2025-10-17 18:00:00+00:00,backan_backancity,60.71134497456424
2025-10-17 19:00:00+00:00,bacgiang_bacgiangcity,117.25797187408682
2025-10-17 20:00:00+00:00,bacgiang_bacgiangcity,123.66452842132696
2025-10-17 21:00:00+00:00,angiang_longxuyen,74.3704279824039
2025-10-17 22:00:00+00:00,backan_backancity,59.390849147124996
2025-10-17 23:00:00+00:00,backan_backancity,58.36244026518651
2025-10-18 00:00:00+00:00,bacgiang_bacgiangcity,130.04389654564346
2025-10-18 01:00:00+00:00,angiang_longxuyen,73.13811728643859
2025-10-18 02:00:00+00:00,angiang_longxuyen,71.72932155295081
2025-10-18 03:00:00+00:00,bacgiang_bacgiangcity,136.00883878806638
2025-10-18 04:00:00+00:00,backan_backancity,57.595693501935486
2025-10-18 05:00:00+00:00,bacgiang_bacgiangcity,141.424015600494
2025-10-18 06:00:00+00:00,angiang_longxuyen,70.28750421789971
2025-10-18 07:00:00+00:00,backan_backancity,57.08066172757444
2025-10-18 08:00:00+00:00,bacgiang_bacgiangcity,146.0761973435774
2025-10-18 09:00:00+00:00,angiang_longxuyen,68.87978927832262
2025-10-18 10:00:00+00:00,backan_backancity,56.79242451259626
2025-10-18 11:00:00+00:00,angiang_longxuyen,67.51762788917151
2025-10-18 12:00:00+00:00,backan_backancity,56.60865607186149
2025-10-18 13:00:00+00:00,bacgiang_bacgiangcity,149.75078186534654
2025-10-18 14:00:00+00:00,bacgiang_bacgiangcity,152.36163084757428
2025-10-18 15:00:00+00:00,angiang_longxuyen,66.24511022504637
2025-10-18 16:00:00+00:00,backan_backancity,56.490844753322406
2025-10-18 17:00:00+00:00,bacgiang_bacgiangcity,154.0713559510799
2025-10-18 18:00:00+00:00,angiang_longxuyen,65.10866977477838
2025-10-18 19:00:00+00:00,backan_backancity,56.46901845505521
2025-10-18 20:00:00+00:00,bacgiang_bacgiangcity,155.09509255137795
2025-10-18 21:00:00+00:00,backan_backancity,56.567686331008055
2025-10-18 22:00:00+00:00,angiang_longxuyen,64.15732723740076
2025-10-18 23:00:00+00:00,angiang_longxuyen,63.38473175311977
2025-10-19 00:00:00+00:00,backan_backancity,56.81022413620504
2025-10-19 01:00:00+00:00,bacgiang_bacgiangcity,155.77483062254453
2025-10-19 02:00:00+00:00,backan_backancity,56.852241195051576
2025-10-19 03:00:00+00:00,bacgiang_bacgiangcity,156.1132147620691
2025-10-19 04:00:00+00:00,angiang_longxuyen,62.69099596612757
2025-10-19 05:00:00+00:00,backan_backancity,56.60088487670719
2025-10-19 06:00:00+00:00,bacgiang_bacgiangcity,156.15484923900036
2025-10-19 07:00:00+00:00,angiang_longxuyen,62.15193804748642
2025-10-19 08:00:00+00:00,backan_backancity,56.168160819146465
2025-10-19 09:00:00+00:00,bacgiang_bacgiangcity,155.7860307081146
2025-10-19 10:00:00+00:00,angiang_longxuyen,61.88506803247709
2025-10-19 11:00:00+00:00,backan_backancity,56.152594517468174
2025-10-19 12:00:00+00:00,bacgiang_bacgiangcity,155.2300052815304
2025-10-19 13:00:00+00:00,angiang_longxuyen,62.20717331150616
2025-10-19 14:00:00+00:00,bacgiang_bacgiangcity,154.83888222498334
2025-10-19 15:00:00+00:00,angiang_longxuyen,63.18815160049678
2025-10-19 16:00:00+00:00,backan_backancity,56.92333447946002
2025-10-19 17:00:00+00:00,bacgiang_bacgiangcity,154.77604314539724
2025-10-19 18:00:00+00:00,angiang_longxuyen,64.63037064655893
2025-10-19 19:00:00+00:00,backan_backancity,58.38911100695604
2025-10-19 20:00:00+00:00,bacgiang_bacgiangcity,155.11595761258297
2025-10-19 21:00:00+00:00,backan_backancity,60.30627680720492
2025-10-19 22:00:00+00:00,angiang_longxuyen,66.24467264698077
2025-10-19 23:00:00+00:00,angiang_longxuyen,67.67790101803365
2025-10-20 00:00:00+00:00,backan_backancity,62.41799029365181
2025-10-20 01:00:00+00:00,bacgiang_bacgiangcity,155.790057382773
2025-10-20 02:00:00+00:00,backan_backancity,64.38159197386881
2025-10-20 03:00:00+00:00,bacgiang_bacgiangcity,156.57750660991505
2025-10-20 04:00:00+00:00,angiang_longxuyen,68.56285363742388
2025-10-20 05:00:00+00:00,bacgiang_bacgiangcity,156.93915172988918
2025-10-20 06:00:00+00:00,angiang_longxuyen,68.75282946973421
2025-10-20 07:00:00+00:00,backan_backancity,65.97319969330313
2025-10-20 08:00:00+00:00,bacgiang_bacgiangcity,157.2418122830737
2025-10-20 09:00:00+00:00,angiang_longxuyen,68.39378590678406
2025-10-20 10:00:00+00:00,backan_backancity,67.28094119614146
2025-10-20 11:00:00+00:00,bacgiang_bacgiangcity,157.5497620312371
2025-10-20 12:00:00+00:00,angiang_longxuyen,67.86724319904678
2025-10-20 13:00:00+00:00,backan_backancity,68.26983175736764
2025-10-20 14:00:00+00:00,bacgiang_bacgiangcity,158.05718999003182
2025-10-20 15:00:00+00:00,angiang_longxuyen,67.48285597534576
2025-10-20 16:00:00+00:00,backan_backancity,69.0897837093504
2025-10-20 17:00:00+00:00,angiang_longxuyen,67.142374808698
2025-10-20 18:00:00+00:00,backan_backancity,70.12150670713007
2025-10-20 19:00:00+00:00,bacgiang_bacgiangcity,159.25992232167138
2025-10-20 20:00:00+00:00,backan_backancity,71.52758371788234
2025-10-20 21:00:00+00:00,bacgiang_bacgiangcity,160.82681524937811
2025-10-20 22:00:00+00:00,angiang_longxuyen,66.84477868361708
2025-10-20 23:00:00+00:00,backan_backancity,73.51386772340197
2025-10-21 00:00:00+00:00,bacgiang_bacgiangcity,162.31159175124213
2025-10-21 01:00:00+00:00,angiang_longxuyen,66.47296405810721
2025-10-21 02:00:00+00:00,backan_backancity,76.22227748516518
2025-10-21 03:00:00+00:00,bacgiang_bacgiangcity,163.47781142134139
2025-10-21 04:00:00+00:00,angiang_longxuyen,66.12757149612194
2025-10-21 05:00:00+00:00,backan_backancity,79.52178347945964
2025-10-21 06:00:00+00:00,angiang_longxuyen,65.88690834230987
2025-10-21 07:00:00+00:00,bacgiang_bacgiangcity,164.136435753058
2025-10-21 08:00:00+00:00,angiang_longxuyen,65.7013130729296
2025-10-21 09:00:00+00:00,backan_backancity,83.16610338059252
2025-10-21 10:00:00+00:00,bacgiang_bacgiangcity,164.25747988878126
2025-10-21 11:00:00+00:00,angiang_longxuyen,65.59208593611478
2025-10-21 12:00:00+00:00,backan_backancity,86.71048451647269
2025-10-21 13:00:00+00:00,bacgiang_bacgiangcity,163.84319627953744
2025-10-21 14:00:00+00:00,angiang_longxuyen,65.45463860077354
2025-10-21 15:00:00+00:00,backan_backancity,89.86671597462868
2025-10-21 16:00:00+00:00,bacgiang_bacgiangcity,163.08465111609542
2025-10-21 17:00:00+00:00,angiang_longxuyen,65.34042355223818
2025-10-21 18:00:00+00:00,backan_backancity,92.50567874978766
2025-10-21 19:00:00+00:00,bacgiang_bacgiangcity,162.120951182854
2025-10-21 20:00:00+00:00,backan_backancity,94.49722923448493
2025-10-21 21:00:00+00:00,bacgiang_bacgiangcity,161.3193033843808
2025-10-21 22:00:00+00:00,angiang_longxuyen,65.41467791972168
2025-10-21 23:00:00+00:00,bacgiang_bacgiangcity,160.8279677773979
2025-10-22 00:00:00+00:00,angiang_longxuyen,65.8000574652655
2025-10-22 01:00:00+00:00,backan_backancity,95.87927531868316
2025-10-22 02:00:00+00:00,bacgiang_bacgiangcity,160.5644979591607
2025-10-22 03:00:00+00:00,angiang_longxuyen,66.43006706085552
2025-10-22 04:00:00+00:00,backan_backancity,96.2385263127655
2025-10-22 05:00:00+00:00,bacgiang_bacgiangcity,160.5402135720878
2025-10-22 06:00:00+00:00,angiang_longxuyen,67.08820120949318
2025-10-22 07:00:00+00:00,backan_backancity,96.51907602238335
2025-10-22 08:00:00+00:00,angiang_longxuyen,67.93999115023884
2025-10-22 09:00:00+00:00,backan_backancity,97.32006087813146
2025-10-22 10:00:00+00:00,bacgiang_bacgiangcity,160.55709978137384
2025-10-22 11:00:00+00:00,backan_backancity,98.95123713215447
2025-10-22 12:00:00+00:00,bacgiang_bacgiangcity,160.379017464355
2025-10-22 13:00:00+00:00,angiang_longxuyen,69.35586943143339
2025-10-22 14:00:00+00:00,backan_backancity,101.48310955027397
2025-10-22 15:00:00+00:00,bacgiang_bacgiangcity,160.25881500884537
2025-10-22 16:00:00+00:00,angiang_longxuyen,71.39473214779849
2025-10-22 17:00:00+00:00,backan_backancity,104.9744537736867
2025-10-22 18:00:00+00:00,bacgiang_bacgiangcity,160.50098457894893
2025-10-22 19:00:00+00:00,angiang_longxuyen,73.74384488609266
2025-10-22 20:00:00+00:00,backan_backancity,109.17147033984864
2025-10-22 21:00:00+00:00,bacgiang_bacgiangcity,161.19486383415935
2025-10-22 22:00:00+00:00,angiang_longxuyen,75.98571991353154
2025-10-22 23:00:00+00:00,bacgiang_bacgiangcity,162.35392922244273
2025-10-23 00:00:00+00:00,angiang_longxuyen,77.78440009461563
2025-10-23 01:00:00+00:00,backan_backancity,113.52635215994334
2025-10-23 02:00:00+00:00,angiang_longxuyen,78.9717550243976
2025-10-23 03:00:00+00:00,backan_backancity,117.48851454067103
2025-10-23 04:00:00+00:00,bacgiang_bacgiangcity,163.64279987230944
2025-10-23 05:00:00+00:00,angiang_longxuyen,79.86046411996858
2025-10-23 06:00:00+00:00,backan_backancity,120.93006004885869
2025-10-23 07:00:00+00:00,bacgiang_bacgiangcity,164.5271188404025
2025-10-23 08:00:00+00:00,angiang_longxuyen,80.50605914633266
2025-10-23 09:00:00+00:00,backan_backancity,123.34500796136307
2025-10-23 10:00:00+00:00,bacgiang_bacgiangcity,165.2851475182589
2025-10-23 11:00:00+00:00,angiang_longxuyen,81.40873487294863
2025-10-23 12:00:00+00:00,bacgiang_bacgiangcity,165.71348144834167
2025-10-23 13:00:00+00:00,backan_backancity,124.48284961789582
2025-10-23 14:00:00+00:00,bacgiang_bacgiangcity,165.72058790741815
2025-10-23 15:00:00+00:00,angiang_longxuyen,83.64305629869753
2025-10-23 16:00:00+00:00,backan_backancity,123.80063791553319
2025-10-23 17:00:00+00:00,bacgiang_bacgiangcity,165.96245141198943
2025-10-23 18:00:00+00:00,angiang_longxuyen,86.85053340883789
2025-10-23 19:00:00+00:00,backan_backancity,121.92176378273072
2025-10-23 20:00:00+00:00,bacgiang_bacgiangcity,166.20618478567172
2025-10-23 21:00:00+00:00,angiang_longxuyen,90.79745647586802
2025-10-23 22:00:00+00:00,backan_backancity,119.31249295090358
2025-10-23 23:00:00+00:00,angiang_longxuyen,94.87520103769397
2025-10-24 00:00:00+00:00,backan_backancity,116.39737776701558
2025-10-24 01:00:00+00:00,bacgiang_bacgiangcity,166.15700388046142
2025-10-24 02:00:00+00:00,backan_backancity,113.57605313744475
2025-10-24 03:00:00+00:00,bacgiang_bacgiangcity,165.88362519061826
2025-10-24 04:00:00+00:00,angiang_longxuyen,98.47513067653703
2025-10-24 05:00:00+00:00,backan_backancity,110.99628714248148
2025-10-24 06:00:00+00:00,bacgiang_bacgiangcity,165.4102231109145
2025-10-24 07:00:00+00:00,angiang_longxuyen,101.05533693959501
2025-10-24 08:00:00+00:00,backan_backancity,108.55257833560319
2025-10-24 09:00:00+00:00,bacgiang_bacgiangcity,164.76317188213534
2025-10-24 10:00:00+00:00,angiang_longxuyen,102.47627845332471
2025-10-24 11:00:00+00:00,backan_backancity,106.21185123994171
2025-10-24 12:00:00+00:00,angiang_longxuyen,102.83360816885121
2025-10-24 13:00:00+00:00,bacgiang_bacgiangcity,164.20299065949632
2025-10-24 14:00:00+00:00,angiang_longxuyen,102.4961840708203
2025-10-24 15:00:00+00:00,backan_backancity,103.93859530451647
2025-10-24 16:00:00+00:00,bacgiang_bacgiangcity,163.74029130887277
2025-10-24 17:00:00+00:00,angiang_longxuyen,101.6546939525753
2025-10-24 18:00:00+00:00,backan_backancity,101.68514508189527
2025-10-24 19:00:00+00:00,bacgiang_bacgiangcity,163.06507248658053
2025-10-24 20:00:00+00:00,angiang_longxuyen,100.69044077001732
2025-10-24 21:00:00+00:00,backan_backancity,99.53913820790885
2025-10-24 22:00:00+00:00,bacgiang_bacgiangcity,162.3022710993309
2025-10-24 23:00:00+00:00,angiang_longxuyen,99.808133943685
2025-10-25 00:00:00+00:00,backan_backancity,97.59140291705995
2025-10-25 01:00:00+00:00,bacgiang_bacgiangcity,161.48197721476134
2025-10-25 02:00:00+00:00,backan_backancity,96.03878149036198
2025-10-25 03:00:00+00:00,bacgiang_bacgiangcity,160.6718408800427
2025-10-25 04:00:00+00:00,angiang_longxuyen,99.29964073336991
2025-10-25 05:00:00+00:00,bacgiang_bacgiangcity,159.96053980086484
2025-10-25 06:00:00+00:00,angiang_longxuyen,98.66762318050887
2025-10-25 07:00:00+00:00,backan_backancity,94.8742565385906
2025-10-25 08:00:00+00:00,bacgiang_bacgiangcity,159.36716959707456
2025-10-25 09:00:00+00:00,angiang_longxuyen,97.96250319039987
2025-10-25 10:00:00+00:00,backan_backancity,94.16289089871452
2025-10-25 11:00:00+00:00,bacgiang_bacgiangcity,158.8156586370908
2025-10-25 12:00:00+00:00,angiang_longxuyen,97.85469579116133
2025-10-25 13:00:00+00:00,backan_backancity,94.02955990566808
2025-10-25 14:00:00+00:00,bacgiang_bacgiangcity,158.3210997774716
2025-10-25 15:00:00+00:00,backan_backancity,94.2500908817566
2025-10-25 16:00:00+00:00,angiang_longxuyen,98.53077721611571
2025-10-25 17:00:00+00:00,backan_backancity,94.4092306116947
2025-10-25 18:00:00+00:00,bacgiang_bacgiangcity,158.04587512988715
2025-10-25 19:00:00+00:00,angiang_longxuyen,99.83347999557284
2025-10-25 20:00:00+00:00,backan_backancity,94.37594837620159
2025-10-25 21:00:00+00:00,bacgiang_bacgiangcity,157.92284635047832
2025-10-25 22:00:00+00:00,angiang_longxuyen,101.61668712932051
2025-10-25 23:00:00+00:00,backan_backancity,94.25300328658673
2025-10-26 00:00:00+00:00,bacgiang_bacgiangcity,157.91601726329043
2025-10-26 01:00:00+00:00,angiang_longxuyen,103.52350289319234
2025-10-26 02:00:00+00:00,bacgiang_bacgiangcity,157.8815275036272
2025-10-26 03:00:00+00:00,angiang_longxuyen,105.72825170828885
2025-10-26 04:00:00+00:00,backan_backancity,94.03587728954429
2025-10-26 05:00:00+00:00,angiang_longxuyen,107.68933753879767
2025-10-26 06:00:00+00:00,backan_backancity,93.57885210695184
2025-10-26 07:00:00+00:00,bacgiang_bacgiangcity,157.4962149099186
2025-10-26 08:00:00+00:00,angiang_longxuyen,109.06565894219627
2025-10-26 09:00:00+00:00,backan_backancity,92.73278535254519
2025-10-26 10:00:00+00:00,bacgiang_bacgiangcity,156.83392257408912
2025-10-26 11:00:00+00:00,angiang_longxuyen,109.83998740299667
2025-10-26 12:00:00+00:00,backan_backancity,91.53150204990976
2025-10-26 13:00:00+00:00,bacgiang_bacgiangcity,156.28755734086596
2025-10-26 14:00:00+00:00,backan_backancity,90.99527404187326
2025-10-26 15:00:00+00:00,bacgiang_bacgiangcity,156.47631369332132
2025-10-26 16:00:00+00:00,angiang_longxuyen,109.7510448788873
2025-10-26 17:00:00+00:00,bacgiang_bacgiangcity,156.83440080148324
2025-10-26 18:00:00+00:00,angiang_longxuyen,108.50209635298877
2025-10-26 19:00:00+00:00,backan_backancity,91.12538656455735
2025-10-26 20:00:00+00:00,bacgiang_bacgiangcity,157.1796570686612
2025-10-26 21:00:00+00:00,angiang_longxuyen,106.02074716459643
2025-10-26 22:00:00+00:00,backan_backancity,91.93523357170255
2025-10-26 23:00:00+00:00,bacgiang_bacgiangcity,157.4001964137291
2025-10-27 00:00:00+00:00,angiang_longxuyen,102.61463023622507
2025-10-27 01:00:00+00:00,backan_backancity,93.29306939407394
2025-10-27 02:00:00+00:00,bacgiang_bacgiangcity,157.50590857919718
2025-10-27 03:00:00+00:00,angiang_longxuyen,98.8972912887461
2025-10-27 04:00:00+00:00,backan_backancity,95.11850639785851
2025-10-27 05:00:00+00:00,angiang_longxuyen,95.22553249309192
2025-10-27 06:00:00+00:00,backan_backancity,97.26676183727362
2025-10-27 07:00:00+00:00,bacgiang_bacgiangcity,157.5759306342428
2025-10-27 08:00:00+00:00,backan_backancity,99.67065253464192
2025-10-27 09:00:00+00:00,bacgiang_bacgiangcity,157.53655339061177
2025-10-27 10:00:00+00:00,angiang_longxuyen,91.68545899046418
2025-10-27 11:00:00+00:00,backan_backancity,102.06818609548188
2025-10-27 12:00:00+00:00,bacgiang_bacgiangcity,157.43498745665062
2025-10-27 13:00:00+00:00,angiang_longxuyen,88.54767874074146
2025-10-27 14:00:00+00:00,backan_backancity,104.342052742234
2025-10-27 15:00:00+00:00,bacgiang_bacgiangcity,157.38881938402324
2025-10-27 16:00:00+00:00,angiang_longxuyen,85.6406001682115
2025-10-27 17:00:00+00:00,backan_backancity,106.42343413314825
2025-10-27 18:00:00+00:00,angiang_longxuyen,83.03060721301924
2025-10-27 19:00:00+00:00,bacgiang_bacgiangcity,157.33567875598968
2025-10-27 20:00:00+00:00,angiang_longxuyen,80.73523049586427
2025-10-27 21:00:00+00:00,backan_backancity,108.37010080994038
2025-10-27 22:00:00+00:00,bacgiang_bacgiangcity,157.17203412399908
2025-10-27 23:00:00+00:00,angiang_longxuyen,78.95662869192189
2025-10-28 00:00:00+00:00,backan_backancity,110.25674225229956
2025-10-28 01:00:00+00:00,bacgiang_bacgiangcity,156.91419782446448
2025-10-28 02:00:00+00:00,angiang_longxuyen,77.88732419437606
2025-10-28 03:00:00+00:00,backan_backancity,111.8806730624097
2025-10-28 04:00:00+00:00,bacgiang_bacgiangcity,157.05880422389558
2025-10-28 05:00:00+00:00,backan_backancity,112.87816274996622
2025-10-28 06:00:00+00:00,bacgiang_bacgiangcity,157.1068947706473
2025-10-28 07:00:00+00:00,angiang_longxuyen,76.74881062835459
2025-10-28 08:00:00+00:00,bacgiang_bacgiangcity,156.9103146180243
2025-10-28 09:00:00+00:00,angiang_longxuyen,75.81911983624532
2025-10-28 10:00:00+00:00,backan_backancity,113.08052945405794
2025-10-28 11:00:00+00:00,bacgiang_bacgiangcity,156.16846915518462
2025-10-28 12:00:00+00:00,angiang_longxuyen,75.38858366901265
2025-10-28 13:00:00+00:00,backan_backancity,112.88223485622707
2025-10-28 14:00:00+00:00,bacgiang_bacgiangcity,155.21208131879914
2025-10-28 15:00:00+00:00,angiang_longxuyen,75.77287524723485
2025-10-28 16:00:00+00:00,backan_backancity,112.49763302798294
2025-10-28 17:00:00+00:00,bacgiang_bacgiangcity,154.49609839343293
2025-10-28 18:00:00+00:00,backan_backancity,112.5137708113972
2025-10-28 19:00:00+00:00,angiang_longxuyen,77.01347601507706
2025-10-28 20:00:00+00:00,backan_backancity,113.32171746243506
2025-10-28 21:00:00+00:00,angiang_longxuyen,78.86394344066937
2025-10-28 22:00:00+00:00,bacgiang_bacgiangcity,154.22570862480296
2025-10-28 23:00:00+00:00,angiang_longxuyen,80.97893756703986
2025-10-29 00:00:00+00:00,backan_backancity,114.98649457095252
2025-10-29 01:00:00+00:00,bacgiang_bacgiangcity,154.6161669452722
2025-10-29 02:00:00+00:00,bacgiang_bacgiangcity,155.4593631397457
2025-10-29 03:00:00+00:00,backan_backancity,117.42048071601641
2025-10-29 04:00:00+00:00,angiang_longxuyen,82.92958645828736
2025-10-29 05:00:00+00:00,bacgiang_bacgiangcity,156.2848266624456
2025-10-29 06:00:00+00:00,angiang_longxuyen,84.76482951478818
2025-10-29 07:00:00+00:00,backan_backancity,120.00545042281186
2025-10-29 08:00:00+00:00,angiang_longxuyen,86.1229295577948
2025-10-29 09:00:00+00:00,backan_backancity,122.28784685292219
2025-10-29 10:00:00+00:00,bacgiang_bacgiangcity,156.99032206105898
2025-10-29 11:00:00+00:00,angiang_longxuyen,86.79001253654475
2025-10-29 12:00:00+00:00,backan_backancity,123.92888296024327
2025-10-29 13:00:00+00:00,bacgiang_bacgiangcity,157.74026391368096
2025-10-29 14:00:00+00:00,bacgiang_bacgiangcity,159.005725332606
2025-10-29 15:00:00+00:00,angiang_longxuyen,87.0432470929795
2025-10-29 16:00:00+00:00,backan_backancity,125.03993192702099
2025-10-29 17:00:00+00:00,bacgiang_bacgiangcity,160.86000423052934
2025-10-29 18:00:00+00:00,angiang_longxuyen,86.9407916560653
2025-10-29 19:00:00+00:00,backan_backancity,125.70026831280853
2025-10-29 20:00:00+00:00,bacgiang_bacgiangcity,162.784415175799
2025-10-29 21:00:00+00:00,angiang_longxuyen,86.60734282324795
2025-10-29 22:00:00+00:00,backan_backancity,126.00710020443819
2025-10-29 23:00:00+00:00,angiang_longxuyen,86.08829154763939
2025-10-30 00:00:00+00:00,bacgiang_bacgiangcity,164.5842478849029
2025-10-30 01:00:00+00:00,backan_backancity,126.10881199775454
2025-10-30 02:00:00+00:00,angiang_longxuyen,85.64645367151542
2025-10-30 03:00:00+00:00,bacgiang_bacgiangcity,166.07784768218826
2025-10-30 04:00:00+00:00,backan_backancity,126.09318113537805
2025-10-30 05:00:00+00:00,backan_backancity,125.89596613588938
2025-10-30 06:00:00+00:00,angiang_longxuyen,85.58176624305108
2025-10-30 07:00:00+00:00,bacgiang_bacgiangcity,167.37462821315358
2025-10-30 08:00:00+00:00,angiang_longxuyen,86.11613872879843
2025-10-30 09:00:00+00:00,backan_backancity,125.37626686216181
2025-10-30 10:00:00+00:00,bacgiang_bacgiangcity,168.45594817397642
2025-10-30 11:00:00+00:00,backan_backancity,124.45406391547583
2025-10-30 12:00:00+00:00,bacgiang_bacgiangcity,169.40053335827525
2025-10-30 13:00:00+00:00,angiang_longxuyen,87.54878127129352
2025-10-30 14:00:00+00:00,angiang_longxuyen,90.07456316465691
2025-10-30 15:00:00+00:00,bacgiang_bacgiangcity,169.98465942653738
2025-10-30 16:00:00+00:00,backan_backancity,123.12103374803695
2025-10-30 17:00:00+00:00,backan_backancity,121.25782993137099
2025-10-30 18:00:00+00:00,angiang_longxuyen,93.71118121360763
2025-10-30 19:00:00+00:00,bacgiang_bacgiangcity,170.03478722198804
2025-10-30 20:00:00+00:00,bacgiang_bacgiangcity,169.68787628802647
2025-10-30 21:00:00+00:00,backan_backancity,118.88606117028085
2025-10-30 22:00:00+00:00,angiang_longxuyen,98.14767104404666
2025-10-30 23:00:00+00:00,bacgiang_bacgiangcity,168.9109002408154
2025-10-31 00:00:00+00:00,backan_backancity,116.26445087611717
2025-10-31 01:00:00+00:00,angiang_longxuyen,104.70269567692533
2025-10-31 02:00:00+00:00,backan_backancity,113.14671732097129
2025-10-31 03:00:00+00:00,angiang_longxuyen,110.72568964382718
2025-10-31 04:00:00+00:00,bacgiang_bacgiangcity,167.84255458919478
2025-10-31 05:00:00+00:00,angiang_longxuyen,116.16559529591213
2025-10-31 06:00:00+00:00,bacgiang_bacgiangcity,166.12829110771904
2025-10-31 07:00:00+00:00,backan_backancity,110.69960114390997
2025-10-31 08:00:00+00:00,angiang_longxuyen,120.99745663551066
2025-10-31 09:00:00+00:00,bacgiang_bacgiangcity,164.13376724419885
2025-10-31 10:00:00+00:00,backan_backancity,109.91467307181124
2025-10-31 11:00:00+00:00,angiang_longxuyen,125.52297507099
2025-10-31 12:00:00+00:00,bacgiang_bacgiangcity,162.7455878936712
2025-10-31 13:00:00+00:00,backan_backancity,111.24015262648136
2025-10-31 14:00:00+00:00,angiang_longxuyen,129.9804525084038
2025-10-31 15:00:00+00:00,bacgiang_bacgiangcity,162.2815829822617
2025-10-31 16:00:00+00:00,backan_backancity,114.497118500717
2025-10-31 17:00:00+00:00,angiang_longxuyen,134.2107085684855
2025-10-31 18:00:00+00:00,bacgiang_bacgiangcity,162.77378418082793
2025-10-31 19:00:00+00:00,backan_backancity,119.07253040022387
2025-10-31 20:00:00+00:00,angiang_longxuyen,137.8340916743042
2025-10-31 21:00:00+00:00,bacgiang_bacgiangcity,163.81152806149944
2025-10-31 22:00:00+00:00,backan_backancity,124.2153937743287
2025-10-31 23:00:00+00:00,angiang_longxuyen,140.35568907796915
2025-11-01 00:00:00+00:00,bacgiang_bacgiangcity,164.98025364314384
2025-11-01 01:00:00+00:00,backan_backancity,129.30411702514633
2025-11-01 02:00:00+00:00,backan_backancity,133.8575567670308
2025-11-01 03:00:00+00:00,angiang_longxuyen,141.495553636379
2025-11-01 04:00:00+00:00,bacgiang_bacgiangcity,165.94686119894146
2025-11-01 05:00:00+00:00,bacgiang_bacgiangcity,166.5832670859277
2025-11-01 06:00:00+00:00,angiang_longxuyen,141.62097355275836
2025-11-01 07:00:00+00:00,backan_backancity,137.4540897958072
2025-11-01 08:00:00+00:00,angiang_longxuyen,140.86773671339094
2025-11-01 09:00:00+00:00,bacgiang_bacgiangcity,166.90676878894757
2025-11-01 10:00:00+00:00,backan_backancity,140.05966632101484
2025-11-01 11:00:00+00:00,bacgiang_bacgiangcity,166.8774630142365
2025-11-01 12:00:00+00:00,angiang_longxuyen,139.1730805550737
2025-11-01 13:00:00+00:00,backan_backancity,141.7174320181504
2025-11-01 14:00:00+00:00,bacgiang_bacgiangcity,166.47833443111202
2025-11-01 15:00:00+00:00,angiang_longxuyen,136.33733079394378
2025-11-01 16:00:00+00:00,backan_backancity,142.88258763229777
2025-11-01 17:00:00+00:00,bacgiang_bacgiangcity,165.9049684792174
2025-11-01 18:00:00+00:00,backan_backancity,143.5882958421015
2025-11-01 19:00:00+00:00,angiang_longxuyen,132.95827884604998
2025-11-01 20:00:00+00:00,angiang_longxuyen,129.47664473098254
2025-11-01 21:00:00+00:00,bacgiang_bacgiangcity,165.18252948403068
2025-11-01 22:00:00+00:00,backan_backancity,143.93407576827602
2025-11-01 23:00:00+00:00,bacgiang_bacgiangcity,164.29857396875718
2025-11-02 00:00:00+00:00,backan_backancity,143.95191604121328
2025-11-02 01:00:00+00:00,angiang_longxuyen,126.51605131748313
2025-11-02 02:00:00+00:00,backan_backancity,143.71493045606192
2025-11-02 03:00:00+00:00,bacgiang_bacgiangcity,163.2426048420961
2025-11-02 04:00:00+00:00,angiang_longxuyen,123.90153552671107
2025-11-02 05:00:00+00:00,backan_backancity,143.29163704271303
2025-11-02 06:00:00+00:00,bacgiang_bacgiangcity,162.11879915958048
2025-11-02 07:00:00+00:00,angiang_longxuyen,120.93063870400557
2025-11-02 08:00:00+00:00,bacgiang_bacgiangcity,160.7797050687843
2025-11-02 09:00:00+00:00,backan_backancity,142.7434258517486
2025-11-02 10:00:00+00:00,angiang_longxuyen,117.33358679850657
2025-11-02 11:00:00+00:00,bacgiang_bacgiangcity,159.27973050033543
2025-11-02 12:00:00+00:00,angiang_longxuyen,113.37462136790852
2025-11-02 13:00:00+00:00,backan_backancity,142.11256501139707
2025-11-02 14:00:00+00:00,angiang_longxuyen,109.25130113763959
2025-11-02 15:00:00+00:00,backan_backancity,141.44752047691452
2025-11-02 16:00:00+00:00,bacgiang_bacgiangcity,157.68945225305674
2025-11-02 17:00:00+00:00,angiang_longxuyen,105.1732623165202
2025-11-02 18:00:00+00:00,backan_backancity,140.81328335116058
2025-11-02 19:00:00+00:00,bacgiang_bacgiangcity,156.13263557654392
2025-11-02 20:00:00+00:00,bacgiang_bacgiangcity,154.87048827346007
2025-11-02 21:00:00+00:00,angiang_longxuyen,101.11399750732508
2025-11-02 22:00:00+00:00,backan_backancity,140.29694840715055
2025-11-02 23:00:00+00:00,angiang_longxuyen,97.19257681276225
2025-11-03 00:00:00+00:00,bacgiang_bacgiangcity,154.03621101988674
2025-11-03 01:00:00+00:00,backan_backancity,139.93878478260558
2025-11-03 02:00:00+00:00,bacgiang_bacgiangcity,153.67535975738684
2025-11-03 03:00:00+00:00,angiang_longxuyen,93.22314776678107
2025-11-03 04:00:00+00:00,backan_backancity,139.63427827167976
2025-11-03 05:00:00+00:00,angiang_longxuyen,89.16317174378327
2025-11-03 06:00:00+00:00,backan_backancity,139.507672351363
2025-11-03 07:00:00+00:00,bacgiang_bacgiangcity,153.5237664557278
2025-11-03 08:00:00+00:00,bacgiang_bacgiangcity,153.5504419797713
2025-11-03 09:00:00+00:00,backan_backancity,139.70106272726727
2025-11-03 10:00:00+00:00,angiang_longxuyen,85.17996915106747
2025-11-03 11:00:00+00:00,backan_backancity,140.33218181041164
2025-11-03 12:00:00+00:00,angiang_longxuyen,81.48126762181334
2025-11-03 13:00:00+00:00,bacgiang_bacgiangcity,153.8250018912779
2025-11-03 14:00:00+00:00,bacgiang_bacgiangcity,154.5224582873963
2025-11-03 15:00:00+00:00,backan_backancity,141.44787914746013
2025-11-03 16:00:00+00:00,angiang_longxuyen,78.27671367661948
2025-11-03 17:00:00+00:00,angiang_longxuyen,75.77380061724246
2025-11-03 18:00:00+00:00,bacgiang_bacgiangcity,155.87781210959224
2025-11-03 19:00:00+00:00,backan_backancity,142.99217822193208
2025-11-03 20:00:00+00:00,angiang_longxuyen,73.76536990110156
2025-11-03 21:00:00+00:00,backan_backancity,144.88722600520336
2025-11-03 22:00:00+00:00,bacgiang_bacgiangcity,157.77714481031475
2025-11-03 23:00:00+00:00,bacgiang_bacgiangcity,160.07958016380678
2025-11-04 00:00:00+00:00,angiang_longxuyen,71.81580180376474
2025-11-04 01:00:00+00:00,backan_backancity,147.03551193161485
2025-11-04 02:00:00+00:00,backan_backancity,149.20968669800646
2025-11-04 03:00:00+00:00,angiang_longxuyen,69.75686788366883
2025-11-04 04:00:00+00:00,bacgiang_bacgiangcity,162.48111379790635
2025-11-04 05:00:00+00:00,backan_backancity,151.15937196105486
2025-11-04 06:00:00+00:00,angiang_longxuyen,67.61642727765773
2025-11-04 07:00:00+00:00,bacgiang_bacgiangcity,164.51254246943
2025-11-04 08:00:00+00:00,angiang_longxuyen,65.58062282547797
2025-11-04 09:00:00+00:00,bacgiang_bacgiangcity,166.26886605021775
2025-11-04 10:00:00+00:00,backan_backancity,152.6612068340668
2025-11-04 11:00:00+00:00,bacgiang_bacgiangcity,167.5108034636265
2025-11-04 12:00:00+00:00,backan_backancity,153.49416418003239
2025-11-04 13:00:00+00:00,angiang_longxuyen,63.93001141015831
2025-11-04 14:00:00+00:00,angiang_longxuyen,62.685591996574125
2025-11-04 15:00:00+00:00,bacgiang_bacgiangcity,168.06686236612828
2025-11-04 16:00:00+00:00,backan_backancity,152.72035399817037
2025-11-04 17:00:00+00:00,bacgiang_bacgiangcity,168.23243425451716
2025-11-04 18:00:00+00:00,backan_backancity,151.12373445564575
2025-11-04 19:00:00+00:00,angiang_longxuyen,61.89925225698641
2025-11-04 20:00:00+00:00,backan_backancity,149.06704581316518
2025-11-04 21:00:00+00:00,angiang_longxuyen,61.35735366762423
2025-11-04 22:00:00+00:00,bacgiang_bacgiangcity,168.0869479166809
2025-11-04 23:00:00+00:00,bacgiang_bacgiangcity,167.58838629377303
2025-11-05 00:00:00+00:00,backan_backancity,146.78659457298042
2025-11-05 01:00:00+00:00,angiang_longxuyen,61.06921688039882
2025-11-05 02:00:00+00:00,angiang_longxuyen,60.86135534354877
2025-11-05 03:00:00+00:00,bacgiang_bacgiangcity,166.8745314803106
2025-11-05 04:00:00+00:00,backan_backancity,144.6149735408733
2025-11-05 05:00:00+00:00,angiang_longxuyen,60.6189131838306
2025-11-05 06:00:00+00:00,bacgiang_bacgiangcity,166.08880865406127
2025-11-05 07:00:00+00:00,backan_backancity,142.71172415779304
2025-11-05 08:00:00+00:00,angiang_longxuyen,60.5968190782227
2025-11-05 09:00:00+00:00,backan_backancity,141.20233807422812
2025-11-05 10:00:00+00:00,bacgiang_bacgiangcity,165.36756044508593
2025-11-05 11:00:00+00:00,angiang_longxuyen,61.05614692571779
2025-11-05 12:00:00+00:00,backan_backancity,140.16107443993593
2025-11-05 13:00:00+00:00,bacgiang_bacgiangcity,164.6163704189653
2025-11-05 14:00:00+00:00,backan_backancity,139.62408246363734
2025-11-05 15:00:00+00:00,bacgiang_bacgiangcity,163.98940952301274
2025-11-05 16:00:00+00:00,angiang_longxuyen,62.01392162154618
2025-11-05 17:00:00+00:00,bacgiang_bacgiangcity,163.4799634446149
2025-11-05 18:00:00+00:00,angiang_longxuyen,63.314590141225615
2025-11-05 19:00:00+00:00,backan_backancity,139.5792964681789
2025-11-05 20:00:00+00:00,backan_backancity,140.05017828951569
2025-11-05 21:00:00+00:00,angiang_longxuyen,64.74408355633048
2025-11-05 22:00:00+00:00,bacgiang_bacgiangcity,163.09426826899096
2025-11-05 23:00:00+00:00,backan_backancity,140.91897877866987
2025-11-06 00:00:00+00:00,angiang_longxuyen,66.13276743675895
2025-11-06 01:00:00+00:00,bacgiang_bacgiangcity,162.81164544361965
2025-11-06 02:00:00+00:00,angiang_longxuyen,67.9381499747715
2025-11-06 03:00:00+00:00,bacgiang_bacgiangcity,162.40383703329206
2025-11-06 04:00:00+00:00,backan_backancity,141.7806034657754
2025-11-06 05:00:00+00:00,bacgiang_bacgiangcity,161.9829395391877
2025-11-06 06:00:00+00:00,angiang_longxuyen,69.4413693160894
2025-11-06 07:00:00+00:00,backan_backancity,142.67994355631745
2025-11-06 08:00:00+00:00,bacgiang_bacgiangcity,161.56136296218367
2025-11-06 09:00:00+00:00,backan_backancity,143.56571872682557
2025-11-06 10:00:00+00:00,angiang_longxuyen,70.35690935960693
2025-11-06 11:00:00+00:00,bacgiang_bacgiangcity,161.12214935888488
2025-11-06 12:00:00+00:00,angiang_longxuyen,71.04397148331432
2025-11-06 13:00:00+00:00,backan_backancity,144.4887286822391
2025-11-06 14:00:00+00:00,angiang_longxuyen,71.75018183188189
2025-11-06 15:00:00+00:00,bacgiang_bacgiangcity,160.7068040848261
2025-11-06 16:00:00+00:00,backan_backancity,145.46143124617464
2025-11-06 17:00:00+00:00,angiang_longxuyen,72.74060032963226
2025-11-06 18:00:00+00:00,backan_backancity,146.47402036591598
2025-11-06 19:00:00+00:00,bacgiang_bacgiangcity,160.39052839773126
2025-11-06 20:00:00+00:00,angiang_longxuyen,74.00234831284203
2025-11-06 21:00:00+00:00,backan_backancity,147.28710736365628
2025-11-06 22:00:00+00:00,bacgiang_bacgiangcity,160.2071951439251
2025-11-06 23:00:00+00:00,bacgiang_bacgiangcity,160.2010977446502
2025-11-07 00:00:00+00:00,backan_backancity,147.74805161974345
2025-11-07 01:00:00+00:00,angiang_longxuyen,75.46251762414211
2025-11-07 02:00:00+00:00,angiang_longxuyen,76.67927397411397
2025-11-07 03:00:00+00:00,backan_backancity,147.73893182333777
2025-11-07 04:00:00+00:00,bacgiang_bacgiangcity,160.24527639131813
2025-11-07 05:00:00+00:00,backan_backancity,147.16483418353016
2025-11-07 06:00:00+00:00,angiang_longxuyen,77.30359744598803
2025-11-07 07:00:00+00:00,bacgiang_bacgiangcity,160.4510337276341
2025-11-07 08:00:00+00:00,angiang_longxuyen,77.24463679056817
2025-11-07 09:00:00+00:00,backan_backancity,146.09836796556837
2025-11-07 10:00:00+00:00,bacgiang_bacgiangcity,160.8745423433103
2025-11-07 11:00:00+00:00,angiang_longxuyen,76.77440535848737
2025-11-07 12:00:00+00:00,bacgiang_bacgiangcity,161.45699461569302
2025-11-07 13:00:00+00:00,backan_backancity,144.6054831182372
2025-11-07 14:00:00+00:00,angiang_longxuyen,77.53068372408131
2025-11-07 15:00:00+00:00,backan_backancity,142.79410599983947
2025-11-07 16:00:00+00:00,bacgiang_bacgiangcity,162.05498449611042
2025-11-07 17:00:00+00:00,angiang_longxuyen,78.66462543621509
2025-11-07 18:00:00+00:00,backan_backancity,140.76570450772053
2025-11-07 19:00:00+00:00,bacgiang_bacgiangcity,162.68517820924717
2025-11-07 20:00:00+00:00,bacgiang_bacgiangcity,163.01948306909998
2025-11-07 21:00:00+00:00,backan_backancity,138.54726262259305
2025-11-07 22:00:00+00:00,angiang_longxuyen,80.30843884912748
2025-11-07 23:00:00+00:00,bacgiang_bacgiangcity,162.92104474229632
2025-11-08 00:00:00+00:00,backan_backancity,136.09932658444296
2025-11-08 01:00:00+00:00,angiang_longxuyen,82.2624401144077
2025-11-08 02:00:00+00:00,backan_backancity,133.36690980749543
2025-11-08 03:00:00+00:00,angiang_longxuyen,84.26799907504696
2025-11-08 04:00:00+00:00,bacgiang_bacgiangcity,162.22769631949336
2025-11-08 05:00:00+00:00,bacgiang_bacgiangcity,160.94074814375094
2025-11-08 06:00:00+00:00,angiang_longxuyen,86.23997929920876
2025-11-08 07:00:00+00:00,backan_backancity,130.46692932506255
2025-11-08 08:00:00+00:00,angiang_longxuyen,88.37444445393045
2025-11-08 09:00:00+00:00,bacgiang_bacgiangcity,159.2495926099586
2025-11-08 10:00:00+00:00,backan_backancity,127.4725204525256
2025-11-08 11:00:00+00:00,angiang_longxuyen,90.6718608109213
2025-11-08 12:00:00+00:00,bacgiang_bacgiangcity,157.22912491030797
2025-11-08 13:00:00+00:00,backan_backancity,124.48902233798529
2025-11-08 14:00:00+00:00,angiang_longxuyen,92.818383273817
2025-11-08 15:00:00+00:00,bacgiang_bacgiangcity,154.8986223910556
2025-11-08 16:00:00+00:00,backan_backancity,121.69572362706205
2025-11-08 17:00:00+00:00,angiang_longxuyen,94.49870456599577
2025-11-08 18:00:00+00:00,bacgiang_bacgiangcity,152.53376401581033
2025-11-08 19:00:00+00:00,backan_backancity,119.17805366587127
2025-11-08 20:00:00+00:00,backan_backancity,116.9411964393651
2025-11-08 21:00:00+00:00,bacgiang_bacgiangcity,150.35594993894952
2025-11-08 22:00:00+00:00,angiang_longxuyen,95.54190860793955
2025-11-08 23:00:00+00:00,backan_backancity,114.93726404965007
2025-11-09 00:00:00+00:00,angiang_longxuyen,95.89872662015435
2025-11-09 01:00:00+00:00,bacgiang_bacgiangcity,148.57085619813208
2025-11-09 02:00:00+00:00,backan_backancity,113.2718347585239
2025-11-09 03:00:00+00:00,angiang_longxuyen,96.27314041155121
2025-11-09 04:00:00+00:00,bacgiang_bacgiangcity,147.30562432835623
2025-11-09 05:00:00+00:00,backan_backancity,111.95840892532233
2025-11-09 06:00:00+00:00,angiang_longxuyen,96.25614122104331
2025-11-09 07:00:00+00:00,bacgiang_bacgiangcity,146.32106411618372
2025-11-09 08:00:00+00:00,angiang_longxuyen,95.9717758546047
2025-11-09 09:00:00+00:00,backan_backancity,111.23653543402916
2025-11-09 10:00:00+00:00,bacgiang_bacgiangcity,145.6284425990198
2025-11-09 11:00:00+00:00,angiang_longxuyen,95.83760736583432
2025-11-09 12:00:00+00:00,backan_backancity,110.97336869240297
2025-11-09 13:00:00+00:00,bacgiang_bacgiangcity,145.29440554650768
2025-11-09 14:00:00+00:00,angiang_longxuyen,96.42753732130821
2025-11-09 15:00:00+00:00,backan_backancity,111.18368712249027
2025-11-09 16:00:00+00:00,bacgiang_bacgiangcity,145.5139453963219
2025-11-09 17:00:00+00:00,bacgiang_bacgiangcity,146.4788982853359
2025-11-09 18:00:00+00:00,angiang_longxuyen,97.76332925194808
2025-11-09 19:00:00+00:00,backan_backancity,111.70665747159356
2025-11-09 20:00:00+00:00,backan_backancity,112.59792269258605
2025-11-09 21:00:00+00:00,bacgiang_bacgiangcity,148.2218123699928
2025-11-09 22:00:00+00:00,angiang_longxuyen,99.76614378512939
2025-11-09 23:00:00+00:00,angiang_longxuyen,102.1268897036774
2025-11-10 00:00:00+00:00,bacgiang_bacgiangcity,150.46403411229238
2025-11-10 01:00:00+00:00,backan_backancity,113.5508935942406
2025-11-10 02:00:00+00:00,angiang_longxuyen,104.21759495959316
2025-11-10 03:00:00+00:00,backan_backancity,114.53267291411636
2025-11-10 04:00:00+00:00,bacgiang_bacgiangcity,152.89349144393407
2025-11-10 05:00:00+00:00,bacgiang_bacgiangcity,155.06586807532386
2025-11-10 06:00:00+00:00,angiang_longxuyen,105.65072484569205
2025-11-10 07:00:00+00:00,backan_backancity,115.52596197179987
2025-11-10 08:00:00+00:00,bacgiang_bacgiangcity,156.93351821118654
2025-11-10 09:00:00+00:00,angiang_longxuyen,106.50876977658359
2025-11-10 10:00:00+00:00,backan_backancity,116.34988022223254
2025-11-10 11:00:00+00:00,bacgiang_bacgiangcity,158.55835316996365
2025-11-10 12:00:00+00:00,backan_backancity,117.15595760194368
2025-11-10 13:00:00+00:00,angiang_longxuyen,107.16028294167282
2025-11-10 14:00:00+00:00,bacgiang_bacgiangcity,159.9308227505948
2025-11-10 15:00:00+00:00,backan_backancity,117.63253989381826
2025-11-10 16:00:00+00:00,angiang_longxuyen,106.37309195732358
2025-11-10 17:00:00+00:00,backan_backancity,118.37642977876779
2025-11-10 18:00:00+00:00,angiang_longxuyen,105.37654344369557
2025-11-10 19:00:00+00:00,bacgiang_bacgiangcity,160.96945135194545
2025-11-10 20:00:00+00:00,bacgiang_bacgiangcity,161.43051038260722
2025-11-10 21:00:00+00:00,backan_backancity,119.44008521522069
2025-11-10 22:00:00+00:00,angiang_longxuyen,104.99483664717702
2025-11-10 23:00:00+00:00,bacgiang_bacgiangcity,161.37878052538628
2025-11-11 00:00:00+00:00,backan_backancity,120.63918780093897
2025-11-11 01:00:00+00:00,angiang_longxuyen,105.57000839318411
2025-11-11 02:00:00+00:00,angiang_longxuyen,107.11379991147257
2025-11-11 03:00:00+00:00,backan_backancity,121.93841805173062
2025-11-11 04:00:00+00:00,bacgiang_bacgiangcity,160.82015832405207
2025-11-11 05:00:00+00:00,angiang_longxuyen,109.56951394457272
2025-11-11 06:00:00+00:00,backan_backancity,123.12085321719567
2025-11-11 07:00:00+00:00,bacgiang_bacgiangcity,160.0284337440067
2025-11-11 08:00:00+00:00,angiang_longxuyen,112.52183970310432
2025-11-11 09:00:00+00:00,bacgiang_bacgiangcity,159.19339132660275
2025-11-11 10:00:00+00:00,backan_backancity,124.1826961718249
2025-11-11 11:00:00+00:00,angiang_longxuyen,115.72467501860059
2025-11-11 12:00:00+00:00,bacgiang_bacgiangcity,158.44480763978004
2025-11-11 13:00:00+00:00,backan_backancity,124.96754981978542
2025-11-11 14:00:00+00:00,bacgiang_bacgiangcity,157.82342287524278
2025-11-11 15:00:00+00:00,backan_backancity,125.44463425042382
2025-11-11 16:00:00+00:00,angiang_longxuyen,118.97498755421566
2025-11-11 17:00:00+00:00,angiang_longxuyen,122.14899352904224
2025-11-11 18:00:00+00:00,bacgiang_bacgiangcity,157.2848718776394
2025-11-11 19:00:00+00:00,backan_backancity,125.66574268609074
2025-11-11 20:00:00+00:00,bacgiang_bacgiangcity,156.8697083299904
2025-11-11 21:00:00+00:00,angiang_longxuyen,124.55037054367025
2025-11-11 22:00:00+00:00,backan_backancity,125.76583089740407
2025-11-11 23:00:00+00:00,backan_backancity,125.96044673100576
2025-11-12 00:00:00+00:00,bacgiang_bacgiangcity,156.63770109201172
2025-11-12 01:00:00+00:00,angiang_longxuyen,125.69467066116047
2025-11-12 02:00:00+00:00,backan_backancity,126.52732791943626
2025-11-12 03:00:00+00:00,bacgiang_bacgiangcity,156.65540028786774
2025-11-12 04:00:00+00:00,angiang_longxuyen,126.09309027217317
2025-11-12 05:00:00+00:00,backan_backancity,127.17744697694863
2025-11-12 06:00:00+00:00,bacgiang_bacgiangcity,156.831416662544
2025-11-12 07:00:00+00:00,angiang_longxuyen,125.59750920149907
2025-11-12 08:00:00+00:00,backan_backancity,128.10981345132794
2025-11-12 09:00:00+00:00,bacgiang_bacgiangcity,157.11573241289045
2025-11-12 10:00:00+00:00,angiang_longxuyen,124.54685318118658
2025-11-12 11:00:00+00:00,backan_backancity,129.3053365050013
2025-11-12 12:00:00+00:00,bacgiang_bacgiangcity,157.3763663426806
2025-11-12 13:00:00+00:00,angiang_longxuyen,123.69189139724948
2025-11-12 14:00:00+00:00,backan_backancity,130.5568432485662
2025-11-12 15:00:00+00:00,bacgiang_bacgiangcity,157.5451519191579
2025-11-12 16:00:00+00:00,angiang_longxuyen,123.22146628307407
2025-11-12 17:00:00+00:00,backan_backancity,131.93627582005558
2025-11-12 18:00:00+00:00,bacgiang_bacgiangcity,157.77453847101685
2025-11-12 19:00:00+00:00,angiang_longxuyen,123.10250243651518
2025-11-13 08:00:00+00:00,bacgiang_bacgiangcity,158.19922352608256
2025-11-13 09:00:00+00:00,backan_backancity,133.39520652240492
2025-11-13 10:00:00+00:00,angiang_longxuyen,123.31552763365313
2025-11-13 11:00:00+00:00,angiang_longxuyen,123.509234835206
2025-11-13 12:00:00+00:00,backan_backancity,134.75402988434516
2025-11-13 13:00:00+00:00,bacgiang_bacgiangcity,158.88609674996928
2025-11-13 14:00:00+00:00,bacgiang_bacgiangcity,159.53692119288797
2025-11-13 15:00:00+00:00,angiang_longxuyen,123.34790004152894
2025-11-13 16:00:00+00:00,backan_backancity,135.6114629083413
2025-11-13 17:00:00+00:00,bacgiang_bacgiangcity,159.7940640627011
2025-11-13 18:00:00+00:00,angiang_longxuyen,122.4153745565411
2025-11-13 19:00:00+00:00,backan_backancity,135.8524512567814
2025-11-13 20:00:00+00:00,bacgiang_bacgiangcity,159.64380023319768
2025-11-13 21:00:00+00:00,backan_backancity,135.32208512102818
2025-11-13 22:00:00+00:00,angiang_longxuyen,120.75247508832976
2025-11-13 23:00:00+00:00,bacgiang_bacgiangcity,159.42871746269657
2025-11-14 00:00:00+00:00,backan_backancity,134.04918487498776
2025-11-14 01:00:00+00:00,angiang_longxuyen,118.32629122320077
2025-11-14 02:00:00+00:00,angiang_longxuyen,115.68026682278351
2025-11-14 03:00:00+00:00,bacgiang_bacgiangcity,159.2012581672359
2025-11-14 04:00:00+00:00,backan_backancity,131.8604528667194
2025-11-14 05:00:00+00:00,bacgiang_bacgiangcity,158.97252678690685
2025-11-14 06:00:00+00:00,angiang_longxuyen,113.14568136087881
2025-11-14 07:00:00+00:00,backan_backancity,129.28970325148782
2025-11-14 08:00:00+00:00,bacgiang_bacgiangcity,158.63404221962952
2025-11-14 09:00:00+00:00,angiang_longxuyen,111.33252822549619
2025-11-14 10:00:00+00:00,backan_backancity,126.62388203030713
2025-11-14 11:00:00+00:00,backan_backancity,123.89496946458993
2025-11-14 12:00:00+00:00,bacgiang_bacgiangcity,158.27874317717524
2025-11-14 13:00:00+00:00,angiang_longxuyen,110.3362320141801
2025-11-14 14:00:00+00:00,angiang_longxuyen,110.085238550871
2025-11-14 15:00:00+00:00,backan_backancity,120.97479822157771
2025-11-14 16:00:00+00:00,bacgiang_bacgiangcity,158.04490911055106
2025-11-14 17:00:00+00:00,backan_backancity,117.8566755088899
2025-11-14 18:00:00+00:00,bacgiang_bacgiangcity,157.5585327216451
2025-11-14 19:00:00+00:00,angiang_longxuyen,110.44308116527768
2025-11-14 20:00:00+00:00,angiang_longxuyen,111.2022387586763
2025-11-14 21:00:00+00:00,backan_backancity,114.6579619157466
2025-11-14 22:00:00+00:00,bacgiang_bacgiangcity,156.67697312561606
2025-11-14 23:00:00+00:00,angiang_longxuyen,112.05794538177972
2025-11-15 00:00:00+00:00,backan_backancity,111.41045059709253
2025-11-15 01:00:00+00:00,bacgiang_bacgiangcity,155.43417012062397
2025-11-15 02:00:00+00:00,angiang_longxuyen,112.39016636576271
2025-11-15 03:00:00+00:00,backan_backancity,108.16695190516717
2025-11-15 04:00:00+00:00,bacgiang_bacgiangcity,153.8382392255469
2025-11-15 05:00:00+00:00,backan_backancity,105.02908109113169
2025-11-15 06:00:00+00:00,angiang_longxuyen,111.83672814938065
2025-11-15 07:00:00+00:00,bacgiang_bacgiangcity,151.83485859068782
2025-11-15 08:00:00+00:00,bacgiang_bacgiangcity,149.4377103017922
2025-11-15 09:00:00+00:00,backan_backancity,101.90507289368297
2025-11-15 10:00:00+00:00,angiang_longxuyen,110.24074913267204
2025-11-15 11:00:00+00:00,angiang_longxuyen,107.51300403958071
2025-11-15 12:00:00+00:00,backan_backancity,98.8438469863173
2025-11-15 13:00:00+00:00,bacgiang_bacgiangcity,146.78038718140485
2025-11-15 14:00:00+00:00,backan_backancity,95.9139557715198
2025-11-15 15:00:00+00:00,bacgiang_bacgiangcity,144.04081373150444
2025-11-15 16:00:00+00:00,angiang_longxuyen,104.14258439504272
2025-11-15 17:00:00+00:00,angiang_longxuyen,100.46858809296833
2025-11-15 18:00:00+00:00,bacgiang_bacgiangcity,141.39871258907164
2025-11-15 19:00:00+00:00,backan_backancity,93.2204900180383
2025-11-15 20:00:00+00:00,bacgiang_bacgiangcity,138.8820696212097
2025-11-15 21:00:00+00:00,angiang_longxuyen,96.82029352440617
2025-11-15 22:00:00+00:00,backan_backancity,90.87060494250264
2025-11-15 23:00:00+00:00,angiang_longxuyen,93.82014412978718
2025-11-16 00:00:00+00:00,backan_backancity,89.0256861502505
2025-11-16 01:00:00+00:00,bacgiang_bacgiangcity,136.64193773262235
2025-11-16 02:00:00+00:00,bacgiang_bacgiangcity,135.00240684602423
2025-11-16 03:00:00+00:00,angiang_longxuyen,91.88950188157227
2025-11-16 04:00:00+00:00,backan_backancity,87.81402889986833
2025-11-16 05:00:00+00:00,angiang_longxuyen,91.16249940147728
2025-11-16 06:00:00+00:00,backan_backancity,87.25968085586898
2025-11-16 07:00:00+00:00,bacgiang_bacgiangcity,134.26120220789264
2025-11-16 08:00:00+00:00,backan_backancity,87.16251700507061
2025-11-16 09:00:00+00:00,bacgiang_bacgiangcity,134.47621802655857
2025-11-16 10:00:00+00:00,angiang_longxuyen,91.44198983741717
2025-11-16 11:00:00+00:00,backan_backancity,87.14433958182049
2025-11-16 12:00:00+00:00,angiang_longxuyen,92.16091744796262
2025-11-16 13:00:00+00:00,bacgiang_bacgiangcity,135.4104352409531
2025-11-16 14:00:00+00:00,angiang_longxuyen,92.89863341725417
2025-11-16 15:00:00+00:00,backan_backancity,86.88428430717724
2025-11-16 16:00:00+00:00,bacgiang_bacgiangcity,136.65187529787198
2025-11-16 17:00:00+00:00,angiang_longxuyen,92.92880597911707
2025-11-16 18:00:00+00:00,backan_backancity,86.27309176397696
2025-11-16 19:00:00+00:00,bacgiang_bacgiangcity,137.64683695586638
2025-11-16 20:00:00+00:00,backan_backancity,85.345325837129
2025-11-16 21:00:00+00:00,bacgiang_bacgiangcity,138.9004287708696
2025-11-16 22:00:00+00:00,angiang_longxuyen,92.3427526544567
2025-11-16 23:00:00+00:00,angiang_longxuyen,91.65956178150464
2025-11-17 00:00:00+00:00,backan_backancity,84.15901583420316
2025-11-17 01:00:00+00:00,bacgiang_bacgiangcity,140.61663385556542
2025-11-17 02:00:00+00:00,backan_backancity,82.60794027755665
2025-11-17 03:00:00+00:00,bacgiang_bacgiangcity,142.623873785495
2025-11-17 04:00:00+00:00,angiang_longxuyen,90.97471624176895
2025-11-17 05:00:00+00:00,angiang_longxuyen,90.3904873546171
2025-11-17 06:00:00+00:00,backan_backancity,81.07872449509492
2025-11-17 07:00:00+00:00,bacgiang_bacgiangcity,145.57604800572108
2025-11-17 08:00:00+00:00,bacgiang_bacgiangcity,149.0257078372183
2025-11-17 09:00:00+00:00,angiang_longxuyen,89.99436323509612
2025-11-17 10:00:00+00:00,backan_backancity,79.8506461115675
2025-11-17 11:00:00+00:00,bacgiang_bacgiangcity,152.48980535374372
2025-11-17 12:00:00+00:00,angiang_longxuyen,89.53801115756089
2025-11-17 13:00:00+00:00,backan_backancity,78.96807028232598
2025-11-17 14:00:00+00:00,angiang_longxuyen,88.79717834122822
2025-11-17 15:00:00+00:00,backan_backancity,78.23964627130198
2025-11-17 16:00:00+00:00,bacgiang_bacgiangcity,155.74580221972204
2025-11-17 17:00:00+00:00,backan_backancity,77.62094197130872
2025-11-17 18:00:00+00:00,bacgiang_bacgiangcity,158.40480870053665
2025-11-17 19:00:00+00:00,angiang_longxuyen,87.37939791057359
2025-11-17 20:00:00+00:00,backan_backancity,77.01980296350114
2025-11-17 21:00:00+00:00,bacgiang_bacgiangcity,160.3897919275443
2025-11-17 22:00:00+00:00,angiang_longxuyen,85.35064611688847
2025-11-17 23:00:00+00:00,bacgiang_bacgiangcity,161.58361010055768
2025-11-18 00:00:00+00:00,angiang_longxuyen,82.79204586860428
2025-11-18 01:00:00+00:00,backan_backancity,76.37769660597709
2025-11-18 02:00:00+00:00,backan_backancity,75.64587000704401
2025-11-18 03:00:00+00:00,bacgiang_bacgiangcity,162.0103993561575
2025-11-18 04:00:00+00:00,angiang_longxuyen,80.02254973065439
2025-11-18 05:00:00+00:00,angiang_longxuyen,77.1141572283591
2025-11-18 06:00:00+00:00,backan_backancity,74.89574164573831
2025-11-18 07:00:00+00:00,bacgiang_bacgiangcity,161.95197431541905
2025-11-18 08:00:00+00:00,angiang_longxuyen,74.24979512223956
2025-11-18 09:00:00+00:00,backan_backancity,74.28882804214685
2025-11-18 10:00:00+00:00,bacgiang_bacgiangcity,161.50027897713397
2025-11-18 11:00:00+00:00,backan_backancity,73.96911390008833
2025-11-18 12:00:00+00:00,bacgiang_bacgiangcity,160.9769882156766
2025-11-18 13:00:00+00:00,angiang_longxuyen,71.65873040730618
2025-11-18 14:00:00+00:00,bacgiang_bacgiangcity,160.70131403434172
2025-11-18 15:00:00+00:00,angiang_longxuyen,69.3466850743295
2025-11-18 16:00:00+00:00,backan_backancity,74.39168997234603
2025-11-18 17:00:00+00:00,angiang_longxuyen,67.29482174625551
2025-11-18 18:00:00+00:00,bacgiang_bacgiangcity,160.8306315039831
2025-11-18 19:00:00+00:00,backan_backancity,75.18229550028921
2025-11-18 20:00:00+00:00,angiang_longxuyen,65.64066905708246
2025-11-18 21:00:00+00:00,backan_backancity,76.64677364041023
2025-11-18 22:00:00+00:00,bacgiang_bacgiangcity,161.36834082137287
2025-11-18 23:00:00+00:00,bacgiang_bacgiangcity,162.19724758131036
2025-11-19 00:00:00+00:00,angiang_longxuyen,64.61543082276692
2025-11-19 01:00:00+00:00,backan_backancity,79.05408426143066
2025-11-19 02:00:00+00:00,bacgiang_bacgiangcity,163.47114493146748
2025-11-19 03:00:00+00:00,angiang_longxuyen,64.50315737745164
2025-11-19 04:00:00+00:00,backan_backancity,82.61278711219596
2025-11-19 05:00:00+00:00,angiang_longxuyen,65.26652785530024
2025-11-19 06:00:00+00:00,backan_backancity,87.08349471046783
2025-11-19 07:00:00+00:00,bacgiang_bacgiangcity,165.3435916880931
2025-11-19 08:00:00+00:00,bacgiang_bacgiangcity,167.57522069361318
2025-11-19 09:00:00+00:00,angiang_longxuyen,66.46642429849275
2025-11-19 10:00:00+00:00,backan_backancity,92.10799919566733
2025-11-19 11:00:00+00:00,backan_backancity,97.19623226340599
2025-11-19 12:00:00+00:00,bacgiang_bacgiangcity,169.7284060596773
2025-11-19 13:00:00+00:00,angiang_longxuyen,67.607556159497
2025-11-19 14:00:00+00:00,backan_backancity,102.07891572485299
2025-11-19 15:00:00+00:00,angiang_longxuyen,68.17918853708797
2025-11-19 16:00:00+00:00,bacgiang_bacgiangcity,171.653950403871
2025-11-19 17:00:00+00:00,backan_backancity,106.45425409534593
2025-11-19 18:00:00+00:00,bacgiang_bacgiangcity,173.21500895736955
2025-11-19 19:00:00+00:00,angiang_longxuyen,68.10317190165716
2025-11-19 20:00:00+00:00,backan_backancity,110.27984661327753
2025-11-19 21:00:00+00:00,angiang_longxuyen,67.44380631747967
2025-11-19 22:00:00+00:00,bacgiang_bacgiangcity,174.18392635148072
2025-11-19 23:00:00+00:00,angiang_longxuyen,66.70407461972195
2025-11-20 00:00:00+00:00,backan_backancity,113.02041806397101
2025-11-20 01:00:00+00:00,bacgiang_bacgiangcity,174.14150758162313
2025-11-20 02:00:00+00:00,angiang_longxuyen,66.35298158719888
2025-11-20 03:00:00+00:00,backan_backancity,113.94256422115393
2025-11-20 04:00:00+00:00,bacgiang_bacgiangcity,173.1657037130368
2025-11-20 05:00:00+00:00,angiang_longxuyen,66.3853288881365
2025-11-20 06:00:00+00:00,backan_backancity,113.99420082403299
2025-11-20 07:00:00+00:00,bacgiang_bacgiangcity,171.73529688360918
2025-11-20 08:00:00+00:00,angiang_longxuyen,66.65983858576674
2025-11-20 09:00:00+00:00,backan_backancity,113.77837799663949
2025-11-20 10:00:00+00:00,bacgiang_bacgiangcity,170.14932746515137
2025-11-20 11:00:00+00:00,backan_backancity,113.70690093474728
2025-11-20 12:00:00+00:00,bacgiang_bacgiangcity,168.56185641267612
2025-11-20 13:00:00+00:00,angiang_longxuyen,66.97373987384984
2025-11-20 14:00:00+00:00,bacgiang_bacgiangcity,167.2416427393994
2025-11-20 15:00:00+00:00,angiang_longxuyen,66.90306982068519
2025-11-20 16:00:00+00:00,backan_backancity,113.99145101651686
2025-11-20 17:00:00+00:00,bacgiang_bacgiangcity,166.5504224285002
2025-11-20 18:00:00+00:00,angiang_longxuyen,66.45389474076707
2025-11-20 19:00:00+00:00,backan_backancity,114.90610574157105
2025-11-20 20:00:00+00:00,bacgiang_bacgiangcity,166.2773163282717
2025-11-20 21:00:00+00:00,angiang_longxuyen,65.65028142770407
2025-11-20 22:00:00+00:00,backan_backancity,116.51271664992711
2025-11-20 23:00:00+00:00,bacgiang_bacgiangcity,166.40734157445635
2025-11-21 00:00:00+00:00,backan_backancity,118.64642142309216
2025-11-21 01:00:00+00:00,angiang_longxuyen,64.61569863010763
2025-11-21 02:00:00+00:00,backan_backancity,121.05323229648575
2025-11-21 03:00:00+00:00,bacgiang_bacgiangcity,166.67370945070184
2025-11-21 04:00:00+00:00,angiang_longxuyen,63.36390016783233
2025-11-21 05:00:00+00:00,backan_backancity,123.54696458546434
2025-11-21 06:00:00+00:00,bacgiang_bacgiangcity,167.0024573082351
2025-11-21 07:00:00+00:00,angiang_longxuyen,62.03218990800119
2025-11-21 08:00:00+00:00,backan_backancity,125.97562088622088
2025-11-21 09:00:00+00:00,bacgiang_bacgiangcity,167.3574789788008
2025-11-21 10:00:00+00:00,angiang_longxuyen,60.733706887512845
2025-11-21 11:00:00+00:00,bacgiang_bacgiangcity,167.731945375211
2025-11-21 12:00:00+00:00,angiang_longxuyen,59.52894208944829
2025-11-21 13:00:00+00:00,backan_backancity,128.260510076623
2025-11-21 14:00:00+00:00,angiang_longxuyen,58.49720952712074
2025-11-21 15:00:00+00:00,backan_backancity,129.78740406508632
2025-11-21 16:00:00+00:00,bacgiang_bacgiangcity,167.94357534392663
2025-11-21 17:00:00+00:00,angiang_longxuyen,57.567760239845505
2025-11-21 18:00:00+00:00,backan_backancity,130.91049479764774
2025-11-21 19:00:00+00:00,bacgiang_bacgiangcity,168.0959768498817
2025-11-21 20:00:00+00:00,angiang_longxuyen,56.83923340993178
2025-11-21 21:00:00+00:00,backan_backancity,130.97237024903473
2025-11-21 22:00:00+00:00,bacgiang_bacgiangcity,168.1712880999062
2025-11-21 23:00:00+00:00,backan_backancity,130.77510862237511
2025-11-22 00:00:00+00:00,bacgiang_bacgiangcity,168.3316951324387
2025-11-22 01:00:00+00:00,angiang_longxuyen,56.418541553606865
2025-11-22 02:00:00+00:00,bacgiang_bacgiangcity,168.48584216838228
2025-11-22 03:00:00+00:00,angiang_longxuyen,56.37651493021245
2025-11-22 04:00:00+00:00,backan_backancity,130.827570167509
2025-11-22 05:00:00+00:00,bacgiang_bacgiangcity,168.8253597068309
2025-11-22 06:00:00+00:00,angiang_longxuyen,56.769636977266906
2025-11-22 07:00:00+00:00,backan_backancity,131.20515460652882
2025-11-22 08:00:00+00:00,bacgiang_bacgiangcity,169.36048659629247
2025-11-22 09:00:00+00:00,angiang_longxuyen,57.395445345199676
2025-11-22 10:00:00+00:00,backan_backancity,131.84427443397666
2025-11-22 11:00:00+00:00,bacgiang_bacgiangcity,170.21162614778214
2025-11-22 12:00:00+00:00,angiang_longxuyen,58.08491534383641
2025-11-22 13:00:00+00:00,backan_backancity,132.70457204006354
2025-11-22 14:00:00+00:00,angiang_longxuyen,58.65638751525036
2025-11-22 15:00:00+00:00,backan_backancity,133.69860593691337
2025-11-22 16:00:00+00:00,bacgiang_bacgiangcity,171.21949038086964
2025-11-22 17:00:00+00:00,backan_backancity,134.7013363989251
2025-11-22 18:00:00+00:00,bacgiang_bacgiangcity,172.27003162660756
2025-11-22 19:00:00+00:00,angiang_longxuyen,59.04739579722285
2025-11-22 20:00:00+00:00,backan_backancity,135.006892618981
2025-11-22 21:00:00+00:00,bacgiang_bacgiangcity,173.15249507241145
2025-11-22 22:00:00+00:00,angiang_longxuyen,59.26986239868903
2025-11-22 23:00:00+00:00,backan_backancity,133.92475967158813
2025-11-23 00:00:00+00:00,bacgiang_bacgiangcity,173.12802417665483
2025-11-23 01:00:00+00:00,angiang_longxuyen,59.437791948130865
2025-11-23 02:00:00+00:00,backan_backancity,131.88306106677598
2025-11-23 03:00:00+00:00,angiang_longxuyen,59.47299426661132
2025-11-23 04:00:00+00:00,bacgiang_bacgiangcity,172.3359696197075
2025-11-23 05:00:00+00:00,angiang_longxuyen,59.353140917099395
2025-11-23 06:00:00+00:00,backan_backancity,129.30016686687097
2025-11-23 07:00:00+00:00,bacgiang_bacgiangcity,171.12027732568754
2025-11-23 08:00:00+00:00,angiang_longxuyen,59.212599450518255
2025-11-23 09:00:00+00:00,backan_backancity,126.69265591185413
2025-11-23 10:00:00+00:00,bacgiang_bacgiangcity,169.45065158917802
2025-11-23 11:00:00+00:00,angiang_longxuyen,58.97977922596959
2025-11-23 12:00:00+00:00,backan_backancity,124.52865543327219
2025-11-23 13:00:00+00:00,bacgiang_bacgiangcity,167.45107764437606
2025-11-23 14:00:00+00:00,backan_backancity,123.03133144015518
2025-11-23 15:00:00+00:00,bacgiang_bacgiangcity,165.22325532891313
2025-11-23 16:00:00+00:00,angiang_longxuyen,58.3988094585086
2025-11-23 17:00:00+00:00,bacgiang_bacgiangcity,163.17766634424987
2025-11-23 18:00:00+00:00,angiang_longxuyen,57.492391602533715
2025-11-23 19:00:00+00:00,backan_backancity,122.15263642621689
2025-11-23 20:00:00+00:00,bacgiang_bacgiangcity,161.67884430382082
2025-11-23 21:00:00+00:00,angiang_longxuyen,56.2829067000893
2025-11-23 22:00:00+00:00,backan_backancity,121.88600791604159
2025-11-23 23:00:00+00:00,bacgiang_bacgiangcity,160.72941467601964
2025-11-24 00:00:00+00:00,angiang_longxuyen,54.911068379618364
2025-11-24 01:00:00+00:00,backan_backancity,122.24940095714116
2025-11-24 02:00:00+00:00,angiang_longxuyen,53.46862934895493
2025-11-24 03:00:00+00:00,backan_backancity,123.1762283627282
2025-11-24 04:00:00+00:00,bacgiang_bacgiangcity,160.35256192491283
2025-11-24 05:00:00+00:00,backan_backancity,124.338221698232
2025-11-24 06:00:00+00:00,bacgiang_bacgiangcity,160.48547566455792
2025-11-24 07:00:00+00:00,angiang_longxuyen,52.07199015582543
2025-11-24 08:00:00+00:00,backan_backancity,125.28043248351906
2025-11-24 09:00:00+00:00,bacgiang_bacgiangcity,161.01758493916265
2025-11-24 10:00:00+00:00,angiang_longxuyen,50.890036804459946
2025-11-24 11:00:00+00:00,bacgiang_bacgiangcity,161.68372222324075
2025-11-24 12:00:00+00:00,angiang_longxuyen,49.95999929748995
2025-11-24 13:00:00+00:00,backan_backancity,125.72826135332278
2025-11-24 14:00:00+00:00,angiang_longxuyen,49.35424778646617
2025-11-24 15:00:00+00:00,backan_backancity,125.53158077294702
2025-11-24 16:00:00+00:00,bacgiang_bacgiangcity,162.4193172540394
2025-11-24 17:00:00+00:00,angiang_longxuyen,48.99456339880791
2025-11-24 18:00:00+00:00,bacgiang_bacgiangcity,162.91977265742798
2025-11-24 19:00:00+00:00,backan_backancity,125.14777937780377
2025-11-24 20:00:00+00:00,backan_backancity,124.79411587303737
2025-11-24 21:00:00+00:00,angiang_longxuyen,48.86990864625912
2025-11-24 22:00:00+00:00,bacgiang_bacgiangcity,163.04926228893123
2025-11-24 23:00:00+00:00,bacgiang_bacgiangcity,162.81091375570665
2025-11-25 00:00:00+00:00,angiang_longxuyen,49.047120589420636
2025-11-25 01:00:00+00:00,backan_backancity,124.76656519286269
2025-11-25 02:00:00+00:00,bacgiang_bacgiangcity,162.37419649940512
2025-11-25 03:00:00+00:00,angiang_longxuyen,49.6071679083893
2025-11-25 04:00:00+00:00,backan_backancity,125.21734472568804
2025-11-25 05:00:00+00:00,bacgiang_bacgiangcity,161.9206838970224
2025-11-25 06:00:00+00:00,backan_backancity,125.93055154103143
2025-11-25 07:00:00+00:00,angiang_longxuyen,50.572034716472345
2025-11-25 08:00:00+00:00,angiang_longxuyen,51.859327215938514
2025-11-25 09:00:00+00:00,backan_backancity,126.78907133678072
2025-11-25 10:00:00+00:00,bacgiang_bacgiangcity,161.6045755895155
2025-11-25 11:00:00+00:00,bacgiang_bacgiangcity,161.48761073346398
2025-11-25 12:00:00+00:00,angiang_longxuyen,53.22077365513543
2025-11-25 13:00:00+00:00,backan_backancity,127.56579392347288
2025-11-25 14:00:00+00:00,bacgiang_bacgiangcity,161.58685248228977
2025-11-25 15:00:00+00:00,backan_backancity,128.05120907531668
2025-11-25 16:00:00+00:00,angiang_longxuyen,54.53839533593607
2025-11-25 17:00:00+00:00,bacgiang_bacgiangcity,161.66063818692703
2025-11-25 18:00:00+00:00,angiang_longxuyen,55.65902558855479
2025-11-25 19:00:00+00:00,backan_backancity,128.24869785998848
2025-11-25 20:00:00+00:00,backan_backancity,128.15215809593943
2025-11-25 21:00:00+00:00,bacgiang_bacgiangcity,161.66304367071942
2025-11-25 22:00:00+00:00,angiang_longxuyen,56.54074299962388
2025-11-25 23:00:00+00:00,backan_backancity,127.86145322760765
2025-11-26 00:00:00+00:00,bacgiang_bacgiangcity,161.76249583959859
2025-11-26 01:00:00+00:00,angiang_longxuyen,57.25853840681377
2025-11-26 02:00:00+00:00,angiang_longxuyen,57.38468044655825
2025-11-26 06:00:00+00:00,backan_backancity,127.6091691481187
2025-11-26 07:00:00+00:00,bacgiang_bacgiangcity,162.58264625594992
2025-11-26 08:00:00+00:00,backan_backancity,127.53486695789577
2025-11-26 09:00:00+00:00,bacgiang_bacgiangcity,164.16115532705956
2025-11-26 10:00:00+00:00,angiang_longxuyen,57.287786794237554
2025-11-26 11:00:00+00:00,backan_backancity,127.44972096151139
2025-11-26 12:00:00+00:00,angiang_longxuyen,57.04974910881914
2025-11-26 13:00:00+00:00,bacgiang_bacgiangcity,165.90884212110967
2025-11-26 14:00:00+00:00,angiang_longxuyen,56.699605357673384
2025-11-26 15:00:00+00:00,bacgiang_bacgiangcity,167.6303268362365
2025-11-26 16:00:00+00:00,backan_backancity,127.38972494378328
2025-11-26 17:00:00+00:00,angiang_longxuyen,56.32555023682212
2025-11-26 18:00:00+00:00,bacgiang_bacgiangcity,169.1684017811741
2025-11-26 19:00:00+00:00,backan_backancity,127.38839547162766
2025-11-26 20:00:00+00:00,angiang_longxuyen,55.981102173940215
2025-11-26 21:00:00+00:00,bacgiang_bacgiangcity,170.42584810897387
2025-11-26 22:00:00+00:00,backan_backancity,127.44460153725744
2025-11-26 23:00:00+00:00,angiang_longxuyen,55.676280032934294
2025-11-27 00:00:00+00:00,bacgiang_bacgiangcity,171.40111158060486
2025-11-27 01:00:00+00:00,backan_backancity,127.40588902970421
2025-11-27 02:00:00+00:00,bacgiang_bacgiangcity,172.1446499684197
2025-11-27 03:00:00+00:00,backan_backancity,127.09908463614971
2025-11-27 04:00:00+00:00,angiang_longxuyen,55.382399734705615
2025-11-27 05:00:00+00:00,angiang_longxuyen,55.07796974016287
2025-11-27 06:00:00+00:00,backan_backancity,126.45385784487908
2025-11-27 07:00:00+00:00,bacgiang_bacgiangcity,172.61371452565888
2025-11-27 08:00:00+00:00,bacgiang_bacgiangcity,172.94972665730867
2025-11-27 09:00:00+00:00,angiang_longxuyen,54.83637882520622
2025-11-27 10:00:00+00:00,backan_backancity,125.68542891676928
2025-11-27 11:00:00+00:00,bacgiang_bacgiangcity,173.2111161863815
2025-11-27 12:00:00+00:00,backan_backancity,125.0206306693947
2025-11-27 13:00:00+00:00,angiang_longxuyen,54.74139330018802
2025-11-27 14:00:00+00:00,angiang_longxuyen,54.95762859870894
2025-11-27 15:00:00+00:00,bacgiang_bacgiangcity,173.4195420315566
2025-11-27 16:00:00+00:00,backan_backancity,124.70367350826322
2025-11-27 17:00:00+00:00,bacgiang_bacgiangcity,173.85872694121176
2025-11-27 18:00:00+00:00,angiang_longxuyen,55.32899129933138
2025-11-27 19:00:00+00:00,backan_backancity,124.18197046175433
2025-11-27 20:00:00+00:00,bacgiang_bacgiangcity,174.11664453940335
2025-11-27 21:00:00+00:00,angiang_longxuyen,55.70947857863343
2025-11-27 22:00:00+00:00,backan_backancity,123.9723538303679
2025-11-27 23:00:00+00:00,bacgiang_bacgiangcity,174.2169909935095
2025-11-28 00:00:00+00:00,angiang_longxuyen,56.11030965128094
2025-11-28 01:00:00+00:00,backan_backancity,124.20449138531147
2025-11-28 02:00:00+00:00,angiang_longxuyen,56.61474868886245
2025-11-28 03:00:00+00:00,bacgiang_bacgiangcity,174.05475713233153
2025-11-28 04:00:00+00:00,backan_backancity,124.74702003926538
2025-11-28 05:00:00+00:00,angiang_longxuyen,57.458700482618646
2025-11-28 06:00:00+00:00,backan_backancity,125.23815239960578
2025-11-28 07:00:00+00:00,bacgiang_bacgiangcity,173.6943554035821
2025-11-28 08:00:00+00:00,angiang_longxuyen,58.77790987836774
2025-11-28 09:00:00+00:00,backan_backancity,125.31348995213695
2025-11-28 10:00:00+00:00,bacgiang_bacgiangcity,173.42620373915656
2025-11-28 11:00:00+00:00,bacgiang_bacgiangcity,173.40852845467026
2025-11-28 12:00:00+00:00,angiang_longxuyen,60.60913821589499
2025-11-28 13:00:00+00:00,backan_backancity,125.04512667208951
2025-11-28 14:00:00+00:00,angiang_longxuyen,62.72730298988843
2025-11-28 15:00:00+00:00,bacgiang_bacgiangcity,173.66643648831393
2025-11-28 16:00:00+00:00,backan_backancity,124.61724347132566
2025-11-28 17:00:00+00:00,bacgiang_bacgiangcity,174.13308599721285
2025-11-28 18:00:00+00:00,backan_backancity,124.01386635931365
2025-11-28 19:00:00+00:00,angiang_longxuyen,64.79121764829401
2025-11-28 20:00:00+00:00,backan_backancity,123.42090503994534
2025-11-28 21:00:00+00:00,angiang_longxuyen,66.46299062580304
2025-11-28 22:00:00+00:00,bacgiang_bacgiangcity,174.40131896029538
2025-11-28 23:00:00+00:00,angiang_longxuyen,67.58382651620124
2025-11-29 00:00:00+00:00,bacgiang_bacgiangcity,174.50424784232976
2025-11-29 01:00:00+00:00,backan_backancity,122.97329615474294
2025-11-29 02:00:00+00:00,angiang_longxuyen,68.25185279848606
2025-11-29 03:00:00+00:00,backan_backancity,122.75707161633838
2025-11-29 04:00:00+00:00,bacgiang_bacgiangcity,174.528752214004
2025-11-29 05:00:00+00:00,bacgiang_bacgiangcity,174.12370795801434
2025-11-29 06:00:00+00:00,angiang_longxuyen,68.40927808321626
2025-11-29 07:00:00+00:00,backan_backancity,122.27276356091194
2025-11-29 08:00:00+00:00,backan_backancity,122.04181081433727
2025-11-29 09:00:00+00:00,angiang_longxuyen,68.4466587274769
2025-11-29 10:00:00+00:00,bacgiang_bacgiangcity,173.73048070093319
2025-11-29 11:00:00+00:00,backan_backancity,122.346607848405
2025-11-29 12:00:00+00:00,bacgiang_bacgiangcity,173.29090842708882
2025-11-29 13:00:00+00:00,angiang_longxuyen,68.50806073374369
2025-11-29 14:00:00+00:00,backan_backancity,123.2754426134788
2025-11-29 15:00:00+00:00,bacgiang_bacgiangcity,172.8834921632244
2025-11-29 16:00:00+00:00,angiang_longxuyen,68.66974224228149
2025-11-29 17:00:00+00:00,angiang_longxuyen,68.7673484534194
2025-11-29 18:00:00+00:00,backan_backancity,124.64296373614941
2025-11-29 19:00:00+00:00,bacgiang_bacgiangcity,172.33167035543443
2025-11-29 20:00:00+00:00,backan_backancity,126.10938587062748
2025-11-29 21:00:00+00:00,angiang_longxuyen,69.00096253544228
2025-11-29 22:00:00+00:00,bacgiang_bacgiangcity,171.52842527746492
2025-11-29 23:00:00+00:00,backan_backancity,127.3299465195195
2025-11-30 00:00:00+00:00,bacgiang_bacgiangcity,170.40546127516293
2025-11-30 01:00:00+00:00,angiang_longxuyen,69.45603894140373
2025-11-30 02:00:00+00:00,angiang_longxuyen,70.14640561640442
2025-11-30 03:00:00+00:00,backan_backancity,127.88225611925145
2025-11-30 04:00:00+00:00,bacgiang_bacgiangcity,168.9765752088486
2025-11-30 05:00:00+00:00,angiang_longxuyen,71.10687273246165
2025-11-30 06:00:00+00:00,backan_backancity,127.34345405226614
2025-11-30 07:00:00+00:00,bacgiang_bacgiangcity,167.25729990428255
2025-11-30 08:00:00+00:00,angiang_longxuyen,72.3317182988049
2025-11-30 09:00:00+00:00,backan_backancity,125.63332604218095
2025-11-30 10:00:00+00:00,bacgiang_bacgiangcity,165.16772356390902
2025-11-30 11:00:00+00:00,bacgiang_bacgiangcity,162.91121716934737
2025-11-30 12:00:00+00:00,angiang_longxuyen,73.984323922358
2025-11-30 13:00:00+00:00,backan_backancity,123.13429379810714
2025-11-30 14:00:00+00:00,backan_backancity,120.1783810352276
2025-11-30 15:00:00+00:00,bacgiang_bacgiangcity,160.64389805340483
2025-11-30 16:00:00+00:00,angiang_longxuyen,76.17752496562433
2025-11-30 17:00:00+00:00,angiang_longxuyen,78.44576706043748
2025-11-30 18:00:00+00:00,backan_backancity,116.93797438229728
2025-11-30 19:00:00+00:00,bacgiang_bacgiangcity,158.52583370716417
2025-11-30 20:00:00+00:00,angiang_longxuyen,80.16320358067314
2025-11-30 21:00:00+00:00,bacgiang_bacgiangcity,156.43011214477633
2025-11-30 22:00:00+00:00,backan_backancity,113.23373438203512
2025-11-30 23:00:00+00:00,backan_backancity,109.10521641777648
2025-12-01 00:00:00+00:00,bacgiang_bacgiangcity,154.08784523162882
2025-12-01 01:00:00+00:00,angiang_longxuyen,81.57797237431336
2025-12-01 02:00:00+00:00,bacgiang_bacgiangcity,151.56013129959325
2025-12-01 03:00:00+00:00,backan_backancity,104.88388520171434
2025-12-01 04:00:00+00:00,angiang_longxuyen,83.16629228041319
2025-12-01 05:00:00+00:00,backan_backancity,101.05104723986985
2025-12-01 06:00:00+00:00,angiang_longxuyen,85.08044763921613
2025-12-01 07:00:00+00:00,bacgiang_bacgiangcity,148.78472427105217
2025-12-01 08:00:00+00:00,backan_backancity,97.81253645966505
2025-12-01 09:00:00+00:00,bacgiang_bacgiangcity,145.76941447025564
2025-12-01 10:00:00+00:00,angiang_longxuyen,87.64160640405882
2025-12-01 11:00:00+00:00,backan_backancity,95.21771108406125
2025-12-01 12:00:00+00:00,angiang_longxuyen,90.83560945737013
2025-12-01 13:00:00+00:00,bacgiang_bacgiangcity,142.36232405024515
2025-12-01 14:00:00+00:00,bacgiang_bacgiangcity,138.65199442190323
2025-12-01 15:00:00+00:00,angiang_longxuyen,94.40607311532509
2025-12-01 16:00:00+00:00,backan_backancity,92.99016135821294
2025-12-01 17:00:00+00:00,backan_backancity,90.81111225910684
2025-12-01 18:00:00+00:00,angiang_longxuyen,97.6873915240373
2025-12-01 19:00:00+00:00,bacgiang_bacgiangcity,134.81716785605258
2025-12-01 20:00:00+00:00,bacgiang_bacgiangcity,130.90997592092515
2025-12-01 21:00:00+00:00,angiang_longxuyen,100.15624522840578
2025-12-01 22:00:00+00:00,backan_backancity,88.54009046756542
2025-12-01 23:00:00+00:00,backan_backancity,86.23173824563975
2025-12-02 00:00:00+00:00,angiang_longxuyen,101.77310305535701
2025-12-02 01:00:00+00:00,bacgiang_bacgiangcity,127.02281214906304
2025-12-02 02:00:00+00:00,backan_backancity,83.87278239200631
2025-12-02 03:00:00+00:00,bacgiang_bacgiangcity,123.0586298553795
2025-12-02 04:00:00+00:00,angiang_longxuyen,102.89878488371815
2025-12-02 05:00:00+00:00,backan_backancity,81.87023865508692
2025-12-02 06:00:00+00:00,angiang_longxuyen,103.21909740780355
2025-12-02 07:00:00+00:00,bacgiang_bacgiangcity,119.30365530866041
2025-12-02 08:00:00+00:00,bacgiang_bacgiangcity,115.68735415276423
2025-12-02 09:00:00+00:00,backan_backancity,80.22356783349471
2025-12-02 10:00:00+00:00,angiang_longxuyen,102.85787432350475
2025-12-02 11:00:00+00:00,backan_backancity,78.88801262541494
2025-12-02 12:00:00+00:00,angiang_longxuyen,101.9679908807891
2025-12-02 13:00:00+00:00,bacgiang_bacgiangcity,112.25383927809216
2025-12-02 14:00:00+00:00,backan_backancity,77.72985586918038
2025-12-02 15:00:00+00:00,bacgiang_bacgiangcity,108.95936782268919
2025-12-02 16:00:00+00:00,angiang_longxuyen,101.44288165966566
2025-12-02 17:00:00+00:00,backan_backancity,76.63213749101348
2025-12-02 18:00:00+00:00,bacgiang_bacgiangcity,105.82087748000924
2025-12-02 19:00:00+00:00,angiang_longxuyen,101.86555756189188
2025-12-02 20:00:00+00:00,angiang_longxuyen,103.61015978924999
2025-12-02 21:00:00+00:00,backan_backancity,75.50899893571265
2025-12-02 22:00:00+00:00,bacgiang_bacgiangcity,102.73883037385734
2025-12-02 23:00:00+00:00,backan_backancity,74.31368869322966
2025-12-03 00:00:00+00:00,angiang_longxuyen,106.53876419874219
2025-12-03 01:00:00+00:00,bacgiang_bacgiangcity,99.72836322321042
2025-12-03 02:00:00+00:00,bacgiang_bacgiangcity,96.763975673123
2025-12-03 03:00:00+00:00,angiang_longxuyen,110.37878229657106
2025-12-03 04:00:00+00:00,backan_backancity,72.97340142508517
2025-12-03 05:00:00+00:00,angiang_longxuyen,114.37240934980211
2025-12-03 06:00:00+00:00,bacgiang_bacgiangcity,93.91093440499054
2025-12-03 07:00:00+00:00,backan_backancity,71.43334422759895
2025-12-03 08:00:00+00:00,angiang_longxuyen,117.65183995587607
2025-12-03 09:00:00+00:00,bacgiang_bacgiangcity,91.19913759770856
2025-12-03 10:00:00+00:00,backan_backancity,69.77200378069243
2025-12-03 11:00:00+00:00,bacgiang_bacgiangcity,88.67346928335127
2025-12-03 12:00:00+00:00,backan_backancity,68.17057327058308
2025-12-03 13:00:00+00:00,angiang_longxuyen,119.72190461856991
2025-12-03 14:00:00+00:00,backan_backancity,66.6950074283296
2025-12-03 15:00:00+00:00,bacgiang_bacgiangcity,86.34689540214151
2025-12-03 16:00:00+00:00,angiang_longxuyen,120.24767020679177
2025-12-03 17:00:00+00:00,backan_backancity,64.78985470022079
2025-12-03 18:00:00+00:00,bacgiang_bacgiangcity,83.71388177576527
2025-12-03 19:00:00+00:00,angiang_longxuyen,119.42222820432461
2025-12-03 20:00:00+00:00,angiang_longxuyen,117.3384479799677
2025-12-03 21:00:00+00:00,backan_backancity,62.8256839294048
2025-12-03 22:00:00+00:00,bacgiang_bacgiangcity,80.9639212268648
2025-12-03 23:00:00+00:00,backan_backancity,60.92801067773987
2025-12-04 00:00:00+00:00,bacgiang_bacgiangcity,78.22618656129475
2025-12-04 01:00:00+00:00,angiang_longxuyen,114.41537270110474
2025-12-04 02:00:00+00:00,bacgiang_bacgiangcity,75.6574407188445
2025-12-04 03:00:00+00:00,backan_backancity,59.29564363750551
2025-12-04 04:00:00+00:00,angiang_longxuyen,111.32108783066059
2025-12-04 05:00:00+00:00,angiang_longxuyen,108.56156721725974
2025-12-04 06:00:00+00:00,bacgiang_bacgiangcity,73.37344103139543
2025-12-04 07:00:00+00:00,angiang_longxuyen,106.49791715310457
2025-12-04 08:00:00+00:00,bacgiang_bacgiangcity,71.64065102067184
2025-12-04 09:00:00+00:00,angiang_longxuyen,105.24306177165847
2025-12-04 10:00:00+00:00,bacgiang_bacgiangcity,70.50874655723698
2025-12-04 11:00:00+00:00,backan_backancity,58.03598311687104
2025-12-04 12:00:00+00:00,bacgiang_bacgiangcity,69.77396690414525
2025-12-04 13:00:00+00:00,angiang_longxuyen,104.51398744610152
2025-12-04 14:00:00+00:00,bacgiang_bacgiangcity,69.26813622484687
2025-12-04 15:00:00+00:00,backan_backancity,57.325576322920156
2025-12-04 16:00:00+00:00,angiang_longxuyen,103.8785717887132
2025-12-04 17:00:00+00:00,bacgiang_bacgiangcity,69.00041257393906
2025-12-04 18:00:00+00:00,angiang_longxuyen,103.07067505265958
2025-12-04 19:00:00+00:00,backan_backancity,56.82148639133634
2025-12-04 20:00:00+00:00,backan_backancity,56.42257301053922
2025-12-04 21:00:00+00:00,bacgiang_bacgiangcity,69.87829460130739
2025-12-04 22:00:00+00:00,angiang_longxuyen,101.7186434163921
2025-12-04 23:00:00+00:00,bacgiang_bacgiangcity,73.45749188704728
2025-12-05 00:00:00+00:00,angiang_longxuyen,99.90671394535417
2025-12-05 01:00:00+00:00,backan_backancity,56.09273957682133
2025-12-05 02:00:00+00:00,bacgiang_bacgiangcity,79.622196885401
2025-12-05 03:00:00+00:00,backan_backancity,55.88579623656797
2025-12-05 04:00:00+00:00,angiang_longxuyen,98.26301829593758
2025-12-05 05:00:00+00:00,backan_backancity,55.77908935812013
2025-12-05 06:00:00+00:00,bacgiang_bacgiangcity,87.71971647990735
2025-12-05 07:00:00+00:00,angiang_longxuyen,97.11015551695583
2025-12-05 08:00:00+00:00,angiang_longxuyen,96.58429727217636
2025-12-05 09:00:00+00:00,backan_backancity,55.87136811608766
2025-12-05 10:00:00+00:00,bacgiang_bacgiangcity,96.677946151628
2025-12-05 11:00:00+00:00,angiang_longxuyen,96.52626019341137
2025-12-05 12:00:00+00:00,backan_backancity,56.13578004229126
2025-12-05 13:00:00+00:00,bacgiang_bacgiangcity,105.58003588760073
2025-12-05 14:00:00+00:00,bacgiang_bacgiangcity,114.07237964506942
2025-12-05 15:00:00+00:00,angiang_longxuyen,96.9417788249005
2025-12-05 16:00:00+00:00,backan_backancity,56.4895296279886
2025-12-05 17:00:00+00:00,backan_backancity,56.82889413367111
2025-12-05 18:00:00+00:00,bacgiang_bacgiangcity,121.96238800429191
2025-12-05 19:00:00+00:00,angiang_longxuyen,97.64445327967286
2025-12-05 20:00:00+00:00,angiang_longxuyen,98.59564816434253
2025-12-05 21:00:00+00:00,backan_backancity,57.09173747402203
2025-12-05 22:00:00+00:00,bacgiang_bacgiangcity,129.1206044360674
2025-12-05 23:00:00+00:00,bacgiang_bacgiangcity,135.4984529928391
2025-12-06 00:00:00+00:00,angiang_longxuyen,99.49093707107222
2025-12-06 01:00:00+00:00,backan_backancity,57.2378550720185
2025-12-06 02:00:00+00:00,bacgiang_bacgiangcity,140.82772820959968
2025-12-06 03:00:00+00:00,angiang_longxuyen,100.13315999652359
2025-12-06 04:00:00+00:00,backan_backancity,57.32996166812415
2025-12-06 05:00:00+00:00,bacgiang_bacgiangcity,145.0398642337185
2025-12-06 06:00:00+00:00,angiang_longxuyen,100.14682893101575
2025-12-06 07:00:00+00:00,backan_backancity,57.4382180033289
2025-12-06 08:00:00+00:00,bacgiang_bacgiangcity,148.2270633067801
2025-12-06 09:00:00+00:00,angiang_longxuyen,99.4229074309073
2025-12-06 10:00:00+00:00,backan_backancity,57.60840478607094
2025-12-06 11:00:00+00:00,backan_backancity,58.01113920374701
2025-12-06 12:00:00+00:00,bacgiang_bacgiangcity,150.7668190045994
2025-12-06 13:00:00+00:00,angiang_longxuyen,97.87520756187897
2025-12-06 14:00:00+00:00,bacgiang_bacgiangcity,152.48994882196195
2025-12-06 15:00:00+00:00,angiang_longxuyen,96.64164450792534
2025-12-06 16:00:00+00:00,backan_backancity,58.35131191372556
2025-12-06 17:00:00+00:00,angiang_longxuyen,95.28590631046137
2025-12-06 18:00:00+00:00,bacgiang_bacgiangcity,153.3423078533066
2025-12-06 19:00:00+00:00,backan_backancity,58.488252328029056
2025-12-06 20:00:00+00:00,angiang_longxuyen,93.86940992035994
2025-12-06 21:00:00+00:00,bacgiang_bacgiangcity,153.21443941266938
2025-12-06 22:00:00+00:00,backan_backancity,58.4693862573314
2025-12-06 23:00:00+00:00,angiang_longxuyen,92.47946591074799
2025-12-07 00:00:00+00:00,bacgiang_bacgiangcity,152.35412267748674
2025-12-07 01:00:00+00:00,backan_backancity,59.02224581856658
2025-12-07 02:00:00+00:00,backan_backancity,60.47594232208738
2025-12-07 03:00:00+00:00,bacgiang_bacgiangcity,151.38302456645843
2025-12-07 04:00:00+00:00,angiang_longxuyen,91.44735196207363
2025-12-07 05:00:00+00:00,bacgiang_bacgiangcity,150.67443503660516
2025-12-07 06:00:00+00:00,angiang_longxuyen,91.09811086513426
2025-12-07 07:00:00+00:00,backan_backancity,62.777296881668725
2025-12-07 08:00:00+00:00,bacgiang_bacgiangcity,150.3657201246112
2025-12-07 09:00:00+00:00,backan_backancity,65.6400330146483
2025-12-07 10:00:00+00:00,angiang_longxuyen,91.29377162559207
2025-12-07 11:00:00+00:00,bacgiang_bacgiangcity,150.39665187246226
2025-12-07 12:00:00+00:00,backan_backancity,68.68506464798878
2025-12-07 13:00:00+00:00,angiang_longxuyen,91.78252600021524
2025-12-07 14:00:00+00:00,backan_backancity,71.6485632929074
2025-12-07 15:00:00+00:00,angiang_longxuyen,92.23617131069982
2025-12-07 16:00:00+00:00,bacgiang_bacgiangcity,150.4165891725227
2025-12-07 17:00:00+00:00,bacgiang_bacgiangcity,150.07378621187655
2025-12-07 18:00:00+00:00,angiang_longxuyen,92.57250026799821
2025-12-07 19:00:00+00:00,backan_backancity,74.18414884785004
2025-12-07 20:00:00+00:00,backan_backancity,76.36049715774791
2025-12-07 21:00:00+00:00,angiang_longxuyen,92.79985674456917
2025-12-07 22:00:00+00:00,bacgiang_bacgiangcity,149.1667323134675
2025-12-07 23:00:00+00:00,bacgiang_bacgiangcity,148.37629894738618
2025-12-08 00:00:00+00:00,angiang_longxuyen,93.3162383157501
2025-12-08 01:00:00+00:00,backan_backancity,77.93590014193282
2025-12-08 02:00:00+00:00,bacgiang_bacgiangcity,148.1927504912527
2025-12-08 03:00:00+00:00,angiang_longxuyen,92.60200570264632
2025-12-08 04:00:00+00:00,backan_backancity,78.79638186556643
2025-12-08 05:00:00+00:00,angiang_longxuyen,92.53214146264075
2025-12-08 06:00:00+00:00,backan_backancity,79.3881763100931
2025-12-08 07:00:00+00:00,bacgiang_bacgiangcity,148.29912261052465
2025-12-08 08:00:00+00:00,bacgiang_bacgiangcity,148.4364982117568
2025-12-08 09:00:00+00:00,angiang_longxuyen,93.73955085819473
2025-12-08 10:00:00+00:00,backan_backancity,79.89736892797207
2025-12-08 11:00:00+00:00,angiang_longxuyen,95.86014263621328
2025-12-08 12:00:00+00:00,bacgiang_bacgiangcity,148.35591211357524
2025-12-08 13:00:00+00:00,backan_backancity,80.5481168545077
2025-12-08 14:00:00+00:00,backan_backancity,81.28745162352831
2025-12-08 15:00:00+00:00,bacgiang_bacgiangcity,147.96622852148445
2025-12-08 16:00:00+00:00,angiang_longxuyen,98.14881161638161
2025-12-08 17:00:00+00:00,backan_backancity,82.26624441332785
2025-12-08 18:00:00+00:00,bacgiang_bacgiangcity,147.28726517869632
2025-12-08 19:00:00+00:00,angiang_longxuyen,100.31004794062561
2025-12-08 20:00:00+00:00,backan_backancity,83.63880485716389
2025-12-08 21:00:00+00:00,bacgiang_bacgiangcity,146.44723963184578
2025-12-08 22:00:00+00:00,angiang_longxuyen,102.09094433938334
2025-12-08 23:00:00+00:00,backan_backancity,85.38341425793291
2025-12-09 00:00:00+00:00,bacgiang_bacgiangcity,145.60580809645654
2025-12-09 01:00:00+00:00,angiang_longxuyen,103.69733137754054
2025-12-09 02:00:00+00:00,bacgiang_bacgiangcity,144.8089473541984
2025-12-09 03:00:00+00:00,angiang_longxuyen,105.34433953625316
2025-12-09 04:00:00+00:00,backan_backancity,87.42414325670353
2025-12-09 05:00:00+00:00,bacgiang_bacgiangcity,144.02852806974977
2025-12-09 06:00:00+00:00,angiang_longxuyen,106.89895416242366
2025-12-09 07:00:00+00:00,backan_backancity,89.5812560652418
2025-12-09 08:00:00+00:00,bacgiang_bacgiangcity,143.21443201220788
2025-12-09 09:00:00+00:00,angiang_longxuyen,108.36514458078467
2025-12-09 10:00:00+00:00,backan_backancity,91.74549446195232
2025-12-09 11:00:00+00:00,angiang_longxuyen,109.44088751351583
2025-12-09 12:00:00+00:00,backan_backancity,93.7418188516113
2025-12-09 13:00:00+00:00,bacgiang_bacgiangcity,142.37624764082466
2025-12-09 14:00:00+00:00,angiang_longxuyen,109.62686745705625
2025-12-09 15:00:00+00:00,backan_backancity,95.08639940618643
2025-12-09 16:00:00+00:00,bacgiang_bacgiangcity,141.35757785976722
2025-12-09 17:00:00+00:00,backan_backancity,95.65344916977335
2025-12-09 18:00:00+00:00,angiang_longxuyen,109.16106112283158
2025-12-09 19:00:00+00:00,bacgiang_bacgiangcity,140.22773933867492
2025-12-09 20:00:00+00:00,bacgiang_bacgiangcity,139.03146785912975
2025-12-09 21:00:00+00:00,angiang_longxuyen,108.58410099317808
2025-12-09 22:00:00+00:00,backan_backancity,95.28248100675106
2025-12-09 23:00:00+00:00,backan_backancity,94.33601399765641
2025-12-10 00:00:00+00:00,angiang_longxuyen,108.39552248153493
2025-12-10 01:00:00+00:00,bacgiang_bacgiangcity,137.81406351103888
2025-12-10 02:00:00+00:00,angiang_longxuyen,108.80580033856884
2025-12-10 03:00:00+00:00,backan_backancity,93.32412906775292
2025-12-10 04:00:00+00:00,bacgiang_bacgiangcity,136.6734792204009
2025-12-10 05:00:00+00:00,bacgiang_bacgiangcity,135.57205697106662
2025-12-10 06:00:00+00:00,backan_backancity,92.25197911721213
2025-12-10 07:00:00+00:00,angiang_longxuyen,110.12824554042334
2025-12-10 08:00:00+00:00,backan_backancity,91.27149459800593
2025-12-10 09:00:00+00:00,bacgiang_bacgiangcity,134.50324265659975
2025-12-10 10:00:00+00:00,angiang_longxuyen,112.19185622554153
2025-12-10 11:00:00+00:00,angiang_longxuyen,114.87023510030733
2025-12-10 12:00:00+00:00,bacgiang_bacgiangcity,133.28922654959615
2025-12-10 13:00:00+00:00,backan_backancity,90.59563973327951
2025-12-10 14:00:00+00:00,backan_backancity,90.08277552458226
2025-12-10 15:00:00+00:00,bacgiang_bacgiangcity,131.91372978956028
2025-12-10 16:00:00+00:00,angiang_longxuyen,117.64084072581154
2025-12-10 17:00:00+00:00,backan_backancity,89.68803467779875
2025-12-10 18:00:00+00:00,angiang_longxuyen,120.3150930959504
2025-12-10 19:00:00+00:00,bacgiang_bacgiangcity,130.4570754496069
2025-12-10 20:00:00+00:00,backan_backancity,89.42153409345137
2025-12-10 21:00:00+00:00,bacgiang_bacgiangcity,129.62463937150088
2025-12-10 22:00:00+00:00,angiang_longxuyen,122.51004923375311
2025-12-10 23:00:00+00:00,backan_backancity,89.35710729891683
2025-12-11 00:00:00+00:00,angiang_longxuyen,124.16497665130463
2025-12-11 01:00:00+00:00,bacgiang_bacgiangcity,130.02555413394236
2025-12-11 02:00:00+00:00,angiang_longxuyen,124.40795442570419
2025-12-11 03:00:00+00:00,bacgiang_bacgiangcity,132.49456326221394
2025-12-11 04:00:00+00:00,backan_backancity,90.00867538543335
2025-12-11 05:00:00+00:00,angiang_longxuyen,124.35846745496167
2025-12-11 06:00:00+00:00,bacgiang_bacgiangcity,136.43598671421177
2025-12-11 07:00:00+00:00,backan_backancity,91.25853941789947
2025-12-11 08:00:00+00:00,bacgiang_bacgiangcity,140.68793995116425
2025-12-11 09:00:00+00:00,backan_backancity,93.08856740466751
2025-12-11 10:00:00+00:00,angiang_longxuyen,124.60173694807165
2025-12-11 11:00:00+00:00,backan_backancity,95.3291583915532
2025-12-11 12:00:00+00:00,bacgiang_bacgiangcity,144.6108655675579
2025-12-11 13:00:00+00:00,angiang_longxuyen,125.3038464967347
2025-12-11 14:00:00+00:00,angiang_longxuyen,126.3568015952444
2025-12-11 15:00:00+00:00,backan_backancity,97.55871547688827
2025-12-11 16:00:00+00:00,bacgiang_bacgiangcity,147.95302944540703
2025-12-11 17:00:00+00:00,backan_backancity,99.37059772297103
2025-12-11 18:00:00+00:00,angiang_longxuyen,127.242780012395
2025-12-11 19:00:00+00:00,bacgiang_bacgiangcity,150.30689337286168
2025-12-11 20:00:00+00:00,bacgiang_bacgiangcity,151.7115524393904
2025-12-11 21:00:00+00:00,backan_backancity,100.49586259682293
2025-12-11 22:00:00+00:00,angiang_longxuyen,127.85025314203759
2025-12-11 23:00:00+00:00,angiang_longxuyen,128.31668744860914
2025-12-12 00:00:00+00:00,bacgiang_bacgiangcity,152.20887545334756
2025-12-12 01:00:00+00:00,backan_backancity,100.8674656067109
2025-12-12 02:00:00+00:00,backan_backancity,100.55891986765758
2025-12-12 03:00:00+00:00,angiang_longxuyen,128.821422987175
2025-12-12 04:00:00+00:00,bacgiang_bacgiangcity,152.07973014556805
2025-12-12 05:00:00+00:00,backan_backancity,99.63101525486533
2025-12-12 06:00:00+00:00,angiang_longxuyen,129.50570182744866
2025-12-12 07:00:00+00:00,bacgiang_bacgiangcity,151.45835972785264
2025-12-12 08:00:00+00:00,backan_backancity,98.11562383079884
2025-12-12 09:00:00+00:00,bacgiang_bacgiangcity,150.60450862703834
2025-12-12 10:00:00+00:00,angiang_longxuyen,130.3414831061765
2025-12-12 11:00:00+00:00,angiang_longxuyen,131.23822642196853
2025-12-12 12:00:00+00:00,backan_backancity,96.21836783253526
2025-12-12 13:00:00+00:00,bacgiang_bacgiangcity,149.59590314148997
2025-12-12 14:00:00+00:00,bacgiang_bacgiangcity,148.24739753557768
2025-12-12 15:00:00+00:00,angiang_longxuyen,133.14808729877237
2025-12-12 16:00:00+00:00,backan_backancity,93.71153868858472
2025-12-12 17:00:00+00:00,angiang_longxuyen,135.00464495022868
2025-12-12 18:00:00+00:00,backan_backancity,90.658122533457
2025-12-12 19:00:00+00:00,bacgiang_bacgiangcity,146.27491039037812
2025-12-12 20:00:00+00:00,angiang_longxuyen,136.53722745354494
2025-12-12 21:00:00+00:00,backan_backancity,87.4795865496397
2025-12-12 22:00:00+00:00,bacgiang_bacgiangcity,143.64197208481644
2025-12-12 23:00:00+00:00,backan_backancity,84.57731416242055
2025-12-13 00:00:00+00:00,bacgiang_bacgiangcity,140.4620372858714
2025-12-13 01:00:00+00:00,angiang_longxuyen,138.1410204069812
2025-12-13 02:00:00+00:00,backan_backancity,82.12951920135171
2025-12-13 03:00:00+00:00,bacgiang_bacgiangcity,137.13056657255459
2025-12-13 04:00:00+00:00,angiang_longxuyen,140.20659929671825
2025-12-13 05:00:00+00:00,angiang_longxuyen,142.84397555249728
2025-12-13 06:00:00+00:00,backan_backancity,80.14328780084543
2025-12-13 07:00:00+00:00,bacgiang_bacgiangcity,133.9932370521508
2025-12-13 08:00:00+00:00,angiang_longxuyen,145.8874935961354
2025-12-13 09:00:00+00:00,bacgiang_bacgiangcity,131.2020293905083
2025-12-13 10:00:00+00:00,backan_backancity,78.61342641140165
2025-12-13 11:00:00+00:00,angiang_longxuyen,149.15493922592873
2025-12-13 12:00:00+00:00,bacgiang_bacgiangcity,128.78176358938143
2025-12-13 13:00:00+00:00,backan_backancity,77.55097013013948
2025-12-13 14:00:00+00:00,bacgiang_bacgiangcity,126.74582045125737
2025-12-13 15:00:00+00:00,angiang_longxuyen,152.2969218988772
2025-12-13 16:00:00+00:00,backan_backancity,76.86333174242218
2025-12-13 17:00:00+00:00,bacgiang_bacgiangcity,125.01831604880721
2025-12-13 18:00:00+00:00,angiang_longxuyen,155.1067469529724
2025-12-13 19:00:00+00:00,backan_backancity,76.60597845255565
2025-12-13 20:00:00+00:00,bacgiang_bacgiangcity,123.570376207543
2025-12-13 21:00:00+00:00,backan_backancity,76.64316063244773
2025-12-13 22:00:00+00:00,angiang_longxuyen,156.9485680272792
2025-12-13 23:00:00+00:00,backan_backancity,76.94409956701347
2025-12-14 00:00:00+00:00,angiang_longxuyen,157.37198577975053
2025-12-14 01:00:00+00:00,bacgiang_bacgiangcity,122.79408880777949
2025-12-14 02:00:00+00:00,angiang_longxuyen,156.69145863338366
2025-12-14 03:00:00+00:00,backan_backancity,76.86267657089225
2025-12-14 04:00:00+00:00,bacgiang_bacgiangcity,122.52104846381765
2025-12-14 08:00:00+00:00,angiang_longxuyen,154.91783756775095
2025-12-14 09:00:00+00:00,backan_backancity,76.64519788114664
2025-12-14 10:00:00+00:00,bacgiang_bacgiangcity,122.78890123612187
2025-12-14 11:00:00+00:00,angiang_longxuyen,151.91418216854888
2025-12-14 12:00:00+00:00,backan_backancity,76.36903112559581
2025-12-14 13:00:00+00:00,bacgiang_bacgiangcity,123.22155236400499
2025-12-14 14:00:00+00:00,angiang_longxuyen,147.73384826613838
2025-12-14 15:00:00+00:00,backan_backancity,76.02432003764714
2025-12-14 16:00:00+00:00,bacgiang_bacgiangcity,123.49468237560323
2025-12-14 17:00:00+00:00,backan_backancity,75.58076412960982
2025-12-14 18:00:00+00:00,angiang_longxuyen,142.67792304557733
2025-12-14 19:00:00+00:00,bacgiang_bacgiangcity,123.31148182989895
2025-12-14 20:00:00+00:00,bacgiang_bacgiangcity,122.37442394478343
2025-12-14 21:00:00+00:00,angiang_longxuyen,137.29705426640317
2025-12-14 22:00:00+00:00,backan_backancity,74.98912510898623
2025-12-14 23:00:00+00:00,bacgiang_bacgiangcity,120.67018410948823
2025-12-15 00:00:00+00:00,angiang_longxuyen,132.08799824311103
2025-12-15 01:00:00+00:00,backan_backancity,74.25259992590601
2025-12-15 02:00:00+00:00,bacgiang_bacgiangcity,118.38599432664999
2025-12-15 03:00:00+00:00,backan_backancity,73.45346999466281
2025-12-15 04:00:00+00:00,angiang_longxuyen,127.45460127206829
2025-12-15 05:00:00+00:00,bacgiang_bacgiangcity,115.77043301123756
2025-12-15 06:00:00+00:00,angiang_longxuyen,123.77664524717068
2025-12-15 07:00:00+00:00,backan_backancity,72.5599642783289
2025-12-15 08:00:00+00:00,backan_backancity,71.67070043898076
2025-12-15 09:00:00+00:00,bacgiang_bacgiangcity,113.14124460622995
2025-12-15 10:00:00+00:00,angiang_longxuyen,121.18628472207513
2025-12-15 11:00:00+00:00,backan_backancity,70.76797928076235
2025-12-15 12:00:00+00:00,bacgiang_bacgiangcity,110.84661780940738
2025-12-15 13:00:00+00:00,angiang_longxuyen,119.63081545124523
2025-12-15 14:00:00+00:00,backan_backancity,69.93523235485017
2025-12-15 15:00:00+00:00,angiang_longxuyen,118.82488512645777
2025-12-15 16:00:00+00:00,bacgiang_bacgiangcity,109.32668113285199
2025-12-15 17:00:00+00:00,angiang_longxuyen,118.23987792422201
2025-12-15 18:00:00+00:00,backan_backancity,69.41768510439609
2025-12-15 19:00:00+00:00,bacgiang_bacgiangcity,109.52098432529478
2025-12-15 20:00:00+00:00,angiang_longxuyen,117.25845847046033
2025-12-15 21:00:00+00:00,backan_backancity,69.21220992224265
2025-12-15 22:00:00+00:00,bacgiang_bacgiangcity,110.67800319922347
2025-12-15 23:00:00+00:00,backan_backancity,69.31808946729868
2025-12-16 00:00:00+00:00,bacgiang_bacgiangcity,111.57781942491478
2025-12-16 01:00:00+00:00,angiang_longxuyen,115.63505042267037
2025-12-16 02:00:00+00:00,bacgiang_bacgiangcity,112.38437503202003
2025-12-16 03:00:00+00:00,angiang_longxuyen,113.71576248836014
2025-12-16 04:00:00+00:00,backan_backancity,69.8369231494429
2025-12-16 05:00:00+00:00,angiang_longxuyen,111.97159305679371
2025-12-16 06:00:00+00:00,bacgiang_bacgiangcity,113.4520762722271
2025-12-16 07:00:00+00:00,backan_backancity,70.94074370915865
2025-12-16 08:00:00+00:00,angiang_longxuyen,110.51092907903285
2025-12-16 09:00:00+00:00,backan_backancity,72.4339704890766
2025-12-16 10:00:00+00:00,bacgiang_bacgiangcity,115.08160025060347
2025-12-16 11:00:00+00:00,bacgiang_bacgiangcity,117.33876719675327
2025-12-16 12:00:00+00:00,angiang_longxuyen,109.286547692154
2025-12-16 13:00:00+00:00,backan_backancity,74.18652802913573
2025-12-16 14:00:00+00:00,backan_backancity,75.96574913755349
2025-12-16 15:00:00+00:00,bacgiang_bacgiangcity,120.13622529043678
2025-12-16 16:00:00+00:00,angiang_longxuyen,108.08914640039028
2025-12-16 17:00:00+00:00,angiang_longxuyen,106.62093442516671
2025-12-16 18:00:00+00:00,backan_backancity,77.5901704296347
2025-12-16 19:00:00+00:00,bacgiang_bacgiangcity,123.16908125432322
2025-12-16 20:00:00+00:00,backan_backancity,78.95163121565344
2025-12-16 21:00:00+00:00,angiang_longxuyen,104.71627501850412
2025-12-16 22:00:00+00:00,bacgiang_bacgiangcity,125.79801799216467
2025-12-16 23:00:00+00:00,backan_backancity,79.97544911460847
2025-12-17 00:00:00+00:00,angiang_longxuyen,102.18954287236404
2025-12-17 01:00:00+00:00,bacgiang_bacgiangcity,128.4641703858158
2025-12-17 02:00:00+00:00,backan_backancity,80.82820985696416
2025-12-17 03:00:00+00:00,angiang_longxuyen,99.39672567664824
2025-12-17 04:00:00+00:00,bacgiang_bacgiangcity,131.34692272637585
2025-12-17 05:00:00+00:00,angiang_longxuyen,96.8538620985515
2025-12-17 06:00:00+00:00,backan_backancity,81.61239996441536
2025-12-17 07:00:00+00:00,bacgiang_bacgiangcity,134.97163769548717
2025-12-17 08:00:00+00:00,bacgiang_bacgiangcity,138.92405320413866
2025-12-17 09:00:00+00:00,angiang_longxuyen,95.08701631952484
2025-12-17 10:00:00+00:00,backan_backancity,82.67969112463199
2025-12-17 11:00:00+00:00,angiang_longxuyen,94.46562796828212
2025-12-17 12:00:00+00:00,bacgiang_bacgiangcity,142.45181713364198
2025-12-17 13:00:00+00:00,backan_backancity,84.40590072641261
2025-12-17 14:00:00+00:00,angiang_longxuyen,95.21521115035853
2025-12-17 15:00:00+00:00,bacgiang_bacgiangcity,145.21622971439245
2025-12-17 16:00:00+00:00,backan_backancity,86.79102518305177
2025-12-17 17:00:00+00:00,angiang_longxuyen,97.39225109662515
2025-12-17 18:00:00+00:00,bacgiang_bacgiangcity,147.28590223062312
2025-12-17 19:00:00+00:00,backan_backancity,89.82673496891258
2025-12-17 20:00:00+00:00,backan_backancity,93.30727872552144
2025-12-17 21:00:00+00:00,angiang_longxuyen,100.7180613909484
2025-12-17 22:00:00+00:00,bacgiang_bacgiangcity,148.6815754044165
2025-12-17 23:00:00+00:00,backan_backancity,97.00267271456104
2025-12-18 00:00:00+00:00,bacgiang_bacgiangcity,149.68657983768725
2025-12-18 01:00:00+00:00,angiang_longxuyen,104.7720021095095
2025-12-18 02:00:00+00:00,bacgiang_bacgiangcity,150.57529371553215
2025-12-18 03:00:00+00:00,angiang_longxuyen,108.94587971793042
2025-12-18 04:00:00+00:00,backan_backancity,100.74879108772545
2025-12-18 05:00:00+00:00,backan_backancity,104.42178968789887
2025-12-18 06:00:00+00:00,bacgiang_bacgiangcity,151.499415549637
2025-12-18 07:00:00+00:00,angiang_longxuyen,112.24970619783856
2025-12-18 08:00:00+00:00,backan_backancity,107.92275943318656
2025-12-18 09:00:00+00:00,angiang_longxuyen,114.22019196139377
2025-12-18 10:00:00+00:00,bacgiang_bacgiangcity,152.5185324733079
2025-12-18 11:00:00+00:00,angiang_longxuyen,114.87578194029476
2025-12-18 12:00:00+00:00,backan_backancity,111.0514506723921
2025-12-18 13:00:00+00:00,bacgiang_bacgiangcity,153.60375476966672
2025-12-18 14:00:00+00:00,angiang_longxuyen,114.23285422722132
2025-12-18 15:00:00+00:00,bacgiang_bacgiangcity,154.75029538249834
2025-12-18 16:00:00+00:00,backan_backancity,113.70261601729605
2025-12-18 17:00:00+00:00,angiang_longxuyen,112.54715168129033
2025-12-18 18:00:00+00:00,bacgiang_bacgiangcity,156.18925291773266
2025-12-18 19:00:00+00:00,backan_backancity,116.06967483633845
2025-12-18 20:00:00+00:00,angiang_longxuyen,110.12770125787041
2025-12-18 21:00:00+00:00,backan_backancity,118.62418265369755
2025-12-18 22:00:00+00:00,bacgiang_bacgiangcity,157.5652565988063
2025-12-18 23:00:00+00:00,angiang_longxuyen,107.43127766795635
2025-12-19 00:00:00+00:00,bacgiang_bacgiangcity,158.55136626773572
2025-12-19 01:00:00+00:00,backan_backancity,120.35834637261071
2025-12-19 02:00:00+00:00,bacgiang_bacgiangcity,159.25229937700928
2025-12-19 03:00:00+00:00,angiang_longxuyen,105.10257881321007
2025-12-19 04:00:00+00:00,backan_backancity,121.84316830607719
