time,location,predicted
2025-12-19 14:00:00+00:00,angiang_longxuyen_bacgiang_bacgiangcity_backan_backancity,101.50073
2025-12-19 15:00:00+00:00,angiang_longxuyen_bacgiang_bacgiangcity_backan_backancity,102.452675
2025-12-19 16:00:00+00:00,angiang_longxuyen_bacgiang_bacgiangcity_backan_backancity,104.821754
2025-12-19 17:00:00+00:00,angiang_longxuyen_bacgiang_bacgiangcity_backan_backancity,107.330505
2025-12-19 18:00:00+00:00,angiang_longxuyen_bacgiang_bacgiangcity_backan_backancity,108.32862
2025-12-19 19:00:00+00:00,angiang_longxuyen_bacgiang_bacgiangcity_backan_backancity,107.85786
2025-12-19 20:00:00+00:00,angiang_longxuyen_bacgiang_bacgiangcity_backan_backancity,106.80343
2025-12-19 21:00:00+00:00,angiang_longxuyen_bacgiang_bacgiangcity_backan_backancity,106.05674
2025-12-19 22:00:00+00:00,angiang_longxuyen_bacgiang_bacgiangcity_backan_backancity,105.183624
2025-12-19 23:00:00+00:00,angiang_longxuyen_bacgiang_bacgiangcity_backan_backancity,104.3393
2025-12-20 00:00:00+00:00,angiang_longxuyen_bacgiang_bacgiangcity_backan_backancity,104.13323
2025-12-20 01:00:00+00:00,angiang_longxuyen_bacgiang_bacgiangcity_backan_backancity,104.38007
2025-12-20 02:00:00+00:00,angiang_longxuyen_bacgiang_bacgiangcity_backan_backancity,104.724625
2025-12-20 03:00:00+00:00,angiang_longxuyen_bacgiang_bacgiangcity_backan_backancity,105.15085
2025-12-20 04:00:00+00:00,angiang_longxuyen_bacgiang_bacgiangcity_backan_backancity,106.234695
2025-12-20 05:00:00+00:00,angiang_longxuyen_bacgiang_bacgiangcity_backan_backancity,107.523636
2025-12-20 06:00:00+00:00,angiang_longxuyen_bacgiang_bacgiangcity_backan_backancity,106.30341
2025-12-20 07:00:00+00:00,angiang_longxuyen_bacgiang_bacgiangcity_backan_backancity,106.02876
2025-12-20 08:00:00+00:00,angiang_longxuyen_bacgiang_bacgiangcity_backan_backancity,104.10841
2025-12-20 09:00:00+00:00,angiang_longxuyen_bacgiang_bacgiangcity_backan_backancity,103.145065
2025-12-20 10:00:00+00:00,angiang_longxuyen_bacgiang_bacgiangcity_backan_backancity,101.75032
2025-12-20 11:00:00+00:00,angiang_longxuyen_bacgiang_bacgiangcity_backan_backancity,99.98688
2025-12-20 12:00:00+00:00,angiang_longxuyen_bacgiang_bacgiangcity_backan_backancity,98.94349
2025-12-20 13:00:00+00:00,angiang_longxuyen_bacgiang_bacgiangcity_backan_backancity,97.94208
2025-12-20 14:00:00+00:00,angiang_longxuyen_bacgiang_bacgiangcity_backan_backancity,96.75957
2025-12-20 15:00:00+00:00,angiang_longxuyen_bacgiang_bacgiangcity_backan_backancity,95.52032
2025-12-20 16:00:00+00:00,angiang_longxuyen_bacgiang_bacgiangcity_backan_backancity,94.14236
2025-12-20 17:00:00+00:00,angiang_longxuyen_bacgiang_bacgiangcity_backan_backancity,92.36027
2025-12-20 18:00:00+00:00,angiang_longxuyen_bacgiang_bacgiangcity_backan_backancity,90.77974
2025-12-20 19:00:00+00:00,angiang_longxuyen_bacgiang_bacgiangcity_backan_backancity,90.337395
2025-12-20 20:00:00+00:00,angiang_longxuyen_bacgiang_bacgiangcity_backan_backancity,89.76095
2025-12-20 21:00:00+00:00,angiang_longxuyen_bacgiang_bacgiangcity_backan_backancity,89.16545
2025-12-20 22:00:00+00:00,angiang_longxuyen_bacgiang_bacgiangcity_backan_backancity,88.18177
2025-12-20 23:00:00+00:00,angiang_longxuyen_bacgiang_bacgiangcity_backan_backancity,86.45791
2025-12-21 00:00:00+00:00,angiang_longxuyen_bacgiang_bacgiangcity_backan_backancity,85.352455
2025-12-21 01:00:00+00:00,angiang_longxuyen_bacgiang_bacgiangcity_backan_backancity,83.90898
2025-12-21 02:00:00+00:00,angiang_longxuyen_bacgiang_bacgiangcity_backan_backancity,82.62751
2025-12-21 03:00:00+00:00,angiang_longxuyen_bacgiang_bacgiangcity_backan_backancity,82.283775
2025-12-21 04:00:00+00:00,angiang_longxuyen_bacgiang_bacgiangcity_backan_backancity,82.26732
2025-12-21 05:00:00+00:00,angiang_longxuyen_bacgiang_bacgiangcity_backan_backancity,81.816696
2025-12-21 06:00:00+00:00,angiang_longxuyen_bacgiang_bacgiangcity_backan_backancity,82.260315
2025-12-21 07:00:00+00:00,angiang_longxuyen_bacgiang_bacgiangcity_backan_backancity,82.21622
2025-12-21 08:00:00+00:00,angiang_longxuyen_bacgiang_bacgiangcity_backan_backancity,82.86098
2025-12-21 09:00:00+00:00,angiang_longxuyen_bacgiang_bacgiangcity_backan_backancity,84.05283
2025-12-21 10:00:00+00:00,angiang_longxuyen_bacgiang_bacgiangcity_backan_backancity,84.26221
2025-12-21 11:00:00+00:00,angiang_longxuyen_bacgiang_bacgiangcity_backan_backancity,85.1933
2025-12-21 12:00:00+00:00,angiang_longxuyen_bacgiang_bacgiangcity_backan_backancity,85.94408
2025-12-21 13:00:00+00:00,angiang_longxuyen_bacgiang_bacgiangcity_backan_backancity,86.84016
2025-12-21 14:00:00+00:00,angiang_longxuyen_bacgiang_bacgiangcity_backan_backancity,87.83226
2025-12-21 15:00:00+00:00,angiang_longxuyen_bacgiang_bacgiangcity_backan_backancity,88.08333
2025-12-21 16:00:00+00:00,angiang_longxuyen_bacgiang_bacgiangcity_backan_backancity,88.58636
2025-12-21 17:00:00+00:00,angiang_longxuyen_bacgiang_bacgiangcity_backan_backancity,89.956635
2025-12-21 18:00:00+00:00,angiang_longxuyen_bacgiang_bacgiangcity_backan_backancity,90.55896
2025-12-21 19:00:00+00:00,angiang_longxuyen_bacgiang_bacgiangcity_backan_backancity,91.02854
2025-12-21 20:00:00+00:00,angiang_longxuyen_bacgiang_bacgiangcity_backan_backancity,90.9765
2025-12-21 21:00:00+00:00,angiang_longxuyen_bacgiang_bacgiangcity_backan_backancity,90.399445
2025-12-21 22:00:00+00:00,angiang_longxuyen_bacgiang_bacgiangcity_backan_backancity,90.077515
2025-12-21 23:00:00+00:00,angiang_longxuyen_bacgiang_bacgiangcity_backan_backancity,89.57614
2025-12-22 00:00:00+00:00,angiang_longxuyen_bacgiang_bacgiangcity_backan_backancity,88.63303
2025-12-22 01:00:00+00:00,angiang_longxuyen_bacgiang_bacgiangcity_backan_backancity,88.311676
2025-12-22 02:00:00+00:00,angiang_longxuyen_bacgiang_bacgiangcity_backan_backancity,87.420296
2025-12-22 03:00:00+00:00,angiang_longxuyen_bacgiang_bacgiangcity_backan_backancity,86.60936
2025-12-22 04:00:00+00:00,angiang_longxuyen_bacgiang_bacgiangcity_backan_backancity,86.20566
2025-12-22 05:00:00+00:00,angiang_longxuyen_bacgiang_bacgiangcity_backan_backancity,85.91057
2025-12-22 06:00:00+00:00,angiang_longxuyen_bacgiang_bacgiangcity_backan_backancity,86.31385
2025-12-22 07:00:00+00:00,angiang_longxuyen_bacgiang_bacgiangcity_backan_backancity,86.62993
2025-12-22 08:00:00+00:00,angiang_longxuyen_bacgiang_bacgiangcity_backan_backancity,87.81812
2025-12-22 09:00:00+00:00,angiang_longxuyen_bacgiang_bacgiangcity_backan_backancity,88.807755
2025-12-22 10:00:00+00:00,angiang_longxuyen_bacgiang_bacgiangcity_backan_backancity,89.17364
2025-12-22 11:00:00+00:00,angiang_longxuyen_bacgiang_bacgiangcity_backan_backancity,89.62138
2025-12-22 12:00:00+00:00,angiang_longxuyen_bacgiang_bacgiangcity_backan_backancity,90.18606
2025-12-22 13:00:00+00:00,angiang_longxuyen_bacgiang_bacgiangcity_backan_backancity,91.48022
2025-12-22 14:00:00+00:00,angiang_longxuyen_bacgiang_bacgiangcity_backan_backancity,91.79738
2025-12-22 15:00:00+00:00,angiang_longxuyen_bacgiang_bacgiangcity_backan_backancity,90.98155
2025-12-22 16:00:00+00:00,angiang_longxuyen_bacgiang_bacgiangcity_backan_backancity,90.71518
2025-12-22 17:00:00+00:00,angiang_longxuyen_bacgiang_bacgiangcity_backan_backancity,90.052475
2025-12-22 18:00:00+00:00,angiang_longxuyen_bacgiang_bacgiangcity_backan_backancity,86.65742
2025-12-22 19:00:00+00:00,angiang_longxuyen_bacgiang_bacgiangcity_backan_backancity,84.047386
2025-12-22 20:00:00+00:00,angiang_longxuyen_bacgiang_bacgiangcity_backan_backancity,81.366554
2025-12-22 21:00:00+00:00,angiang_longxuyen_bacgiang_bacgiangcity_backan_backancity,80.47499
2025-12-22 22:00:00+00:00,angiang_longxuyen_bacgiang_bacgiangcity_backan_backancity,79.30168
2025-12-22 23:00:00+00:00,angiang_longxuyen_bacgiang_bacgiangcity_backan_backancity,79.33032
2025-12-23 00:00:00+00:00,angiang_longxuyen_bacgiang_bacgiangcity_backan_backancity,78.478226
2025-12-23 01:00:00+00:00,angiang_longxuyen_bacgiang_bacgiangcity_backan_backancity,77.34599
2025-12-23 02:00:00+00:00,angiang_longxuyen_bacgiang_bacgiangcity_backan_backancity,76.96393
2025-12-23 03:00:00+00:00,angiang_longxuyen_bacgiang_bacgiangcity_backan_backancity,76.45369
2025-12-23 04:00:00+00:00,angiang_longxuyen_bacgiang_bacgiangcity_backan_backancity,76.864456
2025-12-23 05:00:00+00:00,angiang_longxuyen_bacgiang_bacgiangcity_backan_backancity,77.81331
2025-12-23 06:00:00+00:00,angiang_longxuyen_bacgiang_bacgiangcity_backan_backancity,78.64307
2025-12-23 07:00:00+00:00,angiang_longxuyen_bacgiang_bacgiangcity_backan_backancity,79.326126
2025-12-23 08:00:00+00:00,angiang_longxuyen_bacgiang_bacgiangcity_backan_backancity,80.66898
2025-12-23 09:00:00+00:00,angiang_longxuyen_bacgiang_bacgiangcity_backan_backancity,80.82472
2025-12-23 10:00:00+00:00,angiang_longxuyen_bacgiang_bacgiangcity_backan_backancity,81.59497
2025-12-23 11:00:00+00:00,angiang_longxuyen_bacgiang_bacgiangcity_backan_backancity,81.50593
2025-12-23 12:00:00+00:00,angiang_longxuyen_bacgiang_bacgiangcity_backan_backancity,81.03427
2025-12-23 13:00:00+00:00,angiang_longxuyen_bacgiang_bacgiangcity_backan_backancity,79.82022
2025-12-23 14:00:00+00:00,angiang_longxuyen_bacgiang_bacgiangcity_backan_backancity,78.89235
2025-12-23 15:00:00+00:00,angiang_longxuyen_bacgiang_bacgiangcity_backan_backancity,77.72421
2025-12-23 16:00:00+00:00,angiang_longxuyen_bacgiang_bacgiangcity_backan_backancity,77.138855
2025-12-23 17:00:00+00:00,angiang_longxuyen_bacgiang_bacgiangcity_backan_backancity,76.931564
2025-12-23 18:00:00+00:00,angiang_longxuyen_bacgiang_bacgiangcity_backan_backancity,76.65689
2025-12-23 19:00:00+00:00,angiang_longxuyen_bacgiang_bacgiangcity_backan_backancity,77.07809
2025-12-23 20:00:00+00:00,angiang_longxuyen_bacgiang_bacgiangcity_backan_backancity,76.64759
2025-12-23 21:00:00+00:00,angiang_longxuyen_bacgiang_bacgiangcity_backan_backancity,77.03256
2025-12-23 22:00:00+00:00,angiang_longxuyen_bacgiang_bacgiangcity_backan_backancity,77.42408
2025-12-23 23:00:00+00:00,angiang_longxuyen_bacgiang_bacgiangcity_backan_backancity,77.82211
2025-12-24 00:00:00+00:00,angiang_longxuyen_bacgiang_bacgiangcity_backan_backancity,77.93715
2025-12-24 01:00:00+00:00,angiang_longxuyen_bacgiang_bacgiangcity_backan_backancity,77.544334
2025-12-24 02:00:00+00:00,angiang_longxuyen_bacgiang_bacgiangcity_backan_backancity,77.89876
2025-12-24 03:00:00+00:00,angiang_longxuyen_bacgiang_bacgiangcity_backan_backancity,78.74361
2025-12-24 04:00:00+00:00,angiang_longxuyen_bacgiang_bacgiangcity_backan_backancity,79.48026
2025-12-24 05:00:00+00:00,angiang_longxuyen_bacgiang_bacgiangcity_backan_backancity,81.181175
2025-12-24 06:00:00+00:00,angiang_longxuyen_bacgiang_bacgiangcity_backan_backancity,83.60159
2025-12-24 07:00:00+00:00,angiang_longxuyen_bacgiang_bacgiangcity_backan_backancity,85.24072
2025-12-24 08:00:00+00:00,angiang_longxuyen_bacgiang_bacgiangcity_backan_backancity,86.921616
2025-12-24 09:00:00+00:00,angiang_longxuyen_bacgiang_bacgiangcity_backan_backancity,87.99616
2025-12-24 10:00:00+00:00,angiang_longxuyen_bacgiang_bacgiangcity_backan_backancity,89.77628
2025-12-24 11:00:00+00:00,angiang_longxuyen_bacgiang_bacgiangcity_backan_backancity,90.69747
2025-12-24 12:00:00+00:00,angiang_longxuyen_bacgiang_bacgiangcity_backan_backancity,92.27394
2025-12-24 13:00:00+00:00,angiang_longxuyen_bacgiang_bacgiangcity_backan_backancity,93.498604
2025-12-24 14:00:00+00:00,angiang_longxuyen_bacgiang_bacgiangcity_backan_backancity,95.02658
2025-12-24 15:00:00+00:00,angiang_longxuyen_bacgiang_bacgiangcity_backan_backancity,97.084465
2025-12-24 16:00:00+00:00,angiang_longxuyen_bacgiang_bacgiangcity_backan_backancity,99.19434
2025-12-24 17:00:00+00:00,angiang_longxuyen_bacgiang_bacgiangcity_backan_backancity,102.624985
2025-12-24 18:00:00+00:00,angiang_longxuyen_bacgiang_bacgiangcity_backan_backancity,105.30122
2025-12-24 19:00:00+00:00,angiang_longxuyen_bacgiang_bacgiangcity_backan_backancity,107.74105
2025-12-24 20:00:00+00:00,angiang_longxuyen_bacgiang_bacgiangcity_backan_backancity,108.73143
2025-12-24 21:00:00+00:00,angiang_longxuyen_bacgiang_bacgiangcity_backan_backancity,109.589096
2025-12-24 22:00:00+00:00,angiang_longxuyen_bacgiang_bacgiangcity_backan_backancity,109.63274
2025-12-24 23:00:00+00:00,angiang_longxuyen_bacgiang_bacgiangcity_backan_backancity,109.56685
2025-12-25 00:00:00+00:00,angiang_longxuyen_bacgiang_bacgiangcity_backan_backancity,109.34961
2025-12-25 01:00:00+00:00,angiang_longxuyen_bacgiang_bacgiangcity_backan_backancity,108.64458
2025-12-25 02:00:00+00:00,angiang_longxuyen_bacgiang_bacgiangcity_backan_backancity,107.07095
2025-12-25 03:00:00+00:00,angiang_longxuyen_bacgiang_bacgiangcity_backan_backancity,106.72394
2025-12-25 04:00:00+00:00,angiang_longxuyen_bacgiang_bacgiangcity_backan_backancity,106.8658
2025-12-25 05:00:00+00:00,angiang_longxuyen_bacgiang_bacgiangcity_backan_backancity,106.670975
2025-12-25 06:00:00+00:00,angiang_longxuyen_bacgiang_bacgiangcity_backan_backancity,106.02997
2025-12-25 07:00:00+00:00,angiang_longxuyen_bacgiang_bacgiangcity_backan_backancity,103.77953
2025-12-25 08:00:00+00:00,angiang_longxuyen_bacgiang_bacgiangcity_backan_backancity,102.72492
2025-12-25 09:00:00+00:00,angiang_longxuyen_bacgiang_bacgiangcity_backan_backancity,101.183304
2025-12-25 10:00:00+00:00,angiang_longxuyen_bacgiang_bacgiangcity_backan_backancity,99.589745
2025-12-25 11:00:00+00:00,angiang_longxuyen_bacgiang_bacgiangcity_backan_backancity,98.81363
2025-12-25 12:00:00+00:00,angiang_longxuyen_bacgiang_bacgiangcity_backan_backancity,97.430916
2025-12-25 13:00:00+00:00,angiang_longxuyen_bacgiang_bacgiangcity_backan_backancity,96.0126
2025-12-25 14:00:00+00:00,angiang_longxuyen_bacgiang_bacgiangcity_backan_backancity,93.88701
2025-12-25 15:00:00+00:00,angiang_longxuyen_bacgiang_bacgiangcity_backan_backancity,91.80532
2025-12-25 16:00:00+00:00,angiang_longxuyen_bacgiang_bacgiangcity_backan_backancity,89.65171
2025-12-25 17:00:00+00:00,angiang_longxuyen_bacgiang_bacgiangcity_backan_backancity,87.34105
2025-12-25 18:00:00+00:00,angiang_longxuyen_bacgiang_bacgiangcity_backan_backancity,85.01375
2025-12-25 19:00:00+00:00,angiang_longxuyen_bacgiang_bacgiangcity_backan_backancity,82.21734
2025-12-25 20:00:00+00:00,angiang_longxuyen_bacgiang_bacgiangcity_backan_backancity,81.06712
2025-12-25 21:00:00+00:00,angiang_longxuyen_bacgiang_bacgiangcity_backan_backancity,80.20011
2025-12-25 22:00:00+00:00,angiang_longxuyen_bacgiang_bacgiangcity_backan_backancity,80.40669
2025-12-25 23:00:00+00:00,angiang_longxuyen_bacgiang_bacgiangcity_backan_backancity,80.26068
2025-12-26 00:00:00+00:00,angiang_longxuyen_bacgiang_bacgiangcity_backan_backancity,80.317154
2025-12-26 01:00:00+00:00,angiang_longxuyen_bacgiang_bacgiangcity_backan_backancity,80.06397
2025-12-26 02:00:00+00:00,angiang_longxuyen_bacgiang_bacgiangcity_backan_backancity,80.546745
2025-12-26 03:00:00+00:00,angiang_longxuyen_bacgiang_bacgiangcity_backan_backancity,81.0849
2025-12-26 04:00:00+00:00,angiang_longxuyen_bacgiang_bacgiangcity_backan_backancity,83.28195
2025-12-26 05:00:00+00:00,angiang_longxuyen_bacgiang_bacgiangcity_backan_backancity,85.27176
2025-12-26 06:00:00+00:00,angiang_longxuyen_bacgiang_bacgiangcity_backan_backancity,85.97681
2025-12-26 07:00:00+00:00,angiang_longxuyen_bacgiang_bacgiangcity_backan_backancity,86.83655
2025-12-26 08:00:00+00:00,angiang_longxuyen_bacgiang_bacgiangcity_backan_backancity,88.444046
2025-12-26 09:00:00+00:00,angiang_longxuyen_bacgiang_bacgiangcity_backan_backancity,90.89216
2025-12-26 10:00:00+00:00,angiang_longxuyen_bacgiang_bacgiangcity_backan_backancity,92.90607
2025-12-26 11:00:00+00:00,angiang_longxuyen_bacgiang_bacgiangcity_backan_backancity,94.7821
2025-12-26 12:00:00+00:00,angiang_longxuyen_bacgiang_bacgiangcity_backan_backancity,94.780075
2025-12-26 13:00:00+00:00,angiang_longxuyen_bacgiang_bacgiangcity_backan_backancity,95.36792
2025-12-26 14:00:00+00:00,angiang_longxuyen_bacgiang_bacgiangcity_backan_backancity,94.65041
2025-12-26 15:00:00+00:00,angiang_longxuyen_bacgiang_bacgiangcity_backan_backancity,94.21301
2025-12-26 16:00:00+00:00,angiang_longxuyen_bacgiang_bacgiangcity_backan_backancity,93.45646
2025-12-26 17:00:00+00:00,angiang_longxuyen_bacgiang_bacgiangcity_backan_backancity,92.86263
2025-12-26 18:00:00+00:00,angiang_longxuyen_bacgiang_bacgiangcity_backan_backancity,91.10007
2025-12-26 19:00:00+00:00,angiang_longxuyen_bacgiang_bacgiangcity_backan_backancity,90.39388
2025-12-26 20:00:00+00:00,angiang_longxuyen_bacgiang_bacgiangcity_backan_backancity,90.03867
2025-12-26 21:00:00+00:00,angiang_longxuyen_bacgiang_bacgiangcity_backan_backancity,89.20452
2025-12-26 22:00:00+00:00,angiang_longxuyen_bacgiang_bacgiangcity_backan_backancity,88.699585
2025-12-26 23:00:00+00:00,angiang_longxuyen_bacgiang_bacgiangcity_backan_backancity,87.6992
2025-12-27 00:00:00+00:00,angiang_longxuyen_bacgiang_bacgiangcity_backan_backancity,87.0007
2025-12-27 01:00:00+00:00,angiang_longxuyen_bacgiang_bacgiangcity_backan_backancity,86.18812
2025-12-27 02:00:00+00:00,angiang_longxuyen_bacgiang_bacgiangcity_backan_backancity,85.87108
2025-12-27 03:00:00+00:00,angiang_longxuyen_bacgiang_bacgiangcity_backan_backancity,87.41683
2025-12-27 04:00:00+00:00,angiang_longxuyen_bacgiang_bacgiangcity_backan_backancity,89.8405
2025-12-27 05:00:00+00:00,angiang_longxuyen_bacgiang_bacgiangcity_backan_backancity,90.6205
2025-12-27 06:00:00+00:00,angiang_longxuyen_bacgiang_bacgiangcity_backan_backancity,91.3007
2025-12-27 07:00:00+00:00,angiang_longxuyen_bacgiang_bacgiangcity_backan_backancity,91.06903
2025-12-27 08:00:00+00:00,angiang_longxuyen_bacgiang_bacgiangcity_backan_backancity,91.18018
2025-12-27 09:00:00+00:00,angiang_longxuyen_bacgiang_bacgiangcity_backan_backancity,92.09563
2025-12-27 10:00:00+00:00,angiang_longxuyen_bacgiang_bacgiangcity_backan_backancity,92.496735
2025-12-27 11:00:00+00:00,angiang_longxuyen_bacgiang_bacgiangcity_backan_backancity,92.78445
2025-12-27 12:00:00+00:00,angiang_longxuyen_bacgiang_bacgiangcity_backan_backancity,93.14
2025-12-27 13:00:00+00:00,angiang_longxuyen_bacgiang_bacgiangcity_backan_backancity,93.599266
2025-12-27 14:00:00+00:00,angiang_longxuyen_bacgiang_bacgiangcity_backan_backancity,93.786995
2025-12-27 15:00:00+00:00,angiang_longxuyen_bacgiang_bacgiangcity_backan_backancity,93.08678
2025-12-27 16:00:00+00:00,angiang_longxuyen_bacgiang_bacgiangcity_backan_backancity,93.55328
2025-12-27 17:00:00+00:00,angiang_longxuyen_bacgiang_bacgiangcity_backan_backancity,93.97412
2025-12-27 18:00:00+00:00,angiang_longxuyen_bacgiang_bacgiangcity_backan_backancity,94.78635
2025-12-27 19:00:00+00:00,angiang_longxuyen_bacgiang_bacgiangcity_backan_backancity,94.18213
2025-12-27 20:00:00+00:00,angiang_longxuyen_bacgiang_bacgiangcity_backan_backancity,93.82659
2025-12-27 21:00:00+00:00,angiang_longxuyen_bacgiang_bacgiangcity_backan_backancity,92.820816
2025-12-27 22:00:00+00:00,angiang_longxuyen_bacgiang_bacgiangcity_backan_backancity,92.38602
2025-12-27 23:00:00+00:00,angiang_longxuyen_bacgiang_bacgiangcity_backan_backancity,90.933975
2025-12-28 00:00:00+00:00,angiang_longxuyen_bacgiang_bacgiangcity_backan_backancity,90.87608
2025-12-28 01:00:00+00:00,angiang_longxuyen_bacgiang_bacgiangcity_backan_backancity,90.1698
2025-12-28 02:00:00+00:00,angiang_longxuyen_bacgiang_bacgiangcity_backan_backancity,89.99875
2025-12-28 03:00:00+00:00,angiang_longxuyen_bacgiang_bacgiangcity_backan_backancity,88.69393
2025-12-28 04:00:00+00:00,angiang_longxuyen_bacgiang_bacgiangcity_backan_backancity,87.996605
2025-12-28 05:00:00+00:00,angiang_longxuyen_bacgiang_bacgiangcity_backan_backancity,87.71265
2025-12-28 06:00:00+00:00,angiang_longxuyen_bacgiang_bacgiangcity_backan_backancity,86.87931
2025-12-28 07:00:00+00:00,angiang_longxuyen_bacgiang_bacgiangcity_backan_backancity,85.52026
2025-12-28 08:00:00+00:00,angiang_longxuyen_bacgiang_bacgiangcity_backan_backancity,84.49117
2025-12-28 09:00:00+00:00,angiang_longxuyen_bacgiang_bacgiangcity_backan_backancity,83.54126
2025-12-28 10:00:00+00:00,angiang_longxuyen_bacgiang_bacgiangcity_backan_backancity,82.252525
2025-12-28 11:00:00+00:00,angiang_longxuyen_bacgiang_bacgiangcity_backan_backancity,80.99226
2025-12-28 12:00:00+00:00,angiang_longxuyen_bacgiang_bacgiangcity_backan_backancity,79.54258
2025-12-28 13:00:00+00:00,angiang_longxuyen_bacgiang_bacgiangcity_backan_backancity,77.92321
2025-12-28 14:00:00+00:00,angiang_longxuyen_bacgiang_bacgiangcity_backan_backancity,76.24466
2025-12-28 15:00:00+00:00,angiang_longxuyen_bacgiang_bacgiangcity_backan_backancity,75.38123
2025-12-28 16:00:00+00:00,angiang_longxuyen_bacgiang_bacgiangcity_backan_backancity,74.54434
2025-12-28 17:00:00+00:00,angiang_longxuyen_bacgiang_bacgiangcity_backan_backancity,74.866714
2025-12-28 18:00:00+00:00,angiang_longxuyen_bacgiang_bacgiangcity_backan_backancity,75.35517
2025-12-28 19:00:00+00:00,angiang_longxuyen_bacgiang_bacgiangcity_backan_backancity,75.03319
2025-12-28 20:00:00+00:00,angiang_longxuyen_bacgiang_bacgiangcity_backan_backancity,74.945175
2025-12-28 21:00:00+00:00,angiang_longxuyen_bacgiang_bacgiangcity_backan_backancity,75.378105
2025-12-28 22:00:00+00:00,angiang_longxuyen_bacgiang_bacgiangcity_backan_backancity,75.01665
2025-12-28 23:00:00+00:00,angiang_longxuyen_bacgiang_bacgiangcity_backan_backancity,75.05685
2025-12-29 00:00:00+00:00,angiang_longxuyen_bacgiang_bacgiangcity_backan_backancity,74.537125
2025-12-29 01:00:00+00:00,angiang_longxuyen_bacgiang_bacgiangcity_backan_backancity,73.740105
2025-12-29 02:00:00+00:00,angiang_longxuyen_bacgiang_bacgiangcity_backan_backancity,73.3134
2025-12-29 03:00:00+00:00,angiang_longxuyen_bacgiang_bacgiangcity_backan_backancity,72.5669
2025-12-29 04:00:00+00:00,angiang_longxuyen_bacgiang_bacgiangcity_backan_backancity,73.06755
2025-12-29 05:00:00+00:00,angiang_longxuyen_bacgiang_bacgiangcity_backan_backancity,75.16551
2025-12-29 06:00:00+00:00,angiang_longxuyen_bacgiang_bacgiangcity_backan_backancity,77.10447
2025-12-29 07:00:00+00:00,angiang_longxuyen_bacgiang_bacgiangcity_backan_backancity,78.9444
2025-12-29 08:00:00+00:00,angiang_longxuyen_bacgiang_bacgiangcity_backan_backancity,80.33519
2025-12-29 09:00:00+00:00,angiang_longxuyen_bacgiang_bacgiangcity_backan_backancity,81.062325
2025-12-29 10:00:00+00:00,angiang_longxuyen_bacgiang_bacgiangcity_backan_backancity,81.088486
2025-12-29 11:00:00+00:00,angiang_longxuyen_bacgiang_bacgiangcity_backan_backancity,80.708466
2025-12-29 12:00:00+00:00,angiang_longxuyen_bacgiang_bacgiangcity_backan_backancity,80.50109
2025-12-29 13:00:00+00:00,angiang_longxuyen_bacgiang_bacgiangcity_backan_backancity,80.545364
2025-12-29 14:00:00+00:00,angiang_longxuyen_bacgiang_bacgiangcity_backan_backancity,79.52844
2025-12-29 15:00:00+00:00,angiang_longxuyen_bacgiang_bacgiangcity_backan_backancity,79.58262
2025-12-29 16:00:00+00:00,angiang_longxuyen_bacgiang_bacgiangcity_backan_backancity,79.67258
2025-12-29 17:00:00+00:00,angiang_longxuyen_bacgiang_bacgiangcity_backan_backancity,79.98781
2025-12-29 18:00:00+00:00,angiang_longxuyen_bacgiang_bacgiangcity_backan_backancity,79.45372
2025-12-29 19:00:00+00:00,angiang_longxuyen_bacgiang_bacgiangcity_backan_backancity,78.995895
2025-12-29 20:00:00+00:00,angiang_longxuyen_bacgiang_bacgiangcity_backan_backancity,77.80502
2025-12-29 21:00:00+00:00,angiang_longxuyen_bacgiang_bacgiangcity_backan_backancity,77.6492
2025-12-29 22:00:00+00:00,angiang_longxuyen_bacgiang_bacgiangcity_backan_backancity,76.74573
2025-12-29 23:00:00+00:00,angiang_longxuyen_bacgiang_bacgiangcity_backan_backancity,76.24403
2025-12-30 00:00:00+00:00,angiang_longxuyen_bacgiang_bacgiangcity_backan_backancity,74.92124
2025-12-30 01:00:00+00:00,angiang_longxuyen_bacgiang_bacgiangcity_backan_backancity,74.83177
2025-12-30 02:00:00+00:00,angiang_longxuyen_bacgiang_bacgiangcity_backan_backancity,74.5192
2025-12-30 03:00:00+00:00,angiang_longxuyen_bacgiang_bacgiangcity_backan_backancity,74.359726
2025-12-30 04:00:00+00:00,angiang_longxuyen_bacgiang_bacgiangcity_backan_backancity,73.99778
2025-12-30 05:00:00+00:00,angiang_longxuyen_bacgiang_bacgiangcity_backan_backancity,75.10703
2025-12-30 06:00:00+00:00,angiang_longxuyen_bacgiang_bacgiangcity_backan_backancity,75.01334
2025-12-30 07:00:00+00:00,angiang_longxuyen_bacgiang_bacgiangcity_backan_backancity,74.33778
2025-12-30 08:00:00+00:00,angiang_longxuyen_bacgiang_bacgiangcity_backan_backancity,73.367645
2025-12-30 09:00:00+00:00,angiang_longxuyen_bacgiang_bacgiangcity_backan_backancity,72.40587
2025-12-30 10:00:00+00:00,angiang_longxuyen_bacgiang_bacgiangcity_backan_backancity,70.80237
2025-12-30 11:00:00+00:00,angiang_longxuyen_bacgiang_bacgiangcity_backan_backancity,69.75749
2025-12-30 12:00:00+00:00,angiang_longxuyen_bacgiang_bacgiangcity_backan_backancity,68.67378
2025-12-30 13:00:00+00:00,angiang_longxuyen_bacgiang_bacgiangcity_backan_backancity,67.73403
2025-12-30 14:00:00+00:00,angiang_longxuyen_bacgiang_bacgiangcity_backan_backancity,66.08058
2025-12-30 15:00:00+00:00,angiang_longxuyen_bacgiang_bacgiangcity_backan_backancity,64.03021
2025-12-30 16:00:00+00:00,angiang_longxuyen_bacgiang_bacgiangcity_backan_backancity,62.55013
2025-12-30 17:00:00+00:00,angiang_longxuyen_bacgiang_bacgiangcity_backan_backancity,61.157387
2025-12-30 18:00:00+00:00,angiang_longxuyen_bacgiang_bacgiangcity_backan_backancity,60.502098
2025-12-30 19:00:00+00:00,angiang_longxuyen_bacgiang_bacgiangcity_backan_backancity,59.044415
2025-12-30 20:00:00+00:00,angiang_longxuyen_bacgiang_bacgiangcity_backan_backancity,58.57817
2025-12-30 21:00:00+00:00,angiang_longxuyen_bacgiang_bacgiangcity_backan_backancity,57.640785
2025-12-30 22:00:00+00:00,angiang_longxuyen_bacgiang_bacgiangcity_backan_backancity,57.388844
2025-12-30 23:00:00+00:00,angiang_longxuyen_bacgiang_bacgiangcity_backan_backancity,57.3351
2025-12-31 00:00:00+00:00,angiang_longxuyen_bacgiang_bacgiangcity_backan_backancity,57.2475
2025-12-31 01:00:00+00:00,angiang_longxuyen_bacgiang_bacgiangcity_backan_backancity,57.502495
2025-12-31 02:00:00+00:00,angiang_longxuyen_bacgiang_bacgiangcity_backan_backancity,57.676945
2025-12-31 03:00:00+00:00,angiang_longxuyen_bacgiang_bacgiangcity_backan_backancity,58.110287
2025-12-31 04:00:00+00:00,angiang_longxuyen_bacgiang_bacgiangcity_backan_backancity,59.26552
2025-12-31 05:00:00+00:00,angiang_longxuyen_bacgiang_bacgiangcity_backan_backancity,60.995304
2025-12-31 06:00:00+00:00,angiang_longxuyen_bacgiang_bacgiangcity_backan_backancity,64.03293
2025-12-31 07:00:00+00:00,angiang_longxuyen_bacgiang_bacgiangcity_backan_backancity,65.55195
2025-12-31 08:00:00+00:00,angiang_longxuyen_bacgiang_bacgiangcity_backan_backancity,67.347984
2025-12-31 09:00:00+00:00,angiang_longxuyen_bacgiang_bacgiangcity_backan_backancity,68.57959
2025-12-31 10:00:00+00:00,angiang_longxuyen_bacgiang_bacgiangcity_backan_backancity,69.98461
2025-12-31 11:00:00+00:00,angiang_longxuyen_bacgiang_bacgiangcity_backan_backancity,71.88739
2025-12-31 12:00:00+00:00,angiang_longxuyen_bacgiang_bacgiangcity_backan_backancity,73.48549
2025-12-31 13:00:00+00:00,angiang_longxuyen_bacgiang_bacgiangcity_backan_backancity,75.47392
2025-12-31 14:00:00+00:00,angiang_longxuyen_bacgiang_bacgiangcity_backan_backancity,76.277504
2025-12-31 15:00:00+00:00,angiang_longxuyen_bacgiang_bacgiangcity_backan_backancity,77.985535
2025-12-31 16:00:00+00:00,angiang_longxuyen_bacgiang_bacgiangcity_backan_backancity,79.9101
2025-12-31 17:00:00+00:00,angiang_longxuyen_bacgiang_bacgiangcity_backan_backancity,82.29791
2025-12-31 18:00:00+00:00,angiang_longxuyen_bacgiang_bacgiangcity_backan_backancity,84.40572
2025-12-31 19:00:00+00:00,angiang_longxuyen_bacgiang_bacgiangcity_backan_backancity,85.6066
2025-12-31 20:00:00+00:00,angiang_longxuyen_bacgiang_bacgiangcity_backan_backancity,86.64894
2025-12-31 21:00:00+00:00,angiang_longxuyen_bacgiang_bacgiangcity_backan_backancity,87.202866
2025-12-31 22:00:00+00:00,angiang_longxuyen_bacgiang_bacgiangcity_backan_backancity,88.272
2025-12-31 23:00:00+00:00,angiang_longxuyen_bacgiang_bacgiangcity_backan_backancity,88.74483
2026-01-01 00:00:00+00:00,angiang_longxuyen_bacgiang_bacgiangcity_backan_backancity,88.419586
2026-01-01 01:00:00+00:00,angiang_longxuyen_bacgiang_bacgiangcity_backan_backancity,88.9452
2026-01-01 02:00:00+00:00,angiang_longxuyen_bacgiang_bacgiangcity_backan_backancity,89.70532
2026-01-01 03:00:00+00:00,angiang_longxuyen_bacgiang_bacgiangcity_backan_backancity,90.58554
2026-01-01 04:00:00+00:00,angiang_longxuyen_bacgiang_bacgiangcity_backan_backancity,91.34224
2026-01-01 05:00:00+00:00,angiang_longxuyen_bacgiang_bacgiangcity_backan_backancity,92.73993
2026-01-01 06:00:00+00:00,angiang_longxuyen_bacgiang_bacgiangcity_backan_backancity,92.554504
2026-01-01 07:00:00+00:00,angiang_longxuyen_bacgiang_bacgiangcity_backan_backancity,92.27472
2026-01-01 08:00:00+00:00,angiang_longxuyen_bacgiang_bacgiangcity_backan_backancity,91.60079
2026-01-01 09:00:00+00:00,angiang_longxuyen_bacgiang_bacgiangcity_backan_backancity,91.38819
2026-01-01 10:00:00+00:00,angiang_longxuyen_bacgiang_bacgiangcity_backan_backancity,91.02476
2026-01-01 11:00:00+00:00,angiang_longxuyen_bacgiang_bacgiangcity_backan_backancity,90.78638
2026-01-01 12:00:00+00:00,angiang_longxuyen_bacgiang_bacgiangcity_backan_backancity,90.48059
2026-01-01 13:00:00+00:00,angiang_longxuyen_bacgiang_bacgiangcity_backan_backancity,90.475105
2026-01-01 14:00:00+00:00,angiang_longxuyen_bacgiang_bacgiangcity_backan_backancity,89.491486
2026-01-01 15:00:00+00:00,angiang_longxuyen_bacgiang_bacgiangcity_backan_backancity,90.72706
2026-01-01 16:00:00+00:00,angiang_longxuyen_bacgiang_bacgiangcity_backan_backancity,90.87009
2026-01-01 17:00:00+00:00,angiang_longxuyen_bacgiang_bacgiangcity_backan_backancity,91.89711
2026-01-01 18:00:00+00:00,angiang_longxuyen_bacgiang_bacgiangcity_backan_backancity,92.1877
2026-01-01 19:00:00+00:00,angiang_longxuyen_bacgiang_bacgiangcity_backan_backancity,91.507484
2026-01-01 20:00:00+00:00,angiang_longxuyen_bacgiang_bacgiangcity_backan_backancity,91.100296
2026-01-01 21:00:00+00:00,angiang_longxuyen_bacgiang_bacgiangcity_backan_backancity,90.18983
2026-01-01 22:00:00+00:00,angiang_longxuyen_bacgiang_bacgiangcity_backan_backancity,89.63407
2026-01-01 23:00:00+00:00,angiang_longxuyen_bacgiang_bacgiangcity_backan_backancity,89.71675
2026-01-02 00:00:00+00:00,angiang_longxuyen_bacgiang_bacgiangcity_backan_backancity,89.32619
2026-01-02 01:00:00+00:00,angiang_longxuyen_bacgiang_bacgiangcity_backan_backancity,89.28493
2026-01-02 02:00:00+00:00,angiang_longxuyen_bacgiang_bacgiangcity_backan_backancity,89.065094
2026-01-02 03:00:00+00:00,angiang_longxuyen_bacgiang_bacgiangcity_backan_backancity,89.713684
2026-01-02 04:00:00+00:00,angiang_longxuyen_bacgiang_bacgiangcity_backan_backancity,92.21209
2026-01-02 05:00:00+00:00,angiang_longxuyen_bacgiang_bacgiangcity_backan_backancity,94.448166
2026-01-02 06:00:00+00:00,angiang_longxuyen_bacgiang_bacgiangcity_backan_backancity,94.13119
2026-01-02 07:00:00+00:00,angiang_longxuyen_bacgiang_bacgiangcity_backan_backancity,93.87742
2026-01-02 08:00:00+00:00,angiang_longxuyen_bacgiang_bacgiangcity_backan_backancity,93.65584
2026-01-02 09:00:00+00:00,angiang_longxuyen_bacgiang_bacgiangcity_backan_backancity,94.27168
2026-01-02 10:00:00+00:00,angiang_longxuyen_bacgiang_bacgiangcity_backan_backancity,94.57529
2026-01-02 11:00:00+00:00,angiang_longxuyen_bacgiang_bacgiangcity_backan_backancity,93.23772
2026-01-02 12:00:00+00:00,angiang_longxuyen_bacgiang_bacgiangcity_backan_backancity,92.90323
2026-01-02 13:00:00+00:00,angiang_longxuyen_bacgiang_bacgiangcity_backan_backancity,92.08908
2026-01-02 14:00:00+00:00,angiang_longxuyen_bacgiang_bacgiangcity_backan_backancity,89.9966
2026-01-02 15:00:00+00:00,angiang_longxuyen_bacgiang_bacgiangcity_backan_backancity,88.773415
2026-01-02 16:00:00+00:00,angiang_longxuyen_bacgiang_bacgiangcity_backan_backancity,87.272095
2026-01-02 17:00:00+00:00,angiang_longxuyen_bacgiang_bacgiangcity_backan_backancity,85.15556
2026-01-02 18:00:00+00:00,angiang_longxuyen_bacgiang_bacgiangcity_backan_backancity,81.86188
2026-01-02 19:00:00+00:00,angiang_longxuyen_bacgiang_bacgiangcity_backan_backancity,80.793236
2026-01-02 20:00:00+00:00,angiang_longxuyen_bacgiang_bacgiangcity_backan_backancity,80.80757
2026-01-02 21:00:00+00:00,angiang_longxuyen_bacgiang_bacgiangcity_backan_backancity,80.31813
2026-01-02 22:00:00+00:00,angiang_longxuyen_bacgiang_bacgiangcity_backan_backancity,81.14729
2026-01-02 23:00:00+00:00,angiang_longxuyen_bacgiang_bacgiangcity_backan_backancity,80.8927
2026-01-03 00:00:00+00:00,angiang_longxuyen_bacgiang_bacgiangcity_backan_backancity,80.63739
2026-01-03 01:00:00+00:00,angiang_longxuyen_bacgiang_bacgiangcity_backan_backancity,81.47121
2026-01-03 02:00:00+00:00,angiang_longxuyen_bacgiang_bacgiangcity_backan_backancity,82.154366
2026-01-03 03:00:00+00:00,angiang_longxuyen_bacgiang_bacgiangcity_backan_backancity,82.79028
2026-01-03 04:00:00+00:00,angiang_longxuyen_bacgiang_bacgiangcity_backan_backancity,83.539314
2026-01-03 05:00:00+00:00,angiang_longxuyen_bacgiang_bacgiangcity_backan_backancity,85.25458
2026-01-03 06:00:00+00:00,angiang_longxuyen_bacgiang_bacgiangcity_backan_backancity,86.25651
2026-01-03 07:00:00+00:00,angiang_longxuyen_bacgiang_bacgiangcity_backan_backancity,88.362564
2026-01-03 08:00:00+00:00,angiang_longxuyen_bacgiang_bacgiangcity_backan_backancity,89.179184
2026-01-03 09:00:00+00:00,angiang_longxuyen_bacgiang_bacgiangcity_backan_backancity,90.72327
2026-01-03 10:00:00+00:00,angiang_longxuyen_bacgiang_bacgiangcity_backan_backancity,91.22364
2026-01-03 11:00:00+00:00,angiang_longxuyen_bacgiang_bacgiangcity_backan_backancity,92.621
2026-01-03 12:00:00+00:00,angiang_longxuyen_bacgiang_bacgiangcity_backan_backancity,93.62898
2026-01-03 13:00:00+00:00,angiang_longxuyen_bacgiang_bacgiangcity_backan_backancity,94.58381
2026-01-03 14:00:00+00:00,angiang_longxuyen_bacgiang_bacgiangcity_backan_backancity,96.23966
2026-01-03 15:00:00+00:00,angiang_longxuyen_bacgiang_bacgiangcity_backan_backancity,96.881516
2026-01-03 16:00:00+00:00,angiang_longxuyen_bacgiang_bacgiangcity_backan_backancity,97.22952
2026-01-03 17:00:00+00:00,angiang_longxuyen_bacgiang_bacgiangcity_backan_backancity,97.70903
2026-01-03 18:00:00+00:00,angiang_longxuyen_bacgiang_bacgiangcity_backan_backancity,97.89871
2026-01-03 19:00:00+00:00,angiang_longxuyen_bacgiang_bacgiangcity_backan_backancity,97.28327
2026-01-03 20:00:00+00:00,angiang_longxuyen_bacgiang_bacgiangcity_backan_backancity,96.67964
2026-01-03 21:00:00+00:00,angiang_longxuyen_bacgiang_bacgiangcity_backan_backancity,97.062386
2026-01-03 22:00:00+00:00,angiang_longxuyen_bacgiang_bacgiangcity_backan_backancity,96.08663
2026-01-03 23:00:00+00:00,angiang_longxuyen_bacgiang_bacgiangcity_backan_backancity,94.345184
2026-01-04 00:00:00+00:00,angiang_longxuyen_bacgiang_bacgiangcity_backan_backancity,92.45664
2026-01-04 01:00:00+00:00,angiang_longxuyen_bacgiang_bacgiangcity_backan_backancity,91.26062
2026-01-04 02:00:00+00:00,angiang_longxuyen_bacgiang_bacgiangcity_backan_backancity,88.96385
2026-01-04 03:00:00+00:00,angiang_longxuyen_bacgiang_bacgiangcity_backan_backancity,87.279884
2026-01-04 04:00:00+00:00,angiang_longxuyen_bacgiang_bacgiangcity_backan_backancity,86.881645
2026-01-04 05:00:00+00:00,angiang_longxuyen_bacgiang_bacgiangcity_backan_backancity,86.46126
2026-01-04 06:00:00+00:00,angiang_longxuyen_bacgiang_bacgiangcity_backan_backancity,85.15114
2026-01-04 07:00:00+00:00,angiang_longxuyen_bacgiang_bacgiangcity_backan_backancity,83.10332
2026-01-04 08:00:00+00:00,angiang_longxuyen_bacgiang_bacgiangcity_backan_backancity,80.930954
2026-01-04 09:00:00+00:00,angiang_longxuyen_bacgiang_bacgiangcity_backan_backancity,79.37443
2026-01-04 10:00:00+00:00,angiang_longxuyen_bacgiang_bacgiangcity_backan_backancity,77.377335
2026-01-04 11:00:00+00:00,angiang_longxuyen_bacgiang_bacgiangcity_backan_backancity,75.93309
2026-01-04 12:00:00+00:00,angiang_longxuyen_bacgiang_bacgiangcity_backan_backancity,74.594025
2026-01-04 13:00:00+00:00,angiang_longxuyen_bacgiang_bacgiangcity_backan_backancity,73.82251
2026-01-04 14:00:00+00:00,angiang_longxuyen_bacgiang_bacgiangcity_backan_backancity,72.45695
2026-01-04 15:00:00+00:00,angiang_longxuyen_bacgiang_bacgiangcity_backan_backancity,71.04382
2026-01-04 16:00:00+00:00,angiang_longxuyen_bacgiang_bacgiangcity_backan_backancity,70.41639
2026-01-04 17:00:00+00:00,angiang_longxuyen_bacgiang_bacgiangcity_backan_backancity,69.73736
2026-01-04 18:00:00+00:00,angiang_longxuyen_bacgiang_bacgiangcity_backan_backancity,67.251335
2026-01-04 19:00:00+00:00,angiang_longxuyen_bacgiang_bacgiangcity_backan_backancity,67.21297
2026-01-04 20:00:00+00:00,angiang_longxuyen_bacgiang_bacgiangcity_backan_backancity,66.81295
2026-01-04 21:00:00+00:00,angiang_longxuyen_bacgiang_bacgiangcity_backan_backancity,66.936295
2026-01-04 22:00:00+00:00,angiang_longxuyen_bacgiang_bacgiangcity_backan_backancity,66.76623
2026-01-04 23:00:00+00:00,angiang_longxuyen_bacgiang_bacgiangcity_backan_backancity,67.29859
2026-01-05 00:00:00+00:00,angiang_longxuyen_bacgiang_bacgiangcity_backan_backancity,67.642914
2026-01-05 01:00:00+00:00,angiang_longxuyen_bacgiang_bacgiangcity_backan_backancity,68.3925
2026-01-05 02:00:00+00:00,angiang_longxuyen_bacgiang_bacgiangcity_backan_backancity,69.08761
2026-01-05 03:00:00+00:00,angiang_longxuyen_bacgiang_bacgiangcity_backan_backancity,70.44653
2026-01-05 04:00:00+00:00,angiang_longxuyen_bacgiang_bacgiangcity_backan_backancity,72.412384
2026-01-05 05:00:00+00:00,angiang_longxuyen_bacgiang_bacgiangcity_backan_backancity,74.933624
2026-01-05 06:00:00+00:00,angiang_longxuyen_bacgiang_bacgiangcity_backan_backancity,76.80243
2026-01-05 07:00:00+00:00,angiang_longxuyen_bacgiang_bacgiangcity_backan_backancity,77.99533
2026-01-05 08:00:00+00:00,angiang_longxuyen_bacgiang_bacgiangcity_backan_backancity,79.13219
2026-01-05 09:00:00+00:00,angiang_longxuyen_bacgiang_bacgiangcity_backan_backancity,79.479744
2026-01-05 10:00:00+00:00,angiang_longxuyen_bacgiang_bacgiangcity_backan_backancity,80.297745
2026-01-05 11:00:00+00:00,angiang_longxuyen_bacgiang_bacgiangcity_backan_backancity,80.273605
2026-01-05 12:00:00+00:00,angiang_longxuyen_bacgiang_bacgiangcity_backan_backancity,80.0426
2026-01-05 13:00:00+00:00,angiang_longxuyen_bacgiang_bacgiangcity_backan_backancity,79.2099
2026-01-05 14:00:00+00:00,angiang_longxuyen_bacgiang_bacgiangcity_backan_backancity,79.04982
2026-01-05 15:00:00+00:00,angiang_longxuyen_bacgiang_bacgiangcity_backan_backancity,78.08834
2026-01-05 16:00:00+00:00,angiang_longxuyen_bacgiang_bacgiangcity_backan_backancity,77.216705
2026-01-05 17:00:00+00:00,angiang_longxuyen_bacgiang_bacgiangcity_backan_backancity,77.466
2026-01-05 18:00:00+00:00,angiang_longxuyen_bacgiang_bacgiangcity_backan_backancity,76.47882
2026-01-05 19:00:00+00:00,angiang_longxuyen_bacgiang_bacgiangcity_backan_backancity,76.345764
2026-01-05 20:00:00+00:00,angiang_longxuyen_bacgiang_bacgiangcity_backan_backancity,76.024635
2026-01-05 21:00:00+00:00,angiang_longxuyen_bacgiang_bacgiangcity_backan_backancity,76.34239
2026-01-05 22:00:00+00:00,angiang_longxuyen_bacgiang_bacgiangcity_backan_backancity,75.539566
2026-01-05 23:00:00+00:00,angiang_longxuyen_bacgiang_bacgiangcity_backan_backancity,75.67867
2026-01-06 00:00:00+00:00,angiang_longxuyen_bacgiang_bacgiangcity_backan_backancity,74.902596
2026-01-06 01:00:00+00:00,angiang_longxuyen_bacgiang_bacgiangcity_backan_backancity,74.12764
2026-01-06 02:00:00+00:00,angiang_longxuyen_bacgiang_bacgiangcity_backan_backancity,74.0477
2026-01-06 03:00:00+00:00,angiang_longxuyen_bacgiang_bacgiangcity_backan_backancity,73.257576
2026-01-06 04:00:00+00:00,angiang_longxuyen_bacgiang_bacgiangcity_backan_backancity,73.10329
2026-01-06 05:00:00+00:00,angiang_longxuyen_bacgiang_bacgiangcity_backan_backancity,72.90085
2026-01-06 06:00:00+00:00,angiang_longxuyen_bacgiang_bacgiangcity_backan_backancity,73.100784
2026-01-06 07:00:00+00:00,angiang_longxuyen_bacgiang_bacgiangcity_backan_backancity,73.819855
2026-01-06 08:00:00+00:00,angiang_longxuyen_bacgiang_bacgiangcity_backan_backancity,73.59676
2026-01-06 09:00:00+00:00,angiang_longxuyen_bacgiang_bacgiangcity_backan_backancity,73.128815
2026-01-06 10:00:00+00:00,angiang_longxuyen_bacgiang_bacgiangcity_backan_backancity,72.989136
2026-01-06 11:00:00+00:00,angiang_longxuyen_bacgiang_bacgiangcity_backan_backancity,71.86
2026-01-06 12:00:00+00:00,angiang_longxuyen_bacgiang_bacgiangcity_backan_backancity,71.214584
2026-01-06 13:00:00+00:00,angiang_longxuyen_bacgiang_bacgiangcity_backan_backancity,70.71454
2026-01-06 14:00:00+00:00,angiang_longxuyen_bacgiang_bacgiangcity_backan_backancity,70.53744
2026-01-06 15:00:00+00:00,angiang_longxuyen_bacgiang_bacgiangcity_backan_backancity,70.60749
2026-01-06 16:00:00+00:00,angiang_longxuyen_bacgiang_bacgiangcity_backan_backancity,71.30226
2026-01-06 17:00:00+00:00,angiang_longxuyen_bacgiang_bacgiangcity_backan_backancity,71.499725
2026-01-06 18:00:00+00:00,angiang_longxuyen_bacgiang_bacgiangcity_backan_backancity,70.761246
2026-01-06 19:00:00+00:00,angiang_longxuyen_bacgiang_bacgiangcity_backan_backancity,70.60202
2026-01-06 20:00:00+00:00,angiang_longxuyen_bacgiang_bacgiangcity_backan_backancity,70.4549
2026-01-06 21:00:00+00:00,angiang_longxuyen_bacgiang_bacgiangcity_backan_backancity,69.8638
2026-01-06 22:00:00+00:00,angiang_longxuyen_bacgiang_bacgiangcity_backan_backancity,69.23599
2026-01-06 23:00:00+00:00,angiang_longxuyen_bacgiang_bacgiangcity_backan_backancity,69.044876
2026-01-07 00:00:00+00:00,angiang_longxuyen_bacgiang_bacgiangcity_backan_backancity,68.25447
2026-01-07 01:00:00+00:00,angiang_longxuyen_bacgiang_bacgiangcity_backan_backancity,68.58133
2026-01-07 02:00:00+00:00,angiang_longxuyen_bacgiang_bacgiangcity_backan_backancity,68.392685
2026-01-07 03:00:00+00:00,angiang_longxuyen_bacgiang_bacgiangcity_backan_backancity,68.13025
2026-01-07 04:00:00+00:00,angiang_longxuyen_bacgiang_bacgiangcity_backan_backancity,68.75491
2026-01-07 05:00:00+00:00,angiang_longxuyen_bacgiang_bacgiangcity_backan_backancity,69.49893
2026-01-07 06:00:00+00:00,angiang_longxuyen_bacgiang_bacgiangcity_backan_backancity,68.759895
2026-01-07 07:00:00+00:00,angiang_longxuyen_bacgiang_bacgiangcity_backan_backancity,68.007935
2026-01-07 08:00:00+00:00,angiang_longxuyen_bacgiang_bacgiangcity_backan_backancity,66.26948
2026-01-07 09:00:00+00:00,angiang_longxuyen_bacgiang_bacgiangcity_backan_backancity,64.852036
2026-01-07 10:00:00+00:00,angiang_longxuyen_bacgiang_bacgiangcity_backan_backancity,63.74796
2026-01-07 11:00:00+00:00,angiang_longxuyen_bacgiang_bacgiangcity_backan_backancity,62.256725
2026-01-07 12:00:00+00:00,angiang_longxuyen_bacgiang_bacgiangcity_backan_backancity,59.94093
2026-01-07 13:00:00+00:00,angiang_longxuyen_bacgiang_bacgiangcity_backan_backancity,58.700687
2026-01-07 14:00:00+00:00,angiang_longxuyen_bacgiang_bacgiangcity_backan_backancity,57.350307
2026-01-07 15:00:00+00:00,angiang_longxuyen_bacgiang_bacgiangcity_backan_backancity,56.296238
2026-01-07 16:00:00+00:00,angiang_longxuyen_bacgiang_bacgiangcity_backan_backancity,55.48416
2026-01-07 17:00:00+00:00,angiang_longxuyen_bacgiang_bacgiangcity_backan_backancity,54.188305
2026-01-07 18:00:00+00:00,angiang_longxuyen_bacgiang_bacgiangcity_backan_backancity,54.057404
2026-01-07 19:00:00+00:00,angiang_longxuyen_bacgiang_bacgiangcity_backan_backancity,54.318092
2026-01-07 20:00:00+00:00,angiang_longxuyen_bacgiang_bacgiangcity_backan_backancity,54.540768
2026-01-07 21:00:00+00:00,angiang_longxuyen_bacgiang_bacgiangcity_backan_backancity,55.345367
2026-01-07 22:00:00+00:00,angiang_longxuyen_bacgiang_bacgiangcity_backan_backancity,55.28059
2026-01-07 23:00:00+00:00,angiang_longxuyen_bacgiang_bacgiangcity_backan_backancity,55.77092
2026-01-08 00:00:00+00:00,angiang_longxuyen_bacgiang_bacgiangcity_backan_backancity,55.450405
2026-01-08 01:00:00+00:00,angiang_longxuyen_bacgiang_bacgiangcity_backan_backancity,56.074043
2026-01-08 02:00:00+00:00,angiang_longxuyen_bacgiang_bacgiangcity_backan_backancity,56.221855
2026-01-08 03:00:00+00:00,angiang_longxuyen_bacgiang_bacgiangcity_backan_backancity,56.769264
2026-01-08 04:00:00+00:00,angiang_longxuyen_bacgiang_bacgiangcity_backan_backancity,57.56317
2026-01-08 05:00:00+00:00,angiang_longxuyen_bacgiang_bacgiangcity_backan_backancity,58.677986
2026-01-08 06:00:00+00:00,angiang_longxuyen_bacgiang_bacgiangcity_backan_backancity,60.66595
2026-01-08 07:00:00+00:00,angiang_longxuyen_bacgiang_bacgiangcity_backan_backancity,61.127293
2026-01-08 08:00:00+00:00,angiang_longxuyen_bacgiang_bacgiangcity_backan_backancity,61.524353
2026-01-08 09:00:00+00:00,angiang_longxuyen_bacgiang_bacgiangcity_backan_backancity,62.308975
2026-01-08 10:00:00+00:00,angiang_longxuyen_bacgiang_bacgiangcity_backan_backancity,62.058937
2026-01-08 11:00:00+00:00,angiang_longxuyen_bacgiang_bacgiangcity_backan_backancity,62.85032
2026-01-08 12:00:00+00:00,angiang_longxuyen_bacgiang_bacgiangcity_backan_backancity,63.187237
2026-01-08 13:00:00+00:00,angiang_longxuyen_bacgiang_bacgiangcity_backan_backancity,63.35457
2026-01-08 14:00:00+00:00,angiang_longxuyen_bacgiang_bacgiangcity_backan_backancity,64.10153
2026-01-08 15:00:00+00:00,angiang_longxuyen_bacgiang_bacgiangcity_backan_backancity,65.07008
2026-01-08 16:00:00+00:00,angiang_longxuyen_bacgiang_bacgiangcity_backan_backancity,66.02338
2026-01-08 17:00:00+00:00,angiang_longxuyen_bacgiang_bacgiangcity_backan_backancity,67.437874
2026-01-08 18:00:00+00:00,angiang_longxuyen_bacgiang_bacgiangcity_backan_backancity,66.52588
2026-01-08 19:00:00+00:00,angiang_longxuyen_bacgiang_bacgiangcity_backan_backancity,66.47507
2026-01-08 20:00:00+00:00,angiang_longxuyen_bacgiang_bacgiangcity_backan_backancity,66.51184
2026-01-08 21:00:00+00:00,angiang_longxuyen_bacgiang_bacgiangcity_backan_backancity,66.749176
2026-01-08 22:00:00+00:00,angiang_longxuyen_bacgiang_bacgiangcity_backan_backancity,66.69036
2026-01-08 23:00:00+00:00,angiang_longxuyen_bacgiang_bacgiangcity_backan_backancity,66.33832
2026-01-09 00:00:00+00:00,angiang_longxuyen_bacgiang_bacgiangcity_backan_backancity,66.341606
2026-01-09 01:00:00+00:00,angiang_longxuyen_bacgiang_bacgiangcity_backan_backancity,65.92555
2026-01-09 02:00:00+00:00,angiang_longxuyen_bacgiang_bacgiangcity_backan_backancity,65.98125
2026-01-09 03:00:00+00:00,angiang_longxuyen_bacgiang_bacgiangcity_backan_backancity,66.32221
2026-01-09 04:00:00+00:00,angiang_longxuyen_bacgiang_bacgiangcity_backan_backancity,67.58386
2026-01-09 05:00:00+00:00,angiang_longxuyen_bacgiang_bacgiangcity_backan_backancity,68.7609
2026-01-09 06:00:00+00:00,angiang_longxuyen_bacgiang_bacgiangcity_backan_backancity,69.734375
2026-01-09 07:00:00+00:00,angiang_longxuyen_bacgiang_bacgiangcity_backan_backancity,70.1828
2026-01-09 08:00:00+00:00,angiang_longxuyen_bacgiang_bacgiangcity_backan_backancity,70.74831
2026-01-09 09:00:00+00:00,angiang_longxuyen_bacgiang_bacgiangcity_backan_backancity,73.03476
2026-01-09 10:00:00+00:00,angiang_longxuyen_bacgiang_bacgiangcity_backan_backancity,74.03991
2026-01-09 11:00:00+00:00,angiang_longxuyen_bacgiang_bacgiangcity_backan_backancity,75.73137
2026-01-09 12:00:00+00:00,angiang_longxuyen_bacgiang_bacgiangcity_backan_backancity,76.89771
2026-01-09 13:00:00+00:00,angiang_longxuyen_bacgiang_bacgiangcity_backan_backancity,78.14389
2026-01-09 14:00:00+00:00,angiang_longxuyen_bacgiang_bacgiangcity_backan_backancity,79.29145
2026-01-09 15:00:00+00:00,angiang_longxuyen_bacgiang_bacgiangcity_backan_backancity,80.45037
2026-01-09 16:00:00+00:00,angiang_longxuyen_bacgiang_bacgiangcity_backan_backancity,81.62266
2026-01-09 17:00:00+00:00,angiang_longxuyen_bacgiang_bacgiangcity_backan_backancity,81.50224
2026-01-09 18:00:00+00:00,angiang_longxuyen_bacgiang_bacgiangcity_backan_backancity,81.15333
2026-01-09 19:00:00+00:00,angiang_longxuyen_bacgiang_bacgiangcity_backan_backancity,81.62214
2026-01-09 20:00:00+00:00,angiang_longxuyen_bacgiang_bacgiangcity_backan_backancity,80.88795
2026-01-09 21:00:00+00:00,angiang_longxuyen_bacgiang_bacgiangcity_backan_backancity,80.32712
2026-01-09 22:00:00+00:00,angiang_longxuyen_bacgiang_bacgiangcity_backan_backancity,80.259155
2026-01-09 23:00:00+00:00,angiang_longxuyen_bacgiang_bacgiangcity_backan_backancity,81.09628
2026-01-10 00:00:00+00:00,angiang_longxuyen_bacgiang_bacgiangcity_backan_backancity,80.66852
2026-01-10 01:00:00+00:00,angiang_longxuyen_bacgiang_bacgiangcity_backan_backancity,80.45064
2026-01-10 02:00:00+00:00,angiang_longxuyen_bacgiang_bacgiangcity_backan_backancity,80.86899
2026-01-10 03:00:00+00:00,angiang_longxuyen_bacgiang_bacgiangcity_backan_backancity,80.550476
2026-01-10 04:00:00+00:00,angiang_longxuyen_bacgiang_bacgiangcity_backan_backancity,81.29624
2026-01-10 05:00:00+00:00,angiang_longxuyen_bacgiang_bacgiangcity_backan_backancity,82.81119
2026-01-10 06:00:00+00:00,angiang_longxuyen_bacgiang_bacgiangcity_backan_backancity,83.85469
2026-01-10 07:00:00+00:00,angiang_longxuyen_bacgiang_bacgiangcity_backan_backancity,84.66801
2026-01-10 08:00:00+00:00,angiang_longxuyen_bacgiang_bacgiangcity_backan_backancity,84.93084
2026-01-10 09:00:00+00:00,angiang_longxuyen_bacgiang_bacgiangcity_backan_backancity,85.7011
2026-01-10 10:00:00+00:00,angiang_longxuyen_bacgiang_bacgiangcity_backan_backancity,85.24699
2026-01-10 11:00:00+00:00,angiang_longxuyen_bacgiang_bacgiangcity_backan_backancity,85.45409
2026-01-10 12:00:00+00:00,angiang_longxuyen_bacgiang_bacgiangcity_backan_backancity,84.83744
2026-01-10 13:00:00+00:00,angiang_longxuyen_bacgiang_bacgiangcity_backan_backancity,84.21507
2026-01-10 14:00:00+00:00,angiang_longxuyen_bacgiang_bacgiangcity_backan_backancity,83.434814
2026-01-10 15:00:00+00:00,angiang_longxuyen_bacgiang_bacgiangcity_backan_backancity,84.31711
2026-01-10 16:00:00+00:00,angiang_longxuyen_bacgiang_bacgiangcity_backan_backancity,84.44626
2026-01-10 17:00:00+00:00,angiang_longxuyen_bacgiang_bacgiangcity_backan_backancity,85.30823
2026-01-10 18:00:00+00:00,angiang_longxuyen_bacgiang_bacgiangcity_backan_backancity,84.97479
2026-01-10 19:00:00+00:00,angiang_longxuyen_bacgiang_bacgiangcity_backan_backancity,84.73291
2026-01-10 20:00:00+00:00,angiang_longxuyen_bacgiang_bacgiangcity_backan_backancity,85.60931
2026-01-10 21:00:00+00:00,angiang_longxuyen_bacgiang_bacgiangcity_backan_backancity,85.92935
2026-01-10 22:00:00+00:00,angiang_longxuyen_bacgiang_bacgiangcity_backan_backancity,85.950485
2026-01-10 23:00:00+00:00,angiang_longxuyen_bacgiang_bacgiangcity_backan_backancity,86.427414
2026-01-11 00:00:00+00:00,angiang_longxuyen_bacgiang_bacgiangcity_backan_backancity,86.34954
2026-01-11 01:00:00+00:00,angiang_longxuyen_bacgiang_bacgiangcity_backan_backancity,86.53959
2026-01-11 02:00:00+00:00,angiang_longxuyen_bacgiang_bacgiangcity_backan_backancity,86.121
2026-01-11 03:00:00+00:00,angiang_longxuyen_bacgiang_bacgiangcity_backan_backancity,85.80136
2026-01-11 04:00:00+00:00,angiang_longxuyen_bacgiang_bacgiangcity_backan_backancity,86.40965
2026-01-11 05:00:00+00:00,angiang_longxuyen_bacgiang_bacgiangcity_backan_backancity,87.99935
2026-01-11 06:00:00+00:00,angiang_longxuyen_bacgiang_bacgiangcity_backan_backancity,88.62413
2026-01-11 07:00:00+00:00,angiang_longxuyen_bacgiang_bacgiangcity_backan_backancity,88.351715
2026-01-11 08:00:00+00:00,angiang_longxuyen_bacgiang_bacgiangcity_backan_backancity,88.6465
2026-01-11 09:00:00+00:00,angiang_longxuyen_bacgiang_bacgiangcity_backan_backancity,88.2248
2026-01-11 10:00:00+00:00,angiang_longxuyen_bacgiang_bacgiangcity_backan_backancity,88.245056
2026-01-11 11:00:00+00:00,angiang_longxuyen_bacgiang_bacgiangcity_backan_backancity,87.19173
2026-01-11 12:00:00+00:00,angiang_longxuyen_bacgiang_bacgiangcity_backan_backancity,87.02568
2026-01-11 13:00:00+00:00,angiang_longxuyen_bacgiang_bacgiangcity_backan_backancity,87.106285
2026-01-11 14:00:00+00:00,angiang_longxuyen_bacgiang_bacgiangcity_backan_backancity,86.19135
2026-01-11 15:00:00+00:00,angiang_longxuyen_bacgiang_bacgiangcity_backan_backancity,85.87448
2026-01-11 16:00:00+00:00,angiang_longxuyen_bacgiang_bacgiangcity_backan_backancity,85.01387
2026-01-11 17:00:00+00:00,angiang_longxuyen_bacgiang_bacgiangcity_backan_backancity,84.24044
2026-01-11 18:00:00+00:00,angiang_longxuyen_bacgiang_bacgiangcity_backan_backancity,83.54613
2026-01-11 19:00:00+00:00,angiang_longxuyen_bacgiang_bacgiangcity_backan_backancity,83.52327
2026-01-11 20:00:00+00:00,angiang_longxuyen_bacgiang_bacgiangcity_backan_backancity,83.1023
2026-01-11 21:00:00+00:00,angiang_longxuyen_bacgiang_bacgiangcity_backan_backancity,82.065384
2026-01-11 22:00:00+00:00,angiang_longxuyen_bacgiang_bacgiangcity_backan_backancity,80.73169
2026-01-11 23:00:00+00:00,angiang_longxuyen_bacgiang_bacgiangcity_backan_backancity,80.26497
2026-01-12 00:00:00+00:00,angiang_longxuyen_bacgiang_bacgiangcity_backan_backancity,79.448
2026-01-12 01:00:00+00:00,angiang_longxuyen_bacgiang_bacgiangcity_backan_backancity,78.99035
2026-01-12 02:00:00+00:00,angiang_longxuyen_bacgiang_bacgiangcity_backan_backancity,78.58335
2026-01-12 03:00:00+00:00,angiang_longxuyen_bacgiang_bacgiangcity_backan_backancity,78.56388
2026-01-12 04:00:00+00:00,angiang_longxuyen_bacgiang_bacgiangcity_backan_backancity,79.14459
2026-01-12 05:00:00+00:00,angiang_longxuyen_bacgiang_bacgiangcity_backan_backancity,80.15138
2026-01-12 06:00:00+00:00,angiang_longxuyen_bacgiang_bacgiangcity_backan_backancity,79.65535
2026-01-12 07:00:00+00:00,angiang_longxuyen_bacgiang_bacgiangcity_backan_backancity,78.95419
2026-01-12 08:00:00+00:00,angiang_longxuyen_bacgiang_bacgiangcity_backan_backancity,79.32024
2026-01-12 09:00:00+00:00,angiang_longxuyen_bacgiang_bacgiangcity_backan_backancity,78.53089
2026-01-12 10:00:00+00:00,angiang_longxuyen_bacgiang_bacgiangcity_backan_backancity,78.25255
2026-01-12 11:00:00+00:00,angiang_longxuyen_bacgiang_bacgiangcity_backan_backancity,77.20831
2026-01-12 12:00:00+00:00,angiang_longxuyen_bacgiang_bacgiangcity_backan_backancity,75.76237
2026-01-12 13:00:00+00:00,angiang_longxuyen_bacgiang_bacgiangcity_backan_backancity,74.83742
2026-01-12 14:00:00+00:00,angiang_longxuyen_bacgiang_bacgiangcity_backan_backancity,72.95933
2026-01-12 15:00:00+00:00,angiang_longxuyen_bacgiang_bacgiangcity_backan_backancity,71.2464
2026-01-12 16:00:00+00:00,angiang_longxuyen_bacgiang_bacgiangcity_backan_backancity,69.27659
2026-01-12 17:00:00+00:00,angiang_longxuyen_bacgiang_bacgiangcity_backan_backancity,67.742355
2026-01-12 18:00:00+00:00,angiang_longxuyen_bacgiang_bacgiangcity_backan_backancity,68.1082
2026-01-12 19:00:00+00:00,angiang_longxuyen_bacgiang_bacgiangcity_backan_backancity,66.57269
2026-01-12 20:00:00+00:00,angiang_longxuyen_bacgiang_bacgiangcity_backan_backancity,65.33594
2026-01-12 21:00:00+00:00,angiang_longxuyen_bacgiang_bacgiangcity_backan_backancity,64.95919
2026-01-12 22:00:00+00:00,angiang_longxuyen_bacgiang_bacgiangcity_backan_backancity,64.946106
2026-01-12 23:00:00+00:00,angiang_longxuyen_bacgiang_bacgiangcity_backan_backancity,64.8311
2026-01-13 00:00:00+00:00,angiang_longxuyen_bacgiang_bacgiangcity_backan_backancity,65.292496
2026-01-13 01:00:00+00:00,angiang_longxuyen_bacgiang_bacgiangcity_backan_backancity,65.148
2026-01-13 02:00:00+00:00,angiang_longxuyen_bacgiang_bacgiangcity_backan_backancity,65.0494
2026-01-13 03:00:00+00:00,angiang_longxuyen_bacgiang_bacgiangcity_backan_backancity,63.605865
2026-01-13 04:00:00+00:00,angiang_longxuyen_bacgiang_bacgiangcity_backan_backancity,63.634964
2026-01-13 05:00:00+00:00,angiang_longxuyen_bacgiang_bacgiangcity_backan_backancity,64.39162
2026-01-13 06:00:00+00:00,angiang_longxuyen_bacgiang_bacgiangcity_backan_backancity,67.162735
2026-01-13 07:00:00+00:00,angiang_longxuyen_bacgiang_bacgiangcity_backan_backancity,68.7312
2026-01-13 08:00:00+00:00,angiang_longxuyen_bacgiang_bacgiangcity_backan_backancity,71.07615
2026-01-13 09:00:00+00:00,angiang_longxuyen_bacgiang_bacgiangcity_backan_backancity,71.84517
2026-01-13 10:00:00+00:00,angiang_longxuyen_bacgiang_bacgiangcity_backan_backancity,72.69133
2026-01-13 11:00:00+00:00,angiang_longxuyen_bacgiang_bacgiangcity_backan_backancity,72.63722
2026-01-13 12:00:00+00:00,angiang_longxuyen_bacgiang_bacgiangcity_backan_backancity,73.07007
2026-01-13 13:00:00+00:00,angiang_longxuyen_bacgiang_bacgiangcity_backan_backancity,73.3578
2026-01-13 14:00:00+00:00,angiang_longxuyen_bacgiang_bacgiangcity_backan_backancity,74.40427
2026-01-13 15:00:00+00:00,angiang_longxuyen_bacgiang_bacgiangcity_backan_backancity,75.750435
2026-01-13 16:00:00+00:00,angiang_longxuyen_bacgiang_bacgiangcity_backan_backancity,77.51495
2026-01-13 17:00:00+00:00,angiang_longxuyen_bacgiang_bacgiangcity_backan_backancity,79.376495
2026-01-13 18:00:00+00:00,angiang_longxuyen_bacgiang_bacgiangcity_backan_backancity,83.85987
2026-01-13 19:00:00+00:00,angiang_longxuyen_bacgiang_bacgiangcity_backan_backancity,84.66272
2026-01-13 20:00:00+00:00,angiang_longxuyen_bacgiang_bacgiangcity_backan_backancity,84.697586
2026-01-13 21:00:00+00:00,angiang_longxuyen_bacgiang_bacgiangcity_backan_backancity,83.6452
2026-01-13 22:00:00+00:00,angiang_longxuyen_bacgiang_bacgiangcity_backan_backancity,82.24288
2026-01-13 23:00:00+00:00,angiang_longxuyen_bacgiang_bacgiangcity_backan_backancity,81.208145
2026-01-14 00:00:00+00:00,angiang_longxuyen_bacgiang_bacgiangcity_backan_backancity,80.65317
2026-01-14 01:00:00+00:00,angiang_longxuyen_bacgiang_bacgiangcity_backan_backancity,78.71704
2026-01-14 02:00:00+00:00,angiang_longxuyen_bacgiang_bacgiangcity_backan_backancity,78.09101
2026-01-14 03:00:00+00:00,angiang_longxuyen_bacgiang_bacgiangcity_backan_backancity,77.73628
2026-01-14 04:00:00+00:00,angiang_longxuyen_bacgiang_bacgiangcity_backan_backancity,78.18851
2026-01-14 05:00:00+00:00,angiang_longxuyen_bacgiang_bacgiangcity_backan_backancity,78.965225
2026-01-14 06:00:00+00:00,angiang_longxuyen_bacgiang_bacgiangcity_backan_backancity,79.9785
2026-01-14 07:00:00+00:00,angiang_longxuyen_bacgiang_bacgiangcity_backan_backancity,79.45195
2026-01-14 08:00:00+00:00,angiang_longxuyen_bacgiang_bacgiangcity_backan_backancity,78.62024
2026-01-14 09:00:00+00:00,angiang_longxuyen_bacgiang_bacgiangcity_backan_backancity,77.16635
2026-01-14 10:00:00+00:00,angiang_longxuyen_bacgiang_bacgiangcity_backan_backancity,76.75944
2026-01-14 11:00:00+00:00,angiang_longxuyen_bacgiang_bacgiangcity_backan_backancity,76.50316
2026-01-14 12:00:00+00:00,angiang_longxuyen_bacgiang_bacgiangcity_backan_backancity,75.24183
2026-01-14 13:00:00+00:00,angiang_longxuyen_bacgiang_bacgiangcity_backan_backancity,74.97811
2026-01-14 14:00:00+00:00,angiang_longxuyen_bacgiang_bacgiangcity_backan_backancity,74.34965
2026-01-14 15:00:00+00:00,angiang_longxuyen_bacgiang_bacgiangcity_backan_backancity,74.23384
2026-01-14 16:00:00+00:00,angiang_longxuyen_bacgiang_bacgiangcity_backan_backancity,73.61244
2026-01-14 17:00:00+00:00,angiang_longxuyen_bacgiang_bacgiangcity_backan_backancity,72.603226
2026-01-14 18:00:00+00:00,angiang_longxuyen_bacgiang_bacgiangcity_backan_backancity,72.10952
2026-01-14 19:00:00+00:00,angiang_longxuyen_bacgiang_bacgiangcity_backan_backancity,68.95572
2026-01-14 20:00:00+00:00,angiang_longxuyen_bacgiang_bacgiangcity_backan_backancity,68.17879
2026-01-14 21:00:00+00:00,angiang_longxuyen_bacgiang_bacgiangcity_backan_backancity,67.667145
2026-01-14 22:00:00+00:00,angiang_longxuyen_bacgiang_bacgiangcity_backan_backancity,66.81601
2026-01-14 23:00:00+00:00,angiang_longxuyen_bacgiang_bacgiangcity_backan_backancity,66.70894
2026-01-15 00:00:00+00:00,angiang_longxuyen_bacgiang_bacgiangcity_backan_backancity,66.621796
2026-01-15 01:00:00+00:00,angiang_longxuyen_bacgiang_bacgiangcity_backan_backancity,66.491844
2026-01-15 02:00:00+00:00,angiang_longxuyen_bacgiang_bacgiangcity_backan_backancity,66.8761
2026-01-15 03:00:00+00:00,angiang_longxuyen_bacgiang_bacgiangcity_backan_backancity,67.58829
2026-01-15 04:00:00+00:00,angiang_longxuyen_bacgiang_bacgiangcity_backan_backancity,69.514435
2026-01-15 05:00:00+00:00,angiang_longxuyen_bacgiang_bacgiangcity_backan_backancity,71.41791
2026-01-15 06:00:00+00:00,angiang_longxuyen_bacgiang_bacgiangcity_backan_backancity,73.12903
2026-01-15 07:00:00+00:00,angiang_longxuyen_bacgiang_bacgiangcity_backan_backancity,74.20734
2026-01-15 08:00:00+00:00,angiang_longxuyen_bacgiang_bacgiangcity_backan_backancity,74.91077
2026-01-15 09:00:00+00:00,angiang_longxuyen_bacgiang_bacgiangcity_backan_backancity,75.59288
2026-01-15 10:00:00+00:00,angiang_longxuyen_bacgiang_bacgiangcity_backan_backancity,76.80375
2026-01-15 11:00:00+00:00,angiang_longxuyen_bacgiang_bacgiangcity_backan_backancity,77.54681
2026-01-15 12:00:00+00:00,angiang_longxuyen_bacgiang_bacgiangcity_backan_backancity,78.63837
2026-01-15 13:00:00+00:00,angiang_longxuyen_bacgiang_bacgiangcity_backan_backancity,79.26289
2026-01-15 14:00:00+00:00,angiang_longxuyen_bacgiang_bacgiangcity_backan_backancity,80.335236
2026-01-15 15:00:00+00:00,angiang_longxuyen_bacgiang_bacgiangcity_backan_backancity,81.61184
2026-01-15 16:00:00+00:00,angiang_longxuyen_bacgiang_bacgiangcity_backan_backancity,81.931076
2026-01-15 17:00:00+00:00,angiang_longxuyen_bacgiang_bacgiangcity_backan_backancity,82.199715
2026-01-15 18:00:00+00:00,angiang_longxuyen_bacgiang_bacgiangcity_backan_backancity,81.37024
2026-01-15 19:00:00+00:00,angiang_longxuyen_bacgiang_bacgiangcity_backan_backancity,81.03427
2026-01-15 20:00:00+00:00,angiang_longxuyen_bacgiang_bacgiangcity_backan_backancity,80.98888
2026-01-15 21:00:00+00:00,angiang_longxuyen_bacgiang_bacgiangcity_backan_backancity,80.91331
2026-01-15 22:00:00+00:00,angiang_longxuyen_bacgiang_bacgiangcity_backan_backancity,80.56446
2026-01-15 23:00:00+00:00,angiang_longxuyen_bacgiang_bacgiangcity_backan_backancity,79.49489
2026-01-16 00:00:00+00:00,angiang_longxuyen_bacgiang_bacgiangcity_backan_backancity,79.21986
2026-01-16 01:00:00+00:00,angiang_longxuyen_bacgiang_bacgiangcity_backan_backancity,79.71337
2026-01-16 02:00:00+00:00,angiang_longxuyen_bacgiang_bacgiangcity_backan_backancity,79.56055
2026-01-16 03:00:00+00:00,angiang_longxuyen_bacgiang_bacgiangcity_backan_backancity,79.68172
2026-01-16 04:00:00+00:00,angiang_longxuyen_bacgiang_bacgiangcity_backan_backancity,80.33101
2026-01-16 05:00:00+00:00,angiang_longxuyen_bacgiang_bacgiangcity_backan_backancity,81.19817
2026-01-16 06:00:00+00:00,angiang_longxuyen_bacgiang_bacgiangcity_backan_backancity,82.6384
2026-01-16 07:00:00+00:00,angiang_longxuyen_bacgiang_bacgiangcity_backan_backancity,83.10011
2026-01-16 08:00:00+00:00,angiang_longxuyen_bacgiang_bacgiangcity_backan_backancity,82.863976
2026-01-16 09:00:00+00:00,angiang_longxuyen_bacgiang_bacgiangcity_backan_backancity,82.50485
2026-01-16 10:00:00+00:00,angiang_longxuyen_bacgiang_bacgiangcity_backan_backancity,81.450676
2026-01-16 11:00:00+00:00,angiang_longxuyen_bacgiang_bacgiangcity_backan_backancity,80.30052
2026-01-16 12:00:00+00:00,angiang_longxuyen_bacgiang_bacgiangcity_backan_backancity,78.35511
2026-01-16 13:00:00+00:00,angiang_longxuyen_bacgiang_bacgiangcity_backan_backancity,75.79133
2026-01-16 14:00:00+00:00,angiang_longxuyen_bacgiang_bacgiangcity_backan_backancity,73.76062
2026-01-16 15:00:00+00:00,angiang_longxuyen_bacgiang_bacgiangcity_backan_backancity,71.97569
2026-01-16 16:00:00+00:00,angiang_longxuyen_bacgiang_bacgiangcity_backan_backancity,70.0804
2026-01-16 17:00:00+00:00,angiang_longxuyen_bacgiang_bacgiangcity_backan_backancity,68.99138
2026-01-16 18:00:00+00:00,angiang_longxuyen_bacgiang_bacgiangcity_backan_backancity,68.011314
2026-01-16 19:00:00+00:00,angiang_longxuyen_bacgiang_bacgiangcity_backan_backancity,67.608154
2026-01-16 20:00:00+00:00,angiang_longxuyen_bacgiang_bacgiangcity_backan_backancity,66.515144
2026-01-16 21:00:00+00:00,angiang_longxuyen_bacgiang_bacgiangcity_backan_backancity,65.45581
2026-01-16 22:00:00+00:00,angiang_longxuyen_bacgiang_bacgiangcity_backan_backancity,65.12953
2026-01-16 23:00:00+00:00,angiang_longxuyen_bacgiang_bacgiangcity_backan_backancity,64.659485
2026-01-17 00:00:00+00:00,angiang_longxuyen_bacgiang_bacgiangcity_backan_backancity,63.705982
2026-01-17 01:00:00+00:00,angiang_longxuyen_bacgiang_bacgiangcity_backan_backancity,63.521336
2026-01-17 02:00:00+00:00,angiang_longxuyen_bacgiang_bacgiangcity_backan_backancity,62.81692
2026-01-17 03:00:00+00:00,angiang_longxuyen_bacgiang_bacgiangcity_backan_backancity,62.880627
2026-01-17 04:00:00+00:00,angiang_longxuyen_bacgiang_bacgiangcity_backan_backancity,63.167465
2026-01-17 05:00:00+00:00,angiang_longxuyen_bacgiang_bacgiangcity_backan_backancity,63.906536
2026-01-17 06:00:00+00:00,angiang_longxuyen_bacgiang_bacgiangcity_backan_backancity,65.73425
2026-01-17 07:00:00+00:00,angiang_longxuyen_bacgiang_bacgiangcity_backan_backancity,65.38028
2026-01-17 08:00:00+00:00,angiang_longxuyen_bacgiang_bacgiangcity_backan_backancity,64.899734
2026-01-17 09:00:00+00:00,angiang_longxuyen_bacgiang_bacgiangcity_backan_backancity,64.44626
2026-01-17 10:00:00+00:00,angiang_longxuyen_bacgiang_bacgiangcity_backan_backancity,63.66686
2026-01-17 11:00:00+00:00,angiang_longxuyen_bacgiang_bacgiangcity_backan_backancity,62.858658
2026-01-17 12:00:00+00:00,angiang_longxuyen_bacgiang_bacgiangcity_backan_backancity,62.428524
2026-01-17 13:00:00+00:00,angiang_longxuyen_bacgiang_bacgiangcity_backan_backancity,61.99954
2026-01-17 14:00:00+00:00,angiang_longxuyen_bacgiang_bacgiangcity_backan_backancity,62.232857
2026-01-17 15:00:00+00:00,angiang_longxuyen_bacgiang_bacgiangcity_backan_backancity,63.102833
2026-01-17 16:00:00+00:00,angiang_longxuyen_bacgiang_bacgiangcity_backan_backancity,63.97019
2026-01-17 17:00:00+00:00,angiang_longxuyen_bacgiang_bacgiangcity_backan_backancity,65.43524
2026-01-17 18:00:00+00:00,angiang_longxuyen_bacgiang_bacgiangcity_backan_backancity,66.06317
2026-01-17 19:00:00+00:00,angiang_longxuyen_bacgiang_bacgiangcity_backan_backancity,66.25477
2026-01-17 20:00:00+00:00,angiang_longxuyen_bacgiang_bacgiangcity_backan_backancity,65.66933
2026-01-17 21:00:00+00:00,angiang_longxuyen_bacgiang_bacgiangcity_backan_backancity,65.72055
2026-01-17 22:00:00+00:00,angiang_longxuyen_bacgiang_bacgiangcity_backan_backancity,65.80409
2026-01-17 23:00:00+00:00,angiang_longxuyen_bacgiang_bacgiangcity_backan_backancity,65.77092
2026-01-18 00:00:00+00:00,angiang_longxuyen_bacgiang_bacgiangcity_backan_backancity,66.48993
2026-01-18 01:00:00+00:00,angiang_longxuyen_bacgiang_bacgiangcity_backan_backancity,66.2545
2026-01-18 02:00:00+00:00,angiang_longxuyen_bacgiang_bacgiangcity_backan_backancity,66.29742
2026-01-18 03:00:00+00:00,angiang_longxuyen_bacgiang_bacgiangcity_backan_backancity,66.05556
2026-01-18 04:00:00+00:00,angiang_longxuyen_bacgiang_bacgiangcity_backan_backancity,67.30501
2026-01-18 05:00:00+00:00,angiang_longxuyen_bacgiang_bacgiangcity_backan_backancity,68.32576
2026-01-18 06:00:00+00:00,angiang_longxuyen_bacgiang_bacgiangcity_backan_backancity,70.85584
2026-01-18 07:00:00+00:00,angiang_longxuyen_bacgiang_bacgiangcity_backan_backancity,71.09505
2026-01-18 08:00:00+00:00,angiang_longxuyen_bacgiang_bacgiangcity_backan_backancity,72.40419
2026-01-18 09:00:00+00:00,angiang_longxuyen_bacgiang_bacgiangcity_backan_backancity,73.94278
2026-01-18 10:00:00+00:00,angiang_longxuyen_bacgiang_bacgiangcity_backan_backancity,75.16205
2026-01-18 11:00:00+00:00,angiang_longxuyen_bacgiang_bacgiangcity_backan_backancity,76.5961
2026-01-18 12:00:00+00:00,angiang_longxuyen_bacgiang_bacgiangcity_backan_backancity,77.91644
2026-01-18 13:00:00+00:00,angiang_longxuyen_bacgiang_bacgiangcity_backan_backancity,78.379135
2026-01-18 14:00:00+00:00,angiang_longxuyen_bacgiang_bacgiangcity_backan_backancity,80.19215
2026-01-18 15:00:00+00:00,angiang_longxuyen_bacgiang_bacgiangcity_backan_backancity,81.74403
2026-01-18 16:00:00+00:00,angiang_longxuyen_bacgiang_bacgiangcity_backan_backancity,82.8901
2026-01-18 17:00:00+00:00,angiang_longxuyen_bacgiang_bacgiangcity_backan_backancity,83.93277
2026-01-18 18:00:00+00:00,angiang_longxuyen_bacgiang_bacgiangcity_backan_backancity,82.330536
2026-01-18 19:00:00+00:00,angiang_longxuyen_bacgiang_bacgiangcity_backan_backancity,82.265236
2026-01-18 20:00:00+00:00,angiang_longxuyen_bacgiang_bacgiangcity_backan_backancity,82.61036
2026-01-18 21:00:00+00:00,angiang_longxuyen_bacgiang_bacgiangcity_backan_backancity,82.79167
2026-01-18 22:00:00+00:00,angiang_longxuyen_bacgiang_bacgiangcity_backan_backancity,82.59762
2026-01-18 23:00:00+00:00,angiang_longxuyen_bacgiang_bacgiangcity_backan_backancity,82.65284
2026-01-19 00:00:00+00:00,angiang_longxuyen_bacgiang_bacgiangcity_backan_backancity,82.616165
2026-01-19 01:00:00+00:00,angiang_longxuyen_bacgiang_bacgiangcity_backan_backancity,83.128456
2026-01-19 02:00:00+00:00,angiang_longxuyen_bacgiang_bacgiangcity_backan_backancity,82.457
2026-01-19 03:00:00+00:00,angiang_longxuyen_bacgiang_bacgiangcity_backan_backancity,84.05633
2026-01-19 04:00:00+00:00,angiang_longxuyen_bacgiang_bacgiangcity_backan_backancity,86.42619
2026-01-19 05:00:00+00:00,angiang_longxuyen_bacgiang_bacgiangcity_backan_backancity,88.792435
2026-01-19 06:00:00+00:00,angiang_longxuyen_bacgiang_bacgiangcity_backan_backancity,87.87813
2026-01-19 07:00:00+00:00,angiang_longxuyen_bacgiang_bacgiangcity_backan_backancity,86.958084
2026-01-19 08:00:00+00:00,angiang_longxuyen_bacgiang_bacgiangcity_backan_backancity,86.38631
2026-01-19 09:00:00+00:00,angiang_longxuyen_bacgiang_bacgiangcity_backan_backancity,86.55462
2026-01-19 10:00:00+00:00,angiang_longxuyen_bacgiang_bacgiangcity_backan_backancity,85.94381
2026-01-19 11:00:00+00:00,angiang_longxuyen_bacgiang_bacgiangcity_backan_backancity,86.12047
2026-01-19 12:00:00+00:00,angiang_longxuyen_bacgiang_bacgiangcity_backan_backancity,86.52613
2026-01-19 13:00:00+00:00,angiang_longxuyen_bacgiang_bacgiangcity_backan_backancity,86.67534
2026-01-19 14:00:00+00:00,angiang_longxuyen_bacgiang_bacgiangcity_backan_backancity,87.73579
2026-01-19 15:00:00+00:00,angiang_longxuyen_bacgiang_bacgiangcity_backan_backancity,88.46938
2026-01-19 16:00:00+00:00,angiang_longxuyen_bacgiang_bacgiangcity_backan_backancity,89.222565
2026-01-19 17:00:00+00:00,angiang_longxuyen_bacgiang_bacgiangcity_backan_backancity,90.81602
2026-01-19 18:00:00+00:00,angiang_longxuyen_bacgiang_bacgiangcity_backan_backancity,92.79798
2026-01-19 19:00:00+00:00,angiang_longxuyen_bacgiang_bacgiangcity_backan_backancity,95.88578
2026-01-19 20:00:00+00:00,angiang_longxuyen_bacgiang_bacgiangcity_backan_backancity,97.42865
2026-01-19 21:00:00+00:00,angiang_longxuyen_bacgiang_bacgiangcity_backan_backancity,98.649345
2026-01-19 22:00:00+00:00,angiang_longxuyen_bacgiang_bacgiangcity_backan_backancity,98.63291
2026-01-19 23:00:00+00:00,angiang_longxuyen_bacgiang_bacgiangcity_backan_backancity,98.90272
2026-01-20 00:00:00+00:00,angiang_longxuyen_bacgiang_bacgiangcity_backan_backancity,98.742546
2026-01-20 01:00:00+00:00,angiang_longxuyen_bacgiang_bacgiangcity_backan_backancity,98.905876
2026-01-20 02:00:00+00:00,angiang_longxuyen_bacgiang_bacgiangcity_backan_backancity,98.39675
2026-01-20 03:00:00+00:00,angiang_longxuyen_bacgiang_bacgiangcity_backan_backancity,99.08682
2026-01-20 04:00:00+00:00,angiang_longxuyen_bacgiang_bacgiangcity_backan_backancity,100.44748
2026-01-20 05:00:00+00:00,angiang_longxuyen_bacgiang_bacgiangcity_backan_backancity,101.49923
2026-01-20 06:00:00+00:00,angiang_longxuyen_bacgiang_bacgiangcity_backan_backancity,102.84185
2026-01-20 07:00:00+00:00,angiang_longxuyen_bacgiang_bacgiangcity_backan_backancity,102.95724
2026-01-20 08:00:00+00:00,angiang_longxuyen_bacgiang_bacgiangcity_backan_backancity,103.11637
2026-01-20 09:00:00+00:00,angiang_longxuyen_bacgiang_bacgiangcity_backan_backancity,103.18239
2026-01-20 10:00:00+00:00,angiang_longxuyen_bacgiang_bacgiangcity_backan_backancity,103.166016
2026-01-20 11:00:00+00:00,angiang_longxuyen_bacgiang_bacgiangcity_backan_backancity,102.162926
2026-01-20 12:00:00+00:00,angiang_longxuyen_bacgiang_bacgiangcity_backan_backancity,100.9399
2026-01-20 13:00:00+00:00,angiang_longxuyen_bacgiang_bacgiangcity_backan_backancity,98.804665
2026-01-20 14:00:00+00:00,angiang_longxuyen_bacgiang_bacgiangcity_backan_backancity,96.50232
2026-01-20 15:00:00+00:00,angiang_longxuyen_bacgiang_bacgiangcity_backan_backancity,95.493355
2026-01-20 16:00:00+00:00,angiang_longxuyen_bacgiang_bacgiangcity_backan_backancity,93.9663
2026-01-20 17:00:00+00:00,angiang_longxuyen_bacgiang_bacgiangcity_backan_backancity,92.28035
2026-01-20 18:00:00+00:00,angiang_longxuyen_bacgiang_bacgiangcity_backan_backancity,89.629074
2026-01-20 19:00:00+00:00,angiang_longxuyen_bacgiang_bacgiangcity_backan_backancity,85.61125
2026-01-20 20:00:00+00:00,angiang_longxuyen_bacgiang_bacgiangcity_backan_backancity,81.741196
2026-01-20 21:00:00+00:00,angiang_longxuyen_bacgiang_bacgiangcity_backan_backancity,80.4428
2026-01-20 22:00:00+00:00,angiang_longxuyen_bacgiang_bacgiangcity_backan_backancity,79.65202
2026-01-20 23:00:00+00:00,angiang_longxuyen_bacgiang_bacgiangcity_backan_backancity,78.980316
2026-01-21 00:00:00+00:00,angiang_longxuyen_bacgiang_bacgiangcity_backan_backancity,78.63625
2026-01-21 01:00:00+00:00,angiang_longxuyen_bacgiang_bacgiangcity_backan_backancity,78.24436
2026-01-21 02:00:00+00:00,angiang_longxuyen_bacgiang_bacgiangcity_backan_backancity,77.47577
2026-01-21 03:00:00+00:00,angiang_longxuyen_bacgiang_bacgiangcity_backan_backancity,78.84755
2026-01-21 04:00:00+00:00,angiang_longxuyen_bacgiang_bacgiangcity_backan_backancity,83.69462
2026-01-21 05:00:00+00:00,angiang_longxuyen_bacgiang_bacgiangcity_backan_backancity,90.084915
2026-01-21 06:00:00+00:00,angiang_longxuyen_bacgiang_bacgiangcity_backan_backancity,93.27013
2026-01-21 07:00:00+00:00,angiang_longxuyen_bacgiang_bacgiangcity_backan_backancity,93.16477
2026-01-21 08:00:00+00:00,angiang_longxuyen_bacgiang_bacgiangcity_backan_backancity,89.30276
2026-01-21 09:00:00+00:00,angiang_longxuyen_bacgiang_bacgiangcity_backan_backancity,86.051735
2026-01-21 10:00:00+00:00,angiang_longxuyen_bacgiang_bacgiangcity_backan_backancity,83.95697
2026-01-21 11:00:00+00:00,angiang_longxuyen_bacgiang_bacgiangcity_backan_backancity,84.39026
2026-01-21 12:00:00+00:00,angiang_longxuyen_bacgiang_bacgiangcity_backan_backancity,85.22059
2026-01-21 13:00:00+00:00,angiang_longxuyen_bacgiang_bacgiangcity_backan_backancity,85.48027
2026-01-21 14:00:00+00:00,angiang_longxuyen_bacgiang_bacgiangcity_backan_backancity,86.85635
2026-01-21 15:00:00+00:00,angiang_longxuyen_bacgiang_bacgiangcity_backan_backancity,87.06549
2026-01-21 16:00:00+00:00,angiang_longxuyen_bacgiang_bacgiangcity_backan_backancity,87.776596
2026-01-21 17:00:00+00:00,angiang_longxuyen_bacgiang_bacgiangcity_backan_backancity,88.66667
2026-01-21 18:00:00+00:00,angiang_longxuyen_bacgiang_bacgiangcity_backan_backancity,88.80386
2026-01-21 19:00:00+00:00,angiang_longxuyen_bacgiang_bacgiangcity_backan_backancity,89.607086
2026-01-21 20:00:00+00:00,angiang_longxuyen_bacgiang_bacgiangcity_backan_backancity,90.55275
2026-01-21 21:00:00+00:00,angiang_longxuyen_bacgiang_bacgiangcity_backan_backancity,90.96666
2026-01-21 22:00:00+00:00,angiang_longxuyen_bacgiang_bacgiangcity_backan_backancity,92.1116
2026-01-21 23:00:00+00:00,angiang_longxuyen_bacgiang_bacgiangcity_backan_backancity,92.780975
2026-01-22 00:00:00+00:00,angiang_longxuyen_bacgiang_bacgiangcity_backan_backancity,92.637955
2026-01-22 01:00:00+00:00,angiang_longxuyen_bacgiang_bacgiangcity_backan_backancity,91.90878
2026-01-22 02:00:00+00:00,angiang_longxuyen_bacgiang_bacgiangcity_backan_backancity,92.01305
2026-01-22 03:00:00+00:00,angiang_longxuyen_bacgiang_bacgiangcity_backan_backancity,92.47136
2026-01-22 04:00:00+00:00,angiang_longxuyen_bacgiang_bacgiangcity_backan_backancity,93.06375
2026-01-22 05:00:00+00:00,angiang_longxuyen_bacgiang_bacgiangcity_backan_backancity,93.75418
2026-01-22 06:00:00+00:00,angiang_longxuyen_bacgiang_bacgiangcity_backan_backancity,94.4214
2026-01-22 07:00:00+00:00,angiang_longxuyen_bacgiang_bacgiangcity_backan_backancity,94.51271
2026-01-22 08:00:00+00:00,angiang_longxuyen_bacgiang_bacgiangcity_backan_backancity,94.27182
2026-01-22 09:00:00+00:00,angiang_longxuyen_bacgiang_bacgiangcity_backan_backancity,94.82895
2026-01-22 10:00:00+00:00,angiang_longxuyen_bacgiang_bacgiangcity_backan_backancity,95.00578
2026-01-22 11:00:00+00:00,angiang_longxuyen_bacgiang_bacgiangcity_backan_backancity,95.20113
2026-01-22 12:00:00+00:00,angiang_longxuyen_bacgiang_bacgiangcity_backan_backancity,95.78296
2026-01-22 13:00:00+00:00,angiang_longxuyen_bacgiang_bacgiangcity_backan_backancity,97.51208
2026-01-22 14:00:00+00:00,angiang_longxuyen_bacgiang_bacgiangcity_backan_backancity,98.20657
2026-01-22 15:00:00+00:00,angiang_longxuyen_bacgiang_bacgiangcity_backan_backancity,99.69612
2026-01-22 16:00:00+00:00,angiang_longxuyen_bacgiang_bacgiangcity_backan_backancity,100.48703
2026-01-22 17:00:00+00:00,angiang_longxuyen_bacgiang_bacgiangcity_backan_backancity,102.14626
2026-01-22 18:00:00+00:00,angiang_longxuyen_bacgiang_bacgiangcity_backan_backancity,104.95801
2026-01-22 19:00:00+00:00,angiang_longxuyen_bacgiang_bacgiangcity_backan_backancity,108.547775
2026-01-22 20:00:00+00:00,angiang_longxuyen_bacgiang_bacgiangcity_backan_backancity,111.14007
2026-01-22 21:00:00+00:00,angiang_longxuyen_bacgiang_bacgiangcity_backan_backancity,111.97105
2026-01-22 22:00:00+00:00,angiang_longxuyen_bacgiang_bacgiangcity_backan_backancity,112.10972
2026-01-22 23:00:00+00:00,angiang_longxuyen_bacgiang_bacgiangcity_backan_backancity,113.26247
2026-01-23 00:00:00+00:00,angiang_longxuyen_bacgiang_bacgiangcity_backan_backancity,114.49118
2026-01-23 01:00:00+00:00,angiang_longxuyen_bacgiang_bacgiangcity_backan_backancity,114.77317
2026-01-23 02:00:00+00:00,angiang_longxuyen_bacgiang_bacgiangcity_backan_backancity,114.20653
2026-01-23 03:00:00+00:00,angiang_longxuyen_bacgiang_bacgiangcity_backan_backancity,114.709625
2026-01-23 04:00:00+00:00,angiang_longxuyen_bacgiang_bacgiangcity_backan_backancity,117.581474
2026-01-23 05:00:00+00:00,angiang_longxuyen_bacgiang_bacgiangcity_backan_backancity,118.964775
2026-01-23 06:00:00+00:00,angiang_longxuyen_bacgiang_bacgiangcity_backan_backancity,119.49322
2026-01-23 07:00:00+00:00,angiang_longxuyen_bacgiang_bacgiangcity_backan_backancity,120.20309
2026-01-23 08:00:00+00:00,angiang_longxuyen_bacgiang_bacgiangcity_backan_backancity,120.16624
2026-01-23 09:00:00+00:00,angiang_longxuyen_bacgiang_bacgiangcity_backan_backancity,120.32355
2026-01-23 10:00:00+00:00,angiang_longxuyen_bacgiang_bacgiangcity_backan_backancity,120.488335
2026-01-23 11:00:00+00:00,angiang_longxuyen_bacgiang_bacgiangcity_backan_backancity,120.793564
2026-01-23 12:00:00+00:00,angiang_longxuyen_bacgiang_bacgiangcity_backan_backancity,121.025185
2026-01-23 13:00:00+00:00,angiang_longxuyen_bacgiang_bacgiangcity_backan_backancity,120.87274
2026-01-23 14:00:00+00:00,angiang_longxuyen_bacgiang_bacgiangcity_backan_backancity,120.88819
2026-01-23 15:00:00+00:00,angiang_longxuyen_bacgiang_bacgiangcity_backan_backancity,119.64211
2026-01-23 16:00:00+00:00,angiang_longxuyen_bacgiang_bacgiangcity_backan_backancity,119.38931
2026-01-23 17:00:00+00:00,angiang_longxuyen_bacgiang_bacgiangcity_backan_backancity,119.36436
2026-01-23 18:00:00+00:00,angiang_longxuyen_bacgiang_bacgiangcity_backan_backancity,118.734276
2026-01-23 19:00:00+00:00,angiang_longxuyen_bacgiang_bacgiangcity_backan_backancity,116.58811
2026-01-23 20:00:00+00:00,angiang_longxuyen_bacgiang_bacgiangcity_backan_backancity,114.525795
2026-01-23 21:00:00+00:00,angiang_longxuyen_bacgiang_bacgiangcity_backan_backancity,112.66286
2026-01-23 22:00:00+00:00,angiang_longxuyen_bacgiang_bacgiangcity_backan_backancity,111.69923
2026-01-23 23:00:00+00:00,angiang_longxuyen_bacgiang_bacgiangcity_backan_backancity,109.40078
2026-01-24 00:00:00+00:00,angiang_longxuyen_bacgiang_bacgiangcity_backan_backancity,106.99225
2026-01-24 01:00:00+00:00,angiang_longxuyen_bacgiang_bacgiangcity_backan_backancity,103.74129
2026-01-24 02:00:00+00:00,angiang_longxuyen_bacgiang_bacgiangcity_backan_backancity,100.96989
2026-01-24 03:00:00+00:00,angiang_longxuyen_bacgiang_bacgiangcity_backan_backancity,98.06439
2026-01-24 04:00:00+00:00,angiang_longxuyen_bacgiang_bacgiangcity_backan_backancity,96.407906
2026-01-24 05:00:00+00:00,angiang_longxuyen_bacgiang_bacgiangcity_backan_backancity,94.57024
2026-01-24 06:00:00+00:00,angiang_longxuyen_bacgiang_bacgiangcity_backan_backancity,92.16655
2026-01-24 07:00:00+00:00,angiang_longxuyen_bacgiang_bacgiangcity_backan_backancity,90.03853
2026-01-24 08:00:00+00:00,angiang_longxuyen_bacgiang_bacgiangcity_backan_backancity,87.85554
2026-01-24 09:00:00+00:00,angiang_longxuyen_bacgiang_bacgiangcity_backan_backancity,85.77241
2026-01-24 10:00:00+00:00,angiang_longxuyen_bacgiang_bacgiangcity_backan_backancity,83.78395
2026-01-24 11:00:00+00:00,angiang_longxuyen_bacgiang_bacgiangcity_backan_backancity,80.91707
2026-01-24 12:00:00+00:00,angiang_longxuyen_bacgiang_bacgiangcity_backan_backancity,78.89628
2026-01-24 13:00:00+00:00,angiang_longxuyen_bacgiang_bacgiangcity_backan_backancity,76.78725
2026-01-24 14:00:00+00:00,angiang_longxuyen_bacgiang_bacgiangcity_backan_backancity,74.326294
2026-01-24 15:00:00+00:00,angiang_longxuyen_bacgiang_bacgiangcity_backan_backancity,70.898224
2026-01-24 16:00:00+00:00,angiang_longxuyen_bacgiang_bacgiangcity_backan_backancity,68.75033
2026-01-24 17:00:00+00:00,angiang_longxuyen_bacgiang_bacgiangcity_backan_backancity,66.29224
2026-01-24 18:00:00+00:00,angiang_longxuyen_bacgiang_bacgiangcity_backan_backancity,65.07477
2026-01-24 19:00:00+00:00,angiang_longxuyen_bacgiang_bacgiangcity_backan_backancity,63.264835
2026-01-24 20:00:00+00:00,angiang_longxuyen_bacgiang_bacgiangcity_backan_backancity,62.160255
2026-01-24 21:00:00+00:00,angiang_longxuyen_bacgiang_bacgiangcity_backan_backancity,61.57315
2026-01-24 22:00:00+00:00,angiang_longxuyen_bacgiang_bacgiangcity_backan_backancity,61.67196
2026-01-24 23:00:00+00:00,angiang_longxuyen_bacgiang_bacgiangcity_backan_backancity,60.905087
2026-01-25 00:00:00+00:00,angiang_longxuyen_bacgiang_bacgiangcity_backan_backancity,61.669487
2026-01-25 01:00:00+00:00,angiang_longxuyen_bacgiang_bacgiangcity_backan_backancity,62.39708
2026-01-25 02:00:00+00:00,angiang_longxuyen_bacgiang_bacgiangcity_backan_backancity,63.941696
2026-01-25 03:00:00+00:00,angiang_longxuyen_bacgiang_bacgiangcity_backan_backancity,68.363106
2026-01-25 04:00:00+00:00,angiang_longxuyen_bacgiang_bacgiangcity_backan_backancity,78.30056
2026-01-25 05:00:00+00:00,angiang_longxuyen_bacgiang_bacgiangcity_backan_backancity,89.397
2026-01-25 06:00:00+00:00,angiang_longxuyen_bacgiang_bacgiangcity_backan_backancity,91.44095
2026-01-25 07:00:00+00:00,angiang_longxuyen_bacgiang_bacgiangcity_backan_backancity,90.95702
2026-01-25 08:00:00+00:00,angiang_longxuyen_bacgiang_bacgiangcity_backan_backancity,89.17279
2026-01-25 09:00:00+00:00,angiang_longxuyen_bacgiang_bacgiangcity_backan_backancity,88.232895
2026-01-25 10:00:00+00:00,angiang_longxuyen_bacgiang_bacgiangcity_backan_backancity,91.05695
2026-01-25 11:00:00+00:00,angiang_longxuyen_bacgiang_bacgiangcity_backan_backancity,96.30786
2026-01-25 12:00:00+00:00,angiang_longxuyen_bacgiang_bacgiangcity_backan_backancity,102.10471
2026-01-25 13:00:00+00:00,angiang_longxuyen_bacgiang_bacgiangcity_backan_backancity,106.45098
2026-01-25 14:00:00+00:00,angiang_longxuyen_bacgiang_bacgiangcity_backan_backancity,108.6082
2026-01-25 15:00:00+00:00,angiang_longxuyen_bacgiang_bacgiangcity_backan_backancity,110.22075
2026-01-25 16:00:00+00:00,angiang_longxuyen_bacgiang_bacgiangcity_backan_backancity,111.99034
2026-01-25 17:00:00+00:00,angiang_longxuyen_bacgiang_bacgiangcity_backan_backancity,113.04603
2026-01-25 18:00:00+00:00,angiang_longxuyen_bacgiang_bacgiangcity_backan_backancity,112.76697
2026-01-25 19:00:00+00:00,angiang_longxuyen_bacgiang_bacgiangcity_backan_backancity,112.43885
2026-01-25 20:00:00+00:00,angiang_longxuyen_bacgiang_bacgiangcity_backan_backancity,111.3591
2026-01-25 21:00:00+00:00,angiang_longxuyen_bacgiang_bacgiangcity_backan_backancity,109.97293
2026-01-25 22:00:00+00:00,angiang_longxuyen_bacgiang_bacgiangcity_backan_backancity,108.340355
2026-01-25 23:00:00+00:00,angiang_longxuyen_bacgiang_bacgiangcity_backan_backancity,107.154564
2026-01-26 00:00:00+00:00,angiang_longxuyen_bacgiang_bacgiangcity_backan_backancity,104.70865
2026-01-26 01:00:00+00:00,angiang_longxuyen_bacgiang_bacgiangcity_backan_backancity,103.22359
2026-01-26 02:00:00+00:00,angiang_longxuyen_bacgiang_bacgiangcity_backan_backancity,101.05493
2026-01-26 03:00:00+00:00,angiang_longxuyen_bacgiang_bacgiangcity_backan_backancity,99.16571
2026-01-26 04:00:00+00:00,angiang_longxuyen_bacgiang_bacgiangcity_backan_backancity,97.122696
2026-01-26 05:00:00+00:00,angiang_longxuyen_bacgiang_bacgiangcity_backan_backancity,96.00342
2026-01-26 06:00:00+00:00,angiang_longxuyen_bacgiang_bacgiangcity_backan_backancity,93.687164
2026-01-26 07:00:00+00:00,angiang_longxuyen_bacgiang_bacgiangcity_backan_backancity,91.68634
2026-01-26 08:00:00+00:00,angiang_longxuyen_bacgiang_bacgiangcity_backan_backancity,88.361755
2026-01-26 09:00:00+00:00,angiang_longxuyen_bacgiang_bacgiangcity_backan_backancity,84.75566
2026-01-26 10:00:00+00:00,angiang_longxuyen_bacgiang_bacgiangcity_backan_backancity,80.022964
2026-01-26 11:00:00+00:00,angiang_longxuyen_bacgiang_bacgiangcity_backan_backancity,75.642166
2026-01-26 12:00:00+00:00,angiang_longxuyen_bacgiang_bacgiangcity_backan_backancity,71.553986
2026-01-26 13:00:00+00:00,angiang_longxuyen_bacgiang_bacgiangcity_backan_backancity,68.027084
2026-01-26 14:00:00+00:00,angiang_longxuyen_bacgiang_bacgiangcity_backan_backancity,65.362045
2026-01-26 15:00:00+00:00,angiang_longxuyen_bacgiang_bacgiangcity_backan_backancity,63.26102
2026-01-26 16:00:00+00:00,angiang_longxuyen_bacgiang_bacgiangcity_backan_backancity,61.768665
2026-01-26 17:00:00+00:00,angiang_longxuyen_bacgiang_bacgiangcity_backan_backancity,60.79101
2026-01-26 18:00:00+00:00,angiang_longxuyen_bacgiang_bacgiangcity_backan_backancity,60.6109
2026-01-26 19:00:00+00:00,angiang_longxuyen_bacgiang_bacgiangcity_backan_backancity,60.310513
2026-01-26 20:00:00+00:00,angiang_longxuyen_bacgiang_bacgiangcity_backan_backancity,60.20803
2026-01-26 21:00:00+00:00,angiang_longxuyen_bacgiang_bacgiangcity_backan_backancity,60.05779
2026-01-26 22:00:00+00:00,angiang_longxuyen_bacgiang_bacgiangcity_backan_backancity,60.37506
2026-01-26 23:00:00+00:00,angiang_longxuyen_bacgiang_bacgiangcity_backan_backancity,60.60608
2026-01-27 00:00:00+00:00,angiang_longxuyen_bacgiang_bacgiangcity_backan_backancity,61.23626
2026-01-27 01:00:00+00:00,angiang_longxuyen_bacgiang_bacgiangcity_backan_backancity,61.336582
2026-01-27 02:00:00+00:00,angiang_longxuyen_bacgiang_bacgiangcity_backan_backancity,61.855103
2026-01-27 03:00:00+00:00,angiang_longxuyen_bacgiang_bacgiangcity_backan_backancity,61.722378
2026-01-27 04:00:00+00:00,angiang_longxuyen_bacgiang_bacgiangcity_backan_backancity,62.151356
2026-01-27 05:00:00+00:00,angiang_longxuyen_bacgiang_bacgiangcity_backan_backancity,62.577106
2026-01-27 06:00:00+00:00,angiang_longxuyen_bacgiang_bacgiangcity_backan_backancity,64.27383
2026-01-27 07:00:00+00:00,angiang_longxuyen_bacgiang_bacgiangcity_backan_backancity,64.85809
2026-01-27 08:00:00+00:00,angiang_longxuyen_bacgiang_bacgiangcity_backan_backancity,65.3364
2026-01-27 09:00:00+00:00,angiang_longxuyen_bacgiang_bacgiangcity_backan_backancity,65.99397
2026-01-27 10:00:00+00:00,angiang_longxuyen_bacgiang_bacgiangcity_backan_backancity,67.27722
2026-01-27 11:00:00+00:00,angiang_longxuyen_bacgiang_bacgiangcity_backan_backancity,66.86686
2026-01-27 12:00:00+00:00,angiang_longxuyen_bacgiang_bacgiangcity_backan_backancity,67.06749
2026-01-27 13:00:00+00:00,angiang_longxuyen_bacgiang_bacgiangcity_backan_backancity,66.8799
2026-01-27 14:00:00+00:00,angiang_longxuyen_bacgiang_bacgiangcity_backan_backancity,66.63331
2026-01-27 15:00:00+00:00,angiang_longxuyen_bacgiang_bacgiangcity_backan_backancity,67.01663
2026-01-27 16:00:00+00:00,angiang_longxuyen_bacgiang_bacgiangcity_backan_backancity,67.45438
2026-01-27 17:00:00+00:00,angiang_longxuyen_bacgiang_bacgiangcity_backan_backancity,67.90898
2026-01-27 18:00:00+00:00,angiang_longxuyen_bacgiang_bacgiangcity_backan_backancity,69.24556
2026-01-27 19:00:00+00:00,angiang_longxuyen_bacgiang_bacgiangcity_backan_backancity,69.8891
2026-01-27 20:00:00+00:00,angiang_longxuyen_bacgiang_bacgiangcity_backan_backancity,70.96792
2026-01-27 21:00:00+00:00,angiang_longxuyen_bacgiang_bacgiangcity_backan_backancity,71.41907
2026-01-27 22:00:00+00:00,angiang_longxuyen_bacgiang_bacgiangcity_backan_backancity,71.14012
2026-01-27 23:00:00+00:00,angiang_longxuyen_bacgiang_bacgiangcity_backan_backancity,71.063995
2026-01-28 00:00:00+00:00,angiang_longxuyen_bacgiang_bacgiangcity_backan_backancity,71.86502
2026-01-28 01:00:00+00:00,angiang_longxuyen_bacgiang_bacgiangcity_backan_backancity,72.17818
2026-01-28 02:00:00+00:00,angiang_longxuyen_bacgiang_bacgiangcity_backan_backancity,72.192
2026-01-28 03:00:00+00:00,angiang_longxuyen_bacgiang_bacgiangcity_backan_backancity,72.575714
2026-01-28 04:00:00+00:00,angiang_longxuyen_bacgiang_bacgiangcity_backan_backancity,72.599
2026-01-28 05:00:00+00:00,angiang_longxuyen_bacgiang_bacgiangcity_backan_backancity,72.58058
2026-01-28 06:00:00+00:00,angiang_longxuyen_bacgiang_bacgiangcity_backan_backancity,73.79585
2026-01-28 07:00:00+00:00,angiang_longxuyen_bacgiang_bacgiangcity_backan_backancity,74.596245
2026-01-28 08:00:00+00:00,angiang_longxuyen_bacgiang_bacgiangcity_backan_backancity,74.192726
2026-01-28 09:00:00+00:00,angiang_longxuyen_bacgiang_bacgiangcity_backan_backancity,74.227844
2026-01-28 10:00:00+00:00,angiang_longxuyen_bacgiang_bacgiangcity_backan_backancity,73.71544
2026-01-28 11:00:00+00:00,angiang_longxuyen_bacgiang_bacgiangcity_backan_backancity,73.03971
2026-01-28 12:00:00+00:00,angiang_longxuyen_bacgiang_bacgiangcity_backan_backancity,72.397354
2026-01-28 13:00:00+00:00,angiang_longxuyen_bacgiang_bacgiangcity_backan_backancity,71.9377
2026-01-28 14:00:00+00:00,angiang_longxuyen_bacgiang_bacgiangcity_backan_backancity,71.172165
2026-01-28 15:00:00+00:00,angiang_longxuyen_bacgiang_bacgiangcity_backan_backancity,69.465805
2026-01-28 16:00:00+00:00,angiang_longxuyen_bacgiang_bacgiangcity_backan_backancity,68.69167
2026-01-28 17:00:00+00:00,angiang_longxuyen_bacgiang_bacgiangcity_backan_backancity,67.55028
2026-01-28 18:00:00+00:00,angiang_longxuyen_bacgiang_bacgiangcity_backan_backancity,66.12303
2026-01-28 19:00:00+00:00,angiang_longxuyen_bacgiang_bacgiangcity_backan_backancity,65.11451
2026-01-28 20:00:00+00:00,angiang_longxuyen_bacgiang_bacgiangcity_backan_backancity,63.754776
2026-01-28 21:00:00+00:00,angiang_longxuyen_bacgiang_bacgiangcity_backan_backancity,62.921734
2026-01-28 22:00:00+00:00,angiang_longxuyen_bacgiang_bacgiangcity_backan_backancity,62.067924
2026-01-28 23:00:00+00:00,angiang_longxuyen_bacgiang_bacgiangcity_backan_backancity,61.4629
2026-01-29 00:00:00+00:00,angiang_longxuyen_bacgiang_bacgiangcity_backan_backancity,60.602776
2026-01-29 01:00:00+00:00,angiang_longxuyen_bacgiang_bacgiangcity_backan_backancity,59.929413
2026-01-29 02:00:00+00:00,angiang_longxuyen_bacgiang_bacgiangcity_backan_backancity,59.26403
2026-01-29 03:00:00+00:00,angiang_longxuyen_bacgiang_bacgiangcity_backan_backancity,58.190094
2026-01-29 04:00:00+00:00,angiang_longxuyen_bacgiang_bacgiangcity_backan_backancity,58.41994
2026-01-29 05:00:00+00:00,angiang_longxuyen_bacgiang_bacgiangcity_backan_backancity,58.228043
2026-01-29 06:00:00+00:00,angiang_longxuyen_bacgiang_bacgiangcity_backan_backancity,58.080494
2026-01-29 07:00:00+00:00,angiang_longxuyen_bacgiang_bacgiangcity_backan_backancity,57.16328
2026-01-29 08:00:00+00:00,angiang_longxuyen_bacgiang_bacgiangcity_backan_backancity,56.83835
2026-01-29 09:00:00+00:00,angiang_longxuyen_bacgiang_bacgiangcity_backan_backancity,55.859776
2026-01-29 10:00:00+00:00,angiang_longxuyen_bacgiang_bacgiangcity_backan_backancity,54.931557
2026-01-29 11:00:00+00:00,angiang_longxuyen_bacgiang_bacgiangcity_backan_backancity,53.575363
2026-01-29 12:00:00+00:00,angiang_longxuyen_bacgiang_bacgiangcity_backan_backancity,51.944496
2026-01-29 13:00:00+00:00,angiang_longxuyen_bacgiang_bacgiangcity_backan_backancity,50.123898
2026-01-29 14:00:00+00:00,angiang_longxuyen_bacgiang_bacgiangcity_backan_backancity,48.17325
2026-01-29 15:00:00+00:00,angiang_longxuyen_bacgiang_bacgiangcity_backan_backancity,46.185715
2026-01-29 16:00:00+00:00,angiang_longxuyen_bacgiang_bacgiangcity_backan_backancity,44.953247
2026-01-29 17:00:00+00:00,angiang_longxuyen_bacgiang_bacgiangcity_backan_backancity,43.76847
2026-01-29 18:00:00+00:00,angiang_longxuyen_bacgiang_bacgiangcity_backan_backancity,43.249634
2026-01-29 19:00:00+00:00,angiang_longxuyen_bacgiang_bacgiangcity_backan_backancity,42.803383
2026-01-29 20:00:00+00:00,angiang_longxuyen_bacgiang_bacgiangcity_backan_backancity,42.13656
2026-01-29 21:00:00+00:00,angiang_longxuyen_bacgiang_bacgiangcity_backan_backancity,42.02333
2026-01-29 22:00:00+00:00,angiang_longxuyen_bacgiang_bacgiangcity_backan_backancity,41.981476
2026-01-29 23:00:00+00:00,angiang_longxuyen_bacgiang_bacgiangcity_backan_backancity,41.97225
2026-01-30 00:00:00+00:00,angiang_longxuyen_bacgiang_bacgiangcity_backan_backancity,41.96534
2026-01-30 01:00:00+00:00,angiang_longxuyen_bacgiang_bacgiangcity_backan_backancity,42.309166
2026-01-30 02:00:00+00:00,angiang_longxuyen_bacgiang_bacgiangcity_backan_backancity,42.759483
2026-01-30 03:00:00+00:00,angiang_longxuyen_bacgiang_bacgiangcity_backan_backancity,42.98581
2026-01-30 04:00:00+00:00,angiang_longxuyen_bacgiang_bacgiangcity_backan_backancity,43.221054
2026-01-30 05:00:00+00:00,angiang_longxuyen_bacgiang_bacgiangcity_backan_backancity,43.38011
2026-01-30 06:00:00+00:00,angiang_longxuyen_bacgiang_bacgiangcity_backan_backancity,43.48555
2026-01-30 07:00:00+00:00,angiang_longxuyen_bacgiang_bacgiangcity_backan_backancity,43.12645
2026-01-30 08:00:00+00:00,angiang_longxuyen_bacgiang_bacgiangcity_backan_backancity,42.89174
2026-01-30 09:00:00+00:00,angiang_longxuyen_bacgiang_bacgiangcity_backan_backancity,42.555183
2026-01-30 10:00:00+00:00,angiang_longxuyen_bacgiang_bacgiangcity_backan_backancity,42.26323
2026-01-30 11:00:00+00:00,angiang_longxuyen_bacgiang_bacgiangcity_backan_backancity,41.855804
2026-01-30 12:00:00+00:00,angiang_longxuyen_bacgiang_bacgiangcity_backan_backancity,41.887497
2026-01-30 13:00:00+00:00,angiang_longxuyen_bacgiang_bacgiangcity_backan_backancity,41.8405
2026-01-30 14:00:00+00:00,angiang_longxuyen_bacgiang_bacgiangcity_backan_backancity,41.881615
2026-01-30 15:00:00+00:00,angiang_longxuyen_bacgiang_bacgiangcity_backan_backancity,41.978493
2026-01-30 16:00:00+00:00,angiang_longxuyen_bacgiang_bacgiangcity_backan_backancity,42.525658
2026-01-30 17:00:00+00:00,angiang_longxuyen_bacgiang_bacgiangcity_backan_backancity,42.959312
2026-01-30 18:00:00+00:00,angiang_longxuyen_bacgiang_bacgiangcity_backan_backancity,43.67093
2026-01-30 19:00:00+00:00,angiang_longxuyen_bacgiang_bacgiangcity_backan_backancity,44.511482
2026-01-30 20:00:00+00:00,angiang_longxuyen_bacgiang_bacgiangcity_backan_backancity,44.969566
2026-01-30 21:00:00+00:00,angiang_longxuyen_bacgiang_bacgiangcity_backan_backancity,45.781532
2026-01-30 22:00:00+00:00,angiang_longxuyen_bacgiang_bacgiangcity_backan_backancity,46.267715
2026-01-30 23:00:00+00:00,angiang_longxuyen_bacgiang_bacgiangcity_backan_backancity,46.886734
2026-01-31 00:00:00+00:00,angiang_longxuyen_bacgiang_bacgiangcity_backan_backancity,47.408257
2026-01-31 01:00:00+00:00,angiang_longxuyen_bacgiang_bacgiangcity_backan_backancity,48.065437
2026-01-31 02:00:00+00:00,angiang_longxuyen_bacgiang_bacgiangcity_backan_backancity,48.88542
2026-01-31 03:00:00+00:00,angiang_longxuyen_bacgiang_bacgiangcity_backan_backancity,49.48953
2026-01-31 04:00:00+00:00,angiang_longxuyen_bacgiang_bacgiangcity_backan_backancity,50.45589
2026-01-31 05:00:00+00:00,angiang_longxuyen_bacgiang_bacgiangcity_backan_backancity,51.722095
2026-01-31 06:00:00+00:00,angiang_longxuyen_bacgiang_bacgiangcity_backan_backancity,51.520832
2026-01-31 07:00:00+00:00,angiang_longxuyen_bacgiang_bacgiangcity_backan_backancity,51.619156
2026-01-31 08:00:00+00:00,angiang_longxuyen_bacgiang_bacgiangcity_backan_backancity,50.923954
2026-01-31 09:00:00+00:00,angiang_longxuyen_bacgiang_bacgiangcity_backan_backancity,50.362476
2026-01-31 10:00:00+00:00,angiang_longxuyen_bacgiang_bacgiangcity_backan_backancity,49.93452
2026-01-31 11:00:00+00:00,angiang_longxuyen_bacgiang_bacgiangcity_backan_backancity,49.334072
2026-01-31 12:00:00+00:00,angiang_longxuyen_bacgiang_bacgiangcity_backan_backancity,48.726448
2026-01-31 13:00:00+00:00,angiang_longxuyen_bacgiang_bacgiangcity_backan_backancity,48.152054
2026-01-31 14:00:00+00:00,angiang_longxuyen_bacgiang_bacgiangcity_backan_backancity,48.00791
2026-01-31 15:00:00+00:00,angiang_longxuyen_bacgiang_bacgiangcity_backan_backancity,47.699028
2026-01-31 16:00:00+00:00,angiang_longxuyen_bacgiang_bacgiangcity_backan_backancity,47.422585
2026-01-31 17:00:00+00:00,angiang_longxuyen_bacgiang_bacgiangcity_backan_backancity,47.43158
2026-01-31 18:00:00+00:00,angiang_longxuyen_bacgiang_bacgiangcity_backan_backancity,47.242416
2026-01-31 19:00:00+00:00,angiang_longxuyen_bacgiang_bacgiangcity_backan_backancity,46.929802
2026-01-31 20:00:00+00:00,angiang_longxuyen_bacgiang_bacgiangcity_backan_backancity,46.737297
2026-01-31 21:00:00+00:00,angiang_longxuyen_bacgiang_bacgiangcity_backan_backancity,46.7762
2026-01-31 22:00:00+00:00,angiang_longxuyen_bacgiang_bacgiangcity_backan_backancity,46.48442
2026-01-31 23:00:00+00:00,angiang_longxuyen_bacgiang_bacgiangcity_backan_backancity,46.49135
2026-02-01 00:00:00+00:00,angiang_longxuyen_bacgiang_bacgiangcity_backan_backancity,46.577934
2026-02-01 01:00:00+00:00,angiang_longxuyen_bacgiang_bacgiangcity_backan_backancity,46.72808
2026-02-01 02:00:00+00:00,angiang_longxuyen_bacgiang_bacgiangcity_backan_backancity,46.369713
2026-02-01 03:00:00+00:00,angiang_longxuyen_bacgiang_bacgiangcity_backan_backancity,46.51445
2026-02-01 04:00:00+00:00,angiang_longxuyen_bacgiang_bacgiangcity_backan_backancity,46.73095
2026-02-01 05:00:00+00:00,angiang_longxuyen_bacgiang_bacgiangcity_backan_backancity,47.513947
2026-02-01 06:00:00+00:00,angiang_longxuyen_bacgiang_bacgiangcity_backan_backancity,47.100395
2026-02-01 07:00:00+00:00,angiang_longxuyen_bacgiang_bacgiangcity_backan_backancity,46.97699
2026-02-01 08:00:00+00:00,angiang_longxuyen_bacgiang_bacgiangcity_backan_backancity,46.497894
2026-02-01 09:00:00+00:00,angiang_longxuyen_bacgiang_bacgiangcity_backan_backancity,46.15719
2026-02-01 10:00:00+00:00,angiang_longxuyen_bacgiang_bacgiangcity_backan_backancity,45.829033
2026-02-01 11:00:00+00:00,angiang_longxuyen_bacgiang_bacgiangcity_backan_backancity,45.81887
2026-02-01 12:00:00+00:00,angiang_longxuyen_bacgiang_bacgiangcity_backan_backancity,45.819107
2026-02-01 13:00:00+00:00,angiang_longxuyen_bacgiang_bacgiangcity_backan_backancity,45.69258
2026-02-01 14:00:00+00:00,angiang_longxuyen_bacgiang_bacgiangcity_backan_backancity,45.892326
2026-02-01 15:00:00+00:00,angiang_longxuyen_bacgiang_bacgiangcity_backan_backancity,45.86441
2026-02-01 16:00:00+00:00,angiang_longxuyen_bacgiang_bacgiangcity_backan_backancity,46.265144
2026-02-01 17:00:00+00:00,angiang_longxuyen_bacgiang_bacgiangcity_backan_backancity,46.64131
2026-02-01 18:00:00+00:00,angiang_longxuyen_bacgiang_bacgiangcity_backan_backancity,46.936684
2026-02-01 19:00:00+00:00,angiang_longxuyen_bacgiang_bacgiangcity_backan_backancity,47.04048
2026-02-01 20:00:00+00:00,angiang_longxuyen_bacgiang_bacgiangcity_backan_backancity,47.242287
2026-02-01 21:00:00+00:00,angiang_longxuyen_bacgiang_bacgiangcity_backan_backancity,47.211227
2026-02-01 22:00:00+00:00,angiang_longxuyen_bacgiang_bacgiangcity_backan_backancity,47.19137
2026-02-01 23:00:00+00:00,angiang_longxuyen_bacgiang_bacgiangcity_backan_backancity,47.139107
2026-02-02 00:00:00+00:00,angiang_longxuyen_bacgiang_bacgiangcity_backan_backancity,47.029816
2026-02-02 01:00:00+00:00,angiang_longxuyen_bacgiang_bacgiangcity_backan_backancity,48.00009
2026-02-02 02:00:00+00:00,angiang_longxuyen_bacgiang_bacgiangcity_backan_backancity,48.574966
2026-02-02 03:00:00+00:00,angiang_longxuyen_bacgiang_bacgiangcity_backan_backancity,49.470383
2026-02-02 04:00:00+00:00,angiang_longxuyen_bacgiang_bacgiangcity_backan_backancity,50.12756
2026-02-02 05:00:00+00:00,angiang_longxuyen_bacgiang_bacgiangcity_backan_backancity,51.313156
2026-02-02 06:00:00+00:00,angiang_longxuyen_bacgiang_bacgiangcity_backan_backancity,52.4631
2026-02-02 07:00:00+00:00,angiang_longxuyen_bacgiang_bacgiangcity_backan_backancity,52.83939
2026-02-02 08:00:00+00:00,angiang_longxuyen_bacgiang_bacgiangcity_backan_backancity,52.50493
2026-02-02 09:00:00+00:00,angiang_longxuyen_bacgiang_bacgiangcity_backan_backancity,53.034916
2026-02-02 10:00:00+00:00,angiang_longxuyen_bacgiang_bacgiangcity_backan_backancity,53.402203
2026-02-02 11:00:00+00:00,angiang_longxuyen_bacgiang_bacgiangcity_backan_backancity,53.463818
2026-02-02 12:00:00+00:00,angiang_longxuyen_bacgiang_bacgiangcity_backan_backancity,53.258366
2026-02-02 13:00:00+00:00,angiang_longxuyen_bacgiang_bacgiangcity_backan_backancity,53.55929
2026-02-02 14:00:00+00:00,angiang_longxuyen_bacgiang_bacgiangcity_backan_backancity,54.214394
2026-02-02 15:00:00+00:00,angiang_longxuyen_bacgiang_bacgiangcity_backan_backancity,54.32003
2026-02-02 16:00:00+00:00,angiang_longxuyen_bacgiang_bacgiangcity_backan_backancity,54.588066
2026-02-02 17:00:00+00:00,angiang_longxuyen_bacgiang_bacgiangcity_backan_backancity,55.389538
2026-02-02 18:00:00+00:00,angiang_longxuyen_bacgiang_bacgiangcity_backan_backancity,55.97391
2026-02-02 19:00:00+00:00,angiang_longxuyen_bacgiang_bacgiangcity_backan_backancity,56.274044
2026-02-02 20:00:00+00:00,angiang_longxuyen_bacgiang_bacgiangcity_backan_backancity,56.43604
2026-02-02 21:00:00+00:00,angiang_longxuyen_bacgiang_bacgiangcity_backan_backancity,56.580173
2026-02-02 22:00:00+00:00,angiang_longxuyen_bacgiang_bacgiangcity_backan_backancity,56.759567
2026-02-02 23:00:00+00:00,angiang_longxuyen_bacgiang_bacgiangcity_backan_backancity,56.75285
2026-02-03 00:00:00+00:00,angiang_longxuyen_bacgiang_bacgiangcity_backan_backancity,57.607365
2026-02-03 01:00:00+00:00,angiang_longxuyen_bacgiang_bacgiangcity_backan_backancity,57.552685
2026-02-03 02:00:00+00:00,angiang_longxuyen_bacgiang_bacgiangcity_backan_backancity,58.38661
2026-02-03 03:00:00+00:00,angiang_longxuyen_bacgiang_bacgiangcity_backan_backancity,59.273026
2026-02-03 04:00:00+00:00,angiang_longxuyen_bacgiang_bacgiangcity_backan_backancity,62.601048
2026-02-03 05:00:00+00:00,angiang_longxuyen_bacgiang_bacgiangcity_backan_backancity,66.097946
2026-02-03 06:00:00+00:00,angiang_longxuyen_bacgiang_bacgiangcity_backan_backancity,67.121124
2026-02-03 07:00:00+00:00,angiang_longxuyen_bacgiang_bacgiangcity_backan_backancity,66.902504
2026-02-03 08:00:00+00:00,angiang_longxuyen_bacgiang_bacgiangcity_backan_backancity,66.03972
2026-02-03 09:00:00+00:00,angiang_longxuyen_bacgiang_bacgiangcity_backan_backancity,66.32189
2026-02-03 10:00:00+00:00,angiang_longxuyen_bacgiang_bacgiangcity_backan_backancity,68.05218
2026-02-03 11:00:00+00:00,angiang_longxuyen_bacgiang_bacgiangcity_backan_backancity,69.48068
2026-02-03 12:00:00+00:00,angiang_longxuyen_bacgiang_bacgiangcity_backan_backancity,71.631096
2026-02-03 13:00:00+00:00,angiang_longxuyen_bacgiang_bacgiangcity_backan_backancity,72.61431
2026-02-03 14:00:00+00:00,angiang_longxuyen_bacgiang_bacgiangcity_backan_backancity,72.900696
2026-02-03 15:00:00+00:00,angiang_longxuyen_bacgiang_bacgiangcity_backan_backancity,72.91861
2026-02-03 16:00:00+00:00,angiang_longxuyen_bacgiang_bacgiangcity_backan_backancity,72.78035
2026-02-03 17:00:00+00:00,angiang_longxuyen_bacgiang_bacgiangcity_backan_backancity,73.08936
2026-02-03 18:00:00+00:00,angiang_longxuyen_bacgiang_bacgiangcity_backan_backancity,73.05481
2026-02-03 19:00:00+00:00,angiang_longxuyen_bacgiang_bacgiangcity_backan_backancity,73.15105
2026-02-03 20:00:00+00:00,angiang_longxuyen_bacgiang_bacgiangcity_backan_backancity,73.302505
2026-02-03 21:00:00+00:00,angiang_longxuyen_bacgiang_bacgiangcity_backan_backancity,73.45588
2026-02-03 22:00:00+00:00,angiang_longxuyen_bacgiang_bacgiangcity_backan_backancity,73.55513
2026-02-03 23:00:00+00:00,angiang_longxuyen_bacgiang_bacgiangcity_backan_backancity,73.28392
2026-02-04 00:00:00+00:00,angiang_longxuyen_bacgiang_bacgiangcity_backan_backancity,73.26263
2026-02-04 01:00:00+00:00,angiang_longxuyen_bacgiang_bacgiangcity_backan_backancity,73.15906
2026-02-04 02:00:00+00:00,angiang_longxuyen_bacgiang_bacgiangcity_backan_backancity,72.317474
2026-02-04 03:00:00+00:00,angiang_longxuyen_bacgiang_bacgiangcity_backan_backancity,71.31714
2026-02-04 04:00:00+00:00,angiang_longxuyen_bacgiang_bacgiangcity_backan_backancity,71.28482
2026-02-04 05:00:00+00:00,angiang_longxuyen_bacgiang_bacgiangcity_backan_backancity,70.99218
2026-02-04 06:00:00+00:00,angiang_longxuyen_bacgiang_bacgiangcity_backan_backancity,69.77431
2026-02-04 07:00:00+00:00,angiang_longxuyen_bacgiang_bacgiangcity_backan_backancity,68.22839
2026-02-04 08:00:00+00:00,angiang_longxuyen_bacgiang_bacgiangcity_backan_backancity,66.83441
2026-02-04 09:00:00+00:00,angiang_longxuyen_bacgiang_bacgiangcity_backan_backancity,65.90344
2026-02-04 10:00:00+00:00,angiang_longxuyen_bacgiang_bacgiangcity_backan_backancity,65.05406
2026-02-04 11:00:00+00:00,angiang_longxuyen_bacgiang_bacgiangcity_backan_backancity,64.42012
2026-02-04 12:00:00+00:00,angiang_longxuyen_bacgiang_bacgiangcity_backan_backancity,62.775467
2026-02-04 13:00:00+00:00,angiang_longxuyen_bacgiang_bacgiangcity_backan_backancity,61.441597
2026-02-04 14:00:00+00:00,angiang_longxuyen_bacgiang_bacgiangcity_backan_backancity,59.711353
2026-02-04 15:00:00+00:00,angiang_longxuyen_bacgiang_bacgiangcity_backan_backancity,58.39489
2026-02-04 16:00:00+00:00,angiang_longxuyen_bacgiang_bacgiangcity_backan_backancity,57.74597
2026-02-04 17:00:00+00:00,angiang_longxuyen_bacgiang_bacgiangcity_backan_backancity,57.859867
2026-02-04 18:00:00+00:00,angiang_longxuyen_bacgiang_bacgiangcity_backan_backancity,58.144222
2026-02-04 19:00:00+00:00,angiang_longxuyen_bacgiang_bacgiangcity_backan_backancity,58.267056
2026-02-04 20:00:00+00:00,angiang_longxuyen_bacgiang_bacgiangcity_backan_backancity,58.03209
2026-02-04 21:00:00+00:00,angiang_longxuyen_bacgiang_bacgiangcity_backan_backancity,58.137592
2026-02-04 22:00:00+00:00,angiang_longxuyen_bacgiang_bacgiangcity_backan_backancity,58.746536
2026-02-04 23:00:00+00:00,angiang_longxuyen_bacgiang_bacgiangcity_backan_backancity,58.60849
2026-02-05 00:00:00+00:00,angiang_longxuyen_bacgiang_bacgiangcity_backan_backancity,59.024487
2026-02-05 01:00:00+00:00,angiang_longxuyen_bacgiang_bacgiangcity_backan_backancity,59.037994
2026-02-05 02:00:00+00:00,angiang_longxuyen_bacgiang_bacgiangcity_backan_backancity,59.590946
2026-02-05 03:00:00+00:00,angiang_longxuyen_bacgiang_bacgiangcity_backan_backancity,59.561325
2026-02-05 04:00:00+00:00,angiang_longxuyen_bacgiang_bacgiangcity_backan_backancity,60.205627
2026-02-05 05:00:00+00:00,angiang_longxuyen_bacgiang_bacgiangcity_backan_backancity,60.3192
2026-02-05 06:00:00+00:00,angiang_longxuyen_bacgiang_bacgiangcity_backan_backancity,59.861526
2026-02-05 07:00:00+00:00,angiang_longxuyen_bacgiang_bacgiangcity_backan_backancity,60.142544
2026-02-05 08:00:00+00:00,angiang_longxuyen_bacgiang_bacgiangcity_backan_backancity,60.073723
2026-02-05 09:00:00+00:00,angiang_longxuyen_bacgiang_bacgiangcity_backan_backancity,59.885773
2026-02-05 10:00:00+00:00,angiang_longxuyen_bacgiang_bacgiangcity_backan_backancity,59.7053
2026-02-05 11:00:00+00:00,angiang_longxuyen_bacgiang_bacgiangcity_backan_backancity,59.35213
2026-02-05 12:00:00+00:00,angiang_longxuyen_bacgiang_bacgiangcity_backan_backancity,58.763878
2026-02-05 13:00:00+00:00,angiang_longxuyen_bacgiang_bacgiangcity_backan_backancity,58.733498
2026-02-05 14:00:00+00:00,angiang_longxuyen_bacgiang_bacgiangcity_backan_backancity,58.579895
2026-02-05 15:00:00+00:00,angiang_longxuyen_bacgiang_bacgiangcity_backan_backancity,58.13943
2026-02-05 16:00:00+00:00,angiang_longxuyen_bacgiang_bacgiangcity_backan_backancity,58.10144
2026-02-05 17:00:00+00:00,angiang_longxuyen_bacgiang_bacgiangcity_backan_backancity,57.68739
2026-02-05 18:00:00+00:00,angiang_longxuyen_bacgiang_bacgiangcity_backan_backancity,58.03042
2026-02-05 19:00:00+00:00,angiang_longxuyen_bacgiang_bacgiangcity_backan_backancity,58.367
2026-02-05 20:00:00+00:00,angiang_longxuyen_bacgiang_bacgiangcity_backan_backancity,58.427956
2026-02-05 21:00:00+00:00,angiang_longxuyen_bacgiang_bacgiangcity_backan_backancity,58.51613
2026-02-05 22:00:00+00:00,angiang_longxuyen_bacgiang_bacgiangcity_backan_backancity,58.634506
2026-02-05 23:00:00+00:00,angiang_longxuyen_bacgiang_bacgiangcity_backan_backancity,59.181988
2026-02-06 00:00:00+00:00,angiang_longxuyen_bacgiang_bacgiangcity_backan_backancity,59.28237
2026-02-06 01:00:00+00:00,angiang_longxuyen_bacgiang_bacgiangcity_backan_backancity,59.338093
2026-02-06 02:00:00+00:00,angiang_longxuyen_bacgiang_bacgiangcity_backan_backancity,59.400105
2026-02-06 03:00:00+00:00,angiang_longxuyen_bacgiang_bacgiangcity_backan_backancity,59.431854
2026-02-06 04:00:00+00:00,angiang_longxuyen_bacgiang_bacgiangcity_backan_backancity,60.06289
2026-02-06 05:00:00+00:00,angiang_longxuyen_bacgiang_bacgiangcity_backan_backancity,60.40305
2026-02-06 06:00:00+00:00,angiang_longxuyen_bacgiang_bacgiangcity_backan_backancity,60.39517
2026-02-06 07:00:00+00:00,angiang_longxuyen_bacgiang_bacgiangcity_backan_backancity,61.163387
2026-02-06 08:00:00+00:00,angiang_longxuyen_bacgiang_bacgiangcity_backan_backancity,61.693684
2026-02-06 09:00:00+00:00,angiang_longxuyen_bacgiang_bacgiangcity_backan_backancity,62.339123
2026-02-06 10:00:00+00:00,angiang_longxuyen_bacgiang_bacgiangcity_backan_backancity,63.2669
2026-02-06 11:00:00+00:00,angiang_longxuyen_bacgiang_bacgiangcity_backan_backancity,63.856163
2026-02-06 12:00:00+00:00,angiang_longxuyen_bacgiang_bacgiangcity_backan_backancity,64.29764
2026-02-06 13:00:00+00:00,angiang_longxuyen_bacgiang_bacgiangcity_backan_backancity,64.84262
2026-02-06 14:00:00+00:00,angiang_longxuyen_bacgiang_bacgiangcity_backan_backancity,65.37364
2026-02-06 15:00:00+00:00,angiang_longxuyen_bacgiang_bacgiangcity_backan_backancity,65.877075
2026-02-06 16:00:00+00:00,angiang_longxuyen_bacgiang_bacgiangcity_backan_backancity,66.27307
2026-02-06 17:00:00+00:00,angiang_longxuyen_bacgiang_bacgiangcity_backan_backancity,67.06474
2026-02-06 18:00:00+00:00,angiang_longxuyen_bacgiang_bacgiangcity_backan_backancity,68.494644
2026-02-06 19:00:00+00:00,angiang_longxuyen_bacgiang_bacgiangcity_backan_backancity,69.91612
2026-02-06 20:00:00+00:00,angiang_longxuyen_bacgiang_bacgiangcity_backan_backancity,71.128426
2026-02-06 21:00:00+00:00,angiang_longxuyen_bacgiang_bacgiangcity_backan_backancity,72.08757
2026-02-06 22:00:00+00:00,angiang_longxuyen_bacgiang_bacgiangcity_backan_backancity,73.221275
2026-02-06 23:00:00+00:00,angiang_longxuyen_bacgiang_bacgiangcity_backan_backancity,73.982796
2026-02-07 00:00:00+00:00,angiang_longxuyen_bacgiang_bacgiangcity_backan_backancity,74.06138
2026-02-07 01:00:00+00:00,angiang_longxuyen_bacgiang_bacgiangcity_backan_backancity,74.90459
2026-02-07 02:00:00+00:00,angiang_longxuyen_bacgiang_bacgiangcity_backan_backancity,74.774155
2026-02-07 03:00:00+00:00,angiang_longxuyen_bacgiang_bacgiangcity_backan_backancity,74.56572
2026-02-07 04:00:00+00:00,angiang_longxuyen_bacgiang_bacgiangcity_backan_backancity,74.84261
2026-02-07 05:00:00+00:00,angiang_longxuyen_bacgiang_bacgiangcity_backan_backancity,75.49494
2026-02-07 06:00:00+00:00,angiang_longxuyen_bacgiang_bacgiangcity_backan_backancity,76.29932
2026-02-07 07:00:00+00:00,angiang_longxuyen_bacgiang_bacgiangcity_backan_backancity,75.72003
2026-02-07 08:00:00+00:00,angiang_longxuyen_bacgiang_bacgiangcity_backan_backancity,75.330154
2026-02-07 09:00:00+00:00,angiang_longxuyen_bacgiang_bacgiangcity_backan_backancity,75.50908
2026-02-07 10:00:00+00:00,angiang_longxuyen_bacgiang_bacgiangcity_backan_backancity,74.360985
2026-02-07 11:00:00+00:00,angiang_longxuyen_bacgiang_bacgiangcity_backan_backancity,73.59755
2026-02-07 12:00:00+00:00,angiang_longxuyen_bacgiang_bacgiangcity_backan_backancity,72.81944
2026-02-07 13:00:00+00:00,angiang_longxuyen_bacgiang_bacgiangcity_backan_backancity,72.30752
2026-02-07 14:00:00+00:00,angiang_longxuyen_bacgiang_bacgiangcity_backan_backancity,71.50452
2026-02-07 15:00:00+00:00,angiang_longxuyen_bacgiang_bacgiangcity_backan_backancity,71.309525
2026-02-07 16:00:00+00:00,angiang_longxuyen_bacgiang_bacgiangcity_backan_backancity,70.19511
2026-02-07 17:00:00+00:00,angiang_longxuyen_bacgiang_bacgiangcity_backan_backancity,70.24855
2026-02-07 18:00:00+00:00,angiang_longxuyen_bacgiang_bacgiangcity_backan_backancity,69.64632
2026-02-07 19:00:00+00:00,angiang_longxuyen_bacgiang_bacgiangcity_backan_backancity,69.38816
2026-02-07 20:00:00+00:00,angiang_longxuyen_bacgiang_bacgiangcity_backan_backancity,68.765495
2026-02-07 21:00:00+00:00,angiang_longxuyen_bacgiang_bacgiangcity_backan_backancity,67.64717
2026-02-07 22:00:00+00:00,angiang_longxuyen_bacgiang_bacgiangcity_backan_backancity,66.71583
2026-02-07 23:00:00+00:00,angiang_longxuyen_bacgiang_bacgiangcity_backan_backancity,65.63104
2026-02-08 00:00:00+00:00,angiang_longxuyen_bacgiang_bacgiangcity_backan_backancity,64.841866
2026-02-08 01:00:00+00:00,angiang_longxuyen_bacgiang_bacgiangcity_backan_backancity,64.11219
2026-02-08 02:00:00+00:00,angiang_longxuyen_bacgiang_bacgiangcity_backan_backancity,63.30669
2026-02-08 03:00:00+00:00,angiang_longxuyen_bacgiang_bacgiangcity_backan_backancity,63.101803
2026-02-08 04:00:00+00:00,angiang_longxuyen_bacgiang_bacgiangcity_backan_backancity,64.595146
2026-02-08 05:00:00+00:00,angiang_longxuyen_bacgiang_bacgiangcity_backan_backancity,65.60603
2026-02-08 06:00:00+00:00,angiang_longxuyen_bacgiang_bacgiangcity_backan_backancity,66.010025
2026-02-08 07:00:00+00:00,angiang_longxuyen_bacgiang_bacgiangcity_backan_backancity,66.30459
2026-02-08 08:00:00+00:00,angiang_longxuyen_bacgiang_bacgiangcity_backan_backancity,65.94446
2026-02-08 09:00:00+00:00,angiang_longxuyen_bacgiang_bacgiangcity_backan_backancity,66.49744
2026-02-08 10:00:00+00:00,angiang_longxuyen_bacgiang_bacgiangcity_backan_backancity,66.317505
2026-02-08 11:00:00+00:00,angiang_longxuyen_bacgiang_bacgiangcity_backan_backancity,66.68379
2026-02-08 12:00:00+00:00,angiang_longxuyen_bacgiang_bacgiangcity_backan_backancity,66.88667
2026-02-08 13:00:00+00:00,angiang_longxuyen_bacgiang_bacgiangcity_backan_backancity,67.4206
2026-02-08 14:00:00+00:00,angiang_longxuyen_bacgiang_bacgiangcity_backan_backancity,67.5618
2026-02-08 15:00:00+00:00,angiang_longxuyen_bacgiang_bacgiangcity_backan_backancity,68.085724
2026-02-08 16:00:00+00:00,angiang_longxuyen_bacgiang_bacgiangcity_backan_backancity,69.22917
2026-02-08 17:00:00+00:00,angiang_longxuyen_bacgiang_bacgiangcity_backan_backancity,69.860245
2026-02-08 18:00:00+00:00,angiang_longxuyen_bacgiang_bacgiangcity_backan_backancity,70.95552
2026-02-08 19:00:00+00:00,angiang_longxuyen_bacgiang_bacgiangcity_backan_backancity,71.76959
2026-02-08 20:00:00+00:00,angiang_longxuyen_bacgiang_bacgiangcity_backan_backancity,73.094154
2026-02-08 21:00:00+00:00,angiang_longxuyen_bacgiang_bacgiangcity_backan_backancity,73.43193
2026-02-08 22:00:00+00:00,angiang_longxuyen_bacgiang_bacgiangcity_backan_backancity,73.8656
2026-02-08 23:00:00+00:00,angiang_longxuyen_bacgiang_bacgiangcity_backan_backancity,74.4319
2026-02-09 00:00:00+00:00,angiang_longxuyen_bacgiang_bacgiangcity_backan_backancity,74.10881
2026-02-09 01:00:00+00:00,angiang_longxuyen_bacgiang_bacgiangcity_backan_backancity,74.03288
2026-02-09 02:00:00+00:00,angiang_longxuyen_bacgiang_bacgiangcity_backan_backancity,74.33154
2026-02-09 03:00:00+00:00,angiang_longxuyen_bacgiang_bacgiangcity_backan_backancity,76.62599
2026-02-09 04:00:00+00:00,angiang_longxuyen_bacgiang_bacgiangcity_backan_backancity,81.13132
2026-02-09 05:00:00+00:00,angiang_longxuyen_bacgiang_bacgiangcity_backan_backancity,85.15427
2026-02-09 06:00:00+00:00,angiang_longxuyen_bacgiang_bacgiangcity_backan_backancity,86.08911
2026-02-09 07:00:00+00:00,angiang_longxuyen_bacgiang_bacgiangcity_backan_backancity,86.10002
2026-02-09 08:00:00+00:00,angiang_longxuyen_bacgiang_bacgiangcity_backan_backancity,87.90578
2026-02-09 09:00:00+00:00,angiang_longxuyen_bacgiang_bacgiangcity_backan_backancity,91.174484
2026-02-09 10:00:00+00:00,angiang_longxuyen_bacgiang_bacgiangcity_backan_backancity,93.73066
2026-02-09 11:00:00+00:00,angiang_longxuyen_bacgiang_bacgiangcity_backan_backancity,96.557945
2026-02-09 12:00:00+00:00,angiang_longxuyen_bacgiang_bacgiangcity_backan_backancity,97.900406
2026-02-09 13:00:00+00:00,angiang_longxuyen_bacgiang_bacgiangcity_backan_backancity,98.088036
2026-02-09 14:00:00+00:00,angiang_longxuyen_bacgiang_bacgiangcity_backan_backancity,99.718864
2026-02-09 15:00:00+00:00,angiang_longxuyen_bacgiang_bacgiangcity_backan_backancity,99.772156
2026-02-09 16:00:00+00:00,angiang_longxuyen_bacgiang_bacgiangcity_backan_backancity,100.4294
2026-02-09 17:00:00+00:00,angiang_longxuyen_bacgiang_bacgiangcity_backan_backancity,101.99573
2026-02-09 18:00:00+00:00,angiang_longxuyen_bacgiang_bacgiangcity_backan_backancity,102.58198
2026-02-09 19:00:00+00:00,angiang_longxuyen_bacgiang_bacgiangcity_backan_backancity,103.297516
2026-02-09 20:00:00+00:00,angiang_longxuyen_bacgiang_bacgiangcity_backan_backancity,104.18468
2026-02-09 21:00:00+00:00,angiang_longxuyen_bacgiang_bacgiangcity_backan_backancity,104.10203
2026-02-09 22:00:00+00:00,angiang_longxuyen_bacgiang_bacgiangcity_backan_backancity,103.79154
2026-02-09 23:00:00+00:00,angiang_longxuyen_bacgiang_bacgiangcity_backan_backancity,102.686485
2026-02-10 00:00:00+00:00,angiang_longxuyen_bacgiang_bacgiangcity_backan_backancity,102.10129
2026-02-10 01:00:00+00:00,angiang_longxuyen_bacgiang_bacgiangcity_backan_backancity,101.61242
2026-02-10 02:00:00+00:00,angiang_longxuyen_bacgiang_bacgiangcity_backan_backancity,102.11665
2026-02-10 03:00:00+00:00,angiang_longxuyen_bacgiang_bacgiangcity_backan_backancity,106.80303
2026-02-10 04:00:00+00:00,angiang_longxuyen_bacgiang_bacgiangcity_backan_backancity,113.763
2026-02-10 05:00:00+00:00,angiang_longxuyen_bacgiang_bacgiangcity_backan_backancity,118.191666
2026-02-10 06:00:00+00:00,angiang_longxuyen_bacgiang_bacgiangcity_backan_backancity,116.20292
2026-02-10 07:00:00+00:00,angiang_longxuyen_bacgiang_bacgiangcity_backan_backancity,109.88976
2026-02-10 08:00:00+00:00,angiang_longxuyen_bacgiang_bacgiangcity_backan_backancity,102.29677
2026-02-10 09:00:00+00:00,angiang_longxuyen_bacgiang_bacgiangcity_backan_backancity,96.28943
2026-02-10 10:00:00+00:00,angiang_longxuyen_bacgiang_bacgiangcity_backan_backancity,92.52785
2026-02-10 11:00:00+00:00,angiang_longxuyen_bacgiang_bacgiangcity_backan_backancity,89.36246
2026-02-10 12:00:00+00:00,angiang_longxuyen_bacgiang_bacgiangcity_backan_backancity,87.463806
2026-02-10 13:00:00+00:00,angiang_longxuyen_bacgiang_bacgiangcity_backan_backancity,84.87063
2026-02-10 14:00:00+00:00,angiang_longxuyen_bacgiang_bacgiangcity_backan_backancity,83.296326
2026-02-10 15:00:00+00:00,angiang_longxuyen_bacgiang_bacgiangcity_backan_backancity,82.41206
2026-02-10 16:00:00+00:00,angiang_longxuyen_bacgiang_bacgiangcity_backan_backancity,81.15835
2026-02-10 17:00:00+00:00,angiang_longxuyen_bacgiang_bacgiangcity_backan_backancity,80.84589
2026-02-10 18:00:00+00:00,angiang_longxuyen_bacgiang_bacgiangcity_backan_backancity,81.67202
2026-02-10 19:00:00+00:00,angiang_longxuyen_bacgiang_bacgiangcity_backan_backancity,81.10995
2026-02-10 20:00:00+00:00,angiang_longxuyen_bacgiang_bacgiangcity_backan_backancity,80.510216
2026-02-10 21:00:00+00:00,angiang_longxuyen_bacgiang_bacgiangcity_backan_backancity,80.157196
2026-02-10 22:00:00+00:00,angiang_longxuyen_bacgiang_bacgiangcity_backan_backancity,80.70955
2026-02-10 23:00:00+00:00,angiang_longxuyen_bacgiang_bacgiangcity_backan_backancity,81.1216
2026-02-11 00:00:00+00:00,angiang_longxuyen_bacgiang_bacgiangcity_backan_backancity,81.641
2026-02-11 01:00:00+00:00,angiang_longxuyen_bacgiang_bacgiangcity_backan_backancity,82.24065
2026-02-11 02:00:00+00:00,angiang_longxuyen_bacgiang_bacgiangcity_backan_backancity,83.41789
2026-02-11 03:00:00+00:00,angiang_longxuyen_bacgiang_bacgiangcity_backan_backancity,85.96385
2026-02-11 04:00:00+00:00,angiang_longxuyen_bacgiang_bacgiangcity_backan_backancity,90.04826
2026-02-11 05:00:00+00:00,angiang_longxuyen_bacgiang_bacgiangcity_backan_backancity,92.62162
2026-02-11 06:00:00+00:00,angiang_longxuyen_bacgiang_bacgiangcity_backan_backancity,91.89539
2026-02-11 07:00:00+00:00,angiang_longxuyen_bacgiang_bacgiangcity_backan_backancity,89.68907
2026-02-11 08:00:00+00:00,angiang_longxuyen_bacgiang_bacgiangcity_backan_backancity,87.776535
2026-02-11 09:00:00+00:00,angiang_longxuyen_bacgiang_bacgiangcity_backan_backancity,87.495224
2026-02-11 10:00:00+00:00,angiang_longxuyen_bacgiang_bacgiangcity_backan_backancity,87.77475
2026-02-11 11:00:00+00:00,angiang_longxuyen_bacgiang_bacgiangcity_backan_backancity,88.16489
2026-02-11 12:00:00+00:00,angiang_longxuyen_bacgiang_bacgiangcity_backan_backancity,89.731224
2026-02-11 13:00:00+00:00,angiang_longxuyen_bacgiang_bacgiangcity_backan_backancity,92.250046
2026-02-11 14:00:00+00:00,angiang_longxuyen_bacgiang_bacgiangcity_backan_backancity,95.12877
2026-02-11 15:00:00+00:00,angiang_longxuyen_bacgiang_bacgiangcity_backan_backancity,98.69534
2026-02-11 16:00:00+00:00,angiang_longxuyen_bacgiang_bacgiangcity_backan_backancity,102.89783
2026-02-11 17:00:00+00:00,angiang_longxuyen_bacgiang_bacgiangcity_backan_backancity,107.52636
2026-02-11 18:00:00+00:00,angiang_longxuyen_bacgiang_bacgiangcity_backan_backancity,116.51741
2026-02-11 19:00:00+00:00,angiang_longxuyen_bacgiang_bacgiangcity_backan_backancity,121.58858
2026-02-11 20:00:00+00:00,angiang_longxuyen_bacgiang_bacgiangcity_backan_backancity,126.383606
2026-02-11 21:00:00+00:00,angiang_longxuyen_bacgiang_bacgiangcity_backan_backancity,129.5465
2026-02-11 22:00:00+00:00,angiang_longxuyen_bacgiang_bacgiangcity_backan_backancity,132.30418
2026-02-11 23:00:00+00:00,angiang_longxuyen_bacgiang_bacgiangcity_backan_backancity,133.19894
2026-02-12 00:00:00+00:00,angiang_longxuyen_bacgiang_bacgiangcity_backan_backancity,133.05476
2026-02-12 01:00:00+00:00,angiang_longxuyen_bacgiang_bacgiangcity_backan_backancity,132.79413
2026-02-12 02:00:00+00:00,angiang_longxuyen_bacgiang_bacgiangcity_backan_backancity,133.57039
2026-02-12 03:00:00+00:00,angiang_longxuyen_bacgiang_bacgiangcity_backan_backancity,133.73964
2026-02-12 04:00:00+00:00,angiang_longxuyen_bacgiang_bacgiangcity_backan_backancity,134.0371
2026-02-12 05:00:00+00:00,angiang_longxuyen_bacgiang_bacgiangcity_backan_backancity,134.11812
2026-02-12 06:00:00+00:00,angiang_longxuyen_bacgiang_bacgiangcity_backan_backancity,134.30774
2026-02-12 07:00:00+00:00,angiang_longxuyen_bacgiang_bacgiangcity_backan_backancity,134.73839
2026-02-12 08:00:00+00:00,angiang_longxuyen_bacgiang_bacgiangcity_backan_backancity,134.13335
2026-02-12 09:00:00+00:00,angiang_longxuyen_bacgiang_bacgiangcity_backan_backancity,134.01395
2026-02-12 10:00:00+00:00,angiang_longxuyen_bacgiang_bacgiangcity_backan_backancity,133.59818
2026-02-12 11:00:00+00:00,angiang_longxuyen_bacgiang_bacgiangcity_backan_backancity,133.57434
2026-02-12 12:00:00+00:00,angiang_longxuyen_bacgiang_bacgiangcity_backan_backancity,132.19781
2026-02-12 13:00:00+00:00,angiang_longxuyen_bacgiang_bacgiangcity_backan_backancity,129.91902
2026-02-12 14:00:00+00:00,angiang_longxuyen_bacgiang_bacgiangcity_backan_backancity,126.22623
2026-02-12 15:00:00+00:00,angiang_longxuyen_bacgiang_bacgiangcity_backan_backancity,121.584496
2026-02-12 16:00:00+00:00,angiang_longxuyen_bacgiang_bacgiangcity_backan_backancity,115.38804
2026-02-12 17:00:00+00:00,angiang_longxuyen_bacgiang_bacgiangcity_backan_backancity,108.71682
2026-02-12 18:00:00+00:00,angiang_longxuyen_bacgiang_bacgiangcity_backan_backancity,98.43889
2026-02-12 19:00:00+00:00,angiang_longxuyen_bacgiang_bacgiangcity_backan_backancity,91.43111
2026-02-12 20:00:00+00:00,angiang_longxuyen_bacgiang_bacgiangcity_backan_backancity,86.38957
2026-02-12 21:00:00+00:00,angiang_longxuyen_bacgiang_bacgiangcity_backan_backancity,83.04292
2026-02-12 22:00:00+00:00,angiang_longxuyen_bacgiang_bacgiangcity_backan_backancity,80.26453
2026-02-12 23:00:00+00:00,angiang_longxuyen_bacgiang_bacgiangcity_backan_backancity,77.685486
2026-02-13 00:00:00+00:00,angiang_longxuyen_bacgiang_bacgiangcity_backan_backancity,75.46787
2026-02-13 01:00:00+00:00,angiang_longxuyen_bacgiang_bacgiangcity_backan_backancity,73.198364
2026-02-13 02:00:00+00:00,angiang_longxuyen_bacgiang_bacgiangcity_backan_backancity,71.12
2026-02-13 03:00:00+00:00,angiang_longxuyen_bacgiang_bacgiangcity_backan_backancity,69.40686
2026-02-13 04:00:00+00:00,angiang_longxuyen_bacgiang_bacgiangcity_backan_backancity,67.7585
2026-02-13 05:00:00+00:00,angiang_longxuyen_bacgiang_bacgiangcity_backan_backancity,66.8678
2026-02-13 06:00:00+00:00,angiang_longxuyen_bacgiang_bacgiangcity_backan_backancity,65.52159
2026-02-13 07:00:00+00:00,angiang_longxuyen_bacgiang_bacgiangcity_backan_backancity,64.86946
2026-02-13 08:00:00+00:00,angiang_longxuyen_bacgiang_bacgiangcity_backan_backancity,65.43652
2026-02-13 09:00:00+00:00,angiang_longxuyen_bacgiang_bacgiangcity_backan_backancity,65.16852
2026-02-13 10:00:00+00:00,angiang_longxuyen_bacgiang_bacgiangcity_backan_backancity,64.40226
2026-02-13 11:00:00+00:00,angiang_longxuyen_bacgiang_bacgiangcity_backan_backancity,63.794674
2026-02-13 12:00:00+00:00,angiang_longxuyen_bacgiang_bacgiangcity_backan_backancity,63.696503
2026-02-13 13:00:00+00:00,angiang_longxuyen_bacgiang_bacgiangcity_backan_backancity,64.91996
2026-02-13 14:00:00+00:00,angiang_longxuyen_bacgiang_bacgiangcity_backan_backancity,65.74263
2026-02-13 15:00:00+00:00,angiang_longxuyen_bacgiang_bacgiangcity_backan_backancity,66.81683
2026-02-13 16:00:00+00:00,angiang_longxuyen_bacgiang_bacgiangcity_backan_backancity,68.19853
2026-02-13 17:00:00+00:00,angiang_longxuyen_bacgiang_bacgiangcity_backan_backancity,69.48413
2026-02-13 18:00:00+00:00,angiang_longxuyen_bacgiang_bacgiangcity_backan_backancity,71.88527
2026-02-13 19:00:00+00:00,angiang_longxuyen_bacgiang_bacgiangcity_backan_backancity,72.08176
2026-02-13 20:00:00+00:00,angiang_longxuyen_bacgiang_bacgiangcity_backan_backancity,72.63052
2026-02-13 21:00:00+00:00,angiang_longxuyen_bacgiang_bacgiangcity_backan_backancity,73.28665
2026-02-13 22:00:00+00:00,angiang_longxuyen_bacgiang_bacgiangcity_backan_backancity,73.8233
2026-02-13 23:00:00+00:00,angiang_longxuyen_bacgiang_bacgiangcity_backan_backancity,74.6845
2026-02-14 00:00:00+00:00,angiang_longxuyen_bacgiang_bacgiangcity_backan_backancity,74.981964
2026-02-14 01:00:00+00:00,angiang_longxuyen_bacgiang_bacgiangcity_backan_backancity,74.567314
2026-02-14 02:00:00+00:00,angiang_longxuyen_bacgiang_bacgiangcity_backan_backancity,74.36579
2026-02-14 03:00:00+00:00,angiang_longxuyen_bacgiang_bacgiangcity_backan_backancity,74.23344
2026-02-14 04:00:00+00:00,angiang_longxuyen_bacgiang_bacgiangcity_backan_backancity,75.27643
2026-02-14 05:00:00+00:00,angiang_longxuyen_bacgiang_bacgiangcity_backan_backancity,76.41762
2026-02-14 06:00:00+00:00,angiang_longxuyen_bacgiang_bacgiangcity_backan_backancity,80.15391
2026-02-14 07:00:00+00:00,angiang_longxuyen_bacgiang_bacgiangcity_backan_backancity,82.18712
2026-02-14 08:00:00+00:00,angiang_longxuyen_bacgiang_bacgiangcity_backan_backancity,83.91504
2026-02-14 09:00:00+00:00,angiang_longxuyen_bacgiang_bacgiangcity_backan_backancity,85.51127
2026-02-14 10:00:00+00:00,angiang_longxuyen_bacgiang_bacgiangcity_backan_backancity,87.39659
2026-02-14 11:00:00+00:00,angiang_longxuyen_bacgiang_bacgiangcity_backan_backancity,90.242455
2026-02-14 12:00:00+00:00,angiang_longxuyen_bacgiang_bacgiangcity_backan_backancity,92.059814
2026-02-14 13:00:00+00:00,angiang_longxuyen_bacgiang_bacgiangcity_backan_backancity,93.71439
2026-02-14 14:00:00+00:00,angiang_longxuyen_bacgiang_bacgiangcity_backan_backancity,95.35779
2026-02-14 15:00:00+00:00,angiang_longxuyen_bacgiang_bacgiangcity_backan_backancity,95.725494
2026-02-14 16:00:00+00:00,angiang_longxuyen_bacgiang_bacgiangcity_backan_backancity,96.53209
2026-02-14 17:00:00+00:00,angiang_longxuyen_bacgiang_bacgiangcity_backan_backancity,96.067474
2026-02-14 18:00:00+00:00,angiang_longxuyen_bacgiang_bacgiangcity_backan_backancity,96.657585
2026-02-14 19:00:00+00:00,angiang_longxuyen_bacgiang_bacgiangcity_backan_backancity,96.35359
2026-02-14 20:00:00+00:00,angiang_longxuyen_bacgiang_bacgiangcity_backan_backancity,95.49298
2026-02-14 21:00:00+00:00,angiang_longxuyen_bacgiang_bacgiangcity_backan_backancity,96.80281
2026-02-14 22:00:00+00:00,angiang_longxuyen_bacgiang_bacgiangcity_backan_backancity,96.64194
2026-02-14 23:00:00+00:00,angiang_longxuyen_bacgiang_bacgiangcity_backan_backancity,97.01569
2026-02-15 00:00:00+00:00,angiang_longxuyen_bacgiang_bacgiangcity_backan_backancity,97.24194
2026-02-15 01:00:00+00:00,angiang_longxuyen_bacgiang_bacgiangcity_backan_backancity,97.8153
2026-02-15 02:00:00+00:00,angiang_longxuyen_bacgiang_bacgiangcity_backan_backancity,97.13697
2026-02-15 03:00:00+00:00,angiang_longxuyen_bacgiang_bacgiangcity_backan_backancity,97.793465
2026-02-15 04:00:00+00:00,angiang_longxuyen_bacgiang_bacgiangcity_backan_backancity,101.39774
2026-02-15 05:00:00+00:00,angiang_longxuyen_bacgiang_bacgiangcity_backan_backancity,105.86381
2026-02-15 06:00:00+00:00,angiang_longxuyen_bacgiang_bacgiangcity_backan_backancity,106.22236
2026-02-15 07:00:00+00:00,angiang_longxuyen_bacgiang_bacgiangcity_backan_backancity,104.89886
2026-02-15 08:00:00+00:00,angiang_longxuyen_bacgiang_bacgiangcity_backan_backancity,106.239716
2026-02-15 09:00:00+00:00,angiang_longxuyen_bacgiang_bacgiangcity_backan_backancity,106.67744
2026-02-15 10:00:00+00:00,angiang_longxuyen_bacgiang_bacgiangcity_backan_backancity,108.87964
2026-02-15 11:00:00+00:00,angiang_longxuyen_bacgiang_bacgiangcity_backan_backancity,111.578354
2026-02-15 12:00:00+00:00,angiang_longxuyen_bacgiang_bacgiangcity_backan_backancity,112.884514
2026-02-15 13:00:00+00:00,angiang_longxuyen_bacgiang_bacgiangcity_backan_backancity,115.143295
2026-02-15 14:00:00+00:00,angiang_longxuyen_bacgiang_bacgiangcity_backan_backancity,117.51238
2026-02-15 15:00:00+00:00,angiang_longxuyen_bacgiang_bacgiangcity_backan_backancity,119.88825
2026-02-15 16:00:00+00:00,angiang_longxuyen_bacgiang_bacgiangcity_backan_backancity,122.38761
2026-02-15 17:00:00+00:00,angiang_longxuyen_bacgiang_bacgiangcity_backan_backancity,123.889114
2026-02-15 18:00:00+00:00,angiang_longxuyen_bacgiang_bacgiangcity_backan_backancity,124.09216
2026-02-15 19:00:00+00:00,angiang_longxuyen_bacgiang_bacgiangcity_backan_backancity,124.90129
2026-02-15 20:00:00+00:00,angiang_longxuyen_bacgiang_bacgiangcity_backan_backancity,124.969124
2026-02-15 21:00:00+00:00,angiang_longxuyen_bacgiang_bacgiangcity_backan_backancity,125.111946
2026-02-15 22:00:00+00:00,angiang_longxuyen_bacgiang_bacgiangcity_backan_backancity,125.166954
2026-02-15 23:00:00+00:00,angiang_longxuyen_bacgiang_bacgiangcity_backan_backancity,125.11548
2026-02-16 00:00:00+00:00,angiang_longxuyen_bacgiang_bacgiangcity_backan_backancity,123.63682
2026-02-16 01:00:00+00:00,angiang_longxuyen_bacgiang_bacgiangcity_backan_backancity,122.539696
2026-02-16 02:00:00+00:00,angiang_longxuyen_bacgiang_bacgiangcity_backan_backancity,121.65021
2026-02-16 03:00:00+00:00,angiang_longxuyen_bacgiang_bacgiangcity_backan_backancity,120.385704
2026-02-16 04:00:00+00:00,angiang_longxuyen_bacgiang_bacgiangcity_backan_backancity,119.00456
2026-02-16 05:00:00+00:00,angiang_longxuyen_bacgiang_bacgiangcity_backan_backancity,118.4856
2026-02-16 06:00:00+00:00,angiang_longxuyen_bacgiang_bacgiangcity_backan_backancity,117.25673
2026-02-16 07:00:00+00:00,angiang_longxuyen_bacgiang_bacgiangcity_backan_backancity,117.47616
2026-02-16 08:00:00+00:00,angiang_longxuyen_bacgiang_bacgiangcity_backan_backancity,116.848785
2026-02-16 09:00:00+00:00,angiang_longxuyen_bacgiang_bacgiangcity_backan_backancity,115.709564
2026-02-16 10:00:00+00:00,angiang_longxuyen_bacgiang_bacgiangcity_backan_backancity,114.12348
2026-02-16 11:00:00+00:00,angiang_longxuyen_bacgiang_bacgiangcity_backan_backancity,114.12191
2026-02-16 12:00:00+00:00,angiang_longxuyen_bacgiang_bacgiangcity_backan_backancity,112.379585
2026-02-16 13:00:00+00:00,angiang_longxuyen_bacgiang_bacgiangcity_backan_backancity,111.54678
2026-02-16 14:00:00+00:00,angiang_longxuyen_bacgiang_bacgiangcity_backan_backancity,108.8012
2026-02-16 15:00:00+00:00,angiang_longxuyen_bacgiang_bacgiangcity_backan_backancity,105.86513
2026-02-16 16:00:00+00:00,angiang_longxuyen_bacgiang_bacgiangcity_backan_backancity,101.4858
2026-02-16 17:00:00+00:00,angiang_longxuyen_bacgiang_bacgiangcity_backan_backancity,97.61383
2026-02-16 18:00:00+00:00,angiang_longxuyen_bacgiang_bacgiangcity_backan_backancity,94.3694
2026-02-16 19:00:00+00:00,angiang_longxuyen_bacgiang_bacgiangcity_backan_backancity,92.32507
2026-02-16 20:00:00+00:00,angiang_longxuyen_bacgiang_bacgiangcity_backan_backancity,90.445114
2026-02-16 21:00:00+00:00,angiang_longxuyen_bacgiang_bacgiangcity_backan_backancity,90.34956
2026-02-16 22:00:00+00:00,angiang_longxuyen_bacgiang_bacgiangcity_backan_backancity,89.74426
2026-02-16 23:00:00+00:00,angiang_longxuyen_bacgiang_bacgiangcity_backan_backancity,89.67713
2026-02-17 00:00:00+00:00,angiang_longxuyen_bacgiang_bacgiangcity_backan_backancity,89.47189
2026-02-17 01:00:00+00:00,angiang_longxuyen_bacgiang_bacgiangcity_backan_backancity,88.96335
2026-02-17 02:00:00+00:00,angiang_longxuyen_bacgiang_bacgiangcity_backan_backancity,88.08488
2026-02-17 03:00:00+00:00,angiang_longxuyen_bacgiang_bacgiangcity_backan_backancity,87.70337
2026-02-17 04:00:00+00:00,angiang_longxuyen_bacgiang_bacgiangcity_backan_backancity,88.63143
2026-02-17 05:00:00+00:00,angiang_longxuyen_bacgiang_bacgiangcity_backan_backancity,89.90245
2026-02-17 06:00:00+00:00,angiang_longxuyen_bacgiang_bacgiangcity_backan_backancity,91.82669
2026-02-17 07:00:00+00:00,angiang_longxuyen_bacgiang_bacgiangcity_backan_backancity,92.612564
2026-02-17 08:00:00+00:00,angiang_longxuyen_bacgiang_bacgiangcity_backan_backancity,93.21362
2026-02-17 09:00:00+00:00,angiang_longxuyen_bacgiang_bacgiangcity_backan_backancity,93.54643
2026-02-17 10:00:00+00:00,angiang_longxuyen_bacgiang_bacgiangcity_backan_backancity,92.09827
2026-02-17 11:00:00+00:00,angiang_longxuyen_bacgiang_bacgiangcity_backan_backancity,89.07167
2026-02-17 12:00:00+00:00,angiang_longxuyen_bacgiang_bacgiangcity_backan_backancity,86.020454
2026-02-17 13:00:00+00:00,angiang_longxuyen_bacgiang_bacgiangcity_backan_backancity,81.964386
2026-02-17 14:00:00+00:00,angiang_longxuyen_bacgiang_bacgiangcity_backan_backancity,79.05583
2026-02-17 15:00:00+00:00,angiang_longxuyen_bacgiang_bacgiangcity_backan_backancity,75.27959
2026-02-17 16:00:00+00:00,angiang_longxuyen_bacgiang_bacgiangcity_backan_backancity,73.43465
2026-02-17 17:00:00+00:00,angiang_longxuyen_bacgiang_bacgiangcity_backan_backancity,71.43788
2026-02-17 18:00:00+00:00,angiang_longxuyen_bacgiang_bacgiangcity_backan_backancity,70.71187
2026-02-17 19:00:00+00:00,angiang_longxuyen_bacgiang_bacgiangcity_backan_backancity,70.06871
2026-02-17 20:00:00+00:00,angiang_longxuyen_bacgiang_bacgiangcity_backan_backancity,70.14868
2026-02-17 21:00:00+00:00,angiang_longxuyen_bacgiang_bacgiangcity_backan_backancity,69.64004
2026-02-17 22:00:00+00:00,angiang_longxuyen_bacgiang_bacgiangcity_backan_backancity,69.664696
2026-02-17 23:00:00+00:00,angiang_longxuyen_bacgiang_bacgiangcity_backan_backancity,68.86569
2026-02-18 00:00:00+00:00,angiang_longxuyen_bacgiang_bacgiangcity_backan_backancity,68.19849
2026-02-18 01:00:00+00:00,angiang_longxuyen_bacgiang_bacgiangcity_backan_backancity,67.334175
2026-02-18 02:00:00+00:00,angiang_longxuyen_bacgiang_bacgiangcity_backan_backancity,66.86076
2026-02-18 03:00:00+00:00,angiang_longxuyen_bacgiang_bacgiangcity_backan_backancity,65.42076
2026-02-18 04:00:00+00:00,angiang_longxuyen_bacgiang_bacgiangcity_backan_backancity,65.127075
2026-02-18 05:00:00+00:00,angiang_longxuyen_bacgiang_bacgiangcity_backan_backancity,66.12835
2026-02-18 06:00:00+00:00,angiang_longxuyen_bacgiang_bacgiangcity_backan_backancity,67.76706
2026-02-18 07:00:00+00:00,angiang_longxuyen_bacgiang_bacgiangcity_backan_backancity,67.69818
2026-02-18 08:00:00+00:00,angiang_longxuyen_bacgiang_bacgiangcity_backan_backancity,67.137764
2026-02-18 09:00:00+00:00,angiang_longxuyen_bacgiang_bacgiangcity_backan_backancity,66.74371
2026-02-18 10:00:00+00:00,angiang_longxuyen_bacgiang_bacgiangcity_backan_backancity,65.87862
2026-02-18 11:00:00+00:00,angiang_longxuyen_bacgiang_bacgiangcity_backan_backancity,64.75638
2026-02-18 12:00:00+00:00,angiang_longxuyen_bacgiang_bacgiangcity_backan_backancity,63.68961
2026-02-18 13:00:00+00:00,angiang_longxuyen_bacgiang_bacgiangcity_backan_backancity,63.4455
2026-02-18 14:00:00+00:00,angiang_longxuyen_bacgiang_bacgiangcity_backan_backancity,62.790173
2026-02-18 15:00:00+00:00,angiang_longxuyen_bacgiang_bacgiangcity_backan_backancity,63.02381
2026-02-18 16:00:00+00:00,angiang_longxuyen_bacgiang_bacgiangcity_backan_backancity,62.456287
2026-02-18 17:00:00+00:00,angiang_longxuyen_bacgiang_bacgiangcity_backan_backancity,62.533524
2026-02-18 18:00:00+00:00,angiang_longxuyen_bacgiang_bacgiangcity_backan_backancity,62.78292
2026-02-18 19:00:00+00:00,angiang_longxuyen_bacgiang_bacgiangcity_backan_backancity,62.95489
2026-02-18 20:00:00+00:00,angiang_longxuyen_bacgiang_bacgiangcity_backan_backancity,62.64043
2026-02-18 21:00:00+00:00,angiang_longxuyen_bacgiang_bacgiangcity_backan_backancity,62.51254
2026-02-18 22:00:00+00:00,angiang_longxuyen_bacgiang_bacgiangcity_backan_backancity,61.895275
2026-02-18 23:00:00+00:00,angiang_longxuyen_bacgiang_bacgiangcity_backan_backancity,61.939545
2026-02-19 00:00:00+00:00,angiang_longxuyen_bacgiang_bacgiangcity_backan_backancity,61.46617
2026-02-19 01:00:00+00:00,angiang_longxuyen_bacgiang_bacgiangcity_backan_backancity,61.65351
2026-02-19 02:00:00+00:00,angiang_longxuyen_bacgiang_bacgiangcity_backan_backancity,61.551003
2026-02-19 03:00:00+00:00,angiang_longxuyen_bacgiang_bacgiangcity_backan_backancity,61.59987
2026-02-19 04:00:00+00:00,angiang_longxuyen_bacgiang_bacgiangcity_backan_backancity,61.914642
2026-02-19 05:00:00+00:00,angiang_longxuyen_bacgiang_bacgiangcity_backan_backancity,62.657436
2026-02-19 06:00:00+00:00,angiang_longxuyen_bacgiang_bacgiangcity_backan_backancity,62.858265
2026-02-19 07:00:00+00:00,angiang_longxuyen_bacgiang_bacgiangcity_backan_backancity,62.147182
2026-02-19 08:00:00+00:00,angiang_longxuyen_bacgiang_bacgiangcity_backan_backancity,61.777004
2026-02-19 09:00:00+00:00,angiang_longxuyen_bacgiang_bacgiangcity_backan_backancity,60.85721
2026-02-19 10:00:00+00:00,angiang_longxuyen_bacgiang_bacgiangcity_backan_backancity,59.71072
2026-02-19 11:00:00+00:00,angiang_longxuyen_bacgiang_bacgiangcity_backan_backancity,58.38861
2026-02-19 12:00:00+00:00,angiang_longxuyen_bacgiang_bacgiangcity_backan_backancity,57.108814
2026-02-19 13:00:00+00:00,angiang_longxuyen_bacgiang_bacgiangcity_backan_backancity,56.12799
2026-02-19 14:00:00+00:00,angiang_longxuyen_bacgiang_bacgiangcity_backan_backancity,55.184765
2026-02-19 15:00:00+00:00,angiang_longxuyen_bacgiang_bacgiangcity_backan_backancity,54.78628
2026-02-19 16:00:00+00:00,angiang_longxuyen_bacgiang_bacgiangcity_backan_backancity,54.943893
2026-02-19 17:00:00+00:00,angiang_longxuyen_bacgiang_bacgiangcity_backan_backancity,55.176758
2026-02-19 18:00:00+00:00,angiang_longxuyen_bacgiang_bacgiangcity_backan_backancity,55.869602
2026-02-19 19:00:00+00:00,angiang_longxuyen_bacgiang_bacgiangcity_backan_backancity,56.214428
2026-02-19 20:00:00+00:00,angiang_longxuyen_bacgiang_bacgiangcity_backan_backancity,56.924152
2026-02-19 21:00:00+00:00,angiang_longxuyen_bacgiang_bacgiangcity_backan_backancity,57.28947
2026-02-19 22:00:00+00:00,angiang_longxuyen_bacgiang_bacgiangcity_backan_backancity,58.274178
2026-02-19 23:00:00+00:00,angiang_longxuyen_bacgiang_bacgiangcity_backan_backancity,59.144
2026-02-20 00:00:00+00:00,angiang_longxuyen_bacgiang_bacgiangcity_backan_backancity,60.211346
2026-02-20 01:00:00+00:00,angiang_longxuyen_bacgiang_bacgiangcity_backan_backancity,60.499496
2026-02-20 02:00:00+00:00,angiang_longxuyen_bacgiang_bacgiangcity_backan_backancity,60.35255
2026-02-20 03:00:00+00:00,angiang_longxuyen_bacgiang_bacgiangcity_backan_backancity,60.491657
2026-02-20 04:00:00+00:00,angiang_longxuyen_bacgiang_bacgiangcity_backan_backancity,61.144722
2026-02-20 05:00:00+00:00,angiang_longxuyen_bacgiang_bacgiangcity_backan_backancity,61.83385
2026-02-20 06:00:00+00:00,angiang_longxuyen_bacgiang_bacgiangcity_backan_backancity,60.931328
2026-02-20 07:00:00+00:00,angiang_longxuyen_bacgiang_bacgiangcity_backan_backancity,60.937405
2026-02-20 08:00:00+00:00,angiang_longxuyen_bacgiang_bacgiangcity_backan_backancity,60.38959
2026-02-20 09:00:00+00:00,angiang_longxuyen_bacgiang_bacgiangcity_backan_backancity,60.103565
2026-02-20 10:00:00+00:00,angiang_longxuyen_bacgiang_bacgiangcity_backan_backancity,59.922207
2026-02-20 11:00:00+00:00,angiang_longxuyen_bacgiang_bacgiangcity_backan_backancity,59.78422
2026-02-20 12:00:00+00:00,angiang_longxuyen_bacgiang_bacgiangcity_backan_backancity,59.64924
2026-02-20 13:00:00+00:00,angiang_longxuyen_bacgiang_bacgiangcity_backan_backancity,60.028263
2026-02-20 14:00:00+00:00,angiang_longxuyen_bacgiang_bacgiangcity_backan_backancity,59.97918
2026-02-20 15:00:00+00:00,angiang_longxuyen_bacgiang_bacgiangcity_backan_backancity,60.68282
2026-02-20 16:00:00+00:00,angiang_longxuyen_bacgiang_bacgiangcity_backan_backancity,61.323803
2026-02-20 17:00:00+00:00,angiang_longxuyen_bacgiang_bacgiangcity_backan_backancity,62.341103
2026-02-20 18:00:00+00:00,angiang_longxuyen_bacgiang_bacgiangcity_backan_backancity,63.249496
2026-02-20 19:00:00+00:00,angiang_longxuyen_bacgiang_bacgiangcity_backan_backancity,63.83791
2026-02-20 20:00:00+00:00,angiang_longxuyen_bacgiang_bacgiangcity_backan_backancity,64.31317
2026-02-20 21:00:00+00:00,angiang_longxuyen_bacgiang_bacgiangcity_backan_backancity,64.93971
2026-02-20 22:00:00+00:00,angiang_longxuyen_bacgiang_bacgiangcity_backan_backancity,64.91086
2026-02-20 23:00:00+00:00,angiang_longxuyen_bacgiang_bacgiangcity_backan_backancity,64.710205
2026-02-21 00:00:00+00:00,angiang_longxuyen_bacgiang_bacgiangcity_backan_backancity,64.48583
2026-02-21 01:00:00+00:00,angiang_longxuyen_bacgiang_bacgiangcity_backan_backancity,64.489746
2026-02-21 02:00:00+00:00,angiang_longxuyen_bacgiang_bacgiangcity_backan_backancity,64.513916
2026-02-21 03:00:00+00:00,angiang_longxuyen_bacgiang_bacgiangcity_backan_backancity,65.05627
2026-02-21 04:00:00+00:00,angiang_longxuyen_bacgiang_bacgiangcity_backan_backancity,65.80923
2026-02-21 05:00:00+00:00,angiang_longxuyen_bacgiang_bacgiangcity_backan_backancity,66.96956
2026-02-21 06:00:00+00:00,angiang_longxuyen_bacgiang_bacgiangcity_backan_backancity,67.45743
2026-02-21 07:00:00+00:00,angiang_longxuyen_bacgiang_bacgiangcity_backan_backancity,68.1984
2026-02-21 08:00:00+00:00,angiang_longxuyen_bacgiang_bacgiangcity_backan_backancity,68.941055
2026-02-21 09:00:00+00:00,angiang_longxuyen_bacgiang_bacgiangcity_backan_backancity,69.7914
2026-02-21 10:00:00+00:00,angiang_longxuyen_bacgiang_bacgiangcity_backan_backancity,70.79555
2026-02-21 11:00:00+00:00,angiang_longxuyen_bacgiang_bacgiangcity_backan_backancity,71.598946
2026-02-21 12:00:00+00:00,angiang_longxuyen_bacgiang_bacgiangcity_backan_backancity,72.56439
2026-02-21 13:00:00+00:00,angiang_longxuyen_bacgiang_bacgiangcity_backan_backancity,73.78706
2026-02-21 14:00:00+00:00,angiang_longxuyen_bacgiang_bacgiangcity_backan_backancity,74.994995
2026-02-21 15:00:00+00:00,angiang_longxuyen_bacgiang_bacgiangcity_backan_backancity,76.67435
2026-02-21 16:00:00+00:00,angiang_longxuyen_bacgiang_bacgiangcity_backan_backancity,78.07335
2026-02-21 17:00:00+00:00,angiang_longxuyen_bacgiang_bacgiangcity_backan_backancity,80.925446
2026-02-21 18:00:00+00:00,angiang_longxuyen_bacgiang_bacgiangcity_backan_backancity,83.43603
2026-02-21 19:00:00+00:00,angiang_longxuyen_bacgiang_bacgiangcity_backan_backancity,85.61071
2026-02-21 20:00:00+00:00,angiang_longxuyen_bacgiang_bacgiangcity_backan_backancity,87.33952
2026-02-21 21:00:00+00:00,angiang_longxuyen_bacgiang_bacgiangcity_backan_backancity,88.32789
2026-02-21 22:00:00+00:00,angiang_longxuyen_bacgiang_bacgiangcity_backan_backancity,88.92569
2026-02-21 23:00:00+00:00,angiang_longxuyen_bacgiang_bacgiangcity_backan_backancity,90.490974
2026-02-22 00:00:00+00:00,angiang_longxuyen_bacgiang_bacgiangcity_backan_backancity,91.302155
2026-02-22 01:00:00+00:00,angiang_longxuyen_bacgiang_bacgiangcity_backan_backancity,90.98448
2026-02-22 02:00:00+00:00,angiang_longxuyen_bacgiang_bacgiangcity_backan_backancity,90.48403
2026-02-22 03:00:00+00:00,angiang_longxuyen_bacgiang_bacgiangcity_backan_backancity,90.88106
2026-02-22 04:00:00+00:00,angiang_longxuyen_bacgiang_bacgiangcity_backan_backancity,92.8553
2026-02-22 05:00:00+00:00,angiang_longxuyen_bacgiang_bacgiangcity_backan_backancity,95.979164
2026-02-22 06:00:00+00:00,angiang_longxuyen_bacgiang_bacgiangcity_backan_backancity,98.52571
2026-02-22 07:00:00+00:00,angiang_longxuyen_bacgiang_bacgiangcity_backan_backancity,99.777
2026-02-22 08:00:00+00:00,angiang_longxuyen_bacgiang_bacgiangcity_backan_backancity,99.95329
2026-02-22 09:00:00+00:00,angiang_longxuyen_bacgiang_bacgiangcity_backan_backancity,99.89715
2026-02-22 10:00:00+00:00,angiang_longxuyen_bacgiang_bacgiangcity_backan_backancity,101.9832
2026-02-22 11:00:00+00:00,angiang_longxuyen_bacgiang_bacgiangcity_backan_backancity,104.180695
2026-02-22 12:00:00+00:00,angiang_longxuyen_bacgiang_bacgiangcity_backan_backancity,107.09848
2026-02-22 13:00:00+00:00,angiang_longxuyen_bacgiang_bacgiangcity_backan_backancity,111.00025
2026-02-22 14:00:00+00:00,angiang_longxuyen_bacgiang_bacgiangcity_backan_backancity,114.50638
2026-02-22 15:00:00+00:00,angiang_longxuyen_bacgiang_bacgiangcity_backan_backancity,118.29727
2026-02-22 16:00:00+00:00,angiang_longxuyen_bacgiang_bacgiangcity_backan_backancity,120.33717
2026-02-22 17:00:00+00:00,angiang_longxuyen_bacgiang_bacgiangcity_backan_backancity,120.5322
2026-02-22 18:00:00+00:00,angiang_longxuyen_bacgiang_bacgiangcity_backan_backancity,119.59155
2026-02-22 19:00:00+00:00,angiang_longxuyen_bacgiang_bacgiangcity_backan_backancity,118.40107
2026-02-22 20:00:00+00:00,angiang_longxuyen_bacgiang_bacgiangcity_backan_backancity,116.90145
2026-02-22 21:00:00+00:00,angiang_longxuyen_bacgiang_bacgiangcity_backan_backancity,115.13605
2026-02-22 22:00:00+00:00,angiang_longxuyen_bacgiang_bacgiangcity_backan_backancity,113.23614
2026-02-22 23:00:00+00:00,angiang_longxuyen_bacgiang_bacgiangcity_backan_backancity,111.2803
2026-02-23 00:00:00+00:00,angiang_longxuyen_bacgiang_bacgiangcity_backan_backancity,109.6866
2026-02-23 01:00:00+00:00,angiang_longxuyen_bacgiang_bacgiangcity_backan_backancity,107.250275
2026-02-23 02:00:00+00:00,angiang_longxuyen_bacgiang_bacgiangcity_backan_backancity,105.20705
2026-02-23 03:00:00+00:00,angiang_longxuyen_bacgiang_bacgiangcity_backan_backancity,103.80357
2026-02-23 04:00:00+00:00,angiang_longxuyen_bacgiang_bacgiangcity_backan_backancity,102.68588
2026-02-23 05:00:00+00:00,angiang_longxuyen_bacgiang_bacgiangcity_backan_backancity,101.45829
2026-02-23 06:00:00+00:00,angiang_longxuyen_bacgiang_bacgiangcity_backan_backancity,101.091034
2026-02-23 07:00:00+00:00,angiang_longxuyen_bacgiang_bacgiangcity_backan_backancity,101.36866
2026-02-23 08:00:00+00:00,angiang_longxuyen_bacgiang_bacgiangcity_backan_backancity,101.84036
2026-02-23 09:00:00+00:00,angiang_longxuyen_bacgiang_bacgiangcity_backan_backancity,102.813774
2026-02-23 10:00:00+00:00,angiang_longxuyen_bacgiang_bacgiangcity_backan_backancity,103.1448
2026-02-23 11:00:00+00:00,angiang_longxuyen_bacgiang_bacgiangcity_backan_backancity,103.107864
2026-02-23 12:00:00+00:00,angiang_longxuyen_bacgiang_bacgiangcity_backan_backancity,102.356285
2026-02-23 13:00:00+00:00,angiang_longxuyen_bacgiang_bacgiangcity_backan_backancity,100.86178
2026-02-23 14:00:00+00:00,angiang_longxuyen_bacgiang_bacgiangcity_backan_backancity,97.587234
2026-02-23 15:00:00+00:00,angiang_longxuyen_bacgiang_bacgiangcity_backan_backancity,94.11285
2026-02-23 16:00:00+00:00,angiang_longxuyen_bacgiang_bacgiangcity_backan_backancity,91.34417
2026-02-23 17:00:00+00:00,angiang_longxuyen_bacgiang_bacgiangcity_backan_backancity,89.151375
2026-02-23 18:00:00+00:00,angiang_longxuyen_bacgiang_bacgiangcity_backan_backancity,88.93926
2026-02-23 19:00:00+00:00,angiang_longxuyen_bacgiang_bacgiangcity_backan_backancity,88.95093
2026-02-23 20:00:00+00:00,angiang_longxuyen_bacgiang_bacgiangcity_backan_backancity,89.14043
2026-02-23 21:00:00+00:00,angiang_longxuyen_bacgiang_bacgiangcity_backan_backancity,89.5687
2026-02-23 22:00:00+00:00,angiang_longxuyen_bacgiang_bacgiangcity_backan_backancity,89.50964
2026-02-23 23:00:00+00:00,angiang_longxuyen_bacgiang_bacgiangcity_backan_backancity,90.521286
2026-02-24 00:00:00+00:00,angiang_longxuyen_bacgiang_bacgiangcity_backan_backancity,90.32541
2026-02-24 01:00:00+00:00,angiang_longxuyen_bacgiang_bacgiangcity_backan_backancity,90.695625
2026-02-24 02:00:00+00:00,angiang_longxuyen_bacgiang_bacgiangcity_backan_backancity,90.22084
2026-02-24 03:00:00+00:00,angiang_longxuyen_bacgiang_bacgiangcity_backan_backancity,90.601845
2026-02-24 04:00:00+00:00,angiang_longxuyen_bacgiang_bacgiangcity_backan_backancity,92.22138
2026-02-24 05:00:00+00:00,angiang_longxuyen_bacgiang_bacgiangcity_backan_backancity,94.95083
2026-02-24 06:00:00+00:00,angiang_longxuyen_bacgiang_bacgiangcity_backan_backancity,94.76519
2026-02-24 07:00:00+00:00,angiang_longxuyen_bacgiang_bacgiangcity_backan_backancity,95.57153
2026-02-24 08:00:00+00:00,angiang_longxuyen_bacgiang_bacgiangcity_backan_backancity,96.70448
2026-02-24 09:00:00+00:00,angiang_longxuyen_bacgiang_bacgiangcity_backan_backancity,99.14108
2026-02-24 10:00:00+00:00,angiang_longxuyen_bacgiang_bacgiangcity_backan_backancity,100.02554
2026-02-24 11:00:00+00:00,angiang_longxuyen_bacgiang_bacgiangcity_backan_backancity,101.79006
2026-02-24 12:00:00+00:00,angiang_longxuyen_bacgiang_bacgiangcity_backan_backancity,101.99695
2026-02-24 13:00:00+00:00,angiang_longxuyen_bacgiang_bacgiangcity_backan_backancity,102.59116
2026-02-24 14:00:00+00:00,angiang_longxuyen_bacgiang_bacgiangcity_backan_backancity,103.84642
2026-02-24 15:00:00+00:00,angiang_longxuyen_bacgiang_bacgiangcity_backan_backancity,104.41299
2026-02-24 16:00:00+00:00,angiang_longxuyen_bacgiang_bacgiangcity_backan_backancity,106.38442
2026-02-24 17:00:00+00:00,angiang_longxuyen_bacgiang_bacgiangcity_backan_backancity,108.419685
2026-02-24 18:00:00+00:00,angiang_longxuyen_bacgiang_bacgiangcity_backan_backancity,109.73148
2026-02-24 19:00:00+00:00,angiang_longxuyen_bacgiang_bacgiangcity_backan_backancity,109.91151
2026-02-24 20:00:00+00:00,angiang_longxuyen_bacgiang_bacgiangcity_backan_backancity,110.26443
2026-02-24 21:00:00+00:00,angiang_longxuyen_bacgiang_bacgiangcity_backan_backancity,110.91402
2026-02-24 22:00:00+00:00,angiang_longxuyen_bacgiang_bacgiangcity_backan_backancity,111.53671
2026-02-24 23:00:00+00:00,angiang_longxuyen_bacgiang_bacgiangcity_backan_backancity,112.646454
2026-02-25 00:00:00+00:00,angiang_longxuyen_bacgiang_bacgiangcity_backan_backancity,112.579025
2026-02-25 01:00:00+00:00,angiang_longxuyen_bacgiang_bacgiangcity_backan_backancity,112.281044
2026-02-25 02:00:00+00:00,angiang_longxuyen_bacgiang_bacgiangcity_backan_backancity,112.711815
2026-02-25 03:00:00+00:00,angiang_longxuyen_bacgiang_bacgiangcity_backan_backancity,112.355644
2026-02-25 04:00:00+00:00,angiang_longxuyen_bacgiang_bacgiangcity_backan_backancity,116.039795
2026-02-25 05:00:00+00:00,angiang_longxuyen_bacgiang_bacgiangcity_backan_backancity,121.376335
2026-02-25 06:00:00+00:00,angiang_longxuyen_bacgiang_bacgiangcity_backan_backancity,122.44856
2026-02-25 07:00:00+00:00,angiang_longxuyen_bacgiang_bacgiangcity_backan_backancity,122.53176
2026-02-25 08:00:00+00:00,angiang_longxuyen_bacgiang_bacgiangcity_backan_backancity,122.02574
2026-02-25 09:00:00+00:00,angiang_longxuyen_bacgiang_bacgiangcity_backan_backancity,121.384766
2026-02-25 10:00:00+00:00,angiang_longxuyen_bacgiang_bacgiangcity_backan_backancity,123.1889
2026-02-25 11:00:00+00:00,angiang_longxuyen_bacgiang_bacgiangcity_backan_backancity,123.76276
2026-02-25 12:00:00+00:00,angiang_longxuyen_bacgiang_bacgiangcity_backan_backancity,125.33368
2026-02-25 13:00:00+00:00,angiang_longxuyen_bacgiang_bacgiangcity_backan_backancity,125.72426
2026-02-25 14:00:00+00:00,angiang_longxuyen_bacgiang_bacgiangcity_backan_backancity,126.48343
2026-02-25 15:00:00+00:00,angiang_longxuyen_bacgiang_bacgiangcity_backan_backancity,126.88086
2026-02-25 16:00:00+00:00,angiang_longxuyen_bacgiang_bacgiangcity_backan_backancity,127.82031
2026-02-25 17:00:00+00:00,angiang_longxuyen_bacgiang_bacgiangcity_backan_backancity,129.74759
2026-02-25 18:00:00+00:00,angiang_longxuyen_bacgiang_bacgiangcity_backan_backancity,130.01431
2026-02-25 19:00:00+00:00,angiang_longxuyen_bacgiang_bacgiangcity_backan_backancity,134.85335
2026-02-25 20:00:00+00:00,angiang_longxuyen_bacgiang_bacgiangcity_backan_backancity,136.97156
2026-02-25 21:00:00+00:00,angiang_longxuyen_bacgiang_bacgiangcity_backan_backancity,139.94388
2026-02-25 22:00:00+00:00,angiang_longxuyen_bacgiang_bacgiangcity_backan_backancity,141.89026
2026-02-25 23:00:00+00:00,angiang_longxuyen_bacgiang_bacgiangcity_backan_backancity,142.49344
2026-02-26 00:00:00+00:00,angiang_longxuyen_bacgiang_bacgiangcity_backan_backancity,142.50308
2026-02-26 01:00:00+00:00,angiang_longxuyen_bacgiang_bacgiangcity_backan_backancity,142.99881
2026-02-26 02:00:00+00:00,angiang_longxuyen_bacgiang_bacgiangcity_backan_backancity,142.00508
2026-02-26 03:00:00+00:00,angiang_longxuyen_bacgiang_bacgiangcity_backan_backancity,142.63487
2026-02-26 04:00:00+00:00,angiang_longxuyen_bacgiang_bacgiangcity_backan_backancity,146.5456
2026-02-26 05:00:00+00:00,angiang_longxuyen_bacgiang_bacgiangcity_backan_backancity,149.52509
2026-02-26 06:00:00+00:00,angiang_longxuyen_bacgiang_bacgiangcity_backan_backancity,150.23167
2026-02-26 07:00:00+00:00,angiang_longxuyen_bacgiang_bacgiangcity_backan_backancity,147.97604
2026-02-26 08:00:00+00:00,angiang_longxuyen_bacgiang_bacgiangcity_backan_backancity,145.56078
2026-02-26 09:00:00+00:00,angiang_longxuyen_bacgiang_bacgiangcity_backan_backancity,143.97273
2026-02-26 10:00:00+00:00,angiang_longxuyen_bacgiang_bacgiangcity_backan_backancity,141.49008
2026-02-26 11:00:00+00:00,angiang_longxuyen_bacgiang_bacgiangcity_backan_backancity,139.51016
2026-02-26 12:00:00+00:00,angiang_longxuyen_bacgiang_bacgiangcity_backan_backancity,136.02086
2026-02-26 13:00:00+00:00,angiang_longxuyen_bacgiang_bacgiangcity_backan_backancity,133.73433
2026-02-26 14:00:00+00:00,angiang_longxuyen_bacgiang_bacgiangcity_backan_backancity,131.38574
2026-02-26 15:00:00+00:00,angiang_longxuyen_bacgiang_bacgiangcity_backan_backancity,128.88564
2026-02-26 16:00:00+00:00,angiang_longxuyen_bacgiang_bacgiangcity_backan_backancity,126.47331
2026-02-26 17:00:00+00:00,angiang_longxuyen_bacgiang_bacgiangcity_backan_backancity,124.25389
2026-02-26 18:00:00+00:00,angiang_longxuyen_bacgiang_bacgiangcity_backan_backancity,121.89919
2026-02-26 19:00:00+00:00,angiang_longxuyen_bacgiang_bacgiangcity_backan_backancity,116.22763
2026-02-26 20:00:00+00:00,angiang_longxuyen_bacgiang_bacgiangcity_backan_backancity,112.47221
2026-02-26 21:00:00+00:00,angiang_longxuyen_bacgiang_bacgiangcity_backan_backancity,110.404175
2026-02-26 22:00:00+00:00,angiang_longxuyen_bacgiang_bacgiangcity_backan_backancity,108.07633
2026-02-26 23:00:00+00:00,angiang_longxuyen_bacgiang_bacgiangcity_backan_backancity,106.37449
2026-02-27 00:00:00+00:00,angiang_longxuyen_bacgiang_bacgiangcity_backan_backancity,103.98317
2026-02-27 01:00:00+00:00,angiang_longxuyen_bacgiang_bacgiangcity_backan_backancity,101.34976
2026-02-27 02:00:00+00:00,angiang_longxuyen_bacgiang_bacgiangcity_backan_backancity,98.587166
2026-02-27 03:00:00+00:00,angiang_longxuyen_bacgiang_bacgiangcity_backan_backancity,96.29259
2026-02-27 04:00:00+00:00,angiang_longxuyen_bacgiang_bacgiangcity_backan_backancity,94.82328
2026-02-27 05:00:00+00:00,angiang_longxuyen_bacgiang_bacgiangcity_backan_backancity,94.520966
2026-02-27 06:00:00+00:00,angiang_longxuyen_bacgiang_bacgiangcity_backan_backancity,94.424446
2026-02-27 07:00:00+00:00,angiang_longxuyen_bacgiang_bacgiangcity_backan_backancity,93.468124
2026-02-27 08:00:00+00:00,angiang_longxuyen_bacgiang_bacgiangcity_backan_backancity,93.80856
2026-02-27 09:00:00+00:00,angiang_longxuyen_bacgiang_bacgiangcity_backan_backancity,94.85332
2026-02-27 10:00:00+00:00,angiang_longxuyen_bacgiang_bacgiangcity_backan_backancity,96.79135
2026-02-27 11:00:00+00:00,angiang_longxuyen_bacgiang_bacgiangcity_backan_backancity,100.444496
2026-02-27 12:00:00+00:00,angiang_longxuyen_bacgiang_bacgiangcity_backan_backancity,104.84987
2026-02-27 13:00:00+00:00,angiang_longxuyen_bacgiang_bacgiangcity_backan_backancity,109.26348
2026-02-27 14:00:00+00:00,angiang_longxuyen_bacgiang_bacgiangcity_backan_backancity,112.00675
2026-02-27 15:00:00+00:00,angiang_longxuyen_bacgiang_bacgiangcity_backan_backancity,113.65637
2026-02-27 16:00:00+00:00,angiang_longxuyen_bacgiang_bacgiangcity_backan_backancity,114.467
2026-02-27 17:00:00+00:00,angiang_longxuyen_bacgiang_bacgiangcity_backan_backancity,112.53155
2026-02-27 18:00:00+00:00,angiang_longxuyen_bacgiang_bacgiangcity_backan_backancity,110.72763
2026-02-27 19:00:00+00:00,angiang_longxuyen_bacgiang_bacgiangcity_backan_backancity,108.40848
2026-02-27 20:00:00+00:00,angiang_longxuyen_bacgiang_bacgiangcity_backan_backancity,106.794525
2026-02-27 21:00:00+00:00,angiang_longxuyen_bacgiang_bacgiangcity_backan_backancity,105.48552
2026-02-27 22:00:00+00:00,angiang_longxuyen_bacgiang_bacgiangcity_backan_backancity,104.768654
2026-02-27 23:00:00+00:00,angiang_longxuyen_bacgiang_bacgiangcity_backan_backancity,161.90656
2026-02-28 00:00:00+00:00,angiang_longxuyen_bacgiang_bacgiangcity_backan_backancity,160.84004
2026-02-28 01:00:00+00:00,angiang_longxuyen_bacgiang_bacgiangcity_backan_backancity,159.61562
2026-02-28 02:00:00+00:00,angiang_longxuyen_bacgiang_bacgiangcity_backan_backancity,158.14694
2026-02-28 03:00:00+00:00,angiang_longxuyen_bacgiang_bacgiangcity_backan_backancity,155.85487
2026-02-28 04:00:00+00:00,angiang_longxuyen_bacgiang_bacgiangcity_backan_backancity,153.86195
2026-02-28 05:00:00+00:00,angiang_longxuyen_bacgiang_bacgiangcity_backan_backancity,151.83035
2026-02-28 06:00:00+00:00,angiang_longxuyen_bacgiang_bacgiangcity_backan_backancity,151.40048
2026-02-28 07:00:00+00:00,angiang_longxuyen_bacgiang_bacgiangcity_backan_backancity,151.11795
2026-02-28 08:00:00+00:00,angiang_longxuyen_bacgiang_bacgiangcity_backan_backancity,150.6465
2026-02-28 09:00:00+00:00,angiang_longxuyen_bacgiang_bacgiangcity_backan_backancity,149.08064
2026-02-28 10:00:00+00:00,angiang_longxuyen_bacgiang_bacgiangcity_backan_backancity,148.22278
2026-02-28 11:00:00+00:00,angiang_longxuyen_bacgiang_bacgiangcity_backan_backancity,146.5848
2026-02-28 12:00:00+00:00,angiang_longxuyen_bacgiang_bacgiangcity_backan_backancity,145.60907
2026-02-28 13:00:00+00:00,angiang_longxuyen_bacgiang_bacgiangcity_backan_backancity,146.39108
2026-02-28 14:00:00+00:00,angiang_longxuyen_bacgiang_bacgiangcity_backan_backancity,148.3817
2026-02-28 15:00:00+00:00,angiang_longxuyen_bacgiang_bacgiangcity_backan_backancity,146.91583
2026-02-28 16:00:00+00:00,angiang_longxuyen_bacgiang_bacgiangcity_backan_backancity,145.9784
2026-02-28 17:00:00+00:00,angiang_longxuyen_bacgiang_bacgiangcity_backan_backancity,145.14948
2026-02-28 18:00:00+00:00,angiang_longxuyen_bacgiang_bacgiangcity_backan_backancity,143.73389
2026-02-28 19:00:00+00:00,angiang_longxuyen_bacgiang_bacgiangcity_backan_backancity,144.10599
2026-02-28 20:00:00+00:00,angiang_longxuyen_bacgiang_bacgiangcity_backan_backancity,144.45915
2026-02-28 21:00:00+00:00,angiang_longxuyen_bacgiang_bacgiangcity_backan_backancity,144.70685
2026-02-28 22:00:00+00:00,angiang_longxuyen_bacgiang_bacgiangcity_backan_backancity,144.86844
2026-02-28 23:00:00+00:00,angiang_longxuyen_bacgiang_bacgiangcity_backan_backancity,143.10577
2026-03-01 00:00:00+00:00,angiang_longxuyen_bacgiang_bacgiangcity_backan_backancity,141.08566
2026-03-01 01:00:00+00:00,angiang_longxuyen_bacgiang_bacgiangcity_backan_backancity,138.73409
2026-03-01 02:00:00+00:00,angiang_longxuyen_bacgiang_bacgiangcity_backan_backancity,134.37924
2026-03-01 03:00:00+00:00,angiang_longxuyen_bacgiang_bacgiangcity_backan_backancity,129.36401
2026-03-01 04:00:00+00:00,angiang_longxuyen_bacgiang_bacgiangcity_backan_backancity,123.70158
2026-03-01 05:00:00+00:00,angiang_longxuyen_bacgiang_bacgiangcity_backan_backancity,119.2038
2026-03-01 06:00:00+00:00,angiang_longxuyen_bacgiang_bacgiangcity_backan_backancity,117.64572
2026-03-01 07:00:00+00:00,angiang_longxuyen_bacgiang_bacgiangcity_backan_backancity,115.90603
2026-03-01 08:00:00+00:00,angiang_longxuyen_bacgiang_bacgiangcity_backan_backancity,115.00218
2026-03-01 09:00:00+00:00,angiang_longxuyen_bacgiang_bacgiangcity_backan_backancity,114.5998
2026-03-01 10:00:00+00:00,angiang_longxuyen_bacgiang_bacgiangcity_backan_backancity,113.788246
2026-03-01 11:00:00+00:00,angiang_longxuyen_bacgiang_bacgiangcity_backan_backancity,112.710686
2026-03-01 12:00:00+00:00,angiang_longxuyen_bacgiang_bacgiangcity_backan_backancity,113.18587
2026-03-01 13:00:00+00:00,angiang_longxuyen_bacgiang_bacgiangcity_backan_backancity,116.65892
2026-03-01 14:00:00+00:00,angiang_longxuyen_bacgiang_bacgiangcity_backan_backancity,120.25536
2026-03-01 15:00:00+00:00,angiang_longxuyen_bacgiang_bacgiangcity_backan_backancity,120.521675
2026-03-01 16:00:00+00:00,angiang_longxuyen_bacgiang_bacgiangcity_backan_backancity,116.90383
2026-03-01 17:00:00+00:00,angiang_longxuyen_bacgiang_bacgiangcity_backan_backancity,114.080956
2026-03-01 18:00:00+00:00,angiang_longxuyen_bacgiang_bacgiangcity_backan_backancity,112.212234
2026-03-01 19:00:00+00:00,angiang_longxuyen_bacgiang_bacgiangcity_backan_backancity,112.32395
2026-03-01 20:00:00+00:00,angiang_longxuyen_bacgiang_bacgiangcity_backan_backancity,114.27514
2026-03-01 21:00:00+00:00,angiang_longxuyen_bacgiang_bacgiangcity_backan_backancity,116.77135
2026-03-01 22:00:00+00:00,angiang_longxuyen_bacgiang_bacgiangcity_backan_backancity,119.86257
2026-03-01 23:00:00+00:00,angiang_longxuyen_bacgiang_bacgiangcity_backan_backancity,123.34456
2026-03-02 00:00:00+00:00,angiang_longxuyen_bacgiang_bacgiangcity_backan_backancity,128.08554
2026-03-02 01:00:00+00:00,angiang_longxuyen_bacgiang_bacgiangcity_backan_backancity,130.96521
2026-03-02 02:00:00+00:00,angiang_longxuyen_bacgiang_bacgiangcity_backan_backancity,133.69543
2026-03-02 03:00:00+00:00,angiang_longxuyen_bacgiang_bacgiangcity_backan_backancity,136.19916
2026-03-02 04:00:00+00:00,angiang_longxuyen_bacgiang_bacgiangcity_backan_backancity,139.80222
2026-03-02 05:00:00+00:00,angiang_longxuyen_bacgiang_bacgiangcity_backan_backancity,141.54329
2026-03-02 06:00:00+00:00,angiang_longxuyen_bacgiang_bacgiangcity_backan_backancity,143.12416
2026-03-02 07:00:00+00:00,angiang_longxuyen_bacgiang_bacgiangcity_backan_backancity,143.31561
2026-03-02 08:00:00+00:00,angiang_longxuyen_bacgiang_bacgiangcity_backan_backancity,143.42368
2026-03-02 09:00:00+00:00,angiang_longxuyen_bacgiang_bacgiangcity_backan_backancity,143.09901
2026-03-02 10:00:00+00:00,angiang_longxuyen_bacgiang_bacgiangcity_backan_backancity,142.20319
2026-03-02 11:00:00+00:00,angiang_longxuyen_bacgiang_bacgiangcity_backan_backancity,141.13034
2026-03-02 12:00:00+00:00,angiang_longxuyen_bacgiang_bacgiangcity_backan_backancity,140.29214
2026-03-02 13:00:00+00:00,angiang_longxuyen_bacgiang_bacgiangcity_backan_backancity,141.89767
2026-03-02 14:00:00+00:00,angiang_longxuyen_bacgiang_bacgiangcity_backan_backancity,144.1128
2026-03-02 15:00:00+00:00,angiang_longxuyen_bacgiang_bacgiangcity_backan_backancity,144.20506
2026-03-02 16:00:00+00:00,angiang_longxuyen_bacgiang_bacgiangcity_backan_backancity,143.66312
2026-03-02 17:00:00+00:00,angiang_longxuyen_bacgiang_bacgiangcity_backan_backancity,143.37413
2026-03-02 18:00:00+00:00,angiang_longxuyen_bacgiang_bacgiangcity_backan_backancity,143.13568
2026-03-02 19:00:00+00:00,angiang_longxuyen_bacgiang_bacgiangcity_backan_backancity,141.76479
2026-03-02 20:00:00+00:00,angiang_longxuyen_bacgiang_bacgiangcity_backan_backancity,140.08638
2026-03-02 21:00:00+00:00,angiang_longxuyen_bacgiang_bacgiangcity_backan_backancity,138.44865
2026-03-02 22:00:00+00:00,angiang_longxuyen_bacgiang_bacgiangcity_backan_backancity,136.33598
2026-03-02 23:00:00+00:00,angiang_longxuyen_bacgiang_bacgiangcity_backan_backancity,133.82188
2026-03-03 00:00:00+00:00,angiang_longxuyen_bacgiang_bacgiangcity_backan_backancity,129.66396
2026-03-03 01:00:00+00:00,angiang_longxuyen_bacgiang_bacgiangcity_backan_backancity,126.309364
2026-03-03 02:00:00+00:00,angiang_longxuyen_bacgiang_bacgiangcity_backan_backancity,121.54682
2026-03-03 03:00:00+00:00,angiang_longxuyen_bacgiang_bacgiangcity_backan_backancity,117.45535
2026-03-03 04:00:00+00:00,angiang_longxuyen_bacgiang_bacgiangcity_backan_backancity,111.57009
2026-03-03 05:00:00+00:00,angiang_longxuyen_bacgiang_bacgiangcity_backan_backancity,105.65325
2026-03-03 06:00:00+00:00,angiang_longxuyen_bacgiang_bacgiangcity_backan_backancity,102.94202
2026-03-03 07:00:00+00:00,angiang_longxuyen_bacgiang_bacgiangcity_backan_backancity,101.724686
2026-03-03 08:00:00+00:00,angiang_longxuyen_bacgiang_bacgiangcity_backan_backancity,100.82817
2026-03-03 09:00:00+00:00,angiang_longxuyen_bacgiang_bacgiangcity_backan_backancity,99.42983
2026-03-03 10:00:00+00:00,angiang_longxuyen_bacgiang_bacgiangcity_backan_backancity,99.074104
2026-03-03 11:00:00+00:00,angiang_longxuyen_bacgiang_bacgiangcity_backan_backancity,98.53452
2026-03-03 12:00:00+00:00,angiang_longxuyen_bacgiang_bacgiangcity_backan_backancity,97.390656
2026-03-03 13:00:00+00:00,angiang_longxuyen_bacgiang_bacgiangcity_backan_backancity,97.13241
2026-03-03 14:00:00+00:00,angiang_longxuyen_bacgiang_bacgiangcity_backan_backancity,96.291504
2026-03-03 15:00:00+00:00,angiang_longxuyen_bacgiang_bacgiangcity_backan_backancity,95.755066
2026-03-03 16:00:00+00:00,angiang_longxuyen_bacgiang_bacgiangcity_backan_backancity,96.35986
2026-03-03 17:00:00+00:00,angiang_longxuyen_bacgiang_bacgiangcity_backan_backancity,98.36319
2026-03-03 18:00:00+00:00,angiang_longxuyen_bacgiang_bacgiangcity_backan_backancity,98.967636
2026-03-03 19:00:00+00:00,angiang_longxuyen_bacgiang_bacgiangcity_backan_backancity,101.35512
2026-03-03 20:00:00+00:00,angiang_longxuyen_bacgiang_bacgiangcity_backan_backancity,102.72698
2026-03-03 21:00:00+00:00,angiang_longxuyen_bacgiang_bacgiangcity_backan_backancity,103.61771
2026-03-03 22:00:00+00:00,angiang_longxuyen_bacgiang_bacgiangcity_backan_backancity,103.11339
2026-03-03 23:00:00+00:00,angiang_longxuyen_bacgiang_bacgiangcity_backan_backancity,102.396454
2026-03-04 00:00:00+00:00,angiang_longxuyen_bacgiang_bacgiangcity_backan_backancity,102.00392
2026-03-04 01:00:00+00:00,angiang_longxuyen_bacgiang_bacgiangcity_backan_backancity,101.13114
2026-03-04 02:00:00+00:00,angiang_longxuyen_bacgiang_bacgiangcity_backan_backancity,101.08104
2026-03-04 03:00:00+00:00,angiang_longxuyen_bacgiang_bacgiangcity_backan_backancity,101.13516
2026-03-04 04:00:00+00:00,angiang_longxuyen_bacgiang_bacgiangcity_backan_backancity,100.231674
2026-03-04 05:00:00+00:00,angiang_longxuyen_bacgiang_bacgiangcity_backan_backancity,100.92531
2026-03-04 06:00:00+00:00,angiang_longxuyen_bacgiang_bacgiangcity_backan_backancity,100.93663
2026-03-04 07:00:00+00:00,angiang_longxuyen_bacgiang_bacgiangcity_backan_backancity,100.82202
2026-03-04 08:00:00+00:00,angiang_longxuyen_bacgiang_bacgiangcity_backan_backancity,100.1389
2026-03-04 09:00:00+00:00,angiang_longxuyen_bacgiang_bacgiangcity_backan_backancity,99.54466
2026-03-04 10:00:00+00:00,angiang_longxuyen_bacgiang_bacgiangcity_backan_backancity,99.43317
2026-03-04 11:00:00+00:00,angiang_longxuyen_bacgiang_bacgiangcity_backan_backancity,99.471176
2026-03-04 12:00:00+00:00,angiang_longxuyen_bacgiang_bacgiangcity_backan_backancity,99.88305
2026-03-04 13:00:00+00:00,angiang_longxuyen_bacgiang_bacgiangcity_backan_backancity,100.090454
2026-03-04 14:00:00+00:00,angiang_longxuyen_bacgiang_bacgiangcity_backan_backancity,101.38353
2026-03-04 15:00:00+00:00,angiang_longxuyen_bacgiang_bacgiangcity_backan_backancity,101.812454
2026-03-04 16:00:00+00:00,angiang_longxuyen_bacgiang_bacgiangcity_backan_backancity,101.23318
2026-03-04 17:00:00+00:00,angiang_longxuyen_bacgiang_bacgiangcity_backan_backancity,99.37446
2026-03-04 18:00:00+00:00,angiang_longxuyen_bacgiang_bacgiangcity_backan_backancity,98.359146
2026-03-04 19:00:00+00:00,angiang_longxuyen_bacgiang_bacgiangcity_backan_backancity,96.1671
2026-03-04 20:00:00+00:00,angiang_longxuyen_bacgiang_bacgiangcity_backan_backancity,92.9785
2026-03-04 21:00:00+00:00,angiang_longxuyen_bacgiang_bacgiangcity_backan_backancity,88.56712
2026-03-04 22:00:00+00:00,angiang_longxuyen_bacgiang_bacgiangcity_backan_backancity,85.62094
2026-03-04 23:00:00+00:00,angiang_longxuyen_bacgiang_bacgiangcity_backan_backancity,82.15446
2026-03-05 00:00:00+00:00,angiang_longxuyen_bacgiang_bacgiangcity_backan_backancity,80.31711
2026-03-05 01:00:00+00:00,angiang_longxuyen_bacgiang_bacgiangcity_backan_backancity,78.52316
2026-03-05 02:00:00+00:00,angiang_longxuyen_bacgiang_bacgiangcity_backan_backancity,77.29551
2026-03-05 03:00:00+00:00,angiang_longxuyen_bacgiang_bacgiangcity_backan_backancity,76.807724
2026-03-05 04:00:00+00:00,angiang_longxuyen_bacgiang_bacgiangcity_backan_backancity,76.4604
2026-03-05 05:00:00+00:00,angiang_longxuyen_bacgiang_bacgiangcity_backan_backancity,75.971504
2026-03-05 06:00:00+00:00,angiang_longxuyen_bacgiang_bacgiangcity_backan_backancity,75.304855
2026-03-05 07:00:00+00:00,angiang_longxuyen_bacgiang_bacgiangcity_backan_backancity,74.40295
2026-03-05 08:00:00+00:00,angiang_longxuyen_bacgiang_bacgiangcity_backan_backancity,74.260895
2026-03-05 09:00:00+00:00,angiang_longxuyen_bacgiang_bacgiangcity_backan_backancity,74.081345
2026-03-05 10:00:00+00:00,angiang_longxuyen_bacgiang_bacgiangcity_backan_backancity,73.80815
2026-03-05 11:00:00+00:00,angiang_longxuyen_bacgiang_bacgiangcity_backan_backancity,73.48571
2026-03-05 12:00:00+00:00,angiang_longxuyen_bacgiang_bacgiangcity_backan_backancity,74.29646
2026-03-05 13:00:00+00:00,angiang_longxuyen_bacgiang_bacgiangcity_backan_backancity,75.362595
2026-03-05 14:00:00+00:00,angiang_longxuyen_bacgiang_bacgiangcity_backan_backancity,76.5251
2026-03-05 15:00:00+00:00,angiang_longxuyen_bacgiang_bacgiangcity_backan_backancity,79.375626
2026-03-05 16:00:00+00:00,angiang_longxuyen_bacgiang_bacgiangcity_backan_backancity,80.22667
2026-03-05 17:00:00+00:00,angiang_longxuyen_bacgiang_bacgiangcity_backan_backancity,81.398186
2026-03-05 18:00:00+00:00,angiang_longxuyen_bacgiang_bacgiangcity_backan_backancity,82.61409
2026-03-05 19:00:00+00:00,angiang_longxuyen_bacgiang_bacgiangcity_backan_backancity,84.7883
2026-03-05 20:00:00+00:00,angiang_longxuyen_bacgiang_bacgiangcity_backan_backancity,87.563126
2026-03-05 21:00:00+00:00,angiang_longxuyen_bacgiang_bacgiangcity_backan_backancity,89.278366
2026-03-05 22:00:00+00:00,angiang_longxuyen_bacgiang_bacgiangcity_backan_backancity,92.136475
2026-03-05 23:00:00+00:00,angiang_longxuyen_bacgiang_bacgiangcity_backan_backancity,93.96321
2026-03-06 00:00:00+00:00,angiang_longxuyen_bacgiang_bacgiangcity_backan_backancity,96.17698
2026-03-06 01:00:00+00:00,angiang_longxuyen_bacgiang_bacgiangcity_backan_backancity,98.132675
2026-03-06 02:00:00+00:00,angiang_longxuyen_bacgiang_bacgiangcity_backan_backancity,100.0824
2026-03-06 03:00:00+00:00,angiang_longxuyen_bacgiang_bacgiangcity_backan_backancity,102.63007
2026-03-06 04:00:00+00:00,angiang_longxuyen_bacgiang_bacgiangcity_backan_backancity,104.36185
2026-03-06 05:00:00+00:00,angiang_longxuyen_bacgiang_bacgiangcity_backan_backancity,105.07878
2026-03-06 06:00:00+00:00,angiang_longxuyen_bacgiang_bacgiangcity_backan_backancity,105.187325
2026-03-06 07:00:00+00:00,angiang_longxuyen_bacgiang_bacgiangcity_backan_backancity,105.48918
2026-03-06 08:00:00+00:00,angiang_longxuyen_bacgiang_bacgiangcity_backan_backancity,106.187775
2026-03-06 09:00:00+00:00,angiang_longxuyen_bacgiang_bacgiangcity_backan_backancity,106.299385
2026-03-06 10:00:00+00:00,angiang_longxuyen_bacgiang_bacgiangcity_backan_backancity,106.29035
2026-03-06 11:00:00+00:00,angiang_longxuyen_bacgiang_bacgiangcity_backan_backancity,105.77
2026-03-06 12:00:00+00:00,angiang_longxuyen_bacgiang_bacgiangcity_backan_backancity,105.60069
2026-03-06 13:00:00+00:00,angiang_longxuyen_bacgiang_bacgiangcity_backan_backancity,106.57438
2026-03-06 14:00:00+00:00,angiang_longxuyen_bacgiang_bacgiangcity_backan_backancity,107.644
2026-03-06 15:00:00+00:00,angiang_longxuyen_bacgiang_bacgiangcity_backan_backancity,108.88761
2026-03-06 16:00:00+00:00,angiang_longxuyen_bacgiang_bacgiangcity_backan_backancity,109.768684
2026-03-06 17:00:00+00:00,angiang_longxuyen_bacgiang_bacgiangcity_backan_backancity,111.85585
2026-03-06 18:00:00+00:00,angiang_longxuyen_bacgiang_bacgiangcity_backan_backancity,113.15835
2026-03-06 19:00:00+00:00,angiang_longxuyen_bacgiang_bacgiangcity_backan_backancity,116.224365
2026-03-06 20:00:00+00:00,angiang_longxuyen_bacgiang_bacgiangcity_backan_backancity,118.95511
2026-03-06 21:00:00+00:00,angiang_longxuyen_bacgiang_bacgiangcity_backan_backancity,121.16627
2026-03-06 22:00:00+00:00,angiang_longxuyen_bacgiang_bacgiangcity_backan_backancity,122.38416
2026-03-06 23:00:00+00:00,angiang_longxuyen_bacgiang_bacgiangcity_backan_backancity,125.04677
2026-03-07 00:00:00+00:00,angiang_longxuyen_bacgiang_bacgiangcity_backan_backancity,127.4481
2026-03-07 01:00:00+00:00,angiang_longxuyen_bacgiang_bacgiangcity_backan_backancity,129.9966
2026-03-07 02:00:00+00:00,angiang_longxuyen_bacgiang_bacgiangcity_backan_backancity,130.79655
2026-03-07 03:00:00+00:00,angiang_longxuyen_bacgiang_bacgiangcity_backan_backancity,132.88408
2026-03-07 04:00:00+00:00,angiang_longxuyen_bacgiang_bacgiangcity_backan_backancity,134.56772
2026-03-07 05:00:00+00:00,angiang_longxuyen_bacgiang_bacgiangcity_backan_backancity,135.19063
2026-03-07 06:00:00+00:00,angiang_longxuyen_bacgiang_bacgiangcity_backan_backancity,137.19864
2026-03-07 07:00:00+00:00,angiang_longxuyen_bacgiang_bacgiangcity_backan_backancity,137.68285
2026-03-07 08:00:00+00:00,angiang_longxuyen_bacgiang_bacgiangcity_backan_backancity,138.16916
2026-03-07 09:00:00+00:00,angiang_longxuyen_bacgiang_bacgiangcity_backan_backancity,137.66939
2026-03-07 10:00:00+00:00,angiang_longxuyen_bacgiang_bacgiangcity_backan_backancity,137.8266
2026-03-07 11:00:00+00:00,angiang_longxuyen_bacgiang_bacgiangcity_backan_backancity,136.7625
2026-03-07 12:00:00+00:00,angiang_longxuyen_bacgiang_bacgiangcity_backan_backancity,136.98096
2026-03-07 13:00:00+00:00,angiang_longxuyen_bacgiang_bacgiangcity_backan_backancity,140.14474
2026-03-07 14:00:00+00:00,angiang_longxuyen_bacgiang_bacgiangcity_backan_backancity,140.95056
2026-03-07 15:00:00+00:00,angiang_longxuyen_bacgiang_bacgiangcity_backan_backancity,141.78714
2026-03-07 16:00:00+00:00,angiang_longxuyen_bacgiang_bacgiangcity_backan_backancity,142.45633
2026-03-07 17:00:00+00:00,angiang_longxuyen_bacgiang_bacgiangcity_backan_backancity,142.5979
2026-03-07 18:00:00+00:00,angiang_longxuyen_bacgiang_bacgiangcity_backan_backancity,145.32542
2026-03-07 19:00:00+00:00,angiang_longxuyen_bacgiang_bacgiangcity_backan_backancity,146.26517
2026-03-07 20:00:00+00:00,angiang_longxuyen_bacgiang_bacgiangcity_backan_backancity,148.33842
2026-03-07 21:00:00+00:00,angiang_longxuyen_bacgiang_bacgiangcity_backan_backancity,150.62047
2026-03-07 22:00:00+00:00,angiang_longxuyen_bacgiang_bacgiangcity_backan_backancity,154.34384
2026-03-07 23:00:00+00:00,angiang_longxuyen_bacgiang_bacgiangcity_backan_backancity,156.23978
2026-03-08 00:00:00+00:00,angiang_longxuyen_bacgiang_bacgiangcity_backan_backancity,158.04294
2026-03-08 01:00:00+00:00,angiang_longxuyen_bacgiang_bacgiangcity_backan_backancity,159.9653
2026-03-08 02:00:00+00:00,angiang_longxuyen_bacgiang_bacgiangcity_backan_backancity,161.48007
2026-03-08 03:00:00+00:00,angiang_longxuyen_bacgiang_bacgiangcity_backan_backancity,164.198
2026-03-08 04:00:00+00:00,angiang_longxuyen_bacgiang_bacgiangcity_backan_backancity,164.79745
2026-03-08 05:00:00+00:00,angiang_longxuyen_bacgiang_bacgiangcity_backan_backancity,165.00409
2026-03-08 06:00:00+00:00,angiang_longxuyen_bacgiang_bacgiangcity_backan_backancity,164.6156
2026-03-08 07:00:00+00:00,angiang_longxuyen_bacgiang_bacgiangcity_backan_backancity,165.62982
2026-03-08 08:00:00+00:00,angiang_longxuyen_bacgiang_bacgiangcity_backan_backancity,165.18826
2026-03-08 09:00:00+00:00,angiang_longxuyen_bacgiang_bacgiangcity_backan_backancity,164.04477
2026-03-08 10:00:00+00:00,angiang_longxuyen_bacgiang_bacgiangcity_backan_backancity,162.66862
2026-03-08 11:00:00+00:00,angiang_longxuyen_bacgiang_bacgiangcity_backan_backancity,161.21313
2026-03-08 12:00:00+00:00,angiang_longxuyen_bacgiang_bacgiangcity_backan_backancity,160.28668
2026-03-08 13:00:00+00:00,angiang_longxuyen_bacgiang_bacgiangcity_backan_backancity,161.48349
2026-03-08 14:00:00+00:00,angiang_longxuyen_bacgiang_bacgiangcity_backan_backancity,163.6719
2026-03-08 15:00:00+00:00,angiang_longxuyen_bacgiang_bacgiangcity_backan_backancity,164.19281
2026-03-08 16:00:00+00:00,angiang_longxuyen_bacgiang_bacgiangcity_backan_backancity,163.61417
2026-03-08 17:00:00+00:00,angiang_longxuyen_bacgiang_bacgiangcity_backan_backancity,164.53499
2026-03-08 18:00:00+00:00,angiang_longxuyen_bacgiang_bacgiangcity_backan_backancity,164.14116
2026-03-08 19:00:00+00:00,angiang_longxuyen_bacgiang_bacgiangcity_backan_backancity,164.90489
2026-03-08 20:00:00+00:00,angiang_longxuyen_bacgiang_bacgiangcity_backan_backancity,164.37408
2026-03-08 21:00:00+00:00,angiang_longxuyen_bacgiang_bacgiangcity_backan_backancity,163.40363
2026-03-08 22:00:00+00:00,angiang_longxuyen_bacgiang_bacgiangcity_backan_backancity,163.41653
2026-03-08 23:00:00+00:00,angiang_longxuyen_bacgiang_bacgiangcity_backan_backancity,162.21613
2026-03-09 00:00:00+00:00,angiang_longxuyen_bacgiang_bacgiangcity_backan_backancity,161.62434
2026-03-09 01:00:00+00:00,angiang_longxuyen_bacgiang_bacgiangcity_backan_backancity,159.65582
2026-03-09 02:00:00+00:00,angiang_longxuyen_bacgiang_bacgiangcity_backan_backancity,156.63956
2026-03-09 03:00:00+00:00,angiang_longxuyen_bacgiang_bacgiangcity_backan_backancity,153.99857
2026-03-09 04:00:00+00:00,angiang_longxuyen_bacgiang_bacgiangcity_backan_backancity,151.17001
2026-03-09 05:00:00+00:00,angiang_longxuyen_bacgiang_bacgiangcity_backan_backancity,149.88385
2026-03-09 06:00:00+00:00,angiang_longxuyen_bacgiang_bacgiangcity_backan_backancity,149.03757
2026-03-09 07:00:00+00:00,angiang_longxuyen_bacgiang_bacgiangcity_backan_backancity,148.98322
2026-03-09 08:00:00+00:00,angiang_longxuyen_bacgiang_bacgiangcity_backan_backancity,148.55861
2026-03-09 09:00:00+00:00,angiang_longxuyen_bacgiang_bacgiangcity_backan_backancity,148.17035
2026-03-09 10:00:00+00:00,angiang_longxuyen_bacgiang_bacgiangcity_backan_backancity,147.35849
2026-03-09 11:00:00+00:00,angiang_longxuyen_bacgiang_bacgiangcity_backan_backancity,145.32306
2026-03-09 12:00:00+00:00,angiang_longxuyen_bacgiang_bacgiangcity_backan_backancity,144.62335
2026-03-09 13:00:00+00:00,angiang_longxuyen_bacgiang_bacgiangcity_backan_backancity,145.37955
2026-03-09 14:00:00+00:00,angiang_longxuyen_bacgiang_bacgiangcity_backan_backancity,146.17973
2026-03-09 15:00:00+00:00,angiang_longxuyen_bacgiang_bacgiangcity_backan_backancity,145.99316
2026-03-09 16:00:00+00:00,angiang_longxuyen_bacgiang_bacgiangcity_backan_backancity,146.07666
2026-03-09 17:00:00+00:00,angiang_longxuyen_bacgiang_bacgiangcity_backan_backancity,146.3262
2026-03-09 18:00:00+00:00,angiang_longxuyen_bacgiang_bacgiangcity_backan_backancity,146.26309
2026-03-09 19:00:00+00:00,angiang_longxuyen_bacgiang_bacgiangcity_backan_backancity,144.1004
2026-03-09 20:00:00+00:00,angiang_longxuyen_bacgiang_bacgiangcity_backan_backancity,140.5339
2026-03-09 21:00:00+00:00,angiang_longxuyen_bacgiang_bacgiangcity_backan_backancity,134.37825
2026-03-09 22:00:00+00:00,angiang_longxuyen_bacgiang_bacgiangcity_backan_backancity,127.27464
2026-03-09 23:00:00+00:00,angiang_longxuyen_bacgiang_bacgiangcity_backan_backancity,120.05823
2026-03-10 00:00:00+00:00,angiang_longxuyen_bacgiang_bacgiangcity_backan_backancity,112.38243
2026-03-10 01:00:00+00:00,angiang_longxuyen_bacgiang_bacgiangcity_backan_backancity,106.343994
2026-03-10 02:00:00+00:00,angiang_longxuyen_bacgiang_bacgiangcity_backan_backancity,101.32474
2026-03-10 03:00:00+00:00,angiang_longxuyen_bacgiang_bacgiangcity_backan_backancity,98.90367
2026-03-10 04:00:00+00:00,angiang_longxuyen_bacgiang_bacgiangcity_backan_backancity,97.34505
2026-03-10 05:00:00+00:00,angiang_longxuyen_bacgiang_bacgiangcity_backan_backancity,96.32213
2026-03-10 06:00:00+00:00,angiang_longxuyen_bacgiang_bacgiangcity_backan_backancity,95.822914
2026-03-10 07:00:00+00:00,angiang_longxuyen_bacgiang_bacgiangcity_backan_backancity,94.741394
2026-03-10 08:00:00+00:00,angiang_longxuyen_bacgiang_bacgiangcity_backan_backancity,94.05899
2026-03-10 09:00:00+00:00,angiang_longxuyen_bacgiang_bacgiangcity_backan_backancity,93.08417
2026-03-10 10:00:00+00:00,angiang_longxuyen_bacgiang_bacgiangcity_backan_backancity,91.401474
2026-03-10 11:00:00+00:00,angiang_longxuyen_bacgiang_bacgiangcity_backan_backancity,89.79747
2026-03-10 12:00:00+00:00,angiang_longxuyen_bacgiang_bacgiangcity_backan_backancity,88.21105
2026-03-10 13:00:00+00:00,angiang_longxuyen_bacgiang_bacgiangcity_backan_backancity,86.658264
2026-03-10 14:00:00+00:00,angiang_longxuyen_bacgiang_bacgiangcity_backan_backancity,86.33873
2026-03-10 15:00:00+00:00,angiang_longxuyen_bacgiang_bacgiangcity_backan_backancity,84.40577
2026-03-10 16:00:00+00:00,angiang_longxuyen_bacgiang_bacgiangcity_backan_backancity,82.2668
2026-03-10 17:00:00+00:00,angiang_longxuyen_bacgiang_bacgiangcity_backan_backancity,79.30133
2026-03-10 18:00:00+00:00,angiang_longxuyen_bacgiang_bacgiangcity_backan_backancity,76.48687
2026-03-10 19:00:00+00:00,angiang_longxuyen_bacgiang_bacgiangcity_backan_backancity,73.23573
2026-03-10 20:00:00+00:00,angiang_longxuyen_bacgiang_bacgiangcity_backan_backancity,71.47934
2026-03-10 21:00:00+00:00,angiang_longxuyen_bacgiang_bacgiangcity_backan_backancity,69.70326
2026-03-10 22:00:00+00:00,angiang_longxuyen_bacgiang_bacgiangcity_backan_backancity,68.186905
2026-03-10 23:00:00+00:00,angiang_longxuyen_bacgiang_bacgiangcity_backan_backancity,67.18451
2026-03-11 00:00:00+00:00,angiang_longxuyen_bacgiang_bacgiangcity_backan_backancity,65.57731
2026-03-11 01:00:00+00:00,angiang_longxuyen_bacgiang_bacgiangcity_backan_backancity,64.76308
2026-03-11 02:00:00+00:00,angiang_longxuyen_bacgiang_bacgiangcity_backan_backancity,63.856663
2026-03-11 03:00:00+00:00,angiang_longxuyen_bacgiang_bacgiangcity_backan_backancity,63.812702
2026-03-11 04:00:00+00:00,angiang_longxuyen_bacgiang_bacgiangcity_backan_backancity,63.653713
2026-03-11 05:00:00+00:00,angiang_longxuyen_bacgiang_bacgiangcity_backan_backancity,63.447224
2026-03-11 06:00:00+00:00,angiang_longxuyen_bacgiang_bacgiangcity_backan_backancity,63.337196
2026-03-11 07:00:00+00:00,angiang_longxuyen_bacgiang_bacgiangcity_backan_backancity,63.822792
2026-03-11 08:00:00+00:00,angiang_longxuyen_bacgiang_bacgiangcity_backan_backancity,63.953396
2026-03-11 09:00:00+00:00,angiang_longxuyen_bacgiang_bacgiangcity_backan_backancity,64.10058
2026-03-11 10:00:00+00:00,angiang_longxuyen_bacgiang_bacgiangcity_backan_backancity,64.42729
2026-03-11 11:00:00+00:00,angiang_longxuyen_bacgiang_bacgiangcity_backan_backancity,64.578865
2026-03-11 12:00:00+00:00,angiang_longxuyen_bacgiang_bacgiangcity_backan_backancity,64.67831
2026-03-11 13:00:00+00:00,angiang_longxuyen_bacgiang_bacgiangcity_backan_backancity,65.36745
2026-03-11 14:00:00+00:00,angiang_longxuyen_bacgiang_bacgiangcity_backan_backancity,65.62447
2026-03-11 15:00:00+00:00,angiang_longxuyen_bacgiang_bacgiangcity_backan_backancity,65.2441
2026-03-11 16:00:00+00:00,angiang_longxuyen_bacgiang_bacgiangcity_backan_backancity,64.46915
2026-03-11 17:00:00+00:00,angiang_longxuyen_bacgiang_bacgiangcity_backan_backancity,63.870518
2026-03-11 18:00:00+00:00,angiang_longxuyen_bacgiang_bacgiangcity_backan_backancity,62.91237
2026-03-11 19:00:00+00:00,angiang_longxuyen_bacgiang_bacgiangcity_backan_backancity,62.367496
2026-03-11 20:00:00+00:00,angiang_longxuyen_bacgiang_bacgiangcity_backan_backancity,62.091118
2026-03-11 21:00:00+00:00,angiang_longxuyen_bacgiang_bacgiangcity_backan_backancity,61.215645
2026-03-11 22:00:00+00:00,angiang_longxuyen_bacgiang_bacgiangcity_backan_backancity,60.992012
2026-03-11 23:00:00+00:00,angiang_longxuyen_bacgiang_bacgiangcity_backan_backancity,60.866863
2026-03-12 00:00:00+00:00,angiang_longxuyen_bacgiang_bacgiangcity_backan_backancity,60.18629
2026-03-12 01:00:00+00:00,angiang_longxuyen_bacgiang_bacgiangcity_backan_backancity,60.07876
2026-03-12 02:00:00+00:00,angiang_longxuyen_bacgiang_bacgiangcity_backan_backancity,60.221825
2026-03-12 03:00:00+00:00,angiang_longxuyen_bacgiang_bacgiangcity_backan_backancity,60.180595
2026-03-12 04:00:00+00:00,angiang_longxuyen_bacgiang_bacgiangcity_backan_backancity,60.220776
2026-03-12 05:00:00+00:00,angiang_longxuyen_bacgiang_bacgiangcity_backan_backancity,59.632034
2026-03-12 06:00:00+00:00,angiang_longxuyen_bacgiang_bacgiangcity_backan_backancity,59.641838
2026-03-12 07:00:00+00:00,angiang_longxuyen_bacgiang_bacgiangcity_backan_backancity,59.67144
2026-03-12 08:00:00+00:00,angiang_longxuyen_bacgiang_bacgiangcity_backan_backancity,59.80313
2026-03-12 09:00:00+00:00,angiang_longxuyen_bacgiang_bacgiangcity_backan_backancity,59.917553
2026-03-12 10:00:00+00:00,angiang_longxuyen_bacgiang_bacgiangcity_backan_backancity,59.540745
2026-03-12 11:00:00+00:00,angiang_longxuyen_bacgiang_bacgiangcity_backan_backancity,59.578884
2026-03-12 12:00:00+00:00,angiang_longxuyen_bacgiang_bacgiangcity_backan_backancity,59.681606
2026-03-12 13:00:00+00:00,angiang_longxuyen_bacgiang_bacgiangcity_backan_backancity,60.045376
2026-03-12 14:00:00+00:00,angiang_longxuyen_bacgiang_bacgiangcity_backan_backancity,60.491714
2026-03-12 15:00:00+00:00,angiang_longxuyen_bacgiang_bacgiangcity_backan_backancity,60.76581
2026-03-12 16:00:00+00:00,angiang_longxuyen_bacgiang_bacgiangcity_backan_backancity,61.187874
2026-03-12 17:00:00+00:00,angiang_longxuyen_bacgiang_bacgiangcity_backan_backancity,60.90499
2026-03-12 18:00:00+00:00,angiang_longxuyen_bacgiang_bacgiangcity_backan_backancity,60.687103
2026-03-12 19:00:00+00:00,angiang_longxuyen_bacgiang_bacgiangcity_backan_backancity,60.105564
2026-03-12 20:00:00+00:00,angiang_longxuyen_bacgiang_bacgiangcity_backan_backancity,60.18102
2026-03-12 21:00:00+00:00,angiang_longxuyen_bacgiang_bacgiangcity_backan_backancity,59.77018
2026-03-12 22:00:00+00:00,angiang_longxuyen_bacgiang_bacgiangcity_backan_backancity,59.5883
2026-03-12 23:00:00+00:00,angiang_longxuyen_bacgiang_bacgiangcity_backan_backancity,59.617077
2026-03-13 00:00:00+00:00,angiang_longxuyen_bacgiang_bacgiangcity_backan_backancity,59.68416
2026-03-13 01:00:00+00:00,angiang_longxuyen_bacgiang_bacgiangcity_backan_backancity,59.791557
2026-03-13 02:00:00+00:00,angiang_longxuyen_bacgiang_bacgiangcity_backan_backancity,59.95113
2026-03-13 03:00:00+00:00,angiang_longxuyen_bacgiang_bacgiangcity_backan_backancity,60.080402
2026-03-13 04:00:00+00:00,angiang_longxuyen_bacgiang_bacgiangcity_backan_backancity,60.744793
2026-03-13 05:00:00+00:00,angiang_longxuyen_bacgiang_bacgiangcity_backan_backancity,60.84877
2026-03-13 06:00:00+00:00,angiang_longxuyen_bacgiang_bacgiangcity_backan_backancity,61.39941
2026-03-13 07:00:00+00:00,angiang_longxuyen_bacgiang_bacgiangcity_backan_backancity,61.520863
2026-03-13 08:00:00+00:00,angiang_longxuyen_bacgiang_bacgiangcity_backan_backancity,61.604374
2026-03-13 09:00:00+00:00,angiang_longxuyen_bacgiang_bacgiangcity_backan_backancity,61.819717
2026-03-13 10:00:00+00:00,angiang_longxuyen_bacgiang_bacgiangcity_backan_backancity,62.132458
2026-03-13 11:00:00+00:00,angiang_longxuyen_bacgiang_bacgiangcity_backan_backancity,62.69888
2026-03-13 12:00:00+00:00,angiang_longxuyen_bacgiang_bacgiangcity_backan_backancity,63.00642
2026-03-13 13:00:00+00:00,angiang_longxuyen_bacgiang_bacgiangcity_backan_backancity,64.060905
2026-03-13 14:00:00+00:00,angiang_longxuyen_bacgiang_bacgiangcity_backan_backancity,65.05971
2026-03-13 15:00:00+00:00,angiang_longxuyen_bacgiang_bacgiangcity_backan_backancity,65.3629
2026-03-13 16:00:00+00:00,angiang_longxuyen_bacgiang_bacgiangcity_backan_backancity,66.288826
2026-03-13 17:00:00+00:00,angiang_longxuyen_bacgiang_bacgiangcity_backan_backancity,66.186295
2026-03-13 18:00:00+00:00,angiang_longxuyen_bacgiang_bacgiangcity_backan_backancity,66.13954
2026-03-13 19:00:00+00:00,angiang_longxuyen_bacgiang_bacgiangcity_backan_backancity,66.51839
2026-03-13 20:00:00+00:00,angiang_longxuyen_bacgiang_bacgiangcity_backan_backancity,66.54173
2026-03-13 21:00:00+00:00,angiang_longxuyen_bacgiang_bacgiangcity_backan_backancity,67.259575
2026-03-13 22:00:00+00:00,angiang_longxuyen_bacgiang_bacgiangcity_backan_backancity,67.36592
2026-03-13 23:00:00+00:00,angiang_longxuyen_bacgiang_bacgiangcity_backan_backancity,68.30214
2026-03-14 00:00:00+00:00,angiang_longxuyen_bacgiang_bacgiangcity_backan_backancity,69.25722
2026-03-14 01:00:00+00:00,angiang_longxuyen_bacgiang_bacgiangcity_backan_backancity,70.28294
2026-03-14 02:00:00+00:00,angiang_longxuyen_bacgiang_bacgiangcity_backan_backancity,70.74503
2026-03-14 03:00:00+00:00,angiang_longxuyen_bacgiang_bacgiangcity_backan_backancity,71.83301
2026-03-14 04:00:00+00:00,angiang_longxuyen_bacgiang_bacgiangcity_backan_backancity,72.649956
2026-03-14 05:00:00+00:00,angiang_longxuyen_bacgiang_bacgiangcity_backan_backancity,73.312614
2026-03-14 06:00:00+00:00,angiang_longxuyen_bacgiang_bacgiangcity_backan_backancity,74.355194
2026-03-14 07:00:00+00:00,angiang_longxuyen_bacgiang_bacgiangcity_backan_backancity,75.22301
2026-03-14 08:00:00+00:00,angiang_longxuyen_bacgiang_bacgiangcity_backan_backancity,75.42471
2026-03-14 09:00:00+00:00,angiang_longxuyen_bacgiang_bacgiangcity_backan_backancity,76.471756
2026-03-14 10:00:00+00:00,angiang_longxuyen_bacgiang_bacgiangcity_backan_backancity,77.299286
2026-03-14 11:00:00+00:00,angiang_longxuyen_bacgiang_bacgiangcity_backan_backancity,78.76544
2026-03-14 12:00:00+00:00,angiang_longxuyen_bacgiang_bacgiangcity_backan_backancity,80.338905
2026-03-14 13:00:00+00:00,angiang_longxuyen_bacgiang_bacgiangcity_backan_backancity,81.675896
2026-03-14 14:00:00+00:00,angiang_longxuyen_bacgiang_bacgiangcity_backan_backancity,82.92178
2026-03-14 15:00:00+00:00,angiang_longxuyen_bacgiang_bacgiangcity_backan_backancity,85.19476
2026-03-14 16:00:00+00:00,angiang_longxuyen_bacgiang_bacgiangcity_backan_backancity,87.076065
2026-03-14 17:00:00+00:00,angiang_longxuyen_bacgiang_bacgiangcity_backan_backancity,88.96045
2026-03-14 18:00:00+00:00,angiang_longxuyen_bacgiang_bacgiangcity_backan_backancity,91.43388
2026-03-14 19:00:00+00:00,angiang_longxuyen_bacgiang_bacgiangcity_backan_backancity,92.71147
2026-03-14 20:00:00+00:00,angiang_longxuyen_bacgiang_bacgiangcity_backan_backancity,94.1463
2026-03-14 21:00:00+00:00,angiang_longxuyen_bacgiang_bacgiangcity_backan_backancity,96.006836
2026-03-14 22:00:00+00:00,angiang_longxuyen_bacgiang_bacgiangcity_backan_backancity,97.89215
2026-03-14 23:00:00+00:00,angiang_longxuyen_bacgiang_bacgiangcity_backan_backancity,98.61087
2026-03-15 00:00:00+00:00,angiang_longxuyen_bacgiang_bacgiangcity_backan_backancity,99.482086
2026-03-15 01:00:00+00:00,angiang_longxuyen_bacgiang_bacgiangcity_backan_backancity,100.85183
2026-03-15 02:00:00+00:00,angiang_longxuyen_bacgiang_bacgiangcity_backan_backancity,102.55106
2026-03-15 03:00:00+00:00,angiang_longxuyen_bacgiang_bacgiangcity_backan_backancity,102.788826
2026-03-15 04:00:00+00:00,angiang_longxuyen_bacgiang_bacgiangcity_backan_backancity,103.84694
2026-03-15 05:00:00+00:00,angiang_longxuyen_bacgiang_bacgiangcity_backan_backancity,103.906395
2026-03-15 06:00:00+00:00,angiang_longxuyen_bacgiang_bacgiangcity_backan_backancity,104.221535
2026-03-15 07:00:00+00:00,angiang_longxuyen_bacgiang_bacgiangcity_backan_backancity,104.70005
2026-03-15 08:00:00+00:00,angiang_longxuyen_bacgiang_bacgiangcity_backan_backancity,105.08587
2026-03-15 09:00:00+00:00,angiang_longxuyen_bacgiang_bacgiangcity_backan_backancity,105.048325
2026-03-15 10:00:00+00:00,angiang_longxuyen_bacgiang_bacgiangcity_backan_backancity,104.447784
2026-03-15 11:00:00+00:00,angiang_longxuyen_bacgiang_bacgiangcity_backan_backancity,103.78949
2026-03-15 12:00:00+00:00,angiang_longxuyen_bacgiang_bacgiangcity_backan_backancity,103.49288
2026-03-15 13:00:00+00:00,angiang_longxuyen_bacgiang_bacgiangcity_backan_backancity,104.03064
2026-03-15 14:00:00+00:00,angiang_longxuyen_bacgiang_bacgiangcity_backan_backancity,104.25895
2026-03-15 15:00:00+00:00,angiang_longxuyen_bacgiang_bacgiangcity_backan_backancity,105.27898
2026-03-15 16:00:00+00:00,angiang_longxuyen_bacgiang_bacgiangcity_backan_backancity,105.64185
2026-03-15 17:00:00+00:00,angiang_longxuyen_bacgiang_bacgiangcity_backan_backancity,106.84559
2026-03-15 18:00:00+00:00,angiang_longxuyen_bacgiang_bacgiangcity_backan_backancity,107.31623
2026-03-15 19:00:00+00:00,angiang_longxuyen_bacgiang_bacgiangcity_backan_backancity,107.47516
2026-03-15 20:00:00+00:00,angiang_longxuyen_bacgiang_bacgiangcity_backan_backancity,107.29634
2026-03-15 21:00:00+00:00,angiang_longxuyen_bacgiang_bacgiangcity_backan_backancity,106.35338
2026-03-15 22:00:00+00:00,angiang_longxuyen_bacgiang_bacgiangcity_backan_backancity,104.612946
2026-03-15 23:00:00+00:00,angiang_longxuyen_bacgiang_bacgiangcity_backan_backancity,103.64525
2026-03-16 00:00:00+00:00,angiang_longxuyen_bacgiang_bacgiangcity_backan_backancity,102.527176
2026-03-16 01:00:00+00:00,angiang_longxuyen_bacgiang_bacgiangcity_backan_backancity,101.98519
2026-03-16 02:00:00+00:00,angiang_longxuyen_bacgiang_bacgiangcity_backan_backancity,101.45065
2026-03-16 03:00:00+00:00,angiang_longxuyen_bacgiang_bacgiangcity_backan_backancity,100.73265
2026-03-16 04:00:00+00:00,angiang_longxuyen_bacgiang_bacgiangcity_backan_backancity,100.60799
2026-03-16 05:00:00+00:00,angiang_longxuyen_bacgiang_bacgiangcity_backan_backancity,100.04403
2026-03-16 06:00:00+00:00,angiang_longxuyen_bacgiang_bacgiangcity_backan_backancity,99.60889
2026-03-16 07:00:00+00:00,angiang_longxuyen_bacgiang_bacgiangcity_backan_backancity,99.43046
2026-03-16 08:00:00+00:00,angiang_longxuyen_bacgiang_bacgiangcity_backan_backancity,99.08218
2026-03-16 09:00:00+00:00,angiang_longxuyen_bacgiang_bacgiangcity_backan_backancity,98.48765
2026-03-16 10:00:00+00:00,angiang_longxuyen_bacgiang_bacgiangcity_backan_backancity,97.53226
2026-03-16 11:00:00+00:00,angiang_longxuyen_bacgiang_bacgiangcity_backan_backancity,96.04753
2026-03-16 12:00:00+00:00,angiang_longxuyen_bacgiang_bacgiangcity_backan_backancity,95.73972
2026-03-16 13:00:00+00:00,angiang_longxuyen_bacgiang_bacgiangcity_backan_backancity,95.500305
2026-03-16 14:00:00+00:00,angiang_longxuyen_bacgiang_bacgiangcity_backan_backancity,95.15474
2026-03-16 15:00:00+00:00,angiang_longxuyen_bacgiang_bacgiangcity_backan_backancity,95.22544
2026-03-16 16:00:00+00:00,angiang_longxuyen_bacgiang_bacgiangcity_backan_backancity,95.18646
2026-03-16 17:00:00+00:00,angiang_longxuyen_bacgiang_bacgiangcity_backan_backancity,94.76944
2026-03-16 18:00:00+00:00,angiang_longxuyen_bacgiang_bacgiangcity_backan_backancity,92.85634
2026-03-16 19:00:00+00:00,angiang_longxuyen_bacgiang_bacgiangcity_backan_backancity,90.561646
2026-03-16 20:00:00+00:00,angiang_longxuyen_bacgiang_bacgiangcity_backan_backancity,88.82669
2026-03-16 21:00:00+00:00,angiang_longxuyen_bacgiang_bacgiangcity_backan_backancity,87.2651
2026-03-16 22:00:00+00:00,angiang_longxuyen_bacgiang_bacgiangcity_backan_backancity,86.26683
2026-03-16 23:00:00+00:00,angiang_longxuyen_bacgiang_bacgiangcity_backan_backancity,84.90493
2026-03-17 00:00:00+00:00,angiang_longxuyen_bacgiang_bacgiangcity_backan_backancity,83.40984
2026-03-17 01:00:00+00:00,angiang_longxuyen_bacgiang_bacgiangcity_backan_backancity,82.30851
2026-03-17 02:00:00+00:00,angiang_longxuyen_bacgiang_bacgiangcity_backan_backancity,81.665344
2026-03-17 03:00:00+00:00,angiang_longxuyen_bacgiang_bacgiangcity_backan_backancity,80.845474
2026-03-17 04:00:00+00:00,angiang_longxuyen_bacgiang_bacgiangcity_backan_backancity,79.4216
2026-03-17 05:00:00+00:00,angiang_longxuyen_bacgiang_bacgiangcity_backan_backancity,78.35337
2026-03-17 06:00:00+00:00,angiang_longxuyen_bacgiang_bacgiangcity_backan_backancity,77.73286
2026-03-17 07:00:00+00:00,angiang_longxuyen_bacgiang_bacgiangcity_backan_backancity,76.84172
2026-03-17 08:00:00+00:00,angiang_longxuyen_bacgiang_bacgiangcity_backan_backancity,76.11685
2026-03-17 09:00:00+00:00,angiang_longxuyen_bacgiang_bacgiangcity_backan_backancity,75.12453
2026-03-17 10:00:00+00:00,angiang_longxuyen_bacgiang_bacgiangcity_backan_backancity,74.654945
2026-03-17 11:00:00+00:00,angiang_longxuyen_bacgiang_bacgiangcity_backan_backancity,73.6821
2026-03-17 12:00:00+00:00,angiang_longxuyen_bacgiang_bacgiangcity_backan_backancity,73.138306
2026-03-17 13:00:00+00:00,angiang_longxuyen_bacgiang_bacgiangcity_backan_backancity,74.92978
2026-03-17 14:00:00+00:00,angiang_longxuyen_bacgiang_bacgiangcity_backan_backancity,75.60501
2026-03-17 15:00:00+00:00,angiang_longxuyen_bacgiang_bacgiangcity_backan_backancity,78.98864
2026-03-17 16:00:00+00:00,angiang_longxuyen_bacgiang_bacgiangcity_backan_backancity,79.7267
2026-03-17 17:00:00+00:00,angiang_longxuyen_bacgiang_bacgiangcity_backan_backancity,82.51041
2026-03-17 18:00:00+00:00,angiang_longxuyen_bacgiang_bacgiangcity_backan_backancity,85.38602
2026-03-17 19:00:00+00:00,angiang_longxuyen_bacgiang_bacgiangcity_backan_backancity,89.95043
2026-03-17 20:00:00+00:00,angiang_longxuyen_bacgiang_bacgiangcity_backan_backancity,94.15101
2026-03-17 21:00:00+00:00,angiang_longxuyen_bacgiang_bacgiangcity_backan_backancity,97.33856
2026-03-17 22:00:00+00:00,angiang_longxuyen_bacgiang_bacgiangcity_backan_backancity,100.07098
2026-03-17 23:00:00+00:00,angiang_longxuyen_bacgiang_bacgiangcity_backan_backancity,101.63072
2026-03-18 00:00:00+00:00,angiang_longxuyen_bacgiang_bacgiangcity_backan_backancity,102.6176
2026-03-18 01:00:00+00:00,angiang_longxuyen_bacgiang_bacgiangcity_backan_backancity,103.198944
2026-03-18 02:00:00+00:00,angiang_longxuyen_bacgiang_bacgiangcity_backan_backancity,104.35227
2026-03-18 03:00:00+00:00,angiang_longxuyen_bacgiang_bacgiangcity_backan_backancity,105.0833
2026-03-18 04:00:00+00:00,angiang_longxuyen_bacgiang_bacgiangcity_backan_backancity,105.74427
2026-03-18 05:00:00+00:00,angiang_longxuyen_bacgiang_bacgiangcity_backan_backancity,105.85571
2026-03-18 06:00:00+00:00,angiang_longxuyen_bacgiang_bacgiangcity_backan_backancity,106.344475
2026-03-18 07:00:00+00:00,angiang_longxuyen_bacgiang_bacgiangcity_backan_backancity,106.65519
2026-03-18 08:00:00+00:00,angiang_longxuyen_bacgiang_bacgiangcity_backan_backancity,107.37508
2026-03-18 09:00:00+00:00,angiang_longxuyen_bacgiang_bacgiangcity_backan_backancity,107.304146
2026-03-18 10:00:00+00:00,angiang_longxuyen_bacgiang_bacgiangcity_backan_backancity,106.854675
2026-03-18 11:00:00+00:00,angiang_longxuyen_bacgiang_bacgiangcity_backan_backancity,106.83805
2026-03-18 12:00:00+00:00,angiang_longxuyen_bacgiang_bacgiangcity_backan_backancity,107.03989
2026-03-18 13:00:00+00:00,angiang_longxuyen_bacgiang_bacgiangcity_backan_backancity,107.57805
2026-03-18 14:00:00+00:00,angiang_longxuyen_bacgiang_bacgiangcity_backan_backancity,106.65685
2026-03-18 15:00:00+00:00,angiang_longxuyen_bacgiang_bacgiangcity_backan_backancity,106.02304
2026-03-18 16:00:00+00:00,angiang_longxuyen_bacgiang_bacgiangcity_backan_backancity,106.0772
2026-03-18 17:00:00+00:00,angiang_longxuyen_bacgiang_bacgiangcity_backan_backancity,104.05171
2026-03-18 18:00:00+00:00,angiang_longxuyen_bacgiang_bacgiangcity_backan_backancity,102.50071
2026-03-18 19:00:00+00:00,angiang_longxuyen_bacgiang_bacgiangcity_backan_backancity,101.078865
2026-03-18 20:00:00+00:00,angiang_longxuyen_bacgiang_bacgiangcity_backan_backancity,101.240326
2026-03-18 21:00:00+00:00,angiang_longxuyen_bacgiang_bacgiangcity_backan_backancity,101.14108
2026-03-18 22:00:00+00:00,angiang_longxuyen_bacgiang_bacgiangcity_backan_backancity,100.80775
2026-03-18 23:00:00+00:00,angiang_longxuyen_bacgiang_bacgiangcity_backan_backancity,100.33132
2026-03-19 00:00:00+00:00,angiang_longxuyen_bacgiang_bacgiangcity_backan_backancity,99.86351
2026-03-19 01:00:00+00:00,angiang_longxuyen_bacgiang_bacgiangcity_backan_backancity,100.44962
2026-03-19 02:00:00+00:00,angiang_longxuyen_bacgiang_bacgiangcity_backan_backancity,102.055954
2026-03-19 03:00:00+00:00,angiang_longxuyen_bacgiang_bacgiangcity_backan_backancity,103.75862
2026-03-19 04:00:00+00:00,angiang_longxuyen_bacgiang_bacgiangcity_backan_backancity,107.544174
2026-03-19 05:00:00+00:00,angiang_longxuyen_bacgiang_bacgiangcity_backan_backancity,109.89928
2026-03-19 06:00:00+00:00,angiang_longxuyen_bacgiang_bacgiangcity_backan_backancity,112.88702
2026-03-19 07:00:00+00:00,angiang_longxuyen_bacgiang_bacgiangcity_backan_backancity,115.38088
2026-03-19 08:00:00+00:00,angiang_longxuyen_bacgiang_bacgiangcity_backan_backancity,117.83495
2026-03-19 09:00:00+00:00,angiang_longxuyen_bacgiang_bacgiangcity_backan_backancity,118.62024
2026-03-19 10:00:00+00:00,angiang_longxuyen_bacgiang_bacgiangcity_backan_backancity,119.41928
2026-03-19 11:00:00+00:00,angiang_longxuyen_bacgiang_bacgiangcity_backan_backancity,121.137596
2026-03-19 12:00:00+00:00,angiang_longxuyen_bacgiang_bacgiangcity_backan_backancity,125.47292
2026-03-19 13:00:00+00:00,angiang_longxuyen_bacgiang_bacgiangcity_backan_backancity,132.15973
2026-03-19 14:00:00+00:00,angiang_longxuyen_bacgiang_bacgiangcity_backan_backancity,135.58203
2026-03-19 15:00:00+00:00,angiang_longxuyen_bacgiang_bacgiangcity_backan_backancity,137.22559
2026-03-19 16:00:00+00:00,angiang_longxuyen_bacgiang_bacgiangcity_backan_backancity,138.11462
2026-03-19 17:00:00+00:00,angiang_longxuyen_bacgiang_bacgiangcity_backan_backancity,137.90868
2026-03-19 18:00:00+00:00,angiang_longxuyen_bacgiang_bacgiangcity_backan_backancity,140.48271
2026-03-19 19:00:00+00:00,angiang_longxuyen_bacgiang_bacgiangcity_backan_backancity,143.11073
2026-03-19 20:00:00+00:00,angiang_longxuyen_bacgiang_bacgiangcity_backan_backancity,143.93352
2026-03-19 21:00:00+00:00,angiang_longxuyen_bacgiang_bacgiangcity_backan_backancity,146.37558
2026-03-19 22:00:00+00:00,angiang_longxuyen_bacgiang_bacgiangcity_backan_backancity,148.57195
2026-03-19 23:00:00+00:00,angiang_longxuyen_bacgiang_bacgiangcity_backan_backancity,150.55481
2026-03-20 00:00:00+00:00,angiang_longxuyen_bacgiang_bacgiangcity_backan_backancity,152.48901
2026-03-20 01:00:00+00:00,angiang_longxuyen_bacgiang_bacgiangcity_backan_backancity,154.49338
2026-03-20 02:00:00+00:00,angiang_longxuyen_bacgiang_bacgiangcity_backan_backancity,156.15504
2026-03-20 03:00:00+00:00,angiang_longxuyen_bacgiang_bacgiangcity_backan_backancity,156.65079
2026-03-20 04:00:00+00:00,angiang_longxuyen_bacgiang_bacgiangcity_backan_backancity,156.11288
2026-03-20 05:00:00+00:00,angiang_longxuyen_bacgiang_bacgiangcity_backan_backancity,153.92534
2026-03-20 06:00:00+00:00,angiang_longxuyen_bacgiang_bacgiangcity_backan_backancity,152.99962
2026-03-20 07:00:00+00:00,angiang_longxuyen_bacgiang_bacgiangcity_backan_backancity,152.73001
2026-03-20 08:00:00+00:00,angiang_longxuyen_bacgiang_bacgiangcity_backan_backancity,152.80252
2026-03-20 09:00:00+00:00,angiang_longxuyen_bacgiang_bacgiangcity_backan_backancity,152.82846
2026-03-20 10:00:00+00:00,angiang_longxuyen_bacgiang_bacgiangcity_backan_backancity,152.66107
2026-03-20 11:00:00+00:00,angiang_longxuyen_bacgiang_bacgiangcity_backan_backancity,151.46574
2026-03-20 12:00:00+00:00,angiang_longxuyen_bacgiang_bacgiangcity_backan_backancity,151.41888
2026-03-20 13:00:00+00:00,angiang_longxuyen_bacgiang_bacgiangcity_backan_backancity,151.67688
2026-03-20 14:00:00+00:00,angiang_longxuyen_bacgiang_bacgiangcity_backan_backancity,150.54695
2026-03-20 15:00:00+00:00,angiang_longxuyen_bacgiang_bacgiangcity_backan_backancity,149.05069
2026-03-20 16:00:00+00:00,angiang_longxuyen_bacgiang_bacgiangcity_backan_backancity,147.6117
2026-03-20 17:00:00+00:00,angiang_longxuyen_bacgiang_bacgiangcity_backan_backancity,144.7296
2026-03-20 18:00:00+00:00,angiang_longxuyen_bacgiang_bacgiangcity_backan_backancity,140.50896
2026-03-20 19:00:00+00:00,angiang_longxuyen_bacgiang_bacgiangcity_backan_backancity,134.55177
2026-03-20 20:00:00+00:00,angiang_longxuyen_bacgiang_bacgiangcity_backan_backancity,128.95122
2026-03-20 21:00:00+00:00,angiang_longxuyen_bacgiang_bacgiangcity_backan_backancity,121.58717
2026-03-20 22:00:00+00:00,angiang_longxuyen_bacgiang_bacgiangcity_backan_backancity,113.77881
2026-03-20 23:00:00+00:00,angiang_longxuyen_bacgiang_bacgiangcity_backan_backancity,107.8824
2026-03-21 00:00:00+00:00,angiang_longxuyen_bacgiang_bacgiangcity_backan_backancity,102.35411
2026-03-21 01:00:00+00:00,angiang_longxuyen_bacgiang_bacgiangcity_backan_backancity,98.45307
2026-03-21 02:00:00+00:00,angiang_longxuyen_bacgiang_bacgiangcity_backan_backancity,95.08761
2026-03-21 03:00:00+00:00,angiang_longxuyen_bacgiang_bacgiangcity_backan_backancity,92.5783
2026-03-21 04:00:00+00:00,angiang_longxuyen_bacgiang_bacgiangcity_backan_backancity,91.69686
2026-03-21 05:00:00+00:00,angiang_longxuyen_bacgiang_bacgiangcity_backan_backancity,91.2625
2026-03-21 06:00:00+00:00,angiang_longxuyen_bacgiang_bacgiangcity_backan_backancity,92.25065
2026-03-21 07:00:00+00:00,angiang_longxuyen_bacgiang_bacgiangcity_backan_backancity,91.68709
2026-03-21 08:00:00+00:00,angiang_longxuyen_bacgiang_bacgiangcity_backan_backancity,91.001175
2026-03-21 09:00:00+00:00,angiang_longxuyen_bacgiang_bacgiangcity_backan_backancity,90.42106
2026-03-21 10:00:00+00:00,angiang_longxuyen_bacgiang_bacgiangcity_backan_backancity,90.70476
2026-03-21 11:00:00+00:00,angiang_longxuyen_bacgiang_bacgiangcity_backan_backancity,90.54094
2026-03-21 12:00:00+00:00,angiang_longxuyen_bacgiang_bacgiangcity_backan_backancity,90.453224
2026-03-21 13:00:00+00:00,angiang_longxuyen_bacgiang_bacgiangcity_backan_backancity,90.59192
2026-03-21 14:00:00+00:00,angiang_longxuyen_bacgiang_bacgiangcity_backan_backancity,90.84882
2026-03-21 15:00:00+00:00,angiang_longxuyen_bacgiang_bacgiangcity_backan_backancity,89.992584
2026-03-21 16:00:00+00:00,angiang_longxuyen_bacgiang_bacgiangcity_backan_backancity,89.67548
2026-03-21 17:00:00+00:00,angiang_longxuyen_bacgiang_bacgiangcity_backan_backancity,89.26935
2026-03-21 18:00:00+00:00,angiang_longxuyen_bacgiang_bacgiangcity_backan_backancity,88.9315
2026-03-21 19:00:00+00:00,angiang_longxuyen_bacgiang_bacgiangcity_backan_backancity,88.13976
2026-03-21 20:00:00+00:00,angiang_longxuyen_bacgiang_bacgiangcity_backan_backancity,87.449265
2026-03-21 21:00:00+00:00,angiang_longxuyen_bacgiang_bacgiangcity_backan_backancity,86.59386
2026-03-21 22:00:00+00:00,angiang_longxuyen_bacgiang_bacgiangcity_backan_backancity,85.57381
2026-03-21 23:00:00+00:00,angiang_longxuyen_bacgiang_bacgiangcity_backan_backancity,84.26534
2026-03-22 00:00:00+00:00,angiang_longxuyen_bacgiang_bacgiangcity_backan_backancity,82.82866
2026-03-22 01:00:00+00:00,angiang_longxuyen_bacgiang_bacgiangcity_backan_backancity,82.09068
2026-03-22 02:00:00+00:00,angiang_longxuyen_bacgiang_bacgiangcity_backan_backancity,81.36446
2026-03-22 03:00:00+00:00,angiang_longxuyen_bacgiang_bacgiangcity_backan_backancity,80.96156
2026-03-22 04:00:00+00:00,angiang_longxuyen_bacgiang_bacgiangcity_backan_backancity,79.82712
2026-03-22 05:00:00+00:00,angiang_longxuyen_bacgiang_bacgiangcity_backan_backancity,79.03598
2026-03-22 06:00:00+00:00,angiang_longxuyen_bacgiang_bacgiangcity_backan_backancity,77.34819
2026-03-22 07:00:00+00:00,angiang_longxuyen_bacgiang_bacgiangcity_backan_backancity,76.69699
2026-03-22 08:00:00+00:00,angiang_longxuyen_bacgiang_bacgiangcity_backan_backancity,75.46807
2026-03-22 09:00:00+00:00,angiang_longxuyen_bacgiang_bacgiangcity_backan_backancity,75.25728
2026-03-22 10:00:00+00:00,angiang_longxuyen_bacgiang_bacgiangcity_backan_backancity,74.43448
2026-03-22 11:00:00+00:00,angiang_longxuyen_bacgiang_bacgiangcity_backan_backancity,74.00369
2026-03-22 12:00:00+00:00,angiang_longxuyen_bacgiang_bacgiangcity_backan_backancity,74.07126
2026-03-22 13:00:00+00:00,angiang_longxuyen_bacgiang_bacgiangcity_backan_backancity,74.32851
2026-03-22 14:00:00+00:00,angiang_longxuyen_bacgiang_bacgiangcity_backan_backancity,74.67271
2026-03-22 15:00:00+00:00,angiang_longxuyen_bacgiang_bacgiangcity_backan_backancity,73.67404
2026-03-22 16:00:00+00:00,angiang_longxuyen_bacgiang_bacgiangcity_backan_backancity,73.04004
2026-03-22 17:00:00+00:00,angiang_longxuyen_bacgiang_bacgiangcity_backan_backancity,72.5414
2026-03-22 18:00:00+00:00,angiang_longxuyen_bacgiang_bacgiangcity_backan_backancity,72.26692
2026-03-22 19:00:00+00:00,angiang_longxuyen_bacgiang_bacgiangcity_backan_backancity,71.934784
2026-03-22 20:00:00+00:00,angiang_longxuyen_bacgiang_bacgiangcity_backan_backancity,71.8988
2026-03-22 21:00:00+00:00,angiang_longxuyen_bacgiang_bacgiangcity_backan_backancity,71.71794
2026-03-22 22:00:00+00:00,angiang_longxuyen_bacgiang_bacgiangcity_backan_backancity,72.11995
2026-03-22 23:00:00+00:00,angiang_longxuyen_bacgiang_bacgiangcity_backan_backancity,72.29157
2026-03-23 00:00:00+00:00,angiang_longxuyen_bacgiang_bacgiangcity_backan_backancity,72.6125
2026-03-23 01:00:00+00:00,angiang_longxuyen_bacgiang_bacgiangcity_backan_backancity,73.25513
2026-03-23 02:00:00+00:00,angiang_longxuyen_bacgiang_bacgiangcity_backan_backancity,74.16181
2026-03-23 03:00:00+00:00,angiang_longxuyen_bacgiang_bacgiangcity_backan_backancity,73.82423
2026-03-23 04:00:00+00:00,angiang_longxuyen_bacgiang_bacgiangcity_backan_backancity,73.181854
2026-03-23 05:00:00+00:00,angiang_longxuyen_bacgiang_bacgiangcity_backan_backancity,72.805916
2026-03-23 06:00:00+00:00,angiang_longxuyen_bacgiang_bacgiangcity_backan_backancity,72.88029
2026-03-23 07:00:00+00:00,angiang_longxuyen_bacgiang_bacgiangcity_backan_backancity,72.040375
2026-03-23 08:00:00+00:00,angiang_longxuyen_bacgiang_bacgiangcity_backan_backancity,71.40262
2026-03-23 09:00:00+00:00,angiang_longxuyen_bacgiang_bacgiangcity_backan_backancity,71.78611
2026-03-23 10:00:00+00:00,angiang_longxuyen_bacgiang_bacgiangcity_backan_backancity,71.80239
2026-03-23 11:00:00+00:00,angiang_longxuyen_bacgiang_bacgiangcity_backan_backancity,71.83873
2026-03-23 12:00:00+00:00,angiang_longxuyen_bacgiang_bacgiangcity_backan_backancity,71.80037
2026-03-23 13:00:00+00:00,angiang_longxuyen_bacgiang_bacgiangcity_backan_backancity,71.93547
2026-03-23 14:00:00+00:00,angiang_longxuyen_bacgiang_bacgiangcity_backan_backancity,71.865814
2026-03-23 15:00:00+00:00,angiang_longxuyen_bacgiang_bacgiangcity_backan_backancity,72.32501
2026-03-23 16:00:00+00:00,angiang_longxuyen_bacgiang_bacgiangcity_backan_backancity,72.62933
2026-03-23 17:00:00+00:00,angiang_longxuyen_bacgiang_bacgiangcity_backan_backancity,72.81886
2026-03-23 18:00:00+00:00,angiang_longxuyen_bacgiang_bacgiangcity_backan_backancity,73.08301
2026-03-23 19:00:00+00:00,angiang_longxuyen_bacgiang_bacgiangcity_backan_backancity,73.29028
2026-03-23 20:00:00+00:00,angiang_longxuyen_bacgiang_bacgiangcity_backan_backancity,72.98217
2026-03-23 21:00:00+00:00,angiang_longxuyen_bacgiang_bacgiangcity_backan_backancity,72.96422
2026-03-23 22:00:00+00:00,angiang_longxuyen_bacgiang_bacgiangcity_backan_backancity,73.1221
2026-03-23 23:00:00+00:00,angiang_longxuyen_bacgiang_bacgiangcity_backan_backancity,72.95393
2026-03-24 00:00:00+00:00,angiang_longxuyen_bacgiang_bacgiangcity_backan_backancity,72.84739
2026-03-24 01:00:00+00:00,angiang_longxuyen_bacgiang_bacgiangcity_backan_backancity,72.816086
2026-03-24 02:00:00+00:00,angiang_longxuyen_bacgiang_bacgiangcity_backan_backancity,71.97419
2026-03-24 03:00:00+00:00,angiang_longxuyen_bacgiang_bacgiangcity_backan_backancity,71.70448
2026-03-24 04:00:00+00:00,angiang_longxuyen_bacgiang_bacgiangcity_backan_backancity,71.93608
2026-03-24 05:00:00+00:00,angiang_longxuyen_bacgiang_bacgiangcity_backan_backancity,72.126175
2026-03-24 06:00:00+00:00,angiang_longxuyen_bacgiang_bacgiangcity_backan_backancity,72.43394
2026-03-24 07:00:00+00:00,angiang_longxuyen_bacgiang_bacgiangcity_backan_backancity,72.08324
2026-03-24 08:00:00+00:00,angiang_longxuyen_bacgiang_bacgiangcity_backan_backancity,72.21753
2026-03-24 09:00:00+00:00,angiang_longxuyen_bacgiang_bacgiangcity_backan_backancity,72.2475
2026-03-24 10:00:00+00:00,angiang_longxuyen_bacgiang_bacgiangcity_backan_backancity,72.27504
2026-03-24 11:00:00+00:00,angiang_longxuyen_bacgiang_bacgiangcity_backan_backancity,72.17099
2026-03-24 12:00:00+00:00,angiang_longxuyen_bacgiang_bacgiangcity_backan_backancity,71.66923
2026-03-24 13:00:00+00:00,angiang_longxuyen_bacgiang_bacgiangcity_backan_backancity,72.32222
2026-03-24 14:00:00+00:00,angiang_longxuyen_bacgiang_bacgiangcity_backan_backancity,72.01857
2026-03-24 15:00:00+00:00,angiang_longxuyen_bacgiang_bacgiangcity_backan_backancity,71.74454
2026-03-24 16:00:00+00:00,angiang_longxuyen_bacgiang_bacgiangcity_backan_backancity,70.78788
2026-03-24 17:00:00+00:00,angiang_longxuyen_bacgiang_bacgiangcity_backan_backancity,70.00723
2026-03-24 18:00:00+00:00,angiang_longxuyen_bacgiang_bacgiangcity_backan_backancity,69.120056
2026-03-24 19:00:00+00:00,angiang_longxuyen_bacgiang_bacgiangcity_backan_backancity,68.10083
2026-03-24 20:00:00+00:00,angiang_longxuyen_bacgiang_bacgiangcity_backan_backancity,66.87893
2026-03-24 21:00:00+00:00,angiang_longxuyen_bacgiang_bacgiangcity_backan_backancity,65.49611
2026-03-24 22:00:00+00:00,angiang_longxuyen_bacgiang_bacgiangcity_backan_backancity,64.44845
2026-03-24 23:00:00+00:00,angiang_longxuyen_bacgiang_bacgiangcity_backan_backancity,63.134518
2026-03-25 00:00:00+00:00,angiang_longxuyen_bacgiang_bacgiangcity_backan_backancity,62.838627
2026-03-25 01:00:00+00:00,angiang_longxuyen_bacgiang_bacgiangcity_backan_backancity,62.391052
2026-03-25 02:00:00+00:00,angiang_longxuyen_bacgiang_bacgiangcity_backan_backancity,62.035442
2026-03-25 03:00:00+00:00,angiang_longxuyen_bacgiang_bacgiangcity_backan_backancity,61.9684
2026-03-25 04:00:00+00:00,angiang_longxuyen_bacgiang_bacgiangcity_backan_backancity,61.32308
2026-03-25 05:00:00+00:00,angiang_longxuyen_bacgiang_bacgiangcity_backan_backancity,60.810932
2026-03-25 06:00:00+00:00,angiang_longxuyen_bacgiang_bacgiangcity_backan_backancity,60.73799
2026-03-25 07:00:00+00:00,angiang_longxuyen_bacgiang_bacgiangcity_backan_backancity,60.11817
2026-03-25 08:00:00+00:00,angiang_longxuyen_bacgiang_bacgiangcity_backan_backancity,59.521976
2026-03-25 09:00:00+00:00,angiang_longxuyen_bacgiang_bacgiangcity_backan_backancity,58.940468
2026-03-25 10:00:00+00:00,angiang_longxuyen_bacgiang_bacgiangcity_backan_backancity,58.41147
2026-03-25 11:00:00+00:00,angiang_longxuyen_bacgiang_bacgiangcity_backan_backancity,58.35446
2026-03-25 12:00:00+00:00,angiang_longxuyen_bacgiang_bacgiangcity_backan_backancity,58.322033
2026-03-25 13:00:00+00:00,angiang_longxuyen_bacgiang_bacgiangcity_backan_backancity,58.906403
2026-03-25 14:00:00+00:00,angiang_longxuyen_bacgiang_bacgiangcity_backan_backancity,60.000618
2026-03-25 15:00:00+00:00,angiang_longxuyen_bacgiang_bacgiangcity_backan_backancity,59.85505
2026-03-25 16:00:00+00:00,angiang_longxuyen_bacgiang_bacgiangcity_backan_backancity,59.625237
2026-03-25 17:00:00+00:00,angiang_longxuyen_bacgiang_bacgiangcity_backan_backancity,60.01393
2026-03-25 18:00:00+00:00,angiang_longxuyen_bacgiang_bacgiangcity_backan_backancity,60.715706
2026-03-25 19:00:00+00:00,angiang_longxuyen_bacgiang_bacgiangcity_backan_backancity,60.566456
2026-03-25 20:00:00+00:00,angiang_longxuyen_bacgiang_bacgiangcity_backan_backancity,60.117237
2026-03-25 21:00:00+00:00,angiang_longxuyen_bacgiang_bacgiangcity_backan_backancity,60.535954
2026-03-25 22:00:00+00:00,angiang_longxuyen_bacgiang_bacgiangcity_backan_backancity,60.54765
2026-03-25 23:00:00+00:00,angiang_longxuyen_bacgiang_bacgiangcity_backan_backancity,60.730755
2026-03-26 00:00:00+00:00,angiang_longxuyen_bacgiang_bacgiangcity_backan_backancity,60.77886
2026-03-26 01:00:00+00:00,angiang_longxuyen_bacgiang_bacgiangcity_backan_backancity,62.055435
2026-03-26 02:00:00+00:00,angiang_longxuyen_bacgiang_bacgiangcity_backan_backancity,63.921085
2026-03-26 03:00:00+00:00,angiang_longxuyen_bacgiang_bacgiangcity_backan_backancity,64.75339
2026-03-26 04:00:00+00:00,angiang_longxuyen_bacgiang_bacgiangcity_backan_backancity,65.272194
2026-03-26 05:00:00+00:00,angiang_longxuyen_bacgiang_bacgiangcity_backan_backancity,65.91797
2026-03-26 06:00:00+00:00,angiang_longxuyen_bacgiang_bacgiangcity_backan_backancity,65.87816
2026-03-26 07:00:00+00:00,angiang_longxuyen_bacgiang_bacgiangcity_backan_backancity,66.44505
2026-03-26 08:00:00+00:00,angiang_longxuyen_bacgiang_bacgiangcity_backan_backancity,66.95656
2026-03-26 09:00:00+00:00,angiang_longxuyen_bacgiang_bacgiangcity_backan_backancity,67.56001
2026-03-26 10:00:00+00:00,angiang_longxuyen_bacgiang_bacgiangcity_backan_backancity,68.16453
2026-03-26 11:00:00+00:00,angiang_longxuyen_bacgiang_bacgiangcity_backan_backancity,69.010895
2026-03-26 12:00:00+00:00,angiang_longxuyen_bacgiang_bacgiangcity_backan_backancity,69.92242
2026-03-26 13:00:00+00:00,angiang_longxuyen_bacgiang_bacgiangcity_backan_backancity,72.96428
2026-03-26 14:00:00+00:00,angiang_longxuyen_bacgiang_bacgiangcity_backan_backancity,76.54665
2026-03-26 15:00:00+00:00,angiang_longxuyen_bacgiang_bacgiangcity_backan_backancity,79.348274
2026-03-26 16:00:00+00:00,angiang_longxuyen_bacgiang_bacgiangcity_backan_backancity,83.396286
2026-03-26 17:00:00+00:00,angiang_longxuyen_bacgiang_bacgiangcity_backan_backancity,86.92613
2026-03-26 18:00:00+00:00,angiang_longxuyen_bacgiang_bacgiangcity_backan_backancity,92.024796
2026-03-26 19:00:00+00:00,angiang_longxuyen_bacgiang_bacgiangcity_backan_backancity,96.47691
2026-03-26 20:00:00+00:00,angiang_longxuyen_bacgiang_bacgiangcity_backan_backancity,102.849434
2026-03-26 21:00:00+00:00,angiang_longxuyen_bacgiang_bacgiangcity_backan_backancity,109.88988
2026-03-26 22:00:00+00:00,angiang_longxuyen_bacgiang_bacgiangcity_backan_backancity,117.4486
2026-03-26 23:00:00+00:00,angiang_longxuyen_bacgiang_bacgiangcity_backan_backancity,125.23152
2026-03-27 00:00:00+00:00,angiang_longxuyen_bacgiang_bacgiangcity_backan_backancity,132.79701
2026-03-27 01:00:00+00:00,angiang_longxuyen_bacgiang_bacgiangcity_backan_backancity,139.92825
2026-03-27 02:00:00+00:00,angiang_longxuyen_bacgiang_bacgiangcity_backan_backancity,144.8593
2026-03-27 03:00:00+00:00,angiang_longxuyen_bacgiang_bacgiangcity_backan_backancity,147.4403
2026-03-27 04:00:00+00:00,angiang_longxuyen_bacgiang_bacgiangcity_backan_backancity,148.85222
2026-03-27 05:00:00+00:00,angiang_longxuyen_bacgiang_bacgiangcity_backan_backancity,150.64378
2026-03-27 06:00:00+00:00,angiang_longxuyen_bacgiang_bacgiangcity_backan_backancity,151.98047
2026-03-27 07:00:00+00:00,angiang_longxuyen_bacgiang_bacgiangcity_backan_backancity,151.69485
2026-03-27 08:00:00+00:00,angiang_longxuyen_bacgiang_bacgiangcity_backan_backancity,151.78326
2026-03-27 09:00:00+00:00,angiang_longxuyen_bacgiang_bacgiangcity_backan_backancity,152.56041
2026-03-27 10:00:00+00:00,angiang_longxuyen_bacgiang_bacgiangcity_backan_backancity,151.90144
2026-03-27 11:00:00+00:00,angiang_longxuyen_bacgiang_bacgiangcity_backan_backancity,151.48628
2026-03-27 12:00:00+00:00,angiang_longxuyen_bacgiang_bacgiangcity_backan_backancity,152.66151
2026-03-27 13:00:00+00:00,angiang_longxuyen_bacgiang_bacgiangcity_backan_backancity,154.39426
2026-03-27 14:00:00+00:00,angiang_longxuyen_bacgiang_bacgiangcity_backan_backancity,155.82767
2026-03-27 15:00:00+00:00,angiang_longxuyen_bacgiang_bacgiangcity_backan_backancity,156.35385
2026-03-27 16:00:00+00:00,angiang_longxuyen_bacgiang_bacgiangcity_backan_backancity,158.69553
2026-03-27 17:00:00+00:00,angiang_longxuyen_bacgiang_bacgiangcity_backan_backancity,163.53009
2026-03-27 18:00:00+00:00,angiang_longxuyen_bacgiang_bacgiangcity_backan_backancity,163.73758
2026-03-27 19:00:00+00:00,angiang_longxuyen_bacgiang_bacgiangcity_backan_backancity,163.75406
2026-03-27 20:00:00+00:00,angiang_longxuyen_bacgiang_bacgiangcity_backan_backancity,162.6673
2026-03-27 21:00:00+00:00,angiang_longxuyen_bacgiang_bacgiangcity_backan_backancity,162.52498
2026-03-27 22:00:00+00:00,angiang_longxuyen_bacgiang_bacgiangcity_backan_backancity,162.11649
2026-03-27 23:00:00+00:00,angiang_longxuyen_bacgiang_bacgiangcity_backan_backancity,160.54019
2026-03-28 00:00:00+00:00,angiang_longxuyen_bacgiang_bacgiangcity_backan_backancity,159.32523
2026-03-28 01:00:00+00:00,angiang_longxuyen_bacgiang_bacgiangcity_backan_backancity,158.89197
2026-03-28 02:00:00+00:00,angiang_longxuyen_bacgiang_bacgiangcity_backan_backancity,157.54323
2026-03-28 03:00:00+00:00,angiang_longxuyen_bacgiang_bacgiangcity_backan_backancity,158.20451
2026-03-28 04:00:00+00:00,angiang_longxuyen_bacgiang_bacgiangcity_backan_backancity,157.59698
2026-03-28 05:00:00+00:00,angiang_longxuyen_bacgiang_bacgiangcity_backan_backancity,157.0896
2026-03-28 06:00:00+00:00,angiang_longxuyen_bacgiang_bacgiangcity_backan_backancity,157.70572
2026-03-28 07:00:00+00:00,angiang_longxuyen_bacgiang_bacgiangcity_backan_backancity,157.31937
2026-03-28 08:00:00+00:00,angiang_longxuyen_bacgiang_bacgiangcity_backan_backancity,157.27132
2026-03-28 09:00:00+00:00,angiang_longxuyen_bacgiang_bacgiangcity_backan_backancity,157.46335
2026-03-28 10:00:00+00:00,angiang_longxuyen_bacgiang_bacgiangcity_backan_backancity,158.86603
2026-03-28 11:00:00+00:00,angiang_longxuyen_bacgiang_bacgiangcity_backan_backancity,159.09999
2026-03-28 12:00:00+00:00,angiang_longxuyen_bacgiang_bacgiangcity_backan_backancity,159.48984
2026-03-28 13:00:00+00:00,angiang_longxuyen_bacgiang_bacgiangcity_backan_backancity,157.0582
2026-03-28 14:00:00+00:00,angiang_longxuyen_bacgiang_bacgiangcity_backan_backancity,155.73877
2026-03-28 15:00:00+00:00,angiang_longxuyen_bacgiang_bacgiangcity_backan_backancity,153.10461
2026-03-28 16:00:00+00:00,angiang_longxuyen_bacgiang_bacgiangcity_backan_backancity,150.38602
2026-03-28 17:00:00+00:00,angiang_longxuyen_bacgiang_bacgiangcity_backan_backancity,147.60892
2026-03-28 18:00:00+00:00,angiang_longxuyen_bacgiang_bacgiangcity_backan_backancity,145.72766
2026-03-28 19:00:00+00:00,angiang_longxuyen_bacgiang_bacgiangcity_backan_backancity,142.0542
2026-03-28 20:00:00+00:00,angiang_longxuyen_bacgiang_bacgiangcity_backan_backancity,138.04942
2026-03-28 21:00:00+00:00,angiang_longxuyen_bacgiang_bacgiangcity_backan_backancity,133.21767
2026-03-28 22:00:00+00:00,angiang_longxuyen_bacgiang_bacgiangcity_backan_backancity,128.57205
2026-03-28 23:00:00+00:00,angiang_longxuyen_bacgiang_bacgiangcity_backan_backancity,123.93519
2026-03-29 00:00:00+00:00,angiang_longxuyen_bacgiang_bacgiangcity_backan_backancity,120.46688
2026-03-29 01:00:00+00:00,angiang_longxuyen_bacgiang_bacgiangcity_backan_backancity,115.59089
2026-03-29 02:00:00+00:00,angiang_longxuyen_bacgiang_bacgiangcity_backan_backancity,110.4364
2026-03-29 03:00:00+00:00,angiang_longxuyen_bacgiang_bacgiangcity_backan_backancity,104.69751
2026-03-29 04:00:00+00:00,angiang_longxuyen_bacgiang_bacgiangcity_backan_backancity,99.4475
2026-03-29 05:00:00+00:00,angiang_longxuyen_bacgiang_bacgiangcity_backan_backancity,95.08498
2026-03-29 06:00:00+00:00,angiang_longxuyen_bacgiang_bacgiangcity_backan_backancity,91.522644
2026-03-29 07:00:00+00:00,angiang_longxuyen_bacgiang_bacgiangcity_backan_backancity,88.40371
2026-03-29 08:00:00+00:00,angiang_longxuyen_bacgiang_bacgiangcity_backan_backancity,85.222305
2026-03-29 09:00:00+00:00,angiang_longxuyen_bacgiang_bacgiangcity_backan_backancity,82.43952
2026-03-29 10:00:00+00:00,angiang_longxuyen_bacgiang_bacgiangcity_backan_backancity,79.510895
2026-03-29 11:00:00+00:00,angiang_longxuyen_bacgiang_bacgiangcity_backan_backancity,77.85693
2026-03-29 12:00:00+00:00,angiang_longxuyen_bacgiang_bacgiangcity_backan_backancity,76.15372
2026-03-29 13:00:00+00:00,angiang_longxuyen_bacgiang_bacgiangcity_backan_backancity,74.4731
2026-03-29 14:00:00+00:00,angiang_longxuyen_bacgiang_bacgiangcity_backan_backancity,73.91069
2026-03-29 15:00:00+00:00,angiang_longxuyen_bacgiang_bacgiangcity_backan_backancity,73.889435
2026-03-29 16:00:00+00:00,angiang_longxuyen_bacgiang_bacgiangcity_backan_backancity,74.002365
2026-03-29 17:00:00+00:00,angiang_longxuyen_bacgiang_bacgiangcity_backan_backancity,74.60614
2026-03-29 18:00:00+00:00,angiang_longxuyen_bacgiang_bacgiangcity_backan_backancity,74.926605
2026-03-29 19:00:00+00:00,angiang_longxuyen_bacgiang_bacgiangcity_backan_backancity,75.44779
2026-03-29 20:00:00+00:00,angiang_longxuyen_bacgiang_bacgiangcity_backan_backancity,76.18465
2026-03-29 21:00:00+00:00,angiang_longxuyen_bacgiang_bacgiangcity_backan_backancity,76.821526
2026-03-29 22:00:00+00:00,angiang_longxuyen_bacgiang_bacgiangcity_backan_backancity,77.518616
2026-03-29 23:00:00+00:00,angiang_longxuyen_bacgiang_bacgiangcity_backan_backancity,79.50705
2026-03-30 00:00:00+00:00,angiang_longxuyen_bacgiang_bacgiangcity_backan_backancity,80.45592
2026-03-30 01:00:00+00:00,angiang_longxuyen_bacgiang_bacgiangcity_backan_backancity,80.73295
2026-03-30 02:00:00+00:00,angiang_longxuyen_bacgiang_bacgiangcity_backan_backancity,81.42085
2026-03-30 03:00:00+00:00,angiang_longxuyen_bacgiang_bacgiangcity_backan_backancity,81.45303
2026-03-30 04:00:00+00:00,angiang_longxuyen_bacgiang_bacgiangcity_backan_backancity,80.46286
2026-03-30 05:00:00+00:00,angiang_longxuyen_bacgiang_bacgiangcity_backan_backancity,80.136536
2026-03-30 06:00:00+00:00,angiang_longxuyen_bacgiang_bacgiangcity_backan_backancity,80.52422
2026-03-30 07:00:00+00:00,angiang_longxuyen_bacgiang_bacgiangcity_backan_backancity,80.57825
2026-03-30 08:00:00+00:00,angiang_longxuyen_bacgiang_bacgiangcity_backan_backancity,80.64049
2026-03-30 09:00:00+00:00,angiang_longxuyen_bacgiang_bacgiangcity_backan_backancity,81.27513
2026-03-30 10:00:00+00:00,angiang_longxuyen_bacgiang_bacgiangcity_backan_backancity,81.2894
2026-03-30 11:00:00+00:00,angiang_longxuyen_bacgiang_bacgiangcity_backan_backancity,81.898445
2026-03-30 12:00:00+00:00,angiang_longxuyen_bacgiang_bacgiangcity_backan_backancity,82.9078
2026-03-30 13:00:00+00:00,angiang_longxuyen_bacgiang_bacgiangcity_backan_backancity,84.695526
2026-03-30 14:00:00+00:00,angiang_longxuyen_bacgiang_bacgiangcity_backan_backancity,86.152405
2026-03-30 15:00:00+00:00,angiang_longxuyen_bacgiang_bacgiangcity_backan_backancity,88.15675
2026-03-30 16:00:00+00:00,angiang_longxuyen_bacgiang_bacgiangcity_backan_backancity,89.981705
2026-03-30 17:00:00+00:00,angiang_longxuyen_bacgiang_bacgiangcity_backan_backancity,92.03049
2026-03-30 18:00:00+00:00,angiang_longxuyen_bacgiang_bacgiangcity_backan_backancity,93.513245
2026-03-30 19:00:00+00:00,angiang_longxuyen_bacgiang_bacgiangcity_backan_backancity,94.66643
2026-03-30 20:00:00+00:00,angiang_longxuyen_bacgiang_bacgiangcity_backan_backancity,94.02277
2026-03-30 21:00:00+00:00,angiang_longxuyen_bacgiang_bacgiangcity_backan_backancity,91.33173
2026-03-30 22:00:00+00:00,angiang_longxuyen_bacgiang_bacgiangcity_backan_backancity,88.69508
2026-03-30 23:00:00+00:00,angiang_longxuyen_bacgiang_bacgiangcity_backan_backancity,85.73824
2026-03-31 00:00:00+00:00,angiang_longxuyen_bacgiang_bacgiangcity_backan_backancity,84.27576
2026-03-31 01:00:00+00:00,angiang_longxuyen_bacgiang_bacgiangcity_backan_backancity,83.16341
2026-03-31 02:00:00+00:00,angiang_longxuyen_bacgiang_bacgiangcity_backan_backancity,82.39705
2026-03-31 03:00:00+00:00,angiang_longxuyen_bacgiang_bacgiangcity_backan_backancity,82.26302
2026-03-31 04:00:00+00:00,angiang_longxuyen_bacgiang_bacgiangcity_backan_backancity,82.45993
2026-03-31 05:00:00+00:00,angiang_longxuyen_bacgiang_bacgiangcity_backan_backancity,82.628555
2026-03-31 06:00:00+00:00,angiang_longxuyen_bacgiang_bacgiangcity_backan_backancity,82.891884
2026-03-31 07:00:00+00:00,angiang_longxuyen_bacgiang_bacgiangcity_backan_backancity,83.62102
2026-03-31 08:00:00+00:00,angiang_longxuyen_bacgiang_bacgiangcity_backan_backancity,83.64138
2026-03-31 09:00:00+00:00,angiang_longxuyen_bacgiang_bacgiangcity_backan_backancity,84.316536
2026-03-31 10:00:00+00:00,angiang_longxuyen_bacgiang_bacgiangcity_backan_backancity,84.383354
2026-03-31 11:00:00+00:00,angiang_longxuyen_bacgiang_bacgiangcity_backan_backancity,85.58476
2026-03-31 12:00:00+00:00,angiang_longxuyen_bacgiang_bacgiangcity_backan_backancity,86.21536
2026-03-31 13:00:00+00:00,angiang_longxuyen_bacgiang_bacgiangcity_backan_backancity,87.92763
2026-03-31 14:00:00+00:00,angiang_longxuyen_bacgiang_bacgiangcity_backan_backancity,88.39935
2026-03-31 15:00:00+00:00,angiang_longxuyen_bacgiang_bacgiangcity_backan_backancity,88.37602
2026-03-31 16:00:00+00:00,angiang_longxuyen_bacgiang_bacgiangcity_backan_backancity,86.67888
2026-03-31 17:00:00+00:00,angiang_longxuyen_bacgiang_bacgiangcity_backan_backancity,83.77704
2026-03-31 18:00:00+00:00,angiang_longxuyen_bacgiang_bacgiangcity_backan_backancity,80.52173
2026-03-31 19:00:00+00:00,angiang_longxuyen_bacgiang_bacgiangcity_backan_backancity,77.6998
2026-03-31 20:00:00+00:00,angiang_longxuyen_bacgiang_bacgiangcity_backan_backancity,75.64647
2026-03-31 21:00:00+00:00,angiang_longxuyen_bacgiang_bacgiangcity_backan_backancity,74.61322
2026-03-31 22:00:00+00:00,angiang_longxuyen_bacgiang_bacgiangcity_backan_backancity,74.42288
2026-03-31 23:00:00+00:00,angiang_longxuyen_bacgiang_bacgiangcity_backan_backancity,74.79437
2026-04-01 00:00:00+00:00,angiang_longxuyen_bacgiang_bacgiangcity_backan_backancity,75.03528
2026-04-01 01:00:00+00:00,angiang_longxuyen_bacgiang_bacgiangcity_backan_backancity,76.64867
2026-04-01 02:00:00+00:00,angiang_longxuyen_bacgiang_bacgiangcity_backan_backancity,77.37782
2026-04-01 03:00:00+00:00,angiang_longxuyen_bacgiang_bacgiangcity_backan_backancity,77.86379
2026-04-01 04:00:00+00:00,angiang_longxuyen_bacgiang_bacgiangcity_backan_backancity,78.59262
2026-04-01 05:00:00+00:00,angiang_longxuyen_bacgiang_bacgiangcity_backan_backancity,78.65527
2026-04-01 06:00:00+00:00,angiang_longxuyen_bacgiang_bacgiangcity_backan_backancity,78.60927
2026-04-01 07:00:00+00:00,angiang_longxuyen_bacgiang_bacgiangcity_backan_backancity,78.645996
2026-04-01 08:00:00+00:00,angiang_longxuyen_bacgiang_bacgiangcity_backan_backancity,79.04718
2026-04-01 09:00:00+00:00,angiang_longxuyen_bacgiang_bacgiangcity_backan_backancity,78.38614
2026-04-01 10:00:00+00:00,angiang_longxuyen_bacgiang_bacgiangcity_backan_backancity,78.369644
2026-04-01 11:00:00+00:00,angiang_longxuyen_bacgiang_bacgiangcity_backan_backancity,79.79862
2026-04-01 12:00:00+00:00,angiang_longxuyen_bacgiang_bacgiangcity_backan_backancity,81.131516
2026-04-01 13:00:00+00:00,angiang_longxuyen_bacgiang_bacgiangcity_backan_backancity,82.93994
2026-04-01 14:00:00+00:00,angiang_longxuyen_bacgiang_bacgiangcity_backan_backancity,84.06535
2026-04-01 15:00:00+00:00,angiang_longxuyen_bacgiang_bacgiangcity_backan_backancity,86.52294
2026-04-01 16:00:00+00:00,angiang_longxuyen_bacgiang_bacgiangcity_backan_backancity,89.74476
2026-04-01 17:00:00+00:00,angiang_longxuyen_bacgiang_bacgiangcity_backan_backancity,93.432495
2026-04-01 18:00:00+00:00,angiang_longxuyen_bacgiang_bacgiangcity_backan_backancity,97.47242
2026-04-01 19:00:00+00:00,angiang_longxuyen_bacgiang_bacgiangcity_backan_backancity,101.648026
2026-04-01 20:00:00+00:00,angiang_longxuyen_bacgiang_bacgiangcity_backan_backancity,104.745476
2026-04-01 21:00:00+00:00,angiang_longxuyen_bacgiang_bacgiangcity_backan_backancity,106.30661
2026-04-01 22:00:00+00:00,angiang_longxuyen_bacgiang_bacgiangcity_backan_backancity,106.13017
2026-04-01 23:00:00+00:00,angiang_longxuyen_bacgiang_bacgiangcity_backan_backancity,105.45491
2026-04-02 00:00:00+00:00,angiang_longxuyen_bacgiang_bacgiangcity_backan_backancity,105.64067
2026-04-02 01:00:00+00:00,angiang_longxuyen_bacgiang_bacgiangcity_backan_backancity,105.430374
2026-04-02 02:00:00+00:00,angiang_longxuyen_bacgiang_bacgiangcity_backan_backancity,104.61124
2026-04-02 03:00:00+00:00,angiang_longxuyen_bacgiang_bacgiangcity_backan_backancity,104.02941
2026-04-02 04:00:00+00:00,angiang_longxuyen_bacgiang_bacgiangcity_backan_backancity,104.27824
2026-04-02 05:00:00+00:00,angiang_longxuyen_bacgiang_bacgiangcity_backan_backancity,104.415474
2026-04-02 06:00:00+00:00,angiang_longxuyen_bacgiang_bacgiangcity_backan_backancity,104.23625
2026-04-02 07:00:00+00:00,angiang_longxuyen_bacgiang_bacgiangcity_backan_backancity,104.02632
2026-04-02 08:00:00+00:00,angiang_longxuyen_bacgiang_bacgiangcity_backan_backancity,103.48393
2026-04-02 09:00:00+00:00,angiang_longxuyen_bacgiang_bacgiangcity_backan_backancity,102.77724
2026-04-02 10:00:00+00:00,angiang_longxuyen_bacgiang_bacgiangcity_backan_backancity,102.71879
2026-04-02 11:00:00+00:00,angiang_longxuyen_bacgiang_bacgiangcity_backan_backancity,103.42771
2026-04-02 12:00:00+00:00,angiang_longxuyen_bacgiang_bacgiangcity_backan_backancity,102.535095
2026-04-02 13:00:00+00:00,angiang_longxuyen_bacgiang_bacgiangcity_backan_backancity,104.652824
2026-04-02 14:00:00+00:00,angiang_longxuyen_bacgiang_bacgiangcity_backan_backancity,105.54012
2026-04-02 15:00:00+00:00,angiang_longxuyen_bacgiang_bacgiangcity_backan_backancity,106.04403
2026-04-02 16:00:00+00:00,angiang_longxuyen_bacgiang_bacgiangcity_backan_backancity,108.08417
2026-04-02 17:00:00+00:00,angiang_longxuyen_bacgiang_bacgiangcity_backan_backancity,110.89011
2026-04-02 18:00:00+00:00,angiang_longxuyen_bacgiang_bacgiangcity_backan_backancity,112.60591
2026-04-02 19:00:00+00:00,angiang_longxuyen_bacgiang_bacgiangcity_backan_backancity,114.67122
2026-04-02 20:00:00+00:00,angiang_longxuyen_bacgiang_bacgiangcity_backan_backancity,115.098114
2026-04-02 21:00:00+00:00,angiang_longxuyen_bacgiang_bacgiangcity_backan_backancity,115.17384
2026-04-02 22:00:00+00:00,angiang_longxuyen_bacgiang_bacgiangcity_backan_backancity,116.11649
2026-04-02 23:00:00+00:00,angiang_longxuyen_bacgiang_bacgiangcity_backan_backancity,115.90437
2026-04-03 00:00:00+00:00,angiang_longxuyen_bacgiang_bacgiangcity_backan_backancity,116.030975
2026-04-03 01:00:00+00:00,angiang_longxuyen_bacgiang_bacgiangcity_backan_backancity,113.43107
2026-04-03 02:00:00+00:00,angiang_longxuyen_bacgiang_bacgiangcity_backan_backancity,115.1723
2026-04-03 03:00:00+00:00,angiang_longxuyen_bacgiang_bacgiangcity_backan_backancity,116.37901
2026-04-03 04:00:00+00:00,angiang_longxuyen_bacgiang_bacgiangcity_backan_backancity,117.15561
2026-04-03 05:00:00+00:00,angiang_longxuyen_bacgiang_bacgiangcity_backan_backancity,119.4666
2026-04-03 06:00:00+00:00,angiang_longxuyen_bacgiang_bacgiangcity_backan_backancity,120.46603
2026-04-03 07:00:00+00:00,angiang_longxuyen_bacgiang_bacgiangcity_backan_backancity,123.34646
2026-04-03 08:00:00+00:00,angiang_longxuyen_bacgiang_bacgiangcity_backan_backancity,126.639206
2026-04-03 09:00:00+00:00,angiang_longxuyen_bacgiang_bacgiangcity_backan_backancity,130.15353
2026-04-03 10:00:00+00:00,angiang_longxuyen_bacgiang_bacgiangcity_backan_backancity,134.74
2026-04-03 11:00:00+00:00,angiang_longxuyen_bacgiang_bacgiangcity_backan_backancity,138.31032
2026-04-03 12:00:00+00:00,angiang_longxuyen_bacgiang_bacgiangcity_backan_backancity,140.51396
2026-04-03 13:00:00+00:00,angiang_longxuyen_bacgiang_bacgiangcity_backan_backancity,142.33678
2026-04-03 14:00:00+00:00,angiang_longxuyen_bacgiang_bacgiangcity_backan_backancity,144.11469
2026-04-03 15:00:00+00:00,angiang_longxuyen_bacgiang_bacgiangcity_backan_backancity,144.8486
2026-04-03 16:00:00+00:00,angiang_longxuyen_bacgiang_bacgiangcity_backan_backancity,145.83989
2026-04-03 17:00:00+00:00,angiang_longxuyen_bacgiang_bacgiangcity_backan_backancity,146.91853
2026-04-03 18:00:00+00:00,angiang_longxuyen_bacgiang_bacgiangcity_backan_backancity,147.44957
2026-04-03 19:00:00+00:00,angiang_longxuyen_bacgiang_bacgiangcity_backan_backancity,147.48834
2026-04-03 20:00:00+00:00,angiang_longxuyen_bacgiang_bacgiangcity_backan_backancity,146.77814
2026-04-03 21:00:00+00:00,angiang_longxuyen_bacgiang_bacgiangcity_backan_backancity,145.63925
2026-04-03 22:00:00+00:00,angiang_longxuyen_bacgiang_bacgiangcity_backan_backancity,144.09964
2026-04-03 23:00:00+00:00,angiang_longxuyen_bacgiang_bacgiangcity_backan_backancity,142.28964
2026-04-04 00:00:00+00:00,angiang_longxuyen_bacgiang_bacgiangcity_backan_backancity,142.46286
2026-04-04 01:00:00+00:00,angiang_longxuyen_bacgiang_bacgiangcity_backan_backancity,141.57169
2026-04-04 02:00:00+00:00,angiang_longxuyen_bacgiang_bacgiangcity_backan_backancity,143.20462
2026-04-04 03:00:00+00:00,angiang_longxuyen_bacgiang_bacgiangcity_backan_backancity,144.18773
2026-04-04 04:00:00+00:00,angiang_longxuyen_bacgiang_bacgiangcity_backan_backancity,144.70897
2026-04-04 05:00:00+00:00,angiang_longxuyen_bacgiang_bacgiangcity_backan_backancity,144.98462
2026-04-04 06:00:00+00:00,angiang_longxuyen_bacgiang_bacgiangcity_backan_backancity,144.13156
2026-04-04 07:00:00+00:00,angiang_longxuyen_bacgiang_bacgiangcity_backan_backancity,144.86555
2026-04-04 08:00:00+00:00,angiang_longxuyen_bacgiang_bacgiangcity_backan_backancity,145.56306
2026-04-04 09:00:00+00:00,angiang_longxuyen_bacgiang_bacgiangcity_backan_backancity,145.75822
2026-04-04 10:00:00+00:00,angiang_longxuyen_bacgiang_bacgiangcity_backan_backancity,144.13013
2026-04-04 11:00:00+00:00,angiang_longxuyen_bacgiang_bacgiangcity_backan_backancity,143.45027
2026-04-04 12:00:00+00:00,angiang_longxuyen_bacgiang_bacgiangcity_backan_backancity,142.81963
2026-04-04 13:00:00+00:00,angiang_longxuyen_bacgiang_bacgiangcity_backan_backancity,142.35458
2026-04-04 14:00:00+00:00,angiang_longxuyen_bacgiang_bacgiangcity_backan_backancity,142.29987
2026-04-04 15:00:00+00:00,angiang_longxuyen_bacgiang_bacgiangcity_backan_backancity,141.82208
2026-04-04 16:00:00+00:00,angiang_longxuyen_bacgiang_bacgiangcity_backan_backancity,143.21858
2026-04-04 17:00:00+00:00,angiang_longxuyen_bacgiang_bacgiangcity_backan_backancity,144.4274
2026-04-04 18:00:00+00:00,angiang_longxuyen_bacgiang_bacgiangcity_backan_backancity,145.09969
2026-04-04 19:00:00+00:00,angiang_longxuyen_bacgiang_bacgiangcity_backan_backancity,145.37134
2026-04-04 20:00:00+00:00,angiang_longxuyen_bacgiang_bacgiangcity_backan_backancity,145.89578
2026-04-04 21:00:00+00:00,angiang_longxuyen_bacgiang_bacgiangcity_backan_backancity,145.08894
2026-04-04 22:00:00+00:00,angiang_longxuyen_bacgiang_bacgiangcity_backan_backancity,144.1874
2026-04-04 23:00:00+00:00,angiang_longxuyen_bacgiang_bacgiangcity_backan_backancity,143.62888
2026-04-05 00:00:00+00:00,angiang_longxuyen_bacgiang_bacgiangcity_backan_backancity,144.27446
2026-04-05 01:00:00+00:00,angiang_longxuyen_bacgiang_bacgiangcity_backan_backancity,143.3187
2026-04-05 02:00:00+00:00,angiang_longxuyen_bacgiang_bacgiangcity_backan_backancity,142.10658
2026-04-05 03:00:00+00:00,angiang_longxuyen_bacgiang_bacgiangcity_backan_backancity,142.67207
2026-04-05 04:00:00+00:00,angiang_longxuyen_bacgiang_bacgiangcity_backan_backancity,142.70926
2026-04-05 05:00:00+00:00,angiang_longxuyen_bacgiang_bacgiangcity_backan_backancity,141.32997
2026-04-05 06:00:00+00:00,angiang_longxuyen_bacgiang_bacgiangcity_backan_backancity,141.74692
2026-04-05 07:00:00+00:00,angiang_longxuyen_bacgiang_bacgiangcity_backan_backancity,141.10219
2026-04-05 08:00:00+00:00,angiang_longxuyen_bacgiang_bacgiangcity_backan_backancity,141.46758
2026-04-05 09:00:00+00:00,angiang_longxuyen_bacgiang_bacgiangcity_backan_backancity,141.09343
2026-04-05 10:00:00+00:00,angiang_longxuyen_bacgiang_bacgiangcity_backan_backancity,139.25966
2026-04-05 11:00:00+00:00,angiang_longxuyen_bacgiang_bacgiangcity_backan_backancity,138.26959
2026-04-05 12:00:00+00:00,angiang_longxuyen_bacgiang_bacgiangcity_backan_backancity,136.34247
2026-04-05 13:00:00+00:00,angiang_longxuyen_bacgiang_bacgiangcity_backan_backancity,134.65607
2026-04-05 14:00:00+00:00,angiang_longxuyen_bacgiang_bacgiangcity_backan_backancity,134.08768
2026-04-05 15:00:00+00:00,angiang_longxuyen_bacgiang_bacgiangcity_backan_backancity,132.05846
2026-04-05 16:00:00+00:00,angiang_longxuyen_bacgiang_bacgiangcity_backan_backancity,131.5062
2026-04-05 17:00:00+00:00,angiang_longxuyen_bacgiang_bacgiangcity_backan_backancity,132.54167
2026-04-05 18:00:00+00:00,angiang_longxuyen_bacgiang_bacgiangcity_backan_backancity,132.66489
2026-04-05 19:00:00+00:00,angiang_longxuyen_bacgiang_bacgiangcity_backan_backancity,132.50464
2026-04-05 20:00:00+00:00,angiang_longxuyen_bacgiang_bacgiangcity_backan_backancity,132.80148
2026-04-05 21:00:00+00:00,angiang_longxuyen_bacgiang_bacgiangcity_backan_backancity,132.44028
2026-04-05 22:00:00+00:00,angiang_longxuyen_bacgiang_bacgiangcity_backan_backancity,131.8541
2026-04-05 23:00:00+00:00,angiang_longxuyen_bacgiang_bacgiangcity_backan_backancity,131.29167
2026-04-06 00:00:00+00:00,angiang_longxuyen_bacgiang_bacgiangcity_backan_backancity,131.9601
2026-04-06 01:00:00+00:00,angiang_longxuyen_bacgiang_bacgiangcity_backan_backancity,131.06573
2026-04-06 02:00:00+00:00,angiang_longxuyen_bacgiang_bacgiangcity_backan_backancity,132.14276
2026-04-06 03:00:00+00:00,angiang_longxuyen_bacgiang_bacgiangcity_backan_backancity,133.01183
2026-04-06 04:00:00+00:00,angiang_longxuyen_bacgiang_bacgiangcity_backan_backancity,131.92291
2026-04-06 05:00:00+00:00,angiang_longxuyen_bacgiang_bacgiangcity_backan_backancity,132.14493
2026-04-06 06:00:00+00:00,angiang_longxuyen_bacgiang_bacgiangcity_backan_backancity,132.35852
2026-04-06 07:00:00+00:00,angiang_longxuyen_bacgiang_bacgiangcity_backan_backancity,130.63591
2026-04-06 08:00:00+00:00,angiang_longxuyen_bacgiang_bacgiangcity_backan_backancity,128.813
2026-04-06 09:00:00+00:00,angiang_longxuyen_bacgiang_bacgiangcity_backan_backancity,128.66336
2026-04-06 10:00:00+00:00,angiang_longxuyen_bacgiang_bacgiangcity_backan_backancity,128.59431
2026-04-06 11:00:00+00:00,angiang_longxuyen_bacgiang_bacgiangcity_backan_backancity,128.73044
2026-04-06 12:00:00+00:00,angiang_longxuyen_bacgiang_bacgiangcity_backan_backancity,130.70789
2026-04-06 13:00:00+00:00,angiang_longxuyen_bacgiang_bacgiangcity_backan_backancity,132.92409
2026-04-06 14:00:00+00:00,angiang_longxuyen_bacgiang_bacgiangcity_backan_backancity,133.38654
2026-04-06 15:00:00+00:00,angiang_longxuyen_bacgiang_bacgiangcity_backan_backancity,135.72981
2026-04-06 16:00:00+00:00,angiang_longxuyen_bacgiang_bacgiangcity_backan_backancity,137.92992
2026-04-06 17:00:00+00:00,angiang_longxuyen_bacgiang_bacgiangcity_backan_backancity,139.16602
2026-04-06 18:00:00+00:00,angiang_longxuyen_bacgiang_bacgiangcity_backan_backancity,140.74768
2026-04-06 19:00:00+00:00,angiang_longxuyen_bacgiang_bacgiangcity_backan_backancity,139.6077
2026-04-06 20:00:00+00:00,angiang_longxuyen_bacgiang_bacgiangcity_backan_backancity,138.42719
2026-04-06 21:00:00+00:00,angiang_longxuyen_bacgiang_bacgiangcity_backan_backancity,139.56221
2026-04-06 22:00:00+00:00,angiang_longxuyen_bacgiang_bacgiangcity_backan_backancity,140.91534
2026-04-06 23:00:00+00:00,angiang_longxuyen_bacgiang_bacgiangcity_backan_backancity,141.49664
2026-04-07 00:00:00+00:00,angiang_longxuyen_bacgiang_bacgiangcity_backan_backancity,143.94815
2026-04-07 01:00:00+00:00,angiang_longxuyen_bacgiang_bacgiangcity_backan_backancity,144.45404
2026-04-07 02:00:00+00:00,angiang_longxuyen_bacgiang_bacgiangcity_backan_backancity,144.89691
2026-04-07 03:00:00+00:00,angiang_longxuyen_bacgiang_bacgiangcity_backan_backancity,145.12946
2026-04-07 04:00:00+00:00,angiang_longxuyen_bacgiang_bacgiangcity_backan_backancity,143.63638
2026-04-07 05:00:00+00:00,angiang_longxuyen_bacgiang_bacgiangcity_backan_backancity,141.11455
2026-04-07 06:00:00+00:00,angiang_longxuyen_bacgiang_bacgiangcity_backan_backancity,137.20558
2026-04-07 07:00:00+00:00,angiang_longxuyen_bacgiang_bacgiangcity_backan_backancity,134.01239
2026-04-07 08:00:00+00:00,angiang_longxuyen_bacgiang_bacgiangcity_backan_backancity,129.95877
2026-04-07 09:00:00+00:00,angiang_longxuyen_bacgiang_bacgiangcity_backan_backancity,125.88854
2026-04-07 10:00:00+00:00,angiang_longxuyen_bacgiang_bacgiangcity_backan_backancity,122.18204
2026-04-07 11:00:00+00:00,angiang_longxuyen_bacgiang_bacgiangcity_backan_backancity,118.33482
2026-04-07 12:00:00+00:00,angiang_longxuyen_bacgiang_bacgiangcity_backan_backancity,114.90483
2026-04-07 13:00:00+00:00,angiang_longxuyen_bacgiang_bacgiangcity_backan_backancity,111.939354
2026-04-07 14:00:00+00:00,angiang_longxuyen_bacgiang_bacgiangcity_backan_backancity,109.05125
2026-04-07 15:00:00+00:00,angiang_longxuyen_bacgiang_bacgiangcity_backan_backancity,107.015396
2026-04-07 16:00:00+00:00,angiang_longxuyen_bacgiang_bacgiangcity_backan_backancity,103.69574
2026-04-07 17:00:00+00:00,angiang_longxuyen_bacgiang_bacgiangcity_backan_backancity,101.22006
2026-04-07 18:00:00+00:00,angiang_longxuyen_bacgiang_bacgiangcity_backan_backancity,98.889404
2026-04-07 19:00:00+00:00,angiang_longxuyen_bacgiang_bacgiangcity_backan_backancity,96.64456
2026-04-07 20:00:00+00:00,angiang_longxuyen_bacgiang_bacgiangcity_backan_backancity,94.394135
2026-04-07 21:00:00+00:00,angiang_longxuyen_bacgiang_bacgiangcity_backan_backancity,92.35321
2026-04-07 22:00:00+00:00,angiang_longxuyen_bacgiang_bacgiangcity_backan_backancity,90.393654
2026-04-07 23:00:00+00:00,angiang_longxuyen_bacgiang_bacgiangcity_backan_backancity,87.7736
2026-04-08 00:00:00+00:00,angiang_longxuyen_bacgiang_bacgiangcity_backan_backancity,84.516205
2026-04-08 01:00:00+00:00,angiang_longxuyen_bacgiang_bacgiangcity_backan_backancity,79.88049
2026-04-08 02:00:00+00:00,angiang_longxuyen_bacgiang_bacgiangcity_backan_backancity,75.27513
2026-04-08 03:00:00+00:00,angiang_longxuyen_bacgiang_bacgiangcity_backan_backancity,71.73096
2026-04-08 04:00:00+00:00,angiang_longxuyen_bacgiang_bacgiangcity_backan_backancity,68.51161
2026-04-08 05:00:00+00:00,angiang_longxuyen_bacgiang_bacgiangcity_backan_backancity,65.399185
2026-04-08 06:00:00+00:00,angiang_longxuyen_bacgiang_bacgiangcity_backan_backancity,62.824158
2026-04-08 07:00:00+00:00,angiang_longxuyen_bacgiang_bacgiangcity_backan_backancity,60.98876
2026-04-08 08:00:00+00:00,angiang_longxuyen_bacgiang_bacgiangcity_backan_backancity,59.1778
2026-04-08 09:00:00+00:00,angiang_longxuyen_bacgiang_bacgiangcity_backan_backancity,57.570984
2026-04-08 10:00:00+00:00,angiang_longxuyen_bacgiang_bacgiangcity_backan_backancity,56.094036
2026-04-08 11:00:00+00:00,angiang_longxuyen_bacgiang_bacgiangcity_backan_backancity,55.12061
2026-04-08 12:00:00+00:00,angiang_longxuyen_bacgiang_bacgiangcity_backan_backancity,54.027523
2026-04-08 13:00:00+00:00,angiang_longxuyen_bacgiang_bacgiangcity_backan_backancity,52.75063
2026-04-08 14:00:00+00:00,angiang_longxuyen_bacgiang_bacgiangcity_backan_backancity,51.361576
2026-04-08 15:00:00+00:00,angiang_longxuyen_bacgiang_bacgiangcity_backan_backancity,49.88771
2026-04-08 16:00:00+00:00,angiang_longxuyen_bacgiang_bacgiangcity_backan_backancity,48.625214
2026-04-08 17:00:00+00:00,angiang_longxuyen_bacgiang_bacgiangcity_backan_backancity,47.561623
2026-04-08 18:00:00+00:00,angiang_longxuyen_bacgiang_bacgiangcity_backan_backancity,46.721275
2026-04-08 19:00:00+00:00,angiang_longxuyen_bacgiang_bacgiangcity_backan_backancity,46.499214
2026-04-08 20:00:00+00:00,angiang_longxuyen_bacgiang_bacgiangcity_backan_backancity,46.716705
2026-04-08 21:00:00+00:00,angiang_longxuyen_bacgiang_bacgiangcity_backan_backancity,46.574127
2026-04-08 22:00:00+00:00,angiang_longxuyen_bacgiang_bacgiangcity_backan_backancity,46.394585
2026-04-08 23:00:00+00:00,angiang_longxuyen_bacgiang_bacgiangcity_backan_backancity,46.91043
2026-04-09 00:00:00+00:00,angiang_longxuyen_bacgiang_bacgiangcity_backan_backancity,48.5596
2026-04-09 01:00:00+00:00,angiang_longxuyen_bacgiang_bacgiangcity_backan_backancity,50.691257
2026-04-09 02:00:00+00:00,angiang_longxuyen_bacgiang_bacgiangcity_backan_backancity,53.042015
2026-04-09 03:00:00+00:00,angiang_longxuyen_bacgiang_bacgiangcity_backan_backancity,55.346737
2026-04-09 04:00:00+00:00,angiang_longxuyen_bacgiang_bacgiangcity_backan_backancity,58.761604
2026-04-09 05:00:00+00:00,angiang_longxuyen_bacgiang_bacgiangcity_backan_backancity,61.829117
2026-04-09 06:00:00+00:00,angiang_longxuyen_bacgiang_bacgiangcity_backan_backancity,64.850174
2026-04-09 07:00:00+00:00,angiang_longxuyen_bacgiang_bacgiangcity_backan_backancity,67.836395
2026-04-09 08:00:00+00:00,angiang_longxuyen_bacgiang_bacgiangcity_backan_backancity,70.3896
2026-04-09 09:00:00+00:00,angiang_longxuyen_bacgiang_bacgiangcity_backan_backancity,73.020744
2026-04-09 10:00:00+00:00,angiang_longxuyen_bacgiang_bacgiangcity_backan_backancity,75.27027
2026-04-09 11:00:00+00:00,angiang_longxuyen_bacgiang_bacgiangcity_backan_backancity,77.95465
2026-04-09 12:00:00+00:00,angiang_longxuyen_bacgiang_bacgiangcity_backan_backancity,80.50495
2026-04-09 13:00:00+00:00,angiang_longxuyen_bacgiang_bacgiangcity_backan_backancity,82.34216
2026-04-09 14:00:00+00:00,angiang_longxuyen_bacgiang_bacgiangcity_backan_backancity,84.45559
2026-04-09 15:00:00+00:00,angiang_longxuyen_bacgiang_bacgiangcity_backan_backancity,85.49562
2026-04-09 16:00:00+00:00,angiang_longxuyen_bacgiang_bacgiangcity_backan_backancity,85.84531
2026-04-09 17:00:00+00:00,angiang_longxuyen_bacgiang_bacgiangcity_backan_backancity,85.69336
2026-04-09 18:00:00+00:00,angiang_longxuyen_bacgiang_bacgiangcity_backan_backancity,85.63745
2026-04-09 19:00:00+00:00,angiang_longxuyen_bacgiang_bacgiangcity_backan_backancity,85.66978
2026-04-09 20:00:00+00:00,angiang_longxuyen_bacgiang_bacgiangcity_backan_backancity,85.08996
2026-04-09 21:00:00+00:00,angiang_longxuyen_bacgiang_bacgiangcity_backan_backancity,84.36604
2026-04-09 22:00:00+00:00,angiang_longxuyen_bacgiang_bacgiangcity_backan_backancity,83.72984
2026-04-09 23:00:00+00:00,angiang_longxuyen_bacgiang_bacgiangcity_backan_backancity,83.87342
2026-04-10 00:00:00+00:00,angiang_longxuyen_bacgiang_bacgiangcity_backan_backancity,85.76977
2026-04-10 01:00:00+00:00,angiang_longxuyen_bacgiang_bacgiangcity_backan_backancity,86.57654
2026-04-10 02:00:00+00:00,angiang_longxuyen_bacgiang_bacgiangcity_backan_backancity,87.696594
2026-04-10 03:00:00+00:00,angiang_longxuyen_bacgiang_bacgiangcity_backan_backancity,89.8977
2026-04-10 04:00:00+00:00,angiang_longxuyen_bacgiang_bacgiangcity_backan_backancity,91.77725
2026-04-10 05:00:00+00:00,angiang_longxuyen_bacgiang_bacgiangcity_backan_backancity,93.02768
2026-04-10 06:00:00+00:00,angiang_longxuyen_bacgiang_bacgiangcity_backan_backancity,94.189705
2026-04-10 07:00:00+00:00,angiang_longxuyen_bacgiang_bacgiangcity_backan_backancity,92.454575
2026-04-10 08:00:00+00:00,angiang_longxuyen_bacgiang_bacgiangcity_backan_backancity,90.00972
2026-04-10 09:00:00+00:00,angiang_longxuyen_bacgiang_bacgiangcity_backan_backancity,86.95363
2026-04-10 10:00:00+00:00,angiang_longxuyen_bacgiang_bacgiangcity_backan_backancity,83.675064
2026-04-10 11:00:00+00:00,angiang_longxuyen_bacgiang_bacgiangcity_backan_backancity,81.290565
2026-04-10 12:00:00+00:00,angiang_longxuyen_bacgiang_bacgiangcity_backan_backancity,80.34843
2026-04-10 13:00:00+00:00,angiang_longxuyen_bacgiang_bacgiangcity_backan_backancity,80.05598
2026-04-10 14:00:00+00:00,angiang_longxuyen_bacgiang_bacgiangcity_backan_backancity,77.68347
2026-04-10 15:00:00+00:00,angiang_longxuyen_bacgiang_bacgiangcity_backan_backancity,76.27919
2026-04-10 16:00:00+00:00,angiang_longxuyen_bacgiang_bacgiangcity_backan_backancity,75.35782
2026-04-10 17:00:00+00:00,angiang_longxuyen_bacgiang_bacgiangcity_backan_backancity,74.72171
2026-04-10 18:00:00+00:00,angiang_longxuyen_bacgiang_bacgiangcity_backan_backancity,74.50722
2026-04-10 19:00:00+00:00,angiang_longxuyen_bacgiang_bacgiangcity_backan_backancity,73.84372
2026-04-10 20:00:00+00:00,angiang_longxuyen_bacgiang_bacgiangcity_backan_backancity,73.77814
2026-04-10 21:00:00+00:00,angiang_longxuyen_bacgiang_bacgiangcity_backan_backancity,73.54747
2026-04-10 22:00:00+00:00,angiang_longxuyen_bacgiang_bacgiangcity_backan_backancity,73.26418
2026-04-10 23:00:00+00:00,angiang_longxuyen_bacgiang_bacgiangcity_backan_backancity,73.36339
2026-04-11 00:00:00+00:00,angiang_longxuyen_bacgiang_bacgiangcity_backan_backancity,75.10071
2026-04-11 01:00:00+00:00,angiang_longxuyen_bacgiang_bacgiangcity_backan_backancity,76.45163
2026-04-11 02:00:00+00:00,angiang_longxuyen_bacgiang_bacgiangcity_backan_backancity,78.56711
2026-04-11 03:00:00+00:00,angiang_longxuyen_bacgiang_bacgiangcity_backan_backancity,79.90441
2026-04-11 04:00:00+00:00,angiang_longxuyen_bacgiang_bacgiangcity_backan_backancity,80.200424
2026-04-11 05:00:00+00:00,angiang_longxuyen_bacgiang_bacgiangcity_backan_backancity,81.398384
2026-04-11 06:00:00+00:00,angiang_longxuyen_bacgiang_bacgiangcity_backan_backancity,82.57444
2026-04-11 07:00:00+00:00,angiang_longxuyen_bacgiang_bacgiangcity_backan_backancity,84.6376
2026-04-11 08:00:00+00:00,angiang_longxuyen_bacgiang_bacgiangcity_backan_backancity,87.37825
2026-04-11 09:00:00+00:00,angiang_longxuyen_bacgiang_bacgiangcity_backan_backancity,89.50832
2026-04-11 10:00:00+00:00,angiang_longxuyen_bacgiang_bacgiangcity_backan_backancity,92.23187
2026-04-11 11:00:00+00:00,angiang_longxuyen_bacgiang_bacgiangcity_backan_backancity,94.167786
2026-04-11 12:00:00+00:00,angiang_longxuyen_bacgiang_bacgiangcity_backan_backancity,96.759796
2026-04-11 13:00:00+00:00,angiang_longxuyen_bacgiang_bacgiangcity_backan_backancity,98.871796
2026-04-11 14:00:00+00:00,angiang_longxuyen_bacgiang_bacgiangcity_backan_backancity,101.50405
2026-04-11 15:00:00+00:00,angiang_longxuyen_bacgiang_bacgiangcity_backan_backancity,104.82344
2026-04-11 16:00:00+00:00,angiang_longxuyen_bacgiang_bacgiangcity_backan_backancity,108.05056
2026-04-11 17:00:00+00:00,angiang_longxuyen_bacgiang_bacgiangcity_backan_backancity,110.41
2026-04-11 18:00:00+00:00,angiang_longxuyen_bacgiang_bacgiangcity_backan_backancity,112.6163
2026-04-11 19:00:00+00:00,angiang_longxuyen_bacgiang_bacgiangcity_backan_backancity,113.93639
2026-04-11 20:00:00+00:00,angiang_longxuyen_bacgiang_bacgiangcity_backan_backancity,115.36318
2026-04-11 21:00:00+00:00,angiang_longxuyen_bacgiang_bacgiangcity_backan_backancity,115.51671
2026-04-11 22:00:00+00:00,angiang_longxuyen_bacgiang_bacgiangcity_backan_backancity,116.73573
2026-04-11 23:00:00+00:00,angiang_longxuyen_bacgiang_bacgiangcity_backan_backancity,116.66798
2026-04-12 00:00:00+00:00,angiang_longxuyen_bacgiang_bacgiangcity_backan_backancity,116.89722
2026-04-12 01:00:00+00:00,angiang_longxuyen_bacgiang_bacgiangcity_backan_backancity,119.74281
2026-04-12 02:00:00+00:00,angiang_longxuyen_bacgiang_bacgiangcity_backan_backancity,122.803345
2026-04-12 03:00:00+00:00,angiang_longxuyen_bacgiang_bacgiangcity_backan_backancity,127.74663
2026-04-12 04:00:00+00:00,angiang_longxuyen_bacgiang_bacgiangcity_backan_backancity,133.11533
2026-04-12 05:00:00+00:00,angiang_longxuyen_bacgiang_bacgiangcity_backan_backancity,140.57043
2026-04-12 06:00:00+00:00,angiang_longxuyen_bacgiang_bacgiangcity_backan_backancity,145.76163
2026-04-12 07:00:00+00:00,angiang_longxuyen_bacgiang_bacgiangcity_backan_backancity,149.1386
2026-04-12 08:00:00+00:00,angiang_longxuyen_bacgiang_bacgiangcity_backan_backancity,153.2818
2026-04-12 09:00:00+00:00,angiang_longxuyen_bacgiang_bacgiangcity_backan_backancity,155.66228
2026-04-12 10:00:00+00:00,angiang_longxuyen_bacgiang_bacgiangcity_backan_backancity,158.90907
2026-04-12 11:00:00+00:00,angiang_longxuyen_bacgiang_bacgiangcity_backan_backancity,160.72214
2026-04-12 12:00:00+00:00,angiang_longxuyen_bacgiang_bacgiangcity_backan_backancity,162.01341
2026-04-12 13:00:00+00:00,angiang_longxuyen_bacgiang_bacgiangcity_backan_backancity,163.50003
2026-04-12 14:00:00+00:00,angiang_longxuyen_bacgiang_bacgiangcity_backan_backancity,164.65105
2026-04-12 15:00:00+00:00,angiang_longxuyen_bacgiang_bacgiangcity_backan_backancity,165.03128
2026-04-12 16:00:00+00:00,angiang_longxuyen_bacgiang_bacgiangcity_backan_backancity,165.34653
2026-04-12 17:00:00+00:00,angiang_longxuyen_bacgiang_bacgiangcity_backan_backancity,165.73264
2026-04-12 18:00:00+00:00,angiang_longxuyen_bacgiang_bacgiangcity_backan_backancity,166.19815
2026-04-12 19:00:00+00:00,angiang_longxuyen_bacgiang_bacgiangcity_backan_backancity,167.08185
2026-04-12 20:00:00+00:00,angiang_longxuyen_bacgiang_bacgiangcity_backan_backancity,166.57288
2026-04-12 21:00:00+00:00,angiang_longxuyen_bacgiang_bacgiangcity_backan_backancity,165.2372
2026-04-12 22:00:00+00:00,angiang_longxuyen_bacgiang_bacgiangcity_backan_backancity,163.91772
2026-04-12 23:00:00+00:00,angiang_longxuyen_bacgiang_bacgiangcity_backan_backancity,163.7171
2026-04-13 00:00:00+00:00,angiang_longxuyen_bacgiang_bacgiangcity_backan_backancity,167.71176
2026-04-13 01:00:00+00:00,angiang_longxuyen_bacgiang_bacgiangcity_backan_backancity,169.659
2026-04-13 02:00:00+00:00,angiang_longxuyen_bacgiang_bacgiangcity_backan_backancity,170.16118
2026-04-13 03:00:00+00:00,angiang_longxuyen_bacgiang_bacgiangcity_backan_backancity,169.53816
2026-04-13 04:00:00+00:00,angiang_longxuyen_bacgiang_bacgiangcity_backan_backancity,169.48177
2026-04-13 05:00:00+00:00,angiang_longxuyen_bacgiang_bacgiangcity_backan_backancity,170.20538
2026-04-13 06:00:00+00:00,angiang_longxuyen_bacgiang_bacgiangcity_backan_backancity,170.9104
2026-04-13 07:00:00+00:00,angiang_longxuyen_bacgiang_bacgiangcity_backan_backancity,171.29099
2026-04-13 08:00:00+00:00,angiang_longxuyen_bacgiang_bacgiangcity_backan_backancity,170.81833
2026-04-13 09:00:00+00:00,angiang_longxuyen_bacgiang_bacgiangcity_backan_backancity,170.713
2026-04-13 10:00:00+00:00,angiang_longxuyen_bacgiang_bacgiangcity_backan_backancity,169.36194
2026-04-13 11:00:00+00:00,angiang_longxuyen_bacgiang_bacgiangcity_backan_backancity,167.75916
2026-04-13 12:00:00+00:00,angiang_longxuyen_bacgiang_bacgiangcity_backan_backancity,166.8929
2026-04-13 13:00:00+00:00,angiang_longxuyen_bacgiang_bacgiangcity_backan_backancity,165.76794
2026-04-13 14:00:00+00:00,angiang_longxuyen_bacgiang_bacgiangcity_backan_backancity,165.10114
2026-04-13 15:00:00+00:00,angiang_longxuyen_bacgiang_bacgiangcity_backan_backancity,162.63312
2026-04-13 16:00:00+00:00,angiang_longxuyen_bacgiang_bacgiangcity_backan_backancity,161.73024
2026-04-13 17:00:00+00:00,angiang_longxuyen_bacgiang_bacgiangcity_backan_backancity,162.1785
2026-04-13 18:00:00+00:00,angiang_longxuyen_bacgiang_bacgiangcity_backan_backancity,161.4844
2026-04-13 19:00:00+00:00,angiang_longxuyen_bacgiang_bacgiangcity_backan_backancity,161.02681
2026-04-13 20:00:00+00:00,angiang_longxuyen_bacgiang_bacgiangcity_backan_backancity,160.06198
2026-04-13 21:00:00+00:00,angiang_longxuyen_bacgiang_bacgiangcity_backan_backancity,158.52072
2026-04-13 22:00:00+00:00,angiang_longxuyen_bacgiang_bacgiangcity_backan_backancity,157.11153
2026-04-13 23:00:00+00:00,angiang_longxuyen_bacgiang_bacgiangcity_backan_backancity,156.1965
2026-04-14 00:00:00+00:00,angiang_longxuyen_bacgiang_bacgiangcity_backan_backancity,155.76527
2026-04-14 01:00:00+00:00,angiang_longxuyen_bacgiang_bacgiangcity_backan_backancity,156.956
2026-04-14 02:00:00+00:00,angiang_longxuyen_bacgiang_bacgiangcity_backan_backancity,155.23547
2026-04-14 03:00:00+00:00,angiang_longxuyen_bacgiang_bacgiangcity_backan_backancity,152.62674
2026-04-14 04:00:00+00:00,angiang_longxuyen_bacgiang_bacgiangcity_backan_backancity,149.54391
2026-04-14 05:00:00+00:00,angiang_longxuyen_bacgiang_bacgiangcity_backan_backancity,146.26912
2026-04-14 06:00:00+00:00,angiang_longxuyen_bacgiang_bacgiangcity_backan_backancity,142.50404
2026-04-14 07:00:00+00:00,angiang_longxuyen_bacgiang_bacgiangcity_backan_backancity,134.92012
2026-04-14 08:00:00+00:00,angiang_longxuyen_bacgiang_bacgiangcity_backan_backancity,127.46211
2026-04-14 09:00:00+00:00,angiang_longxuyen_bacgiang_bacgiangcity_backan_backancity,119.745285
2026-04-14 10:00:00+00:00,angiang_longxuyen_bacgiang_bacgiangcity_backan_backancity,113.11859
2026-04-14 11:00:00+00:00,angiang_longxuyen_bacgiang_bacgiangcity_backan_backancity,105.7041
2026-04-14 12:00:00+00:00,angiang_longxuyen_bacgiang_bacgiangcity_backan_backancity,100.682434
2026-04-14 13:00:00+00:00,angiang_longxuyen_bacgiang_bacgiangcity_backan_backancity,96.20137
2026-04-14 14:00:00+00:00,angiang_longxuyen_bacgiang_bacgiangcity_backan_backancity,93.372345
2026-04-14 15:00:00+00:00,angiang_longxuyen_bacgiang_bacgiangcity_backan_backancity,89.67883
2026-04-14 16:00:00+00:00,angiang_longxuyen_bacgiang_bacgiangcity_backan_backancity,86.95761
2026-04-14 17:00:00+00:00,angiang_longxuyen_bacgiang_bacgiangcity_backan_backancity,84.3287
2026-04-14 18:00:00+00:00,angiang_longxuyen_bacgiang_bacgiangcity_backan_backancity,82.936035
2026-04-14 19:00:00+00:00,angiang_longxuyen_bacgiang_bacgiangcity_backan_backancity,81.36683
2026-04-14 20:00:00+00:00,angiang_longxuyen_bacgiang_bacgiangcity_backan_backancity,80.6708
2026-04-14 21:00:00+00:00,angiang_longxuyen_bacgiang_bacgiangcity_backan_backancity,79.57828
2026-04-14 22:00:00+00:00,angiang_longxuyen_bacgiang_bacgiangcity_backan_backancity,78.35148
2026-04-14 23:00:00+00:00,angiang_longxuyen_bacgiang_bacgiangcity_backan_backancity,78.47278
2026-04-15 00:00:00+00:00,angiang_longxuyen_bacgiang_bacgiangcity_backan_backancity,80.197815
2026-04-15 01:00:00+00:00,angiang_longxuyen_bacgiang_bacgiangcity_backan_backancity,81.454025
2026-04-15 02:00:00+00:00,angiang_longxuyen_bacgiang_bacgiangcity_backan_backancity,82.68694
2026-04-15 03:00:00+00:00,angiang_longxuyen_bacgiang_bacgiangcity_backan_backancity,83.56883
2026-04-15 04:00:00+00:00,angiang_longxuyen_bacgiang_bacgiangcity_backan_backancity,84.61884
2026-04-15 05:00:00+00:00,angiang_longxuyen_bacgiang_bacgiangcity_backan_backancity,85.35596
2026-04-15 06:00:00+00:00,angiang_longxuyen_bacgiang_bacgiangcity_backan_backancity,86.17758
2026-04-15 07:00:00+00:00,angiang_longxuyen_bacgiang_bacgiangcity_backan_backancity,85.78083
2026-04-15 08:00:00+00:00,angiang_longxuyen_bacgiang_bacgiangcity_backan_backancity,85.56361
2026-04-15 09:00:00+00:00,angiang_longxuyen_bacgiang_bacgiangcity_backan_backancity,85.335495
2026-04-15 10:00:00+00:00,angiang_longxuyen_bacgiang_bacgiangcity_backan_backancity,85.4765
2026-04-15 11:00:00+00:00,angiang_longxuyen_bacgiang_bacgiangcity_backan_backancity,85.95974
2026-04-15 12:00:00+00:00,angiang_longxuyen_bacgiang_bacgiangcity_backan_backancity,88.10147
2026-04-15 13:00:00+00:00,angiang_longxuyen_bacgiang_bacgiangcity_backan_backancity,89.8922
2026-04-15 14:00:00+00:00,angiang_longxuyen_bacgiang_bacgiangcity_backan_backancity,91.690025
2026-04-15 15:00:00+00:00,angiang_longxuyen_bacgiang_bacgiangcity_backan_backancity,93.61751
2026-04-15 16:00:00+00:00,angiang_longxuyen_bacgiang_bacgiangcity_backan_backancity,94.53987
2026-04-15 17:00:00+00:00,angiang_longxuyen_bacgiang_bacgiangcity_backan_backancity,96.412056
2026-04-15 18:00:00+00:00,angiang_longxuyen_bacgiang_bacgiangcity_backan_backancity,96.64071
2026-04-15 19:00:00+00:00,angiang_longxuyen_bacgiang_bacgiangcity_backan_backancity,97.22839
2026-04-15 20:00:00+00:00,angiang_longxuyen_bacgiang_bacgiangcity_backan_backancity,96.97658
2026-04-15 21:00:00+00:00,angiang_longxuyen_bacgiang_bacgiangcity_backan_backancity,96.926125
2026-04-15 22:00:00+00:00,angiang_longxuyen_bacgiang_bacgiangcity_backan_backancity,96.19792
2026-04-15 23:00:00+00:00,angiang_longxuyen_bacgiang_bacgiangcity_backan_backancity,96.20568
2026-04-16 00:00:00+00:00,angiang_longxuyen_bacgiang_bacgiangcity_backan_backancity,97.55614
2026-04-16 01:00:00+00:00,angiang_longxuyen_bacgiang_bacgiangcity_backan_backancity,97.79212
2026-04-16 02:00:00+00:00,angiang_longxuyen_bacgiang_bacgiangcity_backan_backancity,98.51027
2026-04-16 03:00:00+00:00,angiang_longxuyen_bacgiang_bacgiangcity_backan_backancity,100.47631
2026-04-16 04:00:00+00:00,angiang_longxuyen_bacgiang_bacgiangcity_backan_backancity,104.75577
2026-04-16 05:00:00+00:00,angiang_longxuyen_bacgiang_bacgiangcity_backan_backancity,107.16888
2026-04-16 06:00:00+00:00,angiang_longxuyen_bacgiang_bacgiangcity_backan_backancity,108.760124
2026-04-16 07:00:00+00:00,angiang_longxuyen_bacgiang_bacgiangcity_backan_backancity,109.906715
2026-04-16 08:00:00+00:00,angiang_longxuyen_bacgiang_bacgiangcity_backan_backancity,110.658615
2026-04-16 09:00:00+00:00,angiang_longxuyen_bacgiang_bacgiangcity_backan_backancity,111.71342
2026-04-16 10:00:00+00:00,angiang_longxuyen_bacgiang_bacgiangcity_backan_backancity,111.84556
2026-04-16 11:00:00+00:00,angiang_longxuyen_bacgiang_bacgiangcity_backan_backancity,112.50657
2026-04-16 12:00:00+00:00,angiang_longxuyen_bacgiang_bacgiangcity_backan_backancity,112.68493
2026-04-16 13:00:00+00:00,angiang_longxuyen_bacgiang_bacgiangcity_backan_backancity,112.86935
2026-04-16 14:00:00+00:00,angiang_longxuyen_bacgiang_bacgiangcity_backan_backancity,112.864845
2026-04-16 15:00:00+00:00,angiang_longxuyen_bacgiang_bacgiangcity_backan_backancity,112.61718
2026-04-16 16:00:00+00:00,angiang_longxuyen_bacgiang_bacgiangcity_backan_backancity,111.88173
2026-04-16 17:00:00+00:00,angiang_longxuyen_bacgiang_bacgiangcity_backan_backancity,112.645515
2026-04-16 18:00:00+00:00,angiang_longxuyen_bacgiang_bacgiangcity_backan_backancity,112.81466
2026-04-16 19:00:00+00:00,angiang_longxuyen_bacgiang_bacgiangcity_backan_backancity,112.63944
2026-04-16 20:00:00+00:00,angiang_longxuyen_bacgiang_bacgiangcity_backan_backancity,113.05765
2026-04-16 21:00:00+00:00,angiang_longxuyen_bacgiang_bacgiangcity_backan_backancity,112.62905
2026-04-16 22:00:00+00:00,angiang_longxuyen_bacgiang_bacgiangcity_backan_backancity,112.074356
2026-04-16 23:00:00+00:00,angiang_longxuyen_bacgiang_bacgiangcity_backan_backancity,111.83812
2026-04-17 00:00:00+00:00,angiang_longxuyen_bacgiang_bacgiangcity_backan_backancity,112.36356
2026-04-17 01:00:00+00:00,angiang_longxuyen_bacgiang_bacgiangcity_backan_backancity,112.33666
2026-04-17 02:00:00+00:00,angiang_longxuyen_bacgiang_bacgiangcity_backan_backancity,110.38542
2026-04-17 03:00:00+00:00,angiang_longxuyen_bacgiang_bacgiangcity_backan_backancity,108.08384
2026-04-17 04:00:00+00:00,angiang_longxuyen_bacgiang_bacgiangcity_backan_backancity,104.6201
2026-04-17 05:00:00+00:00,angiang_longxuyen_bacgiang_bacgiangcity_backan_backancity,102.4073
2026-04-17 06:00:00+00:00,angiang_longxuyen_bacgiang_bacgiangcity_backan_backancity,101.42286
2026-04-17 07:00:00+00:00,angiang_longxuyen_bacgiang_bacgiangcity_backan_backancity,102.2041
2026-04-17 08:00:00+00:00,angiang_longxuyen_bacgiang_bacgiangcity_backan_backancity,102.45457
2026-04-17 09:00:00+00:00,angiang_longxuyen_bacgiang_bacgiangcity_backan_backancity,102.77413
2026-04-17 10:00:00+00:00,angiang_longxuyen_bacgiang_bacgiangcity_backan_backancity,102.61782
2026-04-17 11:00:00+00:00,angiang_longxuyen_bacgiang_bacgiangcity_backan_backancity,103.48401
2026-04-17 12:00:00+00:00,angiang_longxuyen_bacgiang_bacgiangcity_backan_backancity,103.7436
2026-04-17 13:00:00+00:00,angiang_longxuyen_bacgiang_bacgiangcity_backan_backancity,104.64011
2026-04-17 14:00:00+00:00,angiang_longxuyen_bacgiang_bacgiangcity_backan_backancity,105.123924
2026-04-17 15:00:00+00:00,angiang_longxuyen_bacgiang_bacgiangcity_backan_backancity,105.228516
2026-04-17 16:00:00+00:00,angiang_longxuyen_bacgiang_bacgiangcity_backan_backancity,106.49267
2026-04-17 17:00:00+00:00,angiang_longxuyen_bacgiang_bacgiangcity_backan_backancity,107.00191
2026-04-17 18:00:00+00:00,angiang_longxuyen_bacgiang_bacgiangcity_backan_backancity,107.379456
2026-04-17 19:00:00+00:00,angiang_longxuyen_bacgiang_bacgiangcity_backan_backancity,107.13231
2026-04-17 20:00:00+00:00,angiang_longxuyen_bacgiang_bacgiangcity_backan_backancity,105.91173
2026-04-17 21:00:00+00:00,angiang_longxuyen_bacgiang_bacgiangcity_backan_backancity,104.98354
2026-04-17 22:00:00+00:00,angiang_longxuyen_bacgiang_bacgiangcity_backan_backancity,104.0605
2026-04-17 23:00:00+00:00,angiang_longxuyen_bacgiang_bacgiangcity_backan_backancity,104.14399
2026-04-18 00:00:00+00:00,angiang_longxuyen_bacgiang_bacgiangcity_backan_backancity,105.10212
2026-04-18 01:00:00+00:00,angiang_longxuyen_bacgiang_bacgiangcity_backan_backancity,106.17509
2026-04-18 02:00:00+00:00,angiang_longxuyen_bacgiang_bacgiangcity_backan_backancity,108.312386
2026-04-18 03:00:00+00:00,angiang_longxuyen_bacgiang_bacgiangcity_backan_backancity,113.24439
2026-04-18 04:00:00+00:00,angiang_longxuyen_bacgiang_bacgiangcity_backan_backancity,118.46103
2026-04-18 05:00:00+00:00,angiang_longxuyen_bacgiang_bacgiangcity_backan_backancity,125.9167
2026-04-18 06:00:00+00:00,angiang_longxuyen_bacgiang_bacgiangcity_backan_backancity,133.67853
2026-04-18 07:00:00+00:00,angiang_longxuyen_bacgiang_bacgiangcity_backan_backancity,141.23845
2026-04-18 08:00:00+00:00,angiang_longxuyen_bacgiang_bacgiangcity_backan_backancity,146.72781
2026-04-18 09:00:00+00:00,angiang_longxuyen_bacgiang_bacgiangcity_backan_backancity,149.92744
2026-04-18 10:00:00+00:00,angiang_longxuyen_bacgiang_bacgiangcity_backan_backancity,152.6572
2026-04-18 11:00:00+00:00,angiang_longxuyen_bacgiang_bacgiangcity_backan_backancity,155.95474
2026-04-18 12:00:00+00:00,angiang_longxuyen_bacgiang_bacgiangcity_backan_backancity,157.50664
2026-04-18 13:00:00+00:00,angiang_longxuyen_bacgiang_bacgiangcity_backan_backancity,159.14168
2026-04-18 14:00:00+00:00,angiang_longxuyen_bacgiang_bacgiangcity_backan_backancity,159.2398
2026-04-18 15:00:00+00:00,angiang_longxuyen_bacgiang_bacgiangcity_backan_backancity,159.76913
2026-04-18 16:00:00+00:00,angiang_longxuyen_bacgiang_bacgiangcity_backan_backancity,160.24733
2026-04-18 17:00:00+00:00,angiang_longxuyen_bacgiang_bacgiangcity_backan_backancity,160.3933
2026-04-18 18:00:00+00:00,angiang_longxuyen_bacgiang_bacgiangcity_backan_backancity,160.83592
2026-04-18 19:00:00+00:00,angiang_longxuyen_bacgiang_bacgiangcity_backan_backancity,161.82404
2026-04-18 20:00:00+00:00,angiang_longxuyen_bacgiang_bacgiangcity_backan_backancity,161.3046
2026-04-18 21:00:00+00:00,angiang_longxuyen_bacgiang_bacgiangcity_backan_backancity,160.35808
2026-04-18 22:00:00+00:00,angiang_longxuyen_bacgiang_bacgiangcity_backan_backancity,160.20502
2026-04-18 23:00:00+00:00,angiang_longxuyen_bacgiang_bacgiangcity_backan_backancity,159.65312
2026-04-19 00:00:00+00:00,angiang_longxuyen_bacgiang_bacgiangcity_backan_backancity,161.39311
2026-04-19 01:00:00+00:00,angiang_longxuyen_bacgiang_bacgiangcity_backan_backancity,163.35252
2026-04-19 02:00:00+00:00,angiang_longxuyen_bacgiang_bacgiangcity_backan_backancity,163.12653
2026-04-19 03:00:00+00:00,angiang_longxuyen_bacgiang_bacgiangcity_backan_backancity,164.9698
2026-04-19 04:00:00+00:00,angiang_longxuyen_bacgiang_bacgiangcity_backan_backancity,165.80199
2026-04-19 05:00:00+00:00,angiang_longxuyen_bacgiang_bacgiangcity_backan_backancity,167.05176
2026-04-19 06:00:00+00:00,angiang_longxuyen_bacgiang_bacgiangcity_backan_backancity,166.79295
2026-04-19 07:00:00+00:00,angiang_longxuyen_bacgiang_bacgiangcity_backan_backancity,167.42828
2026-04-19 08:00:00+00:00,angiang_longxuyen_bacgiang_bacgiangcity_backan_backancity,166.89589
2026-04-19 09:00:00+00:00,angiang_longxuyen_bacgiang_bacgiangcity_backan_backancity,165.93686
2026-04-19 10:00:00+00:00,angiang_longxuyen_bacgiang_bacgiangcity_backan_backancity,165.77756
2026-04-19 11:00:00+00:00,angiang_longxuyen_bacgiang_bacgiangcity_backan_backancity,164.54694
2026-04-19 12:00:00+00:00,angiang_longxuyen_bacgiang_bacgiangcity_backan_backancity,164.74086
2026-04-19 13:00:00+00:00,angiang_longxuyen_bacgiang_bacgiangcity_backan_backancity,164.89062
2026-04-19 14:00:00+00:00,angiang_longxuyen_bacgiang_bacgiangcity_backan_backancity,164.6984
2026-04-19 15:00:00+00:00,angiang_longxuyen_bacgiang_bacgiangcity_backan_backancity,164.38676
2026-04-19 16:00:00+00:00,angiang_longxuyen_bacgiang_bacgiangcity_backan_backancity,164.958
2026-04-19 17:00:00+00:00,angiang_longxuyen_bacgiang_bacgiangcity_backan_backancity,164.69868
2026-04-19 18:00:00+00:00,angiang_longxuyen_bacgiang_bacgiangcity_backan_backancity,164.94661
2026-04-19 19:00:00+00:00,angiang_longxuyen_bacgiang_bacgiangcity_backan_backancity,165.85837
2026-04-19 20:00:00+00:00,angiang_longxuyen_bacgiang_bacgiangcity_backan_backancity,165.37405
2026-04-19 21:00:00+00:00,angiang_longxuyen_bacgiang_bacgiangcity_backan_backancity,165.45197
2026-04-19 22:00:00+00:00,angiang_longxuyen_bacgiang_bacgiangcity_backan_backancity,164.48547
2026-04-19 23:00:00+00:00,angiang_longxuyen_bacgiang_bacgiangcity_backan_backancity,163.68767
2026-04-20 00:00:00+00:00,angiang_longxuyen_bacgiang_bacgiangcity_backan_backancity,166.47658
2026-04-20 01:00:00+00:00,angiang_longxuyen_bacgiang_bacgiangcity_backan_backancity,167.11617
2026-04-20 02:00:00+00:00,angiang_longxuyen_bacgiang_bacgiangcity_backan_backancity,166.87816
2026-04-20 03:00:00+00:00,angiang_longxuyen_bacgiang_bacgiangcity_backan_backancity,167.39526
2026-04-20 04:00:00+00:00,angiang_longxuyen_bacgiang_bacgiangcity_backan_backancity,166.88466
2026-04-20 05:00:00+00:00,angiang_longxuyen_bacgiang_bacgiangcity_backan_backancity,166.93175
2026-04-20 06:00:00+00:00,angiang_longxuyen_bacgiang_bacgiangcity_backan_backancity,166.273
2026-04-20 07:00:00+00:00,angiang_longxuyen_bacgiang_bacgiangcity_backan_backancity,166.57664
2026-04-20 08:00:00+00:00,angiang_longxuyen_bacgiang_bacgiangcity_backan_backancity,165.65408
2026-04-20 09:00:00+00:00,angiang_longxuyen_bacgiang_bacgiangcity_backan_backancity,165.98032
2026-04-20 10:00:00+00:00,angiang_longxuyen_bacgiang_bacgiangcity_backan_backancity,167.10849
2026-04-20 11:00:00+00:00,angiang_longxuyen_bacgiang_bacgiangcity_backan_backancity,166.86076
2026-04-20 12:00:00+00:00,angiang_longxuyen_bacgiang_bacgiangcity_backan_backancity,166.80466
2026-04-20 13:00:00+00:00,angiang_longxuyen_bacgiang_bacgiangcity_backan_backancity,166.531
2026-04-20 14:00:00+00:00,angiang_longxuyen_bacgiang_bacgiangcity_backan_backancity,165.26425
2026-04-20 15:00:00+00:00,angiang_longxuyen_bacgiang_bacgiangcity_backan_backancity,164.94138
2026-04-20 16:00:00+00:00,angiang_longxuyen_bacgiang_bacgiangcity_backan_backancity,163.58345
2026-04-20 17:00:00+00:00,angiang_longxuyen_bacgiang_bacgiangcity_backan_backancity,163.03427
2026-04-20 18:00:00+00:00,angiang_longxuyen_bacgiang_bacgiangcity_backan_backancity,162.24887
2026-04-20 19:00:00+00:00,angiang_longxuyen_bacgiang_bacgiangcity_backan_backancity,162.094
2026-04-20 20:00:00+00:00,angiang_longxuyen_bacgiang_bacgiangcity_backan_backancity,161.95709
2026-04-20 21:00:00+00:00,angiang_longxuyen_bacgiang_bacgiangcity_backan_backancity,161.20506
2026-04-20 22:00:00+00:00,angiang_longxuyen_bacgiang_bacgiangcity_backan_backancity,160.4457
2026-04-20 23:00:00+00:00,angiang_longxuyen_bacgiang_bacgiangcity_backan_backancity,160.04968
2026-04-21 00:00:00+00:00,angiang_longxuyen_bacgiang_bacgiangcity_backan_backancity,160.93436
2026-04-21 01:00:00+00:00,angiang_longxuyen_bacgiang_bacgiangcity_backan_backancity,160.6115
2026-04-21 02:00:00+00:00,angiang_longxuyen_bacgiang_bacgiangcity_backan_backancity,161.2226
2026-04-21 03:00:00+00:00,angiang_longxuyen_bacgiang_bacgiangcity_backan_backancity,159.75223
2026-04-21 04:00:00+00:00,angiang_longxuyen_bacgiang_bacgiangcity_backan_backancity,160.0087
2026-04-21 05:00:00+00:00,angiang_longxuyen_bacgiang_bacgiangcity_backan_backancity,158.73012
2026-04-21 06:00:00+00:00,angiang_longxuyen_bacgiang_bacgiangcity_backan_backancity,158.8329
2026-04-21 07:00:00+00:00,angiang_longxuyen_bacgiang_bacgiangcity_backan_backancity,159.29579
2026-04-21 08:00:00+00:00,angiang_longxuyen_bacgiang_bacgiangcity_backan_backancity,159.51303
2026-04-21 09:00:00+00:00,angiang_longxuyen_bacgiang_bacgiangcity_backan_backancity,158.54562
2026-04-21 10:00:00+00:00,angiang_longxuyen_bacgiang_bacgiangcity_backan_backancity,158.66783
2026-04-21 11:00:00+00:00,angiang_longxuyen_bacgiang_bacgiangcity_backan_backancity,158.63228
2026-04-21 12:00:00+00:00,angiang_longxuyen_bacgiang_bacgiangcity_backan_backancity,157.36798
2026-04-21 13:00:00+00:00,angiang_longxuyen_bacgiang_bacgiangcity_backan_backancity,157.33554
2026-04-21 14:00:00+00:00,angiang_longxuyen_bacgiang_bacgiangcity_backan_backancity,157.36946
2026-04-21 15:00:00+00:00,angiang_longxuyen_bacgiang_bacgiangcity_backan_backancity,158.06398
2026-04-21 16:00:00+00:00,angiang_longxuyen_bacgiang_bacgiangcity_backan_backancity,157.747
2026-04-21 17:00:00+00:00,angiang_longxuyen_bacgiang_bacgiangcity_backan_backancity,156.17577
2026-04-21 18:00:00+00:00,angiang_longxuyen_bacgiang_bacgiangcity_backan_backancity,156.06758
2026-04-21 19:00:00+00:00,angiang_longxuyen_bacgiang_bacgiangcity_backan_backancity,155.83418
2026-04-21 20:00:00+00:00,angiang_longxuyen_bacgiang_bacgiangcity_backan_backancity,154.09256
2026-04-21 21:00:00+00:00,angiang_longxuyen_bacgiang_bacgiangcity_backan_backancity,153.21246
2026-04-21 22:00:00+00:00,angiang_longxuyen_bacgiang_bacgiangcity_backan_backancity,152.21817
2026-04-21 23:00:00+00:00,angiang_longxuyen_bacgiang_bacgiangcity_backan_backancity,151.8387
2026-04-22 00:00:00+00:00,angiang_longxuyen_bacgiang_bacgiangcity_backan_backancity,153.20908
2026-04-22 01:00:00+00:00,angiang_longxuyen_bacgiang_bacgiangcity_backan_backancity,154.3476
2026-04-22 02:00:00+00:00,angiang_longxuyen_bacgiang_bacgiangcity_backan_backancity,154.51913
2026-04-22 03:00:00+00:00,angiang_longxuyen_bacgiang_bacgiangcity_backan_backancity,156.69449
2026-04-22 04:00:00+00:00,angiang_longxuyen_bacgiang_bacgiangcity_backan_backancity,159.65767
2026-04-22 05:00:00+00:00,angiang_longxuyen_bacgiang_bacgiangcity_backan_backancity,161.68887
2026-04-22 06:00:00+00:00,angiang_longxuyen_bacgiang_bacgiangcity_backan_backancity,164.50685
2026-04-22 07:00:00+00:00,angiang_longxuyen_bacgiang_bacgiangcity_backan_backancity,167.5025
2026-04-22 08:00:00+00:00,angiang_longxuyen_bacgiang_bacgiangcity_backan_backancity,169.1682
2026-04-22 09:00:00+00:00,angiang_longxuyen_bacgiang_bacgiangcity_backan_backancity,171.66315
2026-04-22 10:00:00+00:00,angiang_longxuyen_bacgiang_bacgiangcity_backan_backancity,172.71124
2026-04-22 11:00:00+00:00,angiang_longxuyen_bacgiang_bacgiangcity_backan_backancity,173.15884
2026-04-22 12:00:00+00:00,angiang_longxuyen_bacgiang_bacgiangcity_backan_backancity,173.12631
2026-04-22 13:00:00+00:00,angiang_longxuyen_bacgiang_bacgiangcity_backan_backancity,171.35828
2026-04-22 14:00:00+00:00,angiang_longxuyen_bacgiang_bacgiangcity_backan_backancity,171.2241
2026-04-22 15:00:00+00:00,angiang_longxuyen_bacgiang_bacgiangcity_backan_backancity,169.71509
2026-04-22 16:00:00+00:00,angiang_longxuyen_bacgiang_bacgiangcity_backan_backancity,167.96013
2026-04-22 17:00:00+00:00,angiang_longxuyen_bacgiang_bacgiangcity_backan_backancity,167.45273
2026-04-22 18:00:00+00:00,angiang_longxuyen_bacgiang_bacgiangcity_backan_backancity,168.255
2026-04-22 19:00:00+00:00,angiang_longxuyen_bacgiang_bacgiangcity_backan_backancity,169.51393
2026-04-22 20:00:00+00:00,angiang_longxuyen_bacgiang_bacgiangcity_backan_backancity,169.78053
2026-04-22 21:00:00+00:00,angiang_longxuyen_bacgiang_bacgiangcity_backan_backancity,170.3681
2026-04-22 22:00:00+00:00,angiang_longxuyen_bacgiang_bacgiangcity_backan_backancity,170.85687
2026-04-22 23:00:00+00:00,angiang_longxuyen_bacgiang_bacgiangcity_backan_backancity,170.71408
2026-04-23 00:00:00+00:00,angiang_longxuyen_bacgiang_bacgiangcity_backan_backancity,171.42242
2026-04-23 01:00:00+00:00,angiang_longxuyen_bacgiang_bacgiangcity_backan_backancity,171.52365
2026-04-23 02:00:00+00:00,angiang_longxuyen_bacgiang_bacgiangcity_backan_backancity,170.80891
2026-04-23 03:00:00+00:00,angiang_longxuyen_bacgiang_bacgiangcity_backan_backancity,169.82774
2026-04-23 04:00:00+00:00,angiang_longxuyen_bacgiang_bacgiangcity_backan_backancity,167.93134
2026-04-23 05:00:00+00:00,angiang_longxuyen_bacgiang_bacgiangcity_backan_backancity,165.90259
2026-04-23 06:00:00+00:00,angiang_longxuyen_bacgiang_bacgiangcity_backan_backancity,163.71356
2026-04-23 07:00:00+00:00,angiang_longxuyen_bacgiang_bacgiangcity_backan_backancity,162.56314
2026-04-23 08:00:00+00:00,angiang_longxuyen_bacgiang_bacgiangcity_backan_backancity,160.14893
2026-04-23 09:00:00+00:00,angiang_longxuyen_bacgiang_bacgiangcity_backan_backancity,157.56485
2026-04-23 10:00:00+00:00,angiang_longxuyen_bacgiang_bacgiangcity_backan_backancity,154.76227
2026-04-23 11:00:00+00:00,angiang_longxuyen_bacgiang_bacgiangcity_backan_backancity,153.211
2026-04-23 12:00:00+00:00,angiang_longxuyen_bacgiang_bacgiangcity_backan_backancity,152.02206
2026-04-23 13:00:00+00:00,angiang_longxuyen_bacgiang_bacgiangcity_backan_backancity,152.30536
2026-04-23 14:00:00+00:00,angiang_longxuyen_bacgiang_bacgiangcity_backan_backancity,152.43112
2026-04-23 15:00:00+00:00,angiang_longxuyen_bacgiang_bacgiangcity_backan_backancity,152.17023
2026-04-23 16:00:00+00:00,angiang_longxuyen_bacgiang_bacgiangcity_backan_backancity,153.35599
2026-04-23 17:00:00+00:00,angiang_longxuyen_bacgiang_bacgiangcity_backan_backancity,154.98734
2026-04-23 18:00:00+00:00,angiang_longxuyen_bacgiang_bacgiangcity_backan_backancity,156.83192
2026-04-23 19:00:00+00:00,angiang_longxuyen_bacgiang_bacgiangcity_backan_backancity,157.82742
2026-04-23 20:00:00+00:00,angiang_longxuyen_bacgiang_bacgiangcity_backan_backancity,158.40082
2026-04-23 21:00:00+00:00,angiang_longxuyen_bacgiang_bacgiangcity_backan_backancity,158.06578
2026-04-23 22:00:00+00:00,angiang_longxuyen_bacgiang_bacgiangcity_backan_backancity,157.52045
2026-04-23 23:00:00+00:00,angiang_longxuyen_bacgiang_bacgiangcity_backan_backancity,157.04764
2026-04-24 00:00:00+00:00,angiang_longxuyen_bacgiang_bacgiangcity_backan_backancity,158.01767
2026-04-24 01:00:00+00:00,angiang_longxuyen_bacgiang_bacgiangcity_backan_backancity,158.6048
2026-04-24 02:00:00+00:00,angiang_longxuyen_bacgiang_bacgiangcity_backan_backancity,160.09918
2026-04-24 03:00:00+00:00,angiang_longxuyen_bacgiang_bacgiangcity_backan_backancity,161.22041
2026-04-24 04:00:00+00:00,angiang_longxuyen_bacgiang_bacgiangcity_backan_backancity,161.255
2026-04-24 05:00:00+00:00,angiang_longxuyen_bacgiang_bacgiangcity_backan_backancity,162.08878
2026-04-24 06:00:00+00:00,angiang_longxuyen_bacgiang_bacgiangcity_backan_backancity,162.03506
2026-04-24 07:00:00+00:00,angiang_longxuyen_bacgiang_bacgiangcity_backan_backancity,163.11217
2026-04-24 08:00:00+00:00,angiang_longxuyen_bacgiang_bacgiangcity_backan_backancity,163.38335
2026-04-24 09:00:00+00:00,angiang_longxuyen_bacgiang_bacgiangcity_backan_backancity,164.33183
2026-04-24 10:00:00+00:00,angiang_longxuyen_bacgiang_bacgiangcity_backan_backancity,164.51749
2026-04-24 11:00:00+00:00,angiang_longxuyen_bacgiang_bacgiangcity_backan_backancity,164.65659
2026-04-24 12:00:00+00:00,angiang_longxuyen_bacgiang_bacgiangcity_backan_backancity,165.527
2026-04-24 13:00:00+00:00,angiang_longxuyen_bacgiang_bacgiangcity_backan_backancity,165.39221
2026-04-24 14:00:00+00:00,angiang_longxuyen_bacgiang_bacgiangcity_backan_backancity,166.83981
2026-04-24 15:00:00+00:00,angiang_longxuyen_bacgiang_bacgiangcity_backan_backancity,166.45232
2026-04-24 16:00:00+00:00,angiang_longxuyen_bacgiang_bacgiangcity_backan_backancity,165.78519
2026-04-24 17:00:00+00:00,angiang_longxuyen_bacgiang_bacgiangcity_backan_backancity,165.332
2026-04-24 18:00:00+00:00,angiang_longxuyen_bacgiang_bacgiangcity_backan_backancity,165.14563
2026-04-24 19:00:00+00:00,angiang_longxuyen_bacgiang_bacgiangcity_backan_backancity,165.09717
2026-04-24 20:00:00+00:00,angiang_longxuyen_bacgiang_bacgiangcity_backan_backancity,165.15086
2026-04-24 21:00:00+00:00,angiang_longxuyen_bacgiang_bacgiangcity_backan_backancity,165.40318
2026-04-24 22:00:00+00:00,angiang_longxuyen_bacgiang_bacgiangcity_backan_backancity,165.04984
2026-04-24 23:00:00+00:00,angiang_longxuyen_bacgiang_bacgiangcity_backan_backancity,165.52309
2026-04-25 00:00:00+00:00,angiang_longxuyen_bacgiang_bacgiangcity_backan_backancity,166.26636
2026-04-25 01:00:00+00:00,angiang_longxuyen_bacgiang_bacgiangcity_backan_backancity,166.68796
2026-04-25 02:00:00+00:00,angiang_longxuyen_bacgiang_bacgiangcity_backan_backancity,166.8092
2026-04-25 03:00:00+00:00,angiang_longxuyen_bacgiang_bacgiangcity_backan_backancity,166.47911
2026-04-25 04:00:00+00:00,angiang_longxuyen_bacgiang_bacgiangcity_backan_backancity,164.3205
2026-04-25 05:00:00+00:00,angiang_longxuyen_bacgiang_bacgiangcity_backan_backancity,162.70427
2026-04-25 06:00:00+00:00,angiang_longxuyen_bacgiang_bacgiangcity_backan_backancity,161.62741
2026-04-25 07:00:00+00:00,angiang_longxuyen_bacgiang_bacgiangcity_backan_backancity,160.13492
2026-04-25 08:00:00+00:00,angiang_longxuyen_bacgiang_bacgiangcity_backan_backancity,159.71939
2026-04-25 09:00:00+00:00,angiang_longxuyen_bacgiang_bacgiangcity_backan_backancity,158.45145
2026-04-25 10:00:00+00:00,angiang_longxuyen_bacgiang_bacgiangcity_backan_backancity,157.00327
2026-04-25 11:00:00+00:00,angiang_longxuyen_bacgiang_bacgiangcity_backan_backancity,155.9883
2026-04-25 12:00:00+00:00,angiang_longxuyen_bacgiang_bacgiangcity_backan_backancity,156.49643
2026-04-25 13:00:00+00:00,angiang_longxuyen_bacgiang_bacgiangcity_backan_backancity,156.33566
2026-04-25 14:00:00+00:00,angiang_longxuyen_bacgiang_bacgiangcity_backan_backancity,155.29927
2026-04-25 15:00:00+00:00,angiang_longxuyen_bacgiang_bacgiangcity_backan_backancity,154.97119
2026-04-25 16:00:00+00:00,angiang_longxuyen_bacgiang_bacgiangcity_backan_backancity,154.64648
2026-04-25 17:00:00+00:00,angiang_longxuyen_bacgiang_bacgiangcity_backan_backancity,153.498
2026-04-25 18:00:00+00:00,angiang_longxuyen_bacgiang_bacgiangcity_backan_backancity,153.85635
2026-04-25 19:00:00+00:00,angiang_longxuyen_bacgiang_bacgiangcity_backan_backancity,154.34526
2026-04-25 20:00:00+00:00,angiang_longxuyen_bacgiang_bacgiangcity_backan_backancity,154.41376
2026-04-25 21:00:00+00:00,angiang_longxuyen_bacgiang_bacgiangcity_backan_backancity,152.78297
2026-04-25 22:00:00+00:00,angiang_longxuyen_bacgiang_bacgiangcity_backan_backancity,152.3233
2026-04-25 23:00:00+00:00,angiang_longxuyen_bacgiang_bacgiangcity_backan_backancity,152.06262
2026-04-26 00:00:00+00:00,angiang_longxuyen_bacgiang_bacgiangcity_backan_backancity,153.0284
2026-04-26 01:00:00+00:00,angiang_longxuyen_bacgiang_bacgiangcity_backan_backancity,152.79625
2026-04-26 02:00:00+00:00,angiang_longxuyen_bacgiang_bacgiangcity_backan_backancity,152.52014
2026-04-26 03:00:00+00:00,angiang_longxuyen_bacgiang_bacgiangcity_backan_backancity,152.53311
2026-04-26 04:00:00+00:00,angiang_longxuyen_bacgiang_bacgiangcity_backan_backancity,152.47626
2026-04-26 05:00:00+00:00,angiang_longxuyen_bacgiang_bacgiangcity_backan_backancity,152.70126
2026-04-26 06:00:00+00:00,angiang_longxuyen_bacgiang_bacgiangcity_backan_backancity,152.72388
2026-04-26 07:00:00+00:00,angiang_longxuyen_bacgiang_bacgiangcity_backan_backancity,154.16776
2026-04-26 08:00:00+00:00,angiang_longxuyen_bacgiang_bacgiangcity_backan_backancity,154.51176
2026-04-26 09:00:00+00:00,angiang_longxuyen_bacgiang_bacgiangcity_backan_backancity,154.65193
2026-04-26 10:00:00+00:00,angiang_longxuyen_bacgiang_bacgiangcity_backan_backancity,155.98685
2026-04-26 11:00:00+00:00,angiang_longxuyen_bacgiang_bacgiangcity_backan_backancity,156.0737
2026-04-26 12:00:00+00:00,angiang_longxuyen_bacgiang_bacgiangcity_backan_backancity,157.59488
2026-04-26 13:00:00+00:00,angiang_longxuyen_bacgiang_bacgiangcity_backan_backancity,157.9782
2026-04-26 14:00:00+00:00,angiang_longxuyen_bacgiang_bacgiangcity_backan_backancity,159.39574
2026-04-26 15:00:00+00:00,angiang_longxuyen_bacgiang_bacgiangcity_backan_backancity,159.27026
2026-04-26 16:00:00+00:00,angiang_longxuyen_bacgiang_bacgiangcity_backan_backancity,160.08241
2026-04-26 17:00:00+00:00,angiang_longxuyen_bacgiang_bacgiangcity_backan_backancity,159.74896
2026-04-26 18:00:00+00:00,angiang_longxuyen_bacgiang_bacgiangcity_backan_backancity,159.21968
2026-04-26 19:00:00+00:00,angiang_longxuyen_bacgiang_bacgiangcity_backan_backancity,158.80008
2026-04-26 20:00:00+00:00,angiang_longxuyen_bacgiang_bacgiangcity_backan_backancity,158.31389
2026-04-26 21:00:00+00:00,angiang_longxuyen_bacgiang_bacgiangcity_backan_backancity,157.42386
2026-04-26 22:00:00+00:00,angiang_longxuyen_bacgiang_bacgiangcity_backan_backancity,156.52295
2026-04-26 23:00:00+00:00,angiang_longxuyen_bacgiang_bacgiangcity_backan_backancity,155.18753
2026-04-27 00:00:00+00:00,angiang_longxuyen_bacgiang_bacgiangcity_backan_backancity,156.57115
2026-04-27 01:00:00+00:00,angiang_longxuyen_bacgiang_bacgiangcity_backan_backancity,156.3766
2026-04-27 02:00:00+00:00,angiang_longxuyen_bacgiang_bacgiangcity_backan_backancity,156.39497
2026-04-27 03:00:00+00:00,angiang_longxuyen_bacgiang_bacgiangcity_backan_backancity,154.923
2026-04-27 04:00:00+00:00,angiang_longxuyen_bacgiang_bacgiangcity_backan_backancity,154.83054
2026-04-27 05:00:00+00:00,angiang_longxuyen_bacgiang_bacgiangcity_backan_backancity,155.28996
2026-04-27 06:00:00+00:00,angiang_longxuyen_bacgiang_bacgiangcity_backan_backancity,156.00449
2026-04-27 07:00:00+00:00,angiang_longxuyen_bacgiang_bacgiangcity_backan_backancity,156.777
2026-04-27 08:00:00+00:00,angiang_longxuyen_bacgiang_bacgiangcity_backan_backancity,156.0672
2026-04-27 09:00:00+00:00,angiang_longxuyen_bacgiang_bacgiangcity_backan_backancity,154.05449
2026-04-27 10:00:00+00:00,angiang_longxuyen_bacgiang_bacgiangcity_backan_backancity,153.04561
2026-04-27 11:00:00+00:00,angiang_longxuyen_bacgiang_bacgiangcity_backan_backancity,151.52383
2026-04-27 12:00:00+00:00,angiang_longxuyen_bacgiang_bacgiangcity_backan_backancity,151.241
2026-04-27 13:00:00+00:00,angiang_longxuyen_bacgiang_bacgiangcity_backan_backancity,150.08554
2026-04-27 14:00:00+00:00,angiang_longxuyen_bacgiang_bacgiangcity_backan_backancity,148.80229
2026-04-27 15:00:00+00:00,angiang_longxuyen_bacgiang_bacgiangcity_backan_backancity,147.25131
2026-04-27 16:00:00+00:00,angiang_longxuyen_bacgiang_bacgiangcity_backan_backancity,146.01859
2026-04-27 17:00:00+00:00,angiang_longxuyen_bacgiang_bacgiangcity_backan_backancity,143.45734
2026-04-27 18:00:00+00:00,angiang_longxuyen_bacgiang_bacgiangcity_backan_backancity,141.61128
2026-04-27 19:00:00+00:00,angiang_longxuyen_bacgiang_bacgiangcity_backan_backancity,139.51828
2026-04-27 20:00:00+00:00,angiang_longxuyen_bacgiang_bacgiangcity_backan_backancity,137.01941
2026-04-27 21:00:00+00:00,angiang_longxuyen_bacgiang_bacgiangcity_backan_backancity,134.00755
2026-04-27 22:00:00+00:00,angiang_longxuyen_bacgiang_bacgiangcity_backan_backancity,132.41989
2026-04-27 23:00:00+00:00,angiang_longxuyen_bacgiang_bacgiangcity_backan_backancity,130.16081
2026-04-28 00:00:00+00:00,angiang_longxuyen_bacgiang_bacgiangcity_backan_backancity,130.58858
2026-04-28 01:00:00+00:00,angiang_longxuyen_bacgiang_bacgiangcity_backan_backancity,130.3774
2026-04-28 02:00:00+00:00,angiang_longxuyen_bacgiang_bacgiangcity_backan_backancity,129.59491
2026-04-28 03:00:00+00:00,angiang_longxuyen_bacgiang_bacgiangcity_backan_backancity,129.54253
2026-04-28 04:00:00+00:00,angiang_longxuyen_bacgiang_bacgiangcity_backan_backancity,133.76424
2026-04-28 05:00:00+00:00,angiang_longxuyen_bacgiang_bacgiangcity_backan_backancity,138.44342
2026-04-28 06:00:00+00:00,angiang_longxuyen_bacgiang_bacgiangcity_backan_backancity,143.60634
2026-04-28 07:00:00+00:00,angiang_longxuyen_bacgiang_bacgiangcity_backan_backancity,146.82251
2026-04-28 08:00:00+00:00,angiang_longxuyen_bacgiang_bacgiangcity_backan_backancity,151.38875
2026-04-28 09:00:00+00:00,angiang_longxuyen_bacgiang_bacgiangcity_backan_backancity,153.74353
2026-04-28 10:00:00+00:00,angiang_longxuyen_bacgiang_bacgiangcity_backan_backancity,155.66528
2026-04-28 11:00:00+00:00,angiang_longxuyen_bacgiang_bacgiangcity_backan_backancity,157.21689
2026-04-28 12:00:00+00:00,angiang_longxuyen_bacgiang_bacgiangcity_backan_backancity,158.46936
2026-04-28 13:00:00+00:00,angiang_longxuyen_bacgiang_bacgiangcity_backan_backancity,159.83444
2026-04-28 14:00:00+00:00,angiang_longxuyen_bacgiang_bacgiangcity_backan_backancity,160.98672
2026-04-28 15:00:00+00:00,angiang_longxuyen_bacgiang_bacgiangcity_backan_backancity,162.10114
2026-04-28 16:00:00+00:00,angiang_longxuyen_bacgiang_bacgiangcity_backan_backancity,164.05005
2026-04-28 17:00:00+00:00,angiang_longxuyen_bacgiang_bacgiangcity_backan_backancity,165.4432
2026-04-28 18:00:00+00:00,angiang_longxuyen_bacgiang_bacgiangcity_backan_backancity,166.79315
2026-04-28 19:00:00+00:00,angiang_longxuyen_bacgiang_bacgiangcity_backan_backancity,166.6845
2026-04-28 20:00:00+00:00,angiang_longxuyen_bacgiang_bacgiangcity_backan_backancity,166.79588
2026-04-28 21:00:00+00:00,angiang_longxuyen_bacgiang_bacgiangcity_backan_backancity,166.13667
2026-04-28 22:00:00+00:00,angiang_longxuyen_bacgiang_bacgiangcity_backan_backancity,164.7187
2026-04-28 23:00:00+00:00,angiang_longxuyen_bacgiang_bacgiangcity_backan_backancity,166.88855
2026-04-29 00:00:00+00:00,angiang_longxuyen_bacgiang_bacgiangcity_backan_backancity,172.89015
2026-04-29 01:00:00+00:00,angiang_longxuyen_bacgiang_bacgiangcity_backan_backancity,175.71039
2026-04-29 02:00:00+00:00,angiang_longxuyen_bacgiang_bacgiangcity_backan_backancity,174.69426
2026-04-29 03:00:00+00:00,angiang_longxuyen_bacgiang_bacgiangcity_backan_backancity,173.39128
2026-04-29 04:00:00+00:00,angiang_longxuyen_bacgiang_bacgiangcity_backan_backancity,171.3947
2026-04-29 05:00:00+00:00,angiang_longxuyen_bacgiang_bacgiangcity_backan_backancity,169.65558
2026-04-29 06:00:00+00:00,angiang_longxuyen_bacgiang_bacgiangcity_backan_backancity,168.97847
2026-04-29 07:00:00+00:00,angiang_longxuyen_bacgiang_bacgiangcity_backan_backancity,168.46428
2026-04-29 08:00:00+00:00,angiang_longxuyen_bacgiang_bacgiangcity_backan_backancity,167.5733
2026-04-29 09:00:00+00:00,angiang_longxuyen_bacgiang_bacgiangcity_backan_backancity,167.84387
2026-04-29 10:00:00+00:00,angiang_longxuyen_bacgiang_bacgiangcity_backan_backancity,167.87717
2026-04-29 11:00:00+00:00,angiang_longxuyen_bacgiang_bacgiangcity_backan_backancity,168.87881
2026-04-29 12:00:00+00:00,angiang_longxuyen_bacgiang_bacgiangcity_backan_backancity,169.89185
2026-04-29 13:00:00+00:00,angiang_longxuyen_bacgiang_bacgiangcity_backan_backancity,170.95346
2026-04-29 14:00:00+00:00,angiang_longxuyen_bacgiang_bacgiangcity_backan_backancity,171.64258
2026-04-29 15:00:00+00:00,angiang_longxuyen_bacgiang_bacgiangcity_backan_backancity,171.4491
2026-04-29 16:00:00+00:00,angiang_longxuyen_bacgiang_bacgiangcity_backan_backancity,172.01752
2026-04-29 17:00:00+00:00,angiang_longxuyen_bacgiang_bacgiangcity_backan_backancity,172.46408
2026-04-29 18:00:00+00:00,angiang_longxuyen_bacgiang_bacgiangcity_backan_backancity,172.36789
2026-04-29 19:00:00+00:00,angiang_longxuyen_bacgiang_bacgiangcity_backan_backancity,171.7373
2026-04-29 20:00:00+00:00,angiang_longxuyen_bacgiang_bacgiangcity_backan_backancity,170.50665
2026-04-29 21:00:00+00:00,angiang_longxuyen_bacgiang_bacgiangcity_backan_backancity,168.28166
2026-04-29 22:00:00+00:00,angiang_longxuyen_bacgiang_bacgiangcity_backan_backancity,166.71722
2026-04-29 23:00:00+00:00,angiang_longxuyen_bacgiang_bacgiangcity_backan_backancity,166.50497
2026-04-30 00:00:00+00:00,angiang_longxuyen_bacgiang_bacgiangcity_backan_backancity,170.9714
2026-04-30 01:00:00+00:00,angiang_longxuyen_bacgiang_bacgiangcity_backan_backancity,173.47371
2026-04-30 02:00:00+00:00,angiang_longxuyen_bacgiang_bacgiangcity_backan_backancity,172.82648
2026-04-30 03:00:00+00:00,angiang_longxuyen_bacgiang_bacgiangcity_backan_backancity,171.37982
2026-04-30 04:00:00+00:00,angiang_longxuyen_bacgiang_bacgiangcity_backan_backancity,169.73752
2026-04-30 05:00:00+00:00,angiang_longxuyen_bacgiang_bacgiangcity_backan_backancity,168.80408
2026-04-30 06:00:00+00:00,angiang_longxuyen_bacgiang_bacgiangcity_backan_backancity,168.37173
2026-04-30 07:00:00+00:00,angiang_longxuyen_bacgiang_bacgiangcity_backan_backancity,167.49126
2026-04-30 08:00:00+00:00,angiang_longxuyen_bacgiang_bacgiangcity_backan_backancity,167.01219
2026-04-30 09:00:00+00:00,angiang_longxuyen_bacgiang_bacgiangcity_backan_backancity,166.42014
2026-04-30 10:00:00+00:00,angiang_longxuyen_bacgiang_bacgiangcity_backan_backancity,165.64235
2026-04-30 11:00:00+00:00,angiang_longxuyen_bacgiang_bacgiangcity_backan_backancity,164.71297
2026-04-30 12:00:00+00:00,angiang_longxuyen_bacgiang_bacgiangcity_backan_backancity,164.81645
2026-04-30 13:00:00+00:00,angiang_longxuyen_bacgiang_bacgiangcity_backan_backancity,163.7895
2026-04-30 14:00:00+00:00,angiang_longxuyen_bacgiang_bacgiangcity_backan_backancity,163.71457
2026-04-30 15:00:00+00:00,angiang_longxuyen_bacgiang_bacgiangcity_backan_backancity,162.13
2026-04-30 16:00:00+00:00,angiang_longxuyen_bacgiang_bacgiangcity_backan_backancity,161.38135
2026-04-30 17:00:00+00:00,angiang_longxuyen_bacgiang_bacgiangcity_backan_backancity,160.72298
2026-04-30 18:00:00+00:00,angiang_longxuyen_bacgiang_bacgiangcity_backan_backancity,159.15776
2026-04-30 19:00:00+00:00,angiang_longxuyen_bacgiang_bacgiangcity_backan_backancity,160.14182
2026-04-30 20:00:00+00:00,angiang_longxuyen_bacgiang_bacgiangcity_backan_backancity,159.91878
2026-04-30 21:00:00+00:00,angiang_longxuyen_bacgiang_bacgiangcity_backan_backancity,159.7889
2026-04-30 22:00:00+00:00,angiang_longxuyen_bacgiang_bacgiangcity_backan_backancity,161.05447
2026-04-30 23:00:00+00:00,angiang_longxuyen_bacgiang_bacgiangcity_backan_backancity,161.909
2026-05-01 00:00:00+00:00,angiang_longxuyen_bacgiang_bacgiangcity_backan_backancity,162.15112
2026-05-01 01:00:00+00:00,angiang_longxuyen_bacgiang_bacgiangcity_backan_backancity,162.31342
2026-05-01 02:00:00+00:00,angiang_longxuyen_bacgiang_bacgiangcity_backan_backancity,162.8352
2026-05-01 03:00:00+00:00,angiang_longxuyen_bacgiang_bacgiangcity_backan_backancity,164.58426
2026-05-01 04:00:00+00:00,angiang_longxuyen_bacgiang_bacgiangcity_backan_backancity,165.86963
2026-05-01 05:00:00+00:00,angiang_longxuyen_bacgiang_bacgiangcity_backan_backancity,168.21277
2026-05-01 06:00:00+00:00,angiang_longxuyen_bacgiang_bacgiangcity_backan_backancity,171.28612
2026-05-01 07:00:00+00:00,angiang_longxuyen_bacgiang_bacgiangcity_backan_backancity,173.33914
2026-05-01 08:00:00+00:00,angiang_longxuyen_bacgiang_bacgiangcity_backan_backancity,175.18729
2026-05-01 09:00:00+00:00,angiang_longxuyen_bacgiang_bacgiangcity_backan_backancity,176.75348
2026-05-01 10:00:00+00:00,angiang_longxuyen_bacgiang_bacgiangcity_backan_backancity,177.4573
2026-05-01 11:00:00+00:00,angiang_longxuyen_bacgiang_bacgiangcity_backan_backancity,178.06847
2026-05-01 12:00:00+00:00,angiang_longxuyen_bacgiang_bacgiangcity_backan_backancity,178.5402
2026-05-01 13:00:00+00:00,angiang_longxuyen_bacgiang_bacgiangcity_backan_backancity,178.83292
2026-05-01 14:00:00+00:00,angiang_longxuyen_bacgiang_bacgiangcity_backan_backancity,179.27634
2026-05-01 15:00:00+00:00,angiang_longxuyen_bacgiang_bacgiangcity_backan_backancity,179.57286
2026-05-01 16:00:00+00:00,angiang_longxuyen_bacgiang_bacgiangcity_backan_backancity,179.83473
2026-05-01 17:00:00+00:00,angiang_longxuyen_bacgiang_bacgiangcity_backan_backancity,180.31064
2026-05-01 18:00:00+00:00,angiang_longxuyen_bacgiang_bacgiangcity_backan_backancity,180.60254
2026-05-01 19:00:00+00:00,angiang_longxuyen_bacgiang_bacgiangcity_backan_backancity,180.56815
2026-05-01 20:00:00+00:00,angiang_longxuyen_bacgiang_bacgiangcity_backan_backancity,180.59253
2026-05-01 21:00:00+00:00,angiang_longxuyen_bacgiang_bacgiangcity_backan_backancity,181.04654
2026-05-01 22:00:00+00:00,angiang_longxuyen_bacgiang_bacgiangcity_backan_backancity,181.31696
2026-05-01 23:00:00+00:00,angiang_longxuyen_bacgiang_bacgiangcity_backan_backancity,181.53918
2026-05-02 00:00:00+00:00,angiang_longxuyen_bacgiang_bacgiangcity_backan_backancity,182.2446
2026-05-02 01:00:00+00:00,angiang_longxuyen_bacgiang_bacgiangcity_backan_backancity,182.85486
2026-05-02 02:00:00+00:00,angiang_longxuyen_bacgiang_bacgiangcity_backan_backancity,182.67656
2026-05-02 03:00:00+00:00,angiang_longxuyen_bacgiang_bacgiangcity_backan_backancity,182.56229
2026-05-02 04:00:00+00:00,angiang_longxuyen_bacgiang_bacgiangcity_backan_backancity,182.14566
2026-05-02 05:00:00+00:00,angiang_longxuyen_bacgiang_bacgiangcity_backan_backancity,181.60031
2026-05-02 06:00:00+00:00,angiang_longxuyen_bacgiang_bacgiangcity_backan_backancity,181.01743
2026-05-02 07:00:00+00:00,angiang_longxuyen_bacgiang_bacgiangcity_backan_backancity,179.7136
2026-05-02 08:00:00+00:00,angiang_longxuyen_bacgiang_bacgiangcity_backan_backancity,177.95801
2026-05-02 09:00:00+00:00,angiang_longxuyen_bacgiang_bacgiangcity_backan_backancity,176.39304
2026-05-02 10:00:00+00:00,angiang_longxuyen_bacgiang_bacgiangcity_backan_backancity,173.96548
2026-05-02 11:00:00+00:00,angiang_longxuyen_bacgiang_bacgiangcity_backan_backancity,171.41956
2026-05-02 12:00:00+00:00,angiang_longxuyen_bacgiang_bacgiangcity_backan_backancity,170.02509
2026-05-02 13:00:00+00:00,angiang_longxuyen_bacgiang_bacgiangcity_backan_backancity,168.91249
2026-05-02 14:00:00+00:00,angiang_longxuyen_bacgiang_bacgiangcity_backan_backancity,168.35484
2026-05-02 15:00:00+00:00,angiang_longxuyen_bacgiang_bacgiangcity_backan_backancity,165.8847
2026-05-02 16:00:00+00:00,angiang_longxuyen_bacgiang_bacgiangcity_backan_backancity,162.76703
2026-05-02 17:00:00+00:00,angiang_longxuyen_bacgiang_bacgiangcity_backan_backancity,159.98836
2026-05-02 18:00:00+00:00,angiang_longxuyen_bacgiang_bacgiangcity_backan_backancity,157.83665
2026-05-02 19:00:00+00:00,angiang_longxuyen_bacgiang_bacgiangcity_backan_backancity,155.96513
2026-05-02 20:00:00+00:00,angiang_longxuyen_bacgiang_bacgiangcity_backan_backancity,155.00034
2026-05-02 21:00:00+00:00,angiang_longxuyen_bacgiang_bacgiangcity_backan_backancity,152.65184
2026-05-02 22:00:00+00:00,angiang_longxuyen_bacgiang_bacgiangcity_backan_backancity,151.12231
2026-05-02 23:00:00+00:00,angiang_longxuyen_bacgiang_bacgiangcity_backan_backancity,149.5908
2026-05-03 00:00:00+00:00,angiang_longxuyen_bacgiang_bacgiangcity_backan_backancity,146.69897
2026-05-03 01:00:00+00:00,angiang_longxuyen_bacgiang_bacgiangcity_backan_backancity,141.03043
2026-05-03 02:00:00+00:00,angiang_longxuyen_bacgiang_bacgiangcity_backan_backancity,131.65414
2026-05-03 03:00:00+00:00,angiang_longxuyen_bacgiang_bacgiangcity_backan_backancity,123.50177
2026-05-03 04:00:00+00:00,angiang_longxuyen_bacgiang_bacgiangcity_backan_backancity,115.71742
2026-05-03 05:00:00+00:00,angiang_longxuyen_bacgiang_bacgiangcity_backan_backancity,108.61258
2026-05-03 06:00:00+00:00,angiang_longxuyen_bacgiang_bacgiangcity_backan_backancity,103.13424
2026-05-03 07:00:00+00:00,angiang_longxuyen_bacgiang_bacgiangcity_backan_backancity,98.31324
2026-05-03 08:00:00+00:00,angiang_longxuyen_bacgiang_bacgiangcity_backan_backancity,94.09244
2026-05-03 09:00:00+00:00,angiang_longxuyen_bacgiang_bacgiangcity_backan_backancity,91.190926
2026-05-03 10:00:00+00:00,angiang_longxuyen_bacgiang_bacgiangcity_backan_backancity,89.012375
2026-05-03 11:00:00+00:00,angiang_longxuyen_bacgiang_bacgiangcity_backan_backancity,86.93894
2026-05-03 12:00:00+00:00,angiang_longxuyen_bacgiang_bacgiangcity_backan_backancity,85.08367
2026-05-03 13:00:00+00:00,angiang_longxuyen_bacgiang_bacgiangcity_backan_backancity,83.99513
2026-05-03 14:00:00+00:00,angiang_longxuyen_bacgiang_bacgiangcity_backan_backancity,82.153625
2026-05-03 15:00:00+00:00,angiang_longxuyen_bacgiang_bacgiangcity_backan_backancity,79.52938
2026-05-03 16:00:00+00:00,angiang_longxuyen_bacgiang_bacgiangcity_backan_backancity,77.37172
2026-05-03 17:00:00+00:00,angiang_longxuyen_bacgiang_bacgiangcity_backan_backancity,75.88791
2026-05-03 18:00:00+00:00,angiang_longxuyen_bacgiang_bacgiangcity_backan_backancity,74.51828
2026-05-03 19:00:00+00:00,angiang_longxuyen_bacgiang_bacgiangcity_backan_backancity,74.37877
2026-05-03 20:00:00+00:00,angiang_longxuyen_bacgiang_bacgiangcity_backan_backancity,74.00485
2026-05-03 21:00:00+00:00,angiang_longxuyen_bacgiang_bacgiangcity_backan_backancity,73.80518
2026-05-03 22:00:00+00:00,angiang_longxuyen_bacgiang_bacgiangcity_backan_backancity,73.69286
2026-05-03 23:00:00+00:00,angiang_longxuyen_bacgiang_bacgiangcity_backan_backancity,74.37697
2026-05-04 00:00:00+00:00,angiang_longxuyen_bacgiang_bacgiangcity_backan_backancity,76.83302
2026-05-04 01:00:00+00:00,angiang_longxuyen_bacgiang_bacgiangcity_backan_backancity,80.70215
2026-05-04 02:00:00+00:00,angiang_longxuyen_bacgiang_bacgiangcity_backan_backancity,84.28569
2026-05-04 03:00:00+00:00,angiang_longxuyen_bacgiang_bacgiangcity_backan_backancity,87.31706
2026-05-04 04:00:00+00:00,angiang_longxuyen_bacgiang_bacgiangcity_backan_backancity,92.266365
2026-05-04 05:00:00+00:00,angiang_longxuyen_bacgiang_bacgiangcity_backan_backancity,97.83651
2026-05-04 06:00:00+00:00,angiang_longxuyen_bacgiang_bacgiangcity_backan_backancity,104.37933
2026-05-04 07:00:00+00:00,angiang_longxuyen_bacgiang_bacgiangcity_backan_backancity,113.4262
2026-05-04 08:00:00+00:00,angiang_longxuyen_bacgiang_bacgiangcity_backan_backancity,121.28341
2026-05-04 09:00:00+00:00,angiang_longxuyen_bacgiang_bacgiangcity_backan_backancity,129.60745
2026-05-04 10:00:00+00:00,angiang_longxuyen_bacgiang_bacgiangcity_backan_backancity,137.65479
2026-05-04 11:00:00+00:00,angiang_longxuyen_bacgiang_bacgiangcity_backan_backancity,144.89493
2026-05-04 12:00:00+00:00,angiang_longxuyen_bacgiang_bacgiangcity_backan_backancity,148.1417
2026-05-04 13:00:00+00:00,angiang_longxuyen_bacgiang_bacgiangcity_backan_backancity,152.17632
2026-05-04 14:00:00+00:00,angiang_longxuyen_bacgiang_bacgiangcity_backan_backancity,154.19244
2026-05-04 15:00:00+00:00,angiang_longxuyen_bacgiang_bacgiangcity_backan_backancity,154.98096
2026-05-04 16:00:00+00:00,angiang_longxuyen_bacgiang_bacgiangcity_backan_backancity,155.36023
2026-05-04 17:00:00+00:00,angiang_longxuyen_bacgiang_bacgiangcity_backan_backancity,156.71222
2026-05-04 18:00:00+00:00,angiang_longxuyen_bacgiang_bacgiangcity_backan_backancity,157.3718
2026-05-04 19:00:00+00:00,angiang_longxuyen_bacgiang_bacgiangcity_backan_backancity,157.59593
2026-05-04 20:00:00+00:00,angiang_longxuyen_bacgiang_bacgiangcity_backan_backancity,157.048
2026-05-04 21:00:00+00:00,angiang_longxuyen_bacgiang_bacgiangcity_backan_backancity,156.7804
2026-05-04 22:00:00+00:00,angiang_longxuyen_bacgiang_bacgiangcity_backan_backancity,155.77707
2026-05-04 23:00:00+00:00,angiang_longxuyen_bacgiang_bacgiangcity_backan_backancity,155.30849
2026-05-05 00:00:00+00:00,angiang_longxuyen_bacgiang_bacgiangcity_backan_backancity,156.44214
2026-05-05 01:00:00+00:00,angiang_longxuyen_bacgiang_bacgiangcity_backan_backancity,157.45065
2026-05-05 02:00:00+00:00,angiang_longxuyen_bacgiang_bacgiangcity_backan_backancity,158.4018
2026-05-05 03:00:00+00:00,angiang_longxuyen_bacgiang_bacgiangcity_backan_backancity,158.43944
2026-05-05 04:00:00+00:00,angiang_longxuyen_bacgiang_bacgiangcity_backan_backancity,157.73938
2026-05-05 05:00:00+00:00,angiang_longxuyen_bacgiang_bacgiangcity_backan_backancity,156.51697
2026-05-05 06:00:00+00:00,angiang_longxuyen_bacgiang_bacgiangcity_backan_backancity,155.1417
2026-05-05 07:00:00+00:00,angiang_longxuyen_bacgiang_bacgiangcity_backan_backancity,152.85333
2026-05-05 08:00:00+00:00,angiang_longxuyen_bacgiang_bacgiangcity_backan_backancity,151.42737
2026-05-05 09:00:00+00:00,angiang_longxuyen_bacgiang_bacgiangcity_backan_backancity,149.85721
2026-05-05 10:00:00+00:00,angiang_longxuyen_bacgiang_bacgiangcity_backan_backancity,146.82764
2026-05-05 11:00:00+00:00,angiang_longxuyen_bacgiang_bacgiangcity_backan_backancity,144.2393
2026-05-05 12:00:00+00:00,angiang_longxuyen_bacgiang_bacgiangcity_backan_backancity,140.22774
2026-05-05 13:00:00+00:00,angiang_longxuyen_bacgiang_bacgiangcity_backan_backancity,135.8448
2026-05-05 14:00:00+00:00,angiang_longxuyen_bacgiang_bacgiangcity_backan_backancity,132.99637
2026-05-05 15:00:00+00:00,angiang_longxuyen_bacgiang_bacgiangcity_backan_backancity,129.9827
2026-05-05 16:00:00+00:00,angiang_longxuyen_bacgiang_bacgiangcity_backan_backancity,128.74675
2026-05-05 17:00:00+00:00,angiang_longxuyen_bacgiang_bacgiangcity_backan_backancity,128.4591
2026-05-05 18:00:00+00:00,angiang_longxuyen_bacgiang_bacgiangcity_backan_backancity,130.52266
2026-05-05 19:00:00+00:00,angiang_longxuyen_bacgiang_bacgiangcity_backan_backancity,131.1437
2026-05-05 20:00:00+00:00,angiang_longxuyen_bacgiang_bacgiangcity_backan_backancity,132.75261
2026-05-05 21:00:00+00:00,angiang_longxuyen_bacgiang_bacgiangcity_backan_backancity,132.51866
2026-05-05 22:00:00+00:00,angiang_longxuyen_bacgiang_bacgiangcity_backan_backancity,131.98872
2026-05-05 23:00:00+00:00,angiang_longxuyen_bacgiang_bacgiangcity_backan_backancity,131.64594
2026-05-06 00:00:00+00:00,angiang_longxuyen_bacgiang_bacgiangcity_backan_backancity,132.02582
2026-05-06 01:00:00+00:00,angiang_longxuyen_bacgiang_bacgiangcity_backan_backancity,133.71529
2026-05-06 02:00:00+00:00,angiang_longxuyen_bacgiang_bacgiangcity_backan_backancity,133.5873
2026-05-06 03:00:00+00:00,angiang_longxuyen_bacgiang_bacgiangcity_backan_backancity,136.28714
2026-05-06 04:00:00+00:00,angiang_longxuyen_bacgiang_bacgiangcity_backan_backancity,139.29343
2026-05-06 05:00:00+00:00,angiang_longxuyen_bacgiang_bacgiangcity_backan_backancity,143.94403
2026-05-06 06:00:00+00:00,angiang_longxuyen_bacgiang_bacgiangcity_backan_backancity,147.04794
2026-05-06 07:00:00+00:00,angiang_longxuyen_bacgiang_bacgiangcity_backan_backancity,149.30505
2026-05-06 08:00:00+00:00,angiang_longxuyen_bacgiang_bacgiangcity_backan_backancity,149.40471
2026-05-06 09:00:00+00:00,angiang_longxuyen_bacgiang_bacgiangcity_backan_backancity,150.45497
2026-05-06 10:00:00+00:00,angiang_longxuyen_bacgiang_bacgiangcity_backan_backancity,150.47678
2026-05-06 11:00:00+00:00,angiang_longxuyen_bacgiang_bacgiangcity_backan_backancity,150.38635
2026-05-06 12:00:00+00:00,angiang_longxuyen_bacgiang_bacgiangcity_backan_backancity,150.58492
2026-05-06 13:00:00+00:00,angiang_longxuyen_bacgiang_bacgiangcity_backan_backancity,150.57387
2026-05-06 14:00:00+00:00,angiang_longxuyen_bacgiang_bacgiangcity_backan_backancity,149.88286
2026-05-06 15:00:00+00:00,angiang_longxuyen_bacgiang_bacgiangcity_backan_backancity,149.4895
2026-05-06 16:00:00+00:00,angiang_longxuyen_bacgiang_bacgiangcity_backan_backancity,148.90219
2026-05-06 17:00:00+00:00,angiang_longxuyen_bacgiang_bacgiangcity_backan_backancity,148.06146
2026-05-06 18:00:00+00:00,angiang_longxuyen_bacgiang_bacgiangcity_backan_backancity,146.78732
2026-05-06 19:00:00+00:00,angiang_longxuyen_bacgiang_bacgiangcity_backan_backancity,146.15019
2026-05-06 20:00:00+00:00,angiang_longxuyen_bacgiang_bacgiangcity_backan_backancity,143.9015
2026-05-06 21:00:00+00:00,angiang_longxuyen_bacgiang_bacgiangcity_backan_backancity,142.78401
2026-05-06 22:00:00+00:00,angiang_longxuyen_bacgiang_bacgiangcity_backan_backancity,140.8602
2026-05-06 23:00:00+00:00,angiang_longxuyen_bacgiang_bacgiangcity_backan_backancity,140.11584
2026-05-07 00:00:00+00:00,angiang_longxuyen_bacgiang_bacgiangcity_backan_backancity,139.79741
2026-05-07 01:00:00+00:00,angiang_longxuyen_bacgiang_bacgiangcity_backan_backancity,138.16312
2026-05-07 02:00:00+00:00,angiang_longxuyen_bacgiang_bacgiangcity_backan_backancity,136.82594
2026-05-07 03:00:00+00:00,angiang_longxuyen_bacgiang_bacgiangcity_backan_backancity,135.30093
2026-05-07 04:00:00+00:00,angiang_longxuyen_bacgiang_bacgiangcity_backan_backancity,131.2537
2026-05-07 05:00:00+00:00,angiang_longxuyen_bacgiang_bacgiangcity_backan_backancity,127.24963
2026-05-07 06:00:00+00:00,angiang_longxuyen_bacgiang_bacgiangcity_backan_backancity,124.26835
2026-05-07 07:00:00+00:00,angiang_longxuyen_bacgiang_bacgiangcity_backan_backancity,119.324326
2026-05-07 08:00:00+00:00,angiang_longxuyen_bacgiang_bacgiangcity_backan_backancity,114.20636
2026-05-07 09:00:00+00:00,angiang_longxuyen_bacgiang_bacgiangcity_backan_backancity,110.416595
2026-05-07 10:00:00+00:00,angiang_longxuyen_bacgiang_bacgiangcity_backan_backancity,107.61799
2026-05-07 11:00:00+00:00,angiang_longxuyen_bacgiang_bacgiangcity_backan_backancity,105.40411
2026-05-07 12:00:00+00:00,angiang_longxuyen_bacgiang_bacgiangcity_backan_backancity,103.77419
2026-05-07 13:00:00+00:00,angiang_longxuyen_bacgiang_bacgiangcity_backan_backancity,102.51931
2026-05-07 14:00:00+00:00,angiang_longxuyen_bacgiang_bacgiangcity_backan_backancity,102.98729
2026-05-07 15:00:00+00:00,angiang_longxuyen_bacgiang_bacgiangcity_backan_backancity,104.459946
2026-05-07 16:00:00+00:00,angiang_longxuyen_bacgiang_bacgiangcity_backan_backancity,105.950455
2026-05-07 17:00:00+00:00,angiang_longxuyen_bacgiang_bacgiangcity_backan_backancity,108.47662
2026-05-07 18:00:00+00:00,angiang_longxuyen_bacgiang_bacgiangcity_backan_backancity,111.35336
2026-05-07 19:00:00+00:00,angiang_longxuyen_bacgiang_bacgiangcity_backan_backancity,113.980545
2026-05-07 20:00:00+00:00,angiang_longxuyen_bacgiang_bacgiangcity_backan_backancity,115.53241
2026-05-07 21:00:00+00:00,angiang_longxuyen_bacgiang_bacgiangcity_backan_backancity,116.79276
2026-05-07 22:00:00+00:00,angiang_longxuyen_bacgiang_bacgiangcity_backan_backancity,116.98421
2026-05-07 23:00:00+00:00,angiang_longxuyen_bacgiang_bacgiangcity_backan_backancity,118.25948
2026-05-08 00:00:00+00:00,angiang_longxuyen_bacgiang_bacgiangcity_backan_backancity,120.57183
2026-05-08 01:00:00+00:00,angiang_longxuyen_bacgiang_bacgiangcity_backan_backancity,122.87419
2026-05-08 02:00:00+00:00,angiang_longxuyen_bacgiang_bacgiangcity_backan_backancity,126.557655
2026-05-08 03:00:00+00:00,angiang_longxuyen_bacgiang_bacgiangcity_backan_backancity,130.31903
2026-05-08 04:00:00+00:00,angiang_longxuyen_bacgiang_bacgiangcity_backan_backancity,134.72118
2026-05-08 05:00:00+00:00,angiang_longxuyen_bacgiang_bacgiangcity_backan_backancity,137.73032
2026-05-08 06:00:00+00:00,angiang_longxuyen_bacgiang_bacgiangcity_backan_backancity,140.78775
2026-05-08 07:00:00+00:00,angiang_longxuyen_bacgiang_bacgiangcity_backan_backancity,143.4661
2026-05-08 08:00:00+00:00,angiang_longxuyen_bacgiang_bacgiangcity_backan_backancity,146.09213
2026-05-08 09:00:00+00:00,angiang_longxuyen_bacgiang_bacgiangcity_backan_backancity,147.2291
2026-05-08 10:00:00+00:00,angiang_longxuyen_bacgiang_bacgiangcity_backan_backancity,149.33049
2026-05-08 11:00:00+00:00,angiang_longxuyen_bacgiang_bacgiangcity_backan_backancity,151.30695
2026-05-08 12:00:00+00:00,angiang_longxuyen_bacgiang_bacgiangcity_backan_backancity,153.18918
2026-05-08 13:00:00+00:00,angiang_longxuyen_bacgiang_bacgiangcity_backan_backancity,155.03928
2026-05-08 14:00:00+00:00,angiang_longxuyen_bacgiang_bacgiangcity_backan_backancity,156.82762
2026-05-08 15:00:00+00:00,angiang_longxuyen_bacgiang_bacgiangcity_backan_backancity,158.04758
2026-05-08 16:00:00+00:00,angiang_longxuyen_bacgiang_bacgiangcity_backan_backancity,158.97797
2026-05-08 17:00:00+00:00,angiang_longxuyen_bacgiang_bacgiangcity_backan_backancity,160.4389
2026-05-08 18:00:00+00:00,angiang_longxuyen_bacgiang_bacgiangcity_backan_backancity,160.5982
2026-05-08 19:00:00+00:00,angiang_longxuyen_bacgiang_bacgiangcity_backan_backancity,93.530266
2026-05-08 20:00:00+00:00,angiang_longxuyen_bacgiang_bacgiangcity_backan_backancity,95.31963
2026-05-08 21:00:00+00:00,angiang_longxuyen_bacgiang_bacgiangcity_backan_backancity,97.28142
2026-05-08 22:00:00+00:00,angiang_longxuyen_bacgiang_bacgiangcity_backan_backancity,99.21528
2026-05-08 23:00:00+00:00,angiang_longxuyen_bacgiang_bacgiangcity_backan_backancity,99.77792
2026-05-09 00:00:00+00:00,angiang_longxuyen_bacgiang_bacgiangcity_backan_backancity,101.905785
2026-05-09 01:00:00+00:00,angiang_longxuyen_bacgiang_bacgiangcity_backan_backancity,103.35041
2026-05-09 02:00:00+00:00,angiang_longxuyen_bacgiang_bacgiangcity_backan_backancity,104.05922
2026-05-09 03:00:00+00:00,angiang_longxuyen_bacgiang_bacgiangcity_backan_backancity,104.45106
2026-05-09 04:00:00+00:00,angiang_longxuyen_bacgiang_bacgiangcity_backan_backancity,104.75288
2026-05-09 05:00:00+00:00,angiang_longxuyen_bacgiang_bacgiangcity_backan_backancity,104.40671
2026-05-09 06:00:00+00:00,angiang_longxuyen_bacgiang_bacgiangcity_backan_backancity,103.93564
2026-05-09 07:00:00+00:00,angiang_longxuyen_bacgiang_bacgiangcity_backan_backancity,102.170815
2026-05-09 08:00:00+00:00,angiang_longxuyen_bacgiang_bacgiangcity_backan_backancity,101.792114
2026-05-09 09:00:00+00:00,angiang_longxuyen_bacgiang_bacgiangcity_backan_backancity,101.78937
2026-05-09 10:00:00+00:00,angiang_longxuyen_bacgiang_bacgiangcity_backan_backancity,102.056984
2026-05-09 11:00:00+00:00,angiang_longxuyen_bacgiang_bacgiangcity_backan_backancity,100.762146
2026-05-09 12:00:00+00:00,angiang_longxuyen_bacgiang_bacgiangcity_backan_backancity,99.817665
2026-05-09 13:00:00+00:00,angiang_longxuyen_bacgiang_bacgiangcity_backan_backancity,99.20932
2026-05-09 14:00:00+00:00,angiang_longxuyen_bacgiang_bacgiangcity_backan_backancity,98.35138
2026-05-09 15:00:00+00:00,angiang_longxuyen_bacgiang_bacgiangcity_backan_backancity,97.63718
2026-05-09 16:00:00+00:00,angiang_longxuyen_bacgiang_bacgiangcity_backan_backancity,96.73614
2026-05-09 17:00:00+00:00,angiang_longxuyen_bacgiang_bacgiangcity_backan_backancity,96.37558
2026-05-09 18:00:00+00:00,angiang_longxuyen_bacgiang_bacgiangcity_backan_backancity,95.420204
2026-05-09 19:00:00+00:00,angiang_longxuyen_bacgiang_bacgiangcity_backan_backancity,94.93806
2026-05-09 20:00:00+00:00,angiang_longxuyen_bacgiang_bacgiangcity_backan_backancity,93.859924
2026-05-09 21:00:00+00:00,angiang_longxuyen_bacgiang_bacgiangcity_backan_backancity,93.86797
2026-05-09 22:00:00+00:00,angiang_longxuyen_bacgiang_bacgiangcity_backan_backancity,93.11073
2026-05-09 23:00:00+00:00,angiang_longxuyen_bacgiang_bacgiangcity_backan_backancity,92.72318
2026-05-10 00:00:00+00:00,angiang_longxuyen_bacgiang_bacgiangcity_backan_backancity,90.75259
2026-05-10 01:00:00+00:00,angiang_longxuyen_bacgiang_bacgiangcity_backan_backancity,90.46178
2026-05-10 02:00:00+00:00,angiang_longxuyen_bacgiang_bacgiangcity_backan_backancity,88.418594
2026-05-10 03:00:00+00:00,angiang_longxuyen_bacgiang_bacgiangcity_backan_backancity,87.68922
2026-05-10 04:00:00+00:00,angiang_longxuyen_bacgiang_bacgiangcity_backan_backancity,87.74762
2026-05-10 05:00:00+00:00,angiang_longxuyen_bacgiang_bacgiangcity_backan_backancity,88.0016
2026-05-10 06:00:00+00:00,angiang_longxuyen_bacgiang_bacgiangcity_backan_backancity,87.88216
2026-05-10 07:00:00+00:00,angiang_longxuyen_bacgiang_bacgiangcity_backan_backancity,88.1378
2026-05-10 08:00:00+00:00,angiang_longxuyen_bacgiang_bacgiangcity_backan_backancity,87.68965
2026-05-10 09:00:00+00:00,angiang_longxuyen_bacgiang_bacgiangcity_backan_backancity,88.10072
2026-05-10 10:00:00+00:00,angiang_longxuyen_bacgiang_bacgiangcity_backan_backancity,88.65169
2026-05-10 11:00:00+00:00,angiang_longxuyen_bacgiang_bacgiangcity_backan_backancity,89.457085
2026-05-10 12:00:00+00:00,angiang_longxuyen_bacgiang_bacgiangcity_backan_backancity,89.3911
2026-05-10 13:00:00+00:00,angiang_longxuyen_bacgiang_bacgiangcity_backan_backancity,89.758896
2026-05-10 14:00:00+00:00,angiang_longxuyen_bacgiang_bacgiangcity_backan_backancity,89.43639
2026-05-10 15:00:00+00:00,angiang_longxuyen_bacgiang_bacgiangcity_backan_backancity,89.35398
2026-05-10 16:00:00+00:00,angiang_longxuyen_bacgiang_bacgiangcity_backan_backancity,89.197296
2026-05-10 17:00:00+00:00,angiang_longxuyen_bacgiang_bacgiangcity_backan_backancity,89.298355
2026-05-10 18:00:00+00:00,angiang_longxuyen_bacgiang_bacgiangcity_backan_backancity,88.64598
2026-05-10 19:00:00+00:00,angiang_longxuyen_bacgiang_bacgiangcity_backan_backancity,87.384415
2026-05-10 20:00:00+00:00,angiang_longxuyen_bacgiang_bacgiangcity_backan_backancity,87.13754
2026-05-10 21:00:00+00:00,angiang_longxuyen_bacgiang_bacgiangcity_backan_backancity,86.391205
2026-05-10 22:00:00+00:00,angiang_longxuyen_bacgiang_bacgiangcity_backan_backancity,86.17167
2026-05-10 23:00:00+00:00,angiang_longxuyen_bacgiang_bacgiangcity_backan_backancity,84.30976
2026-05-11 00:00:00+00:00,angiang_longxuyen_bacgiang_bacgiangcity_backan_backancity,82.42848
2026-05-11 01:00:00+00:00,angiang_longxuyen_bacgiang_bacgiangcity_backan_backancity,81.71383
2026-05-11 02:00:00+00:00,angiang_longxuyen_bacgiang_bacgiangcity_backan_backancity,80.76579
2026-05-11 03:00:00+00:00,angiang_longxuyen_bacgiang_bacgiangcity_backan_backancity,80.49389
2026-05-11 04:00:00+00:00,angiang_longxuyen_bacgiang_bacgiangcity_backan_backancity,80.273895
2026-05-11 05:00:00+00:00,angiang_longxuyen_bacgiang_bacgiangcity_backan_backancity,79.21895
2026-05-11 06:00:00+00:00,angiang_longxuyen_bacgiang_bacgiangcity_backan_backancity,78.34349
2026-05-11 07:00:00+00:00,angiang_longxuyen_bacgiang_bacgiangcity_backan_backancity,77.654144
2026-05-11 08:00:00+00:00,angiang_longxuyen_bacgiang_bacgiangcity_backan_backancity,76.88675
2026-05-11 09:00:00+00:00,angiang_longxuyen_bacgiang_bacgiangcity_backan_backancity,77.69769
2026-05-11 10:00:00+00:00,angiang_longxuyen_bacgiang_bacgiangcity_backan_backancity,78.8453
2026-05-11 11:00:00+00:00,angiang_longxuyen_bacgiang_bacgiangcity_backan_backancity,78.49342
2026-05-11 12:00:00+00:00,angiang_longxuyen_bacgiang_bacgiangcity_backan_backancity,78.832596
2026-05-11 13:00:00+00:00,angiang_longxuyen_bacgiang_bacgiangcity_backan_backancity,80.22989
2026-05-11 14:00:00+00:00,angiang_longxuyen_bacgiang_bacgiangcity_backan_backancity,80.78018
2026-05-11 15:00:00+00:00,angiang_longxuyen_bacgiang_bacgiangcity_backan_backancity,81.16613
2026-05-11 16:00:00+00:00,angiang_longxuyen_bacgiang_bacgiangcity_backan_backancity,81.97516
2026-05-11 17:00:00+00:00,angiang_longxuyen_bacgiang_bacgiangcity_backan_backancity,82.087524
2026-05-11 18:00:00+00:00,angiang_longxuyen_bacgiang_bacgiangcity_backan_backancity,82.14868
2026-05-11 19:00:00+00:00,angiang_longxuyen_bacgiang_bacgiangcity_backan_backancity,82.03058
2026-05-11 20:00:00+00:00,angiang_longxuyen_bacgiang_bacgiangcity_backan_backancity,81.983734
2026-05-11 21:00:00+00:00,angiang_longxuyen_bacgiang_bacgiangcity_backan_backancity,81.28093
2026-05-11 22:00:00+00:00,angiang_longxuyen_bacgiang_bacgiangcity_backan_backancity,80.185555
2026-05-11 23:00:00+00:00,angiang_longxuyen_bacgiang_bacgiangcity_backan_backancity,76.840294
2026-05-12 00:00:00+00:00,angiang_longxuyen_bacgiang_bacgiangcity_backan_backancity,76.23714
2026-05-12 01:00:00+00:00,angiang_longxuyen_bacgiang_bacgiangcity_backan_backancity,76.46684
2026-05-12 02:00:00+00:00,angiang_longxuyen_bacgiang_bacgiangcity_backan_backancity,75.831665
2026-05-12 03:00:00+00:00,angiang_longxuyen_bacgiang_bacgiangcity_backan_backancity,75.47824
2026-05-12 04:00:00+00:00,angiang_longxuyen_bacgiang_bacgiangcity_backan_backancity,76.26465
2026-05-12 05:00:00+00:00,angiang_longxuyen_bacgiang_bacgiangcity_backan_backancity,76.08746
2026-05-12 06:00:00+00:00,angiang_longxuyen_bacgiang_bacgiangcity_backan_backancity,76.37378
2026-05-12 07:00:00+00:00,angiang_longxuyen_bacgiang_bacgiangcity_backan_backancity,76.15407
2026-05-12 08:00:00+00:00,angiang_longxuyen_bacgiang_bacgiangcity_backan_backancity,76.137314
2026-05-12 09:00:00+00:00,angiang_longxuyen_bacgiang_bacgiangcity_backan_backancity,76.365776
2026-05-12 10:00:00+00:00,angiang_longxuyen_bacgiang_bacgiangcity_backan_backancity,76.81976
2026-05-12 11:00:00+00:00,angiang_longxuyen_bacgiang_bacgiangcity_backan_backancity,76.90465
2026-05-12 12:00:00+00:00,angiang_longxuyen_bacgiang_bacgiangcity_backan_backancity,76.94148
2026-05-12 13:00:00+00:00,angiang_longxuyen_bacgiang_bacgiangcity_backan_backancity,76.46117
2026-05-12 14:00:00+00:00,angiang_longxuyen_bacgiang_bacgiangcity_backan_backancity,75.81706
2026-05-12 15:00:00+00:00,angiang_longxuyen_bacgiang_bacgiangcity_backan_backancity,74.578674
2026-05-12 16:00:00+00:00,angiang_longxuyen_bacgiang_bacgiangcity_backan_backancity,73.140045
2026-05-12 17:00:00+00:00,angiang_longxuyen_bacgiang_bacgiangcity_backan_backancity,71.27784
2026-05-12 18:00:00+00:00,angiang_longxuyen_bacgiang_bacgiangcity_backan_backancity,69.191246
2026-05-12 19:00:00+00:00,angiang_longxuyen_bacgiang_bacgiangcity_backan_backancity,66.23776
2026-05-12 20:00:00+00:00,angiang_longxuyen_bacgiang_bacgiangcity_backan_backancity,63.763535
2026-05-12 21:00:00+00:00,angiang_longxuyen_bacgiang_bacgiangcity_backan_backancity,61.349537
2026-05-12 22:00:00+00:00,angiang_longxuyen_bacgiang_bacgiangcity_backan_backancity,59.282547
2026-05-12 23:00:00+00:00,angiang_longxuyen_bacgiang_bacgiangcity_backan_backancity,56.921066
2026-05-13 00:00:00+00:00,angiang_longxuyen_bacgiang_bacgiangcity_backan_backancity,56.46675
2026-05-13 01:00:00+00:00,angiang_longxuyen_bacgiang_bacgiangcity_backan_backancity,55.51267
2026-05-13 02:00:00+00:00,angiang_longxuyen_bacgiang_bacgiangcity_backan_backancity,55.027092
2026-05-13 03:00:00+00:00,angiang_longxuyen_bacgiang_bacgiangcity_backan_backancity,54.7911
2026-05-13 04:00:00+00:00,angiang_longxuyen_bacgiang_bacgiangcity_backan_backancity,54.377506
2026-05-13 05:00:00+00:00,angiang_longxuyen_bacgiang_bacgiangcity_backan_backancity,53.9699
2026-05-13 06:00:00+00:00,angiang_longxuyen_bacgiang_bacgiangcity_backan_backancity,53.783985
2026-05-13 07:00:00+00:00,angiang_longxuyen_bacgiang_bacgiangcity_backan_backancity,53.249832
2026-05-13 08:00:00+00:00,angiang_longxuyen_bacgiang_bacgiangcity_backan_backancity,52.748604
2026-05-13 09:00:00+00:00,angiang_longxuyen_bacgiang_bacgiangcity_backan_backancity,52.30819
2026-05-13 10:00:00+00:00,angiang_longxuyen_bacgiang_bacgiangcity_backan_backancity,52.390842
2026-05-13 11:00:00+00:00,angiang_longxuyen_bacgiang_bacgiangcity_backan_backancity,53.245728
2026-05-13 12:00:00+00:00,angiang_longxuyen_bacgiang_bacgiangcity_backan_backancity,52.95323
2026-05-13 13:00:00+00:00,angiang_longxuyen_bacgiang_bacgiangcity_backan_backancity,52.69354
2026-05-13 14:00:00+00:00,angiang_longxuyen_bacgiang_bacgiangcity_backan_backancity,52.363396
2026-05-13 15:00:00+00:00,angiang_longxuyen_bacgiang_bacgiangcity_backan_backancity,51.229797
2026-05-13 16:00:00+00:00,angiang_longxuyen_bacgiang_bacgiangcity_backan_backancity,50.374256
2026-05-13 17:00:00+00:00,angiang_longxuyen_bacgiang_bacgiangcity_backan_backancity,49.24281
2026-05-13 18:00:00+00:00,angiang_longxuyen_bacgiang_bacgiangcity_backan_backancity,48.561646
2026-05-13 19:00:00+00:00,angiang_longxuyen_bacgiang_bacgiangcity_backan_backancity,48.44226
2026-05-13 20:00:00+00:00,angiang_longxuyen_bacgiang_bacgiangcity_backan_backancity,47.80986
2026-05-13 21:00:00+00:00,angiang_longxuyen_bacgiang_bacgiangcity_backan_backancity,47.56991
2026-05-13 22:00:00+00:00,angiang_longxuyen_bacgiang_bacgiangcity_backan_backancity,47.426086
2026-05-13 23:00:00+00:00,angiang_longxuyen_bacgiang_bacgiangcity_backan_backancity,48.286797
2026-05-14 00:00:00+00:00,angiang_longxuyen_bacgiang_bacgiangcity_backan_backancity,48.411446
2026-05-14 01:00:00+00:00,angiang_longxuyen_bacgiang_bacgiangcity_backan_backancity,48.240654
2026-05-14 02:00:00+00:00,angiang_longxuyen_bacgiang_bacgiangcity_backan_backancity,48.17325
2026-05-14 03:00:00+00:00,angiang_longxuyen_bacgiang_bacgiangcity_backan_backancity,47.606155
2026-05-14 04:00:00+00:00,angiang_longxuyen_bacgiang_bacgiangcity_backan_backancity,47.24238
2026-05-14 05:00:00+00:00,angiang_longxuyen_bacgiang_bacgiangcity_backan_backancity,47.009537
2026-05-14 06:00:00+00:00,angiang_longxuyen_bacgiang_bacgiangcity_backan_backancity,46.958847
2026-05-14 07:00:00+00:00,angiang_longxuyen_bacgiang_bacgiangcity_backan_backancity,47.07319
2026-05-14 08:00:00+00:00,angiang_longxuyen_bacgiang_bacgiangcity_backan_backancity,47.16381
2026-05-14 09:00:00+00:00,angiang_longxuyen_bacgiang_bacgiangcity_backan_backancity,47.5644
2026-05-14 10:00:00+00:00,angiang_longxuyen_bacgiang_bacgiangcity_backan_backancity,48.09458
2026-05-14 11:00:00+00:00,angiang_longxuyen_bacgiang_bacgiangcity_backan_backancity,48.2492
2026-05-14 12:00:00+00:00,angiang_longxuyen_bacgiang_bacgiangcity_backan_backancity,48.150833
2026-05-14 13:00:00+00:00,angiang_longxuyen_bacgiang_bacgiangcity_backan_backancity,48.155273
2026-05-14 14:00:00+00:00,angiang_longxuyen_bacgiang_bacgiangcity_backan_backancity,47.695732
2026-05-14 15:00:00+00:00,angiang_longxuyen_bacgiang_bacgiangcity_backan_backancity,47.96183
2026-05-14 16:00:00+00:00,angiang_longxuyen_bacgiang_bacgiangcity_backan_backancity,49.150208
2026-05-14 17:00:00+00:00,angiang_longxuyen_bacgiang_bacgiangcity_backan_backancity,49.93184
2026-05-14 18:00:00+00:00,angiang_longxuyen_bacgiang_bacgiangcity_backan_backancity,50.766766
2026-05-14 19:00:00+00:00,angiang_longxuyen_bacgiang_bacgiangcity_backan_backancity,51.28016
2026-05-14 20:00:00+00:00,angiang_longxuyen_bacgiang_bacgiangcity_backan_backancity,52.212673
2026-05-14 21:00:00+00:00,angiang_longxuyen_bacgiang_bacgiangcity_backan_backancity,52.8127
2026-05-14 22:00:00+00:00,angiang_longxuyen_bacgiang_bacgiangcity_backan_backancity,52.999035
2026-05-14 23:00:00+00:00,angiang_longxuyen_bacgiang_bacgiangcity_backan_backancity,54.076553
2026-05-15 00:00:00+00:00,angiang_longxuyen_bacgiang_bacgiangcity_backan_backancity,54.658085
2026-05-15 01:00:00+00:00,angiang_longxuyen_bacgiang_bacgiangcity_backan_backancity,56.001156
2026-05-15 02:00:00+00:00,angiang_longxuyen_bacgiang_bacgiangcity_backan_backancity,56.32339
2026-05-15 03:00:00+00:00,angiang_longxuyen_bacgiang_bacgiangcity_backan_backancity,56.983856
2026-05-15 04:00:00+00:00,angiang_longxuyen_bacgiang_bacgiangcity_backan_backancity,56.99065
2026-05-15 05:00:00+00:00,angiang_longxuyen_bacgiang_bacgiangcity_backan_backancity,57.21736
2026-05-15 06:00:00+00:00,angiang_longxuyen_bacgiang_bacgiangcity_backan_backancity,57.926018
2026-05-15 07:00:00+00:00,angiang_longxuyen_bacgiang_bacgiangcity_backan_backancity,58.07245
2026-05-15 08:00:00+00:00,angiang_longxuyen_bacgiang_bacgiangcity_backan_backancity,58.95322
2026-05-15 09:00:00+00:00,angiang_longxuyen_bacgiang_bacgiangcity_backan_backancity,59.93987
2026-05-15 10:00:00+00:00,angiang_longxuyen_bacgiang_bacgiangcity_backan_backancity,60.612743
2026-05-15 11:00:00+00:00,angiang_longxuyen_bacgiang_bacgiangcity_backan_backancity,61.425617
2026-05-15 12:00:00+00:00,angiang_longxuyen_bacgiang_bacgiangcity_backan_backancity,62.29489
2026-05-15 13:00:00+00:00,angiang_longxuyen_bacgiang_bacgiangcity_backan_backancity,62.700012
2026-05-15 14:00:00+00:00,angiang_longxuyen_bacgiang_bacgiangcity_backan_backancity,64.13396
2026-05-15 15:00:00+00:00,angiang_longxuyen_bacgiang_bacgiangcity_backan_backancity,64.915634
2026-05-15 16:00:00+00:00,angiang_longxuyen_bacgiang_bacgiangcity_backan_backancity,65.50932
2026-05-15 17:00:00+00:00,angiang_longxuyen_bacgiang_bacgiangcity_backan_backancity,66.51262
2026-05-15 18:00:00+00:00,angiang_longxuyen_bacgiang_bacgiangcity_backan_backancity,67.09212
2026-05-15 19:00:00+00:00,angiang_longxuyen_bacgiang_bacgiangcity_backan_backancity,67.2561
2026-05-15 20:00:00+00:00,angiang_longxuyen_bacgiang_bacgiangcity_backan_backancity,67.58432
2026-05-15 21:00:00+00:00,angiang_longxuyen_bacgiang_bacgiangcity_backan_backancity,67.91794
2026-05-15 22:00:00+00:00,angiang_longxuyen_bacgiang_bacgiangcity_backan_backancity,67.805756
2026-05-15 23:00:00+00:00,angiang_longxuyen_bacgiang_bacgiangcity_backan_backancity,68.06105
2026-05-16 00:00:00+00:00,angiang_longxuyen_bacgiang_bacgiangcity_backan_backancity,68.08207
2026-05-16 01:00:00+00:00,angiang_longxuyen_bacgiang_bacgiangcity_backan_backancity,69.732544
2026-05-16 02:00:00+00:00,angiang_longxuyen_bacgiang_bacgiangcity_backan_backancity,70.06685
2026-05-16 03:00:00+00:00,angiang_longxuyen_bacgiang_bacgiangcity_backan_backancity,70.131546
2026-05-16 04:00:00+00:00,angiang_longxuyen_bacgiang_bacgiangcity_backan_backancity,69.84242
2026-05-16 05:00:00+00:00,angiang_longxuyen_bacgiang_bacgiangcity_backan_backancity,69.68738
2026-05-16 06:00:00+00:00,angiang_longxuyen_bacgiang_bacgiangcity_backan_backancity,69.25435
2026-05-16 07:00:00+00:00,angiang_longxuyen_bacgiang_bacgiangcity_backan_backancity,69.1812
2026-05-16 08:00:00+00:00,angiang_longxuyen_bacgiang_bacgiangcity_backan_backancity,69.37745
2026-05-16 09:00:00+00:00,angiang_longxuyen_bacgiang_bacgiangcity_backan_backancity,69.99404
2026-05-16 10:00:00+00:00,angiang_longxuyen_bacgiang_bacgiangcity_backan_backancity,70.88385
2026-05-16 11:00:00+00:00,angiang_longxuyen_bacgiang_bacgiangcity_backan_backancity,71.01305
2026-05-16 12:00:00+00:00,angiang_longxuyen_bacgiang_bacgiangcity_backan_backancity,71.67577
2026-05-16 13:00:00+00:00,angiang_longxuyen_bacgiang_bacgiangcity_backan_backancity,72.01718
2026-05-16 14:00:00+00:00,angiang_longxuyen_bacgiang_bacgiangcity_backan_backancity,72.94427
2026-05-16 15:00:00+00:00,angiang_longxuyen_bacgiang_bacgiangcity_backan_backancity,73.47638
2026-05-16 16:00:00+00:00,angiang_longxuyen_bacgiang_bacgiangcity_backan_backancity,73.95872
2026-05-16 17:00:00+00:00,angiang_longxuyen_bacgiang_bacgiangcity_backan_backancity,74.717735
2026-05-16 18:00:00+00:00,angiang_longxuyen_bacgiang_bacgiangcity_backan_backancity,75.09361
2026-05-16 19:00:00+00:00,angiang_longxuyen_bacgiang_bacgiangcity_backan_backancity,76.21142
2026-05-16 20:00:00+00:00,angiang_longxuyen_bacgiang_bacgiangcity_backan_backancity,77.051865
2026-05-16 21:00:00+00:00,angiang_longxuyen_bacgiang_bacgiangcity_backan_backancity,77.59244
2026-05-16 22:00:00+00:00,angiang_longxuyen_bacgiang_bacgiangcity_backan_backancity,77.86791
2026-05-16 23:00:00+00:00,angiang_longxuyen_bacgiang_bacgiangcity_backan_backancity,78.99866
2026-05-17 00:00:00+00:00,angiang_longxuyen_bacgiang_bacgiangcity_backan_backancity,80.40143
2026-05-17 01:00:00+00:00,angiang_longxuyen_bacgiang_bacgiangcity_backan_backancity,82.18125
2026-05-17 02:00:00+00:00,angiang_longxuyen_bacgiang_bacgiangcity_backan_backancity,83.27864
2026-05-17 03:00:00+00:00,angiang_longxuyen_bacgiang_bacgiangcity_backan_backancity,83.64889
2026-05-17 04:00:00+00:00,angiang_longxuyen_bacgiang_bacgiangcity_backan_backancity,83.092545
2026-05-17 05:00:00+00:00,angiang_longxuyen_bacgiang_bacgiangcity_backan_backancity,82.64467
2026-05-17 06:00:00+00:00,angiang_longxuyen_bacgiang_bacgiangcity_backan_backancity,82.19672
2026-05-17 07:00:00+00:00,angiang_longxuyen_bacgiang_bacgiangcity_backan_backancity,81.45815
2026-05-17 08:00:00+00:00,angiang_longxuyen_bacgiang_bacgiangcity_backan_backancity,81.16481
2026-05-17 09:00:00+00:00,angiang_longxuyen_bacgiang_bacgiangcity_backan_backancity,81.55266
2026-05-17 10:00:00+00:00,angiang_longxuyen_bacgiang_bacgiangcity_backan_backancity,81.43592
2026-05-17 11:00:00+00:00,angiang_longxuyen_bacgiang_bacgiangcity_backan_backancity,82.00486
2026-05-17 12:00:00+00:00,angiang_longxuyen_bacgiang_bacgiangcity_backan_backancity,81.69684
2026-05-17 13:00:00+00:00,angiang_longxuyen_bacgiang_bacgiangcity_backan_backancity,81.29471
2026-05-17 14:00:00+00:00,angiang_longxuyen_bacgiang_bacgiangcity_backan_backancity,81.90791
2026-05-17 15:00:00+00:00,angiang_longxuyen_bacgiang_bacgiangcity_backan_backancity,80.75099
2026-05-17 16:00:00+00:00,angiang_longxuyen_bacgiang_bacgiangcity_backan_backancity,80.31785
2026-05-17 17:00:00+00:00,angiang_longxuyen_bacgiang_bacgiangcity_backan_backancity,79.29094
2026-05-17 18:00:00+00:00,angiang_longxuyen_bacgiang_bacgiangcity_backan_backancity,77.73523
2026-05-17 19:00:00+00:00,angiang_longxuyen_bacgiang_bacgiangcity_backan_backancity,75.725586
2026-05-17 20:00:00+00:00,angiang_longxuyen_bacgiang_bacgiangcity_backan_backancity,74.119736
2026-05-17 21:00:00+00:00,angiang_longxuyen_bacgiang_bacgiangcity_backan_backancity,72.37188
2026-05-17 22:00:00+00:00,angiang_longxuyen_bacgiang_bacgiangcity_backan_backancity,71.107445
2026-05-17 23:00:00+00:00,angiang_longxuyen_bacgiang_bacgiangcity_backan_backancity,69.62276
2026-05-18 00:00:00+00:00,angiang_longxuyen_bacgiang_bacgiangcity_backan_backancity,68.207214
2026-05-18 01:00:00+00:00,angiang_longxuyen_bacgiang_bacgiangcity_backan_backancity,67.34129
2026-05-18 02:00:00+00:00,angiang_longxuyen_bacgiang_bacgiangcity_backan_backancity,66.36345
2026-05-18 03:00:00+00:00,angiang_longxuyen_bacgiang_bacgiangcity_backan_backancity,66.19095
2026-05-18 04:00:00+00:00,angiang_longxuyen_bacgiang_bacgiangcity_backan_backancity,65.5087
2026-05-18 05:00:00+00:00,angiang_longxuyen_bacgiang_bacgiangcity_backan_backancity,65.365906
2026-05-18 06:00:00+00:00,angiang_longxuyen_bacgiang_bacgiangcity_backan_backancity,65.20248
2026-05-18 07:00:00+00:00,angiang_longxuyen_bacgiang_bacgiangcity_backan_backancity,65.01306
2026-05-18 08:00:00+00:00,angiang_longxuyen_bacgiang_bacgiangcity_backan_backancity,65.36368
2026-05-18 09:00:00+00:00,angiang_longxuyen_bacgiang_bacgiangcity_backan_backancity,65.57239
2026-05-18 10:00:00+00:00,angiang_longxuyen_bacgiang_bacgiangcity_backan_backancity,66.38498
2026-05-18 11:00:00+00:00,angiang_longxuyen_bacgiang_bacgiangcity_backan_backancity,66.8418
2026-05-18 12:00:00+00:00,angiang_longxuyen_bacgiang_bacgiangcity_backan_backancity,67.726135
2026-05-18 13:00:00+00:00,angiang_longxuyen_bacgiang_bacgiangcity_backan_backancity,67.93329
2026-05-18 14:00:00+00:00,angiang_longxuyen_bacgiang_bacgiangcity_backan_backancity,67.79211
2026-05-18 15:00:00+00:00,angiang_longxuyen_bacgiang_bacgiangcity_backan_backancity,67.81685
2026-05-18 16:00:00+00:00,angiang_longxuyen_bacgiang_bacgiangcity_backan_backancity,67.120575
2026-05-18 17:00:00+00:00,angiang_longxuyen_bacgiang_bacgiangcity_backan_backancity,67.03841
2026-05-18 18:00:00+00:00,angiang_longxuyen_bacgiang_bacgiangcity_backan_backancity,67.40734
2026-05-18 19:00:00+00:00,angiang_longxuyen_bacgiang_bacgiangcity_backan_backancity,66.98039
2026-05-18 20:00:00+00:00,angiang_longxuyen_bacgiang_bacgiangcity_backan_backancity,66.64252
2026-05-18 21:00:00+00:00,angiang_longxuyen_bacgiang_bacgiangcity_backan_backancity,66.422966
2026-05-18 22:00:00+00:00,angiang_longxuyen_bacgiang_bacgiangcity_backan_backancity,67.03056
2026-05-18 23:00:00+00:00,angiang_longxuyen_bacgiang_bacgiangcity_backan_backancity,66.938965
2026-05-19 00:00:00+00:00,angiang_longxuyen_bacgiang_bacgiangcity_backan_backancity,66.96596
2026-05-19 01:00:00+00:00,angiang_longxuyen_bacgiang_bacgiangcity_backan_backancity,66.683914
2026-05-19 02:00:00+00:00,angiang_longxuyen_bacgiang_bacgiangcity_backan_backancity,66.7066
2026-05-19 03:00:00+00:00,angiang_longxuyen_bacgiang_bacgiangcity_backan_backancity,65.580345
2026-05-19 04:00:00+00:00,angiang_longxuyen_bacgiang_bacgiangcity_backan_backancity,65.32362
2026-05-19 05:00:00+00:00,angiang_longxuyen_bacgiang_bacgiangcity_backan_backancity,64.44414
2026-05-19 06:00:00+00:00,angiang_longxuyen_bacgiang_bacgiangcity_backan_backancity,64.16911
2026-05-19 07:00:00+00:00,angiang_longxuyen_bacgiang_bacgiangcity_backan_backancity,63.35109
2026-05-19 08:00:00+00:00,angiang_longxuyen_bacgiang_bacgiangcity_backan_backancity,62.487354
2026-05-19 09:00:00+00:00,angiang_longxuyen_bacgiang_bacgiangcity_backan_backancity,61.61961
2026-05-19 10:00:00+00:00,angiang_longxuyen_bacgiang_bacgiangcity_backan_backancity,61.084354
2026-05-19 11:00:00+00:00,angiang_longxuyen_bacgiang_bacgiangcity_backan_backancity,60.475655
2026-05-19 12:00:00+00:00,angiang_longxuyen_bacgiang_bacgiangcity_backan_backancity,59.374462
2026-05-19 13:00:00+00:00,angiang_longxuyen_bacgiang_bacgiangcity_backan_backancity,58.568893
2026-05-19 14:00:00+00:00,angiang_longxuyen_bacgiang_bacgiangcity_backan_backancity,57.96203
2026-05-19 15:00:00+00:00,angiang_longxuyen_bacgiang_bacgiangcity_backan_backancity,57.192333
2026-05-19 16:00:00+00:00,angiang_longxuyen_bacgiang_bacgiangcity_backan_backancity,56.593
2026-05-19 17:00:00+00:00,angiang_longxuyen_bacgiang_bacgiangcity_backan_backancity,56.263565
2026-05-19 18:00:00+00:00,angiang_longxuyen_bacgiang_bacgiangcity_backan_backancity,55.476208
2026-05-19 19:00:00+00:00,angiang_longxuyen_bacgiang_bacgiangcity_backan_backancity,54.826202
2026-05-19 20:00:00+00:00,angiang_longxuyen_bacgiang_bacgiangcity_backan_backancity,54.07269
2026-05-19 21:00:00+00:00,angiang_longxuyen_bacgiang_bacgiangcity_backan_backancity,53.850376
2026-05-19 22:00:00+00:00,angiang_longxuyen_bacgiang_bacgiangcity_backan_backancity,53.163345
2026-05-19 23:00:00+00:00,angiang_longxuyen_bacgiang_bacgiangcity_backan_backancity,52.57303
2026-05-20 00:00:00+00:00,angiang_longxuyen_bacgiang_bacgiangcity_backan_backancity,52.493023
2026-05-20 01:00:00+00:00,angiang_longxuyen_bacgiang_bacgiangcity_backan_backancity,52.917393
2026-05-20 02:00:00+00:00,angiang_longxuyen_bacgiang_bacgiangcity_backan_backancity,52.964626
2026-05-20 03:00:00+00:00,angiang_longxuyen_bacgiang_bacgiangcity_backan_backancity,53.273415
2026-05-20 04:00:00+00:00,angiang_longxuyen_bacgiang_bacgiangcity_backan_backancity,53.25779
2026-05-20 05:00:00+00:00,angiang_longxuyen_bacgiang_bacgiangcity_backan_backancity,53.81502
2026-05-20 06:00:00+00:00,angiang_longxuyen_bacgiang_bacgiangcity_backan_backancity,53.80087
2026-05-20 07:00:00+00:00,angiang_longxuyen_bacgiang_bacgiangcity_backan_backancity,53.79722
2026-05-20 08:00:00+00:00,angiang_longxuyen_bacgiang_bacgiangcity_backan_backancity,53.679333
2026-05-20 09:00:00+00:00,angiang_longxuyen_bacgiang_bacgiangcity_backan_backancity,53.764893
2026-05-20 10:00:00+00:00,angiang_longxuyen_bacgiang_bacgiangcity_backan_backancity,53.935764
2026-05-20 11:00:00+00:00,angiang_longxuyen_bacgiang_bacgiangcity_backan_backancity,53.872253
2026-05-20 12:00:00+00:00,angiang_longxuyen_bacgiang_bacgiangcity_backan_backancity,54.320168
2026-05-20 13:00:00+00:00,angiang_longxuyen_bacgiang_bacgiangcity_backan_backancity,54.246296
2026-05-20 14:00:00+00:00,angiang_longxuyen_bacgiang_bacgiangcity_backan_backancity,54.1958
2026-05-20 15:00:00+00:00,angiang_longxuyen_bacgiang_bacgiangcity_backan_backancity,54.144386
2026-05-20 16:00:00+00:00,angiang_longxuyen_bacgiang_bacgiangcity_backan_backancity,54.007343
2026-05-20 17:00:00+00:00,angiang_longxuyen_bacgiang_bacgiangcity_backan_backancity,53.490837
2026-05-20 18:00:00+00:00,angiang_longxuyen_bacgiang_bacgiangcity_backan_backancity,53.36682
2026-05-20 19:00:00+00:00,angiang_longxuyen_bacgiang_bacgiangcity_backan_backancity,53.252403
2026-05-20 20:00:00+00:00,angiang_longxuyen_bacgiang_bacgiangcity_backan_backancity,52.765446
2026-05-20 21:00:00+00:00,angiang_longxuyen_bacgiang_bacgiangcity_backan_backancity,52.576176
2026-05-20 22:00:00+00:00,angiang_longxuyen_bacgiang_bacgiangcity_backan_backancity,52.1037
2026-05-20 23:00:00+00:00,angiang_longxuyen_bacgiang_bacgiangcity_backan_backancity,52.05769
2026-05-21 00:00:00+00:00,angiang_longxuyen_bacgiang_bacgiangcity_backan_backancity,51.80167
2026-05-21 01:00:00+00:00,angiang_longxuyen_bacgiang_bacgiangcity_backan_backancity,51.849316
2026-05-21 02:00:00+00:00,angiang_longxuyen_bacgiang_bacgiangcity_backan_backancity,51.843147
2026-05-21 03:00:00+00:00,angiang_longxuyen_bacgiang_bacgiangcity_backan_backancity,52.262074
2026-05-21 04:00:00+00:00,angiang_longxuyen_bacgiang_bacgiangcity_backan_backancity,52.15488
2026-05-21 05:00:00+00:00,angiang_longxuyen_bacgiang_bacgiangcity_backan_backancity,51.248985
2026-05-21 06:00:00+00:00,angiang_longxuyen_bacgiang_bacgiangcity_backan_backancity,51.21873
2026-05-21 07:00:00+00:00,angiang_longxuyen_bacgiang_bacgiangcity_backan_backancity,51.132687
2026-05-21 08:00:00+00:00,angiang_longxuyen_bacgiang_bacgiangcity_backan_backancity,50.94963
2026-05-21 09:00:00+00:00,angiang_longxuyen_bacgiang_bacgiangcity_backan_backancity,50.819435
2026-05-21 10:00:00+00:00,angiang_longxuyen_bacgiang_bacgiangcity_backan_backancity,50.393616
2026-05-21 11:00:00+00:00,angiang_longxuyen_bacgiang_bacgiangcity_backan_backancity,50.61797
2026-05-21 12:00:00+00:00,angiang_longxuyen_bacgiang_bacgiangcity_backan_backancity,50.532738
2026-05-21 13:00:00+00:00,angiang_longxuyen_bacgiang_bacgiangcity_backan_backancity,50.460464
2026-05-21 14:00:00+00:00,angiang_longxuyen_bacgiang_bacgiangcity_backan_backancity,50.413414
2026-05-21 15:00:00+00:00,angiang_longxuyen_bacgiang_bacgiangcity_backan_backancity,50.339676
2026-05-21 16:00:00+00:00,angiang_longxuyen_bacgiang_bacgiangcity_backan_backancity,50.24802
2026-05-21 17:00:00+00:00,angiang_longxuyen_bacgiang_bacgiangcity_backan_backancity,50.180798
2026-05-21 18:00:00+00:00,angiang_longxuyen_bacgiang_bacgiangcity_backan_backancity,50.134724
2026-05-21 19:00:00+00:00,angiang_longxuyen_bacgiang_bacgiangcity_backan_backancity,50.17593
2026-05-21 20:00:00+00:00,angiang_longxuyen_bacgiang_bacgiangcity_backan_backancity,50.158688
2026-05-21 21:00:00+00:00,angiang_longxuyen_bacgiang_bacgiangcity_backan_backancity,50.483955
2026-05-21 22:00:00+00:00,angiang_longxuyen_bacgiang_bacgiangcity_backan_backancity,50.520035
2026-05-21 23:00:00+00:00,angiang_longxuyen_bacgiang_bacgiangcity_backan_backancity,51.055748
2026-05-22 00:00:00+00:00,angiang_longxuyen_bacgiang_bacgiangcity_backan_backancity,51.138496
2026-05-22 01:00:00+00:00,angiang_longxuyen_bacgiang_bacgiangcity_backan_backancity,51.663242
2026-05-22 02:00:00+00:00,angiang_longxuyen_bacgiang_bacgiangcity_backan_backancity,51.822212
2026-05-22 03:00:00+00:00,angiang_longxuyen_bacgiang_bacgiangcity_backan_backancity,51.934814
2026-05-22 04:00:00+00:00,angiang_longxuyen_bacgiang_bacgiangcity_backan_backancity,52.524456
2026-05-22 05:00:00+00:00,angiang_longxuyen_bacgiang_bacgiangcity_backan_backancity,52.532482
2026-05-22 06:00:00+00:00,angiang_longxuyen_bacgiang_bacgiangcity_backan_backancity,52.5366
2026-05-22 07:00:00+00:00,angiang_longxuyen_bacgiang_bacgiangcity_backan_backancity,52.502045
2026-05-22 08:00:00+00:00,angiang_longxuyen_bacgiang_bacgiangcity_backan_backancity,52.933
2026-05-22 09:00:00+00:00,angiang_longxuyen_bacgiang_bacgiangcity_backan_backancity,53.041454
2026-05-22 10:00:00+00:00,angiang_longxuyen_bacgiang_bacgiangcity_backan_backancity,53.79714
2026-05-22 11:00:00+00:00,angiang_longxuyen_bacgiang_bacgiangcity_backan_backancity,53.72561
2026-05-22 12:00:00+00:00,angiang_longxuyen_bacgiang_bacgiangcity_backan_backancity,53.827522
2026-05-22 13:00:00+00:00,angiang_longxuyen_bacgiang_bacgiangcity_backan_backancity,53.91183
2026-05-22 14:00:00+00:00,angiang_longxuyen_bacgiang_bacgiangcity_backan_backancity,54.441177
2026-05-22 15:00:00+00:00,angiang_longxuyen_bacgiang_bacgiangcity_backan_backancity,54.457233
2026-05-22 16:00:00+00:00,angiang_longxuyen_bacgiang_bacgiangcity_backan_backancity,54.467377
2026-05-22 17:00:00+00:00,angiang_longxuyen_bacgiang_bacgiangcity_backan_backancity,54.566902
2026-05-22 18:00:00+00:00,angiang_longxuyen_bacgiang_bacgiangcity_backan_backancity,55.09898
2026-05-22 19:00:00+00:00,angiang_longxuyen_bacgiang_bacgiangcity_backan_backancity,54.810345
2026-05-22 20:00:00+00:00,angiang_longxuyen_bacgiang_bacgiangcity_backan_backancity,55.38175
2026-05-22 21:00:00+00:00,angiang_longxuyen_bacgiang_bacgiangcity_backan_backancity,55.66562
2026-05-22 22:00:00+00:00,angiang_longxuyen_bacgiang_bacgiangcity_backan_backancity,56.33682
2026-05-22 23:00:00+00:00,angiang_longxuyen_bacgiang_bacgiangcity_backan_backancity,56.347485
2026-05-23 00:00:00+00:00,angiang_longxuyen_bacgiang_bacgiangcity_backan_backancity,57.047615
2026-05-23 01:00:00+00:00,angiang_longxuyen_bacgiang_bacgiangcity_backan_backancity,58.063164
2026-05-23 02:00:00+00:00,angiang_longxuyen_bacgiang_bacgiangcity_backan_backancity,58.36119
2026-05-23 03:00:00+00:00,angiang_longxuyen_bacgiang_bacgiangcity_backan_backancity,58.887974
2026-05-23 04:00:00+00:00,angiang_longxuyen_bacgiang_bacgiangcity_backan_backancity,59.584824
2026-05-23 05:00:00+00:00,angiang_longxuyen_bacgiang_bacgiangcity_backan_backancity,60.135456
2026-05-23 06:00:00+00:00,angiang_longxuyen_bacgiang_bacgiangcity_backan_backancity,60.11479
2026-05-23 07:00:00+00:00,angiang_longxuyen_bacgiang_bacgiangcity_backan_backancity,60.748672
2026-05-23 08:00:00+00:00,angiang_longxuyen_bacgiang_bacgiangcity_backan_backancity,61.4363
2026-05-23 09:00:00+00:00,angiang_longxuyen_bacgiang_bacgiangcity_backan_backancity,61.96898
2026-05-23 10:00:00+00:00,angiang_longxuyen_bacgiang_bacgiangcity_backan_backancity,63.14607
2026-05-23 11:00:00+00:00,angiang_longxuyen_bacgiang_bacgiangcity_backan_backancity,63.71106
2026-05-23 12:00:00+00:00,angiang_longxuyen_bacgiang_bacgiangcity_backan_backancity,64.819626
2026-05-23 13:00:00+00:00,angiang_longxuyen_bacgiang_bacgiangcity_backan_backancity,65.70213
2026-05-23 14:00:00+00:00,angiang_longxuyen_bacgiang_bacgiangcity_backan_backancity,67.060036
2026-05-23 15:00:00+00:00,angiang_longxuyen_bacgiang_bacgiangcity_backan_backancity,68.087326
2026-05-23 16:00:00+00:00,angiang_longxuyen_bacgiang_bacgiangcity_backan_backancity,68.2898
2026-05-23 17:00:00+00:00,angiang_longxuyen_bacgiang_bacgiangcity_backan_backancity,68.923454
2026-05-23 18:00:00+00:00,angiang_longxuyen_bacgiang_bacgiangcity_backan_backancity,69.778244
2026-05-23 19:00:00+00:00,angiang_longxuyen_bacgiang_bacgiangcity_backan_backancity,69.83803
2026-05-23 20:00:00+00:00,angiang_longxuyen_bacgiang_bacgiangcity_backan_backancity,70.485916
2026-05-23 21:00:00+00:00,angiang_longxuyen_bacgiang_bacgiangcity_backan_backancity,70.64987
2026-05-23 22:00:00+00:00,angiang_longxuyen_bacgiang_bacgiangcity_backan_backancity,71.415436
2026-05-23 23:00:00+00:00,angiang_longxuyen_bacgiang_bacgiangcity_backan_backancity,71.47725
2026-05-24 00:00:00+00:00,angiang_longxuyen_bacgiang_bacgiangcity_backan_backancity,71.926895
2026-05-24 01:00:00+00:00,angiang_longxuyen_bacgiang_bacgiangcity_backan_backancity,72.449905
2026-05-24 02:00:00+00:00,angiang_longxuyen_bacgiang_bacgiangcity_backan_backancity,72.12782
2026-05-24 03:00:00+00:00,angiang_longxuyen_bacgiang_bacgiangcity_backan_backancity,71.64102
2026-05-24 04:00:00+00:00,angiang_longxuyen_bacgiang_bacgiangcity_backan_backancity,71.25879
2026-05-24 05:00:00+00:00,angiang_longxuyen_bacgiang_bacgiangcity_backan_backancity,71.2257
2026-05-24 06:00:00+00:00,angiang_longxuyen_bacgiang_bacgiangcity_backan_backancity,70.85025
2026-05-24 07:00:00+00:00,angiang_longxuyen_bacgiang_bacgiangcity_backan_backancity,70.29755
2026-05-24 08:00:00+00:00,angiang_longxuyen_bacgiang_bacgiangcity_backan_backancity,70.10957
2026-05-24 09:00:00+00:00,angiang_longxuyen_bacgiang_bacgiangcity_backan_backancity,70.41525
2026-05-24 10:00:00+00:00,angiang_longxuyen_bacgiang_bacgiangcity_backan_backancity,70.48221
2026-05-24 11:00:00+00:00,angiang_longxuyen_bacgiang_bacgiangcity_backan_backancity,70.75893
2026-05-24 12:00:00+00:00,angiang_longxuyen_bacgiang_bacgiangcity_backan_backancity,69.93674
2026-05-24 13:00:00+00:00,angiang_longxuyen_bacgiang_bacgiangcity_backan_backancity,69.670204
2026-05-24 14:00:00+00:00,angiang_longxuyen_bacgiang_bacgiangcity_backan_backancity,68.92796
2026-05-24 15:00:00+00:00,angiang_longxuyen_bacgiang_bacgiangcity_backan_backancity,68.63849
2026-05-24 16:00:00+00:00,angiang_longxuyen_bacgiang_bacgiangcity_backan_backancity,68.53876
2026-05-24 17:00:00+00:00,angiang_longxuyen_bacgiang_bacgiangcity_backan_backancity,68.014694
2026-05-24 18:00:00+00:00,angiang_longxuyen_bacgiang_bacgiangcity_backan_backancity,67.9209
2026-05-24 19:00:00+00:00,angiang_longxuyen_bacgiang_bacgiangcity_backan_backancity,67.81612
2026-05-24 20:00:00+00:00,angiang_longxuyen_bacgiang_bacgiangcity_backan_backancity,67.719986
2026-05-24 21:00:00+00:00,angiang_longxuyen_bacgiang_bacgiangcity_backan_backancity,67.727066
2026-05-24 22:00:00+00:00,angiang_longxuyen_bacgiang_bacgiangcity_backan_backancity,67.72339
2026-05-24 23:00:00+00:00,angiang_longxuyen_bacgiang_bacgiangcity_backan_backancity,67.3261
2026-05-25 00:00:00+00:00,angiang_longxuyen_bacgiang_bacgiangcity_backan_backancity,67.71563
2026-05-25 01:00:00+00:00,angiang_longxuyen_bacgiang_bacgiangcity_backan_backancity,67.83002
2026-05-25 02:00:00+00:00,angiang_longxuyen_bacgiang_bacgiangcity_backan_backancity,67.130035
2026-05-25 03:00:00+00:00,angiang_longxuyen_bacgiang_bacgiangcity_backan_backancity,66.85831
2026-05-25 04:00:00+00:00,angiang_longxuyen_bacgiang_bacgiangcity_backan_backancity,65.89967
2026-05-25 05:00:00+00:00,angiang_longxuyen_bacgiang_bacgiangcity_backan_backancity,65.01265
2026-05-25 06:00:00+00:00,angiang_longxuyen_bacgiang_bacgiangcity_backan_backancity,64.104416
2026-05-25 07:00:00+00:00,angiang_longxuyen_bacgiang_bacgiangcity_backan_backancity,63.52495
2026-05-25 08:00:00+00:00,angiang_longxuyen_bacgiang_bacgiangcity_backan_backancity,62.76838
2026-05-25 09:00:00+00:00,angiang_longxuyen_bacgiang_bacgiangcity_backan_backancity,62.921207
2026-05-25 10:00:00+00:00,angiang_longxuyen_bacgiang_bacgiangcity_backan_backancity,62.95749
2026-05-25 11:00:00+00:00,angiang_longxuyen_bacgiang_bacgiangcity_backan_backancity,62.86122
2026-05-25 12:00:00+00:00,angiang_longxuyen_bacgiang_bacgiangcity_backan_backancity,62.569458
2026-05-25 13:00:00+00:00,angiang_longxuyen_bacgiang_bacgiangcity_backan_backancity,61.97092
2026-05-25 14:00:00+00:00,angiang_longxuyen_bacgiang_bacgiangcity_backan_backancity,61.81154
2026-05-25 15:00:00+00:00,angiang_longxuyen_bacgiang_bacgiangcity_backan_backancity,61.747284
2026-05-25 16:00:00+00:00,angiang_longxuyen_bacgiang_bacgiangcity_backan_backancity,62.131744
2026-05-25 17:00:00+00:00,angiang_longxuyen_bacgiang_bacgiangcity_backan_backancity,61.461205
2026-05-25 18:00:00+00:00,angiang_longxuyen_bacgiang_bacgiangcity_backan_backancity,60.62974
2026-05-25 19:00:00+00:00,angiang_longxuyen_bacgiang_bacgiangcity_backan_backancity,59.969986
2026-05-25 20:00:00+00:00,angiang_longxuyen_bacgiang_bacgiangcity_backan_backancity,58.556583
2026-05-25 21:00:00+00:00,angiang_longxuyen_bacgiang_bacgiangcity_backan_backancity,57.91931
2026-05-25 22:00:00+00:00,angiang_longxuyen_bacgiang_bacgiangcity_backan_backancity,57.227715
2026-05-25 23:00:00+00:00,angiang_longxuyen_bacgiang_bacgiangcity_backan_backancity,56.418373
2026-05-26 00:00:00+00:00,angiang_longxuyen_bacgiang_bacgiangcity_backan_backancity,55.88753
2026-05-26 01:00:00+00:00,angiang_longxuyen_bacgiang_bacgiangcity_backan_backancity,55.123905
2026-05-26 02:00:00+00:00,angiang_longxuyen_bacgiang_bacgiangcity_backan_backancity,54.552505
2026-05-26 03:00:00+00:00,angiang_longxuyen_bacgiang_bacgiangcity_backan_backancity,54.01892
2026-05-26 04:00:00+00:00,angiang_longxuyen_bacgiang_bacgiangcity_backan_backancity,53.835873
2026-05-26 05:00:00+00:00,angiang_longxuyen_bacgiang_bacgiangcity_backan_backancity,53.325794
2026-05-26 06:00:00+00:00,angiang_longxuyen_bacgiang_bacgiangcity_backan_backancity,53.139084
2026-05-26 07:00:00+00:00,angiang_longxuyen_bacgiang_bacgiangcity_backan_backancity,52.831
2026-05-26 08:00:00+00:00,angiang_longxuyen_bacgiang_bacgiangcity_backan_backancity,52.29945
2026-05-26 09:00:00+00:00,angiang_longxuyen_bacgiang_bacgiangcity_backan_backancity,52.213142
2026-05-26 10:00:00+00:00,angiang_longxuyen_bacgiang_bacgiangcity_backan_backancity,52.701557
2026-05-26 11:00:00+00:00,angiang_longxuyen_bacgiang_bacgiangcity_backan_backancity,52.227898
2026-05-26 12:00:00+00:00,angiang_longxuyen_bacgiang_bacgiangcity_backan_backancity,52.103203
2026-05-26 13:00:00+00:00,angiang_longxuyen_bacgiang_bacgiangcity_backan_backancity,52.085365
2026-05-26 14:00:00+00:00,angiang_longxuyen_bacgiang_bacgiangcity_backan_backancity,51.568504
2026-05-26 15:00:00+00:00,angiang_longxuyen_bacgiang_bacgiangcity_backan_backancity,51.91051
2026-05-26 16:00:00+00:00,angiang_longxuyen_bacgiang_bacgiangcity_backan_backancity,51.8532
2026-05-26 17:00:00+00:00,angiang_longxuyen_bacgiang_bacgiangcity_backan_backancity,51.743835
2026-05-26 18:00:00+00:00,angiang_longxuyen_bacgiang_bacgiangcity_backan_backancity,52.06607
2026-05-26 19:00:00+00:00,angiang_longxuyen_bacgiang_bacgiangcity_backan_backancity,52.04267
2026-05-26 20:00:00+00:00,angiang_longxuyen_bacgiang_bacgiangcity_backan_backancity,52.02715
2026-05-26 21:00:00+00:00,angiang_longxuyen_bacgiang_bacgiangcity_backan_backancity,52.068195
2026-05-26 22:00:00+00:00,angiang_longxuyen_bacgiang_bacgiangcity_backan_backancity,52.189972
2026-05-26 23:00:00+00:00,angiang_longxuyen_bacgiang_bacgiangcity_backan_backancity,51.949066
2026-05-27 00:00:00+00:00,angiang_longxuyen_bacgiang_bacgiangcity_backan_backancity,51.817696
2026-05-27 01:00:00+00:00,angiang_longxuyen_bacgiang_bacgiangcity_backan_backancity,52.076424
2026-05-27 02:00:00+00:00,angiang_longxuyen_bacgiang_bacgiangcity_backan_backancity,52.016766
2026-05-27 03:00:00+00:00,angiang_longxuyen_bacgiang_bacgiangcity_backan_backancity,51.932873
2026-05-27 04:00:00+00:00,angiang_longxuyen_bacgiang_bacgiangcity_backan_backancity,52.03002
2026-05-27 05:00:00+00:00,angiang_longxuyen_bacgiang_bacgiangcity_backan_backancity,52.15296
2026-05-27 06:00:00+00:00,angiang_longxuyen_bacgiang_bacgiangcity_backan_backancity,51.327
2026-05-27 07:00:00+00:00,angiang_longxuyen_bacgiang_bacgiangcity_backan_backancity,51.27627
2026-05-27 08:00:00+00:00,angiang_longxuyen_bacgiang_bacgiangcity_backan_backancity,51.245434
2026-05-27 09:00:00+00:00,angiang_longxuyen_bacgiang_bacgiangcity_backan_backancity,51.512253
2026-05-27 10:00:00+00:00,angiang_longxuyen_bacgiang_bacgiangcity_backan_backancity,51.934288
2026-05-27 11:00:00+00:00,angiang_longxuyen_bacgiang_bacgiangcity_backan_backancity,52.172375
2026-05-27 12:00:00+00:00,angiang_longxuyen_bacgiang_bacgiangcity_backan_backancity,52.89033
2026-05-27 13:00:00+00:00,angiang_longxuyen_bacgiang_bacgiangcity_backan_backancity,54.044334
2026-05-27 14:00:00+00:00,angiang_longxuyen_bacgiang_bacgiangcity_backan_backancity,54.71882
2026-05-27 15:00:00+00:00,angiang_longxuyen_bacgiang_bacgiangcity_backan_backancity,55.426746
2026-05-27 16:00:00+00:00,angiang_longxuyen_bacgiang_bacgiangcity_backan_backancity,55.42011
2026-05-27 17:00:00+00:00,angiang_longxuyen_bacgiang_bacgiangcity_backan_backancity,56.003014
2026-05-27 18:00:00+00:00,angiang_longxuyen_bacgiang_bacgiangcity_backan_backancity,56.485863
2026-05-27 19:00:00+00:00,angiang_longxuyen_bacgiang_bacgiangcity_backan_backancity,56.503006
2026-05-27 20:00:00+00:00,angiang_longxuyen_bacgiang_bacgiangcity_backan_backancity,56.886894
2026-05-27 21:00:00+00:00,angiang_longxuyen_bacgiang_bacgiangcity_backan_backancity,56.95877
2026-05-27 22:00:00+00:00,angiang_longxuyen_bacgiang_bacgiangcity_backan_backancity,57.03948
2026-05-27 23:00:00+00:00,angiang_longxuyen_bacgiang_bacgiangcity_backan_backancity,58.380512
2026-05-28 00:00:00+00:00,angiang_longxuyen_bacgiang_bacgiangcity_backan_backancity,60.194687
2026-05-28 01:00:00+00:00,angiang_longxuyen_bacgiang_bacgiangcity_backan_backancity,61.878326
2026-05-28 02:00:00+00:00,angiang_longxuyen_bacgiang_bacgiangcity_backan_backancity,63.36087
2026-05-28 03:00:00+00:00,angiang_longxuyen_bacgiang_bacgiangcity_backan_backancity,64.29924
2026-05-28 04:00:00+00:00,angiang_longxuyen_bacgiang_bacgiangcity_backan_backancity,65.29239
2026-05-28 05:00:00+00:00,angiang_longxuyen_bacgiang_bacgiangcity_backan_backancity,66.173775
2026-05-28 06:00:00+00:00,angiang_longxuyen_bacgiang_bacgiangcity_backan_backancity,67.316986
2026-05-28 07:00:00+00:00,angiang_longxuyen_bacgiang_bacgiangcity_backan_backancity,68.08155
2026-05-28 08:00:00+00:00,angiang_longxuyen_bacgiang_bacgiangcity_backan_backancity,68.99137
2026-05-28 09:00:00+00:00,angiang_longxuyen_bacgiang_bacgiangcity_backan_backancity,71.387955
2026-05-28 10:00:00+00:00,angiang_longxuyen_bacgiang_bacgiangcity_backan_backancity,73.70567
2026-05-28 11:00:00+00:00,angiang_longxuyen_bacgiang_bacgiangcity_backan_backancity,73.632965
2026-05-28 12:00:00+00:00,angiang_longxuyen_bacgiang_bacgiangcity_backan_backancity,73.84968
2026-05-28 13:00:00+00:00,angiang_longxuyen_bacgiang_bacgiangcity_backan_backancity,74.7382
2026-05-28 14:00:00+00:00,angiang_longxuyen_bacgiang_bacgiangcity_backan_backancity,75.15576
2026-05-28 15:00:00+00:00,angiang_longxuyen_bacgiang_bacgiangcity_backan_backancity,75.41524
2026-05-28 16:00:00+00:00,angiang_longxuyen_bacgiang_bacgiangcity_backan_backancity,75.00424
2026-05-28 17:00:00+00:00,angiang_longxuyen_bacgiang_bacgiangcity_backan_backancity,75.13002
2026-05-28 18:00:00+00:00,angiang_longxuyen_bacgiang_bacgiangcity_backan_backancity,74.832016
2026-05-28 19:00:00+00:00,angiang_longxuyen_bacgiang_bacgiangcity_backan_backancity,74.65036
2026-05-28 20:00:00+00:00,angiang_longxuyen_bacgiang_bacgiangcity_backan_backancity,74.52988
2026-05-28 21:00:00+00:00,angiang_longxuyen_bacgiang_bacgiangcity_backan_backancity,75.2171
2026-05-28 22:00:00+00:00,angiang_longxuyen_bacgiang_bacgiangcity_backan_backancity,75.787
2026-05-28 23:00:00+00:00,angiang_longxuyen_bacgiang_bacgiangcity_backan_backancity,76.07723
2026-05-29 00:00:00+00:00,angiang_longxuyen_bacgiang_bacgiangcity_backan_backancity,76.6801
2026-05-29 01:00:00+00:00,angiang_longxuyen_bacgiang_bacgiangcity_backan_backancity,77.50906
2026-05-29 02:00:00+00:00,angiang_longxuyen_bacgiang_bacgiangcity_backan_backancity,77.731186
2026-05-29 03:00:00+00:00,angiang_longxuyen_bacgiang_bacgiangcity_backan_backancity,76.725784
2026-05-29 04:00:00+00:00,angiang_longxuyen_bacgiang_bacgiangcity_backan_backancity,76.06109
2026-05-29 05:00:00+00:00,angiang_longxuyen_bacgiang_bacgiangcity_backan_backancity,75.2668
2026-05-29 06:00:00+00:00,angiang_longxuyen_bacgiang_bacgiangcity_backan_backancity,74.07283
2026-05-29 07:00:00+00:00,angiang_longxuyen_bacgiang_bacgiangcity_backan_backancity,73.89612
2026-05-29 08:00:00+00:00,angiang_longxuyen_bacgiang_bacgiangcity_backan_backancity,73.24472
2026-05-29 09:00:00+00:00,angiang_longxuyen_bacgiang_bacgiangcity_backan_backancity,72.51817
2026-05-29 10:00:00+00:00,angiang_longxuyen_bacgiang_bacgiangcity_backan_backancity,72.12944
2026-05-29 11:00:00+00:00,angiang_longxuyen_bacgiang_bacgiangcity_backan_backancity,71.38107
2026-05-29 12:00:00+00:00,angiang_longxuyen_bacgiang_bacgiangcity_backan_backancity,71.548355
2026-05-29 13:00:00+00:00,angiang_longxuyen_bacgiang_bacgiangcity_backan_backancity,72.12196
2026-05-29 14:00:00+00:00,angiang_longxuyen_bacgiang_bacgiangcity_backan_backancity,72.79116
2026-05-29 15:00:00+00:00,angiang_longxuyen_bacgiang_bacgiangcity_backan_backancity,72.78189
2026-05-29 16:00:00+00:00,angiang_longxuyen_bacgiang_bacgiangcity_backan_backancity,72.74806
2026-05-29 17:00:00+00:00,angiang_longxuyen_bacgiang_bacgiangcity_backan_backancity,73.28695
2026-05-29 18:00:00+00:00,angiang_longxuyen_bacgiang_bacgiangcity_backan_backancity,73.72349
2026-05-29 19:00:00+00:00,angiang_longxuyen_bacgiang_bacgiangcity_backan_backancity,74.58817
2026-05-29 20:00:00+00:00,angiang_longxuyen_bacgiang_bacgiangcity_backan_backancity,75.36722
2026-05-29 21:00:00+00:00,angiang_longxuyen_bacgiang_bacgiangcity_backan_backancity,76.44313
2026-05-29 22:00:00+00:00,angiang_longxuyen_bacgiang_bacgiangcity_backan_backancity,77.21533
2026-05-29 23:00:00+00:00,angiang_longxuyen_bacgiang_bacgiangcity_backan_backancity,77.79603
2026-05-30 00:00:00+00:00,angiang_longxuyen_bacgiang_bacgiangcity_backan_backancity,78.900566
2026-05-30 01:00:00+00:00,angiang_longxuyen_bacgiang_bacgiangcity_backan_backancity,79.58014
2026-05-30 02:00:00+00:00,angiang_longxuyen_bacgiang_bacgiangcity_backan_backancity,79.51813
2026-05-30 03:00:00+00:00,angiang_longxuyen_bacgiang_bacgiangcity_backan_backancity,80.39229
2026-05-30 04:00:00+00:00,angiang_longxuyen_bacgiang_bacgiangcity_backan_backancity,80.275116
2026-05-30 05:00:00+00:00,angiang_longxuyen_bacgiang_bacgiangcity_backan_backancity,80.82115
2026-05-30 06:00:00+00:00,angiang_longxuyen_bacgiang_bacgiangcity_backan_backancity,80.45207
2026-05-30 07:00:00+00:00,angiang_longxuyen_bacgiang_bacgiangcity_backan_backancity,80.18896
2026-05-30 08:00:00+00:00,angiang_longxuyen_bacgiang_bacgiangcity_backan_backancity,80.646805
2026-05-30 09:00:00+00:00,angiang_longxuyen_bacgiang_bacgiangcity_backan_backancity,80.271614
2026-05-30 10:00:00+00:00,angiang_longxuyen_bacgiang_bacgiangcity_backan_backancity,80.34951
2026-05-30 11:00:00+00:00,angiang_longxuyen_bacgiang_bacgiangcity_backan_backancity,80.44003
2026-05-30 12:00:00+00:00,angiang_longxuyen_bacgiang_bacgiangcity_backan_backancity,79.7092
2026-05-30 13:00:00+00:00,angiang_longxuyen_bacgiang_bacgiangcity_backan_backancity,79.55774
2026-05-30 14:00:00+00:00,angiang_longxuyen_bacgiang_bacgiangcity_backan_backancity,78.81862
2026-05-30 15:00:00+00:00,angiang_longxuyen_bacgiang_bacgiangcity_backan_backancity,77.26188
2026-05-30 16:00:00+00:00,angiang_longxuyen_bacgiang_bacgiangcity_backan_backancity,76.286255
2026-05-30 17:00:00+00:00,angiang_longxuyen_bacgiang_bacgiangcity_backan_backancity,74.955894
2026-05-30 18:00:00+00:00,angiang_longxuyen_bacgiang_bacgiangcity_backan_backancity,73.89368
2026-05-30 19:00:00+00:00,angiang_longxuyen_bacgiang_bacgiangcity_backan_backancity,72.897125
2026-05-30 20:00:00+00:00,angiang_longxuyen_bacgiang_bacgiangcity_backan_backancity,71.35456
2026-05-30 21:00:00+00:00,angiang_longxuyen_bacgiang_bacgiangcity_backan_backancity,69.96263
2026-05-30 22:00:00+00:00,angiang_longxuyen_bacgiang_bacgiangcity_backan_backancity,68.87677
2026-05-30 23:00:00+00:00,angiang_longxuyen_bacgiang_bacgiangcity_backan_backancity,67.25998
2026-05-31 00:00:00+00:00,angiang_longxuyen_bacgiang_bacgiangcity_backan_backancity,66.49688
2026-05-31 01:00:00+00:00,angiang_longxuyen_bacgiang_bacgiangcity_backan_backancity,65.62255
2026-05-31 02:00:00+00:00,angiang_longxuyen_bacgiang_bacgiangcity_backan_backancity,64.83904
2026-05-31 03:00:00+00:00,angiang_longxuyen_bacgiang_bacgiangcity_backan_backancity,63.94175
2026-05-31 04:00:00+00:00,angiang_longxuyen_bacgiang_bacgiangcity_backan_backancity,63.23413
2026-05-31 05:00:00+00:00,angiang_longxuyen_bacgiang_bacgiangcity_backan_backancity,62.435986
2026-05-31 06:00:00+00:00,angiang_longxuyen_bacgiang_bacgiangcity_backan_backancity,61.45524
2026-05-31 07:00:00+00:00,angiang_longxuyen_bacgiang_bacgiangcity_backan_backancity,61.072666
2026-05-31 08:00:00+00:00,angiang_longxuyen_bacgiang_bacgiangcity_backan_backancity,60.83629
2026-05-31 09:00:00+00:00,angiang_longxuyen_bacgiang_bacgiangcity_backan_backancity,60.342846
2026-05-31 10:00:00+00:00,angiang_longxuyen_bacgiang_bacgiangcity_backan_backancity,60.42416
2026-05-31 11:00:00+00:00,angiang_longxuyen_bacgiang_bacgiangcity_backan_backancity,60.27079
2026-05-31 12:00:00+00:00,angiang_longxuyen_bacgiang_bacgiangcity_backan_backancity,59.822525
2026-05-31 13:00:00+00:00,angiang_longxuyen_bacgiang_bacgiangcity_backan_backancity,59.561172
2026-05-31 14:00:00+00:00,angiang_longxuyen_bacgiang_bacgiangcity_backan_backancity,59.478504
2026-05-31 15:00:00+00:00,angiang_longxuyen_bacgiang_bacgiangcity_backan_backancity,59.6121
2026-05-31 16:00:00+00:00,angiang_longxuyen_bacgiang_bacgiangcity_backan_backancity,60.049015
2026-05-31 17:00:00+00:00,angiang_longxuyen_bacgiang_bacgiangcity_backan_backancity,60.079678
2026-05-31 18:00:00+00:00,angiang_longxuyen_bacgiang_bacgiangcity_backan_backancity,60.074074
2026-05-31 19:00:00+00:00,angiang_longxuyen_bacgiang_bacgiangcity_backan_backancity,59.95656
2026-05-31 20:00:00+00:00,angiang_longxuyen_bacgiang_bacgiangcity_backan_backancity,60.318302
2026-05-31 21:00:00+00:00,angiang_longxuyen_bacgiang_bacgiangcity_backan_backancity,59.8589
2026-05-31 22:00:00+00:00,angiang_longxuyen_bacgiang_bacgiangcity_backan_backancity,59.88762
2026-05-31 23:00:00+00:00,angiang_longxuyen_bacgiang_bacgiangcity_backan_backancity,59.714775
2026-06-01 00:00:00+00:00,angiang_longxuyen_bacgiang_bacgiangcity_backan_backancity,59.208652
2026-06-01 01:00:00+00:00,angiang_longxuyen_bacgiang_bacgiangcity_backan_backancity,59.33747
2026-06-01 02:00:00+00:00,angiang_longxuyen_bacgiang_bacgiangcity_backan_backancity,59.481667
2026-06-01 03:00:00+00:00,angiang_longxuyen_bacgiang_bacgiangcity_backan_backancity,58.538944
2026-06-01 04:00:00+00:00,angiang_longxuyen_bacgiang_bacgiangcity_backan_backancity,58.960655
2026-06-01 05:00:00+00:00,angiang_longxuyen_bacgiang_bacgiangcity_backan_backancity,58.935127
2026-06-01 06:00:00+00:00,angiang_longxuyen_bacgiang_bacgiangcity_backan_backancity,58.80224
2026-06-01 07:00:00+00:00,angiang_longxuyen_bacgiang_bacgiangcity_backan_backancity,58.637383
2026-06-01 08:00:00+00:00,angiang_longxuyen_bacgiang_bacgiangcity_backan_backancity,58.70739
2026-06-01 09:00:00+00:00,angiang_longxuyen_bacgiang_bacgiangcity_backan_backancity,59.12149
2026-06-01 10:00:00+00:00,angiang_longxuyen_bacgiang_bacgiangcity_backan_backancity,59.16358
2026-06-01 11:00:00+00:00,angiang_longxuyen_bacgiang_bacgiangcity_backan_backancity,59.43693
2026-06-01 12:00:00+00:00,angiang_longxuyen_bacgiang_bacgiangcity_backan_backancity,59.418022
2026-06-01 13:00:00+00:00,angiang_longxuyen_bacgiang_bacgiangcity_backan_backancity,59.822823
2026-06-01 14:00:00+00:00,angiang_longxuyen_bacgiang_bacgiangcity_backan_backancity,59.770283
2026-06-01 15:00:00+00:00,angiang_longxuyen_bacgiang_bacgiangcity_backan_backancity,59.666813
2026-06-01 16:00:00+00:00,angiang_longxuyen_bacgiang_bacgiangcity_backan_backancity,59.405342
2026-06-01 17:00:00+00:00,angiang_longxuyen_bacgiang_bacgiangcity_backan_backancity,59.254562
2026-06-01 18:00:00+00:00,angiang_longxuyen_bacgiang_bacgiangcity_backan_backancity,58.62536
2026-06-01 19:00:00+00:00,angiang_longxuyen_bacgiang_bacgiangcity_backan_backancity,58.487453
2026-06-01 20:00:00+00:00,angiang_longxuyen_bacgiang_bacgiangcity_backan_backancity,57.850445
2026-06-01 21:00:00+00:00,angiang_longxuyen_bacgiang_bacgiangcity_backan_backancity,57.140285
2026-06-01 22:00:00+00:00,angiang_longxuyen_bacgiang_bacgiangcity_backan_backancity,56.574604
2026-06-01 23:00:00+00:00,angiang_longxuyen_bacgiang_bacgiangcity_backan_backancity,56.009388
2026-06-02 00:00:00+00:00,angiang_longxuyen_bacgiang_bacgiangcity_backan_backancity,55.881897
2026-06-02 01:00:00+00:00,angiang_longxuyen_bacgiang_bacgiangcity_backan_backancity,55.20493
2026-06-02 02:00:00+00:00,angiang_longxuyen_bacgiang_bacgiangcity_backan_backancity,55.081005
2026-06-02 03:00:00+00:00,angiang_longxuyen_bacgiang_bacgiangcity_backan_backancity,54.570675
2026-06-02 04:00:00+00:00,angiang_longxuyen_bacgiang_bacgiangcity_backan_backancity,54.48468
2026-06-02 05:00:00+00:00,angiang_longxuyen_bacgiang_bacgiangcity_backan_backancity,53.848167
2026-06-02 06:00:00+00:00,angiang_longxuyen_bacgiang_bacgiangcity_backan_backancity,53.22771
2026-06-02 07:00:00+00:00,angiang_longxuyen_bacgiang_bacgiangcity_backan_backancity,52.63212
2026-06-02 08:00:00+00:00,angiang_longxuyen_bacgiang_bacgiangcity_backan_backancity,52.44074
2026-06-02 09:00:00+00:00,angiang_longxuyen_bacgiang_bacgiangcity_backan_backancity,51.833416
2026-06-02 10:00:00+00:00,angiang_longxuyen_bacgiang_bacgiangcity_backan_backancity,51.414173
2026-06-02 11:00:00+00:00,angiang_longxuyen_bacgiang_bacgiangcity_backan_backancity,50.9406
2026-06-02 12:00:00+00:00,angiang_longxuyen_bacgiang_bacgiangcity_backan_backancity,49.98544
2026-06-02 13:00:00+00:00,angiang_longxuyen_bacgiang_bacgiangcity_backan_backancity,49.423904
2026-06-02 14:00:00+00:00,angiang_longxuyen_bacgiang_bacgiangcity_backan_backancity,48.50344
2026-06-02 15:00:00+00:00,angiang_longxuyen_bacgiang_bacgiangcity_backan_backancity,47.85771
2026-06-02 16:00:00+00:00,angiang_longxuyen_bacgiang_bacgiangcity_backan_backancity,47.245033
2026-06-02 17:00:00+00:00,angiang_longxuyen_bacgiang_bacgiangcity_backan_backancity,46.696587
2026-06-02 18:00:00+00:00,angiang_longxuyen_bacgiang_bacgiangcity_backan_backancity,46.157486
2026-06-02 19:00:00+00:00,angiang_longxuyen_bacgiang_bacgiangcity_backan_backancity,45.944016
2026-06-02 20:00:00+00:00,angiang_longxuyen_bacgiang_bacgiangcity_backan_backancity,45.445145
2026-06-02 21:00:00+00:00,angiang_longxuyen_bacgiang_bacgiangcity_backan_backancity,45.21192
2026-06-02 22:00:00+00:00,angiang_longxuyen_bacgiang_bacgiangcity_backan_backancity,45.081444
2026-06-02 23:00:00+00:00,angiang_longxuyen_bacgiang_bacgiangcity_backan_backancity,44.83412
2026-06-03 00:00:00+00:00,angiang_longxuyen_bacgiang_bacgiangcity_backan_backancity,44.755783
2026-06-03 01:00:00+00:00,angiang_longxuyen_bacgiang_bacgiangcity_backan_backancity,44.389008
2026-06-03 02:00:00+00:00,angiang_longxuyen_bacgiang_bacgiangcity_backan_backancity,44.307396
2026-06-03 03:00:00+00:00,angiang_longxuyen_bacgiang_bacgiangcity_backan_backancity,43.916862
2026-06-03 04:00:00+00:00,angiang_longxuyen_bacgiang_bacgiangcity_backan_backancity,43.60894
2026-06-03 05:00:00+00:00,angiang_longxuyen_bacgiang_bacgiangcity_backan_backancity,43.10247
2026-06-03 06:00:00+00:00,angiang_longxuyen_bacgiang_bacgiangcity_backan_backancity,43.055145
2026-06-03 07:00:00+00:00,angiang_longxuyen_bacgiang_bacgiangcity_backan_backancity,42.64702
2026-06-03 08:00:00+00:00,angiang_longxuyen_bacgiang_bacgiangcity_backan_backancity,42.218025
2026-06-03 09:00:00+00:00,angiang_longxuyen_bacgiang_bacgiangcity_backan_backancity,41.850845
2026-06-03 10:00:00+00:00,angiang_longxuyen_bacgiang_bacgiangcity_backan_backancity,41.788704
2026-06-03 11:00:00+00:00,angiang_longxuyen_bacgiang_bacgiangcity_backan_backancity,41.523125
2026-06-03 12:00:00+00:00,angiang_longxuyen_bacgiang_bacgiangcity_backan_backancity,41.30436
2026-06-03 13:00:00+00:00,angiang_longxuyen_bacgiang_bacgiangcity_backan_backancity,41.265358
2026-06-03 14:00:00+00:00,angiang_longxuyen_bacgiang_bacgiangcity_backan_backancity,40.933563
2026-06-03 15:00:00+00:00,angiang_longxuyen_bacgiang_bacgiangcity_backan_backancity,40.80871
2026-06-03 16:00:00+00:00,angiang_longxuyen_bacgiang_bacgiangcity_backan_backancity,40.699875
2026-06-03 17:00:00+00:00,angiang_longxuyen_bacgiang_bacgiangcity_backan_backancity,40.25409
2026-06-03 18:00:00+00:00,angiang_longxuyen_bacgiang_bacgiangcity_backan_backancity,40.45346
2026-06-03 19:00:00+00:00,angiang_longxuyen_bacgiang_bacgiangcity_backan_backancity,40.37362
2026-06-03 20:00:00+00:00,angiang_longxuyen_bacgiang_bacgiangcity_backan_backancity,40.299843
2026-06-03 21:00:00+00:00,angiang_longxuyen_bacgiang_bacgiangcity_backan_backancity,40.500603
2026-06-03 22:00:00+00:00,angiang_longxuyen_bacgiang_bacgiangcity_backan_backancity,40.64538
2026-06-03 23:00:00+00:00,angiang_longxuyen_bacgiang_bacgiangcity_backan_backancity,40.906303
2026-06-04 00:00:00+00:00,angiang_longxuyen_bacgiang_bacgiangcity_backan_backancity,41.490784
2026-06-04 01:00:00+00:00,angiang_longxuyen_bacgiang_bacgiangcity_backan_backancity,42.078827
2026-06-04 02:00:00+00:00,angiang_longxuyen_bacgiang_bacgiangcity_backan_backancity,42.262375
2026-06-04 03:00:00+00:00,angiang_longxuyen_bacgiang_bacgiangcity_backan_backancity,42.607597
2026-06-04 04:00:00+00:00,angiang_longxuyen_bacgiang_bacgiangcity_backan_backancity,43.036034
2026-06-04 05:00:00+00:00,angiang_longxuyen_bacgiang_bacgiangcity_backan_backancity,43.509796
2026-06-04 06:00:00+00:00,angiang_longxuyen_bacgiang_bacgiangcity_backan_backancity,43.397224
2026-06-04 07:00:00+00:00,angiang_longxuyen_bacgiang_bacgiangcity_backan_backancity,43.83718
2026-06-04 08:00:00+00:00,angiang_longxuyen_bacgiang_bacgiangcity_backan_backancity,44.087097
2026-06-04 09:00:00+00:00,angiang_longxuyen_bacgiang_bacgiangcity_backan_backancity,44.872063
2026-06-04 10:00:00+00:00,angiang_longxuyen_bacgiang_bacgiangcity_backan_backancity,45.759033
2026-06-04 11:00:00+00:00,angiang_longxuyen_bacgiang_bacgiangcity_backan_backancity,46.4759
2026-06-04 12:00:00+00:00,angiang_longxuyen_bacgiang_bacgiangcity_backan_backancity,47.393387
2026-06-04 13:00:00+00:00,angiang_longxuyen_bacgiang_bacgiangcity_backan_backancity,49.143463
2026-06-04 14:00:00+00:00,angiang_longxuyen_bacgiang_bacgiangcity_backan_backancity,51.166378
2026-06-04 15:00:00+00:00,angiang_longxuyen_bacgiang_bacgiangcity_backan_backancity,52.437195
2026-06-04 16:00:00+00:00,angiang_longxuyen_bacgiang_bacgiangcity_backan_backancity,53.994328
2026-06-04 17:00:00+00:00,angiang_longxuyen_bacgiang_bacgiangcity_backan_backancity,55.33911
2026-06-04 18:00:00+00:00,angiang_longxuyen_bacgiang_bacgiangcity_backan_backancity,56.027855
2026-06-04 19:00:00+00:00,angiang_longxuyen_bacgiang_bacgiangcity_backan_backancity,56.95656
2026-06-04 20:00:00+00:00,angiang_longxuyen_bacgiang_bacgiangcity_backan_backancity,57.739872
2026-06-04 21:00:00+00:00,angiang_longxuyen_bacgiang_bacgiangcity_backan_backancity,59.247055
2026-06-04 22:00:00+00:00,angiang_longxuyen_bacgiang_bacgiangcity_backan_backancity,60.87246
2026-06-04 23:00:00+00:00,angiang_longxuyen_bacgiang_bacgiangcity_backan_backancity,61.181343
2026-06-05 00:00:00+00:00,angiang_longxuyen_bacgiang_bacgiangcity_backan_backancity,62.50246
2026-06-05 01:00:00+00:00,angiang_longxuyen_bacgiang_bacgiangcity_backan_backancity,64.1183
2026-06-05 02:00:00+00:00,angiang_longxuyen_bacgiang_bacgiangcity_backan_backancity,64.82776
2026-06-05 03:00:00+00:00,angiang_longxuyen_bacgiang_bacgiangcity_backan_backancity,65.16173
2026-06-05 04:00:00+00:00,angiang_longxuyen_bacgiang_bacgiangcity_backan_backancity,65.75709
2026-06-05 05:00:00+00:00,angiang_longxuyen_bacgiang_bacgiangcity_backan_backancity,66.774216
2026-06-05 06:00:00+00:00,angiang_longxuyen_bacgiang_bacgiangcity_backan_backancity,67.30988
2026-06-05 07:00:00+00:00,angiang_longxuyen_bacgiang_bacgiangcity_backan_backancity,68.10782
2026-06-05 08:00:00+00:00,angiang_longxuyen_bacgiang_bacgiangcity_backan_backancity,69.68807
2026-06-05 09:00:00+00:00,angiang_longxuyen_bacgiang_bacgiangcity_backan_backancity,71.60878
2026-06-05 10:00:00+00:00,angiang_longxuyen_bacgiang_bacgiangcity_backan_backancity,73.32558
2026-06-05 11:00:00+00:00,angiang_longxuyen_bacgiang_bacgiangcity_backan_backancity,75.45627
2026-06-05 12:00:00+00:00,angiang_longxuyen_bacgiang_bacgiangcity_backan_backancity,77.491455
2026-06-05 13:00:00+00:00,angiang_longxuyen_bacgiang_bacgiangcity_backan_backancity,79.52396
2026-06-05 14:00:00+00:00,angiang_longxuyen_bacgiang_bacgiangcity_backan_backancity,81.42151
2026-06-05 15:00:00+00:00,angiang_longxuyen_bacgiang_bacgiangcity_backan_backancity,83.61906
2026-06-05 16:00:00+00:00,angiang_longxuyen_bacgiang_bacgiangcity_backan_backancity,85.06846
2026-06-05 17:00:00+00:00,angiang_longxuyen_bacgiang_bacgiangcity_backan_backancity,86.494995
2026-06-05 18:00:00+00:00,angiang_longxuyen_bacgiang_bacgiangcity_backan_backancity,88.123085
2026-06-05 19:00:00+00:00,angiang_longxuyen_bacgiang_bacgiangcity_backan_backancity,89.91513
2026-06-05 20:00:00+00:00,angiang_longxuyen_bacgiang_bacgiangcity_backan_backancity,91.66499
2026-06-05 21:00:00+00:00,angiang_longxuyen_bacgiang_bacgiangcity_backan_backancity,93.415375
2026-06-05 22:00:00+00:00,angiang_longxuyen_bacgiang_bacgiangcity_backan_backancity,94.85297
2026-06-05 23:00:00+00:00,angiang_longxuyen_bacgiang_bacgiangcity_backan_backancity,96.19055
2026-06-06 00:00:00+00:00,angiang_longxuyen_bacgiang_bacgiangcity_backan_backancity,98.631256
2026-06-06 01:00:00+00:00,angiang_longxuyen_bacgiang_bacgiangcity_backan_backancity,100.981544
2026-06-06 02:00:00+00:00,angiang_longxuyen_bacgiang_bacgiangcity_backan_backancity,102.762474
2026-06-06 03:00:00+00:00,angiang_longxuyen_bacgiang_bacgiangcity_backan_backancity,104.65842
2026-06-06 04:00:00+00:00,angiang_longxuyen_bacgiang_bacgiangcity_backan_backancity,106.18525
2026-06-06 05:00:00+00:00,angiang_longxuyen_bacgiang_bacgiangcity_backan_backancity,107.30071
2026-06-06 06:00:00+00:00,angiang_longxuyen_bacgiang_bacgiangcity_backan_backancity,107.852036
2026-06-06 07:00:00+00:00,angiang_longxuyen_bacgiang_bacgiangcity_backan_backancity,107.10103
2026-06-06 08:00:00+00:00,angiang_longxuyen_bacgiang_bacgiangcity_backan_backancity,106.35071
2026-06-06 09:00:00+00:00,angiang_longxuyen_bacgiang_bacgiangcity_backan_backancity,105.67848
2026-06-06 10:00:00+00:00,angiang_longxuyen_bacgiang_bacgiangcity_backan_backancity,105.00231
2026-06-06 11:00:00+00:00,angiang_longxuyen_bacgiang_bacgiangcity_backan_backancity,104.04596
2026-06-06 12:00:00+00:00,angiang_longxuyen_bacgiang_bacgiangcity_backan_backancity,103.44943
2026-06-06 13:00:00+00:00,angiang_longxuyen_bacgiang_bacgiangcity_backan_backancity,101.62605
2026-06-06 14:00:00+00:00,angiang_longxuyen_bacgiang_bacgiangcity_backan_backancity,99.761505
2026-06-06 15:00:00+00:00,angiang_longxuyen_bacgiang_bacgiangcity_backan_backancity,97.174706
2026-06-06 16:00:00+00:00,angiang_longxuyen_bacgiang_bacgiangcity_backan_backancity,95.13377
2026-06-06 17:00:00+00:00,angiang_longxuyen_bacgiang_bacgiangcity_backan_backancity,93.5565
2026-06-06 18:00:00+00:00,angiang_longxuyen_bacgiang_bacgiangcity_backan_backancity,91.528755
2026-06-06 19:00:00+00:00,angiang_longxuyen_bacgiang_bacgiangcity_backan_backancity,90.10313
2026-06-06 20:00:00+00:00,angiang_longxuyen_bacgiang_bacgiangcity_backan_backancity,87.44142
2026-06-06 21:00:00+00:00,angiang_longxuyen_bacgiang_bacgiangcity_backan_backancity,85.19466
2026-06-06 22:00:00+00:00,angiang_longxuyen_bacgiang_bacgiangcity_backan_backancity,83.914444
2026-06-06 23:00:00+00:00,angiang_longxuyen_bacgiang_bacgiangcity_backan_backancity,81.94795
2026-06-07 00:00:00+00:00,angiang_longxuyen_bacgiang_bacgiangcity_backan_backancity,79.90346
2026-06-07 01:00:00+00:00,angiang_longxuyen_bacgiang_bacgiangcity_backan_backancity,77.7703
2026-06-07 02:00:00+00:00,angiang_longxuyen_bacgiang_bacgiangcity_backan_backancity,75.35133
2026-06-07 03:00:00+00:00,angiang_longxuyen_bacgiang_bacgiangcity_backan_backancity,73.34048
2026-06-07 04:00:00+00:00,angiang_longxuyen_bacgiang_bacgiangcity_backan_backancity,72.27821
2026-06-07 05:00:00+00:00,angiang_longxuyen_bacgiang_bacgiangcity_backan_backancity,71.555
2026-06-07 06:00:00+00:00,angiang_longxuyen_bacgiang_bacgiangcity_backan_backancity,69.786316
2026-06-07 07:00:00+00:00,angiang_longxuyen_bacgiang_bacgiangcity_backan_backancity,68.5822
2026-06-07 08:00:00+00:00,angiang_longxuyen_bacgiang_bacgiangcity_backan_backancity,67.44116
2026-06-07 09:00:00+00:00,angiang_longxuyen_bacgiang_bacgiangcity_backan_backancity,67.35452
2026-06-07 10:00:00+00:00,angiang_longxuyen_bacgiang_bacgiangcity_backan_backancity,67.182175
2026-06-07 11:00:00+00:00,angiang_longxuyen_bacgiang_bacgiangcity_backan_backancity,67.315384
2026-06-07 12:00:00+00:00,angiang_longxuyen_bacgiang_bacgiangcity_backan_backancity,66.74095
2026-06-07 13:00:00+00:00,angiang_longxuyen_bacgiang_bacgiangcity_backan_backancity,65.39111
2026-06-07 14:00:00+00:00,angiang_longxuyen_bacgiang_bacgiangcity_backan_backancity,65.48047
2026-06-07 15:00:00+00:00,angiang_longxuyen_bacgiang_bacgiangcity_backan_backancity,64.34868
2026-06-07 16:00:00+00:00,angiang_longxuyen_bacgiang_bacgiangcity_backan_backancity,62.93338
2026-06-07 17:00:00+00:00,angiang_longxuyen_bacgiang_bacgiangcity_backan_backancity,61.713726
2026-06-07 18:00:00+00:00,angiang_longxuyen_bacgiang_bacgiangcity_backan_backancity,60.605343
2026-06-07 19:00:00+00:00,angiang_longxuyen_bacgiang_bacgiangcity_backan_backancity,60.004242
2026-06-07 20:00:00+00:00,angiang_longxuyen_bacgiang_bacgiangcity_backan_backancity,59.218704
2026-06-07 21:00:00+00:00,angiang_longxuyen_bacgiang_bacgiangcity_backan_backancity,57.975677
2026-06-07 22:00:00+00:00,angiang_longxuyen_bacgiang_bacgiangcity_backan_backancity,57.212616
2026-06-07 23:00:00+00:00,angiang_longxuyen_bacgiang_bacgiangcity_backan_backancity,56.543167
2026-06-08 00:00:00+00:00,angiang_longxuyen_bacgiang_bacgiangcity_backan_backancity,55.939545
2026-06-08 01:00:00+00:00,angiang_longxuyen_bacgiang_bacgiangcity_backan_backancity,56.15235
2026-06-08 02:00:00+00:00,angiang_longxuyen_bacgiang_bacgiangcity_backan_backancity,56.029015
2026-06-08 03:00:00+00:00,angiang_longxuyen_bacgiang_bacgiangcity_backan_backancity,55.633675
2026-06-08 04:00:00+00:00,angiang_longxuyen_bacgiang_bacgiangcity_backan_backancity,55.61746
2026-06-08 05:00:00+00:00,angiang_longxuyen_bacgiang_bacgiangcity_backan_backancity,54.970745
2026-06-08 06:00:00+00:00,angiang_longxuyen_bacgiang_bacgiangcity_backan_backancity,54.64765
2026-06-08 07:00:00+00:00,angiang_longxuyen_bacgiang_bacgiangcity_backan_backancity,53.977894
2026-06-08 08:00:00+00:00,angiang_longxuyen_bacgiang_bacgiangcity_backan_backancity,53.67962
2026-06-08 09:00:00+00:00,angiang_longxuyen_bacgiang_bacgiangcity_backan_backancity,53.334133
2026-06-08 10:00:00+00:00,angiang_longxuyen_bacgiang_bacgiangcity_backan_backancity,53.528114
2026-06-08 11:00:00+00:00,angiang_longxuyen_bacgiang_bacgiangcity_backan_backancity,53.77196
2026-06-08 12:00:00+00:00,angiang_longxuyen_bacgiang_bacgiangcity_backan_backancity,53.356377
2026-06-08 13:00:00+00:00,angiang_longxuyen_bacgiang_bacgiangcity_backan_backancity,52.913086
2026-06-08 14:00:00+00:00,angiang_longxuyen_bacgiang_bacgiangcity_backan_backancity,53.066753
2026-06-08 15:00:00+00:00,angiang_longxuyen_bacgiang_bacgiangcity_backan_backancity,52.0027
2026-06-08 16:00:00+00:00,angiang_longxuyen_bacgiang_bacgiangcity_backan_backancity,51.598003
2026-06-08 17:00:00+00:00,angiang_longxuyen_bacgiang_bacgiangcity_backan_backancity,50.67367
2026-06-08 18:00:00+00:00,angiang_longxuyen_bacgiang_bacgiangcity_backan_backancity,49.562866
2026-06-08 19:00:00+00:00,angiang_longxuyen_bacgiang_bacgiangcity_backan_backancity,48.4066
2026-06-08 20:00:00+00:00,angiang_longxuyen_bacgiang_bacgiangcity_backan_backancity,47.321472
2026-06-08 21:00:00+00:00,angiang_longxuyen_bacgiang_bacgiangcity_backan_backancity,46.428215
2026-06-08 22:00:00+00:00,angiang_longxuyen_bacgiang_bacgiangcity_backan_backancity,45.829475
2026-06-08 23:00:00+00:00,angiang_longxuyen_bacgiang_bacgiangcity_backan_backancity,45.138344
2026-06-09 00:00:00+00:00,angiang_longxuyen_bacgiang_bacgiangcity_backan_backancity,44.51162
2026-06-09 01:00:00+00:00,angiang_longxuyen_bacgiang_bacgiangcity_backan_backancity,44.162163
2026-06-09 02:00:00+00:00,angiang_longxuyen_bacgiang_bacgiangcity_backan_backancity,44.15863
2026-06-09 03:00:00+00:00,angiang_longxuyen_bacgiang_bacgiangcity_backan_backancity,44.202682
2026-06-09 04:00:00+00:00,angiang_longxuyen_bacgiang_bacgiangcity_backan_backancity,44.109512
2026-06-09 05:00:00+00:00,angiang_longxuyen_bacgiang_bacgiangcity_backan_backancity,44.52401
2026-06-09 06:00:00+00:00,angiang_longxuyen_bacgiang_bacgiangcity_backan_backancity,44.77034
2026-06-09 07:00:00+00:00,angiang_longxuyen_bacgiang_bacgiangcity_backan_backancity,44.756027
2026-06-09 08:00:00+00:00,angiang_longxuyen_bacgiang_bacgiangcity_backan_backancity,45.044853
2026-06-09 09:00:00+00:00,angiang_longxuyen_bacgiang_bacgiangcity_backan_backancity,45.33777
2026-06-09 10:00:00+00:00,angiang_longxuyen_bacgiang_bacgiangcity_backan_backancity,46.024315
2026-06-09 11:00:00+00:00,angiang_longxuyen_bacgiang_bacgiangcity_backan_backancity,46.542595
2026-06-09 12:00:00+00:00,angiang_longxuyen_bacgiang_bacgiangcity_backan_backancity,46.545143
2026-06-09 13:00:00+00:00,angiang_longxuyen_bacgiang_bacgiangcity_backan_backancity,46.817375
2026-06-09 14:00:00+00:00,angiang_longxuyen_bacgiang_bacgiangcity_backan_backancity,46.827385
2026-06-09 15:00:00+00:00,angiang_longxuyen_bacgiang_bacgiangcity_backan_backancity,47.121674
2026-06-09 16:00:00+00:00,angiang_longxuyen_bacgiang_bacgiangcity_backan_backancity,47.09926
2026-06-09 17:00:00+00:00,angiang_longxuyen_bacgiang_bacgiangcity_backan_backancity,47.509857
2026-06-09 18:00:00+00:00,angiang_longxuyen_bacgiang_bacgiangcity_backan_backancity,47.762253
2026-06-09 19:00:00+00:00,angiang_longxuyen_bacgiang_bacgiangcity_backan_backancity,48.258293
2026-06-09 20:00:00+00:00,angiang_longxuyen_bacgiang_bacgiangcity_backan_backancity,48.999
2026-06-09 21:00:00+00:00,angiang_longxuyen_bacgiang_bacgiangcity_backan_backancity,49.368618
2026-06-09 22:00:00+00:00,angiang_longxuyen_bacgiang_bacgiangcity_backan_backancity,50.20514
2026-06-09 23:00:00+00:00,angiang_longxuyen_bacgiang_bacgiangcity_backan_backancity,51.006878
2026-06-10 00:00:00+00:00,angiang_longxuyen_bacgiang_bacgiangcity_backan_backancity,52.011356
2026-06-10 01:00:00+00:00,angiang_longxuyen_bacgiang_bacgiangcity_backan_backancity,52.35537
2026-06-10 02:00:00+00:00,angiang_longxuyen_bacgiang_bacgiangcity_backan_backancity,53.057842
2026-06-10 03:00:00+00:00,angiang_longxuyen_bacgiang_bacgiangcity_backan_backancity,53.529335
2026-06-10 04:00:00+00:00,angiang_longxuyen_bacgiang_bacgiangcity_backan_backancity,53.844933
2026-06-10 05:00:00+00:00,angiang_longxuyen_bacgiang_bacgiangcity_backan_backancity,54.41573
2026-06-10 06:00:00+00:00,angiang_longxuyen_bacgiang_bacgiangcity_backan_backancity,54.573025
2026-06-10 07:00:00+00:00,angiang_longxuyen_bacgiang_bacgiangcity_backan_backancity,54.665367
2026-06-10 08:00:00+00:00,angiang_longxuyen_bacgiang_bacgiangcity_backan_backancity,54.78418
2026-06-10 09:00:00+00:00,angiang_longxuyen_bacgiang_bacgiangcity_backan_backancity,54.998585
2026-06-10 10:00:00+00:00,angiang_longxuyen_bacgiang_bacgiangcity_backan_backancity,55.393616
2026-06-10 11:00:00+00:00,angiang_longxuyen_bacgiang_bacgiangcity_backan_backancity,55.642124
2026-06-10 12:00:00+00:00,angiang_longxuyen_bacgiang_bacgiangcity_backan_backancity,55.925797
2026-06-10 13:00:00+00:00,angiang_longxuyen_bacgiang_bacgiangcity_backan_backancity,55.847965
2026-06-10 14:00:00+00:00,angiang_longxuyen_bacgiang_bacgiangcity_backan_backancity,55.68178
2026-06-10 15:00:00+00:00,angiang_longxuyen_bacgiang_bacgiangcity_backan_backancity,55.623375
2026-06-10 16:00:00+00:00,angiang_longxuyen_bacgiang_bacgiangcity_backan_backancity,55.977303
2026-06-10 17:00:00+00:00,angiang_longxuyen_bacgiang_bacgiangcity_backan_backancity,56.370853
2026-06-10 18:00:00+00:00,angiang_longxuyen_bacgiang_bacgiangcity_backan_backancity,56.095776
2026-06-10 19:00:00+00:00,angiang_longxuyen_bacgiang_bacgiangcity_backan_backancity,56.0015
2026-06-10 20:00:00+00:00,angiang_longxuyen_bacgiang_bacgiangcity_backan_backancity,55.440697
2026-06-10 21:00:00+00:00,angiang_longxuyen_bacgiang_bacgiangcity_backan_backancity,55.208492
2026-06-10 22:00:00+00:00,angiang_longxuyen_bacgiang_bacgiangcity_backan_backancity,55.065243
2026-06-10 23:00:00+00:00,angiang_longxuyen_bacgiang_bacgiangcity_backan_backancity,54.608463
2026-06-11 00:00:00+00:00,angiang_longxuyen_bacgiang_bacgiangcity_backan_backancity,54.58254
2026-06-11 01:00:00+00:00,angiang_longxuyen_bacgiang_bacgiangcity_backan_backancity,54.375732
2026-06-11 02:00:00+00:00,angiang_longxuyen_bacgiang_bacgiangcity_backan_backancity,54.308132
2026-06-11 03:00:00+00:00,angiang_longxuyen_bacgiang_bacgiangcity_backan_backancity,54.211613
2026-06-11 04:00:00+00:00,angiang_longxuyen_bacgiang_bacgiangcity_backan_backancity,54.230232
2026-06-11 05:00:00+00:00,angiang_longxuyen_bacgiang_bacgiangcity_backan_backancity,54.328743
2026-06-11 06:00:00+00:00,angiang_longxuyen_bacgiang_bacgiangcity_backan_backancity,53.99326
2026-06-11 07:00:00+00:00,angiang_longxuyen_bacgiang_bacgiangcity_backan_backancity,53.940273
2026-06-11 08:00:00+00:00,angiang_longxuyen_bacgiang_bacgiangcity_backan_backancity,53.44388
2026-06-11 09:00:00+00:00,angiang_longxuyen_bacgiang_bacgiangcity_backan_backancity,53.328968
2026-06-11 10:00:00+00:00,angiang_longxuyen_bacgiang_bacgiangcity_backan_backancity,53.567642
2026-06-11 11:00:00+00:00,angiang_longxuyen_bacgiang_bacgiangcity_backan_backancity,53.832787
2026-06-11 12:00:00+00:00,angiang_longxuyen_bacgiang_bacgiangcity_backan_backancity,52.856396
2026-06-11 13:00:00+00:00,angiang_longxuyen_bacgiang_bacgiangcity_backan_backancity,52.758076
2026-06-11 14:00:00+00:00,angiang_longxuyen_bacgiang_bacgiangcity_backan_backancity,52.239296
2026-06-11 15:00:00+00:00,angiang_longxuyen_bacgiang_bacgiangcity_backan_backancity,51.862667
2026-06-11 16:00:00+00:00,angiang_longxuyen_bacgiang_bacgiangcity_backan_backancity,51.594505
2026-06-11 17:00:00+00:00,angiang_longxuyen_bacgiang_bacgiangcity_backan_backancity,51.272976
2026-06-11 18:00:00+00:00,angiang_longxuyen_bacgiang_bacgiangcity_backan_backancity,50.94133
2026-06-11 19:00:00+00:00,angiang_longxuyen_bacgiang_bacgiangcity_backan_backancity,51.64805
2026-06-11 20:00:00+00:00,angiang_longxuyen_bacgiang_bacgiangcity_backan_backancity,51.168243
2026-06-11 21:00:00+00:00,angiang_longxuyen_bacgiang_bacgiangcity_backan_backancity,51.46846
2026-06-11 22:00:00+00:00,angiang_longxuyen_bacgiang_bacgiangcity_backan_backancity,52.484425
2026-06-11 23:00:00+00:00,angiang_longxuyen_bacgiang_bacgiangcity_backan_backancity,53.06188
2026-06-12 00:00:00+00:00,angiang_longxuyen_bacgiang_bacgiangcity_backan_backancity,52.81479
2026-06-12 01:00:00+00:00,angiang_longxuyen_bacgiang_bacgiangcity_backan_backancity,52.71308
2026-06-12 02:00:00+00:00,angiang_longxuyen_bacgiang_bacgiangcity_backan_backancity,52.577194
2026-06-12 03:00:00+00:00,angiang_longxuyen_bacgiang_bacgiangcity_backan_backancity,53.10155
2026-06-12 04:00:00+00:00,angiang_longxuyen_bacgiang_bacgiangcity_backan_backancity,53.375523
2026-06-12 05:00:00+00:00,angiang_longxuyen_bacgiang_bacgiangcity_backan_backancity,53.3082
2026-06-12 06:00:00+00:00,angiang_longxuyen_bacgiang_bacgiangcity_backan_backancity,53.82453
2026-06-12 07:00:00+00:00,angiang_longxuyen_bacgiang_bacgiangcity_backan_backancity,53.68484
2026-06-12 08:00:00+00:00,angiang_longxuyen_bacgiang_bacgiangcity_backan_backancity,54.111187
2026-06-12 09:00:00+00:00,angiang_longxuyen_bacgiang_bacgiangcity_backan_backancity,54.38137
2026-06-12 10:00:00+00:00,angiang_longxuyen_bacgiang_bacgiangcity_backan_backancity,54.76501
2026-06-12 11:00:00+00:00,angiang_longxuyen_bacgiang_bacgiangcity_backan_backancity,54.775368
2026-06-12 12:00:00+00:00,angiang_longxuyen_bacgiang_bacgiangcity_backan_backancity,55.595108
2026-06-12 13:00:00+00:00,angiang_longxuyen_bacgiang_bacgiangcity_backan_backancity,55.365616
2026-06-12 14:00:00+00:00,angiang_longxuyen_bacgiang_bacgiangcity_backan_backancity,54.579216
2026-06-12 15:00:00+00:00,angiang_longxuyen_bacgiang_bacgiangcity_backan_backancity,53.906105
2026-06-12 16:00:00+00:00,angiang_longxuyen_bacgiang_bacgiangcity_backan_backancity,53.31135
2026-06-12 17:00:00+00:00,angiang_longxuyen_bacgiang_bacgiangcity_backan_backancity,52.8635
2026-06-12 18:00:00+00:00,angiang_longxuyen_bacgiang_bacgiangcity_backan_backancity,52.374767
2026-06-12 19:00:00+00:00,angiang_longxuyen_bacgiang_bacgiangcity_backan_backancity,51.913174
2026-06-12 20:00:00+00:00,angiang_longxuyen_bacgiang_bacgiangcity_backan_backancity,51.76671
2026-06-12 21:00:00+00:00,angiang_longxuyen_bacgiang_bacgiangcity_backan_backancity,52.462223
2026-06-12 22:00:00+00:00,angiang_longxuyen_bacgiang_bacgiangcity_backan_backancity,54.011982
2026-06-12 23:00:00+00:00,angiang_longxuyen_bacgiang_bacgiangcity_backan_backancity,54.634056
2026-06-13 00:00:00+00:00,angiang_longxuyen_bacgiang_bacgiangcity_backan_backancity,53.816216
2026-06-13 01:00:00+00:00,angiang_longxuyen_bacgiang_bacgiangcity_backan_backancity,52.696175
2026-06-13 02:00:00+00:00,angiang_longxuyen_bacgiang_bacgiangcity_backan_backancity,51.51197
2026-06-13 03:00:00+00:00,angiang_longxuyen_bacgiang_bacgiangcity_backan_backancity,51.40051
2026-06-13 04:00:00+00:00,angiang_longxuyen_bacgiang_bacgiangcity_backan_backancity,50.465256
2026-06-13 05:00:00+00:00,angiang_longxuyen_bacgiang_bacgiangcity_backan_backancity,49.645424
2026-06-13 06:00:00+00:00,angiang_longxuyen_bacgiang_bacgiangcity_backan_backancity,48.89425
2026-06-13 07:00:00+00:00,angiang_longxuyen_bacgiang_bacgiangcity_backan_backancity,48.211067
2026-06-13 08:00:00+00:00,angiang_longxuyen_bacgiang_bacgiangcity_backan_backancity,47.553085
2026-06-13 09:00:00+00:00,angiang_longxuyen_bacgiang_bacgiangcity_backan_backancity,46.75847
2026-06-13 10:00:00+00:00,angiang_longxuyen_bacgiang_bacgiangcity_backan_backancity,46.52964
2026-06-13 11:00:00+00:00,angiang_longxuyen_bacgiang_bacgiangcity_backan_backancity,46.461197
2026-06-13 12:00:00+00:00,angiang_longxuyen_bacgiang_bacgiangcity_backan_backancity,47.00406
2026-06-13 13:00:00+00:00,angiang_longxuyen_bacgiang_bacgiangcity_backan_backancity,47.404236
2026-06-13 14:00:00+00:00,angiang_longxuyen_bacgiang_bacgiangcity_backan_backancity,47.364143
2026-06-13 15:00:00+00:00,angiang_longxuyen_bacgiang_bacgiangcity_backan_backancity,47.27952
2026-06-13 16:00:00+00:00,angiang_longxuyen_bacgiang_bacgiangcity_backan_backancity,47.32936
2026-06-13 17:00:00+00:00,angiang_longxuyen_bacgiang_bacgiangcity_backan_backancity,46.748955
2026-06-13 18:00:00+00:00,angiang_longxuyen_bacgiang_bacgiangcity_backan_backancity,46.80226
2026-06-13 19:00:00+00:00,angiang_longxuyen_bacgiang_bacgiangcity_backan_backancity,47.1793
2026-06-13 20:00:00+00:00,angiang_longxuyen_bacgiang_bacgiangcity_backan_backancity,47.378334
2026-06-13 21:00:00+00:00,angiang_longxuyen_bacgiang_bacgiangcity_backan_backancity,47.954437
2026-06-13 22:00:00+00:00,angiang_longxuyen_bacgiang_bacgiangcity_backan_backancity,48.56949
2026-06-13 23:00:00+00:00,angiang_longxuyen_bacgiang_bacgiangcity_backan_backancity,48.747047
2026-06-14 00:00:00+00:00,angiang_longxuyen_bacgiang_bacgiangcity_backan_backancity,48.414963
2026-06-14 01:00:00+00:00,angiang_longxuyen_bacgiang_bacgiangcity_backan_backancity,48.572563
2026-06-14 02:00:00+00:00,angiang_longxuyen_bacgiang_bacgiangcity_backan_backancity,48.22206
2026-06-14 03:00:00+00:00,angiang_longxuyen_bacgiang_bacgiangcity_backan_backancity,48.01609
2026-06-14 04:00:00+00:00,angiang_longxuyen_bacgiang_bacgiangcity_backan_backancity,47.871796
2026-06-14 05:00:00+00:00,angiang_longxuyen_bacgiang_bacgiangcity_backan_backancity,48.202362
2026-06-14 06:00:00+00:00,angiang_longxuyen_bacgiang_bacgiangcity_backan_backancity,48.149452
2026-06-14 07:00:00+00:00,angiang_longxuyen_bacgiang_bacgiangcity_backan_backancity,48.251305
2026-06-14 08:00:00+00:00,angiang_longxuyen_bacgiang_bacgiangcity_backan_backancity,48.511726
2026-06-14 09:00:00+00:00,angiang_longxuyen_bacgiang_bacgiangcity_backan_backancity,48.85898
2026-06-14 10:00:00+00:00,angiang_longxuyen_bacgiang_bacgiangcity_backan_backancity,48.962387
2026-06-14 11:00:00+00:00,angiang_longxuyen_bacgiang_bacgiangcity_backan_backancity,48.848198
2026-06-14 12:00:00+00:00,angiang_longxuyen_bacgiang_bacgiangcity_backan_backancity,48.592438
2026-06-14 13:00:00+00:00,angiang_longxuyen_bacgiang_bacgiangcity_backan_backancity,48.81247
2026-06-14 14:00:00+00:00,angiang_longxuyen_bacgiang_bacgiangcity_backan_backancity,48.19255
2026-06-14 15:00:00+00:00,angiang_longxuyen_bacgiang_bacgiangcity_backan_backancity,47.586197
2026-06-14 16:00:00+00:00,angiang_longxuyen_bacgiang_bacgiangcity_backan_backancity,47.19127
2026-06-14 17:00:00+00:00,angiang_longxuyen_bacgiang_bacgiangcity_backan_backancity,47.622345
2026-06-14 18:00:00+00:00,angiang_longxuyen_bacgiang_bacgiangcity_backan_backancity,47.80208
2026-06-14 19:00:00+00:00,angiang_longxuyen_bacgiang_bacgiangcity_backan_backancity,48.232643
2026-06-14 20:00:00+00:00,angiang_longxuyen_bacgiang_bacgiangcity_backan_backancity,48.921715
2026-06-14 21:00:00+00:00,angiang_longxuyen_bacgiang_bacgiangcity_backan_backancity,49.83886
2026-06-14 22:00:00+00:00,angiang_longxuyen_bacgiang_bacgiangcity_backan_backancity,51.161358
2026-06-14 23:00:00+00:00,angiang_longxuyen_bacgiang_bacgiangcity_backan_backancity,51.619305
2026-06-15 00:00:00+00:00,angiang_longxuyen_bacgiang_bacgiangcity_backan_backancity,52.044285
2026-06-15 01:00:00+00:00,angiang_longxuyen_bacgiang_bacgiangcity_backan_backancity,52.922573
2026-06-15 02:00:00+00:00,angiang_longxuyen_bacgiang_bacgiangcity_backan_backancity,53.01024
2026-06-15 03:00:00+00:00,angiang_longxuyen_bacgiang_bacgiangcity_backan_backancity,53.01784
2026-06-15 04:00:00+00:00,angiang_longxuyen_bacgiang_bacgiangcity_backan_backancity,53.52755
2026-06-15 05:00:00+00:00,angiang_longxuyen_bacgiang_bacgiangcity_backan_backancity,53.984238
2026-06-15 06:00:00+00:00,angiang_longxuyen_bacgiang_bacgiangcity_backan_backancity,53.921215
2026-06-15 07:00:00+00:00,angiang_longxuyen_bacgiang_bacgiangcity_backan_backancity,53.93654
2026-06-15 08:00:00+00:00,angiang_longxuyen_bacgiang_bacgiangcity_backan_backancity,53.93981
2026-06-15 09:00:00+00:00,angiang_longxuyen_bacgiang_bacgiangcity_backan_backancity,54.19413
2026-06-15 10:00:00+00:00,angiang_longxuyen_bacgiang_bacgiangcity_backan_backancity,54.690586
2026-06-15 11:00:00+00:00,angiang_longxuyen_bacgiang_bacgiangcity_backan_backancity,54.84139
2026-06-15 12:00:00+00:00,angiang_longxuyen_bacgiang_bacgiangcity_backan_backancity,55.562332
2026-06-15 13:00:00+00:00,angiang_longxuyen_bacgiang_bacgiangcity_backan_backancity,56.783646
2026-06-15 14:00:00+00:00,angiang_longxuyen_bacgiang_bacgiangcity_backan_backancity,56.857235
2026-06-15 15:00:00+00:00,angiang_longxuyen_bacgiang_bacgiangcity_backan_backancity,57.291035
2026-06-15 16:00:00+00:00,angiang_longxuyen_bacgiang_bacgiangcity_backan_backancity,57.30191
2026-06-15 17:00:00+00:00,angiang_longxuyen_bacgiang_bacgiangcity_backan_backancity,58.06729
2026-06-15 18:00:00+00:00,angiang_longxuyen_bacgiang_bacgiangcity_backan_backancity,58.646168
2026-06-15 19:00:00+00:00,angiang_longxuyen_bacgiang_bacgiangcity_backan_backancity,58.272022
2026-06-15 20:00:00+00:00,angiang_longxuyen_bacgiang_bacgiangcity_backan_backancity,58.94852
2026-06-15 21:00:00+00:00,angiang_longxuyen_bacgiang_bacgiangcity_backan_backancity,60.154957
2026-06-15 22:00:00+00:00,angiang_longxuyen_bacgiang_bacgiangcity_backan_backancity,60.761147
2026-06-15 23:00:00+00:00,angiang_longxuyen_bacgiang_bacgiangcity_backan_backancity,60.60004
2026-06-16 00:00:00+00:00,angiang_longxuyen_bacgiang_bacgiangcity_backan_backancity,61.17494
2026-06-16 01:00:00+00:00,angiang_longxuyen_bacgiang_bacgiangcity_backan_backancity,61.305344
2026-06-16 02:00:00+00:00,angiang_longxuyen_bacgiang_bacgiangcity_backan_backancity,61.27015
2026-06-16 03:00:00+00:00,angiang_longxuyen_bacgiang_bacgiangcity_backan_backancity,61.732204
2026-06-16 04:00:00+00:00,angiang_longxuyen_bacgiang_bacgiangcity_backan_backancity,61.740425
2026-06-16 05:00:00+00:00,angiang_longxuyen_bacgiang_bacgiangcity_backan_backancity,62.023315
2026-06-16 06:00:00+00:00,angiang_longxuyen_bacgiang_bacgiangcity_backan_backancity,62.699936
2026-06-16 07:00:00+00:00,angiang_longxuyen_bacgiang_bacgiangcity_backan_backancity,63.680195
2026-06-16 08:00:00+00:00,angiang_longxuyen_bacgiang_bacgiangcity_backan_backancity,64.68561
2026-06-16 09:00:00+00:00,angiang_longxuyen_bacgiang_bacgiangcity_backan_backancity,65.40423
2026-06-16 10:00:00+00:00,angiang_longxuyen_bacgiang_bacgiangcity_backan_backancity,64.49275
2026-06-16 11:00:00+00:00,angiang_longxuyen_bacgiang_bacgiangcity_backan_backancity,64.788666
2026-06-16 12:00:00+00:00,angiang_longxuyen_bacgiang_bacgiangcity_backan_backancity,64.72367
2026-06-16 13:00:00+00:00,angiang_longxuyen_bacgiang_bacgiangcity_backan_backancity,64.33838
2026-06-16 14:00:00+00:00,angiang_longxuyen_bacgiang_bacgiangcity_backan_backancity,63.985226
2026-06-16 15:00:00+00:00,angiang_longxuyen_bacgiang_bacgiangcity_backan_backancity,63.13844
2026-06-16 16:00:00+00:00,angiang_longxuyen_bacgiang_bacgiangcity_backan_backancity,62.522045
2026-06-16 17:00:00+00:00,angiang_longxuyen_bacgiang_bacgiangcity_backan_backancity,61.19233
2026-06-16 18:00:00+00:00,angiang_longxuyen_bacgiang_bacgiangcity_backan_backancity,60.461117
2026-06-16 19:00:00+00:00,angiang_longxuyen_bacgiang_bacgiangcity_backan_backancity,59.62621
2026-06-16 20:00:00+00:00,angiang_longxuyen_bacgiang_bacgiangcity_backan_backancity,58.934795
2026-06-16 21:00:00+00:00,angiang_longxuyen_bacgiang_bacgiangcity_backan_backancity,57.690475
2026-06-16 22:00:00+00:00,angiang_longxuyen_bacgiang_bacgiangcity_backan_backancity,56.928352
2026-06-16 23:00:00+00:00,angiang_longxuyen_bacgiang_bacgiangcity_backan_backancity,55.764015
2026-06-17 00:00:00+00:00,angiang_longxuyen_bacgiang_bacgiangcity_backan_backancity,54.4325
2026-06-17 01:00:00+00:00,angiang_longxuyen_bacgiang_bacgiangcity_backan_backancity,53.625534
2026-06-17 02:00:00+00:00,angiang_longxuyen_bacgiang_bacgiangcity_backan_backancity,52.556534
2026-06-17 03:00:00+00:00,angiang_longxuyen_bacgiang_bacgiangcity_backan_backancity,51.059505
2026-06-17 04:00:00+00:00,angiang_longxuyen_bacgiang_bacgiangcity_backan_backancity,49.670177
2026-06-17 05:00:00+00:00,angiang_longxuyen_bacgiang_bacgiangcity_backan_backancity,48.54721
2026-06-17 06:00:00+00:00,angiang_longxuyen_bacgiang_bacgiangcity_backan_backancity,46.778587
2026-06-17 07:00:00+00:00,angiang_longxuyen_bacgiang_bacgiangcity_backan_backancity,45.724045
2026-06-17 08:00:00+00:00,angiang_longxuyen_bacgiang_bacgiangcity_backan_backancity,44.174194
2026-06-17 09:00:00+00:00,angiang_longxuyen_bacgiang_bacgiangcity_backan_backancity,43.010384
2026-06-17 10:00:00+00:00,angiang_longxuyen_bacgiang_bacgiangcity_backan_backancity,41.89605
2026-06-17 11:00:00+00:00,angiang_longxuyen_bacgiang_bacgiangcity_backan_backancity,41.30606
2026-06-17 12:00:00+00:00,angiang_longxuyen_bacgiang_bacgiangcity_backan_backancity,40.16181
2026-06-17 13:00:00+00:00,angiang_longxuyen_bacgiang_bacgiangcity_backan_backancity,39.51123
2026-06-17 14:00:00+00:00,angiang_longxuyen_bacgiang_bacgiangcity_backan_backancity,39.18347
2026-06-17 15:00:00+00:00,angiang_longxuyen_bacgiang_bacgiangcity_backan_backancity,39.004257
2026-06-17 16:00:00+00:00,angiang_longxuyen_bacgiang_bacgiangcity_backan_backancity,38.927254
2026-06-17 17:00:00+00:00,angiang_longxuyen_bacgiang_bacgiangcity_backan_backancity,38.958153
2026-06-17 18:00:00+00:00,angiang_longxuyen_bacgiang_bacgiangcity_backan_backancity,39.22461
2026-06-17 19:00:00+00:00,angiang_longxuyen_bacgiang_bacgiangcity_backan_backancity,39.33792
2026-06-17 20:00:00+00:00,angiang_longxuyen_bacgiang_bacgiangcity_backan_backancity,39.543213
2026-06-17 21:00:00+00:00,angiang_longxuyen_bacgiang_bacgiangcity_backan_backancity,39.624496
2026-06-17 22:00:00+00:00,angiang_longxuyen_bacgiang_bacgiangcity_backan_backancity,39.847816
2026-06-17 23:00:00+00:00,angiang_longxuyen_bacgiang_bacgiangcity_backan_backancity,39.84204
2026-06-18 00:00:00+00:00,angiang_longxuyen_bacgiang_bacgiangcity_backan_backancity,40.273323
2026-06-18 01:00:00+00:00,angiang_longxuyen_bacgiang_bacgiangcity_backan_backancity,40.349556
2026-06-18 02:00:00+00:00,angiang_longxuyen_bacgiang_bacgiangcity_backan_backancity,40.50991
2026-06-18 03:00:00+00:00,angiang_longxuyen_bacgiang_bacgiangcity_backan_backancity,41.07399
2026-06-18 04:00:00+00:00,angiang_longxuyen_bacgiang_bacgiangcity_backan_backancity,41.350403
2026-06-18 05:00:00+00:00,angiang_longxuyen_bacgiang_bacgiangcity_backan_backancity,41.704865
2026-06-18 06:00:00+00:00,angiang_longxuyen_bacgiang_bacgiangcity_backan_backancity,41.862946
2026-06-18 07:00:00+00:00,angiang_longxuyen_bacgiang_bacgiangcity_backan_backancity,42.010185
2026-06-18 08:00:00+00:00,angiang_longxuyen_bacgiang_bacgiangcity_backan_backancity,42.301376
2026-06-18 09:00:00+00:00,angiang_longxuyen_bacgiang_bacgiangcity_backan_backancity,42.96167
2026-06-18 10:00:00+00:00,angiang_longxuyen_bacgiang_bacgiangcity_backan_backancity,43.431366
2026-06-18 11:00:00+00:00,angiang_longxuyen_bacgiang_bacgiangcity_backan_backancity,43.79902
2026-06-18 12:00:00+00:00,angiang_longxuyen_bacgiang_bacgiangcity_backan_backancity,44.270447
2026-06-18 13:00:00+00:00,angiang_longxuyen_bacgiang_bacgiangcity_backan_backancity,44.66867
2026-06-18 14:00:00+00:00,angiang_longxuyen_bacgiang_bacgiangcity_backan_backancity,44.466118
2026-06-18 15:00:00+00:00,angiang_longxuyen_bacgiang_bacgiangcity_backan_backancity,44.357025
2026-06-18 16:00:00+00:00,angiang_longxuyen_bacgiang_bacgiangcity_backan_backancity,44.486725
2026-06-18 17:00:00+00:00,angiang_longxuyen_bacgiang_bacgiangcity_backan_backancity,44.200928
2026-06-18 18:00:00+00:00,angiang_longxuyen_bacgiang_bacgiangcity_backan_backancity,44.24739
2026-06-18 19:00:00+00:00,angiang_longxuyen_bacgiang_bacgiangcity_backan_backancity,44.318512
2026-06-18 20:00:00+00:00,angiang_longxuyen_bacgiang_bacgiangcity_backan_backancity,44.464203
2026-06-18 21:00:00+00:00,angiang_longxuyen_bacgiang_bacgiangcity_backan_backancity,44.998894
2026-06-18 22:00:00+00:00,angiang_longxuyen_bacgiang_bacgiangcity_backan_backancity,45.521156
2026-06-18 23:00:00+00:00,angiang_longxuyen_bacgiang_bacgiangcity_backan_backancity,45.471077
2026-06-19 00:00:00+00:00,angiang_longxuyen_bacgiang_bacgiangcity_backan_backancity,45.372467
2026-06-19 01:00:00+00:00,angiang_longxuyen_bacgiang_bacgiangcity_backan_backancity,45.35839
2026-06-19 02:00:00+00:00,angiang_longxuyen_bacgiang_bacgiangcity_backan_backancity,45.254845
2026-06-19 03:00:00+00:00,angiang_longxuyen_bacgiang_bacgiangcity_backan_backancity,45.06048
2026-06-19 04:00:00+00:00,angiang_longxuyen_bacgiang_bacgiangcity_backan_backancity,44.443962
2026-06-19 05:00:00+00:00,angiang_longxuyen_bacgiang_bacgiangcity_backan_backancity,44.08757
2026-06-19 06:00:00+00:00,angiang_longxuyen_bacgiang_bacgiangcity_backan_backancity,43.593925
2026-06-19 07:00:00+00:00,angiang_longxuyen_bacgiang_bacgiangcity_backan_backancity,43.36534
2026-06-19 08:00:00+00:00,angiang_longxuyen_bacgiang_bacgiangcity_backan_backancity,43.27845
2026-06-19 09:00:00+00:00,angiang_longxuyen_bacgiang_bacgiangcity_backan_backancity,42.843796
2026-06-19 10:00:00+00:00,angiang_longxuyen_bacgiang_bacgiangcity_backan_backancity,42.88527
2026-06-19 11:00:00+00:00,angiang_longxuyen_bacgiang_bacgiangcity_backan_backancity,42.92457
2026-06-19 12:00:00+00:00,angiang_longxuyen_bacgiang_bacgiangcity_backan_backancity,43.06083
2026-06-19 13:00:00+00:00,angiang_longxuyen_bacgiang_bacgiangcity_backan_backancity,42.765472
2026-06-19 14:00:00+00:00,angiang_longxuyen_bacgiang_bacgiangcity_backan_backancity,42.667984
2026-06-19 15:00:00+00:00,angiang_longxuyen_bacgiang_bacgiangcity_backan_backancity,42.654243
2026-06-19 16:00:00+00:00,angiang_longxuyen_bacgiang_bacgiangcity_backan_backancity,42.802307
2026-06-19 17:00:00+00:00,angiang_longxuyen_bacgiang_bacgiangcity_backan_backancity,43.059578
2026-06-19 18:00:00+00:00,angiang_longxuyen_bacgiang_bacgiangcity_backan_backancity,43.289787
2026-06-19 19:00:00+00:00,angiang_longxuyen_bacgiang_bacgiangcity_backan_backancity,43.24453
2026-06-19 20:00:00+00:00,angiang_longxuyen_bacgiang_bacgiangcity_backan_backancity,43.125618
2026-06-19 21:00:00+00:00,angiang_longxuyen_bacgiang_bacgiangcity_backan_backancity,43.21295
2026-06-19 22:00:00+00:00,angiang_longxuyen_bacgiang_bacgiangcity_backan_backancity,44.20421
2026-06-19 23:00:00+00:00,angiang_longxuyen_bacgiang_bacgiangcity_backan_backancity,44.564102
2026-06-20 00:00:00+00:00,angiang_longxuyen_bacgiang_bacgiangcity_backan_backancity,44.873466
2026-06-20 01:00:00+00:00,angiang_longxuyen_bacgiang_bacgiangcity_backan_backancity,45.16204
2026-06-20 02:00:00+00:00,angiang_longxuyen_bacgiang_bacgiangcity_backan_backancity,46.15651
2026-06-20 03:00:00+00:00,angiang_longxuyen_bacgiang_bacgiangcity_backan_backancity,46.322006
2026-06-20 04:00:00+00:00,angiang_longxuyen_bacgiang_bacgiangcity_backan_backancity,46.82847
2026-06-20 05:00:00+00:00,angiang_longxuyen_bacgiang_bacgiangcity_backan_backancity,47.02694
2026-06-20 06:00:00+00:00,angiang_longxuyen_bacgiang_bacgiangcity_backan_backancity,47.463333
2026-06-20 07:00:00+00:00,angiang_longxuyen_bacgiang_bacgiangcity_backan_backancity,47.747574
2026-06-20 08:00:00+00:00,angiang_longxuyen_bacgiang_bacgiangcity_backan_backancity,48.02619
2026-06-20 09:00:00+00:00,angiang_longxuyen_bacgiang_bacgiangcity_backan_backancity,48.006493
2026-06-20 10:00:00+00:00,angiang_longxuyen_bacgiang_bacgiangcity_backan_backancity,48.484283
2026-06-20 11:00:00+00:00,angiang_longxuyen_bacgiang_bacgiangcity_backan_backancity,49.34004
2026-06-20 12:00:00+00:00,angiang_longxuyen_bacgiang_bacgiangcity_backan_backancity,50.771183
2026-06-20 13:00:00+00:00,angiang_longxuyen_bacgiang_bacgiangcity_backan_backancity,52.310116
2026-06-20 14:00:00+00:00,angiang_longxuyen_bacgiang_bacgiangcity_backan_backancity,52.65375
2026-06-20 15:00:00+00:00,angiang_longxuyen_bacgiang_bacgiangcity_backan_backancity,52.77332
2026-06-20 16:00:00+00:00,angiang_longxuyen_bacgiang_bacgiangcity_backan_backancity,52.930447
2026-06-20 17:00:00+00:00,angiang_longxuyen_bacgiang_bacgiangcity_backan_backancity,53.537197
2026-06-20 18:00:00+00:00,angiang_longxuyen_bacgiang_bacgiangcity_backan_backancity,53.748978
2026-06-20 19:00:00+00:00,angiang_longxuyen_bacgiang_bacgiangcity_backan_backancity,53.875168
2026-06-20 20:00:00+00:00,angiang_longxuyen_bacgiang_bacgiangcity_backan_backancity,53.757645
2026-06-20 21:00:00+00:00,angiang_longxuyen_bacgiang_bacgiangcity_backan_backancity,54.440445
2026-06-20 22:00:00+00:00,angiang_longxuyen_bacgiang_bacgiangcity_backan_backancity,55.5953
2026-06-20 23:00:00+00:00,angiang_longxuyen_bacgiang_bacgiangcity_backan_backancity,55.88557
2026-06-21 00:00:00+00:00,angiang_longxuyen_bacgiang_bacgiangcity_backan_backancity,55.776382
2026-06-21 01:00:00+00:00,angiang_longxuyen_bacgiang_bacgiangcity_backan_backancity,56.188812
2026-06-21 02:00:00+00:00,angiang_longxuyen_bacgiang_bacgiangcity_backan_backancity,56.179737
2026-06-21 03:00:00+00:00,angiang_longxuyen_bacgiang_bacgiangcity_backan_backancity,56.322533
2026-06-21 04:00:00+00:00,angiang_longxuyen_bacgiang_bacgiangcity_backan_backancity,56.011482
2026-06-21 05:00:00+00:00,angiang_longxuyen_bacgiang_bacgiangcity_backan_backancity,55.74404
2026-06-21 06:00:00+00:00,angiang_longxuyen_bacgiang_bacgiangcity_backan_backancity,55.386585
2026-06-21 07:00:00+00:00,angiang_longxuyen_bacgiang_bacgiangcity_backan_backancity,55.09725
2026-06-21 08:00:00+00:00,angiang_longxuyen_bacgiang_bacgiangcity_backan_backancity,54.579975
2026-06-21 09:00:00+00:00,angiang_longxuyen_bacgiang_bacgiangcity_backan_backancity,54.454235
2026-06-21 10:00:00+00:00,angiang_longxuyen_bacgiang_bacgiangcity_backan_backancity,54.522945
2026-06-21 11:00:00+00:00,angiang_longxuyen_bacgiang_bacgiangcity_backan_backancity,54.57221
2026-06-21 12:00:00+00:00,angiang_longxuyen_bacgiang_bacgiangcity_backan_backancity,55.117043
2026-06-21 13:00:00+00:00,angiang_longxuyen_bacgiang_bacgiangcity_backan_backancity,55.775288
2026-06-21 14:00:00+00:00,angiang_longxuyen_bacgiang_bacgiangcity_backan_backancity,55.72126
2026-06-21 15:00:00+00:00,angiang_longxuyen_bacgiang_bacgiangcity_backan_backancity,56.030113
2026-06-21 16:00:00+00:00,angiang_longxuyen_bacgiang_bacgiangcity_backan_backancity,55.496586
2026-06-21 17:00:00+00:00,angiang_longxuyen_bacgiang_bacgiangcity_backan_backancity,56.09882
2026-06-21 18:00:00+00:00,angiang_longxuyen_bacgiang_bacgiangcity_backan_backancity,56.698517
2026-06-21 19:00:00+00:00,angiang_longxuyen_bacgiang_bacgiangcity_backan_backancity,57.03536
2026-06-21 20:00:00+00:00,angiang_longxuyen_bacgiang_bacgiangcity_backan_backancity,60.054893
2026-06-21 21:00:00+00:00,angiang_longxuyen_bacgiang_bacgiangcity_backan_backancity,65.24791
2026-06-21 22:00:00+00:00,angiang_longxuyen_bacgiang_bacgiangcity_backan_backancity,68.54459
2026-06-21 23:00:00+00:00,angiang_longxuyen_bacgiang_bacgiangcity_backan_backancity,67.94165
2026-06-22 00:00:00+00:00,angiang_longxuyen_bacgiang_bacgiangcity_backan_backancity,65.98781
2026-06-22 01:00:00+00:00,angiang_longxuyen_bacgiang_bacgiangcity_backan_backancity,65.093
2026-06-22 02:00:00+00:00,angiang_longxuyen_bacgiang_bacgiangcity_backan_backancity,63.466984
2026-06-22 03:00:00+00:00,angiang_longxuyen_bacgiang_bacgiangcity_backan_backancity,63.14215
2026-06-22 04:00:00+00:00,angiang_longxuyen_bacgiang_bacgiangcity_backan_backancity,62.86007
2026-06-22 05:00:00+00:00,angiang_longxuyen_bacgiang_bacgiangcity_backan_backancity,62.92617
2026-06-22 06:00:00+00:00,angiang_longxuyen_bacgiang_bacgiangcity_backan_backancity,62.6026
2026-06-22 07:00:00+00:00,angiang_longxuyen_bacgiang_bacgiangcity_backan_backancity,63.176647
2026-06-22 08:00:00+00:00,angiang_longxuyen_bacgiang_bacgiangcity_backan_backancity,63.41724
2026-06-22 09:00:00+00:00,angiang_longxuyen_bacgiang_bacgiangcity_backan_backancity,63.682842
2026-06-22 10:00:00+00:00,angiang_longxuyen_bacgiang_bacgiangcity_backan_backancity,64.62221
2026-06-22 11:00:00+00:00,angiang_longxuyen_bacgiang_bacgiangcity_backan_backancity,65.750656
2026-06-22 12:00:00+00:00,angiang_longxuyen_bacgiang_bacgiangcity_backan_backancity,66.41855
2026-06-22 13:00:00+00:00,angiang_longxuyen_bacgiang_bacgiangcity_backan_backancity,67.16481
2026-06-22 14:00:00+00:00,angiang_longxuyen_bacgiang_bacgiangcity_backan_backancity,67.32907
2026-06-22 15:00:00+00:00,angiang_longxuyen_bacgiang_bacgiangcity_backan_backancity,67.26684
2026-06-22 16:00:00+00:00,angiang_longxuyen_bacgiang_bacgiangcity_backan_backancity,67.15945
2026-06-22 17:00:00+00:00,angiang_longxuyen_bacgiang_bacgiangcity_backan_backancity,67.0739
2026-06-22 18:00:00+00:00,angiang_longxuyen_bacgiang_bacgiangcity_backan_backancity,67.270935
2026-06-22 19:00:00+00:00,angiang_longxuyen_bacgiang_bacgiangcity_backan_backancity,67.08479
2026-06-22 20:00:00+00:00,angiang_longxuyen_bacgiang_bacgiangcity_backan_backancity,67.037
2026-06-22 21:00:00+00:00,angiang_longxuyen_bacgiang_bacgiangcity_backan_backancity,67.38292
2026-06-22 22:00:00+00:00,angiang_longxuyen_bacgiang_bacgiangcity_backan_backancity,67.7502
2026-06-22 23:00:00+00:00,angiang_longxuyen_bacgiang_bacgiangcity_backan_backancity,67.290924
2026-06-23 00:00:00+00:00,angiang_longxuyen_bacgiang_bacgiangcity_backan_backancity,67.2217
2026-06-23 01:00:00+00:00,angiang_longxuyen_bacgiang_bacgiangcity_backan_backancity,67.138
2026-06-23 02:00:00+00:00,angiang_longxuyen_bacgiang_bacgiangcity_backan_backancity,67.00711
2026-06-23 03:00:00+00:00,angiang_longxuyen_bacgiang_bacgiangcity_backan_backancity,66.8737
2026-06-23 04:00:00+00:00,angiang_longxuyen_bacgiang_bacgiangcity_backan_backancity,66.69473
2026-06-23 05:00:00+00:00,angiang_longxuyen_bacgiang_bacgiangcity_backan_backancity,66.597725
2026-06-23 06:00:00+00:00,angiang_longxuyen_bacgiang_bacgiangcity_backan_backancity,66.52664
2026-06-23 07:00:00+00:00,angiang_longxuyen_bacgiang_bacgiangcity_backan_backancity,66.43429
2026-06-23 08:00:00+00:00,angiang_longxuyen_bacgiang_bacgiangcity_backan_backancity,65.76137
2026-06-23 09:00:00+00:00,angiang_longxuyen_bacgiang_bacgiangcity_backan_backancity,65.239426
2026-06-23 10:00:00+00:00,angiang_longxuyen_bacgiang_bacgiangcity_backan_backancity,64.76147
2026-06-23 11:00:00+00:00,angiang_longxuyen_bacgiang_bacgiangcity_backan_backancity,64.01501
2026-06-23 12:00:00+00:00,angiang_longxuyen_bacgiang_bacgiangcity_backan_backancity,63.60452
2026-06-23 13:00:00+00:00,angiang_longxuyen_bacgiang_bacgiangcity_backan_backancity,63.002052
2026-06-23 14:00:00+00:00,angiang_longxuyen_bacgiang_bacgiangcity_backan_backancity,62.519
2026-06-23 15:00:00+00:00,angiang_longxuyen_bacgiang_bacgiangcity_backan_backancity,62.30082
2026-06-23 16:00:00+00:00,angiang_longxuyen_bacgiang_bacgiangcity_backan_backancity,61.62314
2026-06-23 17:00:00+00:00,angiang_longxuyen_bacgiang_bacgiangcity_backan_backancity,61.412144
2026-06-23 18:00:00+00:00,angiang_longxuyen_bacgiang_bacgiangcity_backan_backancity,60.713226
2026-06-23 19:00:00+00:00,angiang_longxuyen_bacgiang_bacgiangcity_backan_backancity,60.31206
2026-06-23 20:00:00+00:00,angiang_longxuyen_bacgiang_bacgiangcity_backan_backancity,60.178757
2026-06-23 21:00:00+00:00,angiang_longxuyen_bacgiang_bacgiangcity_backan_backancity,59.63612
2026-06-23 22:00:00+00:00,angiang_longxuyen_bacgiang_bacgiangcity_backan_backancity,59.54902
2026-06-23 23:00:00+00:00,angiang_longxuyen_bacgiang_bacgiangcity_backan_backancity,59.773266
2026-06-24 00:00:00+00:00,angiang_longxuyen_bacgiang_bacgiangcity_backan_backancity,59.194355
2026-06-24 01:00:00+00:00,angiang_longxuyen_bacgiang_bacgiangcity_backan_backancity,58.91273
2026-06-24 02:00:00+00:00,angiang_longxuyen_bacgiang_bacgiangcity_backan_backancity,58.186665
2026-06-24 03:00:00+00:00,angiang_longxuyen_bacgiang_bacgiangcity_backan_backancity,58.48288
2026-06-24 04:00:00+00:00,angiang_longxuyen_bacgiang_bacgiangcity_backan_backancity,57.80029
2026-06-24 05:00:00+00:00,angiang_longxuyen_bacgiang_bacgiangcity_backan_backancity,57.539272
2026-06-24 06:00:00+00:00,angiang_longxuyen_bacgiang_bacgiangcity_backan_backancity,57.375397
2026-06-24 07:00:00+00:00,angiang_longxuyen_bacgiang_bacgiangcity_backan_backancity,57.176643
2026-06-24 08:00:00+00:00,angiang_longxuyen_bacgiang_bacgiangcity_backan_backancity,57.021637
2026-06-24 09:00:00+00:00,angiang_longxuyen_bacgiang_bacgiangcity_backan_backancity,56.509743
2026-06-24 10:00:00+00:00,angiang_longxuyen_bacgiang_bacgiangcity_backan_backancity,56.62884
2026-06-24 11:00:00+00:00,angiang_longxuyen_bacgiang_bacgiangcity_backan_backancity,56.548508
2026-06-24 12:00:00+00:00,angiang_longxuyen_bacgiang_bacgiangcity_backan_backancity,57.2104
2026-06-24 13:00:00+00:00,angiang_longxuyen_bacgiang_bacgiangcity_backan_backancity,57.19614
2026-06-24 14:00:00+00:00,angiang_longxuyen_bacgiang_bacgiangcity_backan_backancity,56.804455
2026-06-24 15:00:00+00:00,angiang_longxuyen_bacgiang_bacgiangcity_backan_backancity,56.710526
2026-06-24 16:00:00+00:00,angiang_longxuyen_bacgiang_bacgiangcity_backan_backancity,56.595284
2026-06-24 17:00:00+00:00,angiang_longxuyen_bacgiang_bacgiangcity_backan_backancity,56.579117
2026-06-24 18:00:00+00:00,angiang_longxuyen_bacgiang_bacgiangcity_backan_backancity,56.47533
2026-06-24 19:00:00+00:00,angiang_longxuyen_bacgiang_bacgiangcity_backan_backancity,56.56342
2026-06-24 20:00:00+00:00,angiang_longxuyen_bacgiang_bacgiangcity_backan_backancity,57.510162
2026-06-24 21:00:00+00:00,angiang_longxuyen_bacgiang_bacgiangcity_backan_backancity,57.401505
2026-06-24 22:00:00+00:00,angiang_longxuyen_bacgiang_bacgiangcity_backan_backancity,57.71447
2026-06-24 23:00:00+00:00,angiang_longxuyen_bacgiang_bacgiangcity_backan_backancity,57.745148
2026-06-25 00:00:00+00:00,angiang_longxuyen_bacgiang_bacgiangcity_backan_backancity,58.25329
2026-06-25 01:00:00+00:00,angiang_longxuyen_bacgiang_bacgiangcity_backan_backancity,58.224075
2026-06-25 02:00:00+00:00,angiang_longxuyen_bacgiang_bacgiangcity_backan_backancity,58.084145
2026-06-25 03:00:00+00:00,angiang_longxuyen_bacgiang_bacgiangcity_backan_backancity,57.826054
2026-06-25 04:00:00+00:00,angiang_longxuyen_bacgiang_bacgiangcity_backan_backancity,57.96169
2026-06-25 05:00:00+00:00,angiang_longxuyen_bacgiang_bacgiangcity_backan_backancity,57.79148
2026-06-25 06:00:00+00:00,angiang_longxuyen_bacgiang_bacgiangcity_backan_backancity,57.2264
2026-06-25 07:00:00+00:00,angiang_longxuyen_bacgiang_bacgiangcity_backan_backancity,57.426796
2026-06-25 08:00:00+00:00,angiang_longxuyen_bacgiang_bacgiangcity_backan_backancity,57.786335
2026-06-25 09:00:00+00:00,angiang_longxuyen_bacgiang_bacgiangcity_backan_backancity,58.277927
2026-06-25 10:00:00+00:00,angiang_longxuyen_bacgiang_bacgiangcity_backan_backancity,58.74019
2026-06-25 11:00:00+00:00,angiang_longxuyen_bacgiang_bacgiangcity_backan_backancity,59.230972
2026-06-25 12:00:00+00:00,angiang_longxuyen_bacgiang_bacgiangcity_backan_backancity,59.882195
2026-06-25 13:00:00+00:00,angiang_longxuyen_bacgiang_bacgiangcity_backan_backancity,59.910378
2026-06-25 14:00:00+00:00,angiang_longxuyen_bacgiang_bacgiangcity_backan_backancity,60.27027
2026-06-25 15:00:00+00:00,angiang_longxuyen_bacgiang_bacgiangcity_backan_backancity,60.287308
2026-06-25 16:00:00+00:00,angiang_longxuyen_bacgiang_bacgiangcity_backan_backancity,60.12037
2026-06-25 17:00:00+00:00,angiang_longxuyen_bacgiang_bacgiangcity_backan_backancity,60.53813
2026-06-25 18:00:00+00:00,angiang_longxuyen_bacgiang_bacgiangcity_backan_backancity,60.49257
2026-06-25 19:00:00+00:00,angiang_longxuyen_bacgiang_bacgiangcity_backan_backancity,61.607803
2026-06-25 20:00:00+00:00,angiang_longxuyen_bacgiang_bacgiangcity_backan_backancity,61.989483
2026-06-25 21:00:00+00:00,angiang_longxuyen_bacgiang_bacgiangcity_backan_backancity,62.07285
2026-06-25 22:00:00+00:00,angiang_longxuyen_bacgiang_bacgiangcity_backan_backancity,62.73507
2026-06-25 23:00:00+00:00,angiang_longxuyen_bacgiang_bacgiangcity_backan_backancity,63.141705
2026-06-26 00:00:00+00:00,angiang_longxuyen_bacgiang_bacgiangcity_backan_backancity,63.082672
2026-06-26 01:00:00+00:00,angiang_longxuyen_bacgiang_bacgiangcity_backan_backancity,62.971756
2026-06-26 02:00:00+00:00,angiang_longxuyen_bacgiang_bacgiangcity_backan_backancity,62.762836
2026-06-26 03:00:00+00:00,angiang_longxuyen_bacgiang_bacgiangcity_backan_backancity,62.527435
2026-06-26 04:00:00+00:00,angiang_longxuyen_bacgiang_bacgiangcity_backan_backancity,62.37507
2026-06-26 05:00:00+00:00,angiang_longxuyen_bacgiang_bacgiangcity_backan_backancity,62.287434
2026-06-26 06:00:00+00:00,angiang_longxuyen_bacgiang_bacgiangcity_backan_backancity,62.81554
2026-06-26 07:00:00+00:00,angiang_longxuyen_bacgiang_bacgiangcity_backan_backancity,63.010067
2026-06-26 08:00:00+00:00,angiang_longxuyen_bacgiang_bacgiangcity_backan_backancity,63.87391
2026-06-26 09:00:00+00:00,angiang_longxuyen_bacgiang_bacgiangcity_backan_backancity,64.09225
2026-06-26 10:00:00+00:00,angiang_longxuyen_bacgiang_bacgiangcity_backan_backancity,63.948956
2026-06-26 11:00:00+00:00,angiang_longxuyen_bacgiang_bacgiangcity_backan_backancity,63.72397
2026-06-26 12:00:00+00:00,angiang_longxuyen_bacgiang_bacgiangcity_backan_backancity,62.94907
2026-06-26 13:00:00+00:00,angiang_longxuyen_bacgiang_bacgiangcity_backan_backancity,61.950405
2026-06-26 14:00:00+00:00,angiang_longxuyen_bacgiang_bacgiangcity_backan_backancity,61.170486
2026-06-26 15:00:00+00:00,angiang_longxuyen_bacgiang_bacgiangcity_backan_backancity,60.924152
2026-06-26 16:00:00+00:00,angiang_longxuyen_bacgiang_bacgiangcity_backan_backancity,60.20756
2026-06-26 17:00:00+00:00,angiang_longxuyen_bacgiang_bacgiangcity_backan_backancity,60.0017
2026-06-26 18:00:00+00:00,angiang_longxuyen_bacgiang_bacgiangcity_backan_backancity,59.999557
2026-06-26 19:00:00+00:00,angiang_longxuyen_bacgiang_bacgiangcity_backan_backancity,60.84622
2026-06-26 20:00:00+00:00,angiang_longxuyen_bacgiang_bacgiangcity_backan_backancity,60.91867
2026-06-26 21:00:00+00:00,angiang_longxuyen_bacgiang_bacgiangcity_backan_backancity,60.493065
2026-06-26 22:00:00+00:00,angiang_longxuyen_bacgiang_bacgiangcity_backan_backancity,60.960705
2026-06-26 23:00:00+00:00,angiang_longxuyen_bacgiang_bacgiangcity_backan_backancity,60.311626
2026-06-27 00:00:00+00:00,angiang_longxuyen_bacgiang_bacgiangcity_backan_backancity,59.847157
2026-06-27 01:00:00+00:00,angiang_longxuyen_bacgiang_bacgiangcity_backan_backancity,59.16546
2026-06-27 02:00:00+00:00,angiang_longxuyen_bacgiang_bacgiangcity_backan_backancity,58.965073
2026-06-27 03:00:00+00:00,angiang_longxuyen_bacgiang_bacgiangcity_backan_backancity,58.919342
2026-06-27 04:00:00+00:00,angiang_longxuyen_bacgiang_bacgiangcity_backan_backancity,58.794403
2026-06-27 05:00:00+00:00,angiang_longxuyen_bacgiang_bacgiangcity_backan_backancity,58.753162
2026-06-27 06:00:00+00:00,angiang_longxuyen_bacgiang_bacgiangcity_backan_backancity,58.21972
2026-06-27 07:00:00+00:00,angiang_longxuyen_bacgiang_bacgiangcity_backan_backancity,58.25873
2026-06-27 08:00:00+00:00,angiang_longxuyen_bacgiang_bacgiangcity_backan_backancity,57.93259
2026-06-27 09:00:00+00:00,angiang_longxuyen_bacgiang_bacgiangcity_backan_backancity,57.89355
2026-06-27 10:00:00+00:00,angiang_longxuyen_bacgiang_bacgiangcity_backan_backancity,58.190807
2026-06-27 11:00:00+00:00,angiang_longxuyen_bacgiang_bacgiangcity_backan_backancity,57.7073
2026-06-27 12:00:00+00:00,angiang_longxuyen_bacgiang_bacgiangcity_backan_backancity,57.178307
2026-06-27 13:00:00+00:00,angiang_longxuyen_bacgiang_bacgiangcity_backan_backancity,56.954754
2026-06-27 14:00:00+00:00,angiang_longxuyen_bacgiang_bacgiangcity_backan_backancity,56.443417
2026-06-27 15:00:00+00:00,angiang_longxuyen_bacgiang_bacgiangcity_backan_backancity,56.569275
2026-06-27 16:00:00+00:00,angiang_longxuyen_bacgiang_bacgiangcity_backan_backancity,56.658466
2026-06-27 17:00:00+00:00,angiang_longxuyen_bacgiang_bacgiangcity_backan_backancity,57.889393
2026-06-27 18:00:00+00:00,angiang_longxuyen_bacgiang_bacgiangcity_backan_backancity,61.416996
2026-06-27 19:00:00+00:00,angiang_longxuyen_bacgiang_bacgiangcity_backan_backancity,65.54274
2026-06-27 20:00:00+00:00,angiang_longxuyen_bacgiang_bacgiangcity_backan_backancity,68.07497
2026-06-27 21:00:00+00:00,angiang_longxuyen_bacgiang_bacgiangcity_backan_backancity,68.87687
2026-06-27 22:00:00+00:00,angiang_longxuyen_bacgiang_bacgiangcity_backan_backancity,69.718445
2026-06-27 23:00:00+00:00,angiang_longxuyen_bacgiang_bacgiangcity_backan_backancity,69.63494
2026-06-28 00:00:00+00:00,angiang_longxuyen_bacgiang_bacgiangcity_backan_backancity,71.12174
2026-06-28 01:00:00+00:00,angiang_longxuyen_bacgiang_bacgiangcity_backan_backancity,72.655624
2026-06-28 02:00:00+00:00,angiang_longxuyen_bacgiang_bacgiangcity_backan_backancity,74.72719
2026-06-28 03:00:00+00:00,angiang_longxuyen_bacgiang_bacgiangcity_backan_backancity,77.517815
2026-06-28 04:00:00+00:00,angiang_longxuyen_bacgiang_bacgiangcity_backan_backancity,79.94729
2026-06-28 05:00:00+00:00,angiang_longxuyen_bacgiang_bacgiangcity_backan_backancity,81.8647
2026-06-28 06:00:00+00:00,angiang_longxuyen_bacgiang_bacgiangcity_backan_backancity,85.27596
2026-06-28 07:00:00+00:00,angiang_longxuyen_bacgiang_bacgiangcity_backan_backancity,87.91226
2026-06-28 08:00:00+00:00,angiang_longxuyen_bacgiang_bacgiangcity_backan_backancity,89.86981
2026-06-28 09:00:00+00:00,angiang_longxuyen_bacgiang_bacgiangcity_backan_backancity,93.29156
2026-06-28 10:00:00+00:00,angiang_longxuyen_bacgiang_bacgiangcity_backan_backancity,95.370445
2026-06-28 11:00:00+00:00,angiang_longxuyen_bacgiang_bacgiangcity_backan_backancity,97.038574
2026-06-28 12:00:00+00:00,angiang_longxuyen_bacgiang_bacgiangcity_backan_backancity,99.98476
2026-06-28 13:00:00+00:00,angiang_longxuyen_bacgiang_bacgiangcity_backan_backancity,102.54244
2026-06-28 14:00:00+00:00,angiang_longxuyen_bacgiang_bacgiangcity_backan_backancity,104.707794
2026-06-28 15:00:00+00:00,angiang_longxuyen_bacgiang_bacgiangcity_backan_backancity,105.59992
2026-06-28 16:00:00+00:00,angiang_longxuyen_bacgiang_bacgiangcity_backan_backancity,107.13144
2026-06-28 17:00:00+00:00,angiang_longxuyen_bacgiang_bacgiangcity_backan_backancity,109.92443
2026-06-28 18:00:00+00:00,angiang_longxuyen_bacgiang_bacgiangcity_backan_backancity,113.324326
2026-06-28 19:00:00+00:00,angiang_longxuyen_bacgiang_bacgiangcity_backan_backancity,117.062325
2026-06-28 20:00:00+00:00,angiang_longxuyen_bacgiang_bacgiangcity_backan_backancity,118.066956
2026-06-28 21:00:00+00:00,angiang_longxuyen_bacgiang_bacgiangcity_backan_backancity,117.36806
2026-06-28 22:00:00+00:00,angiang_longxuyen_bacgiang_bacgiangcity_backan_backancity,116.67508
2026-06-28 23:00:00+00:00,angiang_longxuyen_bacgiang_bacgiangcity_backan_backancity,115.58306
2026-06-29 00:00:00+00:00,angiang_longxuyen_bacgiang_bacgiangcity_backan_backancity,115.30133
2026-06-29 01:00:00+00:00,angiang_longxuyen_bacgiang_bacgiangcity_backan_backancity,114.16223
2026-06-29 02:00:00+00:00,angiang_longxuyen_bacgiang_bacgiangcity_backan_backancity,111.90766
2026-06-29 03:00:00+00:00,angiang_longxuyen_bacgiang_bacgiangcity_backan_backancity,109.58383
2026-06-29 04:00:00+00:00,angiang_longxuyen_bacgiang_bacgiangcity_backan_backancity,106.67904
2026-06-29 05:00:00+00:00,angiang_longxuyen_bacgiang_bacgiangcity_backan_backancity,103.692444
2026-06-29 06:00:00+00:00,angiang_longxuyen_bacgiang_bacgiangcity_backan_backancity,100.94982
2026-06-29 07:00:00+00:00,angiang_longxuyen_bacgiang_bacgiangcity_backan_backancity,98.88458
2026-06-29 08:00:00+00:00,angiang_longxuyen_bacgiang_bacgiangcity_backan_backancity,96.926926
2026-06-29 09:00:00+00:00,angiang_longxuyen_bacgiang_bacgiangcity_backan_backancity,96.4297
2026-06-29 10:00:00+00:00,angiang_longxuyen_bacgiang_bacgiangcity_backan_backancity,96.44877
2026-06-29 11:00:00+00:00,angiang_longxuyen_bacgiang_bacgiangcity_backan_backancity,95.20163
2026-06-29 12:00:00+00:00,angiang_longxuyen_bacgiang_bacgiangcity_backan_backancity,94.86748
2026-06-29 13:00:00+00:00,angiang_longxuyen_bacgiang_bacgiangcity_backan_backancity,94.25149
2026-06-29 14:00:00+00:00,angiang_longxuyen_bacgiang_bacgiangcity_backan_backancity,93.58345
2026-06-29 15:00:00+00:00,angiang_longxuyen_bacgiang_bacgiangcity_backan_backancity,92.30474
2026-06-29 16:00:00+00:00,angiang_longxuyen_bacgiang_bacgiangcity_backan_backancity,91.24808
2026-06-29 17:00:00+00:00,angiang_longxuyen_bacgiang_bacgiangcity_backan_backancity,90.99336
2026-06-29 18:00:00+00:00,angiang_longxuyen_bacgiang_bacgiangcity_backan_backancity,90.897766
2026-06-29 19:00:00+00:00,angiang_longxuyen_bacgiang_bacgiangcity_backan_backancity,90.86276
2026-06-29 20:00:00+00:00,angiang_longxuyen_bacgiang_bacgiangcity_backan_backancity,91.59207
2026-06-29 21:00:00+00:00,angiang_longxuyen_bacgiang_bacgiangcity_backan_backancity,92.0025
2026-06-29 22:00:00+00:00,angiang_longxuyen_bacgiang_bacgiangcity_backan_backancity,93.074486
2026-06-29 23:00:00+00:00,angiang_longxuyen_bacgiang_bacgiangcity_backan_backancity,94.11701
2026-06-30 00:00:00+00:00,angiang_longxuyen_bacgiang_bacgiangcity_backan_backancity,95.69973
2026-06-30 01:00:00+00:00,angiang_longxuyen_bacgiang_bacgiangcity_backan_backancity,97.07154
2026-06-30 02:00:00+00:00,angiang_longxuyen_bacgiang_bacgiangcity_backan_backancity,98.80676
2026-06-30 03:00:00+00:00,angiang_longxuyen_bacgiang_bacgiangcity_backan_backancity,100.69744
2026-06-30 04:00:00+00:00,angiang_longxuyen_bacgiang_bacgiangcity_backan_backancity,103.13704
2026-06-30 05:00:00+00:00,angiang_longxuyen_bacgiang_bacgiangcity_backan_backancity,105.83184
2026-06-30 06:00:00+00:00,angiang_longxuyen_bacgiang_bacgiangcity_backan_backancity,109.52163
2026-06-30 07:00:00+00:00,angiang_longxuyen_bacgiang_bacgiangcity_backan_backancity,112.7782
2026-06-30 08:00:00+00:00,angiang_longxuyen_bacgiang_bacgiangcity_backan_backancity,114.67316
2026-06-30 09:00:00+00:00,angiang_longxuyen_bacgiang_bacgiangcity_backan_backancity,116.50925
2026-06-30 10:00:00+00:00,angiang_longxuyen_bacgiang_bacgiangcity_backan_backancity,116.98769
2026-06-30 11:00:00+00:00,angiang_longxuyen_bacgiang_bacgiangcity_backan_backancity,117.12353
2026-06-30 12:00:00+00:00,angiang_longxuyen_bacgiang_bacgiangcity_backan_backancity,117.42033
2026-06-30 13:00:00+00:00,angiang_longxuyen_bacgiang_bacgiangcity_backan_backancity,117.24964
2026-06-30 14:00:00+00:00,angiang_longxuyen_bacgiang_bacgiangcity_backan_backancity,118.6934
2026-06-30 15:00:00+00:00,angiang_longxuyen_bacgiang_bacgiangcity_backan_backancity,118.76908
2026-06-30 16:00:00+00:00,angiang_longxuyen_bacgiang_bacgiangcity_backan_backancity,118.68013
2026-06-30 17:00:00+00:00,angiang_longxuyen_bacgiang_bacgiangcity_backan_backancity,119.76424
2026-06-30 18:00:00+00:00,angiang_longxuyen_bacgiang_bacgiangcity_backan_backancity,120.73887
2026-06-30 19:00:00+00:00,angiang_longxuyen_bacgiang_bacgiangcity_backan_backancity,123.402985
2026-06-30 20:00:00+00:00,angiang_longxuyen_bacgiang_bacgiangcity_backan_backancity,125.991974
2026-06-30 21:00:00+00:00,angiang_longxuyen_bacgiang_bacgiangcity_backan_backancity,127.22858
2026-06-30 22:00:00+00:00,angiang_longxuyen_bacgiang_bacgiangcity_backan_backancity,129.36125
2026-06-30 23:00:00+00:00,angiang_longxuyen_bacgiang_bacgiangcity_backan_backancity,131.02956
2026-07-01 00:00:00+00:00,angiang_longxuyen_bacgiang_bacgiangcity_backan_backancity,131.2846
2026-07-01 01:00:00+00:00,angiang_longxuyen_bacgiang_bacgiangcity_backan_backancity,131.29294
2026-07-01 02:00:00+00:00,angiang_longxuyen_bacgiang_bacgiangcity_backan_backancity,130.80824
2026-07-01 03:00:00+00:00,angiang_longxuyen_bacgiang_bacgiangcity_backan_backancity,129.13385
2026-07-01 04:00:00+00:00,angiang_longxuyen_bacgiang_bacgiangcity_backan_backancity,126.839935
2026-07-01 05:00:00+00:00,angiang_longxuyen_bacgiang_bacgiangcity_backan_backancity,124.385315
2026-07-01 06:00:00+00:00,angiang_longxuyen_bacgiang_bacgiangcity_backan_backancity,121.90168
2026-07-01 07:00:00+00:00,angiang_longxuyen_bacgiang_bacgiangcity_backan_backancity,118.9564
2026-07-01 08:00:00+00:00,angiang_longxuyen_bacgiang_bacgiangcity_backan_backancity,115.03105
2026-07-01 09:00:00+00:00,angiang_longxuyen_bacgiang_bacgiangcity_backan_backancity,111.97872
2026-07-01 10:00:00+00:00,angiang_longxuyen_bacgiang_bacgiangcity_backan_backancity,110.99889
2026-07-01 11:00:00+00:00,angiang_longxuyen_bacgiang_bacgiangcity_backan_backancity,113.13649
2026-07-01 12:00:00+00:00,angiang_longxuyen_bacgiang_bacgiangcity_backan_backancity,115.84513
2026-07-01 13:00:00+00:00,angiang_longxuyen_bacgiang_bacgiangcity_backan_backancity,120.15781
2026-07-01 14:00:00+00:00,angiang_longxuyen_bacgiang_bacgiangcity_backan_backancity,122.950165
2026-07-01 15:00:00+00:00,angiang_longxuyen_bacgiang_bacgiangcity_backan_backancity,126.40676
2026-07-01 16:00:00+00:00,angiang_longxuyen_bacgiang_bacgiangcity_backan_backancity,128.57538
2026-07-01 17:00:00+00:00,angiang_longxuyen_bacgiang_bacgiangcity_backan_backancity,130.866
2026-07-01 18:00:00+00:00,angiang_longxuyen_bacgiang_bacgiangcity_backan_backancity,133.0658
2026-07-01 19:00:00+00:00,angiang_longxuyen_bacgiang_bacgiangcity_backan_backancity,135.09164
2026-07-01 20:00:00+00:00,angiang_longxuyen_bacgiang_bacgiangcity_backan_backancity,136.9266
2026-07-01 21:00:00+00:00,angiang_longxuyen_bacgiang_bacgiangcity_backan_backancity,137.50569
2026-07-01 22:00:00+00:00,angiang_longxuyen_bacgiang_bacgiangcity_backan_backancity,137.844
2026-07-01 23:00:00+00:00,angiang_longxuyen_bacgiang_bacgiangcity_backan_backancity,138.0075
2026-07-02 00:00:00+00:00,angiang_longxuyen_bacgiang_bacgiangcity_backan_backancity,137.87573
2026-07-02 01:00:00+00:00,angiang_longxuyen_bacgiang_bacgiangcity_backan_backancity,137.90158
2026-07-02 02:00:00+00:00,angiang_longxuyen_bacgiang_bacgiangcity_backan_backancity,138.15842
2026-07-02 03:00:00+00:00,angiang_longxuyen_bacgiang_bacgiangcity_backan_backancity,138.53285
2026-07-02 04:00:00+00:00,angiang_longxuyen_bacgiang_bacgiangcity_backan_backancity,140.13391
2026-07-02 05:00:00+00:00,angiang_longxuyen_bacgiang_bacgiangcity_backan_backancity,141.91518
2026-07-02 06:00:00+00:00,angiang_longxuyen_bacgiang_bacgiangcity_backan_backancity,142.85672
2026-07-02 07:00:00+00:00,angiang_longxuyen_bacgiang_bacgiangcity_backan_backancity,144.77258
2026-07-02 08:00:00+00:00,angiang_longxuyen_bacgiang_bacgiangcity_backan_backancity,146.36443
2026-07-02 09:00:00+00:00,angiang_longxuyen_bacgiang_bacgiangcity_backan_backancity,146.74165
2026-07-02 10:00:00+00:00,angiang_longxuyen_bacgiang_bacgiangcity_backan_backancity,148.16803
2026-07-02 11:00:00+00:00,angiang_longxuyen_bacgiang_bacgiangcity_backan_backancity,148.55736
2026-07-02 12:00:00+00:00,angiang_longxuyen_bacgiang_bacgiangcity_backan_backancity,148.8614
2026-07-02 13:00:00+00:00,angiang_longxuyen_bacgiang_bacgiangcity_backan_backancity,149.10559
2026-07-02 14:00:00+00:00,angiang_longxuyen_bacgiang_bacgiangcity_backan_backancity,147.99948
2026-07-02 15:00:00+00:00,angiang_longxuyen_bacgiang_bacgiangcity_backan_backancity,147.83287
2026-07-02 16:00:00+00:00,angiang_longxuyen_bacgiang_bacgiangcity_backan_backancity,147.69948
2026-07-02 17:00:00+00:00,angiang_longxuyen_bacgiang_bacgiangcity_backan_backancity,147.52658
2026-07-02 18:00:00+00:00,angiang_longxuyen_bacgiang_bacgiangcity_backan_backancity,147.55173
2026-07-02 19:00:00+00:00,angiang_longxuyen_bacgiang_bacgiangcity_backan_backancity,147.67194
2026-07-02 20:00:00+00:00,angiang_longxuyen_bacgiang_bacgiangcity_backan_backancity,147.13945
2026-07-02 21:00:00+00:00,angiang_longxuyen_bacgiang_bacgiangcity_backan_backancity,147.035
2026-07-02 22:00:00+00:00,angiang_longxuyen_bacgiang_bacgiangcity_backan_backancity,146.86667
2026-07-02 23:00:00+00:00,angiang_longxuyen_bacgiang_bacgiangcity_backan_backancity,145.48792
2026-07-03 00:00:00+00:00,angiang_longxuyen_bacgiang_bacgiangcity_backan_backancity,145.37318
2026-07-03 01:00:00+00:00,angiang_longxuyen_bacgiang_bacgiangcity_backan_backancity,145.12671
2026-07-03 02:00:00+00:00,angiang_longxuyen_bacgiang_bacgiangcity_backan_backancity,145.08475
2026-07-03 03:00:00+00:00,angiang_longxuyen_bacgiang_bacgiangcity_backan_backancity,145.1521
2026-07-03 04:00:00+00:00,angiang_longxuyen_bacgiang_bacgiangcity_backan_backancity,145.29509
2026-07-03 05:00:00+00:00,angiang_longxuyen_bacgiang_bacgiangcity_backan_backancity,145.52243
2026-07-03 06:00:00+00:00,angiang_longxuyen_bacgiang_bacgiangcity_backan_backancity,145.82814
2026-07-03 07:00:00+00:00,angiang_longxuyen_bacgiang_bacgiangcity_backan_backancity,146.09882
2026-07-03 08:00:00+00:00,angiang_longxuyen_bacgiang_bacgiangcity_backan_backancity,146.11757
2026-07-03 09:00:00+00:00,angiang_longxuyen_bacgiang_bacgiangcity_backan_backancity,146.21135
2026-07-03 10:00:00+00:00,angiang_longxuyen_bacgiang_bacgiangcity_backan_backancity,146.18042
2026-07-03 11:00:00+00:00,angiang_longxuyen_bacgiang_bacgiangcity_backan_backancity,146.22089
2026-07-03 12:00:00+00:00,angiang_longxuyen_bacgiang_bacgiangcity_backan_backancity,147.65356
2026-07-03 13:00:00+00:00,angiang_longxuyen_bacgiang_bacgiangcity_backan_backancity,147.53864
2026-07-03 14:00:00+00:00,angiang_longxuyen_bacgiang_bacgiangcity_backan_backancity,147.0271
2026-07-03 15:00:00+00:00,angiang_longxuyen_bacgiang_bacgiangcity_backan_backancity,146.38416
2026-07-03 16:00:00+00:00,angiang_longxuyen_bacgiang_bacgiangcity_backan_backancity,145.91554
2026-07-03 17:00:00+00:00,angiang_longxuyen_bacgiang_bacgiangcity_backan_backancity,144.56097
2026-07-03 18:00:00+00:00,angiang_longxuyen_bacgiang_bacgiangcity_backan_backancity,144.22545
2026-07-03 19:00:00+00:00,angiang_longxuyen_bacgiang_bacgiangcity_backan_backancity,142.88593
2026-07-03 20:00:00+00:00,angiang_longxuyen_bacgiang_bacgiangcity_backan_backancity,142.45355
2026-07-03 21:00:00+00:00,angiang_longxuyen_bacgiang_bacgiangcity_backan_backancity,141.0428
2026-07-03 22:00:00+00:00,angiang_longxuyen_bacgiang_bacgiangcity_backan_backancity,140.7272
2026-07-03 23:00:00+00:00,angiang_longxuyen_bacgiang_bacgiangcity_backan_backancity,140.45468
2026-07-04 00:00:00+00:00,angiang_longxuyen_bacgiang_bacgiangcity_backan_backancity,139.16692
2026-07-04 01:00:00+00:00,angiang_longxuyen_bacgiang_bacgiangcity_backan_backancity,138.76315
2026-07-04 02:00:00+00:00,angiang_longxuyen_bacgiang_bacgiangcity_backan_backancity,137.08139
2026-07-04 03:00:00+00:00,angiang_longxuyen_bacgiang_bacgiangcity_backan_backancity,135.26303
2026-07-04 04:00:00+00:00,angiang_longxuyen_bacgiang_bacgiangcity_backan_backancity,134.3477
2026-07-04 05:00:00+00:00,angiang_longxuyen_bacgiang_bacgiangcity_backan_backancity,132.30476
2026-07-04 06:00:00+00:00,angiang_longxuyen_bacgiang_bacgiangcity_backan_backancity,130.0038
2026-07-04 07:00:00+00:00,angiang_longxuyen_bacgiang_bacgiangcity_backan_backancity,127.9449
2026-07-04 08:00:00+00:00,angiang_longxuyen_bacgiang_bacgiangcity_backan_backancity,125.28562
2026-07-04 09:00:00+00:00,angiang_longxuyen_bacgiang_bacgiangcity_backan_backancity,123.04483
2026-07-04 10:00:00+00:00,angiang_longxuyen_bacgiang_bacgiangcity_backan_backancity,120.38267
2026-07-04 11:00:00+00:00,angiang_longxuyen_bacgiang_bacgiangcity_backan_backancity,118.231094
2026-07-04 12:00:00+00:00,angiang_longxuyen_bacgiang_bacgiangcity_backan_backancity,117.23735
2026-07-04 13:00:00+00:00,angiang_longxuyen_bacgiang_bacgiangcity_backan_backancity,115.62784
2026-07-04 14:00:00+00:00,angiang_longxuyen_bacgiang_bacgiangcity_backan_backancity,114.17684
2026-07-04 15:00:00+00:00,angiang_longxuyen_bacgiang_bacgiangcity_backan_backancity,113.338646
2026-07-04 16:00:00+00:00,angiang_longxuyen_bacgiang_bacgiangcity_backan_backancity,112.49604
2026-07-04 17:00:00+00:00,angiang_longxuyen_bacgiang_bacgiangcity_backan_backancity,111.815544
2026-07-04 18:00:00+00:00,angiang_longxuyen_bacgiang_bacgiangcity_backan_backancity,110.93969
2026-07-04 19:00:00+00:00,angiang_longxuyen_bacgiang_bacgiangcity_backan_backancity,111.18019
2026-07-04 20:00:00+00:00,angiang_longxuyen_bacgiang_bacgiangcity_backan_backancity,111.88335
2026-07-04 21:00:00+00:00,angiang_longxuyen_bacgiang_bacgiangcity_backan_backancity,112.27597
2026-07-04 22:00:00+00:00,angiang_longxuyen_bacgiang_bacgiangcity_backan_backancity,112.86982
2026-07-04 23:00:00+00:00,angiang_longxuyen_bacgiang_bacgiangcity_backan_backancity,113.23101
2026-07-05 00:00:00+00:00,angiang_longxuyen_bacgiang_bacgiangcity_backan_backancity,115.0044
2026-07-05 01:00:00+00:00,angiang_longxuyen_bacgiang_bacgiangcity_backan_backancity,116.7327
2026-07-05 02:00:00+00:00,angiang_longxuyen_bacgiang_bacgiangcity_backan_backancity,118.77781
2026-07-05 03:00:00+00:00,angiang_longxuyen_bacgiang_bacgiangcity_backan_backancity,120.16762
2026-07-05 04:00:00+00:00,angiang_longxuyen_bacgiang_bacgiangcity_backan_backancity,122.3248
2026-07-05 05:00:00+00:00,angiang_longxuyen_bacgiang_bacgiangcity_backan_backancity,124.5184
2026-07-05 06:00:00+00:00,angiang_longxuyen_bacgiang_bacgiangcity_backan_backancity,126.90978
2026-07-05 07:00:00+00:00,angiang_longxuyen_bacgiang_bacgiangcity_backan_backancity,129.22762
2026-07-05 08:00:00+00:00,angiang_longxuyen_bacgiang_bacgiangcity_backan_backancity,129.47316
2026-07-05 09:00:00+00:00,angiang_longxuyen_bacgiang_bacgiangcity_backan_backancity,132.66876
2026-07-05 10:00:00+00:00,angiang_longxuyen_bacgiang_bacgiangcity_backan_backancity,133.16135
2026-07-05 11:00:00+00:00,angiang_longxuyen_bacgiang_bacgiangcity_backan_backancity,133.98691
2026-07-05 12:00:00+00:00,angiang_longxuyen_bacgiang_bacgiangcity_backan_backancity,134.77747
2026-07-05 13:00:00+00:00,angiang_longxuyen_bacgiang_bacgiangcity_backan_backancity,134.91083
2026-07-05 14:00:00+00:00,angiang_longxuyen_bacgiang_bacgiangcity_backan_backancity,134.6253
2026-07-05 15:00:00+00:00,angiang_longxuyen_bacgiang_bacgiangcity_backan_backancity,133.42412
2026-07-05 16:00:00+00:00,angiang_longxuyen_bacgiang_bacgiangcity_backan_backancity,131.45737
2026-07-05 17:00:00+00:00,angiang_longxuyen_bacgiang_bacgiangcity_backan_backancity,130.9874
2026-07-05 18:00:00+00:00,angiang_longxuyen_bacgiang_bacgiangcity_backan_backancity,130.52084
2026-07-05 19:00:00+00:00,angiang_longxuyen_bacgiang_bacgiangcity_backan_backancity,130.2509
2026-07-05 20:00:00+00:00,angiang_longxuyen_bacgiang_bacgiangcity_backan_backancity,128.66159
2026-07-05 21:00:00+00:00,angiang_longxuyen_bacgiang_bacgiangcity_backan_backancity,128.39201
2026-07-05 22:00:00+00:00,angiang_longxuyen_bacgiang_bacgiangcity_backan_backancity,127.5885
2026-07-05 23:00:00+00:00,angiang_longxuyen_bacgiang_bacgiangcity_backan_backancity,125.8831
2026-07-06 00:00:00+00:00,angiang_longxuyen_bacgiang_bacgiangcity_backan_backancity,124.260086
2026-07-06 01:00:00+00:00,angiang_longxuyen_bacgiang_bacgiangcity_backan_backancity,121.93893
2026-07-06 02:00:00+00:00,angiang_longxuyen_bacgiang_bacgiangcity_backan_backancity,119.385956
2026-07-06 03:00:00+00:00,angiang_longxuyen_bacgiang_bacgiangcity_backan_backancity,115.38206
2026-07-06 04:00:00+00:00,angiang_longxuyen_bacgiang_bacgiangcity_backan_backancity,112.00133
2026-07-06 05:00:00+00:00,angiang_longxuyen_bacgiang_bacgiangcity_backan_backancity,109.084885
2026-07-06 06:00:00+00:00,angiang_longxuyen_bacgiang_bacgiangcity_backan_backancity,105.00939
2026-07-06 07:00:00+00:00,angiang_longxuyen_bacgiang_bacgiangcity_backan_backancity,102.09929
2026-07-06 08:00:00+00:00,angiang_longxuyen_bacgiang_bacgiangcity_backan_backancity,98.65168
2026-07-06 09:00:00+00:00,angiang_longxuyen_bacgiang_bacgiangcity_backan_backancity,94.98706
2026-07-06 10:00:00+00:00,angiang_longxuyen_bacgiang_bacgiangcity_backan_backancity,93.31756
2026-07-06 11:00:00+00:00,angiang_longxuyen_bacgiang_bacgiangcity_backan_backancity,91.61485
2026-07-06 12:00:00+00:00,angiang_longxuyen_bacgiang_bacgiangcity_backan_backancity,89.77702
2026-07-06 13:00:00+00:00,angiang_longxuyen_bacgiang_bacgiangcity_backan_backancity,87.94462
2026-07-06 14:00:00+00:00,angiang_longxuyen_bacgiang_bacgiangcity_backan_backancity,86.330536
2026-07-06 15:00:00+00:00,angiang_longxuyen_bacgiang_bacgiangcity_backan_backancity,84.63175
2026-07-06 16:00:00+00:00,angiang_longxuyen_bacgiang_bacgiangcity_backan_backancity,83.296394
2026-07-06 17:00:00+00:00,angiang_longxuyen_bacgiang_bacgiangcity_backan_backancity,81.72441
2026-07-06 18:00:00+00:00,angiang_longxuyen_bacgiang_bacgiangcity_backan_backancity,81.290405
2026-07-06 19:00:00+00:00,angiang_longxuyen_bacgiang_bacgiangcity_backan_backancity,80.41789
2026-07-06 20:00:00+00:00,angiang_longxuyen_bacgiang_bacgiangcity_backan_backancity,79.4944
2026-07-06 21:00:00+00:00,angiang_longxuyen_bacgiang_bacgiangcity_backan_backancity,78.07257
2026-07-06 22:00:00+00:00,angiang_longxuyen_bacgiang_bacgiangcity_backan_backancity,76.35036
2026-07-06 23:00:00+00:00,angiang_longxuyen_bacgiang_bacgiangcity_backan_backancity,75.32855
2026-07-07 00:00:00+00:00,angiang_longxuyen_bacgiang_bacgiangcity_backan_backancity,74.31459
2026-07-07 01:00:00+00:00,angiang_longxuyen_bacgiang_bacgiangcity_backan_backancity,73.460625
2026-07-07 02:00:00+00:00,angiang_longxuyen_bacgiang_bacgiangcity_backan_backancity,73.02402
2026-07-07 03:00:00+00:00,angiang_longxuyen_bacgiang_bacgiangcity_backan_backancity,72.58956
2026-07-07 04:00:00+00:00,angiang_longxuyen_bacgiang_bacgiangcity_backan_backancity,72.13432
2026-07-07 05:00:00+00:00,angiang_longxuyen_bacgiang_bacgiangcity_backan_backancity,71.37436
2026-07-07 06:00:00+00:00,angiang_longxuyen_bacgiang_bacgiangcity_backan_backancity,71.23659
2026-07-07 07:00:00+00:00,angiang_longxuyen_bacgiang_bacgiangcity_backan_backancity,71.37007
2026-07-07 08:00:00+00:00,angiang_longxuyen_bacgiang_bacgiangcity_backan_backancity,72.63745
2026-07-07 09:00:00+00:00,angiang_longxuyen_bacgiang_bacgiangcity_backan_backancity,74.01998
2026-07-07 10:00:00+00:00,angiang_longxuyen_bacgiang_bacgiangcity_backan_backancity,76.668465
2026-07-07 11:00:00+00:00,angiang_longxuyen_bacgiang_bacgiangcity_backan_backancity,78.12422
2026-07-07 12:00:00+00:00,angiang_longxuyen_bacgiang_bacgiangcity_backan_backancity,79.72323
2026-07-07 13:00:00+00:00,angiang_longxuyen_bacgiang_bacgiangcity_backan_backancity,80.871635
2026-07-07 14:00:00+00:00,angiang_longxuyen_bacgiang_bacgiangcity_backan_backancity,82.13884
2026-07-07 15:00:00+00:00,angiang_longxuyen_bacgiang_bacgiangcity_backan_backancity,83.19412
2026-07-07 16:00:00+00:00,angiang_longxuyen_bacgiang_bacgiangcity_backan_backancity,85.775696
2026-07-07 17:00:00+00:00,angiang_longxuyen_bacgiang_bacgiangcity_backan_backancity,90.80274
2026-07-07 18:00:00+00:00,angiang_longxuyen_bacgiang_bacgiangcity_backan_backancity,98.020325
2026-07-07 19:00:00+00:00,angiang_longxuyen_bacgiang_bacgiangcity_backan_backancity,103.576805
2026-07-07 20:00:00+00:00,angiang_longxuyen_bacgiang_bacgiangcity_backan_backancity,105.69717
2026-07-07 21:00:00+00:00,angiang_longxuyen_bacgiang_bacgiangcity_backan_backancity,106.03664
2026-07-07 22:00:00+00:00,angiang_longxuyen_bacgiang_bacgiangcity_backan_backancity,105.81652
2026-07-07 23:00:00+00:00,angiang_longxuyen_bacgiang_bacgiangcity_backan_backancity,105.22429
2026-07-08 00:00:00+00:00,angiang_longxuyen_bacgiang_bacgiangcity_backan_backancity,106.08426
2026-07-08 01:00:00+00:00,angiang_longxuyen_bacgiang_bacgiangcity_backan_backancity,107.52802
2026-07-08 02:00:00+00:00,angiang_longxuyen_bacgiang_bacgiangcity_backan_backancity,110.58265
2026-07-08 03:00:00+00:00,angiang_longxuyen_bacgiang_bacgiangcity_backan_backancity,115.03359
2026-07-08 04:00:00+00:00,angiang_longxuyen_bacgiang_bacgiangcity_backan_backancity,119.571556
2026-07-08 05:00:00+00:00,angiang_longxuyen_bacgiang_bacgiangcity_backan_backancity,124.015434
2026-07-08 06:00:00+00:00,angiang_longxuyen_bacgiang_bacgiangcity_backan_backancity,128.79407
2026-07-08 07:00:00+00:00,angiang_longxuyen_bacgiang_bacgiangcity_backan_backancity,133.28654
2026-07-08 08:00:00+00:00,angiang_longxuyen_bacgiang_bacgiangcity_backan_backancity,137.61984
2026-07-08 09:00:00+00:00,angiang_longxuyen_bacgiang_bacgiangcity_backan_backancity,139.8864
2026-07-08 10:00:00+00:00,angiang_longxuyen_bacgiang_bacgiangcity_backan_backancity,141.29736
2026-07-08 11:00:00+00:00,angiang_longxuyen_bacgiang_bacgiangcity_backan_backancity,141.49937
2026-07-08 12:00:00+00:00,angiang_longxuyen_bacgiang_bacgiangcity_backan_backancity,140.09506
2026-07-08 13:00:00+00:00,angiang_longxuyen_bacgiang_bacgiangcity_backan_backancity,137.9693
2026-07-08 14:00:00+00:00,angiang_longxuyen_bacgiang_bacgiangcity_backan_backancity,135.68314
2026-07-08 15:00:00+00:00,angiang_longxuyen_bacgiang_bacgiangcity_backan_backancity,133.04951
2026-07-08 16:00:00+00:00,angiang_longxuyen_bacgiang_bacgiangcity_backan_backancity,130.72748
2026-07-08 17:00:00+00:00,angiang_longxuyen_bacgiang_bacgiangcity_backan_backancity,129.65225
2026-07-08 18:00:00+00:00,angiang_longxuyen_bacgiang_bacgiangcity_backan_backancity,130.52036
2026-07-08 19:00:00+00:00,angiang_longxuyen_bacgiang_bacgiangcity_backan_backancity,129.454
2026-07-08 20:00:00+00:00,angiang_longxuyen_bacgiang_bacgiangcity_backan_backancity,127.27018
2026-07-08 21:00:00+00:00,angiang_longxuyen_bacgiang_bacgiangcity_backan_backancity,124.94635
2026-07-08 22:00:00+00:00,angiang_longxuyen_bacgiang_bacgiangcity_backan_backancity,123.61109
2026-07-08 23:00:00+00:00,angiang_longxuyen_bacgiang_bacgiangcity_backan_backancity,122.94774
2026-07-09 00:00:00+00:00,angiang_longxuyen_bacgiang_bacgiangcity_backan_backancity,121.943726
2026-07-09 01:00:00+00:00,angiang_longxuyen_bacgiang_bacgiangcity_backan_backancity,120.15857
2026-07-09 02:00:00+00:00,angiang_longxuyen_bacgiang_bacgiangcity_backan_backancity,120.04808
2026-07-09 03:00:00+00:00,angiang_longxuyen_bacgiang_bacgiangcity_backan_backancity,119.64319
2026-07-09 04:00:00+00:00,angiang_longxuyen_bacgiang_bacgiangcity_backan_backancity,119.45213
2026-07-09 05:00:00+00:00,angiang_longxuyen_bacgiang_bacgiangcity_backan_backancity,119.27336
2026-07-09 06:00:00+00:00,angiang_longxuyen_bacgiang_bacgiangcity_backan_backancity,118.84802
2026-07-09 07:00:00+00:00,angiang_longxuyen_bacgiang_bacgiangcity_backan_backancity,118.196526
2026-07-09 08:00:00+00:00,angiang_longxuyen_bacgiang_bacgiangcity_backan_backancity,118.12273
2026-07-09 09:00:00+00:00,angiang_longxuyen_bacgiang_bacgiangcity_backan_backancity,117.77428
2026-07-09 10:00:00+00:00,angiang_longxuyen_bacgiang_bacgiangcity_backan_backancity,118.09568
2026-07-09 11:00:00+00:00,angiang_longxuyen_bacgiang_bacgiangcity_backan_backancity,118.06157
2026-07-09 12:00:00+00:00,angiang_longxuyen_bacgiang_bacgiangcity_backan_backancity,120.01179
2026-07-09 13:00:00+00:00,angiang_longxuyen_bacgiang_bacgiangcity_backan_backancity,121.608925
2026-07-09 14:00:00+00:00,angiang_longxuyen_bacgiang_bacgiangcity_backan_backancity,123.2043
2026-07-09 15:00:00+00:00,angiang_longxuyen_bacgiang_bacgiangcity_backan_backancity,123.68417
2026-07-09 16:00:00+00:00,angiang_longxuyen_bacgiang_bacgiangcity_backan_backancity,125.42723
2026-07-09 17:00:00+00:00,angiang_longxuyen_bacgiang_bacgiangcity_backan_backancity,127.06454
2026-07-09 18:00:00+00:00,angiang_longxuyen_bacgiang_bacgiangcity_backan_backancity,129.3856
2026-07-09 19:00:00+00:00,angiang_longxuyen_bacgiang_bacgiangcity_backan_backancity,131.93755
2026-07-09 20:00:00+00:00,angiang_longxuyen_bacgiang_bacgiangcity_backan_backancity,132.95
2026-07-09 21:00:00+00:00,angiang_longxuyen_bacgiang_bacgiangcity_backan_backancity,134.75218
2026-07-09 22:00:00+00:00,angiang_longxuyen_bacgiang_bacgiangcity_backan_backancity,135.69469
2026-07-09 23:00:00+00:00,angiang_longxuyen_bacgiang_bacgiangcity_backan_backancity,136.15796
2026-07-10 00:00:00+00:00,angiang_longxuyen_bacgiang_bacgiangcity_backan_backancity,136.44461
2026-07-10 01:00:00+00:00,angiang_longxuyen_bacgiang_bacgiangcity_backan_backancity,136.7168
2026-07-10 02:00:00+00:00,angiang_longxuyen_bacgiang_bacgiangcity_backan_backancity,136.97311
2026-07-10 03:00:00+00:00,angiang_longxuyen_bacgiang_bacgiangcity_backan_backancity,136.73804
2026-07-10 04:00:00+00:00,angiang_longxuyen_bacgiang_bacgiangcity_backan_backancity,135.1643
2026-07-10 05:00:00+00:00,angiang_longxuyen_bacgiang_bacgiangcity_backan_backancity,134.47316
2026-07-10 06:00:00+00:00,angiang_longxuyen_bacgiang_bacgiangcity_backan_backancity,132.88608
2026-07-10 07:00:00+00:00,angiang_longxuyen_bacgiang_bacgiangcity_backan_backancity,131.34322
2026-07-10 08:00:00+00:00,angiang_longxuyen_bacgiang_bacgiangcity_backan_backancity,130.92682
2026-07-10 09:00:00+00:00,angiang_longxuyen_bacgiang_bacgiangcity_backan_backancity,130.99911
2026-07-10 10:00:00+00:00,angiang_longxuyen_bacgiang_bacgiangcity_backan_backancity,131.09439
2026-07-10 11:00:00+00:00,angiang_longxuyen_bacgiang_bacgiangcity_backan_backancity,132.6543
2026-07-10 12:00:00+00:00,angiang_longxuyen_bacgiang_bacgiangcity_backan_backancity,132.66179
2026-07-10 13:00:00+00:00,angiang_longxuyen_bacgiang_bacgiangcity_backan_backancity,132.57983
2026-07-10 14:00:00+00:00,angiang_longxuyen_bacgiang_bacgiangcity_backan_backancity,132.32614
2026-07-10 15:00:00+00:00,angiang_longxuyen_bacgiang_bacgiangcity_backan_backancity,131.54672
2026-07-10 16:00:00+00:00,angiang_longxuyen_bacgiang_bacgiangcity_backan_backancity,130.70695
2026-07-10 17:00:00+00:00,angiang_longxuyen_bacgiang_bacgiangcity_backan_backancity,129.05367
2026-07-10 18:00:00+00:00,angiang_longxuyen_bacgiang_bacgiangcity_backan_backancity,128.63939
2026-07-10 19:00:00+00:00,angiang_longxuyen_bacgiang_bacgiangcity_backan_backancity,128.56075
2026-07-10 20:00:00+00:00,angiang_longxuyen_bacgiang_bacgiangcity_backan_backancity,129.00294
2026-07-10 21:00:00+00:00,angiang_longxuyen_bacgiang_bacgiangcity_backan_backancity,128.10295
2026-07-10 22:00:00+00:00,angiang_longxuyen_bacgiang_bacgiangcity_backan_backancity,128.19977
2026-07-10 23:00:00+00:00,angiang_longxuyen_bacgiang_bacgiangcity_backan_backancity,129.8693
2026-07-11 00:00:00+00:00,angiang_longxuyen_bacgiang_bacgiangcity_backan_backancity,130.0376
2026-07-11 01:00:00+00:00,angiang_longxuyen_bacgiang_bacgiangcity_backan_backancity,130.3573
2026-07-11 02:00:00+00:00,angiang_longxuyen_bacgiang_bacgiangcity_backan_backancity,130.7457
2026-07-11 03:00:00+00:00,angiang_longxuyen_bacgiang_bacgiangcity_backan_backancity,131.99916
2026-07-11 04:00:00+00:00,angiang_longxuyen_bacgiang_bacgiangcity_backan_backancity,131.85739
2026-07-11 05:00:00+00:00,angiang_longxuyen_bacgiang_bacgiangcity_backan_backancity,130.3243
2026-07-11 06:00:00+00:00,angiang_longxuyen_bacgiang_bacgiangcity_backan_backancity,129.38383
2026-07-11 07:00:00+00:00,angiang_longxuyen_bacgiang_bacgiangcity_backan_backancity,126.89796
2026-07-11 08:00:00+00:00,angiang_longxuyen_bacgiang_bacgiangcity_backan_backancity,123.43021
2026-07-11 09:00:00+00:00,angiang_longxuyen_bacgiang_bacgiangcity_backan_backancity,120.26414
2026-07-11 10:00:00+00:00,angiang_longxuyen_bacgiang_bacgiangcity_backan_backancity,116.42617
2026-07-11 11:00:00+00:00,angiang_longxuyen_bacgiang_bacgiangcity_backan_backancity,111.90918
2026-07-11 12:00:00+00:00,angiang_longxuyen_bacgiang_bacgiangcity_backan_backancity,109.523125
2026-07-11 13:00:00+00:00,angiang_longxuyen_bacgiang_bacgiangcity_backan_backancity,107.05614
2026-07-11 14:00:00+00:00,angiang_longxuyen_bacgiang_bacgiangcity_backan_backancity,104.80016
2026-07-11 15:00:00+00:00,angiang_longxuyen_bacgiang_bacgiangcity_backan_backancity,102.488655
2026-07-11 16:00:00+00:00,angiang_longxuyen_bacgiang_bacgiangcity_backan_backancity,101.001015
2026-07-11 17:00:00+00:00,angiang_longxuyen_bacgiang_bacgiangcity_backan_backancity,98.77906
2026-07-11 18:00:00+00:00,angiang_longxuyen_bacgiang_bacgiangcity_backan_backancity,96.73036
2026-07-11 19:00:00+00:00,angiang_longxuyen_bacgiang_bacgiangcity_backan_backancity,94.13028
2026-07-11 20:00:00+00:00,angiang_longxuyen_bacgiang_bacgiangcity_backan_backancity,91.169876
2026-07-11 21:00:00+00:00,angiang_longxuyen_bacgiang_bacgiangcity_backan_backancity,89.28131
2026-07-11 22:00:00+00:00,angiang_longxuyen_bacgiang_bacgiangcity_backan_backancity,87.298134
2026-07-11 23:00:00+00:00,angiang_longxuyen_bacgiang_bacgiangcity_backan_backancity,84.888985
2026-07-12 00:00:00+00:00,angiang_longxuyen_bacgiang_bacgiangcity_backan_backancity,81.90575
2026-07-12 01:00:00+00:00,angiang_longxuyen_bacgiang_bacgiangcity_backan_backancity,79.07602
2026-07-12 02:00:00+00:00,angiang_longxuyen_bacgiang_bacgiangcity_backan_backancity,75.692535
2026-07-12 03:00:00+00:00,angiang_longxuyen_bacgiang_bacgiangcity_backan_backancity,72.704445
2026-07-12 04:00:00+00:00,angiang_longxuyen_bacgiang_bacgiangcity_backan_backancity,70.08169
2026-07-12 05:00:00+00:00,angiang_longxuyen_bacgiang_bacgiangcity_backan_backancity,68.12769
2026-07-12 06:00:00+00:00,angiang_longxuyen_bacgiang_bacgiangcity_backan_backancity,67.09671
2026-07-12 07:00:00+00:00,angiang_longxuyen_bacgiang_bacgiangcity_backan_backancity,66.17192
2026-07-12 08:00:00+00:00,angiang_longxuyen_bacgiang_bacgiangcity_backan_backancity,64.29813
2026-07-12 09:00:00+00:00,angiang_longxuyen_bacgiang_bacgiangcity_backan_backancity,63.663445
2026-07-12 10:00:00+00:00,angiang_longxuyen_bacgiang_bacgiangcity_backan_backancity,62.88716
2026-07-12 11:00:00+00:00,angiang_longxuyen_bacgiang_bacgiangcity_backan_backancity,62.53391
2026-07-12 12:00:00+00:00,angiang_longxuyen_bacgiang_bacgiangcity_backan_backancity,62.174664
2026-07-12 13:00:00+00:00,angiang_longxuyen_bacgiang_bacgiangcity_backan_backancity,62.312126
2026-07-12 14:00:00+00:00,angiang_longxuyen_bacgiang_bacgiangcity_backan_backancity,62.120586
2026-07-12 15:00:00+00:00,angiang_longxuyen_bacgiang_bacgiangcity_backan_backancity,62.364635
2026-07-12 16:00:00+00:00,angiang_longxuyen_bacgiang_bacgiangcity_backan_backancity,62.77571
2026-07-12 17:00:00+00:00,angiang_longxuyen_bacgiang_bacgiangcity_backan_backancity,63.399414
2026-07-12 18:00:00+00:00,angiang_longxuyen_bacgiang_bacgiangcity_backan_backancity,63.236874
2026-07-12 19:00:00+00:00,angiang_longxuyen_bacgiang_bacgiangcity_backan_backancity,63.027973
2026-07-12 20:00:00+00:00,angiang_longxuyen_bacgiang_bacgiangcity_backan_backancity,62.430637
2026-07-12 21:00:00+00:00,angiang_longxuyen_bacgiang_bacgiangcity_backan_backancity,62.626534
2026-07-12 22:00:00+00:00,angiang_longxuyen_bacgiang_bacgiangcity_backan_backancity,62.151833
2026-07-12 23:00:00+00:00,angiang_longxuyen_bacgiang_bacgiangcity_backan_backancity,61.975586
2026-07-13 00:00:00+00:00,angiang_longxuyen_bacgiang_bacgiangcity_backan_backancity,61.21543
2026-07-13 01:00:00+00:00,angiang_longxuyen_bacgiang_bacgiangcity_backan_backancity,60.950336
2026-07-13 02:00:00+00:00,angiang_longxuyen_bacgiang_bacgiangcity_backan_backancity,60.44313
2026-07-13 03:00:00+00:00,angiang_longxuyen_bacgiang_bacgiangcity_backan_backancity,60.249165
2026-07-13 04:00:00+00:00,angiang_longxuyen_bacgiang_bacgiangcity_backan_backancity,60.444057
2026-07-13 05:00:00+00:00,angiang_longxuyen_bacgiang_bacgiangcity_backan_backancity,60.25711
2026-07-13 06:00:00+00:00,angiang_longxuyen_bacgiang_bacgiangcity_backan_backancity,61.069187
2026-07-13 07:00:00+00:00,angiang_longxuyen_bacgiang_bacgiangcity_backan_backancity,62.298206
2026-07-13 08:00:00+00:00,angiang_longxuyen_bacgiang_bacgiangcity_backan_backancity,62.118958
2026-07-13 09:00:00+00:00,angiang_longxuyen_bacgiang_bacgiangcity_backan_backancity,62.37342
2026-07-13 10:00:00+00:00,angiang_longxuyen_bacgiang_bacgiangcity_backan_backancity,62.859043
2026-07-13 11:00:00+00:00,angiang_longxuyen_bacgiang_bacgiangcity_backan_backancity,63.374622
2026-07-13 12:00:00+00:00,angiang_longxuyen_bacgiang_bacgiangcity_backan_backancity,63.858696
2026-07-13 13:00:00+00:00,angiang_longxuyen_bacgiang_bacgiangcity_backan_backancity,64.74903
2026-07-13 14:00:00+00:00,angiang_longxuyen_bacgiang_bacgiangcity_backan_backancity,65.85797
2026-07-13 15:00:00+00:00,angiang_longxuyen_bacgiang_bacgiangcity_backan_backancity,68.40906
2026-07-13 16:00:00+00:00,angiang_longxuyen_bacgiang_bacgiangcity_backan_backancity,71.80101
2026-07-13 17:00:00+00:00,angiang_longxuyen_bacgiang_bacgiangcity_backan_backancity,74.02583
2026-07-13 18:00:00+00:00,angiang_longxuyen_bacgiang_bacgiangcity_backan_backancity,75.50046
2026-07-13 19:00:00+00:00,angiang_longxuyen_bacgiang_bacgiangcity_backan_backancity,75.80146
2026-07-13 20:00:00+00:00,angiang_longxuyen_bacgiang_bacgiangcity_backan_backancity,76.51611
2026-07-13 21:00:00+00:00,angiang_longxuyen_bacgiang_bacgiangcity_backan_backancity,76.88033
2026-07-13 22:00:00+00:00,angiang_longxuyen_bacgiang_bacgiangcity_backan_backancity,77.65793
2026-07-13 23:00:00+00:00,angiang_longxuyen_bacgiang_bacgiangcity_backan_backancity,79.41409
2026-07-14 00:00:00+00:00,angiang_longxuyen_bacgiang_bacgiangcity_backan_backancity,81.34639
2026-07-14 01:00:00+00:00,angiang_longxuyen_bacgiang_bacgiangcity_backan_backancity,83.4021
2026-07-14 02:00:00+00:00,angiang_longxuyen_bacgiang_bacgiangcity_backan_backancity,85.8773
2026-07-14 03:00:00+00:00,angiang_longxuyen_bacgiang_bacgiangcity_backan_backancity,88.64028
2026-07-14 04:00:00+00:00,angiang_longxuyen_bacgiang_bacgiangcity_backan_backancity,90.78167
2026-07-14 05:00:00+00:00,angiang_longxuyen_bacgiang_bacgiangcity_backan_backancity,92.09091
2026-07-14 06:00:00+00:00,angiang_longxuyen_bacgiang_bacgiangcity_backan_backancity,94.08261
2026-07-14 07:00:00+00:00,angiang_longxuyen_bacgiang_bacgiangcity_backan_backancity,95.09863
2026-07-14 08:00:00+00:00,angiang_longxuyen_bacgiang_bacgiangcity_backan_backancity,95.41272
2026-07-14 09:00:00+00:00,angiang_longxuyen_bacgiang_bacgiangcity_backan_backancity,96.375114
2026-07-14 10:00:00+00:00,angiang_longxuyen_bacgiang_bacgiangcity_backan_backancity,96.90057
2026-07-14 11:00:00+00:00,angiang_longxuyen_bacgiang_bacgiangcity_backan_backancity,96.78082
2026-07-14 12:00:00+00:00,angiang_longxuyen_bacgiang_bacgiangcity_backan_backancity,96.38341
2026-07-14 13:00:00+00:00,angiang_longxuyen_bacgiang_bacgiangcity_backan_backancity,96.852135
2026-07-14 14:00:00+00:00,angiang_longxuyen_bacgiang_bacgiangcity_backan_backancity,97.40592
2026-07-14 15:00:00+00:00,angiang_longxuyen_bacgiang_bacgiangcity_backan_backancity,97.46911
2026-07-14 16:00:00+00:00,angiang_longxuyen_bacgiang_bacgiangcity_backan_backancity,98.876175
2026-07-14 17:00:00+00:00,angiang_longxuyen_bacgiang_bacgiangcity_backan_backancity,99.74832
2026-07-14 18:00:00+00:00,angiang_longxuyen_bacgiang_bacgiangcity_backan_backancity,101.28784
2026-07-14 19:00:00+00:00,angiang_longxuyen_bacgiang_bacgiangcity_backan_backancity,103.002106
2026-07-14 20:00:00+00:00,angiang_longxuyen_bacgiang_bacgiangcity_backan_backancity,104.0032
2026-07-14 21:00:00+00:00,angiang_longxuyen_bacgiang_bacgiangcity_backan_backancity,104.07113
2026-07-14 22:00:00+00:00,angiang_longxuyen_bacgiang_bacgiangcity_backan_backancity,104.308334
2026-07-14 23:00:00+00:00,angiang_longxuyen_bacgiang_bacgiangcity_backan_backancity,103.92501
2026-07-15 00:00:00+00:00,angiang_longxuyen_bacgiang_bacgiangcity_backan_backancity,103.011566
2026-07-15 01:00:00+00:00,angiang_longxuyen_bacgiang_bacgiangcity_backan_backancity,102.07227
2026-07-15 02:00:00+00:00,angiang_longxuyen_bacgiang_bacgiangcity_backan_backancity,99.984085
2026-07-15 03:00:00+00:00,angiang_longxuyen_bacgiang_bacgiangcity_backan_backancity,97.85992
2026-07-15 04:00:00+00:00,angiang_longxuyen_bacgiang_bacgiangcity_backan_backancity,95.83473
2026-07-15 05:00:00+00:00,angiang_longxuyen_bacgiang_bacgiangcity_backan_backancity,92.99552
2026-07-15 06:00:00+00:00,angiang_longxuyen_bacgiang_bacgiangcity_backan_backancity,90.97424
2026-07-15 07:00:00+00:00,angiang_longxuyen_bacgiang_bacgiangcity_backan_backancity,89.13863
2026-07-15 08:00:00+00:00,angiang_longxuyen_bacgiang_bacgiangcity_backan_backancity,88.39631
2026-07-15 09:00:00+00:00,angiang_longxuyen_bacgiang_bacgiangcity_backan_backancity,87.78666
2026-07-15 10:00:00+00:00,angiang_longxuyen_bacgiang_bacgiangcity_backan_backancity,86.6514
2026-07-15 11:00:00+00:00,angiang_longxuyen_bacgiang_bacgiangcity_backan_backancity,86.77005
2026-07-15 12:00:00+00:00,angiang_longxuyen_bacgiang_bacgiangcity_backan_backancity,85.82002
2026-07-15 13:00:00+00:00,angiang_longxuyen_bacgiang_bacgiangcity_backan_backancity,84.313484
2026-07-15 14:00:00+00:00,angiang_longxuyen_bacgiang_bacgiangcity_backan_backancity,83.71881
2026-07-15 15:00:00+00:00,angiang_longxuyen_bacgiang_bacgiangcity_backan_backancity,83.759476
2026-07-15 16:00:00+00:00,angiang_longxuyen_bacgiang_bacgiangcity_backan_backancity,84.01162
2026-07-15 17:00:00+00:00,angiang_longxuyen_bacgiang_bacgiangcity_backan_backancity,83.757225
2026-07-15 18:00:00+00:00,angiang_longxuyen_bacgiang_bacgiangcity_backan_backancity,82.9515
2026-07-15 19:00:00+00:00,angiang_longxuyen_bacgiang_bacgiangcity_backan_backancity,81.7583
2026-07-15 20:00:00+00:00,angiang_longxuyen_bacgiang_bacgiangcity_backan_backancity,80.137634
2026-07-15 21:00:00+00:00,angiang_longxuyen_bacgiang_bacgiangcity_backan_backancity,78.41825
2026-07-15 22:00:00+00:00,angiang_longxuyen_bacgiang_bacgiangcity_backan_backancity,76.6116
2026-07-15 23:00:00+00:00,angiang_longxuyen_bacgiang_bacgiangcity_backan_backancity,74.82335
2026-07-16 00:00:00+00:00,angiang_longxuyen_bacgiang_bacgiangcity_backan_backancity,73.3327
2026-07-16 01:00:00+00:00,angiang_longxuyen_bacgiang_bacgiangcity_backan_backancity,72.06847
2026-07-16 02:00:00+00:00,angiang_longxuyen_bacgiang_bacgiangcity_backan_backancity,71.21657
2026-07-16 03:00:00+00:00,angiang_longxuyen_bacgiang_bacgiangcity_backan_backancity,70.623505
2026-07-16 04:00:00+00:00,angiang_longxuyen_bacgiang_bacgiangcity_backan_backancity,70.36835
2026-07-16 05:00:00+00:00,angiang_longxuyen_bacgiang_bacgiangcity_backan_backancity,70.471275
2026-07-16 06:00:00+00:00,angiang_longxuyen_bacgiang_bacgiangcity_backan_backancity,71.50267
2026-07-16 07:00:00+00:00,angiang_longxuyen_bacgiang_bacgiangcity_backan_backancity,72.7865
2026-07-16 08:00:00+00:00,angiang_longxuyen_bacgiang_bacgiangcity_backan_backancity,74.28757
2026-07-16 09:00:00+00:00,angiang_longxuyen_bacgiang_bacgiangcity_backan_backancity,75.96129
2026-07-16 10:00:00+00:00,angiang_longxuyen_bacgiang_bacgiangcity_backan_backancity,76.51201
2026-07-16 11:00:00+00:00,angiang_longxuyen_bacgiang_bacgiangcity_backan_backancity,77.41622
2026-07-16 12:00:00+00:00,angiang_longxuyen_bacgiang_bacgiangcity_backan_backancity,77.286255
2026-07-16 13:00:00+00:00,angiang_longxuyen_bacgiang_bacgiangcity_backan_backancity,77.17981
2026-07-16 14:00:00+00:00,angiang_longxuyen_bacgiang_bacgiangcity_backan_backancity,77.489136
2026-07-16 15:00:00+00:00,angiang_longxuyen_bacgiang_bacgiangcity_backan_backancity,78.48406
2026-07-16 16:00:00+00:00,angiang_longxuyen_bacgiang_bacgiangcity_backan_backancity,79.23952
2026-07-16 17:00:00+00:00,angiang_longxuyen_bacgiang_bacgiangcity_backan_backancity,79.92737
2026-07-16 18:00:00+00:00,angiang_longxuyen_bacgiang_bacgiangcity_backan_backancity,80.988846
2026-07-16 19:00:00+00:00,angiang_longxuyen_bacgiang_bacgiangcity_backan_backancity,82.796036
2026-07-16 20:00:00+00:00,angiang_longxuyen_bacgiang_bacgiangcity_backan_backancity,85.588715
2026-07-16 21:00:00+00:00,angiang_longxuyen_bacgiang_bacgiangcity_backan_backancity,87.804596
2026-07-16 22:00:00+00:00,angiang_longxuyen_bacgiang_bacgiangcity_backan_backancity,90.0818
2026-07-16 23:00:00+00:00,angiang_longxuyen_bacgiang_bacgiangcity_backan_backancity,92.79013
2026-07-17 00:00:00+00:00,angiang_longxuyen_bacgiang_bacgiangcity_backan_backancity,95.70493
2026-07-17 01:00:00+00:00,angiang_longxuyen_bacgiang_bacgiangcity_backan_backancity,98.415565
2026-07-17 02:00:00+00:00,angiang_longxuyen_bacgiang_bacgiangcity_backan_backancity,102.15109
2026-07-17 03:00:00+00:00,angiang_longxuyen_bacgiang_bacgiangcity_backan_backancity,106.1889
2026-07-17 04:00:00+00:00,angiang_longxuyen_bacgiang_bacgiangcity_backan_backancity,109.9265
2026-07-17 05:00:00+00:00,angiang_longxuyen_bacgiang_bacgiangcity_backan_backancity,114.45762
2026-07-17 06:00:00+00:00,angiang_longxuyen_bacgiang_bacgiangcity_backan_backancity,117.704216
2026-07-17 07:00:00+00:00,angiang_longxuyen_bacgiang_bacgiangcity_backan_backancity,121.394485
2026-07-17 08:00:00+00:00,angiang_longxuyen_bacgiang_bacgiangcity_backan_backancity,122.44381
2026-07-17 09:00:00+00:00,angiang_longxuyen_bacgiang_bacgiangcity_backan_backancity,122.4285
