time,location,predicted
2025-10-10 03:00:00+00:00,angiang_longxuyen,113.50611399497879
2025-10-10 04:00:00+00:00,angiang_longxuyen,112.54750396864843
2025-10-10 05:00:00+00:00,angiang_longxuyen,111.85777981090496
2025-10-10 06:00:00+00:00,angiang_longxuyen,111.45086798573642
2025-10-10 07:00:00+00:00,angiang_longxuyen,111.16644187562451
2025-10-10 08:00:00+00:00,angiang_longxuyen,110.90608722017905
2025-10-10 09:00:00+00:00,angiang_longxuyen,110.6520939013219
2025-10-10 10:00:00+00:00,angiang_longxuyen,110.42787041646109
2025-10-10 11:00:00+00:00,angiang_longxuyen,110.00299114112072
2025-10-10 12:00:00+00:00,angiang_longxuyen,109.29672794440368
2025-10-10 13:00:00+00:00,angiang_longxuyen,107.81477640517274
2025-10-10 14:00:00+00:00,angiang_longxuyen,105.81576236516734
2025-10-10 15:00:00+00:00,angiang_longxuyen,103.62303014250604
2025-10-10 16:00:00+00:00,angiang_longxuyen,101.66186736366949
2025-10-10 17:00:00+00:00,angiang_longxuyen,100.02524097206789
2025-10-10 18:00:00+00:00,angiang_longxuyen,98.67805866640603
2025-10-10 19:00:00+00:00,angiang_longxuyen,97.78251408486956
2025-10-10 20:00:00+00:00,angiang_longxuyen,97.33056614472439
2025-10-10 21:00:00+00:00,angiang_longxuyen,97.38018271644998
2025-10-10 22:00:00+00:00,angiang_longxuyen,97.92286202744106
2025-10-10 23:00:00+00:00,angiang_longxuyen,98.8562715000242
2025-10-11 00:00:00+00:00,angiang_longxuyen,100.04371381811026
2025-10-11 01:00:00+00:00,angiang_longxuyen,100.40874566281622
2025-10-11 02:00:00+00:00,angiang_longxuyen,100.03368222801554
2025-10-11 03:00:00+00:00,angiang_longxuyen,99.16958422804802
2025-10-11 04:00:00+00:00,angiang_longxuyen,98.16161387169558
2025-10-11 05:00:00+00:00,angiang_longxuyen,97.17985840459963
2025-10-11 06:00:00+00:00,angiang_longxuyen,96.07397700294706
2025-10-11 07:00:00+00:00,angiang_longxuyen,94.97138285523343
2025-10-11 08:00:00+00:00,angiang_longxuyen,94.02183179091469
2025-10-11 09:00:00+00:00,angiang_longxuyen,93.2444042759876
2025-10-11 10:00:00+00:00,angiang_longxuyen,92.52800481171398
2025-10-11 11:00:00+00:00,angiang_longxuyen,91.99107322021061
2025-10-11 12:00:00+00:00,angiang_longxuyen,91.314905884168
2025-10-11 13:00:00+00:00,angiang_longxuyen,90.58559129284252
2025-10-11 14:00:00+00:00,angiang_longxuyen,89.61553598548723
2025-10-11 15:00:00+00:00,angiang_longxuyen,88.64537381988963
2025-10-11 16:00:00+00:00,angiang_longxuyen,88.08061928614146
2025-10-11 17:00:00+00:00,angiang_longxuyen,87.87890363636058
2025-10-11 18:00:00+00:00,angiang_longxuyen,88.03848551735338
2025-10-11 19:00:00+00:00,angiang_longxuyen,88.58545905765864
2025-10-11 20:00:00+00:00,angiang_longxuyen,89.55788705414938
2025-10-11 21:00:00+00:00,angiang_longxuyen,91.11428607656595
2025-10-11 22:00:00+00:00,angiang_longxuyen,93.20197773742339
2025-10-11 23:00:00+00:00,angiang_longxuyen,95.63020971548512
2025-10-12 00:00:00+00:00,angiang_longxuyen,98.40351530812278
2025-10-12 01:00:00+00:00,angiang_longxuyen,100.76866057878118
2025-10-12 02:00:00+00:00,angiang_longxuyen,102.1079040257928
2025-10-12 03:00:00+00:00,angiang_longxuyen,102.04222109925735
2025-10-12 04:00:00+00:00,angiang_longxuyen,101.16477045315912
2025-10-12 05:00:00+00:00,angiang_longxuyen,100.20449730913397
2025-10-12 06:00:00+00:00,angiang_longxuyen,99.32654753690903
2025-10-12 07:00:00+00:00,angiang_longxuyen,98.39865489368285
2025-10-12 08:00:00+00:00,angiang_longxuyen,97.30219787106697
2025-10-12 09:00:00+00:00,angiang_longxuyen,96.02404898851269
2025-10-12 10:00:00+00:00,angiang_longxuyen,94.35461670762454
2025-10-12 11:00:00+00:00,angiang_longxuyen,92.28202967739615
2025-10-12 12:00:00+00:00,angiang_longxuyen,90.07224048040312
2025-10-12 13:00:00+00:00,angiang_longxuyen,88.4462554796311
2025-10-12 14:00:00+00:00,angiang_longxuyen,87.1509983744044
2025-10-12 15:00:00+00:00,angiang_longxuyen,86.46970293312096
2025-10-12 16:00:00+00:00,angiang_longxuyen,86.56255184178903
2025-10-12 17:00:00+00:00,angiang_longxuyen,87.2813000066131
2025-10-12 18:00:00+00:00,angiang_longxuyen,88.50275513966898
2025-10-12 19:00:00+00:00,angiang_longxuyen,90.16028512972801
2025-10-12 20:00:00+00:00,angiang_longxuyen,92.10158208900631
2025-10-12 21:00:00+00:00,angiang_longxuyen,93.93760132660626
2025-10-12 22:00:00+00:00,angiang_longxuyen,95.47137311621296
2025-10-12 23:00:00+00:00,angiang_longxuyen,96.64299850625373
2025-10-13 00:00:00+00:00,angiang_longxuyen,97.40918491572602
2025-10-13 01:00:00+00:00,angiang_longxuyen,96.33073827739719
2025-10-13 02:00:00+00:00,angiang_longxuyen,94.38413057251493
2025-10-13 03:00:00+00:00,angiang_longxuyen,92.04161825921508
2025-10-13 04:00:00+00:00,angiang_longxuyen,89.90377191905468
2025-10-13 05:00:00+00:00,angiang_longxuyen,88.1060733556166
2025-10-13 06:00:00+00:00,angiang_longxuyen,86.83809781388665
2025-10-13 07:00:00+00:00,angiang_longxuyen,85.79538817007517
2025-10-13 08:00:00+00:00,angiang_longxuyen,84.78868321158195
2025-10-13 09:00:00+00:00,angiang_longxuyen,83.73142558135267
2025-10-13 10:00:00+00:00,angiang_longxuyen,82.58327084096288
2025-10-13 11:00:00+00:00,angiang_longxuyen,81.41037950786776
2025-10-13 12:00:00+00:00,angiang_longxuyen,80.30673013501126
2025-10-13 13:00:00+00:00,angiang_longxuyen,79.28293658086973
2025-10-13 14:00:00+00:00,angiang_longxuyen,78.58853464904948
2025-10-13 15:00:00+00:00,angiang_longxuyen,78.58915835225972
2025-10-13 16:00:00+00:00,angiang_longxuyen,79.25770713178149
2025-10-13 17:00:00+00:00,angiang_longxuyen,80.50965611794489
2025-10-13 18:00:00+00:00,angiang_longxuyen,82.097133442631
2025-10-13 19:00:00+00:00,angiang_longxuyen,83.88978949646113
2025-10-13 20:00:00+00:00,angiang_longxuyen,85.57354173591072
2025-10-13 21:00:00+00:00,angiang_longxuyen,86.75911648813431
2025-10-13 22:00:00+00:00,angiang_longxuyen,87.35387201860708
2025-10-13 23:00:00+00:00,angiang_longxuyen,87.53620707248103
2025-10-14 00:00:00+00:00,angiang_longxuyen,87.48834221265622
2025-10-14 01:00:00+00:00,angiang_longxuyen,87.60486458355763
2025-10-14 02:00:00+00:00,angiang_longxuyen,87.46049364624108
2025-10-14 03:00:00+00:00,angiang_longxuyen,86.99537351954788
2025-10-14 04:00:00+00:00,angiang_longxuyen,86.56790347702652
2025-10-14 05:00:00+00:00,angiang_longxuyen,86.43363936673042
2025-10-14 06:00:00+00:00,angiang_longxuyen,86.59417097761153
2025-10-14 07:00:00+00:00,angiang_longxuyen,86.80436986336382
2025-10-14 08:00:00+00:00,angiang_longxuyen,86.84843907480604
2025-10-14 09:00:00+00:00,angiang_longxuyen,86.61470956794025
2025-10-14 10:00:00+00:00,angiang_longxuyen,86.07986443813756
2025-10-14 11:00:00+00:00,angiang_longxuyen,85.21715859389325
2025-10-14 12:00:00+00:00,angiang_longxuyen,84.66616260403805
2025-10-14 13:00:00+00:00,angiang_longxuyen,85.1531853992348
2025-10-14 14:00:00+00:00,angiang_longxuyen,86.15869529003848
2025-10-14 15:00:00+00:00,angiang_longxuyen,87.56321821920132
2025-10-14 16:00:00+00:00,angiang_longxuyen,89.27136466882473
2025-10-14 17:00:00+00:00,angiang_longxuyen,91.38908076979668
2025-10-14 18:00:00+00:00,angiang_longxuyen,93.79929677532145
2025-10-14 19:00:00+00:00,angiang_longxuyen,96.4596571584984
2025-10-14 20:00:00+00:00,angiang_longxuyen,99.12732397399353
2025-10-14 21:00:00+00:00,angiang_longxuyen,101.72658965641435
2025-10-14 22:00:00+00:00,angiang_longxuyen,104.07122414169484
2025-10-14 23:00:00+00:00,angiang_longxuyen,106.33002310825174
2025-10-15 00:00:00+00:00,angiang_longxuyen,108.79313994086789
2025-10-15 01:00:00+00:00,angiang_longxuyen,111.73141448741822
2025-10-15 02:00:00+00:00,angiang_longxuyen,113.62400262483548
2025-10-15 03:00:00+00:00,angiang_longxuyen,114.2087723616031
2025-10-15 04:00:00+00:00,angiang_longxuyen,114.16461373816219
2025-10-15 05:00:00+00:00,angiang_longxuyen,114.07265458791991
2025-10-15 06:00:00+00:00,angiang_longxuyen,114.19367918007144
2025-10-15 07:00:00+00:00,angiang_longxuyen,114.51444799647219
2025-10-15 08:00:00+00:00,angiang_longxuyen,114.66712443615303
2025-10-15 09:00:00+00:00,angiang_longxuyen,114.21104691561806
2025-10-15 10:00:00+00:00,angiang_longxuyen,113.09071239149748
2025-10-15 11:00:00+00:00,angiang_longxuyen,111.25417031178337
2025-10-15 12:00:00+00:00,angiang_longxuyen,108.55087922086068
2025-10-15 13:00:00+00:00,angiang_longxuyen,105.29364208932176
2025-10-15 14:00:00+00:00,angiang_longxuyen,101.9533384850425
2025-10-15 15:00:00+00:00,angiang_longxuyen,99.20240252052342
2025-10-15 16:00:00+00:00,angiang_longxuyen,97.11973926235034
2025-10-15 17:00:00+00:00,angiang_longxuyen,95.70401223285106
2025-10-15 18:00:00+00:00,angiang_longxuyen,94.96675578430224
2025-10-15 19:00:00+00:00,angiang_longxuyen,94.70516980569214
2025-10-15 20:00:00+00:00,angiang_longxuyen,94.64683202032795
2025-10-15 21:00:00+00:00,angiang_longxuyen,94.5224784668113
2025-10-15 22:00:00+00:00,angiang_longxuyen,94.24330749240173
2025-10-15 23:00:00+00:00,angiang_longxuyen,93.78298153894211
2025-10-16 00:00:00+00:00,angiang_longxuyen,93.24852431546293
2025-10-16 01:00:00+00:00,angiang_longxuyen,92.49181148888634
2025-10-16 02:00:00+00:00,angiang_longxuyen,91.39994541802537
2025-10-16 03:00:00+00:00,angiang_longxuyen,90.29644924499587
2025-10-16 04:00:00+00:00,angiang_longxuyen,89.39765639097111
2025-10-16 05:00:00+00:00,angiang_longxuyen,88.86723879068795
2025-10-16 06:00:00+00:00,angiang_longxuyen,88.65335983791721
2025-10-16 07:00:00+00:00,angiang_longxuyen,88.67363019224993
2025-10-16 08:00:00+00:00,angiang_longxuyen,88.80984937222428
2025-10-16 09:00:00+00:00,angiang_longxuyen,88.94250461173944
2025-10-16 10:00:00+00:00,angiang_longxuyen,89.02027560433905
2025-10-16 11:00:00+00:00,angiang_longxuyen,89.14476491143904
2025-10-16 12:00:00+00:00,angiang_longxuyen,89.25700259394075
2025-10-16 13:00:00+00:00,angiang_longxuyen,88.55351716632875
2025-10-16 14:00:00+00:00,angiang_longxuyen,87.91515693065074
2025-10-16 15:00:00+00:00,angiang_longxuyen,87.89257167786465
2025-10-16 16:00:00+00:00,angiang_longxuyen,88.8892276000195
2025-10-16 17:00:00+00:00,angiang_longxuyen,90.54277112340611
2025-10-16 18:00:00+00:00,angiang_longxuyen,92.38456343206654
2025-10-16 19:00:00+00:00,angiang_longxuyen,93.7673881408935
2025-10-16 20:00:00+00:00,angiang_longxuyen,94.49689573128927
2025-10-16 21:00:00+00:00,angiang_longxuyen,94.42178856201592
2025-10-16 22:00:00+00:00,angiang_longxuyen,93.6904758305982
2025-10-16 23:00:00+00:00,angiang_longxuyen,92.43727889281922
2025-10-17 00:00:00+00:00,angiang_longxuyen,91.14380130444411
2025-10-17 01:00:00+00:00,angiang_longxuyen,90.05152960841843
2025-10-17 02:00:00+00:00,angiang_longxuyen,89.05606875395313
2025-10-17 03:00:00+00:00,angiang_longxuyen,88.37857713897897
2025-10-17 04:00:00+00:00,angiang_longxuyen,88.29370116365575
2025-10-17 05:00:00+00:00,angiang_longxuyen,88.70334605192998
2025-10-17 06:00:00+00:00,angiang_longxuyen,89.42096784364885
2025-10-17 07:00:00+00:00,angiang_longxuyen,90.18426117524952
2025-10-17 08:00:00+00:00,angiang_longxuyen,90.85624631957386
2025-10-17 09:00:00+00:00,angiang_longxuyen,91.28457122803371
2025-10-17 10:00:00+00:00,angiang_longxuyen,91.5389794403725
2025-10-17 11:00:00+00:00,angiang_longxuyen,91.51333128143682
2025-10-17 12:00:00+00:00,angiang_longxuyen,91.23990611833206
2025-10-17 13:00:00+00:00,angiang_longxuyen,91.22804430824016
2025-10-17 14:00:00+00:00,angiang_longxuyen,91.58503152644377
2025-10-17 15:00:00+00:00,angiang_longxuyen,92.39391843502499
2025-10-17 16:00:00+00:00,angiang_longxuyen,93.82596499431513
2025-10-17 17:00:00+00:00,angiang_longxuyen,95.80550670933569
2025-10-17 18:00:00+00:00,angiang_longxuyen,98.15118483436285
2025-10-17 19:00:00+00:00,angiang_longxuyen,100.71442293327064
2025-10-17 20:00:00+00:00,angiang_longxuyen,103.11424806512066
2025-10-17 21:00:00+00:00,angiang_longxuyen,104.74889294508098
2025-10-17 22:00:00+00:00,angiang_longxuyen,105.17869860347005
2025-10-17 23:00:00+00:00,angiang_longxuyen,104.24213844832398
2025-10-18 00:00:00+00:00,angiang_longxuyen,102.41922079450484
2025-10-18 01:00:00+00:00,angiang_longxuyen,100.74649948779366
2025-10-18 02:00:00+00:00,angiang_longxuyen,98.85651247626453
2025-10-18 03:00:00+00:00,angiang_longxuyen,96.99681984458066
2025-10-18 04:00:00+00:00,angiang_longxuyen,95.29683871402788
2025-10-18 05:00:00+00:00,angiang_longxuyen,93.80215550590088
2025-10-18 06:00:00+00:00,angiang_longxuyen,92.37940479589935
2025-10-18 07:00:00+00:00,angiang_longxuyen,91.13478159648068
2025-10-18 08:00:00+00:00,angiang_longxuyen,89.85286977725065
2025-10-18 09:00:00+00:00,angiang_longxuyen,88.75027317615898
2025-10-18 10:00:00+00:00,angiang_longxuyen,87.85111177023728
2025-10-18 11:00:00+00:00,angiang_longxuyen,87.00306840338467
2025-10-18 12:00:00+00:00,angiang_longxuyen,86.28294743726396
2025-10-18 13:00:00+00:00,angiang_longxuyen,85.33141404351129
2025-10-18 14:00:00+00:00,angiang_longxuyen,84.45984986905724
2025-10-18 15:00:00+00:00,angiang_longxuyen,84.00109435012305
2025-10-18 16:00:00+00:00,angiang_longxuyen,84.05950655462028
2025-10-18 17:00:00+00:00,angiang_longxuyen,84.55809184779145
2025-10-18 18:00:00+00:00,angiang_longxuyen,85.37300370757575
2025-10-18 19:00:00+00:00,angiang_longxuyen,86.2988627730273
2025-10-18 20:00:00+00:00,angiang_longxuyen,87.06490988514798
2025-10-18 21:00:00+00:00,angiang_longxuyen,87.5073030083255
2025-10-18 22:00:00+00:00,angiang_longxuyen,87.71076546325112
2025-10-18 23:00:00+00:00,angiang_longxuyen,87.68190501470468
2025-10-19 00:00:00+00:00,angiang_longxuyen,87.63545439100518
2025-10-19 01:00:00+00:00,angiang_longxuyen,87.73256890624397
2025-10-19 02:00:00+00:00,angiang_longxuyen,87.62251582056344
2025-10-19 03:00:00+00:00,angiang_longxuyen,87.15465990478897
2025-10-19 04:00:00+00:00,angiang_longxuyen,86.58394311727581
2025-10-19 05:00:00+00:00,angiang_longxuyen,86.11561397214254
2025-10-19 06:00:00+00:00,angiang_longxuyen,85.64683558623545
2025-10-19 07:00:00+00:00,angiang_longxuyen,84.89020072256015
2025-10-19 08:00:00+00:00,angiang_longxuyen,83.57495240289902
2025-10-19 09:00:00+00:00,angiang_longxuyen,81.75175451879134
2025-10-19 10:00:00+00:00,angiang_longxuyen,79.67977974267579
2025-10-19 11:00:00+00:00,angiang_longxuyen,77.57848219255726
2025-10-19 12:00:00+00:00,angiang_longxuyen,75.98455630006458
2025-10-19 13:00:00+00:00,angiang_longxuyen,75.39260961481834
2025-10-19 14:00:00+00:00,angiang_longxuyen,75.60087850986763
2025-10-19 15:00:00+00:00,angiang_longxuyen,76.55406711598593
2025-10-19 16:00:00+00:00,angiang_longxuyen,78.01192321196544
2025-10-19 17:00:00+00:00,angiang_longxuyen,79.52075941265025
2025-10-19 18:00:00+00:00,angiang_longxuyen,80.84912294597001
2025-10-19 19:00:00+00:00,angiang_longxuyen,82.00180498658517
2025-10-19 20:00:00+00:00,angiang_longxuyen,83.08713798439696
2025-10-19 21:00:00+00:00,angiang_longxuyen,83.94434171955236
2025-10-19 22:00:00+00:00,angiang_longxuyen,84.70905637481482
2025-10-19 23:00:00+00:00,angiang_longxuyen,85.4424986383472
2025-10-20 00:00:00+00:00,angiang_longxuyen,86.00400162843641
2025-10-20 01:00:00+00:00,angiang_longxuyen,85.99853659261524
2025-10-20 02:00:00+00:00,angiang_longxuyen,85.35177380984267
2025-10-20 03:00:00+00:00,angiang_longxuyen,84.25814948473955
2025-10-20 04:00:00+00:00,angiang_longxuyen,83.26232662071865
2025-10-20 05:00:00+00:00,angiang_longxuyen,82.53288390854142
2025-10-20 06:00:00+00:00,angiang_longxuyen,81.83236270676339
2025-10-20 07:00:00+00:00,angiang_longxuyen,80.75219161628948
2025-10-20 08:00:00+00:00,angiang_longxuyen,79.36324818269983
2025-10-20 09:00:00+00:00,angiang_longxuyen,77.75775543067186
2025-10-20 10:00:00+00:00,angiang_longxuyen,76.04907687061733
2025-10-20 11:00:00+00:00,angiang_longxuyen,74.37485028019682
2025-10-20 12:00:00+00:00,angiang_longxuyen,73.28478498879687
2025-10-20 13:00:00+00:00,angiang_longxuyen,72.30242626330747
2025-10-20 14:00:00+00:00,angiang_longxuyen,71.5884038497302
2025-10-20 15:00:00+00:00,angiang_longxuyen,71.11486700086948
2025-10-20 16:00:00+00:00,angiang_longxuyen,70.88923255105405
2025-10-20 17:00:00+00:00,angiang_longxuyen,70.71965288206358
2025-10-20 18:00:00+00:00,angiang_longxuyen,70.39031141769276
2025-10-20 19:00:00+00:00,angiang_longxuyen,69.857937112146
2025-10-20 20:00:00+00:00,angiang_longxuyen,69.1653125163969
2025-10-20 21:00:00+00:00,angiang_longxuyen,68.22959632328707
2025-10-20 22:00:00+00:00,angiang_longxuyen,66.90431859431166
2025-10-20 23:00:00+00:00,angiang_longxuyen,65.36211209109868
2025-10-21 00:00:00+00:00,angiang_longxuyen,63.734246712379004
2025-10-21 01:00:00+00:00,angiang_longxuyen,62.4054404806268
2025-10-21 02:00:00+00:00,angiang_longxuyen,61.13300524286561
2025-10-21 03:00:00+00:00,angiang_longxuyen,59.937623520934196
2025-10-21 04:00:00+00:00,angiang_longxuyen,58.85601747692065
2025-10-21 05:00:00+00:00,angiang_longxuyen,58.02799694581908
2025-10-21 06:00:00+00:00,angiang_longxuyen,57.53818929398081
2025-10-21 07:00:00+00:00,angiang_longxuyen,57.14343750063145
2025-10-21 08:00:00+00:00,angiang_longxuyen,56.44342878226043
2025-10-21 09:00:00+00:00,angiang_longxuyen,55.70549629177043
2025-10-21 10:00:00+00:00,angiang_longxuyen,55.22869917612893
2025-10-21 11:00:00+00:00,angiang_longxuyen,54.81057813941976
2025-10-21 12:00:00+00:00,angiang_longxuyen,54.88383055491583
2025-10-21 13:00:00+00:00,angiang_longxuyen,56.29327768634691
2025-10-21 14:00:00+00:00,angiang_longxuyen,58.5891422879136
2025-10-21 15:00:00+00:00,angiang_longxuyen,61.655986926991055
2025-10-21 16:00:00+00:00,angiang_longxuyen,65.2136598231599
2025-10-21 17:00:00+00:00,angiang_longxuyen,69.01344296548453
2025-10-21 18:00:00+00:00,angiang_longxuyen,73.06470062524036
2025-10-21 19:00:00+00:00,angiang_longxuyen,77.18301510321854
2025-10-21 20:00:00+00:00,angiang_longxuyen,81.1952673237495
2025-10-21 21:00:00+00:00,angiang_longxuyen,84.61716046720575
2025-10-21 22:00:00+00:00,angiang_longxuyen,87.36490676771129
2025-10-21 23:00:00+00:00,angiang_longxuyen,89.54443709069085
2025-10-22 00:00:00+00:00,angiang_longxuyen,91.58318495059319
2025-10-22 01:00:00+00:00,angiang_longxuyen,92.90684672125116
2025-10-22 02:00:00+00:00,angiang_longxuyen,93.29909388824751
2025-10-22 03:00:00+00:00,angiang_longxuyen,93.02295038230513
2025-10-22 04:00:00+00:00,angiang_longxuyen,92.57306845904387
2025-10-22 05:00:00+00:00,angiang_longxuyen,92.37797911067665
2025-10-22 06:00:00+00:00,angiang_longxuyen,92.48260805016955
2025-10-22 07:00:00+00:00,angiang_longxuyen,92.54227147745306
2025-10-22 08:00:00+00:00,angiang_longxuyen,92.26975569979818
2025-10-22 09:00:00+00:00,angiang_longxuyen,91.62195432033374
2025-10-22 10:00:00+00:00,angiang_longxuyen,90.56492948841807
2025-10-22 11:00:00+00:00,angiang_longxuyen,89.14899889669316
2025-10-22 12:00:00+00:00,angiang_longxuyen,87.78263744471893
2025-10-22 13:00:00+00:00,angiang_longxuyen,86.34570157564785
2025-10-22 14:00:00+00:00,angiang_longxuyen,85.3019451572178
2025-10-22 15:00:00+00:00,angiang_longxuyen,84.85234019307437
2025-10-22 16:00:00+00:00,angiang_longxuyen,85.09257060647764
2025-10-22 17:00:00+00:00,angiang_longxuyen,85.9970776504906
2025-10-22 18:00:00+00:00,angiang_longxuyen,87.41855832847443
2025-10-22 19:00:00+00:00,angiang_longxuyen,89.24476950597632
2025-10-22 20:00:00+00:00,angiang_longxuyen,91.4597402373313
2025-10-22 21:00:00+00:00,angiang_longxuyen,93.86669788425819
2025-10-22 22:00:00+00:00,angiang_longxuyen,96.5217044514172
2025-10-22 23:00:00+00:00,angiang_longxuyen,99.32348953751547
2025-10-23 00:00:00+00:00,angiang_longxuyen,102.28768865692419
2025-10-23 01:00:00+00:00,angiang_longxuyen,104.10326253255988
2025-10-23 02:00:00+00:00,angiang_longxuyen,104.19261074340196
2025-10-23 03:00:00+00:00,angiang_longxuyen,102.53899307347986
2025-10-23 04:00:00+00:00,angiang_longxuyen,100.1912051796609
2025-10-23 05:00:00+00:00,angiang_longxuyen,97.98405827078713
2025-10-23 06:00:00+00:00,angiang_longxuyen,96.34899590766838
2025-10-23 07:00:00+00:00,angiang_longxuyen,95.17931836347059
2025-10-23 08:00:00+00:00,angiang_longxuyen,94.3382022457345
2025-10-23 09:00:00+00:00,angiang_longxuyen,93.6801359326666
2025-10-23 10:00:00+00:00,angiang_longxuyen,93.2388274751681
2025-10-23 11:00:00+00:00,angiang_longxuyen,92.94421003279311
2025-10-23 12:00:00+00:00,angiang_longxuyen,92.70348022066555
2025-10-23 13:00:00+00:00,angiang_longxuyen,92.22983978473322
2025-10-23 14:00:00+00:00,angiang_longxuyen,91.51239136506055
2025-10-23 15:00:00+00:00,angiang_longxuyen,90.9095751248296
2025-10-23 16:00:00+00:00,angiang_longxuyen,90.50120871909733
2025-10-23 17:00:00+00:00,angiang_longxuyen,90.36192336180272
2025-10-23 18:00:00+00:00,angiang_longxuyen,90.16675332455866
2025-10-23 19:00:00+00:00,angiang_longxuyen,89.80909987792592
2025-10-23 20:00:00+00:00,angiang_longxuyen,89.45934576329766
2025-10-23 21:00:00+00:00,angiang_longxuyen,89.13011170236426
2025-10-23 22:00:00+00:00,angiang_longxuyen,88.72704949989458
2025-10-23 23:00:00+00:00,angiang_longxuyen,88.14496757503822
2025-10-24 00:00:00+00:00,angiang_longxuyen,87.19859826940389
2025-10-24 01:00:00+00:00,angiang_longxuyen,86.00315112405882
2025-10-24 02:00:00+00:00,angiang_longxuyen,84.65970531310968
2025-10-24 03:00:00+00:00,angiang_longxuyen,83.39593213531724
2025-10-24 04:00:00+00:00,angiang_longxuyen,82.314701185542
2025-10-24 05:00:00+00:00,angiang_longxuyen,81.5855070823367
2025-10-24 06:00:00+00:00,angiang_longxuyen,81.06044493365683
2025-10-24 07:00:00+00:00,angiang_longxuyen,80.59886530403293
2025-10-24 08:00:00+00:00,angiang_longxuyen,80.41913628280315
2025-10-24 09:00:00+00:00,angiang_longxuyen,80.43490332549551
2025-10-24 10:00:00+00:00,angiang_longxuyen,80.80448891238984
2025-10-24 11:00:00+00:00,angiang_longxuyen,81.55859188995646
2025-10-24 12:00:00+00:00,angiang_longxuyen,82.76547286722905
2025-10-24 13:00:00+00:00,angiang_longxuyen,84.635987144877
2025-10-24 14:00:00+00:00,angiang_longxuyen,86.99741473005412
2025-10-24 15:00:00+00:00,angiang_longxuyen,89.76164773080228
2025-10-24 16:00:00+00:00,angiang_longxuyen,92.65496330748459
2025-10-24 17:00:00+00:00,angiang_longxuyen,95.42721994472319
2025-10-24 18:00:00+00:00,angiang_longxuyen,97.97530516323437
2025-10-24 19:00:00+00:00,angiang_longxuyen,100.27736890584302
2025-10-24 20:00:00+00:00,angiang_longxuyen,102.19024102747085
2025-10-24 21:00:00+00:00,angiang_longxuyen,103.71147387465426
2025-10-24 22:00:00+00:00,angiang_longxuyen,104.6855641710471
2025-10-24 23:00:00+00:00,angiang_longxuyen,104.99105443957748
2025-10-25 00:00:00+00:00,angiang_longxuyen,104.76072149827094
2025-10-25 01:00:00+00:00,angiang_longxuyen,102.94256394299076
2025-10-25 02:00:00+00:00,angiang_longxuyen,100.38345351628988
2025-10-25 03:00:00+00:00,angiang_longxuyen,97.75918832082009
2025-10-25 04:00:00+00:00,angiang_longxuyen,95.55314502315551
2025-10-25 05:00:00+00:00,angiang_longxuyen,93.80099887446687
2025-10-25 06:00:00+00:00,angiang_longxuyen,92.21988615753976
2025-10-25 07:00:00+00:00,angiang_longxuyen,90.42927731136211
2025-10-25 08:00:00+00:00,angiang_longxuyen,88.47482806515742
2025-10-25 09:00:00+00:00,angiang_longxuyen,86.35820180921806
2025-10-25 10:00:00+00:00,angiang_longxuyen,84.22947658331226
2025-10-25 11:00:00+00:00,angiang_longxuyen,82.38944307408909
2025-10-25 12:00:00+00:00,angiang_longxuyen,81.09556640289065
2025-10-25 13:00:00+00:00,angiang_longxuyen,80.17511567296845
2025-10-25 14:00:00+00:00,angiang_longxuyen,79.40037596995262
2025-10-25 15:00:00+00:00,angiang_longxuyen,78.85874861293371
2025-10-25 16:00:00+00:00,angiang_longxuyen,78.57085070033683
2025-10-25 17:00:00+00:00,angiang_longxuyen,78.39345511419431
2025-10-25 18:00:00+00:00,angiang_longxuyen,78.25541607292995
2025-10-25 19:00:00+00:00,angiang_longxuyen,78.1549518789117
2025-10-25 20:00:00+00:00,angiang_longxuyen,78.16784465296388
2025-10-25 21:00:00+00:00,angiang_longxuyen,78.27097157991814
2025-10-25 22:00:00+00:00,angiang_longxuyen,78.38169634597892
2025-10-25 23:00:00+00:00,angiang_longxuyen,78.56286468230925
2025-10-26 00:00:00+00:00,angiang_longxuyen,78.86922508224133
2025-10-26 01:00:00+00:00,angiang_longxuyen,78.18167734339232
2025-10-26 02:00:00+00:00,angiang_longxuyen,77.0949879001373
2025-10-26 03:00:00+00:00,angiang_longxuyen,75.91149143168768
2025-10-26 04:00:00+00:00,angiang_longxuyen,74.94471220177148
2025-10-26 05:00:00+00:00,angiang_longxuyen,74.29944107283039
2025-10-26 06:00:00+00:00,angiang_longxuyen,74.03973628996062
2025-10-26 07:00:00+00:00,angiang_longxuyen,74.01535516446953
2025-10-26 08:00:00+00:00,angiang_longxuyen,74.07109591290892
2025-10-26 09:00:00+00:00,angiang_longxuyen,74.21335694513489
2025-10-26 10:00:00+00:00,angiang_longxuyen,74.59714813591553
2025-10-26 11:00:00+00:00,angiang_longxuyen,75.30033861297095
2025-10-26 12:00:00+00:00,angiang_longxuyen,76.48571273339263
2025-10-26 13:00:00+00:00,angiang_longxuyen,78.48616445291324
2025-10-26 14:00:00+00:00,angiang_longxuyen,80.93876610736868
2025-10-26 15:00:00+00:00,angiang_longxuyen,83.65125573025216
2025-10-26 16:00:00+00:00,angiang_longxuyen,86.20756658004345
2025-10-26 17:00:00+00:00,angiang_longxuyen,88.24164157262503
2025-10-26 18:00:00+00:00,angiang_longxuyen,89.24728449103648
2025-10-26 19:00:00+00:00,angiang_longxuyen,89.07411689300181
2025-10-26 20:00:00+00:00,angiang_longxuyen,87.98491355507684
2025-10-26 21:00:00+00:00,angiang_longxuyen,86.46751561032421
2025-10-26 22:00:00+00:00,angiang_longxuyen,84.797159905212
2025-10-26 23:00:00+00:00,angiang_longxuyen,83.13215147377636
2025-10-27 00:00:00+00:00,angiang_longxuyen,81.73504755972272
2025-10-27 01:00:00+00:00,angiang_longxuyen,80.20988821732941
2025-10-27 02:00:00+00:00,angiang_longxuyen,78.69214352848437
2025-10-27 03:00:00+00:00,angiang_longxuyen,77.18264655132157
2025-10-27 04:00:00+00:00,angiang_longxuyen,75.90557061275135
2025-10-27 05:00:00+00:00,angiang_longxuyen,74.88748416106151
2025-10-27 06:00:00+00:00,angiang_longxuyen,74.11953976994464
2025-10-27 07:00:00+00:00,angiang_longxuyen,73.36755433020019
2025-10-27 08:00:00+00:00,angiang_longxuyen,72.61515454216924
2025-10-27 09:00:00+00:00,angiang_longxuyen,71.93238053173705
2025-10-27 10:00:00+00:00,angiang_longxuyen,71.25791965640076
2025-10-27 11:00:00+00:00,angiang_longxuyen,70.55211006201844
2025-10-27 12:00:00+00:00,angiang_longxuyen,69.96706990847437
2025-10-27 13:00:00+00:00,angiang_longxuyen,70.0505872575739
2025-10-27 14:00:00+00:00,angiang_longxuyen,70.54866879045986
2025-10-27 15:00:00+00:00,angiang_longxuyen,71.32217417173794
2025-10-27 16:00:00+00:00,angiang_longxuyen,72.10303314471156
2025-10-27 17:00:00+00:00,angiang_longxuyen,72.79101267809072
2025-10-27 18:00:00+00:00,angiang_longxuyen,73.14806750048847
2025-10-27 19:00:00+00:00,angiang_longxuyen,73.13470149707746
2025-10-27 20:00:00+00:00,angiang_longxuyen,72.82008684312179
2025-10-27 21:00:00+00:00,angiang_longxuyen,72.33208487750056
2025-10-27 22:00:00+00:00,angiang_longxuyen,72.05608312228777
2025-10-27 23:00:00+00:00,angiang_longxuyen,72.09369504280164
2025-10-28 00:00:00+00:00,angiang_longxuyen,72.24633222843428
2025-10-28 01:00:00+00:00,angiang_longxuyen,72.05335714671855
2025-10-28 02:00:00+00:00,angiang_longxuyen,71.58533331084902
2025-10-28 03:00:00+00:00,angiang_longxuyen,70.96441277647267
2025-10-28 04:00:00+00:00,angiang_longxuyen,70.15703551316169
2025-10-28 05:00:00+00:00,angiang_longxuyen,68.9937701449966
2025-10-28 06:00:00+00:00,angiang_longxuyen,67.6394291548924
2025-10-28 07:00:00+00:00,angiang_longxuyen,66.24152707519208
2025-10-28 08:00:00+00:00,angiang_longxuyen,65.06390999085016
2025-10-28 09:00:00+00:00,angiang_longxuyen,64.07939229270994
2025-10-28 10:00:00+00:00,angiang_longxuyen,63.17569649902638
2025-10-28 11:00:00+00:00,angiang_longxuyen,62.533498089746914
2025-10-28 12:00:00+00:00,angiang_longxuyen,62.359090172828246
2025-10-28 13:00:00+00:00,angiang_longxuyen,62.14648806701413
2025-10-28 14:00:00+00:00,angiang_longxuyen,61.85143719452364
2025-10-28 15:00:00+00:00,angiang_longxuyen,61.46687400746179
2025-10-28 16:00:00+00:00,angiang_longxuyen,61.01239936056152
2025-10-28 17:00:00+00:00,angiang_longxuyen,60.50429932226355
2025-10-28 18:00:00+00:00,angiang_longxuyen,59.971473595162536
2025-10-28 19:00:00+00:00,angiang_longxuyen,59.064910075180165
2025-10-28 20:00:00+00:00,angiang_longxuyen,57.92459305974699
2025-10-28 21:00:00+00:00,angiang_longxuyen,56.72868358894538
2025-10-28 22:00:00+00:00,angiang_longxuyen,55.457489215263294
2025-10-28 23:00:00+00:00,angiang_longxuyen,54.1691713534456
2025-10-29 00:00:00+00:00,angiang_longxuyen,52.79101842154916
2025-10-29 01:00:00+00:00,angiang_longxuyen,51.81410292407637
2025-10-29 02:00:00+00:00,angiang_longxuyen,51.16949911395463
2025-10-29 03:00:00+00:00,angiang_longxuyen,50.96939069936936
2025-10-29 04:00:00+00:00,angiang_longxuyen,51.205198490009124
2025-10-29 05:00:00+00:00,angiang_longxuyen,51.563644650337395
2025-10-29 06:00:00+00:00,angiang_longxuyen,51.945451330903644
2025-10-29 07:00:00+00:00,angiang_longxuyen,52.19045329194327
2025-10-29 08:00:00+00:00,angiang_longxuyen,52.5068147510437
2025-10-29 09:00:00+00:00,angiang_longxuyen,52.87466879825646
2025-10-29 10:00:00+00:00,angiang_longxuyen,53.39905054343426
2025-10-29 11:00:00+00:00,angiang_longxuyen,54.23364394682832
2025-10-29 12:00:00+00:00,angiang_longxuyen,55.29605476127366
2025-10-29 13:00:00+00:00,angiang_longxuyen,57.20300769955049
2025-10-29 14:00:00+00:00,angiang_longxuyen,59.1872780280922
2025-10-29 15:00:00+00:00,angiang_longxuyen,60.98908681749355
2025-10-29 16:00:00+00:00,angiang_longxuyen,62.53197590498906
2025-10-29 17:00:00+00:00,angiang_longxuyen,63.639886522855356
2025-10-29 18:00:00+00:00,angiang_longxuyen,64.55244500830955
2025-10-29 19:00:00+00:00,angiang_longxuyen,65.2933717103648
2025-10-29 20:00:00+00:00,angiang_longxuyen,65.93127616292762
2025-10-29 21:00:00+00:00,angiang_longxuyen,66.69204578634631
2025-10-29 22:00:00+00:00,angiang_longxuyen,67.66994263502401
2025-10-29 23:00:00+00:00,angiang_longxuyen,68.74212770747035
2025-10-30 00:00:00+00:00,angiang_longxuyen,70.00469709445142
2025-10-30 01:00:00+00:00,angiang_longxuyen,69.96271052834408
2025-10-30 02:00:00+00:00,angiang_longxuyen,69.20080689908859
2025-10-30 03:00:00+00:00,angiang_longxuyen,68.09954548083073
2025-10-30 04:00:00+00:00,angiang_longxuyen,67.04999909029166
2025-10-30 05:00:00+00:00,angiang_longxuyen,66.2288000404545
2025-10-30 06:00:00+00:00,angiang_longxuyen,65.73672437694265
2025-10-30 07:00:00+00:00,angiang_longxuyen,65.48166465644283
2025-10-30 08:00:00+00:00,angiang_longxuyen,65.36204230612411
2025-10-30 09:00:00+00:00,angiang_longxuyen,65.30424072015438
2025-10-30 10:00:00+00:00,angiang_longxuyen,65.32865237657185
2025-10-30 11:00:00+00:00,angiang_longxuyen,65.64516212874324
2025-10-30 12:00:00+00:00,angiang_longxuyen,66.47514536225465
2025-10-30 13:00:00+00:00,angiang_longxuyen,67.75724363821361
2025-10-30 14:00:00+00:00,angiang_longxuyen,69.4556419992015
2025-10-30 15:00:00+00:00,angiang_longxuyen,71.57697656014403
2025-10-30 16:00:00+00:00,angiang_longxuyen,74.22665316357131
2025-10-30 17:00:00+00:00,angiang_longxuyen,76.97925824293142
2025-10-30 18:00:00+00:00,angiang_longxuyen,79.8043481030673
2025-10-30 19:00:00+00:00,angiang_longxuyen,82.44700477420874
2025-10-30 20:00:00+00:00,angiang_longxuyen,84.71475039258381
2025-10-30 21:00:00+00:00,angiang_longxuyen,86.62360060985682
2025-10-30 22:00:00+00:00,angiang_longxuyen,88.128387101236
2025-10-30 23:00:00+00:00,angiang_longxuyen,89.2395547147124
2025-10-31 00:00:00+00:00,angiang_longxuyen,89.85145281514977
2025-10-31 01:00:00+00:00,angiang_longxuyen,89.47338072111334
2025-10-31 02:00:00+00:00,angiang_longxuyen,88.32656552511827
2025-10-31 03:00:00+00:00,angiang_longxuyen,86.8598620028313
2025-10-31 04:00:00+00:00,angiang_longxuyen,85.60837534212445
2025-10-31 05:00:00+00:00,angiang_longxuyen,84.84367159076425
2025-10-31 06:00:00+00:00,angiang_longxuyen,84.65697497597955
2025-10-31 07:00:00+00:00,angiang_longxuyen,84.64013062774222
2025-10-31 08:00:00+00:00,angiang_longxuyen,84.61002931511668
2025-10-31 09:00:00+00:00,angiang_longxuyen,84.44953259672285
2025-10-31 10:00:00+00:00,angiang_longxuyen,83.94146527013172
2025-10-31 11:00:00+00:00,angiang_longxuyen,83.33842277392853
2025-10-31 12:00:00+00:00,angiang_longxuyen,83.06066985201007
2025-10-31 13:00:00+00:00,angiang_longxuyen,83.21770567182121
2025-10-31 14:00:00+00:00,angiang_longxuyen,83.84665147827336
2025-10-31 15:00:00+00:00,angiang_longxuyen,84.84842351137652
2025-10-31 16:00:00+00:00,angiang_longxuyen,86.15733666381477
2025-10-31 17:00:00+00:00,angiang_longxuyen,87.37219057443224
2025-10-31 18:00:00+00:00,angiang_longxuyen,88.32788707807423
2025-10-31 19:00:00+00:00,angiang_longxuyen,88.99274870304106
2025-10-31 20:00:00+00:00,angiang_longxuyen,89.44728168581852
2025-10-31 21:00:00+00:00,angiang_longxuyen,90.03717353068069
2025-10-31 22:00:00+00:00,angiang_longxuyen,91.12054709725332
2025-10-31 23:00:00+00:00,angiang_longxuyen,92.50354681371184
2025-11-01 00:00:00+00:00,angiang_longxuyen,94.21024358952755
2025-11-01 01:00:00+00:00,angiang_longxuyen,94.54725540395503
2025-11-01 02:00:00+00:00,angiang_longxuyen,94.04265933465375
2025-11-01 03:00:00+00:00,angiang_longxuyen,93.12309836315734
2025-11-01 04:00:00+00:00,angiang_longxuyen,92.23352748448325
2025-11-01 05:00:00+00:00,angiang_longxuyen,91.70164058336827
2025-11-01 06:00:00+00:00,angiang_longxuyen,91.58050040985262
2025-11-01 07:00:00+00:00,angiang_longxuyen,91.57286168111256
2025-11-01 08:00:00+00:00,angiang_longxuyen,91.39815554246661
2025-11-01 09:00:00+00:00,angiang_longxuyen,90.70756070812634
2025-11-01 10:00:00+00:00,angiang_longxuyen,89.33297226188421
2025-11-01 11:00:00+00:00,angiang_longxuyen,87.59591247978831
2025-11-01 12:00:00+00:00,angiang_longxuyen,86.34208366087238
2025-11-01 13:00:00+00:00,angiang_longxuyen,85.61270419132836
2025-11-01 14:00:00+00:00,angiang_longxuyen,85.2600392799873
2025-11-01 15:00:00+00:00,angiang_longxuyen,85.32667084602085
2025-11-01 16:00:00+00:00,angiang_longxuyen,85.65398200378772
2025-11-01 17:00:00+00:00,angiang_longxuyen,86.2645852658297
2025-11-01 18:00:00+00:00,angiang_longxuyen,86.90382653681166
2025-11-01 19:00:00+00:00,angiang_longxuyen,87.78026039402258
2025-11-01 20:00:00+00:00,angiang_longxuyen,88.82404243662297
2025-11-01 21:00:00+00:00,angiang_longxuyen,89.99871982891105
2025-11-01 22:00:00+00:00,angiang_longxuyen,91.18396964484678
2025-11-01 23:00:00+00:00,angiang_longxuyen,92.31609837486513
2025-11-02 00:00:00+00:00,angiang_longxuyen,93.71134862553173
2025-11-02 01:00:00+00:00,angiang_longxuyen,95.16399047544242
2025-11-02 02:00:00+00:00,angiang_longxuyen,95.69197582402396
2025-11-02 03:00:00+00:00,angiang_longxuyen,95.16965777865083
2025-11-02 04:00:00+00:00,angiang_longxuyen,93.96908634443075
2025-11-02 05:00:00+00:00,angiang_longxuyen,92.47544636715409
2025-11-02 06:00:00+00:00,angiang_longxuyen,90.8735290046827
2025-11-02 07:00:00+00:00,angiang_longxuyen,89.23534526323841
2025-11-02 08:00:00+00:00,angiang_longxuyen,87.62761448526811
2025-11-02 09:00:00+00:00,angiang_longxuyen,85.90264985677283
2025-11-02 10:00:00+00:00,angiang_longxuyen,84.02546021015097
2025-11-02 11:00:00+00:00,angiang_longxuyen,82.0225049546676
2025-11-02 12:00:00+00:00,angiang_longxuyen,80.2382470863711
2025-11-02 13:00:00+00:00,angiang_longxuyen,78.5207756195205
2025-11-02 14:00:00+00:00,angiang_longxuyen,77.00135172972483
2025-11-02 15:00:00+00:00,angiang_longxuyen,76.04781637951413
2025-11-02 16:00:00+00:00,angiang_longxuyen,75.43234779627619
2025-11-02 17:00:00+00:00,angiang_longxuyen,75.18235402877421
2025-11-02 18:00:00+00:00,angiang_longxuyen,74.99926660564316
2025-11-02 19:00:00+00:00,angiang_longxuyen,74.75992595066569
2025-11-02 20:00:00+00:00,angiang_longxuyen,74.53254905726641
2025-11-02 21:00:00+00:00,angiang_longxuyen,74.15820500741845
2025-11-02 22:00:00+00:00,angiang_longxuyen,73.65337177824263
2025-11-02 23:00:00+00:00,angiang_longxuyen,72.82748405042642
2025-11-03 00:00:00+00:00,angiang_longxuyen,71.82022953525845
2025-11-03 01:00:00+00:00,angiang_longxuyen,71.5831307225891
2025-11-03 02:00:00+00:00,angiang_longxuyen,71.55462792203734
2025-11-03 03:00:00+00:00,angiang_longxuyen,71.50770624975948
2025-11-03 04:00:00+00:00,angiang_longxuyen,71.38547350523568
2025-11-03 05:00:00+00:00,angiang_longxuyen,71.39637740751256
2025-11-03 06:00:00+00:00,angiang_longxuyen,71.47290753603305
2025-11-03 07:00:00+00:00,angiang_longxuyen,71.722072606962
2025-11-03 08:00:00+00:00,angiang_longxuyen,72.03022342764794
2025-11-03 09:00:00+00:00,angiang_longxuyen,72.15871719285911
2025-11-03 10:00:00+00:00,angiang_longxuyen,71.75389019380592
2025-11-03 11:00:00+00:00,angiang_longxuyen,70.90331603123487
2025-11-03 12:00:00+00:00,angiang_longxuyen,69.88742998702452
2025-11-03 13:00:00+00:00,angiang_longxuyen,69.8755948914932
2025-11-03 14:00:00+00:00,angiang_longxuyen,70.79251275707769
2025-11-03 15:00:00+00:00,angiang_longxuyen,72.57537274510227
2025-11-03 16:00:00+00:00,angiang_longxuyen,74.64008770308189
2025-11-03 17:00:00+00:00,angiang_longxuyen,76.45120188268632
2025-11-03 18:00:00+00:00,angiang_longxuyen,77.60098566607627
2025-11-03 19:00:00+00:00,angiang_longxuyen,78.1799000073212
2025-11-03 20:00:00+00:00,angiang_longxuyen,78.54703875854459
2025-11-03 21:00:00+00:00,angiang_longxuyen,79.04455765007307
2025-11-03 22:00:00+00:00,angiang_longxuyen,79.78035515649725
2025-11-03 23:00:00+00:00,angiang_longxuyen,80.73716385817148
2025-11-04 00:00:00+00:00,angiang_longxuyen,81.82993767889701
2025-11-04 01:00:00+00:00,angiang_longxuyen,84.57036746097477
2025-11-04 02:00:00+00:00,angiang_longxuyen,86.77711446923253
2025-11-04 03:00:00+00:00,angiang_longxuyen,87.89554953357646
2025-11-04 04:00:00+00:00,angiang_longxuyen,88.37657518252094
2025-11-04 05:00:00+00:00,angiang_longxuyen,88.67515019622732
2025-11-04 06:00:00+00:00,angiang_longxuyen,88.94498906587323
2025-11-04 07:00:00+00:00,angiang_longxuyen,88.98174939161926
2025-11-04 08:00:00+00:00,angiang_longxuyen,88.42360589382157
2025-11-04 09:00:00+00:00,angiang_longxuyen,87.28799718339155
2025-11-04 10:00:00+00:00,angiang_longxuyen,85.51780534903224
2025-11-04 11:00:00+00:00,angiang_longxuyen,83.34324447951536
2025-11-04 12:00:00+00:00,angiang_longxuyen,81.08145239178346
2025-11-04 13:00:00+00:00,angiang_longxuyen,79.48610463043389
2025-11-04 14:00:00+00:00,angiang_longxuyen,78.24234011331951
2025-11-04 15:00:00+00:00,angiang_longxuyen,77.35364808916894
2025-11-04 16:00:00+00:00,angiang_longxuyen,76.67327729879858
2025-11-04 17:00:00+00:00,angiang_longxuyen,76.21537882658336
2025-11-04 18:00:00+00:00,angiang_longxuyen,75.85437679156139
2025-11-04 19:00:00+00:00,angiang_longxuyen,75.41136868829548
2025-11-04 20:00:00+00:00,angiang_longxuyen,74.98430645171928
2025-11-04 21:00:00+00:00,angiang_longxuyen,74.65550582090138
2025-11-04 22:00:00+00:00,angiang_longxuyen,74.44569729485062
2025-11-04 23:00:00+00:00,angiang_longxuyen,74.33958051789203
2025-11-05 00:00:00+00:00,angiang_longxuyen,74.24830613271274
2025-11-05 01:00:00+00:00,angiang_longxuyen,74.28822095738748
2025-11-05 02:00:00+00:00,angiang_longxuyen,73.9071535613956
2025-11-05 03:00:00+00:00,angiang_longxuyen,73.21216936119377
2025-11-05 04:00:00+00:00,angiang_longxuyen,72.51545798287128
2025-11-05 05:00:00+00:00,angiang_longxuyen,71.82388452330166
2025-11-05 06:00:00+00:00,angiang_longxuyen,71.22083330397663
2025-11-05 07:00:00+00:00,angiang_longxuyen,70.5299053554218
2025-11-05 08:00:00+00:00,angiang_longxuyen,69.6682942629661
2025-11-05 09:00:00+00:00,angiang_longxuyen,68.92910346215334
2025-11-05 10:00:00+00:00,angiang_longxuyen,68.24475492823237
2025-11-05 11:00:00+00:00,angiang_longxuyen,67.8910148921268
2025-11-05 12:00:00+00:00,angiang_longxuyen,68.09105134095705
2025-11-05 13:00:00+00:00,angiang_longxuyen,68.81128461727121
2025-11-05 14:00:00+00:00,angiang_longxuyen,69.93137489398079
2025-11-05 15:00:00+00:00,angiang_longxuyen,71.43851008591041
2025-11-05 16:00:00+00:00,angiang_longxuyen,73.39509322579067
2025-11-05 17:00:00+00:00,angiang_longxuyen,75.6035041695359
2025-11-05 18:00:00+00:00,angiang_longxuyen,78.0661068831597
2025-11-05 19:00:00+00:00,angiang_longxuyen,80.84003563381246
2025-11-05 20:00:00+00:00,angiang_longxuyen,83.4188586802446
2025-11-05 21:00:00+00:00,angiang_longxuyen,85.72167124834212
2025-11-05 22:00:00+00:00,angiang_longxuyen,87.54787097674661
2025-11-05 23:00:00+00:00,angiang_longxuyen,88.79382336185284
2025-11-06 00:00:00+00:00,angiang_longxuyen,89.5143041567487
2025-11-06 01:00:00+00:00,angiang_longxuyen,89.33141900100487
2025-11-06 02:00:00+00:00,angiang_longxuyen,88.52530004801665
2025-11-06 03:00:00+00:00,angiang_longxuyen,87.44297652723327
2025-11-06 04:00:00+00:00,angiang_longxuyen,86.39429590653498
2025-11-06 05:00:00+00:00,angiang_longxuyen,85.51001123968473
2025-11-06 06:00:00+00:00,angiang_longxuyen,84.50162926102132
2025-11-06 07:00:00+00:00,angiang_longxuyen,83.34943571522817
2025-11-06 08:00:00+00:00,angiang_longxuyen,82.07138714857484
2025-11-06 09:00:00+00:00,angiang_longxuyen,80.7738053313827
2025-11-06 10:00:00+00:00,angiang_longxuyen,79.678425478013
2025-11-06 11:00:00+00:00,angiang_longxuyen,78.99282517611066
2025-11-06 12:00:00+00:00,angiang_longxuyen,78.79074533599373
2025-11-06 13:00:00+00:00,angiang_longxuyen,79.56323229279916
2025-11-06 14:00:00+00:00,angiang_longxuyen,80.56639566383285
2025-11-06 15:00:00+00:00,angiang_longxuyen,81.5746140839621
2025-11-06 16:00:00+00:00,angiang_longxuyen,82.37675093183881
2025-11-06 17:00:00+00:00,angiang_longxuyen,82.57849057020469
2025-11-06 18:00:00+00:00,angiang_longxuyen,81.96566509287868
2025-11-06 19:00:00+00:00,angiang_longxuyen,80.66082127677015
2025-11-06 20:00:00+00:00,angiang_longxuyen,78.89210146921822
2025-11-06 21:00:00+00:00,angiang_longxuyen,76.81250922697204
2025-11-06 22:00:00+00:00,angiang_longxuyen,74.61276034319557
2025-11-06 23:00:00+00:00,angiang_longxuyen,72.480066096861
2025-11-07 00:00:00+00:00,angiang_longxuyen,70.59627086623979
2025-11-07 01:00:00+00:00,angiang_longxuyen,69.26144131886986
2025-11-07 02:00:00+00:00,angiang_longxuyen,68.04800709632885
2025-11-07 03:00:00+00:00,angiang_longxuyen,66.79636560020965
2025-11-07 04:00:00+00:00,angiang_longxuyen,65.49160465375843
2025-11-07 05:00:00+00:00,angiang_longxuyen,64.39659117150524
2025-11-07 06:00:00+00:00,angiang_longxuyen,63.49660706615672
2025-11-07 07:00:00+00:00,angiang_longxuyen,62.464258310288734
2025-11-07 08:00:00+00:00,angiang_longxuyen,61.58334076846158
2025-11-07 09:00:00+00:00,angiang_longxuyen,60.70290299833461
2025-11-07 10:00:00+00:00,angiang_longxuyen,59.88091450597261
2025-11-07 11:00:00+00:00,angiang_longxuyen,59.40369868048368
2025-11-07 12:00:00+00:00,angiang_longxuyen,59.30716425284602
2025-11-07 13:00:00+00:00,angiang_longxuyen,60.47075891885987
2025-11-07 14:00:00+00:00,angiang_longxuyen,62.05529437071169
2025-11-07 15:00:00+00:00,angiang_longxuyen,63.49463782140552
2025-11-07 16:00:00+00:00,angiang_longxuyen,64.66651073002797
2025-11-07 17:00:00+00:00,angiang_longxuyen,65.33070012941945
2025-11-07 18:00:00+00:00,angiang_longxuyen,65.42406588305545
2025-11-07 19:00:00+00:00,angiang_longxuyen,65.18433704915691
2025-11-07 20:00:00+00:00,angiang_longxuyen,64.70594796378299
2025-11-07 21:00:00+00:00,angiang_longxuyen,64.13634555508253
2025-11-07 22:00:00+00:00,angiang_longxuyen,63.757589786373345
2025-11-07 23:00:00+00:00,angiang_longxuyen,63.629584515984156
2025-11-08 00:00:00+00:00,angiang_longxuyen,63.9505735912109
2025-11-08 01:00:00+00:00,angiang_longxuyen,64.67869038887125
2025-11-08 02:00:00+00:00,angiang_longxuyen,65.29382313191905
2025-11-08 03:00:00+00:00,angiang_longxuyen,65.68221358868007
2025-11-08 04:00:00+00:00,angiang_longxuyen,65.99429853730751
2025-11-08 05:00:00+00:00,angiang_longxuyen,66.50085676382352
2025-11-08 06:00:00+00:00,angiang_longxuyen,67.14682138094943
2025-11-08 07:00:00+00:00,angiang_longxuyen,67.79416207054267
2025-11-08 08:00:00+00:00,angiang_longxuyen,68.22154488184582
2025-11-08 09:00:00+00:00,angiang_longxuyen,68.44779213096922
2025-11-08 10:00:00+00:00,angiang_longxuyen,68.26037585863423
2025-11-08 11:00:00+00:00,angiang_longxuyen,67.87925394313098
2025-11-08 12:00:00+00:00,angiang_longxuyen,67.70295092799658
2025-11-08 13:00:00+00:00,angiang_longxuyen,68.42952155231407
2025-11-08 14:00:00+00:00,angiang_longxuyen,69.49853576997829
2025-11-08 15:00:00+00:00,angiang_longxuyen,71.15356058848921
2025-11-08 16:00:00+00:00,angiang_longxuyen,73.4559937007875
2025-11-08 17:00:00+00:00,angiang_longxuyen,76.08276992865288
2025-11-08 18:00:00+00:00,angiang_longxuyen,78.78719502541237
2025-11-08 19:00:00+00:00,angiang_longxuyen,81.34811168352542
2025-11-08 20:00:00+00:00,angiang_longxuyen,83.55011113273183
2025-11-08 21:00:00+00:00,angiang_longxuyen,85.62381744852895
2025-11-08 22:00:00+00:00,angiang_longxuyen,87.6978116273462
2025-11-08 23:00:00+00:00,angiang_longxuyen,89.68707267196004
2025-11-09 00:00:00+00:00,angiang_longxuyen,91.56609744533509
2025-11-09 01:00:00+00:00,angiang_longxuyen,91.69950396371712
2025-11-09 02:00:00+00:00,angiang_longxuyen,90.90875460618327
2025-11-09 03:00:00+00:00,angiang_longxuyen,90.03106734540563
2025-11-09 04:00:00+00:00,angiang_longxuyen,89.48801975511516
2025-11-09 05:00:00+00:00,angiang_longxuyen,89.32184919117157
2025-11-09 06:00:00+00:00,angiang_longxuyen,89.47382560032624
2025-11-09 07:00:00+00:00,angiang_longxuyen,89.94419922713644
2025-11-09 08:00:00+00:00,angiang_longxuyen,90.48047603930807
2025-11-09 09:00:00+00:00,angiang_longxuyen,90.75026147983283
2025-11-09 10:00:00+00:00,angiang_longxuyen,90.71087004246738
2025-11-09 11:00:00+00:00,angiang_longxuyen,90.38783212400281
2025-11-09 12:00:00+00:00,angiang_longxuyen,89.97486699748526
2025-11-09 13:00:00+00:00,angiang_longxuyen,89.05282538822087
2025-11-09 14:00:00+00:00,angiang_longxuyen,88.1089443530861
2025-11-09 15:00:00+00:00,angiang_longxuyen,87.5920252386266
2025-11-09 16:00:00+00:00,angiang_longxuyen,87.79729337976929
2025-11-09 17:00:00+00:00,angiang_longxuyen,88.61196862487418
2025-11-09 18:00:00+00:00,angiang_longxuyen,89.83274935157424
2025-11-09 19:00:00+00:00,angiang_longxuyen,91.4702472375653
2025-11-09 20:00:00+00:00,angiang_longxuyen,93.31237047965985
2025-11-09 21:00:00+00:00,angiang_longxuyen,95.30048361596148
2025-11-09 22:00:00+00:00,angiang_longxuyen,97.36514391813093
2025-11-09 23:00:00+00:00,angiang_longxuyen,99.52653137441078
2025-11-10 00:00:00+00:00,angiang_longxuyen,101.95549636730308
2025-11-10 01:00:00+00:00,angiang_longxuyen,105.24101331459218
2025-11-10 02:00:00+00:00,angiang_longxuyen,108.31141208061679
2025-11-10 03:00:00+00:00,angiang_longxuyen,109.95243846938466
2025-11-10 04:00:00+00:00,angiang_longxuyen,110.50459245366166
2025-11-10 05:00:00+00:00,angiang_longxuyen,110.54922212568093
2025-11-10 06:00:00+00:00,angiang_longxuyen,110.52837386452754
2025-11-10 07:00:00+00:00,angiang_longxuyen,110.65278084716535
2025-11-10 08:00:00+00:00,angiang_longxuyen,110.89220437180012
2025-11-10 09:00:00+00:00,angiang_longxuyen,111.11608329334898
2025-11-10 10:00:00+00:00,angiang_longxuyen,111.12852464584691
2025-11-10 11:00:00+00:00,angiang_longxuyen,110.91742073620563
2025-11-10 12:00:00+00:00,angiang_longxuyen,110.2882590324884
2025-11-10 13:00:00+00:00,angiang_longxuyen,109.13416384613816
2025-11-10 14:00:00+00:00,angiang_longxuyen,107.43400123376188
2025-11-10 15:00:00+00:00,angiang_longxuyen,105.53118796198447
2025-11-10 16:00:00+00:00,angiang_longxuyen,103.76847184302618
2025-11-10 17:00:00+00:00,angiang_longxuyen,102.12629400217787
2025-11-10 18:00:00+00:00,angiang_longxuyen,100.4435623679814
2025-11-10 19:00:00+00:00,angiang_longxuyen,98.81425085922226
2025-11-10 20:00:00+00:00,angiang_longxuyen,97.3502790370532
2025-11-10 21:00:00+00:00,angiang_longxuyen,96.16242182548551
2025-11-10 22:00:00+00:00,angiang_longxuyen,95.40892265150748
2025-11-10 23:00:00+00:00,angiang_longxuyen,95.0908580028714
2025-11-11 00:00:00+00:00,angiang_longxuyen,94.96160396307396
2025-11-11 01:00:00+00:00,angiang_longxuyen,94.0351710797651
2025-11-11 02:00:00+00:00,angiang_longxuyen,92.6123214168504
2025-11-11 03:00:00+00:00,angiang_longxuyen,90.94453957787064
2025-11-11 04:00:00+00:00,angiang_longxuyen,89.3600586455302
2025-11-11 05:00:00+00:00,angiang_longxuyen,88.20121208376281
2025-11-11 06:00:00+00:00,angiang_longxuyen,87.64567352821908
2025-11-11 07:00:00+00:00,angiang_longxuyen,87.61141128648467
2025-11-11 08:00:00+00:00,angiang_longxuyen,87.99536276462878
2025-11-11 09:00:00+00:00,angiang_longxuyen,88.57780015669935
2025-11-11 10:00:00+00:00,angiang_longxuyen,89.25669292311609
2025-11-11 11:00:00+00:00,angiang_longxuyen,89.91986880479092
2025-11-11 12:00:00+00:00,angiang_longxuyen,90.3589335117984
2025-11-11 13:00:00+00:00,angiang_longxuyen,90.60919660568662
2025-11-11 14:00:00+00:00,angiang_longxuyen,90.80378873611002
2025-11-11 15:00:00+00:00,angiang_longxuyen,91.17483544590945
2025-11-11 16:00:00+00:00,angiang_longxuyen,92.01894632040589
2025-11-11 17:00:00+00:00,angiang_longxuyen,93.20912088380497
2025-11-11 18:00:00+00:00,angiang_longxuyen,94.64796030161604
2025-11-11 19:00:00+00:00,angiang_longxuyen,96.07028330605077
2025-11-11 20:00:00+00:00,angiang_longxuyen,97.17679188653243
2025-11-11 21:00:00+00:00,angiang_longxuyen,97.86075530825485
2025-11-11 22:00:00+00:00,angiang_longxuyen,98.05754784615772
2025-11-11 23:00:00+00:00,angiang_longxuyen,98.00820210010492
2025-11-12 00:00:00+00:00,angiang_longxuyen,97.98859729270744
2025-11-12 01:00:00+00:00,angiang_longxuyen,97.57687793702503
2025-11-12 02:00:00+00:00,angiang_longxuyen,96.81639801665996
2025-11-12 03:00:00+00:00,angiang_longxuyen,96.03632187572043
2025-11-12 04:00:00+00:00,angiang_longxuyen,95.45936982798901
2025-11-12 05:00:00+00:00,angiang_longxuyen,95.31842407897518
2025-11-12 06:00:00+00:00,angiang_longxuyen,95.6480547693539
2025-11-12 07:00:00+00:00,angiang_longxuyen,96.275194889589
2025-11-12 08:00:00+00:00,angiang_longxuyen,96.86626837671103
2025-11-12 09:00:00+00:00,angiang_longxuyen,97.17214498412896
2025-11-12 10:00:00+00:00,angiang_longxuyen,97.07698540226964
2025-11-12 11:00:00+00:00,angiang_longxuyen,96.57903199023544
2025-11-12 12:00:00+00:00,angiang_longxuyen,95.87980440016378
2025-11-12 13:00:00+00:00,angiang_longxuyen,95.53797142534457
2025-11-12 14:00:00+00:00,angiang_longxuyen,95.41709240028842
2025-11-12 15:00:00+00:00,angiang_longxuyen,95.69028994443318
2025-11-12 16:00:00+00:00,angiang_longxuyen,96.5328277947274
2025-11-12 17:00:00+00:00,angiang_longxuyen,97.83462574203365
2025-11-12 18:00:00+00:00,angiang_longxuyen,99.49473477757873
2025-11-12 19:00:00+00:00,angiang_longxuyen,101.54355075564843
2025-11-12 20:00:00+00:00,angiang_longxuyen,104.05296010538106
2025-11-12 21:00:00+00:00,angiang_longxuyen,106.82860185908153
2025-11-12 22:00:00+00:00,angiang_longxuyen,109.73192667285889
2025-11-12 23:00:00+00:00,angiang_longxuyen,112.7230938685739
2025-11-13 00:00:00+00:00,angiang_longxuyen,115.87669867728802
2025-11-13 01:00:00+00:00,angiang_longxuyen,119.24625527059571
2025-11-13 02:00:00+00:00,angiang_longxuyen,122.02292308150042
2025-11-13 03:00:00+00:00,angiang_longxuyen,123.54404579927083
2025-11-13 04:00:00+00:00,angiang_longxuyen,123.90754918947512
2025-11-13 05:00:00+00:00,angiang_longxuyen,123.78840224929567
2025-11-13 06:00:00+00:00,angiang_longxuyen,123.67340751510326
2025-11-13 07:00:00+00:00,angiang_longxuyen,123.57777374979368
2025-11-13 08:00:00+00:00,angiang_longxuyen,123.36035429995364
2025-11-13 09:00:00+00:00,angiang_longxuyen,122.98588812640018
2025-11-13 10:00:00+00:00,angiang_longxuyen,122.59147653480186
2025-11-13 11:00:00+00:00,angiang_longxuyen,122.05148912468539
2025-11-13 12:00:00+00:00,angiang_longxuyen,121.22067283304003
2025-11-13 13:00:00+00:00,angiang_longxuyen,119.86218617929018
2025-11-13 14:00:00+00:00,angiang_longxuyen,118.43617820108098
2025-11-13 15:00:00+00:00,angiang_longxuyen,117.4021524250428
2025-11-13 16:00:00+00:00,angiang_longxuyen,116.81633809443707
2025-11-13 17:00:00+00:00,angiang_longxuyen,116.51925691534262
2025-11-13 18:00:00+00:00,angiang_longxuyen,116.5792305586459
2025-11-13 19:00:00+00:00,angiang_longxuyen,117.03413263851544
2025-11-13 20:00:00+00:00,angiang_longxuyen,117.80594137259925
2025-11-13 21:00:00+00:00,angiang_longxuyen,118.77894454993509
2025-11-13 22:00:00+00:00,angiang_longxuyen,119.85190598022353
2025-11-13 23:00:00+00:00,angiang_longxuyen,121.12314396951473
2025-11-14 00:00:00+00:00,angiang_longxuyen,122.53747604916585
2025-11-14 01:00:00+00:00,angiang_longxuyen,123.25173180625183
2025-11-14 02:00:00+00:00,angiang_longxuyen,122.72057437619918
2025-11-14 03:00:00+00:00,angiang_longxuyen,121.05035606025565
2025-11-14 04:00:00+00:00,angiang_longxuyen,119.08331389731141
2025-11-14 05:00:00+00:00,angiang_longxuyen,117.31146685058647
2025-11-14 06:00:00+00:00,angiang_longxuyen,115.63255158218689
2025-11-14 07:00:00+00:00,angiang_longxuyen,113.80096641644785
2025-11-14 08:00:00+00:00,angiang_longxuyen,111.54493376989859
2025-11-14 09:00:00+00:00,angiang_longxuyen,108.75528377294303
2025-11-14 10:00:00+00:00,angiang_longxuyen,105.53728324335724
2025-11-14 11:00:00+00:00,angiang_longxuyen,102.05290855907403
2025-11-14 12:00:00+00:00,angiang_longxuyen,98.48260703588566
2025-11-14 13:00:00+00:00,angiang_longxuyen,95.00796108581144
2025-11-14 14:00:00+00:00,angiang_longxuyen,91.48263516094207
2025-11-14 15:00:00+00:00,angiang_longxuyen,88.10038151862807
2025-11-14 16:00:00+00:00,angiang_longxuyen,84.9167735324089
2025-11-14 17:00:00+00:00,angiang_longxuyen,82.12561225459775
2025-11-14 18:00:00+00:00,angiang_longxuyen,79.52897005106475
2025-11-14 19:00:00+00:00,angiang_longxuyen,77.10309822265083
2025-11-14 20:00:00+00:00,angiang_longxuyen,74.92860495732808
2025-11-14 21:00:00+00:00,angiang_longxuyen,72.96563649227447
2025-11-14 22:00:00+00:00,angiang_longxuyen,71.16027084995041
2025-11-14 23:00:00+00:00,angiang_longxuyen,69.63300269285675
2025-11-15 00:00:00+00:00,angiang_longxuyen,68.35458993586737
2025-11-15 01:00:00+00:00,angiang_longxuyen,67.62141154677009
2025-11-15 02:00:00+00:00,angiang_longxuyen,66.83144563461482
2025-11-15 03:00:00+00:00,angiang_longxuyen,66.03660785892225
2025-11-15 04:00:00+00:00,angiang_longxuyen,65.47681678149053
2025-11-15 05:00:00+00:00,angiang_longxuyen,65.29504873053497
2025-11-15 06:00:00+00:00,angiang_longxuyen,65.24734197729317
2025-11-15 07:00:00+00:00,angiang_longxuyen,65.4527256998
2025-11-15 08:00:00+00:00,angiang_longxuyen,65.87224243600059
2025-11-15 09:00:00+00:00,angiang_longxuyen,66.59335456683829
2025-11-15 10:00:00+00:00,angiang_longxuyen,67.80758041268459
2025-11-15 11:00:00+00:00,angiang_longxuyen,69.58297776999089
2025-11-15 12:00:00+00:00,angiang_longxuyen,72.13755053775924
2025-11-15 13:00:00+00:00,angiang_longxuyen,75.32655813638593
2025-11-15 14:00:00+00:00,angiang_longxuyen,79.46721034856851
2025-11-15 15:00:00+00:00,angiang_longxuyen,84.8643410279203
2025-11-15 16:00:00+00:00,angiang_longxuyen,91.3404608147392
2025-11-15 17:00:00+00:00,angiang_longxuyen,98.17353906071946
2025-11-15 18:00:00+00:00,angiang_longxuyen,104.54599422190307
2025-11-15 19:00:00+00:00,angiang_longxuyen,109.72370513054213
2025-11-15 20:00:00+00:00,angiang_longxuyen,113.15428432255214
2025-11-15 21:00:00+00:00,angiang_longxuyen,114.65003802128516
2025-11-15 22:00:00+00:00,angiang_longxuyen,114.25086578595275
2025-11-15 23:00:00+00:00,angiang_longxuyen,112.32524972853882
2025-11-16 00:00:00+00:00,angiang_longxuyen,109.39160061733435
2025-11-16 01:00:00+00:00,angiang_longxuyen,106.47481820736685
2025-11-16 02:00:00+00:00,angiang_longxuyen,103.73731339707489
2025-11-16 03:00:00+00:00,angiang_longxuyen,101.36579534073076
2025-11-16 04:00:00+00:00,angiang_longxuyen,99.54022585787787
2025-11-16 05:00:00+00:00,angiang_longxuyen,98.04740721704022
2025-11-16 06:00:00+00:00,angiang_longxuyen,96.7602304485958
2025-11-16 07:00:00+00:00,angiang_longxuyen,95.4734996497545
2025-11-16 08:00:00+00:00,angiang_longxuyen,94.13666623774363
2025-11-16 09:00:00+00:00,angiang_longxuyen,92.7292216079657
2025-11-16 10:00:00+00:00,angiang_longxuyen,91.20403227984113
2025-11-16 11:00:00+00:00,angiang_longxuyen,89.51880474241348
2025-11-16 12:00:00+00:00,angiang_longxuyen,88.09935437103358
2025-11-16 13:00:00+00:00,angiang_longxuyen,87.58697564148218
2025-11-16 14:00:00+00:00,angiang_longxuyen,87.15909670262543
2025-11-16 15:00:00+00:00,angiang_longxuyen,86.45346920341115
2025-11-16 16:00:00+00:00,angiang_longxuyen,85.46785021114096
2025-11-16 17:00:00+00:00,angiang_longxuyen,84.19508785631145
2025-11-16 18:00:00+00:00,angiang_longxuyen,82.59296659086748
2025-11-16 19:00:00+00:00,angiang_longxuyen,80.58823836087389
2025-11-16 20:00:00+00:00,angiang_longxuyen,78.16895030865476
2025-11-16 21:00:00+00:00,angiang_longxuyen,75.48659252932322
2025-11-16 22:00:00+00:00,angiang_longxuyen,72.59428447321129
2025-11-16 23:00:00+00:00,angiang_longxuyen,69.73219113030859
2025-11-17 00:00:00+00:00,angiang_longxuyen,67.01826001154413
2025-11-17 01:00:00+00:00,angiang_longxuyen,64.67719873503978
2025-11-17 02:00:00+00:00,angiang_longxuyen,62.618836390526674
2025-11-17 03:00:00+00:00,angiang_longxuyen,60.9567763742667
2025-11-17 04:00:00+00:00,angiang_longxuyen,59.73251675754521
2025-11-17 05:00:00+00:00,angiang_longxuyen,58.922243417789495
2025-11-17 06:00:00+00:00,angiang_longxuyen,58.54806510725614
2025-11-17 07:00:00+00:00,angiang_longxuyen,58.600325330088765
2025-11-17 08:00:00+00:00,angiang_longxuyen,58.94891872431965
2025-11-17 09:00:00+00:00,angiang_longxuyen,59.59783175662121
2025-11-17 10:00:00+00:00,angiang_longxuyen,60.374551608290524
2025-11-17 11:00:00+00:00,angiang_longxuyen,61.119327387849495
2025-11-17 12:00:00+00:00,angiang_longxuyen,61.8598789956664
2025-11-17 13:00:00+00:00,angiang_longxuyen,63.3477949694428
2025-11-17 14:00:00+00:00,angiang_longxuyen,65.37266924928315
2025-11-17 15:00:00+00:00,angiang_longxuyen,67.73049636592843
2025-11-17 16:00:00+00:00,angiang_longxuyen,70.1956658581482
2025-11-17 17:00:00+00:00,angiang_longxuyen,72.72597962413097
2025-11-17 18:00:00+00:00,angiang_longxuyen,74.76437910435556
2025-11-17 19:00:00+00:00,angiang_longxuyen,76.19953763735552
2025-11-17 20:00:00+00:00,angiang_longxuyen,76.92734912575212
2025-11-17 21:00:00+00:00,angiang_longxuyen,76.88897175129841
2025-11-17 22:00:00+00:00,angiang_longxuyen,76.21380866465549
2025-11-17 23:00:00+00:00,angiang_longxuyen,75.1512146646519
2025-11-18 00:00:00+00:00,angiang_longxuyen,73.90068100500405
2025-11-18 01:00:00+00:00,angiang_longxuyen,72.91813255161503
2025-11-18 02:00:00+00:00,angiang_longxuyen,72.05460673391948
2025-11-18 03:00:00+00:00,angiang_longxuyen,71.54974733537821
2025-11-18 04:00:00+00:00,angiang_longxuyen,71.47662576670947
2025-11-18 05:00:00+00:00,angiang_longxuyen,71.53619596562851
2025-11-18 06:00:00+00:00,angiang_longxuyen,71.68051565460436
2025-11-18 07:00:00+00:00,angiang_longxuyen,71.84314517628354
2025-11-18 08:00:00+00:00,angiang_longxuyen,72.09950464193476
2025-11-18 09:00:00+00:00,angiang_longxuyen,72.47170280381462
2025-11-18 10:00:00+00:00,angiang_longxuyen,72.82874454152963
2025-11-18 11:00:00+00:00,angiang_longxuyen,72.993075071964
2025-11-18 12:00:00+00:00,angiang_longxuyen,72.80075422438489
2025-11-18 13:00:00+00:00,angiang_longxuyen,73.45820937373016
2025-11-18 14:00:00+00:00,angiang_longxuyen,74.3491999404807
2025-11-18 15:00:00+00:00,angiang_longxuyen,75.13298988238634
2025-11-18 16:00:00+00:00,angiang_longxuyen,75.71684369136268
2025-11-18 17:00:00+00:00,angiang_longxuyen,76.19771450489482
2025-11-18 18:00:00+00:00,angiang_longxuyen,76.75501731182698
2025-11-18 19:00:00+00:00,angiang_longxuyen,77.3717660131922
2025-11-18 20:00:00+00:00,angiang_longxuyen,77.89514241858006
2025-11-18 21:00:00+00:00,angiang_longxuyen,78.12496178608937
2025-11-18 22:00:00+00:00,angiang_longxuyen,77.76294568815565
2025-11-18 23:00:00+00:00,angiang_longxuyen,76.77344926823581
2025-11-19 00:00:00+00:00,angiang_longxuyen,75.21216747837965
2025-11-19 01:00:00+00:00,angiang_longxuyen,73.05964121458389
2025-11-19 02:00:00+00:00,angiang_longxuyen,70.54794477134868
2025-11-19 03:00:00+00:00,angiang_longxuyen,67.99382560591503
2025-11-19 04:00:00+00:00,angiang_longxuyen,65.64467363392124
2025-11-19 05:00:00+00:00,angiang_longxuyen,63.587266471247595
2025-11-19 06:00:00+00:00,angiang_longxuyen,61.89553693689224
2025-11-19 07:00:00+00:00,angiang_longxuyen,60.357803214393236
2025-11-19 08:00:00+00:00,angiang_longxuyen,58.82620184653475
2025-11-19 09:00:00+00:00,angiang_longxuyen,57.34637656824779
2025-11-19 10:00:00+00:00,angiang_longxuyen,56.01690737923716
2025-11-19 11:00:00+00:00,angiang_longxuyen,55.05167214188336
2025-11-19 12:00:00+00:00,angiang_longxuyen,54.256524695366124
2025-11-19 13:00:00+00:00,angiang_longxuyen,53.58743508229142
2025-11-19 14:00:00+00:00,angiang_longxuyen,52.8637736191014
2025-11-19 15:00:00+00:00,angiang_longxuyen,52.28106908142504
2025-11-19 16:00:00+00:00,angiang_longxuyen,51.68011577289809
2025-11-19 17:00:00+00:00,angiang_longxuyen,50.97499966670058
2025-11-19 18:00:00+00:00,angiang_longxuyen,50.116692456634766
2025-11-19 19:00:00+00:00,angiang_longxuyen,49.15519943854239
2025-11-19 20:00:00+00:00,angiang_longxuyen,48.1496415705687
2025-11-19 21:00:00+00:00,angiang_longxuyen,47.05023163491746
2025-11-19 22:00:00+00:00,angiang_longxuyen,45.92389342220324
2025-11-19 23:00:00+00:00,angiang_longxuyen,44.86877077603977
2025-11-20 00:00:00+00:00,angiang_longxuyen,43.874330526827585
2025-11-20 01:00:00+00:00,angiang_longxuyen,42.98400509811594
2025-11-20 02:00:00+00:00,angiang_longxuyen,42.17897871613585
2025-11-20 03:00:00+00:00,angiang_longxuyen,41.442293632066324
2025-11-20 04:00:00+00:00,angiang_longxuyen,40.858180310215786
2025-11-20 05:00:00+00:00,angiang_longxuyen,40.397346507507635
2025-11-20 06:00:00+00:00,angiang_longxuyen,40.007056590969974
2025-11-20 07:00:00+00:00,angiang_longxuyen,39.69288899700766
2025-11-20 08:00:00+00:00,angiang_longxuyen,39.43744109758678
2025-11-20 09:00:00+00:00,angiang_longxuyen,39.17130737393456
2025-11-20 10:00:00+00:00,angiang_longxuyen,38.98180191392333
2025-11-20 11:00:00+00:00,angiang_longxuyen,38.84899238419096
2025-11-20 12:00:00+00:00,angiang_longxuyen,38.8330683253058
2025-11-20 13:00:00+00:00,angiang_longxuyen,38.92333518991471
2025-11-20 14:00:00+00:00,angiang_longxuyen,38.98958730014902
2025-11-20 15:00:00+00:00,angiang_longxuyen,39.01517221645149
2025-11-20 16:00:00+00:00,angiang_longxuyen,38.99852850001606
2025-11-20 17:00:00+00:00,angiang_longxuyen,38.960574196970704
2025-11-20 18:00:00+00:00,angiang_longxuyen,38.8713628301022
2025-11-20 19:00:00+00:00,angiang_longxuyen,38.80744851651605
2025-11-20 20:00:00+00:00,angiang_longxuyen,38.76897954928322
2025-11-20 21:00:00+00:00,angiang_longxuyen,38.763667168093924
2025-11-20 22:00:00+00:00,angiang_longxuyen,38.78912996069089
2025-11-20 23:00:00+00:00,angiang_longxuyen,38.85719648026408
2025-11-21 00:00:00+00:00,angiang_longxuyen,39.00807159528878
2025-11-21 01:00:00+00:00,angiang_longxuyen,39.31518654525842
2025-11-21 02:00:00+00:00,angiang_longxuyen,39.63211500727725
2025-11-21 03:00:00+00:00,angiang_longxuyen,39.949636641579936
2025-11-21 04:00:00+00:00,angiang_longxuyen,40.41384629243301
2025-11-21 05:00:00+00:00,angiang_longxuyen,41.01293285289015
2025-11-21 06:00:00+00:00,angiang_longxuyen,41.7245564079665
2025-11-21 07:00:00+00:00,angiang_longxuyen,42.35783760596394
2025-11-21 08:00:00+00:00,angiang_longxuyen,42.83885671256704
2025-11-21 09:00:00+00:00,angiang_longxuyen,43.27735932341215
2025-11-21 10:00:00+00:00,angiang_longxuyen,43.713000750299805
2025-11-21 11:00:00+00:00,angiang_longxuyen,44.13436678832657
2025-11-21 12:00:00+00:00,angiang_longxuyen,44.64685019533984
2025-11-21 13:00:00+00:00,angiang_longxuyen,45.11494163540348
2025-11-21 14:00:00+00:00,angiang_longxuyen,45.46682800812198
2025-11-21 15:00:00+00:00,angiang_longxuyen,45.581318982029195
2025-11-21 16:00:00+00:00,angiang_longxuyen,45.48596217583744
2025-11-21 17:00:00+00:00,angiang_longxuyen,45.223644817982134
2025-11-21 18:00:00+00:00,angiang_longxuyen,44.88855917789185
2025-11-21 19:00:00+00:00,angiang_longxuyen,44.49291326455578
2025-11-21 20:00:00+00:00,angiang_longxuyen,44.068877951251636
2025-11-21 21:00:00+00:00,angiang_longxuyen,43.647115011181995
2025-11-21 22:00:00+00:00,angiang_longxuyen,43.28080495653165
2025-11-21 23:00:00+00:00,angiang_longxuyen,42.978801755949405
2025-11-22 00:00:00+00:00,angiang_longxuyen,42.75014256364236
2025-11-22 01:00:00+00:00,angiang_longxuyen,42.60264329676258
2025-11-22 02:00:00+00:00,angiang_longxuyen,42.474221497306424
2025-11-22 03:00:00+00:00,angiang_longxuyen,42.37214788731211
2025-11-22 04:00:00+00:00,angiang_longxuyen,42.31907205258918
2025-11-22 05:00:00+00:00,angiang_longxuyen,42.284912307536175
2025-11-22 06:00:00+00:00,angiang_longxuyen,42.4219612744738
2025-11-22 07:00:00+00:00,angiang_longxuyen,42.610276028356395
2025-11-22 08:00:00+00:00,angiang_longxuyen,42.70268005781157
2025-11-22 09:00:00+00:00,angiang_longxuyen,42.64991825547421
2025-11-22 10:00:00+00:00,angiang_longxuyen,42.58771803532599
2025-11-22 11:00:00+00:00,angiang_longxuyen,42.62081355951677
2025-11-22 12:00:00+00:00,angiang_longxuyen,42.85686123600662
2025-11-22 13:00:00+00:00,angiang_longxuyen,43.106935692385456
2025-11-22 14:00:00+00:00,angiang_longxuyen,43.300205179462665
2025-11-22 15:00:00+00:00,angiang_longxuyen,43.34474107792234
2025-11-22 16:00:00+00:00,angiang_longxuyen,43.26811717584227
2025-11-22 17:00:00+00:00,angiang_longxuyen,43.103952384722504
2025-11-22 18:00:00+00:00,angiang_longxuyen,42.894470975740035
2025-11-22 19:00:00+00:00,angiang_longxuyen,42.63715196668844
2025-11-22 20:00:00+00:00,angiang_longxuyen,42.382733395642504
2025-11-22 21:00:00+00:00,angiang_longxuyen,42.13931904277439
2025-11-22 22:00:00+00:00,angiang_longxuyen,41.919177978926044
2025-11-22 23:00:00+00:00,angiang_longxuyen,41.75912613974511
2025-11-23 00:00:00+00:00,angiang_longxuyen,41.72855159776075
2025-11-23 01:00:00+00:00,angiang_longxuyen,41.82195006310358
2025-11-23 02:00:00+00:00,angiang_longxuyen,41.89768420675786
2025-11-23 03:00:00+00:00,angiang_longxuyen,41.954589491960434
2025-11-23 04:00:00+00:00,angiang_longxuyen,42.048131888813316
2025-11-23 05:00:00+00:00,angiang_longxuyen,42.181033011324814
2025-11-23 06:00:00+00:00,angiang_longxuyen,42.378310772879004
2025-11-23 07:00:00+00:00,angiang_longxuyen,42.68793362037232
2025-11-23 08:00:00+00:00,angiang_longxuyen,43.13965612233791
2025-11-23 09:00:00+00:00,angiang_longxuyen,43.6528373790969
2025-11-23 10:00:00+00:00,angiang_longxuyen,44.29022716747227
2025-11-23 11:00:00+00:00,angiang_longxuyen,44.949817300883346
2025-11-23 12:00:00+00:00,angiang_longxuyen,45.75140241130485
2025-11-23 13:00:00+00:00,angiang_longxuyen,46.88060616953743
2025-11-23 14:00:00+00:00,angiang_longxuyen,47.985673049689915
2025-11-23 15:00:00+00:00,angiang_longxuyen,48.82997528767132
2025-11-23 16:00:00+00:00,angiang_longxuyen,49.50830268675499
2025-11-23 17:00:00+00:00,angiang_longxuyen,49.982055432880784
2025-11-23 18:00:00+00:00,angiang_longxuyen,50.21410355801548
2025-11-23 19:00:00+00:00,angiang_longxuyen,50.25299123509574
2025-11-23 20:00:00+00:00,angiang_longxuyen,50.12557695620996
2025-11-23 21:00:00+00:00,angiang_longxuyen,49.95784004670429
2025-11-23 22:00:00+00:00,angiang_longxuyen,49.74297210999705
2025-11-23 23:00:00+00:00,angiang_longxuyen,49.55350590403401
2025-11-24 00:00:00+00:00,angiang_longxuyen,49.47186620690657
2025-11-24 01:00:00+00:00,angiang_longxuyen,49.589859514225125
2025-11-24 02:00:00+00:00,angiang_longxuyen,49.75602190024201
2025-11-24 03:00:00+00:00,angiang_longxuyen,50.03148064112142
2025-11-24 04:00:00+00:00,angiang_longxuyen,50.57450369763177
2025-11-24 05:00:00+00:00,angiang_longxuyen,51.41401694173316
2025-11-24 06:00:00+00:00,angiang_longxuyen,52.37605951650029
2025-11-24 07:00:00+00:00,angiang_longxuyen,53.46720429422565
2025-11-24 08:00:00+00:00,angiang_longxuyen,54.443086101762596
2025-11-24 09:00:00+00:00,angiang_longxuyen,55.332412733025684
2025-11-24 10:00:00+00:00,angiang_longxuyen,56.30934131518121
2025-11-24 11:00:00+00:00,angiang_longxuyen,57.54112898603466
2025-11-24 12:00:00+00:00,angiang_longxuyen,59.11125602141781
2025-11-24 13:00:00+00:00,angiang_longxuyen,60.88584867073607
2025-11-24 14:00:00+00:00,angiang_longxuyen,62.622748710663615
2025-11-24 15:00:00+00:00,angiang_longxuyen,64.15156304110013
2025-11-24 16:00:00+00:00,angiang_longxuyen,65.75383041883461
2025-11-24 17:00:00+00:00,angiang_longxuyen,67.86446389008262
2025-11-24 18:00:00+00:00,angiang_longxuyen,70.52682391263836
2025-11-24 19:00:00+00:00,angiang_longxuyen,73.65072649155026
2025-11-24 20:00:00+00:00,angiang_longxuyen,76.70851434939654
2025-11-24 21:00:00+00:00,angiang_longxuyen,78.99043722151202
2025-11-24 22:00:00+00:00,angiang_longxuyen,80.00626438465008
2025-11-24 23:00:00+00:00,angiang_longxuyen,79.70666222334921
2025-11-25 00:00:00+00:00,angiang_longxuyen,78.46353667490826
2025-11-25 01:00:00+00:00,angiang_longxuyen,76.91991702596019
2025-11-25 02:00:00+00:00,angiang_longxuyen,75.16938710818656
2025-11-25 03:00:00+00:00,angiang_longxuyen,73.51417256177601
2025-11-25 04:00:00+00:00,angiang_longxuyen,72.28253754555443
2025-11-25 05:00:00+00:00,angiang_longxuyen,71.53379492634714
2025-11-25 06:00:00+00:00,angiang_longxuyen,71.06334170105032
2025-11-25 07:00:00+00:00,angiang_longxuyen,70.68823655882345
2025-11-25 08:00:00+00:00,angiang_longxuyen,70.24679207514404
2025-11-25 09:00:00+00:00,angiang_longxuyen,69.64156443692455
2025-11-25 10:00:00+00:00,angiang_longxuyen,68.96120891201738
2025-11-25 11:00:00+00:00,angiang_longxuyen,68.22288824260633
2025-11-25 12:00:00+00:00,angiang_longxuyen,67.55517034043805
2025-11-25 13:00:00+00:00,angiang_longxuyen,66.60297835098785
2025-11-25 14:00:00+00:00,angiang_longxuyen,65.56216598617256
2025-11-25 15:00:00+00:00,angiang_longxuyen,64.58097179744632
2025-11-25 16:00:00+00:00,angiang_longxuyen,63.69804793760022
2025-11-25 17:00:00+00:00,angiang_longxuyen,63.020379134214075
2025-11-25 18:00:00+00:00,angiang_longxuyen,62.46221055744114
2025-11-25 19:00:00+00:00,angiang_longxuyen,61.918175618799495
2025-11-25 20:00:00+00:00,angiang_longxuyen,61.3225368722423
2025-11-25 21:00:00+00:00,angiang_longxuyen,60.66116722197963
2025-11-25 22:00:00+00:00,angiang_longxuyen,59.909482729938034
2025-11-25 23:00:00+00:00,angiang_longxuyen,59.123756254988024
2025-11-26 00:00:00+00:00,angiang_longxuyen,58.44553353336621
2025-11-26 01:00:00+00:00,angiang_longxuyen,57.83793320601127
2025-11-26 02:00:00+00:00,angiang_longxuyen,57.24556344935669
2025-11-26 03:00:00+00:00,angiang_longxuyen,56.65069887986115
2025-11-26 04:00:00+00:00,angiang_longxuyen,56.18115940157514
2025-11-26 05:00:00+00:00,angiang_longxuyen,56.05527166900813
2025-11-26 06:00:00+00:00,angiang_longxuyen,56.10737051408705
2025-11-26 07:00:00+00:00,angiang_longxuyen,56.19407834499278
2025-11-26 08:00:00+00:00,angiang_longxuyen,56.14557778766523
2025-11-26 09:00:00+00:00,angiang_longxuyen,55.9301515711614
2025-11-26 10:00:00+00:00,angiang_longxuyen,55.59861624165247
2025-11-26 11:00:00+00:00,angiang_longxuyen,55.285286067385016
2025-11-26 12:00:00+00:00,angiang_longxuyen,55.007166774350054
2025-11-26 13:00:00+00:00,angiang_longxuyen,54.61496649413348
2025-11-26 14:00:00+00:00,angiang_longxuyen,54.21097255321424
2025-11-26 15:00:00+00:00,angiang_longxuyen,53.83446516915455
2025-11-26 16:00:00+00:00,angiang_longxuyen,53.48454149884589
2025-11-26 17:00:00+00:00,angiang_longxuyen,53.14144367136256
2025-11-26 18:00:00+00:00,angiang_longxuyen,52.73771578565887
2025-11-26 19:00:00+00:00,angiang_longxuyen,52.317898101755425
2025-11-26 20:00:00+00:00,angiang_longxuyen,51.98131208471184
2025-11-26 21:00:00+00:00,angiang_longxuyen,51.6822267683789
2025-11-26 22:00:00+00:00,angiang_longxuyen,51.46318045631915
2025-11-26 23:00:00+00:00,angiang_longxuyen,51.2912738945828
2025-11-27 00:00:00+00:00,angiang_longxuyen,51.16841744684876
2025-11-27 01:00:00+00:00,angiang_longxuyen,51.23564654672708
2025-11-27 02:00:00+00:00,angiang_longxuyen,51.40220147322594
2025-11-27 03:00:00+00:00,angiang_longxuyen,51.614243118463015
2025-11-27 04:00:00+00:00,angiang_longxuyen,52.00412740983598
2025-11-27 05:00:00+00:00,angiang_longxuyen,52.6570792475409
2025-11-27 06:00:00+00:00,angiang_longxuyen,53.540504686891744
2025-11-27 07:00:00+00:00,angiang_longxuyen,54.41074076604847
2025-11-27 08:00:00+00:00,angiang_longxuyen,55.07303506722422
2025-11-27 09:00:00+00:00,angiang_longxuyen,55.440601251416865
2025-11-27 10:00:00+00:00,angiang_longxuyen,55.654204335459994
2025-11-27 11:00:00+00:00,angiang_longxuyen,55.809898975291084
2025-11-27 12:00:00+00:00,angiang_longxuyen,55.99318484944358
2025-11-27 13:00:00+00:00,angiang_longxuyen,56.23359408684419
2025-11-27 14:00:00+00:00,angiang_longxuyen,56.553017361703965
2025-11-27 15:00:00+00:00,angiang_longxuyen,56.864284517660636
2025-11-27 16:00:00+00:00,angiang_longxuyen,57.16717311510776
2025-11-27 17:00:00+00:00,angiang_longxuyen,57.4331541841281
2025-11-27 18:00:00+00:00,angiang_longxuyen,57.650429702458084
2025-11-27 19:00:00+00:00,angiang_longxuyen,57.79533820215688
2025-11-27 20:00:00+00:00,angiang_longxuyen,57.86269378730161
2025-11-27 21:00:00+00:00,angiang_longxuyen,57.954125188673686
2025-11-27 22:00:00+00:00,angiang_longxuyen,58.04606689267232
2025-11-27 23:00:00+00:00,angiang_longxuyen,58.21917724522004
2025-11-28 00:00:00+00:00,angiang_longxuyen,58.465225980878245
2025-11-28 01:00:00+00:00,angiang_longxuyen,59.12195929189279
2025-11-28 02:00:00+00:00,angiang_longxuyen,59.99378734078194
2025-11-28 03:00:00+00:00,angiang_longxuyen,61.050183562731355
2025-11-28 04:00:00+00:00,angiang_longxuyen,62.31088402086217
2025-11-28 05:00:00+00:00,angiang_longxuyen,63.87419829810273
2025-11-28 06:00:00+00:00,angiang_longxuyen,65.62018565018784
2025-11-28 07:00:00+00:00,angiang_longxuyen,67.34279067423039
2025-11-28 08:00:00+00:00,angiang_longxuyen,68.88208365475498
2025-11-28 09:00:00+00:00,angiang_longxuyen,70.04384864596678
2025-11-28 10:00:00+00:00,angiang_longxuyen,70.77706628911226
2025-11-28 11:00:00+00:00,angiang_longxuyen,71.12198724905629
2025-11-28 12:00:00+00:00,angiang_longxuyen,71.3043441107348
2025-11-28 13:00:00+00:00,angiang_longxuyen,71.3107556052736
2025-11-28 14:00:00+00:00,angiang_longxuyen,71.15204712685318
2025-11-28 15:00:00+00:00,angiang_longxuyen,70.83192600224768
2025-11-28 16:00:00+00:00,angiang_longxuyen,70.58719445798452
2025-11-28 17:00:00+00:00,angiang_longxuyen,70.21014405959144
2025-11-28 18:00:00+00:00,angiang_longxuyen,69.7323372425991
2025-11-28 19:00:00+00:00,angiang_longxuyen,69.18765243138176
2025-11-28 20:00:00+00:00,angiang_longxuyen,68.57138132093625
2025-11-28 21:00:00+00:00,angiang_longxuyen,67.93152070830496
2025-11-28 22:00:00+00:00,angiang_longxuyen,67.34541633389867
2025-11-28 23:00:00+00:00,angiang_longxuyen,66.62538587016684
2025-11-29 00:00:00+00:00,angiang_longxuyen,65.9337099139158
2025-11-29 01:00:00+00:00,angiang_longxuyen,65.29375116616401
2025-11-29 02:00:00+00:00,angiang_longxuyen,64.79032017882102
2025-11-29 03:00:00+00:00,angiang_longxuyen,64.47151842639101
2025-11-29 04:00:00+00:00,angiang_longxuyen,64.52312223430658
2025-11-29 05:00:00+00:00,angiang_longxuyen,64.90199140359942
2025-11-29 06:00:00+00:00,angiang_longxuyen,65.35751282511829
2025-11-29 07:00:00+00:00,angiang_longxuyen,65.72042522381918
2025-11-29 08:00:00+00:00,angiang_longxuyen,65.85637943896819
2025-11-29 09:00:00+00:00,angiang_longxuyen,65.64143299416455
2025-11-29 10:00:00+00:00,angiang_longxuyen,65.16198404948932
2025-11-29 11:00:00+00:00,angiang_longxuyen,64.63194535981027
2025-11-29 12:00:00+00:00,angiang_longxuyen,64.26760454991113
2025-11-29 13:00:00+00:00,angiang_longxuyen,64.14045850702136
2025-11-29 14:00:00+00:00,angiang_longxuyen,64.28113193107582
2025-11-29 15:00:00+00:00,angiang_longxuyen,64.50361515313324
2025-11-29 16:00:00+00:00,angiang_longxuyen,64.96520786743986
2025-11-29 17:00:00+00:00,angiang_longxuyen,65.52941720607419
2025-11-29 18:00:00+00:00,angiang_longxuyen,66.09608646506217
2025-11-29 19:00:00+00:00,angiang_longxuyen,66.61223358324047
2025-11-29 20:00:00+00:00,angiang_longxuyen,67.12957576910831
2025-11-29 21:00:00+00:00,angiang_longxuyen,67.49365488535281
2025-11-29 22:00:00+00:00,angiang_longxuyen,67.7966677872859
2025-11-29 23:00:00+00:00,angiang_longxuyen,68.25474944505936
2025-11-30 00:00:00+00:00,angiang_longxuyen,68.73529968386457
2025-11-30 01:00:00+00:00,angiang_longxuyen,69.33994505370246
2025-11-30 02:00:00+00:00,angiang_longxuyen,69.97223617737316
2025-11-30 03:00:00+00:00,angiang_longxuyen,70.83887833033943
2025-11-30 04:00:00+00:00,angiang_longxuyen,72.14250963251476
2025-11-30 05:00:00+00:00,angiang_longxuyen,73.81662064157115
2025-11-30 06:00:00+00:00,angiang_longxuyen,75.54184914450153
2025-11-30 07:00:00+00:00,angiang_longxuyen,76.86261483871475
2025-11-30 08:00:00+00:00,angiang_longxuyen,77.68843932389775
2025-11-30 09:00:00+00:00,angiang_longxuyen,78.07628458554494
2025-11-30 10:00:00+00:00,angiang_longxuyen,78.19803973914901
2025-11-30 11:00:00+00:00,angiang_longxuyen,78.43254124229601
2025-11-30 12:00:00+00:00,angiang_longxuyen,79.27154200299039
2025-11-30 13:00:00+00:00,angiang_longxuyen,81.56254346414158
2025-11-30 14:00:00+00:00,angiang_longxuyen,85.17551222953693
2025-11-30 15:00:00+00:00,angiang_longxuyen,89.82472516988868
2025-11-30 16:00:00+00:00,angiang_longxuyen,94.97706624169768
2025-11-30 17:00:00+00:00,angiang_longxuyen,99.69109552095144
2025-11-30 18:00:00+00:00,angiang_longxuyen,103.14872893009571
2025-11-30 19:00:00+00:00,angiang_longxuyen,104.97031739822732
2025-11-30 20:00:00+00:00,angiang_longxuyen,105.34359940799351
2025-11-30 21:00:00+00:00,angiang_longxuyen,104.7980771770813
2025-11-30 22:00:00+00:00,angiang_longxuyen,103.70821197228813
2025-11-30 23:00:00+00:00,angiang_longxuyen,102.36536205959843
2025-12-01 00:00:00+00:00,angiang_longxuyen,101.13800137306939
2025-12-01 01:00:00+00:00,angiang_longxuyen,100.29868848817233
2025-12-01 02:00:00+00:00,angiang_longxuyen,99.50404671012319
2025-12-01 03:00:00+00:00,angiang_longxuyen,98.97002918650331
2025-12-01 04:00:00+00:00,angiang_longxuyen,99.07777609685228
2025-12-01 05:00:00+00:00,angiang_longxuyen,99.86139130372393
2025-12-01 06:00:00+00:00,angiang_longxuyen,101.00482438183028
2025-12-01 07:00:00+00:00,angiang_longxuyen,102.15404170749696
2025-12-01 08:00:00+00:00,angiang_longxuyen,103.05162150239342
2025-12-01 09:00:00+00:00,angiang_longxuyen,103.76306296230173
2025-12-01 10:00:00+00:00,angiang_longxuyen,104.25292404326116
2025-12-01 11:00:00+00:00,angiang_longxuyen,104.64531677735292
2025-12-01 12:00:00+00:00,angiang_longxuyen,105.14945379236835
2025-12-01 13:00:00+00:00,angiang_longxuyen,105.88616886216914
2025-12-01 14:00:00+00:00,angiang_longxuyen,106.28334786416534
2025-12-01 15:00:00+00:00,angiang_longxuyen,105.89626151411662
2025-12-01 16:00:00+00:00,angiang_longxuyen,104.51452010798086
2025-12-01 17:00:00+00:00,angiang_longxuyen,102.3897938882351
2025-12-01 18:00:00+00:00,angiang_longxuyen,99.78571358776394
2025-12-01 19:00:00+00:00,angiang_longxuyen,97.04920014663709
2025-12-01 20:00:00+00:00,angiang_longxuyen,94.22086126436966
2025-12-01 21:00:00+00:00,angiang_longxuyen,91.33836890108738
2025-12-01 22:00:00+00:00,angiang_longxuyen,88.60196974648629
2025-12-01 23:00:00+00:00,angiang_longxuyen,86.15611760754022
2025-12-02 00:00:00+00:00,angiang_longxuyen,84.21075022154196
2025-12-02 01:00:00+00:00,angiang_longxuyen,83.3004030474695
2025-12-02 02:00:00+00:00,angiang_longxuyen,82.6145803059607
2025-12-02 03:00:00+00:00,angiang_longxuyen,82.10101305106112
2025-12-02 04:00:00+00:00,angiang_longxuyen,82.01051066216303
2025-12-02 05:00:00+00:00,angiang_longxuyen,82.56687137193845
2025-12-02 06:00:00+00:00,angiang_longxuyen,83.6899144253846
2025-12-02 07:00:00+00:00,angiang_longxuyen,85.12586458168985
2025-12-02 08:00:00+00:00,angiang_longxuyen,86.58951283055885
2025-12-02 09:00:00+00:00,angiang_longxuyen,87.82060919400794
2025-12-02 10:00:00+00:00,angiang_longxuyen,88.86975486613834
2025-12-02 11:00:00+00:00,angiang_longxuyen,90.02178539859244
2025-12-02 12:00:00+00:00,angiang_longxuyen,91.13668596301333
2025-12-02 13:00:00+00:00,angiang_longxuyen,91.90472358249468
2025-12-02 14:00:00+00:00,angiang_longxuyen,92.22531793645899
2025-12-02 15:00:00+00:00,angiang_longxuyen,92.20070455784939
2025-12-02 16:00:00+00:00,angiang_longxuyen,91.99535409224451
2025-12-02 17:00:00+00:00,angiang_longxuyen,91.65174269096394
2025-12-02 18:00:00+00:00,angiang_longxuyen,91.48853635285431
2025-12-02 19:00:00+00:00,angiang_longxuyen,91.75774334136327
2025-12-02 20:00:00+00:00,angiang_longxuyen,92.99519667983978
2025-12-02 21:00:00+00:00,angiang_longxuyen,95.2765738116463
2025-12-02 22:00:00+00:00,angiang_longxuyen,98.5652117283646
2025-12-02 23:00:00+00:00,angiang_longxuyen,102.37379186644868
2025-12-03 00:00:00+00:00,angiang_longxuyen,107.71901833537719
2025-12-03 01:00:00+00:00,angiang_longxuyen,113.26359376209739
2025-12-03 02:00:00+00:00,angiang_longxuyen,118.74707026279933
2025-12-03 03:00:00+00:00,angiang_longxuyen,123.68884962150777
2025-12-03 04:00:00+00:00,angiang_longxuyen,127.88243373690324
2025-12-03 05:00:00+00:00,angiang_longxuyen,131.58475998145758
2025-12-03 06:00:00+00:00,angiang_longxuyen,134.79183970771797
2025-12-03 07:00:00+00:00,angiang_longxuyen,137.44324130848548
2025-12-03 08:00:00+00:00,angiang_longxuyen,139.306421621462
2025-12-03 09:00:00+00:00,angiang_longxuyen,140.46190378418186
2025-12-03 10:00:00+00:00,angiang_longxuyen,141.05036994382132
2025-12-03 11:00:00+00:00,angiang_longxuyen,141.17869578893743
2025-12-03 12:00:00+00:00,angiang_longxuyen,140.81153522990948
2025-12-03 13:00:00+00:00,angiang_longxuyen,139.1830679557841
2025-12-03 14:00:00+00:00,angiang_longxuyen,136.52691225362392
2025-12-03 15:00:00+00:00,angiang_longxuyen,133.35211462044447
2025-12-03 16:00:00+00:00,angiang_longxuyen,130.25497021772003
2025-12-03 17:00:00+00:00,angiang_longxuyen,127.15119624241123
2025-12-03 18:00:00+00:00,angiang_longxuyen,123.48226865053095
2025-12-03 19:00:00+00:00,angiang_longxuyen,119.20184585740245
2025-12-03 20:00:00+00:00,angiang_longxuyen,114.77225550034578
2025-12-03 21:00:00+00:00,angiang_longxuyen,110.40144589968331
2025-12-03 22:00:00+00:00,angiang_longxuyen,106.33970359269316
2025-12-03 23:00:00+00:00,angiang_longxuyen,102.55505615711904
2025-12-04 00:00:00+00:00,angiang_longxuyen,98.85817177759351
2025-12-04 01:00:00+00:00,angiang_longxuyen,95.32924347600942
2025-12-04 02:00:00+00:00,angiang_longxuyen,91.85436827138983
2025-12-04 03:00:00+00:00,angiang_longxuyen,88.58377767592754
2025-12-04 04:00:00+00:00,angiang_longxuyen,85.66260917126918
2025-12-04 05:00:00+00:00,angiang_longxuyen,83.15700146706537
2025-12-04 06:00:00+00:00,angiang_longxuyen,81.11345316418564
2025-12-04 07:00:00+00:00,angiang_longxuyen,79.35640489363087
2025-12-04 08:00:00+00:00,angiang_longxuyen,77.47832985014414
2025-12-04 09:00:00+00:00,angiang_longxuyen,75.43025424703904
2025-12-04 10:00:00+00:00,angiang_longxuyen,73.26468691612013
2025-12-04 11:00:00+00:00,angiang_longxuyen,71.20490706431103
2025-12-04 12:00:00+00:00,angiang_longxuyen,69.42624289788259
2025-12-04 13:00:00+00:00,angiang_longxuyen,67.81335075776951
2025-12-04 14:00:00+00:00,angiang_longxuyen,66.48626734257707
2025-12-04 15:00:00+00:00,angiang_longxuyen,65.66961303920891
2025-12-04 16:00:00+00:00,angiang_longxuyen,65.32224524359395
2025-12-04 17:00:00+00:00,angiang_longxuyen,65.20286714068624
2025-12-04 18:00:00+00:00,angiang_longxuyen,65.39798592958961
2025-12-04 19:00:00+00:00,angiang_longxuyen,65.87517776649354
2025-12-04 20:00:00+00:00,angiang_longxuyen,66.75833278906791
2025-12-04 21:00:00+00:00,angiang_longxuyen,68.03848144729976
2025-12-04 22:00:00+00:00,angiang_longxuyen,69.35848604913406
2025-12-04 23:00:00+00:00,angiang_longxuyen,70.74823419071174
2025-12-05 00:00:00+00:00,angiang_longxuyen,72.1323188454468
2025-12-05 01:00:00+00:00,angiang_longxuyen,74.04302490688733
2025-12-05 02:00:00+00:00,angiang_longxuyen,75.41251577881502
2025-12-05 03:00:00+00:00,angiang_longxuyen,76.0678642942404
2025-12-05 04:00:00+00:00,angiang_longxuyen,76.47141117516628
2025-12-05 05:00:00+00:00,angiang_longxuyen,76.84507045995124
2025-12-05 06:00:00+00:00,angiang_longxuyen,77.33955806664676
2025-12-05 07:00:00+00:00,angiang_longxuyen,77.8535920085638
2025-12-05 08:00:00+00:00,angiang_longxuyen,78.1409796185341
2025-12-05 09:00:00+00:00,angiang_longxuyen,78.1418061343267
2025-12-05 10:00:00+00:00,angiang_longxuyen,77.84456357747854
2025-12-05 11:00:00+00:00,angiang_longxuyen,77.18995652740799
2025-12-05 12:00:00+00:00,angiang_longxuyen,76.46942884573235
2025-12-05 13:00:00+00:00,angiang_longxuyen,77.16122910646934
2025-12-05 14:00:00+00:00,angiang_longxuyen,78.81773467490946
2025-12-05 15:00:00+00:00,angiang_longxuyen,81.13204431756772
2025-12-05 16:00:00+00:00,angiang_longxuyen,83.79955098199815
2025-12-05 17:00:00+00:00,angiang_longxuyen,86.49682748042493
2025-12-05 18:00:00+00:00,angiang_longxuyen,89.21047673331555
2025-12-05 19:00:00+00:00,angiang_longxuyen,91.83362032613738
2025-12-05 20:00:00+00:00,angiang_longxuyen,94.35337148198452
2025-12-05 21:00:00+00:00,angiang_longxuyen,96.50543964558588
2025-12-05 22:00:00+00:00,angiang_longxuyen,98.05881338031573
2025-12-05 23:00:00+00:00,angiang_longxuyen,98.92089184128278
2025-12-06 00:00:00+00:00,angiang_longxuyen,99.05789582962352
2025-12-06 01:00:00+00:00,angiang_longxuyen,99.37725286327696
2025-12-06 02:00:00+00:00,angiang_longxuyen,99.52390844071807
2025-12-06 03:00:00+00:00,angiang_longxuyen,99.63482920442229
2025-12-06 04:00:00+00:00,angiang_longxuyen,99.93113784204043
2025-12-06 05:00:00+00:00,angiang_longxuyen,100.48906326179258
2025-12-06 06:00:00+00:00,angiang_longxuyen,101.27906243084979
2025-12-06 07:00:00+00:00,angiang_longxuyen,102.23394223221123
2025-12-06 08:00:00+00:00,angiang_longxuyen,103.23992916873952
2025-12-06 09:00:00+00:00,angiang_longxuyen,104.02721599210535
2025-12-06 10:00:00+00:00,angiang_longxuyen,104.53340457633419
2025-12-06 11:00:00+00:00,angiang_longxuyen,105.12420962301204
2025-12-06 12:00:00+00:00,angiang_longxuyen,106.21725713168472
2025-12-06 13:00:00+00:00,angiang_longxuyen,106.2446346495215
2025-12-06 14:00:00+00:00,angiang_longxuyen,106.09965418406767
2025-12-06 15:00:00+00:00,angiang_longxuyen,106.70062930039919
2025-12-06 16:00:00+00:00,angiang_longxuyen,108.11305047117628
2025-12-06 17:00:00+00:00,angiang_longxuyen,110.322780787097
2025-12-06 18:00:00+00:00,angiang_longxuyen,113.15819010034771
2025-12-06 19:00:00+00:00,angiang_longxuyen,116.34606369313761
2025-12-06 20:00:00+00:00,angiang_longxuyen,119.63872596758874
2025-12-06 21:00:00+00:00,angiang_longxuyen,122.89199244311352
2025-12-06 22:00:00+00:00,angiang_longxuyen,126.00479484950756
2025-12-06 23:00:00+00:00,angiang_longxuyen,128.41671404456798
2025-12-07 00:00:00+00:00,angiang_longxuyen,129.60957260351253
2025-12-07 01:00:00+00:00,angiang_longxuyen,130.13998638742987
2025-12-07 02:00:00+00:00,angiang_longxuyen,129.68834457434116
2025-12-07 03:00:00+00:00,angiang_longxuyen,128.63821155385958
2025-12-07 04:00:00+00:00,angiang_longxuyen,127.66638599796963
2025-12-07 05:00:00+00:00,angiang_longxuyen,127.09809859988376
2025-12-07 06:00:00+00:00,angiang_longxuyen,126.89359155112
2025-12-07 07:00:00+00:00,angiang_longxuyen,126.74465951148103
2025-12-07 08:00:00+00:00,angiang_longxuyen,126.34372302476022
2025-12-07 09:00:00+00:00,angiang_longxuyen,125.49952328346022
2025-12-07 10:00:00+00:00,angiang_longxuyen,124.09360901636686
2025-12-07 11:00:00+00:00,angiang_longxuyen,122.22630920911013
2025-12-07 12:00:00+00:00,angiang_longxuyen,119.9389103972712
2025-12-07 13:00:00+00:00,angiang_longxuyen,117.56574149012235
2025-12-07 14:00:00+00:00,angiang_longxuyen,115.39882861766247
2025-12-07 15:00:00+00:00,angiang_longxuyen,113.94106193368164
2025-12-07 16:00:00+00:00,angiang_longxuyen,113.29115446549243
2025-12-07 17:00:00+00:00,angiang_longxuyen,113.34338851895959
2025-12-07 18:00:00+00:00,angiang_longxuyen,114.01433179542136
2025-12-07 19:00:00+00:00,angiang_longxuyen,114.91061075477617
2025-12-07 20:00:00+00:00,angiang_longxuyen,115.71708299419817
2025-12-07 21:00:00+00:00,angiang_longxuyen,115.81533587683467
2025-12-07 22:00:00+00:00,angiang_longxuyen,114.79273520960221
2025-12-07 23:00:00+00:00,angiang_longxuyen,112.4237970165368
2025-12-08 00:00:00+00:00,angiang_longxuyen,108.86950214929333
2025-12-08 01:00:00+00:00,angiang_longxuyen,104.85000919245539
2025-12-08 02:00:00+00:00,angiang_longxuyen,100.95791688462538
2025-12-08 03:00:00+00:00,angiang_longxuyen,97.60977323831025
2025-12-08 04:00:00+00:00,angiang_longxuyen,95.23178167148312
2025-12-08 05:00:00+00:00,angiang_longxuyen,93.86745625066155
2025-12-08 06:00:00+00:00,angiang_longxuyen,93.2732592725829
2025-12-08 07:00:00+00:00,angiang_longxuyen,93.15213763570112
2025-12-08 08:00:00+00:00,angiang_longxuyen,93.08085173898068
2025-12-08 09:00:00+00:00,angiang_longxuyen,92.71219080299944
2025-12-08 10:00:00+00:00,angiang_longxuyen,91.89473560800906
2025-12-08 11:00:00+00:00,angiang_longxuyen,90.90228695654774
2025-12-08 12:00:00+00:00,angiang_longxuyen,90.10594335195073
2025-12-08 13:00:00+00:00,angiang_longxuyen,89.69778848192263
2025-12-08 14:00:00+00:00,angiang_longxuyen,89.52821317449308
2025-12-08 15:00:00+00:00,angiang_longxuyen,89.43017509873144
2025-12-08 16:00:00+00:00,angiang_longxuyen,89.47423613224697
2025-12-08 17:00:00+00:00,angiang_longxuyen,89.17511864940231
2025-12-08 18:00:00+00:00,angiang_longxuyen,88.34926090731736
2025-12-08 19:00:00+00:00,angiang_longxuyen,86.93957389003619
2025-12-08 20:00:00+00:00,angiang_longxuyen,85.10499887429282
2025-12-08 21:00:00+00:00,angiang_longxuyen,83.00544158697768
2025-12-08 22:00:00+00:00,angiang_longxuyen,80.60330101147916
2025-12-08 23:00:00+00:00,angiang_longxuyen,78.16953475781679
2025-12-09 00:00:00+00:00,angiang_longxuyen,75.72432812988552
2025-12-09 01:00:00+00:00,angiang_longxuyen,73.42383809297299
2025-12-09 02:00:00+00:00,angiang_longxuyen,71.41035621023151
2025-12-09 03:00:00+00:00,angiang_longxuyen,69.82914208701322
2025-12-09 04:00:00+00:00,angiang_longxuyen,68.79732980313727
2025-12-09 05:00:00+00:00,angiang_longxuyen,68.37569770989495
2025-12-09 06:00:00+00:00,angiang_longxuyen,68.33580033146384
2025-12-09 07:00:00+00:00,angiang_longxuyen,68.28472209163805
2025-12-09 08:00:00+00:00,angiang_longxuyen,68.04479262593762
2025-12-09 09:00:00+00:00,angiang_longxuyen,67.43605175040453
2025-12-09 10:00:00+00:00,angiang_longxuyen,66.31643688383423
2025-12-09 11:00:00+00:00,angiang_longxuyen,64.97352972565758
2025-12-09 12:00:00+00:00,angiang_longxuyen,63.86491253492374
2025-12-09 13:00:00+00:00,angiang_longxuyen,63.687850608190885
2025-12-09 14:00:00+00:00,angiang_longxuyen,63.9913062085564
2025-12-09 15:00:00+00:00,angiang_longxuyen,64.52709343551581
2025-12-09 16:00:00+00:00,angiang_longxuyen,65.1212078165347
2025-12-09 17:00:00+00:00,angiang_longxuyen,65.59747064096464
2025-12-09 18:00:00+00:00,angiang_longxuyen,65.70476940093002
2025-12-09 19:00:00+00:00,angiang_longxuyen,65.3611285591133
2025-12-09 20:00:00+00:00,angiang_longxuyen,64.72458055199371
2025-12-09 21:00:00+00:00,angiang_longxuyen,63.86687959889449
2025-12-09 22:00:00+00:00,angiang_longxuyen,62.976344815259125
2025-12-09 23:00:00+00:00,angiang_longxuyen,61.934333021193375
2025-12-10 00:00:00+00:00,angiang_longxuyen,60.895400489130616
2025-12-10 01:00:00+00:00,angiang_longxuyen,60.02423103593899
2025-12-10 02:00:00+00:00,angiang_longxuyen,59.2411520284618
2025-12-10 03:00:00+00:00,angiang_longxuyen,58.42016669510928
2025-12-10 04:00:00+00:00,angiang_longxuyen,57.73332552912782
2025-12-10 05:00:00+00:00,angiang_longxuyen,57.17744459105258
2025-12-10 06:00:00+00:00,angiang_longxuyen,56.83467824219846
2025-12-10 07:00:00+00:00,angiang_longxuyen,56.59792399284106
2025-12-10 08:00:00+00:00,angiang_longxuyen,56.45028515601213
2025-12-10 09:00:00+00:00,angiang_longxuyen,56.32064211950096
2025-12-10 10:00:00+00:00,angiang_longxuyen,56.28325045781309
2025-12-10 11:00:00+00:00,angiang_longxuyen,56.38721698524267
2025-12-10 12:00:00+00:00,angiang_longxuyen,56.787686784946025
2025-12-10 13:00:00+00:00,angiang_longxuyen,57.26623288651274
2025-12-10 14:00:00+00:00,angiang_longxuyen,57.633585354220756
2025-12-10 15:00:00+00:00,angiang_longxuyen,57.96481101290503
2025-12-10 16:00:00+00:00,angiang_longxuyen,58.13797370418367
2025-12-10 17:00:00+00:00,angiang_longxuyen,58.14694107341618
2025-12-10 18:00:00+00:00,angiang_longxuyen,57.79233744825028
2025-12-10 19:00:00+00:00,angiang_longxuyen,57.01030957695259
2025-12-10 20:00:00+00:00,angiang_longxuyen,55.934609086412195
2025-12-10 21:00:00+00:00,angiang_longxuyen,54.695271553622234
2025-12-10 22:00:00+00:00,angiang_longxuyen,53.442687960346326
2025-12-10 23:00:00+00:00,angiang_longxuyen,52.404021483499115
2025-12-11 00:00:00+00:00,angiang_longxuyen,51.63398354314508
2025-12-11 01:00:00+00:00,angiang_longxuyen,51.13400036970202
2025-12-11 02:00:00+00:00,angiang_longxuyen,50.85252703632669
2025-12-11 03:00:00+00:00,angiang_longxuyen,50.81465124137773
2025-12-11 04:00:00+00:00,angiang_longxuyen,51.15791916973658
2025-12-11 05:00:00+00:00,angiang_longxuyen,51.852057227121726
2025-12-11 06:00:00+00:00,angiang_longxuyen,52.89390328187287
2025-12-11 07:00:00+00:00,angiang_longxuyen,54.25781571739571
2025-12-11 08:00:00+00:00,angiang_longxuyen,55.7168014576511
2025-12-11 09:00:00+00:00,angiang_longxuyen,56.91179063910054
2025-12-11 10:00:00+00:00,angiang_longxuyen,57.939889053860995
2025-12-11 11:00:00+00:00,angiang_longxuyen,58.87420518591848
2025-12-11 12:00:00+00:00,angiang_longxuyen,59.86937381580277
2025-12-11 13:00:00+00:00,angiang_longxuyen,60.311793108345725
2025-12-11 14:00:00+00:00,angiang_longxuyen,60.47171410069933
2025-12-11 15:00:00+00:00,angiang_longxuyen,60.40563645290145
2025-12-11 16:00:00+00:00,angiang_longxuyen,60.11785630244917
2025-12-11 17:00:00+00:00,angiang_longxuyen,59.68291272530724
2025-12-11 18:00:00+00:00,angiang_longxuyen,59.20530435933634
2025-12-11 19:00:00+00:00,angiang_longxuyen,58.71052888962072
2025-12-11 20:00:00+00:00,angiang_longxuyen,58.21772048387585
2025-12-11 21:00:00+00:00,angiang_longxuyen,57.73901300455544
2025-12-11 22:00:00+00:00,angiang_longxuyen,57.38420002446583
2025-12-11 23:00:00+00:00,angiang_longxuyen,57.2604974339151
2025-12-12 00:00:00+00:00,angiang_longxuyen,57.55648604200141
2025-12-12 01:00:00+00:00,angiang_longxuyen,58.070186324508775
2025-12-12 02:00:00+00:00,angiang_longxuyen,58.722824129828126
2025-12-12 03:00:00+00:00,angiang_longxuyen,59.56130368399367
2025-12-12 04:00:00+00:00,angiang_longxuyen,60.795638506419
2025-12-12 05:00:00+00:00,angiang_longxuyen,62.27619652693897
2025-12-12 06:00:00+00:00,angiang_longxuyen,63.897122662249636
2025-12-12 07:00:00+00:00,angiang_longxuyen,65.56832232939809
2025-12-12 08:00:00+00:00,angiang_longxuyen,67.2049435416461
2025-12-12 09:00:00+00:00,angiang_longxuyen,68.63612215031499
2025-12-12 10:00:00+00:00,angiang_longxuyen,69.75296306414606
2025-12-12 11:00:00+00:00,angiang_longxuyen,70.54520789187718
2025-12-12 12:00:00+00:00,angiang_longxuyen,71.21367162096118
2025-12-12 13:00:00+00:00,angiang_longxuyen,71.55316679913224
2025-12-12 14:00:00+00:00,angiang_longxuyen,71.82169720050491
2025-12-12 15:00:00+00:00,angiang_longxuyen,72.20843898724168
2025-12-12 16:00:00+00:00,angiang_longxuyen,72.75706228796143
2025-12-12 17:00:00+00:00,angiang_longxuyen,73.44736871408648
2025-12-12 18:00:00+00:00,angiang_longxuyen,74.20581144475929
2025-12-12 19:00:00+00:00,angiang_longxuyen,75.0345581757525
2025-12-12 20:00:00+00:00,angiang_longxuyen,75.88051126453863
2025-12-12 21:00:00+00:00,angiang_longxuyen,76.79959246433485
2025-12-12 22:00:00+00:00,angiang_longxuyen,77.8988650108174
2025-12-12 23:00:00+00:00,angiang_longxuyen,79.26489062260148
2025-12-13 00:00:00+00:00,angiang_longxuyen,81.24764967028763
2025-12-13 01:00:00+00:00,angiang_longxuyen,83.55898036684384
2025-12-13 02:00:00+00:00,angiang_longxuyen,85.67973920174616
2025-12-13 03:00:00+00:00,angiang_longxuyen,87.66474445330132
2025-12-13 04:00:00+00:00,angiang_longxuyen,89.72665874398112
2025-12-13 05:00:00+00:00,angiang_longxuyen,91.85071546412708
2025-12-13 06:00:00+00:00,angiang_longxuyen,94.07785058886215
2025-12-13 07:00:00+00:00,angiang_longxuyen,96.35610675123947
2025-12-13 08:00:00+00:00,angiang_longxuyen,98.3503871346689
2025-12-13 09:00:00+00:00,angiang_longxuyen,99.89179165586943
2025-12-13 10:00:00+00:00,angiang_longxuyen,100.94753855043825
2025-12-13 11:00:00+00:00,angiang_longxuyen,101.88546605492984
2025-12-13 12:00:00+00:00,angiang_longxuyen,103.06801988102761
2025-12-13 13:00:00+00:00,angiang_longxuyen,104.29420240091562
2025-12-13 14:00:00+00:00,angiang_longxuyen,105.4031129066207
2025-12-13 15:00:00+00:00,angiang_longxuyen,105.88404369161537
2025-12-13 16:00:00+00:00,angiang_longxuyen,106.19352369798887
2025-12-13 17:00:00+00:00,angiang_longxuyen,107.10034836643078
2025-12-13 18:00:00+00:00,angiang_longxuyen,108.96645310599796
2025-12-13 19:00:00+00:00,angiang_longxuyen,111.81894447255563
2025-12-13 20:00:00+00:00,angiang_longxuyen,115.46510035492088
2025-12-13 21:00:00+00:00,angiang_longxuyen,119.23106613472402
2025-12-13 22:00:00+00:00,angiang_longxuyen,122.29209899388789
2025-12-13 23:00:00+00:00,angiang_longxuyen,124.12907068735171
2025-12-14 00:00:00+00:00,angiang_longxuyen,124.29588730750521
2025-12-14 01:00:00+00:00,angiang_longxuyen,122.79366105238064
2025-12-14 02:00:00+00:00,angiang_longxuyen,120.09615775278651
2025-12-14 03:00:00+00:00,angiang_longxuyen,116.98353417038982
2025-12-14 04:00:00+00:00,angiang_longxuyen,114.19762857347612
2025-12-14 05:00:00+00:00,angiang_longxuyen,112.03091415203768
2025-12-14 06:00:00+00:00,angiang_longxuyen,110.41961834321795
2025-12-14 07:00:00+00:00,angiang_longxuyen,109.2806294230821
2025-12-14 08:00:00+00:00,angiang_longxuyen,108.34832397060447
2025-12-14 09:00:00+00:00,angiang_longxuyen,107.39021988533975
2025-12-14 10:00:00+00:00,angiang_longxuyen,106.20531299713063
2025-12-14 11:00:00+00:00,angiang_longxuyen,104.62615098832086
2025-12-14 12:00:00+00:00,angiang_longxuyen,102.56045522433143
2025-12-14 13:00:00+00:00,angiang_longxuyen,100.81776739307533
2025-12-14 14:00:00+00:00,angiang_longxuyen,99.6419025658293
2025-12-14 15:00:00+00:00,angiang_longxuyen,99.06258096383434
2025-12-14 16:00:00+00:00,angiang_longxuyen,99.19573178570798
2025-12-14 17:00:00+00:00,angiang_longxuyen,99.85590909425667
2025-12-14 18:00:00+00:00,angiang_longxuyen,100.9426176193407
2025-12-14 19:00:00+00:00,angiang_longxuyen,102.27991744577146
2025-12-14 20:00:00+00:00,angiang_longxuyen,103.67036071111929
2025-12-14 21:00:00+00:00,angiang_longxuyen,104.68230390426632
2025-12-14 22:00:00+00:00,angiang_longxuyen,104.95483113101858
2025-12-14 23:00:00+00:00,angiang_longxuyen,104.20457341458992
2025-12-15 00:00:00+00:00,angiang_longxuyen,102.27093153990509
2025-12-15 01:00:00+00:00,angiang_longxuyen,100.62340015563639
2025-12-15 02:00:00+00:00,angiang_longxuyen,98.891253944504
2025-12-15 03:00:00+00:00,angiang_longxuyen,97.0364536893236
2025-12-15 04:00:00+00:00,angiang_longxuyen,95.33985951526618
2025-12-15 05:00:00+00:00,angiang_longxuyen,94.04612568518758
2025-12-15 06:00:00+00:00,angiang_longxuyen,93.27225611357343
2025-12-15 07:00:00+00:00,angiang_longxuyen,92.80157390632881
2025-12-15 08:00:00+00:00,angiang_longxuyen,92.47560120256642
2025-12-15 09:00:00+00:00,angiang_longxuyen,92.18042766117532
2025-12-15 10:00:00+00:00,angiang_longxuyen,91.85964521489672
2025-12-15 11:00:00+00:00,angiang_longxuyen,91.9203472388721
2025-12-15 12:00:00+00:00,angiang_longxuyen,92.77737433081062
2025-12-15 13:00:00+00:00,angiang_longxuyen,92.66339420472507
2025-12-15 14:00:00+00:00,angiang_longxuyen,93.04514963695063
2025-12-15 15:00:00+00:00,angiang_longxuyen,94.65046847173728
2025-12-15 16:00:00+00:00,angiang_longxuyen,97.32935417598631
2025-12-15 17:00:00+00:00,angiang_longxuyen,100.29474263853588
2025-12-15 18:00:00+00:00,angiang_longxuyen,102.93487723708067
2025-12-15 19:00:00+00:00,angiang_longxuyen,105.0375056084721
2025-12-15 20:00:00+00:00,angiang_longxuyen,106.82365366822829
2025-12-15 21:00:00+00:00,angiang_longxuyen,108.57999263993993
2025-12-15 22:00:00+00:00,angiang_longxuyen,110.20058293506048
2025-12-15 23:00:00+00:00,angiang_longxuyen,111.66776622904763
2025-12-16 00:00:00+00:00,angiang_longxuyen,112.6940458729083
2025-12-16 01:00:00+00:00,angiang_longxuyen,112.88237371147363
2025-12-16 02:00:00+00:00,angiang_longxuyen,112.622540262557
2025-12-16 03:00:00+00:00,angiang_longxuyen,112.4609618770573
2025-12-16 04:00:00+00:00,angiang_longxuyen,112.74465742571667
2025-12-16 05:00:00+00:00,angiang_longxuyen,113.44567366465806
2025-12-16 06:00:00+00:00,angiang_longxuyen,114.456399982311
2025-12-16 07:00:00+00:00,angiang_longxuyen,115.63132816435143
2025-12-16 08:00:00+00:00,angiang_longxuyen,116.81088832407909
2025-12-16 09:00:00+00:00,angiang_longxuyen,117.89981088652043
2025-12-16 10:00:00+00:00,angiang_longxuyen,118.98630187875402
2025-12-16 11:00:00+00:00,angiang_longxuyen,120.23260700509891
2025-12-16 12:00:00+00:00,angiang_longxuyen,121.7731561151658
2025-12-16 13:00:00+00:00,angiang_longxuyen,122.62142083123462
2025-12-16 14:00:00+00:00,angiang_longxuyen,123.58470863164177
2025-12-16 15:00:00+00:00,angiang_longxuyen,125.0747443240208
2025-12-16 16:00:00+00:00,angiang_longxuyen,127.05794607013938
2025-12-16 17:00:00+00:00,angiang_longxuyen,129.07180304711918
2025-12-16 18:00:00+00:00,angiang_longxuyen,130.39084592477266
2025-12-16 19:00:00+00:00,angiang_longxuyen,130.96858046379123
2025-12-16 20:00:00+00:00,angiang_longxuyen,131.1509133368847
2025-12-16 21:00:00+00:00,angiang_longxuyen,131.30681078929814
2025-12-16 22:00:00+00:00,angiang_longxuyen,131.72127683796413
2025-12-16 23:00:00+00:00,angiang_longxuyen,132.4467178180057
2025-12-17 00:00:00+00:00,angiang_longxuyen,133.32648608853287
2025-12-17 01:00:00+00:00,angiang_longxuyen,135.48173832789786
2025-12-17 02:00:00+00:00,angiang_longxuyen,137.5538941087912
2025-12-17 03:00:00+00:00,angiang_longxuyen,139.21366866713396
2025-12-17 04:00:00+00:00,angiang_longxuyen,140.77631562555518
2025-12-17 05:00:00+00:00,angiang_longxuyen,142.47894688140696
2025-12-17 06:00:00+00:00,angiang_longxuyen,144.37698042762128
2025-12-17 07:00:00+00:00,angiang_longxuyen,146.28276446757403
2025-12-17 08:00:00+00:00,angiang_longxuyen,148.1041741117083
2025-12-17 09:00:00+00:00,angiang_longxuyen,149.74673358913628
2025-12-17 10:00:00+00:00,angiang_longxuyen,151.21158999037755
2025-12-17 11:00:00+00:00,angiang_longxuyen,152.24003733001086
2025-12-17 12:00:00+00:00,angiang_longxuyen,152.57995121802935
2025-12-17 13:00:00+00:00,angiang_longxuyen,152.34875359727226
2025-12-17 14:00:00+00:00,angiang_longxuyen,151.51276449438674
2025-12-17 15:00:00+00:00,angiang_longxuyen,149.860810214757
2025-12-17 16:00:00+00:00,angiang_longxuyen,147.4212888814729
2025-12-17 17:00:00+00:00,angiang_longxuyen,144.1203418220718
2025-12-17 18:00:00+00:00,angiang_longxuyen,140.27099390155735
2025-12-17 19:00:00+00:00,angiang_longxuyen,136.17840609061125
2025-12-17 20:00:00+00:00,angiang_longxuyen,132.21514292222983
2025-12-17 21:00:00+00:00,angiang_longxuyen,128.91841349222943
2025-12-17 22:00:00+00:00,angiang_longxuyen,126.54131263791953
2025-12-17 23:00:00+00:00,angiang_longxuyen,125.07885727595963
2025-12-18 00:00:00+00:00,angiang_longxuyen,124.28661462900897
2025-12-18 01:00:00+00:00,angiang_longxuyen,123.8100988340462
2025-12-18 02:00:00+00:00,angiang_longxuyen,122.7581056078362
2025-12-18 03:00:00+00:00,angiang_longxuyen,120.89468104744867
2025-12-18 04:00:00+00:00,angiang_longxuyen,118.72119748347674
2025-12-18 05:00:00+00:00,angiang_longxuyen,116.55061871907138
2025-12-18 06:00:00+00:00,angiang_longxuyen,114.53043093642964
2025-12-18 07:00:00+00:00,angiang_longxuyen,112.57084704264277
2025-12-18 08:00:00+00:00,angiang_longxuyen,110.51506019984747
2025-12-18 09:00:00+00:00,angiang_longxuyen,108.22686976470324
2025-12-18 10:00:00+00:00,angiang_longxuyen,105.49386390449071
2025-12-18 11:00:00+00:00,angiang_longxuyen,102.35707727464845
2025-12-18 12:00:00+00:00,angiang_longxuyen,99.21930765801594
2025-12-18 13:00:00+00:00,angiang_longxuyen,96.25342606648589
2025-12-18 14:00:00+00:00,angiang_longxuyen,94.43276443004783
2025-12-18 15:00:00+00:00,angiang_longxuyen,94.15457071787982
2025-12-18 16:00:00+00:00,angiang_longxuyen,95.41832999319686
2025-12-18 17:00:00+00:00,angiang_longxuyen,98.10799134257223
2025-12-18 18:00:00+00:00,angiang_longxuyen,101.92768705493613
2025-12-18 19:00:00+00:00,angiang_longxuyen,106.45272799174413
2025-12-18 20:00:00+00:00,angiang_longxuyen,111.02742148315524
2025-12-18 21:00:00+00:00,angiang_longxuyen,114.7395067202474
2025-12-18 22:00:00+00:00,angiang_longxuyen,117.02038063696384
2025-12-18 23:00:00+00:00,angiang_longxuyen,117.75945149485155
2025-12-19 00:00:00+00:00,angiang_longxuyen,116.86882729921751
2025-12-19 01:00:00+00:00,angiang_longxuyen,114.67912309021851
2025-12-19 02:00:00+00:00,angiang_longxuyen,111.76271086773332
2025-12-19 03:00:00+00:00,angiang_longxuyen,109.04225485384636
2025-12-19 04:00:00+00:00,angiang_longxuyen,106.95214525265902
