time,location,predicted
2025-10-09 23:00:00+00:00,bacgiang_bacgiangcity,157.4232242529621
2025-10-09 23:00:00+00:00,bentre_bentrecity,131.47546217064286
2025-10-09 23:00:00+00:00,backan_backancity,98.08150814492029
2025-10-09 23:00:00+00:00,bacninh_bacninhcity,156.91283074001592
2025-10-09 23:00:00+00:00,angiang_longxuyen,104.94574989956632
2025-10-09 23:00:00+00:00,bienhoa_dongnai,78.91991503752972
2025-10-09 23:00:00+00:00,binhduong_thudaumot,80.45319708922145
2025-10-10 00:00:00+00:00,bienhoa_dongnai,79.84697371997942
2025-10-10 00:00:00+00:00,bentre_bentrecity,133.49470275353468
2025-10-10 00:00:00+00:00,bacgiang_bacgiangcity,156.7931489303846
2025-10-10 00:00:00+00:00,bacninh_bacninhcity,156.22566214278172
2025-10-10 00:00:00+00:00,angiang_longxuyen,107.2584756718667
2025-10-10 00:00:00+00:00,binhduong_thudaumot,80.99925540725536
2025-10-10 00:00:00+00:00,backan_backancity,100.44027195073706
2025-10-10 01:00:00+00:00,binhduong_thudaumot,80.96969499664587
2025-10-10 01:00:00+00:00,bienhoa_dongnai,80.14924349417169
2025-10-10 01:00:00+00:00,bacgiang_bacgiangcity,156.5918692490179
2025-10-10 01:00:00+00:00,bacninh_bacninhcity,156.01008956343853
2025-10-10 01:00:00+00:00,backan_backancity,103.04496334026386
2025-10-10 01:00:00+00:00,bentre_bentrecity,133.963992763533
2025-10-10 01:00:00+00:00,angiang_longxuyen,108.66498793094087
2025-10-10 02:00:00+00:00,bacgiang_bacgiangcity,156.08106239503434
2025-10-10 02:00:00+00:00,bacninh_bacninhcity,155.30836265977226
2025-10-10 02:00:00+00:00,bentre_bentrecity,133.17362813762117
2025-10-10 02:00:00+00:00,backan_backancity,104.15235265572765
2025-10-10 02:00:00+00:00,angiang_longxuyen,109.20323410336846
2025-10-10 02:00:00+00:00,bienhoa_dongnai,79.81703477599888
2025-10-10 02:00:00+00:00,binhduong_thudaumot,80.3327973714726
2025-10-10 03:00:00+00:00,binhduong_thudaumot,79.27308232177641
2025-10-10 03:00:00+00:00,angiang_longxuyen,109.01956275019377
2025-10-10 03:00:00+00:00,bacgiang_bacgiangcity,154.4563319020429
2025-10-10 03:00:00+00:00,bienhoa_dongnai,79.0321697613632
2025-10-10 03:00:00+00:00,bacninh_bacninhcity,153.42341440444324
2025-10-10 03:00:00+00:00,bentre_bentrecity,131.36124951557971
2025-10-10 03:00:00+00:00,backan_backancity,104.30881665092205
2025-10-10 04:00:00+00:00,angiang_longxuyen,108.3883507397635
2025-10-10 04:00:00+00:00,bienhoa_dongnai,77.93503211943091
2025-10-10 04:00:00+00:00,binhduong_thudaumot,77.93923079417894
2025-10-10 04:00:00+00:00,bacninh_bacninhcity,150.7428325127155
2025-10-10 04:00:00+00:00,bentre_bentrecity,128.81180550665587
2025-10-10 04:00:00+00:00,backan_backancity,104.36351853012965
2025-10-10 04:00:00+00:00,bacgiang_bacgiangcity,152.00728625561743
2025-10-10 05:00:00+00:00,bacgiang_bacgiangcity,149.57152843580388
2025-10-10 05:00:00+00:00,bienhoa_dongnai,76.64730074968752
2025-10-10 05:00:00+00:00,binhduong_thudaumot,76.48842115683853
2025-10-10 05:00:00+00:00,bentre_bentrecity,125.84864627794788
2025-10-10 05:00:00+00:00,angiang_longxuyen,107.74431863073728
2025-10-10 05:00:00+00:00,backan_backancity,104.46003366235588
2025-10-10 05:00:00+00:00,bacninh_bacninhcity,148.19851393265503
2025-10-10 06:00:00+00:00,backan_backancity,104.57191230023234
2025-10-10 06:00:00+00:00,bacgiang_bacgiangcity,147.78660871151874
2025-10-10 06:00:00+00:00,bienhoa_dongnai,75.26702014619752
2025-10-10 06:00:00+00:00,bacninh_bacninhcity,146.36841820846436
2025-10-10 06:00:00+00:00,binhduong_thudaumot,74.99778284732866
2025-10-10 06:00:00+00:00,bentre_bentrecity,123.12373682318075
2025-10-10 06:00:00+00:00,angiang_longxuyen,107.46620238567684
2025-10-10 07:00:00+00:00,backan_backancity,104.7365832904977
2025-10-10 07:00:00+00:00,bentre_bentrecity,120.81419268912855
2025-10-10 07:00:00+00:00,bacgiang_bacgiangcity,146.85340212500793
2025-10-10 07:00:00+00:00,angiang_longxuyen,107.6841753343206
2025-10-10 07:00:00+00:00,bienhoa_dongnai,74.08352033320432
2025-10-10 07:00:00+00:00,binhduong_thudaumot,73.72960903509036
2025-10-10 07:00:00+00:00,bacninh_bacninhcity,145.60896279023132
2025-10-10 08:00:00+00:00,bacninh_bacninhcity,145.97466953626437
2025-10-10 08:00:00+00:00,angiang_longxuyen,108.51505173285312
2025-10-10 08:00:00+00:00,backan_backancity,104.8791174207978
2025-10-10 08:00:00+00:00,bacgiang_bacgiangcity,146.94207030396151
2025-10-10 08:00:00+00:00,bienhoa_dongnai,72.99552840559365
2025-10-10 08:00:00+00:00,binhduong_thudaumot,72.60962016022886
2025-10-10 08:00:00+00:00,bentre_bentrecity,118.607882654639
2025-10-10 09:00:00+00:00,binhduong_thudaumot,71.81695387738262
2025-10-10 09:00:00+00:00,bienhoa_dongnai,72.22346391024165
2025-10-10 09:00:00+00:00,bentre_bentrecity,116.68067136597833
2025-10-10 09:00:00+00:00,bacgiang_bacgiangcity,147.71401732343975
2025-10-10 09:00:00+00:00,backan_backancity,104.78434430349618
2025-10-10 09:00:00+00:00,bacninh_bacninhcity,147.13928183932885
2025-10-10 09:00:00+00:00,angiang_longxuyen,109.95405069392044
2025-10-10 10:00:00+00:00,bentre_bentrecity,114.61775260057163
2025-10-10 10:00:00+00:00,angiang_longxuyen,111.54279114769211
2025-10-10 10:00:00+00:00,bienhoa_dongnai,71.69079784181858
2025-10-10 10:00:00+00:00,bacgiang_bacgiangcity,148.64243785583363
2025-10-10 10:00:00+00:00,backan_backancity,104.49273002615153
2025-10-10 10:00:00+00:00,bacninh_bacninhcity,148.38624472991256
2025-10-10 10:00:00+00:00,binhduong_thudaumot,71.24237502777007
2025-10-10 11:00:00+00:00,bentre_bentrecity,112.03452068119162
2025-10-10 11:00:00+00:00,bacgiang_bacgiangcity,148.82562190168005
2025-10-10 11:00:00+00:00,bienhoa_dongnai,71.21122651738543
2025-10-10 11:00:00+00:00,binhduong_thudaumot,70.71390328313674
2025-10-10 11:00:00+00:00,angiang_longxuyen,112.18060900054331
2025-10-10 11:00:00+00:00,backan_backancity,103.81358024504232
2025-10-10 11:00:00+00:00,bacninh_bacninhcity,148.87084576212678
2025-10-10 12:00:00+00:00,bentre_bentrecity,108.7546894624879
2025-10-10 12:00:00+00:00,backan_backancity,102.45581149973506
2025-10-10 12:00:00+00:00,bacgiang_bacgiangcity,147.81155710634283
2025-10-10 12:00:00+00:00,bacninh_bacninhcity,147.97409150415382
2025-10-10 12:00:00+00:00,binhduong_thudaumot,70.29746871442251
2025-10-10 12:00:00+00:00,bienhoa_dongnai,70.8302740135108
2025-10-10 12:00:00+00:00,angiang_longxuyen,111.27223006976409
2025-10-10 13:00:00+00:00,bentre_bentrecity,105.4119183689278
2025-10-10 13:00:00+00:00,angiang_longxuyen,108.532533339385
2025-10-10 13:00:00+00:00,bacgiang_bacgiangcity,146.19607239971364
2025-10-10 13:00:00+00:00,bacninh_bacninhcity,146.30231409919296
2025-10-10 13:00:00+00:00,bienhoa_dongnai,70.559331138993
2025-10-10 13:00:00+00:00,binhduong_thudaumot,69.98273779569307
2025-10-10 13:00:00+00:00,backan_backancity,99.99353622076478
2025-10-10 14:00:00+00:00,bienhoa_dongnai,70.11070818086324
2025-10-10 14:00:00+00:00,binhduong_thudaumot,69.59808697727354
2025-10-10 14:00:00+00:00,backan_backancity,97.26485176581292
2025-10-10 14:00:00+00:00,bacgiang_bacgiangcity,144.13956585908406
2025-10-10 14:00:00+00:00,bacninh_bacninhcity,144.15747875435625
2025-10-10 14:00:00+00:00,angiang_longxuyen,105.15693113828978
2025-10-10 14:00:00+00:00,bentre_bentrecity,101.82730578536
2025-10-10 15:00:00+00:00,bacninh_bacninhcity,142.4050476356085
2025-10-10 15:00:00+00:00,bienhoa_dongnai,69.44072151790883
2025-10-10 15:00:00+00:00,backan_backancity,94.97605952731591
2025-10-10 15:00:00+00:00,bacgiang_bacgiangcity,142.42913018973326
2025-10-10 15:00:00+00:00,angiang_longxuyen,101.86536633685512
2025-10-10 15:00:00+00:00,bentre_bentrecity,98.2492615171979
2025-10-10 15:00:00+00:00,binhduong_thudaumot,69.14006159828317
2025-10-10 16:00:00+00:00,bacninh_bacninhcity,141.38282479348106
2025-10-10 16:00:00+00:00,bacgiang_bacgiangcity,141.42860557658864
2025-10-10 16:00:00+00:00,bienhoa_dongnai,68.7089860549294
2025-10-10 16:00:00+00:00,binhduong_thudaumot,68.73144570161267
2025-10-10 16:00:00+00:00,backan_backancity,93.24918593755258
2025-10-10 16:00:00+00:00,angiang_longxuyen,99.17566918751373
2025-10-10 16:00:00+00:00,bentre_bentrecity,94.708037233549
2025-10-10 17:00:00+00:00,bacninh_bacninhcity,140.87070395009448
2025-10-10 17:00:00+00:00,binhduong_thudaumot,68.54257495328369
2025-10-10 17:00:00+00:00,bienhoa_dongnai,68.16628232573564
2025-10-10 17:00:00+00:00,backan_backancity,92.22402619858065
2025-10-10 17:00:00+00:00,angiang_longxuyen,96.97664972750572
2025-10-10 17:00:00+00:00,bentre_bentrecity,91.17073098783858
2025-10-10 17:00:00+00:00,bacgiang_bacgiangcity,140.88162920635594
2025-10-10 18:00:00+00:00,binhduong_thudaumot,68.59466897686734
2025-10-10 18:00:00+00:00,backan_backancity,91.65797087625454
2025-10-10 18:00:00+00:00,bacninh_bacninhcity,140.63847155146607
2025-10-10 18:00:00+00:00,angiang_longxuyen,95.09880441158207
2025-10-10 18:00:00+00:00,bentre_bentrecity,87.63107631239212
2025-10-10 18:00:00+00:00,bienhoa_dongnai,67.8756470140058
2025-10-10 18:00:00+00:00,bacgiang_bacgiangcity,140.63928953162423
2025-10-10 19:00:00+00:00,bacgiang_bacgiangcity,140.64845700073732
2025-10-10 19:00:00+00:00,backan_backancity,91.4454646347649
2025-10-10 19:00:00+00:00,angiang_longxuyen,93.59340982703804
2025-10-10 19:00:00+00:00,bacninh_bacninhcity,140.477612272596
2025-10-10 19:00:00+00:00,bentre_bentrecity,83.97733407193331
2025-10-10 19:00:00+00:00,binhduong_thudaumot,68.93881237362447
2025-10-10 19:00:00+00:00,bienhoa_dongnai,67.90417189654272
2025-10-10 20:00:00+00:00,backan_backancity,91.35758397926145
2025-10-10 20:00:00+00:00,angiang_longxuyen,92.4029071466801
2025-10-10 20:00:00+00:00,bentre_bentrecity,80.29095855657404
2025-10-10 20:00:00+00:00,binhduong_thudaumot,69.28614502280679
2025-10-10 20:00:00+00:00,bacgiang_bacgiangcity,140.75916713437852
2025-10-10 20:00:00+00:00,bacninh_bacninhcity,140.34384641098603
2025-10-10 20:00:00+00:00,bienhoa_dongnai,67.95111873647153
2025-10-10 21:00:00+00:00,binhduong_thudaumot,69.52995967239816
2025-10-10 21:00:00+00:00,bienhoa_dongnai,67.9261877454806
2025-10-10 21:00:00+00:00,bacgiang_bacgiangcity,140.25057056720533
2025-10-10 21:00:00+00:00,bacninh_bacninhcity,139.41777104510948
2025-10-10 21:00:00+00:00,bentre_bentrecity,76.4675931195133
2025-10-10 21:00:00+00:00,backan_backancity,91.409729126605
2025-10-10 21:00:00+00:00,angiang_longxuyen,91.43914051689312
2025-10-10 22:00:00+00:00,binhduong_thudaumot,69.55724888278125
2025-10-10 22:00:00+00:00,bacgiang_bacgiangcity,138.79685013877017
2025-10-10 22:00:00+00:00,bentre_bentrecity,72.66660466092836
2025-10-10 22:00:00+00:00,bacninh_bacninhcity,137.4554105399182
2025-10-10 22:00:00+00:00,bienhoa_dongnai,67.82338330304891
2025-10-10 22:00:00+00:00,angiang_longxuyen,90.67390376283474
2025-10-10 22:00:00+00:00,backan_backancity,91.53560452535945
2025-10-10 23:00:00+00:00,bentre_bentrecity,69.39481020605258
2025-10-10 23:00:00+00:00,bacgiang_bacgiangcity,136.58546253595838
2025-10-10 23:00:00+00:00,bacninh_bacninhcity,134.80350146330915
2025-10-10 23:00:00+00:00,backan_backancity,91.94471099257693
2025-10-10 23:00:00+00:00,binhduong_thudaumot,69.40004005791491
2025-10-10 23:00:00+00:00,angiang_longxuyen,89.98387984922395
2025-10-10 23:00:00+00:00,bienhoa_dongnai,67.67431947209792
2025-10-11 00:00:00+00:00,bienhoa_dongnai,67.7717852887101
2025-10-11 00:00:00+00:00,bacninh_bacninhcity,131.85745890450661
2025-10-11 00:00:00+00:00,binhduong_thudaumot,69.35574730254184
2025-10-11 00:00:00+00:00,backan_backancity,92.62921354012009
2025-10-11 00:00:00+00:00,angiang_longxuyen,89.3532040944027
2025-10-11 00:00:00+00:00,bentre_bentrecity,66.9130671080919
2025-10-11 00:00:00+00:00,bacgiang_bacgiangcity,133.7801082134022
2025-10-11 01:00:00+00:00,bacninh_bacninhcity,128.04650675144188
2025-10-11 01:00:00+00:00,bacgiang_bacgiangcity,129.8851999692099
2025-10-11 01:00:00+00:00,binhduong_thudaumot,69.47001652006273
2025-10-11 01:00:00+00:00,backan_backancity,93.55529434469453
2025-10-11 01:00:00+00:00,bienhoa_dongnai,68.05360990990648
2025-10-11 01:00:00+00:00,bentre_bentrecity,64.29850665742806
2025-10-11 01:00:00+00:00,angiang_longxuyen,88.63735941883105
2025-10-11 02:00:00+00:00,angiang_longxuyen,87.78406688319814
2025-10-11 02:00:00+00:00,bacninh_bacninhcity,124.03377020584904
2025-10-11 02:00:00+00:00,bienhoa_dongnai,68.27443844686172
2025-10-11 02:00:00+00:00,bacgiang_bacgiangcity,125.68662094225658
2025-10-11 02:00:00+00:00,bentre_bentrecity,61.90036287201531
2025-10-11 02:00:00+00:00,binhduong_thudaumot,69.5126602622446
2025-10-11 02:00:00+00:00,backan_backancity,93.59296276607394
2025-10-11 03:00:00+00:00,angiang_longxuyen,87.02963682178789
2025-10-11 03:00:00+00:00,binhduong_thudaumot,69.38522504494387
2025-10-11 03:00:00+00:00,bacninh_bacninhcity,119.63884004552986
2025-10-11 03:00:00+00:00,bentre_bentrecity,60.045427526957745
2025-10-11 03:00:00+00:00,bacgiang_bacgiangcity,121.14063203661132
2025-10-11 03:00:00+00:00,bienhoa_dongnai,68.38353002401975
2025-10-11 03:00:00+00:00,backan_backancity,92.56988604838243
2025-10-11 04:00:00+00:00,bentre_bentrecity,58.63140959290167
2025-10-11 04:00:00+00:00,angiang_longxuyen,86.26414444893008
2025-10-11 04:00:00+00:00,bienhoa_dongnai,68.37499344385846
2025-10-11 04:00:00+00:00,bacgiang_bacgiangcity,116.95563017499607
2025-10-11 04:00:00+00:00,bacninh_bacninhcity,115.51767000522004
2025-10-11 04:00:00+00:00,backan_backancity,91.30089860694426
2025-10-11 04:00:00+00:00,binhduong_thudaumot,69.17210640607517
2025-10-11 05:00:00+00:00,bienhoa_dongnai,68.1276545180537
2025-10-11 05:00:00+00:00,angiang_longxuyen,85.63859194749308
2025-10-11 05:00:00+00:00,binhduong_thudaumot,68.87775102500899
2025-10-11 05:00:00+00:00,backan_backancity,90.11588248498765
2025-10-11 05:00:00+00:00,bacgiang_bacgiangcity,113.69287374822429
2025-10-11 05:00:00+00:00,bacninh_bacninhcity,112.26473913000241
2025-10-11 05:00:00+00:00,bentre_bentrecity,57.84753659675571
2025-10-11 06:00:00+00:00,bacninh_bacninhcity,110.2261732220041
2025-10-11 06:00:00+00:00,backan_backancity,89.17901456707739
2025-10-11 06:00:00+00:00,bentre_bentrecity,57.78602709943656
2025-10-11 06:00:00+00:00,angiang_longxuyen,85.3733183716247
2025-10-11 06:00:00+00:00,binhduong_thudaumot,68.54145240604535
2025-10-11 06:00:00+00:00,bacgiang_bacgiangcity,111.61958392986807
2025-10-11 06:00:00+00:00,bienhoa_dongnai,67.74704573988384
2025-10-11 07:00:00+00:00,bienhoa_dongnai,67.49733119085379
2025-10-11 07:00:00+00:00,bacgiang_bacgiangcity,110.91078671898362
2025-10-11 07:00:00+00:00,binhduong_thudaumot,68.28743040831004
2025-10-11 07:00:00+00:00,bacninh_bacninhcity,109.56099164860912
2025-10-11 07:00:00+00:00,angiang_longxuyen,85.182398321942
2025-10-11 07:00:00+00:00,backan_backancity,88.76616301251342
2025-10-11 07:00:00+00:00,bentre_bentrecity,58.15775557174037
2025-10-11 08:00:00+00:00,backan_backancity,88.74563845452877
2025-10-11 08:00:00+00:00,bacgiang_bacgiangcity,111.86718445703988
2025-10-11 08:00:00+00:00,binhduong_thudaumot,68.21631834604901
2025-10-11 08:00:00+00:00,bacninh_bacninhcity,110.54301598711264
2025-10-11 08:00:00+00:00,angiang_longxuyen,85.18689068637448
2025-10-11 08:00:00+00:00,bentre_bentrecity,58.745630949881395
2025-10-11 08:00:00+00:00,bienhoa_dongnai,67.4867801170051
2025-10-11 09:00:00+00:00,angiang_longxuyen,85.44149788799955
2025-10-11 09:00:00+00:00,bentre_bentrecity,59.439160648132834
2025-10-11 09:00:00+00:00,backan_backancity,88.93823253541284
2025-10-11 09:00:00+00:00,binhduong_thudaumot,68.30670080256813
2025-10-11 09:00:00+00:00,bacninh_bacninhcity,112.94192771666324
2025-10-11 09:00:00+00:00,bienhoa_dongnai,67.67779153681184
2025-10-11 09:00:00+00:00,bacgiang_bacgiangcity,114.25489790769645
2025-10-11 10:00:00+00:00,binhduong_thudaumot,68.68828419539453
2025-10-11 10:00:00+00:00,bacgiang_bacgiangcity,117.60340193267092
2025-10-11 10:00:00+00:00,bentre_bentrecity,60.00525948004182
2025-10-11 10:00:00+00:00,backan_backancity,89.00817854085265
2025-10-11 10:00:00+00:00,angiang_longxuyen,85.8856132533428
2025-10-11 10:00:00+00:00,bienhoa_dongnai,68.18380363476189
2025-10-11 10:00:00+00:00,bacninh_bacninhcity,116.35069468940732
2025-10-11 11:00:00+00:00,angiang_longxuyen,86.06136368695397
2025-10-11 11:00:00+00:00,bienhoa_dongnai,69.11283330131612
2025-10-11 11:00:00+00:00,backan_backancity,88.73775125489199
2025-10-11 11:00:00+00:00,bacninh_bacninhcity,119.20407706502691
2025-10-11 11:00:00+00:00,bacgiang_bacgiangcity,120.40311850102528
2025-10-11 11:00:00+00:00,binhduong_thudaumot,69.60526170749065
2025-10-11 11:00:00+00:00,bentre_bentrecity,60.508147589941004
2025-10-11 12:00:00+00:00,backan_backancity,88.14823121451806
2025-10-11 12:00:00+00:00,bacgiang_bacgiangcity,120.90333621027511
2025-10-11 12:00:00+00:00,angiang_longxuyen,85.3396441299538
2025-10-11 12:00:00+00:00,binhduong_thudaumot,71.12300648713551
2025-10-11 12:00:00+00:00,bentre_bentrecity,61.194968110512164
2025-10-11 12:00:00+00:00,bacninh_bacninhcity,119.77001164826052
2025-10-11 12:00:00+00:00,bienhoa_dongnai,70.51624359906575
2025-10-11 13:00:00+00:00,bacgiang_bacgiangcity,118.56110332660428
2025-10-11 13:00:00+00:00,binhduong_thudaumot,72.87410621264709
2025-10-11 13:00:00+00:00,bacninh_bacninhcity,117.15086637530058
2025-10-11 13:00:00+00:00,bentre_bentrecity,61.41729337711851
2025-10-11 13:00:00+00:00,angiang_longxuyen,84.16394667291078
2025-10-11 13:00:00+00:00,backan_backancity,87.00230192634277
2025-10-11 13:00:00+00:00,bienhoa_dongnai,72.16884197989259
2025-10-11 14:00:00+00:00,bienhoa_dongnai,73.74873584772494
2025-10-11 14:00:00+00:00,bentre_bentrecity,61.55437466894402
2025-10-11 14:00:00+00:00,angiang_longxuyen,82.96317790647204
2025-10-11 14:00:00+00:00,backan_backancity,85.97379847592642
2025-10-11 14:00:00+00:00,binhduong_thudaumot,74.50481057136811
2025-10-11 14:00:00+00:00,bacninh_bacninhcity,112.4007859814949
2025-10-11 14:00:00+00:00,bacgiang_bacgiangcity,114.00304159944906
2025-10-11 15:00:00+00:00,bentre_bentrecity,61.59850643886042
2025-10-11 15:00:00+00:00,angiang_longxuyen,82.15399973692237
2025-10-11 15:00:00+00:00,bacninh_bacninhcity,108.03288451793132
2025-10-11 15:00:00+00:00,binhduong_thudaumot,75.73183302011736
2025-10-11 15:00:00+00:00,bacgiang_bacgiangcity,109.2696830260842
2025-10-11 15:00:00+00:00,bienhoa_dongnai,75.02910974700313
2025-10-11 15:00:00+00:00,backan_backancity,85.32884505148269
2025-10-11 16:00:00+00:00,bacgiang_bacgiangcity,106.77485469300689
2025-10-11 16:00:00+00:00,bacninh_bacninhcity,106.028079054965
2025-10-11 16:00:00+00:00,angiang_longxuyen,81.92236341957944
2025-10-11 16:00:00+00:00,binhduong_thudaumot,76.49274165841864
2025-10-11 16:00:00+00:00,backan_backancity,85.0443489418974
2025-10-11 16:00:00+00:00,bentre_bentrecity,61.45807926011135
2025-10-11 16:00:00+00:00,bienhoa_dongnai,75.82603126705516
2025-10-11 17:00:00+00:00,bacninh_bacninhcity,106.96208540199615
2025-10-11 17:00:00+00:00,angiang_longxuyen,82.0935605753421
2025-10-11 17:00:00+00:00,binhduong_thudaumot,77.04839819043613
2025-10-11 17:00:00+00:00,backan_backancity,84.9220957159178
2025-10-11 17:00:00+00:00,bacgiang_bacgiangcity,107.28557262428043
2025-10-11 17:00:00+00:00,bienhoa_dongnai,76.34748491596974
2025-10-11 17:00:00+00:00,bentre_bentrecity,61.10553851385815
2025-10-11 18:00:00+00:00,backan_backancity,84.93929940498903
2025-10-11 18:00:00+00:00,bienhoa_dongnai,76.59981874188927
2025-10-11 18:00:00+00:00,angiang_longxuyen,82.56046626019852
2025-10-11 18:00:00+00:00,bacgiang_bacgiangcity,110.3886222322587
2025-10-11 18:00:00+00:00,bacninh_bacninhcity,110.16960151847218
2025-10-11 18:00:00+00:00,bentre_bentrecity,60.65445726429561
2025-10-11 18:00:00+00:00,binhduong_thudaumot,77.41169450557757
2025-10-11 19:00:00+00:00,bacninh_bacninhcity,114.64917848454715
2025-10-11 19:00:00+00:00,backan_backancity,85.02152381471792
2025-10-11 19:00:00+00:00,angiang_longxuyen,83.1985734517759
2025-10-11 19:00:00+00:00,binhduong_thudaumot,77.77177981350236
2025-10-11 19:00:00+00:00,bienhoa_dongnai,76.87834098574497
2025-10-11 19:00:00+00:00,bentre_bentrecity,60.3244805877246
2025-10-11 19:00:00+00:00,bacgiang_bacgiangcity,115.04584012332103
2025-10-11 20:00:00+00:00,binhduong_thudaumot,78.36173059874682
2025-10-11 20:00:00+00:00,bienhoa_dongnai,77.45981610424417
2025-10-11 20:00:00+00:00,bacninh_bacninhcity,119.65003288572605
2025-10-11 20:00:00+00:00,angiang_longxuyen,84.16389881236961
2025-10-11 20:00:00+00:00,bentre_bentrecity,60.317536458296765
2025-10-11 20:00:00+00:00,bacgiang_bacgiangcity,120.53806238459174
2025-10-11 20:00:00+00:00,backan_backancity,84.93232046789488
2025-10-11 21:00:00+00:00,backan_backancity,84.59299466970228
2025-10-11 21:00:00+00:00,bacninh_bacninhcity,124.99061989969749
2025-10-11 21:00:00+00:00,bienhoa_dongnai,78.5151584408608
2025-10-11 21:00:00+00:00,bentre_bentrecity,60.69076166025168
2025-10-11 21:00:00+00:00,angiang_longxuyen,85.38810075240859
2025-10-11 21:00:00+00:00,bacgiang_bacgiangcity,126.3855066701607
2025-10-11 21:00:00+00:00,binhduong_thudaumot,79.3589702383839
2025-10-11 22:00:00+00:00,bentre_bentrecity,61.510229846152754
2025-10-11 22:00:00+00:00,angiang_longxuyen,86.67358485219617
2025-10-11 22:00:00+00:00,backan_backancity,84.62801118200507
2025-10-11 22:00:00+00:00,binhduong_thudaumot,80.90539218410575
2025-10-11 22:00:00+00:00,bacgiang_bacgiangcity,131.67640247726308
2025-10-11 22:00:00+00:00,bacninh_bacninhcity,129.7846754289212
2025-10-11 22:00:00+00:00,bienhoa_dongnai,80.19685603071858
2025-10-11 23:00:00+00:00,bienhoa_dongnai,82.62260664646945
2025-10-11 23:00:00+00:00,bacninh_bacninhcity,134.0996904506229
2025-10-11 23:00:00+00:00,angiang_longxuyen,87.94750628033307
2025-10-11 23:00:00+00:00,bentre_bentrecity,62.61608680849445
2025-10-11 23:00:00+00:00,bacgiang_bacgiangcity,136.24746704326236
2025-10-11 23:00:00+00:00,binhduong_thudaumot,83.02102824787087
2025-10-11 23:00:00+00:00,backan_backancity,85.44046018444783
2025-10-12 00:00:00+00:00,backan_backancity,87.2335031478569
2025-10-12 00:00:00+00:00,angiang_longxuyen,89.43552204973477
2025-10-12 00:00:00+00:00,bentre_bentrecity,64.214920397755
2025-10-12 00:00:00+00:00,bacninh_bacninhcity,138.01468706923143
2025-10-12 00:00:00+00:00,bienhoa_dongnai,85.52665701909378
2025-10-12 00:00:00+00:00,binhduong_thudaumot,85.62143394348388
2025-10-12 00:00:00+00:00,bacgiang_bacgiangcity,140.02535626429568
2025-10-12 01:00:00+00:00,bentre_bentrecity,65.14358023285472
2025-10-12 01:00:00+00:00,bienhoa_dongnai,86.99681971889974
2025-10-12 01:00:00+00:00,angiang_longxuyen,90.79814755223116
2025-10-12 01:00:00+00:00,binhduong_thudaumot,87.1586405595515
2025-10-12 01:00:00+00:00,bacninh_bacninhcity,141.73217628730907
2025-10-12 01:00:00+00:00,backan_backancity,86.9526661941919
2025-10-12 01:00:00+00:00,bacgiang_bacgiangcity,143.30626597678506
2025-10-12 02:00:00+00:00,angiang_longxuyen,91.61507260301282
2025-10-12 02:00:00+00:00,bienhoa_dongnai,87.4649262682437
2025-10-12 02:00:00+00:00,binhduong_thudaumot,87.90251737163392
2025-10-12 02:00:00+00:00,bacgiang_bacgiangcity,145.47435284271347
2025-10-12 02:00:00+00:00,bacninh_bacninhcity,144.44654337014407
2025-10-12 02:00:00+00:00,backan_backancity,85.02985154888138
2025-10-12 02:00:00+00:00,bentre_bentrecity,65.53482710403904
2025-10-12 03:00:00+00:00,bienhoa_dongnai,87.25145520175367
2025-10-12 03:00:00+00:00,bacninh_bacninhcity,144.88625556569974
2025-10-12 03:00:00+00:00,backan_backancity,83.04644654619007
2025-10-12 03:00:00+00:00,bentre_bentrecity,65.74607483084384
2025-10-12 03:00:00+00:00,angiang_longxuyen,91.80170913426086
2025-10-12 03:00:00+00:00,binhduong_thudaumot,88.00356620239636
2025-10-12 03:00:00+00:00,bacgiang_bacgiangcity,145.75329277856486
2025-10-12 04:00:00+00:00,bienhoa_dongnai,86.74377016034184
2025-10-12 04:00:00+00:00,bentre_bentrecity,65.94988241897593
2025-10-12 04:00:00+00:00,angiang_longxuyen,91.70386260879847
2025-10-12 04:00:00+00:00,bacninh_bacninhcity,143.8967388770241
2025-10-12 04:00:00+00:00,binhduong_thudaumot,87.78978621786787
2025-10-12 04:00:00+00:00,backan_backancity,81.80632771299358
2025-10-12 04:00:00+00:00,bacgiang_bacgiangcity,144.85232244201072
2025-10-12 05:00:00+00:00,bentre_bentrecity,66.47710543858057
2025-10-12 05:00:00+00:00,binhduong_thudaumot,87.51557142271741
2025-10-12 05:00:00+00:00,backan_backancity,81.20431172041616
2025-10-12 05:00:00+00:00,bacgiang_bacgiangcity,143.66264861920666
2025-10-12 05:00:00+00:00,bacninh_bacninhcity,142.5213356977751
2025-10-12 05:00:00+00:00,angiang_longxuyen,91.53900262378247
2025-10-12 05:00:00+00:00,bienhoa_dongnai,86.36320924271314
2025-10-12 06:00:00+00:00,bienhoa_dongnai,86.54237300310135
2025-10-12 06:00:00+00:00,bacgiang_bacgiangcity,142.91744694032553
2025-10-12 06:00:00+00:00,bacninh_bacninhcity,141.7589738394056
2025-10-12 06:00:00+00:00,angiang_longxuyen,91.77631911717054
2025-10-12 06:00:00+00:00,bentre_bentrecity,67.52377631532897
2025-10-12 06:00:00+00:00,backan_backancity,81.02640973793152
2025-10-12 06:00:00+00:00,binhduong_thudaumot,87.6437941634683
2025-10-12 07:00:00+00:00,bacgiang_bacgiangcity,142.77893853418152
2025-10-12 07:00:00+00:00,bacninh_bacninhcity,141.7084722665554
2025-10-12 07:00:00+00:00,angiang_longxuyen,92.2886966670961
2025-10-12 07:00:00+00:00,bentre_bentrecity,69.24877029111184
2025-10-12 07:00:00+00:00,binhduong_thudaumot,88.46609264773579
2025-10-12 07:00:00+00:00,backan_backancity,80.96325122742117
2025-10-12 07:00:00+00:00,bienhoa_dongnai,87.68396656134252
2025-10-12 08:00:00+00:00,backan_backancity,81.27942666430226
2025-10-12 08:00:00+00:00,bienhoa_dongnai,89.74817756136079
2025-10-12 08:00:00+00:00,bacgiang_bacgiangcity,143.3878464446873
2025-10-12 08:00:00+00:00,angiang_longxuyen,92.68413459885146
2025-10-12 08:00:00+00:00,bentre_bentrecity,71.10551563481727
2025-10-12 08:00:00+00:00,bacninh_bacninhcity,142.5586451650957
2025-10-12 08:00:00+00:00,binhduong_thudaumot,90.02260881668609
2025-10-12 09:00:00+00:00,bentre_bentrecity,72.44339614978952
2025-10-12 09:00:00+00:00,bienhoa_dongnai,92.4291151439286
2025-10-12 09:00:00+00:00,angiang_longxuyen,92.5634433668973
2025-10-12 09:00:00+00:00,bacninh_bacninhcity,144.10586333618429
2025-10-12 09:00:00+00:00,backan_backancity,81.809173239714
2025-10-12 09:00:00+00:00,binhduong_thudaumot,92.14828906765933
2025-10-12 09:00:00+00:00,bacgiang_bacgiangcity,144.66401731825917
2025-10-12 10:00:00+00:00,bacninh_bacninhcity,145.8276158480425
2025-10-12 10:00:00+00:00,bienhoa_dongnai,95.08555139263645
2025-10-12 10:00:00+00:00,backan_backancity,82.2957235012413
2025-10-12 10:00:00+00:00,binhduong_thudaumot,94.33422900318348
2025-10-12 10:00:00+00:00,angiang_longxuyen,91.7529631730799
2025-10-12 10:00:00+00:00,bentre_bentrecity,73.03035347573176
2025-10-12 10:00:00+00:00,bacgiang_bacgiangcity,146.04376275387972
2025-10-12 11:00:00+00:00,bacninh_bacninhcity,146.7446412206798
2025-10-12 11:00:00+00:00,binhduong_thudaumot,95.52950250930434
2025-10-12 11:00:00+00:00,bentre_bentrecity,73.03904233943314
2025-10-12 11:00:00+00:00,bienhoa_dongnai,96.40880289810448
2025-10-12 11:00:00+00:00,bacgiang_bacgiangcity,146.73955495044098
2025-10-12 11:00:00+00:00,angiang_longxuyen,90.50007101408906
2025-10-12 11:00:00+00:00,backan_backancity,82.58286064250748
2025-10-12 12:00:00+00:00,bacninh_bacninhcity,146.49741977074882
2025-10-12 12:00:00+00:00,bacgiang_bacgiangcity,146.37085039414742
2025-10-12 12:00:00+00:00,bentre_bentrecity,73.15416434477851
2025-10-12 12:00:00+00:00,angiang_longxuyen,89.08877134122349
2025-10-12 12:00:00+00:00,bienhoa_dongnai,95.65498958503157
2025-10-12 12:00:00+00:00,binhduong_thudaumot,95.15620660427723
2025-10-12 12:00:00+00:00,backan_backancity,82.41735018922739
2025-10-12 13:00:00+00:00,bentre_bentrecity,73.63367040483733
2025-10-12 13:00:00+00:00,bienhoa_dongnai,93.57318004647742
2025-10-12 13:00:00+00:00,backan_backancity,81.25964720792447
2025-10-12 13:00:00+00:00,binhduong_thudaumot,93.52675314606404
2025-10-12 13:00:00+00:00,angiang_longxuyen,87.92556874864438
2025-10-12 13:00:00+00:00,bacgiang_bacgiangcity,144.94300076369342
2025-10-12 13:00:00+00:00,bacninh_bacninhcity,145.07006179858138
2025-10-12 14:00:00+00:00,binhduong_thudaumot,91.62397575140989
2025-10-12 14:00:00+00:00,backan_backancity,79.91977830501453
2025-10-12 14:00:00+00:00,angiang_longxuyen,86.98508518439668
2025-10-12 14:00:00+00:00,bentre_bentrecity,74.39854711709737
2025-10-12 14:00:00+00:00,bacninh_bacninhcity,143.0121673022579
2025-10-12 14:00:00+00:00,bacgiang_bacgiangcity,142.9150408603922
2025-10-12 14:00:00+00:00,bienhoa_dongnai,91.41596731305059
2025-10-12 15:00:00+00:00,bacninh_bacninhcity,141.00039731474675
2025-10-12 15:00:00+00:00,bacgiang_bacgiangcity,140.8275119871683
2025-10-12 15:00:00+00:00,bentre_bentrecity,75.21482169961494
2025-10-12 15:00:00+00:00,bienhoa_dongnai,90.35260942352768
2025-10-12 15:00:00+00:00,backan_backancity,79.10610124459495
2025-10-12 15:00:00+00:00,binhduong_thudaumot,90.47107296483831
2025-10-12 15:00:00+00:00,angiang_longxuyen,86.37402354953826
2025-10-12 16:00:00+00:00,bienhoa_dongnai,90.37802119540945
2025-10-12 16:00:00+00:00,bacninh_bacninhcity,139.29196743716676
2025-10-12 16:00:00+00:00,bacgiang_bacgiangcity,139.13303128186004
2025-10-12 16:00:00+00:00,binhduong_thudaumot,90.41455619215479
2025-10-12 16:00:00+00:00,angiang_longxuyen,86.13902176595948
2025-10-12 16:00:00+00:00,backan_backancity,78.84671016433211
2025-10-12 16:00:00+00:00,bentre_bentrecity,75.99579260658274
2025-10-12 17:00:00+00:00,bacninh_bacninhcity,137.81183234096443
2025-10-12 17:00:00+00:00,angiang_longxuyen,86.21316427066819
2025-10-12 17:00:00+00:00,bienhoa_dongnai,91.35321235392146
2025-10-12 17:00:00+00:00,bentre_bentrecity,76.74220820282628
2025-10-12 17:00:00+00:00,bacgiang_bacgiangcity,137.72814165829243
2025-10-12 17:00:00+00:00,binhduong_thudaumot,91.39197504131033
2025-10-12 17:00:00+00:00,backan_backancity,79.00091247702136
2025-10-12 18:00:00+00:00,bentre_bentrecity,77.39254593815156
2025-10-12 18:00:00+00:00,binhduong_thudaumot,92.95322505287808
2025-10-12 18:00:00+00:00,backan_backancity,79.40001717887402
2025-10-12 18:00:00+00:00,bacninh_bacninhcity,136.35514455897675
2025-10-12 18:00:00+00:00,bacgiang_bacgiangcity,136.45622602192634
2025-10-12 18:00:00+00:00,bienhoa_dongnai,92.74714408904043
2025-10-12 18:00:00+00:00,angiang_longxuyen,86.68281105924613
2025-10-12 19:00:00+00:00,bacninh_bacninhcity,134.74690854885557
2025-10-12 19:00:00+00:00,binhduong_thudaumot,95.026332674856
2025-10-12 19:00:00+00:00,bacgiang_bacgiangcity,135.11296772250998
2025-10-12 19:00:00+00:00,angiang_longxuyen,87.65195656121682
2025-10-12 19:00:00+00:00,bentre_bentrecity,77.9494642480726
2025-10-12 19:00:00+00:00,backan_backancity,79.71892066660176
2025-10-12 19:00:00+00:00,bienhoa_dongnai,94.41063291846244
2025-10-12 20:00:00+00:00,bacgiang_bacgiangcity,133.34818858414053
2025-10-12 20:00:00+00:00,binhduong_thudaumot,97.28187924107348
2025-10-12 20:00:00+00:00,backan_backancity,79.82985269911566
2025-10-12 20:00:00+00:00,bacninh_bacninhcity,132.50681767421707
2025-10-12 20:00:00+00:00,bentre_bentrecity,78.49557912856426
2025-10-12 20:00:00+00:00,angiang_longxuyen,89.0350533224588
2025-10-12 20:00:00+00:00,bienhoa_dongnai,96.231462189239
2025-10-12 21:00:00+00:00,bacgiang_bacgiangcity,131.08927546394762
2025-10-12 21:00:00+00:00,backan_backancity,79.72521215228639
2025-10-12 21:00:00+00:00,bienhoa_dongnai,98.25388604198838
2025-10-12 21:00:00+00:00,binhduong_thudaumot,99.64877009310267
2025-10-12 21:00:00+00:00,angiang_longxuyen,90.26653115249509
2025-10-12 21:00:00+00:00,bacninh_bacninhcity,129.67369118490782
2025-10-12 21:00:00+00:00,bentre_bentrecity,79.00424966202834
2025-10-12 22:00:00+00:00,binhduong_thudaumot,101.77046595402358
2025-10-12 22:00:00+00:00,bienhoa_dongnai,100.08329159542062
2025-10-12 22:00:00+00:00,backan_backancity,79.63794498190157
2025-10-12 22:00:00+00:00,bacninh_bacninhcity,126.61456722019706
2025-10-12 22:00:00+00:00,angiang_longxuyen,90.99969916849088
2025-10-12 22:00:00+00:00,bentre_bentrecity,79.33601023149748
2025-10-12 22:00:00+00:00,bacgiang_bacgiangcity,128.27257384217603
2025-10-12 23:00:00+00:00,bacninh_bacninhcity,122.99317979330827
2025-10-12 23:00:00+00:00,bacgiang_bacgiangcity,124.64551059020039
2025-10-12 23:00:00+00:00,bentre_bentrecity,79.64337932880343
2025-10-12 23:00:00+00:00,bienhoa_dongnai,101.44607808337365
2025-10-12 23:00:00+00:00,angiang_longxuyen,91.35070402646836
2025-10-12 23:00:00+00:00,backan_backancity,79.77348168353478
2025-10-12 23:00:00+00:00,binhduong_thudaumot,103.38474490133716
2025-10-13 00:00:00+00:00,bacgiang_bacgiangcity,120.52694459842601
2025-10-13 00:00:00+00:00,backan_backancity,80.14049371705428
2025-10-13 00:00:00+00:00,binhduong_thudaumot,104.32470390317623
2025-10-13 00:00:00+00:00,bienhoa_dongnai,102.16287561881039
2025-10-13 00:00:00+00:00,angiang_longxuyen,91.29102737032808
2025-10-13 00:00:00+00:00,bacninh_bacninhcity,118.97517967592636
2025-10-13 00:00:00+00:00,bentre_bentrecity,79.89920697422829
2025-10-13 01:00:00+00:00,bentre_bentrecity,78.89149022703344
2025-10-13 01:00:00+00:00,bacgiang_bacgiangcity,116.45786966943943
2025-10-13 01:00:00+00:00,angiang_longxuyen,90.225031712343
2025-10-13 01:00:00+00:00,backan_backancity,79.22361627699877
2025-10-13 01:00:00+00:00,binhduong_thudaumot,104.66648296200611
2025-10-13 01:00:00+00:00,bacninh_bacninhcity,114.88522993681295
2025-10-13 01:00:00+00:00,bienhoa_dongnai,102.23404805061767
2025-10-13 02:00:00+00:00,bentre_bentrecity,77.36504788177064
2025-10-13 02:00:00+00:00,bienhoa_dongnai,101.533760770275
2025-10-13 02:00:00+00:00,angiang_longxuyen,88.59117617208182
2025-10-13 02:00:00+00:00,backan_backancity,78.05856887810549
2025-10-13 02:00:00+00:00,bacninh_bacninhcity,110.594841339022
2025-10-13 02:00:00+00:00,bacgiang_bacgiangcity,112.26046431348433
2025-10-13 02:00:00+00:00,binhduong_thudaumot,104.04632170579043
2025-10-13 03:00:00+00:00,bacgiang_bacgiangcity,108.14519526035278
2025-10-13 03:00:00+00:00,bienhoa_dongnai,100.08257368730308
2025-10-13 03:00:00+00:00,bacninh_bacninhcity,106.37549491622458
2025-10-13 03:00:00+00:00,angiang_longxuyen,86.66913382186743
2025-10-13 03:00:00+00:00,backan_backancity,77.07483026203646
2025-10-13 03:00:00+00:00,binhduong_thudaumot,102.36389641815896
2025-10-13 03:00:00+00:00,bentre_bentrecity,75.71764019418151
2025-10-13 04:00:00+00:00,bacgiang_bacgiangcity,104.38374178425283
2025-10-13 04:00:00+00:00,bentre_bentrecity,74.25010112222328
2025-10-13 04:00:00+00:00,backan_backancity,76.52251526598424
2025-10-13 04:00:00+00:00,binhduong_thudaumot,99.83494107181389
2025-10-13 04:00:00+00:00,bienhoa_dongnai,98.03426543982789
2025-10-13 04:00:00+00:00,bacninh_bacninhcity,102.6001015136393
2025-10-13 04:00:00+00:00,angiang_longxuyen,84.97447907822763
2025-10-13 05:00:00+00:00,bentre_bentrecity,73.0022854438151
2025-10-13 05:00:00+00:00,bacninh_bacninhcity,99.71007509538228
2025-10-13 05:00:00+00:00,angiang_longxuyen,83.59969264731595
2025-10-13 05:00:00+00:00,bienhoa_dongnai,95.77493571537889
2025-10-13 05:00:00+00:00,binhduong_thudaumot,96.9796605906411
2025-10-13 05:00:00+00:00,backan_backancity,76.27853092901962
2025-10-13 05:00:00+00:00,bacgiang_bacgiangcity,101.31035537827361
2025-10-13 06:00:00+00:00,bacgiang_bacgiangcity,99.02445000060078
2025-10-13 06:00:00+00:00,bacninh_bacninhcity,97.77196030525158
2025-10-13 06:00:00+00:00,bienhoa_dongnai,93.91713417654901
2025-10-13 06:00:00+00:00,binhduong_thudaumot,94.49608138828282
2025-10-13 06:00:00+00:00,backan_backancity,76.10526706807012
2025-10-13 06:00:00+00:00,bentre_bentrecity,72.29835260429677
2025-10-13 06:00:00+00:00,angiang_longxuyen,82.64051954174164
2025-10-13 07:00:00+00:00,bienhoa_dongnai,93.05521260289119
2025-10-13 07:00:00+00:00,bacgiang_bacgiangcity,97.30132476140265
2025-10-13 07:00:00+00:00,bentre_bentrecity,72.33144164207792
2025-10-13 07:00:00+00:00,angiang_longxuyen,82.061076320763
2025-10-13 07:00:00+00:00,binhduong_thudaumot,93.10154378222224
2025-10-13 07:00:00+00:00,bacninh_bacninhcity,96.43296703269712
2025-10-13 07:00:00+00:00,backan_backancity,76.0210064098624
2025-10-13 08:00:00+00:00,binhduong_thudaumot,92.33062141342086
2025-10-13 08:00:00+00:00,backan_backancity,76.07818670368486
2025-10-13 08:00:00+00:00,bienhoa_dongnai,92.68775894710546
2025-10-13 08:00:00+00:00,bacgiang_bacgiangcity,96.30638242774171
2025-10-13 08:00:00+00:00,bentre_bentrecity,72.81486791555434
2025-10-13 08:00:00+00:00,angiang_longxuyen,81.70747394068749
2025-10-13 08:00:00+00:00,bacninh_bacninhcity,95.61348470618162
2025-10-13 09:00:00+00:00,bacgiang_bacgiangcity,95.62642336839092
2025-10-13 09:00:00+00:00,bacninh_bacninhcity,94.99300215888985
2025-10-13 09:00:00+00:00,backan_backancity,76.315126839181
2025-10-13 09:00:00+00:00,bentre_bentrecity,73.12295927193611
2025-10-13 09:00:00+00:00,binhduong_thudaumot,91.89134757691271
2025-10-13 09:00:00+00:00,angiang_longxuyen,81.43657892671087
2025-10-13 09:00:00+00:00,bienhoa_dongnai,92.57181134742493
2025-10-13 10:00:00+00:00,backan_backancity,76.48047195604613
2025-10-13 10:00:00+00:00,bacgiang_bacgiangcity,95.06791913417385
2025-10-13 10:00:00+00:00,bacninh_bacninhcity,94.4189410733136
2025-10-13 10:00:00+00:00,bienhoa_dongnai,92.20486566601933
2025-10-13 10:00:00+00:00,angiang_longxuyen,81.14219308893666
2025-10-13 10:00:00+00:00,binhduong_thudaumot,91.26473670487212
2025-10-13 10:00:00+00:00,bentre_bentrecity,73.37512341048239
2025-10-13 11:00:00+00:00,bienhoa_dongnai,91.64077806457902
2025-10-13 11:00:00+00:00,bacgiang_bacgiangcity,94.57792073820322
2025-10-13 11:00:00+00:00,binhduong_thudaumot,90.47791919770468
2025-10-13 11:00:00+00:00,bacninh_bacninhcity,93.96737034094365
2025-10-13 11:00:00+00:00,angiang_longxuyen,80.84534895972969
2025-10-13 11:00:00+00:00,bentre_bentrecity,73.72075918593234
2025-10-13 11:00:00+00:00,backan_backancity,76.22494887770144
2025-10-13 12:00:00+00:00,angiang_longxuyen,80.5402380097753
2025-10-13 12:00:00+00:00,binhduong_thudaumot,89.77781520147988
2025-10-13 12:00:00+00:00,backan_backancity,75.4304464904576
2025-10-13 12:00:00+00:00,bentre_bentrecity,74.29264044140623
2025-10-13 12:00:00+00:00,bacninh_bacninhcity,93.70991978807731
2025-10-13 12:00:00+00:00,bacgiang_bacgiangcity,94.23934221709659
2025-10-13 12:00:00+00:00,bienhoa_dongnai,90.99614878652777
2025-10-13 13:00:00+00:00,backan_backancity,74.27078992888329
2025-10-13 13:00:00+00:00,binhduong_thudaumot,89.31864225724101
2025-10-13 13:00:00+00:00,angiang_longxuyen,79.98483818429679
2025-10-13 13:00:00+00:00,bacninh_bacninhcity,94.64061587165588
2025-10-13 13:00:00+00:00,bienhoa_dongnai,90.4853462835025
2025-10-13 13:00:00+00:00,bentre_bentrecity,74.94919569612523
2025-10-13 13:00:00+00:00,bacgiang_bacgiangcity,94.93138823857178
2025-10-13 14:00:00+00:00,binhduong_thudaumot,88.66083066331632
2025-10-13 14:00:00+00:00,bacninh_bacninhcity,96.06653693984867
2025-10-13 14:00:00+00:00,bentre_bentrecity,75.4549815442443
2025-10-13 14:00:00+00:00,bienhoa_dongnai,89.5891696152423
2025-10-13 14:00:00+00:00,angiang_longxuyen,79.46856217574506
2025-10-13 14:00:00+00:00,backan_backancity,73.01797935036035
2025-10-13 14:00:00+00:00,bacgiang_bacgiangcity,96.29638610107476
2025-10-13 15:00:00+00:00,bacgiang_bacgiangcity,97.92042479169838
2025-10-13 15:00:00+00:00,bentre_bentrecity,75.84722913583488
2025-10-13 15:00:00+00:00,bacninh_bacninhcity,97.69774492199154
2025-10-13 15:00:00+00:00,bienhoa_dongnai,88.21376969921201
2025-10-13 15:00:00+00:00,angiang_longxuyen,79.0883928443623
2025-10-13 15:00:00+00:00,binhduong_thudaumot,87.64047003133618
2025-10-13 15:00:00+00:00,backan_backancity,71.98728084148763
2025-10-13 16:00:00+00:00,bentre_bentrecity,76.15505508376107
2025-10-13 16:00:00+00:00,bienhoa_dongnai,86.43577234956327
2025-10-13 16:00:00+00:00,angiang_longxuyen,78.96682271883394
2025-10-13 16:00:00+00:00,binhduong_thudaumot,86.27901384887974
2025-10-13 16:00:00+00:00,backan_backancity,71.22193857669077
2025-10-13 16:00:00+00:00,bacninh_bacninhcity,99.27583966857176
2025-10-13 16:00:00+00:00,bacgiang_bacgiangcity,99.60251505554166
2025-10-13 17:00:00+00:00,angiang_longxuyen,79.17564261091397
2025-10-13 17:00:00+00:00,bentre_bentrecity,76.42611108319437
2025-10-13 17:00:00+00:00,bienhoa_dongnai,84.30493947623731
2025-10-13 17:00:00+00:00,binhduong_thudaumot,84.60542100657315
2025-10-13 17:00:00+00:00,backan_backancity,70.49841772295932
2025-10-13 17:00:00+00:00,bacninh_bacninhcity,101.06221261292514
2025-10-13 17:00:00+00:00,bacgiang_bacgiangcity,101.49229396231006
2025-10-13 18:00:00+00:00,backan_backancity,69.6509511204742
2025-10-13 18:00:00+00:00,bentre_bentrecity,76.93593026964652
2025-10-13 18:00:00+00:00,binhduong_thudaumot,82.77830568880982
2025-10-13 18:00:00+00:00,bienhoa_dongnai,82.0230576472414
2025-10-13 18:00:00+00:00,bacgiang_bacgiangcity,103.5169286457396
2025-10-13 18:00:00+00:00,angiang_longxuyen,79.52249230372631
2025-10-13 18:00:00+00:00,bacninh_bacninhcity,103.11973292683585
2025-10-13 19:00:00+00:00,backan_backancity,68.4131818047533
2025-10-13 19:00:00+00:00,bentre_bentrecity,77.29042894712939
2025-10-13 19:00:00+00:00,bacninh_bacninhcity,104.9780402645667
2025-10-13 19:00:00+00:00,bienhoa_dongnai,79.62030184604325
2025-10-13 19:00:00+00:00,binhduong_thudaumot,80.82189729455672
2025-10-13 19:00:00+00:00,bacgiang_bacgiangcity,105.17755563234759
2025-10-13 19:00:00+00:00,angiang_longxuyen,79.81384117261538
2025-10-13 20:00:00+00:00,bacninh_bacninhcity,106.17105045657306
2025-10-13 20:00:00+00:00,binhduong_thudaumot,78.7575329232588
2025-10-13 20:00:00+00:00,bacgiang_bacgiangcity,106.01390526447167
2025-10-13 20:00:00+00:00,backan_backancity,66.71666485096617
2025-10-13 20:00:00+00:00,bienhoa_dongnai,77.23129942399383
2025-10-13 20:00:00+00:00,angiang_longxuyen,79.85261691287911
2025-10-13 20:00:00+00:00,bentre_bentrecity,77.10853278493624
2025-10-13 21:00:00+00:00,bentre_bentrecity,76.09941067821431
2025-10-13 21:00:00+00:00,angiang_longxuyen,79.65059756860342
2025-10-13 21:00:00+00:00,bacgiang_bacgiangcity,106.20359344908904
2025-10-13 21:00:00+00:00,backan_backancity,64.65457167989464
2025-10-13 21:00:00+00:00,bienhoa_dongnai,75.01822364936625
2025-10-13 21:00:00+00:00,bacninh_bacninhcity,106.77149983223185
2025-10-13 21:00:00+00:00,binhduong_thudaumot,76.75271141613379
2025-10-13 22:00:00+00:00,bacgiang_bacgiangcity,106.24252609578603
2025-10-13 22:00:00+00:00,binhduong_thudaumot,74.69970739692616
2025-10-13 22:00:00+00:00,backan_backancity,62.42762069928625
2025-10-13 22:00:00+00:00,bienhoa_dongnai,72.88551442527854
2025-10-13 22:00:00+00:00,angiang_longxuyen,79.14474210515174
2025-10-13 22:00:00+00:00,bentre_bentrecity,74.42930839219437
2025-10-13 22:00:00+00:00,bacninh_bacninhcity,107.08456025491354
2025-10-13 23:00:00+00:00,bentre_bentrecity,72.76245192105736
2025-10-13 23:00:00+00:00,binhduong_thudaumot,72.78142645015186
2025-10-13 23:00:00+00:00,backan_backancity,60.01534500135369
2025-10-13 23:00:00+00:00,bienhoa_dongnai,71.01469808246934
2025-10-13 23:00:00+00:00,bacgiang_bacgiangcity,106.420866981188
2025-10-13 23:00:00+00:00,angiang_longxuyen,78.6229012209495
2025-10-13 23:00:00+00:00,bacninh_bacninhcity,107.29332983903836
2025-10-14 00:00:00+00:00,backan_backancity,57.66279055688385
2025-10-14 00:00:00+00:00,bacninh_bacninhcity,107.57572661124964
2025-10-14 00:00:00+00:00,angiang_longxuyen,78.34627599490742
2025-10-14 00:00:00+00:00,bienhoa_dongnai,69.43971209558597
2025-10-14 00:00:00+00:00,bacgiang_bacgiangcity,106.7509015798912
2025-10-14 00:00:00+00:00,binhduong_thudaumot,71.07919668813243
2025-10-14 00:00:00+00:00,bentre_bentrecity,71.31195120175539
2025-10-14 01:00:00+00:00,bacninh_bacninhcity,107.30346485250075
2025-10-14 01:00:00+00:00,angiang_longxuyen,78.43874691140483
2025-10-14 01:00:00+00:00,backan_backancity,55.60803310148609
2025-10-14 01:00:00+00:00,bacgiang_bacgiangcity,106.77534934257727
2025-10-14 01:00:00+00:00,binhduong_thudaumot,69.5236116242558
2025-10-14 01:00:00+00:00,bienhoa_dongnai,68.04072237145706
2025-10-14 01:00:00+00:00,bentre_bentrecity,69.72787171204988
2025-10-14 02:00:00+00:00,backan_backancity,53.84542509130243
2025-10-14 02:00:00+00:00,bacgiang_bacgiangcity,106.52475725964747
2025-10-14 02:00:00+00:00,bienhoa_dongnai,66.79672248346756
2025-10-14 02:00:00+00:00,angiang_longxuyen,78.61879826728381
2025-10-14 02:00:00+00:00,binhduong_thudaumot,68.07369828432275
2025-10-14 02:00:00+00:00,bacninh_bacninhcity,106.74570490408584
2025-10-14 02:00:00+00:00,bentre_bentrecity,68.33305455691928
2025-10-14 03:00:00+00:00,angiang_longxuyen,78.70083558580632
2025-10-14 03:00:00+00:00,bacgiang_bacgiangcity,105.68305703656857
2025-10-14 03:00:00+00:00,bienhoa_dongnai,65.3985637923717
2025-10-14 03:00:00+00:00,bentre_bentrecity,67.02584394691996
2025-10-14 03:00:00+00:00,backan_backancity,52.30314090691259
2025-10-14 03:00:00+00:00,bacninh_bacninhcity,105.7644281146032
2025-10-14 03:00:00+00:00,binhduong_thudaumot,66.49607996767506
2025-10-14 04:00:00+00:00,backan_backancity,51.006798990717
2025-10-14 04:00:00+00:00,bacninh_bacninhcity,104.56805245636099
2025-10-14 04:00:00+00:00,bentre_bentrecity,65.92815808424336
2025-10-14 04:00:00+00:00,bacgiang_bacgiangcity,104.3691791268625
2025-10-14 04:00:00+00:00,angiang_longxuyen,78.77597228448386
2025-10-14 04:00:00+00:00,bienhoa_dongnai,63.86032164823151
2025-10-14 04:00:00+00:00,binhduong_thudaumot,64.8018907765721
2025-10-14 05:00:00+00:00,binhduong_thudaumot,63.27691905521067
2025-10-14 05:00:00+00:00,backan_backancity,49.957239077665285
2025-10-14 05:00:00+00:00,bacninh_bacninhcity,103.55318790050343
2025-10-14 05:00:00+00:00,bentre_bentrecity,65.21815565791309
2025-10-14 05:00:00+00:00,bacgiang_bacgiangcity,103.10802993678038
2025-10-14 05:00:00+00:00,angiang_longxuyen,78.88547285172096
2025-10-14 05:00:00+00:00,bienhoa_dongnai,62.500151173949206
2025-10-14 06:00:00+00:00,binhduong_thudaumot,62.13412245700284
2025-10-14 06:00:00+00:00,backan_backancity,49.06122883355961
2025-10-14 06:00:00+00:00,bacgiang_bacgiangcity,101.80812077865832
2025-10-14 06:00:00+00:00,bacninh_bacninhcity,102.5735631154958
2025-10-14 06:00:00+00:00,angiang_longxuyen,79.36092381865527
2025-10-14 06:00:00+00:00,bentre_bentrecity,64.86641113702662
2025-10-14 06:00:00+00:00,bienhoa_dongnai,61.51948433443158
2025-10-14 07:00:00+00:00,bienhoa_dongnai,61.126566695264636
2025-10-14 07:00:00+00:00,backan_backancity,48.3464838626953
2025-10-14 07:00:00+00:00,angiang_longxuyen,80.59903686008094
2025-10-14 07:00:00+00:00,bacgiang_bacgiangcity,100.5711721624445
2025-10-14 07:00:00+00:00,bentre_bentrecity,64.91293593400148
2025-10-14 07:00:00+00:00,bacninh_bacninhcity,101.68692755489167
2025-10-14 07:00:00+00:00,binhduong_thudaumot,61.62157086874574
2025-10-14 08:00:00+00:00,angiang_longxuyen,82.0653968223431
2025-10-14 08:00:00+00:00,bentre_bentrecity,65.23897499332175
2025-10-14 08:00:00+00:00,binhduong_thudaumot,61.66460619717353
2025-10-14 08:00:00+00:00,bacgiang_bacgiangcity,99.41083576363769
2025-10-14 08:00:00+00:00,bacninh_bacninhcity,100.85638346079841
2025-10-14 08:00:00+00:00,bienhoa_dongnai,61.25711719869967
2025-10-14 08:00:00+00:00,backan_backancity,47.8659770822302
2025-10-14 09:00:00+00:00,binhduong_thudaumot,62.08885073601495
2025-10-14 09:00:00+00:00,bacgiang_bacgiangcity,98.38055277128149
2025-10-14 09:00:00+00:00,angiang_longxuyen,83.18734797939254
2025-10-14 09:00:00+00:00,backan_backancity,47.53304175402327
2025-10-14 09:00:00+00:00,bacninh_bacninhcity,100.07465276773955
2025-10-14 09:00:00+00:00,bienhoa_dongnai,61.72317444668992
2025-10-14 09:00:00+00:00,bentre_bentrecity,65.67855666012878
2025-10-14 10:00:00+00:00,angiang_longxuyen,83.73982396090143
2025-10-14 10:00:00+00:00,backan_backancity,47.243637763488984
2025-10-14 10:00:00+00:00,bacgiang_bacgiangcity,97.54429314960699
2025-10-14 10:00:00+00:00,binhduong_thudaumot,62.63015780759823
2025-10-14 10:00:00+00:00,bacninh_bacninhcity,99.45728115562379
2025-10-14 10:00:00+00:00,bienhoa_dongnai,62.28117179426643
2025-10-14 10:00:00+00:00,bentre_bentrecity,66.11402232039526
2025-10-14 11:00:00+00:00,bentre_bentrecity,66.39036473414862
2025-10-14 11:00:00+00:00,backan_backancity,46.96292698761435
2025-10-14 11:00:00+00:00,bienhoa_dongnai,62.65340062677337
2025-10-14 11:00:00+00:00,bacgiang_bacgiangcity,97.10816614368072
2025-10-14 11:00:00+00:00,bacninh_bacninhcity,99.18357487872325
2025-10-14 11:00:00+00:00,angiang_longxuyen,83.7103157617914
2025-10-14 11:00:00+00:00,binhduong_thudaumot,62.870469935767666
2025-10-14 12:00:00+00:00,bentre_bentrecity,66.5104598848173
2025-10-14 12:00:00+00:00,bienhoa_dongnai,62.744727241241
2025-10-14 12:00:00+00:00,bacninh_bacninhcity,99.53494032236887
2025-10-14 12:00:00+00:00,binhduong_thudaumot,62.590894760006236
2025-10-14 12:00:00+00:00,angiang_longxuyen,83.57044550570322
2025-10-14 12:00:00+00:00,bacgiang_bacgiangcity,97.41454539797611
2025-10-14 12:00:00+00:00,backan_backancity,46.674106025490666
2025-10-14 13:00:00+00:00,bienhoa_dongnai,63.010301033231265
2025-10-14 13:00:00+00:00,bacgiang_bacgiangcity,98.42181943516516
2025-10-14 13:00:00+00:00,bacninh_bacninhcity,100.46544985861084
2025-10-14 13:00:00+00:00,backan_backancity,46.75452478752999
2025-10-14 13:00:00+00:00,bentre_bentrecity,66.67546127597768
2025-10-14 13:00:00+00:00,angiang_longxuyen,83.95649298173322
2025-10-14 13:00:00+00:00,binhduong_thudaumot,62.16741598982353
2025-10-14 14:00:00+00:00,binhduong_thudaumot,61.991028140823154
2025-10-14 14:00:00+00:00,backan_backancity,46.801915425204186
2025-10-14 14:00:00+00:00,bienhoa_dongnai,63.33425598353151
2025-10-14 14:00:00+00:00,bacninh_bacninhcity,101.00969872186667
2025-10-14 14:00:00+00:00,bacgiang_bacgiangcity,99.24349682013703
2025-10-14 14:00:00+00:00,bentre_bentrecity,67.3146475052105
2025-10-14 14:00:00+00:00,angiang_longxuyen,84.91066574849492
2025-10-14 15:00:00+00:00,backan_backancity,46.75696567512962
2025-10-14 15:00:00+00:00,bacninh_bacninhcity,100.56176974158387
2025-10-14 15:00:00+00:00,bacgiang_bacgiangcity,98.96801752773408
2025-10-14 15:00:00+00:00,angiang_longxuyen,86.08039042754793
2025-10-14 15:00:00+00:00,bienhoa_dongnai,63.62125389413248
2025-10-14 15:00:00+00:00,binhduong_thudaumot,62.288311716817226
2025-10-14 15:00:00+00:00,bentre_bentrecity,68.5960786873527
2025-10-14 16:00:00+00:00,backan_backancity,46.59972639355526
2025-10-14 16:00:00+00:00,bacgiang_bacgiangcity,97.83111702187642
2025-10-14 16:00:00+00:00,angiang_longxuyen,87.32114232517534
2025-10-14 16:00:00+00:00,bienhoa_dongnai,63.955751216364845
2025-10-14 16:00:00+00:00,bentre_bentrecity,70.22669167594967
2025-10-14 16:00:00+00:00,bacninh_bacninhcity,99.32698083229032
2025-10-14 16:00:00+00:00,binhduong_thudaumot,63.03645899445944
2025-10-14 17:00:00+00:00,bacgiang_bacgiangcity,96.03889203862553
2025-10-14 17:00:00+00:00,binhduong_thudaumot,64.26334221254348
2025-10-14 17:00:00+00:00,angiang_longxuyen,88.68317065864667
2025-10-14 17:00:00+00:00,bentre_bentrecity,72.09356605054982
2025-10-14 17:00:00+00:00,backan_backancity,46.263114505594864
2025-10-14 17:00:00+00:00,bienhoa_dongnai,64.5761021471684
2025-10-14 17:00:00+00:00,bacninh_bacninhcity,97.405822814348
2025-10-14 18:00:00+00:00,bienhoa_dongnai,65.33407823958348
2025-10-14 18:00:00+00:00,backan_backancity,45.7447282822734
2025-10-14 18:00:00+00:00,bacgiang_bacgiangcity,93.80105931133856
2025-10-14 18:00:00+00:00,bacninh_bacninhcity,94.96763172111181
2025-10-14 18:00:00+00:00,binhduong_thudaumot,65.69457688854564
2025-10-14 18:00:00+00:00,bentre_bentrecity,73.94410692773639
2025-10-14 18:00:00+00:00,angiang_longxuyen,90.15873072220906
2025-10-14 19:00:00+00:00,bacninh_bacninhcity,92.17605035701669
2025-10-14 19:00:00+00:00,binhduong_thudaumot,67.35050375246288
2025-10-14 19:00:00+00:00,bentre_bentrecity,75.81604581778393
2025-10-14 19:00:00+00:00,angiang_longxuyen,91.98612667678196
2025-10-14 19:00:00+00:00,backan_backancity,45.13462385823837
2025-10-14 19:00:00+00:00,bienhoa_dongnai,66.36698268430825
2025-10-14 19:00:00+00:00,bacgiang_bacgiangcity,91.1619213850447
2025-10-14 20:00:00+00:00,angiang_longxuyen,93.99572988706562
2025-10-14 20:00:00+00:00,bienhoa_dongnai,67.54681899042285
2025-10-14 20:00:00+00:00,binhduong_thudaumot,69.03767049688884
2025-10-14 20:00:00+00:00,bacgiang_bacgiangcity,88.5547760550434
2025-10-14 20:00:00+00:00,backan_backancity,44.491034459217964
2025-10-14 20:00:00+00:00,bentre_bentrecity,77.9163186478337
2025-10-14 20:00:00+00:00,bacninh_bacninhcity,89.54248600828991
2025-10-14 21:00:00+00:00,angiang_longxuyen,96.24140739214607
2025-10-14 21:00:00+00:00,backan_backancity,43.82679541216215
2025-10-14 21:00:00+00:00,bentre_bentrecity,80.33963272694324
2025-10-14 21:00:00+00:00,bacgiang_bacgiangcity,86.11641636217355
2025-10-14 21:00:00+00:00,bienhoa_dongnai,69.07239549498632
2025-10-14 21:00:00+00:00,bacninh_bacninhcity,87.10022241809605
2025-10-14 21:00:00+00:00,binhduong_thudaumot,70.8946203356338
2025-10-14 22:00:00+00:00,backan_backancity,43.14866375529236
2025-10-14 22:00:00+00:00,bentre_bentrecity,83.17667942967007
2025-10-14 22:00:00+00:00,bienhoa_dongnai,71.04077772644833
2025-10-14 22:00:00+00:00,bacninh_bacninhcity,85.04724015367985
2025-10-14 22:00:00+00:00,angiang_longxuyen,98.80296446894403
2025-10-14 22:00:00+00:00,bacgiang_bacgiangcity,84.03943965053794
2025-10-14 22:00:00+00:00,binhduong_thudaumot,72.96905717536873
2025-10-14 23:00:00+00:00,binhduong_thudaumot,75.26370906694027
2025-10-14 23:00:00+00:00,bienhoa_dongnai,73.42962786495767
2025-10-14 23:00:00+00:00,backan_backancity,42.53594440532617
2025-10-14 23:00:00+00:00,angiang_longxuyen,101.57052854328875
2025-10-14 23:00:00+00:00,bacgiang_bacgiangcity,82.29401792559236
2025-10-14 23:00:00+00:00,bentre_bentrecity,86.52482123736706
2025-10-14 23:00:00+00:00,bacninh_bacninhcity,83.37616216526379
2025-10-15 00:00:00+00:00,binhduong_thudaumot,77.91282482832835
2025-10-15 00:00:00+00:00,bacninh_bacninhcity,82.16309759070282
2025-10-15 00:00:00+00:00,angiang_longxuyen,104.80228656773681
2025-10-15 00:00:00+00:00,bentre_bentrecity,90.44076854036156
2025-10-15 00:00:00+00:00,bienhoa_dongnai,76.38841873154439
2025-10-15 00:00:00+00:00,backan_backancity,41.99113916327924
2025-10-15 00:00:00+00:00,bacgiang_bacgiangcity,80.95600688187145
2025-10-15 01:00:00+00:00,backan_backancity,42.003117351446434
2025-10-15 01:00:00+00:00,bentre_bentrecity,93.85076465882204
2025-10-15 01:00:00+00:00,bienhoa_dongnai,78.75444809383252
2025-10-15 01:00:00+00:00,angiang_longxuyen,108.08683694457379
2025-10-15 01:00:00+00:00,bacgiang_bacgiangcity,80.1207447173845
2025-10-15 01:00:00+00:00,bacninh_bacninhcity,81.56550652270442
2025-10-15 01:00:00+00:00,binhduong_thudaumot,79.93870062260956
2025-10-15 02:00:00+00:00,bacgiang_bacgiangcity,79.19656636932153
2025-10-15 02:00:00+00:00,bentre_bentrecity,95.685998864751
2025-10-15 02:00:00+00:00,backan_backancity,42.171969340691795
2025-10-15 02:00:00+00:00,bienhoa_dongnai,79.99870033740274
2025-10-15 02:00:00+00:00,bacninh_bacninhcity,80.76333339599863
2025-10-15 02:00:00+00:00,binhduong_thudaumot,80.81145934562352
2025-10-15 02:00:00+00:00,angiang_longxuyen,110.33935089286446
2025-10-15 03:00:00+00:00,bacgiang_bacgiangcity,78.01525943930555
2025-10-15 03:00:00+00:00,bentre_bentrecity,96.10168615637926
2025-10-15 03:00:00+00:00,backan_backancity,42.44931247485142
2025-10-15 03:00:00+00:00,bienhoa_dongnai,80.22064707063802
2025-10-15 03:00:00+00:00,angiang_longxuyen,111.31515771197425
2025-10-15 03:00:00+00:00,binhduong_thudaumot,80.48733470795004
2025-10-15 03:00:00+00:00,bacninh_bacninhcity,79.59368268323652
2025-10-15 04:00:00+00:00,binhduong_thudaumot,79.6309355880994
2025-10-15 04:00:00+00:00,angiang_longxuyen,111.44903778623927
2025-10-15 04:00:00+00:00,backan_backancity,42.761915774977965
2025-10-15 04:00:00+00:00,bienhoa_dongnai,80.04005619593131
2025-10-15 04:00:00+00:00,bentre_bentrecity,95.53255579428301
2025-10-15 04:00:00+00:00,bacninh_bacninhcity,78.13938357734904
2025-10-15 04:00:00+00:00,bacgiang_bacgiangcity,76.57661508133872
2025-10-15 05:00:00+00:00,bacgiang_bacgiangcity,75.09857279607296
2025-10-15 05:00:00+00:00,bienhoa_dongnai,79.89262397433838
2025-10-15 05:00:00+00:00,angiang_longxuyen,111.3127799132698
2025-10-15 05:00:00+00:00,backan_backancity,42.82454346857716
2025-10-15 05:00:00+00:00,bentre_bentrecity,94.99717255240901
2025-10-15 05:00:00+00:00,binhduong_thudaumot,78.90345536232576
2025-10-15 05:00:00+00:00,bacninh_bacninhcity,76.69377333516292
2025-10-15 06:00:00+00:00,bacninh_bacninhcity,75.56901581001763
2025-10-15 06:00:00+00:00,bienhoa_dongnai,80.14490993971671
2025-10-15 06:00:00+00:00,bacgiang_bacgiangcity,73.94937158726502
2025-10-15 06:00:00+00:00,binhduong_thudaumot,78.78195485213001
2025-10-15 06:00:00+00:00,backan_backancity,42.6366864935293
2025-10-15 06:00:00+00:00,angiang_longxuyen,111.35335151156694
2025-10-15 06:00:00+00:00,bentre_bentrecity,95.00840998992766
2025-10-15 07:00:00+00:00,backan_backancity,42.31792223646677
2025-10-15 07:00:00+00:00,bentre_bentrecity,95.73034709484223
2025-10-15 07:00:00+00:00,bienhoa_dongnai,80.98138602156605
2025-10-15 07:00:00+00:00,bacninh_bacninhcity,74.90803127976133
2025-10-15 07:00:00+00:00,angiang_longxuyen,111.95887111330586
2025-10-15 07:00:00+00:00,bacgiang_bacgiangcity,73.29167203051624
2025-10-15 07:00:00+00:00,binhduong_thudaumot,79.45422141722742
2025-10-15 08:00:00+00:00,binhduong_thudaumot,80.64817223202868
2025-10-15 08:00:00+00:00,bentre_bentrecity,96.90121281270629
2025-10-15 08:00:00+00:00,bienhoa_dongnai,82.19696545001756
2025-10-15 08:00:00+00:00,angiang_longxuyen,113.01176168492714
2025-10-15 08:00:00+00:00,backan_backancity,42.16190557417137
2025-10-15 08:00:00+00:00,bacninh_bacninhcity,74.65345671032344
2025-10-15 08:00:00+00:00,bacgiang_bacgiangcity,73.08683326526985
2025-10-15 09:00:00+00:00,binhduong_thudaumot,81.57941653635154
2025-10-15 09:00:00+00:00,bentre_bentrecity,98.17265637009811
2025-10-15 09:00:00+00:00,bacninh_bacninhcity,74.6647169903731
2025-10-15 09:00:00+00:00,angiang_longxuyen,113.75529912226308
2025-10-15 09:00:00+00:00,backan_backancity,42.22756588569739
2025-10-15 09:00:00+00:00,bienhoa_dongnai,83.05948201722128
2025-10-15 09:00:00+00:00,bacgiang_bacgiangcity,73.17658048187889
2025-10-15 10:00:00+00:00,bentre_bentrecity,99.0611563163287
2025-10-15 10:00:00+00:00,backan_backancity,42.48274523833733
2025-10-15 10:00:00+00:00,bienhoa_dongnai,83.15049101173389
2025-10-15 10:00:00+00:00,angiang_longxuyen,113.50101824250964
2025-10-15 10:00:00+00:00,bacninh_bacninhcity,74.92555258878758
2025-10-15 10:00:00+00:00,bacgiang_bacgiangcity,73.50152745066885
2025-10-15 10:00:00+00:00,binhduong_thudaumot,81.62185578349387
2025-10-15 11:00:00+00:00,angiang_longxuyen,112.18337403453542
2025-10-15 11:00:00+00:00,bacgiang_bacgiangcity,74.05472569125355
2025-10-15 11:00:00+00:00,backan_backancity,42.92220072735401
2025-10-15 11:00:00+00:00,bienhoa_dongnai,82.47289452273354
2025-10-15 11:00:00+00:00,bentre_bentrecity,99.23492216909071
2025-10-15 11:00:00+00:00,bacninh_bacninhcity,75.46600252158811
2025-10-15 11:00:00+00:00,binhduong_thudaumot,80.82460359061193
2025-10-15 12:00:00+00:00,bentre_bentrecity,98.74575263067398
2025-10-15 12:00:00+00:00,bacgiang_bacgiangcity,74.73564196142773
2025-10-15 12:00:00+00:00,bienhoa_dongnai,81.61841852644625
2025-10-15 12:00:00+00:00,backan_backancity,43.40663642315328
2025-10-15 12:00:00+00:00,bacninh_bacninhcity,76.23863699247586
2025-10-15 12:00:00+00:00,binhduong_thudaumot,79.97222040526124
2025-10-15 12:00:00+00:00,angiang_longxuyen,110.07680754332188
2025-10-15 13:00:00+00:00,backan_backancity,43.97409275404816
2025-10-15 13:00:00+00:00,bacgiang_bacgiangcity,76.74749026618805
2025-10-15 13:00:00+00:00,bentre_bentrecity,97.99805023851673
2025-10-15 13:00:00+00:00,bacninh_bacninhcity,78.48621151536993
2025-10-15 13:00:00+00:00,bienhoa_dongnai,81.29922787547149
2025-10-15 13:00:00+00:00,angiang_longxuyen,107.54821550199385
2025-10-15 13:00:00+00:00,binhduong_thudaumot,79.84655602798377
2025-10-15 14:00:00+00:00,bentre_bentrecity,97.30933922656938
2025-10-15 14:00:00+00:00,bienhoa_dongnai,81.15728221227987
2025-10-15 14:00:00+00:00,binhduong_thudaumot,80.13887516057109
2025-10-15 14:00:00+00:00,bacgiang_bacgiangcity,79.14864926569447
2025-10-15 14:00:00+00:00,backan_backancity,44.55396236893905
2025-10-15 14:00:00+00:00,angiang_longxuyen,104.85038913096092
2025-10-15 14:00:00+00:00,bacninh_bacninhcity,81.2602563420848
2025-10-15 15:00:00+00:00,backan_backancity,45.006331502154865
2025-10-15 15:00:00+00:00,bentre_bentrecity,96.94731012802936
2025-10-15 15:00:00+00:00,bienhoa_dongnai,81.38270971214564
2025-10-15 15:00:00+00:00,angiang_longxuyen,102.16732121044127
2025-10-15 15:00:00+00:00,bacninh_bacninhcity,84.19053972996777
2025-10-15 15:00:00+00:00,binhduong_thudaumot,80.82916774585618
2025-10-15 15:00:00+00:00,bacgiang_bacgiangcity,81.67485915735975
2025-10-15 16:00:00+00:00,binhduong_thudaumot,81.74953030350045
2025-10-15 16:00:00+00:00,bacninh_bacninhcity,87.34931695557006
2025-10-15 16:00:00+00:00,bienhoa_dongnai,81.94634590166356
2025-10-15 16:00:00+00:00,bentre_bentrecity,96.83786938646871
2025-10-15 16:00:00+00:00,backan_backancity,45.32052290205658
2025-10-15 16:00:00+00:00,angiang_longxuyen,99.60890878874605
2025-10-15 16:00:00+00:00,bacgiang_bacgiangcity,84.50031490720704
2025-10-15 17:00:00+00:00,bacgiang_bacgiangcity,87.77808214007284
2025-10-15 17:00:00+00:00,binhduong_thudaumot,82.58869527757184
2025-10-15 17:00:00+00:00,bienhoa_dongnai,82.4469454075032
2025-10-15 17:00:00+00:00,backan_backancity,45.74891825510486
2025-10-15 17:00:00+00:00,angiang_longxuyen,97.29924717882008
2025-10-15 17:00:00+00:00,bacninh_bacninhcity,91.04071238905426
2025-10-15 17:00:00+00:00,bentre_bentrecity,96.89966387155573
2025-10-15 18:00:00+00:00,bacgiang_bacgiangcity,91.45135909550574
2025-10-15 18:00:00+00:00,backan_backancity,46.39917767318095
2025-10-15 18:00:00+00:00,bacninh_bacninhcity,95.04776658312284
2025-10-15 18:00:00+00:00,bentre_bentrecity,96.89438724689181
2025-10-15 18:00:00+00:00,angiang_longxuyen,95.44883574264259
2025-10-15 18:00:00+00:00,binhduong_thudaumot,83.18993244861569
2025-10-15 18:00:00+00:00,bienhoa_dongnai,82.82397769796022
2025-10-15 19:00:00+00:00,bentre_bentrecity,96.55189177558631
2025-10-15 19:00:00+00:00,bacninh_bacninhcity,98.62530940334224
2025-10-15 19:00:00+00:00,bienhoa_dongnai,83.29988986647305
2025-10-15 19:00:00+00:00,backan_backancity,47.094634845954026
2025-10-15 19:00:00+00:00,binhduong_thudaumot,83.72424753022996
2025-10-15 19:00:00+00:00,angiang_longxuyen,93.8476896190519
2025-10-15 19:00:00+00:00,bacgiang_bacgiangcity,94.77956046136828
2025-10-15 20:00:00+00:00,angiang_longxuyen,92.39721174228096
2025-10-15 20:00:00+00:00,backan_backancity,47.86275302213871
2025-10-15 20:00:00+00:00,binhduong_thudaumot,84.21013209513917
2025-10-15 20:00:00+00:00,bienhoa_dongnai,83.82965384571796
2025-10-15 20:00:00+00:00,bentre_bentrecity,95.78696502730597
2025-10-15 20:00:00+00:00,bacninh_bacninhcity,101.35697480859125
2025-10-15 20:00:00+00:00,bacgiang_bacgiangcity,97.47809331925325
2025-10-15 21:00:00+00:00,angiang_longxuyen,90.93925456821273
2025-10-15 21:00:00+00:00,bacgiang_bacgiangcity,99.64802335988647
2025-10-15 21:00:00+00:00,bentre_bentrecity,94.46097133037684
2025-10-15 21:00:00+00:00,binhduong_thudaumot,84.89368830925467
2025-10-15 21:00:00+00:00,bacninh_bacninhcity,103.1108213484571
2025-10-15 21:00:00+00:00,bienhoa_dongnai,84.66339752576235
2025-10-15 21:00:00+00:00,backan_backancity,48.56111663504825
2025-10-15 22:00:00+00:00,backan_backancity,49.37079951575934
2025-10-15 22:00:00+00:00,bienhoa_dongnai,85.53282885342547
2025-10-15 22:00:00+00:00,bentre_bentrecity,92.75121876147726
2025-10-15 22:00:00+00:00,bacninh_bacninhcity,104.30171017636309
2025-10-15 22:00:00+00:00,binhduong_thudaumot,85.65973325381506
2025-10-15 22:00:00+00:00,bacgiang_bacgiangcity,101.50862419650495
2025-10-15 22:00:00+00:00,angiang_longxuyen,89.49204534885574
2025-10-15 23:00:00+00:00,backan_backancity,50.23401658724746
2025-10-15 23:00:00+00:00,bienhoa_dongnai,86.49158644248327
2025-10-15 23:00:00+00:00,binhduong_thudaumot,86.48716151790424
2025-10-15 23:00:00+00:00,bacgiang_bacgiangcity,103.40336319572181
2025-10-15 23:00:00+00:00,angiang_longxuyen,88.11536842656788
2025-10-15 23:00:00+00:00,bentre_bentrecity,90.8702625103776
2025-10-15 23:00:00+00:00,bacninh_bacninhcity,105.53285814937416
2025-10-16 00:00:00+00:00,bacgiang_bacgiangcity,105.44388866655912
2025-10-16 00:00:00+00:00,angiang_longxuyen,86.83449851804485
2025-10-16 00:00:00+00:00,bienhoa_dongnai,87.50969980450759
2025-10-16 00:00:00+00:00,backan_backancity,51.16630947251777
2025-10-16 00:00:00+00:00,bentre_bentrecity,89.06335521838344
2025-10-16 00:00:00+00:00,binhduong_thudaumot,87.2215401880437
2025-10-16 00:00:00+00:00,bacninh_bacninhcity,106.96202720792905
2025-10-16 01:00:00+00:00,bacgiang_bacgiangcity,107.52597856998796
2025-10-16 01:00:00+00:00,binhduong_thudaumot,87.93630038726202
2025-10-16 01:00:00+00:00,bienhoa_dongnai,88.83583273210193
2025-10-16 01:00:00+00:00,bentre_bentrecity,87.55167349911308
2025-10-16 01:00:00+00:00,bacninh_bacninhcity,108.54843881127701
2025-10-16 01:00:00+00:00,angiang_longxuyen,85.50902258515202
2025-10-16 01:00:00+00:00,backan_backancity,51.977127953342055
2025-10-16 02:00:00+00:00,binhduong_thudaumot,88.6503274500088
2025-10-16 02:00:00+00:00,bacninh_bacninhcity,109.27830553767168
2025-10-16 02:00:00+00:00,bacgiang_bacgiangcity,108.56666497554595
2025-10-16 02:00:00+00:00,backan_backancity,52.73027448205731
2025-10-16 02:00:00+00:00,angiang_longxuyen,84.13177568732843
2025-10-16 02:00:00+00:00,bienhoa_dongnai,89.95167949467316
2025-10-16 02:00:00+00:00,bentre_bentrecity,86.51355007992169
2025-10-16 03:00:00+00:00,bacgiang_bacgiangcity,108.35561086638496
2025-10-16 03:00:00+00:00,angiang_longxuyen,82.71498619284282
2025-10-16 03:00:00+00:00,binhduong_thudaumot,89.1239662428161
2025-10-16 03:00:00+00:00,bienhoa_dongnai,90.47356388845827
2025-10-16 03:00:00+00:00,bacninh_bacninhcity,108.92980846327751
2025-10-16 03:00:00+00:00,backan_backancity,53.55430247224433
2025-10-16 03:00:00+00:00,bentre_bentrecity,85.90532962082543
2025-10-16 04:00:00+00:00,backan_backancity,54.38198091643508
2025-10-16 04:00:00+00:00,bienhoa_dongnai,90.52093603455974
2025-10-16 04:00:00+00:00,bentre_bentrecity,86.12764618551519
2025-10-16 04:00:00+00:00,bacgiang_bacgiangcity,107.24119856037436
2025-10-16 04:00:00+00:00,angiang_longxuyen,81.65238210684332
2025-10-16 04:00:00+00:00,bacninh_bacninhcity,107.82576421893259
2025-10-16 04:00:00+00:00,binhduong_thudaumot,89.42503080156254
2025-10-16 05:00:00+00:00,bacgiang_bacgiangcity,105.7944975873324
2025-10-16 05:00:00+00:00,angiang_longxuyen,81.12437156378853
2025-10-16 05:00:00+00:00,bentre_bentrecity,87.36401014170904
2025-10-16 05:00:00+00:00,backan_backancity,55.179163493984404
2025-10-16 05:00:00+00:00,bacninh_bacninhcity,106.48699338912063
2025-10-16 05:00:00+00:00,bienhoa_dongnai,90.50782007080021
2025-10-16 05:00:00+00:00,binhduong_thudaumot,89.80462689419085
2025-10-16 06:00:00+00:00,bienhoa_dongnai,90.59359377475263
2025-10-16 06:00:00+00:00,bacninh_bacninhcity,105.46049953756359
2025-10-16 06:00:00+00:00,bacgiang_bacgiangcity,104.65472232175333
2025-10-16 06:00:00+00:00,bentre_bentrecity,90.07886453187233
2025-10-16 06:00:00+00:00,binhduong_thudaumot,90.27568013003543
2025-10-16 06:00:00+00:00,angiang_longxuyen,81.23650881174825
2025-10-16 06:00:00+00:00,backan_backancity,55.861302383437554
2025-10-16 07:00:00+00:00,backan_backancity,56.53155880580584
2025-10-16 07:00:00+00:00,bentre_bentrecity,94.41664376733748
2025-10-16 07:00:00+00:00,binhduong_thudaumot,90.879510472219
2025-10-16 07:00:00+00:00,bienhoa_dongnai,90.87219759907623
2025-10-16 07:00:00+00:00,bacninh_bacninhcity,105.28911134753861
2025-10-16 07:00:00+00:00,angiang_longxuyen,82.0116320307768
2025-10-16 07:00:00+00:00,bacgiang_bacgiangcity,104.37739183256622
2025-10-16 08:00:00+00:00,binhduong_thudaumot,91.67968650907054
2025-10-16 08:00:00+00:00,angiang_longxuyen,83.48175557195817
2025-10-16 08:00:00+00:00,bentre_bentrecity,99.32906276583118
2025-10-16 08:00:00+00:00,bacgiang_bacgiangcity,104.89850909801817
2025-10-16 08:00:00+00:00,backan_backancity,57.37728067401743
2025-10-16 08:00:00+00:00,bienhoa_dongnai,91.53341925655924
2025-10-16 08:00:00+00:00,bacninh_bacninhcity,105.84576220949238
2025-10-16 09:00:00+00:00,angiang_longxuyen,85.32828595334266
2025-10-16 09:00:00+00:00,bacgiang_bacgiangcity,105.85707606071595
2025-10-16 09:00:00+00:00,backan_backancity,58.48280696352923
2025-10-16 09:00:00+00:00,bienhoa_dongnai,92.18913912728692
2025-10-16 09:00:00+00:00,bacninh_bacninhcity,106.72221054513467
2025-10-16 09:00:00+00:00,binhduong_thudaumot,92.29818066842464
2025-10-16 09:00:00+00:00,bentre_bentrecity,103.59001250790982
2025-10-16 10:00:00+00:00,binhduong_thudaumot,92.32980017004398
2025-10-16 10:00:00+00:00,angiang_longxuyen,86.93578882699228
2025-10-16 10:00:00+00:00,backan_backancity,59.75121137655679
2025-10-16 10:00:00+00:00,bentre_bentrecity,105.5006175484592
2025-10-16 10:00:00+00:00,bacgiang_bacgiangcity,106.72555969527696
2025-10-16 10:00:00+00:00,bacninh_bacninhcity,107.45501335256915
2025-10-16 10:00:00+00:00,bienhoa_dongnai,92.44643304565489
2025-10-16 11:00:00+00:00,backan_backancity,60.77317316118696
2025-10-16 11:00:00+00:00,bienhoa_dongnai,92.2879113191251
2025-10-16 11:00:00+00:00,bacgiang_bacgiangcity,106.99042727235008
2025-10-16 11:00:00+00:00,bentre_bentrecity,104.13825228765543
2025-10-16 11:00:00+00:00,angiang_longxuyen,88.21877112576419
2025-10-16 11:00:00+00:00,bacninh_bacninhcity,107.65417275757508
2025-10-16 11:00:00+00:00,binhduong_thudaumot,91.89074932014809
2025-10-16 12:00:00+00:00,bacninh_bacninhcity,107.7920393973716
2025-10-16 12:00:00+00:00,binhduong_thudaumot,91.50129939473678
2025-10-16 12:00:00+00:00,angiang_longxuyen,88.77237835642799
2025-10-16 12:00:00+00:00,backan_backancity,61.43898725514308
2025-10-16 12:00:00+00:00,bienhoa_dongnai,92.04500166885767
2025-10-16 12:00:00+00:00,bacgiang_bacgiangcity,106.9361988317912
2025-10-16 12:00:00+00:00,bentre_bentrecity,100.51386786631082
2025-10-16 13:00:00+00:00,backan_backancity,61.57542460514194
2025-10-16 13:00:00+00:00,bacgiang_bacgiangcity,107.67786970802155
2025-10-16 13:00:00+00:00,angiang_longxuyen,88.26425386822906
2025-10-16 13:00:00+00:00,bentre_bentrecity,96.90132702536135
2025-10-16 13:00:00+00:00,bacninh_bacninhcity,108.80948325568933
2025-10-16 13:00:00+00:00,binhduong_thudaumot,91.49844734157891
2025-10-16 13:00:00+00:00,bienhoa_dongnai,91.78205041697557
2025-10-16 14:00:00+00:00,bacgiang_bacgiangcity,109.56489445819356
2025-10-16 14:00:00+00:00,angiang_longxuyen,87.47163544592398
2025-10-16 14:00:00+00:00,binhduong_thudaumot,91.8775463372228
2025-10-16 14:00:00+00:00,bacninh_bacninhcity,111.14379793914559
2025-10-16 14:00:00+00:00,bienhoa_dongnai,91.68306502818126
2025-10-16 14:00:00+00:00,backan_backancity,61.6642537695522
2025-10-16 14:00:00+00:00,bentre_bentrecity,94.52983394720292
2025-10-16 15:00:00+00:00,bacgiang_bacgiangcity,112.55678850317588
2025-10-16 15:00:00+00:00,bacninh_bacninhcity,114.56537685243882
2025-10-16 15:00:00+00:00,bentre_bentrecity,93.33088061810989
2025-10-16 15:00:00+00:00,bienhoa_dongnai,91.31637279009595
2025-10-16 15:00:00+00:00,backan_backancity,61.82386867435187
2025-10-16 15:00:00+00:00,angiang_longxuyen,87.19926328160852
2025-10-16 15:00:00+00:00,binhduong_thudaumot,92.15957545345873
2025-10-16 16:00:00+00:00,backan_backancity,62.46574379580676
2025-10-16 16:00:00+00:00,bacgiang_bacgiangcity,116.29437262210718
2025-10-16 16:00:00+00:00,binhduong_thudaumot,92.13406360953633
2025-10-16 16:00:00+00:00,angiang_longxuyen,87.88373646018324
2025-10-16 16:00:00+00:00,bentre_bentrecity,92.83271656117203
2025-10-16 16:00:00+00:00,bacninh_bacninhcity,118.58125696539486
2025-10-16 16:00:00+00:00,bienhoa_dongnai,90.43664165642528
2025-10-16 17:00:00+00:00,bentre_bentrecity,92.51285368714176
2025-10-16 17:00:00+00:00,angiang_longxuyen,89.39767632680514
2025-10-16 17:00:00+00:00,bacninh_bacninhcity,122.41781559572473
2025-10-16 17:00:00+00:00,bacgiang_bacgiangcity,120.15792024669828
2025-10-16 17:00:00+00:00,binhduong_thudaumot,91.79322694107817
2025-10-16 17:00:00+00:00,bienhoa_dongnai,89.24958058407326
2025-10-16 17:00:00+00:00,backan_backancity,63.360892550171386
2025-10-16 18:00:00+00:00,bacninh_bacninhcity,125.4005410838544
2025-10-16 18:00:00+00:00,binhduong_thudaumot,91.14008718861535
2025-10-16 18:00:00+00:00,bienhoa_dongnai,87.78417130619705
2025-10-16 18:00:00+00:00,bacgiang_bacgiangcity,123.47143930381756
2025-10-16 18:00:00+00:00,bentre_bentrecity,92.24964899193938
2025-10-16 18:00:00+00:00,backan_backancity,64.36862235024111
2025-10-16 18:00:00+00:00,angiang_longxuyen,91.20195346451412
2025-10-16 19:00:00+00:00,binhduong_thudaumot,90.50949845295985
2025-10-16 19:00:00+00:00,bienhoa_dongnai,86.62473011705802
2025-10-16 19:00:00+00:00,bacgiang_bacgiangcity,125.93396421901961
2025-10-16 19:00:00+00:00,angiang_longxuyen,92.70770482763777
2025-10-16 19:00:00+00:00,bentre_bentrecity,91.92910084197872
2025-10-16 19:00:00+00:00,backan_backancity,65.5342179698787
2025-10-16 19:00:00+00:00,bacninh_bacninhcity,127.54233510884772
2025-10-16 20:00:00+00:00,binhduong_thudaumot,90.16789384036383
2025-10-16 20:00:00+00:00,bentre_bentrecity,91.43041575778587
2025-10-16 20:00:00+00:00,bacgiang_bacgiangcity,127.93460445522975
2025-10-16 20:00:00+00:00,backan_backancity,66.65495085860748
2025-10-16 20:00:00+00:00,bacninh_bacninhcity,129.2033003824626
2025-10-16 20:00:00+00:00,angiang_longxuyen,93.81178442351877
2025-10-16 20:00:00+00:00,bienhoa_dongnai,86.27084274921465
2025-10-16 21:00:00+00:00,bienhoa_dongnai,86.53592705839749
2025-10-16 21:00:00+00:00,angiang_longxuyen,94.23858297487531
2025-10-16 21:00:00+00:00,binhduong_thudaumot,89.84085949933517
2025-10-16 21:00:00+00:00,bentre_bentrecity,90.73768337264072
2025-10-16 21:00:00+00:00,backan_backancity,67.74239456547384
2025-10-16 21:00:00+00:00,bacninh_bacninhcity,130.7944980399275
2025-10-16 21:00:00+00:00,bacgiang_bacgiangcity,129.96359988660353
2025-10-16 22:00:00+00:00,binhduong_thudaumot,89.33884266883318
2025-10-16 22:00:00+00:00,bienhoa_dongnai,87.15920618412895
2025-10-16 22:00:00+00:00,bacgiang_bacgiangcity,131.9632829119903
2025-10-16 22:00:00+00:00,backan_backancity,68.77558182248737
2025-10-16 22:00:00+00:00,bentre_bentrecity,89.65750685385508
2025-10-16 22:00:00+00:00,bacninh_bacninhcity,132.28918274064532
2025-10-16 22:00:00+00:00,angiang_longxuyen,94.21931040513809
2025-10-16 23:00:00+00:00,bacgiang_bacgiangcity,133.89566531457638
2025-10-16 23:00:00+00:00,bentre_bentrecity,88.34418097198181
2025-10-16 23:00:00+00:00,angiang_longxuyen,93.64559413300617
2025-10-16 23:00:00+00:00,binhduong_thudaumot,88.58770410736788
2025-10-16 23:00:00+00:00,bacninh_bacninhcity,133.77007925454808
2025-10-16 23:00:00+00:00,backan_backancity,69.71598054304843
2025-10-16 23:00:00+00:00,bienhoa_dongnai,87.69992587634334
2025-10-17 00:00:00+00:00,angiang_longxuyen,93.00716605825505
2025-10-17 00:00:00+00:00,bentre_bentrecity,86.98323602712424
2025-10-17 00:00:00+00:00,backan_backancity,70.5695863476781
2025-10-17 00:00:00+00:00,bacninh_bacninhcity,135.18508920709385
2025-10-17 00:00:00+00:00,binhduong_thudaumot,87.80512769679179
2025-10-17 00:00:00+00:00,bacgiang_bacgiangcity,135.67200930007562
2025-10-17 00:00:00+00:00,bienhoa_dongnai,88.0957912897505
2025-10-17 01:00:00+00:00,bacninh_bacninhcity,136.44513107829164
2025-10-17 01:00:00+00:00,bienhoa_dongnai,88.03919184885949
2025-10-17 01:00:00+00:00,bacgiang_bacgiangcity,137.1639659499468
2025-10-17 01:00:00+00:00,binhduong_thudaumot,86.86145705559804
2025-10-17 01:00:00+00:00,angiang_longxuyen,92.21603022498665
2025-10-17 01:00:00+00:00,bentre_bentrecity,86.43244821743114
2025-10-17 01:00:00+00:00,backan_backancity,71.12936323719445
2025-10-17 02:00:00+00:00,bentre_bentrecity,86.07354201920242
2025-10-17 02:00:00+00:00,binhduong_thudaumot,85.98487601572796
2025-10-17 02:00:00+00:00,bacninh_bacninhcity,137.2241005444469
2025-10-17 02:00:00+00:00,bienhoa_dongnai,87.81776287966049
2025-10-17 02:00:00+00:00,angiang_longxuyen,91.37405997055899
2025-10-17 02:00:00+00:00,backan_backancity,71.47343266766069
2025-10-17 02:00:00+00:00,bacgiang_bacgiangcity,138.11114781447904
2025-10-17 03:00:00+00:00,binhduong_thudaumot,85.17358110497113
2025-10-17 03:00:00+00:00,backan_backancity,72.06729496440616
2025-10-17 03:00:00+00:00,bienhoa_dongnai,87.51250834808258
2025-10-17 03:00:00+00:00,bacgiang_bacgiangcity,137.78620954760567
2025-10-17 03:00:00+00:00,bentre_bentrecity,85.53811961870383
2025-10-17 03:00:00+00:00,angiang_longxuyen,90.61683441844862
2025-10-17 03:00:00+00:00,bacninh_bacninhcity,136.77520782690328
2025-10-17 04:00:00+00:00,bacninh_bacninhcity,135.8513253440039
2025-10-17 04:00:00+00:00,backan_backancity,73.07445913989844
2025-10-17 04:00:00+00:00,bienhoa_dongnai,87.47591461340033
2025-10-17 04:00:00+00:00,bentre_bentrecity,85.02022070271063
2025-10-17 04:00:00+00:00,angiang_longxuyen,89.89084765910738
2025-10-17 04:00:00+00:00,bacgiang_bacgiangcity,137.07739928384638
2025-10-17 04:00:00+00:00,binhduong_thudaumot,84.78535053562005
2025-10-17 05:00:00+00:00,angiang_longxuyen,89.40098414284368
2025-10-17 05:00:00+00:00,binhduong_thudaumot,85.01611557356578
2025-10-17 05:00:00+00:00,backan_backancity,74.16425236424038
2025-10-17 05:00:00+00:00,bentre_bentrecity,84.76963052332508
2025-10-17 05:00:00+00:00,bacninh_bacninhcity,134.93947761172947
2025-10-17 05:00:00+00:00,bacgiang_bacgiangcity,136.4288454414192
2025-10-17 05:00:00+00:00,bienhoa_dongnai,87.75556157997353
2025-10-17 06:00:00+00:00,binhduong_thudaumot,85.8394278311144
2025-10-17 06:00:00+00:00,backan_backancity,75.15111931931858
2025-10-17 06:00:00+00:00,bacninh_bacninhcity,134.57552865284484
2025-10-17 06:00:00+00:00,bacgiang_bacgiangcity,136.2935262877004
2025-10-17 06:00:00+00:00,angiang_longxuyen,89.4775642719333
2025-10-17 06:00:00+00:00,bentre_bentrecity,85.24610722867581
2025-10-17 06:00:00+00:00,bienhoa_dongnai,88.36274216003895
2025-10-17 07:00:00+00:00,bienhoa_dongnai,89.46203026310515
2025-10-17 07:00:00+00:00,angiang_longxuyen,90.18783863315657
2025-10-17 07:00:00+00:00,bacgiang_bacgiangcity,136.90549727284105
2025-10-17 07:00:00+00:00,bentre_bentrecity,86.72172167921678
2025-10-17 07:00:00+00:00,bacninh_bacninhcity,135.06500275834173
2025-10-17 07:00:00+00:00,binhduong_thudaumot,87.2259150766024
2025-10-17 07:00:00+00:00,backan_backancity,76.05393881314517
2025-10-17 08:00:00+00:00,angiang_longxuyen,91.30530503995055
2025-10-17 08:00:00+00:00,binhduong_thudaumot,88.6361172202398
2025-10-17 08:00:00+00:00,backan_backancity,76.78854590859476
2025-10-17 08:00:00+00:00,bacninh_bacninhcity,136.63931434669044
2025-10-17 08:00:00+00:00,bentre_bentrecity,88.96496699861419
2025-10-17 08:00:00+00:00,bacgiang_bacgiangcity,138.35832140386884
2025-10-17 08:00:00+00:00,bienhoa_dongnai,90.68512814747852
2025-10-17 09:00:00+00:00,bacninh_bacninhcity,138.70987883354894
2025-10-17 09:00:00+00:00,bentre_bentrecity,91.48827697658042
2025-10-17 09:00:00+00:00,bienhoa_dongnai,91.01738146297379
2025-10-17 09:00:00+00:00,angiang_longxuyen,92.36007305007314
2025-10-17 09:00:00+00:00,bacgiang_bacgiangcity,140.2211015267199
2025-10-17 09:00:00+00:00,binhduong_thudaumot,88.9191274775697
2025-10-17 09:00:00+00:00,backan_backancity,77.49842215713466
2025-10-17 10:00:00+00:00,binhduong_thudaumot,88.04339052360751
2025-10-17 10:00:00+00:00,bentre_bentrecity,93.61258558795335
2025-10-17 10:00:00+00:00,bacninh_bacninhcity,140.72625648588718
2025-10-17 10:00:00+00:00,bienhoa_dongnai,90.47153416641686
2025-10-17 10:00:00+00:00,angiang_longxuyen,93.00800905642338
2025-10-17 10:00:00+00:00,backan_backancity,78.04481114799846
2025-10-17 10:00:00+00:00,bacgiang_bacgiangcity,141.895419891321
2025-10-17 11:00:00+00:00,backan_backancity,78.14966924274215
2025-10-17 11:00:00+00:00,angiang_longxuyen,92.89189176936961
2025-10-17 11:00:00+00:00,bentre_bentrecity,94.05046494233017
2025-10-17 11:00:00+00:00,bacgiang_bacgiangcity,142.04857797402113
2025-10-17 11:00:00+00:00,bacninh_bacninhcity,140.98680492105467
2025-10-17 11:00:00+00:00,binhduong_thudaumot,86.50847251159945
2025-10-17 11:00:00+00:00,bienhoa_dongnai,89.47118576708293
2025-10-17 12:00:00+00:00,bacninh_bacninhcity,140.40804480052725
2025-10-17 12:00:00+00:00,angiang_longxuyen,91.69905044893181
2025-10-17 12:00:00+00:00,bentre_bentrecity,91.80835631078554
2025-10-17 12:00:00+00:00,bienhoa_dongnai,88.32943557434338
2025-10-17 12:00:00+00:00,binhduong_thudaumot,84.89597256235594
2025-10-17 12:00:00+00:00,bacgiang_bacgiangcity,141.54718224281478
2025-10-17 12:00:00+00:00,backan_backancity,77.73665017628409
2025-10-17 13:00:00+00:00,bacgiang_bacgiangcity,140.6863364435937
2025-10-17 13:00:00+00:00,binhduong_thudaumot,83.90653092771075
2025-10-17 13:00:00+00:00,bienhoa_dongnai,87.5245518006241
2025-10-17 13:00:00+00:00,backan_backancity,77.17267896297798
2025-10-17 13:00:00+00:00,bacninh_bacninhcity,139.67334198399533
2025-10-17 13:00:00+00:00,angiang_longxuyen,90.06657198696882
2025-10-17 13:00:00+00:00,bentre_bentrecity,88.31747043905105
2025-10-17 14:00:00+00:00,bienhoa_dongnai,87.20783684491526
2025-10-17 14:00:00+00:00,binhduong_thudaumot,83.75045335199931
2025-10-17 14:00:00+00:00,backan_backancity,76.70408510630577
2025-10-17 14:00:00+00:00,angiang_longxuyen,88.61194112051186
2025-10-17 14:00:00+00:00,bacgiang_bacgiangcity,141.2082208373788
2025-10-17 14:00:00+00:00,bacninh_bacninhcity,140.46909309626787
2025-10-17 14:00:00+00:00,bentre_bentrecity,85.68534299429894
2025-10-17 15:00:00+00:00,bacgiang_bacgiangcity,143.9641917833648
2025-10-17 15:00:00+00:00,bentre_bentrecity,84.53817259527196
2025-10-17 15:00:00+00:00,binhduong_thudaumot,84.34138745381688
2025-10-17 15:00:00+00:00,bacninh_bacninhcity,143.51982406244085
2025-10-17 15:00:00+00:00,bienhoa_dongnai,87.3686395613276
2025-10-17 15:00:00+00:00,angiang_longxuyen,87.99759668762506
2025-10-17 15:00:00+00:00,backan_backancity,76.38935418757633
2025-10-17 16:00:00+00:00,angiang_longxuyen,88.20422369672787
2025-10-17 16:00:00+00:00,bacgiang_bacgiangcity,148.24220190482606
2025-10-17 16:00:00+00:00,backan_backancity,76.35212738846317
2025-10-17 16:00:00+00:00,bentre_bentrecity,84.76219908656897
2025-10-17 16:00:00+00:00,bienhoa_dongnai,87.85529642133295
2025-10-17 16:00:00+00:00,bacninh_bacninhcity,148.17196438518096
2025-10-17 16:00:00+00:00,binhduong_thudaumot,85.41520069610615
2025-10-17 17:00:00+00:00,bentre_bentrecity,85.77903870555446
2025-10-17 17:00:00+00:00,angiang_longxuyen,89.14707200680516
2025-10-17 17:00:00+00:00,backan_backancity,76.38807065488133
2025-10-17 17:00:00+00:00,binhduong_thudaumot,86.67497498336922
2025-10-17 17:00:00+00:00,bacgiang_bacgiangcity,152.72615593493887
2025-10-17 17:00:00+00:00,bienhoa_dongnai,88.65140213670597
2025-10-17 17:00:00+00:00,bacninh_bacninhcity,153.07423259798847
2025-10-17 18:00:00+00:00,bentre_bentrecity,87.03842358205074
2025-10-17 18:00:00+00:00,angiang_longxuyen,90.55704572513243
2025-10-17 18:00:00+00:00,binhduong_thudaumot,87.87530647850002
2025-10-17 18:00:00+00:00,bacgiang_bacgiangcity,156.39809932165647
2025-10-17 18:00:00+00:00,bienhoa_dongnai,89.44700422865712
2025-10-17 18:00:00+00:00,backan_backancity,76.5581626672388
2025-10-17 18:00:00+00:00,bacninh_bacninhcity,157.17374030472132
2025-10-17 19:00:00+00:00,bacgiang_bacgiangcity,159.0903417815964
2025-10-17 19:00:00+00:00,angiang_longxuyen,92.29620207014312
2025-10-17 19:00:00+00:00,bentre_bentrecity,88.43791801734108
2025-10-17 19:00:00+00:00,bienhoa_dongnai,90.38462812556995
2025-10-17 19:00:00+00:00,backan_backancity,76.89570130931457
2025-10-17 19:00:00+00:00,bacninh_bacninhcity,160.15395528991874
2025-10-17 19:00:00+00:00,binhduong_thudaumot,88.99650709524477
2025-10-17 20:00:00+00:00,bentre_bentrecity,89.79038185675554
2025-10-17 20:00:00+00:00,angiang_longxuyen,94.03480801893036
2025-10-17 20:00:00+00:00,binhduong_thudaumot,89.89058768934966
2025-10-17 20:00:00+00:00,bacninh_bacninhcity,162.08234351279634
2025-10-17 20:00:00+00:00,bacgiang_bacgiangcity,160.91507277421783
2025-10-17 20:00:00+00:00,backan_backancity,77.15634546556439
2025-10-17 20:00:00+00:00,bienhoa_dongnai,91.14458607948526
2025-10-17 21:00:00+00:00,binhduong_thudaumot,90.54091454727921
2025-10-17 21:00:00+00:00,bentre_bentrecity,90.52975433927018
2025-10-17 21:00:00+00:00,bacgiang_bacgiangcity,162.00803349619355
2025-10-17 21:00:00+00:00,bacninh_bacninhcity,163.14184536553643
2025-10-17 21:00:00+00:00,backan_backancity,77.34137431772497
2025-10-17 21:00:00+00:00,angiang_longxuyen,95.49029602417008
2025-10-17 21:00:00+00:00,bienhoa_dongnai,91.73894438547559
2025-10-17 22:00:00+00:00,backan_backancity,77.6439530099557
2025-10-17 22:00:00+00:00,bacgiang_bacgiangcity,162.66904848315787
2025-10-17 22:00:00+00:00,bienhoa_dongnai,92.12541390445955
2025-10-17 22:00:00+00:00,angiang_longxuyen,96.38569060767799
2025-10-17 22:00:00+00:00,bacninh_bacninhcity,163.6905447152512
2025-10-17 22:00:00+00:00,bentre_bentrecity,90.57171715647996
2025-10-17 22:00:00+00:00,binhduong_thudaumot,90.91841456575222
2025-10-17 23:00:00+00:00,bienhoa_dongnai,92.38720671369744
2025-10-17 23:00:00+00:00,backan_backancity,78.1660201439889
2025-10-17 23:00:00+00:00,bacninh_bacninhcity,164.08155663468796
2025-10-17 23:00:00+00:00,bentre_bentrecity,90.4535734106035
2025-10-17 23:00:00+00:00,binhduong_thudaumot,91.07276481102326
2025-10-17 23:00:00+00:00,bacgiang_bacgiangcity,163.2073707973555
2025-10-17 23:00:00+00:00,angiang_longxuyen,96.7670597158087
2025-10-18 00:00:00+00:00,bacgiang_bacgiangcity,163.58147924384292
2025-10-18 00:00:00+00:00,bienhoa_dongnai,92.9944786638869
2025-10-18 00:00:00+00:00,backan_backancity,79.18883471644355
2025-10-18 00:00:00+00:00,angiang_longxuyen,96.87842901963056
2025-10-18 00:00:00+00:00,bacninh_bacninhcity,164.35401364269003
2025-10-18 00:00:00+00:00,bentre_bentrecity,90.98828660490113
2025-10-18 00:00:00+00:00,binhduong_thudaumot,91.44353389702455
2025-10-18 01:00:00+00:00,backan_backancity,81.1573474766542
2025-10-18 01:00:00+00:00,bienhoa_dongnai,93.00607614320388
2025-10-18 01:00:00+00:00,bacninh_bacninhcity,164.993987395373
2025-10-18 01:00:00+00:00,bentre_bentrecity,90.9671822817246
2025-10-18 01:00:00+00:00,binhduong_thudaumot,91.508415387017
2025-10-18 01:00:00+00:00,bacgiang_bacgiangcity,164.27801980522972
2025-10-18 01:00:00+00:00,angiang_longxuyen,96.92917207066576
2025-10-18 02:00:00+00:00,bacgiang_bacgiangcity,164.5607320219169
2025-10-18 02:00:00+00:00,backan_backancity,82.85945541184154
2025-10-18 02:00:00+00:00,bentre_bentrecity,90.45993668709987
2025-10-18 02:00:00+00:00,bacninh_bacninhcity,165.1771018258868
2025-10-18 02:00:00+00:00,binhduong_thudaumot,91.13054336161036
2025-10-18 02:00:00+00:00,angiang_longxuyen,96.6689260270993
2025-10-18 02:00:00+00:00,bienhoa_dongnai,92.38490288128388
2025-10-18 03:00:00+00:00,backan_backancity,84.57759662832062
2025-10-18 03:00:00+00:00,bentre_bentrecity,89.29696904626832
2025-10-18 03:00:00+00:00,binhduong_thudaumot,90.30490660459631
2025-10-18 03:00:00+00:00,angiang_longxuyen,96.09922895268603
2025-10-18 03:00:00+00:00,bienhoa_dongnai,91.14661797700582
2025-10-18 03:00:00+00:00,bacninh_bacninhcity,164.44568398286242
2025-10-18 03:00:00+00:00,bacgiang_bacgiangcity,164.04896360615166
2025-10-18 04:00:00+00:00,bentre_bentrecity,87.88529845420868
2025-10-18 04:00:00+00:00,angiang_longxuyen,95.15829288877637
2025-10-18 04:00:00+00:00,backan_backancity,86.31001225120345
2025-10-18 04:00:00+00:00,bacgiang_bacgiangcity,162.9364279228377
2025-10-18 04:00:00+00:00,binhduong_thudaumot,89.24676768954
2025-10-18 04:00:00+00:00,bienhoa_dongnai,89.63643842608444
2025-10-18 04:00:00+00:00,bacninh_bacninhcity,163.1455828387059
2025-10-18 05:00:00+00:00,angiang_longxuyen,94.24689765616391
2025-10-18 05:00:00+00:00,bacgiang_bacgiangcity,161.91017609333545
2025-10-18 05:00:00+00:00,binhduong_thudaumot,88.2062991038313
2025-10-18 05:00:00+00:00,bienhoa_dongnai,88.27634518131174
2025-10-18 05:00:00+00:00,bentre_bentrecity,86.51845578539155
2025-10-18 05:00:00+00:00,backan_backancity,87.74556742878572
2025-10-18 05:00:00+00:00,bacninh_bacninhcity,161.88792529264998
2025-10-18 06:00:00+00:00,binhduong_thudaumot,87.3314693246722
2025-10-18 06:00:00+00:00,bentre_bentrecity,85.43719261477345
2025-10-18 06:00:00+00:00,bacninh_bacninhcity,161.1920678317144
2025-10-18 06:00:00+00:00,bacgiang_bacgiangcity,161.2618049911564
2025-10-18 06:00:00+00:00,angiang_longxuyen,93.28954325115403
2025-10-18 06:00:00+00:00,backan_backancity,88.57568893605524
2025-10-18 06:00:00+00:00,bienhoa_dongnai,87.15608219607809
2025-10-18 07:00:00+00:00,backan_backancity,88.80297429511005
2025-10-18 07:00:00+00:00,bacninh_bacninhcity,161.0787601759752
2025-10-18 07:00:00+00:00,bacgiang_bacgiangcity,161.14345892571953
2025-10-18 07:00:00+00:00,binhduong_thudaumot,86.60933207567636
2025-10-18 07:00:00+00:00,angiang_longxuyen,92.47321210617869
2025-10-18 07:00:00+00:00,bentre_bentrecity,84.44256898880711
2025-10-18 07:00:00+00:00,bienhoa_dongnai,86.34053639907376
2025-10-18 08:00:00+00:00,bentre_bentrecity,83.64705282828214
2025-10-18 08:00:00+00:00,backan_backancity,88.71124521700077
2025-10-18 08:00:00+00:00,bacninh_bacninhcity,161.63996417981005
2025-10-18 08:00:00+00:00,angiang_longxuyen,91.62476001164131
2025-10-18 08:00:00+00:00,bienhoa_dongnai,85.99503767880988
2025-10-18 08:00:00+00:00,binhduong_thudaumot,86.18333410064484
2025-10-18 08:00:00+00:00,bacgiang_bacgiangcity,161.51646657976005
2025-10-18 09:00:00+00:00,bienhoa_dongnai,85.87854294612461
2025-10-18 09:00:00+00:00,backan_backancity,88.32373146802766
2025-10-18 09:00:00+00:00,bacninh_bacninhcity,162.46806466695475
2025-10-18 09:00:00+00:00,bacgiang_bacgiangcity,162.17594132749036
2025-10-18 09:00:00+00:00,bentre_bentrecity,83.15081298264721
2025-10-18 09:00:00+00:00,binhduong_thudaumot,85.84187959610976
2025-10-18 09:00:00+00:00,angiang_longxuyen,90.9951752596108
2025-10-18 10:00:00+00:00,binhduong_thudaumot,85.53398403285097
2025-10-18 10:00:00+00:00,bentre_bentrecity,82.77418968226925
2025-10-18 10:00:00+00:00,angiang_longxuyen,90.36330842995817
2025-10-18 10:00:00+00:00,bacninh_bacninhcity,163.10539303699855
2025-10-18 10:00:00+00:00,backan_backancity,87.60431139248276
2025-10-18 10:00:00+00:00,bacgiang_bacgiangcity,162.53885475830245
2025-10-18 10:00:00+00:00,bienhoa_dongnai,85.82522630326199
2025-10-18 11:00:00+00:00,backan_backancity,86.64929562755275
2025-10-18 11:00:00+00:00,bienhoa_dongnai,85.79611186587704
2025-10-18 11:00:00+00:00,angiang_longxuyen,89.59865144109169
2025-10-18 11:00:00+00:00,bacgiang_bacgiangcity,162.07648712294053
2025-10-18 11:00:00+00:00,bentre_bentrecity,82.3410952942698
2025-10-18 11:00:00+00:00,bacninh_bacninhcity,162.6759926125857
2025-10-18 11:00:00+00:00,binhduong_thudaumot,85.20787753367723
2025-10-18 12:00:00+00:00,bacninh_bacninhcity,161.3523745388819
2025-10-18 12:00:00+00:00,bacgiang_bacgiangcity,160.86917451523647
2025-10-18 12:00:00+00:00,bentre_bentrecity,81.74507927317171
2025-10-18 12:00:00+00:00,bienhoa_dongnai,85.66049249603634
2025-10-18 12:00:00+00:00,angiang_longxuyen,88.6713860881233
2025-10-18 12:00:00+00:00,backan_backancity,85.36144895741472
2025-10-18 12:00:00+00:00,binhduong_thudaumot,84.80004372175904
2025-10-18 13:00:00+00:00,angiang_longxuyen,87.21846188505486
2025-10-18 13:00:00+00:00,bienhoa_dongnai,85.32968913739059
2025-10-18 13:00:00+00:00,bentre_bentrecity,81.04168160152281
2025-10-18 13:00:00+00:00,backan_backancity,84.18256877438392
2025-10-18 13:00:00+00:00,binhduong_thudaumot,84.29053780430363
2025-10-18 13:00:00+00:00,bacgiang_bacgiangcity,159.6566842671695
2025-10-18 13:00:00+00:00,bacninh_bacninhcity,159.90460622138488
2025-10-18 14:00:00+00:00,bienhoa_dongnai,84.67275643704009
2025-10-18 14:00:00+00:00,binhduong_thudaumot,83.78078823318408
2025-10-18 14:00:00+00:00,bacgiang_bacgiangcity,158.73674375247919
2025-10-18 14:00:00+00:00,angiang_longxuyen,85.45604749251501
2025-10-18 14:00:00+00:00,backan_backancity,83.00318931888958
2025-10-18 14:00:00+00:00,bentre_bentrecity,80.31715132546852
2025-10-18 14:00:00+00:00,bacninh_bacninhcity,158.84396876853162
2025-10-18 15:00:00+00:00,backan_backancity,81.76712557881761
2025-10-18 15:00:00+00:00,bacninh_bacninhcity,158.67164471457232
2025-10-18 15:00:00+00:00,bacgiang_bacgiangcity,158.42311797715493
2025-10-18 15:00:00+00:00,bienhoa_dongnai,83.66707158736578
2025-10-18 15:00:00+00:00,binhduong_thudaumot,83.19413547432201
2025-10-18 15:00:00+00:00,angiang_longxuyen,83.59703421180191
2025-10-18 15:00:00+00:00,bentre_bentrecity,79.6804538443765
2025-10-18 16:00:00+00:00,angiang_longxuyen,81.92206755441585
2025-10-18 16:00:00+00:00,binhduong_thudaumot,82.59446464826189
2025-10-18 16:00:00+00:00,bacninh_bacninhcity,159.09966588520786
2025-10-18 16:00:00+00:00,bacgiang_bacgiangcity,158.70145312980424
2025-10-18 16:00:00+00:00,bienhoa_dongnai,82.5914929437511
2025-10-18 16:00:00+00:00,backan_backancity,80.84157232793561
2025-10-18 16:00:00+00:00,bentre_bentrecity,78.8659065922993
2025-10-18 17:00:00+00:00,backan_backancity,79.97316021225147
2025-10-18 17:00:00+00:00,binhduong_thudaumot,81.86305985811236
2025-10-18 17:00:00+00:00,angiang_longxuyen,80.46800340027592
2025-10-18 17:00:00+00:00,bacgiang_bacgiangcity,159.20804825616491
2025-10-18 17:00:00+00:00,bacninh_bacninhcity,159.5890747263304
2025-10-18 17:00:00+00:00,bentre_bentrecity,77.99602820367207
2025-10-18 17:00:00+00:00,bienhoa_dongnai,81.54326442393555
2025-10-18 18:00:00+00:00,bentre_bentrecity,77.10292004874456
2025-10-18 18:00:00+00:00,bacgiang_bacgiangcity,159.64950518599412
2025-10-18 18:00:00+00:00,bienhoa_dongnai,80.46628042079382
2025-10-18 18:00:00+00:00,backan_backancity,79.17266655544489
2025-10-18 18:00:00+00:00,binhduong_thudaumot,81.03644304774392
2025-10-18 18:00:00+00:00,angiang_longxuyen,79.27091989550722
2025-10-18 18:00:00+00:00,bacninh_bacninhcity,159.92585630166406
2025-10-18 19:00:00+00:00,binhduong_thudaumot,80.18831945055729
2025-10-18 19:00:00+00:00,bacgiang_bacgiangcity,159.96190399108113
2025-10-18 19:00:00+00:00,bienhoa_dongnai,79.40285835463617
2025-10-18 19:00:00+00:00,backan_backancity,78.27401527965833
2025-10-18 19:00:00+00:00,bacninh_bacninhcity,160.04851416676445
2025-10-18 19:00:00+00:00,angiang_longxuyen,78.21025198594593
2025-10-18 19:00:00+00:00,bentre_bentrecity,76.48058508096163
2025-10-18 20:00:00+00:00,bentre_bentrecity,76.00367219204253
2025-10-18 20:00:00+00:00,bacgiang_bacgiangcity,160.2784927689996
2025-10-18 20:00:00+00:00,bienhoa_dongnai,78.18860161750425
2025-10-18 20:00:00+00:00,backan_backancity,77.0669419746601
2025-10-18 20:00:00+00:00,binhduong_thudaumot,79.14809669399187
2025-10-18 20:00:00+00:00,bacninh_bacninhcity,160.04034306709934
2025-10-18 20:00:00+00:00,angiang_longxuyen,77.24995633313328
2025-10-18 21:00:00+00:00,bienhoa_dongnai,76.84162759970981
2025-10-18 21:00:00+00:00,bacninh_bacninhcity,159.8844525825943
2025-10-18 21:00:00+00:00,binhduong_thudaumot,77.96760774413406
2025-10-18 21:00:00+00:00,angiang_longxuyen,76.43097545456048
2025-10-18 21:00:00+00:00,bacgiang_bacgiangcity,160.55064085896322
2025-10-18 21:00:00+00:00,bentre_bentrecity,75.83981510291193
2025-10-18 21:00:00+00:00,backan_backancity,75.66130833722524
2025-10-18 22:00:00+00:00,bacninh_bacninhcity,159.2414114043182
2025-10-18 22:00:00+00:00,bacgiang_bacgiangcity,160.41713605485052
2025-10-18 22:00:00+00:00,bentre_bentrecity,76.01792158043611
2025-10-18 22:00:00+00:00,backan_backancity,74.18316597991884
2025-10-18 22:00:00+00:00,bienhoa_dongnai,75.57796138025802
2025-10-18 22:00:00+00:00,angiang_longxuyen,75.90006282232753
2025-10-18 22:00:00+00:00,binhduong_thudaumot,76.78884177375835
2025-10-18 23:00:00+00:00,angiang_longxuyen,75.6568529559382
2025-10-18 23:00:00+00:00,bentre_bentrecity,76.38791402038296
2025-10-18 23:00:00+00:00,bacgiang_bacgiangcity,159.5412185361194
2025-10-18 23:00:00+00:00,backan_backancity,72.74999947843676
2025-10-18 23:00:00+00:00,binhduong_thudaumot,75.67426114004897
2025-10-18 23:00:00+00:00,bacninh_bacninhcity,157.8934758247421
2025-10-18 23:00:00+00:00,bienhoa_dongnai,74.5070078053036
2025-10-19 00:00:00+00:00,backan_backancity,71.58431248867512
2025-10-19 00:00:00+00:00,angiang_longxuyen,75.72386206453353
2025-10-19 00:00:00+00:00,bacninh_bacninhcity,156.25188101742592
2025-10-19 00:00:00+00:00,bacgiang_bacgiangcity,158.22960475633252
2025-10-19 00:00:00+00:00,bentre_bentrecity,77.0239806125232
2025-10-19 00:00:00+00:00,bienhoa_dongnai,73.88475115476986
2025-10-19 00:00:00+00:00,binhduong_thudaumot,74.87668697625372
2025-10-19 01:00:00+00:00,bacgiang_bacgiangcity,156.72621813903845
2025-10-19 01:00:00+00:00,angiang_longxuyen,76.05494823546802
2025-10-19 01:00:00+00:00,bentre_bentrecity,77.83539952559126
2025-10-19 01:00:00+00:00,binhduong_thudaumot,74.00301890295754
2025-10-19 01:00:00+00:00,backan_backancity,70.30851144655776
2025-10-19 01:00:00+00:00,bienhoa_dongnai,73.12747556663918
2025-10-19 01:00:00+00:00,bacninh_bacninhcity,154.49248401445888
2025-10-19 02:00:00+00:00,bienhoa_dongnai,72.36487440556382
2025-10-19 02:00:00+00:00,bacgiang_bacgiangcity,155.26363915952868
2025-10-19 02:00:00+00:00,bacninh_bacninhcity,152.88387382192494
2025-10-19 02:00:00+00:00,bentre_bentrecity,78.39857016257234
2025-10-19 02:00:00+00:00,angiang_longxuyen,76.43803270890382
2025-10-19 02:00:00+00:00,backan_backancity,69.08652740750614
2025-10-19 02:00:00+00:00,binhduong_thudaumot,73.10327988759894
2025-10-19 03:00:00+00:00,backan_backancity,67.87687833520135
2025-10-19 03:00:00+00:00,bentre_bentrecity,78.5542343972464
2025-10-19 03:00:00+00:00,bacgiang_bacgiangcity,153.73156232328276
2025-10-19 03:00:00+00:00,bienhoa_dongnai,71.60744218293478
2025-10-19 03:00:00+00:00,angiang_longxuyen,76.69891616785948
2025-10-19 03:00:00+00:00,bacninh_bacninhcity,151.43727156124913
2025-10-19 03:00:00+00:00,binhduong_thudaumot,72.29205241669557
2025-10-19 04:00:00+00:00,bentre_bentrecity,78.20100619958367
2025-10-19 04:00:00+00:00,angiang_longxuyen,76.889501193754
2025-10-19 04:00:00+00:00,bienhoa_dongnai,70.85519630258514
2025-10-19 04:00:00+00:00,bacgiang_bacgiangcity,152.04881180151926
2025-10-19 04:00:00+00:00,bacninh_bacninhcity,149.95831992570118
2025-10-19 04:00:00+00:00,backan_backancity,66.5909221564395
2025-10-19 04:00:00+00:00,binhduong_thudaumot,71.51674645741892
2025-10-19 05:00:00+00:00,binhduong_thudaumot,71.24120026903228
2025-10-19 05:00:00+00:00,angiang_longxuyen,76.93025226908053
2025-10-19 05:00:00+00:00,bienhoa_dongnai,70.46665137649777
2025-10-19 05:00:00+00:00,bacgiang_bacgiangcity,150.42254106929383
2025-10-19 05:00:00+00:00,backan_backancity,65.40844481864401
2025-10-19 05:00:00+00:00,bentre_bentrecity,78.07388860223797
2025-10-19 05:00:00+00:00,bacninh_bacninhcity,148.47651406151618
2025-10-19 06:00:00+00:00,angiang_longxuyen,76.94901795217719
2025-10-19 06:00:00+00:00,binhduong_thudaumot,71.63250805363263
2025-10-19 06:00:00+00:00,bacninh_bacninhcity,147.53203414208085
2025-10-19 06:00:00+00:00,bienhoa_dongnai,70.77287182081564
2025-10-19 06:00:00+00:00,bentre_bentrecity,78.67008736358417
2025-10-19 06:00:00+00:00,backan_backancity,64.37211616974648
2025-10-19 06:00:00+00:00,bacgiang_bacgiangcity,149.2854181206937
2025-10-19 07:00:00+00:00,backan_backancity,63.547696593313525
2025-10-19 07:00:00+00:00,bacgiang_bacgiangcity,148.66496276689122
2025-10-19 07:00:00+00:00,angiang_longxuyen,77.05542933902973
2025-10-19 07:00:00+00:00,bentre_bentrecity,80.56518205364108
2025-10-19 07:00:00+00:00,bienhoa_dongnai,71.99288922672102
2025-10-19 07:00:00+00:00,binhduong_thudaumot,72.87292710295101
2025-10-19 07:00:00+00:00,bacninh_bacninhcity,147.17970224182548
2025-10-19 08:00:00+00:00,bacninh_bacninhcity,147.4788828356332
2025-10-19 08:00:00+00:00,angiang_longxuyen,77.15068486883155
2025-10-19 08:00:00+00:00,bacgiang_bacgiangcity,148.651640132613
2025-10-19 08:00:00+00:00,bienhoa_dongnai,74.63664895845643
2025-10-19 08:00:00+00:00,bentre_bentrecity,84.17641651936452
2025-10-19 08:00:00+00:00,backan_backancity,62.93155303917458
2025-10-19 08:00:00+00:00,binhduong_thudaumot,75.25877508024153
2025-10-19 09:00:00+00:00,angiang_longxuyen,77.07220228323044
2025-10-19 09:00:00+00:00,binhduong_thudaumot,78.68345350744528
2025-10-19 09:00:00+00:00,bienhoa_dongnai,78.64201498070922
2025-10-19 09:00:00+00:00,bentre_bentrecity,89.46397622919952
2025-10-19 09:00:00+00:00,backan_backancity,62.591921586162236
2025-10-19 09:00:00+00:00,bacgiang_bacgiangcity,148.97431590117657
2025-10-19 09:00:00+00:00,bacninh_bacninhcity,148.12319449372941
2025-10-19 10:00:00+00:00,binhduong_thudaumot,82.46153852160154
2025-10-19 10:00:00+00:00,angiang_longxuyen,76.7269276373184
2025-10-19 10:00:00+00:00,backan_backancity,62.47545513470584
2025-10-19 10:00:00+00:00,bentre_bentrecity,96.30572760851935
2025-10-19 10:00:00+00:00,bienhoa_dongnai,83.3386569048202
2025-10-19 10:00:00+00:00,bacgiang_bacgiangcity,149.25782434323042
2025-10-19 10:00:00+00:00,bacninh_bacninhcity,148.82325062941302
2025-10-19 11:00:00+00:00,angiang_longxuyen,76.41469851960463
2025-10-19 11:00:00+00:00,bienhoa_dongnai,88.02034349755534
2025-10-19 11:00:00+00:00,backan_backancity,62.33695543047841
2025-10-19 11:00:00+00:00,bentre_bentrecity,103.62103157728541
2025-10-19 11:00:00+00:00,bacgiang_bacgiangcity,148.67235504502275
2025-10-19 11:00:00+00:00,binhduong_thudaumot,85.92973414586348
2025-10-19 11:00:00+00:00,bacninh_bacninhcity,148.7085941766045
2025-10-19 12:00:00+00:00,bentre_bentrecity,108.5825960093179
2025-10-19 12:00:00+00:00,bacgiang_bacgiangcity,146.80388386873085
2025-10-19 12:00:00+00:00,binhduong_thudaumot,87.75338174987118
2025-10-19 12:00:00+00:00,bacninh_bacninhcity,147.15836514238055
2025-10-19 12:00:00+00:00,angiang_longxuyen,76.42014591938135
2025-10-19 12:00:00+00:00,bienhoa_dongnai,91.11094229452237
2025-10-19 12:00:00+00:00,backan_backancity,62.127987605816585
2025-10-19 13:00:00+00:00,backan_backancity,61.89535056806739
2025-10-19 13:00:00+00:00,bacninh_bacninhcity,145.18557974113097
2025-10-19 13:00:00+00:00,bentre_bentrecity,109.83303640331339
2025-10-19 13:00:00+00:00,bacgiang_bacgiangcity,144.61723146378702
2025-10-19 13:00:00+00:00,bienhoa_dongnai,91.64997381492097
2025-10-19 13:00:00+00:00,angiang_longxuyen,76.9640244073129
2025-10-19 13:00:00+00:00,binhduong_thudaumot,87.64247147214871
2025-10-19 14:00:00+00:00,bienhoa_dongnai,90.823470129468
2025-10-19 14:00:00+00:00,backan_backancity,62.034729165869024
2025-10-19 14:00:00+00:00,binhduong_thudaumot,87.44867326355842
2025-10-19 14:00:00+00:00,bacgiang_bacgiangcity,142.95655335341914
2025-10-19 14:00:00+00:00,angiang_longxuyen,77.86556907036108
2025-10-19 14:00:00+00:00,bacninh_bacninhcity,143.6598161453611
2025-10-19 14:00:00+00:00,bentre_bentrecity,108.27626026460538
2025-10-19 15:00:00+00:00,backan_backancity,62.47466761125569
2025-10-19 15:00:00+00:00,bacgiang_bacgiangcity,142.16976956617842
2025-10-19 15:00:00+00:00,binhduong_thudaumot,88.64283945079495
2025-10-19 15:00:00+00:00,bentre_bentrecity,107.29310086985845
2025-10-19 15:00:00+00:00,bacninh_bacninhcity,142.92999945498673
2025-10-19 15:00:00+00:00,bienhoa_dongnai,90.56516461329805
2025-10-19 15:00:00+00:00,angiang_longxuyen,78.8337878182164
2025-10-19 16:00:00+00:00,angiang_longxuyen,79.85071119314892
2025-10-19 16:00:00+00:00,bentre_bentrecity,109.2419902643199
2025-10-19 16:00:00+00:00,backan_backancity,62.95962107109124
2025-10-19 16:00:00+00:00,bienhoa_dongnai,92.14945294900141
2025-10-19 16:00:00+00:00,bacgiang_bacgiangcity,141.47613979588635
2025-10-19 16:00:00+00:00,bacninh_bacninhcity,142.16185952401062
2025-10-19 16:00:00+00:00,binhduong_thudaumot,91.79547638651313
2025-10-19 17:00:00+00:00,backan_backancity,63.36724494927204
2025-10-19 17:00:00+00:00,bienhoa_dongnai,95.86747733494848
2025-10-19 17:00:00+00:00,binhduong_thudaumot,96.4905595798174
2025-10-19 17:00:00+00:00,angiang_longxuyen,80.58773307044841
2025-10-19 17:00:00+00:00,bentre_bentrecity,113.24674171371448
2025-10-19 17:00:00+00:00,bacninh_bacninhcity,140.20778324339994
2025-10-19 17:00:00+00:00,bacgiang_bacgiangcity,139.78269896960893
2025-10-19 18:00:00+00:00,bentre_bentrecity,117.18272844284448
2025-10-19 18:00:00+00:00,angiang_longxuyen,81.01300443544582
2025-10-19 18:00:00+00:00,bacninh_bacninhcity,136.72280923623947
2025-10-19 18:00:00+00:00,binhduong_thudaumot,101.7200992608803
2025-10-19 18:00:00+00:00,backan_backancity,63.45360276937464
2025-10-19 18:00:00+00:00,bienhoa_dongnai,100.92687605537317
2025-10-19 18:00:00+00:00,bacgiang_bacgiangcity,136.6656637500833
2025-10-19 19:00:00+00:00,angiang_longxuyen,81.24981404219332
2025-10-19 19:00:00+00:00,binhduong_thudaumot,106.88458232587966
2025-10-19 19:00:00+00:00,bacninh_bacninhcity,131.46049052317343
2025-10-19 19:00:00+00:00,bienhoa_dongnai,106.35871381397709
2025-10-19 19:00:00+00:00,bacgiang_bacgiangcity,131.83843216391267
2025-10-19 19:00:00+00:00,bentre_bentrecity,119.88571559427692
2025-10-19 19:00:00+00:00,backan_backancity,63.40097357792155
2025-10-19 20:00:00+00:00,angiang_longxuyen,81.42377405646891
2025-10-19 20:00:00+00:00,bacninh_bacninhcity,124.2782462011002
2025-10-19 20:00:00+00:00,bentre_bentrecity,121.64150891604181
2025-10-19 20:00:00+00:00,binhduong_thudaumot,111.20423329363736
2025-10-19 20:00:00+00:00,bienhoa_dongnai,111.0962044380412
2025-10-19 20:00:00+00:00,bacgiang_bacgiangcity,125.26462149789184
2025-10-19 20:00:00+00:00,backan_backancity,63.395822043308414
2025-10-19 21:00:00+00:00,binhduong_thudaumot,114.67177301093736
2025-10-19 21:00:00+00:00,angiang_longxuyen,81.5587755902327
2025-10-19 21:00:00+00:00,bentre_bentrecity,122.69086433405398
2025-10-19 21:00:00+00:00,backan_backancity,63.3984630749893
2025-10-19 21:00:00+00:00,bacgiang_bacgiangcity,117.8945800264472
2025-10-19 21:00:00+00:00,bienhoa_dongnai,114.68276461931272
2025-10-19 21:00:00+00:00,bacninh_bacninhcity,116.11238726526913
2025-10-19 22:00:00+00:00,backan_backancity,63.375503068102894
2025-10-19 22:00:00+00:00,angiang_longxuyen,81.69132318352199
2025-10-19 22:00:00+00:00,bacninh_bacninhcity,108.64863159099626
2025-10-19 22:00:00+00:00,bacgiang_bacgiangcity,111.0195024821195
2025-10-19 22:00:00+00:00,binhduong_thudaumot,117.51917281891079
2025-10-19 22:00:00+00:00,bentre_bentrecity,123.15405212505323
2025-10-19 22:00:00+00:00,bienhoa_dongnai,117.18505620552862
2025-10-19 23:00:00+00:00,bacninh_bacninhcity,102.75275325356863
2025-10-19 23:00:00+00:00,binhduong_thudaumot,120.0229654857361
2025-10-19 23:00:00+00:00,angiang_longxuyen,81.87391984999951
2025-10-19 23:00:00+00:00,bentre_bentrecity,123.53230921026835
2025-10-19 23:00:00+00:00,bacgiang_bacgiangcity,105.35363401943972
2025-10-19 23:00:00+00:00,bienhoa_dongnai,119.13742473501121
2025-10-19 23:00:00+00:00,backan_backancity,63.25849709781877
2025-10-20 00:00:00+00:00,angiang_longxuyen,82.27957709503409
2025-10-20 00:00:00+00:00,bacgiang_bacgiangcity,100.72258442313151
2025-10-20 00:00:00+00:00,bacninh_bacninhcity,98.10859612348256
2025-10-20 00:00:00+00:00,bienhoa_dongnai,121.15647170025922
2025-10-20 00:00:00+00:00,binhduong_thudaumot,122.61651950978488
2025-10-20 00:00:00+00:00,bentre_bentrecity,123.84378561219827
2025-10-20 00:00:00+00:00,backan_backancity,63.22886707187668
2025-10-20 01:00:00+00:00,bacninh_bacninhcity,94.35716181658059
2025-10-20 01:00:00+00:00,binhduong_thudaumot,125.11482235499015
2025-10-20 01:00:00+00:00,angiang_longxuyen,82.4663898400928
2025-10-20 01:00:00+00:00,backan_backancity,62.958385398937416
2025-10-20 01:00:00+00:00,bacgiang_bacgiangcity,96.91081537764818
2025-10-20 01:00:00+00:00,bienhoa_dongnai,123.44960837060691
2025-10-20 01:00:00+00:00,bentre_bentrecity,123.98965801524493
2025-10-20 02:00:00+00:00,backan_backancity,62.4020022568858
2025-10-20 02:00:00+00:00,bienhoa_dongnai,125.16438847180842
2025-10-20 02:00:00+00:00,bacninh_bacninhcity,91.34077622739444
2025-10-20 02:00:00+00:00,binhduong_thudaumot,126.58423668997057
2025-10-20 02:00:00+00:00,bentre_bentrecity,123.60252497512204
2025-10-20 02:00:00+00:00,bacgiang_bacgiangcity,93.7395345856654
2025-10-20 02:00:00+00:00,angiang_longxuyen,82.27893315320745
2025-10-20 03:00:00+00:00,angiang_longxuyen,81.60194144740915
2025-10-20 03:00:00+00:00,bentre_bentrecity,122.64150488775441
2025-10-20 03:00:00+00:00,binhduong_thudaumot,126.9463234387079
2025-10-20 03:00:00+00:00,bacninh_bacninhcity,88.72694673772301
2025-10-20 03:00:00+00:00,backan_backancity,61.78029382709635
2025-10-20 03:00:00+00:00,bienhoa_dongnai,125.95824256626733
2025-10-20 03:00:00+00:00,bacgiang_bacgiangcity,90.92227495349336
2025-10-20 04:00:00+00:00,bentre_bentrecity,121.45642350142349
2025-10-20 04:00:00+00:00,binhduong_thudaumot,126.84320137632118
2025-10-20 04:00:00+00:00,bacninh_bacninhcity,86.57857732701679
2025-10-20 04:00:00+00:00,backan_backancity,61.133384646902115
2025-10-20 04:00:00+00:00,bienhoa_dongnai,126.18585859815204
2025-10-20 04:00:00+00:00,bacgiang_bacgiangcity,88.54073116168935
2025-10-20 04:00:00+00:00,angiang_longxuyen,80.70587464084572
2025-10-20 05:00:00+00:00,binhduong_thudaumot,126.70707729531907
2025-10-20 05:00:00+00:00,bienhoa_dongnai,126.28135778161797
2025-10-20 05:00:00+00:00,bacgiang_bacgiangcity,86.57408496258431
2025-10-20 05:00:00+00:00,bacninh_bacninhcity,84.85504744869787
2025-10-20 05:00:00+00:00,backan_backancity,60.40211038550124
2025-10-20 05:00:00+00:00,angiang_longxuyen,79.68129357932611
2025-10-20 05:00:00+00:00,bentre_bentrecity,120.55580885570942
2025-10-20 06:00:00+00:00,bacgiang_bacgiangcity,85.34467601321401
2025-10-20 06:00:00+00:00,angiang_longxuyen,78.84686244787218
2025-10-20 06:00:00+00:00,bacninh_bacninhcity,83.91819149592291
2025-10-20 06:00:00+00:00,bentre_bentrecity,120.28250776179945
2025-10-20 06:00:00+00:00,backan_backancity,59.85635228358921
2025-10-20 06:00:00+00:00,bienhoa_dongnai,126.5150825589392
2025-10-20 06:00:00+00:00,binhduong_thudaumot,126.80303768036354
2025-10-20 07:00:00+00:00,backan_backancity,59.320253309076804
2025-10-20 07:00:00+00:00,binhduong_thudaumot,127.12077511127008
2025-10-20 07:00:00+00:00,angiang_longxuyen,78.00661408518707
2025-10-20 07:00:00+00:00,bentre_bentrecity,120.72026855256291
2025-10-20 07:00:00+00:00,bienhoa_dongnai,126.9572008344282
2025-10-20 07:00:00+00:00,bacninh_bacninhcity,84.1332115035635
2025-10-20 07:00:00+00:00,bacgiang_bacgiangcity,85.11937686661773
2025-10-20 08:00:00+00:00,bentre_bentrecity,121.57067096415294
2025-10-20 08:00:00+00:00,backan_backancity,58.88521839368086
2025-10-20 08:00:00+00:00,bienhoa_dongnai,127.12661409729273
2025-10-20 08:00:00+00:00,angiang_longxuyen,77.25043058758669
2025-10-20 08:00:00+00:00,bacgiang_bacgiangcity,85.7677392668802
2025-10-20 08:00:00+00:00,binhduong_thudaumot,127.12509996380847
2025-10-20 08:00:00+00:00,bacninh_bacninhcity,85.440508044989
2025-10-20 09:00:00+00:00,bienhoa_dongnai,126.43039550681922
2025-10-20 09:00:00+00:00,backan_backancity,58.314020238658195
2025-10-20 09:00:00+00:00,bacninh_bacninhcity,87.17781523272724
2025-10-20 09:00:00+00:00,binhduong_thudaumot,126.1891305187847
2025-10-20 09:00:00+00:00,angiang_longxuyen,76.61968521743282
2025-10-20 09:00:00+00:00,bentre_bentrecity,122.87132468001205
2025-10-20 09:00:00+00:00,bacgiang_bacgiangcity,86.75930525690957
2025-10-20 10:00:00+00:00,bacninh_bacninhcity,87.54658070243684
2025-10-20 10:00:00+00:00,bienhoa_dongnai,125.05155071956432
2025-10-20 10:00:00+00:00,angiang_longxuyen,76.08567470289871
2025-10-20 10:00:00+00:00,backan_backancity,57.424218812029665
2025-10-20 10:00:00+00:00,binhduong_thudaumot,124.36552859983902
2025-10-20 10:00:00+00:00,bentre_bentrecity,124.54965462815483
2025-10-20 10:00:00+00:00,bacgiang_bacgiangcity,87.02727642691659
2025-10-20 11:00:00+00:00,bienhoa_dongnai,123.29537777668878
2025-10-20 11:00:00+00:00,angiang_longxuyen,75.5172742140553
2025-10-20 11:00:00+00:00,binhduong_thudaumot,122.1217241823016
2025-10-20 11:00:00+00:00,bentre_bentrecity,125.16861325230619
2025-10-20 11:00:00+00:00,bacninh_bacninhcity,85.27317236470705
2025-10-20 11:00:00+00:00,backan_backancity,56.023567021834694
2025-10-20 11:00:00+00:00,bacgiang_bacgiangcity,85.58776405277126
2025-10-20 12:00:00+00:00,angiang_longxuyen,75.30489958905389
2025-10-20 12:00:00+00:00,bienhoa_dongnai,121.28717448723434
2025-10-20 12:00:00+00:00,binhduong_thudaumot,119.71972218462686
2025-10-20 12:00:00+00:00,bacninh_bacninhcity,81.08582207335579
2025-10-20 12:00:00+00:00,backan_backancity,54.42324105388133
2025-10-20 12:00:00+00:00,bacgiang_bacgiangcity,82.69760846544006
2025-10-20 12:00:00+00:00,bentre_bentrecity,123.48972638150252
2025-10-20 13:00:00+00:00,backan_backancity,52.88439412653909
2025-10-20 13:00:00+00:00,bacninh_bacninhcity,76.50623833102838
2025-10-20 13:00:00+00:00,bienhoa_dongnai,119.36962558919201
2025-10-20 13:00:00+00:00,bacgiang_bacgiangcity,79.10965162655805
2025-10-20 13:00:00+00:00,bentre_bentrecity,120.21758493770326
2025-10-20 13:00:00+00:00,binhduong_thudaumot,117.69625355801855
2025-10-20 13:00:00+00:00,angiang_longxuyen,74.76615088094402
2025-10-20 14:00:00+00:00,backan_backancity,51.645806830660014
2025-10-20 14:00:00+00:00,angiang_longxuyen,74.01847350679694
2025-10-20 14:00:00+00:00,bienhoa_dongnai,117.0729428878395
2025-10-20 14:00:00+00:00,bacgiang_bacgiangcity,75.7482665895716
2025-10-20 14:00:00+00:00,binhduong_thudaumot,115.72058564690309
2025-10-20 14:00:00+00:00,bacninh_bacninhcity,72.68364301358464
2025-10-20 14:00:00+00:00,bentre_bentrecity,115.94754033312799
2025-10-20 15:00:00+00:00,bentre_bentrecity,110.7196333491627
2025-10-20 15:00:00+00:00,bacgiang_bacgiangcity,72.77035761226688
2025-10-20 15:00:00+00:00,bacninh_bacninhcity,69.65302652757764
2025-10-20 15:00:00+00:00,bienhoa_dongnai,114.05983574572346
2025-10-20 15:00:00+00:00,binhduong_thudaumot,113.5181892993937
2025-10-20 15:00:00+00:00,angiang_longxuyen,73.11839946765016
2025-10-20 15:00:00+00:00,backan_backancity,50.65202185190371
2025-10-20 16:00:00+00:00,binhduong_thudaumot,110.60694570497955
2025-10-20 16:00:00+00:00,bienhoa_dongnai,110.15139384577597
2025-10-20 16:00:00+00:00,bentre_bentrecity,105.43739866840261
2025-10-20 16:00:00+00:00,bacninh_bacninhcity,67.48882506740051
2025-10-20 16:00:00+00:00,backan_backancity,49.953710450493624
2025-10-20 16:00:00+00:00,angiang_longxuyen,72.09488439091112
2025-10-20 16:00:00+00:00,bacgiang_bacgiangcity,70.36953798750693
2025-10-20 17:00:00+00:00,binhduong_thudaumot,107.04235487177921
2025-10-20 17:00:00+00:00,bacninh_bacninhcity,65.91676727544507
2025-10-20 17:00:00+00:00,angiang_longxuyen,70.8844739009059
2025-10-20 17:00:00+00:00,bacgiang_bacgiangcity,68.44946009495963
2025-10-20 17:00:00+00:00,bentre_bentrecity,100.67586492077324
2025-10-20 17:00:00+00:00,backan_backancity,49.30936833568938
2025-10-20 17:00:00+00:00,bienhoa_dongnai,105.89295705404362
2025-10-20 18:00:00+00:00,backan_backancity,48.70179616937803
2025-10-20 18:00:00+00:00,binhduong_thudaumot,103.04009026698117
2025-10-20 18:00:00+00:00,bienhoa_dongnai,101.82496388206143
2025-10-20 18:00:00+00:00,angiang_longxuyen,69.66351668801029
2025-10-20 18:00:00+00:00,bentre_bentrecity,96.3269243895595
2025-10-20 18:00:00+00:00,bacninh_bacninhcity,64.61681841482863
2025-10-20 18:00:00+00:00,bacgiang_bacgiangcity,66.7793578089397
2025-10-20 19:00:00+00:00,bacgiang_bacgiangcity,65.29309656346767
2025-10-20 19:00:00+00:00,angiang_longxuyen,68.39147052289556
2025-10-20 19:00:00+00:00,backan_backancity,48.11158432663628
2025-10-20 19:00:00+00:00,bentre_bentrecity,92.70532050249588
2025-10-20 19:00:00+00:00,bienhoa_dongnai,98.28582805839083
2025-10-20 19:00:00+00:00,bacninh_bacninhcity,63.42266745594611
2025-10-20 19:00:00+00:00,binhduong_thudaumot,99.01797523079827
2025-10-20 20:00:00+00:00,angiang_longxuyen,67.16176788384084
2025-10-20 20:00:00+00:00,bienhoa_dongnai,95.44156529134314
2025-10-20 20:00:00+00:00,bentre_bentrecity,89.90569639200515
2025-10-20 20:00:00+00:00,binhduong_thudaumot,95.42345769068756
2025-10-20 20:00:00+00:00,backan_backancity,47.39262762814907
2025-10-20 20:00:00+00:00,bacgiang_bacgiangcity,63.89526854520169
2025-10-20 20:00:00+00:00,bacninh_bacninhcity,62.295799716031084
2025-10-20 21:00:00+00:00,bacninh_bacninhcity,61.32400012950465
2025-10-20 21:00:00+00:00,backan_backancity,46.694425000696185
2025-10-20 21:00:00+00:00,bentre_bentrecity,87.85018622082356
2025-10-20 21:00:00+00:00,bienhoa_dongnai,93.49747337226414
2025-10-20 21:00:00+00:00,angiang_longxuyen,65.85279948669313
2025-10-20 21:00:00+00:00,bacgiang_bacgiangcity,62.66491761336202
2025-10-20 21:00:00+00:00,binhduong_thudaumot,92.67950191601417
2025-10-20 22:00:00+00:00,bentre_bentrecity,86.21002722974245
2025-10-20 22:00:00+00:00,bacgiang_bacgiangcity,61.39006508015146
2025-10-20 22:00:00+00:00,binhduong_thudaumot,90.79341370961367
2025-10-20 22:00:00+00:00,angiang_longxuyen,64.43144583696328
2025-10-20 22:00:00+00:00,bienhoa_dongnai,92.04728157100064
2025-10-20 22:00:00+00:00,backan_backancity,45.930309706136576
2025-10-20 22:00:00+00:00,bacninh_bacninhcity,60.28942056583893
2025-10-20 23:00:00+00:00,binhduong_thudaumot,89.38408284537348
2025-10-20 23:00:00+00:00,angiang_longxuyen,63.01171074371661
2025-10-20 23:00:00+00:00,backan_backancity,45.26273782503206
2025-10-20 23:00:00+00:00,bacninh_bacninhcity,59.400345749244515
2025-10-20 23:00:00+00:00,bienhoa_dongnai,90.78429192556263
2025-10-20 23:00:00+00:00,bentre_bentrecity,85.01784725496447
2025-10-20 23:00:00+00:00,bacgiang_bacgiangcity,60.22029254055728
2025-10-21 00:00:00+00:00,bacgiang_bacgiangcity,59.09867640729602
2025-10-21 00:00:00+00:00,bentre_bentrecity,84.04964699868187
2025-10-21 00:00:00+00:00,backan_backancity,44.63422884743828
2025-10-21 00:00:00+00:00,angiang_longxuyen,61.637652010578634
2025-10-21 00:00:00+00:00,bacninh_bacninhcity,58.61339227463057
2025-10-21 00:00:00+00:00,bienhoa_dongnai,89.72182489474922
2025-10-21 00:00:00+00:00,binhduong_thudaumot,88.41625024506624
2025-10-21 01:00:00+00:00,backan_backancity,44.19337234985282
2025-10-21 01:00:00+00:00,bentre_bentrecity,82.86555545536149
2025-10-21 01:00:00+00:00,bienhoa_dongnai,89.04032559616442
2025-10-21 01:00:00+00:00,bacgiang_bacgiangcity,58.31197093730449
2025-10-21 01:00:00+00:00,angiang_longxuyen,60.615777245114224
2025-10-21 01:00:00+00:00,binhduong_thudaumot,87.92875800106957
2025-10-21 01:00:00+00:00,bacninh_bacninhcity,58.20571618495031
2025-10-21 02:00:00+00:00,bacgiang_bacgiangcity,57.70142706648235
2025-10-21 02:00:00+00:00,backan_backancity,43.971047083246475
2025-10-21 02:00:00+00:00,binhduong_thudaumot,87.71965747217996
2025-10-21 02:00:00+00:00,bentre_bentrecity,81.6051437527092
2025-10-21 02:00:00+00:00,bienhoa_dongnai,88.69611693503298
2025-10-21 02:00:00+00:00,angiang_longxuyen,59.65294933457789
2025-10-21 02:00:00+00:00,bacninh_bacninhcity,57.94767825271508
2025-10-21 03:00:00+00:00,bacninh_bacninhcity,57.64653102576115
2025-10-21 03:00:00+00:00,angiang_longxuyen,58.86798424790161
2025-10-21 03:00:00+00:00,binhduong_thudaumot,87.65448446798221
2025-10-21 03:00:00+00:00,bentre_bentrecity,80.32534853088333
2025-10-21 03:00:00+00:00,bienhoa_dongnai,88.32922237738727
2025-10-21 03:00:00+00:00,bacgiang_bacgiangcity,57.13479741766222
2025-10-21 03:00:00+00:00,backan_backancity,43.99881489904126
2025-10-21 04:00:00+00:00,bienhoa_dongnai,87.83440747059169
2025-10-21 04:00:00+00:00,backan_backancity,44.126376294132356
2025-10-21 04:00:00+00:00,bacninh_bacninhcity,57.31201629969563
2025-10-21 04:00:00+00:00,bacgiang_bacgiangcity,56.59366438441046
2025-10-21 04:00:00+00:00,bentre_bentrecity,79.29726494794178
2025-10-21 04:00:00+00:00,binhduong_thudaumot,87.60986974169583
2025-10-21 04:00:00+00:00,angiang_longxuyen,58.08943682470031
2025-10-21 05:00:00+00:00,bacninh_bacninhcity,57.177771832673976
2025-10-21 05:00:00+00:00,bentre_bentrecity,79.16976446626671
2025-10-21 05:00:00+00:00,bacgiang_bacgiangcity,56.22365454063046
2025-10-21 05:00:00+00:00,bienhoa_dongnai,87.40222025739531
2025-10-21 05:00:00+00:00,backan_backancity,44.297895420808324
2025-10-21 05:00:00+00:00,binhduong_thudaumot,87.73464217252425
2025-10-21 05:00:00+00:00,angiang_longxuyen,57.455619677995024
2025-10-21 06:00:00+00:00,angiang_longxuyen,57.021807381878034
2025-10-21 06:00:00+00:00,bacninh_bacninhcity,57.38877590581464
2025-10-21 06:00:00+00:00,bienhoa_dongnai,87.4665752814349
2025-10-21 06:00:00+00:00,bacgiang_bacgiangcity,56.102267155350205
2025-10-21 06:00:00+00:00,binhduong_thudaumot,88.20540063094481
2025-10-21 06:00:00+00:00,backan_backancity,44.44249081759742
2025-10-21 06:00:00+00:00,bentre_bentrecity,80.74003401436575
2025-10-21 07:00:00+00:00,binhduong_thudaumot,89.39721294974746
2025-10-21 07:00:00+00:00,bacninh_bacninhcity,58.078685606770364
2025-10-21 07:00:00+00:00,angiang_longxuyen,56.571483199057624
2025-10-21 07:00:00+00:00,bienhoa_dongnai,88.57939812799587
2025-10-21 07:00:00+00:00,backan_backancity,44.70962225265482
2025-10-21 07:00:00+00:00,bacgiang_bacgiangcity,56.360670568081645
2025-10-21 07:00:00+00:00,bentre_bentrecity,84.68851125700138
2025-10-21 08:00:00+00:00,bacgiang_bacgiangcity,57.09523415394835
2025-10-21 08:00:00+00:00,angiang_longxuyen,56.22686989880538
2025-10-21 08:00:00+00:00,bienhoa_dongnai,90.3387951309629
2025-10-21 08:00:00+00:00,backan_backancity,44.99174708997309
2025-10-21 08:00:00+00:00,binhduong_thudaumot,90.95789733673776
2025-10-21 08:00:00+00:00,bentre_bentrecity,91.07785108126208
2025-10-21 08:00:00+00:00,bacninh_bacninhcity,59.30482916194542
2025-10-21 09:00:00+00:00,binhduong_thudaumot,92.1108708263815
2025-10-21 09:00:00+00:00,bienhoa_dongnai,91.98623545073917
2025-10-21 09:00:00+00:00,bacninh_bacninhcity,60.59637197114921
2025-10-21 09:00:00+00:00,bentre_bentrecity,99.06847625977869
2025-10-21 09:00:00+00:00,angiang_longxuyen,56.02501153998635
2025-10-21 09:00:00+00:00,bacgiang_bacgiangcity,57.990165360398564
2025-10-21 09:00:00+00:00,backan_backancity,45.21986348206092
2025-10-21 10:00:00+00:00,binhduong_thudaumot,92.58442695098132
2025-10-21 10:00:00+00:00,bacninh_bacninhcity,61.4036748776767
2025-10-21 10:00:00+00:00,backan_backancity,45.3194525663177
2025-10-21 10:00:00+00:00,bentre_bentrecity,108.08870785663768
2025-10-21 10:00:00+00:00,bacgiang_bacgiangcity,58.72434606193591
2025-10-21 10:00:00+00:00,bienhoa_dongnai,93.21161758821381
2025-10-21 10:00:00+00:00,angiang_longxuyen,55.932231705450484
2025-10-21 11:00:00+00:00,bacgiang_bacgiangcity,59.121331847102255
2025-10-21 11:00:00+00:00,bentre_bentrecity,116.32011071586055
2025-10-21 11:00:00+00:00,bacninh_bacninhcity,61.45830115898404
2025-10-21 11:00:00+00:00,bienhoa_dongnai,93.83288330799743
2025-10-21 11:00:00+00:00,angiang_longxuyen,56.04736676367071
2025-10-21 11:00:00+00:00,backan_backancity,45.277535434169955
2025-10-21 11:00:00+00:00,binhduong_thudaumot,92.57794837409031
2025-10-21 12:00:00+00:00,binhduong_thudaumot,92.46346813509246
2025-10-21 12:00:00+00:00,bentre_bentrecity,119.60494825594455
2025-10-21 12:00:00+00:00,bienhoa_dongnai,94.0040880779371
2025-10-21 12:00:00+00:00,angiang_longxuyen,56.48821891029788
2025-10-21 12:00:00+00:00,bacgiang_bacgiangcity,59.07315368597791
2025-10-21 12:00:00+00:00,backan_backancity,45.201811356123514
2025-10-21 12:00:00+00:00,bacninh_bacninhcity,60.82096843798196
2025-10-21 13:00:00+00:00,bacninh_bacninhcity,59.76689658118546
2025-10-21 13:00:00+00:00,angiang_longxuyen,57.790003875311896
2025-10-21 13:00:00+00:00,backan_backancity,45.052756227089105
2025-10-21 13:00:00+00:00,binhduong_thudaumot,92.70311674212294
2025-10-21 13:00:00+00:00,bienhoa_dongnai,94.1714911980725
2025-10-21 13:00:00+00:00,bacgiang_bacgiangcity,58.43613858493085
2025-10-21 13:00:00+00:00,bentre_bentrecity,114.19587280755981
2025-10-21 14:00:00+00:00,bienhoa_dongnai,94.31129292656766
2025-10-21 14:00:00+00:00,binhduong_thudaumot,93.1063831355782
2025-10-21 14:00:00+00:00,bentre_bentrecity,101.87545784073463
2025-10-21 14:00:00+00:00,backan_backancity,45.09249788009279
2025-10-21 14:00:00+00:00,bacgiang_bacgiangcity,57.66200738439199
2025-10-21 14:00:00+00:00,angiang_longxuyen,59.493982722563146
2025-10-21 14:00:00+00:00,bacninh_bacninhcity,58.97565741265772
2025-10-21 15:00:00+00:00,bentre_bentrecity,90.16041454306657
2025-10-21 15:00:00+00:00,angiang_longxuyen,61.408330403044985
2025-10-21 15:00:00+00:00,bacninh_bacninhcity,58.56618002624618
2025-10-21 15:00:00+00:00,bienhoa_dongnai,93.99880927779404
2025-10-21 15:00:00+00:00,bacgiang_bacgiangcity,56.902856533239124
2025-10-21 15:00:00+00:00,backan_backancity,45.21108759919379
2025-10-21 15:00:00+00:00,binhduong_thudaumot,93.33809559469117
2025-10-21 16:00:00+00:00,angiang_longxuyen,63.40284448998543
2025-10-21 16:00:00+00:00,backan_backancity,45.3630709231561
2025-10-21 16:00:00+00:00,bentre_bentrecity,84.04889863385631
2025-10-21 16:00:00+00:00,bacgiang_bacgiangcity,56.304138567044106
2025-10-21 16:00:00+00:00,bienhoa_dongnai,93.3982911026073
2025-10-21 16:00:00+00:00,binhduong_thudaumot,93.3581807058887
2025-10-21 16:00:00+00:00,bacninh_bacninhcity,58.51197578789278
2025-10-21 17:00:00+00:00,bienhoa_dongnai,92.66069924977207
2025-10-21 17:00:00+00:00,bacgiang_bacgiangcity,55.88028126349033
2025-10-21 17:00:00+00:00,bacninh_bacninhcity,58.64673366799243
2025-10-21 17:00:00+00:00,angiang_longxuyen,65.58776521353059
2025-10-21 17:00:00+00:00,bentre_bentrecity,82.11748214401018
2025-10-21 17:00:00+00:00,backan_backancity,45.50607386921174
2025-10-21 17:00:00+00:00,binhduong_thudaumot,93.16326973971621
2025-10-21 18:00:00+00:00,binhduong_thudaumot,92.86110112530416
2025-10-21 18:00:00+00:00,bentre_bentrecity,82.25978023482314
2025-10-21 18:00:00+00:00,bienhoa_dongnai,91.9710832385008
2025-10-21 18:00:00+00:00,bacninh_bacninhcity,58.731860166899494
2025-10-21 18:00:00+00:00,angiang_longxuyen,67.94183379148468
2025-10-21 18:00:00+00:00,backan_backancity,45.56209680812957
2025-10-21 18:00:00+00:00,bacgiang_bacgiangcity,55.56110801634872
2025-10-21 19:00:00+00:00,backan_backancity,45.492633759059736
2025-10-21 19:00:00+00:00,bentre_bentrecity,83.39809099503591
2025-10-21 19:00:00+00:00,bacgiang_bacgiangcity,55.228899298175904
2025-10-21 19:00:00+00:00,bacninh_bacninhcity,58.642756892117085
2025-10-21 19:00:00+00:00,binhduong_thudaumot,92.38574696719176
2025-10-21 19:00:00+00:00,bienhoa_dongnai,91.27221056347153
2025-10-21 19:00:00+00:00,angiang_longxuyen,70.47809004583723
2025-10-21 20:00:00+00:00,bienhoa_dongnai,90.50723377917089
2025-10-21 20:00:00+00:00,bacgiang_bacgiangcity,54.90098497583347
2025-10-21 20:00:00+00:00,bacninh_bacninhcity,58.45548294547983
2025-10-21 20:00:00+00:00,bentre_bentrecity,84.81248311150478
2025-10-21 20:00:00+00:00,binhduong_thudaumot,91.6731818264298
2025-10-21 20:00:00+00:00,backan_backancity,45.33486801153251
2025-10-21 20:00:00+00:00,angiang_longxuyen,73.23309072812499
2025-10-21 21:00:00+00:00,bacninh_bacninhcity,58.21364798190955
2025-10-21 21:00:00+00:00,binhduong_thudaumot,90.71666498089039
2025-10-21 21:00:00+00:00,backan_backancity,45.12075735417413
2025-10-21 21:00:00+00:00,bentre_bentrecity,86.40231565580677
2025-10-21 21:00:00+00:00,bacgiang_bacgiangcity,54.59086607288943
2025-10-21 21:00:00+00:00,bienhoa_dongnai,89.66300864061041
2025-10-21 21:00:00+00:00,angiang_longxuyen,75.7675282819131
2025-10-21 22:00:00+00:00,binhduong_thudaumot,89.67627580017046
2025-10-21 22:00:00+00:00,backan_backancity,44.84776517830262
2025-10-21 22:00:00+00:00,bacninh_bacninhcity,57.7398286243333
2025-10-21 22:00:00+00:00,bienhoa_dongnai,88.83828558483685
2025-10-21 22:00:00+00:00,bentre_bentrecity,88.10491742475982
2025-10-21 22:00:00+00:00,bacgiang_bacgiangcity,54.123581854661936
2025-10-21 22:00:00+00:00,angiang_longxuyen,78.21627371221669
2025-10-21 23:00:00+00:00,bacgiang_bacgiangcity,53.66571311016993
2025-10-21 23:00:00+00:00,angiang_longxuyen,80.61463069458556
2025-10-21 23:00:00+00:00,bacninh_bacninhcity,57.25434869854489
2025-10-21 23:00:00+00:00,bentre_bentrecity,90.12643899753421
2025-10-21 23:00:00+00:00,binhduong_thudaumot,88.88892094965443
2025-10-21 23:00:00+00:00,bienhoa_dongnai,88.36899013614068
2025-10-21 23:00:00+00:00,backan_backancity,44.442734471261545
2025-10-22 00:00:00+00:00,bienhoa_dongnai,88.63110491629189
2025-10-22 00:00:00+00:00,backan_backancity,44.0189772397484
2025-10-22 00:00:00+00:00,bentre_bentrecity,91.99606752873075
2025-10-22 00:00:00+00:00,binhduong_thudaumot,88.72943874908253
2025-10-22 00:00:00+00:00,bacninh_bacninhcity,56.839719777520216
2025-10-22 00:00:00+00:00,bacgiang_bacgiangcity,53.3104747697781
2025-10-22 00:00:00+00:00,angiang_longxuyen,83.14087104295885
2025-10-22 01:00:00+00:00,bentre_bentrecity,92.53258419523881
2025-10-22 01:00:00+00:00,binhduong_thudaumot,88.97164571958645
2025-10-22 01:00:00+00:00,backan_backancity,43.63911247544581
2025-10-22 01:00:00+00:00,bacninh_bacninhcity,56.407752287717386
2025-10-22 01:00:00+00:00,bienhoa_dongnai,89.3431316259657
2025-10-22 01:00:00+00:00,bacgiang_bacgiangcity,52.97388028565086
2025-10-22 01:00:00+00:00,angiang_longxuyen,85.44913164431605
2025-10-22 02:00:00+00:00,bentre_bentrecity,92.25587086229139
2025-10-22 02:00:00+00:00,bienhoa_dongnai,90.12238934310753
2025-10-22 02:00:00+00:00,bacgiang_bacgiangcity,52.68399768970487
2025-10-22 02:00:00+00:00,backan_backancity,43.41577343555833
2025-10-22 02:00:00+00:00,binhduong_thudaumot,89.41879370285653
2025-10-22 02:00:00+00:00,bacninh_bacninhcity,55.95899009892242
2025-10-22 02:00:00+00:00,angiang_longxuyen,87.18837283301336
2025-10-22 03:00:00+00:00,binhduong_thudaumot,89.57915697248177
2025-10-22 03:00:00+00:00,angiang_longxuyen,88.5556549486176
2025-10-22 03:00:00+00:00,bacninh_bacninhcity,55.3971856628438
2025-10-22 03:00:00+00:00,bienhoa_dongnai,90.29878480628491
2025-10-22 03:00:00+00:00,backan_backancity,43.334762943191826
2025-10-22 03:00:00+00:00,bentre_bentrecity,91.9300776321144
2025-10-22 03:00:00+00:00,bacgiang_bacgiangcity,52.33759614559621
2025-10-22 04:00:00+00:00,bienhoa_dongnai,89.93770204117257
2025-10-22 04:00:00+00:00,bacninh_bacninhcity,54.78810371400648
2025-10-22 04:00:00+00:00,backan_backancity,43.29110977868712
2025-10-22 04:00:00+00:00,bentre_bentrecity,92.06244466063474
2025-10-22 04:00:00+00:00,angiang_longxuyen,89.62231412774162
2025-10-22 04:00:00+00:00,bacgiang_bacgiangcity,51.993687700586634
2025-10-22 04:00:00+00:00,binhduong_thudaumot,89.4448080824612
2025-10-22 05:00:00+00:00,bacninh_bacninhcity,54.29224240174261
2025-10-22 05:00:00+00:00,angiang_longxuyen,90.64919358297693
2025-10-22 05:00:00+00:00,bacgiang_bacgiangcity,51.73173825685038
2025-10-22 05:00:00+00:00,bienhoa_dongnai,89.48927922712407
2025-10-22 05:00:00+00:00,binhduong_thudaumot,89.32798267694604
2025-10-22 05:00:00+00:00,backan_backancity,43.25353055195263
2025-10-22 05:00:00+00:00,bentre_bentrecity,93.39746224505342
2025-10-22 06:00:00+00:00,bienhoa_dongnai,89.38979565360579
2025-10-22 06:00:00+00:00,angiang_longxuyen,92.00425494448942
2025-10-22 06:00:00+00:00,bacgiang_bacgiangcity,51.63733986583133
2025-10-22 06:00:00+00:00,binhduong_thudaumot,89.51653036662213
2025-10-22 06:00:00+00:00,backan_backancity,43.262267276195175
2025-10-22 06:00:00+00:00,bacninh_bacninhcity,54.052930993979444
2025-10-22 06:00:00+00:00,bentre_bentrecity,97.44216963214738
2025-10-22 07:00:00+00:00,bienhoa_dongnai,90.072063984068
2025-10-22 07:00:00+00:00,backan_backancity,43.197746915740645
2025-10-22 07:00:00+00:00,bentre_bentrecity,105.19739926536013
2025-10-22 07:00:00+00:00,bacgiang_bacgiangcity,51.7355409943942
2025-10-22 07:00:00+00:00,binhduong_thudaumot,90.41148876656166
2025-10-22 07:00:00+00:00,bacninh_bacninhcity,54.11735998430992
2025-10-22 07:00:00+00:00,angiang_longxuyen,93.91211534616367
2025-10-22 08:00:00+00:00,bacgiang_bacgiangcity,52.03895071965795
2025-10-22 08:00:00+00:00,bienhoa_dongnai,91.60006614787709
2025-10-22 08:00:00+00:00,bacninh_bacninhcity,54.44267243359607
2025-10-22 08:00:00+00:00,backan_backancity,43.065134058077035
2025-10-22 08:00:00+00:00,angiang_longxuyen,95.823208509846
2025-10-22 08:00:00+00:00,bentre_bentrecity,116.96041296589428
2025-10-22 08:00:00+00:00,binhduong_thudaumot,91.8982623373721
2025-10-22 09:00:00+00:00,bacgiang_bacgiangcity,52.382980991499586
2025-10-22 09:00:00+00:00,bentre_bentrecity,131.3118400332598
2025-10-22 09:00:00+00:00,bienhoa_dongnai,93.29393010484803
2025-10-22 09:00:00+00:00,backan_backancity,42.7793718196299
2025-10-22 09:00:00+00:00,angiang_longxuyen,96.99715579391763
2025-10-22 09:00:00+00:00,bacninh_bacninhcity,54.77270132166654
2025-10-22 09:00:00+00:00,binhduong_thudaumot,93.40144445962662
2025-10-22 10:00:00+00:00,backan_backancity,42.393119848560346
2025-10-22 10:00:00+00:00,bacgiang_bacgiangcity,52.742605097845846
2025-10-22 10:00:00+00:00,bienhoa_dongnai,94.55697413726463
2025-10-22 10:00:00+00:00,bacninh_bacninhcity,54.911031338520736
2025-10-22 10:00:00+00:00,angiang_longxuyen,96.93844069955902
2025-10-22 10:00:00+00:00,binhduong_thudaumot,94.39021604669543
2025-10-22 11:00:00+00:00,bacgiang_bacgiangcity,53.10371723192664
2025-10-22 11:00:00+00:00,bienhoa_dongnai,94.6825221264079
2025-10-22 11:00:00+00:00,binhduong_thudaumot,94.34722205237138
2025-10-22 11:00:00+00:00,angiang_longxuyen,95.67720340257156
2025-10-22 11:00:00+00:00,backan_backancity,41.96861425222165
2025-10-22 11:00:00+00:00,bacninh_bacninhcity,54.915865253178836
2025-10-22 12:00:00+00:00,bacninh_bacninhcity,54.929405435371464
2025-10-22 12:00:00+00:00,bienhoa_dongnai,93.63151334424624
2025-10-22 12:00:00+00:00,bacgiang_bacgiangcity,53.45555747389545
2025-10-22 12:00:00+00:00,angiang_longxuyen,93.94911589544584
2025-10-22 12:00:00+00:00,binhduong_thudaumot,93.2971204450128
2025-10-22 12:00:00+00:00,backan_backancity,41.563026622519686
2025-10-22 13:00:00+00:00,bentre_bentrecity,142.57329484165183
2025-10-22 13:00:00+00:00,angiang_longxuyen,92.1055006561144
2025-10-22 13:00:00+00:00,backan_backancity,41.453969853027964
2025-10-22 13:00:00+00:00,bienhoa_dongnai,91.8060709699447
2025-10-22 13:00:00+00:00,bacninh_bacninhcity,55.13725941471152
2025-10-22 13:00:00+00:00,bacgiang_bacgiangcity,53.82233020470909
2025-10-22 13:00:00+00:00,binhduong_thudaumot,91.66337259096923
2025-10-22 14:00:00+00:00,binhduong_thudaumot,89.98386897182823
2025-10-22 14:00:00+00:00,backan_backancity,41.47254409395995
2025-10-22 14:00:00+00:00,angiang_longxuyen,90.73663370395371
2025-10-22 14:00:00+00:00,bentre_bentrecity,140.60751448324612
2025-10-22 14:00:00+00:00,bacninh_bacninhcity,55.45238191968689
2025-10-22 14:00:00+00:00,bacgiang_bacgiangcity,54.055498059369434
2025-10-22 14:00:00+00:00,bienhoa_dongnai,89.9641961139285
2025-10-22 15:00:00+00:00,binhduong_thudaumot,88.41039167973129
2025-10-22 15:00:00+00:00,backan_backancity,41.61401985365645
2025-10-22 15:00:00+00:00,angiang_longxuyen,89.83084141787677
2025-10-22 15:00:00+00:00,bacninh_bacninhcity,55.852983351190666
2025-10-22 15:00:00+00:00,bacgiang_bacgiangcity,54.20911734364808
2025-10-22 15:00:00+00:00,bienhoa_dongnai,88.26514581467812
2025-10-22 15:00:00+00:00,bentre_bentrecity,124.63642361381565
2025-10-22 16:00:00+00:00,bacninh_bacninhcity,56.20604186148015
2025-10-22 16:00:00+00:00,binhduong_thudaumot,87.09030875963657
2025-10-22 16:00:00+00:00,bacgiang_bacgiangcity,54.25945793104163
2025-10-22 16:00:00+00:00,bentre_bentrecity,105.54168597180588
2025-10-22 16:00:00+00:00,backan_backancity,41.84329360064893
2025-10-22 16:00:00+00:00,angiang_longxuyen,89.38484535081348
2025-10-22 16:00:00+00:00,bienhoa_dongnai,86.86040847465061
2025-10-22 17:00:00+00:00,bienhoa_dongnai,85.69506521059374
2025-10-22 17:00:00+00:00,binhduong_thudaumot,85.97970490180253
2025-10-22 17:00:00+00:00,bacgiang_bacgiangcity,54.178173328302975
2025-10-22 17:00:00+00:00,bentre_bentrecity,94.61155147029123
2025-10-22 17:00:00+00:00,backan_backancity,42.0806992886819
2025-10-22 17:00:00+00:00,bacninh_bacninhcity,56.4558347277594
2025-10-22 17:00:00+00:00,angiang_longxuyen,89.26948621824141
2025-10-22 18:00:00+00:00,binhduong_thudaumot,85.02063186826885
2025-10-22 18:00:00+00:00,backan_backancity,42.29726388651478
2025-10-22 18:00:00+00:00,bacninh_bacninhcity,56.58093348045942
2025-10-22 18:00:00+00:00,angiang_longxuyen,89.28929613132722
2025-10-22 18:00:00+00:00,bentre_bentrecity,91.2124740816548
2025-10-22 18:00:00+00:00,bienhoa_dongnai,84.69089993310155
2025-10-22 18:00:00+00:00,bacgiang_bacgiangcity,54.03406523884216
2025-10-22 19:00:00+00:00,bienhoa_dongnai,83.87485595137323
2025-10-22 19:00:00+00:00,bentre_bentrecity,90.95392273634157
2025-10-22 19:00:00+00:00,binhduong_thudaumot,84.24845968669922
2025-10-22 19:00:00+00:00,backan_backancity,42.46559811172385
2025-10-22 19:00:00+00:00,bacgiang_bacgiangcity,53.83936855736537
2025-10-22 19:00:00+00:00,angiang_longxuyen,89.40198595098953
2025-10-22 19:00:00+00:00,bacninh_bacninhcity,56.60338877618441
2025-10-22 20:00:00+00:00,bacgiang_bacgiangcity,53.654300546580195
2025-10-22 20:00:00+00:00,backan_backancity,42.58373533116288
2025-10-22 20:00:00+00:00,bentre_bentrecity,91.7427743165087
2025-10-22 20:00:00+00:00,bienhoa_dongnai,83.06616508915184
2025-10-22 20:00:00+00:00,bacninh_bacninhcity,56.59391673999117
2025-10-22 20:00:00+00:00,angiang_longxuyen,89.56838617523952
2025-10-22 20:00:00+00:00,binhduong_thudaumot,83.4439152877264
2025-10-22 21:00:00+00:00,bentre_bentrecity,92.70441985413024
2025-10-22 21:00:00+00:00,backan_backancity,42.79799392110306
2025-10-22 21:00:00+00:00,bacgiang_bacgiangcity,53.48197214166263
2025-10-22 21:00:00+00:00,angiang_longxuyen,89.64807832724472
2025-10-22 21:00:00+00:00,bienhoa_dongnai,82.40433647298764
2025-10-22 21:00:00+00:00,bacninh_bacninhcity,56.53405625586322
2025-10-22 21:00:00+00:00,binhduong_thudaumot,82.71486871696904
2025-10-22 22:00:00+00:00,bienhoa_dongnai,81.88961375654476
2025-10-22 22:00:00+00:00,angiang_longxuyen,90.12392740686238
2025-10-22 22:00:00+00:00,bacgiang_bacgiangcity,53.34583065682736
2025-10-22 22:00:00+00:00,bentre_bentrecity,93.90518970830855
2025-10-22 22:00:00+00:00,binhduong_thudaumot,82.07278474951633
2025-10-22 22:00:00+00:00,bacninh_bacninhcity,56.44375646755158
2025-10-22 22:00:00+00:00,backan_backancity,43.0088935712448
2025-10-22 23:00:00+00:00,bacninh_bacninhcity,56.39327664949281
2025-10-22 23:00:00+00:00,bacgiang_bacgiangcity,53.28456916413063
2025-10-22 23:00:00+00:00,backan_backancity,43.25839927427703
2025-10-22 23:00:00+00:00,bentre_bentrecity,95.25637871694461
2025-10-22 23:00:00+00:00,angiang_longxuyen,91.02361203524238
2025-10-22 23:00:00+00:00,binhduong_thudaumot,81.6459774962432
2025-10-22 23:00:00+00:00,bienhoa_dongnai,81.59138602260217
2025-10-23 00:00:00+00:00,angiang_longxuyen,92.37415818979136
2025-10-23 00:00:00+00:00,bienhoa_dongnai,81.60723656364578
2025-10-23 00:00:00+00:00,backan_backancity,43.466509960156095
2025-10-23 00:00:00+00:00,bacgiang_bacgiangcity,53.33561460676685
2025-10-23 00:00:00+00:00,binhduong_thudaumot,81.42465295004313
2025-10-23 00:00:00+00:00,bacninh_bacninhcity,56.43143455367962
2025-10-23 00:00:00+00:00,bentre_bentrecity,96.71422167835777
2025-10-23 01:00:00+00:00,backan_backancity,43.68544147929771
2025-10-23 01:00:00+00:00,binhduong_thudaumot,80.79375964730745
2025-10-23 01:00:00+00:00,bentre_bentrecity,97.42334738659298
2025-10-23 01:00:00+00:00,angiang_longxuyen,93.57546212409954
2025-10-23 01:00:00+00:00,bienhoa_dongnai,81.0455321996078
2025-10-23 01:00:00+00:00,bacgiang_bacgiangcity,53.41963161131045
2025-10-23 01:00:00+00:00,bacninh_bacninhcity,56.46295289551877
2025-10-23 02:00:00+00:00,binhduong_thudaumot,79.78758749030487
2025-10-23 02:00:00+00:00,bacninh_bacninhcity,56.63333207112325
2025-10-23 02:00:00+00:00,backan_backancity,43.855798900110756
2025-10-23 02:00:00+00:00,bacgiang_bacgiangcity,53.68061949326503
2025-10-23 02:00:00+00:00,angiang_longxuyen,93.93885742354203
2025-10-23 02:00:00+00:00,bienhoa_dongnai,79.95878029510924
2025-10-23 02:00:00+00:00,bentre_bentrecity,97.57162586957296
2025-10-23 03:00:00+00:00,bacninh_bacninhcity,56.798833822486756
2025-10-23 03:00:00+00:00,bienhoa_dongnai,78.49639710872242
2025-10-23 03:00:00+00:00,bentre_bentrecity,97.81533500842585
2025-10-23 03:00:00+00:00,backan_backancity,43.997344275139874
2025-10-23 03:00:00+00:00,binhduong_thudaumot,78.53270585563678
2025-10-23 03:00:00+00:00,angiang_longxuyen,93.5069562858531
2025-10-23 03:00:00+00:00,bacgiang_bacgiangcity,53.974500619877794
2025-10-23 04:00:00+00:00,bienhoa_dongnai,76.8710400777375
2025-10-23 04:00:00+00:00,binhduong_thudaumot,77.16965939792604
2025-10-23 04:00:00+00:00,backan_backancity,44.07389503526105
2025-10-23 04:00:00+00:00,angiang_longxuyen,92.72925729951797
2025-10-23 04:00:00+00:00,bacgiang_bacgiangcity,54.27212792157663
2025-10-23 04:00:00+00:00,bentre_bentrecity,98.50916709827831
2025-10-23 04:00:00+00:00,bacninh_bacninhcity,56.94097962975963
2025-10-23 05:00:00+00:00,bienhoa_dongnai,75.36297618028372
2025-10-23 05:00:00+00:00,bacgiang_bacgiangcity,54.51834865110134
2025-10-23 05:00:00+00:00,bacninh_bacninhcity,57.00331580915353
2025-10-23 05:00:00+00:00,bentre_bentrecity,99.43884886470596
2025-10-23 05:00:00+00:00,angiang_longxuyen,92.015906810785
2025-10-23 05:00:00+00:00,backan_backancity,44.09922631441449
2025-10-23 05:00:00+00:00,binhduong_thudaumot,75.92092566731905
2025-10-23 06:00:00+00:00,backan_backancity,44.24875134694401
2025-10-23 06:00:00+00:00,bentre_bentrecity,100.56807863110166
2025-10-23 06:00:00+00:00,bacninh_bacninhcity,57.00149710858909
2025-10-23 06:00:00+00:00,angiang_longxuyen,91.85671503667885
2025-10-23 06:00:00+00:00,bienhoa_dongnai,73.9683461163595
2025-10-23 06:00:00+00:00,bacgiang_bacgiangcity,54.70416937767036
2025-10-23 06:00:00+00:00,binhduong_thudaumot,74.74936923482676
2025-10-23 07:00:00+00:00,bentre_bentrecity,102.14172071574376
2025-10-23 07:00:00+00:00,bacninh_bacninhcity,57.08723709261478
2025-10-23 07:00:00+00:00,binhduong_thudaumot,73.86977080538387
2025-10-23 07:00:00+00:00,backan_backancity,44.42982082706241
2025-10-23 07:00:00+00:00,angiang_longxuyen,92.29750300667126
2025-10-23 07:00:00+00:00,bacgiang_bacgiangcity,55.01281330575472
2025-10-23 07:00:00+00:00,bienhoa_dongnai,72.97177217334051
2025-10-23 08:00:00+00:00,binhduong_thudaumot,73.40748148727113
2025-10-23 08:00:00+00:00,angiang_longxuyen,93.35636961950127
2025-10-23 08:00:00+00:00,backan_backancity,44.596801904243875
2025-10-23 08:00:00+00:00,bentre_bentrecity,103.69830214906837
2025-10-23 08:00:00+00:00,bacninh_bacninhcity,57.42674236783677
2025-10-23 08:00:00+00:00,bacgiang_bacgiangcity,55.52186237258988
2025-10-23 08:00:00+00:00,bienhoa_dongnai,72.53246896786392
2025-10-23 09:00:00+00:00,binhduong_thudaumot,73.449611816375
2025-10-23 09:00:00+00:00,angiang_longxuyen,94.77480160074063
2025-10-23 09:00:00+00:00,bentre_bentrecity,104.83872258018111
2025-10-23 09:00:00+00:00,bacninh_bacninhcity,57.94306188597138
2025-10-23 09:00:00+00:00,bacgiang_bacgiangcity,56.185975241855346
2025-10-23 09:00:00+00:00,bienhoa_dongnai,72.73724246873599
2025-10-23 09:00:00+00:00,backan_backancity,44.76391351017398
2025-10-23 10:00:00+00:00,bienhoa_dongnai,73.00064513254048
2025-10-23 10:00:00+00:00,angiang_longxuyen,96.30818154899384
2025-10-23 10:00:00+00:00,bentre_bentrecity,105.6414439276312
2025-10-23 10:00:00+00:00,backan_backancity,44.984211230218065
2025-10-23 10:00:00+00:00,bacgiang_bacgiangcity,56.93061999807562
2025-10-23 10:00:00+00:00,bacninh_bacninhcity,58.53943903660739
2025-10-23 10:00:00+00:00,binhduong_thudaumot,73.50092701842507
2025-10-23 11:00:00+00:00,angiang_longxuyen,97.47508245611786
2025-10-23 11:00:00+00:00,binhduong_thudaumot,73.49168123206283
2025-10-23 11:00:00+00:00,bacgiang_bacgiangcity,57.835584514338244
2025-10-23 11:00:00+00:00,bentre_bentrecity,105.36618299894734
2025-10-23 11:00:00+00:00,backan_backancity,45.207833082394274
2025-10-23 11:00:00+00:00,bienhoa_dongnai,73.18285891468865
2025-10-23 11:00:00+00:00,bacninh_bacninhcity,59.33758317593839
2025-10-23 12:00:00+00:00,bienhoa_dongnai,73.06607049231894
2025-10-23 12:00:00+00:00,bacgiang_bacgiangcity,58.85503144507788
2025-10-23 12:00:00+00:00,bentre_bentrecity,103.79949673693346
2025-10-23 12:00:00+00:00,angiang_longxuyen,97.64263568431421
2025-10-23 12:00:00+00:00,backan_backancity,45.56673057870642
2025-10-23 12:00:00+00:00,bacninh_bacninhcity,60.30679394228339
2025-10-23 12:00:00+00:00,binhduong_thudaumot,73.14813391659116
2025-10-23 13:00:00+00:00,bentre_bentrecity,101.30634705795069
2025-10-23 13:00:00+00:00,bacninh_bacninhcity,61.22884467174347
2025-10-23 13:00:00+00:00,bacgiang_bacgiangcity,59.77750856845019
2025-10-23 13:00:00+00:00,binhduong_thudaumot,72.43328017176965
2025-10-23 13:00:00+00:00,backan_backancity,45.74187840459468
2025-10-23 13:00:00+00:00,angiang_longxuyen,96.25561762191508
2025-10-23 13:00:00+00:00,bienhoa_dongnai,72.34283245087622
2025-10-23 14:00:00+00:00,backan_backancity,45.891903797327345
2025-10-23 14:00:00+00:00,binhduong_thudaumot,71.72983899053787
2025-10-23 14:00:00+00:00,angiang_longxuyen,94.16404779618111
2025-10-23 14:00:00+00:00,bacgiang_bacgiangcity,60.45664964764282
2025-10-23 14:00:00+00:00,bienhoa_dongnai,71.24823576858418
2025-10-23 14:00:00+00:00,bentre_bentrecity,98.70198960447249
2025-10-23 14:00:00+00:00,bacninh_bacninhcity,62.003350054695105
2025-10-23 15:00:00+00:00,bentre_bentrecity,96.36498766040354
2025-10-23 15:00:00+00:00,angiang_longxuyen,92.2214808879821
2025-10-23 15:00:00+00:00,bacninh_bacninhcity,62.67955858800154
2025-10-23 15:00:00+00:00,backan_backancity,46.07695440427937
2025-10-23 15:00:00+00:00,bienhoa_dongnai,70.39815424016788
2025-10-23 15:00:00+00:00,bacgiang_bacgiangcity,60.98186687547663
2025-10-23 15:00:00+00:00,binhduong_thudaumot,71.40187245669597
2025-10-23 16:00:00+00:00,bacninh_bacninhcity,63.24559215553621
2025-10-23 16:00:00+00:00,bacgiang_bacgiangcity,61.39184897304959
2025-10-23 16:00:00+00:00,backan_backancity,46.33878637214185
2025-10-23 16:00:00+00:00,bentre_bentrecity,94.37379879333479
2025-10-23 16:00:00+00:00,bienhoa_dongnai,70.08737834252236
2025-10-23 16:00:00+00:00,angiang_longxuyen,91.10586690167929
2025-10-23 16:00:00+00:00,binhduong_thudaumot,71.53136567726699
2025-10-23 17:00:00+00:00,bentre_bentrecity,93.16545392077686
2025-10-23 17:00:00+00:00,bacninh_bacninhcity,63.80364606557046
2025-10-23 17:00:00+00:00,bacgiang_bacgiangcity,61.79627054593033
2025-10-23 17:00:00+00:00,binhduong_thudaumot,71.98789432660627
2025-10-23 17:00:00+00:00,angiang_longxuyen,90.6601699629983
2025-10-23 17:00:00+00:00,backan_backancity,46.57343790357844
2025-10-23 17:00:00+00:00,bienhoa_dongnai,70.04947279391625
2025-10-23 18:00:00+00:00,bacgiang_bacgiangcity,62.20492560122541
2025-10-23 18:00:00+00:00,angiang_longxuyen,90.32270093625515
2025-10-23 18:00:00+00:00,binhduong_thudaumot,72.61229599957605
2025-10-23 18:00:00+00:00,bacninh_bacninhcity,64.3509008971336
2025-10-23 18:00:00+00:00,bienhoa_dongnai,70.15480949407163
2025-10-23 18:00:00+00:00,bentre_bentrecity,92.5554713235739
2025-10-23 18:00:00+00:00,backan_backancity,46.78531216837672
2025-10-23 19:00:00+00:00,backan_backancity,46.96303141061327
2025-10-23 19:00:00+00:00,bentre_bentrecity,92.1684894792515
2025-10-23 19:00:00+00:00,bacgiang_bacgiangcity,62.804026451749785
2025-10-23 19:00:00+00:00,bienhoa_dongnai,70.29257388634838
2025-10-23 19:00:00+00:00,binhduong_thudaumot,73.24390721042926
2025-10-23 19:00:00+00:00,bacninh_bacninhcity,65.080008381307
2025-10-23 19:00:00+00:00,angiang_longxuyen,90.00843339458339
2025-10-23 20:00:00+00:00,backan_backancity,47.20580183021549
2025-10-23 20:00:00+00:00,bienhoa_dongnai,70.66054748164953
2025-10-23 20:00:00+00:00,bentre_bentrecity,91.98135258780033
2025-10-23 20:00:00+00:00,bacninh_bacninhcity,65.79661121136034
2025-10-23 20:00:00+00:00,angiang_longxuyen,89.65330165266961
2025-10-23 20:00:00+00:00,binhduong_thudaumot,73.9071150803708
2025-10-23 20:00:00+00:00,bacgiang_bacgiangcity,63.41144198356276
2025-10-23 21:00:00+00:00,bienhoa_dongnai,71.27806593860753
2025-10-23 21:00:00+00:00,bentre_bentrecity,91.76329452353505
2025-10-23 21:00:00+00:00,angiang_longxuyen,88.9774694772551
2025-10-23 21:00:00+00:00,bacgiang_bacgiangcity,63.91481304983193
2025-10-23 21:00:00+00:00,backan_backancity,47.4705141324647
2025-10-23 21:00:00+00:00,bacninh_bacninhcity,66.52406533138425
2025-10-23 21:00:00+00:00,binhduong_thudaumot,74.47940967688207
2025-10-23 22:00:00+00:00,binhduong_thudaumot,74.81163579888803
2025-10-23 22:00:00+00:00,bienhoa_dongnai,72.0031487863644
2025-10-23 22:00:00+00:00,backan_backancity,47.86082119665878
2025-10-23 22:00:00+00:00,bacgiang_bacgiangcity,64.54172957669225
2025-10-23 22:00:00+00:00,angiang_longxuyen,88.12457722978469
2025-10-23 22:00:00+00:00,bacninh_bacninhcity,67.39252095665127
2025-10-23 22:00:00+00:00,bentre_bentrecity,91.31788692358022
2025-10-23 23:00:00+00:00,binhduong_thudaumot,74.9461674291567
2025-10-23 23:00:00+00:00,bacninh_bacninhcity,68.2872302642288
2025-10-23 23:00:00+00:00,bacgiang_bacgiangcity,65.22288514957228
2025-10-23 23:00:00+00:00,bienhoa_dongnai,72.72293216692637
2025-10-23 23:00:00+00:00,angiang_longxuyen,87.01532869545741
2025-10-23 23:00:00+00:00,bentre_bentrecity,90.82695307157765
2025-10-23 23:00:00+00:00,backan_backancity,48.461388320126254
2025-10-24 00:00:00+00:00,bentre_bentrecity,90.07526628936806
2025-10-24 00:00:00+00:00,bacgiang_bacgiangcity,65.95557782337508
2025-10-24 00:00:00+00:00,bacninh_bacninhcity,69.20810188399278
2025-10-24 00:00:00+00:00,backan_backancity,49.22104388244054
2025-10-24 00:00:00+00:00,bienhoa_dongnai,73.41956844939553
2025-10-24 00:00:00+00:00,binhduong_thudaumot,74.99559866626802
2025-10-24 00:00:00+00:00,angiang_longxuyen,85.51420675195232
2025-10-24 01:00:00+00:00,bienhoa_dongnai,74.00818784140382
2025-10-24 01:00:00+00:00,bacgiang_bacgiangcity,66.82670058607272
2025-10-24 01:00:00+00:00,bentre_bentrecity,89.25106752406822
2025-10-24 01:00:00+00:00,binhduong_thudaumot,74.97405707178355
2025-10-24 01:00:00+00:00,backan_backancity,49.82094095833165
2025-10-24 01:00:00+00:00,angiang_longxuyen,83.87437299500326
2025-10-24 01:00:00+00:00,bacninh_bacninhcity,70.1698725116651
2025-10-24 02:00:00+00:00,binhduong_thudaumot,74.91223430546765
2025-10-24 02:00:00+00:00,angiang_longxuyen,82.27297234035271
2025-10-24 02:00:00+00:00,backan_backancity,50.54534940755387
2025-10-24 02:00:00+00:00,bentre_bentrecity,87.98770043299874
2025-10-24 02:00:00+00:00,bacninh_bacninhcity,71.10211318543595
2025-10-24 02:00:00+00:00,bacgiang_bacgiangcity,67.75652212703537
2025-10-24 02:00:00+00:00,bienhoa_dongnai,74.49179685512834
2025-10-24 03:00:00+00:00,bacninh_bacninhcity,71.7817241681237
2025-10-24 03:00:00+00:00,bacgiang_bacgiangcity,68.56309842352874
2025-10-24 03:00:00+00:00,angiang_longxuyen,81.09395836535458
2025-10-24 03:00:00+00:00,bienhoa_dongnai,75.12721080352537
2025-10-24 03:00:00+00:00,binhduong_thudaumot,75.02081246954768
2025-10-24 03:00:00+00:00,bentre_bentrecity,86.36360735539651
2025-10-24 03:00:00+00:00,backan_backancity,51.29400574731579
2025-10-24 04:00:00+00:00,bacninh_bacninhcity,72.43753105801714
2025-10-24 04:00:00+00:00,bacgiang_bacgiangcity,69.40547440481677
2025-10-24 04:00:00+00:00,bentre_bentrecity,84.81092111747934
2025-10-24 04:00:00+00:00,binhduong_thudaumot,75.28406284981209
2025-10-24 04:00:00+00:00,angiang_longxuyen,80.25961425306642
2025-10-24 04:00:00+00:00,bienhoa_dongnai,75.80573404664108
2025-10-24 04:00:00+00:00,backan_backancity,51.98606482166585
2025-10-24 05:00:00+00:00,backan_backancity,52.560987396983144
2025-10-24 05:00:00+00:00,bentre_bentrecity,83.73641716056183
2025-10-24 05:00:00+00:00,angiang_longxuyen,79.9262351271141
2025-10-24 05:00:00+00:00,bacninh_bacninhcity,72.96154307040514
2025-10-24 05:00:00+00:00,bienhoa_dongnai,77.02491606855514
2025-10-24 05:00:00+00:00,binhduong_thudaumot,76.09891031801118
2025-10-24 05:00:00+00:00,bacgiang_bacgiangcity,70.18182024312429
2025-10-24 06:00:00+00:00,bienhoa_dongnai,79.57467334647572
2025-10-24 06:00:00+00:00,bentre_bentrecity,83.63969970877521
2025-10-24 06:00:00+00:00,bacninh_bacninhcity,73.37694211104682
2025-10-24 06:00:00+00:00,backan_backancity,53.18074659745952
2025-10-24 06:00:00+00:00,angiang_longxuyen,80.20778128698005
2025-10-24 06:00:00+00:00,bacgiang_bacgiangcity,70.87637241657343
2025-10-24 06:00:00+00:00,binhduong_thudaumot,78.31294330346213
2025-10-24 07:00:00+00:00,bacgiang_bacgiangcity,71.72107616054559
2025-10-24 07:00:00+00:00,binhduong_thudaumot,82.17828678608666
2025-10-24 07:00:00+00:00,backan_backancity,53.75115287807374
2025-10-24 07:00:00+00:00,angiang_longxuyen,80.83664704315345
2025-10-24 07:00:00+00:00,bienhoa_dongnai,83.86107211551646
2025-10-24 07:00:00+00:00,bacninh_bacninhcity,73.95811266246585
2025-10-24 07:00:00+00:00,bentre_bentrecity,84.43278368361713
2025-10-24 08:00:00+00:00,binhduong_thudaumot,86.64461834739302
2025-10-24 08:00:00+00:00,bacgiang_bacgiangcity,72.69094392159211
2025-10-24 08:00:00+00:00,backan_backancity,54.21909844196103
2025-10-24 08:00:00+00:00,angiang_longxuyen,81.74219458782669
2025-10-24 08:00:00+00:00,bienhoa_dongnai,88.8350604370058
2025-10-24 08:00:00+00:00,bentre_bentrecity,85.5838155581248
2025-10-24 08:00:00+00:00,bacninh_bacninhcity,74.72090091474757
2025-10-24 09:00:00+00:00,bienhoa_dongnai,92.9524701616151
2025-10-24 09:00:00+00:00,bentre_bentrecity,86.81706857914264
2025-10-24 09:00:00+00:00,bacninh_bacninhcity,75.83255335352905
2025-10-24 09:00:00+00:00,angiang_longxuyen,82.6075349269594
2025-10-24 09:00:00+00:00,backan_backancity,54.77627780937937
2025-10-24 09:00:00+00:00,bacgiang_bacgiangcity,73.92615052288131
2025-10-24 09:00:00+00:00,binhduong_thudaumot,90.26892526729313
2025-10-24 10:00:00+00:00,bienhoa_dongnai,94.97629991776132
2025-10-24 10:00:00+00:00,backan_backancity,55.35279718638841
2025-10-24 10:00:00+00:00,angiang_longxuyen,83.31718927662662
2025-10-24 10:00:00+00:00,bacninh_bacninhcity,77.26512812468395
2025-10-24 10:00:00+00:00,bacgiang_bacgiangcity,75.37974912448442
2025-10-24 10:00:00+00:00,binhduong_thudaumot,92.01664429821484
2025-10-24 10:00:00+00:00,bentre_bentrecity,88.15884755274107
2025-10-24 11:00:00+00:00,backan_backancity,55.90730071445955
2025-10-24 11:00:00+00:00,angiang_longxuyen,83.7433134294485
2025-10-24 11:00:00+00:00,bienhoa_dongnai,94.54974937102722
2025-10-24 11:00:00+00:00,binhduong_thudaumot,91.46959287395167
2025-10-24 11:00:00+00:00,bentre_bentrecity,88.88902972361163
2025-10-24 11:00:00+00:00,bacgiang_bacgiangcity,77.2299549778828
2025-10-24 11:00:00+00:00,bacninh_bacninhcity,79.01572313903412
2025-10-24 12:00:00+00:00,backan_backancity,56.46416681288115
2025-10-24 12:00:00+00:00,angiang_longxuyen,84.09338283139405
2025-10-24 12:00:00+00:00,binhduong_thudaumot,89.16774340963201
2025-10-24 12:00:00+00:00,bacgiang_bacgiangcity,79.25150156866734
2025-10-24 12:00:00+00:00,bentre_bentrecity,88.30667136057994
2025-10-24 12:00:00+00:00,bienhoa_dongnai,92.43460714102778
2025-10-24 12:00:00+00:00,bacninh_bacninhcity,80.97016925109928
2025-10-24 13:00:00+00:00,bentre_bentrecity,86.75406017669324
2025-10-24 13:00:00+00:00,binhduong_thudaumot,86.36152759733478
2025-10-24 13:00:00+00:00,bienhoa_dongnai,89.54813463988746
2025-10-24 13:00:00+00:00,angiang_longxuyen,84.54291078884773
2025-10-24 13:00:00+00:00,bacninh_bacninhcity,83.36204330561884
2025-10-24 13:00:00+00:00,backan_backancity,57.300112077819335
2025-10-24 13:00:00+00:00,bacgiang_bacgiangcity,81.604778272213
2025-10-24 14:00:00+00:00,bacninh_bacninhcity,85.83863813218511
2025-10-24 14:00:00+00:00,binhduong_thudaumot,84.70475338429092
2025-10-24 14:00:00+00:00,bienhoa_dongnai,87.65083618945762
2025-10-24 14:00:00+00:00,angiang_longxuyen,85.24682078583506
2025-10-24 14:00:00+00:00,backan_backancity,58.27803781361544
2025-10-24 14:00:00+00:00,bacgiang_bacgiangcity,84.12799905553433
2025-10-24 14:00:00+00:00,bentre_bentrecity,85.62638533401577
2025-10-24 15:00:00+00:00,angiang_longxuyen,86.12799861313653
2025-10-24 15:00:00+00:00,bienhoa_dongnai,87.01613362274071
2025-10-24 15:00:00+00:00,bentre_bentrecity,85.50314444050477
2025-10-24 15:00:00+00:00,bacninh_bacninhcity,88.31036967512485
2025-10-24 15:00:00+00:00,binhduong_thudaumot,84.37259252665928
2025-10-24 15:00:00+00:00,bacgiang_bacgiangcity,86.71093782909969
2025-10-24 15:00:00+00:00,backan_backancity,59.44172771352282
2025-10-24 16:00:00+00:00,bacninh_bacninhcity,90.75780002828584
2025-10-24 16:00:00+00:00,bienhoa_dongnai,87.01539831079002
2025-10-24 16:00:00+00:00,bacgiang_bacgiangcity,89.12092383523313
2025-10-24 16:00:00+00:00,bentre_bentrecity,86.21978207822443
2025-10-24 16:00:00+00:00,backan_backancity,60.760716367608076
2025-10-24 16:00:00+00:00,binhduong_thudaumot,84.68429517842019
2025-10-24 16:00:00+00:00,angiang_longxuyen,87.3767323437435
2025-10-24 17:00:00+00:00,angiang_longxuyen,88.78500266190098
2025-10-24 17:00:00+00:00,bacgiang_bacgiangcity,91.25255837262367
2025-10-24 17:00:00+00:00,binhduong_thudaumot,85.29066756798358
2025-10-24 17:00:00+00:00,bentre_bentrecity,87.65396235298763
2025-10-24 17:00:00+00:00,bienhoa_dongnai,87.26441670649398
2025-10-24 17:00:00+00:00,bacninh_bacninhcity,92.92804496952516
2025-10-24 17:00:00+00:00,backan_backancity,62.14317680120041
2025-10-24 18:00:00+00:00,bacninh_bacninhcity,94.8090023083644
2025-10-24 18:00:00+00:00,binhduong_thudaumot,85.85573957373657
2025-10-24 18:00:00+00:00,bacgiang_bacgiangcity,93.17716452500933
2025-10-24 18:00:00+00:00,backan_backancity,63.29615029084416
2025-10-24 18:00:00+00:00,bentre_bentrecity,89.44307422558339
2025-10-24 18:00:00+00:00,angiang_longxuyen,90.47548701202162
2025-10-24 18:00:00+00:00,bienhoa_dongnai,87.44738755538428
2025-10-24 19:00:00+00:00,bacninh_bacninhcity,96.5680349185748
2025-10-24 19:00:00+00:00,backan_backancity,64.1834238107073
2025-10-24 19:00:00+00:00,bentre_bentrecity,91.26556229920729
2025-10-24 19:00:00+00:00,bienhoa_dongnai,87.53884469860057
2025-10-24 19:00:00+00:00,angiang_longxuyen,92.28273367876224
2025-10-24 19:00:00+00:00,binhduong_thudaumot,86.3017345530603
2025-10-24 19:00:00+00:00,bacgiang_bacgiangcity,95.03268072299836
2025-10-24 20:00:00+00:00,backan_backancity,65.04966044724736
2025-10-24 20:00:00+00:00,bienhoa_dongnai,87.74108594174895
2025-10-24 20:00:00+00:00,bacgiang_bacgiangcity,96.86064882858615
2025-10-24 20:00:00+00:00,bentre_bentrecity,93.15370633339893
2025-10-24 20:00:00+00:00,angiang_longxuyen,93.98112154461326
2025-10-24 20:00:00+00:00,bacninh_bacninhcity,98.28510471157543
2025-10-24 20:00:00+00:00,binhduong_thudaumot,86.71348966613567
2025-10-24 21:00:00+00:00,angiang_longxuyen,95.63804477797848
2025-10-24 21:00:00+00:00,bienhoa_dongnai,88.1422442959136
2025-10-24 21:00:00+00:00,backan_backancity,65.83352474147675
2025-10-24 21:00:00+00:00,bacninh_bacninhcity,99.88509674348018
2025-10-24 21:00:00+00:00,bentre_bentrecity,94.66302983327712
2025-10-24 21:00:00+00:00,binhduong_thudaumot,87.11793734476613
2025-10-24 21:00:00+00:00,bacgiang_bacgiangcity,98.52639471762012
2025-10-24 22:00:00+00:00,bacgiang_bacgiangcity,100.24050259576612
2025-10-24 22:00:00+00:00,backan_backancity,66.62163992195363
2025-10-24 22:00:00+00:00,binhduong_thudaumot,87.66364758613699
2025-10-24 22:00:00+00:00,bentre_bentrecity,95.70042229147612
2025-10-24 22:00:00+00:00,angiang_longxuyen,97.18911463489161
2025-10-24 22:00:00+00:00,bienhoa_dongnai,88.88185608113409
2025-10-24 22:00:00+00:00,bacninh_bacninhcity,101.46276672775753
2025-10-24 23:00:00+00:00,backan_backancity,67.38304892045804
2025-10-24 23:00:00+00:00,bacninh_bacninhcity,102.92125363099733
2025-10-24 23:00:00+00:00,bentre_bentrecity,96.35280497719681
2025-10-24 23:00:00+00:00,bacgiang_bacgiangcity,101.81100492013356
2025-10-24 23:00:00+00:00,binhduong_thudaumot,88.32183227473489
2025-10-24 23:00:00+00:00,bienhoa_dongnai,89.80669359937771
2025-10-24 23:00:00+00:00,angiang_longxuyen,98.51715872091401
2025-10-25 00:00:00+00:00,bienhoa_dongnai,90.80696259372289
2025-10-25 00:00:00+00:00,bacninh_bacninhcity,104.37326793991376
2025-10-25 00:00:00+00:00,binhduong_thudaumot,89.07681164462902
2025-10-25 00:00:00+00:00,backan_backancity,68.158933557187
2025-10-25 00:00:00+00:00,bacgiang_bacgiangcity,103.3322892043458
2025-10-25 00:00:00+00:00,angiang_longxuyen,99.620196262285
2025-10-25 00:00:00+00:00,bentre_bentrecity,97.00433922605131
2025-10-25 01:00:00+00:00,bienhoa_dongnai,90.89572866923795
2025-10-25 01:00:00+00:00,bacninh_bacninhcity,105.0896260285634
2025-10-25 01:00:00+00:00,bacgiang_bacgiangcity,104.17770514580275
2025-10-25 01:00:00+00:00,binhduong_thudaumot,89.26098879670471
2025-10-25 01:00:00+00:00,angiang_longxuyen,99.88296694939815
2025-10-25 01:00:00+00:00,backan_backancity,68.66861786393223
2025-10-25 01:00:00+00:00,bentre_bentrecity,96.98837556009221
2025-10-25 02:00:00+00:00,bentre_bentrecity,96.50245618751669
2025-10-25 02:00:00+00:00,binhduong_thudaumot,88.77755817227
2025-10-25 02:00:00+00:00,backan_backancity,69.04092066273006
2025-10-25 02:00:00+00:00,bacgiang_bacgiangcity,104.33496319088474
2025-10-25 02:00:00+00:00,bacninh_bacninhcity,105.24196178014705
2025-10-25 02:00:00+00:00,bienhoa_dongnai,90.01891485309947
2025-10-25 02:00:00+00:00,angiang_longxuyen,99.52196250153499
2025-10-25 03:00:00+00:00,backan_backancity,69.29161417737495
2025-10-25 03:00:00+00:00,bacninh_bacninhcity,104.93215954538593
2025-10-25 03:00:00+00:00,bienhoa_dongnai,88.44180342309237
2025-10-25 03:00:00+00:00,binhduong_thudaumot,87.71166911276298
2025-10-25 03:00:00+00:00,bacgiang_bacgiangcity,103.93949779370519
2025-10-25 03:00:00+00:00,bentre_bentrecity,95.7270196994914
2025-10-25 03:00:00+00:00,angiang_longxuyen,98.61700342397022
2025-10-25 04:00:00+00:00,backan_backancity,69.38137444685887
2025-10-25 04:00:00+00:00,bacgiang_bacgiangcity,103.13941231117302
2025-10-25 04:00:00+00:00,binhduong_thudaumot,86.11590730005385
2025-10-25 04:00:00+00:00,bacninh_bacninhcity,104.23651732091815
2025-10-25 04:00:00+00:00,angiang_longxuyen,97.52338353181386
2025-10-25 04:00:00+00:00,bentre_bentrecity,95.0999149936851
2025-10-25 04:00:00+00:00,bienhoa_dongnai,86.40642948686818
2025-10-25 05:00:00+00:00,bacgiang_bacgiangcity,102.2505088135612
2025-10-25 05:00:00+00:00,bacninh_bacninhcity,103.40959050477167
2025-10-25 05:00:00+00:00,bentre_bentrecity,94.82168100081599
2025-10-25 05:00:00+00:00,backan_backancity,69.43565265150318
2025-10-25 05:00:00+00:00,bienhoa_dongnai,84.27086277092475
2025-10-25 05:00:00+00:00,angiang_longxuyen,96.09057489665096
2025-10-25 05:00:00+00:00,binhduong_thudaumot,84.23155186279158
2025-10-25 06:00:00+00:00,backan_backancity,69.53413659235477
2025-10-25 06:00:00+00:00,binhduong_thudaumot,82.43350529735119
2025-10-25 06:00:00+00:00,bacninh_bacninhcity,102.78309874021423
2025-10-25 06:00:00+00:00,angiang_longxuyen,94.88918285543745
2025-10-25 06:00:00+00:00,bienhoa_dongnai,82.31882273879293
2025-10-25 06:00:00+00:00,bacgiang_bacgiangcity,101.67619917949274
2025-10-25 06:00:00+00:00,bentre_bentrecity,95.40206620426402
2025-10-25 07:00:00+00:00,backan_backancity,69.69403430944317
2025-10-25 07:00:00+00:00,binhduong_thudaumot,81.12793064766822
2025-10-25 07:00:00+00:00,angiang_longxuyen,93.89725682360974
2025-10-25 07:00:00+00:00,bienhoa_dongnai,81.04077660219889
2025-10-25 07:00:00+00:00,bacgiang_bacgiangcity,101.77206166797575
2025-10-25 07:00:00+00:00,bentre_bentrecity,97.04251670955043
2025-10-25 07:00:00+00:00,bacninh_bacninhcity,102.71404848831197
2025-10-25 08:00:00+00:00,bacninh_bacninhcity,103.32207913685293
2025-10-25 08:00:00+00:00,bienhoa_dongnai,80.2147602240742
2025-10-25 08:00:00+00:00,bacgiang_bacgiangcity,102.63291562524363
2025-10-25 08:00:00+00:00,backan_backancity,69.78793669121737
2025-10-25 08:00:00+00:00,angiang_longxuyen,92.73023191417451
2025-10-25 08:00:00+00:00,binhduong_thudaumot,80.16565530883447
2025-10-25 08:00:00+00:00,bentre_bentrecity,98.81849195133476
2025-10-25 09:00:00+00:00,bacgiang_bacgiangcity,103.89995737252232
2025-10-25 09:00:00+00:00,angiang_longxuyen,91.01485246846882
2025-10-25 09:00:00+00:00,bentre_bentrecity,99.86324623095724
2025-10-25 09:00:00+00:00,backan_backancity,69.70046502579301
2025-10-25 09:00:00+00:00,binhduong_thudaumot,79.45417355668624
2025-10-25 09:00:00+00:00,bacninh_bacninhcity,104.32681955664384
2025-10-25 09:00:00+00:00,bienhoa_dongnai,79.7063463971491
2025-10-25 10:00:00+00:00,bentre_bentrecity,99.70352146446079
2025-10-25 10:00:00+00:00,bacgiang_bacgiangcity,104.99337657672766
2025-10-25 10:00:00+00:00,bacninh_bacninhcity,105.18339053934685
2025-10-25 10:00:00+00:00,angiang_longxuyen,88.79401784747395
2025-10-25 10:00:00+00:00,backan_backancity,69.41353673052465
2025-10-25 10:00:00+00:00,binhduong_thudaumot,79.07420001842645
2025-10-25 10:00:00+00:00,bienhoa_dongnai,79.54812814995991
2025-10-25 11:00:00+00:00,bentre_bentrecity,98.91554225143042
2025-10-25 11:00:00+00:00,angiang_longxuyen,86.66478939001674
2025-10-25 11:00:00+00:00,bienhoa_dongnai,79.72673933864552
2025-10-25 11:00:00+00:00,bacgiang_bacgiangcity,105.45269446226449
2025-10-25 11:00:00+00:00,binhduong_thudaumot,79.08031311482127
2025-10-25 11:00:00+00:00,bacninh_bacninhcity,105.55015701565794
2025-10-25 11:00:00+00:00,backan_backancity,68.98444522415028
2025-10-25 12:00:00+00:00,bacninh_bacninhcity,105.40557249626458
2025-10-25 12:00:00+00:00,angiang_longxuyen,84.7978595406984
2025-10-25 12:00:00+00:00,bacgiang_bacgiangcity,105.25905914267511
2025-10-25 12:00:00+00:00,binhduong_thudaumot,79.32875718403119
2025-10-25 12:00:00+00:00,bentre_bentrecity,97.88898041615013
2025-10-25 12:00:00+00:00,bienhoa_dongnai,80.07773114374814
2025-10-25 12:00:00+00:00,backan_backancity,68.44808519214058
2025-10-25 13:00:00+00:00,bacninh_bacninhcity,105.17150331340136
2025-10-25 13:00:00+00:00,angiang_longxuyen,83.05683228362382
2025-10-25 13:00:00+00:00,bienhoa_dongnai,79.89891546002299
2025-10-25 13:00:00+00:00,binhduong_thudaumot,79.33543155404517
2025-10-25 13:00:00+00:00,bacgiang_bacgiangcity,104.88209102885284
2025-10-25 13:00:00+00:00,backan_backancity,67.69954197729416
2025-10-25 13:00:00+00:00,bentre_bentrecity,96.76157533288652
2025-10-25 14:00:00+00:00,bienhoa_dongnai,79.07323845664477
2025-10-25 14:00:00+00:00,angiang_longxuyen,81.24202582685759
2025-10-25 14:00:00+00:00,bentre_bentrecity,95.52013598384958
2025-10-25 14:00:00+00:00,binhduong_thudaumot,78.92089835410283
2025-10-25 14:00:00+00:00,backan_backancity,66.79768404524924
2025-10-25 14:00:00+00:00,bacgiang_bacgiangcity,104.46121413172642
2025-10-25 14:00:00+00:00,bacninh_bacninhcity,104.93859461269406
2025-10-25 15:00:00+00:00,bentre_bentrecity,94.21456350964574
2025-10-25 15:00:00+00:00,bacninh_bacninhcity,104.94041752824933
2025-10-25 15:00:00+00:00,bacgiang_bacgiangcity,104.20478850147182
2025-10-25 15:00:00+00:00,angiang_longxuyen,79.36719790050674
2025-10-25 15:00:00+00:00,bienhoa_dongnai,77.88408239787702
2025-10-25 15:00:00+00:00,binhduong_thudaumot,78.23646215867356
2025-10-25 15:00:00+00:00,backan_backancity,65.95367210364489
2025-10-25 16:00:00+00:00,bacninh_bacninhcity,105.15042060904884
2025-10-25 16:00:00+00:00,backan_backancity,65.25326354033993
2025-10-25 16:00:00+00:00,binhduong_thudaumot,77.43770888518223
2025-10-25 16:00:00+00:00,bacgiang_bacgiangcity,104.25302186537947
2025-10-25 16:00:00+00:00,angiang_longxuyen,77.5462739963874
2025-10-25 16:00:00+00:00,bentre_bentrecity,92.7512796748933
2025-10-25 16:00:00+00:00,bienhoa_dongnai,76.6040174166373
2025-10-25 17:00:00+00:00,angiang_longxuyen,75.71766194897296
2025-10-25 17:00:00+00:00,bacgiang_bacgiangcity,104.48808184302536
2025-10-25 17:00:00+00:00,binhduong_thudaumot,76.8983989034532
2025-10-25 17:00:00+00:00,bentre_bentrecity,91.34302458508984
2025-10-25 17:00:00+00:00,bacninh_bacninhcity,105.35445227153278
2025-10-25 17:00:00+00:00,bienhoa_dongnai,75.74823613286358
2025-10-25 17:00:00+00:00,backan_backancity,64.67718796107629
2025-10-25 18:00:00+00:00,angiang_longxuyen,74.02118415381044
2025-10-25 18:00:00+00:00,binhduong_thudaumot,76.80898235967405
2025-10-25 18:00:00+00:00,bienhoa_dongnai,75.51012994054622
2025-10-25 18:00:00+00:00,bacgiang_bacgiangcity,104.73625384137483
2025-10-25 18:00:00+00:00,backan_backancity,64.31012371605735
2025-10-25 18:00:00+00:00,bacninh_bacninhcity,105.4591689601321
2025-10-25 18:00:00+00:00,bentre_bentrecity,89.9637098943398
2025-10-25 19:00:00+00:00,binhduong_thudaumot,77.12299972124424
2025-10-25 19:00:00+00:00,bacninh_bacninhcity,105.3441710930654
2025-10-25 19:00:00+00:00,bentre_bentrecity,88.6179128107623
2025-10-25 19:00:00+00:00,backan_backancity,64.09724873085278
2025-10-25 19:00:00+00:00,bacgiang_bacgiangcity,104.82130718979568
2025-10-25 19:00:00+00:00,bienhoa_dongnai,75.85865475229949
2025-10-25 19:00:00+00:00,angiang_longxuyen,72.53712014227392
2025-10-25 20:00:00+00:00,backan_backancity,63.959462583784614
2025-10-25 20:00:00+00:00,bentre_bentrecity,86.97161679301581
2025-10-25 20:00:00+00:00,bacninh_bacninhcity,104.95441496896456
2025-10-25 20:00:00+00:00,bacgiang_bacgiangcity,104.58861780457958
2025-10-25 20:00:00+00:00,binhduong_thudaumot,77.67803841718482
2025-10-25 20:00:00+00:00,bienhoa_dongnai,76.5632532884359
2025-10-25 20:00:00+00:00,angiang_longxuyen,71.35090098035064
2025-10-25 21:00:00+00:00,backan_backancity,63.79160261302895
2025-10-25 21:00:00+00:00,bentre_bentrecity,84.91396595035646
2025-10-25 21:00:00+00:00,bacgiang_bacgiangcity,104.15716780687815
2025-10-25 21:00:00+00:00,binhduong_thudaumot,78.33105634281557
2025-10-25 21:00:00+00:00,bienhoa_dongnai,77.45681394302537
2025-10-25 21:00:00+00:00,angiang_longxuyen,70.38647191716429
2025-10-25 21:00:00+00:00,bacninh_bacninhcity,104.36762909797235
2025-10-25 22:00:00+00:00,bienhoa_dongnai,78.53957166781544
2025-10-25 22:00:00+00:00,bacgiang_bacgiangcity,103.74857937563185
2025-10-25 22:00:00+00:00,bentre_bentrecity,82.6845947492003
2025-10-25 22:00:00+00:00,binhduong_thudaumot,79.12004606590837
2025-10-25 22:00:00+00:00,bacninh_bacninhcity,103.82683272011815
2025-10-25 22:00:00+00:00,angiang_longxuyen,69.49997286787644
2025-10-25 22:00:00+00:00,backan_backancity,63.60351068623353
2025-10-25 23:00:00+00:00,bacninh_bacninhcity,103.25334242588232
2025-10-25 23:00:00+00:00,bienhoa_dongnai,79.95188837718085
2025-10-25 23:00:00+00:00,angiang_longxuyen,68.8124170353546
2025-10-25 23:00:00+00:00,bacgiang_bacgiangcity,103.2523710744445
2025-10-25 23:00:00+00:00,binhduong_thudaumot,80.12265478807299
2025-10-25 23:00:00+00:00,bentre_bentrecity,80.39492905582695
2025-10-25 23:00:00+00:00,backan_backancity,63.475257488774616
2025-10-26 00:00:00+00:00,binhduong_thudaumot,81.36619782544223
2025-10-26 00:00:00+00:00,bentre_bentrecity,78.25140334943497
2025-10-26 00:00:00+00:00,backan_backancity,63.45025688245108
2025-10-26 00:00:00+00:00,bacgiang_bacgiangcity,102.81360521231649
2025-10-26 00:00:00+00:00,bacninh_bacninhcity,102.77817726252057
2025-10-26 00:00:00+00:00,bienhoa_dongnai,81.65981789455772
2025-10-26 00:00:00+00:00,angiang_longxuyen,68.26805124009476
2025-10-26 01:00:00+00:00,bacgiang_bacgiangcity,102.10693861131875
2025-10-26 01:00:00+00:00,bienhoa_dongnai,83.43156291714642
2025-10-26 01:00:00+00:00,bentre_bentrecity,76.28056282654018
2025-10-26 01:00:00+00:00,angiang_longxuyen,67.50122094756335
2025-10-26 01:00:00+00:00,binhduong_thudaumot,82.74390701258395
2025-10-26 01:00:00+00:00,backan_backancity,63.1397159365531
2025-10-26 01:00:00+00:00,bacninh_bacninhcity,102.0422670550637
2025-10-26 02:00:00+00:00,bienhoa_dongnai,84.95292225538913
2025-10-26 02:00:00+00:00,bacgiang_bacgiangcity,101.03275553757499
2025-10-26 02:00:00+00:00,bentre_bentrecity,74.77523133089133
2025-10-26 02:00:00+00:00,backan_backancity,62.804170033373296
2025-10-26 02:00:00+00:00,angiang_longxuyen,66.94439835872464
2025-10-26 02:00:00+00:00,binhduong_thudaumot,84.14306642408609
2025-10-26 02:00:00+00:00,bacninh_bacninhcity,100.93317134814629
2025-10-26 03:00:00+00:00,bacninh_bacninhcity,99.38310601872793
2025-10-26 03:00:00+00:00,bentre_bentrecity,73.90436962569099
2025-10-26 03:00:00+00:00,backan_backancity,62.49214541069907
2025-10-26 03:00:00+00:00,bienhoa_dongnai,85.97214076081865
2025-10-26 03:00:00+00:00,angiang_longxuyen,66.58084533704422
2025-10-26 03:00:00+00:00,binhduong_thudaumot,85.3219531335543
2025-10-26 03:00:00+00:00,bacgiang_bacgiangcity,99.48621394050022
2025-10-26 04:00:00+00:00,bacninh_bacninhcity,97.42920486418836
2025-10-26 04:00:00+00:00,bentre_bentrecity,73.4729024960913
2025-10-26 04:00:00+00:00,backan_backancity,62.173398557469696
2025-10-26 04:00:00+00:00,binhduong_thudaumot,86.2101969171157
2025-10-26 04:00:00+00:00,bacgiang_bacgiangcity,97.59967323443774
2025-10-26 04:00:00+00:00,angiang_longxuyen,66.47304599449777
2025-10-26 04:00:00+00:00,bienhoa_dongnai,86.60489409822249
2025-10-26 05:00:00+00:00,bacninh_bacninhcity,95.58536555050507
2025-10-26 05:00:00+00:00,bacgiang_bacgiangcity,95.73403561973099
2025-10-26 05:00:00+00:00,backan_backancity,61.859733623520846
2025-10-26 05:00:00+00:00,bentre_bentrecity,73.51419309024556
2025-10-26 05:00:00+00:00,bienhoa_dongnai,87.20713851611002
2025-10-26 05:00:00+00:00,angiang_longxuyen,66.60412296388566
2025-10-26 05:00:00+00:00,binhduong_thudaumot,87.07583094593285
2025-10-26 06:00:00+00:00,bienhoa_dongnai,88.12352429787896
2025-10-26 06:00:00+00:00,angiang_longxuyen,67.21117736616071
2025-10-26 06:00:00+00:00,backan_backancity,61.43437959031596
2025-10-26 06:00:00+00:00,bacninh_bacninhcity,94.185316368033
2025-10-26 06:00:00+00:00,bentre_bentrecity,73.95997487261316
2025-10-26 06:00:00+00:00,binhduong_thudaumot,88.07485665394721
2025-10-26 06:00:00+00:00,bacgiang_bacgiangcity,94.30358846717897
2025-10-26 07:00:00+00:00,backan_backancity,60.969144673442166
2025-10-26 07:00:00+00:00,bacgiang_bacgiangcity,93.4977039730534
2025-10-26 07:00:00+00:00,bienhoa_dongnai,89.42227664496617
2025-10-26 07:00:00+00:00,bentre_bentrecity,74.76487605016561
2025-10-26 07:00:00+00:00,bacninh_bacninhcity,93.37566611950908
2025-10-26 07:00:00+00:00,angiang_longxuyen,68.29154641485061
2025-10-26 07:00:00+00:00,binhduong_thudaumot,89.35336181664064
2025-10-26 08:00:00+00:00,angiang_longxuyen,69.97711635758482
2025-10-26 08:00:00+00:00,bacninh_bacninhcity,93.27241461611328
2025-10-26 08:00:00+00:00,bienhoa_dongnai,91.0135308648888
2025-10-26 08:00:00+00:00,binhduong_thudaumot,90.88087993634018
2025-10-26 08:00:00+00:00,backan_backancity,60.36264719382799
2025-10-26 08:00:00+00:00,bentre_bentrecity,75.54040390831496
2025-10-26 08:00:00+00:00,bacgiang_bacgiangcity,93.42087910256008
2025-10-26 09:00:00+00:00,bienhoa_dongnai,92.9634715596466
2025-10-26 09:00:00+00:00,angiang_longxuyen,71.88318851540265
2025-10-26 09:00:00+00:00,bacninh_bacninhcity,93.57257091231709
2025-10-26 09:00:00+00:00,bentre_bentrecity,75.98383617320698
2025-10-26 09:00:00+00:00,bacgiang_bacgiangcity,93.98661680493115
2025-10-26 09:00:00+00:00,backan_backancity,59.49423072718557
2025-10-26 09:00:00+00:00,binhduong_thudaumot,92.76087462565818
2025-10-26 10:00:00+00:00,backan_backancity,58.459690322144446
2025-10-26 10:00:00+00:00,bentre_bentrecity,75.92364936720742
2025-10-26 10:00:00+00:00,binhduong_thudaumot,94.9424168300926
2025-10-26 10:00:00+00:00,bacninh_bacninhcity,93.84352031327232
2025-10-26 10:00:00+00:00,bienhoa_dongnai,95.14366714249087
2025-10-26 10:00:00+00:00,bacgiang_bacgiangcity,94.68241552792985
2025-10-26 10:00:00+00:00,angiang_longxuyen,73.74884027072386
2025-10-26 11:00:00+00:00,angiang_longxuyen,75.10408546022401
2025-10-26 11:00:00+00:00,bacninh_bacninhcity,93.45726290350491
2025-10-26 11:00:00+00:00,bentre_bentrecity,75.33605680135511
2025-10-26 11:00:00+00:00,binhduong_thudaumot,97.1283741694499
2025-10-26 11:00:00+00:00,backan_backancity,57.463577580704
2025-10-26 11:00:00+00:00,bacgiang_bacgiangcity,94.74795292488422
2025-10-26 11:00:00+00:00,bienhoa_dongnai,97.24598492293606
2025-10-26 12:00:00+00:00,bentre_bentrecity,74.65874312464351
2025-10-26 12:00:00+00:00,backan_backancity,56.54979367199135
2025-10-26 12:00:00+00:00,angiang_longxuyen,75.89925354408594
2025-10-26 12:00:00+00:00,bacninh_bacninhcity,92.90052624609238
2025-10-26 12:00:00+00:00,bienhoa_dongnai,99.45966765624483
2025-10-26 12:00:00+00:00,bacgiang_bacgiangcity,94.50181160034828
2025-10-26 12:00:00+00:00,binhduong_thudaumot,99.30928548493254
2025-10-26 13:00:00+00:00,bienhoa_dongnai,104.4688179752047
2025-10-26 13:00:00+00:00,bacgiang_bacgiangcity,93.83427235143093
2025-10-26 13:00:00+00:00,backan_backancity,55.84400732424228
2025-10-26 13:00:00+00:00,bentre_bentrecity,75.89743919447979
2025-10-26 13:00:00+00:00,binhduong_thudaumot,104.40252269570351
2025-10-26 13:00:00+00:00,bacninh_bacninhcity,92.10747816665635
2025-10-26 13:00:00+00:00,angiang_longxuyen,76.645073059044
2025-10-26 14:00:00+00:00,bienhoa_dongnai,110.42668441536317
2025-10-26 14:00:00+00:00,backan_backancity,55.25550105714947
2025-10-26 14:00:00+00:00,bacninh_bacninhcity,90.8279505287652
2025-10-26 14:00:00+00:00,bentre_bentrecity,78.04669946389551
2025-10-26 14:00:00+00:00,bacgiang_bacgiangcity,92.4951452869091
2025-10-26 14:00:00+00:00,binhduong_thudaumot,111.02669026521149
2025-10-26 14:00:00+00:00,angiang_longxuyen,77.50962587472657
2025-10-26 15:00:00+00:00,backan_backancity,54.82754079993
2025-10-26 15:00:00+00:00,bentre_bentrecity,80.55610595465205
2025-10-26 15:00:00+00:00,bacgiang_bacgiangcity,90.75872134370336
2025-10-26 15:00:00+00:00,binhduong_thudaumot,117.82801145237853
2025-10-26 15:00:00+00:00,bienhoa_dongnai,116.00345449808863
2025-10-26 15:00:00+00:00,bacninh_bacninhcity,89.16227425506385
2025-10-26 15:00:00+00:00,angiang_longxuyen,78.63815132974938
2025-10-26 16:00:00+00:00,bacgiang_bacgiangcity,89.12820407618872
2025-10-26 16:00:00+00:00,bentre_bentrecity,83.43886382515389
2025-10-26 16:00:00+00:00,backan_backancity,54.51436752426771
2025-10-26 16:00:00+00:00,bienhoa_dongnai,120.54682630232358
2025-10-26 16:00:00+00:00,binhduong_thudaumot,123.99751584591327
2025-10-26 16:00:00+00:00,angiang_longxuyen,79.74540059874326
2025-10-26 16:00:00+00:00,bacninh_bacninhcity,87.57945871874102
2025-10-26 17:00:00+00:00,bacninh_bacninhcity,86.28982162926742
2025-10-26 17:00:00+00:00,binhduong_thudaumot,128.77245543989812
2025-10-26 17:00:00+00:00,bienhoa_dongnai,124.25997870272752
2025-10-26 17:00:00+00:00,backan_backancity,54.216936015691836
2025-10-26 17:00:00+00:00,bentre_bentrecity,85.66417775770637
2025-10-26 17:00:00+00:00,angiang_longxuyen,80.7278904897836
2025-10-26 17:00:00+00:00,bacgiang_bacgiangcity,87.7022645164232
2025-10-26 18:00:00+00:00,angiang_longxuyen,81.57898144052274
2025-10-26 18:00:00+00:00,backan_backancity,53.917233306889564
2025-10-26 18:00:00+00:00,bacgiang_bacgiangcity,86.52441442276714
2025-10-26 18:00:00+00:00,bentre_bentrecity,86.85953828299299
2025-10-26 18:00:00+00:00,bacninh_bacninhcity,85.31534402791465
2025-10-26 18:00:00+00:00,binhduong_thudaumot,131.65723650600393
2025-10-26 18:00:00+00:00,bienhoa_dongnai,127.01061319837316
2025-10-26 19:00:00+00:00,bacgiang_bacgiangcity,85.4103994136352
2025-10-26 19:00:00+00:00,backan_backancity,53.44343570410475
2025-10-26 19:00:00+00:00,bacninh_bacninhcity,84.4133131452778
2025-10-26 19:00:00+00:00,bentre_bentrecity,87.24218113416254
2025-10-26 19:00:00+00:00,angiang_longxuyen,82.07355922009161
2025-10-26 19:00:00+00:00,binhduong_thudaumot,133.05380709732464
2025-10-26 19:00:00+00:00,bienhoa_dongnai,128.98275900875439
2025-10-26 20:00:00+00:00,backan_backancity,52.69718109331787
2025-10-26 20:00:00+00:00,bentre_bentrecity,87.10951824047862
2025-10-26 20:00:00+00:00,binhduong_thudaumot,133.38775184785442
2025-10-26 20:00:00+00:00,angiang_longxuyen,82.2131727696408
2025-10-26 20:00:00+00:00,bacninh_bacninhcity,83.55066169836714
2025-10-26 20:00:00+00:00,bienhoa_dongnai,130.14062732647227
2025-10-26 20:00:00+00:00,bacgiang_bacgiangcity,84.32476244219798
2025-10-26 21:00:00+00:00,bacgiang_bacgiangcity,83.10699448172755
2025-10-26 21:00:00+00:00,backan_backancity,51.88638871824331
2025-10-26 21:00:00+00:00,binhduong_thudaumot,132.87255487695813
2025-10-26 21:00:00+00:00,bentre_bentrecity,86.71306544770258
2025-10-26 21:00:00+00:00,bacninh_bacninhcity,82.598528443303
2025-10-26 21:00:00+00:00,bienhoa_dongnai,130.47805719459083
2025-10-26 21:00:00+00:00,angiang_longxuyen,82.1475081071565
2025-10-26 22:00:00+00:00,bacgiang_bacgiangcity,81.7799130452264
2025-10-26 22:00:00+00:00,bienhoa_dongnai,130.2183615472478
2025-10-26 22:00:00+00:00,bacninh_bacninhcity,81.56477556171203
2025-10-26 22:00:00+00:00,backan_backancity,50.90528243193859
2025-10-26 22:00:00+00:00,angiang_longxuyen,81.7744569435331
2025-10-26 22:00:00+00:00,binhduong_thudaumot,131.79959115927463
2025-10-26 22:00:00+00:00,bentre_bentrecity,86.12962587153629
2025-10-26 23:00:00+00:00,backan_backancity,50.03464697656923
2025-10-26 23:00:00+00:00,bacgiang_bacgiangcity,80.31893956932494
2025-10-26 23:00:00+00:00,bienhoa_dongnai,129.5163648841677
2025-10-26 23:00:00+00:00,bentre_bentrecity,85.43172346020529
2025-10-26 23:00:00+00:00,binhduong_thudaumot,130.35003024696292
2025-10-26 23:00:00+00:00,angiang_longxuyen,81.33443582993895
2025-10-26 23:00:00+00:00,bacninh_bacninhcity,80.38096247972209
2025-10-27 00:00:00+00:00,bentre_bentrecity,84.82433838510033
2025-10-27 00:00:00+00:00,binhduong_thudaumot,128.73742587472046
2025-10-27 00:00:00+00:00,backan_backancity,49.231390461249696
2025-10-27 00:00:00+00:00,bacgiang_bacgiangcity,78.9622237559234
2025-10-27 00:00:00+00:00,angiang_longxuyen,81.00812266024654
2025-10-27 00:00:00+00:00,bienhoa_dongnai,128.5579880039601
2025-10-27 00:00:00+00:00,bacninh_bacninhcity,79.267186773296
2025-10-27 01:00:00+00:00,angiang_longxuyen,80.49072410445649
2025-10-27 01:00:00+00:00,binhduong_thudaumot,126.95909350128355
2025-10-27 01:00:00+00:00,bacninh_bacninhcity,77.95524667163751
2025-10-27 01:00:00+00:00,bienhoa_dongnai,127.19623813181923
2025-10-27 01:00:00+00:00,bentre_bentrecity,84.61943979417747
2025-10-27 01:00:00+00:00,backan_backancity,48.35517707735496
2025-10-27 01:00:00+00:00,bacgiang_bacgiangcity,77.48019599286573
2025-10-27 02:00:00+00:00,binhduong_thudaumot,124.63578619842644
2025-10-27 02:00:00+00:00,bacninh_bacninhcity,76.47640381004675
2025-10-27 02:00:00+00:00,backan_backancity,47.61215087761787
2025-10-27 02:00:00+00:00,bacgiang_bacgiangcity,75.90705916325481
2025-10-27 02:00:00+00:00,angiang_longxuyen,79.82717685976847
2025-10-27 02:00:00+00:00,bentre_bentrecity,84.25559960925003
2025-10-27 02:00:00+00:00,bienhoa_dongnai,125.13655104068103
2025-10-27 03:00:00+00:00,bacgiang_bacgiangcity,74.17233209378143
2025-10-27 03:00:00+00:00,bienhoa_dongnai,122.3534083601857
2025-10-27 03:00:00+00:00,bacninh_bacninhcity,74.74585366052995
2025-10-27 03:00:00+00:00,binhduong_thudaumot,121.81400265737433
2025-10-27 03:00:00+00:00,bentre_bentrecity,83.4331858245879
2025-10-27 03:00:00+00:00,angiang_longxuyen,78.96816281398668
2025-10-27 03:00:00+00:00,backan_backancity,46.91437464407722
2025-10-27 04:00:00+00:00,backan_backancity,46.327247630761754
2025-10-27 04:00:00+00:00,bentre_bentrecity,82.38954321480803
2025-10-27 04:00:00+00:00,bacninh_bacninhcity,72.9414938546135
2025-10-27 04:00:00+00:00,bienhoa_dongnai,118.99675172711886
2025-10-27 04:00:00+00:00,angiang_longxuyen,78.11248595321189
2025-10-27 04:00:00+00:00,bacgiang_bacgiangcity,72.46813134765749
2025-10-27 04:00:00+00:00,binhduong_thudaumot,118.67433048961517
2025-10-27 05:00:00+00:00,bienhoa_dongnai,115.36301628060839
2025-10-27 05:00:00+00:00,bacgiang_bacgiangcity,70.84996645072283
2025-10-27 05:00:00+00:00,backan_backancity,45.91146135483244
2025-10-27 05:00:00+00:00,binhduong_thudaumot,115.37777146790297
2025-10-27 05:00:00+00:00,angiang_longxuyen,77.26986196730144
2025-10-27 05:00:00+00:00,bentre_bentrecity,81.48766787892997
2025-10-27 05:00:00+00:00,bacninh_bacninhcity,71.14990411127266
2025-10-27 06:00:00+00:00,bacninh_bacninhcity,69.65622013096112
2025-10-27 06:00:00+00:00,bentre_bentrecity,81.0098630435618
2025-10-27 06:00:00+00:00,backan_backancity,45.646988355289075
2025-10-27 06:00:00+00:00,angiang_longxuyen,76.54718955043617
2025-10-27 06:00:00+00:00,binhduong_thudaumot,112.49285769756939
2025-10-27 06:00:00+00:00,bienhoa_dongnai,112.29052182107823
2025-10-27 06:00:00+00:00,bacgiang_bacgiangcity,69.56874411457846
2025-10-27 07:00:00+00:00,angiang_longxuyen,75.89085184363157
2025-10-27 07:00:00+00:00,binhduong_thudaumot,110.0257871186958
2025-10-27 07:00:00+00:00,bienhoa_dongnai,110.04917460723402
2025-10-27 07:00:00+00:00,bacninh_bacninhcity,68.53214135530877
2025-10-27 07:00:00+00:00,backan_backancity,45.55471758287292
2025-10-27 07:00:00+00:00,bacgiang_bacgiangcity,68.6651066405937
2025-10-27 07:00:00+00:00,bentre_bentrecity,80.65639554319323
2025-10-27 08:00:00+00:00,backan_backancity,45.479037014409364
2025-10-27 08:00:00+00:00,binhduong_thudaumot,107.70745948759946
2025-10-27 08:00:00+00:00,bienhoa_dongnai,108.14623949034193
2025-10-27 08:00:00+00:00,bentre_bentrecity,80.15120577635963
2025-10-27 08:00:00+00:00,bacgiang_bacgiangcity,68.2391434732285
2025-10-27 08:00:00+00:00,bacninh_bacninhcity,67.91427917264602
2025-10-27 08:00:00+00:00,angiang_longxuyen,75.15031004107699
2025-10-27 09:00:00+00:00,angiang_longxuyen,74.58224892698007
2025-10-27 09:00:00+00:00,bacgiang_bacgiangcity,68.16886679495877
2025-10-27 09:00:00+00:00,bacninh_bacninhcity,67.66899389915326
2025-10-27 09:00:00+00:00,binhduong_thudaumot,105.63405382497884
2025-10-27 09:00:00+00:00,backan_backancity,45.34637629620459
2025-10-27 09:00:00+00:00,bentre_bentrecity,79.46503789953168
2025-10-27 09:00:00+00:00,bienhoa_dongnai,106.52946363684075
2025-10-27 10:00:00+00:00,bentre_bentrecity,78.72485287555673
2025-10-27 10:00:00+00:00,binhduong_thudaumot,103.74695347690655
2025-10-27 10:00:00+00:00,bacninh_bacninhcity,67.6746240391781
2025-10-27 10:00:00+00:00,bienhoa_dongnai,105.05308124216191
2025-10-27 10:00:00+00:00,bacgiang_bacgiangcity,68.37312688275286
2025-10-27 10:00:00+00:00,angiang_longxuyen,74.16598839659736
2025-10-27 10:00:00+00:00,backan_backancity,45.0905181940717
2025-10-27 11:00:00+00:00,bentre_bentrecity,78.02871695329071
2025-10-27 11:00:00+00:00,backan_backancity,44.7089348012453
2025-10-27 11:00:00+00:00,angiang_longxuyen,73.52016695597514
2025-10-27 11:00:00+00:00,bacninh_bacninhcity,68.18877242912693
2025-10-27 11:00:00+00:00,binhduong_thudaumot,101.81651268945653
2025-10-27 11:00:00+00:00,bacgiang_bacgiangcity,69.03377638922098
2025-10-27 11:00:00+00:00,bienhoa_dongnai,103.36480500337248
2025-10-27 12:00:00+00:00,angiang_longxuyen,72.46865346265207
2025-10-27 12:00:00+00:00,binhduong_thudaumot,99.88280705168106
2025-10-27 12:00:00+00:00,bacninh_bacninhcity,69.24873983440384
2025-10-27 12:00:00+00:00,backan_backancity,44.16762337870373
2025-10-27 12:00:00+00:00,bacgiang_bacgiangcity,70.14774788877001
2025-10-27 12:00:00+00:00,bentre_bentrecity,77.59581835841422
2025-10-27 12:00:00+00:00,bienhoa_dongnai,101.50437711734595
2025-10-27 13:00:00+00:00,bacgiang_bacgiangcity,73.02758191530224
2025-10-27 13:00:00+00:00,bacninh_bacninhcity,71.82328452169182
2025-10-27 13:00:00+00:00,bentre_bentrecity,76.9723434395598
2025-10-27 13:00:00+00:00,backan_backancity,43.572856082634324
2025-10-27 13:00:00+00:00,binhduong_thudaumot,96.61685267056751
2025-10-27 13:00:00+00:00,angiang_longxuyen,71.16340078388241
2025-10-27 13:00:00+00:00,bienhoa_dongnai,98.13830283506448
2025-10-27 14:00:00+00:00,bacninh_bacninhcity,76.23474723576628
2025-10-27 14:00:00+00:00,angiang_longxuyen,70.00958320833077
2025-10-27 14:00:00+00:00,binhduong_thudaumot,92.65999874548768
2025-10-27 14:00:00+00:00,backan_backancity,43.10407513475571
2025-10-27 14:00:00+00:00,bentre_bentrecity,76.15020811622811
2025-10-27 14:00:00+00:00,bacgiang_bacgiangcity,78.06628312715034
2025-10-27 14:00:00+00:00,bienhoa_dongnai,93.78873087102917
2025-10-27 15:00:00+00:00,backan_backancity,42.83785740093881
2025-10-27 15:00:00+00:00,bentre_bentrecity,75.13101789202747
2025-10-27 15:00:00+00:00,bacgiang_bacgiangcity,84.84919976075864
2025-10-27 15:00:00+00:00,binhduong_thudaumot,88.20388432198139
2025-10-27 15:00:00+00:00,angiang_longxuyen,69.20550001093649
2025-10-27 15:00:00+00:00,bacninh_bacninhcity,82.28248353517054
2025-10-27 15:00:00+00:00,bienhoa_dongnai,88.7545862002483
2025-10-27 16:00:00+00:00,backan_backancity,42.715395328961385
2025-10-27 16:00:00+00:00,bacgiang_bacgiangcity,91.9804595536117
2025-10-27 16:00:00+00:00,binhduong_thudaumot,83.70750069177899
2025-10-27 16:00:00+00:00,bienhoa_dongnai,83.74947003542619
2025-10-27 16:00:00+00:00,angiang_longxuyen,68.64756357677601
2025-10-27 16:00:00+00:00,bacninh_bacninhcity,88.98510432131118
2025-10-27 16:00:00+00:00,bentre_bentrecity,73.85330677922161
2025-10-27 17:00:00+00:00,bentre_bentrecity,72.6003004075757
2025-10-27 17:00:00+00:00,bacninh_bacninhcity,95.46166780637382
2025-10-27 17:00:00+00:00,backan_backancity,42.80722230363216
2025-10-27 17:00:00+00:00,angiang_longxuyen,68.41784603203814
2025-10-27 17:00:00+00:00,binhduong_thudaumot,79.445728346649
2025-10-27 17:00:00+00:00,bienhoa_dongnai,79.11410700784509
2025-10-27 17:00:00+00:00,bacgiang_bacgiangcity,98.27220303251158
2025-10-27 18:00:00+00:00,angiang_longxuyen,68.36596520541062
2025-10-27 18:00:00+00:00,bacgiang_bacgiangcity,102.92419515073499
2025-10-27 18:00:00+00:00,bienhoa_dongnai,74.95120583885435
2025-10-27 18:00:00+00:00,binhduong_thudaumot,75.54994120888252
2025-10-27 18:00:00+00:00,bacninh_bacninhcity,100.76915272968925
2025-10-27 18:00:00+00:00,bentre_bentrecity,71.17818098918715
2025-10-27 18:00:00+00:00,backan_backancity,42.988239572251096
2025-10-27 19:00:00+00:00,bacgiang_bacgiangcity,106.27516562518905
2025-10-27 19:00:00+00:00,bentre_bentrecity,69.94853056163187
2025-10-27 19:00:00+00:00,angiang_longxuyen,68.39459886190473
2025-10-27 19:00:00+00:00,bacninh_bacninhcity,104.77082900334626
2025-10-27 19:00:00+00:00,backan_backancity,43.18522050682915
2025-10-27 19:00:00+00:00,binhduong_thudaumot,72.42104962802175
2025-10-27 19:00:00+00:00,bienhoa_dongnai,71.468846757625
2025-10-27 20:00:00+00:00,bentre_bentrecity,68.88734053707601
2025-10-27 20:00:00+00:00,bacgiang_bacgiangcity,108.82470127617182
2025-10-27 20:00:00+00:00,backan_backancity,43.42950070895735
2025-10-27 20:00:00+00:00,binhduong_thudaumot,70.37256190351717
2025-10-27 20:00:00+00:00,bacninh_bacninhcity,107.75979934032641
2025-10-27 20:00:00+00:00,angiang_longxuyen,68.47286825054971
2025-10-27 20:00:00+00:00,bienhoa_dongnai,68.79228080039718
2025-10-27 21:00:00+00:00,bienhoa_dongnai,67.12904432655588
2025-10-27 21:00:00+00:00,bentre_bentrecity,68.03515314484828
2025-10-27 21:00:00+00:00,angiang_longxuyen,68.65994205310571
2025-10-27 21:00:00+00:00,binhduong_thudaumot,69.30817827557783
2025-10-27 21:00:00+00:00,backan_backancity,43.659605488982855
2025-10-27 21:00:00+00:00,bacgiang_bacgiangcity,110.59523836396579
2025-10-27 21:00:00+00:00,bacninh_bacninhcity,109.77605951679088
2025-10-27 22:00:00+00:00,bacninh_bacninhcity,110.98986321039105
2025-10-27 22:00:00+00:00,bacgiang_bacgiangcity,111.61985967184958
2025-10-27 22:00:00+00:00,binhduong_thudaumot,68.85624858914912
2025-10-27 22:00:00+00:00,bienhoa_dongnai,66.39559893696924
2025-10-27 22:00:00+00:00,backan_backancity,43.89797708975579
2025-10-27 22:00:00+00:00,angiang_longxuyen,69.09798783163706
2025-10-27 22:00:00+00:00,bentre_bentrecity,67.40162316139
2025-10-27 23:00:00+00:00,bacgiang_bacgiangcity,111.96161221702738
2025-10-27 23:00:00+00:00,bienhoa_dongnai,66.44770166246946
2025-10-27 23:00:00+00:00,angiang_longxuyen,69.69041866310573
2025-10-27 23:00:00+00:00,backan_backancity,44.15222533732207
2025-10-27 23:00:00+00:00,bentre_bentrecity,67.25724096155705
2025-10-27 23:00:00+00:00,bacninh_bacninhcity,111.58561871786165
2025-10-27 23:00:00+00:00,binhduong_thudaumot,68.75266097422555
2025-10-28 00:00:00+00:00,bacgiang_bacgiangcity,112.13634670187828
2025-10-28 00:00:00+00:00,binhduong_thudaumot,68.95739096551475
2025-10-28 00:00:00+00:00,angiang_longxuyen,70.39077066395295
2025-10-28 00:00:00+00:00,backan_backancity,44.471255002840174
2025-10-28 00:00:00+00:00,bacninh_bacninhcity,112.02735519676088
2025-10-28 00:00:00+00:00,bentre_bentrecity,67.69461234155372
2025-10-28 00:00:00+00:00,bienhoa_dongnai,67.13769838259094
2025-10-28 01:00:00+00:00,bienhoa_dongnai,67.4657519355986
2025-10-28 01:00:00+00:00,bentre_bentrecity,68.1149149121861
2025-10-28 01:00:00+00:00,bacninh_bacninhcity,111.89695045042849
2025-10-28 01:00:00+00:00,backan_backancity,44.638701632558465
2025-10-28 01:00:00+00:00,bacgiang_bacgiangcity,111.75150661677321
2025-10-28 01:00:00+00:00,binhduong_thudaumot,69.0211325044357
2025-10-28 01:00:00+00:00,angiang_longxuyen,70.71010054559292
2025-10-28 02:00:00+00:00,bacgiang_bacgiangcity,110.95481297816153
2025-10-28 02:00:00+00:00,bacninh_bacninhcity,111.32563373179248
2025-10-28 02:00:00+00:00,binhduong_thudaumot,69.1556119232049
2025-10-28 02:00:00+00:00,bienhoa_dongnai,67.87073043114023
2025-10-28 02:00:00+00:00,angiang_longxuyen,70.73495321933467
2025-10-28 02:00:00+00:00,bentre_bentrecity,68.28657762048557
2025-10-28 02:00:00+00:00,backan_backancity,44.77012232765113
2025-10-28 03:00:00+00:00,bienhoa_dongnai,68.15305541253974
2025-10-28 03:00:00+00:00,angiang_longxuyen,70.64883470193791
2025-10-28 03:00:00+00:00,binhduong_thudaumot,69.19006281093024
2025-10-28 03:00:00+00:00,bentre_bentrecity,68.29970011068255
2025-10-28 03:00:00+00:00,bacgiang_bacgiangcity,109.62864959385917
2025-10-28 03:00:00+00:00,bacninh_bacninhcity,110.20337365670457
2025-10-28 03:00:00+00:00,backan_backancity,44.90401436705144
2025-10-28 04:00:00+00:00,binhduong_thudaumot,69.20176688872527
2025-10-28 04:00:00+00:00,angiang_longxuyen,70.32333951240366
2025-10-28 04:00:00+00:00,bacgiang_bacgiangcity,107.81664406649091
2025-10-28 04:00:00+00:00,bentre_bentrecity,68.47517425844242
2025-10-28 04:00:00+00:00,bacninh_bacninhcity,108.6147381698016
2025-10-28 04:00:00+00:00,bienhoa_dongnai,68.43598082618303
2025-10-28 04:00:00+00:00,backan_backancity,45.018927526398976
2025-10-28 05:00:00+00:00,bacninh_bacninhcity,106.83228462306114
2025-10-28 05:00:00+00:00,binhduong_thudaumot,69.36163850006396
2025-10-28 05:00:00+00:00,bacgiang_bacgiangcity,105.8237811682208
2025-10-28 05:00:00+00:00,bentre_bentrecity,68.74620415212598
2025-10-28 05:00:00+00:00,backan_backancity,45.148472958469455
2025-10-28 05:00:00+00:00,bienhoa_dongnai,68.8575364728024
2025-10-28 05:00:00+00:00,angiang_longxuyen,69.93361112566191
2025-10-28 06:00:00+00:00,bacgiang_bacgiangcity,104.22305654371429
2025-10-28 06:00:00+00:00,bacninh_bacninhcity,105.34647397370684
2025-10-28 06:00:00+00:00,bentre_bentrecity,69.06265805033752
2025-10-28 06:00:00+00:00,bienhoa_dongnai,69.45239513899585
2025-10-28 06:00:00+00:00,angiang_longxuyen,69.45086795263671
2025-10-28 06:00:00+00:00,binhduong_thudaumot,69.70515100786932
2025-10-28 06:00:00+00:00,backan_backancity,45.348238506351905
2025-10-28 07:00:00+00:00,angiang_longxuyen,68.85328123559661
2025-10-28 07:00:00+00:00,binhduong_thudaumot,70.28348908544278
2025-10-28 07:00:00+00:00,backan_backancity,45.62892752743509
2025-10-28 07:00:00+00:00,bienhoa_dongnai,70.2576226384199
2025-10-28 07:00:00+00:00,bentre_bentrecity,69.32369814379155
2025-10-28 07:00:00+00:00,bacgiang_bacgiangcity,103.21798082820031
2025-10-28 07:00:00+00:00,bacninh_bacninhcity,104.39381262108049
2025-10-28 08:00:00+00:00,backan_backancity,45.80038574069503
2025-10-28 08:00:00+00:00,binhduong_thudaumot,71.2241662673343
2025-10-28 08:00:00+00:00,angiang_longxuyen,68.33129676977087
2025-10-28 08:00:00+00:00,bacninh_bacninhcity,104.13036889510715
2025-10-28 08:00:00+00:00,bacgiang_bacgiangcity,102.96417420290027
2025-10-28 08:00:00+00:00,bentre_bentrecity,69.68166888598833
2025-10-28 08:00:00+00:00,bienhoa_dongnai,71.53090012473017
2025-10-28 09:00:00+00:00,bacninh_bacninhcity,104.46601215097864
2025-10-28 09:00:00+00:00,angiang_longxuyen,67.76518053402873
2025-10-28 09:00:00+00:00,bacgiang_bacgiangcity,103.34879402074199
2025-10-28 09:00:00+00:00,bentre_bentrecity,70.36264606957855
2025-10-28 09:00:00+00:00,bienhoa_dongnai,73.36797913697329
2025-10-28 09:00:00+00:00,binhduong_thudaumot,72.63901958538169
2025-10-28 09:00:00+00:00,backan_backancity,45.894775429797505
2025-10-28 10:00:00+00:00,bienhoa_dongnai,75.59930718161952
2025-10-28 10:00:00+00:00,bentre_bentrecity,71.24624302968822
2025-10-28 10:00:00+00:00,angiang_longxuyen,67.31743646947318
2025-10-28 10:00:00+00:00,binhduong_thudaumot,74.3051799031926
2025-10-28 10:00:00+00:00,bacninh_bacninhcity,104.90848040667495
2025-10-28 10:00:00+00:00,backan_backancity,45.874499964174866
2025-10-28 10:00:00+00:00,bacgiang_bacgiangcity,103.8722420401619
2025-10-28 11:00:00+00:00,bacninh_bacninhcity,104.42937028382035
2025-10-28 11:00:00+00:00,bienhoa_dongnai,77.6733567860668
2025-10-28 11:00:00+00:00,angiang_longxuyen,67.1368760514745
2025-10-28 11:00:00+00:00,backan_backancity,45.67936818686926
2025-10-28 11:00:00+00:00,bacgiang_bacgiangcity,103.63196091257026
2025-10-28 11:00:00+00:00,binhduong_thudaumot,75.78951367414297
2025-10-28 11:00:00+00:00,bentre_bentrecity,71.90398609601986
2025-10-28 12:00:00+00:00,backan_backancity,45.27018231466303
2025-10-28 12:00:00+00:00,bienhoa_dongnai,78.90999050167451
2025-10-28 12:00:00+00:00,angiang_longxuyen,67.2147016423741
2025-10-28 12:00:00+00:00,bentre_bentrecity,71.9168649325527
2025-10-28 12:00:00+00:00,bacninh_bacninhcity,103.07850215835805
2025-10-28 12:00:00+00:00,binhduong_thudaumot,76.38283210110244
2025-10-28 12:00:00+00:00,bacgiang_bacgiangcity,102.58014829086488
2025-10-28 13:00:00+00:00,bacgiang_bacgiangcity,102.10322180520112
2025-10-28 13:00:00+00:00,angiang_longxuyen,66.59806207899031
2025-10-28 13:00:00+00:00,bentre_bentrecity,72.33141988728647
2025-10-28 13:00:00+00:00,bacninh_bacninhcity,102.18696905033084
2025-10-28 13:00:00+00:00,binhduong_thudaumot,75.67782022392865
2025-10-28 13:00:00+00:00,backan_backancity,45.01625603801007
2025-10-28 13:00:00+00:00,bienhoa_dongnai,78.41926332019064
2025-10-28 14:00:00+00:00,angiang_longxuyen,65.576370053774
2025-10-28 14:00:00+00:00,bacgiang_bacgiangcity,102.43402271643284
2025-10-28 14:00:00+00:00,bacninh_bacninhcity,101.91365707902517
2025-10-28 14:00:00+00:00,backan_backancity,45.30304075165491
2025-10-28 14:00:00+00:00,bienhoa_dongnai,77.2947799054175
2025-10-28 14:00:00+00:00,bentre_bentrecity,72.55357981747787
2025-10-28 14:00:00+00:00,binhduong_thudaumot,74.59145120375945
2025-10-28 15:00:00+00:00,bacgiang_bacgiangcity,103.10342798258601
2025-10-28 15:00:00+00:00,backan_backancity,46.18337884400678
2025-10-28 15:00:00+00:00,bentre_bentrecity,72.53727677677229
2025-10-28 15:00:00+00:00,bacninh_bacninhcity,101.87338841619884
2025-10-28 15:00:00+00:00,binhduong_thudaumot,73.85394201913168
2025-10-28 15:00:00+00:00,bienhoa_dongnai,76.47856623631594
2025-10-28 15:00:00+00:00,angiang_longxuyen,64.24638652809467
2025-10-28 16:00:00+00:00,binhduong_thudaumot,73.58487440763606
2025-10-28 16:00:00+00:00,bentre_bentrecity,72.52796137507742
2025-10-28 16:00:00+00:00,backan_backancity,47.34627686950573
2025-10-28 16:00:00+00:00,bienhoa_dongnai,76.15838356685148
2025-10-28 16:00:00+00:00,bacgiang_bacgiangcity,103.87860939568166
2025-10-28 16:00:00+00:00,angiang_longxuyen,62.80851228974484
2025-10-28 16:00:00+00:00,bacninh_bacninhcity,102.08615843453468
2025-10-28 17:00:00+00:00,bacninh_bacninhcity,102.45876389686845
2025-10-28 17:00:00+00:00,angiang_longxuyen,61.35905144947374
2025-10-28 17:00:00+00:00,bienhoa_dongnai,76.35682207245605
2025-10-28 17:00:00+00:00,binhduong_thudaumot,73.96178487126102
2025-10-28 17:00:00+00:00,bentre_bentrecity,72.59816408705623
2025-10-28 17:00:00+00:00,backan_backancity,48.62220844037174
2025-10-28 17:00:00+00:00,bacgiang_bacgiangcity,104.51842270677777
2025-10-28 18:00:00+00:00,bacninh_bacninhcity,103.0669345918793
2025-10-28 18:00:00+00:00,angiang_longxuyen,60.007408853436154
2025-10-28 18:00:00+00:00,backan_backancity,49.6238860574627
2025-10-28 18:00:00+00:00,bienhoa_dongnai,76.75181511872644
2025-10-28 18:00:00+00:00,binhduong_thudaumot,74.71470079918701
2025-10-28 18:00:00+00:00,bentre_bentrecity,72.73566307087741
2025-10-28 18:00:00+00:00,bacgiang_bacgiangcity,105.10307592837155
2025-10-28 19:00:00+00:00,bienhoa_dongnai,77.18628876050323
2025-10-28 19:00:00+00:00,bacgiang_bacgiangcity,105.66983610594033
2025-10-28 19:00:00+00:00,binhduong_thudaumot,75.54286219974774
2025-10-28 19:00:00+00:00,bentre_bentrecity,72.926143673773
2025-10-28 19:00:00+00:00,backan_backancity,50.40823765902035
2025-10-28 19:00:00+00:00,bacninh_bacninhcity,103.73432753982422
2025-10-28 19:00:00+00:00,angiang_longxuyen,58.605617112169696
2025-10-28 20:00:00+00:00,backan_backancity,51.05981976841603
2025-10-28 20:00:00+00:00,bacgiang_bacgiangcity,106.19347828687384
2025-10-28 20:00:00+00:00,bentre_bentrecity,73.11139877576457
2025-10-28 20:00:00+00:00,bienhoa_dongnai,77.35436192821501
2025-10-28 20:00:00+00:00,bacninh_bacninhcity,104.34055090906625
2025-10-28 20:00:00+00:00,binhduong_thudaumot,76.15013414993722
2025-10-28 20:00:00+00:00,angiang_longxuyen,57.18456802952002
2025-10-28 21:00:00+00:00,bacgiang_bacgiangcity,106.59049180939928
2025-10-28 21:00:00+00:00,bacninh_bacninhcity,104.79316260820663
2025-10-28 21:00:00+00:00,bienhoa_dongnai,77.15430486612726
2025-10-28 21:00:00+00:00,backan_backancity,51.553261947871704
2025-10-28 21:00:00+00:00,binhduong_thudaumot,76.29641771854209
2025-10-28 21:00:00+00:00,angiang_longxuyen,55.85141265524865
2025-10-28 21:00:00+00:00,bentre_bentrecity,73.30363716580857
2025-10-28 22:00:00+00:00,bentre_bentrecity,73.60885688972019
2025-10-28 22:00:00+00:00,bienhoa_dongnai,76.80281270082149
2025-10-28 22:00:00+00:00,backan_backancity,51.951466001358725
2025-10-28 22:00:00+00:00,binhduong_thudaumot,76.03828406522452
2025-10-28 22:00:00+00:00,bacninh_bacninhcity,105.03222764295674
2025-10-28 22:00:00+00:00,angiang_longxuyen,54.468538880618944
2025-10-28 22:00:00+00:00,bacgiang_bacgiangcity,106.73287637550821
2025-10-28 23:00:00+00:00,angiang_longxuyen,53.090355439023824
2025-10-28 23:00:00+00:00,bacninh_bacninhcity,105.30863695269377
2025-10-28 23:00:00+00:00,bienhoa_dongnai,76.51294315775037
2025-10-28 23:00:00+00:00,bentre_bentrecity,74.0103937772559
2025-10-28 23:00:00+00:00,bacgiang_bacgiangcity,106.80556185306018
2025-10-28 23:00:00+00:00,binhduong_thudaumot,75.6425687598783
2025-10-28 23:00:00+00:00,backan_backancity,52.31396609113343
2025-10-29 00:00:00+00:00,bentre_bentrecity,74.61872736126766
2025-10-29 00:00:00+00:00,backan_backancity,52.72105915240307
2025-10-29 00:00:00+00:00,binhduong_thudaumot,75.21658383772163
2025-10-29 00:00:00+00:00,bacgiang_bacgiangcity,107.34368320737188
2025-10-29 00:00:00+00:00,angiang_longxuyen,51.85900378677788
2025-10-29 00:00:00+00:00,bacninh_bacninhcity,106.12700543388752
2025-10-29 00:00:00+00:00,bienhoa_dongnai,76.40787186605057
2025-10-29 01:00:00+00:00,bienhoa_dongnai,76.13505372851058
2025-10-29 01:00:00+00:00,angiang_longxuyen,51.09669413990785
2025-10-29 01:00:00+00:00,bentre_bentrecity,75.10235812978362
2025-10-29 01:00:00+00:00,bacgiang_bacgiangcity,108.82981365216037
2025-10-29 01:00:00+00:00,backan_backancity,53.91383085750825
2025-10-29 01:00:00+00:00,binhduong_thudaumot,74.63968157638325
2025-10-29 01:00:00+00:00,bacninh_bacninhcity,107.91722081827909
2025-10-29 02:00:00+00:00,bacgiang_bacgiangcity,110.23446125367319
2025-10-29 02:00:00+00:00,bienhoa_dongnai,75.42562997963265
2025-10-29 02:00:00+00:00,backan_backancity,55.43848930987293
2025-10-29 02:00:00+00:00,bacninh_bacninhcity,109.67430963787427
2025-10-29 02:00:00+00:00,angiang_longxuyen,50.75087562420979
2025-10-29 02:00:00+00:00,bentre_bentrecity,75.23340899342179
2025-10-29 02:00:00+00:00,binhduong_thudaumot,73.73799333171158
2025-10-29 03:00:00+00:00,bacgiang_bacgiangcity,111.0542737091488
2025-10-29 03:00:00+00:00,bentre_bentrecity,74.89847222440233
2025-10-29 03:00:00+00:00,binhduong_thudaumot,72.45252010931972
2025-10-29 03:00:00+00:00,bienhoa_dongnai,74.1902493400119
2025-10-29 03:00:00+00:00,bacninh_bacninhcity,110.78924541855392
2025-10-29 03:00:00+00:00,angiang_longxuyen,50.818089227844666
2025-10-29 03:00:00+00:00,backan_backancity,57.34359120399252
2025-10-29 04:00:00+00:00,bienhoa_dongnai,72.70675530401114
2025-10-29 04:00:00+00:00,bacninh_bacninhcity,111.58330400805237
2025-10-29 04:00:00+00:00,binhduong_thudaumot,71.05321711619406
2025-10-29 04:00:00+00:00,angiang_longxuyen,51.14891869224015
2025-10-29 04:00:00+00:00,bentre_bentrecity,74.24106418185886
2025-10-29 04:00:00+00:00,backan_backancity,59.588307147291296
2025-10-29 04:00:00+00:00,bacgiang_bacgiangcity,111.63951947687444
2025-10-29 05:00:00+00:00,binhduong_thudaumot,69.68179941473697
2025-10-29 05:00:00+00:00,bentre_bentrecity,73.56087017076051
2025-10-29 05:00:00+00:00,angiang_longxuyen,51.438300927983
2025-10-29 05:00:00+00:00,bacgiang_bacgiangcity,112.50939351454339
2025-10-29 05:00:00+00:00,bacninh_bacninhcity,112.56490304038321
2025-10-29 05:00:00+00:00,bienhoa_dongnai,71.17504829921971
2025-10-29 05:00:00+00:00,backan_backancity,61.976234882643546
2025-10-29 06:00:00+00:00,bacgiang_bacgiangcity,114.5159292992339
2025-10-29 06:00:00+00:00,bentre_bentrecity,72.9863174268977
2025-10-29 06:00:00+00:00,backan_backancity,64.59190482767085
2025-10-29 06:00:00+00:00,bacninh_bacninhcity,114.57903342276566
2025-10-29 06:00:00+00:00,angiang_longxuyen,51.5862248078625
2025-10-29 06:00:00+00:00,binhduong_thudaumot,68.40272210102864
2025-10-29 06:00:00+00:00,bienhoa_dongnai,69.83354778695173
2025-10-29 07:00:00+00:00,bienhoa_dongnai,68.84513624168125
2025-10-29 07:00:00+00:00,bacninh_bacninhcity,118.24405334710727
2025-10-29 07:00:00+00:00,backan_backancity,67.55312787994063
2025-10-29 07:00:00+00:00,binhduong_thudaumot,67.39040639092323
2025-10-29 07:00:00+00:00,bentre_bentrecity,72.60439901028312
2025-10-29 07:00:00+00:00,angiang_longxuyen,51.56852075858814
2025-10-29 07:00:00+00:00,bacgiang_bacgiangcity,118.21659227387181
2025-10-29 08:00:00+00:00,binhduong_thudaumot,66.80574201999885
2025-10-29 08:00:00+00:00,bentre_bentrecity,72.637000740736
2025-10-29 08:00:00+00:00,angiang_longxuyen,51.776648848300354
2025-10-29 08:00:00+00:00,bienhoa_dongnai,68.32170290674557
2025-10-29 08:00:00+00:00,bacgiang_bacgiangcity,123.6844426422916
2025-10-29 08:00:00+00:00,backan_backancity,70.45714888359652
2025-10-29 08:00:00+00:00,bacninh_bacninhcity,123.64693955732716
2025-10-29 09:00:00+00:00,bacninh_bacninhcity,130.07190394031142
2025-10-29 09:00:00+00:00,bentre_bentrecity,73.17376541186648
2025-10-29 09:00:00+00:00,backan_backancity,72.73230413107898
2025-10-29 09:00:00+00:00,bacgiang_bacgiangcity,130.20616581116622
2025-10-29 09:00:00+00:00,angiang_longxuyen,52.16755199377991
2025-10-29 09:00:00+00:00,bienhoa_dongnai,68.15884218706296
2025-10-29 09:00:00+00:00,binhduong_thudaumot,66.59091345452293
2025-10-29 10:00:00+00:00,bacgiang_bacgiangcity,136.470083824074
2025-10-29 10:00:00+00:00,bacninh_bacninhcity,136.18945136544858
2025-10-29 10:00:00+00:00,binhduong_thudaumot,66.79985082247673
2025-10-29 10:00:00+00:00,backan_backancity,73.66525401105079
2025-10-29 10:00:00+00:00,bentre_bentrecity,74.2228467195065
2025-10-29 10:00:00+00:00,angiang_longxuyen,52.72791191170686
2025-10-29 10:00:00+00:00,bienhoa_dongnai,68.3272590804795
2025-10-29 11:00:00+00:00,bienhoa_dongnai,68.58588874304192
2025-10-29 11:00:00+00:00,bentre_bentrecity,75.31649489289174
2025-10-29 11:00:00+00:00,bacgiang_bacgiangcity,140.35013354571237
2025-10-29 11:00:00+00:00,angiang_longxuyen,53.420140673430154
2025-10-29 11:00:00+00:00,backan_backancity,73.66688126945054
2025-10-29 11:00:00+00:00,bacninh_bacninhcity,139.62222692602649
2025-10-29 11:00:00+00:00,binhduong_thudaumot,67.20967628555132
2025-10-29 12:00:00+00:00,bacninh_bacninhcity,140.53275196698135
2025-10-29 12:00:00+00:00,angiang_longxuyen,54.26568415235193
2025-10-29 12:00:00+00:00,binhduong_thudaumot,67.70049483715925
2025-10-29 12:00:00+00:00,bienhoa_dongnai,68.88601349479814
2025-10-29 12:00:00+00:00,backan_backancity,73.57669025509611
2025-10-29 12:00:00+00:00,bentre_bentrecity,76.34687578180942
2025-10-29 12:00:00+00:00,bacgiang_bacgiangcity,141.9530744395969
2025-10-29 13:00:00+00:00,bentre_bentrecity,76.16565836910922
2025-10-29 13:00:00+00:00,bacgiang_bacgiangcity,141.2608500288319
2025-10-29 13:00:00+00:00,angiang_longxuyen,55.6357922153643
2025-10-29 13:00:00+00:00,bienhoa_dongnai,69.34677562655173
2025-10-29 13:00:00+00:00,backan_backancity,72.84113029978143
2025-10-29 13:00:00+00:00,bacninh_bacninhcity,139.93351623675005
2025-10-29 13:00:00+00:00,binhduong_thudaumot,68.34708204644016
2025-10-29 14:00:00+00:00,bacgiang_bacgiangcity,141.3208758493748
2025-10-29 14:00:00+00:00,angiang_longxuyen,56.91434741407805
2025-10-29 14:00:00+00:00,backan_backancity,72.24453125027273
2025-10-29 14:00:00+00:00,bacninh_bacninhcity,140.62548394097604
2025-10-29 14:00:00+00:00,binhduong_thudaumot,68.58965667291943
2025-10-29 14:00:00+00:00,bentre_bentrecity,75.5305707425838
2025-10-29 14:00:00+00:00,bienhoa_dongnai,69.33416654943278
2025-10-29 15:00:00+00:00,bacninh_bacninhcity,142.79785650081826
2025-10-29 15:00:00+00:00,binhduong_thudaumot,68.28698225960636
2025-10-29 15:00:00+00:00,backan_backancity,72.17439380266823
2025-10-29 15:00:00+00:00,bienhoa_dongnai,68.6893197234671
2025-10-29 15:00:00+00:00,bacgiang_bacgiangcity,143.15557053647603
2025-10-29 15:00:00+00:00,bentre_bentrecity,74.91578903838905
2025-10-29 15:00:00+00:00,angiang_longxuyen,58.0199998813802
2025-10-29 16:00:00+00:00,angiang_longxuyen,59.13822226717674
2025-10-29 16:00:00+00:00,backan_backancity,72.60223658401392
2025-10-29 16:00:00+00:00,bienhoa_dongnai,67.39639766048597
2025-10-29 16:00:00+00:00,bacgiang_bacgiangcity,146.00741484834077
2025-10-29 16:00:00+00:00,bentre_bentrecity,74.24418816990973
2025-10-29 16:00:00+00:00,binhduong_thudaumot,67.3749300322924
2025-10-29 16:00:00+00:00,bacninh_bacninhcity,145.64547603218523
2025-10-29 17:00:00+00:00,angiang_longxuyen,60.05677482617316
2025-10-29 17:00:00+00:00,bacninh_bacninhcity,148.61151559527997
2025-10-29 17:00:00+00:00,bienhoa_dongnai,65.85552753753977
2025-10-29 17:00:00+00:00,bacgiang_bacgiangcity,149.11264156707244
2025-10-29 17:00:00+00:00,bentre_bentrecity,73.33559495443481
2025-10-29 17:00:00+00:00,binhduong_thudaumot,66.1931575497396
2025-10-29 17:00:00+00:00,backan_backancity,73.43070690261311
2025-10-29 18:00:00+00:00,angiang_longxuyen,60.81430712084285
2025-10-29 18:00:00+00:00,binhduong_thudaumot,64.89708539295786
2025-10-29 18:00:00+00:00,backan_backancity,74.23231440474146
2025-10-29 18:00:00+00:00,bienhoa_dongnai,64.33695172486189
2025-10-29 18:00:00+00:00,bacninh_bacninhcity,151.4164435239239
2025-10-29 18:00:00+00:00,bentre_bentrecity,72.14712634707658
2025-10-29 18:00:00+00:00,bacgiang_bacgiangcity,152.02570821300932
2025-10-29 19:00:00+00:00,bacgiang_bacgiangcity,154.20858833711736
2025-10-29 19:00:00+00:00,bentre_bentrecity,70.89681756956931
2025-10-29 19:00:00+00:00,bienhoa_dongnai,62.783137501008525
2025-10-29 19:00:00+00:00,angiang_longxuyen,61.47955559022151
2025-10-29 19:00:00+00:00,backan_backancity,74.87168772518066
2025-10-29 19:00:00+00:00,bacninh_bacninhcity,153.61201104240007
2025-10-29 19:00:00+00:00,binhduong_thudaumot,63.416576114342746
2025-10-29 20:00:00+00:00,binhduong_thudaumot,61.90404378272706
2025-10-29 20:00:00+00:00,backan_backancity,75.30723605365462
2025-10-29 20:00:00+00:00,bienhoa_dongnai,61.31047300018688
2025-10-29 20:00:00+00:00,bentre_bentrecity,69.75607897463175
2025-10-29 20:00:00+00:00,bacninh_bacninhcity,155.01536912865026
2025-10-29 20:00:00+00:00,angiang_longxuyen,62.22074133460273
2025-10-29 20:00:00+00:00,bacgiang_bacgiangcity,155.6231631938343
2025-10-29 21:00:00+00:00,backan_backancity,75.60020347902687
2025-10-29 21:00:00+00:00,angiang_longxuyen,63.02025602579448
2025-10-29 21:00:00+00:00,bacgiang_bacgiangcity,156.44129128458263
2025-10-29 21:00:00+00:00,binhduong_thudaumot,60.52315404507673
2025-10-29 21:00:00+00:00,bienhoa_dongnai,60.11770999699828
2025-10-29 21:00:00+00:00,bacninh_bacninhcity,155.79562647845881
2025-10-29 21:00:00+00:00,bentre_bentrecity,68.70285990565972
2025-10-29 22:00:00+00:00,bentre_bentrecity,67.8285826982032
2025-10-29 22:00:00+00:00,bacgiang_bacgiangcity,157.07432960975436
2025-10-29 22:00:00+00:00,backan_backancity,75.84558447360197
2025-10-29 22:00:00+00:00,binhduong_thudaumot,59.281407953480475
2025-10-29 22:00:00+00:00,bacninh_bacninhcity,156.28569666524118
2025-10-29 22:00:00+00:00,bienhoa_dongnai,59.08007170965602
2025-10-29 22:00:00+00:00,angiang_longxuyen,64.02164212868013
2025-10-29 23:00:00+00:00,bacgiang_bacgiangcity,157.59732784886123
2025-10-29 23:00:00+00:00,backan_backancity,76.198334065853
2025-10-29 23:00:00+00:00,bacninh_bacninhcity,156.67868391974073
2025-10-29 23:00:00+00:00,bienhoa_dongnai,58.31560833843336
2025-10-29 23:00:00+00:00,bentre_bentrecity,67.40067030152491
2025-10-29 23:00:00+00:00,angiang_longxuyen,65.13556141672971
2025-10-29 23:00:00+00:00,binhduong_thudaumot,58.31743574091436
2025-10-30 00:00:00+00:00,angiang_longxuyen,66.46651520610729
2025-10-30 00:00:00+00:00,bacninh_bacninhcity,157.05363645213606
2025-10-30 00:00:00+00:00,bentre_bentrecity,67.39024975642486
2025-10-30 00:00:00+00:00,bacgiang_bacgiangcity,158.04435835625753
2025-10-30 00:00:00+00:00,binhduong_thudaumot,57.765142499653585
2025-10-30 00:00:00+00:00,backan_backancity,76.88933585733905
2025-10-30 00:00:00+00:00,bienhoa_dongnai,57.92254276668461
2025-10-30 01:00:00+00:00,bacninh_bacninhcity,157.12661942646096
2025-10-30 01:00:00+00:00,bentre_bentrecity,66.60736007685202
2025-10-30 01:00:00+00:00,angiang_longxuyen,66.99053592041187
2025-10-30 01:00:00+00:00,backan_backancity,77.18883842206006
2025-10-30 01:00:00+00:00,bienhoa_dongnai,57.61793217693334
2025-10-30 01:00:00+00:00,binhduong_thudaumot,57.39780414426249
2025-10-30 01:00:00+00:00,bacgiang_bacgiangcity,158.23155398564558
2025-10-30 02:00:00+00:00,bacninh_bacninhcity,157.09928235553673
2025-10-30 02:00:00+00:00,angiang_longxuyen,67.2695976830953
2025-10-30 02:00:00+00:00,binhduong_thudaumot,57.14894673401518
2025-10-30 02:00:00+00:00,backan_backancity,77.38280849350274
2025-10-30 02:00:00+00:00,bienhoa_dongnai,57.36470640456476
2025-10-30 02:00:00+00:00,bentre_bentrecity,65.64501077172739
2025-10-30 02:00:00+00:00,bacgiang_bacgiangcity,158.38468596259597
2025-10-30 03:00:00+00:00,binhduong_thudaumot,57.05648451943435
2025-10-30 03:00:00+00:00,bacninh_bacninhcity,156.8696170222983
2025-10-30 03:00:00+00:00,backan_backancity,77.4511272405428
2025-10-30 03:00:00+00:00,bacgiang_bacgiangcity,158.38210149337283
2025-10-30 03:00:00+00:00,bienhoa_dongnai,57.226180594587596
2025-10-30 03:00:00+00:00,angiang_longxuyen,67.44296161608544
2025-10-30 03:00:00+00:00,bentre_bentrecity,65.03164312897626
2025-10-30 04:00:00+00:00,bentre_bentrecity,64.92693731777265
2025-10-30 04:00:00+00:00,backan_backancity,77.32652449708762
2025-10-30 04:00:00+00:00,angiang_longxuyen,67.61755687027112
2025-10-30 04:00:00+00:00,binhduong_thudaumot,57.05804216250149
2025-10-30 04:00:00+00:00,bacgiang_bacgiangcity,158.2442674857635
2025-10-30 04:00:00+00:00,bienhoa_dongnai,57.194166243503616
2025-10-30 04:00:00+00:00,bacninh_bacninhcity,156.52266290648706
2025-10-30 05:00:00+00:00,binhduong_thudaumot,57.183471588031416
2025-10-30 05:00:00+00:00,backan_backancity,77.07242853306141
2025-10-30 05:00:00+00:00,bentre_bentrecity,65.29200447293735
2025-10-30 05:00:00+00:00,bacninh_bacninhcity,156.1078425432977
2025-10-30 05:00:00+00:00,bienhoa_dongnai,57.33748680951428
2025-10-30 05:00:00+00:00,angiang_longxuyen,67.66709253038135
2025-10-30 05:00:00+00:00,bacgiang_bacgiangcity,157.9135424443669
2025-10-30 06:00:00+00:00,bienhoa_dongnai,57.7222507528493
2025-10-30 06:00:00+00:00,binhduong_thudaumot,57.51098127125306
2025-10-30 06:00:00+00:00,bentre_bentrecity,65.9682043043272
2025-10-30 06:00:00+00:00,angiang_longxuyen,67.80627533506002
2025-10-30 06:00:00+00:00,backan_backancity,76.7229334576099
2025-10-30 06:00:00+00:00,bacninh_bacninhcity,155.50697520370835
2025-10-30 06:00:00+00:00,bacgiang_bacgiangcity,157.31186582653595
2025-10-30 07:00:00+00:00,bacgiang_bacgiangcity,156.56665544573823
2025-10-30 07:00:00+00:00,bentre_bentrecity,67.00147422954821
2025-10-30 07:00:00+00:00,angiang_longxuyen,68.1583505287764
2025-10-30 07:00:00+00:00,bienhoa_dongnai,58.3840054027226
2025-10-30 07:00:00+00:00,backan_backancity,76.17817172514586
2025-10-30 07:00:00+00:00,bacninh_bacninhcity,154.81006481086703
2025-10-30 07:00:00+00:00,binhduong_thudaumot,57.998606219477516
2025-10-30 08:00:00+00:00,backan_backancity,75.24687956028181
2025-10-30 08:00:00+00:00,bacgiang_bacgiangcity,155.81339579210749
2025-10-30 08:00:00+00:00,angiang_longxuyen,68.6267268375342
2025-10-30 08:00:00+00:00,binhduong_thudaumot,58.74512623871997
2025-10-30 08:00:00+00:00,bienhoa_dongnai,59.37948290425298
2025-10-30 08:00:00+00:00,bacninh_bacninhcity,154.06454116107255
2025-10-30 08:00:00+00:00,bentre_bentrecity,68.26504037695938
2025-10-30 09:00:00+00:00,backan_backancity,74.14391598520172
2025-10-30 09:00:00+00:00,binhduong_thudaumot,59.71934930901289
2025-10-30 09:00:00+00:00,angiang_longxuyen,69.115217626458
2025-10-30 09:00:00+00:00,bienhoa_dongnai,60.65152471840942
2025-10-30 09:00:00+00:00,bacninh_bacninhcity,153.11616713396938
2025-10-30 09:00:00+00:00,bentre_bentrecity,69.94863933558906
2025-10-30 09:00:00+00:00,bacgiang_bacgiangcity,154.83836779453128
2025-10-30 10:00:00+00:00,bentre_bentrecity,71.74140818862598
2025-10-30 10:00:00+00:00,bacgiang_bacgiangcity,153.71930567378513
2025-10-30 10:00:00+00:00,binhduong_thudaumot,60.86301609887835
2025-10-30 10:00:00+00:00,bienhoa_dongnai,62.13631098902176
2025-10-30 10:00:00+00:00,angiang_longxuyen,69.39893926546802
2025-10-30 10:00:00+00:00,bacninh_bacninhcity,152.04453916048033
2025-10-30 10:00:00+00:00,backan_backancity,72.9266179282264
2025-10-30 11:00:00+00:00,bacgiang_bacgiangcity,152.3236835913712
2025-10-30 11:00:00+00:00,bienhoa_dongnai,63.55308307967422
2025-10-30 11:00:00+00:00,binhduong_thudaumot,62.008305796185276
2025-10-30 11:00:00+00:00,angiang_longxuyen,69.3321390028705
2025-10-30 11:00:00+00:00,bentre_bentrecity,73.04585158915404
2025-10-30 11:00:00+00:00,backan_backancity,71.5199357098441
2025-10-30 11:00:00+00:00,bacninh_bacninhcity,150.6736087663515
2025-10-30 12:00:00+00:00,bienhoa_dongnai,64.42969240077316
2025-10-30 12:00:00+00:00,bacninh_bacninhcity,148.68844053781393
2025-10-30 12:00:00+00:00,backan_backancity,70.08585550712151
2025-10-30 12:00:00+00:00,bentre_bentrecity,73.440309467555
2025-10-30 12:00:00+00:00,angiang_longxuyen,68.90843398285682
2025-10-30 12:00:00+00:00,bacgiang_bacgiangcity,150.42742719545137
2025-10-30 12:00:00+00:00,binhduong_thudaumot,62.65875230546775
2025-10-30 13:00:00+00:00,bentre_bentrecity,73.55480928586516
2025-10-30 13:00:00+00:00,bienhoa_dongnai,65.17221388934882
2025-10-30 13:00:00+00:00,bacninh_bacninhcity,146.5443013463033
2025-10-30 13:00:00+00:00,backan_backancity,69.33004619193392
2025-10-30 13:00:00+00:00,angiang_longxuyen,68.37218272480433
2025-10-30 13:00:00+00:00,binhduong_thudaumot,63.00016330041994
2025-10-30 13:00:00+00:00,bacgiang_bacgiangcity,148.4223446308291
2025-10-30 14:00:00+00:00,angiang_longxuyen,68.04080939062284
2025-10-30 14:00:00+00:00,backan_backancity,68.94603931534104
2025-10-30 14:00:00+00:00,bacgiang_bacgiangcity,146.16860480004075
2025-10-30 14:00:00+00:00,bienhoa_dongnai,66.05997906749852
2025-10-30 14:00:00+00:00,binhduong_thudaumot,63.58985302816711
2025-10-30 14:00:00+00:00,bentre_bentrecity,73.66240848433036
2025-10-30 14:00:00+00:00,bacninh_bacninhcity,144.0727177359454
2025-10-30 15:00:00+00:00,angiang_longxuyen,68.17778625944942
2025-10-30 15:00:00+00:00,bienhoa_dongnai,67.71899511180034
2025-10-30 15:00:00+00:00,bacninh_bacninhcity,141.2839318625504
2025-10-30 15:00:00+00:00,bacgiang_bacgiangcity,143.67057171424932
2025-10-30 15:00:00+00:00,bentre_bentrecity,73.92640287846203
2025-10-30 15:00:00+00:00,binhduong_thudaumot,64.96513873154234
2025-10-30 15:00:00+00:00,backan_backancity,68.79586599002658
2025-10-30 16:00:00+00:00,bentre_bentrecity,74.88438817242368
2025-10-30 16:00:00+00:00,angiang_longxuyen,69.14519572906315
2025-10-30 16:00:00+00:00,backan_backancity,68.82366426252938
2025-10-30 16:00:00+00:00,bienhoa_dongnai,70.09789895966303
2025-10-30 16:00:00+00:00,bacninh_bacninhcity,137.73091321872198
2025-10-30 16:00:00+00:00,binhduong_thudaumot,67.31608767240387
2025-10-30 16:00:00+00:00,bacgiang_bacgiangcity,140.35152585236457
2025-10-30 17:00:00+00:00,angiang_longxuyen,70.58513232164155
2025-10-30 17:00:00+00:00,bacninh_bacninhcity,132.90844158091855
2025-10-30 17:00:00+00:00,bienhoa_dongnai,73.18263266485766
2025-10-30 17:00:00+00:00,backan_backancity,68.8907168807076
2025-10-30 17:00:00+00:00,binhduong_thudaumot,70.76572754730654
2025-10-30 17:00:00+00:00,bentre_bentrecity,76.490557477358
2025-10-30 17:00:00+00:00,bacgiang_bacgiangcity,135.73528963741805
2025-10-30 18:00:00+00:00,bentre_bentrecity,78.65654283043325
2025-10-30 18:00:00+00:00,binhduong_thudaumot,75.16076974480164
2025-10-30 18:00:00+00:00,backan_backancity,68.96588838705145
2025-10-30 18:00:00+00:00,bacgiang_bacgiangcity,129.7433587290172
2025-10-30 18:00:00+00:00,angiang_longxuyen,72.36335157016299
2025-10-30 18:00:00+00:00,bienhoa_dongnai,76.69201554801452
2025-10-30 18:00:00+00:00,bacninh_bacninhcity,126.8524950232246
2025-10-30 19:00:00+00:00,bacgiang_bacgiangcity,122.38281431177596
2025-10-30 19:00:00+00:00,bentre_bentrecity,81.17072232243187
2025-10-30 19:00:00+00:00,angiang_longxuyen,74.28259842967725
2025-10-30 19:00:00+00:00,bienhoa_dongnai,79.83449952256738
2025-10-30 19:00:00+00:00,binhduong_thudaumot,79.7387958440619
2025-10-30 19:00:00+00:00,bacninh_bacninhcity,119.617390908909
2025-10-30 19:00:00+00:00,backan_backancity,69.14986865826458
2025-10-30 20:00:00+00:00,binhduong_thudaumot,83.78752786757238
2025-10-30 20:00:00+00:00,angiang_longxuyen,76.25372611581906
2025-10-30 20:00:00+00:00,bacgiang_bacgiangcity,114.2695802164397
2025-10-30 20:00:00+00:00,backan_backancity,69.56240911931096
2025-10-30 20:00:00+00:00,bentre_bentrecity,83.97983587294898
2025-10-30 20:00:00+00:00,bacninh_bacninhcity,111.68627052368029
2025-10-30 20:00:00+00:00,bienhoa_dongnai,82.22601244754904
2025-10-30 21:00:00+00:00,bentre_bentrecity,86.7776793537603
2025-10-30 21:00:00+00:00,bacninh_bacninhcity,104.16431153651745
2025-10-30 21:00:00+00:00,bienhoa_dongnai,83.595902962647
2025-10-30 21:00:00+00:00,binhduong_thudaumot,86.83727225395353
2025-10-30 21:00:00+00:00,backan_backancity,70.40642106091532
2025-10-30 21:00:00+00:00,angiang_longxuyen,78.19361827241045
2025-10-30 21:00:00+00:00,bacgiang_bacgiangcity,106.71440356629132
2025-10-30 22:00:00+00:00,backan_backancity,71.66497055342029
2025-10-30 22:00:00+00:00,bentre_bentrecity,88.85587542145616
2025-10-30 22:00:00+00:00,angiang_longxuyen,79.91426564086348
2025-10-30 22:00:00+00:00,bacgiang_bacgiangcity,100.42597307019294
2025-10-30 22:00:00+00:00,binhduong_thudaumot,88.56093483650024
2025-10-30 22:00:00+00:00,bienhoa_dongnai,84.11473733467214
2025-10-30 22:00:00+00:00,bacninh_bacninhcity,97.81229042536373
2025-10-30 23:00:00+00:00,binhduong_thudaumot,88.93876552780313
2025-10-30 23:00:00+00:00,angiang_longxuyen,81.43643534508735
2025-10-30 23:00:00+00:00,bentre_bentrecity,90.38484349800521
2025-10-30 23:00:00+00:00,bacninh_bacninhcity,93.2435035860283
2025-10-30 23:00:00+00:00,backan_backancity,73.19583347230383
2025-10-30 23:00:00+00:00,bienhoa_dongnai,84.14689961833793
2025-10-30 23:00:00+00:00,bacgiang_bacgiangcity,95.76342199200894
2025-10-31 00:00:00+00:00,binhduong_thudaumot,88.65224622261385
2025-10-31 00:00:00+00:00,angiang_longxuyen,82.62110991681834
2025-10-31 00:00:00+00:00,bacgiang_bacgiangcity,92.48359784361244
2025-10-31 00:00:00+00:00,backan_backancity,74.6624109824804
2025-10-31 00:00:00+00:00,bentre_bentrecity,91.62451853345632
2025-10-31 00:00:00+00:00,bienhoa_dongnai,84.34420687478759
2025-10-31 00:00:00+00:00,bacninh_bacninhcity,90.1929205524371
2025-10-31 01:00:00+00:00,bacninh_bacninhcity,88.31919341853315
2025-10-31 01:00:00+00:00,bacgiang_bacgiangcity,90.37802337088858
2025-10-31 01:00:00+00:00,binhduong_thudaumot,87.9492945241895
2025-10-31 01:00:00+00:00,backan_backancity,75.7895049722264
2025-10-31 01:00:00+00:00,bentre_bentrecity,91.40558918979386
2025-10-31 01:00:00+00:00,bienhoa_dongnai,84.62411272337891
2025-10-31 01:00:00+00:00,angiang_longxuyen,83.21000777015708
2025-10-31 02:00:00+00:00,binhduong_thudaumot,86.84746437374345
2025-10-31 02:00:00+00:00,bacgiang_bacgiangcity,89.22793130337115
2025-10-31 02:00:00+00:00,bienhoa_dongnai,84.61732087749115
2025-10-31 02:00:00+00:00,backan_backancity,76.6534225479989
2025-10-31 02:00:00+00:00,bentre_bentrecity,90.6264021757242
2025-10-31 02:00:00+00:00,angiang_longxuyen,83.43648820192858
2025-10-31 02:00:00+00:00,bacninh_bacninhcity,87.347670117858
2025-10-31 03:00:00+00:00,angiang_longxuyen,83.37090620765174
2025-10-31 03:00:00+00:00,bacgiang_bacgiangcity,88.76368840498705
2025-10-31 03:00:00+00:00,backan_backancity,77.18731123570093
2025-10-31 03:00:00+00:00,binhduong_thudaumot,85.36843006998801
2025-10-31 03:00:00+00:00,bacninh_bacninhcity,86.93761622947329
2025-10-31 03:00:00+00:00,bentre_bentrecity,89.51653689305957
2025-10-31 03:00:00+00:00,bienhoa_dongnai,84.14036447898917
2025-10-31 04:00:00+00:00,bacgiang_bacgiangcity,88.44414423865138
2025-10-31 04:00:00+00:00,backan_backancity,77.38567142405631
2025-10-31 04:00:00+00:00,angiang_longxuyen,83.09494667822774
2025-10-31 04:00:00+00:00,binhduong_thudaumot,83.79575988065349
2025-10-31 04:00:00+00:00,bienhoa_dongnai,83.39913522502508
2025-10-31 04:00:00+00:00,bentre_bentrecity,88.40069121822792
2025-10-31 04:00:00+00:00,bacninh_bacninhcity,86.68770153636198
2025-10-31 05:00:00+00:00,bacgiang_bacgiangcity,88.278342271166
2025-10-31 05:00:00+00:00,binhduong_thudaumot,82.28288817429134
2025-10-31 05:00:00+00:00,angiang_longxuyen,82.89646031208201
2025-10-31 05:00:00+00:00,backan_backancity,77.61206048570378
2025-10-31 05:00:00+00:00,bentre_bentrecity,87.70506000712332
2025-10-31 05:00:00+00:00,bienhoa_dongnai,82.49427078080308
2025-10-31 05:00:00+00:00,bacninh_bacninhcity,86.56074057351464
2025-10-31 06:00:00+00:00,bienhoa_dongnai,81.76473690271743
2025-10-31 06:00:00+00:00,backan_backancity,77.67100291763293
2025-10-31 06:00:00+00:00,bentre_bentrecity,87.43042534449805
2025-10-31 06:00:00+00:00,bacninh_bacninhcity,86.39688565986319
2025-10-31 06:00:00+00:00,binhduong_thudaumot,81.14124458002986
2025-10-31 06:00:00+00:00,angiang_longxuyen,83.057937427029
2025-10-31 06:00:00+00:00,bacgiang_bacgiangcity,88.07469131753226
2025-10-31 07:00:00+00:00,binhduong_thudaumot,80.46028044931451
2025-10-31 07:00:00+00:00,backan_backancity,77.66311898121486
2025-10-31 07:00:00+00:00,bienhoa_dongnai,81.32911460795259
2025-10-31 07:00:00+00:00,bacninh_bacninhcity,86.19262774754826
2025-10-31 07:00:00+00:00,bacgiang_bacgiangcity,87.80410522159409
2025-10-31 07:00:00+00:00,bentre_bentrecity,87.62498932174705
2025-10-31 07:00:00+00:00,angiang_longxuyen,83.65454082749599
2025-10-31 08:00:00+00:00,bacninh_bacninhcity,86.01788238530165
2025-10-31 08:00:00+00:00,angiang_longxuyen,84.67618499217113
2025-10-31 08:00:00+00:00,bentre_bentrecity,88.23542224313283
2025-10-31 08:00:00+00:00,binhduong_thudaumot,80.27000434145845
2025-10-31 08:00:00+00:00,bienhoa_dongnai,81.35836174956533
2025-10-31 08:00:00+00:00,backan_backancity,77.50835539490643
2025-10-31 08:00:00+00:00,bacgiang_bacgiangcity,87.54448354054196
2025-10-31 09:00:00+00:00,bienhoa_dongnai,81.67267062534083
2025-10-31 09:00:00+00:00,angiang_longxuyen,85.50319230104594
2025-10-31 09:00:00+00:00,bacninh_bacninhcity,85.83936256674009
2025-10-31 09:00:00+00:00,backan_backancity,77.30110619876842
2025-10-31 09:00:00+00:00,binhduong_thudaumot,80.40446635639451
2025-10-31 09:00:00+00:00,bentre_bentrecity,88.69374239954723
2025-10-31 09:00:00+00:00,bacgiang_bacgiangcity,87.27347975260814
2025-10-31 10:00:00+00:00,angiang_longxuyen,85.64760278210778
2025-10-31 10:00:00+00:00,bienhoa_dongnai,82.13340230038641
2025-10-31 10:00:00+00:00,bentre_bentrecity,88.87898227318479
2025-10-31 10:00:00+00:00,binhduong_thudaumot,80.67120620520598
2025-10-31 10:00:00+00:00,bacninh_bacninhcity,85.6474309192554
2025-10-31 10:00:00+00:00,bacgiang_bacgiangcity,86.9970938292719
2025-10-31 10:00:00+00:00,backan_backancity,77.14466314256079
2025-10-31 11:00:00+00:00,bienhoa_dongnai,82.55206455974417
2025-10-31 11:00:00+00:00,angiang_longxuyen,85.22551849405642
2025-10-31 11:00:00+00:00,bacninh_bacninhcity,85.50523072500393
2025-10-31 11:00:00+00:00,bacgiang_bacgiangcity,86.72827857335699
2025-10-31 11:00:00+00:00,binhduong_thudaumot,80.98560645110553
2025-10-31 11:00:00+00:00,bentre_bentrecity,88.54176668976191
2025-10-31 11:00:00+00:00,backan_backancity,76.87594795868651
2025-10-31 12:00:00+00:00,binhduong_thudaumot,81.29803571290054
2025-10-31 12:00:00+00:00,backan_backancity,76.38767471767711
2025-10-31 12:00:00+00:00,bentre_bentrecity,87.76376966278406
2025-10-31 12:00:00+00:00,bacninh_bacninhcity,85.46499523823454
2025-10-31 12:00:00+00:00,bienhoa_dongnai,82.71503840434227
2025-10-31 12:00:00+00:00,angiang_longxuyen,84.69701302949636
2025-10-31 12:00:00+00:00,bacgiang_bacgiangcity,86.49137759648544
2025-10-31 13:00:00+00:00,bacgiang_bacgiangcity,86.1831448339593
2025-10-31 13:00:00+00:00,binhduong_thudaumot,81.07622385937219
2025-10-31 13:00:00+00:00,bienhoa_dongnai,82.08977089067315
2025-10-31 13:00:00+00:00,bentre_bentrecity,86.82199821488308
2025-10-31 13:00:00+00:00,backan_backancity,75.70480051627328
2025-10-31 13:00:00+00:00,bacninh_bacninhcity,85.45282125694438
2025-10-31 13:00:00+00:00,angiang_longxuyen,84.37922338709038
2025-10-31 14:00:00+00:00,bienhoa_dongnai,80.5833386025774
2025-10-31 14:00:00+00:00,bacgiang_bacgiangcity,85.85307896274338
2025-10-31 14:00:00+00:00,bentre_bentrecity,85.61772475154326
2025-10-31 14:00:00+00:00,bacninh_bacninhcity,85.35750916468483
2025-10-31 14:00:00+00:00,binhduong_thudaumot,80.00012310076295
2025-10-31 14:00:00+00:00,backan_backancity,74.87046075494342
2025-10-31 14:00:00+00:00,angiang_longxuyen,84.29506280092328
2025-10-31 15:00:00+00:00,binhduong_thudaumot,78.06383353763412
2025-10-31 15:00:00+00:00,bienhoa_dongnai,78.40105020879656
2025-10-31 15:00:00+00:00,bacninh_bacninhcity,85.09881423774809
2025-10-31 15:00:00+00:00,bentre_bentrecity,84.11226599036449
2025-10-31 15:00:00+00:00,backan_backancity,73.96921195705885
2025-10-31 15:00:00+00:00,bacgiang_bacgiangcity,85.48684575075748
2025-10-31 15:00:00+00:00,angiang_longxuyen,84.35180799891693
2025-10-31 16:00:00+00:00,binhduong_thudaumot,75.72642912992353
2025-10-31 16:00:00+00:00,backan_backancity,72.97282945620452
2025-10-31 16:00:00+00:00,bacninh_bacninhcity,84.69159173546936
2025-10-31 16:00:00+00:00,angiang_longxuyen,84.47903437021984
2025-10-31 16:00:00+00:00,bentre_bentrecity,82.2824226217545
2025-10-31 16:00:00+00:00,bacgiang_bacgiangcity,85.05603344038013
2025-10-31 16:00:00+00:00,bienhoa_dongnai,76.06051311111852
2025-10-31 17:00:00+00:00,bienhoa_dongnai,74.05523475337326
2025-10-31 17:00:00+00:00,binhduong_thudaumot,73.82740552453244
2025-10-31 17:00:00+00:00,angiang_longxuyen,84.60512079045127
2025-10-31 17:00:00+00:00,bacninh_bacninhcity,84.12219922813627
2025-10-31 17:00:00+00:00,bentre_bentrecity,80.09154108535463
2025-10-31 17:00:00+00:00,bacgiang_bacgiangcity,84.44061975949404
2025-10-31 17:00:00+00:00,backan_backancity,71.71771286978888
2025-10-31 18:00:00+00:00,backan_backancity,70.23687726930214
2025-10-31 18:00:00+00:00,angiang_longxuyen,84.69261421066707
2025-10-31 18:00:00+00:00,bacninh_bacninhcity,83.35535588273001
2025-10-31 18:00:00+00:00,bentre_bentrecity,77.46180014122355
2025-10-31 18:00:00+00:00,bacgiang_bacgiangcity,83.55448619070239
2025-10-31 18:00:00+00:00,binhduong_thudaumot,73.01918891676445
2025-10-31 18:00:00+00:00,bienhoa_dongnai,72.67933121392112
2025-10-31 19:00:00+00:00,bacninh_bacninhcity,82.43457563309006
2025-10-31 19:00:00+00:00,angiang_longxuyen,84.72492877787293
2025-10-31 19:00:00+00:00,bienhoa_dongnai,71.94628176153869
2025-10-31 19:00:00+00:00,binhduong_thudaumot,73.56393759635363
2025-10-31 19:00:00+00:00,bacgiang_bacgiangcity,82.48943251518668
2025-10-31 19:00:00+00:00,backan_backancity,68.69583310802442
2025-10-31 19:00:00+00:00,bentre_bentrecity,74.64575986511176
2025-10-31 20:00:00+00:00,bacninh_bacninhcity,81.32440687108485
2025-10-31 20:00:00+00:00,angiang_longxuyen,84.72659954585558
2025-10-31 20:00:00+00:00,bienhoa_dongnai,71.81303801492331
2025-10-31 20:00:00+00:00,bentre_bentrecity,71.98518803055106
2025-10-31 20:00:00+00:00,backan_backancity,67.14858448022783
2025-10-31 20:00:00+00:00,bacgiang_bacgiangcity,81.31840254864724
2025-10-31 20:00:00+00:00,binhduong_thudaumot,75.35934313011313
2025-10-31 21:00:00+00:00,bacninh_bacninhcity,79.92423803725985
2025-10-31 21:00:00+00:00,angiang_longxuyen,84.87955204577656
2025-10-31 21:00:00+00:00,backan_backancity,65.62612326179865
2025-10-31 21:00:00+00:00,bienhoa_dongnai,72.60492112527768
2025-10-31 21:00:00+00:00,bacgiang_bacgiangcity,79.98489909771283
2025-10-31 21:00:00+00:00,bentre_bentrecity,69.76930153686935
2025-10-31 21:00:00+00:00,binhduong_thudaumot,78.50233616678571
2025-10-31 22:00:00+00:00,angiang_longxuyen,85.4815441080834
2025-10-31 22:00:00+00:00,backan_backancity,64.0874329689548
2025-10-31 22:00:00+00:00,bacninh_bacninhcity,78.44778820272755
2025-10-31 22:00:00+00:00,bacgiang_bacgiangcity,78.64665310224436
2025-10-31 22:00:00+00:00,bentre_bentrecity,68.26538410266414
2025-10-31 22:00:00+00:00,bienhoa_dongnai,74.13129820616618
2025-10-31 22:00:00+00:00,binhduong_thudaumot,82.37406250521889
2025-10-31 23:00:00+00:00,binhduong_thudaumot,86.23642014271819
2025-10-31 23:00:00+00:00,angiang_longxuyen,86.33422098311854
2025-10-31 23:00:00+00:00,backan_backancity,62.679454165002625
2025-10-31 23:00:00+00:00,bacgiang_bacgiangcity,77.37727842551854
2025-10-31 23:00:00+00:00,bacninh_bacninhcity,76.92707171857191
2025-10-31 23:00:00+00:00,bentre_bentrecity,67.68427446466114
2025-10-31 23:00:00+00:00,bienhoa_dongnai,76.30277011764275
2025-11-01 00:00:00+00:00,binhduong_thudaumot,89.01555341515102
2025-11-01 00:00:00+00:00,bienhoa_dongnai,78.58510009534233
2025-11-01 00:00:00+00:00,bacgiang_bacgiangcity,76.26244543622845
2025-11-01 00:00:00+00:00,angiang_longxuyen,87.6239994787365
2025-11-01 00:00:00+00:00,backan_backancity,61.35308193470244
2025-11-01 00:00:00+00:00,bacninh_bacninhcity,75.59788006730102
2025-11-01 00:00:00+00:00,bentre_bentrecity,68.17591969834382
2025-11-01 01:00:00+00:00,bacninh_bacninhcity,74.71433096773252
2025-11-01 01:00:00+00:00,angiang_longxuyen,88.30775692467283
2025-11-01 01:00:00+00:00,bentre_bentrecity,68.4768667812165
2025-11-01 01:00:00+00:00,binhduong_thudaumot,90.4635719127496
2025-11-01 01:00:00+00:00,backan_backancity,59.90939916703797
2025-11-01 01:00:00+00:00,bienhoa_dongnai,80.35974720710921
2025-11-01 01:00:00+00:00,bacgiang_bacgiangcity,75.4186510425385
2025-11-01 02:00:00+00:00,bentre_bentrecity,68.58049790572294
2025-11-01 02:00:00+00:00,binhduong_thudaumot,90.61489606653126
2025-11-01 02:00:00+00:00,angiang_longxuyen,88.49848553219084
2025-11-01 02:00:00+00:00,bienhoa_dongnai,81.42703292422672
2025-11-01 02:00:00+00:00,bacninh_bacninhcity,73.77511570782582
2025-11-01 02:00:00+00:00,bacgiang_bacgiangcity,74.53352254511141
2025-11-01 02:00:00+00:00,backan_backancity,58.50303021765241
2025-11-01 03:00:00+00:00,bacgiang_bacgiangcity,73.65601257564683
2025-11-01 03:00:00+00:00,angiang_longxuyen,88.54201034342606
2025-11-01 03:00:00+00:00,bienhoa_dongnai,81.6704429346973
2025-11-01 03:00:00+00:00,backan_backancity,57.061727424171536
2025-11-01 03:00:00+00:00,binhduong_thudaumot,89.63699969970361
2025-11-01 03:00:00+00:00,bacninh_bacninhcity,72.82090704565825
2025-11-01 03:00:00+00:00,bentre_bentrecity,68.76583567592198
2025-11-01 04:00:00+00:00,backan_backancity,55.75728837460176
2025-11-01 04:00:00+00:00,bacninh_bacninhcity,71.61204114584531
2025-11-01 04:00:00+00:00,bienhoa_dongnai,81.45836417485947
2025-11-01 04:00:00+00:00,angiang_longxuyen,88.53929752093342
2025-11-01 04:00:00+00:00,bentre_bentrecity,69.10320027966623
2025-11-01 04:00:00+00:00,bacgiang_bacgiangcity,72.55735644927196
2025-11-01 04:00:00+00:00,binhduong_thudaumot,88.07626636443256
2025-11-01 05:00:00+00:00,angiang_longxuyen,88.57033725736086
2025-11-01 05:00:00+00:00,bacgiang_bacgiangcity,71.29540015642739
2025-11-01 05:00:00+00:00,bentre_bentrecity,69.73775708928048
2025-11-01 05:00:00+00:00,backan_backancity,54.570969140637864
2025-11-01 05:00:00+00:00,bienhoa_dongnai,81.26760075967515
2025-11-01 05:00:00+00:00,bacninh_bacninhcity,70.31925831352942
2025-11-01 05:00:00+00:00,binhduong_thudaumot,86.54504014053197
2025-11-01 06:00:00+00:00,bentre_bentrecity,70.97635743803443
2025-11-01 06:00:00+00:00,bienhoa_dongnai,81.76125613608694
2025-11-01 06:00:00+00:00,backan_backancity,53.64339704511016
2025-11-01 06:00:00+00:00,bacninh_bacninhcity,69.12960189455853
2025-11-01 06:00:00+00:00,angiang_longxuyen,88.84175982502992
2025-11-01 06:00:00+00:00,binhduong_thudaumot,85.7943279729789
2025-11-01 06:00:00+00:00,bacgiang_bacgiangcity,70.13260655392736
2025-11-01 07:00:00+00:00,bacninh_bacninhcity,68.23859525248419
2025-11-01 07:00:00+00:00,backan_backancity,52.909216343572815
2025-11-01 07:00:00+00:00,bacgiang_bacgiangcity,69.2716780864988
2025-11-01 07:00:00+00:00,binhduong_thudaumot,85.97914145270423
2025-11-01 07:00:00+00:00,bentre_bentrecity,72.76656792759792
2025-11-01 07:00:00+00:00,angiang_longxuyen,89.65675848902953
2025-11-01 07:00:00+00:00,bienhoa_dongnai,83.14922923383033
2025-11-01 08:00:00+00:00,bacgiang_bacgiangcity,68.55987871439554
2025-11-01 08:00:00+00:00,bacninh_bacninhcity,67.5151614179185
2025-11-01 08:00:00+00:00,binhduong_thudaumot,86.98653840446491
2025-11-01 08:00:00+00:00,bentre_bentrecity,74.74463974316757
2025-11-01 08:00:00+00:00,bienhoa_dongnai,85.28158059159884
2025-11-01 08:00:00+00:00,angiang_longxuyen,90.6620365241039
2025-11-01 08:00:00+00:00,backan_backancity,52.16043817697883
2025-11-01 09:00:00+00:00,binhduong_thudaumot,88.34664143889376
2025-11-01 09:00:00+00:00,bacgiang_bacgiangcity,68.05595942738208
2025-11-01 09:00:00+00:00,bienhoa_dongnai,87.69087588310404
2025-11-01 09:00:00+00:00,bentre_bentrecity,76.48344801151521
2025-11-01 09:00:00+00:00,backan_backancity,51.47200345088278
2025-11-01 09:00:00+00:00,angiang_longxuyen,91.1044354364025
2025-11-01 09:00:00+00:00,bacninh_bacninhcity,67.04164227646413
2025-11-01 10:00:00+00:00,bacninh_bacninhcity,66.91921501215302
2025-11-01 10:00:00+00:00,bienhoa_dongnai,89.57319180866875
2025-11-01 10:00:00+00:00,binhduong_thudaumot,89.37815248922678
2025-11-01 10:00:00+00:00,angiang_longxuyen,90.59838417982785
2025-11-01 10:00:00+00:00,bacgiang_bacgiangcity,67.8359140629187
2025-11-01 10:00:00+00:00,backan_backancity,50.90634406576089
2025-11-01 10:00:00+00:00,bentre_bentrecity,77.40994977130403
2025-11-01 11:00:00+00:00,angiang_longxuyen,89.60740121820909
2025-11-01 11:00:00+00:00,bacgiang_bacgiangcity,67.87155276225668
2025-11-01 11:00:00+00:00,binhduong_thudaumot,89.91930075083253
2025-11-01 11:00:00+00:00,bacninh_bacninhcity,67.08213229429337
2025-11-01 11:00:00+00:00,bentre_bentrecity,77.53577948499645
2025-11-01 11:00:00+00:00,backan_backancity,50.4758297960263
2025-11-01 11:00:00+00:00,bienhoa_dongnai,90.54472381126047
2025-11-01 12:00:00+00:00,bacgiang_bacgiangcity,68.17007636136287
2025-11-01 12:00:00+00:00,bienhoa_dongnai,90.41418853617944
2025-11-01 12:00:00+00:00,bentre_bentrecity,77.59808520768233
2025-11-01 12:00:00+00:00,bacninh_bacninhcity,67.49303244406512
2025-11-01 12:00:00+00:00,angiang_longxuyen,88.81718670035819
2025-11-01 12:00:00+00:00,binhduong_thudaumot,89.97207026069043
2025-11-01 12:00:00+00:00,backan_backancity,50.2309970221955
2025-11-01 13:00:00+00:00,bacninh_bacninhcity,67.70043392374322
2025-11-01 13:00:00+00:00,bentre_bentrecity,79.08537763026862
2025-11-01 13:00:00+00:00,angiang_longxuyen,88.32625284835562
2025-11-01 13:00:00+00:00,backan_backancity,50.151661648769924
2025-11-01 13:00:00+00:00,bacgiang_bacgiangcity,68.34591598961896
2025-11-01 13:00:00+00:00,bienhoa_dongnai,91.9144674815162
2025-11-01 13:00:00+00:00,binhduong_thudaumot,91.50057278470265
2025-11-01 14:00:00+00:00,backan_backancity,50.185999411579765
2025-11-01 14:00:00+00:00,binhduong_thudaumot,93.83366865596844
2025-11-01 14:00:00+00:00,angiang_longxuyen,87.93930689943912
2025-11-01 14:00:00+00:00,bacninh_bacninhcity,67.88279128751489
2025-11-01 14:00:00+00:00,bienhoa_dongnai,94.04813609190644
2025-11-01 14:00:00+00:00,bacgiang_bacgiangcity,68.43198664647454
2025-11-01 14:00:00+00:00,bentre_bentrecity,81.30866075304013
2025-11-01 15:00:00+00:00,angiang_longxuyen,87.48266947614265
2025-11-01 15:00:00+00:00,bienhoa_dongnai,96.0751072399367
2025-11-01 15:00:00+00:00,bacgiang_bacgiangcity,68.27414693265641
2025-11-01 15:00:00+00:00,binhduong_thudaumot,96.1778181367652
2025-11-01 15:00:00+00:00,backan_backancity,50.15803145170373
2025-11-01 15:00:00+00:00,bentre_bentrecity,84.10035306657161
2025-11-01 15:00:00+00:00,bacninh_bacninhcity,67.91295213036815
2025-11-01 16:00:00+00:00,backan_backancity,50.1176458568734
2025-11-01 16:00:00+00:00,angiang_longxuyen,86.91102969885374
2025-11-01 16:00:00+00:00,binhduong_thudaumot,98.19621300213979
2025-11-01 16:00:00+00:00,bentre_bentrecity,87.41031303981121
2025-11-01 16:00:00+00:00,bacninh_bacninhcity,67.94038492237473
2025-11-01 16:00:00+00:00,bacgiang_bacgiangcity,68.02704295859922
2025-11-01 16:00:00+00:00,bienhoa_dongnai,97.9066996937785
2025-11-01 17:00:00+00:00,angiang_longxuyen,86.32631746738818
2025-11-01 17:00:00+00:00,bentre_bentrecity,91.05684465464704
2025-11-01 17:00:00+00:00,bienhoa_dongnai,99.94661385497633
2025-11-01 17:00:00+00:00,backan_backancity,50.24014273651713
2025-11-01 17:00:00+00:00,bacgiang_bacgiangcity,67.81173143675332
2025-11-01 17:00:00+00:00,bacninh_bacninhcity,68.02535478678344
2025-11-01 17:00:00+00:00,binhduong_thudaumot,100.05216266434826
2025-11-01 18:00:00+00:00,backan_backancity,50.4296443737979
2025-11-01 18:00:00+00:00,bentre_bentrecity,93.5454100552035
2025-11-01 18:00:00+00:00,bienhoa_dongnai,102.49008617364973
2025-11-01 18:00:00+00:00,bacninh_bacninhcity,68.22666492485817
2025-11-01 18:00:00+00:00,binhduong_thudaumot,102.00235734629614
2025-11-01 18:00:00+00:00,angiang_longxuyen,85.63895742798928
2025-11-01 18:00:00+00:00,bacgiang_bacgiangcity,67.72512561202831
2025-11-01 19:00:00+00:00,bienhoa_dongnai,105.40652154904117
2025-11-01 19:00:00+00:00,backan_backancity,50.6067196742078
2025-11-01 19:00:00+00:00,angiang_longxuyen,85.12526806413985
2025-11-01 19:00:00+00:00,binhduong_thudaumot,104.06268810732608
2025-11-01 19:00:00+00:00,bentre_bentrecity,94.40544766392257
2025-11-01 19:00:00+00:00,bacgiang_bacgiangcity,67.65475321267624
2025-11-01 19:00:00+00:00,bacninh_bacninhcity,68.37216097001289
2025-11-01 20:00:00+00:00,bacninh_bacninhcity,68.55227759026619
2025-11-01 20:00:00+00:00,backan_backancity,50.74117298722729
2025-11-01 20:00:00+00:00,bienhoa_dongnai,108.34560855715037
2025-11-01 20:00:00+00:00,angiang_longxuyen,84.92560258829803
2025-11-01 20:00:00+00:00,bentre_bentrecity,94.31334222792137
2025-11-01 20:00:00+00:00,bacgiang_bacgiangcity,67.67912728100629
2025-11-01 20:00:00+00:00,binhduong_thudaumot,106.01611092838885
2025-11-01 21:00:00+00:00,bienhoa_dongnai,110.95235903768703
2025-11-01 21:00:00+00:00,binhduong_thudaumot,107.6600171822956
2025-11-01 21:00:00+00:00,bentre_bentrecity,93.94948681463991
2025-11-01 21:00:00+00:00,backan_backancity,50.80986156572183
2025-11-01 21:00:00+00:00,angiang_longxuyen,84.85386833900179
2025-11-01 21:00:00+00:00,bacgiang_bacgiangcity,67.8547406594314
2025-11-01 21:00:00+00:00,bacninh_bacninhcity,68.7445507879765
2025-11-01 22:00:00+00:00,bentre_bentrecity,93.67742356836291
2025-11-01 22:00:00+00:00,angiang_longxuyen,84.85832372028884
2025-11-01 22:00:00+00:00,bacninh_bacninhcity,68.92329685636903
2025-11-01 22:00:00+00:00,bacgiang_bacgiangcity,68.05786079615399
2025-11-01 22:00:00+00:00,bienhoa_dongnai,112.80845554473774
2025-11-01 22:00:00+00:00,binhduong_thudaumot,108.77330123043512
2025-11-01 22:00:00+00:00,backan_backancity,50.93022212484609
2025-11-01 23:00:00+00:00,bacgiang_bacgiangcity,68.47658396892777
2025-11-01 23:00:00+00:00,bacninh_bacninhcity,69.36484080536403
2025-11-01 23:00:00+00:00,bienhoa_dongnai,113.81451675230397
2025-11-01 23:00:00+00:00,angiang_longxuyen,84.8025107151084
2025-11-01 23:00:00+00:00,binhduong_thudaumot,109.18600213306836
2025-11-01 23:00:00+00:00,bentre_bentrecity,93.33134399516757
2025-11-01 23:00:00+00:00,backan_backancity,51.05718308769343
2025-11-02 00:00:00+00:00,binhduong_thudaumot,109.03990728727923
2025-11-02 00:00:00+00:00,angiang_longxuyen,84.82162447486812
2025-11-02 00:00:00+00:00,bacgiang_bacgiangcity,69.0394413369121
2025-11-02 00:00:00+00:00,bentre_bentrecity,92.92636006092809
2025-11-02 00:00:00+00:00,bienhoa_dongnai,114.1420775592855
2025-11-02 00:00:00+00:00,backan_backancity,51.234267090019905
2025-11-02 00:00:00+00:00,bacninh_bacninhcity,69.96486405904548
2025-11-02 01:00:00+00:00,bacninh_bacninhcity,70.14858762371962
2025-11-02 01:00:00+00:00,bentre_bentrecity,93.01890168049769
2025-11-02 01:00:00+00:00,bacgiang_bacgiangcity,69.2632937898776
2025-11-02 01:00:00+00:00,angiang_longxuyen,85.21831765808957
2025-11-02 01:00:00+00:00,bienhoa_dongnai,113.15359748642199
2025-11-02 01:00:00+00:00,binhduong_thudaumot,107.86390199993733
2025-11-02 01:00:00+00:00,backan_backancity,51.21629328133169
2025-11-02 02:00:00+00:00,angiang_longxuyen,85.23740096114128
2025-11-02 02:00:00+00:00,bienhoa_dongnai,111.42918218809143
2025-11-02 02:00:00+00:00,backan_backancity,51.02568650064573
2025-11-02 02:00:00+00:00,bacgiang_bacgiangcity,69.15317538656356
2025-11-02 02:00:00+00:00,binhduong_thudaumot,106.13377933207234
2025-11-02 02:00:00+00:00,bacninh_bacninhcity,70.00084213312994
2025-11-02 02:00:00+00:00,bentre_bentrecity,93.01526863032711
2025-11-02 03:00:00+00:00,bienhoa_dongnai,109.32860859805
2025-11-02 03:00:00+00:00,bentre_bentrecity,92.36821369303021
2025-11-02 03:00:00+00:00,backan_backancity,50.88773936812089
2025-11-02 03:00:00+00:00,bacgiang_bacgiangcity,68.84098977843267
2025-11-02 03:00:00+00:00,binhduong_thudaumot,104.16513821859219
2025-11-02 03:00:00+00:00,bacninh_bacninhcity,69.65648553941669
2025-11-02 03:00:00+00:00,angiang_longxuyen,84.9095149200277
2025-11-02 04:00:00+00:00,backan_backancity,50.87110130362712
2025-11-02 04:00:00+00:00,bacgiang_bacgiangcity,68.4682257780563
2025-11-02 04:00:00+00:00,bacninh_bacninhcity,69.27642063103283
2025-11-02 04:00:00+00:00,bienhoa_dongnai,107.23468816710087
2025-11-02 04:00:00+00:00,bentre_bentrecity,91.43286317182293
2025-11-02 04:00:00+00:00,binhduong_thudaumot,102.27692184971902
2025-11-02 04:00:00+00:00,angiang_longxuyen,84.42214994156096
2025-11-02 05:00:00+00:00,bienhoa_dongnai,105.3860649747798
2025-11-02 05:00:00+00:00,bacgiang_bacgiangcity,67.92090133116054
2025-11-02 05:00:00+00:00,bacninh_bacninhcity,68.71899325899207
2025-11-02 05:00:00+00:00,bentre_bentrecity,90.68240771080887
2025-11-02 05:00:00+00:00,binhduong_thudaumot,100.59533684090694
2025-11-02 05:00:00+00:00,backan_backancity,50.81925963562417
2025-11-02 05:00:00+00:00,angiang_longxuyen,83.78210657354538
2025-11-02 06:00:00+00:00,angiang_longxuyen,83.26227148111397
2025-11-02 06:00:00+00:00,bienhoa_dongnai,104.2631547033627
2025-11-02 06:00:00+00:00,bentre_bentrecity,90.62925205340292
2025-11-02 06:00:00+00:00,bacgiang_bacgiangcity,67.38835708956952
2025-11-02 06:00:00+00:00,backan_backancity,50.87194103857673
2025-11-02 06:00:00+00:00,bacninh_bacninhcity,68.16439400983859
2025-11-02 06:00:00+00:00,binhduong_thudaumot,99.58372870539313
2025-11-02 07:00:00+00:00,angiang_longxuyen,82.8520761865849
2025-11-02 07:00:00+00:00,bacninh_bacninhcity,67.74996958385347
2025-11-02 07:00:00+00:00,binhduong_thudaumot,99.53430562632859
2025-11-02 07:00:00+00:00,bienhoa_dongnai,104.07601346095323
2025-11-02 07:00:00+00:00,bacgiang_bacgiangcity,66.93597925443714
2025-11-02 07:00:00+00:00,backan_backancity,50.97721682531608
2025-11-02 07:00:00+00:00,bentre_bentrecity,91.18849812600811
2025-11-02 08:00:00+00:00,bacninh_bacninhcity,67.51979083753706
2025-11-02 08:00:00+00:00,bentre_bentrecity,91.88009382330048
2025-11-02 08:00:00+00:00,angiang_longxuyen,82.5452727138564
2025-11-02 08:00:00+00:00,bacgiang_bacgiangcity,66.6936874402466
2025-11-02 08:00:00+00:00,binhduong_thudaumot,100.22773851575812
2025-11-02 08:00:00+00:00,backan_backancity,51.045940211476925
2025-11-02 08:00:00+00:00,bienhoa_dongnai,104.5401919107677
2025-11-02 09:00:00+00:00,bienhoa_dongnai,105.3735070214207
2025-11-02 09:00:00+00:00,bacgiang_bacgiangcity,66.63253037054879
2025-11-02 09:00:00+00:00,binhduong_thudaumot,101.27189617022535
2025-11-02 09:00:00+00:00,bentre_bentrecity,92.55579329448722
2025-11-02 09:00:00+00:00,bacninh_bacninhcity,67.42761143524496
2025-11-02 09:00:00+00:00,backan_backancity,51.05340210494106
2025-11-02 09:00:00+00:00,angiang_longxuyen,82.27261991273139
2025-11-02 10:00:00+00:00,binhduong_thudaumot,102.02038880518168
2025-11-02 10:00:00+00:00,bentre_bentrecity,92.9596644711445
2025-11-02 10:00:00+00:00,bienhoa_dongnai,106.02362693689669
2025-11-02 10:00:00+00:00,backan_backancity,51.18342179146494
2025-11-02 10:00:00+00:00,angiang_longxuyen,81.8347046629487
2025-11-02 10:00:00+00:00,bacninh_bacninhcity,67.44793911236704
2025-11-02 10:00:00+00:00,bacgiang_bacgiangcity,66.70573089278813
2025-11-02 11:00:00+00:00,bienhoa_dongnai,105.87995639067871
2025-11-02 11:00:00+00:00,bacgiang_bacgiangcity,66.79393787016318
2025-11-02 11:00:00+00:00,binhduong_thudaumot,101.67908168935863
2025-11-02 11:00:00+00:00,bentre_bentrecity,92.77755184877654
2025-11-02 11:00:00+00:00,backan_backancity,51.38832582108566
2025-11-02 11:00:00+00:00,bacninh_bacninhcity,67.4357955877849
2025-11-02 11:00:00+00:00,angiang_longxuyen,81.32181369994512
2025-11-02 12:00:00+00:00,bacgiang_bacgiangcity,66.83257873071997
2025-11-02 12:00:00+00:00,bentre_bentrecity,91.97396792384582
2025-11-02 12:00:00+00:00,binhduong_thudaumot,100.51598351977842
2025-11-02 12:00:00+00:00,bacninh_bacninhcity,67.35339713972449
2025-11-02 12:00:00+00:00,angiang_longxuyen,80.93870747171788
2025-11-02 12:00:00+00:00,backan_backancity,51.59757645803621
2025-11-02 12:00:00+00:00,bienhoa_dongnai,105.16228023360267
2025-11-02 13:00:00+00:00,bienhoa_dongnai,103.63155409797032
2025-11-02 13:00:00+00:00,angiang_longxuyen,80.06742807452187
2025-11-02 13:00:00+00:00,backan_backancity,52.050150086291566
2025-11-02 13:00:00+00:00,bacgiang_bacgiangcity,67.08012650252255
2025-11-02 13:00:00+00:00,binhduong_thudaumot,98.85939748568052
2025-11-02 13:00:00+00:00,bacninh_bacninhcity,67.57170647183091
2025-11-02 13:00:00+00:00,bentre_bentrecity,90.88799919183911
2025-11-02 14:00:00+00:00,backan_backancity,52.49883830879564
2025-11-02 14:00:00+00:00,bacgiang_bacgiangcity,67.4154331029965
2025-11-02 14:00:00+00:00,binhduong_thudaumot,97.33075681874264
2025-11-02 14:00:00+00:00,angiang_longxuyen,78.94075177677152
2025-11-02 14:00:00+00:00,bacninh_bacninhcity,67.91262145753825
2025-11-02 14:00:00+00:00,bienhoa_dongnai,101.69547066149039
2025-11-02 14:00:00+00:00,bentre_bentrecity,89.29481532191569
2025-11-02 15:00:00+00:00,bacgiang_bacgiangcity,67.95419486398123
2025-11-02 15:00:00+00:00,backan_backancity,52.90393863116933
2025-11-02 15:00:00+00:00,binhduong_thudaumot,96.04992171788592
2025-11-02 15:00:00+00:00,bentre_bentrecity,87.30342739850526
2025-11-02 15:00:00+00:00,angiang_longxuyen,77.84582877260787
2025-11-02 15:00:00+00:00,bienhoa_dongnai,99.71711820911116
2025-11-02 15:00:00+00:00,bacninh_bacninhcity,68.49759474650111
2025-11-02 16:00:00+00:00,backan_backancity,53.13529648718181
2025-11-02 16:00:00+00:00,binhduong_thudaumot,95.08831860210769
2025-11-02 16:00:00+00:00,bacgiang_bacgiangcity,68.4969029441333
2025-11-02 16:00:00+00:00,bentre_bentrecity,84.92309208536578
2025-11-02 16:00:00+00:00,bacninh_bacninhcity,69.08732363287287
2025-11-02 16:00:00+00:00,bienhoa_dongnai,97.73998184957347
2025-11-02 16:00:00+00:00,angiang_longxuyen,76.76675195852955
2025-11-02 17:00:00+00:00,bentre_bentrecity,82.02893579188864
2025-11-02 17:00:00+00:00,bacninh_bacninhcity,69.56615094343874
2025-11-02 17:00:00+00:00,angiang_longxuyen,75.77315842193792
2025-11-02 17:00:00+00:00,bacgiang_bacgiangcity,68.95239606539998
2025-11-02 17:00:00+00:00,binhduong_thudaumot,94.26589394004984
2025-11-02 17:00:00+00:00,bienhoa_dongnai,96.02417600995554
2025-11-02 17:00:00+00:00,backan_backancity,53.17509470264325
2025-11-02 18:00:00+00:00,angiang_longxuyen,74.8630336691456
2025-11-02 18:00:00+00:00,bacninh_bacninhcity,69.82765658942961
2025-11-02 18:00:00+00:00,backan_backancity,53.04564064069682
2025-11-02 18:00:00+00:00,bacgiang_bacgiangcity,69.2144716869266
2025-11-02 18:00:00+00:00,binhduong_thudaumot,93.37224844177376
2025-11-02 18:00:00+00:00,bentre_bentrecity,79.05821894863419
2025-11-02 18:00:00+00:00,bienhoa_dongnai,94.5490847621487
2025-11-02 19:00:00+00:00,backan_backancity,52.80997533597909
2025-11-02 19:00:00+00:00,angiang_longxuyen,73.81107637807713
2025-11-02 19:00:00+00:00,binhduong_thudaumot,92.53177382925765
2025-11-02 19:00:00+00:00,bentre_bentrecity,76.22537962257195
2025-11-02 19:00:00+00:00,bienhoa_dongnai,93.1223391873603
2025-11-02 19:00:00+00:00,bacninh_bacninhcity,70.00574131216236
2025-11-02 19:00:00+00:00,bacgiang_bacgiangcity,69.42579773098058
2025-11-02 20:00:00+00:00,bacninh_bacninhcity,70.07033998986608
2025-11-02 20:00:00+00:00,angiang_longxuyen,72.79035026560078
2025-11-02 20:00:00+00:00,binhduong_thudaumot,91.6841679961073
2025-11-02 20:00:00+00:00,bienhoa_dongnai,91.6510735196283
2025-11-02 20:00:00+00:00,backan_backancity,52.457060407313115
2025-11-02 20:00:00+00:00,bacgiang_bacgiangcity,69.5486948987868
2025-11-02 20:00:00+00:00,bentre_bentrecity,73.71423274850015
2025-11-02 21:00:00+00:00,bacgiang_bacgiangcity,69.46085775286625
2025-11-02 21:00:00+00:00,binhduong_thudaumot,90.75003248000198
2025-11-02 21:00:00+00:00,bentre_bentrecity,71.73728783112713
2025-11-02 21:00:00+00:00,angiang_longxuyen,71.62338844506073
2025-11-02 21:00:00+00:00,bacninh_bacninhcity,69.92717605835378
2025-11-02 21:00:00+00:00,bienhoa_dongnai,90.15574161386512
2025-11-02 21:00:00+00:00,backan_backancity,52.098624112579515
2025-11-02 22:00:00+00:00,angiang_longxuyen,70.29367467879527
2025-11-02 22:00:00+00:00,bacninh_bacninhcity,69.76277945039546
2025-11-02 22:00:00+00:00,backan_backancity,51.72829229788619
2025-11-02 22:00:00+00:00,bentre_bentrecity,70.18076296026027
2025-11-02 22:00:00+00:00,binhduong_thudaumot,89.64595505960013
2025-11-02 22:00:00+00:00,bacgiang_bacgiangcity,69.29792306689274
2025-11-02 22:00:00+00:00,bienhoa_dongnai,88.61957487682837
2025-11-02 23:00:00+00:00,backan_backancity,51.20381908391965
2025-11-02 23:00:00+00:00,binhduong_thudaumot,88.54575651851212
2025-11-02 23:00:00+00:00,bacninh_bacninhcity,69.48206432356254
2025-11-02 23:00:00+00:00,bienhoa_dongnai,87.36168672998319
2025-11-02 23:00:00+00:00,bentre_bentrecity,68.89797427913217
2025-11-02 23:00:00+00:00,angiang_longxuyen,68.83165262194638
2025-11-02 23:00:00+00:00,bacgiang_bacgiangcity,69.03093956441712
2025-11-03 00:00:00+00:00,backan_backancity,50.62969273396908
2025-11-03 00:00:00+00:00,bienhoa_dongnai,86.30560690593673
2025-11-03 00:00:00+00:00,angiang_longxuyen,67.32584252088583
2025-11-03 00:00:00+00:00,bacninh_bacninhcity,69.03814475134224
2025-11-03 00:00:00+00:00,binhduong_thudaumot,87.29352896839978
2025-11-03 00:00:00+00:00,bacgiang_bacgiangcity,68.60694303019812
2025-11-03 00:00:00+00:00,bentre_bentrecity,67.67060375371986
2025-11-03 01:00:00+00:00,bienhoa_dongnai,85.59231950609893
2025-11-03 01:00:00+00:00,angiang_longxuyen,66.549461874912
2025-11-03 01:00:00+00:00,backan_backancity,50.13183868280925
2025-11-03 01:00:00+00:00,bacgiang_bacgiangcity,67.99503730943181
2025-11-03 01:00:00+00:00,bentre_bentrecity,66.77307502517164
2025-11-03 01:00:00+00:00,bacninh_bacninhcity,68.49109006386036
2025-11-03 01:00:00+00:00,binhduong_thudaumot,86.21906417010688
2025-11-03 02:00:00+00:00,bacninh_bacninhcity,67.95030075631337
2025-11-03 02:00:00+00:00,bacgiang_bacgiangcity,67.37504750816618
2025-11-03 02:00:00+00:00,binhduong_thudaumot,85.34000090853343
2025-11-03 02:00:00+00:00,bienhoa_dongnai,85.09305574445375
2025-11-03 02:00:00+00:00,bentre_bentrecity,66.15232815716386
2025-11-03 02:00:00+00:00,angiang_longxuyen,65.85924760687612
2025-11-03 02:00:00+00:00,backan_backancity,49.715791349382656
2025-11-03 03:00:00+00:00,angiang_longxuyen,65.24034119422421
2025-11-03 03:00:00+00:00,backan_backancity,49.19295409573244
2025-11-03 03:00:00+00:00,binhduong_thudaumot,84.63538605630343
2025-11-03 03:00:00+00:00,bacninh_bacninhcity,67.65819482068216
2025-11-03 03:00:00+00:00,bacgiang_bacgiangcity,66.99173243394111
2025-11-03 03:00:00+00:00,bentre_bentrecity,65.86955502706067
2025-11-03 03:00:00+00:00,bienhoa_dongnai,84.70527985024378
2025-11-03 04:00:00+00:00,angiang_longxuyen,64.84516105674744
2025-11-03 04:00:00+00:00,bentre_bentrecity,66.03730622385913
2025-11-03 04:00:00+00:00,binhduong_thudaumot,84.3417094247302
2025-11-03 04:00:00+00:00,backan_backancity,48.70367143240021
2025-11-03 04:00:00+00:00,bienhoa_dongnai,84.63888422676708
2025-11-03 04:00:00+00:00,bacgiang_bacgiangcity,66.84575343241639
2025-11-03 04:00:00+00:00,bacninh_bacninhcity,67.616830260237
2025-11-03 05:00:00+00:00,bacgiang_bacgiangcity,66.84579259104099
2025-11-03 05:00:00+00:00,binhduong_thudaumot,84.34305387084123
2025-11-03 05:00:00+00:00,bienhoa_dongnai,84.72675182939565
2025-11-03 05:00:00+00:00,bacninh_bacninhcity,67.6148157665496
2025-11-03 05:00:00+00:00,bentre_bentrecity,66.34176017911203
2025-11-03 05:00:00+00:00,angiang_longxuyen,64.82997186136362
2025-11-03 05:00:00+00:00,backan_backancity,48.24551987561948
2025-11-03 06:00:00+00:00,bacninh_bacninhcity,67.54047094228049
2025-11-03 06:00:00+00:00,bacgiang_bacgiangcity,66.85711378450668
2025-11-03 06:00:00+00:00,bentre_bentrecity,67.13145040648921
2025-11-03 06:00:00+00:00,angiang_longxuyen,65.1805416235123
2025-11-03 06:00:00+00:00,bienhoa_dongnai,85.36089638571212
2025-11-03 06:00:00+00:00,binhduong_thudaumot,85.0685533228542
2025-11-03 06:00:00+00:00,backan_backancity,47.846771952346444
2025-11-03 07:00:00+00:00,bacninh_bacninhcity,67.49636527811381
2025-11-03 07:00:00+00:00,bentre_bentrecity,68.27892428485677
2025-11-03 07:00:00+00:00,bacgiang_bacgiangcity,66.93678418172044
2025-11-03 07:00:00+00:00,backan_backancity,47.31678607422885
2025-11-03 07:00:00+00:00,bienhoa_dongnai,86.8452540869331
2025-11-03 07:00:00+00:00,binhduong_thudaumot,86.66168280579902
2025-11-03 07:00:00+00:00,angiang_longxuyen,65.73274784560732
2025-11-03 08:00:00+00:00,binhduong_thudaumot,89.0143405855282
2025-11-03 08:00:00+00:00,bentre_bentrecity,70.13727513217052
2025-11-03 08:00:00+00:00,backan_backancity,46.749577747956394
2025-11-03 08:00:00+00:00,bienhoa_dongnai,89.01792686289718
2025-11-03 08:00:00+00:00,angiang_longxuyen,66.40248650393931
2025-11-03 08:00:00+00:00,bacninh_bacninhcity,67.50729488533358
2025-11-03 08:00:00+00:00,bacgiang_bacgiangcity,67.0679873288987
2025-11-03 09:00:00+00:00,binhduong_thudaumot,91.92130392472642
2025-11-03 09:00:00+00:00,bentre_bentrecity,72.7095529701904
2025-11-03 09:00:00+00:00,backan_backancity,46.21766874627545
2025-11-03 09:00:00+00:00,bacgiang_bacgiangcity,67.13199427627522
2025-11-03 09:00:00+00:00,angiang_longxuyen,66.914276674496
2025-11-03 09:00:00+00:00,bacninh_bacninhcity,67.46308914912629
2025-11-03 09:00:00+00:00,bienhoa_dongnai,91.86428896731888
2025-11-03 10:00:00+00:00,bacgiang_bacgiangcity,67.12670786195517
2025-11-03 10:00:00+00:00,bentre_bentrecity,75.47350357367682
2025-11-03 10:00:00+00:00,binhduong_thudaumot,94.7487622031258
2025-11-03 10:00:00+00:00,backan_backancity,45.76121841418537
2025-11-03 10:00:00+00:00,bienhoa_dongnai,94.75513309379919
2025-11-03 10:00:00+00:00,bacninh_bacninhcity,67.38897492564645
2025-11-03 10:00:00+00:00,angiang_longxuyen,66.99166281860849
2025-11-03 11:00:00+00:00,bacgiang_bacgiangcity,66.99516534003044
2025-11-03 11:00:00+00:00,bentre_bentrecity,77.64040697895088
2025-11-03 11:00:00+00:00,binhduong_thudaumot,96.58820269797981
2025-11-03 11:00:00+00:00,backan_backancity,45.214490048575094
2025-11-03 11:00:00+00:00,bienhoa_dongnai,96.73988580582025
2025-11-03 11:00:00+00:00,angiang_longxuyen,66.5910309303967
2025-11-03 11:00:00+00:00,bacninh_bacninhcity,67.32081281310477
2025-11-03 12:00:00+00:00,binhduong_thudaumot,97.27820376905959
2025-11-03 12:00:00+00:00,bentre_bentrecity,78.90419067427646
2025-11-03 12:00:00+00:00,bacgiang_bacgiangcity,66.83039454965933
2025-11-03 12:00:00+00:00,backan_backancity,44.714282128981395
2025-11-03 12:00:00+00:00,bacninh_bacninhcity,67.33571049428329
2025-11-03 12:00:00+00:00,bienhoa_dongnai,97.56816141903604
2025-11-03 12:00:00+00:00,angiang_longxuyen,66.01887556455065
2025-11-03 13:00:00+00:00,bacninh_bacninhcity,67.2784257774619
2025-11-03 13:00:00+00:00,bentre_bentrecity,79.74345136943019
2025-11-03 13:00:00+00:00,binhduong_thudaumot,96.86836307763099
2025-11-03 13:00:00+00:00,angiang_longxuyen,66.33663475024863
2025-11-03 13:00:00+00:00,bacgiang_bacgiangcity,66.5834907196834
2025-11-03 13:00:00+00:00,backan_backancity,44.218799350088595
2025-11-03 13:00:00+00:00,bienhoa_dongnai,96.97796915560659
2025-11-03 14:00:00+00:00,bentre_bentrecity,80.58363446774099
2025-11-03 14:00:00+00:00,bacgiang_bacgiangcity,66.12834132412146
2025-11-03 14:00:00+00:00,bienhoa_dongnai,95.52351450296031
2025-11-03 14:00:00+00:00,angiang_longxuyen,67.21836079829441
2025-11-03 14:00:00+00:00,binhduong_thudaumot,95.7574350734045
2025-11-03 14:00:00+00:00,backan_backancity,43.61414667678858
2025-11-03 14:00:00+00:00,bacninh_bacninhcity,66.98535828004901
2025-11-03 15:00:00+00:00,binhduong_thudaumot,94.84716238803036
2025-11-03 15:00:00+00:00,backan_backancity,43.03159252063392
2025-11-03 15:00:00+00:00,bienhoa_dongnai,94.4641540563646
2025-11-03 15:00:00+00:00,bacninh_bacninhcity,66.59432460582082
2025-11-03 15:00:00+00:00,bentre_bentrecity,81.73011632761887
2025-11-03 15:00:00+00:00,angiang_longxuyen,68.5763731972658
2025-11-03 15:00:00+00:00,bacgiang_bacgiangcity,65.59180725378025
2025-11-03 16:00:00+00:00,bienhoa_dongnai,94.23149852704269
2025-11-03 16:00:00+00:00,angiang_longxuyen,69.92845524009049
2025-11-03 16:00:00+00:00,bentre_bentrecity,83.50356692585652
2025-11-03 16:00:00+00:00,bacgiang_bacgiangcity,64.98165932016234
2025-11-03 16:00:00+00:00,bacninh_bacninhcity,66.0872682778816
2025-11-03 16:00:00+00:00,binhduong_thudaumot,94.4913105625199
2025-11-03 16:00:00+00:00,backan_backancity,42.45582150845044
2025-11-03 17:00:00+00:00,angiang_longxuyen,70.98748718933544
2025-11-03 17:00:00+00:00,bacninh_bacninhcity,65.29773903596109
2025-11-03 17:00:00+00:00,bentre_bentrecity,86.06716351435203
2025-11-03 17:00:00+00:00,binhduong_thudaumot,94.86246144511097
2025-11-03 17:00:00+00:00,bienhoa_dongnai,94.80522350109118
2025-11-03 17:00:00+00:00,backan_backancity,41.81489924686066
2025-11-03 17:00:00+00:00,bacgiang_bacgiangcity,64.06735764741342
2025-11-03 18:00:00+00:00,bentre_bentrecity,88.72350295423797
2025-11-03 18:00:00+00:00,bienhoa_dongnai,96.08579101801318
2025-11-03 18:00:00+00:00,bacgiang_bacgiangcity,62.95923818676189
2025-11-03 18:00:00+00:00,angiang_longxuyen,71.70190583832814
2025-11-03 18:00:00+00:00,backan_backancity,41.19350408606796
2025-11-03 18:00:00+00:00,bacninh_bacninhcity,64.32442966690869
2025-11-03 18:00:00+00:00,binhduong_thudaumot,96.02609913351888
2025-11-03 19:00:00+00:00,bacgiang_bacgiangcity,61.61408722049018
2025-11-03 19:00:00+00:00,bienhoa_dongnai,97.83225642907813
2025-11-03 19:00:00+00:00,bentre_bentrecity,91.25935348173014
2025-11-03 19:00:00+00:00,backan_backancity,40.62705717749592
2025-11-03 19:00:00+00:00,angiang_longxuyen,72.36365178628486
2025-11-03 19:00:00+00:00,bacninh_bacninhcity,63.141756535990226
2025-11-03 19:00:00+00:00,binhduong_thudaumot,97.7478712246894
2025-11-03 20:00:00+00:00,bentre_bentrecity,93.5547515626481
2025-11-03 20:00:00+00:00,binhduong_thudaumot,99.96745820839514
2025-11-03 20:00:00+00:00,bacninh_bacninhcity,61.94637860687047
2025-11-03 20:00:00+00:00,backan_backancity,40.10310607852395
2025-11-03 20:00:00+00:00,bienhoa_dongnai,100.01281368533009
2025-11-03 20:00:00+00:00,bacgiang_bacgiangcity,60.24758175094037
2025-11-03 20:00:00+00:00,angiang_longxuyen,73.10224435952637
2025-11-03 21:00:00+00:00,bienhoa_dongnai,102.27442004870335
2025-11-03 21:00:00+00:00,binhduong_thudaumot,102.27709806352968
2025-11-03 21:00:00+00:00,angiang_longxuyen,73.98744682324435
2025-11-03 21:00:00+00:00,bacgiang_bacgiangcity,58.80400340627481
2025-11-03 21:00:00+00:00,bacninh_bacninhcity,60.65224697748525
2025-11-03 21:00:00+00:00,backan_backancity,39.63775368577638
2025-11-03 21:00:00+00:00,bentre_bentrecity,95.76620551757377
2025-11-03 22:00:00+00:00,binhduong_thudaumot,104.39823455437568
2025-11-03 22:00:00+00:00,backan_backancity,39.1852235671039
2025-11-03 22:00:00+00:00,bentre_bentrecity,98.04223530767214
2025-11-03 22:00:00+00:00,angiang_longxuyen,75.15382996633208
2025-11-03 22:00:00+00:00,bacninh_bacninhcity,59.393366812150376
2025-11-03 22:00:00+00:00,bienhoa_dongnai,104.49942343160801
2025-11-03 22:00:00+00:00,bacgiang_bacgiangcity,57.47988497236787
2025-11-03 23:00:00+00:00,angiang_longxuyen,76.69806338003501
2025-11-03 23:00:00+00:00,binhduong_thudaumot,106.08207798247417
2025-11-03 23:00:00+00:00,bentre_bentrecity,100.46692428960073
2025-11-03 23:00:00+00:00,bienhoa_dongnai,106.49980179451617
2025-11-03 23:00:00+00:00,bacninh_bacninhcity,58.30232921373801
2025-11-03 23:00:00+00:00,backan_backancity,38.67013537016483
2025-11-03 23:00:00+00:00,bacgiang_bacgiangcity,56.35683302287152
2025-11-04 00:00:00+00:00,binhduong_thudaumot,107.02128372465963
2025-11-04 00:00:00+00:00,backan_backancity,38.17587085959269
2025-11-04 00:00:00+00:00,bienhoa_dongnai,108.03363723371517
2025-11-04 00:00:00+00:00,angiang_longxuyen,78.5809318773023
2025-11-04 00:00:00+00:00,bentre_bentrecity,103.16476670479236
2025-11-04 00:00:00+00:00,bacninh_bacninhcity,57.34331274266207
2025-11-04 00:00:00+00:00,bacgiang_bacgiangcity,55.3919514600232
2025-11-04 01:00:00+00:00,angiang_longxuyen,81.89300315305121
2025-11-04 01:00:00+00:00,backan_backancity,37.76611936280901
2025-11-04 01:00:00+00:00,bentre_bentrecity,107.3277964989875
2025-11-04 01:00:00+00:00,bacninh_bacninhcity,56.597771689034445
2025-11-04 01:00:00+00:00,bacgiang_bacgiangcity,54.623694053173296
2025-11-04 01:00:00+00:00,binhduong_thudaumot,108.66982293333855
2025-11-04 01:00:00+00:00,bienhoa_dongnai,110.52035402086896
2025-11-04 02:00:00+00:00,bienhoa_dongnai,111.59697906995193
2025-11-04 02:00:00+00:00,bacgiang_bacgiangcity,54.02647716758768
2025-11-04 02:00:00+00:00,binhduong_thudaumot,109.22103441759495
2025-11-04 02:00:00+00:00,bentre_bentrecity,110.46788363939338
2025-11-04 02:00:00+00:00,backan_backancity,37.410119604716755
2025-11-04 02:00:00+00:00,angiang_longxuyen,84.29207804353763
2025-11-04 02:00:00+00:00,bacninh_bacninhcity,56.01248948203314
2025-11-04 03:00:00+00:00,angiang_longxuyen,85.54170698381238
2025-11-04 03:00:00+00:00,bienhoa_dongnai,111.06966032926495
2025-11-04 03:00:00+00:00,backan_backancity,37.08860989297443
2025-11-04 03:00:00+00:00,bacgiang_bacgiangcity,53.489347015960995
2025-11-04 03:00:00+00:00,bacninh_bacninhcity,55.43254154989307
2025-11-04 03:00:00+00:00,binhduong_thudaumot,108.52482724838696
2025-11-04 03:00:00+00:00,bentre_bentrecity,112.19150706331548
2025-11-04 04:00:00+00:00,bacninh_bacninhcity,54.93159831834868
2025-11-04 04:00:00+00:00,binhduong_thudaumot,107.14983033986809
2025-11-04 04:00:00+00:00,bienhoa_dongnai,109.58510302783252
2025-11-04 04:00:00+00:00,angiang_longxuyen,85.8625597008532
2025-11-04 04:00:00+00:00,backan_backancity,36.853114275629935
2025-11-04 04:00:00+00:00,bacgiang_bacgiangcity,53.05530411905473
2025-11-04 04:00:00+00:00,bentre_bentrecity,113.16673302949381
2025-11-04 05:00:00+00:00,backan_backancity,36.75297261967057
2025-11-04 05:00:00+00:00,bacninh_bacninhcity,54.392679922865575
2025-11-04 05:00:00+00:00,bentre_bentrecity,114.0108874649821
2025-11-04 05:00:00+00:00,binhduong_thudaumot,105.83617378516495
2025-11-04 05:00:00+00:00,angiang_longxuyen,85.6417028826691
2025-11-04 05:00:00+00:00,bienhoa_dongnai,108.02955114001284
2025-11-04 05:00:00+00:00,bacgiang_bacgiangcity,52.59202713341059
2025-11-04 06:00:00+00:00,bacgiang_bacgiangcity,51.96833466664176
2025-11-04 06:00:00+00:00,bacninh_bacninhcity,53.73032484074851
2025-11-04 06:00:00+00:00,bentre_bentrecity,115.60009890998847
2025-11-04 06:00:00+00:00,binhduong_thudaumot,105.50860645174598
2025-11-04 06:00:00+00:00,angiang_longxuyen,85.48204664376567
2025-11-04 06:00:00+00:00,bienhoa_dongnai,107.40555247455448
2025-11-04 06:00:00+00:00,backan_backancity,36.543060637060236
2025-11-04 07:00:00+00:00,bentre_bentrecity,118.01431622305711
2025-11-04 07:00:00+00:00,bacgiang_bacgiangcity,51.36322949367978
2025-11-04 07:00:00+00:00,angiang_longxuyen,85.69411670168694
2025-11-04 07:00:00+00:00,binhduong_thudaumot,106.61783758224011
2025-11-04 07:00:00+00:00,bienhoa_dongnai,108.25688925443689
2025-11-04 07:00:00+00:00,backan_backancity,36.32221469627184
2025-11-04 07:00:00+00:00,bacninh_bacninhcity,53.12454962021016
2025-11-04 08:00:00+00:00,bacninh_bacninhcity,52.62382828753846
2025-11-04 08:00:00+00:00,bacgiang_bacgiangcity,50.84826747453106
2025-11-04 08:00:00+00:00,bentre_bentrecity,120.60126549242455
2025-11-04 08:00:00+00:00,binhduong_thudaumot,108.90949873385834
2025-11-04 08:00:00+00:00,angiang_longxuyen,85.58581917441649
2025-11-04 08:00:00+00:00,bienhoa_dongnai,110.58099985296792
2025-11-04 08:00:00+00:00,backan_backancity,35.96720695666927
2025-11-04 09:00:00+00:00,bacgiang_bacgiangcity,50.407367467362725
2025-11-04 09:00:00+00:00,bienhoa_dongnai,113.3507122129674
2025-11-04 09:00:00+00:00,bentre_bentrecity,122.9457217157806
2025-11-04 09:00:00+00:00,backan_backancity,35.52107274668033
2025-11-04 09:00:00+00:00,angiang_longxuyen,84.81499361443701
2025-11-04 09:00:00+00:00,bacninh_bacninhcity,52.169296728053446
2025-11-04 09:00:00+00:00,binhduong_thudaumot,111.432777167377
2025-11-04 10:00:00+00:00,bacgiang_bacgiangcity,50.22395717168532
2025-11-04 10:00:00+00:00,angiang_longxuyen,83.35603028126467
2025-11-04 10:00:00+00:00,bienhoa_dongnai,116.1205050656952
2025-11-04 10:00:00+00:00,bacninh_bacninhcity,52.03132348977887
2025-11-04 10:00:00+00:00,backan_backancity,35.079245985396625
2025-11-04 10:00:00+00:00,binhduong_thudaumot,113.7542951386381
2025-11-04 10:00:00+00:00,bentre_bentrecity,123.88811752619593
2025-11-04 11:00:00+00:00,binhduong_thudaumot,115.52433132235916
2025-11-04 11:00:00+00:00,bacninh_bacninhcity,52.43461816446299
2025-11-04 11:00:00+00:00,angiang_longxuyen,81.75399003574577
2025-11-04 11:00:00+00:00,backan_backancity,34.69650958862387
2025-11-04 11:00:00+00:00,bienhoa_dongnai,118.36841026141917
2025-11-04 11:00:00+00:00,bentre_bentrecity,122.64547078623403
2025-11-04 11:00:00+00:00,bacgiang_bacgiangcity,50.44018239477173
2025-11-04 12:00:00+00:00,angiang_longxuyen,80.4428896690369
2025-11-04 12:00:00+00:00,bienhoa_dongnai,118.93152542368207
2025-11-04 12:00:00+00:00,bacninh_bacninhcity,53.4192443760228
2025-11-04 12:00:00+00:00,bentre_bentrecity,118.98617345978087
2025-11-04 12:00:00+00:00,binhduong_thudaumot,116.06322905079038
2025-11-04 12:00:00+00:00,bacgiang_bacgiangcity,51.1389375939272
2025-11-04 12:00:00+00:00,backan_backancity,34.400439929992174
2025-11-04 13:00:00+00:00,bienhoa_dongnai,117.05538133244907
2025-11-04 13:00:00+00:00,angiang_longxuyen,79.63310236532689
2025-11-04 13:00:00+00:00,bacgiang_bacgiangcity,51.711201733730455
2025-11-04 13:00:00+00:00,bentre_bentrecity,114.27721614823535
2025-11-04 13:00:00+00:00,backan_backancity,34.07746829626504
2025-11-04 13:00:00+00:00,bacninh_bacninhcity,54.20228198817745
2025-11-04 13:00:00+00:00,binhduong_thudaumot,114.5405154767805
2025-11-04 14:00:00+00:00,bentre_bentrecity,109.87792306449278
2025-11-04 14:00:00+00:00,bacgiang_bacgiangcity,52.15224097156401
2025-11-04 14:00:00+00:00,backan_backancity,33.80093444034701
2025-11-04 14:00:00+00:00,binhduong_thudaumot,111.43259769034762
2025-11-04 14:00:00+00:00,bienhoa_dongnai,113.37791005322643
2025-11-04 14:00:00+00:00,angiang_longxuyen,79.02560416530645
2025-11-04 14:00:00+00:00,bacninh_bacninhcity,54.72144703303248
2025-11-04 15:00:00+00:00,bienhoa_dongnai,109.17549565654213
2025-11-04 15:00:00+00:00,backan_backancity,33.571308265733194
2025-11-04 15:00:00+00:00,bacninh_bacninhcity,55.156429736928985
2025-11-04 15:00:00+00:00,angiang_longxuyen,78.22424901875881
2025-11-04 15:00:00+00:00,binhduong_thudaumot,107.82793643485793
2025-11-04 15:00:00+00:00,bentre_bentrecity,106.4581971155605
2025-11-04 15:00:00+00:00,bacgiang_bacgiangcity,52.56354576045656
2025-11-04 16:00:00+00:00,angiang_longxuyen,77.22436834744084
2025-11-04 16:00:00+00:00,bacninh_bacninhcity,55.58056985277148
2025-11-04 16:00:00+00:00,binhduong_thudaumot,104.67705347919966
2025-11-04 16:00:00+00:00,backan_backancity,33.348504393715146
2025-11-04 16:00:00+00:00,bentre_bentrecity,103.79203783475316
2025-11-04 16:00:00+00:00,bacgiang_bacgiangcity,52.934499762185084
2025-11-04 16:00:00+00:00,bienhoa_dongnai,105.40866086084446
2025-11-04 17:00:00+00:00,bacninh_bacninhcity,56.01600940728823
2025-11-04 17:00:00+00:00,binhduong_thudaumot,102.46738450491168
2025-11-04 17:00:00+00:00,bentre_bentrecity,101.25060965067051
2025-11-04 17:00:00+00:00,bacgiang_bacgiangcity,53.27189047167905
2025-11-04 17:00:00+00:00,bienhoa_dongnai,102.484704854052
2025-11-04 17:00:00+00:00,backan_backancity,33.16109121641267
2025-11-04 17:00:00+00:00,angiang_longxuyen,76.28698484097345
2025-11-04 18:00:00+00:00,backan_backancity,33.03753270294665
2025-11-04 18:00:00+00:00,bienhoa_dongnai,100.00976801452839
2025-11-04 18:00:00+00:00,bentre_bentrecity,98.49865028822614
2025-11-04 18:00:00+00:00,angiang_longxuyen,75.46813884210758
2025-11-04 18:00:00+00:00,bacgiang_bacgiangcity,53.464646625759336
2025-11-04 18:00:00+00:00,bacninh_bacninhcity,56.394155543067015
2025-11-04 18:00:00+00:00,binhduong_thudaumot,100.73336664163925
2025-11-04 19:00:00+00:00,backan_backancity,32.91096332634524
2025-11-04 19:00:00+00:00,bentre_bentrecity,95.60822983630914
2025-11-04 19:00:00+00:00,bacninh_bacninhcity,56.76004502934816
2025-11-04 19:00:00+00:00,angiang_longxuyen,74.61372811019461
2025-11-04 19:00:00+00:00,bacgiang_bacgiangcity,53.57622260009988
2025-11-04 19:00:00+00:00,binhduong_thudaumot,99.29754659947119
2025-11-04 19:00:00+00:00,bienhoa_dongnai,97.96924907012851
2025-11-04 20:00:00+00:00,bacgiang_bacgiangcity,53.731421282237115
2025-11-04 20:00:00+00:00,binhduong_thudaumot,97.65605403967479
2025-11-04 20:00:00+00:00,bentre_bentrecity,92.78152753691231
2025-11-04 20:00:00+00:00,bienhoa_dongnai,95.97649385807604
2025-11-04 20:00:00+00:00,angiang_longxuyen,73.8594677361576
2025-11-04 20:00:00+00:00,bacninh_bacninhcity,57.127818480568074
2025-11-04 20:00:00+00:00,backan_backancity,32.83675338178307
2025-11-04 21:00:00+00:00,bacgiang_bacgiangcity,53.835026300993825
2025-11-04 21:00:00+00:00,angiang_longxuyen,73.25266133850496
2025-11-04 21:00:00+00:00,bienhoa_dongnai,94.0159531411888
2025-11-04 21:00:00+00:00,binhduong_thudaumot,95.58667301347066
2025-11-04 21:00:00+00:00,bacninh_bacninhcity,57.35129675112078
2025-11-04 21:00:00+00:00,backan_backancity,32.75113522458945
2025-11-04 21:00:00+00:00,bentre_bentrecity,90.29036026329955
2025-11-04 22:00:00+00:00,backan_backancity,32.675550377208225
2025-11-04 22:00:00+00:00,bacninh_bacninhcity,57.45236516119551
2025-11-04 22:00:00+00:00,bacgiang_bacgiangcity,53.93542466349219
2025-11-04 22:00:00+00:00,angiang_longxuyen,72.85771615277574
2025-11-04 22:00:00+00:00,bentre_bentrecity,88.02544717162732
2025-11-04 22:00:00+00:00,binhduong_thudaumot,92.9854678292722
2025-11-04 22:00:00+00:00,bienhoa_dongnai,91.91814621674881
2025-11-04 23:00:00+00:00,bacgiang_bacgiangcity,54.27656154807223
2025-11-04 23:00:00+00:00,binhduong_thudaumot,90.1919133055934
2025-11-04 23:00:00+00:00,bienhoa_dongnai,89.85024560410221
2025-11-04 23:00:00+00:00,angiang_longxuyen,72.55251818365558
2025-11-04 23:00:00+00:00,bacninh_bacninhcity,57.77800828331155
2025-11-04 23:00:00+00:00,backan_backancity,32.66132274360608
2025-11-04 23:00:00+00:00,bentre_bentrecity,86.14144742520511
2025-11-05 00:00:00+00:00,angiang_longxuyen,72.16510885768139
2025-11-05 00:00:00+00:00,bentre_bentrecity,84.58933986474025
2025-11-05 00:00:00+00:00,backan_backancity,32.731190431796705
2025-11-05 00:00:00+00:00,bienhoa_dongnai,88.00974891412378
2025-11-05 00:00:00+00:00,bacgiang_bacgiangcity,55.24005515522664
2025-11-05 00:00:00+00:00,binhduong_thudaumot,87.63437216329538
2025-11-05 00:00:00+00:00,bacninh_bacninhcity,58.770418359248815
2025-11-05 01:00:00+00:00,bacninh_bacninhcity,59.94882320008662
2025-11-05 01:00:00+00:00,bacgiang_bacgiangcity,56.39519977305616
2025-11-05 01:00:00+00:00,bienhoa_dongnai,86.12834233884129
2025-11-05 01:00:00+00:00,angiang_longxuyen,71.63456605690291
2025-11-05 01:00:00+00:00,bentre_bentrecity,82.96980006498656
2025-11-05 01:00:00+00:00,backan_backancity,32.91990889658561
2025-11-05 01:00:00+00:00,binhduong_thudaumot,84.99730202992795
2025-11-05 02:00:00+00:00,binhduong_thudaumot,82.62950291535613
2025-11-05 02:00:00+00:00,bienhoa_dongnai,84.11406728709576
2025-11-05 02:00:00+00:00,bentre_bentrecity,81.31733656386665
2025-11-05 02:00:00+00:00,bacninh_bacninhcity,60.89590934353654
2025-11-05 02:00:00+00:00,backan_backancity,33.24343745297364
2025-11-05 02:00:00+00:00,angiang_longxuyen,70.93394429664184
2025-11-05 02:00:00+00:00,bacgiang_bacgiangcity,57.39691219781342
2025-11-05 03:00:00+00:00,angiang_longxuyen,70.21078022149001
2025-11-05 03:00:00+00:00,bentre_bentrecity,79.6073142355532
2025-11-05 03:00:00+00:00,bacgiang_bacgiangcity,58.15241694592084
2025-11-05 03:00:00+00:00,bienhoa_dongnai,82.23163388565729
2025-11-05 03:00:00+00:00,binhduong_thudaumot,80.58450030844033
2025-11-05 03:00:00+00:00,backan_backancity,33.70709297198884
2025-11-05 03:00:00+00:00,bacninh_bacninhcity,61.51264027704437
2025-11-05 04:00:00+00:00,backan_backancity,34.18330100566527
2025-11-05 04:00:00+00:00,bacninh_bacninhcity,61.83058220299044
2025-11-05 04:00:00+00:00,angiang_longxuyen,69.57238151570733
2025-11-05 04:00:00+00:00,bacgiang_bacgiangcity,58.675832877023375
2025-11-05 04:00:00+00:00,bentre_bentrecity,78.13459317227381
2025-11-05 04:00:00+00:00,bienhoa_dongnai,80.58671929716726
2025-11-05 04:00:00+00:00,binhduong_thudaumot,78.91718698668308
2025-11-05 05:00:00+00:00,angiang_longxuyen,69.10474922081679
2025-11-05 05:00:00+00:00,bacgiang_bacgiangcity,59.13862690629753
2025-11-05 05:00:00+00:00,bacninh_bacninhcity,62.09126116690657
2025-11-05 05:00:00+00:00,binhduong_thudaumot,77.80384202512752
2025-11-05 05:00:00+00:00,bentre_bentrecity,77.30951225018107
2025-11-05 05:00:00+00:00,backan_backancity,34.65915226076207
2025-11-05 05:00:00+00:00,bienhoa_dongnai,79.4230990125925
2025-11-05 06:00:00+00:00,bienhoa_dongnai,79.12144707447715
2025-11-05 06:00:00+00:00,bentre_bentrecity,77.86311948084486
2025-11-05 06:00:00+00:00,bacninh_bacninhcity,62.51551005670627
2025-11-05 06:00:00+00:00,bacgiang_bacgiangcity,59.74952755569929
2025-11-05 06:00:00+00:00,binhduong_thudaumot,77.49907480087788
2025-11-05 06:00:00+00:00,backan_backancity,35.18814612038997
2025-11-05 06:00:00+00:00,angiang_longxuyen,68.96525749809966
2025-11-05 07:00:00+00:00,backan_backancity,35.7029210483323
2025-11-05 07:00:00+00:00,angiang_longxuyen,69.11919875329164
2025-11-05 07:00:00+00:00,bentre_bentrecity,79.94574047311974
2025-11-05 07:00:00+00:00,bacgiang_bacgiangcity,60.50625492308567
2025-11-05 07:00:00+00:00,bacninh_bacninhcity,63.097146160662135
2025-11-05 07:00:00+00:00,bienhoa_dongnai,79.59948686159288
2025-11-05 07:00:00+00:00,binhduong_thudaumot,77.84656843551686
2025-11-05 08:00:00+00:00,bentre_bentrecity,82.72649447751489
2025-11-05 08:00:00+00:00,angiang_longxuyen,69.46302017913544
2025-11-05 08:00:00+00:00,binhduong_thudaumot,78.61613548081148
2025-11-05 08:00:00+00:00,backan_backancity,36.11953400633635
2025-11-05 08:00:00+00:00,bienhoa_dongnai,80.51131719003416
2025-11-05 08:00:00+00:00,bacgiang_bacgiangcity,61.335047212598184
2025-11-05 08:00:00+00:00,bacninh_bacninhcity,63.71547824682
2025-11-05 09:00:00+00:00,bienhoa_dongnai,81.37087075464368
2025-11-05 09:00:00+00:00,binhduong_thudaumot,79.40128330773587
2025-11-05 09:00:00+00:00,bacgiang_bacgiangcity,62.41649094798524
2025-11-05 09:00:00+00:00,bacninh_bacninhcity,64.57641541616513
2025-11-05 09:00:00+00:00,angiang_longxuyen,69.83894732618728
2025-11-05 09:00:00+00:00,bentre_bentrecity,84.84963050562916
2025-11-05 09:00:00+00:00,backan_backancity,36.71207361176225
2025-11-05 10:00:00+00:00,bacninh_bacninhcity,65.73290448010569
2025-11-05 10:00:00+00:00,angiang_longxuyen,69.98205904620012
2025-11-05 10:00:00+00:00,backan_backancity,37.36504802781012
2025-11-05 10:00:00+00:00,bacgiang_bacgiangcity,63.74581312800477
2025-11-05 10:00:00+00:00,bentre_bentrecity,85.64604078808235
2025-11-05 10:00:00+00:00,binhduong_thudaumot,80.16760018718927
2025-11-05 10:00:00+00:00,bienhoa_dongnai,82.10610003712846
2025-11-05 11:00:00+00:00,bacninh_bacninhcity,68.04939383132529
2025-11-05 11:00:00+00:00,bacgiang_bacgiangcity,65.99978355958238
2025-11-05 11:00:00+00:00,angiang_longxuyen,69.93508610052157
2025-11-05 11:00:00+00:00,bienhoa_dongnai,82.94125777861649
2025-11-05 11:00:00+00:00,backan_backancity,38.155042822267475
2025-11-05 11:00:00+00:00,binhduong_thudaumot,81.11813228960337
2025-11-05 11:00:00+00:00,bentre_bentrecity,85.55601075918457
2025-11-05 12:00:00+00:00,bienhoa_dongnai,83.91707329964285
2025-11-05 12:00:00+00:00,bacninh_bacninhcity,71.95801194508346
2025-11-05 12:00:00+00:00,backan_backancity,39.061403996140584
2025-11-05 12:00:00+00:00,bentre_bentrecity,85.29259069154693
2025-11-05 12:00:00+00:00,binhduong_thudaumot,82.14340080253251
2025-11-05 12:00:00+00:00,bacgiang_bacgiangcity,69.87059184581679
2025-11-05 12:00:00+00:00,angiang_longxuyen,69.8557159194297
2025-11-05 13:00:00+00:00,binhduong_thudaumot,82.95310543803504
2025-11-05 13:00:00+00:00,angiang_longxuyen,69.7518150355094
2025-11-05 13:00:00+00:00,bienhoa_dongnai,84.97835143110404
2025-11-05 13:00:00+00:00,bentre_bentrecity,84.51881953280642
2025-11-05 13:00:00+00:00,bacgiang_bacgiangcity,75.06121981916945
2025-11-05 13:00:00+00:00,bacninh_bacninhcity,76.9695588262554
2025-11-05 13:00:00+00:00,backan_backancity,40.14269979894584
2025-11-05 14:00:00+00:00,bienhoa_dongnai,86.06078500950166
2025-11-05 14:00:00+00:00,angiang_longxuyen,70.0437382308925
2025-11-05 14:00:00+00:00,bacninh_bacninhcity,82.94692272630762
2025-11-05 14:00:00+00:00,bentre_bentrecity,83.9540825508416
2025-11-05 14:00:00+00:00,binhduong_thudaumot,83.76343226057277
2025-11-05 14:00:00+00:00,backan_backancity,41.318424449478165
2025-11-05 14:00:00+00:00,bacgiang_bacgiangcity,81.49251919742122
2025-11-05 15:00:00+00:00,bacninh_bacninhcity,89.4334716606415
2025-11-05 15:00:00+00:00,bacgiang_bacgiangcity,88.98137119909997
2025-11-05 15:00:00+00:00,bienhoa_dongnai,87.41931952346762
2025-11-05 15:00:00+00:00,bentre_bentrecity,83.85401486117314
2025-11-05 15:00:00+00:00,backan_backancity,42.79896418480131
2025-11-05 15:00:00+00:00,angiang_longxuyen,70.89136581883429
2025-11-05 15:00:00+00:00,binhduong_thudaumot,84.79934756843294
2025-11-05 16:00:00+00:00,angiang_longxuyen,72.13221126206491
2025-11-05 16:00:00+00:00,bentre_bentrecity,84.25859741951054
2025-11-05 16:00:00+00:00,bacgiang_bacgiangcity,97.3165988004731
2025-11-05 16:00:00+00:00,bacninh_bacninhcity,96.52363012602582
2025-11-05 16:00:00+00:00,backan_backancity,44.56769399329635
2025-11-05 16:00:00+00:00,bienhoa_dongnai,89.29846142496115
2025-11-05 16:00:00+00:00,binhduong_thudaumot,86.23564349666376
2025-11-05 17:00:00+00:00,bentre_bentrecity,84.63981533184074
2025-11-05 17:00:00+00:00,bacgiang_bacgiangcity,106.04938107480875
2025-11-05 17:00:00+00:00,backan_backancity,46.33378277011051
2025-11-05 17:00:00+00:00,bienhoa_dongnai,91.982555627767
2025-11-05 17:00:00+00:00,angiang_longxuyen,73.70329879032211
2025-11-05 17:00:00+00:00,binhduong_thudaumot,88.67091183366989
2025-11-05 17:00:00+00:00,bacninh_bacninhcity,104.12261875065643
2025-11-05 18:00:00+00:00,backan_backancity,48.12927967399407
2025-11-05 18:00:00+00:00,angiang_longxuyen,75.38388688581642
2025-11-05 18:00:00+00:00,bentre_bentrecity,84.92205438181406
2025-11-05 18:00:00+00:00,bacgiang_bacgiangcity,114.5391155559513
2025-11-05 18:00:00+00:00,bacninh_bacninhcity,111.90221075899882
2025-11-05 18:00:00+00:00,bienhoa_dongnai,95.37157033762259
2025-11-05 18:00:00+00:00,binhduong_thudaumot,91.96979753032666
2025-11-05 19:00:00+00:00,angiang_longxuyen,77.1639596425686
2025-11-05 19:00:00+00:00,bentre_bentrecity,85.32845781619505
2025-11-05 19:00:00+00:00,backan_backancity,49.9420368294066
2025-11-05 19:00:00+00:00,bacninh_bacninhcity,119.16918237955619
2025-11-05 19:00:00+00:00,bienhoa_dongnai,99.07403950381983
2025-11-05 19:00:00+00:00,bacgiang_bacgiangcity,122.03782465363179
2025-11-05 19:00:00+00:00,binhduong_thudaumot,95.81171980448622
2025-11-05 20:00:00+00:00,angiang_longxuyen,78.83505394707824
2025-11-05 20:00:00+00:00,bacgiang_bacgiangcity,128.849454348723
2025-11-05 20:00:00+00:00,bentre_bentrecity,85.68120305748779
2025-11-05 20:00:00+00:00,binhduong_thudaumot,99.65745188649682
2025-11-05 20:00:00+00:00,bacninh_bacninhcity,126.12489732157718
2025-11-05 20:00:00+00:00,backan_backancity,51.762373354157035
2025-11-05 20:00:00+00:00,bienhoa_dongnai,102.71914074111844
2025-11-05 21:00:00+00:00,bienhoa_dongnai,106.08816388537969
2025-11-05 21:00:00+00:00,angiang_longxuyen,80.38506108242949
2025-11-05 21:00:00+00:00,backan_backancity,53.49858410040667
2025-11-05 21:00:00+00:00,bentre_bentrecity,85.96436342287863
2025-11-05 21:00:00+00:00,bacgiang_bacgiangcity,134.9990204759024
2025-11-05 21:00:00+00:00,bacninh_bacninhcity,132.73577815221282
2025-11-05 21:00:00+00:00,binhduong_thudaumot,103.18247048213182
2025-11-05 22:00:00+00:00,bacgiang_bacgiangcity,140.36511389509837
2025-11-05 22:00:00+00:00,binhduong_thudaumot,106.35092451090179
2025-11-05 22:00:00+00:00,backan_backancity,55.2709817667386
2025-11-05 22:00:00+00:00,bienhoa_dongnai,109.16966428469647
2025-11-05 22:00:00+00:00,bacninh_bacninhcity,138.7654144651385
2025-11-05 22:00:00+00:00,bentre_bentrecity,85.97366577169863
2025-11-05 22:00:00+00:00,angiang_longxuyen,81.83326449575532
2025-11-05 23:00:00+00:00,backan_backancity,57.23030095208645
2025-11-05 23:00:00+00:00,bacninh_bacninhcity,144.00915458631425
2025-11-05 23:00:00+00:00,bienhoa_dongnai,111.58595211004047
2025-11-05 23:00:00+00:00,bacgiang_bacgiangcity,144.91577681768464
2025-11-05 23:00:00+00:00,bentre_bentrecity,85.76109535357425
2025-11-05 23:00:00+00:00,binhduong_thudaumot,108.95967670418588
2025-11-05 23:00:00+00:00,angiang_longxuyen,83.02853800187617
2025-11-06 00:00:00+00:00,binhduong_thudaumot,111.0456365130771
2025-11-06 00:00:00+00:00,bacgiang_bacgiangcity,148.74068249397936
2025-11-06 00:00:00+00:00,bacninh_bacninhcity,148.4465446608276
2025-11-06 00:00:00+00:00,bienhoa_dongnai,113.40744979678405
2025-11-06 00:00:00+00:00,backan_backancity,59.30822726036845
2025-11-06 00:00:00+00:00,angiang_longxuyen,83.93580852603151
2025-11-06 00:00:00+00:00,bentre_bentrecity,85.69049235343292
2025-11-06 01:00:00+00:00,bentre_bentrecity,85.58415275739213
2025-11-06 01:00:00+00:00,angiang_longxuyen,84.45162333300469
2025-11-06 01:00:00+00:00,bienhoa_dongnai,114.58396740946438
2025-11-06 01:00:00+00:00,binhduong_thudaumot,112.4432654750014
2025-11-06 01:00:00+00:00,backan_backancity,60.507890883402005
2025-11-06 01:00:00+00:00,bacninh_bacninhcity,151.56146096366695
2025-11-06 01:00:00+00:00,bacgiang_bacgiangcity,151.34230754565263
2025-11-06 02:00:00+00:00,angiang_longxuyen,84.62810255212912
2025-11-06 02:00:00+00:00,binhduong_thudaumot,113.3181964139407
2025-11-06 02:00:00+00:00,bentre_bentrecity,85.4476827752061
2025-11-06 02:00:00+00:00,backan_backancity,61.56752326489072
2025-11-06 02:00:00+00:00,bienhoa_dongnai,115.3686975443931
2025-11-06 02:00:00+00:00,bacgiang_bacgiangcity,152.51912863767356
2025-11-06 02:00:00+00:00,bacninh_bacninhcity,153.13622940263588
2025-11-06 03:00:00+00:00,angiang_longxuyen,84.55810433518985
2025-11-06 03:00:00+00:00,bienhoa_dongnai,115.96232815260974
2025-11-06 03:00:00+00:00,bacgiang_bacgiangcity,152.67536719884166
2025-11-06 03:00:00+00:00,bentre_bentrecity,85.28366034966056
2025-11-06 03:00:00+00:00,backan_backancity,62.61825793668022
2025-11-06 03:00:00+00:00,bacninh_bacninhcity,153.41398587783289
2025-11-06 03:00:00+00:00,binhduong_thudaumot,113.81177456084288
2025-11-06 04:00:00+00:00,bienhoa_dongnai,116.24329998598166
2025-11-06 04:00:00+00:00,bacninh_bacninhcity,153.09599174038738
2025-11-06 04:00:00+00:00,angiang_longxuyen,84.293805373978
2025-11-06 04:00:00+00:00,binhduong_thudaumot,113.90936111654754
2025-11-06 04:00:00+00:00,backan_backancity,63.71392930566943
2025-11-06 04:00:00+00:00,bentre_bentrecity,85.23883677737635
2025-11-06 04:00:00+00:00,bacgiang_bacgiangcity,152.4568185640294
2025-11-06 05:00:00+00:00,backan_backancity,64.87532625055897
2025-11-06 05:00:00+00:00,bacninh_bacninhcity,152.70547147923716
2025-11-06 05:00:00+00:00,bienhoa_dongnai,116.30117860860938
2025-11-06 05:00:00+00:00,bacgiang_bacgiangcity,152.41017629118076
2025-11-06 05:00:00+00:00,bentre_bentrecity,85.27189318297035
2025-11-06 05:00:00+00:00,binhduong_thudaumot,113.94527936495555
2025-11-06 05:00:00+00:00,angiang_longxuyen,84.00060734781647
2025-11-06 06:00:00+00:00,bacninh_bacninhcity,152.58523274694497
2025-11-06 06:00:00+00:00,backan_backancity,66.07448951338941
2025-11-06 06:00:00+00:00,angiang_longxuyen,83.67559946561049
2025-11-06 06:00:00+00:00,bentre_bentrecity,85.55729646735871
2025-11-06 06:00:00+00:00,bacgiang_bacgiangcity,152.58351411842116
2025-11-06 06:00:00+00:00,binhduong_thudaumot,114.17069381194646
2025-11-06 06:00:00+00:00,bienhoa_dongnai,116.49557398622471
2025-11-06 07:00:00+00:00,angiang_longxuyen,83.35823621711674
2025-11-06 07:00:00+00:00,backan_backancity,67.3221877159238
2025-11-06 07:00:00+00:00,bienhoa_dongnai,116.95345034489372
2025-11-06 07:00:00+00:00,bacninh_bacninhcity,152.7272871840938
2025-11-06 07:00:00+00:00,bacgiang_bacgiangcity,152.93943555926424
2025-11-06 07:00:00+00:00,binhduong_thudaumot,114.71387397107279
2025-11-06 07:00:00+00:00,bentre_bentrecity,86.07598725776035
2025-11-06 08:00:00+00:00,bacninh_bacninhcity,153.23087579827737
2025-11-06 08:00:00+00:00,bacgiang_bacgiangcity,153.44069641076365
2025-11-06 08:00:00+00:00,binhduong_thudaumot,115.63980684306543
2025-11-06 08:00:00+00:00,backan_backancity,68.70384322223285
2025-11-06 08:00:00+00:00,bienhoa_dongnai,117.81448867401906
2025-11-06 08:00:00+00:00,angiang_longxuyen,83.0548917562273
2025-11-06 08:00:00+00:00,bentre_bentrecity,86.60482013193159
2025-11-06 09:00:00+00:00,backan_backancity,70.07758868637409
2025-11-06 09:00:00+00:00,bacninh_bacninhcity,153.74136938326419
2025-11-06 09:00:00+00:00,angiang_longxuyen,82.76035798587132
2025-11-06 09:00:00+00:00,binhduong_thudaumot,116.80713414410168
2025-11-06 09:00:00+00:00,bacgiang_bacgiangcity,153.9456816825577
2025-11-06 09:00:00+00:00,bienhoa_dongnai,118.86659716088803
2025-11-06 09:00:00+00:00,bentre_bentrecity,86.86055640723241
2025-11-06 10:00:00+00:00,bentre_bentrecity,86.90549310443211
2025-11-06 10:00:00+00:00,angiang_longxuyen,82.48406343265914
2025-11-06 10:00:00+00:00,bacninh_bacninhcity,154.2643893771625
2025-11-06 10:00:00+00:00,backan_backancity,71.5089147325003
2025-11-06 10:00:00+00:00,binhduong_thudaumot,118.21343347815463
2025-11-06 10:00:00+00:00,bacgiang_bacgiangcity,154.403781027839
2025-11-06 10:00:00+00:00,bienhoa_dongnai,120.13027208225643
2025-11-06 11:00:00+00:00,bentre_bentrecity,87.02822493582339
2025-11-06 11:00:00+00:00,binhduong_thudaumot,119.97432394755405
2025-11-06 11:00:00+00:00,bacgiang_bacgiangcity,154.81475514390164
2025-11-06 11:00:00+00:00,bacninh_bacninhcity,154.67360135511845
2025-11-06 11:00:00+00:00,backan_backancity,72.95018271831486
2025-11-06 11:00:00+00:00,bienhoa_dongnai,121.74091526005049
2025-11-06 11:00:00+00:00,angiang_longxuyen,82.23987460065499
2025-11-06 12:00:00+00:00,bienhoa_dongnai,123.29343724929228
2025-11-06 12:00:00+00:00,bentre_bentrecity,87.01770649416187
2025-11-06 12:00:00+00:00,bacninh_bacninhcity,155.92097758673953
2025-11-06 12:00:00+00:00,bacgiang_bacgiangcity,156.0076747815886
2025-11-06 12:00:00+00:00,binhduong_thudaumot,121.9905580182688
2025-11-06 12:00:00+00:00,backan_backancity,74.32130020365008
2025-11-06 12:00:00+00:00,angiang_longxuyen,82.07636993914574
2025-11-06 13:00:00+00:00,bentre_bentrecity,86.68683569566264
2025-11-06 13:00:00+00:00,bacninh_bacninhcity,158.51706386851203
2025-11-06 13:00:00+00:00,bienhoa_dongnai,123.45158588114887
2025-11-06 13:00:00+00:00,backan_backancity,75.78414459161543
2025-11-06 13:00:00+00:00,bacgiang_bacgiangcity,158.50269265328635
2025-11-06 13:00:00+00:00,binhduong_thudaumot,122.96162446832369
2025-11-06 13:00:00+00:00,angiang_longxuyen,82.17213453106726
2025-11-06 14:00:00+00:00,angiang_longxuyen,82.17903079995392
2025-11-06 14:00:00+00:00,backan_backancity,77.64442291345081
2025-11-06 14:00:00+00:00,bentre_bentrecity,86.23547163381139
2025-11-06 14:00:00+00:00,bienhoa_dongnai,121.39745931470289
2025-11-06 14:00:00+00:00,binhduong_thudaumot,122.01772322634068
2025-11-06 15:00:00+00:00,angiang_longxuyen,82.0434940983207
2025-11-06 15:00:00+00:00,backan_backancity,79.90859199125578
2025-11-06 15:00:00+00:00,bentre_bentrecity,85.84833641820933
2025-11-06 15:00:00+00:00,bienhoa_dongnai,117.6451004291647
2025-11-06 15:00:00+00:00,binhduong_thudaumot,119.2480260946952
2025-11-06 16:00:00+00:00,bentre_bentrecity,85.3915227811022
2025-11-06 16:00:00+00:00,bacninh_bacninhcity,161.30484031958417
2025-11-06 16:00:00+00:00,binhduong_thudaumot,115.58771499496092
2025-11-06 16:00:00+00:00,bacgiang_bacgiangcity,161.08516478657532
2025-11-06 16:00:00+00:00,bienhoa_dongnai,113.29668092520595
2025-11-06 16:00:00+00:00,angiang_longxuyen,81.66872430617349
2025-11-06 16:00:00+00:00,backan_backancity,82.44165029126654
2025-11-06 17:00:00+00:00,angiang_longxuyen,80.92316149775442
2025-11-06 17:00:00+00:00,bienhoa_dongnai,108.94355912307732
2025-11-06 17:00:00+00:00,bentre_bentrecity,84.62168053769585
2025-11-06 17:00:00+00:00,backan_backancity,85.09711301305742
2025-11-06 17:00:00+00:00,bacninh_bacninhcity,162.91898058010233
2025-11-06 17:00:00+00:00,binhduong_thudaumot,111.64037335243849
2025-11-06 17:00:00+00:00,bacgiang_bacgiangcity,162.42649561147005
2025-11-06 18:00:00+00:00,bentre_bentrecity,83.60386521631426
2025-11-06 18:00:00+00:00,bacninh_bacninhcity,162.84049364354294
2025-11-06 18:00:00+00:00,binhduong_thudaumot,107.76778389265489
2025-11-06 18:00:00+00:00,backan_backancity,87.59745645769982
2025-11-06 18:00:00+00:00,bienhoa_dongnai,105.02374014704363
2025-11-06 18:00:00+00:00,angiang_longxuyen,79.8338338259493
2025-11-06 18:00:00+00:00,bacgiang_bacgiangcity,162.3073054601253
2025-11-06 19:00:00+00:00,binhduong_thudaumot,103.98194111987091
2025-11-06 19:00:00+00:00,backan_backancity,89.95925016209448
2025-11-06 19:00:00+00:00,bacninh_bacninhcity,161.9710982112857
2025-11-06 19:00:00+00:00,bienhoa_dongnai,101.48332119858038
2025-11-06 19:00:00+00:00,bacgiang_bacgiangcity,161.66401627722678
2025-11-06 19:00:00+00:00,angiang_longxuyen,78.39726922604419
2025-11-06 19:00:00+00:00,bentre_bentrecity,82.40569397197353
2025-11-06 20:00:00+00:00,bentre_bentrecity,80.95394887860117
2025-11-06 20:00:00+00:00,angiang_longxuyen,76.70226640574134
2025-11-06 20:00:00+00:00,backan_backancity,92.25083571581246
2025-11-06 20:00:00+00:00,bacninh_bacninhcity,160.98607606252165
2025-11-06 20:00:00+00:00,binhduong_thudaumot,100.49021170609831
2025-11-06 20:00:00+00:00,bienhoa_dongnai,98.46558572458535
2025-11-06 20:00:00+00:00,bacgiang_bacgiangcity,160.94850118674546
2025-11-06 21:00:00+00:00,bacgiang_bacgiangcity,160.33181811377878
2025-11-06 21:00:00+00:00,bentre_bentrecity,79.25716651635847
2025-11-06 21:00:00+00:00,backan_backancity,94.52287567716064
2025-11-06 21:00:00+00:00,bienhoa_dongnai,95.92086576862285
2025-11-06 21:00:00+00:00,bacninh_bacninhcity,160.1694621052576
2025-11-06 21:00:00+00:00,angiang_longxuyen,74.92794561584606
2025-11-06 21:00:00+00:00,binhduong_thudaumot,97.38008472059462
2025-11-06 22:00:00+00:00,backan_backancity,96.72286050603883
2025-11-06 22:00:00+00:00,bentre_bentrecity,77.36989484930359
2025-11-06 22:00:00+00:00,bacninh_bacninhcity,159.44937850857377
2025-11-06 22:00:00+00:00,binhduong_thudaumot,94.5397008328608
2025-11-06 22:00:00+00:00,bacgiang_bacgiangcity,159.7413278097066
2025-11-06 22:00:00+00:00,angiang_longxuyen,73.19858762890021
2025-11-06 22:00:00+00:00,bienhoa_dongnai,93.52478216195952
2025-11-06 23:00:00+00:00,binhduong_thudaumot,92.12983121486157
2025-11-06 23:00:00+00:00,bacgiang_bacgiangcity,159.11584709908135
2025-11-06 23:00:00+00:00,angiang_longxuyen,71.46968214161632
2025-11-06 23:00:00+00:00,bienhoa_dongnai,91.41492525854059
2025-11-06 23:00:00+00:00,bacninh_bacninhcity,158.64599146450558
2025-11-06 23:00:00+00:00,backan_backancity,98.61403008785007
2025-11-06 23:00:00+00:00,bentre_bentrecity,75.54326683886853
2025-11-07 00:00:00+00:00,bienhoa_dongnai,89.60152416130141
2025-11-07 00:00:00+00:00,backan_backancity,100.02904602296348
2025-11-07 00:00:00+00:00,bacgiang_bacgiangcity,158.44482925901264
2025-11-07 00:00:00+00:00,binhduong_thudaumot,90.12784326932169
2025-11-07 00:00:00+00:00,bentre_bentrecity,74.10751151720501
2025-11-07 00:00:00+00:00,bacninh_bacninhcity,157.8212847248256
2025-11-07 00:00:00+00:00,angiang_longxuyen,69.85342731537014
2025-11-07 01:00:00+00:00,bacgiang_bacgiangcity,157.88489138403963
2025-11-07 01:00:00+00:00,bienhoa_dongnai,88.32421442439764
2025-11-07 01:00:00+00:00,angiang_longxuyen,68.6543075621226
2025-11-07 01:00:00+00:00,backan_backancity,101.31321722108763
2025-11-07 01:00:00+00:00,binhduong_thudaumot,88.58373168245083
2025-11-07 01:00:00+00:00,bacninh_bacninhcity,157.08539409668103
2025-11-07 01:00:00+00:00,bentre_bentrecity,72.84344065863242
2025-11-07 02:00:00+00:00,bacninh_bacninhcity,156.31394743740594
2025-11-07 02:00:00+00:00,bentre_bentrecity,71.67933741768766
2025-11-07 02:00:00+00:00,bienhoa_dongnai,87.0310443567941
2025-11-07 02:00:00+00:00,angiang_longxuyen,67.62094191581927
2025-11-07 02:00:00+00:00,bacgiang_bacgiangcity,157.30494780285784
2025-11-07 02:00:00+00:00,backan_backancity,102.31051831801052
2025-11-07 02:00:00+00:00,binhduong_thudaumot,87.09964809160202
2025-11-07 03:00:00+00:00,binhduong_thudaumot,85.69915946234286
2025-11-07 03:00:00+00:00,bentre_bentrecity,70.39979455144251
2025-11-07 03:00:00+00:00,bacninh_bacninhcity,155.76014876457748
2025-11-07 03:00:00+00:00,angiang_longxuyen,66.68011245038767
2025-11-07 03:00:00+00:00,backan_backancity,103.17432603208624
2025-11-07 03:00:00+00:00,bienhoa_dongnai,85.84189482446378
2025-11-07 03:00:00+00:00,bacgiang_bacgiangcity,156.93438103641697
2025-11-07 04:00:00+00:00,bentre_bentrecity,69.08418659194713
2025-11-07 04:00:00+00:00,backan_backancity,103.83912417728209
2025-11-07 04:00:00+00:00,bacgiang_bacgiangcity,156.6756600037305
2025-11-07 04:00:00+00:00,bienhoa_dongnai,84.69522913659823
2025-11-07 04:00:00+00:00,bacninh_bacninhcity,155.3828771714146
2025-11-07 04:00:00+00:00,binhduong_thudaumot,84.43535074900711
2025-11-07 04:00:00+00:00,angiang_longxuyen,65.75339314268444
2025-11-07 05:00:00+00:00,angiang_longxuyen,64.92914325362473
2025-11-07 05:00:00+00:00,binhduong_thudaumot,83.34769819614291
2025-11-07 05:00:00+00:00,bienhoa_dongnai,83.49304630871585
2025-11-07 05:00:00+00:00,bacgiang_bacgiangcity,156.39956994555786
2025-11-07 05:00:00+00:00,backan_backancity,104.31088825093698
2025-11-07 05:00:00+00:00,bentre_bentrecity,67.92680123059924
2025-11-07 05:00:00+00:00,bacninh_bacninhcity,155.0563725595575
2025-11-07 06:00:00+00:00,binhduong_thudaumot,82.47306421010677
2025-11-07 06:00:00+00:00,angiang_longxuyen,64.14497874327347
2025-11-07 06:00:00+00:00,bentre_bentrecity,67.17097886253677
2025-11-07 06:00:00+00:00,bacgiang_bacgiangcity,156.29881480447986
2025-11-07 06:00:00+00:00,bacninh_bacninhcity,154.9875621542309
2025-11-07 06:00:00+00:00,backan_backancity,104.4532698257621
2025-11-07 06:00:00+00:00,bienhoa_dongnai,82.55256056898901
2025-11-07 07:00:00+00:00,bentre_bentrecity,66.48942300149425
2025-11-07 07:00:00+00:00,bienhoa_dongnai,81.99695624847097
2025-11-07 07:00:00+00:00,bacgiang_bacgiangcity,156.3377297754088
2025-11-07 07:00:00+00:00,bacninh_bacninhcity,155.1244998644329
2025-11-07 07:00:00+00:00,backan_backancity,104.17646158753702
2025-11-07 07:00:00+00:00,binhduong_thudaumot,81.86664939870008
2025-11-07 07:00:00+00:00,angiang_longxuyen,63.32176003132803
2025-11-07 08:00:00+00:00,bentre_bentrecity,65.88383052120399
2025-11-07 08:00:00+00:00,backan_backancity,103.8389485073412
2025-11-07 08:00:00+00:00,angiang_longxuyen,62.67819673805736
2025-11-07 08:00:00+00:00,bienhoa_dongnai,81.82904406621584
2025-11-07 08:00:00+00:00,binhduong_thudaumot,81.56882195291998
2025-11-07 08:00:00+00:00,bacgiang_bacgiangcity,156.41421962211396
2025-11-07 08:00:00+00:00,bacninh_bacninhcity,155.31034234579334
2025-11-07 09:00:00+00:00,angiang_longxuyen,61.97757497779629
2025-11-07 09:00:00+00:00,bentre_bentrecity,65.35534137273751
2025-11-07 09:00:00+00:00,bienhoa_dongnai,81.74735917531468
2025-11-07 09:00:00+00:00,bacninh_bacninhcity,155.3936849518023
2025-11-07 09:00:00+00:00,bacgiang_bacgiangcity,156.42005860813663
2025-11-07 09:00:00+00:00,backan_backancity,103.34452627453113
2025-11-07 09:00:00+00:00,binhduong_thudaumot,81.31880718776803
2025-11-07 10:00:00+00:00,bentre_bentrecity,64.89533630772604
2025-11-07 10:00:00+00:00,angiang_longxuyen,61.39661762333337
2025-11-07 10:00:00+00:00,bienhoa_dongnai,81.67239651496867
2025-11-07 10:00:00+00:00,bacgiang_bacgiangcity,156.50672969723595
2025-11-07 10:00:00+00:00,binhduong_thudaumot,81.04973957627242
2025-11-07 10:00:00+00:00,backan_backancity,102.59673060870558
2025-11-07 10:00:00+00:00,bacninh_bacninhcity,155.5335465059739
2025-11-07 11:00:00+00:00,bacninh_bacninhcity,155.65837985021835
2025-11-07 11:00:00+00:00,binhduong_thudaumot,80.44598755133804
2025-11-07 11:00:00+00:00,bienhoa_dongnai,81.27925262597074
2025-11-07 11:00:00+00:00,backan_backancity,101.55498800802316
2025-11-07 11:00:00+00:00,bacgiang_bacgiangcity,156.62575886312405
2025-11-07 11:00:00+00:00,angiang_longxuyen,61.063725804709314
2025-11-07 11:00:00+00:00,bentre_bentrecity,64.43460028172217
2025-11-07 12:00:00+00:00,angiang_longxuyen,60.98362466262503
2025-11-07 12:00:00+00:00,backan_backancity,100.25886363974197
2025-11-07 12:00:00+00:00,bienhoa_dongnai,80.33549061465294
2025-11-07 12:00:00+00:00,binhduong_thudaumot,79.30720253667185
2025-11-07 12:00:00+00:00,bentre_bentrecity,64.15637390303004
2025-11-07 12:00:00+00:00,bacgiang_bacgiangcity,156.75310706125904
2025-11-07 12:00:00+00:00,bacninh_bacninhcity,155.64860759790324
2025-11-07 13:00:00+00:00,angiang_longxuyen,61.62564336570342
2025-11-07 13:00:00+00:00,bienhoa_dongnai,79.60080520195417
2025-11-07 13:00:00+00:00,backan_backancity,99.17316140393042
2025-11-07 13:00:00+00:00,binhduong_thudaumot,78.31280407279692
2025-11-07 13:00:00+00:00,bentre_bentrecity,64.44668289288828
2025-11-07 13:00:00+00:00,bacninh_bacninhcity,155.1456629255463
2025-11-07 13:00:00+00:00,bacgiang_bacgiangcity,156.3657412448677
2025-11-07 14:00:00+00:00,bacgiang_bacgiangcity,155.535813355242
2025-11-07 14:00:00+00:00,binhduong_thudaumot,77.56540515998026
2025-11-07 14:00:00+00:00,bienhoa_dongnai,79.08405058799076
2025-11-07 14:00:00+00:00,angiang_longxuyen,62.19776827484146
2025-11-07 14:00:00+00:00,bacninh_bacninhcity,154.17917585908967
2025-11-07 14:00:00+00:00,bentre_bentrecity,64.66309955813935
2025-11-07 14:00:00+00:00,backan_backancity,98.1957458179936
2025-11-07 15:00:00+00:00,binhduong_thudaumot,77.22638284112826
2025-11-07 15:00:00+00:00,angiang_longxuyen,62.54463972244523
2025-11-07 15:00:00+00:00,bentre_bentrecity,64.59360605236151
2025-11-07 15:00:00+00:00,bacninh_bacninhcity,152.66510328823998
2025-11-07 15:00:00+00:00,backan_backancity,97.03494821760823
2025-11-07 15:00:00+00:00,bienhoa_dongnai,78.7802753822308
2025-11-07 15:00:00+00:00,bacgiang_bacgiangcity,154.1648394515303
2025-11-07 16:00:00+00:00,bacninh_bacninhcity,150.5891131563962
2025-11-07 16:00:00+00:00,bacgiang_bacgiangcity,152.23181745807585
2025-11-07 16:00:00+00:00,backan_backancity,95.5420028124661
2025-11-07 16:00:00+00:00,angiang_longxuyen,62.64790101549718
2025-11-07 16:00:00+00:00,bienhoa_dongnai,78.99053109054591
2025-11-07 16:00:00+00:00,binhduong_thudaumot,77.62726708492076
2025-11-07 16:00:00+00:00,bentre_bentrecity,64.30023833882674
2025-11-07 17:00:00+00:00,binhduong_thudaumot,78.54221269949633
2025-11-07 17:00:00+00:00,bentre_bentrecity,63.99161616553381
2025-11-07 17:00:00+00:00,angiang_longxuyen,62.59073377454958
2025-11-07 17:00:00+00:00,backan_backancity,93.67773248640137
2025-11-07 17:00:00+00:00,bienhoa_dongnai,79.6040510168371
2025-11-07 17:00:00+00:00,bacgiang_bacgiangcity,149.9049162636728
2025-11-07 17:00:00+00:00,bacninh_bacninhcity,148.11434464457136
2025-11-07 18:00:00+00:00,bienhoa_dongnai,80.3496442819642
2025-11-07 18:00:00+00:00,binhduong_thudaumot,79.72182275577994
2025-11-07 18:00:00+00:00,angiang_longxuyen,62.430709879670815
2025-11-07 18:00:00+00:00,backan_backancity,91.610258267667
2025-11-07 18:00:00+00:00,bacninh_bacninhcity,145.3783968086273
2025-11-07 18:00:00+00:00,bacgiang_bacgiangcity,147.3441336574501
2025-11-07 18:00:00+00:00,bentre_bentrecity,63.656705502264074
2025-11-07 19:00:00+00:00,bacninh_bacninhcity,142.08873731902048
2025-11-07 19:00:00+00:00,bacgiang_bacgiangcity,144.2231999792983
2025-11-07 19:00:00+00:00,backan_backancity,89.62715021787886
2025-11-07 19:00:00+00:00,bentre_bentrecity,63.19882805585549
2025-11-07 19:00:00+00:00,angiang_longxuyen,62.293641640720175
2025-11-07 19:00:00+00:00,bienhoa_dongnai,81.1885481985383
2025-11-07 19:00:00+00:00,binhduong_thudaumot,81.04526244019394
2025-11-07 20:00:00+00:00,bacgiang_bacgiangcity,140.41211294652663
2025-11-07 20:00:00+00:00,bentre_bentrecity,62.881691057192725
2025-11-07 20:00:00+00:00,angiang_longxuyen,62.249214005640184
2025-11-07 20:00:00+00:00,bienhoa_dongnai,82.3824119941738
2025-11-07 20:00:00+00:00,bacninh_bacninhcity,138.02545569099453
2025-11-07 20:00:00+00:00,binhduong_thudaumot,82.63938829258673
2025-11-07 20:00:00+00:00,backan_backancity,87.71973361395
2025-11-07 21:00:00+00:00,bienhoa_dongnai,83.84044857323079
2025-11-07 21:00:00+00:00,bacgiang_bacgiangcity,135.68403969974227
2025-11-07 21:00:00+00:00,angiang_longxuyen,62.34024475494423
2025-11-07 21:00:00+00:00,bacninh_bacninhcity,133.07908181402033
2025-11-07 21:00:00+00:00,binhduong_thudaumot,84.45061826164013
2025-11-07 21:00:00+00:00,backan_backancity,85.90793802031915
2025-11-07 21:00:00+00:00,bentre_bentrecity,62.96825337233487
2025-11-07 22:00:00+00:00,angiang_longxuyen,62.72818924878786
2025-11-07 22:00:00+00:00,backan_backancity,84.07428647546749
2025-11-07 22:00:00+00:00,bentre_bentrecity,63.43206552584845
2025-11-07 22:00:00+00:00,bacninh_bacninhcity,127.45750882606254
2025-11-07 22:00:00+00:00,bacgiang_bacgiangcity,130.25185087319147
2025-11-07 22:00:00+00:00,binhduong_thudaumot,86.50659289761899
2025-11-07 22:00:00+00:00,bienhoa_dongnai,85.70186575839807
2025-11-07 23:00:00+00:00,bienhoa_dongnai,88.0891364990488
2025-11-07 23:00:00+00:00,angiang_longxuyen,63.30401682342908
2025-11-07 23:00:00+00:00,bacninh_bacninhcity,121.42825974842448
2025-11-07 23:00:00+00:00,binhduong_thudaumot,88.86842467289867
2025-11-07 23:00:00+00:00,bacgiang_bacgiangcity,124.24867273761585
2025-11-07 23:00:00+00:00,bentre_bentrecity,64.38398123299817
2025-11-07 23:00:00+00:00,backan_backancity,82.18203731213102
2025-11-08 00:00:00+00:00,bentre_bentrecity,65.89795373180723
2025-11-08 00:00:00+00:00,binhduong_thudaumot,91.57733347856124
2025-11-08 00:00:00+00:00,angiang_longxuyen,64.18832298973972
2025-11-08 00:00:00+00:00,backan_backancity,80.29393026108482
2025-11-08 00:00:00+00:00,bienhoa_dongnai,90.94394272576818
2025-11-08 00:00:00+00:00,bacninh_bacninhcity,115.49472957764593
2025-11-08 00:00:00+00:00,bacgiang_bacgiangcity,118.13913433894756
2025-11-08 01:00:00+00:00,bacgiang_bacgiangcity,112.1397056416767
2025-11-08 01:00:00+00:00,binhduong_thudaumot,94.4347611576492
2025-11-08 01:00:00+00:00,bienhoa_dongnai,94.00319395600889
2025-11-08 01:00:00+00:00,backan_backancity,78.28199058620045
2025-11-08 01:00:00+00:00,angiang_longxuyen,65.14929304108702
2025-11-08 01:00:00+00:00,bentre_bentrecity,67.49184898341076
2025-11-08 01:00:00+00:00,bacninh_bacninhcity,109.88221963580229
2025-11-08 02:00:00+00:00,bacninh_bacninhcity,104.34051800494419
2025-11-08 02:00:00+00:00,backan_backancity,76.18307960609485
2025-11-08 02:00:00+00:00,bacgiang_bacgiangcity,106.16629676270838
2025-11-08 02:00:00+00:00,bienhoa_dongnai,95.71637290456036
2025-11-08 02:00:00+00:00,bentre_bentrecity,68.58528831079815
2025-11-08 02:00:00+00:00,binhduong_thudaumot,96.1708761828165
2025-11-08 02:00:00+00:00,angiang_longxuyen,66.03900309759149
2025-11-08 03:00:00+00:00,bacgiang_bacgiangcity,100.32014416788121
2025-11-08 03:00:00+00:00,bentre_bentrecity,68.99347781355641
2025-11-08 03:00:00+00:00,bienhoa_dongnai,96.16722246559405
2025-11-08 03:00:00+00:00,binhduong_thudaumot,96.83392524278052
2025-11-08 03:00:00+00:00,bacninh_bacninhcity,98.91497771459254
2025-11-08 03:00:00+00:00,angiang_longxuyen,66.68847499221744
2025-11-08 03:00:00+00:00,backan_backancity,74.02359893566035
2025-11-08 04:00:00+00:00,bacninh_bacninhcity,93.89334422436914
2025-11-08 04:00:00+00:00,angiang_longxuyen,67.08582625787999
2025-11-08 04:00:00+00:00,binhduong_thudaumot,96.51165193785863
2025-11-08 04:00:00+00:00,bacgiang_bacgiangcity,95.01287951182913
2025-11-08 04:00:00+00:00,bienhoa_dongnai,95.65931226209081
2025-11-08 04:00:00+00:00,bentre_bentrecity,68.9679550922383
2025-11-08 04:00:00+00:00,backan_backancity,71.86276511719822
2025-11-08 05:00:00+00:00,backan_backancity,69.88070782383666
2025-11-08 05:00:00+00:00,bacninh_bacninhcity,89.55008278146097
2025-11-08 05:00:00+00:00,bacgiang_bacgiangcity,90.56304787209089
2025-11-08 05:00:00+00:00,bentre_bentrecity,69.02015353882086
2025-11-08 05:00:00+00:00,bienhoa_dongnai,94.8980359678142
2025-11-08 05:00:00+00:00,angiang_longxuyen,67.37218457761259
2025-11-08 05:00:00+00:00,binhduong_thudaumot,95.75670628789123
2025-11-08 06:00:00+00:00,bacninh_bacninhcity,85.61504891219607
2025-11-08 06:00:00+00:00,bienhoa_dongnai,94.64354189110463
2025-11-08 06:00:00+00:00,backan_backancity,68.22263593748337
2025-11-08 06:00:00+00:00,bacgiang_bacgiangcity,86.67075890478804
2025-11-08 06:00:00+00:00,angiang_longxuyen,67.8018156028147
2025-11-08 06:00:00+00:00,binhduong_thudaumot,95.3115945531
2025-11-08 06:00:00+00:00,bentre_bentrecity,69.66238543885538
2025-11-08 07:00:00+00:00,bacninh_bacninhcity,82.17395323163169
2025-11-08 07:00:00+00:00,backan_backancity,66.87207673005952
2025-11-08 07:00:00+00:00,bienhoa_dongnai,95.01963111135271
2025-11-08 07:00:00+00:00,binhduong_thudaumot,95.39129105606348
2025-11-08 07:00:00+00:00,angiang_longxuyen,68.54751764189899
2025-11-08 07:00:00+00:00,bacgiang_bacgiangcity,83.39739049075153
2025-11-08 07:00:00+00:00,bentre_bentrecity,70.71030504063248
2025-11-08 08:00:00+00:00,angiang_longxuyen,69.1611811498137
2025-11-08 08:00:00+00:00,bacninh_bacninhcity,79.04964756080659
2025-11-08 08:00:00+00:00,bacgiang_bacgiangcity,80.47404688133813
2025-11-08 08:00:00+00:00,bienhoa_dongnai,95.80251317674856
2025-11-08 08:00:00+00:00,backan_backancity,65.59956066144969
2025-11-08 08:00:00+00:00,bentre_bentrecity,71.87114941381942
2025-11-08 08:00:00+00:00,binhduong_thudaumot,95.93673371349962
2025-11-08 09:00:00+00:00,binhduong_thudaumot,96.37423127128665
2025-11-08 09:00:00+00:00,backan_backancity,64.50830116416464
2025-11-08 09:00:00+00:00,bentre_bentrecity,72.56340863225074
2025-11-08 09:00:00+00:00,bacninh_bacninhcity,76.44454609346113
2025-11-08 09:00:00+00:00,bacgiang_bacgiangcity,78.07858763718914
2025-11-08 09:00:00+00:00,angiang_longxuyen,69.40847221507728
2025-11-08 09:00:00+00:00,bienhoa_dongnai,96.37215586418321
2025-11-08 10:00:00+00:00,bentre_bentrecity,72.63378538256109
2025-11-08 10:00:00+00:00,angiang_longxuyen,69.13155982578817
2025-11-08 10:00:00+00:00,backan_backancity,63.438478838365135
2025-11-08 10:00:00+00:00,bacgiang_bacgiangcity,76.10207346468664
2025-11-08 10:00:00+00:00,bienhoa_dongnai,96.15474826818202
2025-11-08 10:00:00+00:00,binhduong_thudaumot,96.0788991000848
2025-11-08 10:00:00+00:00,bacninh_bacninhcity,74.27052452042773
2025-11-08 11:00:00+00:00,angiang_longxuyen,68.77066523962179
2025-11-08 11:00:00+00:00,binhduong_thudaumot,94.99957428138406
2025-11-08 11:00:00+00:00,bentre_bentrecity,72.30221190429833
2025-11-08 11:00:00+00:00,bienhoa_dongnai,95.12962877557425
2025-11-08 11:00:00+00:00,bacninh_bacninhcity,72.61318359506683
2025-11-08 11:00:00+00:00,bacgiang_bacgiangcity,74.56599809777394
2025-11-08 11:00:00+00:00,backan_backancity,62.422682361629235
2025-11-08 12:00:00+00:00,bacgiang_bacgiangcity,73.33654346334163
2025-11-08 12:00:00+00:00,angiang_longxuyen,68.65058749278626
2025-11-08 12:00:00+00:00,bienhoa_dongnai,94.02109271066664
2025-11-08 12:00:00+00:00,bentre_bentrecity,72.02603917791821
2025-11-08 12:00:00+00:00,binhduong_thudaumot,93.80933918496085
2025-11-08 12:00:00+00:00,bacninh_bacninhcity,71.40430029142074
2025-11-08 12:00:00+00:00,backan_backancity,61.513932511655945
2025-11-08 13:00:00+00:00,backan_backancity,60.93933190725197
2025-11-08 13:00:00+00:00,bacninh_bacninhcity,70.69584245528276
2025-11-08 13:00:00+00:00,bacgiang_bacgiangcity,72.45607049128282
2025-11-08 13:00:00+00:00,binhduong_thudaumot,92.94797344622432
2025-11-08 13:00:00+00:00,angiang_longxuyen,69.05455656600503
2025-11-08 13:00:00+00:00,bienhoa_dongnai,93.1747780243883
2025-11-08 13:00:00+00:00,bentre_bentrecity,72.17056931033298
2025-11-08 14:00:00+00:00,bentre_bentrecity,72.23951894632481
2025-11-08 14:00:00+00:00,angiang_longxuyen,69.60080197524533
2025-11-08 14:00:00+00:00,binhduong_thudaumot,92.48816743755454
2025-11-08 14:00:00+00:00,bacninh_bacninhcity,70.32970931533748
2025-11-08 14:00:00+00:00,bienhoa_dongnai,92.64232732840048
2025-11-08 14:00:00+00:00,backan_backancity,60.581831068550315
2025-11-08 14:00:00+00:00,bacgiang_bacgiangcity,71.90915938542445
2025-11-08 15:00:00+00:00,bienhoa_dongnai,92.44425756651083
2025-11-08 15:00:00+00:00,binhduong_thudaumot,92.44864006924654
2025-11-08 15:00:00+00:00,bentre_bentrecity,72.21649367506407
2025-11-08 15:00:00+00:00,bacninh_bacninhcity,70.457518715051
2025-11-08 15:00:00+00:00,backan_backancity,60.1723449802222
2025-11-08 15:00:00+00:00,angiang_longxuyen,70.29975731848205
2025-11-08 15:00:00+00:00,bacgiang_bacgiangcity,71.83480150828048
2025-11-08 16:00:00+00:00,binhduong_thudaumot,92.73184176874112
2025-11-08 16:00:00+00:00,bienhoa_dongnai,92.38129811234217
2025-11-08 16:00:00+00:00,bentre_bentrecity,72.26875738602098
2025-11-08 16:00:00+00:00,backan_backancity,59.95159476051615
2025-11-08 16:00:00+00:00,bacgiang_bacgiangcity,72.3384075262972
2025-11-08 16:00:00+00:00,bacninh_bacninhcity,71.17363858873435
2025-11-08 16:00:00+00:00,angiang_longxuyen,71.34533175374186
2025-11-08 17:00:00+00:00,binhduong_thudaumot,92.97460457416634
2025-11-08 17:00:00+00:00,bentre_bentrecity,72.34788391344873
2025-11-08 17:00:00+00:00,bacgiang_bacgiangcity,73.07441563031556
2025-11-08 17:00:00+00:00,bacninh_bacninhcity,72.33872949721052
2025-11-08 17:00:00+00:00,angiang_longxuyen,72.76596749535416
2025-11-08 17:00:00+00:00,backan_backancity,59.72600627519371
2025-11-08 17:00:00+00:00,bienhoa_dongnai,92.05978404964155
2025-11-08 18:00:00+00:00,angiang_longxuyen,74.4452633562369
2025-11-08 18:00:00+00:00,bacninh_bacninhcity,73.92160812242852
2025-11-08 18:00:00+00:00,backan_backancity,59.2776269707281
2025-11-08 18:00:00+00:00,bentre_bentrecity,72.49257503132014
2025-11-08 18:00:00+00:00,bienhoa_dongnai,91.44429096376668
2025-11-08 18:00:00+00:00,binhduong_thudaumot,92.9579186491314
2025-11-08 18:00:00+00:00,bacgiang_bacgiangcity,73.96694075683244
2025-11-08 19:00:00+00:00,backan_backancity,58.68574436000371
2025-11-08 19:00:00+00:00,bacgiang_bacgiangcity,74.89759768178642
2025-11-08 19:00:00+00:00,angiang_longxuyen,76.22512726699125
2025-11-08 19:00:00+00:00,binhduong_thudaumot,92.73310463438425
2025-11-08 19:00:00+00:00,bentre_bentrecity,72.82703754588621
2025-11-08 19:00:00+00:00,bienhoa_dongnai,90.76827169714578
2025-11-08 19:00:00+00:00,bacninh_bacninhcity,75.78447961540363
2025-11-08 20:00:00+00:00,bacgiang_bacgiangcity,76.06120491348634
2025-11-08 20:00:00+00:00,angiang_longxuyen,77.8507671102649
2025-11-08 20:00:00+00:00,bienhoa_dongnai,90.40078649691246
2025-11-08 20:00:00+00:00,bacninh_bacninhcity,77.9118154060055
2025-11-08 20:00:00+00:00,binhduong_thudaumot,92.59479310910277
2025-11-08 20:00:00+00:00,backan_backancity,57.989660649237145
2025-11-08 20:00:00+00:00,bentre_bentrecity,73.32960368487207
2025-11-08 21:00:00+00:00,bienhoa_dongnai,90.33837961444638
2025-11-08 21:00:00+00:00,bacninh_bacninhcity,79.90859634221407
2025-11-08 21:00:00+00:00,angiang_longxuyen,79.60695745697357
2025-11-08 21:00:00+00:00,backan_backancity,57.161908238755494
2025-11-08 21:00:00+00:00,binhduong_thudaumot,92.66413650681969
2025-11-08 21:00:00+00:00,bacgiang_bacgiangcity,77.39837187129935
2025-11-08 21:00:00+00:00,bentre_bentrecity,73.77326219959508
2025-11-08 22:00:00+00:00,backan_backancity,56.31316680549195
2025-11-08 22:00:00+00:00,bacgiang_bacgiangcity,79.10748920028885
2025-11-08 22:00:00+00:00,binhduong_thudaumot,92.70724145058009
2025-11-08 22:00:00+00:00,bacninh_bacninhcity,81.67235300538579
2025-11-08 22:00:00+00:00,bentre_bentrecity,74.37211504549703
2025-11-08 22:00:00+00:00,angiang_longxuyen,81.48429588625667
2025-11-08 22:00:00+00:00,bienhoa_dongnai,90.32912947712583
2025-11-08 23:00:00+00:00,bienhoa_dongnai,90.38022713126152
2025-11-08 23:00:00+00:00,backan_backancity,55.46814544156475
2025-11-08 23:00:00+00:00,bentre_bentrecity,75.04076161329871
2025-11-08 23:00:00+00:00,binhduong_thudaumot,92.59253713723038
2025-11-08 23:00:00+00:00,angiang_longxuyen,83.22378290409726
2025-11-08 23:00:00+00:00,bacninh_bacninhcity,83.34252055578006
2025-11-08 23:00:00+00:00,bacgiang_bacgiangcity,81.09539418158965
2025-11-09 00:00:00+00:00,bienhoa_dongnai,90.57526318748478
2025-11-09 00:00:00+00:00,bentre_bentrecity,75.60981039492705
2025-11-09 00:00:00+00:00,bacgiang_bacgiangcity,83.13668977204397
2025-11-09 00:00:00+00:00,backan_backancity,54.72230852277353
2025-11-09 00:00:00+00:00,angiang_longxuyen,84.75671687912595
2025-11-09 00:00:00+00:00,bacninh_bacninhcity,84.82695331103149
2025-11-09 00:00:00+00:00,binhduong_thudaumot,92.32698945098986
2025-11-09 01:00:00+00:00,bienhoa_dongnai,90.89152673127121
2025-11-09 01:00:00+00:00,backan_backancity,54.07123112453928
2025-11-09 01:00:00+00:00,bacninh_bacninhcity,85.70070405253514
2025-11-09 01:00:00+00:00,binhduong_thudaumot,91.9911618232609
2025-11-09 01:00:00+00:00,angiang_longxuyen,85.37930746570831
2025-11-09 01:00:00+00:00,bacgiang_bacgiangcity,84.59354289044659
2025-11-09 01:00:00+00:00,bentre_bentrecity,75.40365328931935
2025-11-09 02:00:00+00:00,bacninh_bacninhcity,85.97571942401062
2025-11-09 02:00:00+00:00,backan_backancity,53.49068711111373
2025-11-09 02:00:00+00:00,bacgiang_bacgiangcity,85.24334872112114
2025-11-09 02:00:00+00:00,bentre_bentrecity,74.93156126218348
2025-11-09 02:00:00+00:00,bienhoa_dongnai,90.71993037508562
2025-11-09 02:00:00+00:00,angiang_longxuyen,85.50650990674063
2025-11-09 02:00:00+00:00,binhduong_thudaumot,91.40616786724617
2025-11-09 03:00:00+00:00,bienhoa_dongnai,90.12734726007685
2025-11-09 03:00:00+00:00,bacgiang_bacgiangcity,85.11328987597265
2025-11-09 03:00:00+00:00,bentre_bentrecity,74.49037409176813
2025-11-09 03:00:00+00:00,angiang_longxuyen,85.46598290576594
2025-11-09 03:00:00+00:00,backan_backancity,53.10923424703598
2025-11-09 03:00:00+00:00,binhduong_thudaumot,90.68546969770414
2025-11-09 03:00:00+00:00,bacninh_bacninhcity,85.68483828313751
2025-11-09 04:00:00+00:00,backan_backancity,52.589542736228076
2025-11-09 04:00:00+00:00,bacninh_bacninhcity,85.00688066459925
2025-11-09 04:00:00+00:00,bentre_bentrecity,74.227867725371
2025-11-09 04:00:00+00:00,binhduong_thudaumot,89.67304738912067
2025-11-09 04:00:00+00:00,angiang_longxuyen,85.4210592614411
2025-11-09 04:00:00+00:00,bienhoa_dongnai,88.98128091671549
2025-11-09 04:00:00+00:00,bacgiang_bacgiangcity,84.5179449901905
2025-11-09 05:00:00+00:00,bacninh_bacninhcity,84.20877894711157
2025-11-09 05:00:00+00:00,angiang_longxuyen,85.62729250881884
2025-11-09 05:00:00+00:00,binhduong_thudaumot,88.62928404024831
2025-11-09 05:00:00+00:00,backan_backancity,52.013471507922716
2025-11-09 05:00:00+00:00,bacgiang_bacgiangcity,83.69754569921577
2025-11-09 05:00:00+00:00,bienhoa_dongnai,87.70130077916238
2025-11-09 05:00:00+00:00,bentre_bentrecity,74.33532334221269
2025-11-09 06:00:00+00:00,binhduong_thudaumot,87.65945978878467
2025-11-09 06:00:00+00:00,bienhoa_dongnai,86.50014042647771
2025-11-09 06:00:00+00:00,bacninh_bacninhcity,83.51149437185748
2025-11-09 06:00:00+00:00,bacgiang_bacgiangcity,82.80894513707476
2025-11-09 06:00:00+00:00,backan_backancity,51.603937559053435
2025-11-09 06:00:00+00:00,angiang_longxuyen,86.31931895098174
2025-11-09 06:00:00+00:00,bentre_bentrecity,74.99072124202705
2025-11-09 07:00:00+00:00,bentre_bentrecity,76.33307889307778
2025-11-09 07:00:00+00:00,binhduong_thudaumot,87.14349487375056
2025-11-09 07:00:00+00:00,bacgiang_bacgiangcity,81.97347412658999
2025-11-09 07:00:00+00:00,bienhoa_dongnai,85.93557748284442
2025-11-09 07:00:00+00:00,backan_backancity,51.06291329975888
2025-11-09 07:00:00+00:00,angiang_longxuyen,87.65077745152074
2025-11-09 07:00:00+00:00,bacninh_bacninhcity,82.91882858864123
2025-11-09 08:00:00+00:00,bentre_bentrecity,78.0584209455237
2025-11-09 08:00:00+00:00,bienhoa_dongnai,86.12839890129904
2025-11-09 08:00:00+00:00,angiang_longxuyen,89.79400946822827
2025-11-09 08:00:00+00:00,backan_backancity,50.42657259724649
2025-11-09 08:00:00+00:00,bacgiang_bacgiangcity,81.25606636925335
2025-11-09 08:00:00+00:00,binhduong_thudaumot,87.10240442367754
2025-11-09 08:00:00+00:00,bacninh_bacninhcity,82.4120028614913
2025-11-09 09:00:00+00:00,backan_backancity,49.74808416179708
2025-11-09 09:00:00+00:00,binhduong_thudaumot,87.2198215595199
2025-11-09 09:00:00+00:00,bacninh_bacninhcity,82.06410023677324
2025-11-09 09:00:00+00:00,angiang_longxuyen,91.81778483739589
2025-11-09 09:00:00+00:00,bienhoa_dongnai,86.61550608548721
2025-11-09 09:00:00+00:00,bentre_bentrecity,79.36681936713566
2025-11-09 09:00:00+00:00,bacgiang_bacgiangcity,80.79181911991095
2025-11-09 10:00:00+00:00,backan_backancity,48.97166435719866
2025-11-09 10:00:00+00:00,angiang_longxuyen,93.11693856038518
2025-11-09 10:00:00+00:00,bacninh_bacninhcity,82.00303888815776
2025-11-09 10:00:00+00:00,bienhoa_dongnai,87.03140331085287
2025-11-09 10:00:00+00:00,bentre_bentrecity,79.85634133317375
2025-11-09 10:00:00+00:00,bacgiang_bacgiangcity,80.73069685787945
2025-11-09 10:00:00+00:00,binhduong_thudaumot,87.28342169229649
2025-11-09 11:00:00+00:00,bacninh_bacninhcity,82.37060784433812
2025-11-09 11:00:00+00:00,bienhoa_dongnai,87.63184208105083
2025-11-09 11:00:00+00:00,bentre_bentrecity,79.83536971422501
2025-11-09 11:00:00+00:00,backan_backancity,48.20358098868029
2025-11-09 11:00:00+00:00,bacgiang_bacgiangcity,81.03046483105604
2025-11-09 11:00:00+00:00,binhduong_thudaumot,87.60746583724165
2025-11-09 11:00:00+00:00,angiang_longxuyen,93.12527282098607
2025-11-09 12:00:00+00:00,bienhoa_dongnai,88.69547734416462
2025-11-09 12:00:00+00:00,bacninh_bacninhcity,83.28782901009839
2025-11-09 12:00:00+00:00,backan_backancity,47.503877280618006
2025-11-09 12:00:00+00:00,angiang_longxuyen,91.96703575955327
2025-11-09 12:00:00+00:00,binhduong_thudaumot,88.52045787154586
2025-11-09 12:00:00+00:00,bacgiang_bacgiangcity,81.786687487281
2025-11-09 12:00:00+00:00,bentre_bentrecity,79.95336335204053
2025-11-09 13:00:00+00:00,bacninh_bacninhcity,85.09106953199523
2025-11-09 13:00:00+00:00,binhduong_thudaumot,90.00438917885458
2025-11-09 13:00:00+00:00,bacgiang_bacgiangcity,83.37628399209586
2025-11-09 13:00:00+00:00,angiang_longxuyen,89.85665456566062
2025-11-09 13:00:00+00:00,bienhoa_dongnai,90.30320429216607
2025-11-09 13:00:00+00:00,backan_backancity,47.16409354406557
2025-11-09 13:00:00+00:00,bentre_bentrecity,80.06338603427221
2025-11-09 14:00:00+00:00,bacninh_bacninhcity,87.20034231926398
2025-11-09 14:00:00+00:00,bienhoa_dongnai,92.11401221826553
2025-11-09 14:00:00+00:00,binhduong_thudaumot,91.79489553358167
2025-11-09 14:00:00+00:00,backan_backancity,46.74278155111035
2025-11-09 14:00:00+00:00,bentre_bentrecity,80.6242463124023
2025-11-09 14:00:00+00:00,bacgiang_bacgiangcity,85.2437968698248
2025-11-09 14:00:00+00:00,angiang_longxuyen,87.64268684458398
2025-11-09 15:00:00+00:00,bacgiang_bacgiangcity,87.56530287595062
2025-11-09 15:00:00+00:00,binhduong_thudaumot,93.71415870918952
2025-11-09 15:00:00+00:00,bienhoa_dongnai,94.14633830820888
2025-11-09 15:00:00+00:00,bentre_bentrecity,81.85102075652914
2025-11-09 15:00:00+00:00,bacninh_bacninhcity,89.54231088221881
2025-11-09 15:00:00+00:00,angiang_longxuyen,86.06790752821931
2025-11-09 15:00:00+00:00,backan_backancity,46.29706938407535
2025-11-09 16:00:00+00:00,bienhoa_dongnai,96.44420555795534
2025-11-09 16:00:00+00:00,bacninh_bacninhcity,92.18577801200935
2025-11-09 16:00:00+00:00,bentre_bentrecity,83.69329481296828
2025-11-09 16:00:00+00:00,angiang_longxuyen,85.24684906706392
2025-11-09 16:00:00+00:00,bacgiang_bacgiangcity,90.45649725457312
2025-11-09 16:00:00+00:00,binhduong_thudaumot,96.01946500986908
2025-11-09 16:00:00+00:00,backan_backancity,45.90106256452383
2025-11-09 17:00:00+00:00,bienhoa_dongnai,99.46014082295866
2025-11-09 17:00:00+00:00,bentre_bentrecity,85.9961602260482
2025-11-09 17:00:00+00:00,bacgiang_bacgiangcity,93.63445241656987
2025-11-09 17:00:00+00:00,angiang_longxuyen,84.93580341000452
2025-11-09 17:00:00+00:00,binhduong_thudaumot,98.89104200531001
2025-11-09 17:00:00+00:00,backan_backancity,45.30589933125021
2025-11-09 17:00:00+00:00,bacninh_bacninhcity,95.0020108180254
2025-11-09 18:00:00+00:00,binhduong_thudaumot,102.00424946928169
2025-11-09 18:00:00+00:00,bacninh_bacninhcity,97.26920163636147
2025-11-09 18:00:00+00:00,bentre_bentrecity,88.32626807670962
2025-11-09 18:00:00+00:00,bacgiang_bacgiangcity,96.22660325657074
2025-11-09 18:00:00+00:00,bienhoa_dongnai,102.72175811446364
2025-11-09 18:00:00+00:00,backan_backancity,44.63626509591712
2025-11-09 18:00:00+00:00,angiang_longxuyen,85.01740780817735
2025-11-09 19:00:00+00:00,bacninh_bacninhcity,98.52468696649203
2025-11-09 19:00:00+00:00,bentre_bentrecity,90.63364652127392
2025-11-09 19:00:00+00:00,backan_backancity,43.81954671565414
2025-11-09 19:00:00+00:00,bienhoa_dongnai,106.44605223130388
2025-11-09 19:00:00+00:00,angiang_longxuyen,85.5451050822354
2025-11-09 19:00:00+00:00,binhduong_thudaumot,105.45894842093388
2025-11-09 19:00:00+00:00,bacgiang_bacgiangcity,97.61712384039183
2025-11-09 20:00:00+00:00,bacgiang_bacgiangcity,97.80238764429997
2025-11-09 20:00:00+00:00,bentre_bentrecity,93.09829905507887
2025-11-09 20:00:00+00:00,angiang_longxuyen,86.33898528244404
2025-11-09 20:00:00+00:00,backan_backancity,42.949942437399066
2025-11-09 20:00:00+00:00,binhduong_thudaumot,109.1302141458981
2025-11-09 20:00:00+00:00,bacninh_bacninhcity,98.65824398210415
2025-11-09 20:00:00+00:00,bienhoa_dongnai,110.40706485670248
2025-11-09 21:00:00+00:00,bentre_bentrecity,95.77200099401355
2025-11-09 21:00:00+00:00,bacgiang_bacgiangcity,96.7709483847787
2025-11-09 21:00:00+00:00,binhduong_thudaumot,112.82494458891013
2025-11-09 21:00:00+00:00,angiang_longxuyen,87.35249968155782
2025-11-09 21:00:00+00:00,backan_backancity,42.08219166737473
2025-11-09 21:00:00+00:00,bienhoa_dongnai,114.16932217234613
2025-11-09 21:00:00+00:00,bacninh_bacninhcity,97.6393615882024
2025-11-09 22:00:00+00:00,bacgiang_bacgiangcity,94.8877383372858
2025-11-09 22:00:00+00:00,bienhoa_dongnai,117.7290739241254
2025-11-09 22:00:00+00:00,binhduong_thudaumot,116.45471196146184
2025-11-09 22:00:00+00:00,backan_backancity,41.142454292473445
2025-11-09 22:00:00+00:00,angiang_longxuyen,88.5519522831144
2025-11-09 22:00:00+00:00,bentre_bentrecity,98.72550109532192
2025-11-09 22:00:00+00:00,bacninh_bacninhcity,95.80923431956413
2025-11-09 23:00:00+00:00,bentre_bentrecity,101.69604716346358
2025-11-09 23:00:00+00:00,bacninh_bacninhcity,93.58710637621812
2025-11-09 23:00:00+00:00,backan_backancity,40.28699497961305
2025-11-09 23:00:00+00:00,binhduong_thudaumot,119.97296971178687
2025-11-09 23:00:00+00:00,angiang_longxuyen,89.8888320776804
2025-11-09 23:00:00+00:00,bienhoa_dongnai,121.08676499752525
2025-11-09 23:00:00+00:00,bacgiang_bacgiangcity,92.46210410966913
2025-11-10 00:00:00+00:00,bacgiang_bacgiangcity,90.00364081402903
2025-11-10 00:00:00+00:00,angiang_longxuyen,91.65519278938757
2025-11-10 00:00:00+00:00,backan_backancity,39.46472477657443
2025-11-10 00:00:00+00:00,binhduong_thudaumot,123.27210885176392
2025-11-10 00:00:00+00:00,bentre_bentrecity,104.59148943704973
2025-11-10 00:00:00+00:00,bienhoa_dongnai,124.1581597523481
2025-11-10 00:00:00+00:00,bacninh_bacninhcity,91.4137929216461
2025-11-10 01:00:00+00:00,binhduong_thudaumot,127.7491535601152
2025-11-10 01:00:00+00:00,backan_backancity,38.756458382601124
2025-11-10 01:00:00+00:00,bacninh_bacninhcity,89.56493804079619
2025-11-10 01:00:00+00:00,bienhoa_dongnai,128.334005022246
2025-11-10 01:00:00+00:00,bacgiang_bacgiangcity,87.84506514291844
2025-11-10 01:00:00+00:00,bentre_bentrecity,109.49107555600753
2025-11-10 01:00:00+00:00,angiang_longxuyen,94.33219601792335
2025-11-10 02:00:00+00:00,binhduong_thudaumot,131.6119430302246
2025-11-10 02:00:00+00:00,backan_backancity,38.18912387853831
2025-11-10 02:00:00+00:00,bienhoa_dongnai,131.99142055923954
2025-11-10 02:00:00+00:00,angiang_longxuyen,96.84982581984445
2025-11-10 02:00:00+00:00,bentre_bentrecity,113.36056495801084
2025-11-10 02:00:00+00:00,bacgiang_bacgiangcity,85.99448075614899
2025-11-10 02:00:00+00:00,bacninh_bacninhcity,87.9581922338887
2025-11-10 03:00:00+00:00,bentre_bentrecity,115.21296695760515
2025-11-10 03:00:00+00:00,binhduong_thudaumot,133.3897750434584
2025-11-10 03:00:00+00:00,bienhoa_dongnai,133.88132020510045
2025-11-10 03:00:00+00:00,bacninh_bacninhcity,86.52335713990311
2025-11-10 03:00:00+00:00,backan_backancity,37.64032445678289
2025-11-10 03:00:00+00:00,bacgiang_bacgiangcity,84.39455616409771
2025-11-10 03:00:00+00:00,angiang_longxuyen,98.39118270624915
2025-11-10 04:00:00+00:00,bacgiang_bacgiangcity,82.96323011797149
2025-11-10 04:00:00+00:00,bentre_bentrecity,115.87696561421555
2025-11-10 04:00:00+00:00,angiang_longxuyen,99.34415569626289
2025-11-10 04:00:00+00:00,bienhoa_dongnai,134.5591690496815
2025-11-10 04:00:00+00:00,backan_backancity,37.298382644919556
2025-11-10 04:00:00+00:00,binhduong_thudaumot,133.7656412770942
2025-11-10 04:00:00+00:00,bacninh_bacninhcity,85.15802425361196
2025-11-10 05:00:00+00:00,backan_backancity,37.11521165194799
2025-11-10 05:00:00+00:00,bentre_bentrecity,116.37740631007766
2025-11-10 05:00:00+00:00,bienhoa_dongnai,134.8305165633201
2025-11-10 05:00:00+00:00,binhduong_thudaumot,133.67499776307778
2025-11-10 05:00:00+00:00,bacgiang_bacgiangcity,81.74408290372374
2025-11-10 05:00:00+00:00,angiang_longxuyen,100.07281068077432
2025-11-10 05:00:00+00:00,bacninh_bacninhcity,83.91638149727504
2025-11-10 06:00:00+00:00,bacninh_bacninhcity,82.89699983090973
2025-11-10 06:00:00+00:00,bacgiang_bacgiangcity,80.8286499818199
2025-11-10 06:00:00+00:00,binhduong_thudaumot,133.76859557777183
2025-11-10 06:00:00+00:00,bienhoa_dongnai,135.37278519668504
2025-11-10 06:00:00+00:00,angiang_longxuyen,100.94819357550581
2025-11-10 06:00:00+00:00,bentre_bentrecity,117.40408997219001
2025-11-10 06:00:00+00:00,backan_backancity,36.94630310024489
2025-11-10 07:00:00+00:00,bacninh_bacninhcity,82.28337548161961
2025-11-10 07:00:00+00:00,bienhoa_dongnai,136.39089203227195
2025-11-10 07:00:00+00:00,backan_backancity,36.97735153858892
2025-11-10 07:00:00+00:00,bentre_bentrecity,119.10218088513787
2025-11-10 07:00:00+00:00,angiang_longxuyen,102.13533840380488
2025-11-10 07:00:00+00:00,binhduong_thudaumot,134.37900021792873
2025-11-10 07:00:00+00:00,bacgiang_bacgiangcity,80.39445915233183
2025-11-10 08:00:00+00:00,bentre_bentrecity,121.15194887911872
2025-11-10 08:00:00+00:00,bacgiang_bacgiangcity,80.42367583723656
2025-11-10 08:00:00+00:00,bienhoa_dongnai,137.9638243668433
2025-11-10 08:00:00+00:00,bacninh_bacninhcity,82.07142725053043
2025-11-10 08:00:00+00:00,backan_backancity,37.061494720922866
2025-11-10 08:00:00+00:00,binhduong_thudaumot,135.6117050182023
2025-11-10 08:00:00+00:00,angiang_longxuyen,103.86840231947264
2025-11-10 09:00:00+00:00,bacninh_bacninhcity,82.3698855852623
2025-11-10 09:00:00+00:00,angiang_longxuyen,105.80606460994136
2025-11-10 09:00:00+00:00,backan_backancity,37.17605545264907
2025-11-10 09:00:00+00:00,bienhoa_dongnai,139.7454330118712
2025-11-10 09:00:00+00:00,bentre_bentrecity,122.99547927476354
2025-11-10 09:00:00+00:00,bacgiang_bacgiangcity,80.99525252563029
2025-11-10 09:00:00+00:00,binhduong_thudaumot,137.41032155917844
2025-11-10 10:00:00+00:00,binhduong_thudaumot,139.2127016790738
2025-11-10 10:00:00+00:00,angiang_longxuyen,107.5860998396783
2025-11-10 10:00:00+00:00,bienhoa_dongnai,141.22513301224473
2025-11-10 10:00:00+00:00,bacgiang_bacgiangcity,81.75465573236386
2025-11-10 10:00:00+00:00,bacninh_bacninhcity,82.81662022749501
2025-11-10 10:00:00+00:00,bentre_bentrecity,124.17944899125186
2025-11-10 10:00:00+00:00,backan_backancity,37.379719459157656
2025-11-10 11:00:00+00:00,bentre_bentrecity,124.64437934104548
2025-11-10 11:00:00+00:00,binhduong_thudaumot,140.39980408552955
2025-11-10 11:00:00+00:00,backan_backancity,37.73436606922232
2025-11-10 11:00:00+00:00,bacninh_bacninhcity,83.29673542171417
2025-11-10 11:00:00+00:00,angiang_longxuyen,108.61218035019796
2025-11-10 11:00:00+00:00,bienhoa_dongnai,142.10611939738152
2025-11-10 11:00:00+00:00,bacgiang_bacgiangcity,82.5148421115893
2025-11-10 12:00:00+00:00,angiang_longxuyen,108.35034620685634
2025-11-10 12:00:00+00:00,bienhoa_dongnai,142.53175189191683
2025-11-10 12:00:00+00:00,backan_backancity,38.313809290200965
2025-11-10 12:00:00+00:00,binhduong_thudaumot,140.78691754634013
2025-11-10 12:00:00+00:00,bacninh_bacninhcity,83.67985905377456
2025-11-10 12:00:00+00:00,bacgiang_bacgiangcity,83.12042588996297
2025-11-10 12:00:00+00:00,bentre_bentrecity,124.47493562147295
2025-11-10 13:00:00+00:00,angiang_longxuyen,107.14603521650129
2025-11-10 13:00:00+00:00,binhduong_thudaumot,140.8996204188773
2025-11-10 13:00:00+00:00,bacgiang_bacgiangcity,84.25343283202254
2025-11-10 13:00:00+00:00,bienhoa_dongnai,142.7861263172735
2025-11-10 13:00:00+00:00,backan_backancity,39.04269922645996
2025-11-10 13:00:00+00:00,bentre_bentrecity,123.99944984687234
2025-11-10 13:00:00+00:00,bacninh_bacninhcity,84.57459446710182
2025-11-10 14:00:00+00:00,bienhoa_dongnai,142.31633159611374
2025-11-10 14:00:00+00:00,backan_backancity,39.72730510926246
2025-11-10 14:00:00+00:00,binhduong_thudaumot,140.64404947999145
2025-11-10 14:00:00+00:00,angiang_longxuyen,105.52925365236736
2025-11-10 14:00:00+00:00,bentre_bentrecity,123.18994535545107
2025-11-10 14:00:00+00:00,bacninh_bacninhcity,85.42624560372055
2025-11-10 14:00:00+00:00,bacgiang_bacgiangcity,85.24300499541637
2025-11-10 15:00:00+00:00,bacgiang_bacgiangcity,85.66203273527033
2025-11-10 15:00:00+00:00,bentre_bentrecity,122.13196633811184
2025-11-10 15:00:00+00:00,bienhoa_dongnai,141.04045658770548
2025-11-10 15:00:00+00:00,angiang_longxuyen,103.97859088198905
2025-11-10 15:00:00+00:00,backan_backancity,40.36500766171904
2025-11-10 15:00:00+00:00,bacninh_bacninhcity,85.76990604410769
2025-11-10 15:00:00+00:00,binhduong_thudaumot,139.95919994352482
2025-11-10 16:00:00+00:00,angiang_longxuyen,102.74907098318242
2025-11-10 16:00:00+00:00,backan_backancity,40.92882224052676
2025-11-10 16:00:00+00:00,binhduong_thudaumot,138.93954851774564
2025-11-10 16:00:00+00:00,bacninh_bacninhcity,85.39459020669533
2025-11-10 16:00:00+00:00,bacgiang_bacgiangcity,85.36105954664794
2025-11-10 16:00:00+00:00,bienhoa_dongnai,139.10182620901764
2025-11-10 16:00:00+00:00,bentre_bentrecity,120.53571177937658
2025-11-10 17:00:00+00:00,backan_backancity,41.4654563829086
2025-11-10 17:00:00+00:00,bienhoa_dongnai,136.7981678337897
2025-11-10 17:00:00+00:00,angiang_longxuyen,101.79648305297717
2025-11-10 17:00:00+00:00,binhduong_thudaumot,137.57926491854784
2025-11-10 17:00:00+00:00,bacninh_bacninhcity,84.42381200762702
2025-11-10 17:00:00+00:00,bacgiang_bacgiangcity,84.4441483866657
2025-11-10 17:00:00+00:00,bentre_bentrecity,118.09837673718359
2025-11-10 18:00:00+00:00,bacninh_bacninhcity,82.98277897356002
2025-11-10 18:00:00+00:00,bienhoa_dongnai,134.11086806246507
2025-11-10 18:00:00+00:00,backan_backancity,41.9496962855849
2025-11-10 18:00:00+00:00,angiang_longxuyen,100.73804446566876
2025-11-10 18:00:00+00:00,binhduong_thudaumot,135.8310411764647
2025-11-10 18:00:00+00:00,bacgiang_bacgiangcity,83.01394053681953
2025-11-10 18:00:00+00:00,bentre_bentrecity,114.70233631743226
2025-11-10 19:00:00+00:00,backan_backancity,42.54636059946793
2025-11-10 19:00:00+00:00,bentre_bentrecity,110.42487985541318
2025-11-10 19:00:00+00:00,bacninh_bacninhcity,81.37589176050817
2025-11-10 19:00:00+00:00,bienhoa_dongnai,131.17543749092727
2025-11-10 19:00:00+00:00,bacgiang_bacgiangcity,81.31905084143216
2025-11-10 19:00:00+00:00,angiang_longxuyen,99.53863265434613
2025-11-10 19:00:00+00:00,binhduong_thudaumot,133.6474170384894
2025-11-10 20:00:00+00:00,bacninh_bacninhcity,79.78659982277347
2025-11-10 20:00:00+00:00,bacgiang_bacgiangcity,79.54183666427528
2025-11-10 20:00:00+00:00,bentre_bentrecity,105.76883400373971
2025-11-10 20:00:00+00:00,bienhoa_dongnai,128.16478320154616
2025-11-10 20:00:00+00:00,backan_backancity,43.15948023759663
2025-11-10 20:00:00+00:00,binhduong_thudaumot,131.27467849852098
2025-11-10 20:00:00+00:00,angiang_longxuyen,98.09934381068287
2025-11-10 21:00:00+00:00,backan_backancity,43.69571409181596
2025-11-10 21:00:00+00:00,bentre_bentrecity,100.77979952462027
2025-11-10 21:00:00+00:00,angiang_longxuyen,96.34063752234408
2025-11-10 21:00:00+00:00,bacninh_bacninhcity,78.52557028404426
2025-11-10 21:00:00+00:00,bienhoa_dongnai,125.14988237687582
2025-11-10 21:00:00+00:00,binhduong_thudaumot,128.8249018911031
2025-11-10 21:00:00+00:00,bacgiang_bacgiangcity,78.00903756895354
2025-11-10 22:00:00+00:00,angiang_longxuyen,94.63836425074177
2025-11-10 22:00:00+00:00,bacgiang_bacgiangcity,76.97987929931482
2025-11-10 22:00:00+00:00,binhduong_thudaumot,126.25631366571156
2025-11-10 22:00:00+00:00,bentre_bentrecity,95.98711998595519
2025-11-10 22:00:00+00:00,bienhoa_dongnai,122.13324551984854
2025-11-10 22:00:00+00:00,bacninh_bacninhcity,77.79685003515851
2025-11-10 22:00:00+00:00,backan_backancity,44.281440096562655
2025-11-10 23:00:00+00:00,binhduong_thudaumot,123.36850868359551
2025-11-10 23:00:00+00:00,bacninh_bacninhcity,77.38498832360509
2025-11-10 23:00:00+00:00,angiang_longxuyen,92.93596045039084
2025-11-10 23:00:00+00:00,bienhoa_dongnai,118.97199259898031
2025-11-10 23:00:00+00:00,bentre_bentrecity,91.57476314995253
2025-11-10 23:00:00+00:00,backan_backancity,44.76112019495301
2025-11-10 23:00:00+00:00,bacgiang_bacgiangcity,76.29455550839478
2025-11-11 00:00:00+00:00,bentre_bentrecity,87.65367518974062
2025-11-11 00:00:00+00:00,bacgiang_bacgiangcity,75.89337975039697
2025-11-11 00:00:00+00:00,bacninh_bacninhcity,77.18204222521402
2025-11-11 00:00:00+00:00,angiang_longxuyen,91.23078291413121
2025-11-11 00:00:00+00:00,backan_backancity,45.20349082602273
2025-11-11 00:00:00+00:00,bienhoa_dongnai,116.01815421066505
2025-11-11 00:00:00+00:00,binhduong_thudaumot,120.28379020675487
2025-11-11 01:00:00+00:00,backan_backancity,45.68479383185455
2025-11-11 01:00:00+00:00,angiang_longxuyen,88.96211059449803
2025-11-11 01:00:00+00:00,bienhoa_dongnai,112.10662204259341
2025-11-11 01:00:00+00:00,binhduong_thudaumot,115.78854326440523
2025-11-11 01:00:00+00:00,bacninh_bacninhcity,77.22590423571656
2025-11-11 01:00:00+00:00,bacgiang_bacgiangcity,75.73800702992821
2025-11-11 01:00:00+00:00,bentre_bentrecity,83.50919271492306
2025-11-11 02:00:00+00:00,bienhoa_dongnai,107.84660802848163
2025-11-11 02:00:00+00:00,bacninh_bacninhcity,77.27791994205103
2025-11-11 02:00:00+00:00,bentre_bentrecity,79.47055056368274
2025-11-11 02:00:00+00:00,angiang_longxuyen,86.34087359834108
2025-11-11 02:00:00+00:00,backan_backancity,46.129026673071586
2025-11-11 02:00:00+00:00,bacgiang_bacgiangcity,75.68140541355805
2025-11-11 02:00:00+00:00,binhduong_thudaumot,111.21677547477265
2025-11-11 03:00:00+00:00,bacgiang_bacgiangcity,75.45133544119886
2025-11-11 03:00:00+00:00,bentre_bentrecity,75.60395835602952
2025-11-11 03:00:00+00:00,bacninh_bacninhcity,77.04757150836139
2025-11-11 03:00:00+00:00,bienhoa_dongnai,103.31567724560175
2025-11-11 03:00:00+00:00,backan_backancity,46.381765138111895
2025-11-11 03:00:00+00:00,binhduong_thudaumot,106.79982239520837
2025-11-11 03:00:00+00:00,angiang_longxuyen,83.72068409539199
2025-11-11 04:00:00+00:00,bacninh_bacninhcity,76.68289158848434
2025-11-11 04:00:00+00:00,binhduong_thudaumot,102.6477488578525
2025-11-11 04:00:00+00:00,bentre_bentrecity,72.37578225799214
2025-11-11 04:00:00+00:00,bienhoa_dongnai,98.9869828110422
2025-11-11 04:00:00+00:00,bacgiang_bacgiangcity,75.13938043385724
2025-11-11 04:00:00+00:00,angiang_longxuyen,81.65270407775664
2025-11-11 04:00:00+00:00,backan_backancity,46.497770387989746
2025-11-11 05:00:00+00:00,bentre_bentrecity,69.79523759922483
2025-11-11 05:00:00+00:00,bacninh_bacninhcity,76.14316391475964
2025-11-11 05:00:00+00:00,backan_backancity,46.68978687916105
2025-11-11 05:00:00+00:00,bienhoa_dongnai,95.37175525334983
2025-11-11 05:00:00+00:00,angiang_longxuyen,80.18694019677996
2025-11-11 05:00:00+00:00,bacgiang_bacgiangcity,74.68649353660513
2025-11-11 05:00:00+00:00,binhduong_thudaumot,99.05107514597513
2025-11-11 06:00:00+00:00,bacninh_bacninhcity,75.54636472116968
2025-11-11 06:00:00+00:00,backan_backancity,46.91443990845154
2025-11-11 06:00:00+00:00,bacgiang_bacgiangcity,74.16854240911248
2025-11-11 06:00:00+00:00,angiang_longxuyen,79.51285493111811
2025-11-11 06:00:00+00:00,binhduong_thudaumot,96.3384859734706
2025-11-11 06:00:00+00:00,bentre_bentrecity,67.9263356780624
2025-11-11 06:00:00+00:00,bienhoa_dongnai,92.93014321915962
2025-11-11 07:00:00+00:00,bentre_bentrecity,66.72073299696555
2025-11-11 07:00:00+00:00,angiang_longxuyen,79.8502369386955
2025-11-11 07:00:00+00:00,binhduong_thudaumot,94.40449262857832
2025-11-11 07:00:00+00:00,bacninh_bacninhcity,75.00642820144716
2025-11-11 07:00:00+00:00,bienhoa_dongnai,91.42565363393952
2025-11-11 07:00:00+00:00,bacgiang_bacgiangcity,73.70331184319697
2025-11-11 07:00:00+00:00,backan_backancity,47.117694924881064
2025-11-11 08:00:00+00:00,bienhoa_dongnai,90.80323599794912
2025-11-11 08:00:00+00:00,binhduong_thudaumot,93.27749979861252
2025-11-11 08:00:00+00:00,backan_backancity,47.28609441446446
2025-11-11 08:00:00+00:00,angiang_longxuyen,81.2564492535827
2025-11-11 08:00:00+00:00,bacgiang_bacgiangcity,73.38935104408453
2025-11-11 08:00:00+00:00,bentre_bentrecity,66.10986280427181
2025-11-11 08:00:00+00:00,bacninh_bacninhcity,74.56551514140395
2025-11-11 09:00:00+00:00,bacninh_bacninhcity,74.20275834509025
2025-11-11 09:00:00+00:00,binhduong_thudaumot,92.80254266544392
2025-11-11 09:00:00+00:00,backan_backancity,47.40454490290023
2025-11-11 09:00:00+00:00,bienhoa_dongnai,90.70542863111132
2025-11-11 09:00:00+00:00,bacgiang_bacgiangcity,73.21349836295359
2025-11-11 09:00:00+00:00,bentre_bentrecity,65.56906479480824
2025-11-11 09:00:00+00:00,angiang_longxuyen,83.59796096591728
2025-11-11 10:00:00+00:00,bentre_bentrecity,64.98852513234098
2025-11-11 10:00:00+00:00,binhduong_thudaumot,92.31325238793468
2025-11-11 10:00:00+00:00,bacninh_bacninhcity,74.05224999598761
2025-11-11 10:00:00+00:00,bacgiang_bacgiangcity,73.38576585445512
2025-11-11 10:00:00+00:00,angiang_longxuyen,86.68832372339719
2025-11-11 10:00:00+00:00,bienhoa_dongnai,90.53336345917019
2025-11-11 10:00:00+00:00,backan_backancity,47.52175971918218
2025-11-11 11:00:00+00:00,angiang_longxuyen,89.44638965579892
2025-11-11 11:00:00+00:00,bacgiang_bacgiangcity,74.06011652857254
2025-11-11 11:00:00+00:00,bacninh_bacninhcity,74.52266690418256
2025-11-11 11:00:00+00:00,bentre_bentrecity,64.24258814150915
2025-11-11 11:00:00+00:00,binhduong_thudaumot,91.60228187338532
2025-11-11 11:00:00+00:00,backan_backancity,47.70684078284222
2025-11-11 11:00:00+00:00,bienhoa_dongnai,90.02490829814136
2025-11-11 12:00:00+00:00,bentre_bentrecity,63.53513102577743
2025-11-11 12:00:00+00:00,bacgiang_bacgiangcity,75.65228880069395
2025-11-11 12:00:00+00:00,bacninh_bacninhcity,76.17008329368824
2025-11-11 12:00:00+00:00,backan_backancity,48.13892574851883
2025-11-11 12:00:00+00:00,binhduong_thudaumot,90.6617406589403
2025-11-11 12:00:00+00:00,angiang_longxuyen,89.98335447101067
2025-11-11 12:00:00+00:00,bienhoa_dongnai,89.39486669549059
2025-11-11 13:00:00+00:00,backan_backancity,48.83615811227346
2025-11-11 13:00:00+00:00,bienhoa_dongnai,89.0069787641047
2025-11-11 13:00:00+00:00,bacgiang_bacgiangcity,77.80435108724723
2025-11-11 13:00:00+00:00,angiang_longxuyen,87.44013450791799
2025-11-11 13:00:00+00:00,bacninh_bacninhcity,78.53116561640279
2025-11-11 13:00:00+00:00,binhduong_thudaumot,89.96659457968482
2025-11-11 13:00:00+00:00,bentre_bentrecity,63.67913904319762
2025-11-11 14:00:00+00:00,binhduong_thudaumot,89.54173873120394
2025-11-11 14:00:00+00:00,backan_backancity,49.74451202504253
2025-11-11 14:00:00+00:00,bacninh_bacninhcity,81.898829086199
2025-11-11 14:00:00+00:00,bienhoa_dongnai,88.66223602284339
2025-11-11 14:00:00+00:00,bentre_bentrecity,64.33739117164899
2025-11-11 14:00:00+00:00,bacgiang_bacgiangcity,81.36089835824731
2025-11-11 14:00:00+00:00,angiang_longxuyen,83.50377142089607
2025-11-11 15:00:00+00:00,bacninh_bacninhcity,86.35449644874119
2025-11-11 15:00:00+00:00,bienhoa_dongnai,88.36756519730132
2025-11-11 15:00:00+00:00,backan_backancity,50.73951092116122
2025-11-11 15:00:00+00:00,bentre_bentrecity,65.41748175900844
2025-11-11 15:00:00+00:00,bacgiang_bacgiangcity,86.45886506067745
2025-11-11 15:00:00+00:00,angiang_longxuyen,80.29016668216559
2025-11-11 15:00:00+00:00,binhduong_thudaumot,89.44248140751662
2025-11-11 16:00:00+00:00,binhduong_thudaumot,89.78394026300998
2025-11-11 16:00:00+00:00,bentre_bentrecity,66.96115825005049
2025-11-11 16:00:00+00:00,bacninh_bacninhcity,91.68264189748774
2025-11-11 16:00:00+00:00,angiang_longxuyen,78.94987573630172
2025-11-11 16:00:00+00:00,bacgiang_bacgiangcity,92.79549084979845
2025-11-11 16:00:00+00:00,backan_backancity,51.59298619704224
2025-11-11 16:00:00+00:00,bienhoa_dongnai,88.29122328317797
2025-11-11 17:00:00+00:00,backan_backancity,52.04786583319031
2025-11-11 17:00:00+00:00,angiang_longxuyen,79.172849295693
2025-11-11 17:00:00+00:00,bacgiang_bacgiangcity,98.9335954651074
2025-11-11 17:00:00+00:00,bentre_bentrecity,68.55876051811549
2025-11-11 17:00:00+00:00,bienhoa_dongnai,88.34733106578241
2025-11-11 17:00:00+00:00,binhduong_thudaumot,90.48624258090985
2025-11-11 17:00:00+00:00,bacninh_bacninhcity,97.03564872189263
2025-11-11 18:00:00+00:00,angiang_longxuyen,80.45694326430753
2025-11-11 18:00:00+00:00,backan_backancity,52.04769614581707
2025-11-11 18:00:00+00:00,binhduong_thudaumot,91.40777445859406
2025-11-11 18:00:00+00:00,bacgiang_bacgiangcity,103.84208962729033
2025-11-11 18:00:00+00:00,bienhoa_dongnai,88.33537898336496
2025-11-11 18:00:00+00:00,bacninh_bacninhcity,101.81462382968971
2025-11-11 18:00:00+00:00,bentre_bentrecity,70.08778733260144
2025-11-11 19:00:00+00:00,binhduong_thudaumot,92.58208831090147
2025-11-11 19:00:00+00:00,angiang_longxuyen,82.27759740901298
2025-11-11 19:00:00+00:00,bentre_bentrecity,71.3981262816099
2025-11-11 19:00:00+00:00,bacninh_bacninhcity,105.87531419012019
2025-11-11 19:00:00+00:00,bienhoa_dongnai,88.55526553785081
2025-11-11 19:00:00+00:00,bacgiang_bacgiangcity,107.67591286453145
2025-11-11 19:00:00+00:00,backan_backancity,51.547866759594434
2025-11-11 20:00:00+00:00,bacgiang_bacgiangcity,110.46343206519485
2025-11-11 20:00:00+00:00,backan_backancity,50.93557380354048
2025-11-11 20:00:00+00:00,bacninh_bacninhcity,108.95317147767535
2025-11-11 20:00:00+00:00,bentre_bentrecity,72.41712071268758
2025-11-11 20:00:00+00:00,bienhoa_dongnai,88.58189122709496
2025-11-11 20:00:00+00:00,angiang_longxuyen,84.1058526778478
2025-11-11 20:00:00+00:00,binhduong_thudaumot,93.45863889406353
2025-11-11 21:00:00+00:00,angiang_longxuyen,85.91225199546182
2025-11-11 21:00:00+00:00,backan_backancity,50.49737139051078
2025-11-11 21:00:00+00:00,binhduong_thudaumot,93.8508125193632
2025-11-11 21:00:00+00:00,bacninh_bacninhcity,110.84269041468603
2025-11-11 21:00:00+00:00,bienhoa_dongnai,88.3770394089737
2025-11-11 21:00:00+00:00,bacgiang_bacgiangcity,112.17635376333754
2025-11-11 21:00:00+00:00,bentre_bentrecity,73.44376847939405
2025-11-11 22:00:00+00:00,bentre_bentrecity,74.40676172634532
2025-11-11 22:00:00+00:00,binhduong_thudaumot,93.63358657587054
2025-11-11 22:00:00+00:00,bacgiang_bacgiangcity,112.86646578385367
2025-11-11 22:00:00+00:00,backan_backancity,50.078813554151935
2025-11-11 22:00:00+00:00,bacninh_bacninhcity,111.50350308208996
2025-11-11 22:00:00+00:00,angiang_longxuyen,87.42384669556641
2025-11-11 22:00:00+00:00,bienhoa_dongnai,87.93955925501983
2025-11-11 23:00:00+00:00,bacgiang_bacgiangcity,112.72333774774724
2025-11-11 23:00:00+00:00,bentre_bentrecity,75.29345221779785
2025-11-11 23:00:00+00:00,backan_backancity,49.78424062517136
2025-11-11 23:00:00+00:00,binhduong_thudaumot,92.9543911096993
2025-11-11 23:00:00+00:00,bienhoa_dongnai,87.51503625484797
2025-11-11 23:00:00+00:00,bacninh_bacninhcity,111.161484040717
2025-11-11 23:00:00+00:00,angiang_longxuyen,88.77673149019526
2025-11-12 00:00:00+00:00,bacninh_bacninhcity,110.3354529781081
2025-11-12 00:00:00+00:00,angiang_longxuyen,90.06259521109348
2025-11-12 00:00:00+00:00,binhduong_thudaumot,92.06228585065722
2025-11-12 00:00:00+00:00,bentre_bentrecity,76.25047594997784
2025-11-12 00:00:00+00:00,bienhoa_dongnai,87.45147745617511
2025-11-12 00:00:00+00:00,backan_backancity,49.60978025069261
2025-11-12 00:00:00+00:00,bacgiang_bacgiangcity,112.06182675153808
2025-11-12 01:00:00+00:00,bentre_bentrecity,77.42833257007133
2025-11-12 01:00:00+00:00,angiang_longxuyen,90.94847098560655
2025-11-12 01:00:00+00:00,binhduong_thudaumot,90.65823161108094
2025-11-12 01:00:00+00:00,backan_backancity,49.268034231952235
2025-11-12 01:00:00+00:00,bacninh_bacninhcity,109.21423332592083
2025-11-12 01:00:00+00:00,bienhoa_dongnai,87.16832144174256
2025-11-12 01:00:00+00:00,bacgiang_bacgiangcity,111.12471463609388
2025-11-12 02:00:00+00:00,bacgiang_bacgiangcity,109.8431317142814
2025-11-12 02:00:00+00:00,bacninh_bacninhcity,107.91864902033717
2025-11-12 02:00:00+00:00,angiang_longxuyen,91.55898222424152
2025-11-12 02:00:00+00:00,backan_backancity,49.01566124740813
2025-11-12 02:00:00+00:00,binhduong_thudaumot,88.94515164683051
2025-11-12 02:00:00+00:00,bentre_bentrecity,78.23638384142438
2025-11-12 02:00:00+00:00,bienhoa_dongnai,86.61342850290463
2025-11-12 03:00:00+00:00,backan_backancity,48.72487800309651
2025-11-12 03:00:00+00:00,bienhoa_dongnai,85.81472526543361
2025-11-12 03:00:00+00:00,bentre_bentrecity,78.6576610267133
2025-11-12 03:00:00+00:00,angiang_longxuyen,92.01094780607612
2025-11-12 03:00:00+00:00,bacninh_bacninhcity,106.35945701203968
2025-11-12 03:00:00+00:00,bacgiang_bacgiangcity,108.16916142634331
2025-11-12 03:00:00+00:00,binhduong_thudaumot,87.09763577339376
2025-11-12 04:00:00+00:00,bacninh_bacninhcity,104.6453643622477
2025-11-12 04:00:00+00:00,binhduong_thudaumot,85.38251194648751
2025-11-12 04:00:00+00:00,angiang_longxuyen,92.31076799075217
2025-11-12 04:00:00+00:00,bacgiang_bacgiangcity,106.22099374708792
2025-11-12 04:00:00+00:00,bienhoa_dongnai,84.87134613844518
2025-11-12 04:00:00+00:00,bentre_bentrecity,78.81342533342799
2025-11-12 04:00:00+00:00,backan_backancity,48.434964950442506
2025-11-12 05:00:00+00:00,angiang_longxuyen,92.67780721776096
2025-11-12 05:00:00+00:00,bienhoa_dongnai,83.99725710993462
2025-11-12 05:00:00+00:00,bentre_bentrecity,79.06206954671917
2025-11-12 05:00:00+00:00,bacninh_bacninhcity,102.802194552271
2025-11-12 05:00:00+00:00,backan_backancity,48.20968103220024
2025-11-12 05:00:00+00:00,binhduong_thudaumot,84.08385858370136
2025-11-12 05:00:00+00:00,bacgiang_bacgiangcity,104.08213661893909
2025-11-12 06:00:00+00:00,backan_backancity,48.166502122148934
2025-11-12 06:00:00+00:00,bacninh_bacninhcity,101.00913146567986
2025-11-12 06:00:00+00:00,angiang_longxuyen,93.34550201343711
2025-11-12 06:00:00+00:00,binhduong_thudaumot,83.41741795175174
2025-11-12 06:00:00+00:00,bentre_bentrecity,79.53054592751761
2025-11-12 06:00:00+00:00,bienhoa_dongnai,83.66524418488477
2025-11-12 06:00:00+00:00,bacgiang_bacgiangcity,102.00217841313653
2025-11-12 07:00:00+00:00,bacgiang_bacgiangcity,100.41068924146634
2025-11-12 07:00:00+00:00,angiang_longxuyen,94.43401714378194
2025-11-12 07:00:00+00:00,binhduong_thudaumot,83.37990834034987
2025-11-12 07:00:00+00:00,bentre_bentrecity,80.34200399921026
2025-11-12 07:00:00+00:00,bacninh_bacninhcity,99.57151230225966
2025-11-12 07:00:00+00:00,backan_backancity,48.185011098706596
2025-11-12 07:00:00+00:00,bienhoa_dongnai,83.8757478978223
2025-11-12 08:00:00+00:00,bacgiang_bacgiangcity,99.51150714876863
2025-11-12 08:00:00+00:00,bacninh_bacninhcity,98.7390902257953
2025-11-12 08:00:00+00:00,bentre_bentrecity,81.42571893482372
2025-11-12 08:00:00+00:00,bienhoa_dongnai,84.45931582725808
2025-11-12 08:00:00+00:00,binhduong_thudaumot,83.75478255549598
2025-11-12 08:00:00+00:00,backan_backancity,48.126133931151756
2025-11-12 08:00:00+00:00,angiang_longxuyen,95.77855680041417
2025-11-12 09:00:00+00:00,bacninh_bacninhcity,98.35483316910084
2025-11-12 09:00:00+00:00,angiang_longxuyen,97.00975834459916
2025-11-12 09:00:00+00:00,backan_backancity,48.004602964247994
2025-11-12 09:00:00+00:00,binhduong_thudaumot,84.34055642078386
2025-11-12 09:00:00+00:00,bacgiang_bacgiangcity,99.14904186666023
2025-11-12 09:00:00+00:00,bentre_bentrecity,82.64592778289378
2025-11-12 09:00:00+00:00,bienhoa_dongnai,85.24370549970075
2025-11-12 10:00:00+00:00,bacgiang_bacgiangcity,98.96843576359952
2025-11-12 10:00:00+00:00,angiang_longxuyen,97.7457795014924
2025-11-12 10:00:00+00:00,bienhoa_dongnai,85.96891452524801
2025-11-12 10:00:00+00:00,bentre_bentrecity,83.91448012850314
2025-11-12 10:00:00+00:00,bacninh_bacninhcity,98.14027001208049
2025-11-12 10:00:00+00:00,binhduong_thudaumot,84.9157607206503
2025-11-12 10:00:00+00:00,backan_backancity,47.631016632755156
2025-11-12 11:00:00+00:00,binhduong_thudaumot,85.36812332742869
2025-11-12 11:00:00+00:00,bacgiang_bacgiangcity,98.80173586709742
2025-11-12 11:00:00+00:00,bentre_bentrecity,84.9004344700804
2025-11-12 11:00:00+00:00,bienhoa_dongnai,86.43202834995634
2025-11-12 11:00:00+00:00,bacninh_bacninhcity,98.14738600436071
2025-11-12 11:00:00+00:00,backan_backancity,47.06918173996853
2025-11-12 11:00:00+00:00,angiang_longxuyen,97.72010340889462
2025-11-12 12:00:00+00:00,backan_backancity,46.466647983354825
2025-11-12 12:00:00+00:00,bentre_bentrecity,85.62778199162625
2025-11-12 12:00:00+00:00,bienhoa_dongnai,86.79856395354327
2025-11-12 12:00:00+00:00,binhduong_thudaumot,85.84712250084695
2025-11-12 12:00:00+00:00,angiang_longxuyen,97.07069351542428
2025-11-12 12:00:00+00:00,bacgiang_bacgiangcity,99.77032879736551
2025-11-12 12:00:00+00:00,bacninh_bacninhcity,99.45796208059588
2025-11-12 13:00:00+00:00,bienhoa_dongnai,86.74506892139084
2025-11-12 13:00:00+00:00,bentre_bentrecity,86.32114635346275
2025-11-12 13:00:00+00:00,bacninh_bacninhcity,102.1832261384635
2025-11-12 13:00:00+00:00,angiang_longxuyen,96.31872827188425
2025-11-12 13:00:00+00:00,binhduong_thudaumot,86.01542844482715
2025-11-12 13:00:00+00:00,bacgiang_bacgiangcity,102.56802217011588
2025-11-12 13:00:00+00:00,backan_backancity,45.78425673832097
2025-11-12 14:00:00+00:00,bienhoa_dongnai,86.47544438723435
2025-11-12 14:00:00+00:00,backan_backancity,45.13071669769564
2025-11-12 14:00:00+00:00,bacninh_bacninhcity,105.85208252027566
2025-11-12 14:00:00+00:00,bacgiang_bacgiangcity,107.20401255149515
2025-11-12 14:00:00+00:00,angiang_longxuyen,95.49114554877583
2025-11-12 14:00:00+00:00,bentre_bentrecity,87.26737100717162
2025-11-12 14:00:00+00:00,binhduong_thudaumot,85.89988874748613
2025-11-12 15:00:00+00:00,binhduong_thudaumot,85.7787254365577
2025-11-12 15:00:00+00:00,backan_backancity,44.76646317173082
2025-11-12 15:00:00+00:00,bacninh_bacninhcity,109.72686649464583
2025-11-12 15:00:00+00:00,bentre_bentrecity,88.29365764434017
2025-11-12 15:00:00+00:00,angiang_longxuyen,94.77388354854185
2025-11-12 15:00:00+00:00,bacgiang_bacgiangcity,112.52809937196358
2025-11-12 15:00:00+00:00,bienhoa_dongnai,86.31693462583985
2025-11-12 16:00:00+00:00,binhduong_thudaumot,85.64725688092388
2025-11-12 16:00:00+00:00,bacninh_bacninhcity,113.30925410691904
2025-11-12 16:00:00+00:00,bienhoa_dongnai,86.3728748965502
2025-11-12 16:00:00+00:00,angiang_longxuyen,94.27748924388769
2025-11-12 16:00:00+00:00,backan_backancity,44.65004022985731
2025-11-12 16:00:00+00:00,bacgiang_bacgiangcity,117.46500773918198
2025-11-12 16:00:00+00:00,bentre_bentrecity,89.31357012761664
2025-11-12 17:00:00+00:00,bentre_bentrecity,90.10292315572649
2025-11-12 17:00:00+00:00,backan_backancity,44.87931832780807
2025-11-12 17:00:00+00:00,bienhoa_dongnai,86.48665680674283
2025-11-12 17:00:00+00:00,bacgiang_bacgiangcity,121.25402888699544
2025-11-12 17:00:00+00:00,bacninh_bacninhcity,116.55551605082056
2025-11-12 17:00:00+00:00,binhduong_thudaumot,85.78872611418295
2025-11-12 17:00:00+00:00,angiang_longxuyen,94.09930444911431
2025-11-12 18:00:00+00:00,binhduong_thudaumot,86.41877750648987
2025-11-12 18:00:00+00:00,bienhoa_dongnai,86.6048157809733
2025-11-12 18:00:00+00:00,angiang_longxuyen,94.24707930867244
2025-11-12 18:00:00+00:00,backan_backancity,45.22737323606622
2025-11-12 18:00:00+00:00,bacninh_bacninhcity,119.22692394699783
2025-11-12 18:00:00+00:00,bentre_bentrecity,90.55816065819376
2025-11-12 18:00:00+00:00,bacgiang_bacgiangcity,123.62003540675258
2025-11-12 19:00:00+00:00,bacninh_bacninhcity,121.02643569764174
2025-11-12 19:00:00+00:00,bentre_bentrecity,91.32801160351667
2025-11-12 19:00:00+00:00,bacgiang_bacgiangcity,124.68156263057575
2025-11-12 19:00:00+00:00,bienhoa_dongnai,86.75397750848576
2025-11-12 19:00:00+00:00,binhduong_thudaumot,87.4486275784964
2025-11-12 19:00:00+00:00,angiang_longxuyen,94.7848359982926
2025-11-12 19:00:00+00:00,backan_backancity,45.51771703359075
2025-11-12 20:00:00+00:00,bienhoa_dongnai,87.11001424972346
2025-11-12 20:00:00+00:00,bacninh_bacninhcity,121.93732186813452
2025-11-12 20:00:00+00:00,binhduong_thudaumot,88.64129268512352
2025-11-12 20:00:00+00:00,bentre_bentrecity,93.05456322236668
2025-11-12 20:00:00+00:00,bacgiang_bacgiangcity,124.81791296140887
2025-11-12 20:00:00+00:00,angiang_longxuyen,95.93095781637214
2025-11-12 21:00:00+00:00,binhduong_thudaumot,89.65872947313404
2025-11-12 21:00:00+00:00,bacgiang_bacgiangcity,124.30087118419843
2025-11-12 21:00:00+00:00,bentre_bentrecity,95.93126020797317
2025-11-12 21:00:00+00:00,bienhoa_dongnai,87.59693434270525
2025-11-12 21:00:00+00:00,bacninh_bacninhcity,122.05315743063912
2025-11-12 21:00:00+00:00,angiang_longxuyen,97.40229309943676
2025-11-12 22:00:00+00:00,angiang_longxuyen,99.14014687630996
2025-11-12 22:00:00+00:00,bentre_bentrecity,99.62620384794133
2025-11-12 22:00:00+00:00,bacninh_bacninhcity,121.69630923568069
2025-11-12 22:00:00+00:00,binhduong_thudaumot,90.37307198035671
2025-11-12 22:00:00+00:00,bacgiang_bacgiangcity,123.63804184762796
2025-11-12 22:00:00+00:00,bienhoa_dongnai,88.23368621077587
2025-11-12 23:00:00+00:00,binhduong_thudaumot,90.77281192211943
2025-11-12 23:00:00+00:00,bentre_bentrecity,103.9521789335708
2025-11-12 23:00:00+00:00,angiang_longxuyen,100.99420713488182
2025-11-12 23:00:00+00:00,bienhoa_dongnai,88.8251859371709
2025-11-13 00:00:00+00:00,bentre_bentrecity,109.16419458625852
2025-11-13 00:00:00+00:00,bacgiang_bacgiangcity,122.85694911382811
2025-11-13 00:00:00+00:00,angiang_longxuyen,103.1931463740964
2025-11-13 00:00:00+00:00,binhduong_thudaumot,91.12726273906111
2025-11-13 00:00:00+00:00,bacninh_bacninhcity,121.01509710034291
2025-11-13 00:00:00+00:00,bienhoa_dongnai,89.53927173785456
2025-11-13 01:00:00+00:00,angiang_longxuyen,106.20144570730407
2025-11-13 01:00:00+00:00,bentre_bentrecity,114.1320910222747
2025-11-13 01:00:00+00:00,binhduong_thudaumot,91.66287005528696
2025-11-13 01:00:00+00:00,bienhoa_dongnai,90.57271352592794
2025-11-13 02:00:00+00:00,bienhoa_dongnai,91.25445321495815
2025-11-13 02:00:00+00:00,angiang_longxuyen,109.18149236480272
2025-11-13 02:00:00+00:00,binhduong_thudaumot,91.84257768546118
2025-11-13 02:00:00+00:00,bentre_bentrecity,118.02929222148482
2025-11-13 03:00:00+00:00,bienhoa_dongnai,91.71676320012276
2025-11-13 03:00:00+00:00,binhduong_thudaumot,91.85394238850974
2025-11-13 03:00:00+00:00,bentre_bentrecity,120.17700354974997
2025-11-13 03:00:00+00:00,angiang_longxuyen,111.58169904831384
2025-11-13 04:00:00+00:00,bienhoa_dongnai,92.0158720031187
2025-11-13 04:00:00+00:00,bentre_bentrecity,121.41387983128224
2025-11-13 04:00:00+00:00,angiang_longxuyen,113.75299855306824
2025-11-13 04:00:00+00:00,binhduong_thudaumot,91.70513091313947
2025-11-13 05:00:00+00:00,binhduong_thudaumot,91.6852644375959
2025-11-13 05:00:00+00:00,angiang_longxuyen,115.82049343885447
2025-11-13 05:00:00+00:00,bentre_bentrecity,122.44587057476653
2025-11-13 05:00:00+00:00,bienhoa_dongnai,92.41631462464495
2025-11-13 06:00:00+00:00,binhduong_thudaumot,91.89666662341993
2025-11-13 06:00:00+00:00,bentre_bentrecity,123.74868671689484
2025-11-13 06:00:00+00:00,bienhoa_dongnai,93.0628692017387
2025-11-13 06:00:00+00:00,angiang_longxuyen,117.42934075861511
2025-11-13 07:00:00+00:00,angiang_longxuyen,119.28968760804354
2025-11-13 07:00:00+00:00,binhduong_thudaumot,92.36483734939864
2025-11-13 07:00:00+00:00,bienhoa_dongnai,93.91254717877376
2025-11-13 07:00:00+00:00,bentre_bentrecity,125.4283828659401
2025-11-13 08:00:00+00:00,bentre_bentrecity,127.91174452038396
2025-11-13 08:00:00+00:00,binhduong_thudaumot,93.26808432487702
2025-11-13 08:00:00+00:00,backan_backancity,45.68358426545045
2025-11-13 08:00:00+00:00,angiang_longxuyen,121.11852916850766
2025-11-13 08:00:00+00:00,bienhoa_dongnai,95.3398475007439
2025-11-13 09:00:00+00:00,bienhoa_dongnai,97.53778411600796
2025-11-13 09:00:00+00:00,binhduong_thudaumot,94.6827287969266
2025-11-13 09:00:00+00:00,backan_backancity,46.0807875985312
2025-11-13 09:00:00+00:00,bentre_bentrecity,131.2614211286171
2025-11-13 09:00:00+00:00,angiang_longxuyen,122.85136683434445
2025-11-13 10:00:00+00:00,angiang_longxuyen,124.55833696541877
2025-11-13 10:00:00+00:00,backan_backancity,46.707808548390446
2025-11-13 10:00:00+00:00,binhduong_thudaumot,96.31949839150124
2025-11-13 10:00:00+00:00,bienhoa_dongnai,99.92760125499683
2025-11-13 10:00:00+00:00,bentre_bentrecity,135.2430439714916
2025-11-13 11:00:00+00:00,bienhoa_dongnai,102.04908609444077
2025-11-13 11:00:00+00:00,bacgiang_bacgiangcity,121.96915782992869
2025-11-13 11:00:00+00:00,angiang_longxuyen,125.84759769700044
2025-11-13 11:00:00+00:00,backan_backancity,47.47215879469761
2025-11-13 11:00:00+00:00,binhduong_thudaumot,98.01040696005498
2025-11-13 11:00:00+00:00,bacninh_bacninhcity,120.01632483564885
2025-11-13 11:00:00+00:00,bentre_bentrecity,139.4224091666446
2025-11-13 12:00:00+00:00,bentre_bentrecity,142.84789252113163
2025-11-13 12:00:00+00:00,bienhoa_dongnai,103.18806853383927
2025-11-13 12:00:00+00:00,bacninh_bacninhcity,122.07608262985923
2025-11-13 12:00:00+00:00,angiang_longxuyen,126.05582585875328
2025-11-13 12:00:00+00:00,backan_backancity,48.215989921718005
2025-11-13 12:00:00+00:00,binhduong_thudaumot,99.51750983959688
2025-11-13 12:00:00+00:00,bacgiang_bacgiangcity,123.68900244657756
2025-11-13 13:00:00+00:00,bienhoa_dongnai,102.28681049016834
2025-11-13 13:00:00+00:00,binhduong_thudaumot,99.7473454040783
2025-11-13 13:00:00+00:00,bacgiang_bacgiangcity,127.65919314655004
2025-11-13 13:00:00+00:00,angiang_longxuyen,124.96175781789324
2025-11-13 13:00:00+00:00,bacninh_bacninhcity,126.36117176045525
2025-11-13 13:00:00+00:00,bentre_bentrecity,144.70733980993398
2025-11-13 13:00:00+00:00,backan_backancity,48.61807938095632
2025-11-13 14:00:00+00:00,bacgiang_bacgiangcity,132.838726176268
2025-11-13 14:00:00+00:00,bienhoa_dongnai,100.00797541971369
2025-11-13 14:00:00+00:00,backan_backancity,48.81898052895196
2025-11-13 14:00:00+00:00,angiang_longxuyen,123.3369729379232
2025-11-13 14:00:00+00:00,binhduong_thudaumot,98.69093490720195
2025-11-13 14:00:00+00:00,bacninh_bacninhcity,131.6860703065793
2025-11-13 14:00:00+00:00,bentre_bentrecity,144.65759095286762
2025-11-13 15:00:00+00:00,bacgiang_bacgiangcity,137.957371895702
2025-11-13 15:00:00+00:00,bacninh_bacninhcity,136.87663736651592
2025-11-13 15:00:00+00:00,backan_backancity,48.97491887399818
2025-11-13 15:00:00+00:00,binhduong_thudaumot,96.81723823000601
2025-11-13 15:00:00+00:00,bienhoa_dongnai,97.4986015611443
2025-11-13 15:00:00+00:00,bentre_bentrecity,143.1642202415528
2025-11-13 15:00:00+00:00,angiang_longxuyen,121.89922052640544
2025-11-13 16:00:00+00:00,bentre_bentrecity,141.31211737034081
2025-11-13 16:00:00+00:00,bienhoa_dongnai,95.31248758728863
2025-11-13 16:00:00+00:00,bacninh_bacninhcity,141.18836741471011
2025-11-13 16:00:00+00:00,backan_backancity,49.12938659514301
2025-11-13 16:00:00+00:00,angiang_longxuyen,120.96603895790479
2025-11-13 16:00:00+00:00,binhduong_thudaumot,94.65346860243898
2025-11-13 16:00:00+00:00,bacgiang_bacgiangcity,142.32128298664563
2025-11-13 17:00:00+00:00,bacgiang_bacgiangcity,145.4584152825041
2025-11-13 17:00:00+00:00,backan_backancity,49.43189132108283
2025-11-13 17:00:00+00:00,binhduong_thudaumot,92.85385460427528
2025-11-13 17:00:00+00:00,bacninh_bacninhcity,144.20204562010147
2025-11-13 17:00:00+00:00,bienhoa_dongnai,93.76479407400709
2025-11-13 17:00:00+00:00,bentre_bentrecity,139.6503906790255
2025-11-13 17:00:00+00:00,angiang_longxuyen,120.4275556582505
2025-11-13 18:00:00+00:00,angiang_longxuyen,120.08003809334093
2025-11-13 18:00:00+00:00,bienhoa_dongnai,93.08531579554712
2025-11-13 18:00:00+00:00,binhduong_thudaumot,92.12155460445798
2025-11-13 18:00:00+00:00,bacgiang_bacgiangcity,147.6088938202405
2025-11-13 18:00:00+00:00,backan_backancity,49.63890556547329
2025-11-13 18:00:00+00:00,bacninh_bacninhcity,146.2435544075119
2025-11-13 18:00:00+00:00,bentre_bentrecity,138.60358492257018
2025-11-13 19:00:00+00:00,bacninh_bacninhcity,147.89069233568716
2025-11-13 19:00:00+00:00,bentre_bentrecity,137.91817411248437
2025-11-13 19:00:00+00:00,angiang_longxuyen,119.65696831323731
2025-11-13 19:00:00+00:00,binhduong_thudaumot,92.67544029645222
2025-11-13 19:00:00+00:00,backan_backancity,49.836865465666165
2025-11-13 19:00:00+00:00,bienhoa_dongnai,93.33825766788739
2025-11-13 19:00:00+00:00,bacgiang_bacgiangcity,149.24079034153246
2025-11-13 20:00:00+00:00,bacgiang_bacgiangcity,150.50098884722863
2025-11-13 20:00:00+00:00,binhduong_thudaumot,94.38679945669969
2025-11-13 20:00:00+00:00,bentre_bentrecity,137.21626446857
2025-11-13 20:00:00+00:00,bienhoa_dongnai,94.50450049257034
2025-11-13 20:00:00+00:00,angiang_longxuyen,119.05001289526331
2025-11-13 20:00:00+00:00,backan_backancity,50.23935956402527
2025-11-13 20:00:00+00:00,bacninh_bacninhcity,149.26440299216208
2025-11-13 21:00:00+00:00,backan_backancity,50.69918188878864
2025-11-13 21:00:00+00:00,bienhoa_dongnai,96.51418854654061
2025-11-13 21:00:00+00:00,binhduong_thudaumot,96.95286738950286
2025-11-13 21:00:00+00:00,bacgiang_bacgiangcity,151.41266254117153
2025-11-13 21:00:00+00:00,bacninh_bacninhcity,150.27219370564785
2025-11-13 21:00:00+00:00,bentre_bentrecity,136.27487808047752
2025-11-13 21:00:00+00:00,angiang_longxuyen,118.33378315988317
2025-11-13 22:00:00+00:00,binhduong_thudaumot,99.85345875028811
2025-11-13 22:00:00+00:00,backan_backancity,51.212190327665986
2025-11-13 22:00:00+00:00,bentre_bentrecity,134.92411872897242
2025-11-13 22:00:00+00:00,bienhoa_dongnai,99.23211362551572
2025-11-13 22:00:00+00:00,bacgiang_bacgiangcity,152.01614045573376
2025-11-13 22:00:00+00:00,angiang_longxuyen,117.3427501622441
2025-11-13 22:00:00+00:00,bacninh_bacninhcity,150.88798918312375
2025-11-13 23:00:00+00:00,bacninh_bacninhcity,151.1770320441201
2025-11-13 23:00:00+00:00,binhduong_thudaumot,102.57771991227033
2025-11-13 23:00:00+00:00,bentre_bentrecity,132.9256017604069
2025-11-13 23:00:00+00:00,backan_backancity,51.72293626823351
2025-11-13 23:00:00+00:00,bacgiang_bacgiangcity,152.3833178256682
2025-11-13 23:00:00+00:00,angiang_longxuyen,116.23022644406544
2025-11-13 23:00:00+00:00,bienhoa_dongnai,102.29300516703105
2025-11-14 00:00:00+00:00,binhduong_thudaumot,105.18120064765345
2025-11-14 00:00:00+00:00,backan_backancity,52.188188588940456
2025-11-14 00:00:00+00:00,angiang_longxuyen,115.53384360491656
2025-11-14 00:00:00+00:00,bacgiang_bacgiangcity,152.69452011722598
2025-11-14 00:00:00+00:00,bienhoa_dongnai,105.5506644461683
2025-11-14 00:00:00+00:00,bentre_bentrecity,130.77969172887302
2025-11-14 00:00:00+00:00,bacninh_bacninhcity,151.36915295829033
2025-11-14 01:00:00+00:00,bacninh_bacninhcity,151.338809375189
2025-11-14 01:00:00+00:00,bienhoa_dongnai,108.25603157178433
2025-11-14 01:00:00+00:00,bacgiang_bacgiangcity,152.8906265091881
2025-11-14 01:00:00+00:00,angiang_longxuyen,114.61212789924467
2025-11-14 01:00:00+00:00,bentre_bentrecity,128.49167939964917
2025-11-14 01:00:00+00:00,binhduong_thudaumot,107.36078301731398
2025-11-14 01:00:00+00:00,backan_backancity,52.30301908008052
2025-11-14 02:00:00+00:00,bienhoa_dongnai,110.10736160403042
2025-11-14 02:00:00+00:00,backan_backancity,52.322193753256265
2025-11-14 02:00:00+00:00,angiang_longxuyen,113.06614540030992
2025-11-14 02:00:00+00:00,bacninh_bacninhcity,150.87246496395173
2025-11-14 02:00:00+00:00,bacgiang_bacgiangcity,152.60157059531684
2025-11-14 02:00:00+00:00,bentre_bentrecity,125.96622222376774
2025-11-14 02:00:00+00:00,binhduong_thudaumot,108.88777113590704
2025-11-14 03:00:00+00:00,bentre_bentrecity,123.77126819041018
2025-11-14 03:00:00+00:00,angiang_longxuyen,110.86313937477041
2025-11-14 03:00:00+00:00,bienhoa_dongnai,111.19460081585724
2025-11-14 03:00:00+00:00,bacgiang_bacgiangcity,151.48655921673696
2025-11-14 03:00:00+00:00,backan_backancity,52.455346129747596
2025-11-14 03:00:00+00:00,binhduong_thudaumot,109.76940581382877
2025-11-14 03:00:00+00:00,bacninh_bacninhcity,149.5645320948766
2025-11-14 04:00:00+00:00,angiang_longxuyen,108.45570085471466
2025-11-14 04:00:00+00:00,bacgiang_bacgiangcity,149.86101509454565
2025-11-14 04:00:00+00:00,bienhoa_dongnai,111.52685576296187
2025-11-14 04:00:00+00:00,bacninh_bacninhcity,147.911877151592
2025-11-14 04:00:00+00:00,binhduong_thudaumot,109.9909152757561
2025-11-14 04:00:00+00:00,backan_backancity,52.83189546383464
2025-11-14 04:00:00+00:00,bentre_bentrecity,122.25974093015905
2025-11-14 05:00:00+00:00,angiang_longxuyen,106.37440908019681
2025-11-14 05:00:00+00:00,binhduong_thudaumot,110.02921295447791
2025-11-14 05:00:00+00:00,bacninh_bacninhcity,146.3382617165694
2025-11-14 05:00:00+00:00,bacgiang_bacgiangcity,148.18727105643853
2025-11-14 05:00:00+00:00,backan_backancity,53.30525361983235
2025-11-14 05:00:00+00:00,bentre_bentrecity,122.11042909458564
2025-11-14 05:00:00+00:00,bienhoa_dongnai,111.61628427187631
2025-11-14 06:00:00+00:00,bacgiang_bacgiangcity,146.85331075488386
2025-11-14 06:00:00+00:00,backan_backancity,53.94478792572823
2025-11-14 06:00:00+00:00,bentre_bentrecity,123.83884074810382
2025-11-14 06:00:00+00:00,binhduong_thudaumot,110.42587513712158
2025-11-14 06:00:00+00:00,bacninh_bacninhcity,145.14345811394367
2025-11-14 06:00:00+00:00,bienhoa_dongnai,112.140238634067
2025-11-14 06:00:00+00:00,angiang_longxuyen,104.71773629886803
2025-11-14 07:00:00+00:00,angiang_longxuyen,103.58059730610923
2025-11-14 07:00:00+00:00,bacgiang_bacgiangcity,146.1193214955112
2025-11-14 07:00:00+00:00,bienhoa_dongnai,113.54980553779433
2025-11-14 07:00:00+00:00,backan_backancity,54.68735727484507
2025-11-14 07:00:00+00:00,binhduong_thudaumot,111.56924823730259
2025-11-14 07:00:00+00:00,bentre_bentrecity,127.68547293461029
2025-11-14 07:00:00+00:00,bacninh_bacninhcity,144.57414827481804
2025-11-14 08:00:00+00:00,bentre_bentrecity,135.09088225823947
2025-11-14 08:00:00+00:00,bacninh_bacninhcity,144.76943668662202
2025-11-14 08:00:00+00:00,angiang_longxuyen,102.61196956817483
2025-11-14 08:00:00+00:00,bienhoa_dongnai,115.92560062596016
2025-11-14 08:00:00+00:00,backan_backancity,55.36672895482697
2025-11-14 08:00:00+00:00,bacgiang_bacgiangcity,146.10223963327206
2025-11-14 08:00:00+00:00,binhduong_thudaumot,113.5628464475234
2025-11-14 09:00:00+00:00,backan_backancity,55.61831876687921
2025-11-14 09:00:00+00:00,bacgiang_bacgiangcity,146.45755193995478
2025-11-14 09:00:00+00:00,bienhoa_dongnai,118.83370609170899
2025-11-14 09:00:00+00:00,binhduong_thudaumot,116.03510554415556
2025-11-14 09:00:00+00:00,bentre_bentrecity,145.81934467633678
2025-11-14 09:00:00+00:00,bacninh_bacninhcity,145.24101965163817
2025-11-14 09:00:00+00:00,angiang_longxuyen,101.40098257619644
2025-11-14 10:00:00+00:00,backan_backancity,55.21260931034519
2025-11-14 10:00:00+00:00,bacgiang_bacgiangcity,146.30354977134678
2025-11-14 10:00:00+00:00,bentre_bentrecity,156.79119970107152
2025-11-14 10:00:00+00:00,binhduong_thudaumot,118.9831506315102
2025-11-14 10:00:00+00:00,bacninh_bacninhcity,145.22653531149703
2025-11-14 10:00:00+00:00,angiang_longxuyen,99.59774422977874
2025-11-14 10:00:00+00:00,bienhoa_dongnai,121.97161177040319
2025-11-14 11:00:00+00:00,bacninh_bacninhcity,145.0702793464958
2025-11-14 11:00:00+00:00,binhduong_thudaumot,121.06397467801207
2025-11-14 11:00:00+00:00,angiang_longxuyen,96.94904072168845
2025-11-14 11:00:00+00:00,bentre_bentrecity,162.10478575564647
2025-11-14 11:00:00+00:00,bacgiang_bacgiangcity,145.5258333811785
2025-11-14 11:00:00+00:00,bienhoa_dongnai,123.82812868879847
2025-11-14 11:00:00+00:00,backan_backancity,54.06183740559523
2025-11-14 12:00:00+00:00,bentre_bentrecity,158.16063336554924
2025-11-14 12:00:00+00:00,bienhoa_dongnai,122.83594268721305
2025-11-14 12:00:00+00:00,bacninh_bacninhcity,146.13367095594543
2025-11-14 12:00:00+00:00,backan_backancity,52.34853880569083
2025-11-14 12:00:00+00:00,bacgiang_bacgiangcity,145.5394605825369
2025-11-14 12:00:00+00:00,angiang_longxuyen,93.56517102000856
2025-11-14 12:00:00+00:00,binhduong_thudaumot,120.52447869281623
2025-11-14 13:00:00+00:00,binhduong_thudaumot,118.25706923882619
2025-11-14 13:00:00+00:00,bentre_bentrecity,145.76124197935724
2025-11-14 13:00:00+00:00,bienhoa_dongnai,120.88839066855543
2025-11-14 13:00:00+00:00,bacninh_bacninhcity,148.3181783384532
2025-11-14 13:00:00+00:00,backan_backancity,50.51665483764372
2025-11-14 13:00:00+00:00,bacgiang_bacgiangcity,146.92203414104472
2025-11-14 13:00:00+00:00,angiang_longxuyen,90.07700232172502
2025-11-14 14:00:00+00:00,bienhoa_dongnai,118.63878751135951
2025-11-14 14:00:00+00:00,bentre_bentrecity,130.94283961180267
2025-11-14 14:00:00+00:00,backan_backancity,49.05689092814636
2025-11-14 14:00:00+00:00,binhduong_thudaumot,115.64296237556388
2025-11-14 14:00:00+00:00,bacninh_bacninhcity,150.46318772162144
2025-11-14 14:00:00+00:00,bacgiang_bacgiangcity,148.97321075777137
2025-11-14 14:00:00+00:00,angiang_longxuyen,86.97310482075035
2025-11-14 15:00:00+00:00,bentre_bentrecity,120.89757880472037
2025-11-14 15:00:00+00:00,angiang_longxuyen,84.22427706053385
2025-11-14 15:00:00+00:00,bacninh_bacninhcity,151.84446034360113
2025-11-14 15:00:00+00:00,binhduong_thudaumot,114.16376926183092
2025-11-14 15:00:00+00:00,bienhoa_dongnai,117.18134701358801
2025-11-14 15:00:00+00:00,bacgiang_bacgiangcity,150.81657255378252
2025-11-14 15:00:00+00:00,backan_backancity,47.99080607551637
2025-11-14 16:00:00+00:00,angiang_longxuyen,81.72327227023166
2025-11-14 16:00:00+00:00,bacninh_bacninhcity,151.97540678424036
2025-11-14 16:00:00+00:00,bentre_bentrecity,116.58624469373041
2025-11-14 16:00:00+00:00,binhduong_thudaumot,114.33267346257574
2025-11-14 16:00:00+00:00,backan_backancity,47.233256377013525
2025-11-14 16:00:00+00:00,bacgiang_bacgiangcity,151.80503631055245
2025-11-14 16:00:00+00:00,bienhoa_dongnai,117.02970523985131
2025-11-14 17:00:00+00:00,binhduong_thudaumot,115.81931106593967
2025-11-14 17:00:00+00:00,bacgiang_bacgiangcity,151.66758518727246
2025-11-14 17:00:00+00:00,bacninh_bacninhcity,150.89053884468058
2025-11-14 17:00:00+00:00,backan_backancity,46.79098146702614
2025-11-14 17:00:00+00:00,bentre_bentrecity,116.12586327082701
2025-11-14 17:00:00+00:00,angiang_longxuyen,79.29726494794178
2025-11-14 17:00:00+00:00,bienhoa_dongnai,118.16455916370418
2025-11-14 18:00:00+00:00,bacninh_bacninhcity,149.1388517398001
2025-11-14 18:00:00+00:00,angiang_longxuyen,76.55962023826532
2025-11-14 18:00:00+00:00,bienhoa_dongnai,120.08564865405346
2025-11-14 18:00:00+00:00,binhduong_thudaumot,117.94531437556581
2025-11-14 18:00:00+00:00,backan_backancity,46.341536177779936
2025-11-14 18:00:00+00:00,bacgiang_bacgiangcity,150.76552276018802
2025-11-14 18:00:00+00:00,bentre_bentrecity,117.80914678498083
2025-11-14 19:00:00+00:00,backan_backancity,45.78636260213242
2025-11-14 19:00:00+00:00,angiang_longxuyen,73.70271141095321
2025-11-14 19:00:00+00:00,bienhoa_dongnai,122.17017427831897
2025-11-14 19:00:00+00:00,bacninh_bacninhcity,147.57403829339435
2025-11-14 19:00:00+00:00,binhduong_thudaumot,120.08313815112122
2025-11-14 19:00:00+00:00,bacgiang_bacgiangcity,149.78900673487726
2025-11-14 19:00:00+00:00,bentre_bentrecity,120.39656595784336
2025-11-14 20:00:00+00:00,bentre_bentrecity,122.99313845920454
2025-11-14 20:00:00+00:00,bienhoa_dongnai,123.85104736158115
2025-11-14 20:00:00+00:00,bacninh_bacninhcity,146.72029325809947
2025-11-14 20:00:00+00:00,binhduong_thudaumot,121.7926764353251
2025-11-14 20:00:00+00:00,angiang_longxuyen,70.93738155368945
2025-11-14 20:00:00+00:00,bacgiang_bacgiangcity,149.1450388024858
2025-11-14 20:00:00+00:00,backan_backancity,45.18311963931775
2025-11-14 21:00:00+00:00,bentre_bentrecity,124.76075007141954
2025-11-14 21:00:00+00:00,binhduong_thudaumot,122.2897538404305
2025-11-14 21:00:00+00:00,backan_backancity,44.58813044437565
2025-11-14 21:00:00+00:00,bienhoa_dongnai,124.30203289006135
2025-11-14 21:00:00+00:00,angiang_longxuyen,68.3148457964835
2025-11-14 21:00:00+00:00,bacninh_bacninhcity,146.48363593489205
2025-11-14 21:00:00+00:00,bacgiang_bacgiangcity,148.87168549707638
2025-11-14 22:00:00+00:00,bacgiang_bacgiangcity,148.81006722580003
2025-11-14 22:00:00+00:00,binhduong_thudaumot,121.71507926973564
2025-11-14 22:00:00+00:00,angiang_longxuyen,65.6478954570724
2025-11-14 22:00:00+00:00,bentre_bentrecity,124.99000641457886
2025-11-14 22:00:00+00:00,bienhoa_dongnai,123.66492641889025
2025-11-14 22:00:00+00:00,bacninh_bacninhcity,146.44767961559904
2025-11-14 22:00:00+00:00,backan_backancity,43.936613599354295
2025-11-14 23:00:00+00:00,angiang_longxuyen,63.1295346941589
2025-11-14 23:00:00+00:00,bienhoa_dongnai,122.38202461284666
2025-11-14 23:00:00+00:00,bacninh_bacninhcity,146.1608600942879
2025-11-14 23:00:00+00:00,bentre_bentrecity,123.86268617500187
2025-11-14 23:00:00+00:00,binhduong_thudaumot,120.45041994405457
2025-11-14 23:00:00+00:00,bacgiang_bacgiangcity,148.72216481550515
2025-11-14 23:00:00+00:00,backan_backancity,43.30823950146745
2025-11-15 00:00:00+00:00,bentre_bentrecity,121.7877924846467
2025-11-15 00:00:00+00:00,bacninh_bacninhcity,145.80992485164302
2025-11-15 00:00:00+00:00,backan_backancity,42.77082653755203
2025-11-15 00:00:00+00:00,binhduong_thudaumot,118.59281746156638
2025-11-15 00:00:00+00:00,bacgiang_bacgiangcity,148.6399926172757
2025-11-15 00:00:00+00:00,bienhoa_dongnai,120.71020913700077
2025-11-15 00:00:00+00:00,angiang_longxuyen,60.73269619623258
2025-11-15 01:00:00+00:00,backan_backancity,42.56185871289021
2025-11-15 01:00:00+00:00,bacninh_bacninhcity,145.74407744891062
2025-11-15 01:00:00+00:00,bacgiang_bacgiangcity,148.75006316004857
2025-11-15 01:00:00+00:00,bentre_bentrecity,119.5303130052097
2025-11-15 01:00:00+00:00,bienhoa_dongnai,118.89605967493604
2025-11-15 01:00:00+00:00,binhduong_thudaumot,116.52498755199197
2025-11-15 01:00:00+00:00,angiang_longxuyen,59.15036579175888
2025-11-15 02:00:00+00:00,bacninh_bacninhcity,145.58322252099882
2025-11-15 02:00:00+00:00,binhduong_thudaumot,114.2872287909959
2025-11-15 02:00:00+00:00,bienhoa_dongnai,116.96095248472201
2025-11-15 02:00:00+00:00,backan_backancity,42.606891131172254
2025-11-15 02:00:00+00:00,bentre_bentrecity,117.5048179197787
2025-11-15 02:00:00+00:00,bacgiang_bacgiangcity,148.65163143069643
2025-11-15 02:00:00+00:00,angiang_longxuyen,57.9849529123694
2025-11-15 03:00:00+00:00,bienhoa_dongnai,114.90145139705064
2025-11-15 03:00:00+00:00,binhduong_thudaumot,111.92779765695168
2025-11-15 03:00:00+00:00,bacninh_bacninhcity,145.1034554034427
2025-11-15 03:00:00+00:00,angiang_longxuyen,57.30147392776351
2025-11-15 03:00:00+00:00,backan_backancity,43.09791417781973
2025-11-15 03:00:00+00:00,bentre_bentrecity,115.59968774443024
2025-11-15 03:00:00+00:00,bacgiang_bacgiangcity,148.08249562990233
2025-11-15 04:00:00+00:00,bacninh_bacninhcity,144.33815229727043
2025-11-15 04:00:00+00:00,bacgiang_bacgiangcity,147.1383159265889
2025-11-15 04:00:00+00:00,bentre_bentrecity,114.06772185762067
2025-11-15 04:00:00+00:00,binhduong_thudaumot,109.705323268552
2025-11-15 04:00:00+00:00,angiang_longxuyen,56.97559585389991
2025-11-15 04:00:00+00:00,backan_backancity,43.85236164306314
2025-11-15 04:00:00+00:00,bienhoa_dongnai,113.06619652406981
2025-11-15 05:00:00+00:00,bienhoa_dongnai,111.78351879237806
2025-11-15 05:00:00+00:00,bentre_bentrecity,113.47649080289993
2025-11-15 05:00:00+00:00,binhduong_thudaumot,108.11606722622317
2025-11-15 05:00:00+00:00,bacninh_bacninhcity,143.51879288532655
2025-11-15 05:00:00+00:00,angiang_longxuyen,57.05750699463206
2025-11-15 05:00:00+00:00,backan_backancity,44.643222278219824
2025-11-15 05:00:00+00:00,bacgiang_bacgiangcity,146.1359508580884
2025-11-15 06:00:00+00:00,binhduong_thudaumot,107.48589128773526
2025-11-15 06:00:00+00:00,bentre_bentrecity,114.0981404947525
2025-11-15 06:00:00+00:00,bacgiang_bacgiangcity,145.43730008193185
2025-11-15 06:00:00+00:00,bacninh_bacninhcity,143.10616540511444
2025-11-15 06:00:00+00:00,bienhoa_dongnai,111.25907603511953
2025-11-15 06:00:00+00:00,angiang_longxuyen,57.64429898415934
2025-11-15 06:00:00+00:00,backan_backancity,45.35099266294828
2025-11-15 07:00:00+00:00,bentre_bentrecity,116.402570077337
2025-11-15 07:00:00+00:00,backan_backancity,45.7134144354738
2025-11-15 07:00:00+00:00,bacgiang_bacgiangcity,145.3896309829272
2025-11-15 07:00:00+00:00,bienhoa_dongnai,111.63425046638753
2025-11-15 07:00:00+00:00,binhduong_thudaumot,108.09439020816197
2025-11-15 07:00:00+00:00,angiang_longxuyen,59.12470383977555
2025-11-15 07:00:00+00:00,bacninh_bacninhcity,143.4532631025492
2025-11-15 08:00:00+00:00,angiang_longxuyen,61.716491374759364
2025-11-15 08:00:00+00:00,bentre_bentrecity,120.25452239809026
2025-11-15 08:00:00+00:00,backan_backancity,45.66403105890364
2025-11-15 08:00:00+00:00,binhduong_thudaumot,110.09165029365201
2025-11-15 08:00:00+00:00,bacgiang_bacgiangcity,145.9771930920715
2025-11-15 08:00:00+00:00,bacninh_bacninhcity,144.47734815482397
2025-11-15 08:00:00+00:00,bienhoa_dongnai,113.05572159199116
2025-11-15 09:00:00+00:00,backan_backancity,45.379704636691585
2025-11-15 09:00:00+00:00,angiang_longxuyen,65.80355969174647
2025-11-15 09:00:00+00:00,bacgiang_bacgiangcity,146.70704894107044
2025-11-15 09:00:00+00:00,bienhoa_dongnai,115.23236788061187
2025-11-15 09:00:00+00:00,binhduong_thudaumot,113.06345433260871
2025-11-15 09:00:00+00:00,bacninh_bacninhcity,145.61847398504915
2025-11-15 09:00:00+00:00,bentre_bentrecity,124.9749433969854
2025-11-15 10:00:00+00:00,bacgiang_bacgiangcity,146.81453501462016
2025-11-15 10:00:00+00:00,binhduong_thudaumot,116.59963150464338
2025-11-15 10:00:00+00:00,bienhoa_dongnai,117.80788609481684
2025-11-15 10:00:00+00:00,angiang_longxuyen,72.21844290437716
2025-11-15 10:00:00+00:00,bacninh_bacninhcity,146.13693417466152
2025-11-15 10:00:00+00:00,backan_backancity,44.79768129744808
2025-11-15 10:00:00+00:00,bentre_bentrecity,129.06610596572162
2025-11-15 11:00:00+00:00,bienhoa_dongnai,119.24735169616055
2025-11-15 11:00:00+00:00,backan_backancity,44.076431643943025
2025-11-15 11:00:00+00:00,bacgiang_bacgiangcity,145.63968490670374
2025-11-15 11:00:00+00:00,binhduong_thudaumot,118.63508375811675
2025-11-15 11:00:00+00:00,angiang_longxuyen,80.23249037909828
2025-11-15 11:00:00+00:00,bentre_bentrecity,130.54434404411035
2025-11-15 11:00:00+00:00,bacninh_bacninhcity,145.24751128140406
2025-11-15 12:00:00+00:00,bienhoa_dongnai,118.81443678519048
2025-11-15 12:00:00+00:00,binhduong_thudaumot,117.61799178355056
2025-11-15 12:00:00+00:00,bacninh_bacninhcity,144.01238299736403
2025-11-15 12:00:00+00:00,backan_backancity,43.4361837808879
2025-11-15 12:00:00+00:00,angiang_longxuyen,86.95972127305609
2025-11-15 12:00:00+00:00,bacgiang_bacgiangcity,144.20469970465723
2025-11-15 12:00:00+00:00,bentre_bentrecity,128.54303811128213
2025-11-15 13:00:00+00:00,bacninh_bacninhcity,144.08396931407847
2025-11-15 13:00:00+00:00,bienhoa_dongnai,117.46856464758253
2025-11-15 13:00:00+00:00,binhduong_thudaumot,114.79644428198557
2025-11-15 13:00:00+00:00,bacgiang_bacgiangcity,144.14916407306765
2025-11-15 13:00:00+00:00,bentre_bentrecity,123.17750814118448
2025-11-15 13:00:00+00:00,backan_backancity,42.9273696658003
2025-11-15 13:00:00+00:00,angiang_longxuyen,88.75546835704121
2025-11-15 14:00:00+00:00,bienhoa_dongnai,115.7621307721172
2025-11-15 14:00:00+00:00,bacgiang_bacgiangcity,144.98815500880752
2025-11-15 14:00:00+00:00,bacninh_bacninhcity,145.0551554154863
2025-11-15 14:00:00+00:00,binhduong_thudaumot,112.53103300558935
2025-11-15 14:00:00+00:00,bentre_bentrecity,116.90611844515641
2025-11-15 14:00:00+00:00,angiang_longxuyen,86.35066978092678
2025-11-15 14:00:00+00:00,backan_backancity,42.640806851028145
2025-11-15 15:00:00+00:00,bienhoa_dongnai,114.3405302055045
2025-11-15 15:00:00+00:00,binhduong_thudaumot,112.04036347430278
2025-11-15 15:00:00+00:00,bacninh_bacninhcity,146.00200660718863
2025-11-15 15:00:00+00:00,angiang_longxuyen,84.62363411796721
2025-11-15 15:00:00+00:00,bacgiang_bacgiangcity,145.97221124483158
2025-11-15 15:00:00+00:00,bentre_bentrecity,111.59496838335303
2025-11-15 15:00:00+00:00,backan_backancity,42.67241656299134
2025-11-15 16:00:00+00:00,angiang_longxuyen,86.80519916493266
2025-11-15 16:00:00+00:00,bentre_bentrecity,108.13699696719839
2025-11-15 16:00:00+00:00,backan_backancity,42.81285679461527
2025-11-15 16:00:00+00:00,bacgiang_bacgiangcity,146.6461268231202
2025-11-15 16:00:00+00:00,bienhoa_dongnai,113.76775591584197
2025-11-15 16:00:00+00:00,binhduong_thudaumot,112.94583052624769
2025-11-15 16:00:00+00:00,bacninh_bacninhcity,146.4208124481699
2025-11-15 17:00:00+00:00,backan_backancity,42.99563185038261
2025-11-15 17:00:00+00:00,bentre_bentrecity,106.11439227774515
2025-11-15 17:00:00+00:00,bienhoa_dongnai,114.12038803221922
2025-11-15 17:00:00+00:00,bacgiang_bacgiangcity,146.84130646096696
2025-11-15 17:00:00+00:00,angiang_longxuyen,92.11293426834965
2025-11-15 17:00:00+00:00,binhduong_thudaumot,114.2944851016809
2025-11-15 17:00:00+00:00,bacninh_bacninhcity,146.24284520131093
2025-11-15 18:00:00+00:00,backan_backancity,43.17295080445665
2025-11-15 18:00:00+00:00,bienhoa_dongnai,115.1307958471153
2025-11-15 18:00:00+00:00,binhduong_thudaumot,115.6886256827977
2025-11-15 18:00:00+00:00,angiang_longxuyen,98.65205474393932
2025-11-15 18:00:00+00:00,bacgiang_bacgiangcity,146.7476738386066
2025-11-15 18:00:00+00:00,bacninh_bacninhcity,145.684887012359
2025-11-15 18:00:00+00:00,bentre_bentrecity,104.85972519970765
2025-11-15 19:00:00+00:00,bacninh_bacninhcity,144.6731543306642
2025-11-15 19:00:00+00:00,binhduong_thudaumot,117.2659862051668
2025-11-15 19:00:00+00:00,bentre_bentrecity,103.84453051488997
2025-11-15 19:00:00+00:00,bacgiang_bacgiangcity,146.30770928747023
2025-11-15 19:00:00+00:00,angiang_longxuyen,104.71754213735443
2025-11-15 19:00:00+00:00,bienhoa_dongnai,116.76383340721831
2025-11-15 19:00:00+00:00,backan_backancity,43.44087411392249
2025-11-15 20:00:00+00:00,bentre_bentrecity,102.80438254042014
2025-11-15 20:00:00+00:00,binhduong_thudaumot,119.08413202241917
2025-11-15 20:00:00+00:00,backan_backancity,43.65150400465038
2025-11-15 20:00:00+00:00,bacgiang_bacgiangcity,145.51293714081254
2025-11-15 20:00:00+00:00,bacninh_bacninhcity,143.31223984251466
2025-11-15 20:00:00+00:00,angiang_longxuyen,109.42386847881009
2025-11-15 20:00:00+00:00,bienhoa_dongnai,118.64100541234689
2025-11-15 21:00:00+00:00,bienhoa_dongnai,120.83346634660535
2025-11-15 21:00:00+00:00,binhduong_thudaumot,121.25625657763896
2025-11-15 21:00:00+00:00,bacgiang_bacgiangcity,144.39132970946784
2025-11-15 21:00:00+00:00,bacninh_bacninhcity,141.77800057999954
2025-11-15 21:00:00+00:00,backan_backancity,43.6734676420888
2025-11-15 21:00:00+00:00,bentre_bentrecity,101.62335080851588
2025-11-15 21:00:00+00:00,angiang_longxuyen,112.72132325405984
2025-11-15 22:00:00+00:00,binhduong_thudaumot,123.72636412539764
2025-11-15 22:00:00+00:00,angiang_longxuyen,114.89043041970682
2025-11-15 22:00:00+00:00,bacninh_bacninhcity,140.26950158671696
2025-11-15 22:00:00+00:00,bentre_bentrecity,100.36670594800152
2025-11-15 22:00:00+00:00,bacgiang_bacgiangcity,143.09247729034
2025-11-15 22:00:00+00:00,bienhoa_dongnai,123.34278146723786
2025-11-15 22:00:00+00:00,backan_backancity,43.65087746665689
2025-11-15 23:00:00+00:00,bentre_bentrecity,99.38648888879693
2025-11-15 23:00:00+00:00,bienhoa_dongnai,126.15545845259294
2025-11-15 23:00:00+00:00,backan_backancity,43.64784919968835
2025-11-15 23:00:00+00:00,bacninh_bacninhcity,138.74392073119517
2025-11-15 23:00:00+00:00,bacgiang_bacgiangcity,141.71016043837116
2025-11-15 23:00:00+00:00,binhduong_thudaumot,126.147304756761
2025-11-15 23:00:00+00:00,angiang_longxuyen,116.24922164021179
2025-11-16 00:00:00+00:00,bentre_bentrecity,98.84832538457682
2025-11-16 00:00:00+00:00,backan_backancity,43.73263197289066
2025-11-16 00:00:00+00:00,angiang_longxuyen,116.87218205824864
2025-11-16 00:00:00+00:00,bienhoa_dongnai,129.18636645280526
2025-11-16 00:00:00+00:00,bacninh_bacninhcity,137.31187242599316
2025-11-16 00:00:00+00:00,bacgiang_bacgiangcity,140.33537074424078
2025-11-16 00:00:00+00:00,binhduong_thudaumot,128.32737851277318
2025-11-16 01:00:00+00:00,backan_backancity,43.61754912616989
2025-11-16 01:00:00+00:00,bentre_bentrecity,99.20679322375801
2025-11-16 01:00:00+00:00,bienhoa_dongnai,132.01384104729823
2025-11-16 01:00:00+00:00,bacgiang_bacgiangcity,139.01183968970275
2025-11-16 01:00:00+00:00,bacninh_bacninhcity,135.9892594236539
2025-11-16 01:00:00+00:00,binhduong_thudaumot,130.32976348325684
2025-11-16 01:00:00+00:00,angiang_longxuyen,116.93767703335972
2025-11-16 02:00:00+00:00,bacgiang_bacgiangcity,137.95484398893663
2025-11-16 02:00:00+00:00,binhduong_thudaumot,131.8587815958262
2025-11-16 02:00:00+00:00,backan_backancity,43.59323162029759
2025-11-16 02:00:00+00:00,angiang_longxuyen,116.49828789645693
2025-11-16 02:00:00+00:00,bienhoa_dongnai,134.27596517470778
2025-11-16 02:00:00+00:00,bentre_bentrecity,99.44768402937977
2025-11-16 02:00:00+00:00,bacninh_bacninhcity,135.02584848470696
2025-11-16 03:00:00+00:00,angiang_longxuyen,115.40193342701649
2025-11-16 03:00:00+00:00,bacgiang_bacgiangcity,137.11998646357048
2025-11-16 03:00:00+00:00,binhduong_thudaumot,132.32791062036787
2025-11-16 03:00:00+00:00,bacninh_bacninhcity,134.34146014981886
2025-11-16 03:00:00+00:00,bienhoa_dongnai,135.28151514467515
2025-11-16 03:00:00+00:00,bentre_bentrecity,99.33068132231438
2025-11-16 03:00:00+00:00,backan_backancity,43.74838679285194
2025-11-16 04:00:00+00:00,bentre_bentrecity,99.40678610921101
2025-11-16 04:00:00+00:00,binhduong_thudaumot,131.70274317873938
2025-11-16 04:00:00+00:00,bacninh_bacninhcity,133.54753208906905
2025-11-16 04:00:00+00:00,bienhoa_dongnai,135.10487058913577
2025-11-16 04:00:00+00:00,angiang_longxuyen,113.9935238781938
2025-11-16 04:00:00+00:00,backan_backancity,44.00358790028332
2025-11-16 04:00:00+00:00,bacgiang_bacgiangcity,136.2059240935274
2025-11-16 05:00:00+00:00,binhduong_thudaumot,130.82747830375146
2025-11-16 05:00:00+00:00,bacgiang_bacgiangcity,135.11587416264643
2025-11-16 05:00:00+00:00,angiang_longxuyen,112.20889893133267
2025-11-16 05:00:00+00:00,backan_backancity,44.24152875618574
2025-11-16 05:00:00+00:00,bienhoa_dongnai,134.55303419849525
2025-11-16 05:00:00+00:00,bacninh_bacninhcity,132.59358448439878
2025-11-16 05:00:00+00:00,bentre_bentrecity,99.83682721223178
2025-11-16 06:00:00+00:00,bacgiang_bacgiangcity,133.97078896037905
2025-11-16 06:00:00+00:00,angiang_longxuyen,110.3263094392656
2025-11-16 06:00:00+00:00,backan_backancity,44.57626973208224
2025-11-16 06:00:00+00:00,binhduong_thudaumot,129.95290958208963
2025-11-16 06:00:00+00:00,bacninh_bacninhcity,131.62836354680397
2025-11-16 06:00:00+00:00,bentre_bentrecity,100.28755005160534
2025-11-16 06:00:00+00:00,bienhoa_dongnai,133.99082077233754
2025-11-16 07:00:00+00:00,angiang_longxuyen,108.23660998172575
2025-11-16 07:00:00+00:00,bacgiang_bacgiangcity,132.80383584175559
2025-11-16 07:00:00+00:00,binhduong_thudaumot,129.3316754067536
2025-11-16 07:00:00+00:00,bacninh_bacninhcity,130.70013445657474
2025-11-16 07:00:00+00:00,backan_backancity,45.093655234997435
2025-11-16 07:00:00+00:00,bentre_bentrecity,100.56081796945836
2025-11-16 07:00:00+00:00,bienhoa_dongnai,133.70277863174744
2025-11-16 08:00:00+00:00,bacninh_bacninhcity,130.3688307377259
2025-11-16 08:00:00+00:00,bienhoa_dongnai,133.46733087494414
2025-11-16 08:00:00+00:00,bacgiang_bacgiangcity,132.23211557173835
2025-11-16 08:00:00+00:00,backan_backancity,45.81032768038338
2025-11-16 08:00:00+00:00,binhduong_thudaumot,128.81079173337474
2025-11-16 08:00:00+00:00,angiang_longxuyen,106.21972734629118
2025-11-16 08:00:00+00:00,bentre_bentrecity,100.73975276066663
2025-11-16 09:00:00+00:00,bacgiang_bacgiangcity,132.29802823884506
2025-11-16 09:00:00+00:00,bienhoa_dongnai,133.14169645474465
2025-11-16 09:00:00+00:00,bentre_bentrecity,100.74212675228259
2025-11-16 09:00:00+00:00,binhduong_thudaumot,128.33775989924862
2025-11-16 09:00:00+00:00,bacninh_bacninhcity,130.553550671848
2025-11-16 09:00:00+00:00,angiang_longxuyen,103.9982202303059
2025-11-16 09:00:00+00:00,backan_backancity,46.59639355950656
2025-11-16 10:00:00+00:00,binhduong_thudaumot,128.09900976510463
2025-11-16 10:00:00+00:00,bienhoa_dongnai,132.92070693233276
2025-11-16 10:00:00+00:00,bacninh_bacninhcity,130.75363819064376
2025-11-16 10:00:00+00:00,backan_backancity,47.27977247207182
2025-11-16 10:00:00+00:00,bentre_bentrecity,100.83070247337257
2025-11-16 10:00:00+00:00,angiang_longxuyen,101.38415524501713
2025-11-16 10:00:00+00:00,bacgiang_bacgiangcity,132.43787238918353
2025-11-16 11:00:00+00:00,bienhoa_dongnai,132.70701831792834
2025-11-16 11:00:00+00:00,bacninh_bacninhcity,131.0131815544467
2025-11-16 11:00:00+00:00,bentre_bentrecity,100.81419602536701
2025-11-16 11:00:00+00:00,binhduong_thudaumot,127.98143817024307
2025-11-16 11:00:00+00:00,bacgiang_bacgiangcity,132.5218632879774
2025-11-16 11:00:00+00:00,angiang_longxuyen,98.4286471764588
2025-11-16 11:00:00+00:00,backan_backancity,47.6433428975854
2025-11-16 12:00:00+00:00,bacninh_bacninhcity,132.28352214391248
2025-11-16 12:00:00+00:00,bentre_bentrecity,100.56308481872647
2025-11-16 12:00:00+00:00,bacgiang_bacgiangcity,133.54203682875115
2025-11-16 12:00:00+00:00,angiang_longxuyen,95.45871241795662
2025-11-16 12:00:00+00:00,bienhoa_dongnai,132.88730027459658
2025-11-16 12:00:00+00:00,binhduong_thudaumot,128.259586231686
2025-11-16 12:00:00+00:00,backan_backancity,47.65993745249629
2025-11-16 13:00:00+00:00,angiang_longxuyen,92.85851774382058
2025-11-16 13:00:00+00:00,bacninh_bacninhcity,133.37821454728686
2025-11-16 13:00:00+00:00,binhduong_thudaumot,127.7571027609076
2025-11-16 13:00:00+00:00,bienhoa_dongnai,132.23074937083587
2025-11-16 13:00:00+00:00,bacgiang_bacgiangcity,134.35734114757048
2025-11-16 13:00:00+00:00,bentre_bentrecity,99.7593861372709
2025-11-16 13:00:00+00:00,backan_backancity,47.10528164088506
2025-11-16 14:00:00+00:00,binhduong_thudaumot,126.10241592010246
2025-11-16 14:00:00+00:00,bienhoa_dongnai,130.51754214105551
2025-11-16 14:00:00+00:00,bacgiang_bacgiangcity,134.88154895308145
2025-11-16 14:00:00+00:00,backan_backancity,46.664316369342394
2025-11-16 14:00:00+00:00,angiang_longxuyen,90.17669800445985
2025-11-16 14:00:00+00:00,bacninh_bacninhcity,134.0317110783293
2025-11-16 14:00:00+00:00,bentre_bentrecity,98.93075102612654
2025-11-16 15:00:00+00:00,angiang_longxuyen,87.16425764670146
2025-11-16 15:00:00+00:00,bienhoa_dongnai,127.44922460148194
2025-11-16 15:00:00+00:00,bacninh_bacninhcity,134.38565283315128
2025-11-16 15:00:00+00:00,bentre_bentrecity,98.05119719400611
2025-11-16 15:00:00+00:00,binhduong_thudaumot,123.07368339903421
2025-11-16 15:00:00+00:00,backan_backancity,46.678108907115735
2025-11-16 15:00:00+00:00,bacgiang_bacgiangcity,135.24585033958743
2025-11-16 16:00:00+00:00,bacninh_bacninhcity,134.22071235540693
2025-11-16 16:00:00+00:00,binhduong_thudaumot,119.07367449417367
2025-11-16 16:00:00+00:00,angiang_longxuyen,83.78602243600469
2025-11-16 16:00:00+00:00,bienhoa_dongnai,123.24891824408824
2025-11-16 16:00:00+00:00,bacgiang_bacgiangcity,135.0716075130231
2025-11-16 16:00:00+00:00,bentre_bentrecity,97.16840842439845
2025-11-16 16:00:00+00:00,backan_backancity,46.99852217736946
2025-11-16 17:00:00+00:00,bacgiang_bacgiangcity,134.49432671831366
2025-11-16 17:00:00+00:00,angiang_longxuyen,80.05305685929622
2025-11-16 17:00:00+00:00,backan_backancity,47.50880256540016
2025-11-16 17:00:00+00:00,bacninh_bacninhcity,133.59836433474914
2025-11-16 17:00:00+00:00,bentre_bentrecity,96.14620842480201
2025-11-16 17:00:00+00:00,bienhoa_dongnai,117.94014543711953
2025-11-16 17:00:00+00:00,binhduong_thudaumot,114.37657789492158
2025-11-16 18:00:00+00:00,bienhoa_dongnai,112.22375527840745
2025-11-16 18:00:00+00:00,bacgiang_bacgiangcity,133.7783069166709
2025-11-16 18:00:00+00:00,angiang_longxuyen,76.08838099895392
2025-11-16 18:00:00+00:00,backan_backancity,48.190662993522864
2025-11-16 18:00:00+00:00,binhduong_thudaumot,109.56542092414642
2025-11-16 18:00:00+00:00,bentre_bentrecity,94.92337812436335
2025-11-16 18:00:00+00:00,bacninh_bacninhcity,132.94304475218397
2025-11-16 19:00:00+00:00,bacninh_bacninhcity,132.89053738756294
2025-11-16 19:00:00+00:00,backan_backancity,49.07365952138877
2025-11-16 19:00:00+00:00,binhduong_thudaumot,104.71574981447462
2025-11-16 19:00:00+00:00,angiang_longxuyen,72.26674724329186
2025-11-16 19:00:00+00:00,bacgiang_bacgiangcity,133.50950906458917
2025-11-16 19:00:00+00:00,bentre_bentrecity,93.48015655827743
2025-11-16 19:00:00+00:00,bienhoa_dongnai,106.53234886605556
2025-11-16 20:00:00+00:00,bacgiang_bacgiangcity,133.74001848373547
2025-11-16 20:00:00+00:00,binhduong_thudaumot,100.15212810649696
2025-11-16 20:00:00+00:00,bentre_bentrecity,92.13150307058378
2025-11-16 20:00:00+00:00,bacninh_bacninhcity,133.49573393064898
2025-11-16 20:00:00+00:00,bienhoa_dongnai,101.36136546937375
2025-11-16 20:00:00+00:00,angiang_longxuyen,68.72203892979377
2025-11-16 20:00:00+00:00,backan_backancity,49.906598274149864
2025-11-16 21:00:00+00:00,bacgiang_bacgiangcity,134.16160893802112
2025-11-16 21:00:00+00:00,backan_backancity,50.40989972508641
2025-11-16 21:00:00+00:00,bienhoa_dongnai,96.90803185208335
2025-11-16 21:00:00+00:00,angiang_longxuyen,65.5684643625645
2025-11-16 21:00:00+00:00,bacninh_bacninhcity,134.40962226236053
2025-11-16 21:00:00+00:00,binhduong_thudaumot,96.01404154036294
2025-11-16 21:00:00+00:00,bentre_bentrecity,90.73579179352497
2025-11-16 22:00:00+00:00,bacninh_bacninhcity,135.10571032408538
2025-11-16 22:00:00+00:00,binhduong_thudaumot,92.04939178577037
2025-11-16 22:00:00+00:00,bacgiang_bacgiangcity,134.60190416198742
2025-11-16 22:00:00+00:00,bienhoa_dongnai,92.9787129665299
2025-11-16 22:00:00+00:00,bentre_bentrecity,89.25322559937914
2025-11-16 22:00:00+00:00,backan_backancity,50.766365035715495
2025-11-16 22:00:00+00:00,angiang_longxuyen,62.86937349427906
2025-11-16 23:00:00+00:00,bentre_bentrecity,87.82565551799513
2025-11-16 23:00:00+00:00,bacgiang_bacgiangcity,135.1904147800385
2025-11-16 23:00:00+00:00,angiang_longxuyen,60.72917627097749
2025-11-16 23:00:00+00:00,bienhoa_dongnai,89.66474032200908
2025-11-16 23:00:00+00:00,binhduong_thudaumot,88.40842504658505
2025-11-16 23:00:00+00:00,bacninh_bacninhcity,135.85900913634072
2025-11-16 23:00:00+00:00,backan_backancity,51.21126792450891
2025-11-17 00:00:00+00:00,angiang_longxuyen,58.99510184524732
2025-11-17 00:00:00+00:00,binhduong_thudaumot,85.24518917647701
2025-11-17 00:00:00+00:00,bentre_bentrecity,86.48493817821901
2025-11-17 00:00:00+00:00,bienhoa_dongnai,86.78521303803618
2025-11-17 00:00:00+00:00,backan_backancity,51.732190756512345
2025-11-17 00:00:00+00:00,bacgiang_bacgiangcity,136.02738687113268
2025-11-17 00:00:00+00:00,bacninh_bacninhcity,136.59246322784395
2025-11-17 01:00:00+00:00,bienhoa_dongnai,84.02056954444237
2025-11-17 01:00:00+00:00,bentre_bentrecity,85.3742712314898
2025-11-17 01:00:00+00:00,backan_backancity,52.367247926329746
2025-11-17 01:00:00+00:00,bacgiang_bacgiangcity,137.03903688462
2025-11-17 01:00:00+00:00,angiang_longxuyen,57.715946214289815
2025-11-17 01:00:00+00:00,binhduong_thudaumot,82.35730261389305
2025-11-17 01:00:00+00:00,bacninh_bacninhcity,137.27351872868337
2025-11-17 02:00:00+00:00,angiang_longxuyen,56.84439705767995
2025-11-17 02:00:00+00:00,binhduong_thudaumot,79.78649104881626
2025-11-17 02:00:00+00:00,bacninh_bacninhcity,137.97462344531442
2025-11-17 02:00:00+00:00,bentre_bentrecity,84.14377563028705
2025-11-17 02:00:00+00:00,backan_backancity,52.97069103322566
2025-11-17 02:00:00+00:00,bacgiang_bacgiangcity,138.1255886450373
2025-11-17 02:00:00+00:00,bienhoa_dongnai,81.40655731452283
2025-11-17 03:00:00+00:00,bienhoa_dongnai,78.9060441825072
2025-11-17 03:00:00+00:00,bentre_bentrecity,82.72892666319795
2025-11-17 03:00:00+00:00,backan_backancity,53.67796540870928
2025-11-17 03:00:00+00:00,angiang_longxuyen,56.36043561633409
2025-11-17 03:00:00+00:00,bacgiang_bacgiangcity,138.83538222536976
2025-11-17 03:00:00+00:00,binhduong_thudaumot,77.41808606330281
2025-11-17 03:00:00+00:00,bacninh_bacninhcity,138.36073618571876
2025-11-17 04:00:00+00:00,binhduong_thudaumot,75.28062559276447
2025-11-17 04:00:00+00:00,bentre_bentrecity,81.21816517160553
2025-11-17 04:00:00+00:00,bienhoa_dongnai,76.5959986005123
2025-11-17 04:00:00+00:00,bacgiang_bacgiangcity,138.83242357373382
2025-11-17 04:00:00+00:00,backan_backancity,54.36891063773757
2025-11-17 04:00:00+00:00,bacninh_bacninhcity,138.20870935217357
2025-11-17 04:00:00+00:00,angiang_longxuyen,56.21945586588242
2025-11-17 05:00:00+00:00,angiang_longxuyen,56.32543650786445
2025-11-17 05:00:00+00:00,bacninh_bacninhcity,137.76217050306383
2025-11-17 05:00:00+00:00,backan_backancity,55.10355689181175
2025-11-17 05:00:00+00:00,bienhoa_dongnai,74.4801319359579
2025-11-17 05:00:00+00:00,bentre_bentrecity,79.6556968917171
2025-11-17 05:00:00+00:00,binhduong_thudaumot,73.3575759957064
2025-11-17 05:00:00+00:00,bacgiang_bacgiangcity,138.5575343800487
2025-11-17 06:00:00+00:00,bienhoa_dongnai,72.33804639675928
2025-11-17 06:00:00+00:00,binhduong_thudaumot,71.35384222815341
2025-11-17 06:00:00+00:00,backan_backancity,55.88116015706453
2025-11-17 06:00:00+00:00,bacninh_bacninhcity,138.07312914095746
2025-11-17 06:00:00+00:00,bentre_bentrecity,77.9085173796231
2025-11-17 06:00:00+00:00,angiang_longxuyen,56.76045401942725
2025-11-17 06:00:00+00:00,bacgiang_bacgiangcity,138.997829604015
2025-11-17 07:00:00+00:00,bacgiang_bacgiangcity,140.1376327429206
2025-11-17 07:00:00+00:00,angiang_longxuyen,57.425210830519354
2025-11-17 07:00:00+00:00,binhduong_thudaumot,69.55296753982574
2025-11-17 07:00:00+00:00,bentre_bentrecity,76.33935732588755
2025-11-17 07:00:00+00:00,backan_backancity,56.897665840001395
2025-11-17 07:00:00+00:00,bienhoa_dongnai,70.50122844201346
2025-11-17 07:00:00+00:00,bacninh_bacninhcity,139.08284732896485
2025-11-17 08:00:00+00:00,bacninh_bacninhcity,140.57293741773043
2025-11-17 08:00:00+00:00,backan_backancity,58.006873040224946
2025-11-17 08:00:00+00:00,bienhoa_dongnai,69.1173757017689
2025-11-17 08:00:00+00:00,bacgiang_bacgiangcity,141.63145160293908
2025-11-17 08:00:00+00:00,bentre_bentrecity,75.00237745928092
2025-11-17 08:00:00+00:00,binhduong_thudaumot,68.14657683564874
2025-11-17 08:00:00+00:00,angiang_longxuyen,58.25690520921004
2025-11-17 09:00:00+00:00,backan_backancity,58.83231074089732
2025-11-17 09:00:00+00:00,bienhoa_dongnai,68.2517786560972
2025-11-17 09:00:00+00:00,bacgiang_bacgiangcity,143.01155381713926
2025-11-17 09:00:00+00:00,bentre_bentrecity,74.08050511911065
2025-11-17 09:00:00+00:00,bacninh_bacninhcity,142.08771484382277
2025-11-17 09:00:00+00:00,binhduong_thudaumot,67.22242024237721
2025-11-17 09:00:00+00:00,angiang_longxuyen,59.23249883136372
2025-11-17 10:00:00+00:00,bacninh_bacninhcity,143.31088669448704
2025-11-17 10:00:00+00:00,bienhoa_dongnai,67.81429850214332
2025-11-17 10:00:00+00:00,angiang_longxuyen,60.20632161349413
2025-11-17 10:00:00+00:00,bentre_bentrecity,73.29470464844306
2025-11-17 10:00:00+00:00,binhduong_thudaumot,66.71715650925273
2025-11-17 10:00:00+00:00,bacgiang_bacgiangcity,144.00585220897358
2025-11-17 10:00:00+00:00,backan_backancity,59.282421726761605
2025-11-17 11:00:00+00:00,angiang_longxuyen,61.21218920341654
2025-11-17 11:00:00+00:00,bacninh_bacninhcity,144.50221388144058
2025-11-17 11:00:00+00:00,bienhoa_dongnai,67.70961879668944
2025-11-17 11:00:00+00:00,bentre_bentrecity,72.72333680604716
2025-11-17 11:00:00+00:00,bacgiang_bacgiangcity,144.98540955412773
2025-11-17 11:00:00+00:00,binhduong_thudaumot,66.59133549747688
2025-11-17 11:00:00+00:00,backan_backancity,59.618346163312474
2025-11-17 12:00:00+00:00,angiang_longxuyen,61.87541447719123
2025-11-17 12:00:00+00:00,binhduong_thudaumot,66.87672790446952
2025-11-17 12:00:00+00:00,bentre_bentrecity,72.11195755123371
2025-11-17 12:00:00+00:00,bacninh_bacninhcity,144.99412887453713
2025-11-17 12:00:00+00:00,backan_backancity,59.69420512106584
2025-11-17 12:00:00+00:00,bienhoa_dongnai,67.97586698721436
2025-11-17 12:00:00+00:00,bacgiang_bacgiangcity,145.51348536155683
2025-11-17 13:00:00+00:00,backan_backancity,59.475582519962686
2025-11-17 13:00:00+00:00,angiang_longxuyen,62.576636669696065
2025-11-17 13:00:00+00:00,bentre_bentrecity,72.15290877064149
2025-11-17 13:00:00+00:00,bienhoa_dongnai,69.02173293667946
2025-11-17 13:00:00+00:00,bacninh_bacninhcity,144.89205539309782
2025-11-17 13:00:00+00:00,bacgiang_bacgiangcity,145.33329477501263
2025-11-17 13:00:00+00:00,binhduong_thudaumot,67.82637676235115
2025-11-17 14:00:00+00:00,bacgiang_bacgiangcity,144.80377444943187
2025-11-17 14:00:00+00:00,angiang_longxuyen,63.241963456323916
2025-11-17 14:00:00+00:00,bentre_bentrecity,72.34076574568935
2025-11-17 14:00:00+00:00,binhduong_thudaumot,68.6437608392322
2025-11-17 14:00:00+00:00,bacninh_bacninhcity,144.46801970025422
2025-11-17 14:00:00+00:00,bienhoa_dongnai,69.81263273046073
2025-11-17 14:00:00+00:00,backan_backancity,59.40886492557266
2025-11-17 15:00:00+00:00,bentre_bentrecity,72.56581471218406
2025-11-17 15:00:00+00:00,backan_backancity,59.45343614227615
2025-11-17 15:00:00+00:00,bacgiang_bacgiangcity,144.05991286570344
2025-11-17 15:00:00+00:00,bacninh_bacninhcity,143.85171080970034
2025-11-17 15:00:00+00:00,bienhoa_dongnai,70.25709182150877
2025-11-17 15:00:00+00:00,binhduong_thudaumot,69.30046402653299
2025-11-17 15:00:00+00:00,angiang_longxuyen,63.903748562905236
2025-11-17 16:00:00+00:00,bentre_bentrecity,72.91328224107332
2025-11-17 16:00:00+00:00,bacninh_bacninhcity,142.91208220875626
2025-11-17 16:00:00+00:00,angiang_longxuyen,64.64242380435421
2025-11-17 16:00:00+00:00,bienhoa_dongnai,70.37879247578576
2025-11-17 16:00:00+00:00,binhduong_thudaumot,69.76076060574977
2025-11-17 16:00:00+00:00,backan_backancity,59.559904091586446
2025-11-17 16:00:00+00:00,bacgiang_bacgiangcity,143.0077641324703
2025-11-17 17:00:00+00:00,angiang_longxuyen,65.50226018125245
2025-11-17 17:00:00+00:00,bienhoa_dongnai,70.2083262810155
2025-11-17 17:00:00+00:00,bentre_bentrecity,73.37895660473421
2025-11-17 17:00:00+00:00,bacninh_bacninhcity,141.3037026170116
2025-11-17 17:00:00+00:00,bacgiang_bacgiangcity,141.43775564186856
2025-11-17 17:00:00+00:00,backan_backancity,59.7529300050806
2025-11-17 17:00:00+00:00,binhduong_thudaumot,70.051100052316
2025-11-17 18:00:00+00:00,angiang_longxuyen,66.279693759132
2025-11-17 18:00:00+00:00,bentre_bentrecity,73.97686094172936
2025-11-17 18:00:00+00:00,backan_backancity,59.94682175927409
2025-11-17 18:00:00+00:00,bienhoa_dongnai,70.12547098233483
2025-11-17 18:00:00+00:00,bacninh_bacninhcity,138.87409270125914
2025-11-17 18:00:00+00:00,bacgiang_bacgiangcity,139.24801405654017
2025-11-17 18:00:00+00:00,binhduong_thudaumot,70.45628304289717
2025-11-17 19:00:00+00:00,bacgiang_bacgiangcity,136.22578186715438
2025-11-17 19:00:00+00:00,angiang_longxuyen,67.08090967501441
2025-11-17 19:00:00+00:00,bentre_bentrecity,74.49145748038187
2025-11-17 19:00:00+00:00,backan_backancity,60.17095267357
2025-11-17 19:00:00+00:00,binhduong_thudaumot,70.96618054659851
2025-11-17 19:00:00+00:00,bienhoa_dongnai,70.24259442849274
2025-11-17 19:00:00+00:00,bacninh_bacninhcity,135.49967219324148
2025-11-17 20:00:00+00:00,binhduong_thudaumot,71.50301048210332
2025-11-17 20:00:00+00:00,bentre_bentrecity,74.92659681877674
2025-11-17 20:00:00+00:00,backan_backancity,60.50075966276778
2025-11-17 20:00:00+00:00,bacninh_bacninhcity,131.23287449128873
2025-11-17 20:00:00+00:00,bienhoa_dongnai,70.57801415388218
2025-11-17 20:00:00+00:00,bacgiang_bacgiangcity,132.31855170909012
2025-11-17 20:00:00+00:00,angiang_longxuyen,67.74452218407674
2025-11-17 21:00:00+00:00,bacninh_bacninhcity,126.26797423392372
2025-11-17 21:00:00+00:00,binhduong_thudaumot,72.11945425236414
2025-11-17 21:00:00+00:00,bacgiang_bacgiangcity,127.65594298070882
2025-11-17 21:00:00+00:00,backan_backancity,60.963523235333916
2025-11-17 21:00:00+00:00,bienhoa_dongnai,71.25631114716693
2025-11-17 21:00:00+00:00,angiang_longxuyen,68.36088328613009
2025-11-17 21:00:00+00:00,bentre_bentrecity,75.06060633405083
2025-11-17 22:00:00+00:00,bacgiang_bacgiangcity,122.5294220267733
2025-11-17 22:00:00+00:00,backan_backancity,61.52917391853923
2025-11-17 22:00:00+00:00,bentre_bentrecity,75.08320086044104
2025-11-17 22:00:00+00:00,bienhoa_dongnai,72.07407375741906
2025-11-17 22:00:00+00:00,angiang_longxuyen,68.87290405747603
2025-11-17 22:00:00+00:00,binhduong_thudaumot,72.71454351934688
2025-11-17 22:00:00+00:00,bacninh_bacninhcity,121.0112127823312
2025-11-17 23:00:00+00:00,bacgiang_bacgiangcity,117.27474685967994
2025-11-17 23:00:00+00:00,binhduong_thudaumot,73.37195591284863
2025-11-17 23:00:00+00:00,angiang_longxuyen,69.39657234415927
2025-11-17 23:00:00+00:00,bienhoa_dongnai,72.98652627289553
2025-11-17 23:00:00+00:00,bentre_bentrecity,74.97549288801864
2025-11-17 23:00:00+00:00,bacninh_bacninhcity,115.71608240507489
2025-11-17 23:00:00+00:00,backan_backancity,61.715303563146705
2025-11-18 00:00:00+00:00,backan_backancity,61.11007221239437
2025-11-18 00:00:00+00:00,angiang_longxuyen,69.84515179270613
2025-11-18 00:00:00+00:00,bentre_bentrecity,74.81184029392757
2025-11-18 00:00:00+00:00,bacninh_bacninhcity,110.58576795938191
2025-11-18 00:00:00+00:00,bacgiang_bacgiangcity,112.08777369128927
2025-11-18 00:00:00+00:00,bienhoa_dongnai,74.1832225423766
2025-11-18 00:00:00+00:00,binhduong_thudaumot,74.36266041313695
2025-11-18 01:00:00+00:00,backan_backancity,60.46808831698228
2025-11-18 01:00:00+00:00,bentre_bentrecity,75.16707428336112
2025-11-18 01:00:00+00:00,bacgiang_bacgiangcity,107.34152186884226
2025-11-18 01:00:00+00:00,bacninh_bacninhcity,106.07120221836324
2025-11-18 01:00:00+00:00,bienhoa_dongnai,75.9051273377749
2025-11-18 01:00:00+00:00,angiang_longxuyen,70.6704850703796
2025-11-18 01:00:00+00:00,binhduong_thudaumot,75.73044506442346
2025-11-18 02:00:00+00:00,bacninh_bacninhcity,102.15432979286274
2025-11-18 02:00:00+00:00,bienhoa_dongnai,77.67006746160098
2025-11-18 02:00:00+00:00,bacgiang_bacgiangcity,103.23112996801679
2025-11-18 02:00:00+00:00,bentre_bentrecity,75.66342725391155
2025-11-18 02:00:00+00:00,angiang_longxuyen,71.41624802287993
2025-11-18 02:00:00+00:00,binhduong_thudaumot,77.15864277154051
2025-11-18 02:00:00+00:00,backan_backancity,59.74509828016198
2025-11-18 03:00:00+00:00,bacninh_bacninhcity,98.61233538959685
2025-11-18 03:00:00+00:00,bienhoa_dongnai,79.04011461119732
2025-11-18 03:00:00+00:00,bacgiang_bacgiangcity,99.65954034647513
2025-11-18 03:00:00+00:00,binhduong_thudaumot,78.25308281933418
2025-11-18 03:00:00+00:00,bentre_bentrecity,76.0273022465053
2025-11-18 03:00:00+00:00,angiang_longxuyen,72.15516256703474
2025-11-18 03:00:00+00:00,backan_backancity,59.01299733668636
2025-11-18 04:00:00+00:00,bacninh_bacninhcity,95.20225823453826
2025-11-18 04:00:00+00:00,bentre_bentrecity,76.37085826389352
2025-11-18 04:00:00+00:00,bienhoa_dongnai,79.82420080429941
2025-11-18 04:00:00+00:00,backan_backancity,58.15216023938184
2025-11-18 04:00:00+00:00,bacgiang_bacgiangcity,96.40987649706207
2025-11-18 04:00:00+00:00,angiang_longxuyen,72.9564698530412
2025-11-18 04:00:00+00:00,binhduong_thudaumot,78.9386372110435
2025-11-18 05:00:00+00:00,bacninh_bacninhcity,91.85246088721263
2025-11-18 05:00:00+00:00,bentre_bentrecity,76.69146297631193
2025-11-18 05:00:00+00:00,bienhoa_dongnai,80.13511158165187
2025-11-18 05:00:00+00:00,bacgiang_bacgiangcity,93.25466379403733
2025-11-18 05:00:00+00:00,angiang_longxuyen,73.67016189199978
2025-11-18 05:00:00+00:00,backan_backancity,57.0368703994715
2025-11-18 05:00:00+00:00,binhduong_thudaumot,79.36255107705502
2025-11-18 06:00:00+00:00,binhduong_thudaumot,79.33324302202624
2025-11-18 06:00:00+00:00,bacgiang_bacgiangcity,90.26373131083668
2025-11-18 06:00:00+00:00,bacninh_bacninhcity,88.71141599211357
2025-11-18 06:00:00+00:00,backan_backancity,55.90811869461772
2025-11-18 06:00:00+00:00,angiang_longxuyen,74.12406691349132
2025-11-18 06:00:00+00:00,bienhoa_dongnai,80.04613013370152
2025-11-18 06:00:00+00:00,bentre_bentrecity,77.07429074320873
2025-11-18 07:00:00+00:00,bacgiang_bacgiangcity,87.50840974537516
2025-11-18 07:00:00+00:00,bacninh_bacninhcity,85.90781401800794
2025-11-18 07:00:00+00:00,binhduong_thudaumot,78.91510287766306
2025-11-18 07:00:00+00:00,angiang_longxuyen,74.38702142859213
2025-11-18 07:00:00+00:00,bentre_bentrecity,77.93420978831446
2025-11-18 07:00:00+00:00,backan_backancity,54.685838790402514
2025-11-18 07:00:00+00:00,bienhoa_dongnai,79.6850658601619
2025-11-18 08:00:00+00:00,bentre_bentrecity,78.85922352036874
2025-11-18 08:00:00+00:00,backan_backancity,53.54012705014164
2025-11-18 08:00:00+00:00,bacgiang_bacgiangcity,84.92272660486958
2025-11-18 08:00:00+00:00,angiang_longxuyen,74.59164264592411
2025-11-18 08:00:00+00:00,binhduong_thudaumot,78.42613348332758
2025-11-18 08:00:00+00:00,bacninh_bacninhcity,83.30937930649944
2025-11-18 08:00:00+00:00,bienhoa_dongnai,79.36137631831723
2025-11-18 09:00:00+00:00,bienhoa_dongnai,79.26758271050022
2025-11-18 09:00:00+00:00,backan_backancity,52.38394690423955
2025-11-18 09:00:00+00:00,bacninh_bacninhcity,80.86805661103539
2025-11-18 09:00:00+00:00,bentre_bentrecity,79.54635730993664
2025-11-18 09:00:00+00:00,bacgiang_bacgiangcity,82.47855947042467
2025-11-18 09:00:00+00:00,binhduong_thudaumot,78.04606857494373
2025-11-18 09:00:00+00:00,angiang_longxuyen,74.82067709021075
2025-11-18 10:00:00+00:00,angiang_longxuyen,75.03953464306147
2025-11-18 10:00:00+00:00,backan_backancity,51.31212313762752
2025-11-18 10:00:00+00:00,binhduong_thudaumot,77.77338096615239
2025-11-18 10:00:00+00:00,bentre_bentrecity,79.82476207791856
2025-11-18 10:00:00+00:00,bacninh_bacninhcity,78.38233673719935
2025-11-18 10:00:00+00:00,bacgiang_bacgiangcity,79.97935162589548
2025-11-18 10:00:00+00:00,bienhoa_dongnai,79.27502284917291
2025-11-18 11:00:00+00:00,backan_backancity,50.10768216239361
2025-11-18 11:00:00+00:00,bacninh_bacninhcity,75.53730602601382
2025-11-18 11:00:00+00:00,angiang_longxuyen,74.98083151383815
2025-11-18 11:00:00+00:00,bienhoa_dongnai,79.15166883074643
2025-11-18 11:00:00+00:00,bacgiang_bacgiangcity,77.19819298237952
2025-11-18 11:00:00+00:00,binhduong_thudaumot,77.46732585824947
2025-11-18 11:00:00+00:00,bentre_bentrecity,79.69534717459673
2025-11-18 12:00:00+00:00,bienhoa_dongnai,78.83387918834043
2025-11-18 12:00:00+00:00,backan_backancity,48.88070322322723
2025-11-18 12:00:00+00:00,bacgiang_bacgiangcity,73.96586171917698
2025-11-18 12:00:00+00:00,bacninh_bacninhcity,72.26575522480218
2025-11-18 12:00:00+00:00,binhduong_thudaumot,77.06819940160537
2025-11-18 12:00:00+00:00,angiang_longxuyen,74.53986189133721
2025-11-18 12:00:00+00:00,bentre_bentrecity,79.48483911070092
2025-11-18 13:00:00+00:00,binhduong_thudaumot,78.0022065644412
2025-11-18 13:00:00+00:00,bentre_bentrecity,79.50473604295249
2025-11-18 13:00:00+00:00,backan_backancity,47.63947054470897
2025-11-18 13:00:00+00:00,bienhoa_dongnai,80.27740097054826
2025-11-18 13:00:00+00:00,angiang_longxuyen,74.49012173618742
2025-11-18 13:00:00+00:00,bacninh_bacninhcity,68.91930267666055
2025-11-18 13:00:00+00:00,bacgiang_bacgiangcity,70.63924954082918
2025-11-18 14:00:00+00:00,backan_backancity,46.3624251285212
2025-11-18 14:00:00+00:00,bienhoa_dongnai,81.79632921084747
2025-11-18 14:00:00+00:00,bacgiang_bacgiangcity,67.28503488310156
2025-11-18 14:00:00+00:00,angiang_longxuyen,74.31068821638536
2025-11-18 14:00:00+00:00,binhduong_thudaumot,79.2295379312289
2025-11-18 14:00:00+00:00,bentre_bentrecity,79.27530566146164
2025-11-18 14:00:00+00:00,bacninh_bacninhcity,65.57221488860884
2025-11-18 15:00:00+00:00,bentre_bentrecity,78.66665445749484
2025-11-18 15:00:00+00:00,backan_backancity,45.09965955743504
2025-11-18 15:00:00+00:00,bacninh_bacninhcity,62.50449343032075
2025-11-18 15:00:00+00:00,bacgiang_bacgiangcity,64.12528195510315
2025-11-18 15:00:00+00:00,bienhoa_dongnai,82.54378903708016
2025-11-18 15:00:00+00:00,angiang_longxuyen,73.92355300078331
2025-11-18 15:00:00+00:00,binhduong_thudaumot,80.17061540128293
2025-11-18 16:00:00+00:00,bienhoa_dongnai,82.64761595470956
2025-11-18 16:00:00+00:00,bacninh_bacninhcity,59.619642748882335
2025-11-18 16:00:00+00:00,angiang_longxuyen,73.44685765977862
2025-11-18 16:00:00+00:00,backan_backancity,43.95713271864107
2025-11-18 16:00:00+00:00,bentre_bentrecity,77.82034956087264
2025-11-18 16:00:00+00:00,bacgiang_bacgiangcity,61.08064233053353
2025-11-18 16:00:00+00:00,binhduong_thudaumot,80.78611066263694
2025-11-18 17:00:00+00:00,bentre_bentrecity,77.1492011920553
2025-11-18 17:00:00+00:00,angiang_longxuyen,73.01867985464474
2025-11-18 17:00:00+00:00,backan_backancity,42.79443483722337
2025-11-18 17:00:00+00:00,bacninh_bacninhcity,57.0603481703942
2025-11-18 17:00:00+00:00,bienhoa_dongnai,82.73942552554718
2025-11-18 17:00:00+00:00,binhduong_thudaumot,81.3999395069666
2025-11-18 17:00:00+00:00,bacgiang_bacgiangcity,58.27556646930779
2025-11-18 18:00:00+00:00,angiang_longxuyen,72.59032366022105
2025-11-18 18:00:00+00:00,bacninh_bacninhcity,54.81451838177366
2025-11-18 18:00:00+00:00,bienhoa_dongnai,83.02503112949594
2025-11-18 18:00:00+00:00,bacgiang_bacgiangcity,55.73887076816815
2025-11-18 18:00:00+00:00,backan_backancity,41.699350847603064
2025-11-18 18:00:00+00:00,binhduong_thudaumot,82.05401906641967
2025-11-18 18:00:00+00:00,bentre_bentrecity,76.69050141453026
2025-11-18 19:00:00+00:00,angiang_longxuyen,72.25211497056891
2025-11-18 19:00:00+00:00,bienhoa_dongnai,83.51655453634656
2025-11-18 19:00:00+00:00,backan_backancity,40.58528362697168
2025-11-18 19:00:00+00:00,binhduong_thudaumot,82.727190630841
2025-11-18 19:00:00+00:00,bacgiang_bacgiangcity,53.43028275719976
2025-11-18 19:00:00+00:00,bacninh_bacninhcity,52.82429869066358
2025-11-18 19:00:00+00:00,bentre_bentrecity,76.51725930837219
2025-11-18 20:00:00+00:00,bentre_bentrecity,76.37380821361288
2025-11-18 20:00:00+00:00,angiang_longxuyen,72.01946923090314
2025-11-18 20:00:00+00:00,binhduong_thudaumot,83.32017838497056
2025-11-18 20:00:00+00:00,bacninh_bacninhcity,50.99871491021767
2025-11-18 20:00:00+00:00,bienhoa_dongnai,84.01159351749398
2025-11-18 20:00:00+00:00,backan_backancity,39.369134222984435
2025-11-18 20:00:00+00:00,bacgiang_bacgiangcity,51.281718641110146
2025-11-18 21:00:00+00:00,bacninh_bacninhcity,49.43491523709307
2025-11-18 21:00:00+00:00,bacgiang_bacgiangcity,49.434423578806516
2025-11-18 21:00:00+00:00,backan_backancity,38.221207844954904
2025-11-18 21:00:00+00:00,bienhoa_dongnai,84.1910444411292
2025-11-18 21:00:00+00:00,bentre_bentrecity,76.08846366716139
2025-11-18 21:00:00+00:00,angiang_longxuyen,71.8060068663297
2025-11-18 21:00:00+00:00,binhduong_thudaumot,83.64766196244247
2025-11-18 22:00:00+00:00,angiang_longxuyen,71.24957151277863
2025-11-18 22:00:00+00:00,bentre_bentrecity,75.59240656177457
2025-11-18 22:00:00+00:00,bacgiang_bacgiangcity,47.822245600476315
2025-11-18 22:00:00+00:00,bacninh_bacninhcity,48.04409226167097
2025-11-18 22:00:00+00:00,backan_backancity,37.05814013208273
2025-11-18 22:00:00+00:00,binhduong_thudaumot,83.62337926423648
2025-11-18 22:00:00+00:00,bienhoa_dongnai,83.94572435997013
2025-11-18 23:00:00+00:00,bacninh_bacninhcity,46.90762195681406
2025-11-18 23:00:00+00:00,bentre_bentrecity,75.01211490392973
2025-11-18 23:00:00+00:00,binhduong_thudaumot,83.50946682529522
2025-11-18 23:00:00+00:00,angiang_longxuyen,70.45439472700014
2025-11-18 23:00:00+00:00,bacgiang_bacgiangcity,46.48744991493032
2025-11-18 23:00:00+00:00,bienhoa_dongnai,83.60871218384723
2025-11-18 23:00:00+00:00,backan_backancity,35.95277917898588
2025-11-19 00:00:00+00:00,bacgiang_bacgiangcity,45.31771653396074
2025-11-19 00:00:00+00:00,bienhoa_dongnai,83.44352805243875
2025-11-19 00:00:00+00:00,backan_backancity,34.97024142740436
2025-11-19 00:00:00+00:00,bentre_bentrecity,74.30898264073642
2025-11-19 00:00:00+00:00,bacninh_bacninhcity,45.93344239610402
2025-11-19 00:00:00+00:00,binhduong_thudaumot,83.56580738416808
2025-11-19 00:00:00+00:00,angiang_longxuyen,69.47793961510541
2025-11-19 01:00:00+00:00,angiang_longxuyen,68.37667726471597
2025-11-19 01:00:00+00:00,backan_backancity,33.98725552711916
2025-11-19 01:00:00+00:00,bienhoa_dongnai,82.28622971025662
2025-11-19 01:00:00+00:00,binhduong_thudaumot,82.68539097456703
2025-11-19 01:00:00+00:00,bacninh_bacninhcity,45.03352934241391
2025-11-19 01:00:00+00:00,bentre_bentrecity,73.37152081701981
2025-11-19 01:00:00+00:00,bacgiang_bacgiangcity,44.2447658691521
2025-11-19 02:00:00+00:00,angiang_longxuyen,67.2521285855685
2025-11-19 02:00:00+00:00,bienhoa_dongnai,80.70439966598605
2025-11-19 02:00:00+00:00,binhduong_thudaumot,81.23248417533173
2025-11-19 02:00:00+00:00,bacgiang_bacgiangcity,43.20690133197885
2025-11-19 02:00:00+00:00,backan_backancity,33.10995005269412
2025-11-19 02:00:00+00:00,bacninh_bacninhcity,44.1923194179471
2025-11-19 02:00:00+00:00,bentre_bentrecity,72.20096945589206
2025-11-19 03:00:00+00:00,backan_backancity,32.2664384712929
2025-11-19 03:00:00+00:00,angiang_longxuyen,66.05980938012529
2025-11-19 03:00:00+00:00,bacninh_bacninhcity,43.39089900702515
2025-11-19 03:00:00+00:00,bentre_bentrecity,71.06945054156704
2025-11-19 03:00:00+00:00,bacgiang_bacgiangcity,42.19660011556084
2025-11-19 03:00:00+00:00,bienhoa_dongnai,79.10554432193408
2025-11-19 03:00:00+00:00,binhduong_thudaumot,79.52327982717645
2025-11-19 04:00:00+00:00,angiang_longxuyen,64.98795950776353
2025-11-19 04:00:00+00:00,bentre_bentrecity,69.94064662521379
2025-11-19 04:00:00+00:00,bacgiang_bacgiangcity,41.46724027580673
2025-11-19 04:00:00+00:00,bienhoa_dongnai,77.5111182534194
2025-11-19 04:00:00+00:00,binhduong_thudaumot,77.76373489162764
2025-11-19 04:00:00+00:00,backan_backancity,31.589673015325573
2025-11-19 04:00:00+00:00,bacninh_bacninhcity,42.92263147222454
2025-11-19 05:00:00+00:00,backan_backancity,31.08141147194057
2025-11-19 05:00:00+00:00,bienhoa_dongnai,76.05788513231249
2025-11-19 05:00:00+00:00,bacninh_bacninhcity,42.65321143310758
2025-11-19 05:00:00+00:00,bacgiang_bacgiangcity,40.903012355961636
2025-11-19 05:00:00+00:00,binhduong_thudaumot,76.15168309108779
2025-11-19 05:00:00+00:00,angiang_longxuyen,63.8365567140618
2025-11-19 05:00:00+00:00,bentre_bentrecity,69.13224292623941
2025-11-19 06:00:00+00:00,bienhoa_dongnai,74.73511549547487
2025-11-19 06:00:00+00:00,bacgiang_bacgiangcity,40.38060584718195
2025-11-19 06:00:00+00:00,binhduong_thudaumot,74.73683412399868
2025-11-19 06:00:00+00:00,bentre_bentrecity,68.65853669357865
2025-11-19 06:00:00+00:00,angiang_longxuyen,62.75201944733189
2025-11-19 06:00:00+00:00,bacninh_bacninhcity,42.40681231429306
2025-11-19 06:00:00+00:00,backan_backancity,30.75692570472917
2025-11-19 07:00:00+00:00,bienhoa_dongnai,73.62611279029086
2025-11-19 07:00:00+00:00,binhduong_thudaumot,73.62455949818201
2025-11-19 07:00:00+00:00,bacgiang_bacgiangcity,39.950126385113656
2025-11-19 07:00:00+00:00,angiang_longxuyen,61.52668081944014
2025-11-19 07:00:00+00:00,bacninh_bacninhcity,42.23297847780781
2025-11-19 07:00:00+00:00,bentre_bentrecity,68.64347367598518
2025-11-19 07:00:00+00:00,backan_backancity,30.82750695007904
2025-11-19 08:00:00+00:00,bienhoa_dongnai,72.5384428335935
2025-11-19 08:00:00+00:00,bacgiang_bacgiangcity,39.523610646045846
2025-11-19 08:00:00+00:00,angiang_longxuyen,60.256596936513354
2025-11-19 08:00:00+00:00,bacninh_bacninhcity,42.032904011886906
2025-11-19 08:00:00+00:00,binhduong_thudaumot,72.61545044433494
2025-11-19 08:00:00+00:00,bentre_bentrecity,68.70417824602103
2025-11-19 08:00:00+00:00,backan_backancity,30.6826026352515
2025-11-19 09:00:00+00:00,backan_backancity,30.428541478891603
2025-11-19 09:00:00+00:00,bentre_bentrecity,68.47478702315478
2025-11-19 09:00:00+00:00,bacgiang_bacgiangcity,39.04832066456821
2025-11-19 09:00:00+00:00,angiang_longxuyen,58.985268679516174
2025-11-19 09:00:00+00:00,bienhoa_dongnai,71.57065047965042
2025-11-19 09:00:00+00:00,bacninh_bacninhcity,41.71035007015543
2025-11-19 09:00:00+00:00,binhduong_thudaumot,71.78934704704449
2025-11-19 10:00:00+00:00,bacgiang_bacgiangcity,38.82116583426205
2025-11-19 10:00:00+00:00,binhduong_thudaumot,71.09928941350697
2025-11-19 10:00:00+00:00,bacninh_bacninhcity,41.617004611042105
2025-11-19 10:00:00+00:00,angiang_longxuyen,57.79828809989248
2025-11-19 10:00:00+00:00,bienhoa_dongnai,70.71873284683656
2025-11-19 10:00:00+00:00,bentre_bentrecity,67.93153072225842
2025-11-19 10:00:00+00:00,backan_backancity,30.252588725720045
2025-11-19 11:00:00+00:00,binhduong_thudaumot,70.7336957923894
2025-11-19 11:00:00+00:00,angiang_longxuyen,56.85915115723496
2025-11-19 11:00:00+00:00,bacninh_bacninhcity,42.18865526572673
2025-11-19 11:00:00+00:00,backan_backancity,30.18084142354894
2025-11-19 11:00:00+00:00,bacgiang_bacgiangcity,39.19951646508037
2025-11-19 11:00:00+00:00,bentre_bentrecity,67.5478284127457
2025-11-19 11:00:00+00:00,bienhoa_dongnai,70.14978848820715
2025-11-19 12:00:00+00:00,bienhoa_dongnai,69.97493217652419
2025-11-19 12:00:00+00:00,angiang_longxuyen,56.11755207181637
2025-11-19 12:00:00+00:00,bacninh_bacninhcity,43.695152818196796
2025-11-19 12:00:00+00:00,bacgiang_bacgiangcity,40.3854571656732
2025-11-19 12:00:00+00:00,bentre_bentrecity,67.63975110849881
2025-11-19 12:00:00+00:00,backan_backancity,30.24808983485012
2025-11-19 12:00:00+00:00,binhduong_thudaumot,70.75583781911764
2025-11-19 13:00:00+00:00,bienhoa_dongnai,69.48126374723753
2025-11-19 13:00:00+00:00,bacninh_bacninhcity,45.81798101601218
2025-11-19 13:00:00+00:00,angiang_longxuyen,55.370784047951496
2025-11-19 13:00:00+00:00,bentre_bentrecity,68.31388423470182
2025-11-19 13:00:00+00:00,backan_backancity,30.39559602273397
2025-11-19 13:00:00+00:00,binhduong_thudaumot,70.42573496475629
2025-11-19 13:00:00+00:00,bacgiang_bacgiangcity,42.01836310928801
2025-11-19 14:00:00+00:00,bacgiang_bacgiangcity,44.16249359888204
2025-11-19 14:00:00+00:00,binhduong_thudaumot,70.00135554620793
2025-11-19 14:00:00+00:00,backan_backancity,30.797789904971182
2025-11-19 14:00:00+00:00,bentre_bentrecity,69.15636898994704
2025-11-19 14:00:00+00:00,angiang_longxuyen,54.46674193484595
2025-11-19 14:00:00+00:00,bienhoa_dongnai,68.8991403359534
2025-11-19 14:00:00+00:00,bacninh_bacninhcity,48.41737837704192
2025-11-19 15:00:00+00:00,backan_backancity,31.313395865946546
2025-11-19 15:00:00+00:00,bentre_bentrecity,69.85488053543838
2025-11-19 15:00:00+00:00,angiang_longxuyen,53.49582994381029
2025-11-19 15:00:00+00:00,bacgiang_bacgiangcity,46.6706513646099
2025-11-19 15:00:00+00:00,bacninh_bacninhcity,51.44013703238059
2025-11-19 15:00:00+00:00,bienhoa_dongnai,68.06879475433203
2025-11-19 15:00:00+00:00,binhduong_thudaumot,69.32135732823255
2025-11-19 16:00:00+00:00,bacgiang_bacgiangcity,49.6024575878937
2025-11-19 16:00:00+00:00,backan_backancity,31.901671532250077
2025-11-19 16:00:00+00:00,angiang_longxuyen,52.31689863701962
2025-11-19 16:00:00+00:00,bienhoa_dongnai,67.0643542787281
2025-11-19 16:00:00+00:00,bentre_bentrecity,70.39057051987169
2025-11-19 16:00:00+00:00,binhduong_thudaumot,68.48926701233765
2025-11-19 16:00:00+00:00,bacninh_bacninhcity,54.918432318568826
2025-11-19 17:00:00+00:00,binhduong_thudaumot,67.32280555200072
2025-11-19 17:00:00+00:00,bacninh_bacninhcity,59.0149596188743
2025-11-19 17:00:00+00:00,backan_backancity,32.56844718798787
2025-11-19 17:00:00+00:00,bacgiang_bacgiangcity,53.268722974045296
2025-11-19 17:00:00+00:00,bentre_bentrecity,70.61937001241077
2025-11-19 17:00:00+00:00,angiang_longxuyen,51.097512120066014
2025-11-19 17:00:00+00:00,bienhoa_dongnai,65.71015331921711
2025-11-19 18:00:00+00:00,bacgiang_bacgiangcity,57.451964873033006
2025-11-19 18:00:00+00:00,binhduong_thudaumot,65.85641513303054
2025-11-19 18:00:00+00:00,bentre_bentrecity,70.42610914716906
2025-11-19 18:00:00+00:00,backan_backancity,33.2997040455556
2025-11-19 18:00:00+00:00,bacninh_bacninhcity,63.523492212356715
2025-11-19 18:00:00+00:00,angiang_longxuyen,49.725868168777936
2025-11-19 18:00:00+00:00,bienhoa_dongnai,64.08832056444557
2025-11-19 19:00:00+00:00,bentre_bentrecity,69.83557968447228
2025-11-19 19:00:00+00:00,bacninh_bacninhcity,68.33100960652385
2025-11-19 19:00:00+00:00,backan_backancity,33.96786765698731
2025-11-19 19:00:00+00:00,angiang_longxuyen,48.18304011460208
2025-11-19 19:00:00+00:00,bacgiang_bacgiangcity,62.25502688591311
2025-11-19 19:00:00+00:00,binhduong_thudaumot,64.077982687553
2025-11-19 19:00:00+00:00,bienhoa_dongnai,62.26059176156362
2025-11-19 20:00:00+00:00,backan_backancity,34.54650595068266
2025-11-19 20:00:00+00:00,bacgiang_bacgiangcity,67.30949597059737
2025-11-19 20:00:00+00:00,bentre_bentrecity,68.55167280706414
2025-11-19 20:00:00+00:00,angiang_longxuyen,46.63015264486408
2025-11-19 20:00:00+00:00,binhduong_thudaumot,62.10970052813162
2025-11-19 20:00:00+00:00,bienhoa_dongnai,60.37444264174708
2025-11-19 20:00:00+00:00,bacninh_bacninhcity,73.14670680227266
2025-11-19 21:00:00+00:00,backan_backancity,35.05246583713324
2025-11-19 21:00:00+00:00,bentre_bentrecity,66.82794496014313
2025-11-19 21:00:00+00:00,binhduong_thudaumot,59.91721348812343
2025-11-19 21:00:00+00:00,bacgiang_bacgiangcity,72.04694118153434
2025-11-19 21:00:00+00:00,bacninh_bacninhcity,77.43099100558538
2025-11-19 21:00:00+00:00,bienhoa_dongnai,58.37578644251634
2025-11-19 21:00:00+00:00,angiang_longxuyen,45.020585241506744
2025-11-19 22:00:00+00:00,binhduong_thudaumot,57.87282001536797
2025-11-19 22:00:00+00:00,bienhoa_dongnai,56.58442729996479
2025-11-19 22:00:00+00:00,angiang_longxuyen,43.36283532606677
2025-11-19 22:00:00+00:00,bentre_bentrecity,64.77549351263806
2025-11-19 22:00:00+00:00,backan_backancity,35.5914364441158
2025-11-19 22:00:00+00:00,bacgiang_bacgiangcity,76.34106290153649
2025-11-19 22:00:00+00:00,bacninh_bacninhcity,81.06991932081272
2025-11-19 23:00:00+00:00,bacninh_bacninhcity,84.10751039295558
2025-11-19 23:00:00+00:00,bentre_bentrecity,62.744718539324424
2025-11-19 23:00:00+00:00,backan_backancity,36.147828288084
2025-11-19 23:00:00+00:00,angiang_longxuyen,41.725239049417375
2025-11-19 23:00:00+00:00,bienhoa_dongnai,55.058785531027
2025-11-19 23:00:00+00:00,bacgiang_bacgiangcity,80.07189215772549
2025-11-19 23:00:00+00:00,binhduong_thudaumot,56.11719529323675
2025-11-20 00:00:00+00:00,bentre_bentrecity,60.88192101264023
2025-11-20 00:00:00+00:00,bacgiang_bacgiangcity,83.48603691491368
2025-11-20 00:00:00+00:00,binhduong_thudaumot,54.633470656446704
2025-11-20 00:00:00+00:00,bienhoa_dongnai,53.78679592837002
2025-11-20 00:00:00+00:00,angiang_longxuyen,40.16825297697197
2025-11-20 00:00:00+00:00,bacninh_bacninhcity,86.770683012833
2025-11-20 00:00:00+00:00,backan_backancity,36.69593590747161
2025-11-20 01:00:00+00:00,bacgiang_bacgiangcity,86.21336441474944
2025-11-20 01:00:00+00:00,backan_backancity,37.05336277988236
2025-11-20 01:00:00+00:00,bienhoa_dongnai,52.73342457585791
2025-11-20 01:00:00+00:00,bentre_bentrecity,59.25309626789968
2025-11-20 01:00:00+00:00,bacninh_bacninhcity,88.72076728921431
2025-11-20 01:00:00+00:00,angiang_longxuyen,38.9167346330606
2025-11-20 01:00:00+00:00,binhduong_thudaumot,53.391289469021636
2025-11-20 02:00:00+00:00,angiang_longxuyen,38.047443623802266
2025-11-20 02:00:00+00:00,bentre_bentrecity,57.99066136964341
2025-11-20 02:00:00+00:00,binhduong_thudaumot,52.483940627617116
2025-11-20 02:00:00+00:00,bacninh_bacninhcity,89.7052662352442
2025-11-20 02:00:00+00:00,bacgiang_bacgiangcity,87.8337961609522
2025-11-20 02:00:00+00:00,bienhoa_dongnai,51.98445931805753
2025-11-20 02:00:00+00:00,backan_backancity,37.41890854045876
2025-11-20 03:00:00+00:00,bacninh_bacninhcity,89.45303139362575
2025-11-20 03:00:00+00:00,binhduong_thudaumot,51.872269858598365
2025-11-20 03:00:00+00:00,bentre_bentrecity,56.95372358658553
2025-11-20 03:00:00+00:00,angiang_longxuyen,37.46280970958588
2025-11-20 03:00:00+00:00,bienhoa_dongnai,51.506302055068026
2025-11-20 03:00:00+00:00,bacgiang_bacgiangcity,87.99495565594417
2025-11-20 03:00:00+00:00,backan_backancity,37.94838100549835
2025-11-20 04:00:00+00:00,bentre_bentrecity,56.29290004178589
2025-11-20 04:00:00+00:00,bienhoa_dongnai,51.292247960167394
2025-11-20 04:00:00+00:00,bacninh_bacninhcity,88.34557327863402
2025-11-20 04:00:00+00:00,binhduong_thudaumot,51.544425151588534
2025-11-20 04:00:00+00:00,backan_backancity,38.50927174033646
2025-11-20 04:00:00+00:00,angiang_longxuyen,36.932214697307955
2025-11-20 04:00:00+00:00,bacgiang_bacgiangcity,87.07005504880537
2025-11-20 05:00:00+00:00,bacgiang_bacgiangcity,85.70672795428504
2025-11-20 05:00:00+00:00,bentre_bentrecity,56.23293513465902
2025-11-20 05:00:00+00:00,bacninh_bacninhcity,86.98556814076667
2025-11-20 05:00:00+00:00,binhduong_thudaumot,51.55225252554886
2025-11-20 05:00:00+00:00,bienhoa_dongnai,51.37060871893643
2025-11-20 05:00:00+00:00,angiang_longxuyen,36.49625737875492
2025-11-20 05:00:00+00:00,backan_backancity,39.09238281915199
2025-11-20 06:00:00+00:00,bentre_bentrecity,56.64879102592094
2025-11-20 06:00:00+00:00,angiang_longxuyen,36.09452034713796
2025-11-20 06:00:00+00:00,bacninh_bacninhcity,85.85313987615942
2025-11-20 06:00:00+00:00,bienhoa_dongnai,51.77060971819645
2025-11-20 06:00:00+00:00,backan_backancity,39.6928281157874
2025-11-20 06:00:00+00:00,bacgiang_bacgiangcity,84.50758535850649
2025-11-20 06:00:00+00:00,binhduong_thudaumot,51.936368176098945
2025-11-20 07:00:00+00:00,backan_backancity,40.101544084498514
2025-11-20 07:00:00+00:00,bentre_bentrecity,57.6288965918194
2025-11-20 07:00:00+00:00,bacninh_bacninhcity,85.12018832033847
2025-11-20 07:00:00+00:00,bienhoa_dongnai,52.44487772410638
2025-11-20 07:00:00+00:00,binhduong_thudaumot,52.57673786598614
2025-11-20 07:00:00+00:00,angiang_longxuyen,35.866604099131365
2025-11-20 07:00:00+00:00,bacgiang_bacgiangcity,83.6652702906345
2025-11-20 08:00:00+00:00,bacninh_bacninhcity,84.73591059659215
2025-11-20 08:00:00+00:00,backan_backancity,40.398570953953595
2025-11-20 08:00:00+00:00,angiang_longxuyen,35.49107288928374
2025-11-20 08:00:00+00:00,bacgiang_bacgiangcity,83.31888615035899
2025-11-20 08:00:00+00:00,bienhoa_dongnai,53.251327842809395
2025-11-20 08:00:00+00:00,bentre_bentrecity,59.10794394844971
2025-11-20 08:00:00+00:00,binhduong_thudaumot,53.35582480801517
2025-11-20 09:00:00+00:00,bacninh_bacninhcity,84.58526736778258
2025-11-20 09:00:00+00:00,bacgiang_bacgiangcity,83.2702119799898
2025-11-20 09:00:00+00:00,angiang_longxuyen,35.12083244471448
2025-11-20 09:00:00+00:00,bienhoa_dongnai,54.09837240234057
2025-11-20 09:00:00+00:00,binhduong_thudaumot,54.10508158002085
2025-11-20 09:00:00+00:00,backan_backancity,40.546473079041654
2025-11-20 09:00:00+00:00,bentre_bentrecity,60.961904678850736
2025-11-20 10:00:00+00:00,backan_backancity,40.55328232876256
2025-11-20 10:00:00+00:00,binhduong_thudaumot,54.71901484734943
2025-11-20 10:00:00+00:00,bacgiang_bacgiangcity,83.27711259983475
2025-11-20 10:00:00+00:00,bentre_bentrecity,62.78556098477501
2025-11-20 10:00:00+00:00,bacninh_bacninhcity,84.42444724753709
2025-11-20 10:00:00+00:00,bienhoa_dongnai,54.85790613782279
2025-11-20 10:00:00+00:00,angiang_longxuyen,34.68223844543884
2025-11-20 11:00:00+00:00,binhduong_thudaumot,55.340092388187095
2025-11-20 11:00:00+00:00,bentre_bentrecity,63.95780486867684
2025-11-20 11:00:00+00:00,bacninh_bacninhcity,84.22072232761245
2025-11-20 11:00:00+00:00,bienhoa_dongnai,55.68678544650106
2025-11-20 11:00:00+00:00,angiang_longxuyen,34.360685224113624
2025-11-20 11:00:00+00:00,backan_backancity,40.43975712510894
2025-11-20 11:00:00+00:00,bacgiang_bacgiangcity,83.25695025912759
2025-11-20 12:00:00+00:00,bacninh_bacninhcity,84.54722258851126
2025-11-20 12:00:00+00:00,bacgiang_bacgiangcity,83.49215436226679
2025-11-20 12:00:00+00:00,bienhoa_dongnai,56.747853644224854
2025-11-20 12:00:00+00:00,backan_backancity,40.264113289975825
2025-11-20 12:00:00+00:00,bentre_bentrecity,63.85808525567142
2025-11-20 12:00:00+00:00,angiang_longxuyen,34.17775788480621
2025-11-20 12:00:00+00:00,binhduong_thudaumot,56.115185150507635
2025-11-20 13:00:00+00:00,binhduong_thudaumot,55.812871866732486
2025-11-20 13:00:00+00:00,bacgiang_bacgiangcity,84.31794884151878
2025-11-20 13:00:00+00:00,bacninh_bacninhcity,85.66192396131314
2025-11-20 13:00:00+00:00,backan_backancity,39.92776245951272
2025-11-20 13:00:00+00:00,bentre_bentrecity,61.84874310288505
2025-11-20 13:00:00+00:00,angiang_longxuyen,34.038340128379986
2025-11-20 13:00:00+00:00,bienhoa_dongnai,56.29296530616021
2025-11-20 14:00:00+00:00,backan_backancity,39.517384424735546
2025-11-20 14:00:00+00:00,bentre_bentrecity,59.37457502330398
2025-11-20 14:00:00+00:00,bacninh_bacninhcity,87.47979784367249
2025-11-20 14:00:00+00:00,bacgiang_bacgiangcity,85.86302525339003
2025-11-20 14:00:00+00:00,binhduong_thudaumot,55.296452276557254
2025-11-20 14:00:00+00:00,angiang_longxuyen,33.9079158027353
2025-11-20 14:00:00+00:00,bienhoa_dongnai,55.42585412700423
2025-11-20 15:00:00+00:00,bienhoa_dongnai,54.56363777592238
2025-11-20 15:00:00+00:00,binhduong_thudaumot,54.743732641384234
2025-11-20 15:00:00+00:00,bacninh_bacninhcity,89.48447250595527
2025-11-20 15:00:00+00:00,backan_backancity,39.26331891741736
2025-11-20 15:00:00+00:00,bentre_bentrecity,57.514335860093205
2025-11-20 15:00:00+00:00,bacgiang_bacgiangcity,87.82720228366657
2025-11-20 15:00:00+00:00,angiang_longxuyen,33.79868934587034
2025-11-20 16:00:00+00:00,backan_backancity,39.09053366187955
2025-11-20 16:00:00+00:00,angiang_longxuyen,33.69835624774629
2025-11-20 16:00:00+00:00,bacninh_bacninhcity,91.06248349658844
2025-11-20 16:00:00+00:00,binhduong_thudaumot,54.19957134116395
2025-11-20 16:00:00+00:00,bienhoa_dongnai,53.8569377269328
2025-11-20 16:00:00+00:00,bacgiang_bacgiangcity,89.4236558987435
2025-11-20 16:00:00+00:00,bentre_bentrecity,56.38872989808173
2025-11-20 17:00:00+00:00,bentre_bentrecity,55.78380311440956
2025-11-20 17:00:00+00:00,bacgiang_bacgiangcity,90.3905258495295
2025-11-20 17:00:00+00:00,angiang_longxuyen,33.60055540734594
2025-11-20 17:00:00+00:00,binhduong_thudaumot,53.48356459239608
2025-11-20 17:00:00+00:00,bienhoa_dongnai,53.13141108143052
2025-11-20 17:00:00+00:00,backan_backancity,38.946047039047656
2025-11-20 17:00:00+00:00,bacninh_bacninhcity,91.88020042177854
2025-11-20 18:00:00+00:00,bacgiang_bacgiangcity,90.4180086775564
2025-11-20 18:00:00+00:00,backan_backancity,38.69326071346619
2025-11-20 18:00:00+00:00,bentre_bentrecity,55.35639977985097
2025-11-20 18:00:00+00:00,binhduong_thudaumot,52.67124938192068
2025-11-20 18:00:00+00:00,bienhoa_dongnai,52.43727224901875
2025-11-20 18:00:00+00:00,angiang_longxuyen,33.48662121361323
2025-11-20 18:00:00+00:00,bacninh_bacninhcity,91.60701027730494
2025-11-20 19:00:00+00:00,binhduong_thudaumot,51.81000764549537
2025-11-20 19:00:00+00:00,bienhoa_dongnai,51.77366409091471
2025-11-20 19:00:00+00:00,bacgiang_bacgiangcity,89.57116861306477
2025-11-20 19:00:00+00:00,angiang_longxuyen,33.48774376085156
2025-11-20 19:00:00+00:00,backan_backancity,38.38337241131143
2025-11-20 19:00:00+00:00,bentre_bentrecity,54.97542552118491
2025-11-20 19:00:00+00:00,bacninh_bacninhcity,90.39111322889839
2025-11-20 20:00:00+00:00,bentre_bentrecity,54.4266565561375
2025-11-20 20:00:00+00:00,bacgiang_bacgiangcity,88.07143244977445
2025-11-20 20:00:00+00:00,bienhoa_dongnai,51.134373438682964
2025-11-20 20:00:00+00:00,bacninh_bacninhcity,88.6150781614376
2025-11-20 20:00:00+00:00,backan_backancity,38.07970162855038
2025-11-20 20:00:00+00:00,binhduong_thudaumot,50.95575354808078
2025-11-20 20:00:00+00:00,angiang_longxuyen,33.49491414011038
2025-11-20 21:00:00+00:00,bacgiang_bacgiangcity,86.13120962035316
2025-11-20 21:00:00+00:00,bentre_bentrecity,53.85243883606288
2025-11-20 21:00:00+00:00,angiang_longxuyen,33.51230056942971
2025-11-20 21:00:00+00:00,bacninh_bacninhcity,86.55229971443569
2025-11-20 21:00:00+00:00,binhduong_thudaumot,50.20776290493694
2025-11-20 21:00:00+00:00,backan_backancity,37.79825989168336
2025-11-20 21:00:00+00:00,bienhoa_dongnai,50.57252114206318
2025-11-20 22:00:00+00:00,bentre_bentrecity,53.32362336572479
2025-11-20 22:00:00+00:00,binhduong_thudaumot,49.56487836115922
2025-11-20 22:00:00+00:00,angiang_longxuyen,33.55232938568041
2025-11-20 22:00:00+00:00,backan_backancity,37.582822192047104
2025-11-20 22:00:00+00:00,bienhoa_dongnai,50.090909218192905
2025-11-20 22:00:00+00:00,bacninh_bacninhcity,84.56164166427808
2025-11-20 22:00:00+00:00,bacgiang_bacgiangcity,84.20556793989493
2025-11-20 23:00:00+00:00,bienhoa_dongnai,49.755102257515816
2025-11-20 23:00:00+00:00,binhduong_thudaumot,49.160783110150085
2025-11-20 23:00:00+00:00,angiang_longxuyen,33.6824578461615
2025-11-20 23:00:00+00:00,backan_backancity,37.31604753556931
2025-11-20 23:00:00+00:00,bacninh_bacninhcity,83.07873500764622
2025-11-20 23:00:00+00:00,bacgiang_bacgiangcity,82.69241342124405
2025-11-20 23:00:00+00:00,bentre_bentrecity,52.8507351132222
2025-11-21 00:00:00+00:00,angiang_longxuyen,33.98389658732074
2025-11-21 00:00:00+00:00,bienhoa_dongnai,49.566148840979345
2025-11-21 00:00:00+00:00,backan_backancity,37.08686950965918
2025-11-21 00:00:00+00:00,binhduong_thudaumot,48.986740427667
2025-11-21 00:00:00+00:00,bacninh_bacninhcity,82.24493041418579
2025-11-21 00:00:00+00:00,bacgiang_bacgiangcity,81.70135214237611
2025-11-21 00:00:00+00:00,bentre_bentrecity,52.696071598954404
2025-11-21 01:00:00+00:00,bentre_bentrecity,52.79068318692957
2025-11-21 01:00:00+00:00,angiang_longxuyen,34.60314672567739
2025-11-21 01:00:00+00:00,bacninh_bacninhcity,81.06253574459777
2025-11-21 01:00:00+00:00,bacgiang_bacgiangcity,80.45118694649234
2025-11-21 01:00:00+00:00,binhduong_thudaumot,49.11507629333338
2025-11-21 01:00:00+00:00,bienhoa_dongnai,49.61660690424667
2025-11-21 01:00:00+00:00,backan_backancity,36.85918821340016
2025-11-21 02:00:00+00:00,angiang_longxuyen,35.37318367446714
2025-11-21 02:00:00+00:00,bacninh_bacninhcity,79.5681643128767
2025-11-21 02:00:00+00:00,bienhoa_dongnai,49.81739492732683
2025-11-21 02:00:00+00:00,backan_backancity,36.74960932891385
2025-11-21 02:00:00+00:00,bacgiang_bacgiangcity,78.93806723550776
2025-11-21 02:00:00+00:00,binhduong_thudaumot,49.4278362279583
2025-11-21 02:00:00+00:00,bentre_bentrecity,53.094684642520505
2025-11-21 03:00:00+00:00,backan_backancity,36.763971842222944
2025-11-21 03:00:00+00:00,bacgiang_bacgiangcity,77.09711587038821
2025-11-21 03:00:00+00:00,bienhoa_dongnai,50.22215587495404
2025-11-21 03:00:00+00:00,angiang_longxuyen,36.518638708189016
2025-11-21 03:00:00+00:00,bentre_bentrecity,53.698045081208946
2025-11-21 03:00:00+00:00,bacninh_bacninhcity,77.75252247211915
2025-11-21 03:00:00+00:00,binhduong_thudaumot,49.935775800429994
2025-11-21 04:00:00+00:00,binhduong_thudaumot,50.520492382853845
2025-11-21 04:00:00+00:00,bacninh_bacninhcity,75.91406420609869
2025-11-21 04:00:00+00:00,bentre_bentrecity,54.62583907560934
2025-11-21 04:00:00+00:00,backan_backancity,36.87320265004618
2025-11-21 04:00:00+00:00,angiang_longxuyen,37.7641440277462
2025-11-21 04:00:00+00:00,bienhoa_dongnai,50.7107684907099
2025-11-21 04:00:00+00:00,bacgiang_bacgiangcity,75.19393274887369
2025-11-21 05:00:00+00:00,backan_backancity,37.0767535316393
2025-11-21 05:00:00+00:00,bentre_bentrecity,55.8111836949167
2025-11-21 05:00:00+00:00,bacgiang_bacgiangcity,73.52142438292042
2025-11-21 05:00:00+00:00,bienhoa_dongnai,51.1798453037521
2025-11-21 05:00:00+00:00,bacninh_bacninhcity,74.3292798611505
2025-11-21 05:00:00+00:00,binhduong_thudaumot,51.07463043042879
2025-11-21 05:00:00+00:00,angiang_longxuyen,38.969894641424844
2025-11-21 06:00:00+00:00,backan_backancity,37.34707421912189
2025-11-21 06:00:00+00:00,binhduong_thudaumot,51.482880846603074
2025-11-21 06:00:00+00:00,bentre_bentrecity,57.12171408608984
2025-11-21 06:00:00+00:00,bienhoa_dongnai,51.55306180379045
2025-11-21 06:00:00+00:00,bacninh_bacninhcity,73.06453025308494
2025-11-21 06:00:00+00:00,angiang_longxuyen,40.233800163582494
2025-11-21 06:00:00+00:00,bacgiang_bacgiangcity,72.16062737064462
2025-11-21 07:00:00+00:00,backan_backancity,37.605481982811625
2025-11-21 07:00:00+00:00,bienhoa_dongnai,51.95556895502442
2025-11-21 07:00:00+00:00,binhduong_thudaumot,51.916384224681615
2025-11-21 07:00:00+00:00,bacgiang_bacgiangcity,71.18996773518967
2025-11-21 07:00:00+00:00,bacninh_bacninhcity,72.16621835204485
2025-11-21 07:00:00+00:00,bentre_bentrecity,58.52362765418837
2025-11-21 07:00:00+00:00,angiang_longxuyen,41.102247086932934
2025-11-21 08:00:00+00:00,bacninh_bacninhcity,71.58479109408682
2025-11-21 08:00:00+00:00,bentre_bentrecity,60.09535042235563
2025-11-21 08:00:00+00:00,angiang_longxuyen,42.01819777287306
2025-11-21 08:00:00+00:00,binhduong_thudaumot,52.37955243636855
2025-11-21 08:00:00+00:00,backan_backancity,37.72019064711962
2025-11-21 08:00:00+00:00,bienhoa_dongnai,52.425011248562825
2025-11-21 08:00:00+00:00,bacgiang_bacgiangcity,70.56266397304171
2025-11-21 09:00:00+00:00,bacgiang_bacgiangcity,70.21376497887566
2025-11-21 09:00:00+00:00,angiang_longxuyen,42.85124965054964
2025-11-21 09:00:00+00:00,binhduong_thudaumot,52.88634335585217
2025-11-21 09:00:00+00:00,bienhoa_dongnai,52.9579340235249
2025-11-21 09:00:00+00:00,bacninh_bacninhcity,71.24366291142336
2025-11-21 09:00:00+00:00,backan_backancity,37.641473109770956
2025-11-21 09:00:00+00:00,bentre_bentrecity,61.85824559578631
2025-11-21 10:00:00+00:00,bacninh_bacninhcity,71.01490257750888
2025-11-21 10:00:00+00:00,angiang_longxuyen,43.500577963552075
2025-11-21 10:00:00+00:00,bienhoa_dongnai,53.63476909482482
2025-11-21 10:00:00+00:00,bacgiang_bacgiangcity,70.15506620061063
2025-11-21 10:00:00+00:00,backan_backancity,37.369686149345256
2025-11-21 10:00:00+00:00,bentre_bentrecity,63.53507446331969
2025-11-21 10:00:00+00:00,binhduong_thudaumot,53.5187899506967
2025-11-21 11:00:00+00:00,bentre_bentrecity,64.73943277034613
2025-11-21 11:00:00+00:00,bacninh_bacninhcity,71.22340049867559
2025-11-21 11:00:00+00:00,angiang_longxuyen,44.01238988890019
2025-11-21 11:00:00+00:00,bacgiang_bacgiangcity,70.52961409388514
2025-11-21 11:00:00+00:00,binhduong_thudaumot,54.404505827492684
2025-11-21 11:00:00+00:00,backan_backancity,36.90047010563784
2025-11-21 11:00:00+00:00,bienhoa_dongnai,54.738272188732644
2025-11-21 12:00:00+00:00,angiang_longxuyen,44.49490246113611
2025-11-21 12:00:00+00:00,bentre_bentrecity,65.44131195755247
2025-11-21 12:00:00+00:00,bienhoa_dongnai,56.69151743631028
2025-11-21 12:00:00+00:00,backan_backancity,36.64096154950121
2025-11-21 12:00:00+00:00,binhduong_thudaumot,55.75165823457693
2025-11-21 12:00:00+00:00,bacgiang_bacgiangcity,71.49110626022703
2025-11-21 12:00:00+00:00,bacninh_bacninhcity,72.17393695204798
2025-11-21 13:00:00+00:00,bienhoa_dongnai,59.02175581572035
2025-11-21 13:00:00+00:00,bentre_bentrecity,65.58557233055338
2025-11-21 13:00:00+00:00,angiang_longxuyen,44.78092575708053
2025-11-21 13:00:00+00:00,binhduong_thudaumot,57.43829851305002
2025-11-21 13:00:00+00:00,backan_backancity,36.6119232538863
2025-11-21 13:00:00+00:00,bacgiang_bacgiangcity,73.30052623063257
2025-11-21 13:00:00+00:00,bacninh_bacninhcity,73.9143681278371
2025-11-21 14:00:00+00:00,bentre_bentrecity,65.81906215612705
2025-11-21 14:00:00+00:00,angiang_longxuyen,45.04864022054854
2025-11-21 14:00:00+00:00,backan_backancity,36.87371606312419
2025-11-21 14:00:00+00:00,bacninh_bacninhcity,76.20097944849218
2025-11-21 14:00:00+00:00,bienhoa_dongnai,61.381354461658646
2025-11-21 14:00:00+00:00,bacgiang_bacgiangcity,75.54532484213883
2025-11-21 14:00:00+00:00,binhduong_thudaumot,59.503263316591706
2025-11-21 15:00:00+00:00,bacninh_bacninhcity,78.5460676485396
2025-11-21 15:00:00+00:00,backan_backancity,37.302433387085784
2025-11-21 15:00:00+00:00,angiang_longxuyen,45.23156320889768
2025-11-21 15:00:00+00:00,bentre_bentrecity,66.44184962357194
2025-11-21 15:00:00+00:00,bienhoa_dongnai,63.2861387358232
2025-11-21 15:00:00+00:00,bacgiang_bacgiangcity,77.90032452516658
2025-11-21 15:00:00+00:00,binhduong_thudaumot,61.742919095401405
2025-11-21 16:00:00+00:00,backan_backancity,37.940192502000116
2025-11-21 16:00:00+00:00,angiang_longxuyen,45.308549064847675
2025-11-21 16:00:00+00:00,bentre_bentrecity,67.42993049601252
2025-11-21 16:00:00+00:00,bienhoa_dongnai,64.54719002934384
2025-11-21 16:00:00+00:00,bacgiang_bacgiangcity,80.57430166221297
2025-11-21 16:00:00+00:00,bacninh_bacninhcity,81.1005065575782
2025-11-21 16:00:00+00:00,binhduong_thudaumot,63.798220420585174
2025-11-21 17:00:00+00:00,binhduong_thudaumot,65.37121801953086
2025-11-21 17:00:00+00:00,bacninh_bacninhcity,84.21014949897233
2025-11-21 17:00:00+00:00,backan_backancity,38.723630402317255
2025-11-21 17:00:00+00:00,angiang_longxuyen,45.32530895617351
2025-11-21 17:00:00+00:00,bentre_bentrecity,68.3760768324722
2025-11-21 17:00:00+00:00,bacgiang_bacgiangcity,83.53643841572327
2025-11-21 17:00:00+00:00,bienhoa_dongnai,65.30047143776603
2025-11-21 18:00:00+00:00,bentre_bentrecity,69.00831893227718
2025-11-21 18:00:00+00:00,angiang_longxuyen,45.23246385726332
2025-11-21 18:00:00+00:00,bacgiang_bacgiangcity,87.18291455584092
2025-11-21 18:00:00+00:00,binhduong_thudaumot,66.13801350439596
2025-11-21 18:00:00+00:00,bacninh_bacninhcity,88.04382561943633
2025-11-21 18:00:00+00:00,backan_backancity,39.53016754018604
2025-11-21 18:00:00+00:00,bienhoa_dongnai,65.53439635916851
2025-11-21 19:00:00+00:00,binhduong_thudaumot,66.32751949263502
2025-11-21 19:00:00+00:00,bienhoa_dongnai,65.52987571350715
2025-11-21 19:00:00+00:00,backan_backancity,40.2632430983182
2025-11-21 19:00:00+00:00,bacgiang_bacgiangcity,91.26132120261595
2025-11-21 19:00:00+00:00,angiang_longxuyen,45.04905791254421
2025-11-21 19:00:00+00:00,bacninh_bacninhcity,92.20059411271997
2025-11-21 19:00:00+00:00,bentre_bentrecity,69.07958762903658
2025-11-21 20:00:00+00:00,bacninh_bacninhcity,95.83689227366213
2025-11-21 20:00:00+00:00,binhduong_thudaumot,66.12403387541622
2025-11-21 20:00:00+00:00,bienhoa_dongnai,65.4216717318399
2025-11-21 20:00:00+00:00,angiang_longxuyen,44.63957182421609
2025-11-21 20:00:00+00:00,backan_backancity,40.906971728003825
2025-11-21 20:00:00+00:00,bacgiang_bacgiangcity,94.89633691860269
2025-11-21 20:00:00+00:00,bentre_bentrecity,68.8108724451623
2025-11-21 21:00:00+00:00,bentre_bentrecity,68.37509786685737
2025-11-21 21:00:00+00:00,angiang_longxuyen,44.15123766979067
2025-11-21 21:00:00+00:00,binhduong_thudaumot,65.7757527173271
2025-11-21 21:00:00+00:00,bienhoa_dongnai,65.2901205079986
2025-11-21 21:00:00+00:00,bacninh_bacninhcity,98.91552375985769
2025-11-21 21:00:00+00:00,backan_backancity,41.58113095995655
2025-11-21 21:00:00+00:00,bacgiang_bacgiangcity,98.01707643524088
2025-11-21 22:00:00+00:00,bienhoa_dongnai,65.20184391529094
2025-11-21 22:00:00+00:00,binhduong_thudaumot,65.43224891143832
2025-11-21 22:00:00+00:00,backan_backancity,42.22086540993369
2025-11-21 22:00:00+00:00,angiang_longxuyen,43.59958837035653
2025-11-21 22:00:00+00:00,bacgiang_bacgiangcity,100.65588314483506
2025-11-21 22:00:00+00:00,bacninh_bacninhcity,101.49517103347809
2025-11-21 22:00:00+00:00,bentre_bentrecity,67.93493317163973
2025-11-21 23:00:00+00:00,bentre_bentrecity,67.58879268502835
2025-11-21 23:00:00+00:00,angiang_longxuyen,43.05180272188224
2025-11-21 23:00:00+00:00,bacninh_bacninhcity,103.85191545077937
2025-11-21 23:00:00+00:00,bacgiang_bacgiangcity,103.07322063886606
2025-11-21 23:00:00+00:00,backan_backancity,42.79071911884532
2025-11-21 23:00:00+00:00,binhduong_thudaumot,65.23399749704014
2025-11-21 23:00:00+00:00,bienhoa_dongnai,65.22581769545847
2025-11-22 00:00:00+00:00,bacgiang_bacgiangcity,105.34209432628751
2025-11-22 00:00:00+00:00,bacninh_bacninhcity,106.02384258126685
2025-11-22 00:00:00+00:00,backan_backancity,43.40149359045672
2025-11-22 00:00:00+00:00,binhduong_thudaumot,65.2806658756385
2025-11-22 00:00:00+00:00,bienhoa_dongnai,65.38678139732747
2025-11-22 00:00:00+00:00,bentre_bentrecity,67.4409949829392
2025-11-22 00:00:00+00:00,angiang_longxuyen,42.56094501164971
2025-11-22 01:00:00+00:00,angiang_longxuyen,42.15807237991954
2025-11-22 01:00:00+00:00,bienhoa_dongnai,65.53464871474921
2025-11-22 01:00:00+00:00,bacninh_bacninhcity,108.8933539592605
2025-11-22 01:00:00+00:00,backan_backancity,44.365652894229214
2025-11-22 01:00:00+00:00,bentre_bentrecity,67.40171888247235
2025-11-22 01:00:00+00:00,bacgiang_bacgiangcity,108.28175824427221
2025-11-22 01:00:00+00:00,binhduong_thudaumot,65.33078456415936
2025-11-22 02:00:00+00:00,bacgiang_bacgiangcity,110.92956708656449
2025-11-22 02:00:00+00:00,bacninh_bacninhcity,111.41046762875466
2025-11-22 02:00:00+00:00,backan_backancity,45.408072884730124
2025-11-22 02:00:00+00:00,bentre_bentrecity,67.41488923321049
2025-11-22 02:00:00+00:00,bienhoa_dongnai,65.59104583607983
2025-11-22 02:00:00+00:00,angiang_longxuyen,41.76287483860961
2025-11-22 02:00:00+00:00,binhduong_thudaumot,65.28243671566177
2025-11-22 03:00:00+00:00,bacgiang_bacgiangcity,112.43035835723968
2025-11-22 03:00:00+00:00,bentre_bentrecity,67.4886466781107
2025-11-22 03:00:00+00:00,bacninh_bacninhcity,112.78612533906353
2025-11-22 03:00:00+00:00,bienhoa_dongnai,65.60274121195829
2025-11-22 03:00:00+00:00,angiang_longxuyen,41.398751841393434
2025-11-22 03:00:00+00:00,backan_backancity,46.5887228200446
2025-11-22 03:00:00+00:00,binhduong_thudaumot,65.19818911032891
2025-11-22 04:00:00+00:00,bienhoa_dongnai,65.5767790438531
2025-11-22 04:00:00+00:00,bentre_bentrecity,67.64511584006806
2025-11-22 04:00:00+00:00,backan_backancity,47.75623286132896
2025-11-22 04:00:00+00:00,bacgiang_bacgiangcity,112.85784436000576
2025-11-22 04:00:00+00:00,bacninh_bacninhcity,113.16197960756405
2025-11-22 04:00:00+00:00,angiang_longxuyen,41.17776666993983
2025-11-22 04:00:00+00:00,binhduong_thudaumot,65.0983215647417
2025-11-22 05:00:00+00:00,binhduong_thudaumot,65.01775487012058
2025-11-22 05:00:00+00:00,bacgiang_bacgiangcity,112.87744977805202
2025-11-22 05:00:00+00:00,backan_backancity,48.84506452388924
2025-11-22 05:00:00+00:00,bentre_bentrecity,67.81038263968401
2025-11-22 05:00:00+00:00,angiang_longxuyen,41.20918493973834
2025-11-22 05:00:00+00:00,bienhoa_dongnai,65.50962635363425
2025-11-22 05:00:00+00:00,bacninh_bacninhcity,113.22691330905594
2025-11-22 06:00:00+00:00,bacninh_bacninhcity,113.38380560170684
2025-11-22 06:00:00+00:00,backan_backancity,49.95245737450664
2025-11-22 06:00:00+00:00,bacgiang_bacgiangcity,112.9424313400851
2025-11-22 06:00:00+00:00,bienhoa_dongnai,65.49227908293952
2025-11-22 06:00:00+00:00,binhduong_thudaumot,65.0232370775636
2025-11-22 06:00:00+00:00,angiang_longxuyen,41.38083459516296
2025-11-22 06:00:00+00:00,bentre_bentrecity,68.14704673914386
2025-11-22 07:00:00+00:00,binhduong_thudaumot,65.26320983098657
2025-11-22 07:00:00+00:00,angiang_longxuyen,41.419623388301545
2025-11-22 07:00:00+00:00,bacninh_bacninhcity,113.92936464727718
2025-11-22 07:00:00+00:00,bienhoa_dongnai,65.70628531729898
2025-11-22 07:00:00+00:00,bentre_bentrecity,68.81350042396832
2025-11-22 07:00:00+00:00,backan_backancity,51.08170073764698
2025-11-22 07:00:00+00:00,bacgiang_bacgiangcity,113.36653338504257
2025-11-22 08:00:00+00:00,bentre_bentrecity,69.88096888133396
2025-11-22 08:00:00+00:00,binhduong_thudaumot,65.90979704026749
2025-11-22 08:00:00+00:00,bienhoa_dongnai,66.35694502353758
2025-11-22 08:00:00+00:00,backan_backancity,52.14928231992809
2025-11-22 08:00:00+00:00,bacgiang_bacgiangcity,114.26333441581711
2025-11-22 08:00:00+00:00,bacninh_bacninhcity,114.92980985543302
2025-11-22 08:00:00+00:00,angiang_longxuyen,41.33751210348815
2025-11-22 09:00:00+00:00,bentre_bentrecity,71.43473089368786
2025-11-22 09:00:00+00:00,bacgiang_bacgiangcity,115.70299037158593
2025-11-22 09:00:00+00:00,bacninh_bacninhcity,116.4459360785947
2025-11-22 09:00:00+00:00,bienhoa_dongnai,67.76204784406129
2025-11-22 09:00:00+00:00,binhduong_thudaumot,67.15320084697152
2025-11-22 09:00:00+00:00,angiang_longxuyen,41.0818236887285
2025-11-22 09:00:00+00:00,backan_backancity,53.05995964442302
2025-11-22 10:00:00+00:00,bacgiang_bacgiangcity,117.17027056152602
2025-11-22 10:00:00+00:00,bienhoa_dongnai,70.16548674571068
2025-11-22 10:00:00+00:00,binhduong_thudaumot,69.08768476241079
2025-11-22 10:00:00+00:00,angiang_longxuyen,40.75825597371589
2025-11-22 10:00:00+00:00,backan_backancity,53.49774871641535
2025-11-22 10:00:00+00:00,bacninh_bacninhcity,117.78422667138561
2025-11-22 10:00:00+00:00,bentre_bentrecity,73.43962201614548
2025-11-22 11:00:00+00:00,binhduong_thudaumot,72.07426084862544
2025-11-22 11:00:00+00:00,bacninh_bacninhcity,119.31679190269938
2025-11-22 11:00:00+00:00,bacgiang_bacgiangcity,118.78847026612699
2025-11-22 11:00:00+00:00,backan_backancity,53.26255331519275
2025-11-22 11:00:00+00:00,angiang_longxuyen,40.52351307215525
2025-11-22 11:00:00+00:00,bienhoa_dongnai,74.00603846800949
2025-11-22 11:00:00+00:00,bentre_bentrecity,75.3148589325754
2025-11-22 12:00:00+00:00,backan_backancity,52.52982583372363
2025-11-22 12:00:00+00:00,bienhoa_dongnai,79.37002602339402
2025-11-22 12:00:00+00:00,bacgiang_bacgiangcity,122.38114571927247
2025-11-22 12:00:00+00:00,angiang_longxuyen,40.51296634926484
2025-11-22 12:00:00+00:00,binhduong_thudaumot,76.43124086301606
2025-11-22 12:00:00+00:00,bacninh_bacninhcity,122.83270992520498
2025-11-22 12:00:00+00:00,bentre_bentrecity,76.77925661264962
2025-11-22 13:00:00+00:00,backan_backancity,51.418321327523955
2025-11-22 13:00:00+00:00,bacgiang_bacgiangcity,129.16906704265168
2025-11-22 13:00:00+00:00,bacninh_bacninhcity,129.44899464603446
2025-11-22 13:00:00+00:00,bentre_bentrecity,77.59557905570837
2025-11-22 13:00:00+00:00,angiang_longxuyen,40.41591387369004
2025-11-22 13:00:00+00:00,binhduong_thudaumot,79.59840782393742
2025-11-22 13:00:00+00:00,bienhoa_dongnai,82.19578198936318
2025-11-22 14:00:00+00:00,bacninh_bacninhcity,137.20145380655723
2025-11-22 14:00:00+00:00,bacgiang_bacgiangcity,137.21390624917782
2025-11-22 14:00:00+00:00,backan_backancity,50.539514772489504
2025-11-22 14:00:00+00:00,angiang_longxuyen,40.3251006723004
2025-11-22 14:00:00+00:00,binhduong_thudaumot,81.16750696425694
2025-11-22 14:00:00+00:00,bentre_bentrecity,77.6571320626104
2025-11-22 14:00:00+00:00,bienhoa_dongnai,81.93209651326997
2025-11-22 15:00:00+00:00,bacgiang_bacgiangcity,144.62925751249537
2025-11-22 15:00:00+00:00,bentre_bentrecity,77.16250642250037
2025-11-22 15:00:00+00:00,backan_backancity,50.15616489059813
2025-11-22 15:00:00+00:00,binhduong_thudaumot,81.22797658254524
2025-11-22 15:00:00+00:00,bienhoa_dongnai,79.96160406703822
2025-11-22 15:00:00+00:00,bacninh_bacninhcity,144.49034881818886
2025-11-22 15:00:00+00:00,angiang_longxuyen,40.216857532008554
2025-11-22 16:00:00+00:00,bacninh_bacninhcity,151.01936201767523
2025-11-22 16:00:00+00:00,binhduong_thudaumot,80.24879341980386
2025-11-22 16:00:00+00:00,backan_backancity,50.101094811545394
2025-11-22 16:00:00+00:00,bentre_bentrecity,76.21401491952338
2025-11-22 16:00:00+00:00,bienhoa_dongnai,78.1156316960542
2025-11-22 16:00:00+00:00,bacgiang_bacgiangcity,150.8922096126632
2025-11-22 16:00:00+00:00,angiang_longxuyen,40.07976318730819
2025-11-22 17:00:00+00:00,bacgiang_bacgiangcity,155.83172202841706
2025-11-22 17:00:00+00:00,bienhoa_dongnai,77.70367426341842
2025-11-22 17:00:00+00:00,backan_backancity,50.253961380040195
2025-11-22 17:00:00+00:00,bacninh_bacninhcity,156.20506035528746
2025-11-22 17:00:00+00:00,angiang_longxuyen,39.93368846470114
2025-11-22 17:00:00+00:00,bentre_bentrecity,75.44968642800765
2025-11-22 17:00:00+00:00,binhduong_thudaumot,79.40539496331814
2025-11-22 18:00:00+00:00,bentre_bentrecity,75.01812357732562
2025-11-22 18:00:00+00:00,binhduong_thudaumot,79.1162607321977
2025-11-22 18:00:00+00:00,backan_backancity,50.329533174546555
2025-11-22 18:00:00+00:00,bienhoa_dongnai,78.8349930336622
2025-11-22 18:00:00+00:00,angiang_longxuyen,39.82552799261677
2025-11-22 18:00:00+00:00,bacninh_bacninhcity,159.92295856344418
2025-11-22 18:00:00+00:00,bacgiang_bacgiangcity,159.37786615815023
2025-11-22 19:00:00+00:00,backan_backancity,50.23513913448579
2025-11-22 19:00:00+00:00,bentre_bentrecity,74.90728291493578
2025-11-22 19:00:00+00:00,bienhoa_dongnai,81.331159558348
2025-11-22 19:00:00+00:00,bacninh_bacninhcity,162.3949076542983
2025-11-22 19:00:00+00:00,angiang_longxuyen,39.77336000274221
2025-11-22 19:00:00+00:00,binhduong_thudaumot,79.39963864550296
2025-11-22 19:00:00+00:00,bacgiang_bacgiangcity,161.86875932139083
2025-11-22 20:00:00+00:00,angiang_longxuyen,39.71332112932444
2025-11-22 20:00:00+00:00,bentre_bentrecity,75.11347917916805
2025-11-22 20:00:00+00:00,bienhoa_dongnai,84.81508933551936
2025-11-22 20:00:00+00:00,bacgiang_bacgiangcity,163.56817836435613
2025-11-22 20:00:00+00:00,backan_backancity,50.09758793916517
2025-11-22 20:00:00+00:00,binhduong_thudaumot,80.09101897036007
2025-11-22 20:00:00+00:00,bacninh_bacninhcity,163.9553005270833
2025-11-22 21:00:00+00:00,angiang_longxuyen,39.665856525359345
2025-11-22 21:00:00+00:00,bacninh_bacninhcity,164.77576508243234
2025-11-22 21:00:00+00:00,binhduong_thudaumot,80.9082290089096
2025-11-22 21:00:00+00:00,bacgiang_bacgiangcity,164.62249387481677
2025-11-22 21:00:00+00:00,bienhoa_dongnai,88.78686052109
2025-11-22 21:00:00+00:00,backan_backancity,50.031040032148375
2025-11-22 21:00:00+00:00,bentre_bentrecity,75.44638840162526
2025-11-22 22:00:00+00:00,bacgiang_bacgiangcity,165.2596133988627
2025-11-22 22:00:00+00:00,bacninh_bacninhcity,165.07603776677036
2025-11-22 22:00:00+00:00,backan_backancity,50.061622917955575
2025-11-22 22:00:00+00:00,bienhoa_dongnai,92.74780108374195
2025-11-22 22:00:00+00:00,angiang_longxuyen,39.60817152037545
2025-11-22 22:00:00+00:00,binhduong_thudaumot,81.78050912651187
2025-11-22 22:00:00+00:00,bentre_bentrecity,75.95304444140196
2025-11-22 23:00:00+00:00,backan_backancity,50.03592180734765
2025-11-22 23:00:00+00:00,bienhoa_dongnai,96.04793768090653
2025-11-22 23:00:00+00:00,angiang_longxuyen,39.60600039218968
2025-11-22 23:00:00+00:00,binhduong_thudaumot,82.36164051930632
2025-11-22 23:00:00+00:00,bacgiang_bacgiangcity,165.65069493363208
2025-11-22 23:00:00+00:00,bacninh_bacninhcity,165.12248859745432
2025-11-22 23:00:00+00:00,bentre_bentrecity,76.4473785673067
2025-11-23 00:00:00+00:00,bentre_bentrecity,77.0576744335064
2025-11-23 00:00:00+00:00,backan_backancity,50.00965507216227
2025-11-23 00:00:00+00:00,angiang_longxuyen,39.67699932953522
2025-11-23 00:00:00+00:00,bacgiang_bacgiangcity,166.00474981336956
2025-11-23 00:00:00+00:00,bienhoa_dongnai,98.15814538033744
2025-11-23 00:00:00+00:00,binhduong_thudaumot,82.84125100236406
2025-11-23 00:00:00+00:00,bacninh_bacninhcity,165.1861866267924
2025-11-23 01:00:00+00:00,bacninh_bacninhcity,165.60715924500116
2025-11-23 01:00:00+00:00,backan_backancity,49.85355139070111
2025-11-23 01:00:00+00:00,bacgiang_bacgiangcity,166.62681067078034
2025-11-23 01:00:00+00:00,angiang_longxuyen,39.8940381818215
2025-11-23 01:00:00+00:00,bentre_bentrecity,77.4876013238721
2025-11-23 01:00:00+00:00,binhduong_thudaumot,83.19176855301328
2025-11-23 01:00:00+00:00,bienhoa_dongnai,98.93169192085635
2025-11-23 02:00:00+00:00,backan_backancity,49.97222812896786
2025-11-23 02:00:00+00:00,binhduong_thudaumot,83.54931290129781
2025-11-23 02:00:00+00:00,bentre_bentrecity,77.7200208137069
2025-11-23 02:00:00+00:00,angiang_longxuyen,40.33760532642046
2025-11-23 02:00:00+00:00,bacninh_bacninhcity,165.54035463144538
2025-11-23 02:00:00+00:00,bienhoa_dongnai,98.59313624228074
2025-11-23 02:00:00+00:00,bacgiang_bacgiangcity,166.74588769720958
2025-11-23 03:00:00+00:00,binhduong_thudaumot,83.83149865203211
2025-11-23 03:00:00+00:00,bienhoa_dongnai,97.44323561692798
2025-11-23 03:00:00+00:00,angiang_longxuyen,40.88742722337359
2025-11-23 03:00:00+00:00,bacninh_bacninhcity,164.91148887527197
2025-11-23 03:00:00+00:00,backan_backancity,50.69261194177358
2025-11-23 03:00:00+00:00,bacgiang_bacgiangcity,166.20753492630394
2025-11-23 03:00:00+00:00,bentre_bentrecity,77.90111639957502
2025-11-23 04:00:00+00:00,binhduong_thudaumot,84.11877937492181
2025-11-23 04:00:00+00:00,backan_backancity,52.00671011874298
2025-11-23 04:00:00+00:00,bacgiang_bacgiangcity,165.1306640480777
2025-11-23 04:00:00+00:00,bacninh_bacninhcity,163.9247567999007
2025-11-23 04:00:00+00:00,angiang_longxuyen,41.282489884976584
2025-11-23 04:00:00+00:00,bentre_bentrecity,78.13676430045959
2025-11-23 04:00:00+00:00,bienhoa_dongnai,96.13913267888596
2025-11-23 05:00:00+00:00,bacgiang_bacgiangcity,163.87576500957647
2025-11-23 05:00:00+00:00,bacninh_bacninhcity,162.93418282836103
2025-11-23 05:00:00+00:00,bentre_bentrecity,78.39318802716993
2025-11-23 05:00:00+00:00,bienhoa_dongnai,94.97745836040554
2025-11-23 05:00:00+00:00,angiang_longxuyen,41.669050774084596
2025-11-23 05:00:00+00:00,backan_backancity,53.8557281605287
2025-11-23 05:00:00+00:00,binhduong_thudaumot,84.36114515540324
2025-11-23 06:00:00+00:00,backan_backancity,56.10466018240867
2025-11-23 06:00:00+00:00,bacninh_bacninhcity,162.43712065160963
2025-11-23 06:00:00+00:00,angiang_longxuyen,42.11255700526752
2025-11-23 06:00:00+00:00,binhduong_thudaumot,84.52407113946018
2025-11-23 06:00:00+00:00,bentre_bentrecity,78.72277311749501
2025-11-23 06:00:00+00:00,bienhoa_dongnai,94.00491040905355
2025-11-23 06:00:00+00:00,bacgiang_bacgiangcity,163.00503383312477
2025-11-23 07:00:00+00:00,bienhoa_dongnai,93.34682579249628
2025-11-23 07:00:00+00:00,backan_backancity,58.95121372899506
2025-11-23 07:00:00+00:00,bentre_bentrecity,79.25109692954655
2025-11-23 07:00:00+00:00,angiang_longxuyen,42.60055613590475
2025-11-23 07:00:00+00:00,bacninh_bacninhcity,162.76062310224793
2025-11-23 07:00:00+00:00,binhduong_thudaumot,84.70210800165175
2025-11-23 07:00:00+00:00,bacgiang_bacgiangcity,162.893318628119
2025-11-23 08:00:00+00:00,bacgiang_bacgiangcity,163.69677528751978
2025-11-23 08:00:00+00:00,bienhoa_dongnai,92.8874777221863
2025-11-23 08:00:00+00:00,angiang_longxuyen,43.075967944214455
2025-11-23 08:00:00+00:00,binhduong_thudaumot,84.73902153176816
2025-11-23 08:00:00+00:00,bentre_bentrecity,80.13787444016482
2025-11-23 08:00:00+00:00,bacninh_bacninhcity,164.10704889929806
2025-11-23 08:00:00+00:00,backan_backancity,62.28141979888885
2025-11-23 09:00:00+00:00,bienhoa_dongnai,92.40630524510314
2025-11-23 09:00:00+00:00,angiang_longxuyen,43.56441087259708
2025-11-23 09:00:00+00:00,bacninh_bacninhcity,166.05353275769596
2025-11-23 09:00:00+00:00,backan_backancity,65.67837391988068
2025-11-23 09:00:00+00:00,bacgiang_bacgiangcity,165.26507820247258
2025-11-23 09:00:00+00:00,binhduong_thudaumot,84.41938708304801
2025-11-23 09:00:00+00:00,bentre_bentrecity,81.24601565560778
2025-11-23 10:00:00+00:00,backan_backancity,69.40368616096035
2025-11-23 10:00:00+00:00,bacninh_bacninhcity,167.8559172285496
2025-11-23 10:00:00+00:00,bacgiang_bacgiangcity,166.83438618878995
2025-11-23 10:00:00+00:00,bienhoa_dongnai,91.6249318744937
2025-11-23 10:00:00+00:00,binhduong_thudaumot,83.68833472051982
2025-11-23 10:00:00+00:00,bentre_bentrecity,82.22367163199003
2025-11-23 10:00:00+00:00,angiang_longxuyen,44.08341058103717
2025-11-23 11:00:00+00:00,backan_backancity,72.23123037078594
2025-11-23 11:00:00+00:00,bacgiang_bacgiangcity,167.74159579952925
2025-11-23 11:00:00+00:00,bentre_bentrecity,82.28888814577066
2025-11-23 11:00:00+00:00,angiang_longxuyen,44.63526437551085
2025-11-23 11:00:00+00:00,bienhoa_dongnai,90.7224474044553
2025-11-23 11:00:00+00:00,bacninh_bacninhcity,168.68594083925765
2025-11-23 11:00:00+00:00,binhduong_thudaumot,82.98896168528744
2025-11-23 12:00:00+00:00,bacgiang_bacgiangcity,168.6091899350552
2025-11-23 12:00:00+00:00,angiang_longxuyen,45.2419184896234
2025-11-23 12:00:00+00:00,bacninh_bacninhcity,169.32152012406962
2025-11-23 12:00:00+00:00,backan_backancity,72.20766993165577
2025-11-23 12:00:00+00:00,bentre_bentrecity,81.2932540097419
2025-11-23 12:00:00+00:00,binhduong_thudaumot,82.60362341545839
2025-11-23 12:00:00+00:00,bienhoa_dongnai,89.7878093526677
2025-11-23 13:00:00+00:00,bentre_bentrecity,79.52569895998465
2025-11-23 13:00:00+00:00,bacninh_bacninhcity,170.24937938284432
2025-11-23 13:00:00+00:00,bacgiang_bacgiangcity,169.556833001166
2025-11-23 13:00:00+00:00,backan_backancity,68.36641770507256
2025-11-23 13:00:00+00:00,binhduong_thudaumot,81.96609490133334
2025-11-23 13:00:00+00:00,bienhoa_dongnai,88.28585420065043
2025-11-23 13:00:00+00:00,angiang_longxuyen,46.10661053597119
2025-11-23 14:00:00+00:00,bentre_bentrecity,78.4034519377716
2025-11-23 14:00:00+00:00,bienhoa_dongnai,86.67735930851111
2025-11-23 14:00:00+00:00,backan_backancity,63.192453901963404
2025-11-23 14:00:00+00:00,angiang_longxuyen,46.8979019159984
2025-11-23 14:00:00+00:00,bacninh_bacninhcity,171.28920185124724
2025-11-23 14:00:00+00:00,binhduong_thudaumot,81.25696701761899
2025-11-23 14:00:00+00:00,bacgiang_bacgiangcity,170.37569205290674
2025-11-23 15:00:00+00:00,bacgiang_bacgiangcity,171.13812352660887
2025-11-23 15:00:00+00:00,angiang_longxuyen,47.522003372846314
2025-11-23 15:00:00+00:00,bacninh_bacninhcity,172.30123474906392
2025-11-23 15:00:00+00:00,backan_backancity,59.53709636824013
2025-11-23 15:00:00+00:00,bienhoa_dongnai,85.4811198896503
2025-11-23 15:00:00+00:00,binhduong_thudaumot,80.74135670568535
2025-11-23 15:00:00+00:00,bentre_bentrecity,78.32892437325441
2025-11-23 16:00:00+00:00,angiang_longxuyen,48.214771653397335
2025-11-23 16:00:00+00:00,bacninh_bacninhcity,172.95956954572276
2025-11-23 16:00:00+00:00,bentre_bentrecity,78.72829448356264
2025-11-23 16:00:00+00:00,binhduong_thudaumot,80.40395294331651
2025-11-23 16:00:00+00:00,bienhoa_dongnai,84.64072903308124
2025-11-23 16:00:00+00:00,backan_backancity,57.77651155366044
2025-11-23 16:00:00+00:00,bacgiang_bacgiangcity,171.737885722793
2025-11-23 17:00:00+00:00,bienhoa_dongnai,83.87657022893875
2025-11-23 17:00:00+00:00,binhduong_thudaumot,80.15781923295756
2025-11-23 17:00:00+00:00,bentre_bentrecity,79.28388575120582
2025-11-23 17:00:00+00:00,bacninh_bacninhcity,172.9507022927316
2025-11-23 17:00:00+00:00,backan_backancity,57.42087727606439
2025-11-23 17:00:00+00:00,bacgiang_bacgiangcity,171.8430092259923
2025-11-23 17:00:00+00:00,angiang_longxuyen,48.88631595941891
2025-11-23 18:00:00+00:00,bienhoa_dongnai,83.09469867360532
2025-11-23 18:00:00+00:00,bacgiang_bacgiangcity,171.37842695286173
2025-11-23 18:00:00+00:00,angiang_longxuyen,49.5254412752357
2025-11-23 18:00:00+00:00,backan_backancity,57.84221537476934
2025-11-23 18:00:00+00:00,bacninh_bacninhcity,172.30634712505247
2025-11-23 18:00:00+00:00,binhduong_thudaumot,79.94253816781969
2025-11-23 18:00:00+00:00,bentre_bentrecity,79.7395659636789
2025-11-23 19:00:00+00:00,bentre_bentrecity,80.05900026831779
2025-11-23 19:00:00+00:00,binhduong_thudaumot,79.77517420630886
2025-11-23 19:00:00+00:00,bacninh_bacninhcity,171.26162982857542
2025-11-23 19:00:00+00:00,backan_backancity,58.52176544404105
2025-11-23 19:00:00+00:00,bienhoa_dongnai,82.30659219504503
2025-11-23 19:00:00+00:00,bacgiang_bacgiangcity,170.4902397317581
2025-11-23 19:00:00+00:00,angiang_longxuyen,49.97337678195593
2025-11-23 20:00:00+00:00,bacninh_bacninhcity,170.09712194850988
2025-11-23 20:00:00+00:00,bienhoa_dongnai,81.49044379031778
2025-11-23 20:00:00+00:00,bentre_bentrecity,80.23390444054192
2025-11-23 20:00:00+00:00,backan_backancity,59.150078628511864
2025-11-23 20:00:00+00:00,binhduong_thudaumot,79.62704148043154
2025-11-23 20:00:00+00:00,bacgiang_bacgiangcity,169.41333404586553
2025-11-23 20:00:00+00:00,angiang_longxuyen,50.29010043958132
2025-11-23 21:00:00+00:00,backan_backancity,59.83163884051269
2025-11-23 21:00:00+00:00,bentre_bentrecity,80.51649047943873
2025-11-23 21:00:00+00:00,binhduong_thudaumot,79.47962231171346
2025-11-23 21:00:00+00:00,bacgiang_bacgiangcity,168.30904342850755
2025-11-23 21:00:00+00:00,angiang_longxuyen,50.64025686069263
2025-11-23 21:00:00+00:00,bacninh_bacninhcity,168.93513327329316
2025-11-23 21:00:00+00:00,bienhoa_dongnai,80.66488426281335
2025-11-23 22:00:00+00:00,backan_backancity,60.35706926530262
2025-11-23 22:00:00+00:00,bacgiang_bacgiangcity,167.3172903472718
2025-11-23 22:00:00+00:00,bacninh_bacninhcity,167.7174044714473
2025-11-23 22:00:00+00:00,bienhoa_dongnai,79.90221348640539
2025-11-23 22:00:00+00:00,angiang_longxuyen,50.887008407128484
2025-11-23 22:00:00+00:00,bentre_bentrecity,80.83786966243241
2025-11-23 22:00:00+00:00,binhduong_thudaumot,79.32416692303723
2025-11-23 23:00:00+00:00,backan_backancity,60.723733222159055
2025-11-23 23:00:00+00:00,bentre_bentrecity,81.2577327862777
2025-11-23 23:00:00+00:00,angiang_longxuyen,51.099500508003686
2025-11-23 23:00:00+00:00,binhduong_thudaumot,79.34157945810628
2025-11-23 23:00:00+00:00,bacgiang_bacgiangcity,166.45322048795921
2025-11-23 23:00:00+00:00,bacninh_bacninhcity,166.34711366818684
2025-11-23 23:00:00+00:00,bienhoa_dongnai,79.47342654711117
2025-11-24 00:00:00+00:00,bienhoa_dongnai,79.66416385654577
2025-11-24 00:00:00+00:00,backan_backancity,61.22581205381665
2025-11-24 00:00:00+00:00,bacgiang_bacgiangcity,165.64225842551141
2025-11-24 00:00:00+00:00,binhduong_thudaumot,79.76568476628248
2025-11-24 00:00:00+00:00,bacninh_bacninhcity,165.03085741590652
2025-11-24 00:00:00+00:00,angiang_longxuyen,51.35523243234621
2025-11-24 00:00:00+00:00,bentre_bentrecity,82.04192775333698
2025-11-24 01:00:00+00:00,bacninh_bacninhcity,163.7086011921469
2025-11-24 01:00:00+00:00,bentre_bentrecity,82.9925990864163
2025-11-24 01:00:00+00:00,bacgiang_bacgiangcity,164.7422061411561
2025-11-24 01:00:00+00:00,angiang_longxuyen,51.76799044130699
2025-11-24 01:00:00+00:00,bienhoa_dongnai,80.39735689055172
2025-11-24 01:00:00+00:00,backan_backancity,62.066090873209795
2025-11-24 01:00:00+00:00,binhduong_thudaumot,80.52309523412009
2025-11-24 02:00:00+00:00,bacgiang_bacgiangcity,163.87874976696213
2025-11-24 02:00:00+00:00,binhduong_thudaumot,80.93592285841348
2025-11-24 02:00:00+00:00,bienhoa_dongnai,80.89515002829552
2025-11-24 02:00:00+00:00,backan_backancity,62.927919989004
2025-11-24 02:00:00+00:00,angiang_longxuyen,52.2588568534561
2025-11-24 02:00:00+00:00,bentre_bentrecity,84.00132090497573
2025-11-24 02:00:00+00:00,bacninh_bacninhcity,162.64346049746544
2025-11-24 03:00:00+00:00,bacninh_bacninhcity,161.5756004538539
2025-11-24 03:00:00+00:00,bacgiang_bacgiangcity,162.80603405390104
2025-11-24 03:00:00+00:00,backan_backancity,63.84837391677233
2025-11-24 03:00:00+00:00,binhduong_thudaumot,80.9925331767002
2025-11-24 03:00:00+00:00,bienhoa_dongnai,81.1366891267022
2025-11-24 03:00:00+00:00,bentre_bentrecity,84.85328748607033
2025-11-24 03:00:00+00:00,angiang_longxuyen,52.892104024625645
2025-11-24 04:00:00+00:00,angiang_longxuyen,53.64713451827966
2025-11-24 04:00:00+00:00,bienhoa_dongnai,81.2416559954031
2025-11-24 04:00:00+00:00,bacninh_bacninhcity,160.36922765314006
2025-11-24 04:00:00+00:00,binhduong_thudaumot,80.86660339096716
2025-11-24 04:00:00+00:00,bacgiang_bacgiangcity,161.57148879827162
2025-11-24 04:00:00+00:00,bentre_bentrecity,85.46164935131097
2025-11-24 04:00:00+00:00,backan_backancity,64.85330605066281
2025-11-24 05:00:00+00:00,bentre_bentrecity,86.10981160749219
2025-11-24 05:00:00+00:00,binhduong_thudaumot,80.68425037815376
2025-11-24 05:00:00+00:00,bacgiang_bacgiangcity,160.3199443486105
2025-11-24 05:00:00+00:00,bacninh_bacninhcity,159.25128372867397
2025-11-24 05:00:00+00:00,angiang_longxuyen,54.45172242683536
2025-11-24 05:00:00+00:00,bienhoa_dongnai,81.28287697422473
2025-11-24 05:00:00+00:00,backan_backancity,65.96623767118098
2025-11-24 06:00:00+00:00,backan_backancity,67.28219370733942
2025-11-24 06:00:00+00:00,bentre_bentrecity,87.27589018349975
2025-11-24 06:00:00+00:00,bienhoa_dongnai,81.38459802804269
2025-11-24 06:00:00+00:00,bacninh_bacninhcity,158.46624467570678
2025-11-24 06:00:00+00:00,binhduong_thudaumot,80.54530252522267
2025-11-24 06:00:00+00:00,bacgiang_bacgiangcity,159.3995513342582
2025-11-24 06:00:00+00:00,angiang_longxuyen,55.33593287206365
2025-11-24 07:00:00+00:00,bentre_bentrecity,89.01687066777274
2025-11-24 07:00:00+00:00,binhduong_thudaumot,80.44857202056119
2025-11-24 07:00:00+00:00,backan_backancity,68.69017251129156
2025-11-24 07:00:00+00:00,bacgiang_bacgiangcity,159.04844640424008
2025-11-24 07:00:00+00:00,angiang_longxuyen,56.58728587956008
2025-11-24 07:00:00+00:00,bacninh_bacninhcity,158.34750702402397
2025-11-24 07:00:00+00:00,bienhoa_dongnai,81.48644090869271
2025-11-24 08:00:00+00:00,binhduong_thudaumot,80.61530509312021
2025-11-24 08:00:00+00:00,bienhoa_dongnai,81.78901089900685
2025-11-24 08:00:00+00:00,backan_backancity,70.07645308626088
2025-11-24 08:00:00+00:00,bacgiang_bacgiangcity,159.1499629630185
2025-11-24 08:00:00+00:00,bentre_bentrecity,90.96884108457195
2025-11-24 08:00:00+00:00,bacninh_bacninhcity,158.73601714244506
2025-11-24 08:00:00+00:00,angiang_longxuyen,58.046109982067215
2025-11-24 09:00:00+00:00,bienhoa_dongnai,82.11435815595931
2025-11-24 09:00:00+00:00,bentre_bentrecity,92.47120305118916
2025-11-24 09:00:00+00:00,bacninh_bacninhcity,159.2069953242592
2025-11-24 09:00:00+00:00,bacgiang_bacgiangcity,159.34432026974883
2025-11-24 09:00:00+00:00,backan_backancity,70.80248879388287
2025-11-24 09:00:00+00:00,angiang_longxuyen,59.61327294594853
2025-11-24 09:00:00+00:00,binhduong_thudaumot,80.8294505581449
2025-11-24 10:00:00+00:00,bentre_bentrecity,93.27982103485922
2025-11-24 10:00:00+00:00,bienhoa_dongnai,82.09410009416982
2025-11-24 10:00:00+00:00,binhduong_thudaumot,80.73163231391139
2025-11-24 10:00:00+00:00,angiang_longxuyen,61.06358222308581
2025-11-24 10:00:00+00:00,backan_backancity,70.40485906688988
2025-11-24 10:00:00+00:00,bacninh_bacninhcity,159.31637406466422
2025-11-24 10:00:00+00:00,bacgiang_bacgiangcity,159.17029934205718
2025-11-24 11:00:00+00:00,bienhoa_dongnai,81.69282861508968
2025-11-24 11:00:00+00:00,bacninh_bacninhcity,158.39488025786503
2025-11-24 11:00:00+00:00,angiang_longxuyen,62.495534807205516
2025-11-24 11:00:00+00:00,bacgiang_bacgiangcity,158.01612063696763
2025-11-24 11:00:00+00:00,bentre_bentrecity,92.78805832530277
2025-11-24 11:00:00+00:00,binhduong_thudaumot,80.37551507994536
2025-11-24 11:00:00+00:00,backan_backancity,69.13248657990354
2025-11-24 12:00:00+00:00,bienhoa_dongnai,81.21677286495333
2025-11-24 12:00:00+00:00,bacgiang_bacgiangcity,155.9987466151814
2025-11-24 12:00:00+00:00,binhduong_thudaumot,80.20202061820657
2025-11-24 12:00:00+00:00,bacninh_bacninhcity,156.5033794593541
2025-11-24 12:00:00+00:00,backan_backancity,67.441112458813
2025-11-24 12:00:00+00:00,bentre_bentrecity,90.90884680847664
2025-11-24 12:00:00+00:00,angiang_longxuyen,63.4079133563911
2025-11-24 13:00:00+00:00,binhduong_thudaumot,80.12453875301173
2025-11-24 13:00:00+00:00,bienhoa_dongnai,80.60049878206576
2025-11-24 13:00:00+00:00,bentre_bentrecity,89.19339013326133
2025-11-24 13:00:00+00:00,backan_backancity,65.58073406493699
2025-11-24 13:00:00+00:00,bacgiang_bacgiangcity,153.28123814046234
2025-11-24 13:00:00+00:00,bacninh_bacninhcity,153.70788005732052
2025-11-24 13:00:00+00:00,angiang_longxuyen,63.54439421597284
2025-11-24 14:00:00+00:00,angiang_longxuyen,63.2682998068419
2025-11-24 14:00:00+00:00,binhduong_thudaumot,80.56432056390003
2025-11-24 14:00:00+00:00,bacgiang_bacgiangcity,150.25140047598893
2025-11-24 14:00:00+00:00,bacninh_bacninhcity,150.46326603887061
2025-11-24 14:00:00+00:00,bienhoa_dongnai,80.46931738967893
2025-11-24 14:00:00+00:00,bentre_bentrecity,88.04018821830746
2025-11-24 14:00:00+00:00,backan_backancity,64.2020285083473
2025-11-24 15:00:00+00:00,bacninh_bacninhcity,147.23885787071077
2025-11-24 15:00:00+00:00,angiang_longxuyen,63.294331590279725
2025-11-24 15:00:00+00:00,binhduong_thudaumot,81.50234801219408
2025-11-24 15:00:00+00:00,backan_backancity,63.45746642033449
2025-11-24 15:00:00+00:00,bacgiang_bacgiangcity,147.21801678051065
2025-11-24 15:00:00+00:00,bienhoa_dongnai,81.09572920537784
2025-11-24 15:00:00+00:00,bentre_bentrecity,87.68722107814203
2025-11-24 16:00:00+00:00,bacninh_bacninhcity,143.96688502654516
2025-11-24 16:00:00+00:00,binhduong_thudaumot,82.72295279746837
2025-11-24 16:00:00+00:00,bienhoa_dongnai,82.2889142515204
2025-11-24 16:00:00+00:00,bentre_bentrecity,88.08594072018619
2025-11-24 16:00:00+00:00,bacgiang_bacgiangcity,144.1052367981908
2025-11-24 16:00:00+00:00,backan_backancity,63.16338514964047
2025-11-24 16:00:00+00:00,angiang_longxuyen,63.886244657712126
2025-11-24 17:00:00+00:00,bacninh_bacninhcity,139.97613822414047
2025-11-24 17:00:00+00:00,backan_backancity,63.08996707948674
2025-11-24 17:00:00+00:00,bentre_bentrecity,89.29497630737237
2025-11-24 17:00:00+00:00,angiang_longxuyen,65.08127015921056
2025-11-24 17:00:00+00:00,bacgiang_bacgiangcity,140.2168506404724
2025-11-24 17:00:00+00:00,binhduong_thudaumot,84.15400908418071
2025-11-24 17:00:00+00:00,bienhoa_dongnai,84.0639921081578
2025-11-24 18:00:00+00:00,binhduong_thudaumot,85.89587063750704
2025-11-24 18:00:00+00:00,bienhoa_dongnai,86.51686551013724
2025-11-24 18:00:00+00:00,angiang_longxuyen,66.90412153785152
2025-11-24 18:00:00+00:00,bacninh_bacninhcity,134.0985548505097
2025-11-24 18:00:00+00:00,bacgiang_bacgiangcity,134.5522814827114
2025-11-24 18:00:00+00:00,bentre_bentrecity,91.00107298357034
2025-11-24 18:00:00+00:00,backan_backancity,63.06984824836247
2025-11-24 19:00:00+00:00,bienhoa_dongnai,89.2572284810042
2025-11-24 19:00:00+00:00,bentre_bentrecity,93.22080681211831
2025-11-24 19:00:00+00:00,bacgiang_bacgiangcity,127.01099173174424
2025-11-24 19:00:00+00:00,backan_backancity,62.98800237200465
2025-11-24 19:00:00+00:00,bacninh_bacninhcity,126.24896924812121
2025-11-24 19:00:00+00:00,angiang_longxuyen,69.3375211382729
2025-11-24 19:00:00+00:00,binhduong_thudaumot,87.72190691761492
2025-11-24 20:00:00+00:00,binhduong_thudaumot,89.53726268286503
2025-11-24 20:00:00+00:00,backan_backancity,62.814216396060566
2025-11-24 20:00:00+00:00,bentre_bentrecity,95.6732701362791
2025-11-24 20:00:00+00:00,bacgiang_bacgiangcity,118.37323221094198
2025-11-24 20:00:00+00:00,bienhoa_dongnai,91.92993840144919
2025-11-24 20:00:00+00:00,angiang_longxuyen,71.8856598597103
2025-11-24 20:00:00+00:00,bacninh_bacninhcity,117.11043291992908
2025-11-24 21:00:00+00:00,backan_backancity,62.51986536595268
2025-11-24 21:00:00+00:00,bentre_bentrecity,97.54412346223376
2025-11-24 21:00:00+00:00,bacgiang_bacgiangcity,109.97692966420873
2025-11-24 21:00:00+00:00,bacninh_bacninhcity,108.02139635644133
2025-11-24 21:00:00+00:00,bienhoa_dongnai,94.0564061758726
2025-11-24 21:00:00+00:00,angiang_longxuyen,74.05630944007042
2025-11-24 21:00:00+00:00,binhduong_thudaumot,91.08863710685833
2025-11-24 22:00:00+00:00,bienhoa_dongnai,95.3549366240871
2025-11-24 22:00:00+00:00,bacgiang_bacgiangcity,102.5270437572188
2025-11-24 22:00:00+00:00,angiang_longxuyen,75.53359900955235
2025-11-24 22:00:00+00:00,bentre_bentrecity,98.61421010874925
2025-11-24 22:00:00+00:00,binhduong_thudaumot,92.13941093727243
2025-11-24 22:00:00+00:00,bacninh_bacninhcity,100.07146133983522
2025-11-24 22:00:00+00:00,backan_backancity,61.96732847102776
2025-11-24 23:00:00+00:00,angiang_longxuyen,76.29167517400803
2025-11-24 23:00:00+00:00,binhduong_thudaumot,92.55188395846534
2025-11-24 23:00:00+00:00,bacninh_bacninhcity,93.77197968161991
2025-11-24 23:00:00+00:00,bienhoa_dongnai,95.7840933948358
2025-11-24 23:00:00+00:00,bacgiang_bacgiangcity,96.4601442059043
2025-11-24 23:00:00+00:00,backan_backancity,61.25632532429123
2025-11-24 23:00:00+00:00,bentre_bentrecity,98.79451817116723
2025-11-25 00:00:00+00:00,bacninh_bacninhcity,88.99849765866158
2025-11-25 00:00:00+00:00,bacgiang_bacgiangcity,91.67265862369565
2025-11-25 00:00:00+00:00,backan_backancity,60.45483529803667
2025-11-25 00:00:00+00:00,bienhoa_dongnai,95.47449443140721
2025-11-25 00:00:00+00:00,binhduong_thudaumot,92.42417354305287
2025-11-25 00:00:00+00:00,angiang_longxuyen,76.49522170464286
2025-11-25 00:00:00+00:00,bentre_bentrecity,98.37970705376424
2025-11-25 01:00:00+00:00,bentre_bentrecity,98.24279272996304
2025-11-25 01:00:00+00:00,bienhoa_dongnai,95.02724202513821
2025-11-25 01:00:00+00:00,bacninh_bacninhcity,85.46947237431301
2025-11-25 01:00:00+00:00,bacgiang_bacgiangcity,87.99626529438889
2025-11-25 01:00:00+00:00,angiang_longxuyen,76.71790810078713
2025-11-25 01:00:00+00:00,backan_backancity,59.22945751152032
2025-11-25 01:00:00+00:00,binhduong_thudaumot,92.10523851087754
2025-11-25 02:00:00+00:00,bentre_bentrecity,97.85263359835075
2025-11-25 02:00:00+00:00,bienhoa_dongnai,94.09631642850994
2025-11-25 02:00:00+00:00,angiang_longxuyen,76.83028465145269
2025-11-25 02:00:00+00:00,binhduong_thudaumot,91.32322446166017
2025-11-25 02:00:00+00:00,bacninh_bacninhcity,82.5218732601829
2025-11-25 02:00:00+00:00,bacgiang_bacgiangcity,84.88992037937716
2025-11-25 02:00:00+00:00,backan_backancity,58.201909096448205
2025-11-25 03:00:00+00:00,bienhoa_dongnai,92.7610562781667
2025-11-25 03:00:00+00:00,bacninh_bacninhcity,79.80577449594921
2025-11-25 03:00:00+00:00,binhduong_thudaumot,90.10526179580636
2025-11-25 03:00:00+00:00,bentre_bentrecity,97.08590990429741
2025-11-25 03:00:00+00:00,backan_backancity,57.45171686841058
2025-11-25 03:00:00+00:00,bacgiang_bacgiangcity,82.04513876055361
2025-11-25 03:00:00+00:00,angiang_longxuyen,76.78078379900874
2025-11-25 04:00:00+00:00,bacgiang_bacgiangcity,79.53432691027
2025-11-25 04:00:00+00:00,binhduong_thudaumot,88.85177681874875
2025-11-25 04:00:00+00:00,angiang_longxuyen,76.58197981290797
2025-11-25 04:00:00+00:00,bentre_bentrecity,96.20579697403696
2025-11-25 04:00:00+00:00,backan_backancity,57.042957390116584
2025-11-25 04:00:00+00:00,bienhoa_dongnai,91.45053241343099
2025-11-25 04:00:00+00:00,bacninh_bacninhcity,77.39999042778253
2025-11-25 05:00:00+00:00,bienhoa_dongnai,90.58798865273796
2025-11-25 05:00:00+00:00,backan_backancity,56.994191849623334
2025-11-25 05:00:00+00:00,binhduong_thudaumot,88.02505558538138
2025-11-25 05:00:00+00:00,bacninh_bacninhcity,75.50102338484919
2025-11-25 05:00:00+00:00,bentre_bentrecity,95.65382026499164
2025-11-25 05:00:00+00:00,angiang_longxuyen,76.27729960782409
2025-11-25 05:00:00+00:00,bacgiang_bacgiangcity,77.53410871701382
2025-11-25 06:00:00+00:00,bacgiang_bacgiangcity,76.26792329271319
2025-11-25 06:00:00+00:00,bienhoa_dongnai,90.41089486075533
2025-11-25 06:00:00+00:00,backan_backancity,57.208828972934576
2025-11-25 06:00:00+00:00,bentre_bentrecity,96.18511686929352
2025-11-25 06:00:00+00:00,binhduong_thudaumot,87.82349309172594
2025-11-25 06:00:00+00:00,bacninh_bacninhcity,74.36652841505509
2025-11-25 06:00:00+00:00,angiang_longxuyen,76.00779690049966
2025-11-25 07:00:00+00:00,angiang_longxuyen,75.88133194689716
2025-11-25 07:00:00+00:00,backan_backancity,57.82643009810004
2025-11-25 07:00:00+00:00,bienhoa_dongnai,91.00539783610874
2025-11-25 07:00:00+00:00,binhduong_thudaumot,88.27484410070234
2025-11-25 07:00:00+00:00,bacninh_bacninhcity,74.14010889669962
2025-11-25 07:00:00+00:00,bacgiang_bacgiangcity,75.87291719356794
2025-11-25 07:00:00+00:00,bentre_bentrecity,98.01484602524843
2025-11-25 08:00:00+00:00,backan_backancity,58.572510670555396
2025-11-25 08:00:00+00:00,angiang_longxuyen,75.84907829310734
2025-11-25 08:00:00+00:00,bacgiang_bacgiangcity,76.24749119259218
2025-11-25 08:00:00+00:00,bacninh_bacninhcity,74.71956952151142
2025-11-25 08:00:00+00:00,bentre_bentrecity,101.34295493324736
2025-11-25 08:00:00+00:00,bienhoa_dongnai,92.34516993019676
2025-11-25 08:00:00+00:00,binhduong_thudaumot,89.37655133657674
2025-11-25 09:00:00+00:00,bacgiang_bacgiangcity,77.0176847758803
2025-11-25 09:00:00+00:00,bentre_bentrecity,105.72437536808191
2025-11-25 09:00:00+00:00,backan_backancity,59.043023299832676
2025-11-25 09:00:00+00:00,binhduong_thudaumot,91.01746848213955
2025-11-25 09:00:00+00:00,angiang_longxuyen,75.6432257545798
2025-11-25 09:00:00+00:00,bienhoa_dongnai,94.35388445725006
2025-11-25 09:00:00+00:00,bacninh_bacninhcity,75.69416677421711
2025-11-25 10:00:00+00:00,binhduong_thudaumot,92.69355116032652
2025-11-25 10:00:00+00:00,bentre_bentrecity,111.05195845546973
2025-11-25 10:00:00+00:00,bacninh_bacninhcity,76.4552886094745
2025-11-25 10:00:00+00:00,angiang_longxuyen,74.9151102888961
2025-11-25 10:00:00+00:00,bacgiang_bacgiangcity,77.70422248416273
2025-11-25 10:00:00+00:00,bienhoa_dongnai,96.44079875761574
2025-11-25 10:00:00+00:00,backan_backancity,58.907830323904214
2025-11-25 11:00:00+00:00,binhduong_thudaumot,93.95768510779429
2025-11-25 11:00:00+00:00,bacgiang_bacgiangcity,77.88356898479903
2025-11-25 11:00:00+00:00,bacninh_bacninhcity,76.52903300149984
2025-11-25 11:00:00+00:00,angiang_longxuyen,73.84728940390914
2025-11-25 11:00:00+00:00,bienhoa_dongnai,98.16094087103757
2025-11-25 11:00:00+00:00,backan_backancity,57.61627881278385
2025-11-25 11:00:00+00:00,bentre_bentrecity,115.88174187867634
2025-11-25 12:00:00+00:00,bienhoa_dongnai,99.05272796625484
2025-11-25 12:00:00+00:00,bacninh_bacninhcity,76.16683312784701
2025-11-25 12:00:00+00:00,binhduong_thudaumot,94.4676000153288
2025-11-25 12:00:00+00:00,bacgiang_bacgiangcity,77.78344473267282
2025-11-25 12:00:00+00:00,backan_backancity,55.37555704919356
2025-11-25 12:00:00+00:00,angiang_longxuyen,72.62604502776651
2025-11-25 12:00:00+00:00,bentre_bentrecity,117.87996950851569
2025-11-25 13:00:00+00:00,bentre_bentrecity,115.82559384970772
2025-11-25 13:00:00+00:00,binhduong_thudaumot,94.16096622997354
2025-11-25 13:00:00+00:00,bienhoa_dongnai,98.88866311886599
2025-11-25 13:00:00+00:00,bacgiang_bacgiangcity,78.07368410719843
2025-11-25 13:00:00+00:00,backan_backancity,53.056330945210725
2025-11-25 13:00:00+00:00,bacninh_bacninhcity,76.1637265436293
2025-11-25 13:00:00+00:00,angiang_longxuyen,70.94495657206906
2025-11-25 14:00:00+00:00,bacgiang_bacgiangcity,78.892782461645
2025-11-25 14:00:00+00:00,backan_backancity,51.32468000324704
2025-11-25 14:00:00+00:00,bienhoa_dongnai,98.36304886608838
2025-11-25 14:00:00+00:00,bacninh_bacninhcity,76.90818855960147
2025-11-25 14:00:00+00:00,angiang_longxuyen,69.20578282322522
2025-11-25 14:00:00+00:00,bentre_bentrecity,111.2809994261938
2025-11-25 14:00:00+00:00,binhduong_thudaumot,93.76989557259989
2025-11-25 15:00:00+00:00,angiang_longxuyen,67.67139562812831
2025-11-25 15:00:00+00:00,bienhoa_dongnai,98.45184322283234
2025-11-25 15:00:00+00:00,bentre_bentrecity,106.75342703924258
2025-11-25 15:00:00+00:00,backan_backancity,50.301334613881245
2025-11-25 15:00:00+00:00,bacgiang_bacgiangcity,80.18854134942998
2025-11-25 15:00:00+00:00,binhduong_thudaumot,94.19382357922585
2025-11-25 15:00:00+00:00,bacninh_bacninhcity,78.37441799311497
2025-11-25 16:00:00+00:00,backan_backancity,49.695307037762184
2025-11-25 16:00:00+00:00,bacninh_bacninhcity,80.12701879923597
2025-11-25 16:00:00+00:00,bentre_bentrecity,103.80985473700812
2025-11-25 16:00:00+00:00,binhduong_thudaumot,95.26328695096657
2025-11-25 16:00:00+00:00,bienhoa_dongnai,98.99421791080556
2025-11-25 16:00:00+00:00,angiang_longxuyen,66.27378515777673
2025-11-25 16:00:00+00:00,bacgiang_bacgiangcity,81.46375936313675
2025-11-25 17:00:00+00:00,bacninh_bacninhcity,81.92511322521753
2025-11-25 17:00:00+00:00,backan_backancity,49.513380418861026
2025-11-25 17:00:00+00:00,binhduong_thudaumot,96.31505497534951
2025-11-25 17:00:00+00:00,angiang_longxuyen,64.89720286883164
2025-11-25 17:00:00+00:00,bentre_bentrecity,102.59572472153634
2025-11-25 17:00:00+00:00,bienhoa_dongnai,99.39213806426427
2025-11-25 17:00:00+00:00,bacgiang_bacgiangcity,82.73349952035876
2025-11-25 18:00:00+00:00,bienhoa_dongnai,99.30665261129845
2025-11-25 18:00:00+00:00,backan_backancity,49.438748431344905
2025-11-25 18:00:00+00:00,angiang_longxuyen,63.54000409906013
2025-11-25 18:00:00+00:00,bacgiang_bacgiangcity,83.70633028399948
2025-11-25 18:00:00+00:00,bacninh_bacninhcity,83.34571851012183
2025-11-25 18:00:00+00:00,binhduong_thudaumot,96.90151302882818
2025-11-25 18:00:00+00:00,bentre_bentrecity,102.32660544241105
2025-11-25 19:00:00+00:00,bienhoa_dongnai,98.42895283127854
2025-11-25 19:00:00+00:00,backan_backancity,49.411450519045246
2025-11-25 19:00:00+00:00,bacgiang_bacgiangcity,84.4304515699747
2025-11-25 19:00:00+00:00,angiang_longxuyen,62.04368343802598
2025-11-25 19:00:00+00:00,bacninh_bacninhcity,84.48683563843045
2025-11-25 19:00:00+00:00,binhduong_thudaumot,96.66184919344367
2025-11-25 19:00:00+00:00,bentre_bentrecity,101.81895792801446
2025-11-25 20:00:00+00:00,angiang_longxuyen,60.47100345903532
2025-11-25 20:00:00+00:00,bentre_bentrecity,100.65270041884729
2025-11-25 20:00:00+00:00,bacninh_bacninhcity,85.50957298137547
2025-11-25 20:00:00+00:00,backan_backancity,49.453167507111736
2025-11-25 20:00:00+00:00,binhduong_thudaumot,95.64454837287965
2025-11-25 20:00:00+00:00,bacgiang_bacgiangcity,85.08438428458552
2025-11-25 20:00:00+00:00,bienhoa_dongnai,96.85894977937464
2025-11-25 21:00:00+00:00,angiang_longxuyen,58.90545034972061
2025-11-25 21:00:00+00:00,bienhoa_dongnai,95.06187456537207
2025-11-25 21:00:00+00:00,binhduong_thudaumot,94.26065973722923
2025-11-25 21:00:00+00:00,bacninh_bacninhcity,86.50415853645679
2025-11-25 21:00:00+00:00,bacgiang_bacgiangcity,85.73604906218868
2025-11-25 21:00:00+00:00,bentre_bentrecity,98.90342156937929
2025-11-25 21:00:00+00:00,backan_backancity,49.577979096564746
2025-11-25 22:00:00+00:00,bacninh_bacninhcity,87.56773071067539
2025-11-25 22:00:00+00:00,bacgiang_bacgiangcity,86.55197339256408
2025-11-25 22:00:00+00:00,bienhoa_dongnai,93.36324087037778
2025-11-25 22:00:00+00:00,bentre_bentrecity,96.79171006999005
2025-11-25 22:00:00+00:00,binhduong_thudaumot,92.7944074611847
2025-11-25 22:00:00+00:00,angiang_longxuyen,57.42821299173816
2025-11-25 22:00:00+00:00,backan_backancity,49.77100501005889
2025-11-25 23:00:00+00:00,backan_backancity,49.99622801488513
2025-11-25 23:00:00+00:00,bentre_bentrecity,94.5864072823442
2025-11-25 23:00:00+00:00,binhduong_thudaumot,91.59053102278868
2025-11-25 23:00:00+00:00,bacninh_bacninhcity,89.05120951832215
2025-11-25 23:00:00+00:00,bacgiang_bacgiangcity,87.84167357093285
2025-11-25 23:00:00+00:00,angiang_longxuyen,56.25779651031734
2025-11-25 23:00:00+00:00,bienhoa_dongnai,92.05593889025442
2025-11-26 00:00:00+00:00,backan_backancity,50.34873395347203
2025-11-26 00:00:00+00:00,bacgiang_bacgiangcity,89.62386850759006
2025-11-26 00:00:00+00:00,angiang_longxuyen,55.44533336726014
2025-11-26 00:00:00+00:00,binhduong_thudaumot,90.80298146688925
2025-11-26 00:00:00+00:00,bienhoa_dongnai,91.25260296994612
2025-11-26 00:00:00+00:00,bentre_bentrecity,92.75065748785809
2025-11-26 00:00:00+00:00,bacninh_bacninhcity,90.94286586359188
2025-11-26 01:00:00+00:00,bentre_bentrecity,91.408173659017
2025-11-26 01:00:00+00:00,binhduong_thudaumot,90.26282522377318
2025-11-26 01:00:00+00:00,bienhoa_dongnai,90.79133395155196
2025-11-26 01:00:00+00:00,backan_backancity,50.76719171779024
2025-11-26 01:00:00+00:00,angiang_longxuyen,54.80662139248072
2025-11-26 01:00:00+00:00,bacninh_bacninhcity,92.81167641463026
2025-11-26 01:00:00+00:00,bacgiang_bacgiangcity,91.52369595252486
2025-11-26 02:00:00+00:00,bienhoa_dongnai,90.44104265073372
2025-11-26 02:00:00+00:00,bacgiang_bacgiangcity,93.17000284766709
2025-11-26 02:00:00+00:00,angiang_longxuyen,54.5236002577551
2025-11-26 02:00:00+00:00,backan_backancity,51.23111264526102
2025-11-26 02:00:00+00:00,bacninh_bacninhcity,94.32284798404133
2025-11-26 02:00:00+00:00,binhduong_thudaumot,89.8222885216219
2025-11-26 02:00:00+00:00,bentre_bentrecity,90.3804881887588
2025-11-26 03:00:00+00:00,bentre_bentrecity,89.70347472816907
2025-11-26 03:00:00+00:00,binhduong_thudaumot,89.38228263638177
2025-11-26 03:00:00+00:00,bacgiang_bacgiangcity,93.93804053112343
2025-11-26 03:00:00+00:00,bienhoa_dongnai,89.93735396450953
2025-11-26 03:00:00+00:00,angiang_longxuyen,54.60430618304144
2025-11-26 03:00:00+00:00,bacninh_bacninhcity,94.88230072716522
2025-11-26 04:00:00+00:00,bentre_bentrecity,89.46753313760004
2025-11-26 04:00:00+00:00,bienhoa_dongnai,89.44687043668976
2025-11-26 04:00:00+00:00,angiang_longxuyen,54.98199111724168
2025-11-26 04:00:00+00:00,bacninh_bacninhcity,94.78650350305654
2025-11-26 04:00:00+00:00,bacgiang_bacgiangcity,94.0572807184885
2025-11-26 04:00:00+00:00,binhduong_thudaumot,89.08244504787257
2025-11-26 05:00:00+00:00,binhduong_thudaumot,89.12761887229897
2025-11-26 05:00:00+00:00,bentre_bentrecity,90.03167186280024
2025-11-26 05:00:00+00:00,bacgiang_bacgiangcity,93.80327612458635
2025-11-26 05:00:00+00:00,bacninh_bacninhcity,94.350417831234
2025-11-26 05:00:00+00:00,angiang_longxuyen,55.69579628111576
2025-11-26 05:00:00+00:00,bienhoa_dongnai,89.23384534342428
2025-11-26 06:00:00+00:00,bentre_bentrecity,91.83436742717149
2025-11-26 06:00:00+00:00,bienhoa_dongnai,89.85940219581957
2025-11-26 06:00:00+00:00,bacninh_bacninhcity,94.03835840089347
2025-11-26 06:00:00+00:00,backan_backancity,51.870951518237064
2025-11-26 06:00:00+00:00,bacgiang_bacgiangcity,93.67162917966272
2025-11-26 06:00:00+00:00,angiang_longxuyen,56.51477280873027
2025-11-26 06:00:00+00:00,binhduong_thudaumot,89.92517563226107
2025-11-26 07:00:00+00:00,backan_backancity,52.806616396180665
2025-11-26 07:00:00+00:00,bienhoa_dongnai,91.5728857114512
2025-11-26 07:00:00+00:00,binhduong_thudaumot,91.59363216830853
2025-11-26 07:00:00+00:00,bacgiang_bacgiangcity,94.05737643957085
2025-11-26 07:00:00+00:00,bentre_bentrecity,95.47227217946154
2025-11-26 07:00:00+00:00,angiang_longxuyen,57.41980694032551
2025-11-26 07:00:00+00:00,bacninh_bacninhcity,94.26812706939123
2025-11-26 08:00:00+00:00,binhduong_thudaumot,93.95720759012218
2025-11-26 08:00:00+00:00,bentre_bentrecity,100.58031243806828
2025-11-26 08:00:00+00:00,backan_backancity,53.79670306039207
2025-11-26 08:00:00+00:00,bienhoa_dongnai,94.29509213338184
2025-11-26 08:00:00+00:00,bacgiang_bacgiangcity,95.15921094097517
2025-11-26 08:00:00+00:00,angiang_longxuyen,58.18338706701568
2025-11-26 08:00:00+00:00,bacninh_bacninhcity,95.2075413856396
2025-11-26 09:00:00+00:00,backan_backancity,54.601203949782004
2025-11-26 09:00:00+00:00,bienhoa_dongnai,96.8565404362226
2025-11-26 09:00:00+00:00,binhduong_thudaumot,95.99928200211006
2025-11-26 09:00:00+00:00,bentre_bentrecity,106.63044040485654
2025-11-26 09:00:00+00:00,bacgiang_bacgiangcity,96.62020725940765
2025-11-26 09:00:00+00:00,bacninh_bacninhcity,96.46151149454633
2025-11-26 09:00:00+00:00,angiang_longxuyen,58.68027085447726
2025-11-26 10:00:00+00:00,bacgiang_bacgiangcity,97.65907578020588
2025-11-26 10:00:00+00:00,bienhoa_dongnai,98.17858237528654
2025-11-26 10:00:00+00:00,bacninh_bacninhcity,97.25795658466582
2025-11-26 10:00:00+00:00,backan_backancity,55.11649664176062
2025-11-26 10:00:00+00:00,angiang_longxuyen,58.598377117578266
2025-11-26 10:00:00+00:00,binhduong_thudaumot,96.81840102360852
2025-11-26 10:00:00+00:00,bentre_bentrecity,112.31501010206334
2025-11-26 11:00:00+00:00,angiang_longxuyen,57.94159996398657
2025-11-26 11:00:00+00:00,binhduong_thudaumot,96.40004659454964
2025-11-26 11:00:00+00:00,bacninh_bacninhcity,97.31784970098093
2025-11-26 11:00:00+00:00,bacgiang_bacgiangcity,97.8238340615719
2025-11-26 11:00:00+00:00,bienhoa_dongnai,98.13240565497472
2025-11-26 11:00:00+00:00,bentre_bentrecity,115.29044664732085
2025-11-26 11:00:00+00:00,backan_backancity,54.984149192552586
2025-11-26 12:00:00+00:00,bacgiang_bacgiangcity,98.24519989763594
2025-11-26 12:00:00+00:00,backan_backancity,54.1541038270531
2025-11-26 12:00:00+00:00,bacninh_bacninhcity,97.43032632368713
2025-11-26 12:00:00+00:00,bentre_bentrecity,113.63329390090591
2025-11-26 12:00:00+00:00,binhduong_thudaumot,95.26502624654225
2025-11-26 12:00:00+00:00,angiang_longxuyen,56.91196308893616
2025-11-26 12:00:00+00:00,bienhoa_dongnai,97.25886049625018
2025-11-26 13:00:00+00:00,bacgiang_bacgiangcity,101.68075735216934
2025-11-26 13:00:00+00:00,angiang_longxuyen,55.9298821879749
2025-11-26 13:00:00+00:00,bienhoa_dongnai,94.58599829226512
2025-11-26 13:00:00+00:00,backan_backancity,53.31994245501304
2025-11-26 13:00:00+00:00,binhduong_thudaumot,93.05771440390686
2025-11-26 13:00:00+00:00,bentre_bentrecity,107.06999895719767
2025-11-26 13:00:00+00:00,bacninh_bacninhcity,99.9591924753873
2025-11-26 14:00:00+00:00,bacninh_bacninhcity,104.04203138898345
2025-11-26 14:00:00+00:00,backan_backancity,52.55639713598918
2025-11-26 14:00:00+00:00,bienhoa_dongnai,91.24041376030196
2025-11-26 14:00:00+00:00,binhduong_thudaumot,90.65644119174537
2025-11-26 14:00:00+00:00,bentre_bentrecity,99.46374667963994
2025-11-26 14:00:00+00:00,angiang_longxuyen,55.48772475386129
2025-11-26 14:00:00+00:00,bacgiang_bacgiangcity,106.47798962481315
2025-11-26 15:00:00+00:00,bentre_bentrecity,93.92106091640404
2025-11-26 15:00:00+00:00,angiang_longxuyen,55.62980529675985
2025-11-26 15:00:00+00:00,backan_backancity,51.96752538840017
2025-11-26 15:00:00+00:00,bienhoa_dongnai,87.97624218434697
2025-11-26 15:00:00+00:00,bacninh_bacninhcity,108.23732136340585
2025-11-26 15:00:00+00:00,binhduong_thudaumot,88.3452665360747
2025-11-26 15:00:00+00:00,bacgiang_bacgiangcity,110.47373676603047
2025-11-26 16:00:00+00:00,bacninh_bacninhcity,110.9038882746178
2025-11-26 16:00:00+00:00,bacgiang_bacgiangcity,112.277697371524
2025-11-26 16:00:00+00:00,bentre_bentrecity,90.53521914288007
2025-11-26 16:00:00+00:00,angiang_longxuyen,56.01298984223627
2025-11-26 16:00:00+00:00,bienhoa_dongnai,85.24006592309274
2025-11-26 16:00:00+00:00,backan_backancity,51.74295502731715
2025-11-26 16:00:00+00:00,binhduong_thudaumot,86.18735438610307
2025-11-26 17:00:00+00:00,bacgiang_bacgiangcity,112.4434677945618
2025-11-26 17:00:00+00:00,bentre_bentrecity,88.48909833968423
2025-11-26 17:00:00+00:00,bienhoa_dongnai,83.11751509886822
2025-11-26 17:00:00+00:00,binhduong_thudaumot,84.18634105521973
2025-11-26 17:00:00+00:00,backan_backancity,51.79669806409201
2025-11-26 17:00:00+00:00,bacninh_bacninhcity,111.95962709230842
2025-11-26 17:00:00+00:00,angiang_longxuyen,56.399333183429874
2025-11-26 18:00:00+00:00,backan_backancity,51.924942559634346
2025-11-26 18:00:00+00:00,bienhoa_dongnai,81.40234993785822
2025-11-26 18:00:00+00:00,bacgiang_bacgiangcity,112.25083673053228
2025-11-26 18:00:00+00:00,bacninh_bacninhcity,112.33832906300852
2025-11-26 18:00:00+00:00,angiang_longxuyen,56.54973275857532
2025-11-26 18:00:00+00:00,bentre_bentrecity,87.0406969577563
2025-11-26 18:00:00+00:00,binhduong_thudaumot,82.26172511317793
2025-11-26 19:00:00+00:00,bacgiang_bacgiangcity,112.42685257259903
2025-11-26 19:00:00+00:00,angiang_longxuyen,56.47777661040639
2025-11-26 19:00:00+00:00,binhduong_thudaumot,80.39485508953605
2025-11-26 19:00:00+00:00,bienhoa_dongnai,79.9140393910325
2025-11-26 19:00:00+00:00,bacninh_bacninhcity,112.75968674102577
2025-11-26 19:00:00+00:00,backan_backancity,52.03353812754753
2025-11-26 19:00:00+00:00,bentre_bentrecity,85.59034634651528
2025-11-26 20:00:00+00:00,backan_backancity,52.0974188971337
2025-11-26 20:00:00+00:00,bacgiang_bacgiangcity,113.2511470589812
2025-11-26 20:00:00+00:00,bacninh_bacninhcity,113.5612985941124
2025-11-26 20:00:00+00:00,bienhoa_dongnai,78.44482520013334
2025-11-26 20:00:00+00:00,angiang_longxuyen,56.26716847446995
2025-11-26 20:00:00+00:00,binhduong_thudaumot,78.5016443644179
2025-11-26 20:00:00+00:00,bentre_bentrecity,83.96337184678674
2025-11-26 21:00:00+00:00,bacninh_bacninhcity,114.38538205901759
2025-11-26 21:00:00+00:00,binhduong_thudaumot,76.66827671959454
2025-11-26 21:00:00+00:00,bentre_bentrecity,82.05260500497602
2025-11-26 21:00:00+00:00,backan_backancity,52.15272827889228
2025-11-26 21:00:00+00:00,angiang_longxuyen,55.94536724852232
2025-11-26 21:00:00+00:00,bienhoa_dongnai,77.00921346009332
2025-11-26 21:00:00+00:00,bacgiang_bacgiangcity,114.20482055327933
2025-11-26 22:00:00+00:00,bentre_bentrecity,80.24078330559544
2025-11-26 22:00:00+00:00,bienhoa_dongnai,75.71536029203855
2025-11-26 22:00:00+00:00,bacninh_bacninhcity,115.05729510875408
2025-11-26 22:00:00+00:00,backan_backancity,52.194706324456064
2025-11-26 22:00:00+00:00,binhduong_thudaumot,75.04440771634415
2025-11-26 22:00:00+00:00,angiang_longxuyen,55.584059321318556
2025-11-26 22:00:00+00:00,bacgiang_bacgiangcity,115.04360481850051
2025-11-26 23:00:00+00:00,bacninh_bacninhcity,115.57345364143202
2025-11-26 23:00:00+00:00,backan_backancity,52.18594349446379
2025-11-26 23:00:00+00:00,bentre_bentrecity,78.48244358549242
2025-11-26 23:00:00+00:00,angiang_longxuyen,55.23130102715095
2025-11-26 23:00:00+00:00,binhduong_thudaumot,73.60143415488065
2025-11-26 23:00:00+00:00,bacgiang_bacgiangcity,115.61875581912793
2025-11-26 23:00:00+00:00,bienhoa_dongnai,74.51602299087659
2025-11-27 00:00:00+00:00,bacninh_bacninhcity,115.9314439629411
2025-11-27 00:00:00+00:00,bentre_bentrecity,76.93395058362543
2025-11-27 00:00:00+00:00,angiang_longxuyen,54.74601254352721
2025-11-27 00:00:00+00:00,bacgiang_bacgiangcity,115.93572748137575
2025-11-27 00:00:00+00:00,binhduong_thudaumot,72.427954598825
2025-11-27 00:00:00+00:00,backan_backancity,52.312425851899434
2025-11-27 00:00:00+00:00,bienhoa_dongnai,73.495610147397
2025-11-27 01:00:00+00:00,bacgiang_bacgiangcity,116.0626645139525
2025-11-27 01:00:00+00:00,angiang_longxuyen,54.546773461597624
2025-11-27 01:00:00+00:00,binhduong_thudaumot,71.71791301387013
2025-11-27 01:00:00+00:00,bienhoa_dongnai,72.92749247084232
2025-11-27 01:00:00+00:00,bacninh_bacninhcity,116.19986872034964
2025-11-27 01:00:00+00:00,bentre_bentrecity,75.78618084009427
2025-11-27 01:00:00+00:00,backan_backancity,52.76689214701013
2025-11-27 02:00:00+00:00,bienhoa_dongnai,72.2965817642735
2025-11-27 02:00:00+00:00,bacninh_bacninhcity,115.94031774236971
2025-11-27 02:00:00+00:00,bacgiang_bacgiangcity,115.68358836083964
2025-11-27 02:00:00+00:00,angiang_longxuyen,54.51461987984842
2025-11-27 02:00:00+00:00,backan_backancity,53.41974473622594
2025-11-27 02:00:00+00:00,binhduong_thudaumot,70.98495928257003
2025-11-27 02:00:00+00:00,bentre_bentrecity,74.72033529017013
2025-11-27 03:00:00+00:00,bienhoa_dongnai,71.4825827329406
2025-11-27 03:00:00+00:00,binhduong_thudaumot,70.17402767683026
2025-11-27 03:00:00+00:00,angiang_longxuyen,54.62208854956498
2025-11-27 03:00:00+00:00,bacgiang_bacgiangcity,114.58279917716402
2025-11-27 03:00:00+00:00,bacninh_bacninhcity,114.94802514230624
2025-11-27 03:00:00+00:00,backan_backancity,54.46076806911636
2025-11-27 03:00:00+00:00,bentre_bentrecity,73.73826744208372
2025-11-27 04:00:00+00:00,backan_backancity,55.70507687514432
2025-11-27 04:00:00+00:00,bacgiang_bacgiangcity,112.97157949739677
2025-11-27 04:00:00+00:00,bacninh_bacninhcity,113.41753749357505
2025-11-27 04:00:00+00:00,bienhoa_dongnai,70.55611142985978
2025-11-27 04:00:00+00:00,angiang_longxuyen,54.80749158413835
2025-11-27 04:00:00+00:00,binhduong_thudaumot,69.33484094796742
2025-11-27 04:00:00+00:00,bentre_bentrecity,73.06150198611641
2025-11-27 05:00:00+00:00,backan_backancity,57.04849616001736
2025-11-27 05:00:00+00:00,angiang_longxuyen,55.04520183925148
2025-11-27 05:00:00+00:00,bienhoa_dongnai,69.77518838343317
2025-11-27 05:00:00+00:00,bentre_bentrecity,72.96603761031677
2025-11-27 05:00:00+00:00,binhduong_thudaumot,68.74006059902315
2025-11-27 05:00:00+00:00,bacninh_bacninhcity,111.70303857305292
2025-11-27 05:00:00+00:00,bacgiang_bacgiangcity,111.18290163289028
2025-11-27 06:00:00+00:00,bentre_bentrecity,74.01600651344756
2025-11-27 06:00:00+00:00,bacninh_bacninhcity,110.17653422663452
2025-11-27 06:00:00+00:00,backan_backancity,58.46636904311671
2025-11-27 06:00:00+00:00,angiang_longxuyen,55.499498446988945
2025-11-27 06:00:00+00:00,bacgiang_bacgiangcity,109.60967180154596
2025-11-27 06:00:00+00:00,bienhoa_dongnai,69.36328751325516
2025-11-27 06:00:00+00:00,binhduong_thudaumot,68.54925802521424
2025-11-27 07:00:00+00:00,bacninh_bacninhcity,109.28251400207587
2025-11-27 07:00:00+00:00,bentre_bentrecity,76.7246172784674
2025-11-27 07:00:00+00:00,backan_backancity,59.922569517776104
2025-11-27 07:00:00+00:00,binhduong_thudaumot,68.93824674904701
2025-11-27 07:00:00+00:00,bacgiang_bacgiangcity,108.6865474731283
2025-11-27 07:00:00+00:00,angiang_longxuyen,56.250817573223195
2025-11-27 07:00:00+00:00,bienhoa_dongnai,69.54424821941635
2025-11-27 08:00:00+00:00,angiang_longxuyen,57.0981057864185
2025-11-27 08:00:00+00:00,binhduong_thudaumot,69.79133914059868
2025-11-27 08:00:00+00:00,bienhoa_dongnai,70.2262000176631
2025-11-27 08:00:00+00:00,bentre_bentrecity,80.95915697567204
2025-11-27 08:00:00+00:00,bacgiang_bacgiangcity,108.46234803123934
2025-11-27 08:00:00+00:00,backan_backancity,61.34019439625303
2025-11-27 08:00:00+00:00,bacninh_bacninhcity,109.098001826212
2025-11-27 09:00:00+00:00,bentre_bentrecity,85.72901573811593
2025-11-27 09:00:00+00:00,backan_backancity,62.33423173059005
2025-11-27 09:00:00+00:00,bacgiang_bacgiangcity,108.64772876715148
2025-11-27 09:00:00+00:00,binhduong_thudaumot,70.38442696676887
2025-11-27 09:00:00+00:00,bienhoa_dongnai,70.72706493195831
2025-11-27 09:00:00+00:00,bacninh_bacninhcity,109.35826418587203
2025-11-27 09:00:00+00:00,angiang_longxuyen,57.75603594395655
2025-11-27 10:00:00+00:00,bacninh_bacninhcity,109.48882121574451
2025-11-27 10:00:00+00:00,angiang_longxuyen,57.92721569588605
2025-11-27 10:00:00+00:00,binhduong_thudaumot,70.43307068043005
2025-11-27 10:00:00+00:00,bacgiang_bacgiangcity,108.69167888455935
2025-11-27 10:00:00+00:00,backan_backancity,62.51844695355075
2025-11-27 10:00:00+00:00,bienhoa_dongnai,70.78738226670652
2025-11-27 10:00:00+00:00,bentre_bentrecity,90.57820878624584
2025-11-27 11:00:00+00:00,bacgiang_bacgiangcity,108.06441971973383
2025-11-27 11:00:00+00:00,bienhoa_dongnai,70.2670033044891
2025-11-27 11:00:00+00:00,angiang_longxuyen,57.62747817941747
2025-11-27 11:00:00+00:00,backan_backancity,61.58365661822307
2025-11-27 11:00:00+00:00,bacninh_bacninhcity,108.90352269264962
2025-11-27 11:00:00+00:00,binhduong_thudaumot,69.76827906167165
2025-11-27 11:00:00+00:00,bentre_bentrecity,93.75510013894115
2025-11-27 12:00:00+00:00,bacninh_bacninhcity,107.7039934054532
2025-11-27 12:00:00+00:00,bacgiang_bacgiangcity,106.92562002058342
2025-11-27 12:00:00+00:00,backan_backancity,60.140173994639845
2025-11-27 12:00:00+00:00,binhduong_thudaumot,68.6240553491453
2025-11-27 12:00:00+00:00,bienhoa_dongnai,69.36120340423514
2025-11-27 12:00:00+00:00,angiang_longxuyen,56.98969730971171
2025-11-27 12:00:00+00:00,bentre_bentrecity,92.95252563633328
2025-11-27 13:00:00+00:00,bacninh_bacninhcity,105.88382575227132
2025-11-27 13:00:00+00:00,angiang_longxuyen,56.41519242639007
2025-11-27 13:00:00+00:00,backan_backancity,58.83274583672613
2025-11-27 13:00:00+00:00,bienhoa_dongnai,67.85602854308468
2025-11-27 13:00:00+00:00,binhduong_thudaumot,67.09253978651856
2025-11-27 13:00:00+00:00,bacgiang_bacgiangcity,105.41453927742661
2025-11-27 13:00:00+00:00,bentre_bentrecity,87.16000458497483
2025-11-27 14:00:00+00:00,binhduong_thudaumot,65.92073099844553
2025-11-27 14:00:00+00:00,backan_backancity,58.03225653087784
2025-11-27 14:00:00+00:00,bacgiang_bacgiangcity,103.91912524732575
2025-11-27 14:00:00+00:00,angiang_longxuyen,56.51227970963118
2025-11-27 14:00:00+00:00,bacninh_bacninhcity,104.00288391372098
2025-11-27 14:00:00+00:00,bentre_bentrecity,79.9546164280275
2025-11-27 14:00:00+00:00,bienhoa_dongnai,66.57877428089907
2025-11-27 15:00:00+00:00,binhduong_thudaumot,65.28120539446624
2025-11-27 15:00:00+00:00,bacgiang_bacgiangcity,102.22884484837486
2025-11-27 15:00:00+00:00,bentre_bentrecity,75.22599931145713
2025-11-27 15:00:00+00:00,angiang_longxuyen,57.149455796134895
2025-11-27 15:00:00+00:00,bienhoa_dongnai,65.80392082128438
2025-11-27 15:00:00+00:00,bacninh_bacninhcity,102.17213282643814
2025-11-27 15:00:00+00:00,backan_backancity,57.83365703981661
2025-11-27 16:00:00+00:00,bentre_bentrecity,73.60230434653828
2025-11-27 16:00:00+00:00,angiang_longxuyen,58.213369520579114
2025-11-27 16:00:00+00:00,binhduong_thudaumot,65.04001002176432
2025-11-27 16:00:00+00:00,bienhoa_dongnai,65.48291146974519
2025-11-27 16:00:00+00:00,bacninh_bacninhcity,100.91752693375157
2025-11-27 16:00:00+00:00,bacgiang_bacgiangcity,100.87858476933333
2025-11-27 16:00:00+00:00,backan_backancity,57.91579878133802
2025-11-27 17:00:00+00:00,angiang_longxuyen,59.42058640720085
2025-11-27 17:00:00+00:00,backan_backancity,58.078837890310446
2025-11-27 17:00:00+00:00,binhduong_thudaumot,64.95066309331777
2025-11-27 17:00:00+00:00,bienhoa_dongnai,65.41420548741749
2025-11-27 17:00:00+00:00,bacgiang_bacgiangcity,100.0580060013292
2025-11-27 17:00:00+00:00,bacninh_bacninhcity,100.14708969679933
2025-11-27 17:00:00+00:00,bentre_bentrecity,73.70526107251005
2025-11-27 18:00:00+00:00,binhduong_thudaumot,64.92846450413178
2025-11-27 18:00:00+00:00,bacgiang_bacgiangcity,99.66729212253519
2025-11-27 18:00:00+00:00,angiang_longxuyen,60.66303735403978
2025-11-27 18:00:00+00:00,bienhoa_dongnai,65.52023398994068
2025-11-27 18:00:00+00:00,backan_backancity,58.18835151042243
2025-11-27 18:00:00+00:00,bacninh_bacninhcity,99.73710216052851
2025-11-27 18:00:00+00:00,bentre_bentrecity,74.56107716395007
2025-11-27 19:00:00+00:00,angiang_longxuyen,61.726237521324755
2025-11-27 19:00:00+00:00,backan_backancity,58.24338678180885
2025-11-27 19:00:00+00:00,bienhoa_dongnai,65.84686477958812
2025-11-27 19:00:00+00:00,binhduong_thudaumot,65.02563010462208
2025-11-27 19:00:00+00:00,bacgiang_bacgiangcity,99.73472544956361
2025-11-27 19:00:00+00:00,bacninh_bacninhcity,99.65262177892723
2025-11-27 19:00:00+00:00,bentre_bentrecity,75.41467861762145
2025-11-27 20:00:00+00:00,bacgiang_bacgiangcity,100.13039942080609
2025-11-27 20:00:00+00:00,bacninh_bacninhcity,99.84896529811607
2025-11-27 20:00:00+00:00,bienhoa_dongnai,66.30018242171076
2025-11-27 20:00:00+00:00,angiang_longxuyen,62.74383094383365
2025-11-27 20:00:00+00:00,bentre_bentrecity,75.95370578706175
2025-11-27 20:00:00+00:00,backan_backancity,58.24777689872157
2025-11-27 20:00:00+00:00,binhduong_thudaumot,65.20188307391552
2025-11-27 21:00:00+00:00,bacgiang_bacgiangcity,100.62968928820099
2025-11-27 21:00:00+00:00,bacninh_bacninhcity,100.18493270038003
2025-11-27 21:00:00+00:00,bentre_bentrecity,76.28000155292102
2025-11-27 21:00:00+00:00,binhduong_thudaumot,65.44523652192836
2025-11-27 21:00:00+00:00,angiang_longxuyen,63.61603274418673
2025-11-27 21:00:00+00:00,bienhoa_dongnai,66.82456861651154
2025-11-27 21:00:00+00:00,backan_backancity,58.235515898265646
2025-11-27 22:00:00+00:00,angiang_longxuyen,64.30668645900973
2025-11-27 22:00:00+00:00,bienhoa_dongnai,67.3232493497461
2025-11-27 22:00:00+00:00,bacgiang_bacgiangcity,101.37656282280436
2025-11-27 22:00:00+00:00,bentre_bentrecity,76.41039542185767
2025-11-27 22:00:00+00:00,binhduong_thudaumot,65.6949206142504
2025-11-27 22:00:00+00:00,bacninh_bacninhcity,100.74391989096708
2025-11-27 22:00:00+00:00,backan_backancity,58.24656298135918
2025-11-27 23:00:00+00:00,bacninh_bacninhcity,101.63536815530766
2025-11-27 23:00:00+00:00,bentre_bentrecity,76.45925233247497
2025-11-27 23:00:00+00:00,bacgiang_bacgiangcity,102.31690987573576
2025-11-27 23:00:00+00:00,bienhoa_dongnai,67.97524044922088
2025-11-27 23:00:00+00:00,binhduong_thudaumot,66.15064433630636
2025-11-27 23:00:00+00:00,backan_backancity,58.32907890529337
2025-11-27 23:00:00+00:00,angiang_longxuyen,65.00293115523296
2025-11-28 00:00:00+00:00,bienhoa_dongnai,68.61867321374291
2025-11-28 00:00:00+00:00,bentre_bentrecity,76.82972772879181
2025-11-28 00:00:00+00:00,bacninh_bacninhcity,103.01664675985499
2025-11-28 00:00:00+00:00,angiang_longxuyen,65.68071908639797
2025-11-28 00:00:00+00:00,backan_backancity,58.49047770299118
2025-11-28 00:00:00+00:00,bacgiang_bacgiangcity,103.63988128826401
2025-11-28 00:00:00+00:00,binhduong_thudaumot,66.67814581724144
2025-11-28 01:00:00+00:00,bienhoa_dongnai,69.2371401796077
2025-11-28 01:00:00+00:00,angiang_longxuyen,66.66832570438515
2025-11-28 01:00:00+00:00,bacgiang_bacgiangcity,104.77879084911119
2025-11-28 01:00:00+00:00,bentre_bentrecity,77.41392219622108
2025-11-28 01:00:00+00:00,backan_backancity,58.75824002700036
2025-11-28 01:00:00+00:00,binhduong_thudaumot,67.16814638869121
2025-11-28 01:00:00+00:00,bacninh_bacninhcity,104.26778004395787
2025-11-28 02:00:00+00:00,backan_backancity,58.97654935910678
2025-11-28 02:00:00+00:00,bacgiang_bacgiangcity,105.55142722354319
2025-11-28 02:00:00+00:00,bienhoa_dongnai,69.75870695343778
2025-11-28 02:00:00+00:00,bentre_bentrecity,77.97743655890693
2025-11-28 02:00:00+00:00,binhduong_thudaumot,67.608585194281
2025-11-28 02:00:00+00:00,angiang_longxuyen,67.79833048522592
2025-11-28 02:00:00+00:00,bacninh_bacninhcity,105.1675776612859
2025-11-28 03:00:00+00:00,bentre_bentrecity,78.2439545088457
2025-11-28 03:00:00+00:00,binhduong_thudaumot,67.98440356737565
2025-11-28 03:00:00+00:00,bacninh_bacninhcity,105.52595508211517
2025-11-28 03:00:00+00:00,angiang_longxuyen,68.8474248457408
2025-11-28 03:00:00+00:00,bienhoa_dongnai,70.0842848111795
2025-11-28 03:00:00+00:00,bacgiang_bacgiangcity,105.78950595043635
2025-11-28 03:00:00+00:00,backan_backancity,59.23312101839892
2025-11-28 04:00:00+00:00,backan_backancity,59.5821896999382
2025-11-28 04:00:00+00:00,bacgiang_bacgiangcity,105.321784188966
2025-11-28 04:00:00+00:00,angiang_longxuyen,69.70814881812983
2025-11-28 04:00:00+00:00,bienhoa_dongnai,70.34047358614228
2025-11-28 04:00:00+00:00,bentre_bentrecity,78.54018515293406
2025-11-28 04:00:00+00:00,bacninh_bacninhcity,105.11845629398516
2025-11-28 04:00:00+00:00,binhduong_thudaumot,68.45276247230032
2025-11-28 05:00:00+00:00,angiang_longxuyen,70.5933164741815
2025-11-28 05:00:00+00:00,bienhoa_dongnai,70.68559159755596
2025-11-28 05:00:00+00:00,backan_backancity,59.96280282906635
2025-11-28 05:00:00+00:00,bacgiang_bacgiangcity,104.61055180111467
2025-11-28 05:00:00+00:00,binhduong_thudaumot,69.1286968952346
2025-11-28 05:00:00+00:00,bentre_bentrecity,79.22720146662819
2025-11-28 05:00:00+00:00,bacninh_bacninhcity,104.24932817372775
2025-11-28 06:00:00+00:00,bacgiang_bacgiangcity,104.01466766843969
2025-11-28 06:00:00+00:00,binhduong_thudaumot,70.34019077385355
2025-11-28 06:00:00+00:00,angiang_longxuyen,71.58703618856349
2025-11-28 06:00:00+00:00,bacninh_bacninhcity,103.43513498088123
2025-11-28 06:00:00+00:00,bienhoa_dongnai,71.51122509135129
2025-11-28 06:00:00+00:00,bentre_bentrecity,80.74194843601252
2025-11-28 06:00:00+00:00,backan_backancity,60.24624165578763
2025-11-28 07:00:00+00:00,bacgiang_bacgiangcity,103.76061167884275
2025-11-28 07:00:00+00:00,binhduong_thudaumot,72.27892557554031
2025-11-28 07:00:00+00:00,bienhoa_dongnai,73.09951195772143
2025-11-28 07:00:00+00:00,bentre_bentrecity,83.48711160161085
2025-11-28 07:00:00+00:00,angiang_longxuyen,72.75271447640854
2025-11-28 07:00:00+00:00,bacninh_bacninhcity,103.02356967836118
2025-11-28 07:00:00+00:00,backan_backancity,60.490970006619506
2025-11-28 08:00:00+00:00,bacninh_bacninhcity,103.19531043197496
2025-11-28 08:00:00+00:00,bentre_bentrecity,87.498304644751
2025-11-28 08:00:00+00:00,backan_backancity,60.64302294591443
2025-11-28 08:00:00+00:00,binhduong_thudaumot,74.75620459029739
2025-11-28 08:00:00+00:00,angiang_longxuyen,74.29834454772195
2025-11-28 08:00:00+00:00,bienhoa_dongnai,75.37601600227322
2025-11-28 08:00:00+00:00,bacgiang_bacgiangcity,103.97320249208411
2025-11-28 09:00:00+00:00,bentre_bentrecity,92.88235011784376
2025-11-28 09:00:00+00:00,backan_backancity,60.46808831698228
2025-11-28 09:00:00+00:00,angiang_longxuyen,75.81009370684578
2025-11-28 09:00:00+00:00,binhduong_thudaumot,77.09619781818941
2025-11-28 09:00:00+00:00,bacninh_bacninhcity,103.55862279127507
2025-11-28 09:00:00+00:00,bacgiang_bacgiangcity,104.36582127480365
2025-11-28 09:00:00+00:00,bienhoa_dongnai,77.742689306388
2025-11-28 10:00:00+00:00,angiang_longxuyen,76.65931374552102
2025-11-28 10:00:00+00:00,binhduong_thudaumot,78.50645217332627
2025-11-28 10:00:00+00:00,bentre_bentrecity,98.85302387565821
2025-11-28 10:00:00+00:00,bienhoa_dongnai,79.42328610379889
2025-11-28 10:00:00+00:00,backan_backancity,59.67153227742645
2025-11-28 10:00:00+00:00,bacgiang_bacgiangcity,104.63347564066031
2025-11-28 10:00:00+00:00,bacninh_bacninhcity,103.97216941142557
2025-11-28 11:00:00+00:00,bentre_bentrecity,102.66489027383322
2025-11-28 11:00:00+00:00,bienhoa_dongnai,79.92698784289794
2025-11-28 11:00:00+00:00,binhduong_thudaumot,78.55572677593922
2025-11-28 11:00:00+00:00,backan_backancity,58.32729501239525
2025-11-28 11:00:00+00:00,angiang_longxuyen,76.38489010437272
2025-11-28 11:00:00+00:00,bacgiang_bacgiangcity,105.8314225387143
2025-11-28 11:00:00+00:00,bacninh_bacninhcity,105.62712220455607
2025-11-28 12:00:00+00:00,binhduong_thudaumot,77.15109385891063
2025-11-28 12:00:00+00:00,bacninh_bacninhcity,110.28697024990358
2025-11-28 12:00:00+00:00,bacgiang_bacgiangcity,109.8588462878785
2025-11-28 12:00:00+00:00,angiang_longxuyen,75.25867065724262
2025-11-28 12:00:00+00:00,bentre_bentrecity,101.53268934679654
2025-11-28 12:00:00+00:00,bienhoa_dongnai,78.96928971218331
2025-11-28 12:00:00+00:00,backan_backancity,56.87095095611234
2025-11-28 13:00:00+00:00,angiang_longxuyen,74.0334277504332
2025-11-28 13:00:00+00:00,binhduong_thudaumot,74.97505344123152
2025-11-28 13:00:00+00:00,backan_backancity,55.29843196257835
2025-11-28 13:00:00+00:00,bacninh_bacninhcity,117.09370674852998
2025-11-28 13:00:00+00:00,bacgiang_bacgiangcity,116.56601708864895
2025-11-28 13:00:00+00:00,bienhoa_dongnai,76.6240840362621
2025-11-28 13:00:00+00:00,bentre_bentrecity,95.17451434901406
2025-11-28 14:00:00+00:00,binhduong_thudaumot,72.99929198451288
2025-11-28 14:00:00+00:00,bacninh_bacninhcity,124.6151691825782
2025-11-28 14:00:00+00:00,backan_backancity,54.12818516853077
2025-11-28 14:00:00+00:00,bacgiang_bacgiangcity,124.53839869906346
2025-11-28 14:00:00+00:00,bienhoa_dongnai,73.77295328155662
2025-11-28 14:00:00+00:00,angiang_longxuyen,73.1636537848049
2025-11-28 14:00:00+00:00,bentre_bentrecity,87.58088148210123
2025-11-28 15:00:00+00:00,backan_backancity,53.57800214203972
2025-11-28 15:00:00+00:00,binhduong_thudaumot,71.80372696418672
2025-11-28 15:00:00+00:00,bentre_bentrecity,82.55574111949763
2025-11-28 15:00:00+00:00,bienhoa_dongnai,71.42774760563542
2025-11-28 15:00:00+00:00,angiang_longxuyen,72.76367454033632
2025-11-28 15:00:00+00:00,bacgiang_bacgiangcity,132.24258397737955
2025-11-28 15:00:00+00:00,bacninh_bacninhcity,131.83940242761093
2025-11-28 16:00:00+00:00,bacgiang_bacgiangcity,138.96835621257128
2025-11-28 16:00:00+00:00,bentre_bentrecity,80.30016953526999
2025-11-28 16:00:00+00:00,angiang_longxuyen,72.6924101945352
2025-11-28 16:00:00+00:00,backan_backancity,53.38750848626926
2025-11-28 16:00:00+00:00,bienhoa_dongnai,69.86145918437002
2025-11-28 16:00:00+00:00,binhduong_thudaumot,71.17000553856377
2025-11-28 16:00:00+00:00,bacninh_bacninhcity,138.3585171969918
2025-11-28 17:00:00+00:00,bienhoa_dongnai,68.91627440969201
2025-11-28 17:00:00+00:00,binhduong_thudaumot,70.80408124461633
2025-11-28 17:00:00+00:00,bentre_bentrecity,79.72382419659247
2025-11-28 17:00:00+00:00,backan_backancity,53.27527551722721
2025-11-28 17:00:00+00:00,bacgiang_bacgiangcity,144.67331531612086
2025-11-28 17:00:00+00:00,angiang_longxuyen,72.49583389907795
2025-11-28 17:00:00+00:00,bacninh_bacninhcity,144.02530099252147
2025-11-28 18:00:00+00:00,bacninh_bacninhcity,148.89750843451637
2025-11-28 18:00:00+00:00,binhduong_thudaumot,70.45724460467885
2025-11-28 18:00:00+00:00,bienhoa_dongnai,68.31120404439633
2025-11-28 18:00:00+00:00,backan_backancity,53.259838317220954
2025-11-28 18:00:00+00:00,bacgiang_bacgiangcity,149.56132108765996
2025-11-28 18:00:00+00:00,bentre_bentrecity,79.56830354354192
2025-11-28 18:00:00+00:00,angiang_longxuyen,72.12433167660512
2025-11-28 19:00:00+00:00,bienhoa_dongnai,67.81838405197587
2025-11-28 19:00:00+00:00,bacgiang_bacgiangcity,153.67695779676686
2025-11-28 19:00:00+00:00,binhduong_thudaumot,69.97094234777398
2025-11-28 19:00:00+00:00,bentre_bentrecity,79.40089172148993
2025-11-28 19:00:00+00:00,bacninh_bacninhcity,153.01040403990174
2025-11-28 19:00:00+00:00,angiang_longxuyen,71.57764246961943
2025-11-28 19:00:00+00:00,backan_backancity,53.35794807565977
2025-11-28 20:00:00+00:00,binhduong_thudaumot,69.24239613721974
2025-11-28 20:00:00+00:00,angiang_longxuyen,70.8196881319958
2025-11-28 20:00:00+00:00,backan_backancity,53.59447922107683
2025-11-28 20:00:00+00:00,bienhoa_dongnai,67.26420249481804
2025-11-28 20:00:00+00:00,bacninh_bacninhcity,156.0199792916274
2025-11-28 20:00:00+00:00,bentre_bentrecity,79.02696166429234
2025-11-28 20:00:00+00:00,bacgiang_bacgiangcity,156.64795310135176
2025-11-28 21:00:00+00:00,bacgiang_bacgiangcity,158.59159578398751
2025-11-28 21:00:00+00:00,binhduong_thudaumot,68.42130069291892
2025-11-28 21:00:00+00:00,backan_backancity,53.82768188340348
2025-11-28 21:00:00+00:00,bienhoa_dongnai,66.7206111701335
2025-11-28 21:00:00+00:00,bentre_bentrecity,78.45337918412778
2025-11-28 21:00:00+00:00,bacninh_bacninhcity,158.05299935941773
2025-11-28 21:00:00+00:00,angiang_longxuyen,70.00911330483565
2025-11-28 22:00:00+00:00,bentre_bentrecity,77.74806709083211
2025-11-28 22:00:00+00:00,bacgiang_bacgiangcity,159.94146318904353
2025-11-28 22:00:00+00:00,angiang_longxuyen,69.31029284130585
2025-11-28 22:00:00+00:00,binhduong_thudaumot,67.68581470389515
2025-11-28 22:00:00+00:00,backan_backancity,54.022091401633254
2025-11-28 22:00:00+00:00,bacninh_bacninhcity,159.50471399608207
2025-11-28 22:00:00+00:00,bienhoa_dongnai,66.26775908054769
2025-11-28 23:00:00+00:00,bacgiang_bacgiangcity,160.91075227263772
2025-11-28 23:00:00+00:00,bentre_bentrecity,77.05466792132931
2025-11-28 23:00:00+00:00,bienhoa_dongnai,65.90746492662507
2025-11-28 23:00:00+00:00,binhduong_thudaumot,67.05702726497091
2025-11-28 23:00:00+00:00,angiang_longxuyen,68.6680043788136
2025-11-28 23:00:00+00:00,backan_backancity,54.036701919564756
2025-11-28 23:00:00+00:00,bacninh_bacninhcity,160.60347889641412
2025-11-29 00:00:00+00:00,bacninh_bacninhcity,161.3802815853419
2025-11-29 00:00:00+00:00,bacgiang_bacgiangcity,161.6898261617919
2025-11-29 00:00:00+00:00,angiang_longxuyen,68.22962792745238
2025-11-29 00:00:00+00:00,bienhoa_dongnai,65.66798383148866
2025-11-29 00:00:00+00:00,bentre_bentrecity,76.33482797830962
2025-11-29 00:00:00+00:00,binhduong_thudaumot,66.58418687300949
2025-11-29 00:00:00+00:00,backan_backancity,54.06284247695978
2025-11-29 01:00:00+00:00,bentre_bentrecity,75.4940575006299
2025-11-29 01:00:00+00:00,bienhoa_dongnai,65.49171345836206
2025-11-29 01:00:00+00:00,bacninh_bacninhcity,161.91592806019233
2025-11-29 01:00:00+00:00,angiang_longxuyen,67.5707188042995
2025-11-29 01:00:00+00:00,backan_backancity,53.773399327800895
2025-11-29 01:00:00+00:00,bacgiang_bacgiangcity,162.23884748242
2025-11-29 01:00:00+00:00,binhduong_thudaumot,66.22491954524287
2025-11-29 02:00:00+00:00,bentre_bentrecity,74.80894690666598
2025-11-29 02:00:00+00:00,bienhoa_dongnai,65.338420495955
2025-11-29 02:00:00+00:00,angiang_longxuyen,66.98332203157017
2025-11-29 02:00:00+00:00,binhduong_thudaumot,65.91423066676307
2025-11-29 02:00:00+00:00,backan_backancity,53.62806861906112
2025-11-29 02:00:00+00:00,bacninh_bacninhcity,161.8366797059325
2025-11-29 02:00:00+00:00,bacgiang_bacgiangcity,162.22058651048476
2025-11-29 03:00:00+00:00,binhduong_thudaumot,65.74667961404587
2025-11-29 03:00:00+00:00,bacninh_bacninhcity,161.02833256941588
2025-11-29 03:00:00+00:00,bentre_bentrecity,74.39289522228108
2025-11-29 03:00:00+00:00,angiang_longxuyen,66.40551912186615
2025-11-29 03:00:00+00:00,backan_backancity,53.872775215101555
2025-11-29 03:00:00+00:00,bacgiang_bacgiangcity,161.55220535113867
2025-11-29 03:00:00+00:00,bienhoa_dongnai,65.30493552096965
2025-11-29 04:00:00+00:00,bentre_bentrecity,74.48040604633005
2025-11-29 04:00:00+00:00,bacninh_bacninhcity,159.85150277547837
2025-11-29 04:00:00+00:00,bienhoa_dongnai,65.40555578234071
2025-11-29 04:00:00+00:00,binhduong_thudaumot,65.74192836759525
2025-11-29 04:00:00+00:00,bacgiang_bacgiangcity,160.47013072679982
2025-11-29 04:00:00+00:00,angiang_longxuyen,65.86598289030613
2025-11-29 04:00:00+00:00,backan_backancity,54.61174632171412
2025-11-29 05:00:00+00:00,bacgiang_bacgiangcity,159.33497441134594
2025-11-29 05:00:00+00:00,bienhoa_dongnai,65.8527385732771
2025-11-29 05:00:00+00:00,bacninh_bacninhcity,158.63191176348522
2025-11-29 05:00:00+00:00,backan_backancity,55.78394234507478
2025-11-29 05:00:00+00:00,angiang_longxuyen,65.27934318431892
2025-11-29 05:00:00+00:00,bentre_bentrecity,75.20268687694939
2025-11-29 05:00:00+00:00,binhduong_thudaumot,66.12412524554028
2025-11-29 06:00:00+00:00,bacgiang_bacgiangcity,158.4646913835979
2025-11-29 06:00:00+00:00,backan_backancity,57.28619771321392
2025-11-29 06:00:00+00:00,bentre_bentrecity,77.02999798783567
2025-11-29 06:00:00+00:00,angiang_longxuyen,64.7111384885985
2025-11-29 06:00:00+00:00,bienhoa_dongnai,66.98029811555992
2025-11-29 06:00:00+00:00,bacninh_bacninhcity,157.8087278592061
2025-11-29 06:00:00+00:00,binhduong_thudaumot,67.19728040538845
2025-11-29 07:00:00+00:00,angiang_longxuyen,64.34428744053565
2025-11-29 07:00:00+00:00,bentre_bentrecity,80.1680613887678
2025-11-29 07:00:00+00:00,bacgiang_bacgiangcity,158.23179763930972
2025-11-29 07:00:00+00:00,binhduong_thudaumot,69.19121581487659
2025-11-29 07:00:00+00:00,bacninh_bacninhcity,157.7353707024684
2025-11-29 07:00:00+00:00,backan_backancity,59.0550624014159
2025-11-29 07:00:00+00:00,bienhoa_dongnai,69.02656685133756
2025-11-29 08:00:00+00:00,backan_backancity,61.11954424858761
2025-11-29 08:00:00+00:00,binhduong_thudaumot,72.2631054912047
2025-11-29 08:00:00+00:00,bentre_bentrecity,84.75143046480588
2025-11-29 08:00:00+00:00,bacgiang_bacgiangcity,158.81578326074117
2025-11-29 08:00:00+00:00,bacninh_bacninhcity,158.63771594184158
2025-11-29 08:00:00+00:00,angiang_longxuyen,64.23505228175412
2025-11-29 08:00:00+00:00,bienhoa_dongnai,72.21522754620224
2025-11-29 09:00:00+00:00,bienhoa_dongnai,76.17172360496286
2025-11-29 09:00:00+00:00,angiang_longxuyen,64.06217565609225
2025-11-29 09:00:00+00:00,backan_backancity,63.14022499867281
2025-11-29 09:00:00+00:00,binhduong_thudaumot,75.97070933205173
2025-11-29 09:00:00+00:00,bacninh_bacninhcity,160.26207660337852
2025-11-29 09:00:00+00:00,bentre_bentrecity,91.2150639895758
2025-11-29 09:00:00+00:00,bacgiang_bacgiangcity,160.047948542187
2025-11-29 10:00:00+00:00,bacninh_bacninhcity,161.60654446919898
2025-11-29 10:00:00+00:00,angiang_longxuyen,63.77717483534554
2025-11-29 10:00:00+00:00,backan_backancity,65.01899054227441
2025-11-29 10:00:00+00:00,bacgiang_bacgiangcity,161.2205970652096
2025-11-29 10:00:00+00:00,bienhoa_dongnai,80.10881874071677
2025-11-29 10:00:00+00:00,binhduong_thudaumot,79.68302526072478
2025-11-29 10:00:00+00:00,bentre_bentrecity,98.77474959218515
2025-11-29 11:00:00+00:00,backan_backancity,66.35536127472069
2025-11-29 11:00:00+00:00,bienhoa_dongnai,82.44366478495395
2025-11-29 11:00:00+00:00,angiang_longxuyen,63.26734694697681
2025-11-29 11:00:00+00:00,bacninh_bacninhcity,162.89377112778095
2025-11-29 11:00:00+00:00,bacgiang_bacgiangcity,162.4290844316515
2025-11-29 11:00:00+00:00,binhduong_thudaumot,82.10642200804178
2025-11-29 11:00:00+00:00,bentre_bentrecity,104.33245839858523
2025-11-29 12:00:00+00:00,bentre_bentrecity,103.2961376357996
2025-11-29 12:00:00+00:00,backan_backancity,66.59305412600068
2025-11-29 12:00:00+00:00,angiang_longxuyen,62.089355447176374
2025-11-29 12:00:00+00:00,bienhoa_dongnai,81.10611494281159
2025-11-29 12:00:00+00:00,bacninh_bacninhcity,164.7615026411639
2025-11-29 12:00:00+00:00,binhduong_thudaumot,81.60396029205484
2025-11-29 12:00:00+00:00,bacgiang_bacgiangcity,164.3679106034623
2025-11-29 13:00:00+00:00,bentre_bentrecity,93.64410828075079
2025-11-29 13:00:00+00:00,binhduong_thudaumot,77.46718227662596
2025-11-29 13:00:00+00:00,backan_backancity,65.76913490977086
2025-11-29 13:00:00+00:00,bacgiang_bacgiangcity,166.87891389591059
2025-11-29 13:00:00+00:00,angiang_longxuyen,60.63133627195254
2025-11-29 13:00:00+00:00,bacninh_bacninhcity,167.29274659156852
2025-11-29 13:00:00+00:00,bienhoa_dongnai,74.7610341539972
2025-11-29 14:00:00+00:00,bacgiang_bacgiangcity,168.96900113260787
2025-11-29 14:00:00+00:00,bentre_bentrecity,81.52494253858428
2025-11-29 14:00:00+00:00,backan_backancity,65.01934732085402
2025-11-29 14:00:00+00:00,bacninh_bacninhcity,169.59574362113665
2025-11-29 14:00:00+00:00,binhduong_thudaumot,73.5203322923901
2025-11-29 14:00:00+00:00,bienhoa_dongnai,69.1182545953431
2025-11-29 14:00:00+00:00,angiang_longxuyen,59.6770449415775
2025-11-29 15:00:00+00:00,angiang_longxuyen,59.386770759385584
2025-11-29 15:00:00+00:00,backan_backancity,65.38982706812915
2025-11-29 15:00:00+00:00,bacgiang_bacgiangcity,170.48460088981668
2025-11-29 15:00:00+00:00,bentre_bentrecity,74.07010632880205
2025-11-29 15:00:00+00:00,bienhoa_dongnai,67.20365891023884
2025-11-29 15:00:00+00:00,bacninh_bacninhcity,171.3739237110335
2025-11-29 15:00:00+00:00,binhduong_thudaumot,71.97775659379494
2025-11-29 16:00:00+00:00,backan_backancity,66.94846650472404
2025-11-29 16:00:00+00:00,bentre_bentrecity,71.51743390882844
2025-11-29 16:00:00+00:00,angiang_longxuyen,59.72152913911524
2025-11-29 16:00:00+00:00,bacninh_bacninhcity,172.08685868324997
2025-11-29 16:00:00+00:00,binhduong_thudaumot,72.65212902270379
2025-11-29 16:00:00+00:00,bacgiang_bacgiangcity,171.1299741817352
2025-11-29 16:00:00+00:00,bienhoa_dongnai,68.46830844626376
2025-11-29 17:00:00+00:00,binhduong_thudaumot,74.92107545270912
2025-11-29 17:00:00+00:00,bacninh_bacninhcity,171.5088512785064
2025-11-29 17:00:00+00:00,bentre_bentrecity,71.48298737206139
2025-11-29 17:00:00+00:00,bienhoa_dongnai,72.02093115288795
2025-11-29 17:00:00+00:00,angiang_longxuyen,60.40848018843504
2025-11-29 17:00:00+00:00,bacgiang_bacgiangcity,170.62227391196936
2025-11-29 17:00:00+00:00,backan_backancity,69.59223493837602
2025-11-29 18:00:00+00:00,bacninh_bacninhcity,169.95652508238757
2025-11-29 18:00:00+00:00,bacgiang_bacgiangcity,169.1444535255763
2025-11-29 18:00:00+00:00,bentre_bentrecity,72.19618775273342
2025-11-29 18:00:00+00:00,angiang_longxuyen,61.469874708030446
2025-11-29 18:00:00+00:00,backan_backancity,72.90479787241149
2025-11-29 18:00:00+00:00,bienhoa_dongnai,77.49293994969163
2025-11-29 18:00:00+00:00,binhduong_thudaumot,78.33525066660533
2025-11-29 19:00:00+00:00,backan_backancity,76.55364637253574
2025-11-29 19:00:00+00:00,bacninh_bacninhcity,168.1322465894281
2025-11-29 19:00:00+00:00,binhduong_thudaumot,82.44267276646426
2025-11-29 19:00:00+00:00,angiang_longxuyen,62.60915573194148
2025-11-29 19:00:00+00:00,bienhoa_dongnai,84.15854278271694
2025-11-29 19:00:00+00:00,bacgiang_bacgiangcity,167.46740275917023
2025-11-29 19:00:00+00:00,bentre_bentrecity,73.00262916951986
2025-11-29 20:00:00+00:00,backan_backancity,80.19009464153885
2025-11-29 20:00:00+00:00,bienhoa_dongnai,91.32134593541927
2025-11-29 20:00:00+00:00,angiang_longxuyen,63.81724281022083
2025-11-29 20:00:00+00:00,bacninh_bacninhcity,166.57609155001572
2025-11-29 20:00:00+00:00,bentre_bentrecity,73.54569837920982
2025-11-29 20:00:00+00:00,bacgiang_bacgiangcity,166.06609832523205
2025-11-29 20:00:00+00:00,binhduong_thudaumot,87.03325899456274
2025-11-29 21:00:00+00:00,bienhoa_dongnai,98.12961233975375
2025-11-29 21:00:00+00:00,backan_backancity,83.57562314606608
2025-11-29 21:00:00+00:00,binhduong_thudaumot,91.75969628103078
2025-11-29 21:00:00+00:00,bacgiang_bacgiangcity,165.027541985691
2025-11-29 21:00:00+00:00,bentre_bentrecity,73.9579125183846
2025-11-29 21:00:00+00:00,bacninh_bacninhcity,165.45779954888658
2025-11-29 21:00:00+00:00,angiang_longxuyen,64.91089533456436
2025-11-29 22:00:00+00:00,bienhoa_dongnai,104.21523352071225
2025-11-29 22:00:00+00:00,bacninh_bacninhcity,164.68533911633034
2025-11-29 22:00:00+00:00,angiang_longxuyen,65.89555200283218
2025-11-29 22:00:00+00:00,bentre_bentrecity,74.12500672048155
2025-11-29 22:00:00+00:00,bacgiang_bacgiangcity,164.18319502029846
2025-11-29 22:00:00+00:00,binhduong_thudaumot,96.30159854910393
2025-11-29 22:00:00+00:00,backan_backancity,86.44479623705283
2025-11-29 23:00:00+00:00,backan_backancity,89.01534348141361
2025-11-29 23:00:00+00:00,bienhoa_dongnai,109.55590320289116
2025-11-29 23:00:00+00:00,bentre_bentrecity,73.95327874780774
2025-11-29 23:00:00+00:00,bacgiang_bacgiangcity,163.6109569862449
2025-11-29 23:00:00+00:00,angiang_longxuyen,66.98843005660042
2025-11-29 23:00:00+00:00,bacninh_bacninhcity,164.09397426964225
2025-11-29 23:00:00+00:00,binhduong_thudaumot,100.633570342994
2025-11-30 00:00:00+00:00,bienhoa_dongnai,113.92518120088315
2025-11-30 00:00:00+00:00,angiang_longxuyen,68.15664930408573
2025-11-30 00:00:00+00:00,bentre_bentrecity,73.60030725668402
2025-11-30 00:00:00+00:00,binhduong_thudaumot,104.75478144547266
2025-11-30 00:00:00+00:00,bacgiang_bacgiangcity,163.2352821947738
2025-11-30 00:00:00+00:00,backan_backancity,91.35682038608189
2025-11-30 00:00:00+00:00,bacninh_bacninhcity,163.69821545471316
2025-11-30 01:00:00+00:00,bacninh_bacninhcity,163.32094821250857
2025-11-30 01:00:00+00:00,angiang_longxuyen,69.57184199687961
2025-11-30 01:00:00+00:00,backan_backancity,93.19883556050289
2025-11-30 01:00:00+00:00,bienhoa_dongnai,117.3026125720362
2025-11-30 01:00:00+00:00,bacgiang_bacgiangcity,163.01850439998478
2025-11-30 01:00:00+00:00,binhduong_thudaumot,108.27752530572765
2025-11-30 01:00:00+00:00,bentre_bentrecity,73.22260056769234
2025-11-30 02:00:00+00:00,backan_backancity,95.17977139436569
2025-11-30 02:00:00+00:00,bacninh_bacninhcity,162.93911246410147
2025-11-30 02:00:00+00:00,bacgiang_bacgiangcity,162.91077467277094
2025-11-30 02:00:00+00:00,bienhoa_dongnai,119.58100275700588
2025-11-30 02:00:00+00:00,angiang_longxuyen,70.91826779392974
2025-11-30 02:00:00+00:00,binhduong_thudaumot,110.6217726830859
2025-11-30 02:00:00+00:00,bentre_bentrecity,73.0200852141718
2025-11-30 03:00:00+00:00,angiang_longxuyen,72.41450578675641
2025-11-30 03:00:00+00:00,binhduong_thudaumot,111.9661654948759
2025-11-30 03:00:00+00:00,bienhoa_dongnai,121.02880370669006
2025-11-30 03:00:00+00:00,backan_backancity,97.26811824774772
2025-11-30 03:00:00+00:00,bentre_bentrecity,73.52812485868412
2025-11-30 03:00:00+00:00,bacninh_bacninhcity,162.547108526175
2025-11-30 03:00:00+00:00,bacgiang_bacgiangcity,162.71579517900543
2025-11-30 04:00:00+00:00,backan_backancity,99.41229442240378
2025-11-30 04:00:00+00:00,binhduong_thudaumot,113.08702129817632
2025-11-30 04:00:00+00:00,bentre_bentrecity,75.03946937868714
2025-11-30 04:00:00+00:00,bienhoa_dongnai,122.07050905229215
2025-11-30 04:00:00+00:00,bacninh_bacninhcity,161.78744426194416
2025-11-30 04:00:00+00:00,angiang_longxuyen,74.00163094726362
2025-11-30 04:00:00+00:00,bacgiang_bacgiangcity,162.17202546503108
2025-11-30 05:00:00+00:00,binhduong_thudaumot,115.09131307612975
2025-11-30 05:00:00+00:00,bacninh_bacninhcity,160.87119771084042
2025-11-30 05:00:00+00:00,backan_backancity,101.85151234179595
2025-11-30 05:00:00+00:00,bienhoa_dongnai,123.43158887685667
2025-11-30 05:00:00+00:00,bentre_bentrecity,78.17081054906413
2025-11-30 05:00:00+00:00,angiang_longxuyen,75.52908706580756
2025-11-30 05:00:00+00:00,bacgiang_bacgiangcity,161.45507455831466
2025-11-30 06:00:00+00:00,bacninh_bacninhcity,160.38022687569241
2025-11-30 06:00:00+00:00,angiang_longxuyen,77.12144642913537
2025-11-30 06:00:00+00:00,bacgiang_bacgiangcity,160.94840546566311
2025-11-30 06:00:00+00:00,bienhoa_dongnai,125.71994493178529
2025-11-30 06:00:00+00:00,binhduong_thudaumot,118.72353874011424
2025-11-30 06:00:00+00:00,bentre_bentrecity,83.03344588282516
2025-11-30 06:00:00+00:00,backan_backancity,104.87038015268547
2025-11-30 07:00:00+00:00,bacninh_bacninhcity,160.5874195093727
2025-11-30 07:00:00+00:00,backan_backancity,108.70511736310199
2025-11-30 07:00:00+00:00,bienhoa_dongnai,129.43386201310838
2025-11-30 07:00:00+00:00,bacgiang_bacgiangcity,160.9960223531683
2025-11-30 07:00:00+00:00,angiang_longxuyen,78.84998208496478
2025-11-30 07:00:00+00:00,bentre_bentrecity,89.76620466928803
2025-11-30 07:00:00+00:00,binhduong_thudaumot,124.68894620679069
2025-11-30 08:00:00+00:00,bienhoa_dongnai,135.89922504379783
2025-11-30 08:00:00+00:00,angiang_longxuyen,80.56973315601046
2025-11-30 08:00:00+00:00,binhduong_thudaumot,135.11316351563295
2025-11-30 08:00:00+00:00,bacgiang_bacgiangcity,161.84823585114577
2025-11-30 08:00:00+00:00,backan_backancity,113.14334771643475
2025-11-30 08:00:00+00:00,bacninh_bacninhcity,161.82046803535098
2025-11-30 08:00:00+00:00,bentre_bentrecity,97.50387818580822
2025-11-30 09:00:00+00:00,bentre_bentrecity,105.94536570629849
2025-11-30 09:00:00+00:00,backan_backancity,117.32135650034141
2025-11-30 09:00:00+00:00,bacninh_bacninhcity,163.76605124538324
2025-11-30 09:00:00+00:00,bacgiang_bacgiangcity,163.34114971184033
2025-11-30 09:00:00+00:00,binhduong_thudaumot,151.41448994365254
2025-11-30 09:00:00+00:00,bienhoa_dongnai,146.03250247383008
2025-11-30 09:00:00+00:00,angiang_longxuyen,82.21732793480595
2025-11-30 10:00:00+00:00,bentre_bentrecity,113.14307469380216
2025-11-30 10:00:00+00:00,backan_backancity,120.80095924949524
2025-11-30 10:00:00+00:00,bacninh_bacninhcity,165.63628455978184
2025-11-30 10:00:00+00:00,angiang_longxuyen,83.77923059011692
2025-11-30 10:00:00+00:00,bienhoa_dongnai,158.31019755670334
2025-11-30 10:00:00+00:00,bacgiang_bacgiangcity,164.94097531959056
2025-11-30 10:00:00+00:00,binhduong_thudaumot,169.2613202651952
2025-11-30 11:00:00+00:00,bentre_bentrecity,115.89305437022544
2025-11-30 11:00:00+00:00,backan_backancity,122.56024421528635
2025-11-30 11:00:00+00:00,bacgiang_bacgiangcity,166.53417441786797
2025-11-30 11:00:00+00:00,bienhoa_dongnai,167.70231099714582
2025-11-30 11:00:00+00:00,angiang_longxuyen,84.64980948302855
2025-11-30 11:00:00+00:00,binhduong_thudaumot,179.94438043355598
2025-11-30 11:00:00+00:00,bacninh_bacninhcity,167.32007931153447
2025-11-30 12:00:00+00:00,binhduong_thudaumot,177.21573785657765
2025-11-30 12:00:00+00:00,bentre_bentrecity,111.58536527454136
2025-11-30 12:00:00+00:00,backan_backancity,122.02330115486605
2025-11-30 12:00:00+00:00,bacgiang_bacgiangcity,168.07098944768967
2025-11-30 12:00:00+00:00,bienhoa_dongnai,168.0959160877223
2025-11-30 12:00:00+00:00,bacninh_bacninhcity,168.6625587894173
2025-11-30 12:00:00+00:00,angiang_longxuyen,84.34066519474106
2025-11-30 13:00:00+00:00,backan_backancity,119.11390780546392
2025-11-30 13:00:00+00:00,binhduong_thudaumot,160.66956995281066
2025-11-30 13:00:00+00:00,bacgiang_bacgiangcity,168.92911589798067
2025-11-30 13:00:00+00:00,bacninh_bacninhcity,169.34772159488068
2025-11-30 13:00:00+00:00,bentre_bentrecity,100.64795080400603
2025-11-30 13:00:00+00:00,bienhoa_dongnai,158.98795503116037
2025-11-30 13:00:00+00:00,angiang_longxuyen,84.1624325394265
2025-11-30 14:00:00+00:00,bienhoa_dongnai,148.29510085569302
2025-11-30 14:00:00+00:00,bacgiang_bacgiangcity,168.84946725555835
2025-11-30 14:00:00+00:00,angiang_longxuyen,85.13941520501368
2025-11-30 14:00:00+00:00,bentre_bentrecity,90.73018340829158
2025-11-30 14:00:00+00:00,bacninh_bacninhcity,169.32071084582805
2025-11-30 14:00:00+00:00,binhduong_thudaumot,140.8493799035244
2025-11-30 14:00:00+00:00,backan_backancity,115.08299948258072
2025-11-30 15:00:00+00:00,angiang_longxuyen,87.53146112238562
2025-11-30 15:00:00+00:00,bienhoa_dongnai,142.87941521392906
2025-11-30 15:00:00+00:00,bentre_bentrecity,87.2672274255481
2025-11-30 15:00:00+00:00,bacgiang_bacgiangcity,168.19417812970119
2025-11-30 15:00:00+00:00,binhduong_thudaumot,131.05007768072994
2025-11-30 15:00:00+00:00,bacninh_bacninhcity,168.65993951252784
2025-11-30 15:00:00+00:00,backan_backancity,111.27178192106041
2025-11-30 16:00:00+00:00,bacgiang_bacgiangcity,167.31363119135148
2025-11-30 16:00:00+00:00,backan_backancity,108.3653396091172
2025-11-30 16:00:00+00:00,bacninh_bacninhcity,167.61624034029023
2025-11-30 16:00:00+00:00,angiang_longxuyen,90.76724595872935
2025-11-30 16:00:00+00:00,bienhoa_dongnai,142.27691626498165
2025-11-30 16:00:00+00:00,bentre_bentrecity,89.59225553240815
2025-11-30 16:00:00+00:00,binhduong_thudaumot,131.09448791197678
2025-11-30 17:00:00+00:00,bentre_bentrecity,95.23055360402547
2025-11-30 17:00:00+00:00,binhduong_thudaumot,135.40004395036013
2025-11-30 17:00:00+00:00,bacgiang_bacgiangcity,166.31824070898688
2025-11-30 17:00:00+00:00,bacninh_bacninhcity,166.537315809752
2025-11-30 17:00:00+00:00,backan_backancity,106.52880392279032
2025-11-30 17:00:00+00:00,bienhoa_dongnai,144.13709016381813
2025-11-30 17:00:00+00:00,angiang_longxuyen,93.9828271202622
2025-11-30 18:00:00+00:00,angiang_longxuyen,96.74079080514417
2025-11-30 18:00:00+00:00,bacninh_bacninhcity,165.61868928446466
2025-11-30 18:00:00+00:00,bentre_bentrecity,102.1412257942385
2025-11-30 18:00:00+00:00,binhduong_thudaumot,140.65762882080867
2025-11-30 18:00:00+00:00,bienhoa_dongnai,146.79278892509615
2025-11-30 18:00:00+00:00,bacgiang_bacgiangcity,165.3375912733024
2025-11-30 18:00:00+00:00,backan_backancity,105.29109062565736
2025-11-30 19:00:00+00:00,bienhoa_dongnai,149.34333372646685
2025-11-30 19:00:00+00:00,angiang_longxuyen,98.88500940164353
2025-11-30 19:00:00+00:00,bacninh_bacninhcity,164.9794116851078
2025-11-30 19:00:00+00:00,bacgiang_bacgiangcity,164.5119012170493
2025-11-30 19:00:00+00:00,bentre_bentrecity,109.05094294910727
2025-11-30 19:00:00+00:00,binhduong_thudaumot,145.39236338473214
2025-11-30 19:00:00+00:00,backan_backancity,104.12851810622534
2025-11-30 20:00:00+00:00,backan_backancity,102.81635148280097
2025-11-30 20:00:00+00:00,angiang_longxuyen,100.30240367933119
2025-11-30 20:00:00+00:00,bacninh_bacninhcity,164.64581501124107
2025-11-30 20:00:00+00:00,bentre_bentrecity,115.64731333385201
2025-11-30 20:00:00+00:00,binhduong_thudaumot,148.9997167956626
2025-11-30 20:00:00+00:00,bacgiang_bacgiangcity,164.08240507155415
2025-11-30 20:00:00+00:00,bienhoa_dongnai,151.39574601534733
2025-11-30 21:00:00+00:00,backan_backancity,101.30977670082129
2025-11-30 21:00:00+00:00,bacgiang_bacgiangcity,164.04892444752707
2025-11-30 21:00:00+00:00,bentre_bentrecity,121.77498326344647
2025-11-30 21:00:00+00:00,angiang_longxuyen,101.38066632033984
2025-11-30 21:00:00+00:00,bienhoa_dongnai,152.8469037293508
2025-11-30 21:00:00+00:00,bacninh_bacninhcity,164.6737177067428
2025-11-30 21:00:00+00:00,binhduong_thudaumot,151.2493754275767
2025-11-30 22:00:00+00:00,binhduong_thudaumot,152.60116595619607
2025-11-30 22:00:00+00:00,bacninh_bacninhcity,164.58011989204874
2025-11-30 22:00:00+00:00,bacgiang_bacgiangcity,163.98384281345335
2025-11-30 22:00:00+00:00,bienhoa_dongnai,153.91161803012002
2025-11-30 22:00:00+00:00,bentre_bentrecity,127.29638848969518
2025-11-30 22:00:00+00:00,angiang_longxuyen,102.0809699167761
2025-11-30 22:00:00+00:00,backan_backancity,99.69266419192257
2025-11-30 23:00:00+00:00,bacninh_bacninhcity,164.28713506284333
2025-11-30 23:00:00+00:00,bacgiang_bacgiangcity,163.72316384953723
2025-11-30 23:00:00+00:00,bentre_bentrecity,132.03865891337367
2025-11-30 23:00:00+00:00,angiang_longxuyen,102.53885171414298
2025-11-30 23:00:00+00:00,backan_backancity,98.02734796001957
2025-11-30 23:00:00+00:00,binhduong_thudaumot,153.562236079584
2025-11-30 23:00:00+00:00,bienhoa_dongnai,154.74871629900457
2025-12-01 00:00:00+00:00,angiang_longxuyen,103.16060582899445
2025-12-01 00:00:00+00:00,backan_backancity,96.4914656668809
2025-12-01 00:00:00+00:00,binhduong_thudaumot,154.66755787405626
2025-12-01 00:00:00+00:00,bacgiang_bacgiangcity,163.23108352002575
2025-12-01 00:00:00+00:00,bentre_bentrecity,136.04548250665297
2025-12-01 00:00:00+00:00,bacninh_bacninhcity,163.80406556794654
2025-12-01 00:00:00+00:00,bienhoa_dongnai,155.7416745956861
2025-12-01 01:00:00+00:00,bacninh_bacninhcity,163.0211758883737
2025-12-01 01:00:00+00:00,backan_backancity,95.44708448193163
2025-12-01 01:00:00+00:00,bentre_bentrecity,139.4147601819741
2025-12-01 01:00:00+00:00,bienhoa_dongnai,155.8158062229991
2025-12-01 01:00:00+00:00,binhduong_thudaumot,154.95641364384625
2025-12-01 01:00:00+00:00,bacgiang_bacgiangcity,162.46996603572666
2025-12-01 01:00:00+00:00,angiang_longxuyen,103.95298929955197
2025-12-01 02:00:00+00:00,bacgiang_bacgiangcity,161.75471635370093
2025-12-01 02:00:00+00:00,bacninh_bacninhcity,162.22173951443114
2025-12-01 02:00:00+00:00,backan_backancity,94.71141248944102
2025-12-01 02:00:00+00:00,binhduong_thudaumot,154.1434588425025
2025-12-01 02:00:00+00:00,bentre_bentrecity,141.52249925644628
2025-12-01 02:00:00+00:00,angiang_longxuyen,104.42353782423513
2025-12-01 02:00:00+00:00,bienhoa_dongnai,154.71832050440375
2025-12-01 03:00:00+00:00,backan_backancity,94.16327441334539
2025-12-01 03:00:00+00:00,angiang_longxuyen,104.61007319570298
2025-12-01 03:00:00+00:00,bacgiang_bacgiangcity,161.15062060306178
2025-12-01 03:00:00+00:00,bienhoa_dongnai,152.92645665069077
2025-12-01 03:00:00+00:00,binhduong_thudaumot,152.49012514972495
2025-12-01 03:00:00+00:00,bentre_bentrecity,142.13030637450518
2025-12-01 03:00:00+00:00,bacninh_bacninhcity,161.42148951128868
2025-12-01 04:00:00+00:00,backan_backancity,93.5752967876846
2025-12-01 04:00:00+00:00,bentre_bentrecity,142.2055605490565
2025-12-01 04:00:00+00:00,bacgiang_bacgiangcity,160.61417355188632
2025-12-01 04:00:00+00:00,binhduong_thudaumot,150.72834382161602
2025-12-01 04:00:00+00:00,bienhoa_dongnai,151.20089705033044
2025-12-01 04:00:00+00:00,bacninh_bacninhcity,160.6563082319485
2025-12-01 04:00:00+00:00,angiang_longxuyen,104.74658342425316
2025-12-01 05:00:00+00:00,bacgiang_bacgiangcity,160.1685745097668
2025-12-01 05:00:00+00:00,bentre_bentrecity,142.83646690466702
2025-12-01 05:00:00+00:00,backan_backancity,92.98089605985096
2025-12-01 05:00:00+00:00,binhduong_thudaumot,149.58259292273056
2025-12-01 05:00:00+00:00,bienhoa_dongnai,150.19043484845577
2025-12-01 05:00:00+00:00,bacninh_bacninhcity,160.09449944491158
2025-12-01 05:00:00+00:00,angiang_longxuyen,105.05649348119937
2025-12-01 06:00:00+00:00,backan_backancity,92.21738446075382
2025-12-01 06:00:00+00:00,binhduong_thudaumot,149.6336731730331
2025-12-01 06:00:00+00:00,bentre_bentrecity,144.91268763730008
2025-12-01 06:00:00+00:00,bacgiang_bacgiangcity,159.75334950745668
2025-12-01 06:00:00+00:00,bienhoa_dongnai,150.34409329135903
2025-12-01 06:00:00+00:00,bacninh_bacninhcity,159.6882287147584
2025-12-01 06:00:00+00:00,angiang_longxuyen,105.81024914407496
2025-12-01 07:00:00+00:00,angiang_longxuyen,107.38822206382311
2025-12-01 07:00:00+00:00,backan_backancity,91.40732087119252
2025-12-01 07:00:00+00:00,bacgiang_bacgiangcity,159.4427650519758
2025-12-01 07:00:00+00:00,bacninh_bacninhcity,159.4827938682265
2025-12-01 07:00:00+00:00,bentre_bentrecity,148.74593410063312
2025-12-01 07:00:00+00:00,binhduong_thudaumot,151.51793832791088
2025-12-01 07:00:00+00:00,bienhoa_dongnai,152.19225854532027
2025-12-01 08:00:00+00:00,bienhoa_dongnai,156.50954476724837
2025-12-01 08:00:00+00:00,bentre_bentrecity,155.22327967044808
2025-12-01 08:00:00+00:00,angiang_longxuyen,109.79272749412289
2025-12-01 08:00:00+00:00,backan_backancity,90.5370030357782
2025-12-01 08:00:00+00:00,binhduong_thudaumot,156.4529170451285
2025-12-01 08:00:00+00:00,bacninh_bacninhcity,159.7032699775604
2025-12-01 08:00:00+00:00,bacgiang_bacgiangcity,159.4874929031777
2025-12-01 09:00:00+00:00,bentre_bentrecity,164.47097610339125
2025-12-01 09:00:00+00:00,binhduong_thudaumot,165.06241926732855
2025-12-01 09:00:00+00:00,backan_backancity,89.77243415381704
2025-12-01 09:00:00+00:00,angiang_longxuyen,113.36417625338999
2025-12-01 09:00:00+00:00,bacninh_bacninhcity,160.18997252262778
2025-12-01 09:00:00+00:00,bacgiang_bacgiangcity,159.85051075698868
2025-12-01 09:00:00+00:00,bienhoa_dongnai,163.90320215254135
2025-12-01 10:00:00+00:00,bienhoa_dongnai,173.60880648860115
2025-12-01 10:00:00+00:00,angiang_longxuyen,117.69325248453931
2025-12-01 10:00:00+00:00,bacgiang_bacgiangcity,160.11172488877423
2025-12-01 10:00:00+00:00,bentre_bentrecity,174.40934800594889
2025-12-01 10:00:00+00:00,backan_backancity,89.21867246413403
2025-12-01 10:00:00+00:00,binhduong_thudaumot,176.17221272267153
2025-12-01 10:00:00+00:00,bacninh_bacninhcity,160.56468575231725
2025-12-01 11:00:00+00:00,bienhoa_dongnai,182.1803204939876
2025-12-01 11:00:00+00:00,binhduong_thudaumot,185.7147083344263
2025-12-01 11:00:00+00:00,backan_backancity,88.67667250244337
2025-12-01 11:00:00+00:00,bacgiang_bacgiangcity,160.02002844285212
2025-12-01 11:00:00+00:00,bentre_bentrecity,181.40767732118331
2025-12-01 11:00:00+00:00,bacninh_bacninhcity,160.55098893562626
2025-12-01 11:00:00+00:00,angiang_longxuyen,120.76554897546737
2025-12-01 12:00:00+00:00,backan_backancity,87.98117617104569
2025-12-01 12:00:00+00:00,bienhoa_dongnai,184.8225530393639
2025-12-01 12:00:00+00:00,bentre_bentrecity,182.28232436009432
2025-12-01 12:00:00+00:00,binhduong_thudaumot,188.78173363938828
2025-12-01 12:00:00+00:00,bacgiang_bacgiangcity,160.43228609160977
2025-12-01 12:00:00+00:00,bacninh_bacninhcity,160.9191583240504
2025-12-01 12:00:00+00:00,angiang_longxuyen,119.74603025391598
2025-12-01 13:00:00+00:00,bienhoa_dongnai,178.12675020486074
2025-12-01 13:00:00+00:00,bentre_bentrecity,175.48856840165072
2025-12-01 13:00:00+00:00,binhduong_thudaumot,182.2580025032637
2025-12-01 13:00:00+00:00,bacgiang_bacgiangcity,160.64321184750125
2025-12-01 13:00:00+00:00,backan_backancity,88.00679026248785
2025-12-01 13:00:00+00:00,angiang_longxuyen,114.00541613493479
2025-12-01 13:00:00+00:00,bacninh_bacninhcity,161.09851352660326
2025-12-01 14:00:00+00:00,backan_backancity,88.63867558371321
2025-12-01 14:00:00+00:00,bienhoa_dongnai,165.76397648362158
2025-12-01 14:00:00+00:00,bacgiang_bacgiangcity,160.50449024440113
2025-12-01 14:00:00+00:00,bentre_bentrecity,163.94653769709103
2025-12-01 14:00:00+00:00,angiang_longxuyen,105.95197671548239
2025-12-01 14:00:00+00:00,bacninh_bacninhcity,160.79369409085416
2025-12-01 14:00:00+00:00,binhduong_thudaumot,169.64031483784015
2025-12-01 15:00:00+00:00,bacgiang_bacgiangcity,160.03228509234975
2025-12-01 15:00:00+00:00,backan_backancity,89.8448330119918
2025-12-01 15:00:00+00:00,bacninh_bacninhcity,160.05344815346317
2025-12-01 15:00:00+00:00,bentre_bentrecity,153.12675736644266
2025-12-01 15:00:00+00:00,bienhoa_dongnai,154.86426904922044
2025-12-01 15:00:00+00:00,binhduong_thudaumot,157.52140362673353
2025-12-01 15:00:00+00:00,angiang_longxuyen,98.42414719784931
2025-12-01 16:00:00+00:00,angiang_longxuyen,92.74242765025612
2025-12-01 16:00:00+00:00,bacninh_bacninhcity,159.07963842420762
2025-12-01 16:00:00+00:00,binhduong_thudaumot,149.92607062286962
2025-12-01 16:00:00+00:00,bentre_bentrecity,146.42424535425923
2025-12-01 16:00:00+00:00,bacgiang_bacgiangcity,159.39469566480867
2025-12-01 16:00:00+00:00,backan_backancity,91.44898782323871
2025-12-01 16:00:00+00:00,bienhoa_dongnai,148.41519165540342
2025-12-01 17:00:00+00:00,backan_backancity,93.355640833988
2025-12-01 17:00:00+00:00,bienhoa_dongnai,144.78312480139644
2025-12-01 17:00:00+00:00,bacgiang_bacgiangcity,158.85837914238186
2025-12-01 17:00:00+00:00,bentre_bentrecity,142.73853118455975
2025-12-01 17:00:00+00:00,bacninh_bacninhcity,158.26439501880432
2025-12-01 17:00:00+00:00,binhduong_thudaumot,145.92063933624252
2025-12-01 17:00:00+00:00,angiang_longxuyen,89.01044974107904
2025-12-01 18:00:00+00:00,bacgiang_bacgiangcity,158.45188216239768
2025-12-01 18:00:00+00:00,bacninh_bacninhcity,157.71008728385613
2025-12-01 18:00:00+00:00,binhduong_thudaumot,143.4168107740113
2025-12-01 18:00:00+00:00,bienhoa_dongnai,141.98738609665702
2025-12-01 18:00:00+00:00,bentre_bentrecity,140.14584300121027
2025-12-01 18:00:00+00:00,backan_backancity,95.38619173294981
2025-12-01 18:00:00+00:00,angiang_longxuyen,86.60734368773869
2025-12-01 19:00:00+00:00,angiang_longxuyen,84.94141397071706
2025-12-01 19:00:00+00:00,binhduong_thudaumot,141.0724970445392
2025-12-01 19:00:00+00:00,bienhoa_dongnai,139.13453236246943
2025-12-01 19:00:00+00:00,backan_backancity,97.44164534167366
2025-12-01 19:00:00+00:00,bacninh_bacninhcity,157.32159021830992
2025-12-01 19:00:00+00:00,bacgiang_bacgiangcity,158.15362832270534
2025-12-01 19:00:00+00:00,bentre_bentrecity,137.58863253174215
2025-12-01 20:00:00+00:00,backan_backancity,99.52028411937535
2025-12-01 20:00:00+00:00,bacgiang_bacgiangcity,157.83240577421003
2025-12-01 20:00:00+00:00,binhduong_thudaumot,138.1241267230525
2025-12-01 20:00:00+00:00,angiang_longxuyen,83.48954378729391
2025-12-01 20:00:00+00:00,bacninh_bacninhcity,156.9878717176111
2025-12-01 20:00:00+00:00,bienhoa_dongnai,135.75532144937654
2025-12-01 20:00:00+00:00,bentre_bentrecity,134.70180651524095
2025-12-01 21:00:00+00:00,angiang_longxuyen,82.11286577726648
2025-12-01 21:00:00+00:00,bacninh_bacninhcity,156.7014089748796
2025-12-01 21:00:00+00:00,bienhoa_dongnai,131.72184388562422
2025-12-01 21:00:00+00:00,bacgiang_bacgiangcity,157.52557619573184
2025-12-01 21:00:00+00:00,binhduong_thudaumot,134.26832054099555
2025-12-01 21:00:00+00:00,backan_backancity,101.83586738353145
2025-12-01 21:00:00+00:00,bentre_bentrecity,131.1064225905611
2025-12-01 22:00:00+00:00,angiang_longxuyen,80.93549211354296
2025-12-01 22:00:00+00:00,bacninh_bacninhcity,156.5762232030138
2025-12-01 22:00:00+00:00,binhduong_thudaumot,129.14860883678094
2025-12-01 22:00:00+00:00,bacgiang_bacgiangcity,157.33274172440235
2025-12-01 22:00:00+00:00,bienhoa_dongnai,126.83615282389442
2025-12-01 22:00:00+00:00,backan_backancity,104.42420352085321
2025-12-01 22:00:00+00:00,bentre_bentrecity,126.8591215326974
2025-12-01 23:00:00+00:00,bacninh_bacninhcity,156.59961395477075
2025-12-01 23:00:00+00:00,binhduong_thudaumot,122.52848004430392
2025-12-01 23:00:00+00:00,bienhoa_dongnai,121.16474504744409
2025-12-01 23:00:00+00:00,angiang_longxuyen,79.77557449447137
2025-12-01 23:00:00+00:00,bentre_bentrecity,122.16510758739244
2025-12-01 23:00:00+00:00,bacgiang_bacgiangcity,157.17255249310864
2025-12-01 23:00:00+00:00,backan_backancity,107.33623844580602
2025-12-02 00:00:00+00:00,bienhoa_dongnai,115.29209783599119
2025-12-02 00:00:00+00:00,binhduong_thudaumot,115.1728696137614
2025-12-02 00:00:00+00:00,backan_backancity,110.56663081322141
2025-12-02 00:00:00+00:00,bacninh_bacninhcity,156.75388588279262
2025-12-02 00:00:00+00:00,bacgiang_bacgiangcity,157.11370578226183
2025-12-02 00:00:00+00:00,bentre_bentrecity,117.61395083104047
2025-12-02 00:00:00+00:00,angiang_longxuyen,78.84208944663013
2025-12-02 01:00:00+00:00,bienhoa_dongnai,110.73090668208724
2025-12-02 01:00:00+00:00,angiang_longxuyen,78.6623861674142
2025-12-02 01:00:00+00:00,bacninh_bacninhcity,157.20145590901663
2025-12-02 01:00:00+00:00,backan_backancity,113.00145970344045
2025-12-02 01:00:00+00:00,bentre_bentrecity,114.3669285571781
2025-12-02 01:00:00+00:00,binhduong_thudaumot,108.85897105525841
2025-12-02 01:00:00+00:00,bacgiang_bacgiangcity,157.2426029215474
2025-12-02 02:00:00+00:00,bienhoa_dongnai,107.23926537521997
2025-12-02 02:00:00+00:00,bacninh_bacninhcity,157.178613378004
2025-12-02 02:00:00+00:00,binhduong_thudaumot,103.84375305303087
2025-12-02 02:00:00+00:00,angiang_longxuyen,78.45075990723834
2025-12-02 02:00:00+00:00,backan_backancity,114.57638912786605
2025-12-02 02:00:00+00:00,bentre_bentrecity,111.7659545176387
2025-12-02 02:00:00+00:00,bacgiang_bacgiangcity,157.02920147038998
2025-12-02 03:00:00+00:00,binhduong_thudaumot,100.36927573274045
2025-12-02 03:00:00+00:00,bentre_bentrecity,109.6337309692699
2025-12-02 03:00:00+00:00,backan_backancity,115.36708116338907
2025-12-02 03:00:00+00:00,angiang_longxuyen,78.29466927865204
2025-12-02 03:00:00+00:00,bacninh_bacninhcity,156.6744460863681
2025-12-02 03:00:00+00:00,bacgiang_bacgiangcity,156.46063564513162
2025-12-02 03:00:00+00:00,bienhoa_dongnai,104.79446204909287
2025-12-02 04:00:00+00:00,bacninh_bacninhcity,155.49602819265544
2025-12-02 04:00:00+00:00,angiang_longxuyen,78.35243260088511
2025-12-02 04:00:00+00:00,binhduong_thudaumot,98.27605471833614
2025-12-02 04:00:00+00:00,bentre_bentrecity,108.3189252177089
2025-12-02 04:00:00+00:00,backan_backancity,115.57569547268999
2025-12-02 04:00:00+00:00,bacgiang_bacgiangcity,155.27580008794396
2025-12-02 04:00:00+00:00,bienhoa_dongnai,103.15142693861587
2025-12-02 05:00:00+00:00,bentre_bentrecity,108.28615108053386
2025-12-02 05:00:00+00:00,bacgiang_bacgiangcity,153.92232573846707
2025-12-02 05:00:00+00:00,backan_backancity,115.3009096142642
2025-12-02 05:00:00+00:00,bienhoa_dongnai,102.18322722620307
2025-12-02 05:00:00+00:00,angiang_longxuyen,78.91440237337868
2025-12-02 05:00:00+00:00,bacninh_bacninhcity,154.12674681171782
2025-12-02 05:00:00+00:00,binhduong_thudaumot,97.465487505353
2025-12-02 06:00:00+00:00,angiang_longxuyen,80.29993023256414
2025-12-02 06:00:00+00:00,binhduong_thudaumot,98.2831032707629
2025-12-02 06:00:00+00:00,bentre_bentrecity,110.1636504952736
2025-12-02 06:00:00+00:00,bacninh_bacninhcity,152.9427118308552
2025-12-02 06:00:00+00:00,backan_backancity,115.19623969846647
2025-12-02 06:00:00+00:00,bienhoa_dongnai,102.5261496352906
2025-12-02 06:00:00+00:00,bacgiang_bacgiangcity,152.70459693662124
2025-12-02 07:00:00+00:00,bacninh_bacninhcity,152.3394688680405
2025-12-02 07:00:00+00:00,binhduong_thudaumot,101.1718861307542
2025-12-02 07:00:00+00:00,bacgiang_bacgiangcity,151.99260177139502
2025-12-02 07:00:00+00:00,backan_backancity,115.57777631849127
2025-12-02 07:00:00+00:00,bentre_bentrecity,114.00923192535348
2025-12-02 07:00:00+00:00,angiang_longxuyen,82.49315258452302
2025-12-02 07:00:00+00:00,bienhoa_dongnai,104.5847158107998
2025-12-02 08:00:00+00:00,backan_backancity,116.70773106331173
2025-12-02 08:00:00+00:00,bentre_bentrecity,118.71799779473432
2025-12-02 08:00:00+00:00,bacninh_bacninhcity,152.59646692124488
2025-12-02 08:00:00+00:00,bienhoa_dongnai,107.84848927407144
2025-12-02 08:00:00+00:00,angiang_longxuyen,85.33698134348147
2025-12-02 08:00:00+00:00,binhduong_thudaumot,105.62548243715123
2025-12-02 08:00:00+00:00,bacgiang_bacgiangcity,152.13674031756386
2025-12-02 09:00:00+00:00,bienhoa_dongnai,111.55956898672089
2025-12-02 09:00:00+00:00,angiang_longxuyen,88.36064282266493
2025-12-02 09:00:00+00:00,binhduong_thudaumot,110.62530838056477
2025-12-02 09:00:00+00:00,bentre_bentrecity,123.12429809679992
2025-12-02 09:00:00+00:00,bacgiang_bacgiangcity,153.08574523361884
2025-12-02 09:00:00+00:00,backan_backancity,118.46015891884076
2025-12-02 09:00:00+00:00,bacninh_bacninhcity,153.82009997348771
2025-12-02 10:00:00+00:00,binhduong_thudaumot,114.58766137305099
2025-12-02 10:00:00+00:00,bacgiang_bacgiangcity,154.3310068995119
2025-12-02 10:00:00+00:00,bentre_bentrecity,126.64280058852867
2025-12-02 10:00:00+00:00,angiang_longxuyen,91.37556975308497
2025-12-02 10:00:00+00:00,bacninh_bacninhcity,155.2309243041603
2025-12-02 10:00:00+00:00,bienhoa_dongnai,114.21181254324834
2025-12-02 10:00:00+00:00,backan_backancity,120.5138003534376
2025-12-02 11:00:00+00:00,bacninh_bacninhcity,156.71368737916868
2025-12-02 11:00:00+00:00,bacgiang_bacgiangcity,155.87873413272018
2025-12-02 11:00:00+00:00,bentre_bentrecity,128.649484305801
2025-12-02 11:00:00+00:00,backan_backancity,122.33211477032364
2025-12-02 11:00:00+00:00,angiang_longxuyen,93.45264979997992
2025-12-02 11:00:00+00:00,bienhoa_dongnai,114.68828163442205
2025-12-02 11:00:00+00:00,binhduong_thudaumot,116.25197035811031
2025-12-02 12:00:00+00:00,bienhoa_dongnai,112.58532643858766
2025-12-02 12:00:00+00:00,backan_backancity,123.68057681585262
2025-12-02 12:00:00+00:00,angiang_longxuyen,93.83821540737952
2025-12-02 12:00:00+00:00,bacninh_bacninhcity,158.94934897826988
2025-12-02 12:00:00+00:00,bacgiang_bacgiangcity,158.3364425370973
2025-12-02 12:00:00+00:00,bentre_bentrecity,129.07703992389966
2025-12-02 12:00:00+00:00,binhduong_thudaumot,114.59887052934077
2025-12-02 13:00:00+00:00,bentre_bentrecity,128.06800918730178
2025-12-02 13:00:00+00:00,angiang_longxuyen,92.59900048576739
2025-12-02 13:00:00+00:00,binhduong_thudaumot,111.01697892631239
2025-12-02 13:00:00+00:00,bacninh_bacninhcity,162.0000233819851
2025-12-02 13:00:00+00:00,backan_backancity,124.82087161304477
2025-12-02 13:00:00+00:00,bienhoa_dongnai,109.74737908749516
2025-12-02 13:00:00+00:00,bacgiang_bacgiangcity,161.72594781749987
2025-12-02 14:00:00+00:00,bacgiang_bacgiangcity,164.8983185245338
2025-12-02 14:00:00+00:00,angiang_longxuyen,90.51093970789279
2025-12-02 14:00:00+00:00,backan_backancity,125.82453326711511
2025-12-02 14:00:00+00:00,bentre_bentrecity,126.60621338028386
2025-12-02 14:00:00+00:00,binhduong_thudaumot,107.82898882289388
2025-12-02 14:00:00+00:00,bacninh_bacninhcity,165.05212925097715
2025-12-02 14:00:00+00:00,bienhoa_dongnai,107.74968336230653
2025-12-02 15:00:00+00:00,bienhoa_dongnai,107.92260730463978
2025-12-02 15:00:00+00:00,bacgiang_bacgiangcity,167.62525117490492
2025-12-02 15:00:00+00:00,backan_backancity,126.9272096789482
2025-12-02 15:00:00+00:00,binhduong_thudaumot,107.63863711713756
2025-12-02 15:00:00+00:00,bacninh_bacninhcity,167.7515377392176
2025-12-02 15:00:00+00:00,bentre_bentrecity,125.03383796837338
2025-12-02 15:00:00+00:00,angiang_longxuyen,88.63498379560575
2025-12-02 16:00:00+00:00,backan_backancity,128.0614044326204
2025-12-02 16:00:00+00:00,angiang_longxuyen,87.68108187599749
2025-12-02 16:00:00+00:00,binhduong_thudaumot,110.64385814735638
2025-12-02 16:00:00+00:00,bacgiang_bacgiangcity,169.70764156639052
2025-12-02 16:00:00+00:00,bacninh_bacninhcity,169.87653271426046
2025-12-02 16:00:00+00:00,bentre_bentrecity,123.62713834615792
2025-12-02 16:00:00+00:00,bienhoa_dongnai,110.62717548554016
2025-12-02 17:00:00+00:00,bentre_bentrecity,123.06641947417219
2025-12-02 17:00:00+00:00,bacninh_bacninhcity,171.31760490695208
2025-12-02 17:00:00+00:00,angiang_longxuyen,87.56625791129485
2025-12-02 17:00:00+00:00,binhduong_thudaumot,115.3762540712
2025-12-02 17:00:00+00:00,bacgiang_bacgiangcity,171.15184644904957
2025-12-02 17:00:00+00:00,bienhoa_dongnai,114.95188226682866
2025-12-02 17:00:00+00:00,backan_backancity,129.05082540021374
2025-12-02 18:00:00+00:00,angiang_longxuyen,88.04488725325864
2025-12-02 18:00:00+00:00,binhduong_thudaumot,120.92895900363385
2025-12-02 18:00:00+00:00,bentre_bentrecity,123.0957536349507
2025-12-02 18:00:00+00:00,bacninh_bacninhcity,172.30327534850105
2025-12-02 18:00:00+00:00,bacgiang_bacgiangcity,172.108861479313
2025-12-02 18:00:00+00:00,bienhoa_dongnai,120.47215733166202
2025-12-02 18:00:00+00:00,backan_backancity,129.67423505469384
2025-12-02 19:00:00+00:00,backan_backancity,129.72408833475913
2025-12-02 19:00:00+00:00,bacgiang_bacgiangcity,172.9304746876501
2025-12-02 19:00:00+00:00,bacninh_bacninhcity,173.1010322525444
2025-12-02 19:00:00+00:00,bentre_bentrecity,123.63721516555322
2025-12-02 19:00:00+00:00,binhduong_thudaumot,126.88855576551654
2025-12-02 19:00:00+00:00,bienhoa_dongnai,126.56048915963402
2025-12-02 19:00:00+00:00,angiang_longxuyen,89.21024900888823
2025-12-02 20:00:00+00:00,binhduong_thudaumot,132.8344100256462
2025-12-02 20:00:00+00:00,bienhoa_dongnai,132.64532172940278
2025-12-02 20:00:00+00:00,angiang_longxuyen,91.19626023559412
2025-12-02 20:00:00+00:00,bacninh_bacninhcity,173.64784328636216
2025-12-02 20:00:00+00:00,bentre_bentrecity,124.44793574981601
2025-12-02 20:00:00+00:00,backan_backancity,129.06700226312898
2025-12-02 20:00:00+00:00,bacgiang_bacgiangcity,173.46073032518154
2025-12-02 21:00:00+00:00,angiang_longxuyen,94.10487585120225
2025-12-02 21:00:00+00:00,backan_backancity,127.71912324601061
2025-12-02 21:00:00+00:00,bacninh_bacninhcity,173.85214253278082
2025-12-02 21:00:00+00:00,bentre_bentrecity,125.31419631662668
2025-12-02 21:00:00+00:00,bienhoa_dongnai,138.45061828203472
2025-12-02 21:00:00+00:00,bacgiang_bacgiangcity,173.5544456157494
2025-12-02 21:00:00+00:00,binhduong_thudaumot,138.41439220332785
2025-12-02 22:00:00+00:00,binhduong_thudaumot,143.25052149919767
2025-12-02 22:00:00+00:00,bentre_bentrecity,126.27287776391442
2025-12-02 22:00:00+00:00,bacgiang_bacgiangcity,173.2802351715572
2025-12-02 22:00:00+00:00,angiang_longxuyen,98.05770622760514
2025-12-02 22:00:00+00:00,bienhoa_dongnai,143.39888482586426
2025-12-02 22:00:00+00:00,backan_backancity,125.71530245929186
2025-12-02 22:00:00+00:00,bacninh_bacninhcity,173.67692509155995
2025-12-02 23:00:00+00:00,bacninh_bacninhcity,173.20597736645385
2025-12-02 23:00:00+00:00,bacgiang_bacgiangcity,172.85995435571624
2025-12-02 23:00:00+00:00,backan_backancity,123.11970783580594
2025-12-02 23:00:00+00:00,bienhoa_dongnai,147.5449086276554
2025-12-02 23:00:00+00:00,angiang_longxuyen,102.99405223346479
2025-12-02 23:00:00+00:00,binhduong_thudaumot,147.29779595168162
2025-12-02 23:00:00+00:00,bentre_bentrecity,127.50647015967874
2025-12-03 00:00:00+00:00,bienhoa_dongnai,150.85319021873534
2025-12-03 00:00:00+00:00,bacgiang_bacgiangcity,172.58859814016108
2025-12-03 00:00:00+00:00,bentre_bentrecity,129.40565475052648
2025-12-03 00:00:00+00:00,backan_backancity,120.19641099919413
2025-12-03 00:00:00+00:00,angiang_longxuyen,111.46554042715633
2025-12-03 00:00:00+00:00,bacninh_bacninhcity,172.69559255542424
2025-12-03 00:00:00+00:00,binhduong_thudaumot,150.57833148175825
2025-12-03 01:00:00+00:00,angiang_longxuyen,118.7985307694287
2025-12-03 01:00:00+00:00,bienhoa_dongnai,153.05135090835125
2025-12-03 01:00:00+00:00,bentre_bentrecity,130.9591165467585
2025-12-03 01:00:00+00:00,bacgiang_bacgiangcity,172.18355438024514
2025-12-03 01:00:00+00:00,binhduong_thudaumot,152.56202908639443
2025-12-03 01:00:00+00:00,backan_backancity,116.83687511948013
2025-12-03 01:00:00+00:00,bacninh_bacninhcity,172.02173353959338
2025-12-03 02:00:00+00:00,bacninh_bacninhcity,170.94995328256425
2025-12-03 02:00:00+00:00,bacgiang_bacgiangcity,171.39756681837116
2025-12-03 02:00:00+00:00,binhduong_thudaumot,153.55724117946923
2025-12-03 02:00:00+00:00,bienhoa_dongnai,154.27067216093053
2025-12-03 02:00:00+00:00,angiang_longxuyen,124.39378154748293
2025-12-03 02:00:00+00:00,backan_backancity,113.94903859291648
2025-12-03 02:00:00+00:00,bentre_bentrecity,132.15201442965406
2025-12-03 03:00:00+00:00,angiang_longxuyen,128.277964679495
2025-12-03 03:00:00+00:00,bacninh_bacninhcity,169.57355373386724
2025-12-03 03:00:00+00:00,bienhoa_dongnai,154.36987836085797
2025-12-03 03:00:00+00:00,bacgiang_bacgiangcity,170.0401983612264
2025-12-03 03:00:00+00:00,binhduong_thudaumot,153.5022059080828
2025-12-03 03:00:00+00:00,backan_backancity,112.39928598862508
2025-12-03 03:00:00+00:00,bentre_bentrecity,132.47653065357346
2025-12-03 04:00:00+00:00,angiang_longxuyen,130.98696703076078
2025-12-03 04:00:00+00:00,bacgiang_bacgiangcity,168.61753942401012
2025-12-03 04:00:00+00:00,bentre_bentrecity,132.5270278754654
2025-12-03 04:00:00+00:00,backan_backancity,112.35243051882031
2025-12-03 04:00:00+00:00,bienhoa_dongnai,153.82521670043454
2025-12-03 04:00:00+00:00,bacninh_bacninhcity,168.39320836563294
2025-12-03 04:00:00+00:00,binhduong_thudaumot,152.93686414291597
2025-12-03 05:00:00+00:00,bacninh_bacninhcity,167.5859402667718
2025-12-03 05:00:00+00:00,angiang_longxuyen,133.27249061184384
2025-12-03 05:00:00+00:00,bentre_bentrecity,133.1518689952223
2025-12-03 05:00:00+00:00,bienhoa_dongnai,153.04025161375824
2025-12-03 05:00:00+00:00,backan_backancity,113.85666557298056
2025-12-03 05:00:00+00:00,bacgiang_bacgiangcity,167.48094294136285
2025-12-03 05:00:00+00:00,binhduong_thudaumot,152.15769453267944
2025-12-03 06:00:00+00:00,backan_backancity,116.5929843281187
2025-12-03 06:00:00+00:00,bacgiang_bacgiangcity,166.8593128288226
2025-12-03 06:00:00+00:00,bacninh_bacninhcity,167.38179330389318
2025-12-03 06:00:00+00:00,angiang_longxuyen,135.8053357148985
2025-12-03 06:00:00+00:00,bentre_bentrecity,134.55160273321846
2025-12-03 06:00:00+00:00,bienhoa_dongnai,152.4761237659538
2025-12-03 06:00:00+00:00,binhduong_thudaumot,151.6369283351744
2025-12-03 07:00:00+00:00,bacninh_bacninhcity,167.80686017385105
2025-12-03 07:00:00+00:00,bienhoa_dongnai,152.10291596783202
2025-12-03 07:00:00+00:00,angiang_longxuyen,138.77228027731715
2025-12-03 07:00:00+00:00,backan_backancity,120.02309818996387
2025-12-03 07:00:00+00:00,bacgiang_bacgiangcity,166.86650061191457
2025-12-03 07:00:00+00:00,binhduong_thudaumot,151.27173935317762
2025-12-03 07:00:00+00:00,bentre_bentrecity,136.56499127721278
2025-12-03 08:00:00+00:00,bienhoa_dongnai,151.76299735157266
2025-12-03 08:00:00+00:00,bacgiang_bacgiangcity,167.39827908484688
2025-12-03 08:00:00+00:00,bacninh_bacninhcity,168.64822673281623
2025-12-03 08:00:00+00:00,binhduong_thudaumot,150.96500984674003
2025-12-03 08:00:00+00:00,backan_backancity,123.94122967401901
2025-12-03 08:00:00+00:00,angiang_longxuyen,141.79748417121374
2025-12-03 08:00:00+00:00,bentre_bentrecity,138.51104439074015
2025-12-03 09:00:00+00:00,bacgiang_bacgiangcity,168.17452920207205
2025-12-03 09:00:00+00:00,bacninh_bacninhcity,169.56372927005268
2025-12-03 09:00:00+00:00,binhduong_thudaumot,150.5277646445337
2025-12-03 09:00:00+00:00,bienhoa_dongnai,151.4391555261879
2025-12-03 09:00:00+00:00,angiang_longxuyen,144.06078740831936
2025-12-03 09:00:00+00:00,bentre_bentrecity,140.06694272361352
2025-12-03 09:00:00+00:00,backan_backancity,127.95739042378463
2025-12-03 10:00:00+00:00,bacninh_bacninhcity,170.30108617114035
2025-12-03 10:00:00+00:00,backan_backancity,131.51654391879927
2025-12-03 10:00:00+00:00,bacgiang_bacgiangcity,168.8962922686551
2025-12-03 10:00:00+00:00,bienhoa_dongnai,150.9984991726837
2025-12-03 10:00:00+00:00,angiang_longxuyen,145.19355939863138
2025-12-03 10:00:00+00:00,bentre_bentrecity,141.49158569780917
2025-12-03 10:00:00+00:00,binhduong_thudaumot,149.77296910262726
2025-12-03 11:00:00+00:00,backan_backancity,134.24405959758099
2025-12-03 11:00:00+00:00,angiang_longxuyen,145.2288108626817
2025-12-03 11:00:00+00:00,bentre_bentrecity,142.4603222097008
2025-12-03 11:00:00+00:00,bacninh_bacninhcity,170.69263760940484
2025-12-03 11:00:00+00:00,bacgiang_bacgiangcity,169.3601566336681
2025-12-03 11:00:00+00:00,binhduong_thudaumot,148.54708660494947
2025-12-03 11:00:00+00:00,bienhoa_dongnai,150.20364435781852
2025-12-03 12:00:00+00:00,binhduong_thudaumot,147.0397493175298
2025-12-03 12:00:00+00:00,bienhoa_dongnai,148.92719067195793
2025-12-03 12:00:00+00:00,angiang_longxuyen,144.37840736335212
2025-12-03 12:00:00+00:00,bacninh_bacninhcity,170.57299930935642
2025-12-03 12:00:00+00:00,bacgiang_bacgiangcity,169.38658000335187
2025-12-03 12:00:00+00:00,backan_backancity,136.172891618204
2025-12-03 12:00:00+00:00,bentre_bentrecity,142.44626861443015
2025-12-03 13:00:00+00:00,bienhoa_dongnai,147.56759017321136
2025-12-03 13:00:00+00:00,backan_backancity,137.74014595220936
2025-12-03 13:00:00+00:00,bentre_bentrecity,141.3933106029554
2025-12-03 13:00:00+00:00,bacgiang_bacgiangcity,168.88905662502196
2025-12-03 13:00:00+00:00,binhduong_thudaumot,145.86307615809068
2025-12-03 13:00:00+00:00,bacninh_bacninhcity,169.9382423556609
2025-12-03 13:00:00+00:00,angiang_longxuyen,143.03719401433113
2025-12-03 14:00:00+00:00,bacninh_bacninhcity,169.02494575427653
2025-12-03 14:00:00+00:00,bienhoa_dongnai,146.11574500779838
2025-12-03 14:00:00+00:00,angiang_longxuyen,141.5085674880077
2025-12-03 14:00:00+00:00,binhduong_thudaumot,144.88816998734654
2025-12-03 14:00:00+00:00,bacgiang_bacgiangcity,168.040611056922
2025-12-03 14:00:00+00:00,backan_backancity,139.07635134824068
2025-12-03 14:00:00+00:00,bentre_bentrecity,139.7605221352144
2025-12-03 15:00:00+00:00,backan_backancity,140.0875314582329
2025-12-03 15:00:00+00:00,bacninh_bacninhcity,167.949384514495
2025-12-03 15:00:00+00:00,binhduong_thudaumot,143.4776154160878
2025-12-03 15:00:00+00:00,bienhoa_dongnai,143.9736464157249
2025-12-03 15:00:00+00:00,bentre_bentrecity,137.92750691801237
2025-12-03 15:00:00+00:00,angiang_longxuyen,139.7194229832248
2025-12-03 15:00:00+00:00,bacgiang_bacgiangcity,166.9467670904138
2025-12-03 16:00:00+00:00,backan_backancity,140.91415261955964
2025-12-03 16:00:00+00:00,bentre_bentrecity,136.33811490823706
2025-12-03 16:00:00+00:00,bienhoa_dongnai,140.4197532292806
2025-12-03 16:00:00+00:00,binhduong_thudaumot,140.92795385924956
2025-12-03 16:00:00+00:00,angiang_longxuyen,137.94374469434365
2025-12-03 16:00:00+00:00,bacninh_bacninhcity,166.6068615270293
2025-12-03 16:00:00+00:00,bacgiang_bacgiangcity,165.67999863770257
2025-12-03 17:00:00+00:00,backan_backancity,141.54042520459333
2025-12-03 17:00:00+00:00,bienhoa_dongnai,135.0997016506895
2025-12-03 17:00:00+00:00,binhduong_thudaumot,136.76398670547823
2025-12-03 17:00:00+00:00,bacninh_bacninhcity,165.00668349165772
2025-12-03 17:00:00+00:00,bentre_bentrecity,134.96819828738936
2025-12-03 17:00:00+00:00,angiang_longxuyen,136.20308726872355
2025-12-03 17:00:00+00:00,bacgiang_bacgiangcity,164.26258260522349
2025-12-03 18:00:00+00:00,angiang_longxuyen,134.21174067941683
2025-12-03 18:00:00+00:00,binhduong_thudaumot,130.5460409178427
2025-12-03 18:00:00+00:00,bentre_bentrecity,133.7116284809055
2025-12-03 18:00:00+00:00,backan_backancity,142.05589628586176
2025-12-03 18:00:00+00:00,bacgiang_bacgiangcity,162.73626643775103
2025-12-03 18:00:00+00:00,bienhoa_dongnai,127.70683613980495
2025-12-03 18:00:00+00:00,bacninh_bacninhcity,163.23133152464817
2025-12-03 19:00:00+00:00,binhduong_thudaumot,122.35395658093
2025-12-03 19:00:00+00:00,bacninh_bacninhcity,161.1789192357677
2025-12-03 19:00:00+00:00,bacgiang_bacgiangcity,160.91813584885267
2025-12-03 19:00:00+00:00,angiang_longxuyen,131.58059002480041
2025-12-03 19:00:00+00:00,bentre_bentrecity,132.26004437298977
2025-12-03 19:00:00+00:00,backan_backancity,142.57459142722166
2025-12-03 19:00:00+00:00,bienhoa_dongnai,118.63505438914831
2025-12-03 20:00:00+00:00,bienhoa_dongnai,108.86366410764194
2025-12-03 20:00:00+00:00,binhduong_thudaumot,112.72679893506545
2025-12-03 20:00:00+00:00,angiang_longxuyen,127.97040414002439
2025-12-03 20:00:00+00:00,bentre_bentrecity,130.27917924219918
2025-12-03 20:00:00+00:00,backan_backancity,143.15226380817705
2025-12-03 20:00:00+00:00,bacgiang_bacgiangcity,158.70969819576024
2025-12-03 20:00:00+00:00,bacninh_bacninhcity,158.73862336645965
2025-12-03 21:00:00+00:00,bentre_bentrecity,127.50914599902595
2025-12-03 21:00:00+00:00,bacgiang_bacgiangcity,156.2578200754892
2025-12-03 21:00:00+00:00,angiang_longxuyen,123.30775625301848
2025-12-03 21:00:00+00:00,bienhoa_dongnai,99.62546907986042
2025-12-03 21:00:00+00:00,bacninh_bacninhcity,156.0749188419315
2025-12-03 21:00:00+00:00,backan_backancity,143.8622749364239
2025-12-03 21:00:00+00:00,binhduong_thudaumot,102.58057359703754
2025-12-03 22:00:00+00:00,backan_backancity,144.7917832083898
2025-12-03 22:00:00+00:00,bacgiang_bacgiangcity,154.0979695736002
2025-12-03 22:00:00+00:00,binhduong_thudaumot,93.57713941851961
2025-12-03 22:00:00+00:00,angiang_longxuyen,117.46114843918042
2025-12-03 22:00:00+00:00,bacninh_bacninhcity,153.79326326276657
2025-12-03 22:00:00+00:00,bentre_bentrecity,123.85021632854811
2025-12-03 22:00:00+00:00,bienhoa_dongnai,91.8360468970707
2025-12-03 23:00:00+00:00,bacninh_bacninhcity,152.17693447022953
2025-12-03 23:00:00+00:00,bacgiang_bacgiangcity,152.55769553193946
2025-12-03 23:00:00+00:00,binhduong_thudaumot,86.29077013817424
2025-12-03 23:00:00+00:00,bentre_bentrecity,119.05983518359874
2025-12-03 23:00:00+00:00,backan_backancity,145.87264391536627
2025-12-03 23:00:00+00:00,bienhoa_dongnai,85.59832382853654
2025-12-03 23:00:00+00:00,angiang_longxuyen,110.35507471224794
2025-12-04 00:00:00+00:00,angiang_longxuyen,101.1991008309766
2025-12-04 00:00:00+00:00,backan_backancity,146.989661085717
2025-12-04 00:00:00+00:00,bentre_bentrecity,113.22061964789218
2025-12-04 00:00:00+00:00,bienhoa_dongnai,80.43846909541617
2025-12-04 00:00:00+00:00,bacgiang_bacgiangcity,151.83903904957413
2025-12-04 00:00:00+00:00,bacninh_bacninhcity,151.37071060135747
2025-12-04 00:00:00+00:00,binhduong_thudaumot,80.25036411574588
2025-12-04 01:00:00+00:00,bacninh_bacninhcity,151.1486899018313
2025-12-04 01:00:00+00:00,binhduong_thudaumot,75.67011902775867
2025-12-04 01:00:00+00:00,angiang_longxuyen,93.96344360108863
2025-12-04 01:00:00+00:00,bentre_bentrecity,106.76827006150761
2025-12-04 01:00:00+00:00,bacgiang_bacgiangcity,151.70619559112126
2025-12-04 01:00:00+00:00,backan_backancity,147.91105482047556
2025-12-04 01:00:00+00:00,bienhoa_dongnai,76.4836699103879
2025-12-04 02:00:00+00:00,angiang_longxuyen,87.66749165778455
2025-12-04 02:00:00+00:00,bacgiang_bacgiangcity,152.01912086216112
2025-12-04 02:00:00+00:00,backan_backancity,148.40500171109264
2025-12-04 02:00:00+00:00,bienhoa_dongnai,73.03148907584496
2025-12-04 02:00:00+00:00,bacninh_bacninhcity,151.422304264738
2025-12-04 02:00:00+00:00,bentre_bentrecity,100.5928845320418
2025-12-04 02:00:00+00:00,binhduong_thudaumot,71.81811123228725
2025-12-04 03:00:00+00:00,bentre_bentrecity,95.24463112956668
2025-12-04 03:00:00+00:00,bienhoa_dongnai,69.8621596886544
2025-12-04 03:00:00+00:00,angiang_longxuyen,82.46167340130847
2025-12-04 03:00:00+00:00,backan_backancity,148.42956722158738
2025-12-04 03:00:00+00:00,bacgiang_bacgiangcity,152.38014162611785
2025-12-04 03:00:00+00:00,bacninh_bacninhcity,151.79882314211704
2025-12-04 03:00:00+00:00,binhduong_thudaumot,68.40173443349724
2025-12-04 04:00:00+00:00,binhduong_thudaumot,65.43290590613982
2025-12-04 04:00:00+00:00,bacninh_bacninhcity,151.93287181601573
2025-12-04 04:00:00+00:00,bentre_bentrecity,90.86338908402193
2025-12-04 04:00:00+00:00,bienhoa_dongnai,66.99441262424659
2025-12-04 04:00:00+00:00,angiang_longxuyen,78.39477612694509
2025-12-04 04:00:00+00:00,bacgiang_bacgiangcity,152.55377531852187
2025-12-04 04:00:00+00:00,backan_backancity,147.9494563783265
2025-12-04 05:00:00+00:00,bienhoa_dongnai,64.43594907879148
2025-12-04 05:00:00+00:00,backan_backancity,147.21960052932752
2025-12-04 05:00:00+00:00,binhduong_thudaumot,62.88082521649339
2025-12-04 05:00:00+00:00,bacninh_bacninhcity,151.94531120576144
2025-12-04 05:00:00+00:00,angiang_longxuyen,75.21749753896214
2025-12-04 05:00:00+00:00,bentre_bentrecity,87.19953956745982
2025-12-04 05:00:00+00:00,bacgiang_bacgiangcity,152.56176802889715
2025-12-04 06:00:00+00:00,bacgiang_bacgiangcity,152.67532804021707
2025-12-04 06:00:00+00:00,angiang_longxuyen,72.89866737218352
2025-12-04 06:00:00+00:00,backan_backancity,146.66009339922505
2025-12-04 06:00:00+00:00,bentre_bentrecity,83.97706866347774
2025-12-04 06:00:00+00:00,bienhoa_dongnai,62.27363158355311
2025-12-04 06:00:00+00:00,bacninh_bacninhcity,152.22265869087937
2025-12-04 06:00:00+00:00,binhduong_thudaumot,60.83094518533662
2025-12-04 07:00:00+00:00,angiang_longxuyen,71.10002472545766
2025-12-04 07:00:00+00:00,bacgiang_bacgiangcity,153.11958698718382
2025-12-04 07:00:00+00:00,bacninh_bacninhcity,153.02484922141832
2025-12-04 07:00:00+00:00,backan_backancity,146.3115207269306
2025-12-04 07:00:00+00:00,bienhoa_dongnai,60.5442953513987
2025-12-04 07:00:00+00:00,bentre_bentrecity,80.90015798128513
2025-12-04 07:00:00+00:00,binhduong_thudaumot,59.254928021338976
2025-12-04 08:00:00+00:00,bacgiang_bacgiangcity,154.23218793487212
2025-12-04 08:00:00+00:00,bacninh_bacninhcity,154.55491591493512
2025-12-04 08:00:00+00:00,bentre_bentrecity,78.07517648589125
2025-12-04 08:00:00+00:00,backan_backancity,146.29361218261673
2025-12-04 08:00:00+00:00,bienhoa_dongnai,59.28550655618788
2025-12-04 08:00:00+00:00,angiang_longxuyen,69.43651849220251
2025-12-04 08:00:00+00:00,binhduong_thudaumot,58.13647068379488
2025-12-04 09:00:00+00:00,bienhoa_dongnai,58.1768997882081
2025-12-04 09:00:00+00:00,binhduong_thudaumot,57.10435376252024
2025-12-04 09:00:00+00:00,bentre_bentrecity,75.71331099068485
2025-12-04 09:00:00+00:00,bacgiang_bacgiangcity,155.99092359217934
2025-12-04 09:00:00+00:00,backan_backancity,146.6225707349483
2025-12-04 09:00:00+00:00,bacninh_bacninhcity,156.70927115650622
2025-12-04 09:00:00+00:00,angiang_longxuyen,67.62128999248232
2025-12-04 10:00:00+00:00,bienhoa_dongnai,57.245646781968645
2025-12-04 10:00:00+00:00,binhduong_thudaumot,56.10122292536106
2025-12-04 10:00:00+00:00,bacninh_bacninhcity,158.88273145592046
2025-12-04 10:00:00+00:00,angiang_longxuyen,65.77043584629901
2025-12-04 10:00:00+00:00,bacgiang_bacgiangcity,157.94106660649754
2025-12-04 10:00:00+00:00,bentre_bentrecity,73.73848063903985
2025-12-04 10:00:00+00:00,backan_backancity,147.16429114756897
2025-12-04 11:00:00+00:00,angiang_longxuyen,63.92322345220286
2025-12-04 11:00:00+00:00,bentre_bentrecity,71.84690587423802
2025-12-04 11:00:00+00:00,bacninh_bacninhcity,160.69255171448853
2025-12-04 11:00:00+00:00,binhduong_thudaumot,55.04649407386306
2025-12-04 11:00:00+00:00,backan_backancity,147.7195647952571
2025-12-04 11:00:00+00:00,bienhoa_dongnai,56.43070359268722
2025-12-04 11:00:00+00:00,bacgiang_bacgiangcity,159.93233052759678
2025-12-04 12:00:00+00:00,binhduong_thudaumot,54.27875008009116
2025-12-04 12:00:00+00:00,bienhoa_dongnai,55.96336716296027
2025-12-04 12:00:00+00:00,bentre_bentrecity,69.72083621249799
2025-12-04 12:00:00+00:00,bacgiang_bacgiangcity,161.47280471333877
2025-12-04 12:00:00+00:00,angiang_longxuyen,62.23817127350494
2025-12-04 12:00:00+00:00,backan_backancity,148.12526554987454
2025-12-04 12:00:00+00:00,bacninh_bacninhcity,161.86774989906797
2025-12-04 13:00:00+00:00,bentre_bentrecity,67.59558888187439
2025-12-04 13:00:00+00:00,bacgiang_bacgiangcity,161.9050941740549
2025-12-04 13:00:00+00:00,backan_backancity,147.7862519329391
2025-12-04 13:00:00+00:00,bienhoa_dongnai,55.75489969850158
2025-12-04 13:00:00+00:00,angiang_longxuyen,60.75432916084112
2025-12-04 13:00:00+00:00,binhduong_thudaumot,53.92999031659033
2025-12-04 13:00:00+00:00,bacninh_bacninhcity,162.0845537996067
2025-12-04 14:00:00+00:00,bentre_bentrecity,65.31764031917095
2025-12-04 14:00:00+00:00,angiang_longxuyen,59.55299476982491
2025-12-04 14:00:00+00:00,binhduong_thudaumot,53.85443592591713
2025-12-04 14:00:00+00:00,bienhoa_dongnai,55.54088041126725
2025-12-04 14:00:00+00:00,bacninh_bacninhcity,162.164141528613
2025-12-04 14:00:00+00:00,backan_backancity,147.14305847112294
2025-12-04 14:00:00+00:00,bacgiang_bacgiangcity,161.8054137196741
2025-12-04 15:00:00+00:00,backan_backancity,146.63269106392647
2025-12-04 15:00:00+00:00,binhduong_thudaumot,54.07475975171094
2025-12-04 15:00:00+00:00,bacninh_bacninhcity,162.29312133610603
2025-12-04 15:00:00+00:00,angiang_longxuyen,58.80345518553051
2025-12-04 15:00:00+00:00,bacgiang_bacgiangcity,161.6681366347256
2025-12-04 15:00:00+00:00,bentre_bentrecity,62.962701549559235
2025-12-04 15:00:00+00:00,bienhoa_dongnai,55.405865824628606
2025-12-04 16:00:00+00:00,backan_backancity,146.34592375411478
2025-12-04 16:00:00+00:00,bienhoa_dongnai,55.545662114425895
2025-12-04 16:00:00+00:00,bentre_bentrecity,60.73538508845464
2025-12-04 16:00:00+00:00,binhduong_thudaumot,54.65719643199182
2025-12-04 16:00:00+00:00,angiang_longxuyen,58.38311780723183
2025-12-04 16:00:00+00:00,bacninh_bacninhcity,162.55411356901888
2025-12-04 16:00:00+00:00,bacgiang_bacgiangcity,161.64167845737558
2025-12-04 17:00:00+00:00,angiang_longxuyen,58.16928561120388
2025-12-04 17:00:00+00:00,bienhoa_dongnai,55.7754405725798
2025-12-04 17:00:00+00:00,bacninh_bacninhcity,162.88864134795926
2025-12-04 17:00:00+00:00,backan_backancity,146.29092329039466
2025-12-04 17:00:00+00:00,binhduong_thudaumot,55.33826498570609
2025-12-04 17:00:00+00:00,bacgiang_bacgiangcity,161.79323538742563
2025-12-04 17:00:00+00:00,bentre_bentrecity,59.0133106056831
2025-12-04 18:00:00+00:00,bentre_bentrecity,57.8574654835692
2025-12-04 18:00:00+00:00,angiang_longxuyen,58.169450947618834
2025-12-04 18:00:00+00:00,bienhoa_dongnai,56.07787133222872
2025-12-04 18:00:00+00:00,bacninh_bacninhcity,163.16853414367574
2025-12-04 18:00:00+00:00,bacgiang_bacgiangcity,162.1247697070638
2025-12-04 18:00:00+00:00,backan_backancity,146.35201944667642
2025-12-04 18:00:00+00:00,binhduong_thudaumot,56.05788738081138
2025-12-04 19:00:00+00:00,bacninh_bacninhcity,163.37930761602712
2025-12-04 19:00:00+00:00,backan_backancity,146.5219678774104
2025-12-04 19:00:00+00:00,binhduong_thudaumot,56.71639621580175
2025-12-04 19:00:00+00:00,bienhoa_dongnai,56.36223691306537
2025-12-04 19:00:00+00:00,bentre_bentrecity,57.22271288083197
2025-12-04 19:00:00+00:00,bacgiang_bacgiangcity,162.5452115083614
2025-12-04 19:00:00+00:00,angiang_longxuyen,58.55857455115854
2025-12-04 20:00:00+00:00,bacgiang_bacgiangcity,163.02989955974138
2025-12-04 20:00:00+00:00,backan_backancity,146.82674380357662
2025-12-04 20:00:00+00:00,binhduong_thudaumot,57.31676754614625
2025-12-04 20:00:00+00:00,angiang_longxuyen,59.63386168056791
2025-12-04 20:00:00+00:00,bentre_bentrecity,57.22456638906271
2025-12-04 20:00:00+00:00,bacninh_bacninhcity,163.70082602968603
2025-12-04 20:00:00+00:00,bienhoa_dongnai,56.67770749470379
2025-12-04 21:00:00+00:00,bacgiang_bacgiangcity,163.58773592186122
2025-12-04 21:00:00+00:00,binhduong_thudaumot,58.101271431243994
2025-12-04 21:00:00+00:00,angiang_longxuyen,61.28588138394243
2025-12-04 21:00:00+00:00,bienhoa_dongnai,57.295265110286365
2025-12-04 21:00:00+00:00,bacninh_bacninhcity,164.06923036985773
2025-12-04 21:00:00+00:00,backan_backancity,147.11515142466294
2025-12-04 21:00:00+00:00,bentre_bentrecity,57.87590919575254
2025-12-04 22:00:00+00:00,bienhoa_dongnai,58.229946671656855
2025-12-04 22:00:00+00:00,backan_backancity,147.39470484563293
2025-12-04 22:00:00+00:00,bacninh_bacninhcity,164.4528369582881
2025-12-04 22:00:00+00:00,bentre_bentrecity,58.971489194617696
2025-12-04 22:00:00+00:00,angiang_longxuyen,63.27217651067662
2025-12-04 22:00:00+00:00,binhduong_thudaumot,59.072083350239026
2025-12-04 22:00:00+00:00,bacgiang_bacgiangcity,164.1484874260341
2025-12-04 23:00:00+00:00,bentre_bentrecity,60.51625777619006
2025-12-04 23:00:00+00:00,bacninh_bacninhcity,164.86095684571373
2025-12-04 23:00:00+00:00,binhduong_thudaumot,60.33565819956678
2025-12-04 23:00:00+00:00,bienhoa_dongnai,59.58489599599341
2025-12-04 23:00:00+00:00,bacgiang_bacgiangcity,164.70648912456892
2025-12-04 23:00:00+00:00,backan_backancity,147.6492837660291
2025-12-04 23:00:00+00:00,angiang_longxuyen,65.41254777230972
2025-12-05 00:00:00+00:00,angiang_longxuyen,67.56920031985695
2025-12-05 00:00:00+00:00,binhduong_thudaumot,61.869649457459474
2025-12-05 00:00:00+00:00,bienhoa_dongnai,61.329578058030016
2025-12-05 00:00:00+00:00,bacninh_bacninhcity,165.15878429149382
2025-12-05 00:00:00+00:00,backan_backancity,147.8565025054591
2025-12-05 00:00:00+00:00,bacgiang_bacgiangcity,165.18752672194515
2025-12-05 00:00:00+00:00,bentre_bentrecity,62.41647354415209
2025-12-05 01:00:00+00:00,bacgiang_bacgiangcity,165.65987545562
2025-12-05 01:00:00+00:00,angiang_longxuyen,70.26529337788186
2025-12-05 01:00:00+00:00,binhduong_thudaumot,63.762633932746645
2025-12-05 01:00:00+00:00,bacninh_bacninhcity,165.4640910345712
2025-12-05 01:00:00+00:00,backan_backancity,147.94964346953287
2025-12-05 01:00:00+00:00,bienhoa_dongnai,63.573541285544955
2025-12-05 01:00:00+00:00,bentre_bentrecity,65.11484215336168
2025-12-05 02:00:00+00:00,bienhoa_dongnai,65.91436554647001
2025-12-05 02:00:00+00:00,bacgiang_bacgiangcity,165.83518861792322
2025-12-05 02:00:00+00:00,backan_backancity,148.11913940060487
2025-12-05 02:00:00+00:00,bacninh_bacninhcity,165.54064614565067
2025-12-05 02:00:00+00:00,angiang_longxuyen,72.6555358230434
2025-12-05 02:00:00+00:00,binhduong_thudaumot,65.98217958234865
2025-12-05 02:00:00+00:00,bentre_bentrecity,67.78067429649272
2025-12-05 03:00:00+00:00,bienhoa_dongnai,68.07607390754805
2025-12-05 03:00:00+00:00,bacninh_bacninhcity,165.3434911727411
2025-12-05 03:00:00+00:00,binhduong_thudaumot,68.14651592223271
2025-12-05 03:00:00+00:00,backan_backancity,148.26502268104724
2025-12-05 03:00:00+00:00,angiang_longxuyen,74.46744454158974
2025-12-05 03:00:00+00:00,bentre_bentrecity,70.07381205458
2025-12-05 03:00:00+00:00,bacgiang_bacgiangcity,165.65752158718615
2025-12-05 04:00:00+00:00,binhduong_thudaumot,70.16215826262027
2025-12-05 04:00:00+00:00,angiang_longxuyen,75.86153073572794
2025-12-05 04:00:00+00:00,bentre_bentrecity,72.00209585445869
2025-12-05 04:00:00+00:00,backan_backancity,148.34680329303075
2025-12-05 04:00:00+00:00,bienhoa_dongnai,69.99984576368195
2025-12-05 04:00:00+00:00,bacgiang_bacgiangcity,165.2973840677619
2025-12-05 04:00:00+00:00,bacninh_bacninhcity,165.02715039944505
2025-12-05 05:00:00+00:00,backan_backancity,148.33342409629478
2025-12-05 05:00:00+00:00,bacgiang_bacgiangcity,164.85076690140295
2025-12-05 05:00:00+00:00,bentre_bentrecity,73.96700167024848
2025-12-05 05:00:00+00:00,binhduong_thudaumot,72.05079613057761
2025-12-05 05:00:00+00:00,bacninh_bacninhcity,164.6576670216179
2025-12-05 05:00:00+00:00,angiang_longxuyen,76.90178394900136
2025-12-05 05:00:00+00:00,bienhoa_dongnai,71.73050468715596
2025-12-05 06:00:00+00:00,bienhoa_dongnai,73.42465471963433
2025-12-05 06:00:00+00:00,bacninh_bacninhcity,164.2896107581093
2025-12-05 06:00:00+00:00,bacgiang_bacgiangcity,164.39424260302198
2025-12-05 06:00:00+00:00,binhduong_thudaumot,73.8947670607491
2025-12-05 06:00:00+00:00,angiang_longxuyen,77.80722271971739
2025-12-05 06:00:00+00:00,backan_backancity,148.25084725894456
2025-12-05 06:00:00+00:00,bentre_bentrecity,76.36426656208704
2025-12-05 07:00:00+00:00,bacninh_bacninhcity,163.94327882933322
2025-12-05 07:00:00+00:00,angiang_longxuyen,78.87640110369023
2025-12-05 07:00:00+00:00,bacgiang_bacgiangcity,163.9946331900079
2025-12-05 07:00:00+00:00,backan_backancity,148.17946108631136
2025-12-05 07:00:00+00:00,bentre_bentrecity,79.71419117494258
2025-12-05 07:00:00+00:00,binhduong_thudaumot,75.82545258960285
2025-12-05 07:00:00+00:00,bienhoa_dongnai,75.3301699547913
2025-12-05 08:00:00+00:00,bienhoa_dongnai,77.76139407606863
2025-12-05 08:00:00+00:00,bacninh_bacninhcity,163.6317284611124
2025-12-05 08:00:00+00:00,angiang_longxuyen,80.03875961036145
2025-12-05 08:00:00+00:00,backan_backancity,148.00960837665974
2025-12-05 08:00:00+00:00,bentre_bentrecity,84.39851988709819
2025-12-05 08:00:00+00:00,binhduong_thudaumot,78.0037772603832
2025-12-05 08:00:00+00:00,bacgiang_bacgiangcity,163.70346706136692
2025-12-05 09:00:00+00:00,angiang_longxuyen,81.076402248662
2025-12-05 09:00:00+00:00,bacgiang_bacgiangcity,163.48693727120036
2025-12-05 09:00:00+00:00,backan_backancity,147.80810244546205
2025-12-05 09:00:00+00:00,bentre_bentrecity,90.12953144113749
2025-12-05 09:00:00+00:00,bacninh_bacninhcity,163.32415051780862
2025-12-05 09:00:00+00:00,bienhoa_dongnai,80.6092703139746
2025-12-05 09:00:00+00:00,binhduong_thudaumot,80.23300814313457
2025-12-05 10:00:00+00:00,bacgiang_bacgiangcity,163.4015453638377
2025-12-05 10:00:00+00:00,bienhoa_dongnai,83.06085256908204
2025-12-05 10:00:00+00:00,angiang_longxuyen,81.71279516267386
2025-12-05 10:00:00+00:00,backan_backancity,147.48395605299712
2025-12-05 10:00:00+00:00,bentre_bentrecity,96.49890906877229
2025-12-05 10:00:00+00:00,bacninh_bacninhcity,163.05752814487093
2025-12-05 10:00:00+00:00,binhduong_thudaumot,81.99066041182806
2025-12-05 11:00:00+00:00,bienhoa_dongnai,84.77748400303514
2025-12-05 11:00:00+00:00,backan_backancity,146.89626341510422
2025-12-05 11:00:00+00:00,binhduong_thudaumot,83.38444638984438
2025-12-05 11:00:00+00:00,bentre_bentrecity,102.36152351428258
2025-12-05 11:00:00+00:00,bacninh_bacninhcity,162.78258673968634
2025-12-05 11:00:00+00:00,angiang_longxuyen,81.7695838702504
2025-12-05 11:00:00+00:00,bacgiang_bacgiangcity,163.42397020285466
2025-12-05 12:00:00+00:00,backan_backancity,146.1278928833388
2025-12-05 12:00:00+00:00,binhduong_thudaumot,84.61046811818737
2025-12-05 12:00:00+00:00,bacgiang_bacgiangcity,163.57857280370644
2025-12-05 12:00:00+00:00,angiang_longxuyen,81.37227611417075
2025-12-05 12:00:00+00:00,bienhoa_dongnai,85.61547748158745
2025-12-05 12:00:00+00:00,bentre_bentrecity,105.37660871081036
2025-12-05 12:00:00+00:00,bacninh_bacninhcity,162.70592285464969
2025-12-05 13:00:00+00:00,angiang_longxuyen,81.98858935568292
2025-12-05 13:00:00+00:00,bacgiang_bacgiangcity,163.76403240073756
2025-12-05 13:00:00+00:00,binhduong_thudaumot,85.5170892618182
2025-12-05 13:00:00+00:00,bentre_bentrecity,103.23512849868358
2025-12-05 13:00:00+00:00,bacninh_bacninhcity,162.7662706461059
2025-12-05 13:00:00+00:00,bienhoa_dongnai,85.40672285388175
2025-12-05 13:00:00+00:00,backan_backancity,145.55501525841692
2025-12-05 14:00:00+00:00,backan_backancity,144.88648616648902
2025-12-05 14:00:00+00:00,bentre_bentrecity,98.48627996994323
2025-12-05 14:00:00+00:00,binhduong_thudaumot,86.00124432080787
2025-12-05 14:00:00+00:00,bienhoa_dongnai,84.5929468091611
2025-12-05 14:00:00+00:00,bacgiang_bacgiangcity,163.703362638368
2025-12-05 14:00:00+00:00,angiang_longxuyen,82.96752016284358
2025-12-05 14:00:00+00:00,bacninh_bacninhcity,162.71583433763
2025-12-05 15:00:00+00:00,bacgiang_bacgiangcity,163.53542870132145
2025-12-05 15:00:00+00:00,angiang_longxuyen,84.24786795637203
2025-12-05 15:00:00+00:00,binhduong_thudaumot,85.87013689471196
2025-12-05 15:00:00+00:00,bienhoa_dongnai,83.81316371380598
2025-12-05 15:00:00+00:00,backan_backancity,144.1219357761006
2025-12-05 15:00:00+00:00,bentre_bentrecity,94.53975195662068
2025-12-05 15:00:00+00:00,bacninh_bacninhcity,162.74542085398923
2025-12-05 16:00:00+00:00,bienhoa_dongnai,83.35185771226637
2025-12-05 16:00:00+00:00,backan_backancity,143.249847100663
2025-12-05 16:00:00+00:00,bentre_bentrecity,92.47799272159777
2025-12-05 16:00:00+00:00,bacninh_bacninhcity,163.09401093011684
2025-12-05 16:00:00+00:00,binhduong_thudaumot,85.17213223586118
2025-12-05 16:00:00+00:00,angiang_longxuyen,85.69752350202653
2025-12-05 16:00:00+00:00,bacgiang_bacgiangcity,163.5736866775489
2025-12-05 17:00:00+00:00,bentre_bentrecity,91.66744291244777
2025-12-05 17:00:00+00:00,binhduong_thudaumot,84.32591109518604
2025-12-05 17:00:00+00:00,backan_backancity,142.10628038283818
2025-12-05 17:00:00+00:00,bacgiang_bacgiangcity,163.73693898347744
2025-12-05 17:00:00+00:00,angiang_longxuyen,87.19252582269938
2025-12-05 17:00:00+00:00,bienhoa_dongnai,83.20573512911814
2025-12-05 17:00:00+00:00,bacninh_bacninhcity,163.5398101163176
2025-12-05 18:00:00+00:00,bacninh_bacninhcity,163.5867569562464
2025-12-05 18:00:00+00:00,bentre_bentrecity,91.35322105583805
2025-12-05 18:00:00+00:00,angiang_longxuyen,88.84500890313157
2025-12-05 18:00:00+00:00,bacgiang_bacgiangcity,163.63442605525103
2025-12-05 18:00:00+00:00,binhduong_thudaumot,83.57789869725076
2025-12-05 18:00:00+00:00,bienhoa_dongnai,83.34966047833086
2025-12-05 18:00:00+00:00,backan_backancity,140.8999641445821
2025-12-05 19:00:00+00:00,angiang_longxuyen,90.68757121055731
2025-12-05 19:00:00+00:00,bienhoa_dongnai,83.80528412834619
2025-12-05 19:00:00+00:00,bentre_bentrecity,91.20261372243435
2025-12-05 19:00:00+00:00,bacninh_bacninhcity,163.29527755860866
2025-12-05 19:00:00+00:00,binhduong_thudaumot,82.90353932121678
2025-12-05 19:00:00+00:00,backan_backancity,139.37079374847264
2025-12-05 19:00:00+00:00,bacgiang_bacgiangcity,163.24763021439549
2025-12-05 20:00:00+00:00,bentre_bentrecity,91.22352334022747
2025-12-05 20:00:00+00:00,bacninh_bacninhcity,162.44863328724
2025-12-05 20:00:00+00:00,binhduong_thudaumot,82.04424681410454
2025-12-05 20:00:00+00:00,bienhoa_dongnai,84.46471101553536
2025-12-05 20:00:00+00:00,backan_backancity,137.44096970935993
2025-12-05 20:00:00+00:00,bacgiang_bacgiangcity,162.54972345210618
2025-12-05 20:00:00+00:00,angiang_longxuyen,92.70315698848711
2025-12-05 21:00:00+00:00,bienhoa_dongnai,85.37613561711626
2025-12-05 21:00:00+00:00,binhduong_thudaumot,81.26157033148782
2025-12-05 21:00:00+00:00,bacninh_bacninhcity,161.22853756408543
2025-12-05 21:00:00+00:00,bentre_bentrecity,91.41197095786295
2025-12-05 21:00:00+00:00,angiang_longxuyen,94.69890783532097
2025-12-05 21:00:00+00:00,bacgiang_bacgiangcity,161.51417362474223
2025-12-05 21:00:00+00:00,backan_backancity,135.33283034672525
2025-12-05 22:00:00+00:00,angiang_longxuyen,96.2014199099991
2025-12-05 22:00:00+00:00,bentre_bentrecity,91.60688083629586
2025-12-05 22:00:00+00:00,bacgiang_bacgiangcity,160.27502505524396
2025-12-05 22:00:00+00:00,backan_backancity,133.06146478391173
2025-12-05 22:00:00+00:00,bacninh_bacninhcity,159.7564125820915
2025-12-05 22:00:00+00:00,binhduong_thudaumot,80.61363867609587
2025-12-05 22:00:00+00:00,bienhoa_dongnai,86.2965895448846
2025-12-05 23:00:00+00:00,bentre_bentrecity,91.87557970407656
2025-12-05 23:00:00+00:00,bienhoa_dongnai,86.9925470778608
2025-12-05 23:00:00+00:00,angiang_longxuyen,97.19709320465246
2025-12-05 23:00:00+00:00,backan_backancity,130.30151271109207
2025-12-05 23:00:00+00:00,bacninh_bacninhcity,158.15903656385748
2025-12-05 23:00:00+00:00,bacgiang_bacgiangcity,158.96709218616883
2025-12-05 23:00:00+00:00,binhduong_thudaumot,80.37390957633704
2025-12-06 00:00:00+00:00,binhduong_thudaumot,80.48440651302214
2025-12-06 00:00:00+00:00,angiang_longxuyen,97.72945035503707
2025-12-06 00:00:00+00:00,bacgiang_bacgiangcity,157.65089684730455
2025-12-06 00:00:00+00:00,bentre_bentrecity,92.26988312345829
2025-12-06 00:00:00+00:00,bacninh_bacninhcity,156.58948927483428
2025-12-06 00:00:00+00:00,bienhoa_dongnai,87.35465993234787
2025-12-06 00:00:00+00:00,backan_backancity,127.38605303809675
2025-12-06 01:00:00+00:00,angiang_longxuyen,98.26934880387458
2025-12-06 01:00:00+00:00,binhduong_thudaumot,80.23004078958206
2025-12-06 01:00:00+00:00,bacninh_bacninhcity,155.2340787489192
2025-12-06 01:00:00+00:00,bentre_bentrecity,91.49430740476777
2025-12-06 01:00:00+00:00,bacgiang_bacgiangcity,156.43029641298855
2025-12-06 01:00:00+00:00,bienhoa_dongnai,87.09696355033826
2025-12-06 01:00:00+00:00,backan_backancity,124.67238645954612
2025-12-06 02:00:00+00:00,binhduong_thudaumot,79.51555252525675
2025-12-06 02:00:00+00:00,backan_backancity,122.070008692089
2025-12-06 02:00:00+00:00,bienhoa_dongnai,86.33347479377213
2025-12-06 02:00:00+00:00,bacgiang_bacgiangcity,155.38467846814586
2025-12-06 02:00:00+00:00,bentre_bentrecity,89.78372053961644
2025-12-06 02:00:00+00:00,bacninh_bacninhcity,154.1146598495934
2025-12-06 02:00:00+00:00,angiang_longxuyen,98.46555091691906
2025-12-06 03:00:00+00:00,binhduong_thudaumot,78.23855496961015
2025-12-06 03:00:00+00:00,bacninh_bacninhcity,153.09719260487486
2025-12-06 03:00:00+00:00,bacgiang_bacgiangcity,154.41584623517195
2025-12-06 03:00:00+00:00,bienhoa_dongnai,84.99843110360372
2025-12-06 03:00:00+00:00,bentre_bentrecity,87.36116243950947
2025-12-06 03:00:00+00:00,angiang_longxuyen,98.20230869470144
2025-12-06 03:00:00+00:00,backan_backancity,119.67371732716742
2025-12-06 04:00:00+00:00,backan_backancity,117.24921543644524
2025-12-06 04:00:00+00:00,angiang_longxuyen,98.03102506364282
2025-12-06 04:00:00+00:00,bacgiang_bacgiangcity,153.39481990657373
2025-12-06 04:00:00+00:00,bienhoa_dongnai,83.59478476636696
2025-12-06 04:00:00+00:00,bacninh_bacninhcity,152.05987193748766
2025-12-06 04:00:00+00:00,binhduong_thudaumot,76.86742878235836
2025-12-06 04:00:00+00:00,bentre_bentrecity,84.81756503078529
2025-12-06 05:00:00+00:00,backan_backancity,114.95893952117198
2025-12-06 05:00:00+00:00,bacgiang_bacgiangcity,152.35099020558746
2025-12-06 05:00:00+00:00,binhduong_thudaumot,75.57719561159931
2025-12-06 05:00:00+00:00,angiang_longxuyen,98.15223079641454
2025-12-06 05:00:00+00:00,bacninh_bacninhcity,151.05786799852507
2025-12-06 05:00:00+00:00,bienhoa_dongnai,82.24117553718314
2025-12-06 05:00:00+00:00,bentre_bentrecity,82.79682771824235
2025-12-06 06:00:00+00:00,angiang_longxuyen,98.6705626327574
2025-12-06 06:00:00+00:00,bienhoa_dongnai,81.26566458323694
2025-12-06 06:00:00+00:00,backan_backancity,112.8127890991927
2025-12-06 06:00:00+00:00,bacninh_bacninhcity,150.30822399123176
2025-12-06 06:00:00+00:00,bacgiang_bacgiangcity,151.5011218741273
2025-12-06 06:00:00+00:00,bentre_bentrecity,81.67848785657203
2025-12-06 06:00:00+00:00,binhduong_thudaumot,74.7080742897142
2025-12-06 07:00:00+00:00,binhduong_thudaumot,74.469215381613
2025-12-06 07:00:00+00:00,bacninh_bacninhcity,150.12253379341138
2025-12-06 07:00:00+00:00,bacgiang_bacgiangcity,151.13968341817488
2025-12-06 07:00:00+00:00,bienhoa_dongnai,80.9099519883917
2025-12-06 07:00:00+00:00,backan_backancity,111.12449545657013
2025-12-06 07:00:00+00:00,angiang_longxuyen,99.86535427024783
2025-12-06 07:00:00+00:00,bentre_bentrecity,81.74706331015109
2025-12-06 08:00:00+00:00,bienhoa_dongnai,81.18875269357784
2025-12-06 08:00:00+00:00,bacninh_bacninhcity,150.60609929755302
2025-12-06 08:00:00+00:00,backan_backancity,110.01313453199396
2025-12-06 08:00:00+00:00,angiang_longxuyen,101.95078489383727
2025-12-06 08:00:00+00:00,binhduong_thudaumot,74.91291740591889
2025-12-06 08:00:00+00:00,bentre_bentrecity,82.99925605259713
2025-12-06 08:00:00+00:00,bacgiang_bacgiangcity,151.38792734330357
2025-12-06 09:00:00+00:00,bacninh_bacninhcity,151.6603625965142
2025-12-06 09:00:00+00:00,binhduong_thudaumot,75.88218908567993
2025-12-06 09:00:00+00:00,bienhoa_dongnai,81.98281128307629
2025-12-06 09:00:00+00:00,bentre_bentrecity,84.84911926803031
2025-12-06 09:00:00+00:00,backan_backancity,109.50809596096087
2025-12-06 09:00:00+00:00,bacgiang_bacgiangcity,152.2168632144396
2025-12-06 09:00:00+00:00,angiang_longxuyen,104.43764607841925
2025-12-06 10:00:00+00:00,bacgiang_bacgiangcity,153.15411619215837
2025-12-06 10:00:00+00:00,bacninh_bacninhcity,152.7593276409275
2025-12-06 10:00:00+00:00,bentre_bentrecity,86.26173401803847
2025-12-06 10:00:00+00:00,backan_backancity,109.50823301614695
2025-12-06 10:00:00+00:00,binhduong_thudaumot,77.08502020634724
2025-12-06 10:00:00+00:00,angiang_longxuyen,106.78458642702294
2025-12-06 10:00:00+00:00,bienhoa_dongnai,83.03004778440214
2025-12-06 11:00:00+00:00,bacgiang_bacgiangcity,154.24634595314166
2025-12-06 11:00:00+00:00,backan_backancity,109.8424350170855
2025-12-06 11:00:00+00:00,binhduong_thudaumot,78.23018372586381
2025-12-06 11:00:00+00:00,bentre_bentrecity,86.88543953768216
2025-12-06 11:00:00+00:00,bienhoa_dongnai,84.060989946939
2025-12-06 11:00:00+00:00,bacninh_bacninhcity,153.76043528248272
2025-12-06 11:00:00+00:00,angiang_longxuyen,108.49526792551704
2025-12-06 12:00:00+00:00,bienhoa_dongnai,84.91926759303053
2025-12-06 12:00:00+00:00,bacninh_bacninhcity,155.01576941681276
2025-12-06 12:00:00+00:00,bacgiang_bacgiangcity,155.88415977770546
2025-12-06 12:00:00+00:00,binhduong_thudaumot,79.28451664015759
2025-12-06 12:00:00+00:00,backan_backancity,110.3122629143022
2025-12-06 12:00:00+00:00,bentre_bentrecity,86.17709700193882
2025-12-06 12:00:00+00:00,angiang_longxuyen,108.90438418239066
2025-12-06 13:00:00+00:00,backan_backancity,110.5461247468095
2025-12-06 13:00:00+00:00,binhduong_thudaumot,80.31054657078715
2025-12-06 13:00:00+00:00,bentre_bentrecity,85.42931738027195
2025-12-06 13:00:00+00:00,bacninh_bacninhcity,155.63535457895762
2025-12-06 13:00:00+00:00,bienhoa_dongnai,85.43562191883144
2025-12-06 13:00:00+00:00,bacgiang_bacgiangcity,156.83502255294945
2025-12-06 13:00:00+00:00,angiang_longxuyen,107.20653773891162
2025-12-06 14:00:00+00:00,binhduong_thudaumot,80.7089942779383
2025-12-06 14:00:00+00:00,bentre_bentrecity,83.96666987316914
2025-12-06 14:00:00+00:00,bienhoa_dongnai,84.9061320499587
2025-12-06 14:00:00+00:00,bacninh_bacninhcity,155.62597391288844
2025-12-06 14:00:00+00:00,bacgiang_bacgiangcity,156.8974239967177
2025-12-06 14:00:00+00:00,backan_backancity,111.14781985621316
2025-12-06 14:00:00+00:00,angiang_longxuyen,104.70891840205994
2025-12-06 15:00:00+00:00,backan_backancity,112.3151830526553
2025-12-06 15:00:00+00:00,bienhoa_dongnai,83.45641559088817
2025-12-06 15:00:00+00:00,bacgiang_bacgiangcity,156.50890952733832
2025-12-06 15:00:00+00:00,bacninh_bacninhcity,155.44305962645586
2025-12-06 15:00:00+00:00,bentre_bentrecity,81.99814406008363
2025-12-06 15:00:00+00:00,angiang_longxuyen,103.36070232164168
2025-12-06 15:00:00+00:00,binhduong_thudaumot,79.9734038659156
2025-12-06 16:00:00+00:00,bacninh_bacninhcity,155.41164570761566
2025-12-06 16:00:00+00:00,backan_backancity,113.80048491182478
2025-12-06 16:00:00+00:00,bienhoa_dongnai,81.80501372359056
2025-12-06 16:00:00+00:00,bacgiang_bacgiangcity,156.1098613879434
2025-12-06 16:00:00+00:00,binhduong_thudaumot,78.50701779790373
2025-12-06 16:00:00+00:00,angiang_longxuyen,103.58973268690492
2025-12-06 16:00:00+00:00,bentre_bentrecity,80.01005198757645
2025-12-06 17:00:00+00:00,bentre_bentrecity,78.32112745600209
2025-12-06 17:00:00+00:00,bacgiang_bacgiangcity,155.94880631595035
2025-12-06 17:00:00+00:00,angiang_longxuyen,105.19685294816007
2025-12-06 17:00:00+00:00,bienhoa_dongnai,80.37890882741009
2025-12-06 17:00:00+00:00,binhduong_thudaumot,77.34302333091617
2025-12-06 17:00:00+00:00,bacninh_bacninhcity,155.625212495188
2025-12-06 17:00:00+00:00,backan_backancity,115.5193124919738
2025-12-06 18:00:00+00:00,backan_backancity,117.1884173208062
2025-12-06 18:00:00+00:00,bienhoa_dongnai,79.31372027218745
2025-12-06 18:00:00+00:00,binhduong_thudaumot,77.03685509809775
2025-12-06 18:00:00+00:00,angiang_longxuyen,107.81019377082877
2025-12-06 18:00:00+00:00,bacgiang_bacgiangcity,156.11299842886913
2025-12-06 18:00:00+00:00,bentre_bentrecity,77.07052716428952
2025-12-06 18:00:00+00:00,bacninh_bacninhcity,155.99608382870906
2025-12-06 19:00:00+00:00,backan_backancity,118.88661809545083
2025-12-06 19:00:00+00:00,angiang_longxuyen,110.74779547055235
2025-12-06 19:00:00+00:00,bacninh_bacninhcity,156.50094292271277
2025-12-06 19:00:00+00:00,bentre_bentrecity,76.17340307486208
2025-12-06 19:00:00+00:00,bacgiang_bacgiangcity,156.54239885328195
2025-12-06 19:00:00+00:00,binhduong_thudaumot,77.24470907743782
2025-12-06 19:00:00+00:00,bienhoa_dongnai,78.71068180441233
2025-12-06 20:00:00+00:00,binhduong_thudaumot,77.52896153335897
2025-12-06 20:00:00+00:00,backan_backancity,120.60751346852628
2025-12-06 20:00:00+00:00,bienhoa_dongnai,78.44469902234299
2025-12-06 20:00:00+00:00,bacninh_bacninhcity,157.06970454109407
2025-12-06 20:00:00+00:00,bacgiang_bacgiangcity,157.08623383163064
2025-12-06 20:00:00+00:00,angiang_longxuyen,113.73371401819573
2025-12-06 20:00:00+00:00,bentre_bentrecity,75.44951238967613
2025-12-06 21:00:00+00:00,bacgiang_bacgiangcity,157.71288930099368
2025-12-06 21:00:00+00:00,bentre_bentrecity,74.76659467868942
2025-12-06 21:00:00+00:00,backan_backancity,122.43079667977734
2025-12-06 21:00:00+00:00,bienhoa_dongnai,78.38796687722419
2025-12-06 21:00:00+00:00,binhduong_thudaumot,77.63385443576897
2025-12-06 21:00:00+00:00,bacninh_bacninhcity,157.71068336514162
2025-12-06 21:00:00+00:00,angiang_longxuyen,116.80680999770922
2025-12-06 22:00:00+00:00,bacninh_bacninhcity,158.25391791124653
2025-12-06 22:00:00+00:00,bacgiang_bacgiangcity,158.2593130995238
2025-12-06 22:00:00+00:00,bienhoa_dongnai,78.41964620451999
2025-12-06 22:00:00+00:00,backan_backancity,124.42407944552225
2025-12-06 22:00:00+00:00,bentre_bentrecity,74.1470704299606
2025-12-06 22:00:00+00:00,binhduong_thudaumot,77.50511828194007
2025-12-06 22:00:00+00:00,angiang_longxuyen,119.96576561260133
2025-12-06 23:00:00+00:00,backan_backancity,126.60541715491713
2025-12-06 23:00:00+00:00,bienhoa_dongnai,78.5091541184232
2025-12-06 23:00:00+00:00,angiang_longxuyen,122.61802059039428
2025-12-06 23:00:00+00:00,bacgiang_bacgiangcity,158.78426056794373
2025-12-06 23:00:00+00:00,bentre_bentrecity,73.95725552368309
2025-12-06 23:00:00+00:00,bacninh_bacninhcity,158.6946569329582
2025-12-06 23:00:00+00:00,binhduong_thudaumot,77.30383424961508
2025-12-07 00:00:00+00:00,bienhoa_dongnai,78.78797657840077
2025-12-07 00:00:00+00:00,backan_backancity,129.00336079624864
2025-12-07 00:00:00+00:00,bacgiang_bacgiangcity,159.22441656124482
2025-12-07 00:00:00+00:00,bentre_bentrecity,74.08110120039613
2025-12-07 00:00:00+00:00,binhduong_thudaumot,77.05675203034932
2025-12-07 00:00:00+00:00,angiang_longxuyen,124.44366093329793
2025-12-07 00:00:00+00:00,bacninh_bacninhcity,159.03304401190013
2025-12-07 01:00:00+00:00,angiang_longxuyen,125.83364417377044
2025-12-07 01:00:00+00:00,bacninh_bacninhcity,159.33003172273064
2025-12-07 01:00:00+00:00,backan_backancity,131.73848630107628
2025-12-07 01:00:00+00:00,binhduong_thudaumot,77.12492284480759
2025-12-07 01:00:00+00:00,bentre_bentrecity,74.54324258592708
2025-12-07 01:00:00+00:00,bienhoa_dongnai,79.66170991607127
2025-12-07 01:00:00+00:00,bacgiang_bacgiangcity,159.5918288829268
2025-12-07 02:00:00+00:00,binhduong_thudaumot,77.15964784290507
2025-12-07 02:00:00+00:00,bienhoa_dongnai,80.43078965403762
2025-12-07 02:00:00+00:00,angiang_longxuyen,126.73402277999739
2025-12-07 02:00:00+00:00,bacninh_bacninhcity,159.5606716706256
2025-12-07 02:00:00+00:00,bacgiang_bacgiangcity,159.87192182272452
2025-12-07 02:00:00+00:00,bentre_bentrecity,74.76564181882432
2025-12-07 02:00:00+00:00,backan_backancity,133.99246108361217
2025-12-07 03:00:00+00:00,bentre_bentrecity,75.07038728828252
2025-12-07 03:00:00+00:00,binhduong_thudaumot,77.12004106960832
2025-12-07 03:00:00+00:00,angiang_longxuyen,127.05691174551706
2025-12-07 03:00:00+00:00,bacninh_bacninhcity,159.72296241477244
2025-12-07 03:00:00+00:00,backan_backancity,135.3998351043623
2025-12-07 03:00:00+00:00,bienhoa_dongnai,80.84619739659587
2025-12-07 03:00:00+00:00,bacgiang_bacgiangcity,160.06257646395164
2025-12-07 04:00:00+00:00,angiang_longxuyen,126.97752416059201
2025-12-07 04:00:00+00:00,bacgiang_bacgiangcity,159.96746886673162
2025-12-07 04:00:00+00:00,bacninh_bacninhcity,159.64664660639883
2025-12-07 04:00:00+00:00,binhduong_thudaumot,77.09015868808551
2025-12-07 04:00:00+00:00,bentre_bentrecity,75.6734823185154
2025-12-07 04:00:00+00:00,bienhoa_dongnai,81.0374394171919
2025-12-07 04:00:00+00:00,backan_backancity,136.09945179325882
2025-12-07 05:00:00+00:00,binhduong_thudaumot,77.01818513608343
2025-12-07 05:00:00+00:00,bentre_bentrecity,76.79013400836992
2025-12-07 05:00:00+00:00,backan_backancity,135.9416033775241
2025-12-07 05:00:00+00:00,bienhoa_dongnai,81.12246584405834
2025-12-07 05:00:00+00:00,bacninh_bacninhcity,159.33493960367963
2025-12-07 05:00:00+00:00,bacgiang_bacgiangcity,159.5591270804333
2025-12-07 05:00:00+00:00,angiang_longxuyen,126.71140649881573
2025-12-07 06:00:00+00:00,angiang_longxuyen,126.59899514048388
2025-12-07 06:00:00+00:00,bacninh_bacninhcity,158.89352183247502
2025-12-07 06:00:00+00:00,bentre_bentrecity,78.91672143414624
2025-12-07 06:00:00+00:00,binhduong_thudaumot,77.21972587494743
2025-12-07 06:00:00+00:00,bienhoa_dongnai,81.51499624793765
2025-12-07 06:00:00+00:00,backan_backancity,135.38898381439174
2025-12-07 06:00:00+00:00,bacgiang_bacgiangcity,158.99939370049984
2025-12-07 07:00:00+00:00,bacninh_bacninhcity,158.68367511423898
2025-12-07 07:00:00+00:00,binhduong_thudaumot,78.01948421980332
2025-12-07 07:00:00+00:00,backan_backancity,134.9428713591942
2025-12-07 07:00:00+00:00,bacgiang_bacgiangcity,158.52296811890898
2025-12-07 07:00:00+00:00,bienhoa_dongnai,82.56177154768497
2025-12-07 07:00:00+00:00,bentre_bentrecity,82.31904028670733
2025-12-07 07:00:00+00:00,angiang_longxuyen,126.57479946144363
2025-12-07 08:00:00+00:00,bienhoa_dongnai,84.6082926390433
2025-12-07 08:00:00+00:00,bacgiang_bacgiangcity,158.44804896814586
2025-12-07 08:00:00+00:00,bentre_bentrecity,87.41867123068269
2025-12-07 08:00:00+00:00,bacninh_bacninhcity,158.91203080903267
2025-12-07 08:00:00+00:00,angiang_longxuyen,126.76856068688848
2025-12-07 08:00:00+00:00,backan_backancity,134.8056073271206
2025-12-07 08:00:00+00:00,binhduong_thudaumot,79.75603869175771
2025-12-07 09:00:00+00:00,binhduong_thudaumot,82.29292148410374
2025-12-07 09:00:00+00:00,backan_backancity,134.65403299323737
2025-12-07 09:00:00+00:00,bentre_bentrecity,93.68610155466857
2025-12-07 09:00:00+00:00,bacninh_bacninhcity,159.40825325083443
2025-12-07 09:00:00+00:00,bienhoa_dongnai,87.46880949851584
2025-12-07 09:00:00+00:00,angiang_longxuyen,127.08995727371533
2025-12-07 09:00:00+00:00,bacgiang_bacgiangcity,158.71951395765822
2025-12-07 10:00:00+00:00,bentre_bentrecity,101.40232484682832
2025-12-07 10:00:00+00:00,bacgiang_bacgiangcity,158.87473004362863
2025-12-07 10:00:00+00:00,bacninh_bacninhcity,159.7485852081312
2025-12-07 10:00:00+00:00,bienhoa_dongnai,90.36282221036947
2025-12-07 10:00:00+00:00,angiang_longxuyen,127.03084950537121
2025-12-07 10:00:00+00:00,binhduong_thudaumot,84.93234004720719
2025-12-07 10:00:00+00:00,backan_backancity,134.26785063750043
2025-12-07 11:00:00+00:00,binhduong_thudaumot,86.96851238427723
2025-12-07 11:00:00+00:00,bacgiang_bacgiangcity,158.64243673158418
2025-12-07 11:00:00+00:00,backan_backancity,133.60689221299387
2025-12-07 11:00:00+00:00,bentre_bentrecity,108.88041094609291
2025-12-07 11:00:00+00:00,bacninh_bacninhcity,159.37987630087935
2025-12-07 11:00:00+00:00,angiang_longxuyen,125.9409257522806
2025-12-07 11:00:00+00:00,bienhoa_dongnai,92.56431899725278
2025-12-07 12:00:00+00:00,backan_backancity,132.73495147013807
2025-12-07 12:00:00+00:00,bienhoa_dongnai,93.21500698472025
2025-12-07 12:00:00+00:00,bacgiang_bacgiangcity,158.3975299914625
2025-12-07 12:00:00+00:00,angiang_longxuyen,123.83891688987387
2025-12-07 12:00:00+00:00,binhduong_thudaumot,87.70995918615574
2025-12-07 12:00:00+00:00,bentre_bentrecity,111.96152356625227
2025-12-07 12:00:00+00:00,bacninh_bacninhcity,158.8240805381966
2025-12-07 13:00:00+00:00,binhduong_thudaumot,86.6031515394281
2025-12-07 13:00:00+00:00,bacgiang_bacgiangcity,158.8701919941341
2025-12-07 13:00:00+00:00,bacninh_bacninhcity,158.8921599825308
2025-12-07 13:00:00+00:00,angiang_longxuyen,121.41630766600701
2025-12-07 13:00:00+00:00,bentre_bentrecity,108.10538290427691
2025-12-07 13:00:00+00:00,bienhoa_dongnai,91.76136052257598
2025-12-07 13:00:00+00:00,backan_backancity,131.56357777789387
2025-12-07 14:00:00+00:00,bacninh_bacninhcity,158.48423588822814
2025-12-07 14:00:00+00:00,bentre_bentrecity,98.95405149549899
2025-12-07 14:00:00+00:00,angiang_longxuyen,118.9593813463822
2025-12-07 14:00:00+00:00,bienhoa_dongnai,88.98469641897167
2025-12-07 14:00:00+00:00,bacgiang_bacgiangcity,158.72621878438022
2025-12-07 14:00:00+00:00,backan_backancity,130.10042447189005
2025-12-07 14:00:00+00:00,binhduong_thudaumot,84.41783379093914
2025-12-07 15:00:00+00:00,backan_backancity,128.4729920338017
2025-12-07 15:00:00+00:00,bentre_bentrecity,90.60002014014418
2025-12-07 15:00:00+00:00,angiang_longxuyen,116.55133913086397
2025-12-07 15:00:00+00:00,bacgiang_bacgiangcity,158.20495222667202
2025-12-07 15:00:00+00:00,binhduong_thudaumot,82.10614354671134
2025-12-07 15:00:00+00:00,bacninh_bacninhcity,157.8160461710467
2025-12-07 15:00:00+00:00,bienhoa_dongnai,85.93464420229162
2025-12-07 16:00:00+00:00,bacgiang_bacgiangcity,157.85123672168103
2025-12-07 16:00:00+00:00,bentre_bentrecity,86.20281769185904
2025-12-07 16:00:00+00:00,backan_backancity,126.54372926830817
2025-12-07 16:00:00+00:00,angiang_longxuyen,114.33766618721135
2025-12-07 16:00:00+00:00,binhduong_thudaumot,80.4538018724235
2025-12-07 16:00:00+00:00,bacninh_bacninhcity,157.42130548035703
2025-12-07 16:00:00+00:00,bienhoa_dongnai,83.61265415205627
2025-12-07 17:00:00+00:00,bentre_bentrecity,84.7909763246866
2025-12-07 17:00:00+00:00,binhduong_thudaumot,79.6537911719869
2025-12-07 17:00:00+00:00,bacgiang_bacgiangcity,157.81448852797956
2025-12-07 17:00:00+00:00,backan_backancity,124.1166211535714
2025-12-07 17:00:00+00:00,bienhoa_dongnai,82.33698798964582
2025-12-07 17:00:00+00:00,angiang_longxuyen,112.20517886199633
2025-12-07 17:00:00+00:00,bacninh_bacninhcity,157.4493038969411
2025-12-07 18:00:00+00:00,angiang_longxuyen,110.37765999285179
2025-12-07 18:00:00+00:00,binhduong_thudaumot,79.46337583346562
2025-12-07 18:00:00+00:00,bienhoa_dongnai,82.02041661556052
2025-12-07 18:00:00+00:00,backan_backancity,121.00173857065882
2025-12-07 18:00:00+00:00,bacninh_bacninhcity,157.48253651634576
2025-12-07 18:00:00+00:00,bacgiang_bacgiangcity,157.78016816900288
2025-12-07 18:00:00+00:00,bentre_bentrecity,84.96955161796633
2025-12-07 19:00:00+00:00,bienhoa_dongnai,82.27785846651028
2025-12-07 19:00:00+00:00,binhduong_thudaumot,79.5679467649623
2025-12-07 19:00:00+00:00,bacninh_bacninhcity,157.3676712175394
2025-12-07 19:00:00+00:00,backan_backancity,117.2663788791523
2025-12-07 19:00:00+00:00,bacgiang_bacgiangcity,157.7042700526249
2025-12-07 19:00:00+00:00,angiang_longxuyen,108.69961720795602
2025-12-07 19:00:00+00:00,bentre_bentrecity,86.01662713383553
2025-12-07 20:00:00+00:00,backan_backancity,113.01241432867036
2025-12-07 20:00:00+00:00,binhduong_thudaumot,79.80050113450402
2025-12-07 20:00:00+00:00,bacgiang_bacgiangcity,157.60688255326193
2025-12-07 20:00:00+00:00,bacninh_bacninhcity,157.19774889255515
2025-12-07 20:00:00+00:00,bienhoa_dongnai,82.64751153171065
2025-12-07 20:00:00+00:00,angiang_longxuyen,107.19314032253783
2025-12-07 20:00:00+00:00,bentre_bentrecity,87.41158787058963
2025-12-07 21:00:00+00:00,bentre_bentrecity,88.82617034148359
2025-12-07 21:00:00+00:00,bacgiang_bacgiangcity,157.56230698560015
2025-12-07 21:00:00+00:00,binhduong_thudaumot,80.19339266792124
2025-12-07 21:00:00+00:00,backan_backancity,108.70168500088245
2025-12-07 21:00:00+00:00,bienhoa_dongnai,82.95168267467483
2025-12-07 21:00:00+00:00,angiang_longxuyen,105.41348716132556
2025-12-07 21:00:00+00:00,bacninh_bacninhcity,157.14756493966
2025-12-07 22:00:00+00:00,backan_backancity,104.65051780040508
2025-12-07 22:00:00+00:00,bentre_bentrecity,89.97864238318463
2025-12-07 22:00:00+00:00,bacgiang_bacgiangcity,157.30447789936272
2025-12-07 22:00:00+00:00,binhduong_thudaumot,80.57062945341781
2025-12-07 22:00:00+00:00,bacninh_bacninhcity,156.85569395577633
2025-12-07 22:00:00+00:00,angiang_longxuyen,103.12523988035414
2025-12-07 22:00:00+00:00,bienhoa_dongnai,83.07880027202053
2025-12-07 23:00:00+00:00,binhduong_thudaumot,80.80475451890153
2025-12-07 23:00:00+00:00,bentre_bentrecity,90.4218549246831
2025-12-07 23:00:00+00:00,bacgiang_bacgiangcity,156.71108550611237
2025-12-07 23:00:00+00:00,bienhoa_dongnai,83.05238995521165
2025-12-07 23:00:00+00:00,backan_backancity,100.75241459315485
2025-12-07 23:00:00+00:00,angiang_longxuyen,100.47254137675068
2025-12-07 23:00:00+00:00,bacninh_bacninhcity,156.23066574481305
2025-12-08 00:00:00+00:00,bacgiang_bacgiangcity,155.63926173950034
2025-12-08 00:00:00+00:00,bacninh_bacninhcity,155.10106995405135
2025-12-08 00:00:00+00:00,binhduong_thudaumot,80.8781638871387
2025-12-08 00:00:00+00:00,bienhoa_dongnai,82.96944328640693
2025-12-08 00:00:00+00:00,angiang_longxuyen,97.60747885360664
2025-12-08 00:00:00+00:00,bentre_bentrecity,90.22234608333966
2025-12-08 00:00:00+00:00,backan_backancity,97.05774506355884
2025-12-08 01:00:00+00:00,backan_backancity,93.48220912284984
2025-12-08 01:00:00+00:00,angiang_longxuyen,95.00420913970048
2025-12-08 01:00:00+00:00,bentre_bentrecity,90.10017117460924
2025-12-08 01:00:00+00:00,bienhoa_dongnai,83.53119116002779
2025-12-08 01:00:00+00:00,bacninh_bacninhcity,153.4202904163924
2025-12-08 01:00:00+00:00,binhduong_thudaumot,81.28154123003029
2025-12-08 01:00:00+00:00,bacgiang_bacgiangcity,154.04634980446994
2025-12-08 02:00:00+00:00,bentre_bentrecity,89.69384170651917
2025-12-08 02:00:00+00:00,binhduong_thudaumot,81.67469817190309
2025-12-08 02:00:00+00:00,bacninh_bacninhcity,151.40331668276866
2025-12-08 02:00:00+00:00,angiang_longxuyen,92.86086508581703
2025-12-08 02:00:00+00:00,bienhoa_dongnai,84.12822095440703
2025-12-08 02:00:00+00:00,backan_backancity,90.28047814928766
2025-12-08 02:00:00+00:00,bacgiang_bacgiangcity,152.11490285791578
2025-12-08 03:00:00+00:00,binhduong_thudaumot,82.03927801973951
2025-12-08 03:00:00+00:00,angiang_longxuyen,90.99598780107111
2025-12-08 03:00:00+00:00,bentre_bentrecity,88.98403072235358
2025-12-08 03:00:00+00:00,bienhoa_dongnai,84.53956925288246
2025-12-08 03:00:00+00:00,backan_backancity,87.33835689164229
2025-12-08 03:00:00+00:00,bacninh_bacninhcity,149.08161053256157
2025-12-08 03:00:00+00:00,bacgiang_bacgiangcity,149.8835226017701
2025-12-08 04:00:00+00:00,bacgiang_bacgiangcity,147.03619023365013
2025-12-08 04:00:00+00:00,backan_backancity,84.66805305113064
2025-12-08 04:00:00+00:00,binhduong_thudaumot,82.47403012284673
2025-12-08 04:00:00+00:00,bentre_bentrecity,88.30790050629633
2025-12-08 04:00:00+00:00,angiang_longxuyen,89.58850500636379
2025-12-08 04:00:00+00:00,bienhoa_dongnai,84.82392504406296
2025-12-08 04:00:00+00:00,bacninh_bacninhcity,146.14623217252324
2025-12-08 05:00:00+00:00,bacninh_bacninhcity,142.93014738756852
2025-12-08 05:00:00+00:00,binhduong_thudaumot,82.97720104503465
2025-12-08 05:00:00+00:00,bentre_bentrecity,88.17836160066328
2025-12-08 05:00:00+00:00,backan_backancity,82.3380191667601
2025-12-08 05:00:00+00:00,bacgiang_bacgiangcity,143.79264219998083
2025-12-08 05:00:00+00:00,angiang_longxuyen,88.61831744988311
2025-12-08 05:00:00+00:00,bienhoa_dongnai,85.00474216860064
2025-12-08 06:00:00+00:00,binhduong_thudaumot,83.85203952611033
2025-12-08 06:00:00+00:00,bacgiang_bacgiangcity,140.57768431322276
2025-12-08 06:00:00+00:00,bacninh_bacninhcity,139.75086300781476
2025-12-08 06:00:00+00:00,angiang_longxuyen,88.28925665003175
2025-12-08 06:00:00+00:00,bienhoa_dongnai,85.5527236101979
2025-12-08 06:00:00+00:00,bentre_bentrecity,89.40398630406249
2025-12-08 06:00:00+00:00,backan_backancity,80.55000591113212
2025-12-08 07:00:00+00:00,bacninh_bacninhcity,137.1817309126372
2025-12-08 07:00:00+00:00,angiang_longxuyen,88.7457037189031
2025-12-08 07:00:00+00:00,bienhoa_dongnai,86.54242739007995
2025-12-08 07:00:00+00:00,binhduong_thudaumot,85.10303466728756
2025-12-08 07:00:00+00:00,bentre_bentrecity,92.46430787004206
2025-12-08 07:00:00+00:00,bacgiang_bacgiangcity,138.0041925578405
2025-12-08 07:00:00+00:00,backan_backancity,79.61923586126265
2025-12-08 08:00:00+00:00,bacninh_bacninhcity,135.6659005546391
2025-12-08 08:00:00+00:00,binhduong_thudaumot,86.41031924357776
2025-12-08 08:00:00+00:00,angiang_longxuyen,89.8792577939674
2025-12-08 08:00:00+00:00,bentre_bentrecity,97.44483350635929
2025-12-08 08:00:00+00:00,bienhoa_dongnai,87.62033814733705
2025-12-08 08:00:00+00:00,backan_backancity,79.45406043177076
2025-12-08 08:00:00+00:00,bacgiang_bacgiangcity,136.43352272157895
2025-12-08 09:00:00+00:00,angiang_longxuyen,91.09912509181184
2025-12-08 09:00:00+00:00,binhduong_thudaumot,87.1335725133745
2025-12-08 09:00:00+00:00,backan_backancity,79.70149942961613
2025-12-08 09:00:00+00:00,bentre_bentrecity,103.66286712896525
2025-12-08 09:00:00+00:00,bacgiang_bacgiangcity,135.8728582365718
2025-12-08 09:00:00+00:00,bacninh_bacninhcity,135.215324016238
2025-12-08 09:00:00+00:00,bienhoa_dongnai,88.14709996536314
2025-12-08 10:00:00+00:00,binhduong_thudaumot,87.11433910226187
2025-12-08 10:00:00+00:00,bacgiang_bacgiangcity,135.39498813682934
2025-12-08 10:00:00+00:00,angiang_longxuyen,91.65954592315484
2025-12-08 10:00:00+00:00,bentre_bentrecity,110.92590249194633
2025-12-08 10:00:00+00:00,bacninh_bacninhcity,134.80562037999547
2025-12-08 10:00:00+00:00,backan_backancity,79.35242639711856
2025-12-08 10:00:00+00:00,bienhoa_dongnai,87.96843656517808
2025-12-08 11:00:00+00:00,backan_backancity,78.15429431140242
2025-12-08 11:00:00+00:00,bacninh_bacninhcity,134.0143942643426
2025-12-08 11:00:00+00:00,angiang_longxuyen,91.38874880573968
2025-12-08 11:00:00+00:00,bienhoa_dongnai,87.57684379280985
2025-12-08 11:00:00+00:00,binhduong_thudaumot,86.66039057118745
2025-12-08 11:00:00+00:00,bentre_bentrecity,117.58913514044418
2025-12-08 11:00:00+00:00,bacgiang_bacgiangcity,134.68286679381276
2025-12-08 12:00:00+00:00,bacninh_bacninhcity,133.074334918528
2025-12-08 12:00:00+00:00,bienhoa_dongnai,87.53673665930997
2025-12-08 12:00:00+00:00,binhduong_thudaumot,86.27301605287957
2025-12-08 12:00:00+00:00,backan_backancity,76.1485242953706
2025-12-08 12:00:00+00:00,bacgiang_bacgiangcity,134.3343289291846
2025-12-08 12:00:00+00:00,bentre_bentrecity,120.58428587770516
2025-12-08 12:00:00+00:00,angiang_longxuyen,90.6892593823731
2025-12-08 13:00:00+00:00,bienhoa_dongnai,88.99071488202371
2025-12-08 13:00:00+00:00,bacgiang_bacgiangcity,135.40235430921112
2025-12-08 13:00:00+00:00,angiang_longxuyen,90.0336526365609
2025-12-08 13:00:00+00:00,backan_backancity,73.42262717307207
2025-12-08 13:00:00+00:00,bentre_bentrecity,118.73232441263752
2025-12-08 13:00:00+00:00,bacninh_bacninhcity,132.79898017230605
2025-12-08 13:00:00+00:00,binhduong_thudaumot,87.25829490818259
2025-12-08 14:00:00+00:00,bentre_bentrecity,114.34020279589332
2025-12-08 14:00:00+00:00,bacninh_bacninhcity,134.09248526369777
2025-12-08 14:00:00+00:00,bienhoa_dongnai,91.92901164733382
2025-12-08 14:00:00+00:00,bacgiang_bacgiangcity,137.79797453881676
2025-12-08 14:00:00+00:00,backan_backancity,70.90339186754267
2025-12-08 14:00:00+00:00,angiang_longxuyen,89.59321274323153
2025-12-08 14:00:00+00:00,binhduong_thudaumot,90.01560377384222
2025-12-08 15:00:00+00:00,binhduong_thudaumot,94.68739955064889
2025-12-08 15:00:00+00:00,backan_backancity,68.93593203923774
2025-12-08 15:00:00+00:00,bacgiang_bacgiangcity,141.2230184465167
2025-12-08 15:00:00+00:00,bentre_bentrecity,111.51863353953689
2025-12-08 15:00:00+00:00,angiang_longxuyen,89.3475141287014
2025-12-08 15:00:00+00:00,bienhoa_dongnai,96.47765137431611
2025-12-08 15:00:00+00:00,bacninh_bacninhcity,137.09958482015747
2025-12-08 16:00:00+00:00,bentre_bentrecity,112.50793268029815
2025-12-08 16:00:00+00:00,angiang_longxuyen,89.13605211720092
2025-12-08 16:00:00+00:00,binhduong_thudaumot,101.19358979843491
2025-12-08 16:00:00+00:00,bienhoa_dongnai,102.4107412825029
2025-12-08 16:00:00+00:00,backan_backancity,67.68961744143895
2025-12-08 16:00:00+00:00,bacgiang_bacgiangcity,145.29973148277807
2025-12-08 16:00:00+00:00,bacninh_bacninhcity,141.3384102112759
2025-12-08 17:00:00+00:00,bienhoa_dongnai,108.30464482873751
2025-12-08 17:00:00+00:00,bacninh_bacninhcity,146.16385790454842
2025-12-08 17:00:00+00:00,binhduong_thudaumot,108.2906521468829
2025-12-08 17:00:00+00:00,bacgiang_bacgiangcity,149.53704709137054
2025-12-08 17:00:00+00:00,backan_backancity,67.1777446026748
2025-12-08 17:00:00+00:00,bentre_bentrecity,116.50030130240475
2025-12-08 17:00:00+00:00,angiang_longxuyen,88.63285400152371
2025-12-08 18:00:00+00:00,bacninh_bacninhcity,150.75609423357767
2025-12-08 18:00:00+00:00,backan_backancity,67.13931693907412
2025-12-08 18:00:00+00:00,bienhoa_dongnai,113.30549596669768
2025-12-08 18:00:00+00:00,angiang_longxuyen,87.4528936930979
2025-12-08 18:00:00+00:00,binhduong_thudaumot,114.57092758747488
2025-12-08 18:00:00+00:00,bacgiang_bacgiangcity,153.43976965664828
2025-12-08 18:00:00+00:00,bentre_bentrecity,121.47166055734849
2025-12-08 19:00:00+00:00,bacninh_bacninhcity,154.55702612970487
2025-12-08 19:00:00+00:00,bacgiang_bacgiangcity,156.51343887491623
2025-12-08 19:00:00+00:00,bienhoa_dongnai,116.54299072964864
2025-12-08 19:00:00+00:00,angiang_longxuyen,85.64990661452134
2025-12-08 19:00:00+00:00,binhduong_thudaumot,118.75355056264611
2025-12-08 19:00:00+00:00,backan_backancity,67.34754510082698
2025-12-08 19:00:00+00:00,bentre_bentrecity,125.91881853321867
2025-12-08 20:00:00+00:00,angiang_longxuyen,83.17723635233097
2025-12-08 20:00:00+00:00,backan_backancity,67.68443109915953
2025-12-08 20:00:00+00:00,bacgiang_bacgiangcity,158.65158244590583
2025-12-08 20:00:00+00:00,binhduong_thudaumot,121.12607699339799
2025-12-08 20:00:00+00:00,bacninh_bacninhcity,157.33601364503502
2025-12-08 20:00:00+00:00,bienhoa_dongnai,118.44058178202336
2025-12-08 20:00:00+00:00,bentre_bentrecity,129.08146919943698
2025-12-08 21:00:00+00:00,binhduong_thudaumot,122.15675374747926
2025-12-08 21:00:00+00:00,bienhoa_dongnai,119.29592796996826
2025-12-08 21:00:00+00:00,bentre_bentrecity,131.00624612693542
2025-12-08 21:00:00+00:00,bacgiang_bacgiangcity,160.04963236304448
2025-12-08 21:00:00+00:00,bacninh_bacninhcity,159.12966574260443
2025-12-08 21:00:00+00:00,backan_backancity,68.1144711144407
2025-12-08 21:00:00+00:00,angiang_longxuyen,80.51512862949454
2025-12-08 22:00:00+00:00,bienhoa_dongnai,119.81089869103356
2025-12-08 22:00:00+00:00,bacgiang_bacgiangcity,161.09631629266775
2025-12-08 22:00:00+00:00,bacninh_bacninhcity,160.34802543340203
2025-12-08 22:00:00+00:00,angiang_longxuyen,77.75590316670902
2025-12-08 22:00:00+00:00,binhduong_thudaumot,122.6739391063132
2025-12-08 22:00:00+00:00,bentre_bentrecity,131.95985000590096
2025-12-08 22:00:00+00:00,backan_backancity,68.64232502299711
2025-12-08 23:00:00+00:00,bentre_bentrecity,132.24791390128252
2025-12-08 23:00:00+00:00,angiang_longxuyen,75.37854390903861
2025-12-08 23:00:00+00:00,bacgiang_bacgiangcity,161.92256762254002
2025-12-08 23:00:00+00:00,bienhoa_dongnai,120.32618159335603
2025-12-08 23:00:00+00:00,bacninh_bacninhcity,161.1164394747503
2025-12-08 23:00:00+00:00,binhduong_thudaumot,123.13577592476398
2025-12-08 23:00:00+00:00,backan_backancity,69.3137953627278
2025-12-09 00:00:00+00:00,bacgiang_bacgiangcity,162.64470487153585
2025-12-09 00:00:00+00:00,binhduong_thudaumot,123.67824905316847
2025-12-09 00:00:00+00:00,bacninh_bacninhcity,161.6978145212089
2025-12-09 00:00:00+00:00,backan_backancity,70.13691835359089
2025-12-09 00:00:00+00:00,bentre_bentrecity,132.05288654697583
2025-12-09 00:00:00+00:00,angiang_longxuyen,73.37072459165309
2025-12-09 00:00:00+00:00,bienhoa_dongnai,120.94603542717516
2025-12-09 01:00:00+00:00,bacgiang_bacgiangcity,163.29844505624243
2025-12-09 01:00:00+00:00,angiang_longxuyen,71.8204694516794
2025-12-09 01:00:00+00:00,binhduong_thudaumot,124.71286777545878
2025-12-09 01:00:00+00:00,bacninh_bacninhcity,162.27441221546712
2025-12-09 01:00:00+00:00,backan_backancity,71.7060218448687
2025-12-09 01:00:00+00:00,bienhoa_dongnai,122.30995969072053
2025-12-09 01:00:00+00:00,bentre_bentrecity,131.8063394955795
2025-12-09 02:00:00+00:00,backan_backancity,73.37480579052735
2025-12-09 02:00:00+00:00,binhduong_thudaumot,125.20296841894918
2025-12-09 02:00:00+00:00,angiang_longxuyen,70.53215940448369
2025-12-09 02:00:00+00:00,bienhoa_dongnai,123.17316370933378
2025-12-09 02:00:00+00:00,bentre_bentrecity,131.1615796887796
2025-12-09 02:00:00+00:00,bacgiang_bacgiangcity,163.90615645321898
2025-12-09 02:00:00+00:00,bacninh_bacninhcity,162.9281828568817
2025-12-09 03:00:00+00:00,bacninh_bacninhcity,163.49756231133995
2025-12-09 03:00:00+00:00,bentre_bentrecity,130.0656864209177
2025-12-09 03:00:00+00:00,binhduong_thudaumot,124.77325037458131
2025-12-09 03:00:00+00:00,backan_backancity,75.46224764458546
2025-12-09 03:00:00+00:00,bienhoa_dongnai,123.07136868922493
2025-12-09 03:00:00+00:00,bacgiang_bacgiangcity,164.284955232741
2025-12-09 03:00:00+00:00,angiang_longxuyen,69.61924133647038
2025-12-09 04:00:00+00:00,backan_backancity,77.76690238926139
2025-12-09 04:00:00+00:00,bienhoa_dongnai,122.06974763459172
2025-12-09 04:00:00+00:00,bacninh_bacninhcity,163.81128380774652
2025-12-09 04:00:00+00:00,binhduong_thudaumot,123.60832045156181
2025-12-09 04:00:00+00:00,bacgiang_bacgiangcity,164.3299180356904
2025-12-09 04:00:00+00:00,bentre_bentrecity,128.7627919615402
2025-12-09 04:00:00+00:00,angiang_longxuyen,68.9024340113775
2025-12-09 05:00:00+00:00,bacgiang_bacgiangcity,164.28145706227735
2025-12-09 05:00:00+00:00,angiang_longxuyen,68.39761407599839
2025-12-09 05:00:00+00:00,binhduong_thudaumot,122.19546857432695
2025-12-09 05:00:00+00:00,bacninh_bacninhcity,164.185196461111
2025-12-09 05:00:00+00:00,bentre_bentrecity,127.66490595478234
2025-12-09 05:00:00+00:00,bienhoa_dongnai,120.62911053772893
2025-12-09 05:00:00+00:00,backan_backancity,80.70567884772277
2025-12-09 06:00:00+00:00,backan_backancity,84.58011583316944
2025-12-09 06:00:00+00:00,angiang_longxuyen,68.18220683307015
2025-12-09 06:00:00+00:00,bacninh_bacninhcity,165.0826251176186
2025-12-09 06:00:00+00:00,bacgiang_bacgiangcity,164.62923786016333
2025-12-09 06:00:00+00:00,bentre_bentrecity,127.39177454824562
2025-12-09 06:00:00+00:00,binhduong_thudaumot,121.12582246233814
2025-12-09 06:00:00+00:00,bienhoa_dongnai,119.46353014644536
2025-12-09 07:00:00+00:00,bacgiang_bacgiangcity,165.66853821357165
2025-12-09 07:00:00+00:00,bienhoa_dongnai,118.82755601216874
2025-12-09 07:00:00+00:00,binhduong_thudaumot,120.60825748239355
2025-12-09 07:00:00+00:00,bentre_bentrecity,128.39510988044435
2025-12-09 07:00:00+00:00,backan_backancity,89.56522846726192
2025-12-09 07:00:00+00:00,bacninh_bacninhcity,166.57215828372327
2025-12-09 07:00:00+00:00,angiang_longxuyen,68.15356882561775
2025-12-09 08:00:00+00:00,bentre_bentrecity,130.24516780126092
2025-12-09 08:00:00+00:00,bacgiang_bacgiangcity,167.36653014221844
2025-12-09 08:00:00+00:00,binhduong_thudaumot,120.47263811255286
2025-12-09 08:00:00+00:00,backan_backancity,95.41196463436948
2025-12-09 08:00:00+00:00,angiang_longxuyen,68.1972785525802
2025-12-09 08:00:00+00:00,bienhoa_dongnai,118.55219256403021
2025-12-09 08:00:00+00:00,bacninh_bacninhcity,168.72293703758152
2025-12-09 09:00:00+00:00,binhduong_thudaumot,120.19327613374753
2025-12-09 09:00:00+00:00,bienhoa_dongnai,118.14934168709148
2025-12-09 09:00:00+00:00,bacgiang_bacgiangcity,169.55233846125438
2025-12-09 09:00:00+00:00,backan_backancity,101.83123034973589
2025-12-09 09:00:00+00:00,bacninh_bacninhcity,171.42773201218267
2025-12-09 09:00:00+00:00,bentre_bentrecity,131.9590929391588
2025-12-09 09:00:00+00:00,angiang_longxuyen,67.99440206952175
2025-12-09 10:00:00+00:00,bacninh_bacninhcity,173.96873951298585
2025-12-09 10:00:00+00:00,binhduong_thudaumot,119.35348027072438
2025-12-09 10:00:00+00:00,bienhoa_dongnai,117.3687166813076
2025-12-09 10:00:00+00:00,angiang_longxuyen,66.88080910334378
2025-12-09 10:00:00+00:00,bacgiang_bacgiangcity,171.4615346071231
2025-12-09 10:00:00+00:00,backan_backancity,108.27839114642698
2025-12-09 10:00:00+00:00,bentre_bentrecity,133.07512679293643
2025-12-09 11:00:00+00:00,angiang_longxuyen,65.13317709158783
2025-12-09 11:00:00+00:00,bacninh_bacninhcity,174.81489212606797
2025-12-09 11:00:00+00:00,binhduong_thudaumot,117.4352254296998
2025-12-09 11:00:00+00:00,bacgiang_bacgiangcity,172.38241927976196
2025-12-09 11:00:00+00:00,backan_backancity,113.36081840133113
2025-12-09 11:00:00+00:00,bentre_bentrecity,132.5736788502306
2025-12-09 11:00:00+00:00,bienhoa_dongnai,115.83498756865177
2025-12-09 12:00:00+00:00,bacninh_bacninhcity,173.35854806978506
2025-12-09 12:00:00+00:00,bacgiang_bacgiangcity,171.87324403513645
2025-12-09 12:00:00+00:00,angiang_longxuyen,63.55779081654196
2025-12-09 12:00:00+00:00,bentre_bentrecity,129.62249345873153
2025-12-09 12:00:00+00:00,backan_backancity,115.65233107649777
2025-12-09 12:00:00+00:00,binhduong_thudaumot,114.97088072619373
2025-12-09 12:00:00+00:00,bienhoa_dongnai,113.95390405202218
2025-12-09 13:00:00+00:00,bienhoa_dongnai,112.34451938891294
2025-12-09 13:00:00+00:00,bentre_bentrecity,125.37832944179357
2025-12-09 13:00:00+00:00,binhduong_thudaumot,112.85127114977197
2025-12-09 13:00:00+00:00,bacgiang_bacgiangcity,169.52931754095192
2025-12-09 13:00:00+00:00,angiang_longxuyen,62.86409578187557
2025-12-09 13:00:00+00:00,backan_backancity,114.40190373537715
2025-12-09 13:00:00+00:00,bacninh_bacninhcity,170.45004557909243
2025-12-09 14:00:00+00:00,binhduong_thudaumot,110.77985061187029
2025-12-09 14:00:00+00:00,angiang_longxuyen,62.6261027144737
2025-12-09 14:00:00+00:00,bacninh_bacninhcity,167.70846325216522
2025-12-09 14:00:00+00:00,bacgiang_bacgiangcity,166.90378832444375
2025-12-09 14:00:00+00:00,backan_backancity,111.92508646606841
2025-12-09 14:00:00+00:00,bentre_bentrecity,120.54826211855867
2025-12-09 14:00:00+00:00,bienhoa_dongnai,110.55489573484856
2025-12-09 15:00:00+00:00,bacninh_bacninhcity,165.97172603996273
2025-12-09 15:00:00+00:00,bacgiang_bacgiangcity,165.05165064556545
2025-12-09 15:00:00+00:00,backan_backancity,110.49396437111194
2025-12-09 15:00:00+00:00,angiang_longxuyen,62.714235725557856
2025-12-09 15:00:00+00:00,bentre_bentrecity,115.58096774639561
2025-12-09 15:00:00+00:00,binhduong_thudaumot,108.28558436821682
2025-12-09 15:00:00+00:00,bienhoa_dongnai,108.10217787962792
2025-12-09 16:00:00+00:00,bacgiang_bacgiangcity,164.23050734072345
2025-12-09 16:00:00+00:00,angiang_longxuyen,62.96720914234572
2025-12-09 16:00:00+00:00,bentre_bentrecity,110.66267060325464
2025-12-09 16:00:00+00:00,bienhoa_dongnai,104.9284646300272
2025-12-09 16:00:00+00:00,binhduong_thudaumot,105.26284379654854
2025-12-09 16:00:00+00:00,bacninh_bacninhcity,165.41536900366083
2025-12-09 16:00:00+00:00,backan_backancity,110.77908973803966
2025-12-09 17:00:00+00:00,binhduong_thudaumot,101.6976173155358
2025-12-09 17:00:00+00:00,bacgiang_bacgiangcity,164.34027331641613
2025-12-09 17:00:00+00:00,bienhoa_dongnai,101.08578719266974
2025-12-09 17:00:00+00:00,bacninh_bacninhcity,165.65999728245208
2025-12-09 17:00:00+00:00,angiang_longxuyen,63.16915016937223
2025-12-09 17:00:00+00:00,backan_backancity,112.57382032939472
2025-12-09 17:00:00+00:00,bentre_bentrecity,106.41706206816504
2025-12-09 18:00:00+00:00,binhduong_thudaumot,97.85442292994674
2025-12-09 18:00:00+00:00,bacninh_bacninhcity,166.36325137247746
2025-12-09 18:00:00+00:00,bacgiang_bacgiangcity,164.94474324946805
2025-12-09 18:00:00+00:00,angiang_longxuyen,63.21807234436385
2025-12-09 18:00:00+00:00,backan_backancity,115.2004503383498
2025-12-09 18:00:00+00:00,bienhoa_dongnai,96.95853886363142
2025-12-09 18:00:00+00:00,bentre_bentrecity,102.75405527783634
2025-12-09 19:00:00+00:00,binhduong_thudaumot,93.91723751180837
2025-12-09 19:00:00+00:00,bentre_bentrecity,99.54744388874936
2025-12-09 19:00:00+00:00,angiang_longxuyen,63.14647297477455
2025-12-09 19:00:00+00:00,bienhoa_dongnai,92.85763123606938
2025-12-09 19:00:00+00:00,bacgiang_bacgiangcity,165.60782494161924
2025-12-09 19:00:00+00:00,bacninh_bacninhcity,167.1241730636536
2025-12-09 19:00:00+00:00,backan_backancity,118.3472885344095
2025-12-09 20:00:00+00:00,bentre_bentrecity,96.52155906988068
2025-12-09 20:00:00+00:00,bienhoa_dongnai,89.10042538299822
2025-12-09 20:00:00+00:00,angiang_longxuyen,63.041410384991316
2025-12-09 20:00:00+00:00,bacgiang_bacgiangcity,166.2429995873104
2025-12-09 20:00:00+00:00,bacninh_bacninhcity,167.66486665011826
2025-12-09 20:00:00+00:00,binhduong_thudaumot,90.14923040478695
2025-12-09 20:00:00+00:00,backan_backancity,121.9209883707209
2025-12-09 21:00:00+00:00,angiang_longxuyen,62.893691000151364
2025-12-09 21:00:00+00:00,bienhoa_dongnai,85.84361562846672
2025-12-09 21:00:00+00:00,backan_backancity,125.71716902039748
2025-12-09 21:00:00+00:00,bacgiang_bacgiangcity,166.80816296318744
2025-12-09 21:00:00+00:00,bacninh_bacninhcity,168.10868179933965
2025-12-09 21:00:00+00:00,bentre_bentrecity,93.65831307182192
2025-12-09 21:00:00+00:00,binhduong_thudaumot,86.7598208454667
2025-12-09 22:00:00+00:00,angiang_longxuyen,62.88816093216716
2025-12-09 22:00:00+00:00,backan_backancity,129.60166977236457
2025-12-09 22:00:00+00:00,bacninh_bacninhcity,168.45970841210857
2025-12-09 22:00:00+00:00,binhduong_thudaumot,83.84956818180268
2025-12-09 22:00:00+00:00,bienhoa_dongnai,83.1338572981984
2025-12-09 22:00:00+00:00,bacgiang_bacgiangcity,167.32863329552893
2025-12-09 22:00:00+00:00,bentre_bentrecity,91.07343485859964
2025-12-09 23:00:00+00:00,angiang_longxuyen,62.87848875189267
2025-12-09 23:00:00+00:00,binhduong_thudaumot,81.36754662251155
2025-12-09 23:00:00+00:00,backan_backancity,133.42558778112792
2025-12-09 23:00:00+00:00,bentre_bentrecity,89.0413807035493
2025-12-09 23:00:00+00:00,bacgiang_bacgiangcity,167.89032460669205
2025-12-09 23:00:00+00:00,bienhoa_dongnai,80.81280814269284
2025-12-09 23:00:00+00:00,bacninh_bacninhcity,168.8913147723735
2025-12-10 00:00:00+00:00,bacgiang_bacgiangcity,168.49846239758085
2025-12-10 00:00:00+00:00,bacninh_bacninhcity,169.45456372660374
2025-12-10 00:00:00+00:00,backan_backancity,137.03275845181025
2025-12-10 00:00:00+00:00,binhduong_thudaumot,79.48759761825559
2025-12-10 00:00:00+00:00,bienhoa_dongnai,79.01616258582122
2025-12-10 00:00:00+00:00,angiang_longxuyen,62.893390784029485
2025-12-10 00:00:00+00:00,bentre_bentrecity,87.53735667086603
2025-12-10 01:00:00+00:00,bacninh_bacninhcity,169.78509732583564
2025-12-10 01:00:00+00:00,bienhoa_dongnai,77.40642984604894
2025-12-10 01:00:00+00:00,bentre_bentrecity,86.2846896739666
2025-12-10 01:00:00+00:00,binhduong_thudaumot,77.7696086853166
2025-12-10 01:00:00+00:00,angiang_longxuyen,63.023693282842096
2025-12-10 01:00:00+00:00,backan_backancity,139.51768210027956
2025-12-10 01:00:00+00:00,bacgiang_bacgiangcity,168.86998202388685
2025-12-10 02:00:00+00:00,bacgiang_bacgiangcity,168.91784691601444
2025-12-10 02:00:00+00:00,bacninh_bacninhcity,169.78786453530688
2025-12-10 02:00:00+00:00,bienhoa_dongnai,75.80204878497105
2025-12-10 02:00:00+00:00,backan_backancity,141.29309933166343
2025-12-10 02:00:00+00:00,binhduong_thudaumot,76.10595887043793
2025-12-10 02:00:00+00:00,bentre_bentrecity,85.1361084767147
2025-12-10 02:00:00+00:00,angiang_longxuyen,63.11324470632818
2025-12-10 03:00:00+00:00,binhduong_thudaumot,74.39440065384878
2025-12-10 03:00:00+00:00,bentre_bentrecity,84.12377862599486
2025-12-10 03:00:00+00:00,angiang_longxuyen,63.102724089187504
2025-12-10 03:00:00+00:00,bacninh_bacninhcity,169.48902766720397
2025-12-10 03:00:00+00:00,bacgiang_bacgiangcity,168.62625439346124
2025-12-10 03:00:00+00:00,backan_backancity,141.7885211971402
2025-12-10 03:00:00+00:00,bienhoa_dongnai,74.10017145057296
2025-12-10 04:00:00+00:00,angiang_longxuyen,62.88929218132207
2025-12-10 04:00:00+00:00,binhduong_thudaumot,72.75122209771573
2025-12-10 04:00:00+00:00,bienhoa_dongnai,72.4264535182156
2025-12-10 04:00:00+00:00,bentre_bentrecity,83.26666594898498
2025-12-10 04:00:00+00:00,bacgiang_bacgiangcity,168.09461080023584
2025-12-10 04:00:00+00:00,bacninh_bacninhcity,168.86921190426983
2025-12-10 04:00:00+00:00,backan_backancity,141.35437387723505
2025-12-10 05:00:00+00:00,binhduong_thudaumot,71.4290006816224
2025-12-10 05:00:00+00:00,bienhoa_dongnai,71.06935917144298
2025-12-10 05:00:00+00:00,bentre_bentrecity,82.95950134671858
2025-12-10 05:00:00+00:00,backan_backancity,140.38295717503794
2025-12-10 05:00:00+00:00,angiang_longxuyen,62.52638745242657
2025-12-10 05:00:00+00:00,bacgiang_bacgiangcity,167.2214517890594
2025-12-10 05:00:00+00:00,bacninh_bacninhcity,167.88898451153932
2025-12-10 06:00:00+00:00,backan_backancity,139.17782004647793
2025-12-10 06:00:00+00:00,bentre_bentrecity,83.48401371930971
2025-12-10 06:00:00+00:00,angiang_longxuyen,62.196628323769964
2025-12-10 06:00:00+00:00,bacgiang_bacgiangcity,166.49823985336639
2025-12-10 06:00:00+00:00,bacninh_bacninhcity,167.05818643025597
2025-12-10 06:00:00+00:00,binhduong_thudaumot,70.48319807086747
2025-12-10 06:00:00+00:00,bienhoa_dongnai,70.06688532898531
2025-12-10 07:00:00+00:00,backan_backancity,138.05562088480605
2025-12-10 07:00:00+00:00,bentre_bentrecity,84.96121953284458
2025-12-10 07:00:00+00:00,bacgiang_bacgiangcity,166.3068760059383
2025-12-10 07:00:00+00:00,bienhoa_dongnai,69.49981623337807
2025-12-10 07:00:00+00:00,bacninh_bacninhcity,167.08245607558712
2025-12-10 07:00:00+00:00,angiang_longxuyen,61.897848018124776
2025-12-10 07:00:00+00:00,binhduong_thudaumot,69.9750365995231
2025-12-10 08:00:00+00:00,backan_backancity,137.3036491148286
2025-12-10 08:00:00+00:00,bacninh_bacninhcity,167.9165782890026
2025-12-10 08:00:00+00:00,bentre_bentrecity,87.34731986571582
2025-12-10 08:00:00+00:00,angiang_longxuyen,61.74221424015873
2025-12-10 08:00:00+00:00,bienhoa_dongnai,69.13601085611693
2025-12-10 08:00:00+00:00,binhduong_thudaumot,69.5938883025255
2025-12-10 08:00:00+00:00,bacgiang_bacgiangcity,166.9437562272784
2025-12-10 09:00:00+00:00,binhduong_thudaumot,68.75963120940312
2025-12-10 09:00:00+00:00,backan_backancity,137.06883659793533
2025-12-10 09:00:00+00:00,angiang_longxuyen,61.52490997941687
2025-12-10 09:00:00+00:00,bienhoa_dongnai,68.31290962004528
2025-12-10 09:00:00+00:00,bacgiang_bacgiangcity,168.31042703324317
2025-12-10 09:00:00+00:00,bacninh_bacninhcity,169.42936297619895
2025-12-10 09:00:00+00:00,bentre_bentrecity,90.04716127430595
2025-12-10 10:00:00+00:00,angiang_longxuyen,61.24695771109691
2025-12-10 10:00:00+00:00,bacninh_bacninhcity,171.15686745491408
2025-12-10 10:00:00+00:00,bienhoa_dongnai,67.07177266260936
2025-12-10 10:00:00+00:00,bentre_bentrecity,92.42162061827732
2025-12-10 10:00:00+00:00,bacgiang_bacgiangcity,169.6851645158741
2025-12-10 10:00:00+00:00,backan_backancity,136.83008646379133
2025-12-10 10:00:00+00:00,binhduong_thudaumot,67.50571983843328
2025-12-10 11:00:00+00:00,bentre_bentrecity,93.77436291902222
2025-12-10 11:00:00+00:00,bacgiang_bacgiangcity,170.34501344601722
2025-12-10 11:00:00+00:00,angiang_longxuyen,60.97246010365772
2025-12-10 11:00:00+00:00,backan_backancity,136.0158437787943
2025-12-10 11:00:00+00:00,binhduong_thudaumot,66.47992485955128
2025-12-10 11:00:00+00:00,bienhoa_dongnai,66.08227772872513
2025-12-10 11:00:00+00:00,bacninh_bacninhcity,171.95902317778672
2025-12-10 12:00:00+00:00,bienhoa_dongnai,66.01525556725494
2025-12-10 12:00:00+00:00,bentre_bentrecity,92.98771618696759
2025-12-10 12:00:00+00:00,bacgiang_bacgiangcity,169.7871683819808
2025-12-10 12:00:00+00:00,angiang_longxuyen,60.856572329653645
2025-12-10 12:00:00+00:00,binhduong_thudaumot,66.26078884537012
2025-12-10 12:00:00+00:00,bacninh_bacninhcity,171.1222860384401
2025-12-10 12:00:00+00:00,backan_backancity,133.79657223956445
2025-12-10 13:00:00+00:00,bacninh_bacninhcity,169.01563905449822
2025-12-10 13:00:00+00:00,bentre_bentrecity,89.30216082724561
2025-12-10 13:00:00+00:00,bacgiang_bacgiangcity,167.99104058914546
2025-12-10 13:00:00+00:00,angiang_longxuyen,60.638019343883094
2025-12-10 13:00:00+00:00,bienhoa_dongnai,66.16760437171345
2025-12-10 13:00:00+00:00,backan_backancity,130.62763443861982
2025-12-10 13:00:00+00:00,binhduong_thudaumot,66.35738882128297
2025-12-10 14:00:00+00:00,backan_backancity,127.07068687945724
2025-12-10 14:00:00+00:00,binhduong_thudaumot,66.52484850387611
2025-12-10 14:00:00+00:00,bentre_bentrecity,84.17876603684012
2025-12-10 14:00:00+00:00,bacgiang_bacgiangcity,165.90439931141236
2025-12-10 14:00:00+00:00,angiang_longxuyen,60.19908596986099
2025-12-10 14:00:00+00:00,bacninh_bacninhcity,167.03266370893786
2025-12-10 14:00:00+00:00,bienhoa_dongnai,66.31440570435461
2025-12-10 15:00:00+00:00,bacninh_bacninhcity,165.47631722736082
2025-12-10 15:00:00+00:00,bienhoa_dongnai,66.60882634979512
2025-12-10 15:00:00+00:00,binhduong_thudaumot,66.86462353851198
2025-12-10 15:00:00+00:00,backan_backancity,123.81806274679892
2025-12-10 15:00:00+00:00,bacgiang_bacgiangcity,164.1624801078887
2025-12-10 15:00:00+00:00,bentre_bentrecity,80.01050013628011
2025-12-10 15:00:00+00:00,angiang_longxuyen,59.710895397059076
2025-12-10 16:00:00+00:00,bacninh_bacninhcity,164.4790906405986
2025-12-10 16:00:00+00:00,bacgiang_bacgiangcity,163.10769904489126
2025-12-10 16:00:00+00:00,angiang_longxuyen,59.071574288119315
2025-12-10 16:00:00+00:00,binhduong_thudaumot,67.33316518368474
2025-12-10 16:00:00+00:00,bentre_bentrecity,77.913242520324
2025-12-10 16:00:00+00:00,backan_backancity,121.29743404687773
2025-12-10 16:00:00+00:00,bienhoa_dongnai,67.01981351873263
2025-12-10 17:00:00+00:00,binhduong_thudaumot,67.61493324242338
2025-12-10 17:00:00+00:00,angiang_longxuyen,58.14571211919885
2025-12-10 17:00:00+00:00,bentre_bentrecity,77.37955832766151
2025-12-10 17:00:00+00:00,bacgiang_bacgiangcity,162.69051176039315
2025-12-10 17:00:00+00:00,backan_backancity,119.49645384781157
2025-12-10 17:00:00+00:00,bienhoa_dongnai,67.16340384415716
2025-12-10 17:00:00+00:00,bacninh_bacninhcity,164.02996297130744
2025-12-10 18:00:00+00:00,bentre_bentrecity,77.54215363888855
2025-12-10 18:00:00+00:00,bacninh_bacninhcity,163.93461172042328
2025-12-10 18:00:00+00:00,backan_backancity,118.17063092599525
2025-12-10 18:00:00+00:00,binhduong_thudaumot,67.81875388343036
2025-12-10 18:00:00+00:00,bienhoa_dongnai,67.17144441507361
2025-12-10 18:00:00+00:00,bacgiang_bacgiangcity,162.6047282667846
2025-12-10 18:00:00+00:00,angiang_longxuyen,57.07805657062685
2025-12-10 19:00:00+00:00,bienhoa_dongnai,67.23956301803241
2025-12-10 19:00:00+00:00,bentre_bentrecity,77.93198644862923
2025-12-10 19:00:00+00:00,binhduong_thudaumot,68.11581120959345
2025-12-10 19:00:00+00:00,backan_backancity,117.51715288652552
2025-12-10 19:00:00+00:00,angiang_longxuyen,55.8251024104804
2025-12-10 19:00:00+00:00,bacninh_bacninhcity,163.8398260941166
2025-12-10 19:00:00+00:00,bacgiang_bacgiangcity,162.617389555403
2025-12-10 20:00:00+00:00,angiang_longxuyen,54.606590436142696
2025-12-10 20:00:00+00:00,binhduong_thudaumot,68.5579555908322
2025-12-10 20:00:00+00:00,bienhoa_dongnai,67.48479172906742
2025-12-10 20:00:00+00:00,bentre_bentrecity,78.24907123579254
2025-12-10 20:00:00+00:00,bacgiang_bacgiangcity,162.5439279756664
2025-12-10 20:00:00+00:00,backan_backancity,117.37562273985041
2025-12-10 20:00:00+00:00,bacninh_bacninhcity,163.63061896674893
2025-12-10 21:00:00+00:00,bienhoa_dongnai,67.87371518852588
2025-12-10 21:00:00+00:00,bacninh_bacninhcity,163.2613574877945
2025-12-10 21:00:00+00:00,angiang_longxuyen,53.551770214520644
2025-12-10 21:00:00+00:00,binhduong_thudaumot,69.09135697120595
2025-12-10 21:00:00+00:00,bentre_bentrecity,78.32996860324354
2025-12-10 21:00:00+00:00,bacgiang_bacgiangcity,162.3645423164055
2025-12-10 21:00:00+00:00,backan_backancity,117.57911705898579
2025-12-10 22:00:00+00:00,angiang_longxuyen,52.61326851177319
2025-12-10 22:00:00+00:00,bienhoa_dongnai,68.56638339703628
2025-12-10 22:00:00+00:00,binhduong_thudaumot,69.85186097038643
2025-12-10 22:00:00+00:00,bacninh_bacninhcity,162.7372671581573
2025-12-10 22:00:00+00:00,bacgiang_bacgiangcity,162.13879284562643
2025-12-10 22:00:00+00:00,backan_backancity,117.90703029358865
2025-12-10 22:00:00+00:00,bentre_bentrecity,78.22454053296411
2025-12-10 23:00:00+00:00,angiang_longxuyen,51.935054186695936
2025-12-10 23:00:00+00:00,bacninh_bacninhcity,162.30703570071142
2025-12-10 23:00:00+00:00,bacgiang_bacgiangcity,162.00000597815196
2025-12-10 23:00:00+00:00,backan_backancity,118.02434844512995
2025-12-10 23:00:00+00:00,bentre_bentrecity,78.24941931245559
2025-12-10 23:00:00+00:00,binhduong_thudaumot,70.93815602426474
2025-12-10 23:00:00+00:00,bienhoa_dongnai,69.71165133955176
2025-12-11 00:00:00+00:00,backan_backancity,118.24939414840594
2025-12-11 00:00:00+00:00,binhduong_thudaumot,72.29439758321286
2025-12-11 00:00:00+00:00,angiang_longxuyen,51.55748672836947
2025-12-11 00:00:00+00:00,bacninh_bacninhcity,161.77564446306678
2025-12-11 00:00:00+00:00,bacgiang_bacgiangcity,161.7460057352081
2025-12-11 00:00:00+00:00,bienhoa_dongnai,71.19312653090685
2025-12-11 00:00:00+00:00,bentre_bentrecity,78.47282796767567
2025-12-11 01:00:00+00:00,binhduong_thudaumot,74.03735666576738
2025-12-11 01:00:00+00:00,bienhoa_dongnai,73.15800624094692
2025-12-11 01:00:00+00:00,bacgiang_bacgiangcity,161.5301372907013
2025-12-11 01:00:00+00:00,angiang_longxuyen,51.54639613569305
2025-12-11 01:00:00+00:00,bacninh_bacninhcity,161.2989317182289
2025-12-11 01:00:00+00:00,backan_backancity,118.79951191052267
2025-12-11 01:00:00+00:00,bentre_bentrecity,79.00289651400075
2025-12-11 02:00:00+00:00,bienhoa_dongnai,74.80988671365621
2025-12-11 02:00:00+00:00,angiang_longxuyen,51.80362043872841
2025-12-11 02:00:00+00:00,bentre_bentrecity,79.6532081435763
2025-12-11 02:00:00+00:00,binhduong_thudaumot,75.70083244231452
2025-12-11 02:00:00+00:00,backan_backancity,119.25044849072212
2025-12-11 02:00:00+00:00,bacninh_bacninhcity,160.57652035886093
2025-12-11 02:00:00+00:00,bacgiang_bacgiangcity,161.03250948937247
2025-12-11 03:00:00+00:00,angiang_longxuyen,52.33004723296632
2025-12-11 03:00:00+00:00,binhduong_thudaumot,76.59669910479668
2025-12-11 03:00:00+00:00,bacninh_bacninhcity,159.64101211541572
2025-12-11 03:00:00+00:00,bienhoa_dongnai,75.58637178262894
2025-12-11 03:00:00+00:00,bentre_bentrecity,79.89513447727062
2025-12-11 03:00:00+00:00,backan_backancity,119.761056288364
2025-12-11 03:00:00+00:00,bacgiang_bacgiangcity,160.28655509470747
2025-12-11 04:00:00+00:00,angiang_longxuyen,52.93664043366284
2025-12-11 04:00:00+00:00,bienhoa_dongnai,75.75042031392422
2025-12-11 04:00:00+00:00,bacgiang_bacgiangcity,159.43608198004526
2025-12-11 04:00:00+00:00,bacninh_bacninhcity,158.65679924489328
2025-12-11 04:00:00+00:00,binhduong_thudaumot,76.68934405962563
2025-12-11 04:00:00+00:00,backan_backancity,120.33301803656623
2025-12-11 04:00:00+00:00,bentre_bentrecity,79.75330628995277
2025-12-11 05:00:00+00:00,bentre_bentrecity,79.54230221681212
2025-12-11 05:00:00+00:00,bacninh_bacninhcity,157.78444081004181
2025-12-11 05:00:00+00:00,bienhoa_dongnai,75.5556235604068
2025-12-11 05:00:00+00:00,backan_backancity,121.22267153061296
2025-12-11 05:00:00+00:00,angiang_longxuyen,53.99583336836445
2025-12-11 05:00:00+00:00,binhduong_thudaumot,76.19240806066458
2025-12-11 05:00:00+00:00,bacgiang_bacgiangcity,158.62662099820687
2025-12-11 06:00:00+00:00,angiang_longxuyen,55.21742582117013
2025-12-11 06:00:00+00:00,binhduong_thudaumot,75.60692570958201
2025-12-11 06:00:00+00:00,bacgiang_bacgiangcity,158.04337939064268
2025-12-11 06:00:00+00:00,bacninh_bacninhcity,157.2447914535663
2025-12-11 06:00:00+00:00,bienhoa_dongnai,75.36187103687854
2025-12-11 06:00:00+00:00,backan_backancity,122.47238531457434
2025-12-11 06:00:00+00:00,bentre_bentrecity,79.4821719732703
2025-12-11 07:00:00+00:00,bienhoa_dongnai,75.49587620119433
2025-12-11 07:00:00+00:00,bentre_bentrecity,79.53952195446601
2025-12-11 07:00:00+00:00,angiang_longxuyen,56.74715749089876
2025-12-11 07:00:00+00:00,binhduong_thudaumot,75.37985354748334
2025-12-11 07:00:00+00:00,bacgiang_bacgiangcity,157.8811626127867
2025-12-11 07:00:00+00:00,backan_backancity,124.06387013528624
2025-12-11 07:00:00+00:00,bacninh_bacninhcity,157.1887641636902
2025-12-11 08:00:00+00:00,angiang_longxuyen,58.159426339723005
2025-12-11 08:00:00+00:00,binhduong_thudaumot,75.70526171785181
2025-12-11 08:00:00+00:00,bacgiang_bacgiangcity,158.24399772634962
2025-12-11 08:00:00+00:00,bacninh_bacninhcity,157.70343901959188
2025-12-11 08:00:00+00:00,bienhoa_dongnai,76.12293195871989
2025-12-11 08:00:00+00:00,backan_backancity,125.7489875783585
2025-12-11 08:00:00+00:00,bentre_bentrecity,79.8089985560407
2025-12-11 09:00:00+00:00,bienhoa_dongnai,77.02096104747125
2025-12-11 09:00:00+00:00,bacninh_bacninhcity,158.64908064489015
2025-12-11 09:00:00+00:00,binhduong_thudaumot,76.33631600604414
2025-12-11 09:00:00+00:00,angiang_longxuyen,59.21980708603727
2025-12-11 09:00:00+00:00,bentre_bentrecity,80.17722015596429
2025-12-11 09:00:00+00:00,bacgiang_bacgiangcity,159.0664202129283
2025-12-11 09:00:00+00:00,backan_backancity,127.4384385758857
2025-12-11 10:00:00+00:00,bienhoa_dongnai,77.767742124211
2025-12-11 10:00:00+00:00,bacninh_bacninhcity,159.7850984500851
2025-12-11 10:00:00+00:00,bentre_bentrecity,80.42777443994396
2025-12-11 10:00:00+00:00,binhduong_thudaumot,76.85076461211486
2025-12-11 10:00:00+00:00,angiang_longxuyen,59.98145973820581
2025-12-11 10:00:00+00:00,bacgiang_bacgiangcity,160.1825715425797
2025-12-11 10:00:00+00:00,backan_backancity,128.90975863059631
2025-12-11 11:00:00+00:00,bienhoa_dongnai,78.15553433451454
2025-12-11 11:00:00+00:00,bacninh_bacninhcity,160.7976273571466
2025-12-11 11:00:00+00:00,backan_backancity,130.01944008527326
2025-12-11 11:00:00+00:00,angiang_longxuyen,60.484378304813006
2025-12-11 11:00:00+00:00,bentre_bentrecity,80.31471043786888
2025-12-11 11:00:00+00:00,bacgiang_bacgiangcity,161.28693612622857
2025-12-11 11:00:00+00:00,binhduong_thudaumot,76.97027238341465
2025-12-11 12:00:00+00:00,backan_backancity,130.9780258114787
2025-12-11 12:00:00+00:00,bacninh_bacninhcity,162.09409980209085
2025-12-11 12:00:00+00:00,angiang_longxuyen,60.886928965629856
2025-12-11 12:00:00+00:00,bienhoa_dongnai,78.22531500353941
2025-12-11 12:00:00+00:00,binhduong_thudaumot,76.81799319428875
2025-12-11 12:00:00+00:00,bacgiang_bacgiangcity,162.61342148144425
2025-12-11 12:00:00+00:00,bentre_bentrecity,79.91150278235052
2025-12-11 13:00:00+00:00,bacgiang_bacgiangcity,164.57811410027793
2025-12-11 13:00:00+00:00,backan_backancity,131.81216107776902
2025-12-11 13:00:00+00:00,bienhoa_dongnai,77.64863029011542
2025-12-11 13:00:00+00:00,binhduong_thudaumot,76.25872101593382
2025-12-11 13:00:00+00:00,bentre_bentrecity,79.12675524358865
2025-12-11 13:00:00+00:00,bacninh_bacninhcity,164.12393496841423
2025-12-11 13:00:00+00:00,angiang_longxuyen,60.64679957770852
2025-12-11 14:00:00+00:00,angiang_longxuyen,60.420253881562694
2025-12-11 14:00:00+00:00,binhduong_thudaumot,75.4862910400856
2025-12-11 14:00:00+00:00,bacninh_bacninhcity,166.9454835577188
2025-12-11 14:00:00+00:00,bacgiang_bacgiangcity,167.19190008036648
2025-12-11 14:00:00+00:00,backan_backancity,132.79545589609265
2025-12-11 14:00:00+00:00,bienhoa_dongnai,76.70880589604837
2025-12-11 14:00:00+00:00,bentre_bentrecity,77.95529453217868
2025-12-11 15:00:00+00:00,bacninh_bacninhcity,170.16400923027314
2025-12-11 15:00:00+00:00,bacgiang_bacgiangcity,170.2420697729203
2025-12-11 15:00:00+00:00,binhduong_thudaumot,74.67110419714005
2025-12-11 15:00:00+00:00,bentre_bentrecity,76.73211833055612
2025-12-11 15:00:00+00:00,backan_backancity,133.95070928787936
2025-12-11 15:00:00+00:00,angiang_longxuyen,60.249887758833076
2025-12-11 15:00:00+00:00,bienhoa_dongnai,75.76218530513529
2025-12-11 16:00:00+00:00,bienhoa_dongnai,74.67622092408688
2025-12-11 16:00:00+00:00,binhduong_thudaumot,73.68946709392418
2025-12-11 16:00:00+00:00,bacninh_bacninhcity,173.2731257057144
2025-12-11 16:00:00+00:00,backan_backancity,135.054390771077
2025-12-11 16:00:00+00:00,angiang_longxuyen,60.18529343208765
2025-12-11 16:00:00+00:00,bacgiang_bacgiangcity,173.2654288605027
2025-12-11 16:00:00+00:00,bentre_bentrecity,75.30751886594334
2025-12-11 17:00:00+00:00,backan_backancity,136.04626567914482
2025-12-11 17:00:00+00:00,angiang_longxuyen,60.16118042125488
2025-12-11 17:00:00+00:00,bacninh_bacninhcity,175.72462529261438
2025-12-11 17:00:00+00:00,bacgiang_bacgiangcity,175.74009730028695
2025-12-11 17:00:00+00:00,binhduong_thudaumot,72.66190997693548
2025-12-11 17:00:00+00:00,bentre_bentrecity,73.66782107644079
2025-12-11 17:00:00+00:00,bienhoa_dongnai,73.55510950198703
2025-12-11 18:00:00+00:00,bacninh_bacninhcity,177.37965585912428
2025-12-11 18:00:00+00:00,angiang_longxuyen,60.17556033839712
2025-12-11 18:00:00+00:00,bacgiang_bacgiangcity,177.40908574098512
2025-12-11 18:00:00+00:00,binhduong_thudaumot,71.65541584901958
2025-12-11 18:00:00+00:00,backan_backancity,136.84754250844327
2025-12-11 18:00:00+00:00,bienhoa_dongnai,72.42011852294809
2025-12-11 18:00:00+00:00,bentre_bentrecity,71.85517269498546
2025-12-11 19:00:00+00:00,bienhoa_dongnai,71.24153964377875
2025-12-11 19:00:00+00:00,bacninh_bacninhcity,178.32974851475126
2025-12-11 19:00:00+00:00,bacgiang_bacgiangcity,178.31046506761834
2025-12-11 19:00:00+00:00,binhduong_thudaumot,70.70518396272735
2025-12-11 19:00:00+00:00,angiang_longxuyen,60.1686466656773
2025-12-11 19:00:00+00:00,bentre_bentrecity,69.81708811174778
2025-12-11 19:00:00+00:00,backan_backancity,137.56602930343536
2025-12-11 20:00:00+00:00,binhduong_thudaumot,69.97260876479832
2025-12-11 20:00:00+00:00,bienhoa_dongnai,70.14721272090057
2025-12-11 20:00:00+00:00,bacninh_bacninhcity,178.83530376208108
2025-12-11 20:00:00+00:00,bentre_bentrecity,67.65437467930519
2025-12-11 20:00:00+00:00,backan_backancity,137.91722995453583
2025-12-11 20:00:00+00:00,angiang_longxuyen,60.29232265501711
2025-12-11 20:00:00+00:00,bacgiang_bacgiangcity,178.7293057162659
2025-12-11 21:00:00+00:00,angiang_longxuyen,60.378136605333694
2025-12-11 21:00:00+00:00,bentre_bentrecity,65.47186438665165
2025-12-11 21:00:00+00:00,binhduong_thudaumot,69.63566620400803
2025-12-11 21:00:00+00:00,bacgiang_bacgiangcity,178.76768987028368
2025-12-11 21:00:00+00:00,bienhoa_dongnai,69.28650615234471
2025-12-11 21:00:00+00:00,backan_backancity,137.79730884219867
2025-12-11 21:00:00+00:00,bacninh_bacninhcity,179.01597295403695
2025-12-11 22:00:00+00:00,backan_backancity,137.46509577306756
2025-12-11 22:00:00+00:00,angiang_longxuyen,60.49680464168387
2025-12-11 22:00:00+00:00,bienhoa_dongnai,68.73300334467982
2025-12-11 22:00:00+00:00,bacgiang_bacgiangcity,178.73088946508278
2025-12-11 22:00:00+00:00,bentre_bentrecity,63.54322380819334
2025-12-11 22:00:00+00:00,bacninh_bacninhcity,179.0619538812258
2025-12-11 22:00:00+00:00,binhduong_thudaumot,69.67328458936711
2025-12-11 23:00:00+00:00,bentre_bentrecity,61.825900571872424
2025-12-11 23:00:00+00:00,bacninh_bacninhcity,179.21170516358632
2025-12-11 23:00:00+00:00,binhduong_thudaumot,69.98604452399204
2025-12-11 23:00:00+00:00,bacgiang_bacgiangcity,178.842944044835
2025-12-11 23:00:00+00:00,angiang_longxuyen,60.68532296239153
2025-12-11 23:00:00+00:00,backan_backancity,136.96702417399334
2025-12-11 23:00:00+00:00,bienhoa_dongnai,68.56629202691222
2025-12-12 00:00:00+00:00,bacninh_bacninhcity,179.5260270922367
2025-12-12 00:00:00+00:00,backan_backancity,136.17627666375216
2025-12-12 00:00:00+00:00,binhduong_thudaumot,70.45757092655046
2025-12-12 00:00:00+00:00,bacgiang_bacgiangcity,179.15452486976386
2025-12-12 00:00:00+00:00,angiang_longxuyen,61.06335162229654
2025-12-12 00:00:00+00:00,bienhoa_dongnai,68.90934768409733
2025-12-12 00:00:00+00:00,bentre_bentrecity,60.34847177172529
2025-12-12 01:00:00+00:00,bentre_bentrecity,58.87156943753102
2025-12-12 01:00:00+00:00,angiang_longxuyen,61.55582788901225
2025-12-12 01:00:00+00:00,bienhoa_dongnai,69.23537804150101
2025-12-12 01:00:00+00:00,bacgiang_bacgiangcity,179.2768738168258
2025-12-12 01:00:00+00:00,bacninh_bacninhcity,179.7552877863543
2025-12-12 01:00:00+00:00,backan_backancity,135.6557193122449
2025-12-12 01:00:00+00:00,binhduong_thudaumot,70.67863006429496
2025-12-12 02:00:00+00:00,bienhoa_dongnai,69.23986387949606
2025-12-12 02:00:00+00:00,angiang_longxuyen,62.07091608595132
2025-12-12 02:00:00+00:00,bentre_bentrecity,57.49037078184224
2025-12-12 02:00:00+00:00,bacninh_bacninhcity,180.21814272904447
2025-12-12 02:00:00+00:00,backan_backancity,135.5881184733224
2025-12-12 02:00:00+00:00,binhduong_thudaumot,70.4444788930615
2025-12-12 02:00:00+00:00,bacgiang_bacgiangcity,179.47818395490052
2025-12-12 03:00:00+00:00,bacgiang_bacgiangcity,179.68791754822104
2025-12-12 03:00:00+00:00,binhduong_thudaumot,69.8035261747637
2025-12-12 03:00:00+00:00,bentre_bentrecity,56.19060901243219
2025-12-12 03:00:00+00:00,bacninh_bacninhcity,180.63439020655233
2025-12-12 03:00:00+00:00,backan_backancity,135.38833987256507
2025-12-12 03:00:00+00:00,angiang_longxuyen,62.58394192866182
2025-12-12 03:00:00+00:00,bienhoa_dongnai,68.92860937643883
2025-12-12 04:00:00+00:00,bacgiang_bacgiangcity,179.69076307494146
2025-12-12 04:00:00+00:00,binhduong_thudaumot,68.93986530553019
2025-12-12 04:00:00+00:00,backan_backancity,134.94190109549595
2025-12-12 04:00:00+00:00,bacninh_bacninhcity,180.74744550671085
2025-12-12 04:00:00+00:00,bienhoa_dongnai,68.40633774736608
2025-12-12 04:00:00+00:00,bentre_bentrecity,55.07766868999744
2025-12-12 04:00:00+00:00,angiang_longxuyen,63.034579380478974
2025-12-12 05:00:00+00:00,binhduong_thudaumot,68.10756614363746
2025-12-12 05:00:00+00:00,backan_backancity,134.39232720316525
2025-12-12 05:00:00+00:00,bacninh_bacninhcity,180.53891277787784
2025-12-12 05:00:00+00:00,angiang_longxuyen,63.387459501478645
2025-12-12 05:00:00+00:00,bentre_bentrecity,54.19364968693382
2025-12-12 05:00:00+00:00,bienhoa_dongnai,67.8339343768976
2025-12-12 05:00:00+00:00,bacgiang_bacgiangcity,179.5210757017048
2025-12-12 06:00:00+00:00,bentre_bentrecity,53.76091207751399
2025-12-12 06:00:00+00:00,binhduong_thudaumot,67.54277259921491
2025-12-12 06:00:00+00:00,bienhoa_dongnai,67.44005082499069
2025-12-12 06:00:00+00:00,bacninh_bacninhcity,180.21060686928945
2025-12-12 06:00:00+00:00,angiang_longxuyen,63.83727027122105
2025-12-12 06:00:00+00:00,bacgiang_bacgiangcity,179.52203291252818
2025-12-12 06:00:00+00:00,backan_backancity,133.69809700062942
2025-12-12 07:00:00+00:00,bentre_bentrecity,53.80514391947102
2025-12-12 07:00:00+00:00,backan_backancity,132.9286822388749
2025-12-12 07:00:00+00:00,bacgiang_bacgiangcity,179.78170680507975
2025-12-12 07:00:00+00:00,binhduong_thudaumot,67.42849903073574
2025-12-12 07:00:00+00:00,bienhoa_dongnai,67.42242509296551
2025-12-12 07:00:00+00:00,angiang_longxuyen,64.59455021031002
2025-12-12 07:00:00+00:00,bacninh_bacninhcity,180.13858980770448
2025-12-12 08:00:00+00:00,bentre_bentrecity,54.34914423423464
2025-12-12 08:00:00+00:00,backan_backancity,132.18948488243134
2025-12-12 08:00:00+00:00,bacgiang_bacgiangcity,180.36739800216014
2025-12-12 08:00:00+00:00,angiang_longxuyen,65.72503794752078
2025-12-12 08:00:00+00:00,binhduong_thudaumot,67.73000303626928
2025-12-12 08:00:00+00:00,bacninh_bacninhcity,180.45400817784346
2025-12-12 08:00:00+00:00,bienhoa_dongnai,67.7995835612129
2025-12-12 09:00:00+00:00,binhduong_thudaumot,68.17065068785692
2025-12-12 09:00:00+00:00,backan_backancity,131.51597829422184
2025-12-12 09:00:00+00:00,bacninh_bacninhcity,181.05208220221184
2025-12-12 09:00:00+00:00,bienhoa_dongnai,68.37322695479348
2025-12-12 09:00:00+00:00,bentre_bentrecity,55.19815542691205
2025-12-12 09:00:00+00:00,bacgiang_bacgiangcity,181.29492658810494
2025-12-12 09:00:00+00:00,angiang_longxuyen,67.03203100960567
2025-12-12 10:00:00+00:00,bacgiang_bacgiangcity,182.04876491918805
2025-12-12 10:00:00+00:00,bacninh_bacninhcity,181.56317186848412
2025-12-12 10:00:00+00:00,backan_backancity,130.86409161774597
2025-12-12 10:00:00+00:00,bienhoa_dongnai,68.93869924870899
2025-12-12 10:00:00+00:00,binhduong_thudaumot,68.55913905148655
2025-12-12 10:00:00+00:00,bentre_bentrecity,56.06231665634869
2025-12-12 10:00:00+00:00,angiang_longxuyen,68.2815174559965
2025-12-12 11:00:00+00:00,bacgiang_bacgiangcity,182.56871313653494
2025-12-12 11:00:00+00:00,bacninh_bacninhcity,181.89815214708648
2025-12-12 11:00:00+00:00,angiang_longxuyen,69.05107579937453
2025-12-12 11:00:00+00:00,binhduong_thudaumot,68.9008241568109
2025-12-12 11:00:00+00:00,bentre_bentrecity,56.67415711274068
2025-12-12 11:00:00+00:00,backan_backancity,130.13074630019995
2025-12-12 11:00:00+00:00,bienhoa_dongnai,69.54425692133293
2025-12-12 12:00:00+00:00,binhduong_thudaumot,69.36095539961272
2025-12-12 12:00:00+00:00,angiang_longxuyen,69.13291297381579
2025-12-12 12:00:00+00:00,backan_backancity,129.45097433205555
2025-12-12 12:00:00+00:00,bienhoa_dongnai,70.22053071901368
2025-12-12 12:00:00+00:00,bacgiang_bacgiangcity,183.28247043986784
2025-12-12 12:00:00+00:00,bacninh_bacninhcity,182.491849107417
2025-12-12 12:00:00+00:00,bentre_bentrecity,56.85348185858554
2025-12-12 13:00:00+00:00,binhduong_thudaumot,70.22705280548757
2025-12-12 13:00:00+00:00,angiang_longxuyen,68.651157468322
2025-12-12 13:00:00+00:00,bienhoa_dongnai,71.04731286579708
2025-12-12 13:00:00+00:00,bentre_bentrecity,56.89173983481298
2025-12-12 13:00:00+00:00,bacninh_bacninhcity,182.4902740605167
2025-12-12 13:00:00+00:00,backan_backancity,128.62884771064043
2025-12-12 13:00:00+00:00,bacgiang_bacgiangcity,183.2616728592506
2025-12-12 14:00:00+00:00,angiang_longxuyen,68.32152451745576
2025-12-12 14:00:00+00:00,bentre_bentrecity,56.9420543164568
2025-12-12 14:00:00+00:00,binhduong_thudaumot,71.58340313839291
2025-12-12 14:00:00+00:00,backan_backancity,127.73201078446002
2025-12-12 14:00:00+00:00,bienhoa_dongnai,71.93452982320247
2025-12-12 14:00:00+00:00,bacninh_bacninhcity,181.9935077489289
2025-12-12 14:00:00+00:00,bacgiang_bacgiangcity,182.62678972776476
2025-12-12 15:00:00+00:00,binhduong_thudaumot,73.14109841703927
2025-12-12 15:00:00+00:00,bentre_bentrecity,57.41652631777627
2025-12-12 15:00:00+00:00,bacgiang_bacgiangcity,181.56130095642024
2025-12-12 15:00:00+00:00,angiang_longxuyen,68.44591841491311
2025-12-12 15:00:00+00:00,backan_backancity,127.06238525104351
2025-12-12 15:00:00+00:00,bacninh_bacninhcity,181.07227064866873
2025-12-12 15:00:00+00:00,bienhoa_dongnai,72.86441662853944
2025-12-12 16:00:00+00:00,backan_backancity,127.03844192758399
2025-12-12 16:00:00+00:00,bienhoa_dongnai,73.70072302301554
2025-12-12 16:00:00+00:00,bacninh_bacninhcity,179.77276123483938
2025-12-12 16:00:00+00:00,bacgiang_bacgiangcity,180.17414583883502
2025-12-12 16:00:00+00:00,bentre_bentrecity,58.15495355460282
2025-12-12 16:00:00+00:00,binhduong_thudaumot,74.54677121309874
2025-12-12 16:00:00+00:00,angiang_longxuyen,69.14855466886158
2025-12-12 17:00:00+00:00,backan_backancity,127.56009572057982
2025-12-12 17:00:00+00:00,angiang_longxuyen,70.1470212787359
2025-12-12 17:00:00+00:00,bentre_bentrecity,58.89193192231942
2025-12-12 17:00:00+00:00,bacgiang_bacgiangcity,178.51418563658467
2025-12-12 17:00:00+00:00,binhduong_thudaumot,75.66284857645923
2025-12-12 17:00:00+00:00,bienhoa_dongnai,74.55749632527895
2025-12-12 17:00:00+00:00,bacninh_bacninhcity,178.23049445428268
2025-12-12 18:00:00+00:00,angiang_longxuyen,71.35540857313714
2025-12-12 18:00:00+00:00,binhduong_thudaumot,76.59088622452376
2025-12-12 18:00:00+00:00,bacninh_bacninhcity,176.60407143851717
2025-12-12 18:00:00+00:00,bentre_bentrecity,59.6270915894716
2025-12-12 18:00:00+00:00,bacgiang_bacgiangcity,176.78942226159108
2025-12-12 18:00:00+00:00,backan_backancity,128.53353996933916
2025-12-12 18:00:00+00:00,bienhoa_dongnai,75.26722464123706
2025-12-12 19:00:00+00:00,binhduong_thudaumot,77.7092173842775
2025-12-12 19:00:00+00:00,backan_backancity,129.79734977041448
2025-12-12 19:00:00+00:00,bacninh_bacninhcity,174.87783308866392
2025-12-12 19:00:00+00:00,bentre_bentrecity,60.202792986322464
2025-12-12 19:00:00+00:00,bienhoa_dongnai,76.06576471777228
2025-12-12 19:00:00+00:00,angiang_longxuyen,72.72330634933914
2025-12-12 19:00:00+00:00,bacgiang_bacgiangcity,175.14312406836544
2025-12-12 20:00:00+00:00,bacninh_bacninhcity,173.2329185001739
2025-12-12 20:00:00+00:00,backan_backancity,131.08808765233496
2025-12-12 20:00:00+00:00,binhduong_thudaumot,79.1299227412224
2025-12-12 20:00:00+00:00,bienhoa_dongnai,76.911986946187
2025-12-12 20:00:00+00:00,bacgiang_bacgiangcity,173.67200850869438
2025-12-12 20:00:00+00:00,bentre_bentrecity,60.544138716900335
2025-12-12 20:00:00+00:00,angiang_longxuyen,74.1675460396645
2025-12-12 21:00:00+00:00,bacninh_bacninhcity,171.7437943241483
2025-12-12 21:00:00+00:00,backan_backancity,131.64718579235836
2025-12-12 21:00:00+00:00,bienhoa_dongnai,77.74744055283863
2025-12-12 21:00:00+00:00,binhduong_thudaumot,80.87665410461271
2025-12-12 21:00:00+00:00,angiang_longxuyen,75.72262204142142
2025-12-12 21:00:00+00:00,bacgiang_bacgiangcity,172.39645547119943
2025-12-12 21:00:00+00:00,bentre_bentrecity,60.792861247440705
2025-12-12 22:00:00+00:00,binhduong_thudaumot,83.10801695692525
2025-12-12 22:00:00+00:00,backan_backancity,131.00053331870313
2025-12-12 22:00:00+00:00,bienhoa_dongnai,78.86427498294125
2025-12-12 22:00:00+00:00,bacninh_bacninhcity,170.1958451920673
2025-12-12 22:00:00+00:00,angiang_longxuyen,77.31436791963061
2025-12-12 22:00:00+00:00,bentre_bentrecity,61.01156216579305
2025-12-12 22:00:00+00:00,bacgiang_bacgiangcity,171.1036813408001
2025-12-12 23:00:00+00:00,bentre_bentrecity,61.45989796067578
2025-12-12 23:00:00+00:00,backan_backancity,129.49258689712312
2025-12-12 23:00:00+00:00,angiang_longxuyen,79.11727015452055
2025-12-12 23:00:00+00:00,bienhoa_dongnai,80.38219815187591
2025-12-12 23:00:00+00:00,bacgiang_bacgiangcity,169.62321992272615
2025-12-12 23:00:00+00:00,bacninh_bacninhcity,168.53742522905097
2025-12-12 23:00:00+00:00,binhduong_thudaumot,85.27176047874255
2025-12-13 00:00:00+00:00,backan_backancity,127.42760033879
2025-12-13 00:00:00+00:00,angiang_longxuyen,81.37131020143077
2025-12-13 00:00:00+00:00,bienhoa_dongnai,82.56461707440539
2025-12-13 00:00:00+00:00,bacgiang_bacgiangcity,167.7931154966189
2025-12-13 00:00:00+00:00,bentre_bentrecity,62.4599396174504
2025-12-13 00:00:00+00:00,binhduong_thudaumot,87.21648654999206
2025-12-13 00:00:00+00:00,bacninh_bacninhcity,166.67009400383054
2025-12-13 01:00:00+00:00,bacgiang_bacgiangcity,165.66870354998662
2025-12-13 01:00:00+00:00,bentre_bentrecity,63.50931243929573
2025-12-13 01:00:00+00:00,bienhoa_dongnai,85.95540044880511
2025-12-13 01:00:00+00:00,backan_backancity,124.95359324466558
2025-12-13 01:00:00+00:00,angiang_longxuyen,83.93147497157653
2025-12-13 01:00:00+00:00,bacninh_bacninhcity,164.57546001572217
2025-12-13 01:00:00+00:00,binhduong_thudaumot,89.47814621260434
2025-12-13 02:00:00+00:00,bentre_bentrecity,64.27854446080217
2025-12-13 02:00:00+00:00,backan_backancity,121.73335764550403
2025-12-13 02:00:00+00:00,binhduong_thudaumot,90.8465976482485
2025-12-13 02:00:00+00:00,angiang_longxuyen,86.00605430519539
2025-12-13 02:00:00+00:00,bacninh_bacninhcity,162.1447275527314
2025-12-13 02:00:00+00:00,bienhoa_dongnai,88.53693495058296
2025-12-13 02:00:00+00:00,bacgiang_bacgiangcity,163.34183281229156
2025-12-13 03:00:00+00:00,angiang_longxuyen,87.65975347846913
2025-12-13 03:00:00+00:00,backan_backancity,118.13855022279738
2025-12-13 03:00:00+00:00,bentre_bentrecity,64.67949831992728
2025-12-13 03:00:00+00:00,bienhoa_dongnai,90.16710414143455
2025-12-13 03:00:00+00:00,bacgiang_bacgiangcity,160.9686287197863
2025-12-13 03:00:00+00:00,binhduong_thudaumot,91.42122435840221
2025-12-13 03:00:00+00:00,bacninh_bacninhcity,159.6560055176766
2025-12-13 04:00:00+00:00,bacgiang_bacgiangcity,158.85656044181744
2025-12-13 04:00:00+00:00,bentre_bentrecity,65.03099483619133
2025-12-13 04:00:00+00:00,bienhoa_dongnai,91.08312444270729
2025-12-13 04:00:00+00:00,backan_backancity,114.41789350708599
2025-12-13 04:00:00+00:00,bacninh_bacninhcity,157.35621949532506
2025-12-13 04:00:00+00:00,binhduong_thudaumot,91.57268556736996
2025-12-13 04:00:00+00:00,angiang_longxuyen,89.11166825921472
2025-12-13 05:00:00+00:00,angiang_longxuyen,90.29662129227616
2025-12-13 05:00:00+00:00,bacninh_bacninhcity,155.47545686186922
2025-12-13 05:00:00+00:00,bentre_bentrecity,65.48788026411022
2025-12-13 05:00:00+00:00,bacgiang_bacgiangcity,157.21281191014862
2025-12-13 05:00:00+00:00,binhduong_thudaumot,91.80159818482451
2025-12-13 05:00:00+00:00,backan_backancity,110.98983982399025
2025-12-13 05:00:00+00:00,bienhoa_dongnai,91.83906754986224
2025-12-13 06:00:00+00:00,angiang_longxuyen,91.75266186921846
2025-12-13 06:00:00+00:00,bacninh_bacninhcity,154.01221218574136
2025-12-13 06:00:00+00:00,bacgiang_bacgiangcity,156.00351526546518
2025-12-13 06:00:00+00:00,binhduong_thudaumot,92.59868286581235
2025-12-13 06:00:00+00:00,bienhoa_dongnai,92.98327712177414
2025-12-13 06:00:00+00:00,bentre_bentrecity,66.41285483753991
2025-12-13 06:00:00+00:00,backan_backancity,107.9111229502383
2025-12-13 07:00:00+00:00,bacninh_bacninhcity,152.45373373460313
2025-12-13 07:00:00+00:00,bienhoa_dongnai,94.98273498506946
2025-12-13 07:00:00+00:00,bentre_bentrecity,68.10328915164024
2025-12-13 07:00:00+00:00,bacgiang_bacgiangcity,154.71771137024342
2025-12-13 07:00:00+00:00,angiang_longxuyen,93.8458426372586
2025-12-13 07:00:00+00:00,binhduong_thudaumot,94.24037448195045
2025-12-13 07:00:00+00:00,backan_backancity,105.08784879807015
2025-12-13 08:00:00+00:00,bienhoa_dongnai,97.85278805736998
2025-12-13 08:00:00+00:00,bentre_bentrecity,70.45966373748703
2025-12-13 08:00:00+00:00,bacgiang_bacgiangcity,153.3431566278606
2025-12-13 08:00:00+00:00,backan_backancity,102.32341945320458
2025-12-13 08:00:00+00:00,angiang_longxuyen,96.56207084250136
2025-12-13 08:00:00+00:00,binhduong_thudaumot,96.51882340485702
2025-12-13 08:00:00+00:00,bacninh_bacninhcity,150.80427239470202
2025-12-13 09:00:00+00:00,bienhoa_dongnai,101.01905219444656
2025-12-13 09:00:00+00:00,binhduong_thudaumot,98.84527318733771
2025-12-13 09:00:00+00:00,bacgiang_bacgiangcity,151.5563485876784
2025-12-13 09:00:00+00:00,backan_backancity,99.68341731782075
2025-12-13 09:00:00+00:00,bacninh_bacninhcity,148.87580585457522
2025-12-13 09:00:00+00:00,bentre_bentrecity,73.06811544271436
2025-12-13 09:00:00+00:00,angiang_longxuyen,99.47291142940408
2025-12-13 10:00:00+00:00,bacgiang_bacgiangcity,149.12287067000784
2025-12-13 10:00:00+00:00,backan_backancity,96.89161568646227
2025-12-13 10:00:00+00:00,bacninh_bacninhcity,146.35164091330537
2025-12-13 10:00:00+00:00,binhduong_thudaumot,100.65426295674251
2025-12-13 10:00:00+00:00,bienhoa_dongnai,103.76994230889163
2025-12-13 10:00:00+00:00,angiang_longxuyen,101.89085153115799
2025-12-13 10:00:00+00:00,bentre_bentrecity,75.12816801434874
2025-12-13 11:00:00+00:00,binhduong_thudaumot,101.4952324907639
2025-12-13 11:00:00+00:00,angiang_longxuyen,103.35788181293141
2025-12-13 11:00:00+00:00,backan_backancity,93.93484257678166
2025-12-13 11:00:00+00:00,bacgiang_bacgiangcity,145.56195938784475
2025-12-13 11:00:00+00:00,bienhoa_dongnai,105.47568111877041
2025-12-13 11:00:00+00:00,bacninh_bacninhcity,142.61963254742028
2025-12-13 11:00:00+00:00,bentre_bentrecity,75.98846994378383
2025-12-13 12:00:00+00:00,bentre_bentrecity,75.43544574153064
2025-12-13 12:00:00+00:00,bienhoa_dongnai,106.6774128066653
2025-12-13 12:00:00+00:00,binhduong_thudaumot,101.78111981926182
2025-12-13 12:00:00+00:00,bacninh_bacninhcity,136.78894380221888
2025-12-13 12:00:00+00:00,backan_backancity,90.73193031804425
2025-12-13 12:00:00+00:00,angiang_longxuyen,103.68648712183698
2025-12-13 12:00:00+00:00,bacgiang_bacgiangcity,139.9815421143343
2025-12-13 13:00:00+00:00,angiang_longxuyen,102.99362719922702
2025-12-13 13:00:00+00:00,backan_backancity,87.82523347504119
2025-12-13 13:00:00+00:00,bentre_bentrecity,74.34946830760737
2025-12-13 13:00:00+00:00,bacninh_bacninhcity,129.3509327481368
2025-12-13 13:00:00+00:00,bienhoa_dongnai,106.48304571027883
2025-12-13 13:00:00+00:00,bacgiang_bacgiangcity,132.7128181453264
2025-12-13 13:00:00+00:00,binhduong_thudaumot,101.2722366327114
2025-12-13 14:00:00+00:00,bentre_bentrecity,73.7051740533443
2025-12-13 14:00:00+00:00,backan_backancity,85.08463881564539
2025-12-13 14:00:00+00:00,bacninh_bacninhcity,120.65518039205178
2025-12-13 14:00:00+00:00,binhduong_thudaumot,100.68874593278522
2025-12-13 14:00:00+00:00,angiang_longxuyen,102.12626828738351
2025-12-13 14:00:00+00:00,bienhoa_dongnai,105.90194803741113
2025-12-13 14:00:00+00:00,bacgiang_bacgiangcity,124.18457442011527
2025-12-13 15:00:00+00:00,binhduong_thudaumot,100.6271418021233
2025-12-13 15:00:00+00:00,bienhoa_dongnai,105.84940205803528
2025-12-13 15:00:00+00:00,bacninh_bacninhcity,111.67822886502428
2025-12-13 15:00:00+00:00,backan_backancity,82.43159522666271
2025-12-13 15:00:00+00:00,bentre_bentrecity,74.09611635744844
2025-12-13 15:00:00+00:00,bacgiang_bacgiangcity,115.29178130377572
2025-12-13 15:00:00+00:00,angiang_longxuyen,101.58000166722155
2025-12-13 16:00:00+00:00,angiang_longxuyen,101.74092294724724
2025-12-13 16:00:00+00:00,backan_backancity,79.74918158149563
2025-12-13 16:00:00+00:00,bacgiang_bacgiangcity,106.80717877793401
2025-12-13 16:00:00+00:00,binhduong_thudaumot,101.4867312621387
2025-12-13 16:00:00+00:00,bentre_bentrecity,75.65924163203837
2025-12-13 16:00:00+00:00,bacninh_bacninhcity,103.35301118706275
2025-12-13 16:00:00+00:00,bienhoa_dongnai,106.65772553621623
2025-12-13 17:00:00+00:00,binhduong_thudaumot,103.77267471069656
2025-12-13 17:00:00+00:00,angiang_longxuyen,102.84579795269029
2025-12-13 17:00:00+00:00,bacninh_bacninhcity,96.52069649240006
2025-12-13 17:00:00+00:00,backan_backancity,77.04000954285664
2025-12-13 17:00:00+00:00,bacgiang_bacgiangcity,99.71327250585425
2025-12-13 17:00:00+00:00,bienhoa_dongnai,108.61616419638052
2025-12-13 17:00:00+00:00,bentre_bentrecity,78.05792928723714
2025-12-13 18:00:00+00:00,bentre_bentrecity,81.00136997298338
2025-12-13 18:00:00+00:00,binhduong_thudaumot,107.2556176361412
2025-12-13 18:00:00+00:00,bacninh_bacninhcity,91.27169715039354
2025-12-13 18:00:00+00:00,bienhoa_dongnai,111.40407607102941
2025-12-13 18:00:00+00:00,bacgiang_bacgiangcity,94.24798539573594
2025-12-13 18:00:00+00:00,backan_backancity,74.264820414112
2025-12-13 18:00:00+00:00,angiang_longxuyen,104.8723076272071
2025-12-13 19:00:00+00:00,bentre_bentrecity,84.52105157440822
2025-12-13 19:00:00+00:00,bacninh_bacninhcity,87.17151939608434
2025-12-13 19:00:00+00:00,angiang_longxuyen,107.78281862901949
2025-12-13 19:00:00+00:00,bienhoa_dongnai,114.49993952752507
2025-12-13 19:00:00+00:00,bacgiang_bacgiangcity,90.08906317809968
2025-12-13 19:00:00+00:00,binhduong_thudaumot,111.1586140398562
2025-12-13 19:00:00+00:00,backan_backancity,71.29963363884173
2025-12-13 20:00:00+00:00,bacgiang_bacgiangcity,86.87425539940256
2025-12-13 20:00:00+00:00,bentre_bentrecity,88.88415882580809
2025-12-13 20:00:00+00:00,binhduong_thudaumot,114.45597962046105
2025-12-13 20:00:00+00:00,angiang_longxuyen,111.54986254264988
2025-12-13 20:00:00+00:00,bacninh_bacninhcity,83.97615061127895
2025-12-13 20:00:00+00:00,bienhoa_dongnai,117.28321599998776
2025-12-13 20:00:00+00:00,backan_backancity,68.38554016674885
2025-12-13 21:00:00+00:00,bacgiang_bacgiangcity,84.34090884840519
2025-12-13 21:00:00+00:00,bentre_bentrecity,93.97979994103324
2025-12-13 21:00:00+00:00,binhduong_thudaumot,116.48723972562382
2025-12-13 21:00:00+00:00,bacninh_bacninhcity,81.51802451490617
2025-12-13 21:00:00+00:00,bienhoa_dongnai,119.30404359491519
2025-12-13 21:00:00+00:00,backan_backancity,65.6529860782695
2025-12-13 21:00:00+00:00,angiang_longxuyen,115.61297992200045
2025-12-13 22:00:00+00:00,bacninh_bacninhcity,79.51397312739817
2025-12-13 22:00:00+00:00,bentre_bentrecity,98.91319164621527
2025-12-13 22:00:00+00:00,bienhoa_dongnai,120.54803369324854
2025-12-13 22:00:00+00:00,angiang_longxuyen,119.11782801888151
2025-12-13 22:00:00+00:00,bacgiang_bacgiangcity,82.20331349815991
2025-12-13 22:00:00+00:00,backan_backancity,63.264396997257464
2025-12-13 22:00:00+00:00,binhduong_thudaumot,117.32053852018325
2025-12-13 23:00:00+00:00,angiang_longxuyen,121.55631280180214
2025-12-13 23:00:00+00:00,binhduong_thudaumot,117.2444337332866
2025-12-13 23:00:00+00:00,bacninh_bacninhcity,77.76053258632757
2025-12-13 23:00:00+00:00,bentre_bentrecity,103.3785948217969
2025-12-13 23:00:00+00:00,backan_backancity,61.43085966506087
2025-12-13 23:00:00+00:00,bienhoa_dongnai,121.07637708461236
2025-12-13 23:00:00+00:00,bacgiang_bacgiangcity,80.27627407235164
2025-12-14 00:00:00+00:00,bacninh_bacninhcity,76.30347497288543
2025-12-14 00:00:00+00:00,binhduong_thudaumot,116.91511187593795
2025-12-14 00:00:00+00:00,angiang_longxuyen,122.6867222217637
2025-12-14 00:00:00+00:00,bacgiang_bacgiangcity,78.48260892190737
2025-12-14 00:00:00+00:00,bentre_bentrecity,107.45623352443407
2025-12-14 00:00:00+00:00,bienhoa_dongnai,121.38973636374148
2025-12-14 00:00:00+00:00,backan_backancity,60.144381371304455
2025-12-14 01:00:00+00:00,backan_backancity,58.55327508396361
2025-12-14 01:00:00+00:00,bacgiang_bacgiangcity,76.45538433055684
2025-12-14 01:00:00+00:00,bacninh_bacninhcity,74.43800160685403
2025-12-14 01:00:00+00:00,angiang_longxuyen,122.58387862070741
2025-12-14 01:00:00+00:00,bienhoa_dongnai,120.9657931287615
2025-12-14 01:00:00+00:00,bentre_bentrecity,110.2708532126648
2025-12-14 01:00:00+00:00,binhduong_thudaumot,115.98490309968766
2025-12-14 02:00:00+00:00,angiang_longxuyen,121.45631472746628
2025-12-14 02:00:00+00:00,bienhoa_dongnai,119.74292584517741
2025-12-14 02:00:00+00:00,backan_backancity,57.188240238315196
2025-12-14 02:00:00+00:00,bacninh_bacninhcity,72.28285884183276
2025-12-14 02:00:00+00:00,bacgiang_bacgiangcity,74.21173872299693
2025-12-14 02:00:00+00:00,binhduong_thudaumot,114.3565101875572
2025-12-14 02:00:00+00:00,bentre_bentrecity,111.77958715769496
2025-12-14 03:00:00+00:00,angiang_longxuyen,119.44603711864798
2025-12-14 03:00:00+00:00,bacninh_bacninhcity,70.08829204376286
2025-12-14 03:00:00+00:00,binhduong_thudaumot,112.01885124878675
2025-12-14 03:00:00+00:00,bentre_bentrecity,112.1270160718294
2025-12-14 03:00:00+00:00,bacgiang_bacgiangcity,71.9231651201539
2025-12-14 03:00:00+00:00,backan_backancity,56.1429573172607
2025-12-14 03:00:00+00:00,bienhoa_dongnai,117.60183667542677
2025-12-14 04:00:00+00:00,backan_backancity,55.39687674480535
2025-12-14 04:00:00+00:00,bienhoa_dongnai,115.01461655890591
2025-12-14 04:00:00+00:00,bacninh_bacninhcity,68.03434386660669
2025-12-14 04:00:00+00:00,angiang_longxuyen,116.9019067175335
2025-12-14 04:00:00+00:00,binhduong_thudaumot,109.48390680835807
2025-12-14 04:00:00+00:00,bacgiang_bacgiangcity,69.7583719296496
2025-12-14 04:00:00+00:00,bentre_bentrecity,112.02120946817891
2025-12-14 05:00:00+00:00,angiang_longxuyen,114.32468619089832
2025-12-14 05:00:00+00:00,bentre_bentrecity,111.80788198331238
2025-12-14 05:00:00+00:00,bienhoa_dongnai,112.17738711593097
2025-12-14 05:00:00+00:00,bacgiang_bacgiangcity,67.8156995107121
2025-12-14 05:00:00+00:00,bacninh_bacninhcity,66.24394193487852
2025-12-14 05:00:00+00:00,binhduong_thudaumot,106.92553191367809
2025-12-14 06:00:00+00:00,bacgiang_bacgiangcity,66.41549151826251
2025-12-14 06:00:00+00:00,angiang_longxuyen,112.13091126723684
2025-12-14 06:00:00+00:00,bienhoa_dongnai,109.61023361903491
2025-12-14 06:00:00+00:00,bentre_bentrecity,111.91945958926229
2025-12-14 06:00:00+00:00,binhduong_thudaumot,104.77904809951997
2025-12-14 06:00:00+00:00,bacninh_bacninhcity,65.04175475603785
2025-12-14 07:00:00+00:00,bacninh_bacninhcity,64.57911301030379
2025-12-14 07:00:00+00:00,bienhoa_dongnai,107.53055441843259
2025-12-14 07:00:00+00:00,angiang_longxuyen,110.57421779673632
2025-12-14 07:00:00+00:00,binhduong_thudaumot,103.09562100374266
2025-12-14 07:00:00+00:00,bacgiang_bacgiangcity,65.76499714843885
2025-12-14 07:00:00+00:00,bentre_bentrecity,112.72581888171105
2025-12-14 08:00:00+00:00,angiang_longxuyen,109.50257350715367
2025-12-14 08:00:00+00:00,bacgiang_bacgiangcity,65.87234399132336
2025-12-14 08:00:00+00:00,bentre_bentrecity,114.27122379093305
2025-12-14 08:00:00+00:00,bienhoa_dongnai,106.03402654300997
2025-12-14 08:00:00+00:00,backan_backancity,54.968816415545255
2025-12-14 08:00:00+00:00,bacninh_bacninhcity,64.97225254834342
2025-12-14 08:00:00+00:00,binhduong_thudaumot,101.86984401680337
2025-12-14 09:00:00+00:00,angiang_longxuyen,108.62907131414224
2025-12-14 09:00:00+00:00,bacgiang_bacgiangcity,66.6602851334687
2025-12-14 09:00:00+00:00,bienhoa_dongnai,105.02419958104537
2025-12-14 09:00:00+00:00,bentre_bentrecity,116.396083886269
2025-12-14 09:00:00+00:00,bacninh_bacninhcity,66.00479151257201
2025-12-14 09:00:00+00:00,backan_backancity,55.17291116692438
2025-12-14 09:00:00+00:00,binhduong_thudaumot,100.92763420985487
2025-12-14 10:00:00+00:00,bienhoa_dongnai,104.07461299625425
2025-12-14 10:00:00+00:00,bacninh_bacninhcity,67.60869831919649
2025-12-14 10:00:00+00:00,bacgiang_bacgiangcity,68.07236689108657
2025-12-14 10:00:00+00:00,angiang_longxuyen,107.59445667087532
2025-12-14 10:00:00+00:00,backan_backancity,55.7219672952188
2025-12-14 10:00:00+00:00,bentre_bentrecity,118.54629266459152
2025-12-14 10:00:00+00:00,binhduong_thudaumot,99.83796390008455
2025-12-14 11:00:00+00:00,angiang_longxuyen,106.03051205645275
2025-12-14 11:00:00+00:00,backan_backancity,56.1914095887572
2025-12-14 11:00:00+00:00,bienhoa_dongnai,103.01764775219615
2025-12-14 11:00:00+00:00,bacgiang_bacgiangcity,70.25525136615289
2025-12-14 11:00:00+00:00,bentre_bentrecity,120.0933977107646
2025-12-14 11:00:00+00:00,bacninh_bacninhcity,69.8755997988064
2025-12-14 11:00:00+00:00,binhduong_thudaumot,98.6226041950266
2025-12-14 12:00:00+00:00,binhduong_thudaumot,97.26297541505117
2025-12-14 12:00:00+00:00,bentre_bentrecity,120.2443977181538
2025-12-14 12:00:00+00:00,angiang_longxuyen,103.81217923647355
2025-12-14 12:00:00+00:00,backan_backancity,56.31962362759152
2025-12-14 12:00:00+00:00,bacninh_bacninhcity,72.84112594882313
2025-12-14 12:00:00+00:00,bacgiang_bacgiangcity,73.60066838622194
2025-12-14 12:00:00+00:00,bienhoa_dongnai,101.70218745334768
2025-12-14 13:00:00+00:00,bienhoa_dongnai,100.52355527493931
2025-12-14 13:00:00+00:00,bacninh_bacninhcity,76.98952537383958
2025-12-14 13:00:00+00:00,backan_backancity,56.231025063970534
2025-12-14 13:00:00+00:00,angiang_longxuyen,101.41609780528937
2025-12-14 13:00:00+00:00,binhduong_thudaumot,96.15454921184033
2025-12-14 13:00:00+00:00,bacgiang_bacgiangcity,78.76241469845807
2025-12-14 13:00:00+00:00,bentre_bentrecity,119.31139345120339
2025-12-14 14:00:00+00:00,bacninh_bacninhcity,83.58711837786329
2025-12-14 14:00:00+00:00,binhduong_thudaumot,95.11956718453297
2025-12-14 14:00:00+00:00,backan_backancity,56.02820514336983
2025-12-14 14:00:00+00:00,bacgiang_bacgiangcity,86.68290025389103
2025-12-14 14:00:00+00:00,bentre_bentrecity,117.53827570127477
2025-12-14 14:00:00+00:00,bienhoa_dongnai,99.26007505895433
2025-12-14 14:00:00+00:00,angiang_longxuyen,99.45133774660222
2025-12-14 15:00:00+00:00,bentre_bentrecity,115.14604160495686
2025-12-14 15:00:00+00:00,bacninh_bacninhcity,92.09465698032083
2025-12-14 15:00:00+00:00,backan_backancity,55.88939652110394
2025-12-14 15:00:00+00:00,bienhoa_dongnai,98.0100295144235
2025-12-14 15:00:00+00:00,angiang_longxuyen,98.26459103098651
2025-12-14 15:00:00+00:00,binhduong_thudaumot,94.04468251876526
2025-12-14 15:00:00+00:00,bacgiang_bacgiangcity,96.22900933650408
2025-12-14 16:00:00+00:00,bacninh_bacninhcity,101.87497053340635
2025-12-14 16:00:00+00:00,backan_backancity,55.69408200355024
2025-12-14 16:00:00+00:00,bienhoa_dongnai,96.63931884368822
2025-12-14 16:00:00+00:00,angiang_longxuyen,97.56442285812697
2025-12-14 16:00:00+00:00,binhduong_thudaumot,92.83711538000132
2025-12-14 16:00:00+00:00,bacgiang_bacgiangcity,106.40412259015106
2025-12-14 16:00:00+00:00,bentre_bentrecity,112.47264967180021
2025-12-14 17:00:00+00:00,angiang_longxuyen,97.16303825413134
2025-12-14 17:00:00+00:00,bacgiang_bacgiangcity,116.21468917201855
2025-12-14 17:00:00+00:00,bacninh_bacninhcity,111.94975585569226
2025-12-14 17:00:00+00:00,bienhoa_dongnai,94.97985465068273
2025-12-14 17:00:00+00:00,bentre_bentrecity,109.62204755852673
2025-12-14 17:00:00+00:00,backan_backancity,55.692111019445726
2025-12-14 17:00:00+00:00,binhduong_thudaumot,91.50107314490579
2025-12-14 18:00:00+00:00,binhduong_thudaumot,89.89942122241412
2025-12-14 18:00:00+00:00,angiang_longxuyen,97.00393785014924
2025-12-14 18:00:00+00:00,bacninh_bacninhcity,121.71882109386343
2025-12-14 18:00:00+00:00,bentre_bentrecity,106.70173004060271
2025-12-14 18:00:00+00:00,backan_backancity,55.69587894932324
2025-12-14 18:00:00+00:00,bacgiang_bacgiangcity,125.36759127673848
2025-12-14 18:00:00+00:00,bienhoa_dongnai,92.86419574438658
2025-12-14 19:00:00+00:00,bacgiang_bacgiangcity,133.69503392599458
2025-12-14 19:00:00+00:00,bienhoa_dongnai,90.35445422984183
2025-12-14 19:00:00+00:00,backan_backancity,55.674380864421636
2025-12-14 19:00:00+00:00,bacninh_bacninhcity,130.61279331989903
2025-12-14 19:00:00+00:00,binhduong_thudaumot,87.98750028891747
2025-12-14 19:00:00+00:00,angiang_longxuyen,96.92506259056263
2025-12-14 19:00:00+00:00,bentre_bentrecity,103.53717691787293
2025-12-14 20:00:00+00:00,binhduong_thudaumot,85.84090063049494
2025-12-14 20:00:00+00:00,angiang_longxuyen,96.60874139657888
2025-12-14 20:00:00+00:00,bacgiang_bacgiangcity,140.87357123160635
2025-12-14 20:00:00+00:00,backan_backancity,55.60019702560919
2025-12-14 20:00:00+00:00,bacninh_bacninhcity,138.44570169916915
2025-12-14 20:00:00+00:00,bienhoa_dongnai,87.55217168383707
2025-12-14 20:00:00+00:00,bentre_bentrecity,100.3891813669086
2025-12-14 21:00:00+00:00,binhduong_thudaumot,83.8761829936511
2025-12-14 21:00:00+00:00,angiang_longxuyen,95.7862601720633
2025-12-14 21:00:00+00:00,bienhoa_dongnai,84.91260627589142
2025-12-14 21:00:00+00:00,bacninh_bacninhcity,144.9253532768768
2025-12-14 21:00:00+00:00,backan_backancity,55.60124125559834
2025-12-14 21:00:00+00:00,bacgiang_bacgiangcity,146.6967415208859
2025-12-14 21:00:00+00:00,bentre_bentrecity,97.42706310497103
2025-12-14 22:00:00+00:00,bentre_bentrecity,94.72776556616692
2025-12-14 22:00:00+00:00,bacninh_bacninhcity,150.0581439617055
2025-12-14 22:00:00+00:00,binhduong_thudaumot,82.12996069238051
2025-12-14 22:00:00+00:00,backan_backancity,55.71165987503424
2025-12-14 22:00:00+00:00,angiang_longxuyen,94.47745384811181
2025-12-14 22:00:00+00:00,bacgiang_bacgiangcity,151.25936087684792
2025-12-14 22:00:00+00:00,bienhoa_dongnai,82.56796296132896
2025-12-14 23:00:00+00:00,bentre_bentrecity,92.50100602772321
2025-12-14 23:00:00+00:00,binhduong_thudaumot,81.0663341311833
2025-12-14 23:00:00+00:00,bienhoa_dongnai,81.00998051943557
2025-12-14 23:00:00+00:00,bacgiang_bacgiangcity,154.5671508096413
2025-12-14 23:00:00+00:00,angiang_longxuyen,92.78185603426306
2025-12-14 23:00:00+00:00,backan_backancity,55.816000205741645
2025-12-14 23:00:00+00:00,bacninh_bacninhcity,153.74441940502416
2025-12-15 00:00:00+00:00,angiang_longxuyen,91.02674472520982
2025-12-15 00:00:00+00:00,bacninh_bacninhcity,156.32508589062354
2025-12-15 00:00:00+00:00,bacgiang_bacgiangcity,157.0290100282253
2025-12-15 00:00:00+00:00,binhduong_thudaumot,80.51625117673288
2025-12-15 00:00:00+00:00,backan_backancity,56.11272685907485
2025-12-15 00:00:00+00:00,bentre_bentrecity,90.80134333109378
2025-12-15 00:00:00+00:00,bienhoa_dongnai,80.0858804886218
2025-12-15 01:00:00+00:00,bacgiang_bacgiangcity,158.88792214915821
2025-12-15 01:00:00+00:00,backan_backancity,56.26599806669044
2025-12-15 01:00:00+00:00,bentre_bentrecity,89.88404384808433
2025-12-15 01:00:00+00:00,bacninh_bacninhcity,158.22333067448105
2025-12-15 01:00:00+00:00,bienhoa_dongnai,79.98603469782603
2025-12-15 01:00:00+00:00,binhduong_thudaumot,80.54650774066846
2025-12-15 01:00:00+00:00,angiang_longxuyen,90.34814860354278
2025-12-15 02:00:00+00:00,bentre_bentrecity,89.1149206005351
2025-12-15 02:00:00+00:00,backan_backancity,56.59498707573005
2025-12-15 02:00:00+00:00,angiang_longxuyen,90.11166314318774
2025-12-15 02:00:00+00:00,binhduong_thudaumot,80.6070730800391
2025-12-15 02:00:00+00:00,bacgiang_bacgiangcity,159.878452611115
2025-12-15 02:00:00+00:00,bacninh_bacninhcity,159.21217296462203
2025-12-15 02:00:00+00:00,bienhoa_dongnai,80.09422562661841
2025-12-15 03:00:00+00:00,backan_backancity,57.41659593310888
2025-12-15 03:00:00+00:00,angiang_longxuyen,90.08711394878661
2025-12-15 03:00:00+00:00,bienhoa_dongnai,80.28366635048314
2025-12-15 03:00:00+00:00,bacgiang_bacgiangcity,159.83498218685838
2025-12-15 03:00:00+00:00,binhduong_thudaumot,80.58412612602756
2025-12-15 03:00:00+00:00,bacninh_bacninhcity,159.06668997234217
2025-12-15 03:00:00+00:00,bentre_bentrecity,88.38088348062125
2025-12-15 04:00:00+00:00,bacgiang_bacgiangcity,159.09954405837578
2025-12-15 04:00:00+00:00,backan_backancity,59.06733645474669
2025-12-15 04:00:00+00:00,angiang_longxuyen,90.06016846410827
2025-12-15 04:00:00+00:00,binhduong_thudaumot,80.64374730744966
2025-12-15 04:00:00+00:00,bacninh_bacninhcity,158.29503011611098
2025-12-15 04:00:00+00:00,bienhoa_dongnai,80.63463640079434
2025-12-15 04:00:00+00:00,bentre_bentrecity,87.94689497069359
2025-12-15 05:00:00+00:00,backan_backancity,61.305447643364104
2025-12-15 05:00:00+00:00,angiang_longxuyen,90.10710660212051
2025-12-15 05:00:00+00:00,bacninh_bacninhcity,157.3648517965687
2025-12-15 05:00:00+00:00,bentre_bentrecity,87.81208487909448
2025-12-15 05:00:00+00:00,binhduong_thudaumot,80.78230792509312
2025-12-15 05:00:00+00:00,bienhoa_dongnai,80.96911196823527
2025-12-15 05:00:00+00:00,bacgiang_bacgiangcity,158.07463232402625
2025-12-15 06:00:00+00:00,bentre_bentrecity,87.94560926251945
2025-12-15 06:00:00+00:00,binhduong_thudaumot,80.97423304614038
2025-12-15 06:00:00+00:00,bacninh_bacninhcity,156.6142070688691
2025-12-15 06:00:00+00:00,bienhoa_dongnai,81.23184458446337
2025-12-15 06:00:00+00:00,angiang_longxuyen,90.60577754569894
2025-12-15 06:00:00+00:00,bacgiang_bacgiangcity,157.19526449537264
2025-12-15 06:00:00+00:00,backan_backancity,63.95976715086478
2025-12-15 07:00:00+00:00,bentre_bentrecity,88.46736965399336
2025-12-15 07:00:00+00:00,angiang_longxuyen,91.57403871539756
2025-12-15 07:00:00+00:00,bienhoa_dongnai,81.67693891542146
2025-12-15 07:00:00+00:00,backan_backancity,67.10457453714349
2025-12-15 07:00:00+00:00,bacninh_bacninhcity,156.4708995557333
2025-12-15 07:00:00+00:00,binhduong_thudaumot,81.31535252688727
2025-12-15 07:00:00+00:00,bacgiang_bacgiangcity,156.79394515575132
2025-12-15 08:00:00+00:00,bacgiang_bacgiangcity,156.9387624514131
2025-12-15 08:00:00+00:00,backan_backancity,70.77764047109942
2025-12-15 08:00:00+00:00,binhduong_thudaumot,81.79208702651655
2025-12-15 08:00:00+00:00,angiang_longxuyen,93.0005417242614
2025-12-15 08:00:00+00:00,bentre_bentrecity,89.81699231764568
2025-12-15 08:00:00+00:00,bacninh_bacninhcity,156.82660779962023
2025-12-15 08:00:00+00:00,bienhoa_dongnai,82.38614076542672
2025-12-15 09:00:00+00:00,binhduong_thudaumot,82.45919335508425
2025-12-15 09:00:00+00:00,angiang_longxuyen,94.53458954461183
2025-12-15 09:00:00+00:00,bacgiang_bacgiangcity,157.46001595624645
2025-12-15 09:00:00+00:00,backan_backancity,74.77040611814981
2025-12-15 09:00:00+00:00,bacninh_bacninhcity,157.5817296633983
2025-12-15 09:00:00+00:00,bentre_bentrecity,91.78026326085872
2025-12-15 09:00:00+00:00,bienhoa_dongnai,83.4467695163634
2025-12-15 10:00:00+00:00,bienhoa_dongnai,84.73127247505701
2025-12-15 10:00:00+00:00,binhduong_thudaumot,83.28636708811358
2025-12-15 10:00:00+00:00,bacgiang_bacgiangcity,157.74269336526731
2025-12-15 10:00:00+00:00,bacninh_bacninhcity,158.10173879416124
2025-12-15 10:00:00+00:00,bentre_bentrecity,93.69187853953562
2025-12-15 10:00:00+00:00,angiang_longxuyen,95.66199245239629
2025-12-15 10:00:00+00:00,backan_backancity,78.00822829071195
2025-12-15 11:00:00+00:00,backan_backancity,79.52940597644613
2025-12-15 11:00:00+00:00,bienhoa_dongnai,86.41208790812189
2025-12-15 11:00:00+00:00,angiang_longxuyen,96.20656056721651
2025-12-15 11:00:00+00:00,bentre_bentrecity,94.5363908413431
2025-12-15 11:00:00+00:00,bacninh_bacninhcity,157.63655173782863
2025-12-15 11:00:00+00:00,bacgiang_bacgiangcity,157.29944819158166
2025-12-15 11:00:00+00:00,binhduong_thudaumot,84.58748200555124
2025-12-15 12:00:00+00:00,bentre_bentrecity,94.30223967010966
2025-12-15 12:00:00+00:00,bacgiang_bacgiangcity,156.9166856890592
2025-12-15 12:00:00+00:00,bacninh_bacninhcity,157.2060766267186
2025-12-15 12:00:00+00:00,bienhoa_dongnai,88.71101352847192
2025-12-15 12:00:00+00:00,backan_backancity,78.84130192317997
2025-12-15 12:00:00+00:00,angiang_longxuyen,96.42741956087977
2025-12-15 12:00:00+00:00,binhduong_thudaumot,86.61980918323415
2025-12-15 13:00:00+00:00,angiang_longxuyen,95.21082200818886
2025-12-15 13:00:00+00:00,bacgiang_bacgiangcity,156.6380416183714
2025-12-15 13:00:00+00:00,binhduong_thudaumot,89.95028066158352
2025-12-15 13:00:00+00:00,bacninh_bacninhcity,156.88758212906995
2025-12-15 13:00:00+00:00,backan_backancity,76.88113865192423
2025-12-15 13:00:00+00:00,bentre_bentrecity,93.77728241203356
2025-12-15 13:00:00+00:00,bienhoa_dongnai,92.41774826540089
2025-12-15 14:00:00+00:00,bentre_bentrecity,92.84497756162796
2025-12-15 14:00:00+00:00,bacgiang_bacgiangcity,156.31131075668333
2025-12-15 14:00:00+00:00,angiang_longxuyen,94.35977021607431
2025-12-15 14:00:00+00:00,binhduong_thudaumot,92.80103940935538
2025-12-15 14:00:00+00:00,bacninh_bacninhcity,156.3891929100407
2025-12-15 14:00:00+00:00,bienhoa_dongnai,95.37725268914687
2025-12-15 14:00:00+00:00,backan_backancity,75.38529224534349
2025-12-15 15:00:00+00:00,binhduong_thudaumot,94.08048437903905
2025-12-15 15:00:00+00:00,bacgiang_bacgiangcity,155.7238052099968
2025-12-15 15:00:00+00:00,bacninh_bacninhcity,155.56829325886284
2025-12-15 15:00:00+00:00,backan_backancity,74.98864148396532
2025-12-15 15:00:00+00:00,bentre_bentrecity,91.60987973429594
2025-12-15 15:00:00+00:00,bienhoa_dongnai,96.6256187637785
2025-12-15 15:00:00+00:00,angiang_longxuyen,94.80139248231848
2025-12-15 16:00:00+00:00,angiang_longxuyen,96.37266057534464
2025-12-15 16:00:00+00:00,bacgiang_bacgiangcity,154.79904383352323
2025-12-15 16:00:00+00:00,binhduong_thudaumot,93.85250939309557
2025-12-15 16:00:00+00:00,bacninh_bacninhcity,154.43067865197614
2025-12-15 16:00:00+00:00,bentre_bentrecity,90.374631798903
2025-12-15 16:00:00+00:00,bienhoa_dongnai,96.59353262188276
2025-12-15 16:00:00+00:00,backan_backancity,75.7940821803455
2025-12-15 17:00:00+00:00,bacgiang_bacgiangcity,153.53101795386675
2025-12-15 17:00:00+00:00,bacninh_bacninhcity,152.8755721935112
2025-12-15 17:00:00+00:00,backan_backancity,77.55928771262717
2025-12-15 17:00:00+00:00,angiang_longxuyen,98.10716248272662
2025-12-15 17:00:00+00:00,bienhoa_dongnai,96.01745595487954
2025-12-15 17:00:00+00:00,bentre_bentrecity,89.31111836262129
2025-12-15 17:00:00+00:00,binhduong_thudaumot,92.95548537570876
2025-12-15 18:00:00+00:00,binhduong_thudaumot,92.15338186433559
2025-12-15 18:00:00+00:00,bienhoa_dongnai,95.4799004970802
2025-12-15 18:00:00+00:00,backan_backancity,79.83302454770771
2025-12-15 18:00:00+00:00,bentre_bentrecity,88.36969281590422
2025-12-15 18:00:00+00:00,bacgiang_bacgiangcity,151.94423651906428
2025-12-15 18:00:00+00:00,angiang_longxuyen,99.77379216016286
2025-12-15 18:00:00+00:00,bacninh_bacninhcity,151.07348793877944
2025-12-15 19:00:00+00:00,bentre_bentrecity,87.37598397891794
2025-12-15 19:00:00+00:00,bacninh_bacninhcity,149.23010873893512
2025-12-15 19:00:00+00:00,bienhoa_dongnai,94.9490085318991
2025-12-15 19:00:00+00:00,backan_backancity,82.47808956692955
2025-12-15 19:00:00+00:00,bacgiang_bacgiangcity,150.21450434970566
2025-12-15 19:00:00+00:00,angiang_longxuyen,101.23579953252754
2025-12-15 19:00:00+00:00,binhduong_thudaumot,91.38820711143282
2025-12-15 20:00:00+00:00,binhduong_thudaumot,90.59905531514379
2025-12-15 20:00:00+00:00,angiang_longxuyen,102.54086729556994
2025-12-15 20:00:00+00:00,backan_backancity,85.29241012677798
2025-12-15 20:00:00+00:00,bentre_bentrecity,86.28450040728106
2025-12-15 20:00:00+00:00,bacgiang_bacgiangcity,148.34331817544196
2025-12-15 20:00:00+00:00,bienhoa_dongnai,94.73089064195736
2025-12-15 20:00:00+00:00,bacninh_bacninhcity,147.34606548293004
2025-12-15 21:00:00+00:00,bacninh_bacninhcity,145.23282679718164
2025-12-15 21:00:00+00:00,backan_backancity,88.11251419793088
2025-12-15 21:00:00+00:00,angiang_longxuyen,104.09157275972645
2025-12-15 21:00:00+00:00,binhduong_thudaumot,89.8727629009828
2025-12-15 21:00:00+00:00,bienhoa_dongnai,94.82668242736818
2025-12-15 21:00:00+00:00,bacgiang_bacgiangcity,146.23785900311276
2025-12-15 21:00:00+00:00,bentre_bentrecity,85.15913809893371
2025-12-15 22:00:00+00:00,bentre_bentrecity,84.03482328379425
2025-12-15 22:00:00+00:00,bienhoa_dongnai,95.16003979852906
2025-12-15 22:00:00+00:00,bacgiang_bacgiangcity,143.71950694211583
2025-12-15 22:00:00+00:00,backan_backancity,90.81430701131323
2025-12-15 22:00:00+00:00,bacninh_bacninhcity,142.68959595669327
2025-12-15 22:00:00+00:00,binhduong_thudaumot,89.16883550016233
2025-12-15 22:00:00+00:00,angiang_longxuyen,105.7325967757022
2025-12-15 23:00:00+00:00,angiang_longxuyen,107.6502987730893
2025-12-15 23:00:00+00:00,bacninh_bacninhcity,139.75838146373664
2025-12-15 23:00:00+00:00,bentre_bentrecity,83.23671830308784
2025-12-15 23:00:00+00:00,binhduong_thudaumot,88.45317465257837
2025-12-15 23:00:00+00:00,backan_backancity,93.43689498001865
2025-12-15 23:00:00+00:00,bienhoa_dongnai,95.45156053027053
2025-12-15 23:00:00+00:00,bacgiang_bacgiangcity,140.96328799150737
2025-12-16 00:00:00+00:00,binhduong_thudaumot,87.86176847178653
2025-12-16 00:00:00+00:00,bacgiang_bacgiangcity,138.27012747936865
2025-12-16 00:00:00+00:00,bienhoa_dongnai,95.74631184854091
2025-12-16 00:00:00+00:00,backan_backancity,95.93300494224671
2025-12-16 00:00:00+00:00,bentre_bentrecity,82.77114401146758
2025-12-16 00:00:00+00:00,bacninh_bacninhcity,136.76555305046196
2025-12-16 00:00:00+00:00,angiang_longxuyen,109.63256926340698
2025-12-16 01:00:00+00:00,bacgiang_bacgiangcity,136.10145758502964
2025-12-16 01:00:00+00:00,bienhoa_dongnai,96.17965859212107
2025-12-16 01:00:00+00:00,binhduong_thudaumot,87.80586518422163
2025-12-16 01:00:00+00:00,bentre_bentrecity,81.81980263081188
2025-12-16 01:00:00+00:00,bacninh_bacninhcity,134.14551039235508
2025-12-16 01:00:00+00:00,angiang_longxuyen,110.81491716019339
2025-12-16 01:00:00+00:00,backan_backancity,97.63449939231543
2025-12-16 02:00:00+00:00,bacninh_bacninhcity,132.00733636465748
2025-12-16 02:00:00+00:00,bienhoa_dongnai,96.3776163168348
2025-12-16 02:00:00+00:00,binhduong_thudaumot,87.69978447019898
2025-12-16 02:00:00+00:00,bacgiang_bacgiangcity,134.35741946481966
2025-12-16 02:00:00+00:00,angiang_longxuyen,111.3305013663773
2025-12-16 02:00:00+00:00,bentre_bentrecity,80.38240699787374
2025-12-16 02:00:00+00:00,backan_backancity,98.62243015669507
2025-12-16 03:00:00+00:00,binhduong_thudaumot,87.18301027692326
2025-12-16 03:00:00+00:00,bienhoa_dongnai,96.02387905705237
2025-12-16 03:00:00+00:00,angiang_longxuyen,111.45777124726311
2025-12-16 03:00:00+00:00,bacgiang_bacgiangcity,133.15697266929425
2025-12-16 03:00:00+00:00,bacninh_bacninhcity,130.55614384298772
2025-12-16 03:00:00+00:00,bentre_bentrecity,78.74222625200119
2025-12-16 03:00:00+00:00,backan_backancity,98.88766892489716
2025-12-16 04:00:00+00:00,bienhoa_dongnai,95.1837721005116
2025-12-16 04:00:00+00:00,angiang_longxuyen,111.4562081654981
2025-12-16 04:00:00+00:00,bacninh_bacninhcity,129.548701206165
2025-12-16 04:00:00+00:00,binhduong_thudaumot,86.35006717320388
2025-12-16 04:00:00+00:00,backan_backancity,98.62181775931602
2025-12-16 04:00:00+00:00,bentre_bentrecity,77.32914812493536
2025-12-16 04:00:00+00:00,bacgiang_bacgiangcity,132.2825214235062
2025-12-16 05:00:00+00:00,backan_backancity,98.29816302513765
2025-12-16 05:00:00+00:00,bienhoa_dongnai,94.2034120035533
2025-12-16 05:00:00+00:00,binhduong_thudaumot,85.53542855100262
2025-12-16 05:00:00+00:00,angiang_longxuyen,111.64289473276645
2025-12-16 05:00:00+00:00,bacgiang_bacgiangcity,131.75380602520875
2025-12-16 05:00:00+00:00,bacninh_bacninhcity,129.0353533925412
2025-12-16 05:00:00+00:00,bentre_bentrecity,76.33492369939195
2025-12-16 06:00:00+00:00,backan_backancity,97.97436797255449
2025-12-16 06:00:00+00:00,bienhoa_dongnai,93.37909685011925
2025-12-16 06:00:00+00:00,binhduong_thudaumot,84.97825571002171
2025-12-16 06:00:00+00:00,angiang_longxuyen,112.41515719672057
2025-12-16 06:00:00+00:00,bentre_bentrecity,76.40928592749421
2025-12-16 06:00:00+00:00,bacninh_bacninhcity,128.95474753929548
2025-12-16 06:00:00+00:00,bacgiang_bacgiangcity,131.51934593593683
2025-12-16 07:00:00+00:00,bacgiang_bacgiangcity,131.69837916757638
2025-12-16 07:00:00+00:00,backan_backancity,97.74644084715219
2025-12-16 07:00:00+00:00,bentre_bentrecity,78.00270692464433
2025-12-16 07:00:00+00:00,binhduong_thudaumot,85.18268330970989
2025-12-16 07:00:00+00:00,angiang_longxuyen,114.11253237703002
2025-12-16 07:00:00+00:00,bacninh_bacninhcity,129.35066733968122
2025-12-16 07:00:00+00:00,bienhoa_dongnai,93.20962049835956
2025-12-16 08:00:00+00:00,backan_backancity,97.58773964359301
2025-12-16 08:00:00+00:00,bacgiang_bacgiangcity,132.14808986527817
2025-12-16 08:00:00+00:00,bacninh_bacninhcity,130.086349121828
2025-12-16 08:00:00+00:00,angiang_longxuyen,116.84672133808614
2025-12-16 08:00:00+00:00,bentre_bentrecity,81.25912944388818
2025-12-16 08:00:00+00:00,binhduong_thudaumot,85.9214151136166
2025-12-16 08:00:00+00:00,bienhoa_dongnai,93.51079709428194
2025-12-16 09:00:00+00:00,bentre_bentrecity,85.37510444000198
2025-12-16 09:00:00+00:00,bacgiang_bacgiangcity,132.57402692689365
2025-12-16 09:00:00+00:00,backan_backancity,97.46087005086973
2025-12-16 09:00:00+00:00,bienhoa_dongnai,93.97042906462019
2025-12-16 09:00:00+00:00,binhduong_thudaumot,86.88895076102068
2025-12-16 09:00:00+00:00,bacninh_bacninhcity,130.74730319537628
2025-12-16 09:00:00+00:00,angiang_longxuyen,120.40749556506313
2025-12-16 10:00:00+00:00,bacninh_bacninhcity,131.22298476309984
2025-12-16 10:00:00+00:00,bacgiang_bacgiangcity,132.85141357063617
2025-12-16 10:00:00+00:00,binhduong_thudaumot,87.1036270429565
2025-12-16 10:00:00+00:00,angiang_longxuyen,123.91106665568662
2025-12-16 10:00:00+00:00,bentre_bentrecity,90.67687546734552
2025-12-16 10:00:00+00:00,bienhoa_dongnai,93.90811137679903
2025-12-16 10:00:00+00:00,backan_backancity,97.3770792961571
2025-12-16 11:00:00+00:00,bienhoa_dongnai,93.2367247930154
2025-12-16 11:00:00+00:00,backan_backancity,97.09122568758592
2025-12-16 11:00:00+00:00,binhduong_thudaumot,86.35311284400557
2025-12-16 11:00:00+00:00,bacgiang_bacgiangcity,133.27597572943262
2025-12-16 11:00:00+00:00,bentre_bentrecity,95.7627552076513
2025-12-16 11:00:00+00:00,bacninh_bacninhcity,131.86120943055099
2025-12-16 11:00:00+00:00,angiang_longxuyen,126.3459521083634
2025-12-16 12:00:00+00:00,bacninh_bacninhcity,132.97356237361686
2025-12-16 12:00:00+00:00,bentre_bentrecity,97.5286514545612
2025-12-16 12:00:00+00:00,angiang_longxuyen,126.74765868327236
2025-12-16 12:00:00+00:00,bienhoa_dongnai,92.52065169213364
2025-12-16 12:00:00+00:00,backan_backancity,96.72890942579889
2025-12-16 12:00:00+00:00,binhduong_thudaumot,85.13526221532766
2025-12-16 12:00:00+00:00,bacgiang_bacgiangcity,134.30533414315258
2025-12-16 13:00:00+00:00,bentre_bentrecity,94.40717608210252
2025-12-16 13:00:00+00:00,binhduong_thudaumot,84.22077018815362
2025-12-16 13:00:00+00:00,bienhoa_dongnai,92.09213342451372
2025-12-16 13:00:00+00:00,bacninh_bacninhcity,135.88988353635324
2025-12-16 13:00:00+00:00,backan_backancity,96.81546412676403
2025-12-16 13:00:00+00:00,bacgiang_bacgiangcity,137.36226522488613
2025-12-16 13:00:00+00:00,angiang_longxuyen,124.9886358627181
2025-12-16 14:00:00+00:00,bienhoa_dongnai,92.0713130013655
2025-12-16 14:00:00+00:00,backan_backancity,97.47572422246536
2025-12-16 14:00:00+00:00,bentre_bentrecity,87.11794822216186
2025-12-16 14:00:00+00:00,bacgiang_bacgiangcity,141.15457787264455
2025-12-16 14:00:00+00:00,bacninh_bacninhcity,139.5238169514658
2025-12-16 14:00:00+00:00,binhduong_thudaumot,84.1314493654568
2025-12-16 14:00:00+00:00,angiang_longxuyen,122.50586158764312
2025-12-16 15:00:00+00:00,binhduong_thudaumot,84.91519292059371
2025-12-16 15:00:00+00:00,bienhoa_dongnai,92.3861537817917
2025-12-16 15:00:00+00:00,bacgiang_bacgiangcity,144.46413864546122
2025-12-16 15:00:00+00:00,angiang_longxuyen,120.99967621643025
2025-12-16 15:00:00+00:00,bentre_bentrecity,79.89744048516332
2025-12-16 15:00:00+00:00,backan_backancity,98.61526249678518
2025-12-16 15:00:00+00:00,bacninh_bacninhcity,142.8894441727832
2025-12-16 16:00:00+00:00,bacgiang_bacgiangcity,147.37113570458618
2025-12-16 16:00:00+00:00,angiang_longxuyen,121.185787369465
2025-12-16 16:00:00+00:00,binhduong_thudaumot,86.25561657068538
2025-12-16 16:00:00+00:00,bacninh_bacninhcity,145.973742782149
2025-12-16 16:00:00+00:00,backan_backancity,100.02684552580926
2025-12-16 16:00:00+00:00,bentre_bentrecity,75.73621008415522
2025-12-16 16:00:00+00:00,bienhoa_dongnai,92.8086840430676
2025-12-16 17:00:00+00:00,backan_backancity,101.35461441371994
2025-12-16 17:00:00+00:00,angiang_longxuyen,122.56982067447849
2025-12-16 17:00:00+00:00,bentre_bentrecity,74.16898620685787
2025-12-16 17:00:00+00:00,bacninh_bacninhcity,148.8183514503806
2025-12-16 17:00:00+00:00,bacgiang_bacgiangcity,149.99022115186966
2025-12-16 17:00:00+00:00,bienhoa_dongnai,93.3152661165534
2025-12-16 17:00:00+00:00,binhduong_thudaumot,87.97066425582159
2025-12-16 18:00:00+00:00,backan_backancity,102.37350007084041
2025-12-16 18:00:00+00:00,binhduong_thudaumot,89.82591069439675
2025-12-16 18:00:00+00:00,bacninh_bacninhcity,151.1244898718328
2025-12-16 18:00:00+00:00,angiang_longxuyen,124.00484503514961
2025-12-16 18:00:00+00:00,bentre_bentrecity,73.84962151755158
2025-12-16 18:00:00+00:00,bacgiang_bacgiangcity,151.98919497105544
2025-12-16 18:00:00+00:00,bienhoa_dongnai,93.7842385065967
2025-12-16 19:00:00+00:00,bacgiang_bacgiangcity,153.36665180261645
2025-12-16 19:00:00+00:00,backan_backancity,102.85025986041475
2025-12-16 19:00:00+00:00,bienhoa_dongnai,94.24164604951015
2025-12-16 19:00:00+00:00,bentre_bentrecity,74.0435350265365
2025-12-16 19:00:00+00:00,bacninh_bacninhcity,152.84683846497646
2025-12-16 19:00:00+00:00,angiang_longxuyen,125.22551508479822
2025-12-16 19:00:00+00:00,binhduong_thudaumot,91.79872655235435
2025-12-16 20:00:00+00:00,bacninh_bacninhcity,153.9340776768033
2025-12-16 20:00:00+00:00,bacgiang_bacgiangcity,154.1719184606651
2025-12-16 20:00:00+00:00,angiang_longxuyen,126.2988921435191
2025-12-16 20:00:00+00:00,bienhoa_dongnai,94.88504944506374
2025-12-16 20:00:00+00:00,binhduong_thudaumot,94.02592227436645
2025-12-16 20:00:00+00:00,backan_backancity,102.72126455263283
2025-12-16 20:00:00+00:00,bentre_bentrecity,74.54487419528512
2025-12-16 21:00:00+00:00,binhduong_thudaumot,96.45176861119967
2025-12-16 21:00:00+00:00,bacgiang_bacgiangcity,154.72224941973792
2025-12-16 21:00:00+00:00,backan_backancity,102.17852275255404
2025-12-16 21:00:00+00:00,bacninh_bacninhcity,154.4299172342757
2025-12-16 21:00:00+00:00,bienhoa_dongnai,95.879785108206
2025-12-16 21:00:00+00:00,bentre_bentrecity,75.15324258696319
2025-12-16 21:00:00+00:00,angiang_longxuyen,127.23978252236672
2025-12-16 22:00:00+00:00,angiang_longxuyen,128.19690197562903
2025-12-16 22:00:00+00:00,backan_backancity,101.22576295949642
2025-12-16 22:00:00+00:00,binhduong_thudaumot,98.70455666986248
2025-12-16 22:00:00+00:00,bienhoa_dongnai,97.28567545217986
2025-12-16 22:00:00+00:00,bacninh_bacninhcity,154.70454972142184
2025-12-16 22:00:00+00:00,bacgiang_bacgiangcity,155.13415464087421
2025-12-16 22:00:00+00:00,bentre_bentrecity,75.96250342472032
2025-12-16 23:00:00+00:00,angiang_longxuyen,129.20107704277737
2025-12-16 23:00:00+00:00,bienhoa_dongnai,98.9175143232745
2025-12-16 23:00:00+00:00,bentre_bentrecity,77.40106511447969
2025-12-16 23:00:00+00:00,binhduong_thudaumot,100.42233186197556
2025-12-16 23:00:00+00:00,bacninh_bacninhcity,154.5644097059198
2025-12-16 23:00:00+00:00,backan_backancity,99.80159859071244
2025-12-16 23:00:00+00:00,bacgiang_bacgiangcity,155.3325452859376
2025-12-17 00:00:00+00:00,bentre_bentrecity,80.1604472117636
2025-12-17 00:00:00+00:00,bacgiang_bacgiangcity,155.26244264599944
2025-12-17 00:00:00+00:00,binhduong_thudaumot,101.6526338455345
2025-12-17 00:00:00+00:00,bienhoa_dongnai,100.70008235460492
2025-12-17 00:00:00+00:00,angiang_longxuyen,130.35775319792432
2025-12-17 00:00:00+00:00,bacninh_bacninhcity,154.0236203983728
2025-12-17 00:00:00+00:00,backan_backancity,98.0886752609604
2025-12-17 01:00:00+00:00,bacninh_bacninhcity,153.35005724770554
2025-12-17 01:00:00+00:00,angiang_longxuyen,133.43820556016345
2025-12-17 01:00:00+00:00,bentre_bentrecity,83.80911297163973
2025-12-17 01:00:00+00:00,bacgiang_bacgiangcity,154.9750705529857
2025-12-17 01:00:00+00:00,backan_backancity,95.88771908064439
2025-12-17 01:00:00+00:00,bienhoa_dongnai,103.18430495492005
2025-12-17 01:00:00+00:00,binhduong_thudaumot,102.91845270159935
2025-12-17 02:00:00+00:00,bienhoa_dongnai,105.0120802586687
2025-12-17 02:00:00+00:00,bacgiang_bacgiangcity,154.30799468112602
2025-12-17 02:00:00+00:00,angiang_longxuyen,136.44729785551914
2025-12-17 02:00:00+00:00,bentre_bentrecity,85.948497653481
2025-12-17 02:00:00+00:00,bacninh_bacninhcity,152.3800154483275
2025-12-17 02:00:00+00:00,binhduong_thudaumot,103.60959209214126
2025-12-17 02:00:00+00:00,backan_backancity,93.25495313276348
2025-12-17 03:00:00+00:00,bentre_bentrecity,86.65218466385606
2025-12-17 03:00:00+00:00,angiang_longxuyen,138.6241562533564
2025-12-17 03:00:00+00:00,bienhoa_dongnai,106.03083511510563
2025-12-17 03:00:00+00:00,backan_backancity,90.65818157506062
2025-12-17 03:00:00+00:00,bacgiang_bacgiangcity,153.2111572553156
2025-12-17 03:00:00+00:00,binhduong_thudaumot,103.66374575060455
2025-12-17 03:00:00+00:00,bacninh_bacninhcity,151.15691321299585
2025-12-17 04:00:00+00:00,bentre_bentrecity,86.4426272843462
2025-12-17 04:00:00+00:00,angiang_longxuyen,140.1617414027951
2025-12-17 04:00:00+00:00,bacninh_bacninhcity,149.53693831741333
2025-12-17 04:00:00+00:00,bacgiang_bacgiangcity,151.6300016095797
2025-12-17 04:00:00+00:00,bienhoa_dongnai,106.51531187307374
2025-12-17 04:00:00+00:00,backan_backancity,88.41028073029494
2025-12-17 04:00:00+00:00,binhduong_thudaumot,103.49141381053337
2025-12-17 05:00:00+00:00,bienhoa_dongnai,106.94289821981533
2025-12-17 05:00:00+00:00,bacgiang_bacgiangcity,149.81660921425708
2025-12-17 05:00:00+00:00,bacninh_bacninhcity,147.80980367015272
2025-12-17 05:00:00+00:00,binhduong_thudaumot,103.60275075410297
2025-12-17 05:00:00+00:00,bentre_bentrecity,86.3606443528023
2025-12-17 05:00:00+00:00,backan_backancity,86.47710210234212
2025-12-17 05:00:00+00:00,angiang_longxuyen,141.53498215577488
2025-12-17 06:00:00+00:00,bacgiang_bacgiangcity,148.03373444036737
2025-12-17 06:00:00+00:00,bienhoa_dongnai,107.84950413509215
2025-12-17 06:00:00+00:00,bentre_bentrecity,87.6105745969385
2025-12-17 06:00:00+00:00,backan_backancity,84.71808036952743
2025-12-17 06:00:00+00:00,binhduong_thudaumot,104.31056818356792
2025-12-17 06:00:00+00:00,bacninh_bacninhcity,146.20342116826228
2025-12-17 06:00:00+00:00,angiang_longxuyen,143.10299790748067
2025-12-17 07:00:00+00:00,angiang_longxuyen,145.19536939727922
2025-12-17 07:00:00+00:00,binhduong_thudaumot,105.98549704200386
2025-12-17 07:00:00+00:00,bacgiang_bacgiangcity,146.34314349176867
2025-12-17 07:00:00+00:00,bacninh_bacninhcity,144.76564700195308
2025-12-17 07:00:00+00:00,bienhoa_dongnai,109.68218596011533
2025-12-17 07:00:00+00:00,bentre_bentrecity,91.17170777797426
2025-12-17 07:00:00+00:00,backan_backancity,83.38556023516614
2025-12-17 08:00:00+00:00,bentre_bentrecity,96.90823417164376
2025-12-17 08:00:00+00:00,bienhoa_dongnai,112.23791655989572
2025-12-17 08:00:00+00:00,backan_backancity,82.50303361079534
2025-12-17 08:00:00+00:00,bacgiang_bacgiangcity,144.7880500861786
2025-12-17 08:00:00+00:00,binhduong_thudaumot,108.34845082065208
2025-12-17 08:00:00+00:00,angiang_longxuyen,148.1058037134518
2025-12-17 08:00:00+00:00,bacninh_bacninhcity,143.4946450668275
2025-12-17 09:00:00+00:00,bentre_bentrecity,103.56107074918192
2025-12-17 09:00:00+00:00,backan_backancity,81.98036604451838
2025-12-17 09:00:00+00:00,bacninh_bacninhcity,142.24487580814795
2025-12-17 09:00:00+00:00,bacgiang_bacgiangcity,143.27157578635388
2025-12-17 09:00:00+00:00,angiang_longxuyen,151.50073463883965
2025-12-17 09:00:00+00:00,binhduong_thudaumot,110.71300901516905
2025-12-17 09:00:00+00:00,bienhoa_dongnai,114.99560504666597
2025-12-17 10:00:00+00:00,bentre_bentrecity,110.22316453434786
2025-12-17 10:00:00+00:00,bienhoa_dongnai,116.96417110611564
2025-12-17 10:00:00+00:00,bacninh_bacninhcity,140.87902298234135
2025-12-17 10:00:00+00:00,angiang_longxuyen,155.07303237884273
2025-12-17 10:00:00+00:00,binhduong_thudaumot,112.35866870526591
2025-12-17 10:00:00+00:00,bacgiang_bacgiangcity,141.76531753658966
2025-12-17 10:00:00+00:00,backan_backancity,81.62005013580429
2025-12-17 11:00:00+00:00,binhduong_thudaumot,112.9718938541331
2025-12-17 11:00:00+00:00,bienhoa_dongnai,117.8289653999832
2025-12-17 11:00:00+00:00,angiang_longxuyen,157.7114230280506
2025-12-17 11:00:00+00:00,backan_backancity,81.26160078819584
2025-12-17 11:00:00+00:00,bacgiang_bacgiangcity,140.02951142946083
2025-12-17 11:00:00+00:00,bentre_bentrecity,114.57818933685776
2025-12-17 11:00:00+00:00,bacninh_bacninhcity,139.16685998255016
2025-12-17 12:00:00+00:00,bentre_bentrecity,114.37195065078217
2025-12-17 12:00:00+00:00,bienhoa_dongnai,117.42861306084143
2025-12-17 12:00:00+00:00,angiang_longxuyen,157.95992801067655
2025-12-17 12:00:00+00:00,binhduong_thudaumot,112.50029892398165
2025-12-17 12:00:00+00:00,bacninh_bacninhcity,137.22978724692948
2025-12-17 12:00:00+00:00,backan_backancity,80.83262675769524
2025-12-17 12:00:00+00:00,bacgiang_bacgiangcity,138.15334340795724
2025-12-17 13:00:00+00:00,backan_backancity,79.81482884014679
2025-12-17 13:00:00+00:00,bacninh_bacninhcity,134.84115900729284
2025-12-17 13:00:00+00:00,binhduong_thudaumot,111.3684074588532
2025-12-17 13:00:00+00:00,bentre_bentrecity,109.10872965774114
2025-12-17 13:00:00+00:00,bienhoa_dongnai,116.34012621172548
2025-12-17 13:00:00+00:00,bacgiang_bacgiangcity,135.99436744868416
2025-12-17 13:00:00+00:00,angiang_longxuyen,155.59585657961807
2025-12-17 14:00:00+00:00,bienhoa_dongnai,114.55179859936118
2025-12-17 14:00:00+00:00,bacninh_bacninhcity,131.97600946498304
2025-12-17 14:00:00+00:00,angiang_longxuyen,151.83456626445394
2025-12-17 14:00:00+00:00,bacgiang_bacgiangcity,133.23828337778264
2025-12-17 14:00:00+00:00,backan_backancity,78.38013950326386
2025-12-17 14:00:00+00:00,binhduong_thudaumot,110.01585823188232
2025-12-17 14:00:00+00:00,bentre_bentrecity,101.74559968353718
2025-12-17 15:00:00+00:00,binhduong_thudaumot,108.52512311355055
2025-12-17 15:00:00+00:00,angiang_longxuyen,148.25893569040215
2025-12-17 15:00:00+00:00,backan_backancity,76.86758106589845
2025-12-17 15:00:00+00:00,bentre_bentrecity,95.80489097545302
2025-12-17 15:00:00+00:00,bienhoa_dongnai,112.18992222675904
2025-12-17 15:00:00+00:00,bacgiang_bacgiangcity,129.7225524464834
2025-12-17 15:00:00+00:00,bacninh_bacninhcity,128.57478705391054
2025-12-17 16:00:00+00:00,angiang_longxuyen,145.2789252002443
2025-12-17 16:00:00+00:00,bacgiang_bacgiangcity,125.71326621081303
2025-12-17 16:00:00+00:00,bienhoa_dongnai,109.32726252032961
2025-12-17 16:00:00+00:00,bacninh_bacninhcity,124.66708046591376
2025-12-17 16:00:00+00:00,backan_backancity,75.29642827326693
2025-12-17 16:00:00+00:00,bentre_bentrecity,92.39711167024034
2025-12-17 16:00:00+00:00,binhduong_thudaumot,106.71348632989721
2025-12-17 17:00:00+00:00,binhduong_thudaumot,104.69883682380402
2025-12-17 17:00:00+00:00,angiang_longxuyen,142.35354534235202
2025-12-17 17:00:00+00:00,bacgiang_bacgiangcity,121.48877287629566
2025-12-17 17:00:00+00:00,backan_backancity,73.71693034263879
2025-12-17 17:00:00+00:00,bentre_bentrecity,90.8482858200643
2025-12-17 17:00:00+00:00,bacninh_bacninhcity,120.43928801727441
2025-12-17 17:00:00+00:00,bienhoa_dongnai,106.28825684287332
2025-12-17 18:00:00+00:00,bacgiang_bacgiangcity,117.38286817313971
2025-12-17 18:00:00+00:00,backan_backancity,72.13079720062127
2025-12-17 18:00:00+00:00,bacninh_bacninhcity,116.02787642695984
2025-12-17 18:00:00+00:00,bentre_bentrecity,90.0569868258601
2025-12-17 18:00:00+00:00,bienhoa_dongnai,103.30152276248582
2025-12-17 18:00:00+00:00,binhduong_thudaumot,102.59297926685655
2025-12-17 18:00:00+00:00,angiang_longxuyen,139.34822532783215
2025-12-17 19:00:00+00:00,bentre_bentrecity,89.67914634490104
2025-12-17 19:00:00+00:00,bienhoa_dongnai,100.74925035873981
2025-12-17 19:00:00+00:00,binhduong_thudaumot,100.61873466297108
2025-12-17 19:00:00+00:00,angiang_longxuyen,135.85974009733314
2025-12-17 19:00:00+00:00,bacgiang_bacgiangcity,113.51719292994572
2025-12-17 19:00:00+00:00,backan_backancity,70.58747748815884
2025-12-17 19:00:00+00:00,bacninh_bacninhcity,111.73043818900257
2025-12-17 20:00:00+00:00,bacgiang_bacgiangcity,110.36163541347663
2025-12-17 20:00:00+00:00,angiang_longxuyen,131.9354498318212
2025-12-17 20:00:00+00:00,backan_backancity,69.27462803621813
2025-12-17 20:00:00+00:00,bacninh_bacninhcity,108.22961636014738
2025-12-17 20:00:00+00:00,bienhoa_dongnai,98.66976803900003
2025-12-17 20:00:00+00:00,binhduong_thudaumot,98.9149673810666
2025-12-17 20:00:00+00:00,bentre_bentrecity,89.49859571655851
2025-12-17 21:00:00+00:00,bentre_bentrecity,89.30962163297016
2025-12-17 21:00:00+00:00,bacninh_bacninhcity,105.574803018881
2025-12-17 21:00:00+00:00,bienhoa_dongnai,97.21415331210018
2025-12-17 21:00:00+00:00,binhduong_thudaumot,97.59637629579493
2025-12-17 21:00:00+00:00,bacgiang_bacgiangcity,107.78501096812693
2025-12-17 21:00:00+00:00,angiang_longxuyen,127.74403683316838
2025-12-17 21:00:00+00:00,backan_backancity,68.10582140936393
2025-12-17 22:00:00+00:00,bentre_bentrecity,89.26294672793436
2025-12-17 22:00:00+00:00,bienhoa_dongnai,96.17489864375388
2025-12-17 22:00:00+00:00,binhduong_thudaumot,96.52430670003963
2025-12-17 22:00:00+00:00,bacgiang_bacgiangcity,105.74924707726616
2025-12-17 22:00:00+00:00,bacninh_bacninhcity,103.59071029284527
2025-12-17 22:00:00+00:00,backan_backancity,67.2178517361747
2025-12-17 22:00:00+00:00,angiang_longxuyen,123.4686416376383
2025-12-17 23:00:00+00:00,bentre_bentrecity,89.17394896389044
2025-12-17 23:00:00+00:00,bacgiang_bacgiangcity,104.18965668435042
2025-12-17 23:00:00+00:00,backan_backancity,66.48667319585616
2025-12-17 23:00:00+00:00,binhduong_thudaumot,95.63089832899024
2025-12-17 23:00:00+00:00,bacninh_bacninhcity,102.15960206656837
2025-12-17 23:00:00+00:00,angiang_longxuyen,119.49039840161407
2025-12-17 23:00:00+00:00,bienhoa_dongnai,95.44886837482974
2025-12-18 00:00:00+00:00,binhduong_thudaumot,94.91068637903692
2025-12-18 00:00:00+00:00,backan_backancity,65.97621006757736
2025-12-18 00:00:00+00:00,angiang_longxuyen,116.27636074253394
2025-12-18 00:00:00+00:00,bienhoa_dongnai,94.9091896493858
2025-12-18 00:00:00+00:00,bacninh_bacninhcity,101.22270749903858
2025-12-18 00:00:00+00:00,bacgiang_bacgiangcity,103.11566831599006
2025-12-18 00:00:00+00:00,bentre_bentrecity,89.17287101397456
2025-12-18 01:00:00+00:00,bacgiang_bacgiangcity,103.75136045378264
2025-12-18 01:00:00+00:00,bacninh_bacninhcity,102.04828769359489
2025-12-18 01:00:00+00:00,angiang_longxuyen,112.52883468391428
2025-12-18 01:00:00+00:00,bentre_bentrecity,88.76172068410125
2025-12-18 01:00:00+00:00,binhduong_thudaumot,94.24572507290526
2025-12-18 01:00:00+00:00,bienhoa_dongnai,94.31965873161614
2025-12-18 01:00:00+00:00,backan_backancity,66.03887691980114
2025-12-18 02:00:00+00:00,backan_backancity,66.64400384755456
2025-12-18 02:00:00+00:00,bacgiang_bacgiangcity,105.34302121637032
2025-12-18 02:00:00+00:00,bacninh_bacninhcity,103.76662823835053
2025-12-18 02:00:00+00:00,angiang_longxuyen,109.88433692087925
2025-12-18 02:00:00+00:00,bienhoa_dongnai,93.47311888324639
2025-12-18 02:00:00+00:00,bentre_bentrecity,87.68030958090135
2025-12-18 02:00:00+00:00,binhduong_thudaumot,93.34374748950744
2025-12-18 03:00:00+00:00,bienhoa_dongnai,92.32947711139109
2025-12-18 03:00:00+00:00,bacgiang_bacgiangcity,106.22226422690804
2025-12-18 03:00:00+00:00,bacninh_bacninhcity,104.81051912468773
2025-12-18 03:00:00+00:00,bentre_bentrecity,86.10167314001426
2025-12-18 03:00:00+00:00,binhduong_thudaumot,92.10694952522434
2025-12-18 03:00:00+00:00,angiang_longxuyen,107.25049710210585
2025-12-18 03:00:00+00:00,backan_backancity,67.64789610241417
2025-12-18 04:00:00+00:00,bacninh_bacninhcity,105.3865196499209
2025-12-18 04:00:00+00:00,backan_backancity,68.86839211373126
2025-12-18 04:00:00+00:00,binhduong_thudaumot,90.65358478762923
2025-12-18 04:00:00+00:00,bienhoa_dongnai,90.92809327246414
2025-12-18 04:00:00+00:00,angiang_longxuyen,104.58750287151825
2025-12-18 04:00:00+00:00,bacgiang_bacgiangcity,106.63381321333452
2025-12-18 04:00:00+00:00,bentre_bentrecity,84.48546943752797
2025-12-18 05:00:00+00:00,bacgiang_bacgiangcity,107.14486562452646
2025-12-18 05:00:00+00:00,bacninh_bacninhcity,106.04532326233529
2025-12-18 05:00:00+00:00,backan_backancity,70.4036407985692
2025-12-18 05:00:00+00:00,binhduong_thudaumot,89.2453362242632
2025-12-18 05:00:00+00:00,angiang_longxuyen,102.10725351192485
2025-12-18 05:00:00+00:00,bienhoa_dongnai,89.38568508576309
2025-12-18 05:00:00+00:00,bentre_bentrecity,83.2689284472948
2025-12-18 06:00:00+00:00,bentre_bentrecity,82.81993565771054
2025-12-18 06:00:00+00:00,backan_backancity,72.22030946548276
2025-12-18 06:00:00+00:00,bacgiang_bacgiangcity,108.43666867542285
2025-12-18 06:00:00+00:00,angiang_longxuyen,100.20780568810068
2025-12-18 06:00:00+00:00,binhduong_thudaumot,88.17435436807993
2025-12-18 06:00:00+00:00,bacninh_bacninhcity,107.46758082364948
2025-12-18 06:00:00+00:00,bienhoa_dongnai,88.16881559817915
2025-12-18 07:00:00+00:00,angiang_longxuyen,98.93641271059896
2025-12-18 07:00:00+00:00,bentre_bentrecity,83.68333111848848
2025-12-18 07:00:00+00:00,bienhoa_dongnai,87.65496089791476
2025-12-18 07:00:00+00:00,bacgiang_bacgiangcity,110.93194488526895
2025-12-18 07:00:00+00:00,binhduong_thudaumot,87.74768634547203
2025-12-18 07:00:00+00:00,backan_backancity,74.51446969876774
2025-12-18 07:00:00+00:00,bacninh_bacninhcity,110.05733700498254
2025-12-18 08:00:00+00:00,bienhoa_dongnai,87.96673751596657
2025-12-18 08:00:00+00:00,backan_backancity,77.07263737905924
2025-12-18 08:00:00+00:00,bentre_bentrecity,86.43657292588827
2025-12-18 08:00:00+00:00,bacninh_bacninhcity,114.03082138037914
2025-12-18 08:00:00+00:00,binhduong_thudaumot,87.97950540306306
2025-12-18 08:00:00+00:00,bacgiang_bacgiangcity,114.79173980833654
2025-12-18 08:00:00+00:00,angiang_longxuyen,98.15714737928012
2025-12-18 09:00:00+00:00,bacninh_bacninhcity,118.87676970136566
2025-12-18 09:00:00+00:00,backan_backancity,79.49405008939686
2025-12-18 09:00:00+00:00,bacgiang_bacgiangcity,119.531585660509
2025-12-18 09:00:00+00:00,bentre_bentrecity,90.94409392156871
2025-12-18 09:00:00+00:00,binhduong_thudaumot,88.74812937814873
2025-12-18 09:00:00+00:00,angiang_longxuyen,97.52788677364207
2025-12-18 09:00:00+00:00,bienhoa_dongnai,89.0499673197309
2025-12-18 10:00:00+00:00,angiang_longxuyen,96.65171907480935
2025-12-18 10:00:00+00:00,bienhoa_dongnai,90.16546818111821
2025-12-18 10:00:00+00:00,binhduong_thudaumot,89.43746801582914
2025-12-18 10:00:00+00:00,bacgiang_bacgiangcity,123.91564603928487
2025-12-18 10:00:00+00:00,bacninh_bacninhcity,123.16722030031221
2025-12-18 10:00:00+00:00,bentre_bentrecity,96.69140742857401
2025-12-18 10:00:00+00:00,backan_backancity,81.24250443226927
2025-12-18 11:00:00+00:00,bienhoa_dongnai,90.85587171583964
2025-12-18 11:00:00+00:00,binhduong_thudaumot,89.7392319911204
2025-12-18 11:00:00+00:00,bacninh_bacninhcity,126.17390216477628
2025-12-18 11:00:00+00:00,angiang_longxuyen,95.15525918310999
2025-12-18 11:00:00+00:00,backan_backancity,82.00484018488905
2025-12-18 11:00:00+00:00,bacgiang_bacgiangcity,127.16015128377757
2025-12-18 11:00:00+00:00,bentre_bentrecity,102.91940121050615
2025-12-18 12:00:00+00:00,binhduong_thudaumot,89.69633045465997
2025-12-18 12:00:00+00:00,backan_backancity,81.49528640689246
2025-12-18 12:00:00+00:00,bacgiang_bacgiangcity,130.1962891358522
2025-12-18 12:00:00+00:00,bienhoa_dongnai,90.96075265311434
2025-12-18 12:00:00+00:00,bacninh_bacninhcity,128.40220194245398
2025-12-18 12:00:00+00:00,angiang_longxuyen,93.30990029724458
2025-12-18 12:00:00+00:00,bentre_bentrecity,106.94193557029408
2025-12-18 13:00:00+00:00,angiang_longxuyen,91.20718657959516
2025-12-18 13:00:00+00:00,binhduong_thudaumot,89.77966653423148
2025-12-18 13:00:00+00:00,bentre_bentrecity,105.73303758216377
2025-12-18 13:00:00+00:00,bienhoa_dongnai,91.07365349425362
2025-12-18 13:00:00+00:00,bacgiang_bacgiangcity,133.8959481268651
2025-12-18 13:00:00+00:00,bacninh_bacninhcity,131.44091991279348
2025-12-18 13:00:00+00:00,backan_backancity,80.15545666260712
2025-12-18 14:00:00+00:00,bacgiang_bacgiangcity,137.4923632286592
2025-12-18 14:00:00+00:00,backan_backancity,79.29535052629501
2025-12-18 14:00:00+00:00,bentre_bentrecity,99.71566879613144
2025-12-18 14:00:00+00:00,bienhoa_dongnai,90.72646551443438
2025-12-18 14:00:00+00:00,angiang_longxuyen,89.50445972059131
2025-12-18 14:00:00+00:00,binhduong_thudaumot,89.72385896774891
2025-12-18 14:00:00+00:00,bacninh_bacninhcity,135.01155558673048
2025-12-18 15:00:00+00:00,backan_backancity,79.90491108054403
2025-12-18 15:00:00+00:00,bienhoa_dongnai,90.10887091570635
2025-12-18 15:00:00+00:00,binhduong_thudaumot,89.50291077944075
2025-12-18 15:00:00+00:00,angiang_longxuyen,89.0291849674677
2025-12-18 15:00:00+00:00,bacninh_bacninhcity,138.47100687257287
2025-12-18 15:00:00+00:00,bentre_bentrecity,93.32634365635495
2025-12-18 15:00:00+00:00,bacgiang_bacgiangcity,140.70758217291458
2025-12-18 16:00:00+00:00,angiang_longxuyen,90.2533510121008
2025-12-18 16:00:00+00:00,bentre_bentrecity,89.53746282694628
2025-12-18 16:00:00+00:00,backan_backancity,82.18204166308931
2025-12-18 16:00:00+00:00,bacgiang_bacgiangcity,143.48835793210117
2025-12-18 16:00:00+00:00,bacninh_bacninhcity,141.5398552290576
2025-12-18 16:00:00+00:00,bienhoa_dongnai,89.36660613366968
2025-12-18 16:00:00+00:00,binhduong_thudaumot,89.17515961803412
2025-12-18 17:00:00+00:00,binhduong_thudaumot,89.02448702025609
2025-12-18 17:00:00+00:00,bacninh_bacninhcity,144.2140803707264
2025-12-18 17:00:00+00:00,bacgiang_bacgiangcity,145.8999461786242
2025-12-18 17:00:00+00:00,angiang_longxuyen,93.21628181549868
2025-12-18 17:00:00+00:00,bentre_bentrecity,88.36148038213538
2025-12-18 17:00:00+00:00,backan_backancity,85.66556136244199
2025-12-18 17:00:00+00:00,bienhoa_dongnai,88.96273278153323
2025-12-18 18:00:00+00:00,bacgiang_bacgiangcity,148.0345698243587
2025-12-18 18:00:00+00:00,bacninh_bacninhcity,146.63995716426763
2025-12-18 18:00:00+00:00,bienhoa_dongnai,88.83116415385878
2025-12-18 18:00:00+00:00,binhduong_thudaumot,88.97914024523774
2025-12-18 18:00:00+00:00,bentre_bentrecity,88.67041799990419
2025-12-18 18:00:00+00:00,backan_backancity,89.75397847649842
2025-12-18 18:00:00+00:00,angiang_longxuyen,97.43288903811883
2025-12-18 19:00:00+00:00,bienhoa_dongnai,88.90968916130319
2025-12-18 19:00:00+00:00,binhduong_thudaumot,88.97994952347932
2025-12-18 19:00:00+00:00,bentre_bentrecity,89.59445059086451
2025-12-18 19:00:00+00:00,bacgiang_bacgiangcity,150.02860530588745
2025-12-18 19:00:00+00:00,backan_backancity,93.8887224189276
2025-12-18 19:00:00+00:00,angiang_longxuyen,102.39368987697175
2025-12-18 19:00:00+00:00,bacninh_bacninhcity,148.98720343962594
2025-12-18 20:00:00+00:00,angiang_longxuyen,107.33502670392278
2025-12-18 20:00:00+00:00,bentre_bentrecity,90.88009893932747
2025-12-18 20:00:00+00:00,bacninh_bacninhcity,151.1059460876088
2025-12-18 20:00:00+00:00,backan_backancity,97.7858779330757
2025-12-18 20:00:00+00:00,binhduong_thudaumot,89.08266585900569
2025-12-18 20:00:00+00:00,bienhoa_dongnai,89.30899618271626
2025-12-18 20:00:00+00:00,bacgiang_bacgiangcity,151.8279092982731
2025-12-18 21:00:00+00:00,bienhoa_dongnai,90.03234408585575
2025-12-18 21:00:00+00:00,bacninh_bacninhcity,153.07361911286984
2025-12-18 21:00:00+00:00,bentre_bentrecity,92.2241871840373
2025-12-18 21:00:00+00:00,binhduong_thudaumot,89.38854475309795
2025-12-18 21:00:00+00:00,backan_backancity,101.34739563005016
2025-12-18 21:00:00+00:00,angiang_longxuyen,111.08892746030432
2025-12-18 21:00:00+00:00,bacgiang_bacgiangcity,153.4239060627298
2025-12-18 22:00:00+00:00,bentre_bentrecity,93.6620625101267
2025-12-18 22:00:00+00:00,binhduong_thudaumot,89.71786117174874
2025-12-18 22:00:00+00:00,angiang_longxuyen,113.46821419249636
2025-12-18 22:00:00+00:00,bienhoa_dongnai,90.79775379050608
2025-12-18 22:00:00+00:00,backan_backancity,104.73421541741685
2025-12-18 22:00:00+00:00,bacninh_bacninhcity,154.80111924062666
2025-12-18 22:00:00+00:00,bacgiang_bacgiangcity,154.82005461109657
2025-12-18 23:00:00+00:00,backan_backancity,108.12074776960162
2025-12-18 23:00:00+00:00,binhduong_thudaumot,90.13591864790445
2025-12-18 23:00:00+00:00,bacninh_bacninhcity,156.3645795390048
2025-12-18 23:00:00+00:00,bentre_bentrecity,95.04719769532667
2025-12-18 23:00:00+00:00,angiang_longxuyen,114.64063537794843
2025-12-18 23:00:00+00:00,bienhoa_dongnai,91.44003790204005
2025-12-18 23:00:00+00:00,bacgiang_bacgiangcity,156.04856508758036
2025-12-19 00:00:00+00:00,bienhoa_dongnai,91.89457707570206
2025-12-19 00:00:00+00:00,binhduong_thudaumot,90.66005683808281
2025-12-19 00:00:00+00:00,bacgiang_bacgiangcity,157.18325585049743
2025-12-19 00:00:00+00:00,bacninh_bacninhcity,157.76530529549066
2025-12-19 00:00:00+00:00,backan_backancity,111.57194855079015
2025-12-19 00:00:00+00:00,bentre_bentrecity,96.31126202746184
2025-12-19 00:00:00+00:00,angiang_longxuyen,114.665432576972
2025-12-19 01:00:00+00:00,bienhoa_dongnai,91.98239681778948
2025-12-19 01:00:00+00:00,bacgiang_bacgiangcity,158.34105890384097
2025-12-19 01:00:00+00:00,binhduong_thudaumot,91.02478461850103
2025-12-19 01:00:00+00:00,bentre_bentrecity,97.13301011550588
2025-12-19 01:00:00+00:00,bacninh_bacninhcity,159.11951495691824
2025-12-19 01:00:00+00:00,backan_backancity,115.34188150072384
2025-12-19 01:00:00+00:00,angiang_longxuyen,113.9422402205913
2025-12-19 02:00:00+00:00,backan_backancity,119.21317818202608
2025-12-19 02:00:00+00:00,angiang_longxuyen,112.68229298273627
2025-12-19 02:00:00+00:00,bienhoa_dongnai,91.83519302150665
2025-12-19 02:00:00+00:00,bacninh_bacninhcity,160.02182538862513
2025-12-19 02:00:00+00:00,bentre_bentrecity,97.29049522622353
2025-12-19 02:00:00+00:00,binhduong_thudaumot,91.11382480438826
2025-12-19 02:00:00+00:00,bacgiang_bacgiangcity,159.15714639515218
2025-12-19 03:00:00+00:00,bienhoa_dongnai,91.5817138058178
2025-12-19 03:00:00+00:00,backan_backancity,121.71365650637541
2025-12-19 03:00:00+00:00,binhduong_thudaumot,90.92145153463733
2025-12-19 03:00:00+00:00,bentre_bentrecity,96.92690522139765
2025-12-19 03:00:00+00:00,bacninh_bacninhcity,160.19915739557402
2025-12-19 03:00:00+00:00,angiang_longxuyen,111.15320144774579
2025-12-19 03:00:00+00:00,bacgiang_bacgiangcity,159.32925725215534
2025-12-19 04:00:00+00:00,bacgiang_bacgiangcity,159.01113258596118
2025-12-19 04:00:00+00:00,bentre_bentrecity,96.59425705643773
2025-12-19 04:00:00+00:00,binhduong_thudaumot,90.60609407791439
2025-12-19 04:00:00+00:00,backan_backancity,123.2996199610197
2025-12-19 04:00:00+00:00,bacninh_bacninhcity,159.76962209145424
2025-12-19 04:00:00+00:00,angiang_longxuyen,109.46622886483344
2025-12-19 04:00:00+00:00,bienhoa_dongnai,91.29716439699348
2025-12-19 05:00:00+00:00,bienhoa_dongnai,90.94463779135472
2025-12-19 06:00:00+00:00,bienhoa_dongnai,90.73665328326601
2025-12-19 07:00:00+00:00,bienhoa_dongnai,90.83127466089732
2025-12-19 08:00:00+00:00,bienhoa_dongnai,91.54369730777536
2025-12-19 09:00:00+00:00,bienhoa_dongnai,93.05472855878163
2025-12-19 10:00:00+00:00,bienhoa_dongnai,94.74089240732218
2025-12-19 11:00:00+00:00,bienhoa_dongnai,95.58262553452313
2025-12-19 12:00:00+00:00,bienhoa_dongnai,94.81119627908119
2025-12-19 13:00:00+00:00,bienhoa_dongnai,92.85283321681716
