epoch,train_loss,val_loss,val_mae,val_rmse,val_r2,train_sec
1,0.24610458438773192,0.16461144073814304,20.558732986450195,25.501026806073174,0.5904073715209961,8.841116189956665
