time,location,predicted
2025-10-09 22:00:00+00:00,angiang_longxuyen,99.30966966764161
2025-10-09 22:00:00+00:00,bentre_bentrecity,126.6323955105796
2025-10-09 22:00:00+00:00,baclieu_baclieucity,41.46923616818439
2025-10-09 22:00:00+00:00,backan_backancity,97.53464804586365
2025-10-09 22:00:00+00:00,bacgiang_bacgiangcity,156.37149406469314
2025-10-09 22:00:00+00:00,bacninh_bacninhcity,157.60064874375144
2025-10-09 23:00:00+00:00,baclieu_baclieucity,41.47368249330988
2025-10-09 23:00:00+00:00,bacgiang_bacgiangcity,154.9482612816426
2025-10-09 23:00:00+00:00,bentre_bentrecity,128.92666189031343
2025-10-09 23:00:00+00:00,bacninh_bacninhcity,157.62829372037248
2025-10-09 23:00:00+00:00,backan_backancity,99.79083856089562
2025-10-09 23:00:00+00:00,angiang_longxuyen,101.88963424461711
2025-10-10 00:00:00+00:00,bentre_bentrecity,130.8477759170266
2025-10-10 00:00:00+00:00,bacninh_bacninhcity,157.59364029854243
2025-10-10 00:00:00+00:00,baclieu_baclieucity,41.501068267120935
2025-10-10 00:00:00+00:00,angiang_longxuyen,104.34299943374958
2025-10-10 00:00:00+00:00,bacgiang_bacgiangcity,152.89002149143192
2025-10-10 00:00:00+00:00,backan_backancity,101.993436558395
2025-10-10 01:00:00+00:00,angiang_longxuyen,105.08109999700397
2025-10-10 01:00:00+00:00,bacninh_bacninhcity,157.40029494095538
2025-10-10 01:00:00+00:00,baclieu_baclieucity,41.373141711043964
2025-10-10 01:00:00+00:00,bacgiang_bacgiangcity,150.78925748637195
2025-10-10 01:00:00+00:00,bentre_bentrecity,130.13001592043724
2025-10-10 01:00:00+00:00,backan_backancity,103.87846687469549
2025-10-10 02:00:00+00:00,bentre_bentrecity,128.8866848415394
2025-10-10 02:00:00+00:00,backan_backancity,104.42338096670072
2025-10-10 02:00:00+00:00,angiang_longxuyen,104.8444646547275
2025-10-10 02:00:00+00:00,baclieu_baclieucity,41.12565785885157
2025-10-10 02:00:00+00:00,bacninh_bacninhcity,156.38063096374586
2025-10-10 02:00:00+00:00,bacgiang_bacgiangcity,148.75108099058966
2025-10-10 03:00:00+00:00,backan_backancity,103.99526204086678
2025-10-10 03:00:00+00:00,baclieu_baclieucity,40.80285565167465
2025-10-10 03:00:00+00:00,angiang_longxuyen,103.9869102272482
2025-10-10 03:00:00+00:00,bentre_bentrecity,127.13468818668177
2025-10-10 03:00:00+00:00,bacninh_bacninhcity,154.28903376575514
2025-10-10 03:00:00+00:00,bacgiang_bacgiangcity,146.39985230102224
2025-10-10 04:00:00+00:00,bacgiang_bacgiangcity,143.82210029418695
2025-10-10 04:00:00+00:00,bacninh_bacninhcity,151.70706472858785
2025-10-10 04:00:00+00:00,backan_backancity,103.31401287855131
2025-10-10 04:00:00+00:00,angiang_longxuyen,102.88865670574518
2025-10-10 04:00:00+00:00,baclieu_baclieucity,40.32152101816231
2025-10-10 04:00:00+00:00,bentre_bentrecity,124.95441371965236
2025-10-10 05:00:00+00:00,bentre_bentrecity,122.76958575710485
2025-10-10 05:00:00+00:00,bacninh_bacninhcity,149.03132907490073
2025-10-10 05:00:00+00:00,backan_backancity,102.62781238178941
2025-10-10 05:00:00+00:00,angiang_longxuyen,101.93300647635205
2025-10-10 05:00:00+00:00,bacgiang_bacgiangcity,141.27132033360058
2025-10-10 05:00:00+00:00,baclieu_baclieucity,39.946479475430266
2025-10-10 06:00:00+00:00,angiang_longxuyen,101.42295453920899
2025-10-10 06:00:00+00:00,bacgiang_bacgiangcity,139.6109468874108
2025-10-10 06:00:00+00:00,bentre_bentrecity,121.40373399611946
2025-10-10 06:00:00+00:00,baclieu_baclieucity,39.723465365436354
2025-10-10 06:00:00+00:00,backan_backancity,102.09803548465509
2025-10-10 06:00:00+00:00,bacninh_bacninhcity,146.72847660208544
2025-10-10 07:00:00+00:00,angiang_longxuyen,101.42212646100106
2025-10-10 07:00:00+00:00,bacgiang_bacgiangcity,139.74071777117436
2025-10-10 07:00:00+00:00,baclieu_baclieucity,39.52147160640007
2025-10-10 07:00:00+00:00,backan_backancity,101.95624126670093
2025-10-10 07:00:00+00:00,bentre_bentrecity,120.51753952738551
2025-10-10 07:00:00+00:00,bacninh_bacninhcity,145.3771327214563
2025-10-10 08:00:00+00:00,bacgiang_bacgiangcity,141.88329816802553
2025-10-10 08:00:00+00:00,bentre_bentrecity,119.61265504064926
2025-10-10 08:00:00+00:00,angiang_longxuyen,102.07813107656457
2025-10-10 08:00:00+00:00,bacninh_bacninhcity,145.2541908348025
2025-10-10 08:00:00+00:00,backan_backancity,102.22236778253608
2025-10-10 08:00:00+00:00,baclieu_baclieucity,39.14762638432959
2025-10-10 09:00:00+00:00,angiang_longxuyen,103.35075612303706
2025-10-10 09:00:00+00:00,bentre_bentrecity,118.85941167477087
2025-10-10 09:00:00+00:00,bacgiang_bacgiangcity,144.70769660259012
2025-10-10 09:00:00+00:00,backan_backancity,102.76308914447273
2025-10-10 09:00:00+00:00,baclieu_baclieucity,38.568657030825065
2025-10-10 09:00:00+00:00,bacninh_bacninhcity,146.19710585690305
2025-10-10 10:00:00+00:00,baclieu_baclieucity,37.737463404506684
2025-10-10 10:00:00+00:00,bentre_bentrecity,117.8156069435448
2025-10-10 10:00:00+00:00,bacgiang_bacgiangcity,147.07758789447803
2025-10-10 10:00:00+00:00,bacninh_bacninhcity,147.65019182512913
2025-10-10 10:00:00+00:00,backan_backancity,103.3855516079457
2025-10-10 10:00:00+00:00,angiang_longxuyen,104.82078809805098
2025-10-10 11:00:00+00:00,bacgiang_bacgiangcity,148.5931168165685
2025-10-10 11:00:00+00:00,baclieu_baclieucity,36.594503629114335
2025-10-10 11:00:00+00:00,bacninh_bacninhcity,148.945478113425
2025-10-10 11:00:00+00:00,backan_backancity,103.59104522800075
2025-10-10 11:00:00+00:00,angiang_longxuyen,105.26191825724683
2025-10-10 11:00:00+00:00,bentre_bentrecity,115.7946425112808
2025-10-10 12:00:00+00:00,bacgiang_bacgiangcity,148.03335339435154
2025-10-10 12:00:00+00:00,baclieu_baclieucity,35.28978136160035
2025-10-10 12:00:00+00:00,backan_backancity,102.82694400595126
2025-10-10 12:00:00+00:00,angiang_longxuyen,103.93738317494298
2025-10-10 12:00:00+00:00,bacninh_bacninhcity,148.2117896056938
2025-10-10 12:00:00+00:00,bentre_bentrecity,111.9670843399669
2025-10-10 13:00:00+00:00,baclieu_baclieucity,33.87858157053741
2025-10-10 13:00:00+00:00,bentre_bentrecity,107.84640953714228
2025-10-10 13:00:00+00:00,backan_backancity,100.29239085781754
2025-10-10 13:00:00+00:00,bacninh_bacninhcity,145.45239126040772
2025-10-10 13:00:00+00:00,bacgiang_bacgiangcity,145.26601945534375
2025-10-10 13:00:00+00:00,angiang_longxuyen,100.498355684904
2025-10-10 14:00:00+00:00,angiang_longxuyen,96.61218294161363
2025-10-10 14:00:00+00:00,bacninh_bacninhcity,141.88436488728212
2025-10-10 14:00:00+00:00,baclieu_baclieucity,32.55144324462729
2025-10-10 14:00:00+00:00,bacgiang_bacgiangcity,141.7892025633238
2025-10-10 14:00:00+00:00,bentre_bentrecity,102.72859959364995
2025-10-10 14:00:00+00:00,backan_backancity,97.07411038781042
2025-10-10 15:00:00+00:00,bentre_bentrecity,97.88914714281901
2025-10-10 15:00:00+00:00,baclieu_baclieucity,31.459840518302173
2025-10-10 15:00:00+00:00,bacgiang_bacgiangcity,138.72137530514263
2025-10-10 15:00:00+00:00,bacninh_bacninhcity,138.8578356152721
2025-10-10 15:00:00+00:00,angiang_longxuyen,93.34436622881704
2025-10-10 15:00:00+00:00,backan_backancity,94.25295432493472
2025-10-10 16:00:00+00:00,bacgiang_bacgiangcity,136.40882017329506
2025-10-10 16:00:00+00:00,angiang_longxuyen,90.88185977904611
2025-10-10 16:00:00+00:00,baclieu_baclieucity,30.605837044703236
2025-10-10 16:00:00+00:00,bentre_bentrecity,93.55584830610037
2025-10-10 16:00:00+00:00,bacninh_bacninhcity,137.01932254557076
2025-10-10 16:00:00+00:00,backan_backancity,92.20388383412802
2025-10-10 17:00:00+00:00,angiang_longxuyen,89.20425433066032
2025-10-10 17:00:00+00:00,bacninh_bacninhcity,136.10735235124943
2025-10-10 17:00:00+00:00,backan_backancity,91.15367629502785
2025-10-10 17:00:00+00:00,baclieu_baclieucity,30.05479180930746
2025-10-10 17:00:00+00:00,bacgiang_bacgiangcity,134.9872572545013
2025-10-10 17:00:00+00:00,bentre_bentrecity,89.96334409068845
2025-10-10 18:00:00+00:00,bacninh_bacninhcity,135.73445421636936
2025-10-10 18:00:00+00:00,bacgiang_bacgiangcity,134.08590440605138
2025-10-10 18:00:00+00:00,backan_backancity,90.87357588154843
2025-10-10 18:00:00+00:00,baclieu_baclieucity,29.745513010275673
2025-10-10 18:00:00+00:00,angiang_longxuyen,88.1477299692336
2025-10-10 18:00:00+00:00,bentre_bentrecity,87.33863026704987
2025-10-10 19:00:00+00:00,bentre_bentrecity,85.20567775918958
2025-10-10 19:00:00+00:00,bacgiang_bacgiangcity,133.36333420346864
2025-10-10 19:00:00+00:00,bacninh_bacninhcity,135.65011859439826
2025-10-10 19:00:00+00:00,baclieu_baclieucity,29.64494231999322
2025-10-10 19:00:00+00:00,angiang_longxuyen,87.67600328603447
2025-10-10 19:00:00+00:00,backan_backancity,91.25762409884452
2025-10-10 20:00:00+00:00,bentre_bentrecity,83.35982476376256
2025-10-10 20:00:00+00:00,bacgiang_bacgiangcity,132.8463068445515
2025-10-10 20:00:00+00:00,angiang_longxuyen,87.65422775765923
2025-10-10 20:00:00+00:00,bacninh_bacninhcity,136.00121378522127
2025-10-10 20:00:00+00:00,baclieu_baclieucity,29.699883346375714
2025-10-10 20:00:00+00:00,backan_backancity,92.09487534467945
2025-10-10 21:00:00+00:00,angiang_longxuyen,87.90345499798238
2025-10-10 21:00:00+00:00,bentre_bentrecity,81.43067046526977
2025-10-10 21:00:00+00:00,bacgiang_bacgiangcity,131.99413274463086
2025-10-10 21:00:00+00:00,bacninh_bacninhcity,136.1442563513241
2025-10-10 21:00:00+00:00,baclieu_baclieucity,29.828776928320778
2025-10-10 21:00:00+00:00,backan_backancity,93.24222287533156
2025-10-10 22:00:00+00:00,bacninh_bacninhcity,136.09216406351695
2025-10-10 22:00:00+00:00,bacgiang_bacgiangcity,130.77091729919033
2025-10-10 22:00:00+00:00,bentre_bentrecity,79.47773430895887
2025-10-10 22:00:00+00:00,angiang_longxuyen,88.31814709364127
2025-10-10 22:00:00+00:00,baclieu_baclieucity,29.960516756506507
2025-10-10 22:00:00+00:00,backan_backancity,94.48047332991985
2025-10-10 23:00:00+00:00,backan_backancity,95.75923621793241
2025-10-10 23:00:00+00:00,bacgiang_bacgiangcity,129.34475353051894
2025-10-10 23:00:00+00:00,baclieu_baclieucity,30.063111222574776
2025-10-10 23:00:00+00:00,angiang_longxuyen,88.81915123269755
2025-10-10 23:00:00+00:00,bacninh_bacninhcity,135.77545312237518
2025-10-10 23:00:00+00:00,bentre_bentrecity,77.6188264643125
2025-10-11 00:00:00+00:00,backan_backancity,96.95976580974431
2025-10-11 00:00:00+00:00,bentre_bentrecity,76.08152949085091
2025-10-11 00:00:00+00:00,angiang_longxuyen,89.27234366881386
2025-10-11 00:00:00+00:00,baclieu_baclieucity,30.139042691898368
2025-10-11 00:00:00+00:00,bacninh_bacninhcity,135.14610122267567
2025-10-11 00:00:00+00:00,bacgiang_bacgiangcity,127.59713590774962
2025-10-11 01:00:00+00:00,bentre_bentrecity,73.80812893732258
2025-10-11 01:00:00+00:00,angiang_longxuyen,89.00126114540468
2025-10-11 01:00:00+00:00,backan_backancity,97.99114282547283
2025-10-11 01:00:00+00:00,baclieu_baclieucity,30.210806977584156
2025-10-11 01:00:00+00:00,bacgiang_bacgiangcity,124.6357089107413
2025-10-11 01:00:00+00:00,bacninh_bacninhcity,133.36772818956518
2025-10-11 02:00:00+00:00,backan_backancity,97.90025174012655
2025-10-11 02:00:00+00:00,baclieu_baclieucity,30.232884078459506
2025-10-11 02:00:00+00:00,bacninh_bacninhcity,130.28501421615164
2025-10-11 02:00:00+00:00,angiang_longxuyen,88.22740617146135
2025-10-11 02:00:00+00:00,bacgiang_bacgiangcity,120.8405909680336
2025-10-11 02:00:00+00:00,bentre_bentrecity,71.23995746511869
2025-10-11 03:00:00+00:00,backan_backancity,96.52348916085747
2025-10-11 03:00:00+00:00,bacgiang_bacgiangcity,116.42681822620855
2025-10-11 03:00:00+00:00,bentre_bentrecity,68.51209961560792
2025-10-11 03:00:00+00:00,angiang_longxuyen,87.11145021958552
2025-10-11 03:00:00+00:00,baclieu_baclieucity,30.294933243439473
2025-10-11 03:00:00+00:00,bacninh_bacninhcity,126.1033002669889
2025-10-11 04:00:00+00:00,bacninh_bacninhcity,121.5910628577127
2025-10-11 04:00:00+00:00,angiang_longxuyen,85.66778403040193
2025-10-11 04:00:00+00:00,bacgiang_bacgiangcity,112.0631152425722
2025-10-11 04:00:00+00:00,bentre_bentrecity,65.7459869206088
2025-10-11 04:00:00+00:00,backan_backancity,94.60171357504927
2025-10-11 04:00:00+00:00,baclieu_baclieucity,30.682989758035504
2025-10-11 05:00:00+00:00,bacgiang_bacgiangcity,108.58558678899209
2025-10-11 05:00:00+00:00,baclieu_baclieucity,31.52300624923295
2025-10-11 05:00:00+00:00,bentre_bentrecity,63.63827179403818
2025-10-11 05:00:00+00:00,backan_backancity,92.61259931114849
2025-10-11 05:00:00+00:00,angiang_longxuyen,84.07952005825548
2025-10-11 05:00:00+00:00,bacninh_bacninhcity,117.53838704590831
2025-10-11 06:00:00+00:00,baclieu_baclieucity,32.626342887380275
2025-10-11 06:00:00+00:00,backan_backancity,90.80614140434037
2025-10-11 06:00:00+00:00,bentre_bentrecity,62.33444427468565
2025-10-11 06:00:00+00:00,bacgiang_bacgiangcity,106.4413346586331
2025-10-11 06:00:00+00:00,bacninh_bacninhcity,114.53471372937103
2025-10-11 06:00:00+00:00,angiang_longxuyen,82.64853237574981
2025-10-11 07:00:00+00:00,bacninh_bacninhcity,113.07907436423292
2025-10-11 07:00:00+00:00,bentre_bentrecity,61.56432032580559
2025-10-11 07:00:00+00:00,bacgiang_bacgiangcity,106.1670332849439
2025-10-11 07:00:00+00:00,baclieu_baclieucity,33.78173941298351
2025-10-11 07:00:00+00:00,angiang_longxuyen,81.31738388328873
2025-10-11 07:00:00+00:00,backan_backancity,89.582086042102
2025-10-11 08:00:00+00:00,angiang_longxuyen,80.46279720336727
2025-10-11 08:00:00+00:00,bentre_bentrecity,61.28843631957452
2025-10-11 08:00:00+00:00,baclieu_baclieucity,34.889053817330556
2025-10-11 08:00:00+00:00,backan_backancity,88.80875819695018
2025-10-11 08:00:00+00:00,bacninh_bacninhcity,113.56594198080501
2025-10-11 08:00:00+00:00,bacgiang_bacgiangcity,108.58036534777129
2025-10-11 09:00:00+00:00,bentre_bentrecity,61.42180862699634
2025-10-11 09:00:00+00:00,bacninh_bacninhcity,116.1321233237417
2025-10-11 09:00:00+00:00,bacgiang_bacgiangcity,113.7290117024829
2025-10-11 09:00:00+00:00,baclieu_baclieucity,35.72863165761876
2025-10-11 09:00:00+00:00,angiang_longxuyen,80.27969035677549
2025-10-11 09:00:00+00:00,backan_backancity,88.36550269932901
2025-10-11 10:00:00+00:00,backan_backancity,87.74069058730669
2025-10-11 10:00:00+00:00,bacninh_bacninhcity,120.25685876289519
2025-10-11 10:00:00+00:00,baclieu_baclieucity,36.20836621224625
2025-10-11 10:00:00+00:00,bacgiang_bacgiangcity,120.34821778408357
2025-10-11 10:00:00+00:00,angiang_longxuyen,80.7263840301313
2025-10-11 10:00:00+00:00,bentre_bentrecity,61.64503957011016
2025-10-11 11:00:00+00:00,bentre_bentrecity,61.682070679255105
2025-10-11 11:00:00+00:00,bacninh_bacninhcity,123.83609316521888
2025-10-11 11:00:00+00:00,backan_backancity,86.88030112909294
2025-10-11 11:00:00+00:00,baclieu_baclieucity,36.16484007884288
2025-10-11 11:00:00+00:00,angiang_longxuyen,81.33408003352173
2025-10-11 11:00:00+00:00,bacgiang_bacgiangcity,125.09001168197163
2025-10-11 12:00:00+00:00,angiang_longxuyen,81.01859532105806
2025-10-11 12:00:00+00:00,bentre_bentrecity,61.62632213642605
2025-10-11 12:00:00+00:00,baclieu_baclieucity,35.64853300465738
2025-10-11 12:00:00+00:00,backan_backancity,85.8368141705426
2025-10-11 12:00:00+00:00,bacgiang_bacgiangcity,125.21739490908148
2025-10-11 12:00:00+00:00,bacninh_bacninhcity,123.96435867881664
2025-10-11 13:00:00+00:00,bacninh_bacninhcity,119.75546083495448
2025-10-11 13:00:00+00:00,bentre_bentrecity,60.98797041608295
2025-10-11 13:00:00+00:00,baclieu_baclieucity,34.895264715431864
2025-10-11 13:00:00+00:00,angiang_longxuyen,79.73466161737352
2025-10-11 13:00:00+00:00,backan_backancity,84.45169915457126
2025-10-11 13:00:00+00:00,bacgiang_bacgiangcity,120.37044442504163
2025-10-11 14:00:00+00:00,angiang_longxuyen,77.86198362344557
2025-10-11 14:00:00+00:00,bacgiang_bacgiangcity,114.30178261955967
2025-10-11 14:00:00+00:00,backan_backancity,83.36535026981818
2025-10-11 14:00:00+00:00,bentre_bentrecity,60.271015443605435
2025-10-11 14:00:00+00:00,bacninh_bacninhcity,114.21050709158412
2025-10-11 14:00:00+00:00,baclieu_baclieucity,34.09838555342278
2025-10-11 15:00:00+00:00,baclieu_baclieucity,33.31378861687246
2025-10-11 15:00:00+00:00,backan_backancity,82.70362294221499
2025-10-11 15:00:00+00:00,bacninh_bacninhcity,110.1325677289756
2025-10-11 15:00:00+00:00,angiang_longxuyen,76.15405144628903
2025-10-11 15:00:00+00:00,bacgiang_bacgiangcity,109.68801995580648
2025-10-11 15:00:00+00:00,bentre_bentrecity,59.63993635595079
2025-10-11 16:00:00+00:00,bacgiang_bacgiangcity,107.69272594798828
2025-10-11 16:00:00+00:00,baclieu_baclieucity,32.613871244483434
2025-10-11 16:00:00+00:00,bacninh_bacninhcity,108.57959770868011
2025-10-11 16:00:00+00:00,backan_backancity,82.47696379270538
2025-10-11 16:00:00+00:00,bentre_bentrecity,59.25043428722204
2025-10-11 16:00:00+00:00,angiang_longxuyen,75.14903242784486
2025-10-11 17:00:00+00:00,baclieu_baclieucity,32.07642418727416
2025-10-11 17:00:00+00:00,bacninh_bacninhcity,109.4124886149371
2025-10-11 17:00:00+00:00,backan_backancity,82.6122190590018
2025-10-11 17:00:00+00:00,bacgiang_bacgiangcity,108.41369171010044
2025-10-11 17:00:00+00:00,bentre_bentrecity,59.11954185283827
2025-10-11 17:00:00+00:00,angiang_longxuyen,74.87996994171945
2025-10-11 18:00:00+00:00,bentre_bentrecity,59.19930653294829
2025-10-11 18:00:00+00:00,baclieu_baclieucity,31.692634549704394
2025-10-11 18:00:00+00:00,backan_backancity,83.07993806798467
2025-10-11 18:00:00+00:00,bacninh_bacninhcity,112.26071501551192
2025-10-11 18:00:00+00:00,angiang_longxuyen,75.30779913364316
2025-10-11 18:00:00+00:00,bacgiang_bacgiangcity,111.03593563003983
2025-10-11 19:00:00+00:00,baclieu_baclieucity,31.450344723050975
2025-10-11 19:00:00+00:00,bentre_bentrecity,59.768847384238846
2025-10-11 19:00:00+00:00,angiang_longxuyen,76.31801466996102
2025-10-11 19:00:00+00:00,bacgiang_bacgiangcity,114.90342224960091
2025-10-11 19:00:00+00:00,backan_backancity,83.87954633650295
2025-10-11 19:00:00+00:00,bacninh_bacninhcity,116.34931160134724
2025-10-11 20:00:00+00:00,backan_backancity,84.84540205345641
2025-10-11 20:00:00+00:00,bacninh_bacninhcity,121.12277310408086
2025-10-11 20:00:00+00:00,baclieu_baclieucity,31.365500664798716
2025-10-11 20:00:00+00:00,bacgiang_bacgiangcity,119.36653948021355
2025-10-11 20:00:00+00:00,bentre_bentrecity,60.86906860399668
2025-10-11 20:00:00+00:00,angiang_longxuyen,77.82098471743976
2025-10-11 21:00:00+00:00,baclieu_baclieucity,31.47337888045557
2025-10-11 21:00:00+00:00,bacninh_bacninhcity,126.24009454996973
2025-10-11 21:00:00+00:00,angiang_longxuyen,79.78894715972687
2025-10-11 21:00:00+00:00,bentre_bentrecity,62.34458807696186
2025-10-11 21:00:00+00:00,backan_backancity,85.85439011492879
2025-10-11 21:00:00+00:00,bacgiang_bacgiangcity,123.96885235830165
2025-10-11 22:00:00+00:00,bacninh_bacninhcity,130.74330970758993
2025-10-11 22:00:00+00:00,bentre_bentrecity,64.10084911651103
2025-10-11 22:00:00+00:00,backan_backancity,87.06410458323661
2025-10-11 22:00:00+00:00,bacgiang_bacgiangcity,128.14624210673975
2025-10-11 22:00:00+00:00,angiang_longxuyen,81.99133860498702
2025-10-11 22:00:00+00:00,baclieu_baclieucity,31.719601611283906
2025-10-11 23:00:00+00:00,angiang_longxuyen,84.16657606356429
2025-10-11 23:00:00+00:00,bacninh_bacninhcity,134.62772800301425
2025-10-11 23:00:00+00:00,bentre_bentrecity,66.06541450658622
2025-10-11 23:00:00+00:00,backan_backancity,88.40205029553991
2025-10-11 23:00:00+00:00,baclieu_baclieucity,32.10562438075526
2025-10-11 23:00:00+00:00,bacgiang_bacgiangcity,131.91836826173295
2025-10-12 00:00:00+00:00,baclieu_baclieucity,32.464161683027086
2025-10-12 00:00:00+00:00,bacgiang_bacgiangcity,135.37286380407582
2025-10-12 00:00:00+00:00,bentre_bentrecity,68.45327054707533
2025-10-12 00:00:00+00:00,angiang_longxuyen,86.37765827996378
2025-10-12 00:00:00+00:00,backan_backancity,89.9723339419932
2025-10-12 00:00:00+00:00,bacninh_bacninhcity,137.88790368489782
2025-10-12 01:00:00+00:00,bacninh_bacninhcity,140.5484385891789
2025-10-12 01:00:00+00:00,bentre_bentrecity,70.03700968555286
2025-10-12 01:00:00+00:00,baclieu_baclieucity,32.643535012220894
2025-10-12 01:00:00+00:00,angiang_longxuyen,88.22586590860959
2025-10-12 01:00:00+00:00,backan_backancity,90.0080945835189
2025-10-12 01:00:00+00:00,bacgiang_bacgiangcity,138.5402997113408
2025-10-12 02:00:00+00:00,bacgiang_bacgiangcity,140.78856506930265
2025-10-12 02:00:00+00:00,angiang_longxuyen,89.2653701162908
2025-10-12 02:00:00+00:00,bentre_bentrecity,70.58683866160938
2025-10-12 02:00:00+00:00,bacninh_bacninhcity,142.5079769401408
2025-10-12 02:00:00+00:00,baclieu_baclieucity,32.542311330244004
2025-10-12 02:00:00+00:00,backan_backancity,88.78552465276864
2025-10-12 03:00:00+00:00,bacgiang_bacgiangcity,141.110430158628
2025-10-12 03:00:00+00:00,baclieu_baclieucity,32.35437433898113
2025-10-12 03:00:00+00:00,bentre_bentrecity,70.36704963273228
2025-10-12 03:00:00+00:00,backan_backancity,87.00237194476502
2025-10-12 03:00:00+00:00,angiang_longxuyen,89.30199622104512
2025-10-12 03:00:00+00:00,bacninh_bacninhcity,142.55519172891735
2025-10-12 04:00:00+00:00,backan_backancity,85.29780691180385
2025-10-12 04:00:00+00:00,baclieu_baclieucity,32.28975308457879
2025-10-12 04:00:00+00:00,angiang_longxuyen,88.69378430436939
2025-10-12 04:00:00+00:00,bentre_bentrecity,69.7281446140832
2025-10-12 04:00:00+00:00,bacgiang_bacgiangcity,140.4744860336163
2025-10-12 04:00:00+00:00,bacninh_bacninhcity,141.63556508236198
2025-10-12 05:00:00+00:00,bacninh_bacninhcity,140.37467301308618
2025-10-12 05:00:00+00:00,angiang_longxuyen,87.73688728453678
2025-10-12 05:00:00+00:00,bentre_bentrecity,69.29862063455559
2025-10-12 05:00:00+00:00,backan_backancity,84.01791702118888
2025-10-12 05:00:00+00:00,baclieu_baclieucity,32.47739099567626
2025-10-12 05:00:00+00:00,bacgiang_bacgiangcity,139.54836187046783
2025-10-12 06:00:00+00:00,bacgiang_bacgiangcity,138.95977459731125
2025-10-12 06:00:00+00:00,baclieu_baclieucity,32.98818004081028
2025-10-12 06:00:00+00:00,bentre_bentrecity,69.60976868462109
2025-10-12 06:00:00+00:00,angiang_longxuyen,87.07459980470716
2025-10-12 06:00:00+00:00,bacninh_bacninhcity,139.43474879263957
2025-10-12 06:00:00+00:00,backan_backancity,83.24592257510777
2025-10-12 07:00:00+00:00,bentre_bentrecity,71.22334854660059
2025-10-12 07:00:00+00:00,backan_backancity,82.96159952354321
2025-10-12 07:00:00+00:00,bacgiang_bacgiangcity,138.9613572298531
2025-10-12 07:00:00+00:00,bacninh_bacninhcity,139.09456255084925
2025-10-12 07:00:00+00:00,angiang_longxuyen,86.9475754737958
2025-10-12 07:00:00+00:00,baclieu_baclieucity,33.72803458461796
2025-10-12 08:00:00+00:00,backan_backancity,83.28298234610189
2025-10-12 08:00:00+00:00,angiang_longxuyen,86.93677867982514
2025-10-12 08:00:00+00:00,bentre_bentrecity,73.42801050878302
2025-10-12 08:00:00+00:00,bacninh_bacninhcity,139.7363661547679
2025-10-12 08:00:00+00:00,bacgiang_bacgiangcity,139.8269126748403
2025-10-12 08:00:00+00:00,baclieu_baclieucity,34.43713371808452
2025-10-12 09:00:00+00:00,backan_backancity,83.89517701364674
2025-10-12 09:00:00+00:00,angiang_longxuyen,86.71187288778513
2025-10-12 09:00:00+00:00,bentre_bentrecity,75.41027645998
2025-10-12 09:00:00+00:00,baclieu_baclieucity,34.92796414684805
2025-10-12 09:00:00+00:00,bacninh_bacninhcity,141.24683563739384
2025-10-12 09:00:00+00:00,bacgiang_bacgiangcity,141.4226548972889
2025-10-12 10:00:00+00:00,bacninh_bacninhcity,143.41260471640175
2025-10-12 10:00:00+00:00,angiang_longxuyen,85.8677029207908
2025-10-12 10:00:00+00:00,bacgiang_bacgiangcity,143.52466008503524
2025-10-12 10:00:00+00:00,bentre_bentrecity,76.5236846226969
2025-10-12 10:00:00+00:00,baclieu_baclieucity,35.10241760732116
2025-10-12 10:00:00+00:00,backan_backancity,84.48356365385905
2025-10-12 11:00:00+00:00,bacgiang_bacgiangcity,145.2290481622319
2025-10-12 11:00:00+00:00,bacninh_bacninhcity,144.93817276271056
2025-10-12 11:00:00+00:00,bentre_bentrecity,76.3117813408473
2025-10-12 11:00:00+00:00,baclieu_baclieucity,34.887598293858986
2025-10-12 11:00:00+00:00,backan_backancity,84.6779009606613
2025-10-12 11:00:00+00:00,angiang_longxuyen,84.26549807443503
2025-10-12 12:00:00+00:00,bacgiang_bacgiangcity,145.04313494675483
2025-10-12 12:00:00+00:00,angiang_longxuyen,81.92000798554105
2025-10-12 12:00:00+00:00,backan_backancity,83.99970553145123
2025-10-12 12:00:00+00:00,baclieu_baclieucity,34.35713974318102
2025-10-12 12:00:00+00:00,bacninh_bacninhcity,144.42241898683102
2025-10-12 12:00:00+00:00,bentre_bentrecity,75.23542671828774
2025-10-12 13:00:00+00:00,bacgiang_bacgiangcity,142.5766656847925
2025-10-12 13:00:00+00:00,backan_backancity,81.47170924863096
2025-10-12 13:00:00+00:00,angiang_longxuyen,79.53025777067113
2025-10-12 13:00:00+00:00,baclieu_baclieucity,33.670371928730404
2025-10-12 13:00:00+00:00,bacninh_bacninhcity,141.56845149324803
2025-10-12 13:00:00+00:00,bentre_bentrecity,73.87906576788413
2025-10-12 14:00:00+00:00,bacgiang_bacgiangcity,139.13388162325944
2025-10-12 14:00:00+00:00,angiang_longxuyen,77.46068782686153
2025-10-12 14:00:00+00:00,baclieu_baclieucity,33.04548380049937
2025-10-12 14:00:00+00:00,bacninh_bacninhcity,137.81317102857054
2025-10-12 14:00:00+00:00,backan_backancity,78.57942709352655
2025-10-12 14:00:00+00:00,bentre_bentrecity,72.53973743289959
2025-10-12 15:00:00+00:00,bacninh_bacninhcity,134.40495564948736
2025-10-12 15:00:00+00:00,bacgiang_bacgiangcity,135.74115859674356
2025-10-12 15:00:00+00:00,bentre_bentrecity,71.68719446744164
2025-10-12 15:00:00+00:00,backan_backancity,76.63815506366595
2025-10-12 15:00:00+00:00,baclieu_baclieucity,32.528907554165016
2025-10-12 15:00:00+00:00,angiang_longxuyen,76.18202790342673
2025-10-12 16:00:00+00:00,bacgiang_bacgiangcity,132.8476178126098
2025-10-12 16:00:00+00:00,angiang_longxuyen,75.97973257189035
2025-10-12 16:00:00+00:00,bacninh_bacninhcity,131.7706974300707
2025-10-12 16:00:00+00:00,backan_backancity,75.88216265260066
2025-10-12 16:00:00+00:00,baclieu_baclieucity,32.158810803500785
2025-10-12 16:00:00+00:00,bentre_bentrecity,71.36269498032611
2025-10-12 17:00:00+00:00,backan_backancity,76.01449067177832
2025-10-12 17:00:00+00:00,bentre_bentrecity,71.55435801198281
2025-10-12 17:00:00+00:00,bacgiang_bacgiangcity,130.51284102447363
2025-10-12 17:00:00+00:00,baclieu_baclieucity,32.00416641931547
2025-10-12 17:00:00+00:00,angiang_longxuyen,76.70025656767487
2025-10-12 17:00:00+00:00,bacninh_bacninhcity,129.9058952138314
2025-10-12 18:00:00+00:00,angiang_longxuyen,78.20664859071263
2025-10-12 18:00:00+00:00,backan_backancity,76.79833243091102
2025-10-12 18:00:00+00:00,bentre_bentrecity,72.37348873829706
2025-10-12 18:00:00+00:00,bacgiang_bacgiangcity,128.50833347831033
2025-10-12 18:00:00+00:00,bacninh_bacninhcity,128.65023455511525
2025-10-12 18:00:00+00:00,baclieu_baclieucity,32.05096748052988
2025-10-12 19:00:00+00:00,bentre_bentrecity,73.64848742204052
2025-10-12 19:00:00+00:00,bacgiang_bacgiangcity,126.67825696160774
2025-10-12 19:00:00+00:00,bacninh_bacninhcity,127.98819319333839
2025-10-12 19:00:00+00:00,baclieu_baclieucity,32.26523848035549
2025-10-12 19:00:00+00:00,angiang_longxuyen,80.4851372455547
2025-10-12 19:00:00+00:00,backan_backancity,77.97455241302966
2025-10-12 20:00:00+00:00,bacgiang_bacgiangcity,124.50214220121198
2025-10-12 20:00:00+00:00,bacninh_bacninhcity,127.31023827442799
2025-10-12 20:00:00+00:00,angiang_longxuyen,83.14916889543612
2025-10-12 20:00:00+00:00,baclieu_baclieucity,32.577812145876024
2025-10-12 20:00:00+00:00,bentre_bentrecity,75.23010309134376
2025-10-12 20:00:00+00:00,backan_backancity,79.375568524461
2025-10-12 21:00:00+00:00,angiang_longxuyen,85.76397319626139
2025-10-12 21:00:00+00:00,bentre_bentrecity,76.98784457771161
2025-10-12 21:00:00+00:00,bacninh_bacninhcity,126.56115212284854
2025-10-12 21:00:00+00:00,baclieu_baclieucity,32.96060983423057
2025-10-12 21:00:00+00:00,bacgiang_bacgiangcity,122.10246501718576
2025-10-12 21:00:00+00:00,backan_backancity,80.85492120821263
2025-10-12 22:00:00+00:00,backan_backancity,82.39365501263545
2025-10-12 22:00:00+00:00,angiang_longxuyen,88.01204851370149
2025-10-12 22:00:00+00:00,baclieu_baclieucity,33.271927363056435
2025-10-12 22:00:00+00:00,bentre_bentrecity,78.72434888000191
2025-10-12 22:00:00+00:00,bacgiang_bacgiangcity,119.76121563580357
2025-10-12 22:00:00+00:00,bacninh_bacninhcity,125.58456067412487
2025-10-12 23:00:00+00:00,bacninh_bacninhcity,124.01199217982472
2025-10-12 23:00:00+00:00,backan_backancity,83.8687495425323
2025-10-12 23:00:00+00:00,bentre_bentrecity,80.16566853605454
2025-10-12 23:00:00+00:00,bacgiang_bacgiangcity,117.01861811880839
2025-10-12 23:00:00+00:00,angiang_longxuyen,89.78754788488948
2025-10-12 23:00:00+00:00,baclieu_baclieucity,33.49635711916653
2025-10-13 00:00:00+00:00,bentre_bentrecity,81.27715261637408
2025-10-13 00:00:00+00:00,backan_backancity,85.11708522953107
2025-10-13 00:00:00+00:00,bacgiang_bacgiangcity,113.95036716372623
2025-10-13 00:00:00+00:00,bacninh_bacninhcity,121.87483011863655
2025-10-13 00:00:00+00:00,angiang_longxuyen,90.97859725854212
2025-10-13 00:00:00+00:00,baclieu_baclieucity,33.634402554172596
2025-10-13 01:00:00+00:00,bentre_bentrecity,80.92828058811384
2025-10-13 01:00:00+00:00,angiang_longxuyen,90.77167116911158
2025-10-13 01:00:00+00:00,bacninh_bacninhcity,119.34078618563859
2025-10-13 01:00:00+00:00,baclieu_baclieucity,33.55394002034333
2025-10-13 01:00:00+00:00,bacgiang_bacgiangcity,110.73591460829428
2025-10-13 01:00:00+00:00,backan_backancity,84.76434883630048
2025-10-13 02:00:00+00:00,bentre_bentrecity,79.83953656970291
2025-10-13 02:00:00+00:00,backan_backancity,83.47603485436031
2025-10-13 02:00:00+00:00,angiang_longxuyen,89.62898555053752
2025-10-13 02:00:00+00:00,baclieu_baclieucity,33.23938245639238
2025-10-13 02:00:00+00:00,bacgiang_bacgiangcity,106.96810081543582
2025-10-13 02:00:00+00:00,bacninh_bacninhcity,115.95964254619281
2025-10-13 03:00:00+00:00,baclieu_baclieucity,32.79629020669482
2025-10-13 03:00:00+00:00,backan_backancity,81.55811226224533
2025-10-13 03:00:00+00:00,bentre_bentrecity,78.26167934114474
2025-10-13 03:00:00+00:00,angiang_longxuyen,87.71999423986156
2025-10-13 03:00:00+00:00,bacninh_bacninhcity,111.74709343197817
2025-10-13 03:00:00+00:00,bacgiang_bacgiangcity,102.90463350587204
2025-10-13 04:00:00+00:00,bacninh_bacninhcity,107.31194393533174
2025-10-13 04:00:00+00:00,baclieu_baclieucity,32.37392421245892
2025-10-13 04:00:00+00:00,bacgiang_bacgiangcity,98.9593134540606
2025-10-13 04:00:00+00:00,backan_backancity,79.52650057609338
2025-10-13 04:00:00+00:00,angiang_longxuyen,85.43726799292611
2025-10-13 04:00:00+00:00,bentre_bentrecity,76.3739002911992
2025-10-13 05:00:00+00:00,baclieu_baclieucity,32.14692735159588
2025-10-13 05:00:00+00:00,bacninh_bacninhcity,103.10572971287031
2025-10-13 05:00:00+00:00,angiang_longxuyen,83.07424806783808
2025-10-13 05:00:00+00:00,bacgiang_bacgiangcity,95.6030450285167
2025-10-13 05:00:00+00:00,backan_backancity,77.62373885602906
2025-10-13 05:00:00+00:00,bentre_bentrecity,74.45809742975645
2025-10-13 06:00:00+00:00,bacgiang_bacgiangcity,93.06061329881777
2025-10-13 06:00:00+00:00,bacninh_bacninhcity,99.4899346295785
2025-10-13 06:00:00+00:00,baclieu_baclieucity,32.25996968477517
2025-10-13 06:00:00+00:00,angiang_longxuyen,80.79118971730232
2025-10-13 06:00:00+00:00,backan_backancity,75.98181616370925
2025-10-13 06:00:00+00:00,bentre_bentrecity,73.17418117241489
2025-10-13 07:00:00+00:00,backan_backancity,74.80034234001856
2025-10-13 07:00:00+00:00,bacninh_bacninhcity,96.55298905758762
2025-10-13 07:00:00+00:00,angiang_longxuyen,78.85200377159532
2025-10-13 07:00:00+00:00,baclieu_baclieucity,32.5111770850267
2025-10-13 07:00:00+00:00,bacgiang_bacgiangcity,91.33177230268196
2025-10-13 07:00:00+00:00,bentre_bentrecity,73.11910057528854
2025-10-13 08:00:00+00:00,baclieu_baclieucity,32.69069496963378
2025-10-13 08:00:00+00:00,angiang_longxuyen,77.1669337807483
2025-10-13 08:00:00+00:00,bacgiang_bacgiangcity,90.39144120859368
2025-10-13 08:00:00+00:00,bentre_bentrecity,73.59382802948042
2025-10-13 08:00:00+00:00,backan_backancity,74.15301073770956
2025-10-13 08:00:00+00:00,bacninh_bacninhcity,94.35449328725262
2025-10-13 09:00:00+00:00,backan_backancity,74.09866787165785
2025-10-13 09:00:00+00:00,bentre_bentrecity,73.95695621229103
2025-10-13 09:00:00+00:00,bacgiang_bacgiangcity,89.95746280385276
2025-10-13 09:00:00+00:00,bacninh_bacninhcity,92.78627080160584
2025-10-13 09:00:00+00:00,baclieu_baclieucity,32.75164750734065
2025-10-13 09:00:00+00:00,angiang_longxuyen,75.72480910058383
2025-10-13 10:00:00+00:00,baclieu_baclieucity,32.711231807657356
2025-10-13 10:00:00+00:00,backan_backancity,74.11075569500912
2025-10-13 10:00:00+00:00,angiang_longxuyen,74.48426195955881
2025-10-13 10:00:00+00:00,bacninh_bacninhcity,91.4783016450463
2025-10-13 10:00:00+00:00,bentre_bentrecity,74.19956755012225
2025-10-13 10:00:00+00:00,bacgiang_bacgiangcity,89.80171680772492
2025-10-13 11:00:00+00:00,bentre_bentrecity,74.00374979650131
2025-10-13 11:00:00+00:00,baclieu_baclieucity,32.48622382989417
2025-10-13 11:00:00+00:00,angiang_longxuyen,73.17243155344735
2025-10-13 11:00:00+00:00,bacninh_bacninhcity,90.42361600355306
2025-10-13 11:00:00+00:00,backan_backancity,73.78931430258473
2025-10-13 11:00:00+00:00,bacgiang_bacgiangcity,89.58862218988317
2025-10-13 12:00:00+00:00,baclieu_baclieucity,32.124446492497256
2025-10-13 12:00:00+00:00,backan_backancity,73.03509394149938
2025-10-13 12:00:00+00:00,bacninh_bacninhcity,90.04736380923485
2025-10-13 12:00:00+00:00,bentre_bentrecity,73.53792994656868
2025-10-13 12:00:00+00:00,bacgiang_bacgiangcity,89.20091834064884
2025-10-13 12:00:00+00:00,angiang_longxuyen,71.8103083251905
2025-10-13 13:00:00+00:00,backan_backancity,71.9938264070097
2025-10-13 13:00:00+00:00,baclieu_baclieucity,31.850349490254402
2025-10-13 13:00:00+00:00,bacninh_bacninhcity,91.25230919507203
2025-10-13 13:00:00+00:00,bacgiang_bacgiangcity,90.26907318200725
2025-10-13 13:00:00+00:00,bentre_bentrecity,72.87303735388176
2025-10-13 13:00:00+00:00,angiang_longxuyen,70.4596647906153
2025-10-13 14:00:00+00:00,bacninh_bacninhcity,93.15327705722768
2025-10-13 14:00:00+00:00,angiang_longxuyen,69.42109396228358
2025-10-13 14:00:00+00:00,bacgiang_bacgiangcity,91.88171966463727
2025-10-13 14:00:00+00:00,baclieu_baclieucity,31.799047272550837
2025-10-13 14:00:00+00:00,bentre_bentrecity,72.25783443834
2025-10-13 14:00:00+00:00,backan_backancity,70.99497591697674
2025-10-13 15:00:00+00:00,bacninh_bacninhcity,95.37361658360065
2025-10-13 15:00:00+00:00,baclieu_baclieucity,32.02573009924022
2025-10-13 15:00:00+00:00,bacgiang_bacgiangcity,93.87865674411408
2025-10-13 15:00:00+00:00,angiang_longxuyen,68.9791132938674
2025-10-13 15:00:00+00:00,backan_backancity,70.27605200007707
2025-10-13 15:00:00+00:00,bentre_bentrecity,72.15126719074144
2025-10-13 16:00:00+00:00,angiang_longxuyen,69.2180035759742
2025-10-13 16:00:00+00:00,baclieu_baclieucity,32.57024043302218
2025-10-13 16:00:00+00:00,bacninh_bacninhcity,97.76185737826086
2025-10-13 16:00:00+00:00,bentre_bentrecity,72.56602408710282
2025-10-13 16:00:00+00:00,backan_backancity,69.89028095641159
2025-10-13 16:00:00+00:00,bacgiang_bacgiangcity,95.87449797517239
2025-10-13 17:00:00+00:00,bacgiang_bacgiangcity,97.97237866051287
2025-10-13 17:00:00+00:00,backan_backancity,69.63119030146729
2025-10-13 17:00:00+00:00,angiang_longxuyen,70.11768656016733
2025-10-13 17:00:00+00:00,bacninh_bacninhcity,100.5483865003628
2025-10-13 17:00:00+00:00,bentre_bentrecity,73.42105689493765
2025-10-13 17:00:00+00:00,baclieu_baclieucity,33.40602493987933
2025-10-13 18:00:00+00:00,bentre_bentrecity,74.78873304493193
2025-10-13 18:00:00+00:00,angiang_longxuyen,71.52847760833757
2025-10-13 18:00:00+00:00,baclieu_baclieucity,34.56546901705419
2025-10-13 18:00:00+00:00,backan_backancity,69.23758834213795
2025-10-13 18:00:00+00:00,bacgiang_bacgiangcity,100.33891449102437
2025-10-13 18:00:00+00:00,bacninh_bacninhcity,103.66955439449981
2025-10-13 19:00:00+00:00,angiang_longxuyen,73.3178667608733
2025-10-13 19:00:00+00:00,backan_backancity,68.60259379665138
2025-10-13 19:00:00+00:00,baclieu_baclieucity,35.985666136426005
2025-10-13 19:00:00+00:00,bacgiang_bacgiangcity,102.69013601512951
2025-10-13 19:00:00+00:00,bentre_bentrecity,76.02838543779548
2025-10-13 19:00:00+00:00,bacninh_bacninhcity,106.7112632310708
2025-10-13 20:00:00+00:00,bacninh_bacninhcity,109.12796368426092
2025-10-13 20:00:00+00:00,backan_backancity,67.65469161279293
2025-10-13 20:00:00+00:00,bentre_bentrecity,76.62514756880611
2025-10-13 20:00:00+00:00,angiang_longxuyen,75.19521040538137
2025-10-13 20:00:00+00:00,bacgiang_bacgiangcity,104.61077525208013
2025-10-13 20:00:00+00:00,baclieu_baclieucity,37.54505516477121
2025-10-13 21:00:00+00:00,baclieu_baclieucity,39.10570032981107
2025-10-13 21:00:00+00:00,bentre_bentrecity,76.37194630078531
2025-10-13 21:00:00+00:00,bacgiang_bacgiangcity,106.12745127122163
2025-10-13 21:00:00+00:00,bacninh_bacninhcity,110.96305477840325
2025-10-13 21:00:00+00:00,backan_backancity,66.23393870278043
2025-10-13 21:00:00+00:00,angiang_longxuyen,76.7498091664109
2025-10-13 22:00:00+00:00,baclieu_baclieucity,40.426353600801605
2025-10-13 22:00:00+00:00,bentre_bentrecity,75.6031009196123
2025-10-13 22:00:00+00:00,bacgiang_bacgiangcity,107.18851853574392
2025-10-13 22:00:00+00:00,angiang_longxuyen,77.69996691318333
2025-10-13 22:00:00+00:00,backan_backancity,64.48148096600119
2025-10-13 22:00:00+00:00,bacninh_bacninhcity,112.06846503903064
2025-10-13 23:00:00+00:00,bentre_bentrecity,74.77276964110413
2025-10-13 23:00:00+00:00,bacgiang_bacgiangcity,107.81950603009791
2025-10-13 23:00:00+00:00,backan_backancity,62.444575560921805
2025-10-13 23:00:00+00:00,bacninh_bacninhcity,112.63770681015579
2025-10-13 23:00:00+00:00,angiang_longxuyen,78.15734024077835
2025-10-13 23:00:00+00:00,baclieu_baclieucity,41.516919515886705
2025-10-14 00:00:00+00:00,backan_backancity,60.267857655525845
2025-10-14 00:00:00+00:00,bacgiang_bacgiangcity,108.14591215326782
2025-10-14 00:00:00+00:00,bentre_bentrecity,73.95797557718808
2025-10-14 00:00:00+00:00,baclieu_baclieucity,42.490216098121635
2025-10-14 00:00:00+00:00,angiang_longxuyen,78.23851059766572
2025-10-14 00:00:00+00:00,bacninh_bacninhcity,112.66885102471194
2025-10-14 01:00:00+00:00,angiang_longxuyen,78.21215166575584
2025-10-14 01:00:00+00:00,baclieu_baclieucity,43.4410019132414
2025-10-14 01:00:00+00:00,backan_backancity,58.06770681917142
2025-10-14 01:00:00+00:00,bacgiang_bacgiangcity,107.36333463091756
2025-10-14 01:00:00+00:00,bentre_bentrecity,72.55782181356695
2025-10-14 01:00:00+00:00,bacninh_bacninhcity,111.3833272114814
2025-10-14 02:00:00+00:00,bacninh_bacninhcity,109.5077718171289
2025-10-14 02:00:00+00:00,baclieu_baclieucity,44.21371041321739
2025-10-14 02:00:00+00:00,angiang_longxuyen,77.90404924870793
2025-10-14 02:00:00+00:00,backan_backancity,55.9989693151555
2025-10-14 02:00:00+00:00,bentre_bentrecity,70.78475246872276
2025-10-14 02:00:00+00:00,bacgiang_bacgiangcity,105.99154924406754
2025-10-14 03:00:00+00:00,bacninh_bacninhcity,107.13804315008093
2025-10-14 03:00:00+00:00,backan_backancity,54.09818526268483
2025-10-14 03:00:00+00:00,baclieu_baclieucity,44.87058018046767
2025-10-14 03:00:00+00:00,bentre_bentrecity,68.6579909202861
2025-10-14 03:00:00+00:00,bacgiang_bacgiangcity,104.06474521720777
2025-10-14 03:00:00+00:00,angiang_longxuyen,77.23592409790008
2025-10-14 04:00:00+00:00,bacgiang_bacgiangcity,101.87604977427155
2025-10-14 04:00:00+00:00,baclieu_baclieucity,45.46111895170345
2025-10-14 04:00:00+00:00,bacninh_bacninhcity,104.3661625694755
2025-10-14 04:00:00+00:00,bentre_bentrecity,66.28687589205481
2025-10-14 04:00:00+00:00,angiang_longxuyen,76.3567754593958
2025-10-14 04:00:00+00:00,backan_backancity,52.42695520649131
2025-10-14 05:00:00+00:00,baclieu_baclieucity,46.14611222383941
2025-10-14 05:00:00+00:00,bacgiang_bacgiangcity,99.98110058890258
2025-10-14 05:00:00+00:00,bacninh_bacninhcity,101.57334357341608
2025-10-14 05:00:00+00:00,backan_backancity,51.03184094365704
2025-10-14 05:00:00+00:00,angiang_longxuyen,75.46053937410882
2025-10-14 05:00:00+00:00,bentre_bentrecity,64.13557980071715
2025-10-14 06:00:00+00:00,bentre_bentrecity,62.77278114975348
2025-10-14 06:00:00+00:00,backan_backancity,49.882889595618
2025-10-14 06:00:00+00:00,baclieu_baclieucity,46.99014635859195
2025-10-14 06:00:00+00:00,bacninh_bacninhcity,98.87998150556487
2025-10-14 06:00:00+00:00,bacgiang_bacgiangcity,98.35137958847614
2025-10-14 06:00:00+00:00,angiang_longxuyen,75.0034900500263
2025-10-14 07:00:00+00:00,bacgiang_bacgiangcity,97.06391705038182
2025-10-14 07:00:00+00:00,bentre_bentrecity,62.11501912667645
2025-10-14 07:00:00+00:00,baclieu_baclieucity,47.81680393573522
2025-10-14 07:00:00+00:00,bacninh_bacninhcity,96.47696568342155
2025-10-14 07:00:00+00:00,backan_backancity,49.033985438839
2025-10-14 07:00:00+00:00,angiang_longxuyen,75.38939318743151
2025-10-14 08:00:00+00:00,bacninh_bacninhcity,94.49891286828361
2025-10-14 08:00:00+00:00,backan_backancity,48.49071628774342
2025-10-14 08:00:00+00:00,bentre_bentrecity,62.16362463822206
2025-10-14 08:00:00+00:00,angiang_longxuyen,76.42965381869769
2025-10-14 08:00:00+00:00,bacgiang_bacgiangcity,96.08638972997394
2025-10-14 08:00:00+00:00,baclieu_baclieucity,48.684609958967
2025-10-14 09:00:00+00:00,bacgiang_bacgiangcity,95.35523841897916
2025-10-14 09:00:00+00:00,bacninh_bacninhcity,92.92357850553726
2025-10-14 09:00:00+00:00,angiang_longxuyen,77.5669111322699
2025-10-14 09:00:00+00:00,baclieu_baclieucity,49.53019432591016
2025-10-14 09:00:00+00:00,bentre_bentrecity,62.65552677091158
2025-10-14 09:00:00+00:00,backan_backancity,48.09510799897125
2025-10-14 10:00:00+00:00,bentre_bentrecity,63.15198489145389
2025-10-14 10:00:00+00:00,bacgiang_bacgiangcity,94.73427774294085
2025-10-14 10:00:00+00:00,baclieu_baclieucity,50.189117776962796
2025-10-14 10:00:00+00:00,bacninh_bacninhcity,91.7216158212662
2025-10-14 10:00:00+00:00,angiang_longxuyen,78.33563189670733
2025-10-14 10:00:00+00:00,backan_backancity,47.552835781760315
2025-10-14 11:00:00+00:00,bacgiang_bacgiangcity,94.33129837425913
2025-10-14 11:00:00+00:00,baclieu_baclieucity,50.48239578714611
2025-10-14 11:00:00+00:00,backan_backancity,46.86033559747301
2025-10-14 11:00:00+00:00,bacninh_bacninhcity,91.08729794465383
2025-10-14 11:00:00+00:00,bentre_bentrecity,63.31756564035371
2025-10-14 11:00:00+00:00,angiang_longxuyen,78.37335089023267
2025-10-14 12:00:00+00:00,bacgiang_bacgiangcity,94.29124094769062
2025-10-14 12:00:00+00:00,angiang_longxuyen,77.88668266043751
2025-10-14 12:00:00+00:00,backan_backancity,46.135295491191066
2025-10-14 12:00:00+00:00,bacninh_bacninhcity,91.25720538661297
2025-10-14 12:00:00+00:00,bentre_bentrecity,63.136243305415434
2025-10-14 12:00:00+00:00,baclieu_baclieucity,50.46962506408388
2025-10-14 13:00:00+00:00,bacgiang_bacgiangcity,94.52556838802417
2025-10-14 13:00:00+00:00,backan_backancity,45.93956746161975
2025-10-14 13:00:00+00:00,bentre_bentrecity,62.858283184369604
2025-10-14 13:00:00+00:00,baclieu_baclieucity,50.3161271538659
2025-10-14 13:00:00+00:00,bacninh_bacninhcity,92.05677502394323
2025-10-14 13:00:00+00:00,angiang_longxuyen,77.4889583794952
2025-10-14 14:00:00+00:00,bentre_bentrecity,63.32672247808413
2025-10-14 14:00:00+00:00,baclieu_baclieucity,50.19951579737959
2025-10-14 14:00:00+00:00,backan_backancity,45.92059580979505
2025-10-14 14:00:00+00:00,bacninh_bacninhcity,92.99183669936751
2025-10-14 14:00:00+00:00,bacgiang_bacgiangcity,94.39336249324738
2025-10-14 14:00:00+00:00,angiang_longxuyen,77.363626343853
2025-10-14 15:00:00+00:00,angiang_longxuyen,77.71908810509072
2025-10-14 15:00:00+00:00,baclieu_baclieucity,50.143677530500916
2025-10-14 15:00:00+00:00,bacninh_bacninhcity,93.63159471957162
2025-10-14 15:00:00+00:00,bentre_bentrecity,64.816313672831
2025-10-14 15:00:00+00:00,backan_backancity,45.96620553501732
2025-10-14 15:00:00+00:00,bacgiang_bacgiangcity,93.855799542474
2025-10-14 16:00:00+00:00,baclieu_baclieucity,50.184472065060376
2025-10-14 16:00:00+00:00,backan_backancity,46.012832132801925
2025-10-14 16:00:00+00:00,angiang_longxuyen,78.6440682866066
2025-10-14 16:00:00+00:00,bacninh_bacninhcity,93.95201113934587
2025-10-14 16:00:00+00:00,bacgiang_bacgiangcity,93.07956688121581
2025-10-14 16:00:00+00:00,bentre_bentrecity,67.04711524146867
2025-10-14 17:00:00+00:00,bacninh_bacninhcity,93.78864856833938
2025-10-14 17:00:00+00:00,baclieu_baclieucity,50.32789097370465
2025-10-14 17:00:00+00:00,bacgiang_bacgiangcity,92.10480231383575
2025-10-14 17:00:00+00:00,backan_backancity,45.94697966505205
2025-10-14 17:00:00+00:00,bentre_bentrecity,69.8863729755838
2025-10-14 17:00:00+00:00,angiang_longxuyen,80.40043898888305
2025-10-14 18:00:00+00:00,bacgiang_bacgiangcity,90.77557478835364
2025-10-14 18:00:00+00:00,bentre_bentrecity,73.21289959215959
2025-10-14 18:00:00+00:00,bacninh_bacninhcity,92.96902747517063
2025-10-14 18:00:00+00:00,backan_backancity,45.75325048791943
2025-10-14 18:00:00+00:00,angiang_longxuyen,82.88975049847724
2025-10-14 18:00:00+00:00,baclieu_baclieucity,50.60090630268266
2025-10-14 19:00:00+00:00,bentre_bentrecity,76.705699826685
2025-10-14 19:00:00+00:00,bacgiang_bacgiangcity,89.04005308902337
2025-10-14 19:00:00+00:00,backan_backancity,45.42060355863169
2025-10-14 19:00:00+00:00,bacninh_bacninhcity,91.46191890590329
2025-10-14 19:00:00+00:00,angiang_longxuyen,86.04748997754673
2025-10-14 19:00:00+00:00,baclieu_baclieucity,50.97694477929935
2025-10-14 20:00:00+00:00,baclieu_baclieucity,51.39868768985735
2025-10-14 20:00:00+00:00,bentre_bentrecity,80.23931453444759
2025-10-14 20:00:00+00:00,bacgiang_bacgiangcity,87.21646848116082
2025-10-14 20:00:00+00:00,bacninh_bacninhcity,89.61509327685506
2025-10-14 20:00:00+00:00,angiang_longxuyen,89.44495903243715
2025-10-14 20:00:00+00:00,backan_backancity,44.934782722638474
2025-10-14 21:00:00+00:00,angiang_longxuyen,92.90687612446747
2025-10-14 21:00:00+00:00,backan_backancity,44.3230591063541
2025-10-14 21:00:00+00:00,bacninh_bacninhcity,87.56973761093602
2025-10-14 21:00:00+00:00,bacgiang_bacgiangcity,85.31723466088077
2025-10-14 21:00:00+00:00,bentre_bentrecity,83.71552080446318
2025-10-14 21:00:00+00:00,baclieu_baclieucity,51.802156802309895
2025-10-14 22:00:00+00:00,bentre_bentrecity,86.9036243973241
2025-10-14 22:00:00+00:00,backan_backancity,43.59362750631033
2025-10-14 22:00:00+00:00,angiang_longxuyen,96.18251565284011
2025-10-14 22:00:00+00:00,baclieu_baclieucity,52.31168971074926
2025-10-14 22:00:00+00:00,bacninh_bacninhcity,85.44269879026268
2025-10-14 22:00:00+00:00,bacgiang_bacgiangcity,83.50502569172563
2025-10-14 23:00:00+00:00,bacninh_bacninhcity,83.40426184550303
2025-10-14 23:00:00+00:00,bentre_bentrecity,90.00959621518264
2025-10-14 23:00:00+00:00,backan_backancity,42.80349260203083
2025-10-14 23:00:00+00:00,baclieu_baclieucity,53.04876280901881
2025-10-14 23:00:00+00:00,bacgiang_bacgiangcity,81.81549566791219
2025-10-14 23:00:00+00:00,angiang_longxuyen,99.28485863135856
2025-10-15 00:00:00+00:00,bacgiang_bacgiangcity,80.34464309169448
2025-10-15 00:00:00+00:00,backan_backancity,42.0035528529959
2025-10-15 00:00:00+00:00,bacninh_bacninhcity,81.62881605951134
2025-10-15 00:00:00+00:00,bentre_bentrecity,93.301597765166
2025-10-15 00:00:00+00:00,baclieu_baclieucity,54.11594563983969
2025-10-15 00:00:00+00:00,angiang_longxuyen,102.25760690302339
2025-10-15 01:00:00+00:00,angiang_longxuyen,105.2206495560085
2025-10-15 01:00:00+00:00,bacgiang_bacgiangcity,79.46976382255119
2025-10-15 01:00:00+00:00,backan_backancity,41.63299252807531
2025-10-15 01:00:00+00:00,baclieu_baclieucity,55.329727598396836
2025-10-15 01:00:00+00:00,bacninh_bacninhcity,80.47142441997147
2025-10-15 01:00:00+00:00,bentre_bentrecity,95.80416896273864
2025-10-15 02:00:00+00:00,baclieu_baclieucity,56.208833867211005
2025-10-15 02:00:00+00:00,bacgiang_bacgiangcity,78.48482803721309
2025-10-15 02:00:00+00:00,bacninh_bacninhcity,79.31810027068094
2025-10-15 02:00:00+00:00,backan_backancity,41.28265002233521
2025-10-15 02:00:00+00:00,bentre_bentrecity,96.85965744755086
2025-10-15 02:00:00+00:00,angiang_longxuyen,106.93094135105324
2025-10-15 03:00:00+00:00,bentre_bentrecity,96.66803678558425
2025-10-15 03:00:00+00:00,bacninh_bacninhcity,77.96661681930793
2025-10-15 03:00:00+00:00,angiang_longxuyen,107.4529272098791
2025-10-15 03:00:00+00:00,bacgiang_bacgiangcity,77.21903105322485
2025-10-15 03:00:00+00:00,backan_backancity,40.75383641256691
2025-10-15 03:00:00+00:00,baclieu_baclieucity,56.52615792269184
2025-10-15 04:00:00+00:00,bacgiang_bacgiangcity,75.6965684559667
2025-10-15 04:00:00+00:00,backan_backancity,40.108600863750375
2025-10-15 04:00:00+00:00,bacninh_bacninhcity,76.36164797375699
2025-10-15 04:00:00+00:00,angiang_longxuyen,107.2219201824651
2025-10-15 04:00:00+00:00,baclieu_baclieucity,56.576268804403256
2025-10-15 04:00:00+00:00,bentre_bentrecity,95.72704989592498
2025-10-15 05:00:00+00:00,bacninh_bacninhcity,74.68440142156967
2025-10-15 05:00:00+00:00,backan_backancity,39.50625341065105
2025-10-15 05:00:00+00:00,bentre_bentrecity,94.82779014132005
2025-10-15 05:00:00+00:00,angiang_longxuyen,106.69157004834709
2025-10-15 05:00:00+00:00,baclieu_baclieucity,56.54158048988722
2025-10-15 05:00:00+00:00,bacgiang_bacgiangcity,74.19681850493535
2025-10-15 06:00:00+00:00,bentre_bentrecity,94.45315983381542
2025-10-15 06:00:00+00:00,baclieu_baclieucity,56.72223487912278
2025-10-15 06:00:00+00:00,bacgiang_bacgiangcity,73.05766452464762
2025-10-15 06:00:00+00:00,backan_backancity,39.06311629892868
2025-10-15 06:00:00+00:00,bacninh_bacninhcity,73.26078481897355
2025-10-15 06:00:00+00:00,angiang_longxuyen,106.2327611359582
2025-10-15 07:00:00+00:00,angiang_longxuyen,106.44247427867998
2025-10-15 07:00:00+00:00,bacgiang_bacgiangcity,72.51027554427377
2025-10-15 07:00:00+00:00,baclieu_baclieucity,56.96728122796723
2025-10-15 07:00:00+00:00,backan_backancity,38.8135937169422
2025-10-15 07:00:00+00:00,bacninh_bacninhcity,72.31388704600387
2025-10-15 07:00:00+00:00,bentre_bentrecity,95.04038753838684
2025-10-15 08:00:00+00:00,bacgiang_bacgiangcity,72.56934138460396
2025-10-15 08:00:00+00:00,baclieu_baclieucity,57.191162670440775
2025-10-15 08:00:00+00:00,bacninh_bacninhcity,71.91938036917423
2025-10-15 08:00:00+00:00,angiang_longxuyen,107.49037080041882
2025-10-15 08:00:00+00:00,bentre_bentrecity,96.82559065900352
2025-10-15 08:00:00+00:00,backan_backancity,38.79925780768108
2025-10-15 09:00:00+00:00,bentre_bentrecity,99.13912636878916
2025-10-15 09:00:00+00:00,angiang_longxuyen,108.63715070184037
2025-10-15 09:00:00+00:00,bacgiang_bacgiangcity,73.03221280257276
2025-10-15 09:00:00+00:00,baclieu_baclieucity,57.24532110372383
2025-10-15 09:00:00+00:00,bacninh_bacninhcity,71.95692988393918
2025-10-15 09:00:00+00:00,backan_backancity,39.08212782810876
2025-10-15 10:00:00+00:00,baclieu_baclieucity,57.11649232248126
2025-10-15 10:00:00+00:00,angiang_longxuyen,108.95394389002763
2025-10-15 10:00:00+00:00,bacgiang_bacgiangcity,73.65534881950154
2025-10-15 10:00:00+00:00,bacninh_bacninhcity,72.25008826205635
2025-10-15 10:00:00+00:00,bentre_bentrecity,100.79687258265109
2025-10-15 10:00:00+00:00,backan_backancity,39.57049583017723
2025-10-15 11:00:00+00:00,backan_backancity,40.00095194288698
2025-10-15 11:00:00+00:00,bacninh_bacninhcity,72.7883428357122
2025-10-15 11:00:00+00:00,baclieu_baclieucity,56.66503081282215
2025-10-15 11:00:00+00:00,bentre_bentrecity,101.04494337966807
2025-10-15 11:00:00+00:00,angiang_longxuyen,107.8314069283458
2025-10-15 11:00:00+00:00,bacgiang_bacgiangcity,74.32037101359347
2025-10-15 12:00:00+00:00,bacninh_bacninhcity,73.52234537761704
2025-10-15 12:00:00+00:00,baclieu_baclieucity,55.75409742974086
2025-10-15 12:00:00+00:00,backan_backancity,40.40559245265398
2025-10-15 12:00:00+00:00,angiang_longxuyen,105.02324916984568
2025-10-15 12:00:00+00:00,bacgiang_bacgiangcity,74.98372334342861
2025-10-15 12:00:00+00:00,bentre_bentrecity,99.92214332090325
2025-10-15 13:00:00+00:00,baclieu_baclieucity,54.474971439715
2025-10-15 13:00:00+00:00,backan_backancity,41.05885331924186
2025-10-15 13:00:00+00:00,bacgiang_bacgiangcity,77.49988975954028
2025-10-15 13:00:00+00:00,bacninh_bacninhcity,76.12231904074095
2025-10-15 13:00:00+00:00,bentre_bentrecity,98.04090104182256
2025-10-15 13:00:00+00:00,angiang_longxuyen,101.06011422105757
2025-10-15 14:00:00+00:00,bentre_bentrecity,95.87650928928464
2025-10-15 14:00:00+00:00,bacgiang_bacgiangcity,80.43584011112662
2025-10-15 14:00:00+00:00,angiang_longxuyen,96.89468783500605
2025-10-15 14:00:00+00:00,backan_backancity,41.82940844202703
2025-10-15 14:00:00+00:00,bacninh_bacninhcity,79.37443700450194
2025-10-15 14:00:00+00:00,baclieu_baclieucity,53.05172370265619
2025-10-15 15:00:00+00:00,bentre_bentrecity,93.99038499381669
2025-10-15 15:00:00+00:00,bacninh_bacninhcity,82.77319397335458
2025-10-15 15:00:00+00:00,backan_backancity,42.596578974273854
2025-10-15 15:00:00+00:00,angiang_longxuyen,93.25605782531565
2025-10-15 15:00:00+00:00,baclieu_baclieucity,51.6780933650359
2025-10-15 15:00:00+00:00,bacgiang_bacgiangcity,83.42035485073582
2025-10-15 16:00:00+00:00,bacninh_bacninhcity,86.49945369265022
2025-10-15 16:00:00+00:00,baclieu_baclieucity,50.390862302527914
2025-10-15 16:00:00+00:00,bentre_bentrecity,92.529574034152
2025-10-15 16:00:00+00:00,bacgiang_bacgiangcity,86.48787181324542
2025-10-15 16:00:00+00:00,backan_backancity,43.318708033612644
2025-10-15 16:00:00+00:00,angiang_longxuyen,90.40547118376894
2025-10-15 17:00:00+00:00,bacninh_bacninhcity,90.65553460238785
2025-10-15 17:00:00+00:00,bacgiang_bacgiangcity,89.90017898284135
2025-10-15 17:00:00+00:00,angiang_longxuyen,88.44729738606163
2025-10-15 17:00:00+00:00,backan_backancity,44.158265935223156
2025-10-15 17:00:00+00:00,bentre_bentrecity,91.45944837912042
2025-10-15 17:00:00+00:00,baclieu_baclieucity,49.41533757306082
2025-10-15 18:00:00+00:00,bacninh_bacninhcity,95.00626498385033
2025-10-15 18:00:00+00:00,angiang_longxuyen,87.42485445564867
2025-10-15 18:00:00+00:00,bacgiang_bacgiangcity,93.39413005291986
2025-10-15 18:00:00+00:00,baclieu_baclieucity,48.737352746133865
2025-10-15 18:00:00+00:00,backan_backancity,45.32485802835089
2025-10-15 18:00:00+00:00,bentre_bentrecity,90.89817896365399
2025-10-15 19:00:00+00:00,backan_backancity,46.63991351557917
2025-10-15 19:00:00+00:00,bentre_bentrecity,90.56449522312622
2025-10-15 19:00:00+00:00,baclieu_baclieucity,48.36635377030404
2025-10-15 19:00:00+00:00,angiang_longxuyen,87.06163218720272
2025-10-15 19:00:00+00:00,bacninh_bacninhcity,98.87416143670053
2025-10-15 19:00:00+00:00,bacgiang_bacgiangcity,96.51079040396002
2025-10-15 20:00:00+00:00,angiang_longxuyen,87.04590306283781
2025-10-15 20:00:00+00:00,backan_backancity,47.97131871851554
2025-10-15 20:00:00+00:00,bentre_bentrecity,90.42707287179805
2025-10-15 20:00:00+00:00,bacgiang_bacgiangcity,99.01231123822265
2025-10-15 20:00:00+00:00,baclieu_baclieucity,48.29712668135465
2025-10-15 20:00:00+00:00,bacninh_bacninhcity,102.01172188354849
2025-10-15 21:00:00+00:00,backan_backancity,49.13109676854175
2025-10-15 21:00:00+00:00,bacgiang_bacgiangcity,100.74843841911691
2025-10-15 21:00:00+00:00,bacninh_bacninhcity,104.3516596737887
2025-10-15 21:00:00+00:00,baclieu_baclieucity,48.467971241165365
2025-10-15 21:00:00+00:00,angiang_longxuyen,87.1135225958982
2025-10-15 21:00:00+00:00,bentre_bentrecity,90.22064088772409
2025-10-15 22:00:00+00:00,backan_backancity,50.18157098745607
2025-10-15 22:00:00+00:00,bacninh_bacninhcity,106.19440971249978
2025-10-15 22:00:00+00:00,bacgiang_bacgiangcity,102.06242718708862
2025-10-15 22:00:00+00:00,bentre_bentrecity,89.86732440358938
2025-10-15 22:00:00+00:00,angiang_longxuyen,87.10272081725813
2025-10-15 22:00:00+00:00,baclieu_baclieucity,48.76540646564763
2025-10-15 23:00:00+00:00,bacgiang_bacgiangcity,103.30360738113039
2025-10-15 23:00:00+00:00,angiang_longxuyen,86.93453807091942
2025-10-15 23:00:00+00:00,baclieu_baclieucity,49.18776249054468
2025-10-15 23:00:00+00:00,backan_backancity,51.19386762325811
2025-10-15 23:00:00+00:00,bentre_bentrecity,89.28545459556423
2025-10-15 23:00:00+00:00,bacninh_bacninhcity,107.76042149725738
2025-10-16 00:00:00+00:00,baclieu_baclieucity,49.708964510103755
2025-10-16 00:00:00+00:00,angiang_longxuyen,86.56939234315978
2025-10-16 00:00:00+00:00,backan_backancity,52.1643628212772
2025-10-16 00:00:00+00:00,bacninh_bacninhcity,109.22637227418106
2025-10-16 00:00:00+00:00,bacgiang_bacgiangcity,104.39178377031074
2025-10-16 00:00:00+00:00,bentre_bentrecity,88.47648262553446
2025-10-16 01:00:00+00:00,angiang_longxuyen,85.90474524544194
2025-10-16 01:00:00+00:00,baclieu_baclieucity,50.02482805744359
2025-10-16 01:00:00+00:00,bentre_bentrecity,87.5254288844332
2025-10-16 01:00:00+00:00,bacninh_bacninhcity,110.45242898119284
2025-10-16 01:00:00+00:00,backan_backancity,52.89156627408882
2025-10-16 01:00:00+00:00,bacgiang_bacgiangcity,105.41535759759908
2025-10-16 02:00:00+00:00,bentre_bentrecity,86.68203964128729
2025-10-16 02:00:00+00:00,angiang_longxuyen,84.90235688628587
2025-10-16 02:00:00+00:00,bacgiang_bacgiangcity,105.54120305419187
2025-10-16 02:00:00+00:00,bacninh_bacninhcity,110.6459625100506
2025-10-16 02:00:00+00:00,baclieu_baclieucity,49.93662931666951
2025-10-16 02:00:00+00:00,backan_backancity,53.09107268308292
2025-10-16 03:00:00+00:00,bacgiang_bacgiangcity,104.68915606334154
2025-10-16 03:00:00+00:00,baclieu_baclieucity,49.46868848989731
2025-10-16 03:00:00+00:00,bentre_bentrecity,85.91467969160239
2025-10-16 03:00:00+00:00,angiang_longxuyen,83.6444780496764
2025-10-16 03:00:00+00:00,bacninh_bacninhcity,109.57465112677995
2025-10-16 03:00:00+00:00,backan_backancity,52.869224985734036
2025-10-16 04:00:00+00:00,backan_backancity,52.59514293749946
2025-10-16 04:00:00+00:00,angiang_longxuyen,82.26368100359291
2025-10-16 04:00:00+00:00,bacninh_bacninhcity,107.72178158605611
2025-10-16 04:00:00+00:00,bentre_bentrecity,85.35527890408598
2025-10-16 04:00:00+00:00,baclieu_baclieucity,48.779353570693736
2025-10-16 04:00:00+00:00,bacgiang_bacgiangcity,103.20548914820414
2025-10-16 05:00:00+00:00,baclieu_baclieucity,48.165187466392005
2025-10-16 05:00:00+00:00,backan_backancity,52.49999058288002
2025-10-16 05:00:00+00:00,angiang_longxuyen,80.97028515117577
2025-10-16 05:00:00+00:00,bacninh_bacninhcity,105.59621012744422
2025-10-16 05:00:00+00:00,bentre_bentrecity,85.5170501193791
2025-10-16 05:00:00+00:00,bacgiang_bacgiangcity,101.56237636605952
2025-10-16 06:00:00+00:00,angiang_longxuyen,80.1969585521913
2025-10-16 06:00:00+00:00,baclieu_baclieucity,48.17011730445155
2025-10-16 06:00:00+00:00,backan_backancity,52.671443272360364
2025-10-16 06:00:00+00:00,bacninh_bacninhcity,103.58748555094891
2025-10-16 06:00:00+00:00,bacgiang_bacgiangcity,100.33179466960792
2025-10-16 06:00:00+00:00,bentre_bentrecity,87.24867193796939
2025-10-16 07:00:00+00:00,baclieu_baclieucity,49.2631655849094
2025-10-16 07:00:00+00:00,backan_backancity,53.306300739437795
2025-10-16 07:00:00+00:00,bentre_bentrecity,91.13979399068424
2025-10-16 07:00:00+00:00,bacgiang_bacgiangcity,100.12470486494102
2025-10-16 07:00:00+00:00,bacninh_bacninhcity,102.30602486638195
2025-10-16 07:00:00+00:00,angiang_longxuyen,80.2296517527707
2025-10-16 08:00:00+00:00,angiang_longxuyen,81.45995290579634
2025-10-16 08:00:00+00:00,baclieu_baclieucity,51.339614372523016
2025-10-16 08:00:00+00:00,bacgiang_bacgiangcity,100.93957712585865
2025-10-16 08:00:00+00:00,bentre_bentrecity,96.82670940574718
2025-10-16 08:00:00+00:00,bacninh_bacninhcity,101.85096380231562
2025-10-16 08:00:00+00:00,backan_backancity,54.471227952978175
2025-10-16 09:00:00+00:00,baclieu_baclieucity,53.89125169625016
2025-10-16 09:00:00+00:00,angiang_longxuyen,83.47427152755185
2025-10-16 09:00:00+00:00,bacninh_bacninhcity,102.10417503967527
2025-10-16 09:00:00+00:00,bentre_bentrecity,102.52281623968467
2025-10-16 09:00:00+00:00,bacgiang_bacgiangcity,102.61309047218984
2025-10-16 09:00:00+00:00,backan_backancity,56.09974936155373
2025-10-16 10:00:00+00:00,baclieu_baclieucity,56.13453736945823
2025-10-16 10:00:00+00:00,bacgiang_bacgiangcity,104.7352281166528
2025-10-16 10:00:00+00:00,angiang_longxuyen,85.71435579682287
2025-10-16 10:00:00+00:00,bentre_bentrecity,106.18226145003177
2025-10-16 10:00:00+00:00,backan_backancity,57.92740332891665
2025-10-16 10:00:00+00:00,bacninh_bacninhcity,102.81728091273256
2025-10-16 11:00:00+00:00,bacninh_bacninhcity,103.27921427822429
2025-10-16 11:00:00+00:00,bentre_bentrecity,106.50147407214031
2025-10-16 11:00:00+00:00,bacgiang_bacgiangcity,106.2623108793826
2025-10-16 11:00:00+00:00,baclieu_baclieucity,57.48236207347462
2025-10-16 11:00:00+00:00,backan_backancity,59.19787842515855
2025-10-16 11:00:00+00:00,angiang_longxuyen,87.68701068228825
2025-10-16 12:00:00+00:00,angiang_longxuyen,88.59050195392071
2025-10-16 12:00:00+00:00,bacgiang_bacgiangcity,106.65683375638785
2025-10-16 12:00:00+00:00,baclieu_baclieucity,57.882197361917655
2025-10-16 12:00:00+00:00,bentre_bentrecity,103.54113373306626
2025-10-16 12:00:00+00:00,bacninh_bacninhcity,103.33627441219532
2025-10-16 12:00:00+00:00,backan_backancity,59.80027572495211
2025-10-16 13:00:00+00:00,angiang_longxuyen,87.43188782420481
2025-10-16 13:00:00+00:00,backan_backancity,59.916520708235815
2025-10-16 13:00:00+00:00,bacninh_bacninhcity,103.62735667549772
2025-10-16 13:00:00+00:00,bacgiang_bacgiangcity,106.25832750542978
2025-10-16 13:00:00+00:00,bentre_bentrecity,98.96354450377538
2025-10-16 13:00:00+00:00,baclieu_baclieucity,57.32460725556923
2025-10-16 14:00:00+00:00,angiang_longxuyen,85.50479530960217
2025-10-16 14:00:00+00:00,bacgiang_bacgiangcity,106.76169936246208
2025-10-16 14:00:00+00:00,bentre_bentrecity,94.63208578892849
2025-10-16 14:00:00+00:00,baclieu_baclieucity,56.30728108831918
2025-10-16 14:00:00+00:00,backan_backancity,60.30349305723229
2025-10-16 14:00:00+00:00,bacninh_bacninhcity,105.2089094133495
2025-10-16 15:00:00+00:00,bacninh_bacninhcity,108.12672740682528
2025-10-16 15:00:00+00:00,backan_backancity,61.28379559234153
2025-10-16 15:00:00+00:00,bentre_bentrecity,91.1205132893553
2025-10-16 15:00:00+00:00,bacgiang_bacgiangcity,108.23901954725639
2025-10-16 15:00:00+00:00,baclieu_baclieucity,55.03218271118726
2025-10-16 15:00:00+00:00,angiang_longxuyen,83.83534478039275
2025-10-16 16:00:00+00:00,baclieu_baclieucity,53.78435047580024
2025-10-16 16:00:00+00:00,backan_backancity,62.94754864440025
2025-10-16 16:00:00+00:00,bacninh_bacninhcity,111.85564956267659
2025-10-16 16:00:00+00:00,bentre_bentrecity,88.45150693938953
2025-10-16 16:00:00+00:00,bacgiang_bacgiangcity,110.59806108306101
2025-10-16 16:00:00+00:00,angiang_longxuyen,83.29983800575644
2025-10-16 17:00:00+00:00,bentre_bentrecity,86.69887536226413
2025-10-16 17:00:00+00:00,baclieu_baclieucity,52.668661826822216
2025-10-16 17:00:00+00:00,bacninh_bacninhcity,116.03744575888481
2025-10-16 17:00:00+00:00,angiang_longxuyen,83.90240603047775
2025-10-16 17:00:00+00:00,backan_backancity,64.7711675218651
2025-10-16 17:00:00+00:00,bacgiang_bacgiangcity,113.55066147668819
2025-10-16 18:00:00+00:00,bacgiang_bacgiangcity,116.59955197573066
2025-10-16 18:00:00+00:00,angiang_longxuyen,85.31263630333787
2025-10-16 18:00:00+00:00,backan_backancity,66.47781614664514
2025-10-16 18:00:00+00:00,bacninh_bacninhcity,120.17730343890095
2025-10-16 18:00:00+00:00,baclieu_baclieucity,51.70670038285564
2025-10-16 18:00:00+00:00,bentre_bentrecity,85.60724023558775
2025-10-16 19:00:00+00:00,bentre_bentrecity,85.07713185793678
2025-10-16 19:00:00+00:00,bacninh_bacninhcity,123.99055311663554
2025-10-16 19:00:00+00:00,baclieu_baclieucity,50.86351862657446
2025-10-16 19:00:00+00:00,backan_backancity,68.06596671756222
2025-10-16 19:00:00+00:00,bacgiang_bacgiangcity,119.6325363946437
2025-10-16 19:00:00+00:00,angiang_longxuyen,86.98603967539991
2025-10-16 20:00:00+00:00,bacninh_bacninhcity,127.438518742034
2025-10-16 20:00:00+00:00,bentre_bentrecity,84.89040115667433
2025-10-16 20:00:00+00:00,bacgiang_bacgiangcity,122.68293226385197
2025-10-16 20:00:00+00:00,backan_backancity,69.38907244590897
2025-10-16 20:00:00+00:00,angiang_longxuyen,88.5957632724969
2025-10-16 20:00:00+00:00,baclieu_baclieucity,50.13923619004485
2025-10-16 21:00:00+00:00,angiang_longxuyen,89.70288078240173
2025-10-16 21:00:00+00:00,bacninh_bacninhcity,130.5935004527451
2025-10-16 21:00:00+00:00,backan_backancity,70.5040133944735
2025-10-16 21:00:00+00:00,bentre_bentrecity,84.83713124071596
2025-10-16 21:00:00+00:00,baclieu_baclieucity,49.50908923557233
2025-10-16 21:00:00+00:00,bacgiang_bacgiangcity,125.50969592405785
2025-10-16 22:00:00+00:00,bentre_bentrecity,84.56826689520011
2025-10-16 22:00:00+00:00,baclieu_baclieucity,48.8879396094087
2025-10-16 22:00:00+00:00,bacninh_bacninhcity,133.38915728341553
2025-10-16 22:00:00+00:00,bacgiang_bacgiangcity,127.93008191720274
2025-10-16 22:00:00+00:00,backan_backancity,71.37641029824405
2025-10-16 22:00:00+00:00,angiang_longxuyen,90.31820769159539
2025-10-16 23:00:00+00:00,bentre_bentrecity,83.99641814196663
2025-10-16 23:00:00+00:00,baclieu_baclieucity,48.280961398415215
2025-10-16 23:00:00+00:00,bacninh_bacninhcity,135.89057904737336
2025-10-16 23:00:00+00:00,angiang_longxuyen,90.30686258398819
2025-10-16 23:00:00+00:00,backan_backancity,71.94259397467806
2025-10-16 23:00:00+00:00,bacgiang_bacgiangcity,129.9817269897665
2025-10-17 00:00:00+00:00,bentre_bentrecity,83.15681413216396
2025-10-17 00:00:00+00:00,baclieu_baclieucity,47.62071700996543
2025-10-17 00:00:00+00:00,backan_backancity,72.1510653116298
2025-10-17 00:00:00+00:00,bacgiang_bacgiangcity,131.62954405367927
2025-10-17 00:00:00+00:00,bacninh_bacninhcity,137.9605677034145
2025-10-17 00:00:00+00:00,angiang_longxuyen,90.02753479426937
2025-10-17 01:00:00+00:00,baclieu_baclieucity,46.85101426565163
2025-10-17 01:00:00+00:00,bacgiang_bacgiangcity,132.92072795903985
2025-10-17 01:00:00+00:00,angiang_longxuyen,89.41451017926555
2025-10-17 01:00:00+00:00,backan_backancity,71.9024624011519
2025-10-17 01:00:00+00:00,bentre_bentrecity,82.71426770376824
2025-10-17 01:00:00+00:00,bacninh_bacninhcity,139.59348559042132
2025-10-17 02:00:00+00:00,bentre_bentrecity,82.16847880227922
2025-10-17 02:00:00+00:00,bacgiang_bacgiangcity,133.85445125072403
2025-10-17 02:00:00+00:00,baclieu_baclieucity,45.98417028361853
2025-10-17 02:00:00+00:00,angiang_longxuyen,88.49964887667878
2025-10-17 02:00:00+00:00,backan_backancity,71.07032417997782
2025-10-17 02:00:00+00:00,bacninh_bacninhcity,140.47422683080632
2025-10-17 03:00:00+00:00,backan_backancity,70.11922183834969
2025-10-17 03:00:00+00:00,bacninh_bacninhcity,140.15820875871435
2025-10-17 03:00:00+00:00,bentre_bentrecity,81.58913310623325
2025-10-17 03:00:00+00:00,baclieu_baclieucity,44.88487122770398
2025-10-17 03:00:00+00:00,angiang_longxuyen,87.52254649933923
2025-10-17 03:00:00+00:00,bacgiang_bacgiangcity,133.66434094359263
2025-10-17 04:00:00+00:00,bacninh_bacninhcity,139.3071886097652
2025-10-17 04:00:00+00:00,baclieu_baclieucity,43.769043007982106
2025-10-17 04:00:00+00:00,bentre_bentrecity,81.03052986582455
2025-10-17 04:00:00+00:00,bacgiang_bacgiangcity,132.93425884418912
2025-10-17 04:00:00+00:00,backan_backancity,69.601758320858
2025-10-17 04:00:00+00:00,angiang_longxuyen,86.5355676226213
2025-10-17 05:00:00+00:00,bacgiang_bacgiangcity,132.19800572403972
2025-10-17 05:00:00+00:00,bentre_bentrecity,80.65044009913416
2025-10-17 05:00:00+00:00,angiang_longxuyen,85.69598604383103
2025-10-17 05:00:00+00:00,bacninh_bacninhcity,138.38783362769342
2025-10-17 05:00:00+00:00,baclieu_baclieucity,42.8254251474929
2025-10-17 05:00:00+00:00,backan_backancity,69.61739273650386
2025-10-17 06:00:00+00:00,bentre_bentrecity,81.31815899938404
2025-10-17 06:00:00+00:00,backan_backancity,69.98864343813956
2025-10-17 06:00:00+00:00,angiang_longxuyen,85.33068329898455
2025-10-17 06:00:00+00:00,bacgiang_bacgiangcity,131.95476631786116
2025-10-17 06:00:00+00:00,baclieu_baclieucity,42.018237689116646
2025-10-17 06:00:00+00:00,bacninh_bacninhcity,137.68341509881526
2025-10-17 07:00:00+00:00,baclieu_baclieucity,41.20376264404367
2025-10-17 07:00:00+00:00,angiang_longxuyen,85.92456429106859
2025-10-17 07:00:00+00:00,bacninh_bacninhcity,137.5715242242727
2025-10-17 07:00:00+00:00,bacgiang_bacgiangcity,132.51608744927285
2025-10-17 07:00:00+00:00,bentre_bentrecity,83.94272203677258
2025-10-17 07:00:00+00:00,backan_backancity,70.69953206792906
2025-10-17 08:00:00+00:00,baclieu_baclieucity,40.446362063866324
2025-10-17 08:00:00+00:00,bacninh_bacninhcity,138.2626885171546
2025-10-17 08:00:00+00:00,bacgiang_bacgiangcity,134.00890870980595
2025-10-17 08:00:00+00:00,bentre_bentrecity,89.08756197329588
2025-10-17 08:00:00+00:00,angiang_longxuyen,87.51064809342606
2025-10-17 08:00:00+00:00,backan_backancity,71.6430726660422
2025-10-17 09:00:00+00:00,bacgiang_bacgiangcity,136.3000646558197
2025-10-17 09:00:00+00:00,backan_backancity,72.75815069301588
2025-10-17 09:00:00+00:00,angiang_longxuyen,89.53281258485369
2025-10-17 09:00:00+00:00,bacninh_bacninhcity,139.495048338652
2025-10-17 09:00:00+00:00,baclieu_baclieucity,39.5914812884489
2025-10-17 09:00:00+00:00,bentre_bentrecity,95.23069489573135
2025-10-17 10:00:00+00:00,bacgiang_bacgiangcity,139.34655752886962
2025-10-17 10:00:00+00:00,backan_backancity,73.82337454875343
2025-10-17 10:00:00+00:00,bentre_bentrecity,100.52473393240788
2025-10-17 10:00:00+00:00,angiang_longxuyen,91.23976776680327
2025-10-17 10:00:00+00:00,baclieu_baclieucity,38.68949040231283
2025-10-17 10:00:00+00:00,bacninh_bacninhcity,141.51939736145434
2025-10-17 11:00:00+00:00,bacgiang_bacgiangcity,141.02978319203007
2025-10-17 11:00:00+00:00,backan_backancity,74.23171866790187
2025-10-17 11:00:00+00:00,baclieu_baclieucity,37.67098286840948
2025-10-17 11:00:00+00:00,bentre_bentrecity,102.38337945882586
2025-10-17 11:00:00+00:00,angiang_longxuyen,91.7490028412446
2025-10-17 11:00:00+00:00,bacninh_bacninhcity,142.36922866674607
2025-10-17 12:00:00+00:00,bacninh_bacninhcity,141.11099342627284
2025-10-17 12:00:00+00:00,baclieu_baclieucity,36.48432748085337
2025-10-17 12:00:00+00:00,backan_backancity,73.67163622684185
2025-10-17 12:00:00+00:00,bentre_bentrecity,98.90278699125969
2025-10-17 12:00:00+00:00,angiang_longxuyen,90.5257406645282
2025-10-17 12:00:00+00:00,bacgiang_bacgiangcity,140.17286867148798
2025-10-17 13:00:00+00:00,bacgiang_bacgiangcity,138.18374132282997
2025-10-17 13:00:00+00:00,angiang_longxuyen,87.92262354424929
2025-10-17 13:00:00+00:00,backan_backancity,72.50210317875442
2025-10-17 13:00:00+00:00,baclieu_baclieucity,35.29384386718026
2025-10-17 13:00:00+00:00,bentre_bentrecity,92.4240678980569
2025-10-17 13:00:00+00:00,bacninh_bacninhcity,138.918105253268
2025-10-17 14:00:00+00:00,bacninh_bacninhcity,137.71292932647
2025-10-17 14:00:00+00:00,bacgiang_bacgiangcity,137.0585469092619
2025-10-17 14:00:00+00:00,bentre_bentrecity,86.41972016672409
2025-10-17 14:00:00+00:00,backan_backancity,71.6155697524997
2025-10-17 14:00:00+00:00,baclieu_baclieucity,34.21897467610881
2025-10-17 14:00:00+00:00,angiang_longxuyen,85.05400922264991
2025-10-17 15:00:00+00:00,bacgiang_bacgiangcity,137.60050010762976
2025-10-17 15:00:00+00:00,backan_backancity,71.44324973053972
2025-10-17 15:00:00+00:00,bentre_bentrecity,82.43114471136732
2025-10-17 15:00:00+00:00,bacninh_bacninhcity,138.48131362572138
2025-10-17 15:00:00+00:00,baclieu_baclieucity,33.40650346814395
2025-10-17 15:00:00+00:00,angiang_longxuyen,83.20856870861766
2025-10-17 16:00:00+00:00,bacninh_bacninhcity,141.19886317886497
2025-10-17 16:00:00+00:00,bentre_bentrecity,80.48202805800197
2025-10-17 16:00:00+00:00,backan_backancity,72.04657417884599
2025-10-17 16:00:00+00:00,angiang_longxuyen,82.82036514627367
2025-10-17 16:00:00+00:00,bacgiang_bacgiangcity,139.7968301948713
2025-10-17 16:00:00+00:00,baclieu_baclieucity,32.843993493074834
2025-10-17 17:00:00+00:00,bentre_bentrecity,80.11399496047895
2025-10-17 17:00:00+00:00,backan_backancity,73.14621219228133
2025-10-17 17:00:00+00:00,baclieu_baclieucity,32.5176671246157
2025-10-17 17:00:00+00:00,bacninh_bacninhcity,145.2223437818577
2025-10-17 17:00:00+00:00,bacgiang_bacgiangcity,143.1412143896557
2025-10-17 17:00:00+00:00,angiang_longxuyen,83.80937216036317
2025-10-17 18:00:00+00:00,baclieu_baclieucity,32.3809027496514
2025-10-17 18:00:00+00:00,bacninh_bacninhcity,149.45805665488194
2025-10-17 18:00:00+00:00,bacgiang_bacgiangcity,146.75625118011152
2025-10-17 18:00:00+00:00,angiang_longxuyen,85.85761145754354
2025-10-17 18:00:00+00:00,backan_backancity,74.64809308949108
2025-10-17 18:00:00+00:00,bentre_bentrecity,80.72817975729102
2025-10-17 19:00:00+00:00,angiang_longxuyen,88.65109434926175
2025-10-17 19:00:00+00:00,bacgiang_bacgiangcity,150.39774161119624
2025-10-17 19:00:00+00:00,backan_backancity,76.23725056363165
2025-10-17 19:00:00+00:00,baclieu_baclieucity,32.25470587386428
2025-10-17 19:00:00+00:00,bacninh_bacninhcity,153.59596532915361
2025-10-17 19:00:00+00:00,bentre_bentrecity,82.08543171735403
2025-10-17 20:00:00+00:00,bentre_bentrecity,83.71422479041314
2025-10-17 20:00:00+00:00,angiang_longxuyen,91.62589147583044
2025-10-17 20:00:00+00:00,baclieu_baclieucity,32.207511023765434
2025-10-17 20:00:00+00:00,bacgiang_bacgiangcity,153.61424411192849
2025-10-17 20:00:00+00:00,bacninh_bacninhcity,157.2398533862309
2025-10-17 20:00:00+00:00,backan_backancity,77.66749677656063
2025-10-17 21:00:00+00:00,bacninh_bacninhcity,160.05812067740493
2025-10-17 21:00:00+00:00,baclieu_baclieucity,32.169129069206804
2025-10-17 21:00:00+00:00,bentre_bentrecity,84.98780408953834
2025-10-17 21:00:00+00:00,angiang_longxuyen,94.16934210311366
2025-10-17 21:00:00+00:00,bacgiang_bacgiangcity,156.15847421689273
2025-10-17 21:00:00+00:00,backan_backancity,78.78866606956944
2025-10-17 22:00:00+00:00,bacgiang_bacgiangcity,158.25474703480242
2025-10-17 22:00:00+00:00,bentre_bentrecity,85.73027184629115
2025-10-17 22:00:00+00:00,baclieu_baclieucity,32.120349094231386
2025-10-17 22:00:00+00:00,angiang_longxuyen,95.87696164803481
2025-10-17 22:00:00+00:00,backan_backancity,79.64424968337555
2025-10-17 22:00:00+00:00,bacninh_bacninhcity,162.2917311072626
2025-10-17 23:00:00+00:00,bacgiang_bacgiangcity,160.11004099411696
2025-10-17 23:00:00+00:00,bacninh_bacninhcity,163.94013137749783
2025-10-17 23:00:00+00:00,angiang_longxuyen,96.62685905456289
2025-10-17 23:00:00+00:00,backan_backancity,80.31482978387433
2025-10-17 23:00:00+00:00,bentre_bentrecity,86.2591178564107
2025-10-17 23:00:00+00:00,baclieu_baclieucity,32.02015723882509
2025-10-18 00:00:00+00:00,backan_backancity,80.91960726331747
2025-10-18 00:00:00+00:00,baclieu_baclieucity,31.862083402076607
2025-10-18 00:00:00+00:00,angiang_longxuyen,96.66933279963428
2025-10-18 00:00:00+00:00,bentre_bentrecity,87.16110998871413
2025-10-18 00:00:00+00:00,bacninh_bacninhcity,165.09995428954886
2025-10-18 00:00:00+00:00,bacgiang_bacgiangcity,161.50859966352266
2025-10-18 01:00:00+00:00,baclieu_baclieucity,31.67648920544265
2025-10-18 01:00:00+00:00,bentre_bentrecity,86.98934326506013
2025-10-18 01:00:00+00:00,bacgiang_bacgiangcity,162.9515617681502
2025-10-18 01:00:00+00:00,backan_backancity,81.76635056590152
2025-10-18 01:00:00+00:00,bacninh_bacninhcity,166.2813109735081
2025-10-18 01:00:00+00:00,angiang_longxuyen,96.359942780166
2025-10-18 02:00:00+00:00,bentre_bentrecity,86.06921939772981
2025-10-18 02:00:00+00:00,bacgiang_bacgiangcity,163.11263637589147
2025-10-18 02:00:00+00:00,angiang_longxuyen,95.35658677205814
2025-10-18 02:00:00+00:00,baclieu_baclieucity,31.38101794071312
2025-10-18 02:00:00+00:00,backan_backancity,82.10201695869236
2025-10-18 02:00:00+00:00,bacninh_bacninhcity,166.41299597033017
2025-10-18 03:00:00+00:00,backan_backancity,82.1909135531857
2025-10-18 03:00:00+00:00,baclieu_baclieucity,31.020137843812392
2025-10-18 03:00:00+00:00,bacninh_bacninhcity,165.16046319167708
2025-10-18 03:00:00+00:00,bentre_bentrecity,84.51382932042937
2025-10-18 03:00:00+00:00,bacgiang_bacgiangcity,161.90511017746041
2025-10-18 03:00:00+00:00,angiang_longxuyen,93.80687875058737
2025-10-18 04:00:00+00:00,backan_backancity,82.4328257911303
2025-10-18 04:00:00+00:00,bentre_bentrecity,82.77766272949248
2025-10-18 04:00:00+00:00,bacgiang_bacgiangcity,160.0425784781434
2025-10-18 04:00:00+00:00,bacninh_bacninhcity,163.3190216286896
2025-10-18 04:00:00+00:00,baclieu_baclieucity,30.75047719735619
2025-10-18 04:00:00+00:00,angiang_longxuyen,91.92557540930625
2025-10-18 05:00:00+00:00,bacninh_bacninhcity,161.54267486369966
2025-10-18 05:00:00+00:00,angiang_longxuyen,90.07375140299392
2025-10-18 05:00:00+00:00,bacgiang_bacgiangcity,158.3791344755889
2025-10-18 05:00:00+00:00,backan_backancity,82.87400766627142
2025-10-18 05:00:00+00:00,baclieu_baclieucity,30.47576209610486
2025-10-18 05:00:00+00:00,bentre_bentrecity,81.23770145022418
2025-10-18 06:00:00+00:00,angiang_longxuyen,88.32004625269151
2025-10-18 06:00:00+00:00,backan_backancity,83.31486927640209
2025-10-18 06:00:00+00:00,baclieu_baclieucity,30.340293735190585
2025-10-18 06:00:00+00:00,bacninh_bacninhcity,160.106696280934
2025-10-18 06:00:00+00:00,bacgiang_bacgiangcity,157.1322941894171
2025-10-18 06:00:00+00:00,bentre_bentrecity,80.08815941885851
2025-10-18 07:00:00+00:00,angiang_longxuyen,86.83745415689849
2025-10-18 07:00:00+00:00,bacninh_bacninhcity,159.22015787000984
2025-10-18 07:00:00+00:00,bentre_bentrecity,79.1753742310865
2025-10-18 07:00:00+00:00,baclieu_baclieucity,30.278583527731385
2025-10-18 07:00:00+00:00,bacgiang_bacgiangcity,156.6003252839039
2025-10-18 07:00:00+00:00,backan_backancity,83.74718093230463
2025-10-18 08:00:00+00:00,bacgiang_bacgiangcity,156.88789086292826
2025-10-18 08:00:00+00:00,angiang_longxuyen,85.46115577496943
2025-10-18 08:00:00+00:00,bacninh_bacninhcity,158.97275875719765
2025-10-18 08:00:00+00:00,backan_backancity,84.3800831628008
2025-10-18 08:00:00+00:00,bentre_bentrecity,78.47694478252029
2025-10-18 08:00:00+00:00,baclieu_baclieucity,30.266784815206677
2025-10-18 09:00:00+00:00,angiang_longxuyen,84.23787428265902
2025-10-18 09:00:00+00:00,backan_backancity,84.91173180330355
2025-10-18 09:00:00+00:00,bacninh_bacninhcity,159.21241169372618
2025-10-18 09:00:00+00:00,baclieu_baclieucity,30.25869469673283
2025-10-18 09:00:00+00:00,bentre_bentrecity,78.15148823887552
2025-10-18 09:00:00+00:00,bacgiang_bacgiangcity,157.8763807175651
2025-10-18 10:00:00+00:00,bacninh_bacninhcity,159.78984078437895
2025-10-18 10:00:00+00:00,angiang_longxuyen,83.10588576466714
2025-10-18 10:00:00+00:00,bacgiang_bacgiangcity,159.18263826326142
2025-10-18 10:00:00+00:00,backan_backancity,84.94545807662092
2025-10-18 10:00:00+00:00,bentre_bentrecity,77.8686306801214
2025-10-18 10:00:00+00:00,baclieu_baclieucity,30.144884724462358
2025-10-18 11:00:00+00:00,backan_backancity,84.11315536135587
2025-10-18 11:00:00+00:00,bacgiang_bacgiangcity,160.1264405565193
2025-10-18 11:00:00+00:00,angiang_longxuyen,81.93185654476
2025-10-18 11:00:00+00:00,baclieu_baclieucity,29.920734109839955
2025-10-18 11:00:00+00:00,bentre_bentrecity,77.27290037568136
2025-10-18 11:00:00+00:00,bacninh_bacninhcity,160.01499331755542
2025-10-18 12:00:00+00:00,bacgiang_bacgiangcity,159.97891428027032
2025-10-18 12:00:00+00:00,bentre_bentrecity,76.23252509701845
2025-10-18 12:00:00+00:00,bacninh_bacninhcity,159.26280670159474
2025-10-18 12:00:00+00:00,baclieu_baclieucity,29.632091842220206
2025-10-18 12:00:00+00:00,backan_backancity,82.25214897088233
2025-10-18 12:00:00+00:00,angiang_longxuyen,80.73726057881272
2025-10-18 13:00:00+00:00,backan_backancity,80.2437882752549
2025-10-18 13:00:00+00:00,bentre_bentrecity,75.02472474176913
2025-10-18 13:00:00+00:00,baclieu_baclieucity,29.36833304436108
2025-10-18 13:00:00+00:00,bacgiang_bacgiangcity,158.6007478934749
2025-10-18 13:00:00+00:00,bacninh_bacninhcity,157.60851953677067
2025-10-18 13:00:00+00:00,angiang_longxuyen,79.147205864176
2025-10-18 14:00:00+00:00,backan_backancity,78.6009035417364
2025-10-18 14:00:00+00:00,bentre_bentrecity,73.75799063992935
2025-10-18 14:00:00+00:00,angiang_longxuyen,77.4862940736885
2025-10-18 14:00:00+00:00,baclieu_baclieucity,29.096070400465962
2025-10-18 14:00:00+00:00,bacninh_bacninhcity,155.7448014861309
2025-10-18 14:00:00+00:00,bacgiang_bacgiangcity,157.05374078397693
2025-10-18 15:00:00+00:00,bacninh_bacninhcity,154.53194667608648
2025-10-18 15:00:00+00:00,backan_backancity,77.64955695130652
2025-10-18 15:00:00+00:00,bentre_bentrecity,72.70613068291537
2025-10-18 15:00:00+00:00,angiang_longxuyen,76.0641878259276
2025-10-18 15:00:00+00:00,bacgiang_bacgiangcity,156.06084448156997
2025-10-18 15:00:00+00:00,baclieu_baclieucity,28.83429550103726
2025-10-18 16:00:00+00:00,bacninh_bacninhcity,154.22255821432736
2025-10-18 16:00:00+00:00,baclieu_baclieucity,28.57202213466624
2025-10-18 16:00:00+00:00,angiang_longxuyen,75.2209362842745
2025-10-18 16:00:00+00:00,backan_backancity,77.45676738436018
2025-10-18 16:00:00+00:00,bacgiang_bacgiangcity,155.7081641658704
2025-10-18 16:00:00+00:00,bentre_bentrecity,72.03960062632294
2025-10-18 17:00:00+00:00,baclieu_baclieucity,28.349282181490608
2025-10-18 17:00:00+00:00,bentre_bentrecity,71.83290383168587
2025-10-18 17:00:00+00:00,backan_backancity,77.43264656902133
2025-10-18 17:00:00+00:00,angiang_longxuyen,74.90454436197581
2025-10-18 17:00:00+00:00,bacgiang_bacgiangcity,156.03507872532145
2025-10-18 17:00:00+00:00,bacninh_bacninhcity,154.7423944344645
2025-10-18 18:00:00+00:00,bacgiang_bacgiangcity,156.87200970614595
2025-10-18 18:00:00+00:00,bacninh_bacninhcity,155.95005023430053
2025-10-18 18:00:00+00:00,angiang_longxuyen,75.03589787828123
2025-10-18 18:00:00+00:00,baclieu_baclieucity,28.195903903338774
2025-10-18 18:00:00+00:00,bentre_bentrecity,72.02848481350921
2025-10-18 18:00:00+00:00,backan_backancity,77.3705002029876
2025-10-18 19:00:00+00:00,bentre_bentrecity,72.66189921878862
2025-10-18 19:00:00+00:00,angiang_longxuyen,75.37994474653983
2025-10-18 19:00:00+00:00,bacninh_bacninhcity,157.6671841112123
2025-10-18 19:00:00+00:00,baclieu_baclieucity,28.134901518937667
2025-10-18 19:00:00+00:00,bacgiang_bacgiangcity,157.91742448559572
2025-10-18 19:00:00+00:00,backan_backancity,77.22315337483784
2025-10-18 20:00:00+00:00,angiang_longxuyen,75.76111992499713
2025-10-18 20:00:00+00:00,bacgiang_bacgiangcity,159.05052956953838
2025-10-18 20:00:00+00:00,bacninh_bacninhcity,159.47589135009764
2025-10-18 20:00:00+00:00,bentre_bentrecity,73.50729167595898
2025-10-18 20:00:00+00:00,backan_backancity,76.86844928335245
2025-10-18 20:00:00+00:00,baclieu_baclieucity,28.20077891003467
2025-10-18 21:00:00+00:00,bacgiang_bacgiangcity,160.08536688047212
2025-10-18 21:00:00+00:00,angiang_longxuyen,76.0689132925408
2025-10-18 21:00:00+00:00,baclieu_baclieucity,28.47894838719627
2025-10-18 21:00:00+00:00,backan_backancity,76.22405614366843
2025-10-18 21:00:00+00:00,bacninh_bacninhcity,161.0155660108741
2025-10-18 21:00:00+00:00,bentre_bentrecity,74.46919330389248
2025-10-18 22:00:00+00:00,angiang_longxuyen,76.28351577288306
2025-10-18 22:00:00+00:00,baclieu_baclieucity,28.955981250996388
2025-10-18 22:00:00+00:00,bacgiang_bacgiangcity,160.58627631080935
2025-10-18 22:00:00+00:00,bacninh_bacninhcity,162.01067550650492
2025-10-18 22:00:00+00:00,bentre_bentrecity,75.43683477866679
2025-10-18 22:00:00+00:00,backan_backancity,75.33293682154437
2025-10-18 23:00:00+00:00,backan_backancity,74.32399486826412
2025-10-18 23:00:00+00:00,angiang_longxuyen,76.38465471547977
2025-10-18 23:00:00+00:00,baclieu_baclieucity,29.575725200382678
2025-10-18 23:00:00+00:00,bacgiang_bacgiangcity,160.25999978904449
2025-10-18 23:00:00+00:00,bacninh_bacninhcity,162.12425618398194
2025-10-18 23:00:00+00:00,bentre_bentrecity,76.32496080680224
2025-10-19 00:00:00+00:00,baclieu_baclieucity,30.2803481007072
2025-10-19 00:00:00+00:00,angiang_longxuyen,76.46069833986537
2025-10-19 00:00:00+00:00,backan_backancity,73.29237765377778
2025-10-19 00:00:00+00:00,bentre_bentrecity,77.25843486501525
2025-10-19 00:00:00+00:00,bacninh_bacninhcity,161.40493847819783
2025-10-19 00:00:00+00:00,bacgiang_bacgiangcity,158.93963064421106
2025-10-19 01:00:00+00:00,angiang_longxuyen,76.5215337378408
2025-10-19 01:00:00+00:00,bacninh_bacninhcity,160.0239507685089
2025-10-19 01:00:00+00:00,baclieu_baclieucity,30.708361725399584
2025-10-19 01:00:00+00:00,backan_backancity,72.06420246226114
2025-10-19 01:00:00+00:00,bacgiang_bacgiangcity,156.81956101447503
2025-10-19 01:00:00+00:00,bentre_bentrecity,78.13176888663735
2025-10-19 02:00:00+00:00,bentre_bentrecity,78.47227414727075
2025-10-19 02:00:00+00:00,angiang_longxuyen,76.45978614536092
2025-10-19 02:00:00+00:00,bacgiang_bacgiangcity,154.352388914124
2025-10-19 02:00:00+00:00,bacninh_bacninhcity,158.0094963145116
2025-10-19 02:00:00+00:00,baclieu_baclieucity,30.865169456114558
2025-10-19 02:00:00+00:00,backan_backancity,70.603754137297
2025-10-19 03:00:00+00:00,bacgiang_bacgiangcity,151.85481033029146
2025-10-19 03:00:00+00:00,bacninh_bacninhcity,155.5917671501693
2025-10-19 03:00:00+00:00,baclieu_baclieucity,30.786745652079375
2025-10-19 03:00:00+00:00,angiang_longxuyen,76.1062384971817
2025-10-19 03:00:00+00:00,backan_backancity,69.02003742983186
2025-10-19 03:00:00+00:00,bentre_bentrecity,77.92179716418923
2025-10-19 04:00:00+00:00,baclieu_baclieucity,30.644567926121482
2025-10-19 04:00:00+00:00,backan_backancity,67.52712395291444
2025-10-19 04:00:00+00:00,angiang_longxuyen,75.55380253901687
2025-10-19 04:00:00+00:00,bentre_bentrecity,76.6696855901024
2025-10-19 04:00:00+00:00,bacninh_bacninhcity,152.9633709019943
2025-10-19 04:00:00+00:00,bacgiang_bacgiangcity,149.4847146669572
2025-10-19 05:00:00+00:00,backan_backancity,66.38901426087085
2025-10-19 05:00:00+00:00,baclieu_baclieucity,30.67199357728792
2025-10-19 05:00:00+00:00,bacninh_bacninhcity,150.22710142283188
2025-10-19 05:00:00+00:00,bentre_bentrecity,75.4894355027551
2025-10-19 05:00:00+00:00,angiang_longxuyen,74.90493316619083
2025-10-19 05:00:00+00:00,bacgiang_bacgiangcity,147.3994828918199
2025-10-19 06:00:00+00:00,bentre_bentrecity,75.11933376742144
2025-10-19 06:00:00+00:00,baclieu_baclieucity,30.957395809782582
2025-10-19 06:00:00+00:00,backan_backancity,65.6755959113491
2025-10-19 06:00:00+00:00,bacninh_bacninhcity,148.0736095846133
2025-10-19 06:00:00+00:00,bacgiang_bacgiangcity,146.17838842321893
2025-10-19 06:00:00+00:00,angiang_longxuyen,74.3857200297316
2025-10-19 07:00:00+00:00,bacgiang_bacgiangcity,145.7429077637306
2025-10-19 07:00:00+00:00,baclieu_baclieucity,31.452622716977373
2025-10-19 07:00:00+00:00,bacninh_bacninhcity,146.63978437903847
2025-10-19 07:00:00+00:00,backan_backancity,65.24463136235819
2025-10-19 07:00:00+00:00,angiang_longxuyen,74.31695402270387
2025-10-19 07:00:00+00:00,bentre_bentrecity,76.60538335454314
2025-10-19 08:00:00+00:00,bacgiang_bacgiangcity,146.10766593344258
2025-10-19 08:00:00+00:00,bacninh_bacninhcity,146.09413754062803
2025-10-19 08:00:00+00:00,angiang_longxuyen,74.52479479897356
2025-10-19 08:00:00+00:00,baclieu_baclieucity,31.937989948053087
2025-10-19 08:00:00+00:00,bentre_bentrecity,80.86504507181114
2025-10-19 08:00:00+00:00,backan_backancity,65.11853667229425
2025-10-19 09:00:00+00:00,bacgiang_bacgiangcity,146.88472604982502
2025-10-19 09:00:00+00:00,angiang_longxuyen,74.64279438589423
2025-10-19 09:00:00+00:00,backan_backancity,65.26142720597966
2025-10-19 09:00:00+00:00,bacninh_bacninhcity,146.24040768018236
2025-10-19 09:00:00+00:00,bentre_bentrecity,88.39540448503142
2025-10-19 09:00:00+00:00,baclieu_baclieucity,32.298042589829564
2025-10-19 10:00:00+00:00,baclieu_baclieucity,32.48402559067854
2025-10-19 10:00:00+00:00,bacninh_bacninhcity,146.89921648383827
2025-10-19 10:00:00+00:00,angiang_longxuyen,74.39728944746284
2025-10-19 10:00:00+00:00,backan_backancity,65.43063679421957
2025-10-19 10:00:00+00:00,bentre_bentrecity,98.62653396372039
2025-10-19 10:00:00+00:00,bacgiang_bacgiangcity,147.8019550703878
2025-10-19 11:00:00+00:00,baclieu_baclieucity,32.43488671950465
2025-10-19 11:00:00+00:00,bentre_bentrecity,109.11229063742702
2025-10-19 11:00:00+00:00,angiang_longxuyen,73.60066948826378
2025-10-19 11:00:00+00:00,bacninh_bacninhcity,146.8433782169596
2025-10-19 11:00:00+00:00,backan_backancity,65.41697132299586
2025-10-19 11:00:00+00:00,bacgiang_bacgiangcity,147.62235743107
2025-10-19 12:00:00+00:00,bacgiang_bacgiangcity,145.21886448260028
2025-10-19 12:00:00+00:00,angiang_longxuyen,72.50775579388034
2025-10-19 12:00:00+00:00,bentre_bentrecity,115.0343084531479
2025-10-19 12:00:00+00:00,bacninh_bacninhcity,144.6201508535105
2025-10-19 12:00:00+00:00,backan_backancity,65.04482088852927
2025-10-19 12:00:00+00:00,baclieu_baclieucity,32.225485741705484
2025-10-19 13:00:00+00:00,bacgiang_bacgiangcity,141.87438557909687
2025-10-19 13:00:00+00:00,baclieu_baclieucity,32.10758834050799
2025-10-19 13:00:00+00:00,angiang_longxuyen,71.61167174101075
2025-10-19 13:00:00+00:00,bacninh_bacninhcity,141.53507913145972
2025-10-19 13:00:00+00:00,bentre_bentrecity,115.02947581614211
2025-10-19 13:00:00+00:00,backan_backancity,64.39068521245761
2025-10-19 14:00:00+00:00,bentre_bentrecity,111.35253566228694
2025-10-19 14:00:00+00:00,bacgiang_bacgiangcity,139.06558417515748
2025-10-19 14:00:00+00:00,angiang_longxuyen,71.0092121328494
2025-10-19 14:00:00+00:00,backan_backancity,63.82206154034094
2025-10-19 14:00:00+00:00,baclieu_baclieucity,32.156492932218995
2025-10-19 14:00:00+00:00,bacninh_bacninhcity,138.8483572663639
2025-10-19 15:00:00+00:00,baclieu_baclieucity,32.421841839624136
2025-10-19 15:00:00+00:00,bacninh_bacninhcity,137.18133177882885
2025-10-19 15:00:00+00:00,bacgiang_bacgiangcity,137.1773415509556
2025-10-19 15:00:00+00:00,bentre_bentrecity,108.87096035963756
2025-10-19 15:00:00+00:00,angiang_longxuyen,70.98957502765671
2025-10-19 15:00:00+00:00,backan_backancity,63.61615980047687
2025-10-19 16:00:00+00:00,baclieu_baclieucity,32.87852229816933
2025-10-19 16:00:00+00:00,bacninh_bacninhcity,136.14085431444275
2025-10-19 16:00:00+00:00,backan_backancity,63.671691510186015
2025-10-19 16:00:00+00:00,bentre_bentrecity,109.61822212220814
2025-10-19 16:00:00+00:00,bacgiang_bacgiangcity,135.44738710428734
2025-10-19 16:00:00+00:00,angiang_longxuyen,71.60636306807504
2025-10-19 17:00:00+00:00,bacninh_bacninhcity,134.82877965952954
2025-10-19 17:00:00+00:00,baclieu_baclieucity,33.62490177425198
2025-10-19 17:00:00+00:00,bacgiang_bacgiangcity,133.1216400448113
2025-10-19 17:00:00+00:00,backan_backancity,63.89439407834097
2025-10-19 17:00:00+00:00,bentre_bentrecity,112.39076379459581
2025-10-19 17:00:00+00:00,angiang_longxuyen,72.5406645814123
2025-10-19 18:00:00+00:00,angiang_longxuyen,73.67757047579016
2025-10-19 18:00:00+00:00,bentre_bentrecity,115.57309763259937
2025-10-19 18:00:00+00:00,bacninh_bacninhcity,133.19101168917396
2025-10-19 18:00:00+00:00,backan_backancity,64.05756473957467
2025-10-19 18:00:00+00:00,baclieu_baclieucity,34.769695907992066
2025-10-19 18:00:00+00:00,bacgiang_bacgiangcity,130.3497052559259
2025-10-19 19:00:00+00:00,bentre_bentrecity,118.0730140263914
2025-10-19 19:00:00+00:00,angiang_longxuyen,74.99734644496222
2025-10-19 19:00:00+00:00,bacninh_bacninhcity,131.3351993242394
2025-10-19 19:00:00+00:00,bacgiang_bacgiangcity,126.95945213310922
2025-10-19 19:00:00+00:00,backan_backancity,64.18353730523775
2025-10-19 19:00:00+00:00,baclieu_baclieucity,36.31754044195315
2025-10-19 20:00:00+00:00,backan_backancity,64.42388809548555
2025-10-19 20:00:00+00:00,bacninh_bacninhcity,128.96768571966635
2025-10-19 20:00:00+00:00,baclieu_baclieucity,38.08708811784984
2025-10-19 20:00:00+00:00,bacgiang_bacgiangcity,122.80955532887477
2025-10-19 20:00:00+00:00,bentre_bentrecity,120.35013688181151
2025-10-19 20:00:00+00:00,angiang_longxuyen,76.479463127909
2025-10-19 21:00:00+00:00,baclieu_baclieucity,39.75506816957943
2025-10-19 21:00:00+00:00,backan_backancity,64.59382046079182
2025-10-19 21:00:00+00:00,bacgiang_bacgiangcity,118.19525432082386
2025-10-19 21:00:00+00:00,bentre_bentrecity,122.42031744762545
2025-10-19 21:00:00+00:00,angiang_longxuyen,77.89480019459319
2025-10-19 21:00:00+00:00,bacninh_bacninhcity,125.82162656722278
2025-10-19 22:00:00+00:00,bentre_bentrecity,124.11502778913695
2025-10-19 22:00:00+00:00,backan_backancity,64.6651760035849
2025-10-19 22:00:00+00:00,angiang_longxuyen,79.15549536942677
2025-10-19 22:00:00+00:00,bacgiang_bacgiangcity,113.41004145992504
2025-10-19 22:00:00+00:00,baclieu_baclieucity,41.267915339520236
2025-10-19 22:00:00+00:00,bacninh_bacninhcity,121.93908998450571
2025-10-19 23:00:00+00:00,angiang_longxuyen,80.22934394943383
2025-10-19 23:00:00+00:00,bacgiang_bacgiangcity,108.62584547158855
2025-10-19 23:00:00+00:00,bentre_bentrecity,125.22465508009637
2025-10-19 23:00:00+00:00,backan_backancity,64.64248329603579
2025-10-19 23:00:00+00:00,bacninh_bacninhcity,117.53270452276585
2025-10-19 23:00:00+00:00,baclieu_baclieucity,42.80970350013214
2025-10-20 00:00:00+00:00,bacgiang_bacgiangcity,103.82186657647874
2025-10-20 00:00:00+00:00,angiang_longxuyen,81.04409688982714
2025-10-20 00:00:00+00:00,bentre_bentrecity,125.86273015128647
2025-10-20 00:00:00+00:00,backan_backancity,64.59256183176245
2025-10-20 00:00:00+00:00,bacninh_bacninhcity,112.72658471213879
2025-10-20 00:00:00+00:00,baclieu_baclieucity,44.379017005298934
2025-10-20 01:00:00+00:00,bacninh_bacninhcity,107.39792512129618
2025-10-20 01:00:00+00:00,bacgiang_bacgiangcity,99.02591907420614
2025-10-20 01:00:00+00:00,backan_backancity,64.29573224461511
2025-10-20 01:00:00+00:00,bentre_bentrecity,126.04592672192787
2025-10-20 01:00:00+00:00,angiang_longxuyen,81.2884578466259
2025-10-20 01:00:00+00:00,baclieu_baclieucity,45.831285487739606
2025-10-20 02:00:00+00:00,backan_backancity,63.718348015987154
2025-10-20 02:00:00+00:00,bentre_bentrecity,125.43200985109729
2025-10-20 02:00:00+00:00,angiang_longxuyen,80.94073976933711
2025-10-20 02:00:00+00:00,bacgiang_bacgiangcity,94.4090542325916
2025-10-20 02:00:00+00:00,bacninh_bacninhcity,101.91757269365047
2025-10-20 02:00:00+00:00,baclieu_baclieucity,47.02872271525809
2025-10-20 03:00:00+00:00,bacninh_bacninhcity,96.6467915014189
2025-10-20 03:00:00+00:00,bentre_bentrecity,124.09732722801517
2025-10-20 03:00:00+00:00,angiang_longxuyen,80.07134239039199
2025-10-20 03:00:00+00:00,bacgiang_bacgiangcity,90.12077178966295
2025-10-20 03:00:00+00:00,baclieu_baclieucity,47.93548891470159
2025-10-20 03:00:00+00:00,backan_backancity,62.977237335484816
2025-10-20 04:00:00+00:00,baclieu_baclieucity,48.57708565483918
2025-10-20 04:00:00+00:00,bentre_bentrecity,122.41188338696139
2025-10-20 04:00:00+00:00,bacgiang_bacgiangcity,86.52195449042655
2025-10-20 04:00:00+00:00,angiang_longxuyen,78.93065687042397
2025-10-20 04:00:00+00:00,bacninh_bacninhcity,92.26189417070785
2025-10-20 04:00:00+00:00,backan_backancity,62.30421723930338
2025-10-20 05:00:00+00:00,bentre_bentrecity,120.9799149707467
2025-10-20 05:00:00+00:00,bacgiang_bacgiangcity,83.73324130426265
2025-10-20 05:00:00+00:00,angiang_longxuyen,77.79412981092227
2025-10-20 05:00:00+00:00,bacninh_bacninhcity,88.84211934323228
2025-10-20 05:00:00+00:00,baclieu_baclieucity,49.17353624401087
2025-10-20 05:00:00+00:00,backan_backancity,61.63822801934336
2025-10-20 06:00:00+00:00,baclieu_baclieucity,50.0861544453572
2025-10-20 06:00:00+00:00,bentre_bentrecity,120.70484097329691
2025-10-20 06:00:00+00:00,backan_backancity,61.212764053060944
2025-10-20 06:00:00+00:00,angiang_longxuyen,77.06514184645715
2025-10-20 06:00:00+00:00,bacgiang_bacgiangcity,82.07922455775478
2025-10-20 06:00:00+00:00,bacninh_bacninhcity,86.568387932271
2025-10-20 07:00:00+00:00,bacgiang_bacgiangcity,81.76120264855471
2025-10-20 07:00:00+00:00,backan_backancity,61.15535063064454
2025-10-20 07:00:00+00:00,bacninh_bacninhcity,85.48466472213659
2025-10-20 07:00:00+00:00,angiang_longxuyen,76.68705217837282
2025-10-20 07:00:00+00:00,bentre_bentrecity,121.63828263115866
2025-10-20 07:00:00+00:00,baclieu_baclieucity,51.47008311000582
2025-10-20 08:00:00+00:00,angiang_longxuyen,76.34646965536335
2025-10-20 08:00:00+00:00,bentre_bentrecity,123.6594539272037
2025-10-20 08:00:00+00:00,bacgiang_bacgiangcity,82.65882197960664
2025-10-20 08:00:00+00:00,backan_backancity,61.36704455637837
2025-10-20 08:00:00+00:00,baclieu_baclieucity,53.045143939017564
2025-10-20 08:00:00+00:00,bacninh_bacninhcity,85.34271255247009
2025-10-20 09:00:00+00:00,baclieu_baclieucity,54.58242595847089
2025-10-20 09:00:00+00:00,bentre_bentrecity,126.7966627990864
2025-10-20 09:00:00+00:00,backan_backancity,61.61162234629703
2025-10-20 09:00:00+00:00,bacgiang_bacgiangcity,84.08268532333922
2025-10-20 09:00:00+00:00,angiang_longxuyen,76.0180123407258
2025-10-20 09:00:00+00:00,bacninh_bacninhcity,85.53684174932393
2025-10-20 10:00:00+00:00,backan_backancity,61.57327528442437
2025-10-20 10:00:00+00:00,baclieu_baclieucity,55.6161167954373
2025-10-20 10:00:00+00:00,bentre_bentrecity,130.5009102182092
2025-10-20 10:00:00+00:00,bacgiang_bacgiangcity,85.04813478973468
2025-10-20 10:00:00+00:00,angiang_longxuyen,75.5237699057421
2025-10-20 10:00:00+00:00,bacninh_bacninhcity,85.2004164406134
2025-10-20 11:00:00+00:00,baclieu_baclieucity,55.69960502360645
2025-10-20 11:00:00+00:00,bentre_bentrecity,132.5193823157616
2025-10-20 11:00:00+00:00,angiang_longxuyen,74.59213269821154
2025-10-20 11:00:00+00:00,bacninh_bacninhcity,83.78851131882708
2025-10-20 11:00:00+00:00,backan_backancity,60.92596112845836
2025-10-20 11:00:00+00:00,bacgiang_bacgiangcity,84.50088911860674
2025-10-20 12:00:00+00:00,bacgiang_bacgiangcity,82.28608460031546
2025-10-20 12:00:00+00:00,bentre_bentrecity,130.2999682244212
2025-10-20 12:00:00+00:00,backan_backancity,59.629707814294385
2025-10-20 12:00:00+00:00,baclieu_baclieucity,55.07719427607875
2025-10-20 12:00:00+00:00,bacninh_bacninhcity,81.42358351151734
2025-10-20 12:00:00+00:00,angiang_longxuyen,73.52583963088271
2025-10-20 13:00:00+00:00,backan_backancity,58.06557836532772
2025-10-20 13:00:00+00:00,bentre_bentrecity,125.25855830917826
2025-10-20 13:00:00+00:00,bacninh_bacninhcity,78.81404551393767
2025-10-20 13:00:00+00:00,angiang_longxuyen,71.60879558675357
2025-10-20 13:00:00+00:00,baclieu_baclieucity,53.97534306941952
2025-10-20 13:00:00+00:00,bacgiang_bacgiangcity,79.16444783571085
2025-10-20 14:00:00+00:00,baclieu_baclieucity,52.84854857696661
2025-10-20 14:00:00+00:00,bacninh_bacninhcity,76.29078342090209
2025-10-20 14:00:00+00:00,bentre_bentrecity,119.0905333495816
2025-10-20 14:00:00+00:00,bacgiang_bacgiangcity,75.97188420988353
2025-10-20 14:00:00+00:00,backan_backancity,56.41048368405709
2025-10-20 14:00:00+00:00,angiang_longxuyen,69.47899588230347
2025-10-20 15:00:00+00:00,bacgiang_bacgiangcity,73.02939147967923
2025-10-20 15:00:00+00:00,bentre_bentrecity,112.04136214520935
2025-10-20 15:00:00+00:00,angiang_longxuyen,67.62558114336146
2025-10-20 15:00:00+00:00,bacninh_bacninhcity,74.01806327475002
2025-10-20 15:00:00+00:00,backan_backancity,54.8111126222684
2025-10-20 15:00:00+00:00,baclieu_baclieucity,51.80039222933408
2025-10-20 16:00:00+00:00,baclieu_baclieucity,50.89887488679321
2025-10-20 16:00:00+00:00,bacgiang_bacgiangcity,70.52346606689754
2025-10-20 16:00:00+00:00,angiang_longxuyen,66.2424599951594
2025-10-20 16:00:00+00:00,bacninh_bacninhcity,72.03075283809676
2025-10-20 16:00:00+00:00,backan_backancity,53.46089029225946
2025-10-20 16:00:00+00:00,bentre_bentrecity,105.99565162700283
2025-10-20 17:00:00+00:00,backan_backancity,52.30285687653136
2025-10-20 17:00:00+00:00,bacgiang_bacgiangcity,68.33355872620778
2025-10-20 17:00:00+00:00,baclieu_baclieucity,50.04409380476425
2025-10-20 17:00:00+00:00,angiang_longxuyen,65.17679748851259
2025-10-20 17:00:00+00:00,bacninh_bacninhcity,70.24750729062512
2025-10-20 17:00:00+00:00,bentre_bentrecity,101.9000945734017
2025-10-20 18:00:00+00:00,bentre_bentrecity,98.57584345841761
2025-10-20 18:00:00+00:00,baclieu_baclieucity,49.25025529110332
2025-10-20 18:00:00+00:00,bacninh_bacninhcity,68.58737809323706
2025-10-20 18:00:00+00:00,bacgiang_bacgiangcity,66.32845052737899
2025-10-20 18:00:00+00:00,angiang_longxuyen,64.37373484408403
2025-10-20 18:00:00+00:00,backan_backancity,51.353805726370865
2025-10-20 19:00:00+00:00,bentre_bentrecity,95.78750240898033
2025-10-20 19:00:00+00:00,angiang_longxuyen,63.743281332441995
2025-10-20 19:00:00+00:00,baclieu_baclieucity,48.50236546018544
2025-10-20 19:00:00+00:00,bacgiang_bacgiangcity,64.5558273104482
2025-10-20 19:00:00+00:00,bacninh_bacninhcity,67.10763660527044
2025-10-20 19:00:00+00:00,backan_backancity,50.58291663073434
2025-10-20 20:00:00+00:00,baclieu_baclieucity,47.728530424919796
2025-10-20 20:00:00+00:00,bentre_bentrecity,93.42003974149797
2025-10-20 20:00:00+00:00,bacninh_bacninhcity,65.75607339918665
2025-10-20 20:00:00+00:00,angiang_longxuyen,63.157532828521916
2025-10-20 20:00:00+00:00,backan_backancity,49.87538268346667
2025-10-20 20:00:00+00:00,bacgiang_bacgiangcity,62.958639533866865
2025-10-20 21:00:00+00:00,baclieu_baclieucity,46.978472262802825
2025-10-20 21:00:00+00:00,bacgiang_bacgiangcity,61.583075144510374
2025-10-20 21:00:00+00:00,bacninh_bacninhcity,64.55961067454041
2025-10-20 21:00:00+00:00,angiang_longxuyen,62.47342682754328
2025-10-20 21:00:00+00:00,backan_backancity,49.2339005907258
2025-10-20 21:00:00+00:00,bentre_bentrecity,91.40423631133802
2025-10-20 22:00:00+00:00,bacgiang_bacgiangcity,60.29904423977209
2025-10-20 22:00:00+00:00,angiang_longxuyen,61.50731315394718
2025-10-20 22:00:00+00:00,baclieu_baclieucity,46.203171734726766
2025-10-20 22:00:00+00:00,bacninh_bacninhcity,63.23423193693667
2025-10-20 22:00:00+00:00,backan_backancity,48.59161098153838
2025-10-20 22:00:00+00:00,bentre_bentrecity,89.37904176398479
2025-10-20 23:00:00+00:00,bentre_bentrecity,87.37967590433152
2025-10-20 23:00:00+00:00,bacgiang_bacgiangcity,59.17830612066836
2025-10-20 23:00:00+00:00,angiang_longxuyen,60.31178256248307
2025-10-20 23:00:00+00:00,baclieu_baclieucity,45.39945859093848
2025-10-20 23:00:00+00:00,bacninh_bacninhcity,61.89349294050536
2025-10-20 23:00:00+00:00,backan_backancity,47.97395560864041
2025-10-21 00:00:00+00:00,angiang_longxuyen,58.968902650534496
2025-10-21 00:00:00+00:00,baclieu_baclieucity,44.46532157169219
2025-10-21 00:00:00+00:00,bacninh_bacninhcity,60.591891076050295
2025-10-21 00:00:00+00:00,bacgiang_bacgiangcity,58.17129821912434
2025-10-21 00:00:00+00:00,bentre_bentrecity,85.395161244141
2025-10-21 00:00:00+00:00,backan_backancity,47.330529494824496
2025-10-21 01:00:00+00:00,baclieu_baclieucity,43.197281486463524
2025-10-21 01:00:00+00:00,backan_backancity,46.708667060933344
2025-10-21 01:00:00+00:00,bacgiang_bacgiangcity,57.433547205813234
2025-10-21 01:00:00+00:00,angiang_longxuyen,57.75241650881526
2025-10-21 01:00:00+00:00,bacninh_bacninhcity,59.500520136853346
2025-10-21 01:00:00+00:00,bentre_bentrecity,83.06160196151143
2025-10-21 02:00:00+00:00,bacninh_bacninhcity,58.497814005021546
2025-10-21 02:00:00+00:00,angiang_longxuyen,56.39725437140792
2025-10-21 02:00:00+00:00,baclieu_baclieucity,41.73724688906151
2025-10-21 02:00:00+00:00,bacgiang_bacgiangcity,56.76338830988071
2025-10-21 02:00:00+00:00,bentre_bentrecity,80.58689677949458
2025-10-21 02:00:00+00:00,backan_backancity,46.07522025530268
2025-10-21 03:00:00+00:00,angiang_longxuyen,55.00932301721247
2025-10-21 03:00:00+00:00,bacgiang_bacgiangcity,56.06174624187126
2025-10-21 03:00:00+00:00,bentre_bentrecity,78.11519735313992
2025-10-21 03:00:00+00:00,baclieu_baclieucity,40.187263931917876
2025-10-21 03:00:00+00:00,bacninh_bacninhcity,57.52840048026728
2025-10-21 03:00:00+00:00,backan_backancity,45.561958814134755
2025-10-21 04:00:00+00:00,backan_backancity,45.315726113967585
2025-10-21 04:00:00+00:00,bacninh_bacninhcity,56.69185830365781
2025-10-21 04:00:00+00:00,bentre_bentrecity,75.91497673141357
2025-10-21 04:00:00+00:00,bacgiang_bacgiangcity,55.4468224678172
2025-10-21 04:00:00+00:00,angiang_longxuyen,53.70908196750994
2025-10-21 04:00:00+00:00,baclieu_baclieucity,38.91081969404169
2025-10-21 05:00:00+00:00,bacninh_bacninhcity,56.12737938416652
2025-10-21 05:00:00+00:00,angiang_longxuyen,52.75283295470235
2025-10-21 05:00:00+00:00,backan_backancity,45.4595188728186
2025-10-21 05:00:00+00:00,bacgiang_bacgiangcity,55.130116511344845
2025-10-21 05:00:00+00:00,bentre_bentrecity,74.53060941585572
2025-10-21 05:00:00+00:00,baclieu_baclieucity,38.019366399066264
2025-10-21 06:00:00+00:00,bentre_bentrecity,75.12479198043985
2025-10-21 06:00:00+00:00,bacgiang_bacgiangcity,55.28641082110924
2025-10-21 06:00:00+00:00,bacninh_bacninhcity,55.98906976168102
2025-10-21 06:00:00+00:00,angiang_longxuyen,52.39118521871044
2025-10-21 06:00:00+00:00,backan_backancity,46.07214969893799
2025-10-21 06:00:00+00:00,baclieu_baclieucity,37.72525594908927
2025-10-21 07:00:00+00:00,baclieu_baclieucity,37.90937468357396
2025-10-21 07:00:00+00:00,bacninh_bacninhcity,56.400609053929735
2025-10-21 07:00:00+00:00,angiang_longxuyen,52.69897858625411
2025-10-21 07:00:00+00:00,bentre_bentrecity,79.4530165794566
2025-10-21 07:00:00+00:00,backan_backancity,47.227316929747744
2025-10-21 07:00:00+00:00,bacgiang_bacgiangcity,56.14493538987502
2025-10-21 08:00:00+00:00,baclieu_baclieucity,38.44432442140222
2025-10-21 08:00:00+00:00,bentre_bentrecity,87.66977992625961
2025-10-21 08:00:00+00:00,backan_backancity,48.58411403872589
2025-10-21 08:00:00+00:00,bacninh_bacninhcity,57.34603136475013
2025-10-21 08:00:00+00:00,angiang_longxuyen,53.26700659037472
2025-10-21 08:00:00+00:00,bacgiang_bacgiangcity,57.70915954756074
2025-10-21 09:00:00+00:00,bentre_bentrecity,98.16412487384058
2025-10-21 09:00:00+00:00,bacgiang_bacgiangcity,59.532626392608165
2025-10-21 09:00:00+00:00,angiang_longxuyen,53.8614583271077
2025-10-21 09:00:00+00:00,backan_backancity,49.90958748504866
2025-10-21 09:00:00+00:00,baclieu_baclieucity,39.402836474127945
2025-10-21 09:00:00+00:00,bacninh_bacninhcity,58.57427135696928
2025-10-21 10:00:00+00:00,baclieu_baclieucity,40.55448452832493
2025-10-21 10:00:00+00:00,angiang_longxuyen,54.185621349037156
2025-10-21 10:00:00+00:00,backan_backancity,50.93141480878785
2025-10-21 10:00:00+00:00,bacninh_bacninhcity,59.58980553556168
2025-10-21 10:00:00+00:00,bacgiang_bacgiangcity,60.986973482198316
2025-10-21 10:00:00+00:00,bentre_bentrecity,108.87186133863581
2025-10-21 11:00:00+00:00,baclieu_baclieucity,41.65767661105899
2025-10-21 11:00:00+00:00,backan_backancity,51.29891953135202
2025-10-21 11:00:00+00:00,bacninh_bacninhcity,60.0915274670149
2025-10-21 11:00:00+00:00,bentre_bentrecity,116.61456081536392
2025-10-21 11:00:00+00:00,bacgiang_bacgiangcity,61.63769715204979
2025-10-21 11:00:00+00:00,angiang_longxuyen,54.12826275798441
2025-10-21 12:00:00+00:00,bacgiang_bacgiangcity,61.364188340798876
2025-10-21 12:00:00+00:00,angiang_longxuyen,54.01780746823575
2025-10-21 12:00:00+00:00,bentre_bentrecity,117.36169048419475
2025-10-21 12:00:00+00:00,backan_backancity,50.96787766561855
2025-10-21 12:00:00+00:00,baclieu_baclieucity,42.335068262324576
2025-10-21 12:00:00+00:00,bacninh_bacninhcity,59.99464792444032
2025-10-21 13:00:00+00:00,bentre_bentrecity,109.77549467334683
2025-10-21 13:00:00+00:00,bacgiang_bacgiangcity,60.24538925810077
2025-10-21 13:00:00+00:00,baclieu_baclieucity,42.85435616882515
2025-10-21 13:00:00+00:00,angiang_longxuyen,54.746401643816434
2025-10-21 13:00:00+00:00,backan_backancity,50.11973117859187
2025-10-21 13:00:00+00:00,bacninh_bacninhcity,59.36432899887271
2025-10-21 14:00:00+00:00,bentre_bentrecity,99.4482472161086
2025-10-21 14:00:00+00:00,angiang_longxuyen,56.048068308974
2025-10-21 14:00:00+00:00,backan_backancity,49.1968345888949
2025-10-21 14:00:00+00:00,bacninh_bacninhcity,58.46575261129153
2025-10-21 14:00:00+00:00,baclieu_baclieucity,43.207041469194145
2025-10-21 14:00:00+00:00,bacgiang_bacgiangcity,58.770839303338406
2025-10-21 15:00:00+00:00,angiang_longxuyen,57.82787941921306
2025-10-21 15:00:00+00:00,backan_backancity,48.355776301788005
2025-10-21 15:00:00+00:00,bacninh_bacninhcity,57.509513567822786
2025-10-21 15:00:00+00:00,baclieu_baclieucity,43.59843272763429
2025-10-21 15:00:00+00:00,bacgiang_bacgiangcity,57.27815512121444
2025-10-21 15:00:00+00:00,bentre_bentrecity,91.15913201571153
2025-10-21 16:00:00+00:00,bentre_bentrecity,86.18660836264614
2025-10-21 16:00:00+00:00,angiang_longxuyen,59.9648196626119
2025-10-21 16:00:00+00:00,bacgiang_bacgiangcity,55.95462569596672
2025-10-21 16:00:00+00:00,bacninh_bacninhcity,56.627227079916615
2025-10-21 16:00:00+00:00,backan_backancity,47.66616722576616
2025-10-21 16:00:00+00:00,baclieu_baclieucity,44.23538874053889
2025-10-21 17:00:00+00:00,baclieu_baclieucity,45.147403796885015
2025-10-21 17:00:00+00:00,bentre_bentrecity,83.80201229595981
2025-10-21 17:00:00+00:00,bacgiang_bacgiangcity,54.8728228297276
2025-10-21 17:00:00+00:00,backan_backancity,47.14284672170222
2025-10-21 17:00:00+00:00,angiang_longxuyen,62.38212513005326
2025-10-21 17:00:00+00:00,bacninh_bacninhcity,56.00016563581706
2025-10-21 18:00:00+00:00,bentre_bentrecity,83.20069043859431
2025-10-21 18:00:00+00:00,bacgiang_bacgiangcity,54.0465241487828
2025-10-21 18:00:00+00:00,bacninh_bacninhcity,55.585884775385594
2025-10-21 18:00:00+00:00,angiang_longxuyen,65.119428928121
2025-10-21 18:00:00+00:00,backan_backancity,46.77014797359908
2025-10-21 18:00:00+00:00,baclieu_baclieucity,46.42081735575189
2025-10-21 19:00:00+00:00,bacninh_bacninhcity,55.11403596778561
2025-10-21 19:00:00+00:00,bacgiang_bacgiangcity,53.383632900869294
2025-10-21 19:00:00+00:00,backan_backancity,46.488788308006626
2025-10-21 19:00:00+00:00,baclieu_baclieucity,48.096284380955126
2025-10-21 19:00:00+00:00,bentre_bentrecity,83.7519014142484
2025-10-21 19:00:00+00:00,angiang_longxuyen,68.08358752397322
2025-10-21 20:00:00+00:00,bacgiang_bacgiangcity,52.90576261260608
2025-10-21 20:00:00+00:00,baclieu_baclieucity,50.23352619685407
2025-10-21 20:00:00+00:00,bacninh_bacninhcity,54.65663771684347
2025-10-21 20:00:00+00:00,backan_backancity,46.28213886772908
2025-10-21 20:00:00+00:00,bentre_bentrecity,84.93424630892079
2025-10-21 20:00:00+00:00,angiang_longxuyen,71.21428641758922
2025-10-21 21:00:00+00:00,angiang_longxuyen,74.04578551374715
2025-10-21 21:00:00+00:00,bacninh_bacninhcity,54.264713098775054
2025-10-21 21:00:00+00:00,backan_backancity,46.13479702424875
2025-10-21 21:00:00+00:00,baclieu_baclieucity,52.629312846395486
2025-10-21 21:00:00+00:00,bacgiang_bacgiangcity,52.589091548819695
2025-10-21 21:00:00+00:00,bentre_bentrecity,86.68441732860215
2025-10-21 22:00:00+00:00,baclieu_baclieucity,54.99775858415065
2025-10-21 22:00:00+00:00,bentre_bentrecity,88.76619535091284
2025-10-21 22:00:00+00:00,backan_backancity,46.00300236469938
2025-10-21 22:00:00+00:00,angiang_longxuyen,76.68362272580966
2025-10-21 22:00:00+00:00,bacninh_bacninhcity,53.88860483678644
2025-10-21 22:00:00+00:00,bacgiang_bacgiangcity,52.332859601789586
2025-10-21 23:00:00+00:00,bacgiang_bacgiangcity,52.14091493631047
2025-10-21 23:00:00+00:00,backan_backancity,45.80766313934306
2025-10-21 23:00:00+00:00,angiang_longxuyen,79.0964120827536
2025-10-21 23:00:00+00:00,bacninh_bacninhcity,53.560449094649
2025-10-21 23:00:00+00:00,baclieu_baclieucity,57.23173289487619
2025-10-21 23:00:00+00:00,bentre_bentrecity,91.02628808324857
2025-10-22 00:00:00+00:00,bacninh_bacninhcity,53.346437297633386
2025-10-22 00:00:00+00:00,angiang_longxuyen,81.4731124330736
2025-10-22 00:00:00+00:00,bentre_bentrecity,93.23863640568158
2025-10-22 00:00:00+00:00,backan_backancity,45.39210121886984
2025-10-22 00:00:00+00:00,bacgiang_bacgiangcity,52.07981285852091
2025-10-22 00:00:00+00:00,baclieu_baclieucity,59.36669671684873
2025-10-22 01:00:00+00:00,bentre_bentrecity,93.97441847457051
2025-10-22 01:00:00+00:00,baclieu_baclieucity,60.8143668417465
2025-10-22 01:00:00+00:00,bacgiang_bacgiangcity,52.03335573949669
2025-10-22 01:00:00+00:00,backan_backancity,44.80441866321355
2025-10-22 01:00:00+00:00,bacninh_bacninhcity,53.14988181293782
2025-10-22 01:00:00+00:00,angiang_longxuyen,83.23237299744815
2025-10-22 02:00:00+00:00,baclieu_baclieucity,61.91913657235301
2025-10-22 02:00:00+00:00,bacgiang_bacgiangcity,51.93558144876065
2025-10-22 02:00:00+00:00,angiang_longxuyen,84.22278319598028
2025-10-22 02:00:00+00:00,bentre_bentrecity,93.99686817948523
2025-10-22 02:00:00+00:00,backan_backancity,44.14601361778093
2025-10-22 02:00:00+00:00,bacninh_bacninhcity,52.90930671256598
2025-10-22 03:00:00+00:00,angiang_longxuyen,84.67112679491518
2025-10-22 03:00:00+00:00,bacninh_bacninhcity,52.58425641947919
2025-10-22 03:00:00+00:00,bentre_bentrecity,93.84162314263442
2025-10-22 03:00:00+00:00,bacgiang_bacgiangcity,51.760694322047726
2025-10-22 03:00:00+00:00,baclieu_baclieucity,62.587834960144534
2025-10-22 03:00:00+00:00,backan_backancity,43.553067251213754
2025-10-22 04:00:00+00:00,bentre_bentrecity,94.11424530581169
2025-10-22 04:00:00+00:00,bacninh_bacninhcity,52.282748720078175
2025-10-22 04:00:00+00:00,bacgiang_bacgiangcity,51.646231358082815
2025-10-22 04:00:00+00:00,baclieu_baclieucity,63.06419489357252
2025-10-22 04:00:00+00:00,angiang_longxuyen,84.83156959580703
2025-10-22 04:00:00+00:00,backan_backancity,43.21434899456856
2025-10-22 05:00:00+00:00,backan_backancity,43.43875881200096
2025-10-22 05:00:00+00:00,bacgiang_bacgiangcity,51.64103234787442
2025-10-22 05:00:00+00:00,angiang_longxuyen,85.04515021891754
2025-10-22 05:00:00+00:00,baclieu_baclieucity,63.50947541314686
2025-10-22 05:00:00+00:00,bacninh_bacninhcity,52.112273025804775
2025-10-22 05:00:00+00:00,bentre_bentrecity,95.8144732090619
2025-10-22 06:00:00+00:00,bacgiang_bacgiangcity,51.91972023065603
2025-10-22 06:00:00+00:00,bacninh_bacninhcity,52.20189239736447
2025-10-22 06:00:00+00:00,bentre_bentrecity,100.32492003161873
2025-10-22 06:00:00+00:00,baclieu_baclieucity,64.09058318983395
2025-10-22 06:00:00+00:00,angiang_longxuyen,85.70741464465107
2025-10-22 06:00:00+00:00,backan_backancity,44.26462881137537
2025-10-22 07:00:00+00:00,baclieu_baclieucity,64.7041536261396
2025-10-22 07:00:00+00:00,bacninh_bacninhcity,52.6054861265526
2025-10-22 07:00:00+00:00,backan_backancity,45.36421199344704
2025-10-22 07:00:00+00:00,bacgiang_bacgiangcity,52.556945415709485
2025-10-22 07:00:00+00:00,angiang_longxuyen,87.25676953344738
2025-10-22 07:00:00+00:00,bentre_bentrecity,108.8922598520829
2025-10-22 08:00:00+00:00,baclieu_baclieucity,65.12413944072591
2025-10-22 08:00:00+00:00,bacninh_bacninhcity,53.282214816784894
2025-10-22 08:00:00+00:00,angiang_longxuyen,89.22967489855128
2025-10-22 08:00:00+00:00,bentre_bentrecity,121.81591631072376
2025-10-22 08:00:00+00:00,backan_backancity,46.541456325132145
2025-10-22 08:00:00+00:00,bacgiang_bacgiangcity,53.42314139071757
2025-10-22 09:00:00+00:00,baclieu_baclieucity,65.06118805058034
2025-10-22 09:00:00+00:00,angiang_longxuyen,90.64388792228054
2025-10-22 09:00:00+00:00,backan_backancity,47.55366822155399
2025-10-22 09:00:00+00:00,bacgiang_bacgiangcity,54.21784225218872
2025-10-22 09:00:00+00:00,bentre_bentrecity,136.31599067462685
2025-10-22 09:00:00+00:00,bacninh_bacninhcity,54.09346478074106
2025-10-22 10:00:00+00:00,baclieu_baclieucity,64.13823662951972
2025-10-22 10:00:00+00:00,bacninh_bacninhcity,54.642227037541005
2025-10-22 10:00:00+00:00,angiang_longxuyen,90.7660434773328
2025-10-22 10:00:00+00:00,backan_backancity,48.15915103172051
2025-10-22 10:00:00+00:00,bacgiang_bacgiangcity,54.747348731006845
2025-10-22 11:00:00+00:00,baclieu_baclieucity,62.621912652656235
2025-10-22 11:00:00+00:00,bacninh_bacninhcity,54.87677068791077
2025-10-22 11:00:00+00:00,angiang_longxuyen,89.29634983675598
2025-10-22 11:00:00+00:00,bacgiang_bacgiangcity,54.914873500981706
2025-10-22 11:00:00+00:00,backan_backancity,48.18495168065499
2025-10-22 12:00:00+00:00,baclieu_baclieucity,60.99203292166286
2025-10-22 12:00:00+00:00,bacninh_bacninhcity,54.88421778402903
2025-10-22 12:00:00+00:00,backan_backancity,47.59795700937911
2025-10-22 12:00:00+00:00,angiang_longxuyen,86.82732530863055
2025-10-22 12:00:00+00:00,bacgiang_bacgiangcity,54.73684104786274
2025-10-22 13:00:00+00:00,bentre_bentrecity,146.33369576843754
2025-10-22 13:00:00+00:00,angiang_longxuyen,84.04632091372963
2025-10-22 13:00:00+00:00,bacgiang_bacgiangcity,54.34375001714929
2025-10-22 13:00:00+00:00,baclieu_baclieucity,59.13604110862906
2025-10-22 13:00:00+00:00,backan_backancity,46.745080071069815
2025-10-22 13:00:00+00:00,bacninh_bacninhcity,54.83473995533436
2025-10-22 14:00:00+00:00,bacninh_bacninhcity,54.83634003421921
2025-10-22 14:00:00+00:00,angiang_longxuyen,81.75577808205492
2025-10-22 14:00:00+00:00,baclieu_baclieucity,57.15104106625345
2025-10-22 14:00:00+00:00,bacgiang_bacgiangcity,53.88020566880835
2025-10-22 14:00:00+00:00,bentre_bentrecity,143.60984808547772
2025-10-22 14:00:00+00:00,backan_backancity,45.692776478477185
2025-10-22 15:00:00+00:00,bacninh_bacninhcity,54.82572767301722
2025-10-22 15:00:00+00:00,bacgiang_bacgiangcity,53.4436034586998
2025-10-22 15:00:00+00:00,bentre_bentrecity,130.21158505087848
2025-10-22 15:00:00+00:00,baclieu_baclieucity,55.28182990990933
2025-10-22 15:00:00+00:00,angiang_longxuyen,80.36898821715738
2025-10-22 15:00:00+00:00,backan_backancity,44.59867643277103
2025-10-22 16:00:00+00:00,baclieu_baclieucity,53.57915157432484
2025-10-22 16:00:00+00:00,bacninh_bacninhcity,54.77246149556092
2025-10-22 16:00:00+00:00,bentre_bentrecity,114.66822934603877
2025-10-22 16:00:00+00:00,bacgiang_bacgiangcity,53.06910026026546
2025-10-22 16:00:00+00:00,angiang_longxuyen,79.97493265291055
2025-10-22 16:00:00+00:00,backan_backancity,43.584829564778374
2025-10-22 17:00:00+00:00,bacninh_bacninhcity,54.598207421864736
2025-10-22 17:00:00+00:00,bacgiang_bacgiangcity,52.70935168332379
2025-10-22 17:00:00+00:00,angiang_longxuyen,80.45610777700134
2025-10-22 17:00:00+00:00,bentre_bentrecity,102.98602661517427
2025-10-22 17:00:00+00:00,baclieu_baclieucity,52.10662041067887
2025-10-22 17:00:00+00:00,backan_backancity,42.73004848274942
2025-10-22 18:00:00+00:00,bacgiang_bacgiangcity,52.440274243190096
2025-10-22 18:00:00+00:00,baclieu_baclieucity,50.94814834404153
2025-10-22 18:00:00+00:00,backan_backancity,42.06634473371994
2025-10-22 18:00:00+00:00,bacninh_bacninhcity,54.367611629678144
2025-10-22 18:00:00+00:00,bentre_bentrecity,96.11934369107254
2025-10-22 18:00:00+00:00,angiang_longxuyen,81.64989622650205
2025-10-22 19:00:00+00:00,bacninh_bacninhcity,54.10786549070468
2025-10-22 19:00:00+00:00,bacgiang_bacgiangcity,52.23391889840852
2025-10-22 19:00:00+00:00,bentre_bentrecity,92.47482616370966
2025-10-22 19:00:00+00:00,backan_backancity,41.611777775010175
2025-10-22 19:00:00+00:00,angiang_longxuyen,83.39506388424986
2025-10-22 19:00:00+00:00,baclieu_baclieucity,49.99488514821844
2025-10-22 20:00:00+00:00,baclieu_baclieucity,49.127183803044545
2025-10-22 20:00:00+00:00,bacninh_bacninhcity,53.87057528748273
2025-10-22 20:00:00+00:00,angiang_longxuyen,85.49649085034312
2025-10-22 20:00:00+00:00,backan_backancity,41.33063245020293
2025-10-22 20:00:00+00:00,bacgiang_bacgiangcity,52.11031903539088
2025-10-22 20:00:00+00:00,bentre_bentrecity,90.7459471594695
2025-10-22 21:00:00+00:00,bentre_bentrecity,90.21657838214418
2025-10-22 21:00:00+00:00,angiang_longxuyen,87.61018944947263
2025-10-22 21:00:00+00:00,backan_backancity,41.263434121708784
2025-10-22 21:00:00+00:00,bacgiang_bacgiangcity,52.06953945483969
2025-10-22 21:00:00+00:00,baclieu_baclieucity,48.39621692481842
2025-10-22 21:00:00+00:00,bacninh_bacninhcity,53.70250220387132
2025-10-22 22:00:00+00:00,backan_backancity,41.35071069863957
2025-10-22 22:00:00+00:00,bentre_bentrecity,90.49339327539003
2025-10-22 22:00:00+00:00,bacgiang_bacgiangcity,52.12598086671857
2025-10-22 22:00:00+00:00,bacninh_bacninhcity,53.620763594669704
2025-10-22 22:00:00+00:00,baclieu_baclieucity,47.753832606911956
2025-10-22 22:00:00+00:00,angiang_longxuyen,89.72024363217008
2025-10-22 23:00:00+00:00,baclieu_baclieucity,46.95949064163928
2025-10-22 23:00:00+00:00,backan_backancity,41.533129660850946
2025-10-22 23:00:00+00:00,angiang_longxuyen,91.68368248695565
2025-10-22 23:00:00+00:00,bacgiang_bacgiangcity,52.30160073983671
2025-10-22 23:00:00+00:00,bentre_bentrecity,91.41951930778956
2025-10-22 23:00:00+00:00,bacninh_bacninhcity,53.5946987582558
2025-10-23 00:00:00+00:00,bacninh_bacninhcity,53.63001015644974
2025-10-23 00:00:00+00:00,backan_backancity,41.775494257545716
2025-10-23 00:00:00+00:00,angiang_longxuyen,93.63486154729486
2025-10-23 00:00:00+00:00,bentre_bentrecity,92.9264615137149
2025-10-23 00:00:00+00:00,bacgiang_bacgiangcity,52.59859731340973
2025-10-23 00:00:00+00:00,baclieu_baclieucity,45.983243135105816
2025-10-23 01:00:00+00:00,angiang_longxuyen,94.57205043039549
2025-10-23 01:00:00+00:00,bacninh_bacninhcity,53.73431436413017
2025-10-23 01:00:00+00:00,bacgiang_bacgiangcity,52.954323262126884
2025-10-23 01:00:00+00:00,backan_backancity,42.07014803648983
2025-10-23 01:00:00+00:00,baclieu_baclieucity,44.65942958370098
2025-10-23 01:00:00+00:00,bentre_bentrecity,93.64609636909107
2025-10-23 02:00:00+00:00,bentre_bentrecity,94.0200556154746
2025-10-23 02:00:00+00:00,baclieu_baclieucity,43.18975962030392
2025-10-23 02:00:00+00:00,bacninh_bacninhcity,53.96659995925123
2025-10-23 02:00:00+00:00,bacgiang_bacgiangcity,53.43831970911121
2025-10-23 02:00:00+00:00,backan_backancity,42.36995097894812
2025-10-23 02:00:00+00:00,angiang_longxuyen,94.31070172020247
2025-10-23 03:00:00+00:00,baclieu_baclieucity,41.71261763744149
2025-10-23 03:00:00+00:00,bentre_bentrecity,94.24286535402216
2025-10-23 03:00:00+00:00,bacgiang_bacgiangcity,53.99177752450781
2025-10-23 03:00:00+00:00,bacninh_bacninhcity,54.26602905150278
2025-10-23 03:00:00+00:00,angiang_longxuyen,92.98198325408521
2025-10-23 03:00:00+00:00,backan_backancity,42.66929034715005
2025-10-23 04:00:00+00:00,bacgiang_bacgiangcity,54.57508852507994
2025-10-23 04:00:00+00:00,baclieu_baclieucity,40.36883051565789
2025-10-23 04:00:00+00:00,angiang_longxuyen,91.2056751202833
2025-10-23 04:00:00+00:00,bentre_bentrecity,94.05967626038489
2025-10-23 04:00:00+00:00,backan_backancity,42.97401814299845
2025-10-23 04:00:00+00:00,bacninh_bacninhcity,54.60441333529662
2025-10-23 05:00:00+00:00,baclieu_baclieucity,39.35592575018622
2025-10-23 05:00:00+00:00,angiang_longxuyen,89.49125414970511
2025-10-23 05:00:00+00:00,backan_backancity,43.31989438493537
2025-10-23 05:00:00+00:00,bacgiang_bacgiangcity,55.16716257449806
2025-10-23 05:00:00+00:00,bentre_bentrecity,93.85714415705091
2025-10-23 05:00:00+00:00,bacninh_bacninhcity,54.97441039257239
2025-10-23 06:00:00+00:00,bentre_bentrecity,93.92995086172982
2025-10-23 06:00:00+00:00,angiang_longxuyen,88.3663064772735
2025-10-23 06:00:00+00:00,backan_backancity,43.83753236585686
2025-10-23 06:00:00+00:00,bacgiang_bacgiangcity,55.72147276836603
2025-10-23 06:00:00+00:00,baclieu_baclieucity,38.830551562319926
2025-10-23 06:00:00+00:00,bacninh_bacninhcity,55.373557796635026
2025-10-23 07:00:00+00:00,angiang_longxuyen,88.08959003124876
2025-10-23 07:00:00+00:00,baclieu_baclieucity,38.77277924370505
2025-10-23 07:00:00+00:00,bacgiang_bacgiangcity,56.21728786655275
2025-10-23 07:00:00+00:00,backan_backancity,44.44127552639468
2025-10-23 07:00:00+00:00,bentre_bentrecity,95.3497213245532
2025-10-23 07:00:00+00:00,bacninh_bacninhcity,55.84027239472912
2025-10-23 08:00:00+00:00,bacninh_bacninhcity,56.26333624268426
2025-10-23 08:00:00+00:00,backan_backancity,45.08846506562511
2025-10-23 08:00:00+00:00,bentre_bentrecity,98.500701280343
2025-10-23 08:00:00+00:00,angiang_longxuyen,88.87474151227241
2025-10-23 08:00:00+00:00,bacgiang_bacgiangcity,56.693403551179
2025-10-23 08:00:00+00:00,baclieu_baclieucity,38.98335660348808
2025-10-23 09:00:00+00:00,bacgiang_bacgiangcity,57.22553196611373
2025-10-23 09:00:00+00:00,angiang_longxuyen,90.60744625029488
2025-10-23 09:00:00+00:00,backan_backancity,45.70777036410216
2025-10-23 09:00:00+00:00,bentre_bentrecity,103.21925244356527
2025-10-23 09:00:00+00:00,baclieu_baclieucity,39.29979837248101
2025-10-23 09:00:00+00:00,bacninh_bacninhcity,56.67018496100574
2025-10-23 10:00:00+00:00,baclieu_baclieucity,39.39173561532248
2025-10-23 10:00:00+00:00,angiang_longxuyen,92.76479497647966
2025-10-23 10:00:00+00:00,backan_backancity,46.24788920412228
2025-10-23 10:00:00+00:00,bacninh_bacninhcity,57.12948237099811
2025-10-23 10:00:00+00:00,bentre_bentrecity,108.49923362207196
2025-10-23 10:00:00+00:00,bacgiang_bacgiangcity,57.80214357098109
2025-10-23 11:00:00+00:00,baclieu_baclieucity,39.16584535107138
2025-10-23 11:00:00+00:00,bacninh_bacninhcity,57.76032219452045
2025-10-23 11:00:00+00:00,angiang_longxuyen,94.30002705063269
2025-10-23 11:00:00+00:00,bacgiang_bacgiangcity,58.486942441009546
2025-10-23 11:00:00+00:00,backan_backancity,46.58932909027254
2025-10-23 11:00:00+00:00,bentre_bentrecity,111.76060936311917
2025-10-23 12:00:00+00:00,bacninh_bacninhcity,58.56230316568418
2025-10-23 12:00:00+00:00,bacgiang_bacgiangcity,59.31943955838209
2025-10-23 12:00:00+00:00,bentre_bentrecity,110.78768164642156
2025-10-23 12:00:00+00:00,angiang_longxuyen,94.16687905333492
2025-10-23 12:00:00+00:00,baclieu_baclieucity,38.67110694148007
2025-10-23 12:00:00+00:00,backan_backancity,46.79359585856581
2025-10-23 13:00:00+00:00,angiang_longxuyen,91.73186056309822
2025-10-23 13:00:00+00:00,baclieu_baclieucity,38.01523909278385
2025-10-23 13:00:00+00:00,bentre_bentrecity,105.5264459403645
2025-10-23 13:00:00+00:00,bacgiang_bacgiangcity,60.15141328546521
2025-10-23 13:00:00+00:00,bacninh_bacninhcity,59.38868409367446
2025-10-23 13:00:00+00:00,backan_backancity,46.730744161808694
2025-10-23 14:00:00+00:00,backan_backancity,46.51748006520656
2025-10-23 14:00:00+00:00,bentre_bentrecity,98.74083196628158
2025-10-23 14:00:00+00:00,bacgiang_bacgiangcity,60.82386014466298
2025-10-23 14:00:00+00:00,baclieu_baclieucity,37.4143920251809
2025-10-23 14:00:00+00:00,angiang_longxuyen,88.33003677638295
2025-10-23 14:00:00+00:00,bacninh_bacninhcity,60.221333243464414
2025-10-23 15:00:00+00:00,angiang_longxuyen,85.3548664226912
2025-10-23 15:00:00+00:00,bacninh_bacninhcity,60.98922156810818
2025-10-23 15:00:00+00:00,backan_backancity,46.296120865461155
2025-10-23 15:00:00+00:00,baclieu_baclieucity,36.95997959122327
2025-10-23 15:00:00+00:00,bacgiang_bacgiangcity,61.410613059471835
2025-10-23 15:00:00+00:00,bentre_bentrecity,92.73154100059014
2025-10-23 16:00:00+00:00,angiang_longxuyen,83.54649315665722
2025-10-23 16:00:00+00:00,bacgiang_bacgiangcity,61.91574948947994
2025-10-23 16:00:00+00:00,bentre_bentrecity,88.4790609457936
2025-10-23 16:00:00+00:00,baclieu_baclieucity,36.66806239579248
2025-10-23 16:00:00+00:00,bacninh_bacninhcity,61.65437585593981
2025-10-23 16:00:00+00:00,backan_backancity,46.314075644723516
2025-10-23 17:00:00+00:00,bacninh_bacninhcity,62.21426638722704
2025-10-23 17:00:00+00:00,backan_backancity,46.51799847082657
2025-10-23 17:00:00+00:00,bacgiang_bacgiangcity,62.40675188933857
2025-10-23 17:00:00+00:00,baclieu_baclieucity,36.569266247824686
2025-10-23 17:00:00+00:00,bentre_bentrecity,86.16041143249252
2025-10-23 17:00:00+00:00,angiang_longxuyen,82.85863494577028
2025-10-23 18:00:00+00:00,bacgiang_bacgiangcity,62.91459748717819
2025-10-23 18:00:00+00:00,bentre_bentrecity,85.23103601871276
2025-10-23 18:00:00+00:00,baclieu_baclieucity,36.67851026290351
2025-10-23 18:00:00+00:00,backan_backancity,46.87095792801385
2025-10-23 18:00:00+00:00,bacninh_bacninhcity,62.682782943317626
2025-10-23 18:00:00+00:00,angiang_longxuyen,82.8025511839225
2025-10-23 19:00:00+00:00,bacninh_bacninhcity,63.21328635602039
2025-10-23 19:00:00+00:00,baclieu_baclieucity,36.95079284547631
2025-10-23 19:00:00+00:00,bacgiang_bacgiangcity,63.5395429391076
2025-10-23 19:00:00+00:00,backan_backancity,47.351923695988866
2025-10-23 19:00:00+00:00,bentre_bentrecity,85.13048900561006
2025-10-23 19:00:00+00:00,angiang_longxuyen,83.0706391671757
2025-10-23 20:00:00+00:00,angiang_longxuyen,83.56367531215899
2025-10-23 20:00:00+00:00,backan_backancity,47.94847896321844
2025-10-23 20:00:00+00:00,bacninh_bacninhcity,63.78363721609221
2025-10-23 20:00:00+00:00,bentre_bentrecity,85.52993299750337
2025-10-23 20:00:00+00:00,baclieu_baclieucity,37.318761142296836
2025-10-23 20:00:00+00:00,bacgiang_bacgiangcity,64.19565503660554
2025-10-23 21:00:00+00:00,backan_backancity,48.44437381611594
2025-10-23 21:00:00+00:00,bacninh_bacninhcity,64.3592020403807
2025-10-23 21:00:00+00:00,bentre_bentrecity,86.14737153728143
2025-10-23 21:00:00+00:00,baclieu_baclieucity,37.72409452111366
2025-10-23 21:00:00+00:00,bacgiang_bacgiangcity,64.91537151594352
2025-10-23 21:00:00+00:00,angiang_longxuyen,84.0548895604681
2025-10-23 22:00:00+00:00,angiang_longxuyen,84.40765835404994
2025-10-23 22:00:00+00:00,backan_backancity,48.953019453397985
2025-10-23 22:00:00+00:00,bentre_bentrecity,86.65565080136086
2025-10-23 22:00:00+00:00,bacninh_bacninhcity,64.99139270931671
2025-10-23 22:00:00+00:00,baclieu_baclieucity,38.24075550682821
2025-10-23 22:00:00+00:00,bacgiang_bacgiangcity,65.77134393396462
2025-10-23 23:00:00+00:00,baclieu_baclieucity,38.90557083713907
2025-10-23 23:00:00+00:00,angiang_longxuyen,84.44328752491961
2025-10-23 23:00:00+00:00,bacgiang_bacgiangcity,66.68873246394895
2025-10-23 23:00:00+00:00,backan_backancity,49.53633543863954
2025-10-23 23:00:00+00:00,bentre_bentrecity,86.86860834079347
2025-10-23 23:00:00+00:00,bacninh_bacninhcity,65.66839057169787
2025-10-24 00:00:00+00:00,baclieu_baclieucity,39.6127957349025
2025-10-24 00:00:00+00:00,bentre_bentrecity,86.67926318041856
2025-10-24 00:00:00+00:00,angiang_longxuyen,83.98890126047644
2025-10-24 00:00:00+00:00,bacgiang_bacgiangcity,67.58315163723118
2025-10-24 00:00:00+00:00,backan_backancity,50.21559634093882
2025-10-24 00:00:00+00:00,bacninh_bacninhcity,66.35396705015634
2025-10-24 01:00:00+00:00,baclieu_baclieucity,40.5800060357717
2025-10-24 01:00:00+00:00,backan_backancity,50.80827353535715
2025-10-24 01:00:00+00:00,bentre_bentrecity,86.15520369911263
2025-10-24 01:00:00+00:00,bacninh_bacninhcity,67.09723858485364
2025-10-24 01:00:00+00:00,angiang_longxuyen,83.0268089689375
2025-10-24 01:00:00+00:00,bacgiang_bacgiangcity,68.50236704855912
2025-10-24 02:00:00+00:00,bacgiang_bacgiangcity,69.4214827664986
2025-10-24 02:00:00+00:00,baclieu_baclieucity,41.68874107090436
2025-10-24 02:00:00+00:00,bentre_bentrecity,85.27387551390308
2025-10-24 02:00:00+00:00,angiang_longxuyen,81.68276762901333
2025-10-24 02:00:00+00:00,backan_backancity,51.40355272721439
2025-10-24 02:00:00+00:00,bacninh_bacninhcity,67.81328385516142
2025-10-24 03:00:00+00:00,angiang_longxuyen,80.28365690746901
2025-10-24 03:00:00+00:00,bacgiang_bacgiangcity,70.22565449987383
2025-10-24 03:00:00+00:00,baclieu_baclieucity,42.78804012681891
2025-10-24 03:00:00+00:00,backan_backancity,52.19754576562744
2025-10-24 03:00:00+00:00,bacninh_bacninhcity,68.54263570049443
2025-10-24 03:00:00+00:00,bentre_bentrecity,84.12138380440622
2025-10-24 04:00:00+00:00,baclieu_baclieucity,43.72853259957977
2025-10-24 04:00:00+00:00,bacninh_bacninhcity,69.33409154217108
2025-10-24 04:00:00+00:00,angiang_longxuyen,78.93812390521992
2025-10-24 04:00:00+00:00,backan_backancity,53.17733238745137
2025-10-24 04:00:00+00:00,bentre_bentrecity,83.08633464502199
2025-10-24 04:00:00+00:00,bacgiang_bacgiangcity,71.01911417865858
2025-10-24 05:00:00+00:00,angiang_longxuyen,77.79806769976659
2025-10-24 05:00:00+00:00,backan_backancity,54.177750556017926
2025-10-24 05:00:00+00:00,bacgiang_bacgiangcity,71.82966628889551
2025-10-24 05:00:00+00:00,baclieu_baclieucity,44.60678648992258
2025-10-24 05:00:00+00:00,bentre_bentrecity,82.83161679132918
2025-10-24 05:00:00+00:00,bacninh_bacninhcity,70.16793452028789
2025-10-24 06:00:00+00:00,backan_backancity,55.238548025307686
2025-10-24 06:00:00+00:00,bentre_bentrecity,83.8361747278517
2025-10-24 06:00:00+00:00,baclieu_baclieucity,45.295383678051515
2025-10-24 06:00:00+00:00,bacninh_bacninhcity,71.02954709176134
2025-10-24 06:00:00+00:00,bacgiang_bacgiangcity,72.66097705494533
2025-10-24 06:00:00+00:00,angiang_longxuyen,77.28846251362059
2025-10-24 07:00:00+00:00,bacgiang_bacgiangcity,73.67152656411454
2025-10-24 07:00:00+00:00,bentre_bentrecity,85.59669516742298
2025-10-24 07:00:00+00:00,baclieu_baclieucity,45.96467025683498
2025-10-24 07:00:00+00:00,bacninh_bacninhcity,72.05500823951004
2025-10-24 07:00:00+00:00,backan_backancity,56.29583628732352
2025-10-24 07:00:00+00:00,angiang_longxuyen,77.35078583541885
2025-10-24 08:00:00+00:00,backan_backancity,57.20296138296548
2025-10-24 08:00:00+00:00,bacninh_bacninhcity,73.31761254273272
2025-10-24 08:00:00+00:00,angiang_longxuyen,77.85343491538478
2025-10-24 08:00:00+00:00,bentre_bentrecity,87.38772489928263
2025-10-24 08:00:00+00:00,baclieu_baclieucity,46.62242729524259
2025-10-24 08:00:00+00:00,bacgiang_bacgiangcity,74.88537083103948
2025-10-24 09:00:00+00:00,angiang_longxuyen,78.50100578182608
2025-10-24 09:00:00+00:00,bacninh_bacninhcity,74.89616014800599
2025-10-24 09:00:00+00:00,bentre_bentrecity,88.86343378968589
2025-10-24 09:00:00+00:00,bacgiang_bacgiangcity,76.41507366063483
2025-10-24 09:00:00+00:00,baclieu_baclieucity,47.19265852324825
2025-10-24 09:00:00+00:00,backan_backancity,58.05074398912427
2025-10-24 10:00:00+00:00,backan_backancity,58.75141653893091
2025-10-24 10:00:00+00:00,bacninh_bacninhcity,76.72071863565711
2025-10-24 10:00:00+00:00,baclieu_baclieucity,47.60229865644671
2025-10-24 10:00:00+00:00,bacgiang_bacgiangcity,78.18485063132499
2025-10-24 10:00:00+00:00,bentre_bentrecity,90.17754156664009
2025-10-24 10:00:00+00:00,angiang_longxuyen,79.13139449276561
2025-10-24 11:00:00+00:00,baclieu_baclieucity,47.752960289762896
2025-10-24 11:00:00+00:00,bentre_bentrecity,90.63224996534473
2025-10-24 11:00:00+00:00,angiang_longxuyen,79.38927387304008
2025-10-24 11:00:00+00:00,bacgiang_bacgiangcity,80.21650967183645
2025-10-24 11:00:00+00:00,bacninh_bacninhcity,78.65311047694027
2025-10-24 11:00:00+00:00,backan_backancity,59.215736003367155
2025-10-24 12:00:00+00:00,baclieu_baclieucity,47.65598853080399
2025-10-24 12:00:00+00:00,bacninh_bacninhcity,80.73911736817287
2025-10-24 12:00:00+00:00,bacgiang_bacgiangcity,82.43667395592502
2025-10-24 12:00:00+00:00,backan_backancity,59.53926597227987
2025-10-24 12:00:00+00:00,bentre_bentrecity,89.56078405732197
2025-10-24 12:00:00+00:00,angiang_longxuyen,79.45541545161652
2025-10-24 13:00:00+00:00,angiang_longxuyen,79.80024865147661
2025-10-24 13:00:00+00:00,bacgiang_bacgiangcity,85.00226336936768
2025-10-24 13:00:00+00:00,backan_backancity,60.05214110156749
2025-10-24 13:00:00+00:00,bentre_bentrecity,87.32123127842819
2025-10-24 13:00:00+00:00,bacninh_bacninhcity,83.19553753657807
2025-10-24 13:00:00+00:00,baclieu_baclieucity,47.48161980971108
2025-10-24 14:00:00+00:00,angiang_longxuyen,80.44479008507597
2025-10-24 14:00:00+00:00,backan_backancity,60.77404086611282
2025-10-24 14:00:00+00:00,bacninh_bacninhcity,85.87410822099962
2025-10-24 14:00:00+00:00,bacgiang_bacgiangcity,87.58145781491731
2025-10-24 14:00:00+00:00,baclieu_baclieucity,47.07069363180142
2025-10-24 14:00:00+00:00,bentre_bentrecity,85.06720115027841
2025-10-24 15:00:00+00:00,baclieu_baclieucity,46.58364158246068
2025-10-24 15:00:00+00:00,angiang_longxuyen,81.59716590100874
2025-10-24 15:00:00+00:00,bacgiang_bacgiangcity,90.0427729286961
2025-10-24 15:00:00+00:00,bacninh_bacninhcity,88.52504950589204
2025-10-24 15:00:00+00:00,backan_backancity,61.71563495081621
2025-10-24 15:00:00+00:00,bentre_bentrecity,83.52657940231154
2025-10-24 16:00:00+00:00,angiang_longxuyen,83.21954121218549
2025-10-24 16:00:00+00:00,bacgiang_bacgiangcity,92.47798831337501
2025-10-24 16:00:00+00:00,baclieu_baclieucity,46.09487979150777
2025-10-24 16:00:00+00:00,bentre_bentrecity,82.95109184039912
2025-10-24 16:00:00+00:00,bacninh_bacninhcity,91.08669853815569
2025-10-24 16:00:00+00:00,backan_backancity,62.94706014679677
2025-10-24 17:00:00+00:00,bacgiang_bacgiangcity,94.72481247878987
2025-10-24 17:00:00+00:00,angiang_longxuyen,85.16369936564212
2025-10-24 17:00:00+00:00,bacninh_bacninhcity,93.3739141029904
2025-10-24 17:00:00+00:00,baclieu_baclieucity,45.57167393484057
2025-10-24 17:00:00+00:00,backan_backancity,64.21646104677798
2025-10-24 17:00:00+00:00,bentre_bentrecity,83.22988440123862
2025-10-24 18:00:00+00:00,bentre_bentrecity,84.08931119517
2025-10-24 18:00:00+00:00,bacgiang_bacgiangcity,96.73328143520634
2025-10-24 18:00:00+00:00,baclieu_baclieucity,45.04644430238755
2025-10-24 18:00:00+00:00,bacninh_bacninhcity,95.53896118378654
2025-10-24 18:00:00+00:00,backan_backancity,65.27282465261581
2025-10-24 18:00:00+00:00,angiang_longxuyen,87.34574089798205
2025-10-24 19:00:00+00:00,baclieu_baclieucity,44.57373813164677
2025-10-24 19:00:00+00:00,bacgiang_bacgiangcity,98.57255061695082
2025-10-24 19:00:00+00:00,angiang_longxuyen,89.64342738402388
2025-10-24 19:00:00+00:00,bentre_bentrecity,85.45571126979195
2025-10-24 19:00:00+00:00,bacninh_bacninhcity,97.56345631971135
2025-10-24 19:00:00+00:00,backan_backancity,66.11897477953849
2025-10-24 20:00:00+00:00,bacninh_bacninhcity,99.26055260439645
2025-10-24 20:00:00+00:00,backan_backancity,66.90935393261972
2025-10-24 20:00:00+00:00,bacgiang_bacgiangcity,100.2725429945708
2025-10-24 20:00:00+00:00,angiang_longxuyen,91.86949227054217
2025-10-24 20:00:00+00:00,bentre_bentrecity,87.20611033809942
2025-10-24 20:00:00+00:00,baclieu_baclieucity,44.12334334124422
2025-10-24 21:00:00+00:00,baclieu_baclieucity,43.69674536266803
2025-10-24 21:00:00+00:00,angiang_longxuyen,93.9443615410323
2025-10-24 21:00:00+00:00,backan_backancity,67.66002520907576
2025-10-24 21:00:00+00:00,bacninh_bacninhcity,100.63965704366892
2025-10-24 21:00:00+00:00,bacgiang_bacgiangcity,101.77981325405256
2025-10-24 21:00:00+00:00,bentre_bentrecity,89.16426731254742
2025-10-24 22:00:00+00:00,angiang_longxuyen,95.56788846661672
2025-10-24 22:00:00+00:00,baclieu_baclieucity,43.28820185674267
2025-10-24 22:00:00+00:00,backan_backancity,68.38812091771412
2025-10-24 22:00:00+00:00,bacgiang_bacgiangcity,103.0138554014803
2025-10-24 22:00:00+00:00,bacninh_bacninhcity,101.75238479900958
2025-10-24 22:00:00+00:00,bentre_bentrecity,91.25469186705632
2025-10-24 23:00:00+00:00,baclieu_baclieucity,42.96167610150662
2025-10-24 23:00:00+00:00,bacgiang_bacgiangcity,104.03044944540882
2025-10-24 23:00:00+00:00,backan_backancity,69.0623946582555
2025-10-24 23:00:00+00:00,bentre_bentrecity,93.25484530447845
2025-10-24 23:00:00+00:00,angiang_longxuyen,96.67672101434498
2025-10-24 23:00:00+00:00,bacninh_bacninhcity,102.62707496225663
2025-10-25 00:00:00+00:00,backan_backancity,69.65321257097897
2025-10-25 00:00:00+00:00,baclieu_baclieucity,42.69631722476263
2025-10-25 00:00:00+00:00,bentre_bentrecity,95.19811556369407
2025-10-25 00:00:00+00:00,bacninh_bacninhcity,103.42343945714777
2025-10-25 00:00:00+00:00,angiang_longxuyen,97.3289391503979
2025-10-25 00:00:00+00:00,bacgiang_bacgiangcity,104.98909733037632
2025-10-25 01:00:00+00:00,bacninh_bacninhcity,103.36646530872427
2025-10-25 01:00:00+00:00,angiang_longxuyen,96.8815018266725
2025-10-25 01:00:00+00:00,bentre_bentrecity,96.44028287805256
2025-10-25 01:00:00+00:00,backan_backancity,69.93561652481557
2025-10-25 01:00:00+00:00,bacgiang_bacgiangcity,105.14198835709203
2025-10-25 01:00:00+00:00,baclieu_baclieucity,42.6155406567597
2025-10-25 02:00:00+00:00,bentre_bentrecity,96.79692974444565
2025-10-25 02:00:00+00:00,angiang_longxuyen,95.85731021191752
2025-10-25 02:00:00+00:00,baclieu_baclieucity,42.48529124473151
2025-10-25 02:00:00+00:00,bacgiang_bacgiangcity,104.92532533902695
2025-10-25 02:00:00+00:00,backan_backancity,69.97325825596486
2025-10-25 02:00:00+00:00,bacninh_bacninhcity,102.85767013135954
2025-10-25 03:00:00+00:00,backan_backancity,69.9027027526142
2025-10-25 03:00:00+00:00,bacgiang_bacgiangcity,104.38669130741127
2025-10-25 03:00:00+00:00,angiang_longxuyen,94.51576105093402
2025-10-25 03:00:00+00:00,bentre_bentrecity,96.1550495012346
2025-10-25 03:00:00+00:00,bacninh_bacninhcity,102.01334688578045
2025-10-25 03:00:00+00:00,baclieu_baclieucity,42.195627119880015
2025-10-25 04:00:00+00:00,baclieu_baclieucity,41.716156752731955
2025-10-25 04:00:00+00:00,bentre_bentrecity,95.36172440852425
2025-10-25 04:00:00+00:00,bacninh_bacninhcity,101.05894998920542
2025-10-25 04:00:00+00:00,bacgiang_bacgiangcity,103.64406341815325
2025-10-25 04:00:00+00:00,angiang_longxuyen,93.09270646981535
2025-10-25 04:00:00+00:00,backan_backancity,69.91277427718377
2025-10-25 05:00:00+00:00,bentre_bentrecity,94.4369970432107
2025-10-25 05:00:00+00:00,backan_backancity,70.0932915880102
2025-10-25 05:00:00+00:00,bacgiang_bacgiangcity,102.86823638436937
2025-10-25 05:00:00+00:00,angiang_longxuyen,91.46738397284214
2025-10-25 05:00:00+00:00,baclieu_baclieucity,41.23865533000606
2025-10-25 05:00:00+00:00,bacninh_bacninhcity,100.21135648894287
2025-10-25 06:00:00+00:00,bentre_bentrecity,94.39272757097959
2025-10-25 06:00:00+00:00,baclieu_baclieucity,40.67674849993714
2025-10-25 06:00:00+00:00,backan_backancity,70.25922375610435
2025-10-25 06:00:00+00:00,bacninh_bacninhcity,99.75890770319613
2025-10-25 06:00:00+00:00,bacgiang_bacgiangcity,102.38135879845844
2025-10-25 06:00:00+00:00,angiang_longxuyen,89.99993966434255
2025-10-25 07:00:00+00:00,bacninh_bacninhcity,99.98538475650089
2025-10-25 07:00:00+00:00,bacgiang_bacgiangcity,102.54078784220634
2025-10-25 07:00:00+00:00,backan_backancity,70.52431096836477
2025-10-25 07:00:00+00:00,angiang_longxuyen,88.84185515575285
2025-10-25 07:00:00+00:00,bentre_bentrecity,96.08166675569547
2025-10-25 07:00:00+00:00,baclieu_baclieucity,39.974907045150765
2025-10-25 08:00:00+00:00,baclieu_baclieucity,39.09290468340172
2025-10-25 08:00:00+00:00,backan_backancity,70.80239570614617
2025-10-25 08:00:00+00:00,bentre_bentrecity,98.56882270730596
2025-10-25 08:00:00+00:00,angiang_longxuyen,87.72072823243413
2025-10-25 08:00:00+00:00,bacninh_bacninhcity,100.96115202128962
2025-10-25 08:00:00+00:00,bacgiang_bacgiangcity,103.5015934659504
2025-10-25 09:00:00+00:00,bentre_bentrecity,100.74544138662621
2025-10-25 09:00:00+00:00,bacninh_bacninhcity,102.3352854989798
2025-10-25 09:00:00+00:00,bacgiang_bacgiangcity,104.87289160136433
2025-10-25 09:00:00+00:00,baclieu_baclieucity,38.04866628593582
2025-10-25 09:00:00+00:00,angiang_longxuyen,86.08067416806432
2025-10-25 09:00:00+00:00,backan_backancity,70.97531638077166
2025-10-25 10:00:00+00:00,baclieu_baclieucity,37.00727911938
2025-10-25 10:00:00+00:00,bacgiang_bacgiangcity,106.04862744746524
2025-10-25 10:00:00+00:00,angiang_longxuyen,83.82099391712335
2025-10-25 10:00:00+00:00,backan_backancity,70.87465098177015
2025-10-25 10:00:00+00:00,bacninh_bacninhcity,103.57446684058287
2025-10-25 10:00:00+00:00,bentre_bentrecity,101.37459296492327
2025-10-25 11:00:00+00:00,bacninh_bacninhcity,104.34314959691595
2025-10-25 11:00:00+00:00,bentre_bentrecity,100.20758636537882
2025-10-25 11:00:00+00:00,baclieu_baclieucity,35.98658331559987
2025-10-25 11:00:00+00:00,bacgiang_bacgiangcity,106.54421698936056
2025-10-25 11:00:00+00:00,angiang_longxuyen,81.26278306059436
2025-10-25 11:00:00+00:00,backan_backancity,70.32260632015503
2025-10-25 12:00:00+00:00,bentre_bentrecity,98.1473185935675
2025-10-25 12:00:00+00:00,backan_backancity,69.31542893985062
2025-10-25 12:00:00+00:00,baclieu_baclieucity,35.10997935083615
2025-10-25 12:00:00+00:00,angiang_longxuyen,78.84418780993975
2025-10-25 12:00:00+00:00,bacgiang_bacgiangcity,106.09532009211969
2025-10-25 12:00:00+00:00,bacninh_bacninhcity,104.36850411793705
2025-10-25 13:00:00+00:00,bacninh_bacninhcity,104.00253654280625
2025-10-25 13:00:00+00:00,angiang_longxuyen,76.63760425769469
2025-10-25 13:00:00+00:00,backan_backancity,67.9752257953823
2025-10-25 13:00:00+00:00,bentre_bentrecity,95.7606334830801
2025-10-25 13:00:00+00:00,baclieu_baclieucity,34.38473487310785
2025-10-25 13:00:00+00:00,bacgiang_bacgiangcity,105.2243226342897
2025-10-25 14:00:00+00:00,angiang_longxuyen,74.71425709907992
2025-10-25 14:00:00+00:00,baclieu_baclieucity,34.00789884938346
2025-10-25 14:00:00+00:00,bentre_bentrecity,93.20888416006186
2025-10-25 14:00:00+00:00,bacgiang_bacgiangcity,104.53656411679123
2025-10-25 14:00:00+00:00,bacninh_bacninhcity,103.7703014174631
2025-10-25 14:00:00+00:00,backan_backancity,66.55259615733198
2025-10-25 15:00:00+00:00,baclieu_baclieucity,33.90907777806854
2025-10-25 15:00:00+00:00,bacgiang_bacgiangcity,104.28210795824313
2025-10-25 15:00:00+00:00,bacninh_bacninhcity,104.01460878906556
2025-10-25 15:00:00+00:00,bentre_bentrecity,90.88139620478975
2025-10-25 15:00:00+00:00,angiang_longxuyen,73.15530921397865
2025-10-25 15:00:00+00:00,backan_backancity,65.31982260827243
2025-10-25 16:00:00+00:00,baclieu_baclieucity,34.03027503042419
2025-10-25 16:00:00+00:00,bacninh_bacninhcity,104.5226257349166
2025-10-25 16:00:00+00:00,angiang_longxuyen,71.94276843810789
2025-10-25 16:00:00+00:00,bacgiang_bacgiangcity,104.35854038684376
2025-10-25 16:00:00+00:00,bentre_bentrecity,88.75712449872998
2025-10-25 16:00:00+00:00,backan_backancity,64.3647449927793
2025-10-25 17:00:00+00:00,angiang_longxuyen,70.94544076458371
2025-10-25 17:00:00+00:00,baclieu_baclieucity,34.30222862481507
2025-10-25 17:00:00+00:00,backan_backancity,63.861791847978544
2025-10-25 17:00:00+00:00,bacninh_bacninhcity,105.0244299134153
2025-10-25 17:00:00+00:00,bentre_bentrecity,87.04804771685714
2025-10-25 17:00:00+00:00,bacgiang_bacgiangcity,104.46222338009731
2025-10-25 18:00:00+00:00,bacgiang_bacgiangcity,104.40214565187422
2025-10-25 18:00:00+00:00,bentre_bentrecity,85.81535766101044
2025-10-25 18:00:00+00:00,backan_backancity,63.74482408762847
2025-10-25 18:00:00+00:00,bacninh_bacninhcity,105.50047643575331
2025-10-25 18:00:00+00:00,baclieu_baclieucity,34.669638638660196
2025-10-25 18:00:00+00:00,angiang_longxuyen,70.13066663934535
2025-10-25 19:00:00+00:00,bacgiang_bacgiangcity,104.17340602596408
2025-10-25 19:00:00+00:00,bacninh_bacninhcity,105.7642813418046
2025-10-25 19:00:00+00:00,bentre_bentrecity,85.00718074575367
2025-10-25 19:00:00+00:00,backan_backancity,63.90934559427586
2025-10-25 19:00:00+00:00,angiang_longxuyen,69.5122436273562
2025-10-25 19:00:00+00:00,baclieu_baclieucity,35.0818209532645
2025-10-25 20:00:00+00:00,bacgiang_bacgiangcity,103.78682061193159
2025-10-25 20:00:00+00:00,bacninh_bacninhcity,105.7448872392463
2025-10-25 20:00:00+00:00,angiang_longxuyen,69.09543055485774
2025-10-25 20:00:00+00:00,bentre_bentrecity,84.21627446388094
2025-10-25 20:00:00+00:00,backan_backancity,64.25259491542676
2025-10-25 20:00:00+00:00,baclieu_baclieucity,35.46416503670153
2025-10-25 21:00:00+00:00,baclieu_baclieucity,35.77796493090016
2025-10-25 21:00:00+00:00,bacgiang_bacgiangcity,103.30178735370724
2025-10-25 21:00:00+00:00,bentre_bentrecity,83.34680729956388
2025-10-25 21:00:00+00:00,angiang_longxuyen,68.84556901535049
2025-10-25 21:00:00+00:00,bacninh_bacninhcity,105.31157054937131
2025-10-25 21:00:00+00:00,backan_backancity,64.67639400212181
2025-10-25 22:00:00+00:00,baclieu_baclieucity,36.030722563342295
2025-10-25 22:00:00+00:00,bacgiang_bacgiangcity,102.63731409633554
2025-10-25 22:00:00+00:00,backan_backancity,64.95802533219782
2025-10-25 22:00:00+00:00,bacninh_bacninhcity,104.59092567535328
2025-10-25 22:00:00+00:00,bentre_bentrecity,82.44393038843783
2025-10-25 22:00:00+00:00,angiang_longxuyen,68.62372630267103
2025-10-25 23:00:00+00:00,bacgiang_bacgiangcity,101.84655423912712
2025-10-25 23:00:00+00:00,angiang_longxuyen,68.41219936336287
2025-10-25 23:00:00+00:00,backan_backancity,65.21078296463996
2025-10-25 23:00:00+00:00,bacninh_bacninhcity,103.69858697847155
2025-10-25 23:00:00+00:00,baclieu_baclieucity,36.221216690019254
2025-10-25 23:00:00+00:00,bentre_bentrecity,81.27622048319195
2025-10-26 00:00:00+00:00,backan_backancity,65.48042118008377
2025-10-26 00:00:00+00:00,bacninh_bacninhcity,102.49356059175625
2025-10-26 00:00:00+00:00,bacgiang_bacgiangcity,100.93965407669288
2025-10-26 00:00:00+00:00,baclieu_baclieucity,36.32193692038441
2025-10-26 00:00:00+00:00,bentre_bentrecity,80.05535780171914
2025-10-26 00:00:00+00:00,angiang_longxuyen,68.19889289707065
2025-10-26 01:00:00+00:00,bacninh_bacninhcity,100.7120699594634
2025-10-26 01:00:00+00:00,bentre_bentrecity,78.83028805925316
2025-10-26 01:00:00+00:00,angiang_longxuyen,67.32709913830031
2025-10-26 01:00:00+00:00,baclieu_baclieucity,36.46349156266441
2025-10-26 01:00:00+00:00,bacgiang_bacgiangcity,99.6888547168317
2025-10-26 01:00:00+00:00,backan_backancity,65.3501543217126
2025-10-26 02:00:00+00:00,baclieu_baclieucity,36.3446670129542
2025-10-26 02:00:00+00:00,backan_backancity,64.94444460035432
2025-10-26 02:00:00+00:00,bacninh_bacninhcity,98.55129536344663
2025-10-26 02:00:00+00:00,bacgiang_bacgiangcity,97.99388906678318
2025-10-26 02:00:00+00:00,bentre_bentrecity,77.37289284431073
2025-10-26 02:00:00+00:00,angiang_longxuyen,66.36952669576087
2025-10-26 03:00:00+00:00,bacninh_bacninhcity,96.40223988101471
2025-10-26 03:00:00+00:00,bentre_bentrecity,75.87839922718615
2025-10-26 03:00:00+00:00,bacgiang_bacgiangcity,95.95387572031844
2025-10-26 03:00:00+00:00,backan_backancity,64.45786858694349
2025-10-26 03:00:00+00:00,angiang_longxuyen,65.35585678353274
2025-10-26 03:00:00+00:00,baclieu_baclieucity,36.025334135695815
2025-10-26 04:00:00+00:00,angiang_longxuyen,64.41457922533772
2025-10-26 04:00:00+00:00,bacgiang_bacgiangcity,93.88070295091231
2025-10-26 04:00:00+00:00,bacninh_bacninhcity,94.42943903819777
2025-10-26 04:00:00+00:00,bentre_bentrecity,74.46648413606098
2025-10-26 04:00:00+00:00,backan_backancity,64.13319214406344
2025-10-26 04:00:00+00:00,baclieu_baclieucity,35.566914027521925
2025-10-26 05:00:00+00:00,bentre_bentrecity,73.47591816660938
2025-10-26 05:00:00+00:00,angiang_longxuyen,63.663711054439474
2025-10-26 05:00:00+00:00,bacninh_bacninhcity,92.9754763912369
2025-10-26 05:00:00+00:00,bacgiang_bacgiangcity,92.34432564895928
2025-10-26 05:00:00+00:00,backan_backancity,64.12517928796565
2025-10-26 05:00:00+00:00,baclieu_baclieucity,35.158186088827904
2025-10-26 06:00:00+00:00,angiang_longxuyen,63.39765432397624
2025-10-26 06:00:00+00:00,bacninh_bacninhcity,92.24425591795386
2025-10-26 06:00:00+00:00,backan_backancity,64.43176387317419
2025-10-26 06:00:00+00:00,bacgiang_bacgiangcity,91.68676052032447
2025-10-26 06:00:00+00:00,baclieu_baclieucity,34.96186986826464
2025-10-26 06:00:00+00:00,bentre_bentrecity,72.92602688218508
2025-10-26 07:00:00+00:00,backan_backancity,64.89495181765139
2025-10-26 07:00:00+00:00,bacgiang_bacgiangcity,91.99014681701436
2025-10-26 07:00:00+00:00,angiang_longxuyen,63.891149058546475
2025-10-26 07:00:00+00:00,bacninh_bacninhcity,92.32582130989302
2025-10-26 07:00:00+00:00,bentre_bentrecity,73.03168941228333
2025-10-26 07:00:00+00:00,baclieu_baclieucity,34.968479539919805
2025-10-26 08:00:00+00:00,baclieu_baclieucity,35.08619749301807
2025-10-26 08:00:00+00:00,bentre_bentrecity,73.61093790727556
2025-10-26 08:00:00+00:00,bacninh_bacninhcity,93.05157297773512
2025-10-26 08:00:00+00:00,angiang_longxuyen,65.25212581283597
2025-10-26 08:00:00+00:00,bacgiang_bacgiangcity,93.02336784888763
2025-10-26 08:00:00+00:00,backan_backancity,65.33276031776035
2025-10-26 09:00:00+00:00,angiang_longxuyen,67.17082975188303
2025-10-26 09:00:00+00:00,backan_backancity,65.45701566480713
2025-10-26 09:00:00+00:00,bentre_bentrecity,74.24965350848655
2025-10-26 09:00:00+00:00,bacgiang_bacgiangcity,94.41316035402896
2025-10-26 09:00:00+00:00,bacninh_bacninhcity,93.97081455857753
2025-10-26 09:00:00+00:00,baclieu_baclieucity,35.137724020845674
2025-10-26 10:00:00+00:00,baclieu_baclieucity,35.032976177586576
2025-10-26 10:00:00+00:00,bacgiang_bacgiangcity,95.41534979372086
2025-10-26 10:00:00+00:00,bacninh_bacninhcity,94.58632901595824
2025-10-26 10:00:00+00:00,bentre_bentrecity,74.60506293069533
2025-10-26 10:00:00+00:00,angiang_longxuyen,69.36931321631539
2025-10-26 10:00:00+00:00,backan_backancity,65.05852125243894
2025-10-26 11:00:00+00:00,bacgiang_bacgiangcity,95.07870843074502
2025-10-26 11:00:00+00:00,angiang_longxuyen,71.2740600809775
2025-10-26 11:00:00+00:00,baclieu_baclieucity,34.68634725056676
2025-10-26 11:00:00+00:00,bacninh_bacninhcity,94.23216202260319
2025-10-26 11:00:00+00:00,backan_backancity,64.03188870737577
2025-10-26 11:00:00+00:00,bentre_bentrecity,74.56347334136287
2025-10-26 12:00:00+00:00,bentre_bentrecity,74.26434332927671
2025-10-26 12:00:00+00:00,bacninh_bacninhcity,93.71657024847993
2025-10-26 12:00:00+00:00,angiang_longxuyen,72.38928266336447
2025-10-26 12:00:00+00:00,baclieu_baclieucity,34.12412638632418
2025-10-26 12:00:00+00:00,backan_backancity,62.315253297406336
2025-10-26 12:00:00+00:00,bacgiang_bacgiangcity,94.1255561438166
2025-10-26 13:00:00+00:00,bacgiang_bacgiangcity,93.43114060030344
2025-10-26 13:00:00+00:00,backan_backancity,60.478188274172425
2025-10-26 13:00:00+00:00,baclieu_baclieucity,33.84519923941025
2025-10-26 13:00:00+00:00,bacninh_bacninhcity,93.70059313681122
2025-10-26 13:00:00+00:00,angiang_longxuyen,73.06629547975389
2025-10-26 13:00:00+00:00,bentre_bentrecity,75.65684562533323
2025-10-26 14:00:00+00:00,bacgiang_bacgiangcity,92.61393021788449
2025-10-26 14:00:00+00:00,bacninh_bacninhcity,93.55416971867211
2025-10-26 14:00:00+00:00,backan_backancity,58.77750131402251
2025-10-26 14:00:00+00:00,angiang_longxuyen,73.5378053298331
2025-10-26 14:00:00+00:00,bentre_bentrecity,77.5731020916935
2025-10-26 14:00:00+00:00,baclieu_baclieucity,33.72189845655801
2025-10-26 15:00:00+00:00,bacninh_bacninhcity,92.84249600344847
2025-10-26 15:00:00+00:00,bentre_bentrecity,80.01504553392638
2025-10-26 15:00:00+00:00,angiang_longxuyen,74.10940235726072
2025-10-26 15:00:00+00:00,baclieu_baclieucity,33.71031408481849
2025-10-26 15:00:00+00:00,backan_backancity,57.359893730416054
2025-10-26 15:00:00+00:00,bacgiang_bacgiangcity,91.30129603382852
2025-10-26 16:00:00+00:00,angiang_longxuyen,74.75257176060133
2025-10-26 16:00:00+00:00,backan_backancity,56.26361538417196
2025-10-26 16:00:00+00:00,bacninh_bacninhcity,91.62919257315595
2025-10-26 16:00:00+00:00,bentre_bentrecity,82.84061162730335
2025-10-26 16:00:00+00:00,baclieu_baclieucity,33.779745545214226
2025-10-26 16:00:00+00:00,bacgiang_bacgiangcity,89.58552047933459
2025-10-26 17:00:00+00:00,bacgiang_bacgiangcity,87.72009144091531
2025-10-26 17:00:00+00:00,angiang_longxuyen,75.58700791437951
2025-10-26 17:00:00+00:00,backan_backancity,55.43950995777337
2025-10-26 17:00:00+00:00,bentre_bentrecity,85.1456897550161
2025-10-26 17:00:00+00:00,baclieu_baclieucity,33.82153701365833
2025-10-26 17:00:00+00:00,bacninh_bacninhcity,90.27772282962385
2025-10-26 18:00:00+00:00,bentre_bentrecity,86.64046002129368
2025-10-26 18:00:00+00:00,angiang_longxuyen,76.53074789926958
2025-10-26 18:00:00+00:00,baclieu_baclieucity,33.87463371235424
2025-10-26 18:00:00+00:00,backan_backancity,54.97649398439129
2025-10-26 18:00:00+00:00,bacgiang_bacgiangcity,85.93169361451112
2025-10-26 18:00:00+00:00,bacninh_bacninhcity,88.88715458530353
2025-10-26 19:00:00+00:00,bacninh_bacninhcity,87.2288404306692
2025-10-26 19:00:00+00:00,angiang_longxuyen,77.30820678920588
2025-10-26 19:00:00+00:00,bentre_bentrecity,87.66524263091715
2025-10-26 19:00:00+00:00,baclieu_baclieucity,33.94120895717048
2025-10-26 19:00:00+00:00,backan_backancity,54.681182229083305
2025-10-26 19:00:00+00:00,bacgiang_bacgiangcity,84.22175884641382
2025-10-26 20:00:00+00:00,baclieu_baclieucity,34.05289546026667
2025-10-26 20:00:00+00:00,backan_backancity,54.43162475441086
2025-10-26 20:00:00+00:00,angiang_longxuyen,77.76494955611886
2025-10-26 20:00:00+00:00,bacninh_bacninhcity,85.44297294708096
2025-10-26 20:00:00+00:00,bacgiang_bacgiangcity,82.6228962209063
2025-10-26 20:00:00+00:00,bentre_bentrecity,88.47816121296273
2025-10-26 21:00:00+00:00,baclieu_baclieucity,34.216113475859885
2025-10-26 21:00:00+00:00,bentre_bentrecity,88.99640981588855
2025-10-26 21:00:00+00:00,bacgiang_bacgiangcity,81.03022829332446
2025-10-26 21:00:00+00:00,angiang_longxuyen,77.9497237746327
2025-10-26 21:00:00+00:00,backan_backancity,54.253806642077095
2025-10-26 21:00:00+00:00,bacninh_bacninhcity,83.52680994327237
2025-10-26 22:00:00+00:00,bacgiang_bacgiangcity,79.44300860942217
2025-10-26 22:00:00+00:00,angiang_longxuyen,77.83375294816727
2025-10-26 22:00:00+00:00,bentre_bentrecity,89.15057691797661
2025-10-26 22:00:00+00:00,baclieu_baclieucity,34.40905009055422
2025-10-26 22:00:00+00:00,backan_backancity,53.859005869751485
2025-10-26 22:00:00+00:00,bacninh_bacninhcity,81.59541503587384
2025-10-26 23:00:00+00:00,baclieu_baclieucity,34.69582809180969
2025-10-26 23:00:00+00:00,bacninh_bacninhcity,79.69592824362056
2025-10-26 23:00:00+00:00,backan_backancity,53.38336871338987
2025-10-26 23:00:00+00:00,bacgiang_bacgiangcity,77.85701889270005
2025-10-26 23:00:00+00:00,bentre_bentrecity,88.75064692081452
2025-10-26 23:00:00+00:00,angiang_longxuyen,77.44033043693719
2025-10-27 00:00:00+00:00,backan_backancity,52.83868890084752
2025-10-27 00:00:00+00:00,baclieu_baclieucity,35.141213289441914
2025-10-27 00:00:00+00:00,bacgiang_bacgiangcity,76.38074174998255
2025-10-27 00:00:00+00:00,bacninh_bacninhcity,77.97064443220188
2025-10-27 00:00:00+00:00,angiang_longxuyen,76.91488646369896
2025-10-27 00:00:00+00:00,bentre_bentrecity,87.83614700676094
2025-10-27 01:00:00+00:00,angiang_longxuyen,76.03651792595943
2025-10-27 01:00:00+00:00,bacninh_bacninhcity,76.21199075132958
2025-10-27 01:00:00+00:00,backan_backancity,52.00839749969474
2025-10-27 01:00:00+00:00,bacgiang_bacgiangcity,74.8471508782371
2025-10-27 01:00:00+00:00,baclieu_baclieucity,35.56047383462715
2025-10-27 01:00:00+00:00,bentre_bentrecity,86.66251967582603
2025-10-27 02:00:00+00:00,backan_backancity,51.059132008749046
2025-10-27 02:00:00+00:00,bentre_bentrecity,84.92621476031266
2025-10-27 02:00:00+00:00,angiang_longxuyen,74.95585654901822
2025-10-27 02:00:00+00:00,bacgiang_bacgiangcity,73.22297610139859
2025-10-27 02:00:00+00:00,baclieu_baclieucity,35.8080972575634
2025-10-27 02:00:00+00:00,bacninh_bacninhcity,74.4673689148836
2025-10-27 03:00:00+00:00,angiang_longxuyen,73.69084714279886
2025-10-27 03:00:00+00:00,baclieu_baclieucity,36.04479926979341
2025-10-27 03:00:00+00:00,bentre_bentrecity,82.61848728080147
2025-10-27 03:00:00+00:00,bacgiang_bacgiangcity,71.52765513788273
2025-10-27 03:00:00+00:00,backan_backancity,50.01712674318475
2025-10-27 03:00:00+00:00,bacninh_bacninhcity,72.7474112227436
2025-10-27 04:00:00+00:00,bacgiang_bacgiangcity,69.93500091814181
2025-10-27 04:00:00+00:00,bacninh_bacninhcity,71.16183024891419
2025-10-27 04:00:00+00:00,backan_backancity,49.07852346013528
2025-10-27 04:00:00+00:00,baclieu_baclieucity,36.58758989262436
2025-10-27 04:00:00+00:00,angiang_longxuyen,72.48836044515467
2025-10-27 04:00:00+00:00,bentre_bentrecity,80.00525688934658
2025-10-27 05:00:00+00:00,angiang_longxuyen,71.54539059169048
2025-10-27 05:00:00+00:00,backan_backancity,48.4044864913915
2025-10-27 05:00:00+00:00,bentre_bentrecity,77.8745400057226
2025-10-27 05:00:00+00:00,baclieu_baclieucity,37.83709199226816
2025-10-27 05:00:00+00:00,bacninh_bacninhcity,69.74260015541049
2025-10-27 05:00:00+00:00,bacgiang_bacgiangcity,68.54996316454654
2025-10-27 06:00:00+00:00,baclieu_baclieucity,39.68235679670323
2025-10-27 06:00:00+00:00,angiang_longxuyen,71.04388798569188
2025-10-27 06:00:00+00:00,bacninh_bacninhcity,68.64239887433033
2025-10-27 06:00:00+00:00,bacgiang_bacgiangcity,67.56712094036618
2025-10-27 06:00:00+00:00,bentre_bentrecity,76.93147045886994
2025-10-27 06:00:00+00:00,backan_backancity,48.11253440327476
2025-10-27 07:00:00+00:00,backan_backancity,48.31122332648346
2025-10-27 07:00:00+00:00,baclieu_baclieucity,41.95946843661713
2025-10-27 07:00:00+00:00,angiang_longxuyen,70.87884558108978
2025-10-27 07:00:00+00:00,bacninh_bacninhcity,67.91933518947468
2025-10-27 07:00:00+00:00,bacgiang_bacgiangcity,67.06370671364378
2025-10-27 07:00:00+00:00,bentre_bentrecity,76.73677425586922
2025-10-27 08:00:00+00:00,bacninh_bacninhcity,67.68026545926865
2025-10-27 08:00:00+00:00,backan_backancity,49.07293564571187
2025-10-27 08:00:00+00:00,baclieu_baclieucity,44.55414339614417
2025-10-27 08:00:00+00:00,bentre_bentrecity,76.67500672471166
2025-10-27 08:00:00+00:00,angiang_longxuyen,70.8814500708634
2025-10-27 08:00:00+00:00,bacgiang_bacgiangcity,67.08564424377528
2025-10-27 09:00:00+00:00,angiang_longxuyen,71.17728770879553
2025-10-27 09:00:00+00:00,baclieu_baclieucity,47.28835919150424
2025-10-27 09:00:00+00:00,backan_backancity,50.15097508653648
2025-10-27 09:00:00+00:00,bentre_bentrecity,76.69132154773379
2025-10-27 09:00:00+00:00,bacgiang_bacgiangcity,67.64379761776854
2025-10-27 09:00:00+00:00,bacninh_bacninhcity,67.97162187938933
2025-10-27 10:00:00+00:00,angiang_longxuyen,71.71146482286319
2025-10-27 10:00:00+00:00,bacninh_bacninhcity,68.50081681636851
2025-10-27 10:00:00+00:00,backan_backancity,51.0711550313978
2025-10-27 10:00:00+00:00,bacgiang_bacgiangcity,68.46829434071685
2025-10-27 10:00:00+00:00,bentre_bentrecity,76.62416060426033
2025-10-27 10:00:00+00:00,baclieu_baclieucity,49.8723370504491
2025-10-27 11:00:00+00:00,angiang_longxuyen,72.00129842647507
2025-10-27 11:00:00+00:00,bacgiang_bacgiangcity,69.2330448159587
2025-10-27 11:00:00+00:00,baclieu_baclieucity,51.8656515214226
2025-10-27 11:00:00+00:00,bacninh_bacninhcity,69.03193085107561
2025-10-27 11:00:00+00:00,bentre_bentrecity,76.18060976497583
2025-10-27 11:00:00+00:00,backan_backancity,51.34688202054204
2025-10-27 12:00:00+00:00,backan_backancity,50.83945762726868
2025-10-27 12:00:00+00:00,bacgiang_bacgiangcity,70.55870518738485
2025-10-27 12:00:00+00:00,angiang_longxuyen,71.5193108012683
2025-10-27 12:00:00+00:00,baclieu_baclieucity,52.84081237002181
2025-10-27 12:00:00+00:00,bacninh_bacninhcity,70.51910697348694
2025-10-27 12:00:00+00:00,bentre_bentrecity,75.415841843391
2025-10-27 13:00:00+00:00,bentre_bentrecity,73.94332563375329
2025-10-27 13:00:00+00:00,backan_backancity,49.67390234538098
2025-10-27 13:00:00+00:00,baclieu_baclieucity,52.474055347871115
2025-10-27 13:00:00+00:00,bacninh_bacninhcity,74.79670103900492
2025-10-27 13:00:00+00:00,angiang_longxuyen,70.06782241959237
2025-10-27 13:00:00+00:00,bacgiang_bacgiangcity,74.34063867946819
2025-10-27 14:00:00+00:00,bentre_bentrecity,72.82230837316186
2025-10-27 14:00:00+00:00,bacgiang_bacgiangcity,80.04463203928778
2025-10-27 14:00:00+00:00,angiang_longxuyen,68.26208853601796
2025-10-27 14:00:00+00:00,baclieu_baclieucity,51.08031685379764
2025-10-27 14:00:00+00:00,backan_backancity,48.28497405730089
2025-10-27 14:00:00+00:00,bacninh_bacninhcity,81.01897415593422
2025-10-27 15:00:00+00:00,angiang_longxuyen,66.92026786632182
2025-10-27 15:00:00+00:00,bacgiang_bacgiangcity,86.65348371632913
2025-10-27 15:00:00+00:00,bacninh_bacninhcity,88.05531793662956
2025-10-27 15:00:00+00:00,bentre_bentrecity,72.31777508815397
2025-10-27 15:00:00+00:00,baclieu_baclieucity,49.48076634390972
2025-10-27 15:00:00+00:00,backan_backancity,47.03022310075447
2025-10-27 16:00:00+00:00,bentre_bentrecity,72.19708128741006
2025-10-27 16:00:00+00:00,baclieu_baclieucity,48.00931685352858
2025-10-27 16:00:00+00:00,angiang_longxuyen,66.10806832284054
2025-10-27 16:00:00+00:00,backan_backancity,46.084636295843104
2025-10-27 16:00:00+00:00,bacgiang_bacgiangcity,93.07039135097506
2025-10-27 16:00:00+00:00,bacninh_bacninhcity,94.85244556245455
2025-10-27 17:00:00+00:00,bacgiang_bacgiangcity,98.69157237264508
2025-10-27 17:00:00+00:00,baclieu_baclieucity,46.7462165756983
2025-10-27 17:00:00+00:00,angiang_longxuyen,65.8947593642136
2025-10-27 17:00:00+00:00,bacninh_bacninhcity,100.80757279865166
2025-10-27 17:00:00+00:00,backan_backancity,45.68998506360019
2025-10-27 17:00:00+00:00,bentre_bentrecity,72.28826584516864
2025-10-27 18:00:00+00:00,angiang_longxuyen,66.09741109961374
2025-10-27 18:00:00+00:00,bacninh_bacninhcity,105.32303092745893
2025-10-27 18:00:00+00:00,backan_backancity,45.74078881436143
2025-10-27 18:00:00+00:00,baclieu_baclieucity,45.65437458524086
2025-10-27 18:00:00+00:00,bentre_bentrecity,72.38568622437563
2025-10-27 18:00:00+00:00,bacgiang_bacgiangcity,102.99293972858057
2025-10-27 19:00:00+00:00,bentre_bentrecity,72.3954362377674
2025-10-27 19:00:00+00:00,bacgiang_bacgiangcity,105.9416053487818
2025-10-27 19:00:00+00:00,backan_backancity,46.09152012431654
2025-10-27 19:00:00+00:00,baclieu_baclieucity,44.77742169361751
2025-10-27 19:00:00+00:00,angiang_longxuyen,66.51671401448908
2025-10-27 19:00:00+00:00,bacninh_bacninhcity,108.35937127506114
2025-10-27 20:00:00+00:00,baclieu_baclieucity,44.11741158463062
2025-10-27 20:00:00+00:00,bentre_bentrecity,72.18075151037965
2025-10-27 20:00:00+00:00,backan_backancity,46.649957624466914
2025-10-27 20:00:00+00:00,angiang_longxuyen,66.95518298329661
2025-10-27 20:00:00+00:00,bacninh_bacninhcity,110.12710328512043
2025-10-27 20:00:00+00:00,bacgiang_bacgiangcity,107.78746769046398
2025-10-27 21:00:00+00:00,backan_backancity,47.290178595843706
2025-10-27 21:00:00+00:00,bacgiang_bacgiangcity,108.70162116999266
2025-10-27 21:00:00+00:00,bacninh_bacninhcity,110.75565140687544
2025-10-27 21:00:00+00:00,angiang_longxuyen,67.35194023837083
2025-10-27 21:00:00+00:00,baclieu_baclieucity,43.677888358240075
2025-10-27 21:00:00+00:00,bentre_bentrecity,71.77663439090209
2025-10-27 22:00:00+00:00,bacgiang_bacgiangcity,108.90213448221026
2025-10-27 22:00:00+00:00,bacninh_bacninhcity,110.45587338776427
2025-10-27 22:00:00+00:00,backan_backancity,47.89001377555375
2025-10-27 22:00:00+00:00,baclieu_baclieucity,43.42521048050871
2025-10-27 22:00:00+00:00,angiang_longxuyen,67.82762724142668
2025-10-27 22:00:00+00:00,bentre_bentrecity,71.27191667312553
2025-10-27 23:00:00+00:00,baclieu_baclieucity,43.175054845505485
2025-10-27 23:00:00+00:00,bacgiang_bacgiangcity,108.6084826218202
2025-10-27 23:00:00+00:00,backan_backancity,48.27953079829076
2025-10-27 23:00:00+00:00,bacninh_bacninhcity,109.47745755003172
2025-10-27 23:00:00+00:00,angiang_longxuyen,68.44148429622417
2025-10-27 23:00:00+00:00,bentre_bentrecity,70.95332152694179
2025-10-28 00:00:00+00:00,angiang_longxuyen,69.05623360684842
2025-10-28 00:00:00+00:00,bentre_bentrecity,70.94963785623804
2025-10-28 00:00:00+00:00,backan_backancity,48.49169826761979
2025-10-28 00:00:00+00:00,bacninh_bacninhcity,108.25121703333495
2025-10-28 00:00:00+00:00,bacgiang_bacgiangcity,108.04667735439078
2025-10-28 00:00:00+00:00,baclieu_baclieucity,42.958884686629624
2025-10-28 01:00:00+00:00,angiang_longxuyen,69.1379223693558
2025-10-28 01:00:00+00:00,bacgiang_bacgiangcity,107.08318873232966
2025-10-28 01:00:00+00:00,bacninh_bacninhcity,106.54789567539488
2025-10-28 01:00:00+00:00,baclieu_baclieucity,42.88725498701826
2025-10-28 01:00:00+00:00,backan_backancity,48.19522009966678
2025-10-28 01:00:00+00:00,bentre_bentrecity,70.77251759762352
2025-10-28 02:00:00+00:00,baclieu_baclieucity,42.77547875987245
2025-10-28 02:00:00+00:00,backan_backancity,47.53490094117564
2025-10-28 02:00:00+00:00,angiang_longxuyen,68.79963030194628
2025-10-28 02:00:00+00:00,bentre_bentrecity,70.22593862603094
2025-10-28 02:00:00+00:00,bacgiang_bacgiangcity,105.77675111545042
2025-10-28 02:00:00+00:00,bacninh_bacninhcity,104.56235666563789
2025-10-28 03:00:00+00:00,backan_backancity,46.82334935035288
2025-10-28 03:00:00+00:00,bacgiang_bacgiangcity,103.98487710520722
2025-10-28 03:00:00+00:00,bentre_bentrecity,69.37866944082273
2025-10-28 03:00:00+00:00,angiang_longxuyen,68.18538195059907
2025-10-28 03:00:00+00:00,baclieu_baclieucity,42.604225457169036
2025-10-28 03:00:00+00:00,bacninh_bacninhcity,102.24826251710593
2025-10-28 04:00:00+00:00,bacninh_bacninhcity,99.86001144156504
2025-10-28 04:00:00+00:00,bentre_bentrecity,68.66552275578455
2025-10-28 04:00:00+00:00,backan_backancity,46.20986614576212
2025-10-28 04:00:00+00:00,baclieu_baclieucity,42.42571447578545
2025-10-28 04:00:00+00:00,angiang_longxuyen,67.30567004444998
2025-10-28 04:00:00+00:00,bacgiang_bacgiangcity,101.88407010737347
2025-10-28 05:00:00+00:00,backan_backancity,45.87402902804353
2025-10-28 05:00:00+00:00,angiang_longxuyen,66.15224246326892
2025-10-28 05:00:00+00:00,bacninh_bacninhcity,97.63427351820674
2025-10-28 05:00:00+00:00,bacgiang_bacgiangcity,99.76559323528907
2025-10-28 05:00:00+00:00,baclieu_baclieucity,42.3772734583308
2025-10-28 05:00:00+00:00,bentre_bentrecity,68.14700747304457
2025-10-28 06:00:00+00:00,bentre_bentrecity,67.8880962661995
2025-10-28 06:00:00+00:00,bacgiang_bacgiangcity,98.15308102719165
2025-10-28 06:00:00+00:00,angiang_longxuyen,64.7818272374266
2025-10-28 06:00:00+00:00,baclieu_baclieucity,42.871373830235946
2025-10-28 06:00:00+00:00,backan_backancity,46.01537929887718
2025-10-28 06:00:00+00:00,bacninh_bacninhcity,95.97842459414402
2025-10-28 07:00:00+00:00,backan_backancity,46.79947278381576
2025-10-28 07:00:00+00:00,bacninh_bacninhcity,95.19097377857798
2025-10-28 07:00:00+00:00,baclieu_baclieucity,43.72405138176832
2025-10-28 07:00:00+00:00,bentre_bentrecity,67.88006097908931
2025-10-28 07:00:00+00:00,bacgiang_bacgiangcity,97.24611699868042
2025-10-28 07:00:00+00:00,angiang_longxuyen,63.37620279911351
2025-10-28 08:00:00+00:00,baclieu_baclieucity,44.59952382657298
2025-10-28 08:00:00+00:00,angiang_longxuyen,62.19365727149683
2025-10-28 08:00:00+00:00,bacninh_bacninhcity,95.31400834892885
2025-10-28 08:00:00+00:00,backan_backancity,48.004925359766744
2025-10-28 08:00:00+00:00,bacgiang_bacgiangcity,97.23108572803476
2025-10-28 08:00:00+00:00,bentre_bentrecity,68.09650031011401
2025-10-28 09:00:00+00:00,bentre_bentrecity,68.58685470294763
2025-10-28 09:00:00+00:00,baclieu_baclieucity,45.31294965309886
2025-10-28 09:00:00+00:00,backan_backancity,49.543219267112974
2025-10-28 09:00:00+00:00,bacgiang_bacgiangcity,97.99715371371353
2025-10-28 09:00:00+00:00,angiang_longxuyen,61.23911301563197
2025-10-28 09:00:00+00:00,bacninh_bacninhcity,96.12887313284236
2025-10-28 10:00:00+00:00,baclieu_baclieucity,45.69137080169984
2025-10-28 10:00:00+00:00,backan_backancity,51.008746970219356
2025-10-28 10:00:00+00:00,bacninh_bacninhcity,97.09429206813759
2025-10-28 10:00:00+00:00,bacgiang_bacgiangcity,98.97126871635939
2025-10-28 10:00:00+00:00,bentre_bentrecity,69.34586034667925
2025-10-28 10:00:00+00:00,angiang_longxuyen,60.371852813702034
2025-10-28 11:00:00+00:00,angiang_longxuyen,59.63617043820156
2025-10-28 11:00:00+00:00,baclieu_baclieucity,45.64834811990821
2025-10-28 11:00:00+00:00,bacninh_bacninhcity,97.16838107902564
2025-10-28 11:00:00+00:00,bacgiang_bacgiangcity,99.05199068665505
2025-10-28 11:00:00+00:00,bentre_bentrecity,69.88802539349759
2025-10-28 11:00:00+00:00,backan_backancity,51.83149656653484
2025-10-28 12:00:00+00:00,bacninh_bacninhcity,96.63387497677603
2025-10-28 12:00:00+00:00,bacgiang_bacgiangcity,98.0869872702875
2025-10-28 12:00:00+00:00,bentre_bentrecity,69.67183778827875
2025-10-28 12:00:00+00:00,backan_backancity,51.636880118244896
2025-10-28 12:00:00+00:00,angiang_longxuyen,59.211962608613796
2025-10-28 12:00:00+00:00,baclieu_baclieucity,45.24755577493592
2025-10-28 13:00:00+00:00,angiang_longxuyen,58.429065444336786
2025-10-28 13:00:00+00:00,bentre_bentrecity,69.86364288301401
2025-10-28 13:00:00+00:00,backan_backancity,50.85353433371979
2025-10-28 13:00:00+00:00,bacninh_bacninhcity,97.47172064443967
2025-10-28 13:00:00+00:00,bacgiang_bacgiangcity,97.80866996652331
2025-10-28 13:00:00+00:00,baclieu_baclieucity,44.48853019252661
2025-10-28 14:00:00+00:00,baclieu_baclieucity,43.573604089237335
2025-10-28 14:00:00+00:00,bacninh_bacninhcity,99.6112234752348
2025-10-28 14:00:00+00:00,bacgiang_bacgiangcity,98.53553477335599
2025-10-28 14:00:00+00:00,bentre_bentrecity,70.05898210837032
2025-10-28 14:00:00+00:00,angiang_longxuyen,57.70983247793287
2025-10-28 14:00:00+00:00,backan_backancity,49.98240852065217
2025-10-28 15:00:00+00:00,bacgiang_bacgiangcity,99.91969662707106
2025-10-28 15:00:00+00:00,bacninh_bacninhcity,102.41510625662085
2025-10-28 15:00:00+00:00,bentre_bentrecity,70.39501861286584
2025-10-28 15:00:00+00:00,angiang_longxuyen,57.0442844012168
2025-10-28 15:00:00+00:00,backan_backancity,49.695097159768416
2025-10-28 15:00:00+00:00,baclieu_baclieucity,42.67486819223461
2025-10-28 16:00:00+00:00,bentre_bentrecity,71.06382915571939
2025-10-28 16:00:00+00:00,bacgiang_bacgiangcity,101.77734148110233
2025-10-28 16:00:00+00:00,backan_backancity,50.091891799863305
2025-10-28 16:00:00+00:00,angiang_longxuyen,56.44815781555762
2025-10-28 16:00:00+00:00,baclieu_baclieucity,41.77325115630528
2025-10-28 16:00:00+00:00,bacninh_bacninhcity,105.4470582258796
2025-10-28 17:00:00+00:00,bacninh_bacninhcity,108.20511756434186
2025-10-28 17:00:00+00:00,angiang_longxuyen,55.89567699536797
2025-10-28 17:00:00+00:00,backan_backancity,51.03211510047531
2025-10-28 17:00:00+00:00,bacgiang_bacgiangcity,103.71756797655141
2025-10-28 17:00:00+00:00,baclieu_baclieucity,40.91244859361309
2025-10-28 17:00:00+00:00,bentre_bentrecity,71.99108982349637
2025-10-28 18:00:00+00:00,angiang_longxuyen,55.39917401280084
2025-10-28 18:00:00+00:00,bentre_bentrecity,73.05466375365485
2025-10-28 18:00:00+00:00,bacninh_bacninhcity,110.21929349993513
2025-10-28 18:00:00+00:00,backan_backancity,52.14078533490547
2025-10-28 18:00:00+00:00,bacgiang_bacgiangcity,105.30376393397091
2025-10-28 18:00:00+00:00,baclieu_baclieucity,40.071594677952554
2025-10-28 19:00:00+00:00,angiang_longxuyen,54.70429115652925
2025-10-28 19:00:00+00:00,bacninh_bacninhcity,111.36041517847767
2025-10-28 19:00:00+00:00,bacgiang_bacgiangcity,106.32429524366007
2025-10-28 19:00:00+00:00,bentre_bentrecity,74.01555847836487
2025-10-28 19:00:00+00:00,baclieu_baclieucity,39.403290079045455
2025-10-28 19:00:00+00:00,backan_backancity,53.38013864760364
2025-10-28 20:00:00+00:00,bacninh_bacninhcity,111.68765623377595
2025-10-28 20:00:00+00:00,bacgiang_bacgiangcity,106.78844149083386
2025-10-28 20:00:00+00:00,baclieu_baclieucity,38.92091364962367
2025-10-28 20:00:00+00:00,backan_backancity,54.62775654220546
2025-10-28 20:00:00+00:00,angiang_longxuyen,53.83915691610831
2025-10-28 20:00:00+00:00,bentre_bentrecity,74.75634017068526
2025-10-28 21:00:00+00:00,bentre_bentrecity,75.23525723952736
2025-10-28 21:00:00+00:00,baclieu_baclieucity,38.564559632559195
2025-10-28 21:00:00+00:00,angiang_longxuyen,52.92163878471897
2025-10-28 21:00:00+00:00,bacgiang_bacgiangcity,106.77788396099552
2025-10-28 21:00:00+00:00,backan_backancity,55.747173723912034
2025-10-28 21:00:00+00:00,bacninh_bacninhcity,111.31564163155114
2025-10-28 22:00:00+00:00,bacgiang_bacgiangcity,106.39004677185413
2025-10-28 22:00:00+00:00,baclieu_baclieucity,38.28764130742282
2025-10-28 22:00:00+00:00,backan_backancity,56.686415044647674
2025-10-28 22:00:00+00:00,bentre_bentrecity,75.5723081242505
2025-10-28 22:00:00+00:00,angiang_longxuyen,51.931110200288046
2025-10-28 22:00:00+00:00,bacninh_bacninhcity,110.36436108799113
2025-10-28 23:00:00+00:00,bacgiang_bacgiangcity,105.93039545033271
2025-10-28 23:00:00+00:00,backan_backancity,57.43112465647356
2025-10-28 23:00:00+00:00,angiang_longxuyen,50.91013027035079
2025-10-28 23:00:00+00:00,bentre_bentrecity,75.71107882865763
2025-10-28 23:00:00+00:00,baclieu_baclieucity,38.01609147125522
2025-10-28 23:00:00+00:00,bacninh_bacninhcity,109.17523579673582
2025-10-29 00:00:00+00:00,angiang_longxuyen,49.812092335800315
2025-10-29 00:00:00+00:00,backan_backancity,57.96394594045812
2025-10-29 00:00:00+00:00,bentre_bentrecity,75.836383448618
2025-10-29 00:00:00+00:00,bacgiang_bacgiangcity,105.83486488392077
2025-10-29 00:00:00+00:00,baclieu_baclieucity,37.725699584667936
2025-10-29 00:00:00+00:00,bacninh_bacninhcity,108.2609172000325
2025-10-29 01:00:00+00:00,bacninh_bacninhcity,108.09558194610177
2025-10-29 01:00:00+00:00,angiang_longxuyen,48.91511602710398
2025-10-29 01:00:00+00:00,bacgiang_bacgiangcity,106.5157744656318
2025-10-29 01:00:00+00:00,bentre_bentrecity,75.60664003490277
2025-10-29 01:00:00+00:00,baclieu_baclieucity,37.26084426826869
2025-10-29 01:00:00+00:00,backan_backancity,58.67986160936089
2025-10-29 02:00:00+00:00,backan_backancity,59.471275081347436
2025-10-29 02:00:00+00:00,bentre_bentrecity,74.89766302583709
2025-10-29 02:00:00+00:00,baclieu_baclieucity,36.499765002057025
2025-10-29 02:00:00+00:00,bacninh_bacninhcity,108.24617628638075
2025-10-29 02:00:00+00:00,angiang_longxuyen,48.11511646203597
2025-10-29 02:00:00+00:00,bacgiang_bacgiangcity,107.37921267228148
2025-10-29 03:00:00+00:00,backan_backancity,60.53732639220925
2025-10-29 03:00:00+00:00,bentre_bentrecity,73.69937341984723
2025-10-29 03:00:00+00:00,baclieu_baclieucity,35.57290061549919
2025-10-29 03:00:00+00:00,angiang_longxuyen,47.522075386749755
2025-10-29 03:00:00+00:00,bacninh_bacninhcity,108.41047410598776
2025-10-29 03:00:00+00:00,bacgiang_bacgiangcity,108.14450398415576
2025-10-29 04:00:00+00:00,backan_backancity,62.22756548524814
2025-10-29 04:00:00+00:00,bacgiang_bacgiangcity,109.14303109375989
2025-10-29 04:00:00+00:00,angiang_longxuyen,47.24287408301755
2025-10-29 04:00:00+00:00,baclieu_baclieucity,34.55101347572692
2025-10-29 04:00:00+00:00,bacninh_bacninhcity,108.96415124683898
2025-10-29 04:00:00+00:00,bentre_bentrecity,72.18441025773629
2025-10-29 05:00:00+00:00,backan_backancity,64.47960673029806
2025-10-29 05:00:00+00:00,angiang_longxuyen,47.18237515022819
2025-10-29 05:00:00+00:00,baclieu_baclieucity,33.522247492150626
2025-10-29 05:00:00+00:00,bacgiang_bacgiangcity,110.81734167565695
2025-10-29 05:00:00+00:00,bentre_bentrecity,70.79933013445091
2025-10-29 05:00:00+00:00,bacninh_bacninhcity,110.30749971771334
2025-10-29 06:00:00+00:00,bentre_bentrecity,69.66736155513672
2025-10-29 06:00:00+00:00,backan_backancity,67.43198655230326
2025-10-29 06:00:00+00:00,bacgiang_bacgiangcity,113.83102046989393
2025-10-29 06:00:00+00:00,baclieu_baclieucity,32.52805517569365
2025-10-29 06:00:00+00:00,bacninh_bacninhcity,112.98245651680307
2025-10-29 06:00:00+00:00,angiang_longxuyen,47.31605899948895
2025-10-29 07:00:00+00:00,backan_backancity,70.80026725230248
2025-10-29 07:00:00+00:00,bacninh_bacninhcity,117.37097692333018
2025-10-29 07:00:00+00:00,angiang_longxuyen,47.51611870678903
2025-10-29 07:00:00+00:00,bentre_bentrecity,68.88846708040654
2025-10-29 07:00:00+00:00,bacgiang_bacgiangcity,118.54843684196783
2025-10-29 07:00:00+00:00,baclieu_baclieucity,31.62448913401984
2025-10-29 08:00:00+00:00,angiang_longxuyen,47.92184088982087
2025-10-29 08:00:00+00:00,backan_backancity,74.06532541788609
2025-10-29 08:00:00+00:00,bentre_bentrecity,68.79592170789543
2025-10-29 08:00:00+00:00,bacninh_bacninhcity,123.11664087336035
2025-10-29 08:00:00+00:00,baclieu_baclieucity,30.851122657679994
2025-10-29 08:00:00+00:00,bacgiang_bacgiangcity,124.55709070459861
2025-10-29 09:00:00+00:00,bentre_bentrecity,69.39807725122196
2025-10-29 09:00:00+00:00,backan_backancity,76.54682844282883
2025-10-29 09:00:00+00:00,bacgiang_bacgiangcity,130.96249309913213
2025-10-29 09:00:00+00:00,baclieu_baclieucity,30.186187695302976
2025-10-29 09:00:00+00:00,bacninh_bacninhcity,129.43603030466184
2025-10-29 09:00:00+00:00,angiang_longxuyen,48.453096987606536
2025-10-29 10:00:00+00:00,bentre_bentrecity,70.5078166972434
2025-10-29 10:00:00+00:00,backan_backancity,77.68849718884056
2025-10-29 10:00:00+00:00,bacninh_bacninhcity,135.31632020647376
2025-10-29 10:00:00+00:00,bacgiang_bacgiangcity,136.62238833473202
2025-10-29 10:00:00+00:00,baclieu_baclieucity,29.60495530188031
2025-10-29 10:00:00+00:00,angiang_longxuyen,49.03358666528514
2025-10-29 11:00:00+00:00,bacgiang_bacgiangcity,139.4547821790514
2025-10-29 11:00:00+00:00,baclieu_baclieucity,29.076061937401235
2025-10-29 11:00:00+00:00,bacninh_bacninhcity,138.38289880496444
2025-10-29 11:00:00+00:00,angiang_longxuyen,49.7455021369758
2025-10-29 11:00:00+00:00,bentre_bentrecity,71.59501297579843
2025-10-29 11:00:00+00:00,backan_backancity,77.59860116812789
2025-10-29 12:00:00+00:00,bacninh_bacninhcity,138.25431925719303
2025-10-29 12:00:00+00:00,bacgiang_bacgiangcity,139.8497275067903
2025-10-29 12:00:00+00:00,angiang_longxuyen,50.533578372783516
2025-10-29 12:00:00+00:00,baclieu_baclieucity,28.542607600399947
2025-10-29 12:00:00+00:00,bentre_bentrecity,72.55518243110737
2025-10-29 12:00:00+00:00,backan_backancity,76.74991882913821
2025-10-29 13:00:00+00:00,bacninh_bacninhcity,135.9797747220321
2025-10-29 13:00:00+00:00,baclieu_baclieucity,27.98725062595311
2025-10-29 13:00:00+00:00,angiang_longxuyen,51.89263852167979
2025-10-29 13:00:00+00:00,backan_backancity,74.66217478061162
2025-10-29 13:00:00+00:00,bacgiang_bacgiangcity,138.90393633043257
2025-10-29 13:00:00+00:00,bentre_bentrecity,72.05063668442591
2025-10-29 14:00:00+00:00,angiang_longxuyen,53.1522196228973
2025-10-29 14:00:00+00:00,bentre_bentrecity,71.49600996404956
2025-10-29 14:00:00+00:00,bacgiang_bacgiangcity,139.37939403869495
2025-10-29 14:00:00+00:00,backan_backancity,72.8413747337056
2025-10-29 14:00:00+00:00,baclieu_baclieucity,27.39643271322963
2025-10-29 14:00:00+00:00,bacninh_bacninhcity,135.39793170660508
2025-10-29 15:00:00+00:00,bentre_bentrecity,71.28094390945094
2025-10-29 15:00:00+00:00,bacninh_bacninhcity,136.185980526731
2025-10-29 15:00:00+00:00,baclieu_baclieucity,26.870455380363126
2025-10-29 15:00:00+00:00,backan_backancity,71.85943473469085
2025-10-29 15:00:00+00:00,bacgiang_bacgiangcity,140.49426520188757
2025-10-29 15:00:00+00:00,angiang_longxuyen,54.277792871341525
2025-10-29 16:00:00+00:00,backan_backancity,71.76942157424672
2025-10-29 16:00:00+00:00,baclieu_baclieucity,26.394578959869193
2025-10-29 16:00:00+00:00,bacgiang_bacgiangcity,141.8056619417592
2025-10-29 16:00:00+00:00,bacninh_bacninhcity,137.83487427923913
2025-10-29 16:00:00+00:00,bentre_bentrecity,71.11576691877441
2025-10-29 16:00:00+00:00,angiang_longxuyen,55.24952426737757
2025-10-29 17:00:00+00:00,bacninh_bacninhcity,140.2394189929571
2025-10-29 17:00:00+00:00,bentre_bentrecity,70.81760642489107
2025-10-29 17:00:00+00:00,baclieu_baclieucity,25.910527681521216
2025-10-29 17:00:00+00:00,backan_backancity,72.47685582812593
2025-10-29 17:00:00+00:00,bacgiang_bacgiangcity,143.39440070366823
2025-10-29 17:00:00+00:00,angiang_longxuyen,56.07151619394073
2025-10-29 18:00:00+00:00,angiang_longxuyen,56.83703680060847
2025-10-29 18:00:00+00:00,baclieu_baclieucity,25.47187178761031
2025-10-29 18:00:00+00:00,bacninh_bacninhcity,143.0829884661233
2025-10-29 18:00:00+00:00,bentre_bentrecity,70.52532285625767
2025-10-29 18:00:00+00:00,bacgiang_bacgiangcity,145.39231103984991
2025-10-29 18:00:00+00:00,backan_backancity,73.52310553970409
2025-10-29 19:00:00+00:00,bacgiang_bacgiangcity,147.53236919397295
2025-10-29 19:00:00+00:00,bacninh_bacninhcity,145.93662198685496
2025-10-29 19:00:00+00:00,baclieu_baclieucity,25.051689078581774
2025-10-29 19:00:00+00:00,bentre_bentrecity,70.42707502192643
2025-10-29 19:00:00+00:00,angiang_longxuyen,57.570525921562734
2025-10-29 19:00:00+00:00,backan_backancity,74.6102145865442
2025-10-29 20:00:00+00:00,bentre_bentrecity,70.42826635791857
2025-10-29 20:00:00+00:00,angiang_longxuyen,58.34695796959786
2025-10-29 20:00:00+00:00,backan_backancity,75.4862552836631
2025-10-29 20:00:00+00:00,bacgiang_bacgiangcity,149.48155438654288
2025-10-29 20:00:00+00:00,baclieu_baclieucity,24.68699072490287
2025-10-29 20:00:00+00:00,bacninh_bacninhcity,148.52413397642084
2025-10-29 21:00:00+00:00,baclieu_baclieucity,24.39918588174622
2025-10-29 21:00:00+00:00,bentre_bentrecity,70.44552079112698
2025-10-29 21:00:00+00:00,bacgiang_bacgiangcity,151.11158614995367
2025-10-29 21:00:00+00:00,bacninh_bacninhcity,150.8494922316819
2025-10-29 21:00:00+00:00,angiang_longxuyen,59.268992211484615
2025-10-29 21:00:00+00:00,backan_backancity,76.04958274451764
2025-10-29 22:00:00+00:00,bentre_bentrecity,70.46404133036887
2025-10-29 22:00:00+00:00,backan_backancity,76.37814722954778
2025-10-29 22:00:00+00:00,angiang_longxuyen,60.37439748744258
2025-10-29 22:00:00+00:00,bacninh_bacninhcity,153.1260904506452
2025-10-29 22:00:00+00:00,bacgiang_bacgiangcity,152.67586513900304
2025-10-29 22:00:00+00:00,baclieu_baclieucity,24.195786445932598
2025-10-29 23:00:00+00:00,backan_backancity,76.60771617983319
2025-10-29 23:00:00+00:00,baclieu_baclieucity,24.082489894612706
2025-10-29 23:00:00+00:00,bentre_bentrecity,70.58006200352854
2025-10-29 23:00:00+00:00,bacgiang_bacgiangcity,154.130516293428
2025-10-29 23:00:00+00:00,bacninh_bacninhcity,155.20443839730905
2025-10-29 23:00:00+00:00,angiang_longxuyen,61.515562781842576
2025-10-30 00:00:00+00:00,bacgiang_bacgiangcity,155.31470925428906
2025-10-30 00:00:00+00:00,angiang_longxuyen,62.69434488404473
2025-10-30 00:00:00+00:00,bacninh_bacninhcity,156.93640166575483
2025-10-30 00:00:00+00:00,bentre_bentrecity,70.80361695015486
2025-10-30 00:00:00+00:00,backan_backancity,76.8809259109187
2025-10-30 00:00:00+00:00,baclieu_baclieucity,24.03134718633069
2025-10-30 01:00:00+00:00,bentre_bentrecity,70.02430376319313
2025-10-30 01:00:00+00:00,angiang_longxuyen,62.99877858439717
2025-10-30 01:00:00+00:00,bacgiang_bacgiangcity,155.436016169372
2025-10-30 01:00:00+00:00,backan_backancity,76.80321242227633
2025-10-30 01:00:00+00:00,bacninh_bacninhcity,157.52788253951158
2025-10-30 01:00:00+00:00,baclieu_baclieucity,24.044237541459083
2025-10-30 02:00:00+00:00,baclieu_baclieucity,23.98771139020002
2025-10-30 02:00:00+00:00,angiang_longxuyen,62.835921957337135
2025-10-30 02:00:00+00:00,backan_backancity,76.590140235447
2025-10-30 02:00:00+00:00,bacgiang_bacgiangcity,155.022388300635
2025-10-30 02:00:00+00:00,bacninh_bacninhcity,157.36237157598367
2025-10-30 02:00:00+00:00,bentre_bentrecity,68.8740414470958
2025-10-30 03:00:00+00:00,bentre_bentrecity,67.73113151839769
2025-10-30 03:00:00+00:00,angiang_longxuyen,62.361154625789865
2025-10-30 03:00:00+00:00,baclieu_baclieucity,23.87095547830043
2025-10-30 03:00:00+00:00,bacninh_bacninhcity,156.5438489793391
2025-10-30 03:00:00+00:00,backan_backancity,76.43096977142541
2025-10-30 03:00:00+00:00,bacgiang_bacgiangcity,154.12774980189812
2025-10-30 04:00:00+00:00,bacgiang_bacgiangcity,153.14090987284038
2025-10-30 04:00:00+00:00,baclieu_baclieucity,23.811398648032053
2025-10-30 04:00:00+00:00,backan_backancity,76.40368369100283
2025-10-30 04:00:00+00:00,angiang_longxuyen,61.790709056999006
2025-10-30 04:00:00+00:00,bacninh_bacninhcity,155.3980230190284
2025-10-30 04:00:00+00:00,bentre_bentrecity,66.8612169799999
2025-10-30 05:00:00+00:00,bentre_bentrecity,66.5179651665143
2025-10-30 05:00:00+00:00,backan_backancity,76.36342750074107
2025-10-30 05:00:00+00:00,angiang_longxuyen,61.269040970848856
2025-10-30 05:00:00+00:00,baclieu_baclieucity,23.875830484996314
2025-10-30 05:00:00+00:00,bacgiang_bacgiangcity,152.28430938647193
2025-10-30 05:00:00+00:00,bacninh_bacninhcity,154.2349201944969
2025-10-30 06:00:00+00:00,bacgiang_bacgiangcity,151.58126164168516
2025-10-30 06:00:00+00:00,backan_backancity,76.19817574002319
2025-10-30 06:00:00+00:00,bacninh_bacninhcity,153.14607897503222
2025-10-30 06:00:00+00:00,angiang_longxuyen,61.052835919287034
2025-10-30 06:00:00+00:00,baclieu_baclieucity,24.123040180370438
2025-10-30 06:00:00+00:00,bentre_bentrecity,66.46363974680557
2025-10-30 07:00:00+00:00,baclieu_baclieucity,24.501117386781203
2025-10-30 07:00:00+00:00,angiang_longxuyen,61.43021527197856
2025-10-30 07:00:00+00:00,backan_backancity,75.78735424017142
2025-10-30 07:00:00+00:00,bacninh_bacninhcity,152.120034620961
2025-10-30 07:00:00+00:00,bacgiang_bacgiangcity,150.99600163536854
2025-10-30 07:00:00+00:00,bentre_bentrecity,66.60293134916743
2025-10-30 08:00:00+00:00,bentre_bentrecity,67.05157153593301
2025-10-30 08:00:00+00:00,backan_backancity,74.93926258450838
2025-10-30 08:00:00+00:00,bacninh_bacninhcity,151.00780533256267
2025-10-30 08:00:00+00:00,bacgiang_bacgiangcity,150.47253159122192
2025-10-30 08:00:00+00:00,baclieu_baclieucity,24.926553937381797
2025-10-30 08:00:00+00:00,angiang_longxuyen,62.495060292839966
2025-10-30 09:00:00+00:00,baclieu_baclieucity,25.36729840778102
2025-10-30 09:00:00+00:00,bentre_bentrecity,68.27580883860531
2025-10-30 09:00:00+00:00,backan_backancity,73.78088024192067
2025-10-30 09:00:00+00:00,angiang_longxuyen,63.9640373871872
2025-10-30 09:00:00+00:00,bacgiang_bacgiangcity,149.78711462218496
2025-10-30 09:00:00+00:00,bacninh_bacninhcity,149.65129234974165
2025-10-30 10:00:00+00:00,baclieu_baclieucity,25.74556004696045
2025-10-30 10:00:00+00:00,backan_backancity,72.43276642707774
2025-10-30 10:00:00+00:00,angiang_longxuyen,65.41376119588733
2025-10-30 10:00:00+00:00,bacninh_bacninhcity,148.1279075886402
2025-10-30 10:00:00+00:00,bacgiang_bacgiangcity,148.9871200417864
2025-10-30 10:00:00+00:00,bentre_bentrecity,70.10262288917042
2025-10-30 11:00:00+00:00,bentre_bentrecity,71.80179201748098
2025-10-30 11:00:00+00:00,backan_backancity,70.74613872703596
2025-10-30 11:00:00+00:00,angiang_longxuyen,66.27087261087163
2025-10-30 11:00:00+00:00,bacninh_bacninhcity,146.35929204592566
2025-10-30 11:00:00+00:00,bacgiang_bacgiangcity,148.02591626757214
2025-10-30 11:00:00+00:00,baclieu_baclieucity,26.030209594372224
2025-10-30 12:00:00+00:00,bacninh_bacninhcity,144.04161516624578
2025-10-30 12:00:00+00:00,angiang_longxuyen,66.17629349323586
2025-10-30 12:00:00+00:00,baclieu_baclieucity,26.254091036845765
2025-10-30 12:00:00+00:00,bentre_bentrecity,72.66916188213823
2025-10-30 12:00:00+00:00,bacgiang_bacgiangcity,146.5356197421019
2025-10-30 12:00:00+00:00,backan_backancity,68.99363363589718
2025-10-30 13:00:00+00:00,baclieu_baclieucity,26.45395634203834
2025-10-30 13:00:00+00:00,bacninh_bacninhcity,141.31540474997936
2025-10-30 13:00:00+00:00,bacgiang_bacgiangcity,144.45200798452714
2025-10-30 13:00:00+00:00,bentre_bentrecity,73.49484495640925
2025-10-30 13:00:00+00:00,angiang_longxuyen,65.48649749211063
2025-10-30 13:00:00+00:00,backan_backancity,67.66138103915887
2025-10-30 14:00:00+00:00,bacgiang_bacgiangcity,141.5954983095383
2025-10-30 14:00:00+00:00,bacninh_bacninhcity,138.15184940786034
2025-10-30 14:00:00+00:00,backan_backancity,66.8322759893288
2025-10-30 14:00:00+00:00,baclieu_baclieucity,26.71512311179741
2025-10-30 14:00:00+00:00,angiang_longxuyen,64.85714559241113
2025-10-30 14:00:00+00:00,bentre_bentrecity,74.06118564993011
2025-10-30 15:00:00+00:00,baclieu_baclieucity,27.049365135300576
2025-10-30 15:00:00+00:00,bacgiang_bacgiangcity,137.9918465040451
2025-10-30 15:00:00+00:00,angiang_longxuyen,64.88557814680105
2025-10-30 15:00:00+00:00,bacninh_bacninhcity,134.61511429703884
2025-10-30 15:00:00+00:00,bentre_bentrecity,74.61224334699943
2025-10-30 15:00:00+00:00,backan_backancity,66.51948549068837
2025-10-30 16:00:00+00:00,angiang_longxuyen,65.93659071001308
2025-10-30 16:00:00+00:00,backan_backancity,66.83468856932963
2025-10-30 16:00:00+00:00,bacgiang_bacgiangcity,133.56191844861945
2025-10-30 16:00:00+00:00,baclieu_baclieucity,27.515162554220808
2025-10-30 16:00:00+00:00,bentre_bentrecity,75.71506157952678
2025-10-30 16:00:00+00:00,bacninh_bacninhcity,130.7963116975668
2025-10-30 17:00:00+00:00,bacgiang_bacgiangcity,128.078954054196
2025-10-30 17:00:00+00:00,bacninh_bacninhcity,126.65519040385189
2025-10-30 17:00:00+00:00,backan_backancity,67.56502987154315
2025-10-30 17:00:00+00:00,baclieu_baclieucity,28.17105532626414
2025-10-30 17:00:00+00:00,angiang_longxuyen,67.67111609854237
2025-10-30 17:00:00+00:00,bentre_bentrecity,77.46238759913484
2025-10-30 18:00:00+00:00,bacgiang_bacgiangcity,121.8093913784488
2025-10-30 18:00:00+00:00,bentre_bentrecity,79.76009963160746
2025-10-30 18:00:00+00:00,backan_backancity,68.56939340595817
2025-10-30 18:00:00+00:00,angiang_longxuyen,69.98185681071988
2025-10-30 18:00:00+00:00,bacninh_bacninhcity,122.36514712644949
2025-10-30 18:00:00+00:00,baclieu_baclieucity,29.058476023676192
2025-10-30 19:00:00+00:00,backan_backancity,69.74370675202243
2025-10-30 19:00:00+00:00,bentre_bentrecity,82.4286872693417
2025-10-30 19:00:00+00:00,bacninh_bacninhcity,118.15824813502604
2025-10-30 19:00:00+00:00,angiang_longxuyen,72.54534518600067
2025-10-30 19:00:00+00:00,baclieu_baclieucity,30.073439457619642
2025-10-30 19:00:00+00:00,bacgiang_bacgiangcity,115.49632998498005
2025-10-30 20:00:00+00:00,bacninh_bacninhcity,114.01388431385134
2025-10-30 20:00:00+00:00,bacgiang_bacgiangcity,109.77548345784064
2025-10-30 20:00:00+00:00,backan_backancity,71.17957068739135
2025-10-30 20:00:00+00:00,bentre_bentrecity,85.37407858481558
2025-10-30 20:00:00+00:00,angiang_longxuyen,75.14206385999123
2025-10-30 20:00:00+00:00,baclieu_baclieucity,31.00576704186531
2025-10-30 21:00:00+00:00,backan_backancity,72.75660295315998
2025-10-30 21:00:00+00:00,bacgiang_bacgiangcity,104.8654463744971
2025-10-30 21:00:00+00:00,bentre_bentrecity,88.26438244924265
2025-10-30 21:00:00+00:00,angiang_longxuyen,77.62822755084466
2025-10-30 21:00:00+00:00,bacninh_bacninhcity,110.03375288849747
2025-10-30 21:00:00+00:00,baclieu_baclieucity,31.838226774217176
2025-10-30 22:00:00+00:00,backan_backancity,74.52015157940585
2025-10-30 22:00:00+00:00,baclieu_baclieucity,32.491363024069486
2025-10-30 22:00:00+00:00,bacninh_bacninhcity,105.92313029464839
2025-10-30 22:00:00+00:00,bacgiang_bacgiangcity,100.38684785105244
2025-10-30 22:00:00+00:00,angiang_longxuyen,79.77020729503036
2025-10-30 22:00:00+00:00,bentre_bentrecity,90.43125189402572
2025-10-30 23:00:00+00:00,backan_backancity,76.19327580998018
2025-10-30 23:00:00+00:00,bacgiang_bacgiangcity,96.56532081819878
2025-10-30 23:00:00+00:00,baclieu_baclieucity,33.014165122513404
2025-10-30 23:00:00+00:00,bacninh_bacninhcity,102.07089987894071
2025-10-30 23:00:00+00:00,angiang_longxuyen,81.46340728170662
2025-10-30 23:00:00+00:00,bentre_bentrecity,92.07923095969474
2025-10-31 00:00:00+00:00,bacgiang_bacgiangcity,93.45852388177978
2025-10-31 00:00:00+00:00,baclieu_baclieucity,33.431536477987265
2025-10-31 00:00:00+00:00,bacninh_bacninhcity,98.72506561266691
2025-10-31 00:00:00+00:00,backan_backancity,77.58489083487937
2025-10-31 00:00:00+00:00,angiang_longxuyen,82.53724589237483
2025-10-31 00:00:00+00:00,bentre_bentrecity,93.35263704155747
2025-10-31 01:00:00+00:00,bentre_bentrecity,93.01705725739787
2025-10-31 01:00:00+00:00,bacgiang_bacgiangcity,91.0901940375887
2025-10-31 01:00:00+00:00,backan_backancity,78.59423654638287
2025-10-31 01:00:00+00:00,baclieu_baclieucity,33.726608969162925
2025-10-31 01:00:00+00:00,angiang_longxuyen,82.73536157859986
2025-10-31 01:00:00+00:00,bacninh_bacninhcity,95.9161367881154
2025-10-31 02:00:00+00:00,baclieu_baclieucity,33.89531012112167
2025-10-31 02:00:00+00:00,bacgiang_bacgiangcity,89.37891963958391
2025-10-31 02:00:00+00:00,bentre_bentrecity,91.85204966606304
2025-10-31 02:00:00+00:00,angiang_longxuyen,82.29729138334618
2025-10-31 02:00:00+00:00,bacninh_bacninhcity,93.9871455817753
2025-10-31 02:00:00+00:00,backan_backancity,79.39830110936549
2025-10-31 03:00:00+00:00,baclieu_baclieucity,34.040264307948284
2025-10-31 03:00:00+00:00,bentre_bentrecity,90.02035811646732
2025-10-31 03:00:00+00:00,angiang_longxuyen,81.41355061813579
2025-10-31 03:00:00+00:00,backan_backancity,80.02682555394075
2025-10-31 03:00:00+00:00,bacninh_bacninhcity,92.66376569661027
2025-10-31 03:00:00+00:00,bacgiang_bacgiangcity,88.20580012184651
2025-10-31 04:00:00+00:00,bentre_bentrecity,88.00157946174541
2025-10-31 04:00:00+00:00,baclieu_baclieucity,34.38724216182772
2025-10-31 04:00:00+00:00,backan_backancity,80.49067272094916
2025-10-31 04:00:00+00:00,angiang_longxuyen,80.21621308400577
2025-10-31 04:00:00+00:00,bacninh_bacninhcity,91.65087837748158
2025-10-31 04:00:00+00:00,bacgiang_bacgiangcity,87.45508647570037
2025-10-31 05:00:00+00:00,baclieu_baclieucity,35.143840210227935
2025-10-31 05:00:00+00:00,bentre_bentrecity,86.53652717148526
2025-10-31 05:00:00+00:00,bacgiang_bacgiangcity,87.0365991773594
2025-10-31 05:00:00+00:00,angiang_longxuyen,79.01470836623795
2025-10-31 05:00:00+00:00,backan_backancity,80.94279345313947
2025-10-31 05:00:00+00:00,bacninh_bacninhcity,90.79698830511202
2025-10-31 06:00:00+00:00,bacgiang_bacgiangcity,86.76162238096336
2025-10-31 06:00:00+00:00,backan_backancity,81.1231387928708
2025-10-31 06:00:00+00:00,bentre_bentrecity,86.07298282314433
2025-10-31 06:00:00+00:00,baclieu_baclieucity,36.337638629067484
2025-10-31 06:00:00+00:00,bacninh_bacninhcity,89.98227274973937
2025-10-31 06:00:00+00:00,angiang_longxuyen,78.28193703768063
2025-10-31 07:00:00+00:00,bacgiang_bacgiangcity,86.62603438798294
2025-10-31 07:00:00+00:00,baclieu_baclieucity,37.77757005468574
2025-10-31 07:00:00+00:00,bentre_bentrecity,86.68585789806545
2025-10-31 07:00:00+00:00,angiang_longxuyen,78.25301598568723
2025-10-31 07:00:00+00:00,bacninh_bacninhcity,89.23494992496838
2025-10-31 07:00:00+00:00,backan_backancity,81.15231904767421
2025-10-31 08:00:00+00:00,angiang_longxuyen,79.10157620027604
2025-10-31 08:00:00+00:00,backan_backancity,80.84034354248448
2025-10-31 08:00:00+00:00,bacninh_bacninhcity,88.57323505903875
2025-10-31 08:00:00+00:00,bentre_bentrecity,87.70265755960767
2025-10-31 08:00:00+00:00,bacgiang_bacgiangcity,86.6457512478864
2025-10-31 08:00:00+00:00,baclieu_baclieucity,39.38306229052611
2025-10-31 09:00:00+00:00,bacgiang_bacgiangcity,86.72480561260362
2025-10-31 09:00:00+00:00,bentre_bentrecity,88.43209663665559
2025-10-31 09:00:00+00:00,angiang_longxuyen,80.17051363473388
2025-10-31 09:00:00+00:00,bacninh_bacninhcity,87.9166095405902
2025-10-31 09:00:00+00:00,backan_backancity,80.3111461131706
2025-10-31 09:00:00+00:00,baclieu_baclieucity,41.13153478410152
2025-10-31 10:00:00+00:00,bacninh_bacninhcity,87.20901141570371
2025-10-31 10:00:00+00:00,bentre_bentrecity,88.5817339204053
2025-10-31 10:00:00+00:00,angiang_longxuyen,80.73860768572435
2025-10-31 10:00:00+00:00,backan_backancity,79.71988082636639
2025-10-31 10:00:00+00:00,bacgiang_bacgiangcity,86.72214379913163
2025-10-31 10:00:00+00:00,baclieu_baclieucity,42.75756385796547
2025-10-31 11:00:00+00:00,bentre_bentrecity,87.77459630872328
2025-10-31 11:00:00+00:00,bacgiang_bacgiangcity,86.60584273831691
2025-10-31 11:00:00+00:00,baclieu_baclieucity,44.11268611801743
2025-10-31 11:00:00+00:00,bacninh_bacninhcity,86.53318868913908
2025-10-31 11:00:00+00:00,angiang_longxuyen,80.39979721269482
2025-10-31 11:00:00+00:00,backan_backancity,78.80494599990561
2025-10-31 12:00:00+00:00,angiang_longxuyen,79.40392132414016
2025-10-31 12:00:00+00:00,baclieu_baclieucity,45.0377759622606
2025-10-31 12:00:00+00:00,bentre_bentrecity,86.13158508921816
2025-10-31 12:00:00+00:00,bacninh_bacninhcity,85.87468021181593
2025-10-31 12:00:00+00:00,bacgiang_bacgiangcity,86.35870282831472
2025-10-31 12:00:00+00:00,backan_backancity,77.60613300362633
2025-10-31 13:00:00+00:00,angiang_longxuyen,78.21653817484827
2025-10-31 13:00:00+00:00,bacninh_bacninhcity,85.17202002507679
2025-10-31 13:00:00+00:00,backan_backancity,76.30735993906893
2025-10-31 13:00:00+00:00,bacgiang_bacgiangcity,85.90208841663939
2025-10-31 13:00:00+00:00,bentre_bentrecity,84.0896015521639
2025-10-31 13:00:00+00:00,baclieu_baclieucity,45.674452833677506
2025-10-31 14:00:00+00:00,bentre_bentrecity,81.93080353334435
2025-10-31 14:00:00+00:00,backan_backancity,74.99901381688427
2025-10-31 14:00:00+00:00,bacninh_bacninhcity,84.54332236323907
2025-10-31 14:00:00+00:00,bacgiang_bacgiangcity,85.30899874082628
2025-10-31 14:00:00+00:00,angiang_longxuyen,77.26165496146263
2025-10-31 14:00:00+00:00,baclieu_baclieucity,46.22151033353472
2025-10-31 15:00:00+00:00,bacninh_bacninhcity,83.8276746203178
2025-10-31 15:00:00+00:00,baclieu_baclieucity,46.6687996748866
2025-10-31 15:00:00+00:00,backan_backancity,73.821131447513
2025-10-31 15:00:00+00:00,bacgiang_bacgiangcity,84.57673834088484
2025-10-31 15:00:00+00:00,angiang_longxuyen,76.86849414537726
2025-10-31 15:00:00+00:00,bentre_bentrecity,79.86980099010586
2025-10-31 16:00:00+00:00,bacgiang_bacgiangcity,83.73517037132943
2025-10-31 16:00:00+00:00,bacninh_bacninhcity,83.07684757294228
2025-10-31 16:00:00+00:00,baclieu_baclieucity,47.0316487162095
2025-10-31 16:00:00+00:00,backan_backancity,72.79278916083769
2025-10-31 16:00:00+00:00,bentre_bentrecity,78.17762286066136
2025-10-31 16:00:00+00:00,angiang_longxuyen,77.12812563695398
2025-10-31 17:00:00+00:00,angiang_longxuyen,77.86056797732937
2025-10-31 17:00:00+00:00,bentre_bentrecity,76.87328690502765
2025-10-31 17:00:00+00:00,bacninh_bacninhcity,82.34396159698824
2025-10-31 17:00:00+00:00,baclieu_baclieucity,47.477457610742704
2025-10-31 17:00:00+00:00,backan_backancity,71.81777785232117
2025-10-31 17:00:00+00:00,bacgiang_bacgiangcity,82.77220202413936
2025-10-31 18:00:00+00:00,angiang_longxuyen,78.95435398886187
2025-10-31 18:00:00+00:00,backan_backancity,70.804678684742
2025-10-31 18:00:00+00:00,bacninh_bacninhcity,81.51688779994812
2025-10-31 18:00:00+00:00,bacgiang_bacgiangcity,81.60410082234375
2025-10-31 18:00:00+00:00,bentre_bentrecity,75.77653999985779
2025-10-31 18:00:00+00:00,baclieu_baclieucity,47.99098822405948
2025-10-31 19:00:00+00:00,baclieu_baclieucity,48.56639852359584
2025-10-31 19:00:00+00:00,bacninh_bacninhcity,80.51906041331426
2025-10-31 19:00:00+00:00,bacgiang_bacgiangcity,80.26433383644996
2025-10-31 19:00:00+00:00,angiang_longxuyen,80.18808708678537
2025-10-31 19:00:00+00:00,backan_backancity,69.75806758463067
2025-10-31 19:00:00+00:00,bentre_bentrecity,74.88187657777382
2025-10-31 20:00:00+00:00,baclieu_baclieucity,49.198175464969744
2025-10-31 20:00:00+00:00,bacninh_bacninhcity,79.30388150115127
2025-10-31 20:00:00+00:00,angiang_longxuyen,81.46037286419525
2025-10-31 20:00:00+00:00,backan_backancity,68.8240601667894
2025-10-31 20:00:00+00:00,bentre_bentrecity,74.208410353679
2025-10-31 20:00:00+00:00,bacgiang_bacgiangcity,78.80239135682623
2025-10-31 21:00:00+00:00,baclieu_baclieucity,49.86904218396036
2025-10-31 21:00:00+00:00,bentre_bentrecity,73.82732240693662
2025-10-31 21:00:00+00:00,bacgiang_bacgiangcity,77.25906791803199
2025-10-31 21:00:00+00:00,angiang_longxuyen,82.88526678833107
2025-10-31 21:00:00+00:00,bacninh_bacninhcity,77.86357622532627
2025-10-31 21:00:00+00:00,backan_backancity,67.89691913107856
2025-10-31 22:00:00+00:00,baclieu_baclieucity,50.53463512270124
2025-10-31 22:00:00+00:00,angiang_longxuyen,84.64562024147666
2025-10-31 22:00:00+00:00,bacninh_bacninhcity,76.44906661376633
2025-10-31 22:00:00+00:00,backan_backancity,66.90646531668898
2025-10-31 22:00:00+00:00,bentre_bentrecity,73.69071255672443
2025-10-31 22:00:00+00:00,bacgiang_bacgiangcity,75.77797309231696
2025-10-31 23:00:00+00:00,bacninh_bacninhcity,75.07496522488555
2025-10-31 23:00:00+00:00,bentre_bentrecity,73.93553958011425
2025-10-31 23:00:00+00:00,backan_backancity,65.90787901413546
2025-10-31 23:00:00+00:00,angiang_longxuyen,86.5147665971183
2025-10-31 23:00:00+00:00,baclieu_baclieucity,51.267212049151055
2025-10-31 23:00:00+00:00,bacgiang_bacgiangcity,74.47556371141533
2025-11-01 00:00:00+00:00,bentre_bentrecity,74.7606195093851
2025-11-01 00:00:00+00:00,angiang_longxuyen,88.50384596833311
2025-11-01 00:00:00+00:00,bacgiang_bacgiangcity,73.37889656095624
2025-11-01 00:00:00+00:00,backan_backancity,64.94325077202745
2025-11-01 00:00:00+00:00,baclieu_baclieucity,52.008731472546096
2025-11-01 00:00:00+00:00,bacninh_bacninhcity,73.92219562006835
2025-11-01 01:00:00+00:00,angiang_longxuyen,89.33918185494217
2025-11-01 01:00:00+00:00,backan_backancity,63.87985130529879
2025-11-01 01:00:00+00:00,bacninh_bacninhcity,73.2984190731187
2025-11-01 01:00:00+00:00,baclieu_baclieucity,52.42672092702842
2025-11-01 01:00:00+00:00,bentre_bentrecity,74.80431761388355
2025-11-01 01:00:00+00:00,bacgiang_bacgiangcity,72.60254426763188
2025-11-01 02:00:00+00:00,angiang_longxuyen,89.43984725394367
2025-11-01 02:00:00+00:00,bacgiang_bacgiangcity,71.85696732332636
2025-11-01 02:00:00+00:00,bentre_bentrecity,74.27873157756677
2025-11-01 02:00:00+00:00,backan_backancity,62.82939702506217
2025-11-01 02:00:00+00:00,bacninh_bacninhcity,72.84780994193096
2025-11-01 02:00:00+00:00,baclieu_baclieucity,52.57283654183065
2025-11-01 03:00:00+00:00,bacgiang_bacgiangcity,71.12654128173266
2025-11-01 03:00:00+00:00,bacninh_bacninhcity,72.36636066102189
2025-11-01 03:00:00+00:00,bentre_bentrecity,73.5016241068248
2025-11-01 03:00:00+00:00,backan_backancity,61.798016582373414
2025-11-01 03:00:00+00:00,baclieu_baclieucity,52.627398733336975
2025-11-01 03:00:00+00:00,angiang_longxuyen,89.09068860719158
2025-11-01 04:00:00+00:00,bentre_bentrecity,72.73851358782319
2025-11-01 04:00:00+00:00,angiang_longxuyen,88.44818964188839
2025-11-01 04:00:00+00:00,baclieu_baclieucity,52.71233750030828
2025-11-01 04:00:00+00:00,bacgiang_bacgiangcity,70.32462511127143
2025-11-01 04:00:00+00:00,backan_backancity,60.84779403489847
2025-11-01 04:00:00+00:00,bacninh_bacninhcity,71.75073903324858
2025-11-01 05:00:00+00:00,bentre_bentrecity,72.26184211255625
2025-11-01 05:00:00+00:00,angiang_longxuyen,87.60773200744698
2025-11-01 05:00:00+00:00,baclieu_baclieucity,52.885136050532886
2025-11-01 05:00:00+00:00,bacgiang_bacgiangcity,69.56299254675378
2025-11-01 05:00:00+00:00,backan_backancity,59.94085337202516
2025-11-01 05:00:00+00:00,bacninh_bacninhcity,71.01309768266478
2025-11-01 06:00:00+00:00,bacgiang_bacgiangcity,68.95278177763936
2025-11-01 06:00:00+00:00,bacninh_bacninhcity,70.25740185943017
2025-11-01 06:00:00+00:00,baclieu_baclieucity,53.37600137198238
2025-11-01 06:00:00+00:00,bentre_bentrecity,72.5032546373912
2025-11-01 06:00:00+00:00,angiang_longxuyen,86.86629794651583
2025-11-01 06:00:00+00:00,backan_backancity,59.13759632548909
2025-11-01 07:00:00+00:00,backan_backancity,58.424838444665916
2025-11-01 07:00:00+00:00,angiang_longxuyen,86.77151944210313
2025-11-01 07:00:00+00:00,bacgiang_bacgiangcity,68.53292057978862
2025-11-01 07:00:00+00:00,baclieu_baclieucity,53.927310794857576
2025-11-01 07:00:00+00:00,bentre_bentrecity,73.75006750788117
2025-11-01 07:00:00+00:00,bacninh_bacninhcity,69.62057544793058
2025-11-01 08:00:00+00:00,baclieu_baclieucity,54.3430222554135
2025-11-01 08:00:00+00:00,bacninh_bacninhcity,69.17040745998679
2025-11-01 08:00:00+00:00,bentre_bentrecity,75.97261695628873
2025-11-01 08:00:00+00:00,angiang_longxuyen,87.33159191382431
2025-11-01 08:00:00+00:00,bacgiang_bacgiangcity,68.24706972704587
2025-11-01 08:00:00+00:00,backan_backancity,57.70173239012017
2025-11-01 09:00:00+00:00,bacgiang_bacgiangcity,68.09387837399741
2025-11-01 09:00:00+00:00,backan_backancity,56.9849369270642
2025-11-01 09:00:00+00:00,bacninh_bacninhcity,68.8888010532579
2025-11-01 09:00:00+00:00,baclieu_baclieucity,54.51701214163025
2025-11-01 09:00:00+00:00,bentre_bentrecity,78.4071992879509
2025-11-01 09:00:00+00:00,angiang_longxuyen,87.7711843025031
2025-11-01 10:00:00+00:00,angiang_longxuyen,87.338896946864
2025-11-01 10:00:00+00:00,bentre_bentrecity,79.98582415560024
2025-11-01 10:00:00+00:00,backan_backancity,56.29385737356251
2025-11-01 10:00:00+00:00,bacninh_bacninhcity,68.8000415371737
2025-11-01 10:00:00+00:00,bacgiang_bacgiangcity,68.0922633411043
2025-11-01 10:00:00+00:00,baclieu_baclieucity,54.29536881572773
2025-11-01 11:00:00+00:00,bacninh_bacninhcity,68.93932815486615
2025-11-01 11:00:00+00:00,bentre_bentrecity,80.33833748487413
2025-11-01 11:00:00+00:00,bacgiang_bacgiangcity,68.29814015762125
2025-11-01 11:00:00+00:00,angiang_longxuyen,85.76614526596255
2025-11-01 11:00:00+00:00,baclieu_baclieucity,53.64764093219959
2025-11-01 11:00:00+00:00,backan_backancity,55.60379967729257
2025-11-01 12:00:00+00:00,bacgiang_bacgiangcity,68.74438521072898
2025-11-01 12:00:00+00:00,bacninh_bacninhcity,69.32873053020643
2025-11-01 12:00:00+00:00,bentre_bentrecity,79.7663292222191
2025-11-01 12:00:00+00:00,baclieu_baclieucity,52.74588432552641
2025-11-01 12:00:00+00:00,backan_backancity,55.001467178201516
2025-11-01 12:00:00+00:00,angiang_longxuyen,83.7929962751406
2025-11-01 13:00:00+00:00,backan_backancity,54.598077820459736
2025-11-01 13:00:00+00:00,angiang_longxuyen,81.82373283413403
2025-11-01 13:00:00+00:00,baclieu_baclieucity,51.76572883816516
2025-11-01 13:00:00+00:00,bacninh_bacninhcity,69.50003118726936
2025-11-01 13:00:00+00:00,bacgiang_bacgiangcity,68.88632616488927
2025-11-01 13:00:00+00:00,bentre_bentrecity,80.33407559251731
2025-11-01 14:00:00+00:00,bacninh_bacninhcity,69.50136458634006
2025-11-01 14:00:00+00:00,baclieu_baclieucity,50.810845624779525
2025-11-01 14:00:00+00:00,bacgiang_bacgiangcity,68.84603258960685
2025-11-01 14:00:00+00:00,backan_backancity,54.41497097386795
2025-11-01 14:00:00+00:00,angiang_longxuyen,80.1789626494062
2025-11-01 14:00:00+00:00,bentre_bentrecity,81.51685041492745
2025-11-01 15:00:00+00:00,bacgiang_bacgiangcity,68.59338461989202
2025-11-01 15:00:00+00:00,baclieu_baclieucity,49.99053851648141
2025-11-01 15:00:00+00:00,backan_backancity,54.320152592099866
2025-11-01 15:00:00+00:00,angiang_longxuyen,79.10961397972095
2025-11-01 15:00:00+00:00,bacninh_bacninhcity,69.3338373240305
2025-11-01 15:00:00+00:00,bentre_bentrecity,83.44191977682793
2025-11-01 16:00:00+00:00,angiang_longxuyen,78.58223844708124
2025-11-01 16:00:00+00:00,backan_backancity,54.2805593628714
2025-11-01 16:00:00+00:00,bentre_bentrecity,86.08439771612345
2025-11-01 16:00:00+00:00,baclieu_baclieucity,49.37113850928531
2025-11-01 16:00:00+00:00,bacninh_bacninhcity,69.05596194236486
2025-11-01 16:00:00+00:00,bacgiang_bacgiangcity,68.25978561874444
2025-11-01 17:00:00+00:00,bacninh_bacninhcity,68.77897881652598
2025-11-01 17:00:00+00:00,baclieu_baclieucity,48.932891358267106
2025-11-01 17:00:00+00:00,bacgiang_bacgiangcity,67.95422787543708
2025-11-01 17:00:00+00:00,bentre_bentrecity,89.23100705145463
2025-11-01 17:00:00+00:00,angiang_longxuyen,78.55522652347692
2025-11-01 17:00:00+00:00,backan_backancity,54.33526610979101
2025-11-01 18:00:00+00:00,bentre_bentrecity,91.29430690421351
2025-11-01 18:00:00+00:00,angiang_longxuyen,78.84804095940387
2025-11-01 18:00:00+00:00,backan_backancity,54.46952319603544
2025-11-01 18:00:00+00:00,bacgiang_bacgiangcity,67.7386334458796
2025-11-01 18:00:00+00:00,baclieu_baclieucity,48.65651137742843
2025-11-01 18:00:00+00:00,bacninh_bacninhcity,68.48113983382044
2025-11-01 19:00:00+00:00,backan_backancity,54.591517995498805
2025-11-01 19:00:00+00:00,bacgiang_bacgiangcity,67.57632014778669
2025-11-01 19:00:00+00:00,angiang_longxuyen,79.5060883548054
2025-11-01 19:00:00+00:00,baclieu_baclieucity,48.49716146530761
2025-11-01 19:00:00+00:00,bentre_bentrecity,92.28382048533315
2025-11-01 19:00:00+00:00,bacninh_bacninhcity,68.13180921597325
2025-11-01 20:00:00+00:00,baclieu_baclieucity,48.447434403141784
2025-11-01 20:00:00+00:00,bentre_bentrecity,92.56272333198363
2025-11-01 20:00:00+00:00,angiang_longxuyen,80.5050472613983
2025-11-01 20:00:00+00:00,bacgiang_bacgiangcity,67.51599318609243
2025-11-01 20:00:00+00:00,backan_backancity,54.626674868940626
2025-11-01 20:00:00+00:00,bacninh_bacninhcity,67.86247257302955
2025-11-01 21:00:00+00:00,baclieu_baclieucity,48.501288771590026
2025-11-01 21:00:00+00:00,bacninh_bacninhcity,67.54121062870439
2025-11-01 21:00:00+00:00,angiang_longxuyen,81.6450536201574
2025-11-01 21:00:00+00:00,backan_backancity,54.573279090079325
2025-11-01 21:00:00+00:00,bacgiang_bacgiangcity,67.46708111737729
2025-11-01 21:00:00+00:00,bentre_bentrecity,92.44981870029716
2025-11-01 22:00:00+00:00,bentre_bentrecity,92.07036884054396
2025-11-01 22:00:00+00:00,bacgiang_bacgiangcity,67.43827720511534
2025-11-01 22:00:00+00:00,bacninh_bacninhcity,67.33633074607208
2025-11-01 22:00:00+00:00,angiang_longxuyen,82.6848232614854
2025-11-01 22:00:00+00:00,baclieu_baclieucity,48.62638403543462
2025-11-01 22:00:00+00:00,backan_backancity,54.52326790175637
2025-11-01 23:00:00+00:00,baclieu_baclieucity,48.7952247581372
2025-11-01 23:00:00+00:00,bacgiang_bacgiangcity,67.60932364403769
2025-11-01 23:00:00+00:00,bacninh_bacninhcity,67.45974368398635
2025-11-01 23:00:00+00:00,bentre_bentrecity,91.3428170839564
2025-11-01 23:00:00+00:00,angiang_longxuyen,83.42965998238158
2025-11-01 23:00:00+00:00,backan_backancity,54.519499491672434
2025-11-02 00:00:00+00:00,baclieu_baclieucity,48.86868881609631
2025-11-02 00:00:00+00:00,bentre_bentrecity,90.31890367606361
2025-11-02 00:00:00+00:00,backan_backancity,54.61197009414219
2025-11-02 00:00:00+00:00,bacninh_bacninhcity,67.77402459878431
2025-11-02 00:00:00+00:00,bacgiang_bacgiangcity,67.98637400854729
2025-11-02 00:00:00+00:00,angiang_longxuyen,84.20980311680228
2025-11-02 01:00:00+00:00,bentre_bentrecity,90.04231683144387
2025-11-02 01:00:00+00:00,bacgiang_bacgiangcity,68.09631587734536
2025-11-02 01:00:00+00:00,baclieu_baclieucity,48.53023973159996
2025-11-02 01:00:00+00:00,backan_backancity,54.593142997730766
2025-11-02 01:00:00+00:00,bacninh_bacninhcity,67.83136823582879
2025-11-02 01:00:00+00:00,angiang_longxuyen,85.08822773207282
2025-11-02 02:00:00+00:00,bacgiang_bacgiangcity,67.9206062801776
2025-11-02 02:00:00+00:00,bentre_bentrecity,89.32259038276706
2025-11-02 02:00:00+00:00,angiang_longxuyen,85.22023673240739
2025-11-02 02:00:00+00:00,backan_backancity,54.455850247807604
2025-11-02 02:00:00+00:00,baclieu_baclieucity,47.857648316988914
2025-11-02 02:00:00+00:00,bacninh_bacninhcity,67.6139868022831
2025-11-02 03:00:00+00:00,baclieu_baclieucity,46.8168443567556
2025-11-02 03:00:00+00:00,bacninh_bacninhcity,67.25329113815101
2025-11-02 03:00:00+00:00,backan_backancity,54.29064334911453
2025-11-02 03:00:00+00:00,bacgiang_bacgiangcity,67.54654671732193
2025-11-02 03:00:00+00:00,bentre_bentrecity,87.6620748734987
2025-11-02 03:00:00+00:00,angiang_longxuyen,84.65738655365013
2025-11-02 04:00:00+00:00,baclieu_baclieucity,45.70054757810795
2025-11-02 04:00:00+00:00,bentre_bentrecity,85.89963595928317
2025-11-02 04:00:00+00:00,bacninh_bacninhcity,66.78415897538667
2025-11-02 04:00:00+00:00,angiang_longxuyen,83.65139303233373
2025-11-02 04:00:00+00:00,bacgiang_bacgiangcity,67.04489457124063
2025-11-02 04:00:00+00:00,backan_backancity,54.19811791528112
2025-11-02 05:00:00+00:00,baclieu_baclieucity,44.53311806051712
2025-11-02 05:00:00+00:00,bentre_bentrecity,84.85241922183691
2025-11-02 05:00:00+00:00,bacgiang_bacgiangcity,66.41735958354587
2025-11-02 05:00:00+00:00,bacninh_bacninhcity,66.19240394481163
2025-11-02 05:00:00+00:00,backan_backancity,53.98754554016751
2025-11-02 05:00:00+00:00,angiang_longxuyen,82.28160587483873
2025-11-02 06:00:00+00:00,bacninh_bacninhcity,65.7604275079278
2025-11-02 06:00:00+00:00,bentre_bentrecity,84.77505715238887
2025-11-02 06:00:00+00:00,angiang_longxuyen,80.89620174804084
2025-11-02 06:00:00+00:00,backan_backancity,53.84035323676988
2025-11-02 06:00:00+00:00,baclieu_baclieucity,43.48611317152135
2025-11-02 06:00:00+00:00,bacgiang_bacgiangcity,65.79541241027454
2025-11-02 07:00:00+00:00,baclieu_baclieucity,42.49600329932197
2025-11-02 07:00:00+00:00,bacgiang_bacgiangcity,65.3730588777122
2025-11-02 07:00:00+00:00,bacninh_bacninhcity,65.52369060301183
2025-11-02 07:00:00+00:00,backan_backancity,53.77184394021744
2025-11-02 07:00:00+00:00,angiang_longxuyen,79.60549263244282
2025-11-02 07:00:00+00:00,bentre_bentrecity,85.71383988353757
2025-11-02 08:00:00+00:00,backan_backancity,53.72670775859037
2025-11-02 08:00:00+00:00,angiang_longxuyen,78.54626408785401
2025-11-02 08:00:00+00:00,baclieu_baclieucity,41.61527701294526
2025-11-02 08:00:00+00:00,bentre_bentrecity,87.17035156582475
2025-11-02 08:00:00+00:00,bacninh_bacninhcity,65.43996809537978
2025-11-02 08:00:00+00:00,bacgiang_bacgiangcity,65.2476844723799
2025-11-02 09:00:00+00:00,bacgiang_bacgiangcity,65.30947941921929
2025-11-02 09:00:00+00:00,angiang_longxuyen,77.42359690168351
2025-11-02 09:00:00+00:00,bentre_bentrecity,89.20258446640355
2025-11-02 09:00:00+00:00,baclieu_baclieucity,40.70466763337648
2025-11-02 09:00:00+00:00,backan_backancity,53.65656349046712
2025-11-02 09:00:00+00:00,bacninh_bacninhcity,65.55120348589318
2025-11-02 10:00:00+00:00,bacgiang_bacgiangcity,65.4585110656341
2025-11-02 10:00:00+00:00,bentre_bentrecity,91.07488424853902
2025-11-02 10:00:00+00:00,baclieu_baclieucity,39.894085615123025
2025-11-02 10:00:00+00:00,angiang_longxuyen,75.86208440416402
2025-11-02 10:00:00+00:00,bacninh_bacninhcity,65.78446358388648
2025-11-02 10:00:00+00:00,backan_backancity,53.58462474135151
2025-11-02 11:00:00+00:00,backan_backancity,53.49245321904715
2025-11-02 11:00:00+00:00,bacninh_bacninhcity,66.0801093120458
2025-11-02 11:00:00+00:00,baclieu_baclieucity,39.12267312919706
2025-11-02 11:00:00+00:00,bacgiang_bacgiangcity,65.64980273941876
2025-11-02 11:00:00+00:00,angiang_longxuyen,74.019282026424
2025-11-02 11:00:00+00:00,bentre_bentrecity,91.91609269881229
2025-11-02 12:00:00+00:00,bacninh_bacninhcity,66.34230790837549
2025-11-02 12:00:00+00:00,angiang_longxuyen,72.32825784795095
2025-11-02 12:00:00+00:00,baclieu_baclieucity,38.32922341975114
2025-11-02 12:00:00+00:00,bacgiang_bacgiangcity,65.78750921690406
2025-11-02 12:00:00+00:00,bentre_bentrecity,91.26150840249255
2025-11-02 12:00:00+00:00,backan_backancity,53.36884338669066
2025-11-02 13:00:00+00:00,baclieu_baclieucity,37.53788222547123
2025-11-02 13:00:00+00:00,bacninh_bacninhcity,66.82044986112226
2025-11-02 13:00:00+00:00,backan_backancity,53.471851580321065
2025-11-02 13:00:00+00:00,bacgiang_bacgiangcity,66.21858342862228
2025-11-02 13:00:00+00:00,angiang_longxuyen,70.52869747745719
2025-11-02 13:00:00+00:00,bentre_bentrecity,88.64558628954913
2025-11-02 14:00:00+00:00,bentre_bentrecity,85.37728995809147
2025-11-02 14:00:00+00:00,bacninh_bacninhcity,67.41027582463052
2025-11-02 14:00:00+00:00,angiang_longxuyen,68.98832247062677
2025-11-02 14:00:00+00:00,bacgiang_bacgiangcity,66.79645117018427
2025-11-02 14:00:00+00:00,baclieu_baclieucity,36.66495196207241
2025-11-02 14:00:00+00:00,backan_backancity,53.65942967538546
2025-11-02 15:00:00+00:00,bentre_bentrecity,82.24258463642657
2025-11-02 15:00:00+00:00,angiang_longxuyen,67.990610977557
2025-11-02 15:00:00+00:00,bacninh_bacninhcity,68.0101633433695
2025-11-02 15:00:00+00:00,baclieu_baclieucity,35.79585490946002
2025-11-02 15:00:00+00:00,bacgiang_bacgiangcity,67.44893941301156
2025-11-02 15:00:00+00:00,backan_backancity,53.843094804952635
2025-11-02 16:00:00+00:00,bacgiang_bacgiangcity,68.10758870724592
2025-11-02 16:00:00+00:00,angiang_longxuyen,67.43553563693258
2025-11-02 16:00:00+00:00,bentre_bentrecity,79.70475858550375
2025-11-02 16:00:00+00:00,baclieu_baclieucity,35.006382966213806
2025-11-02 16:00:00+00:00,bacninh_bacninhcity,68.54949460562075
2025-11-02 16:00:00+00:00,backan_backancity,53.98719661330789
2025-11-02 17:00:00+00:00,bacninh_bacninhcity,68.86895209961472
2025-11-02 17:00:00+00:00,bentre_bentrecity,77.48622428831658
2025-11-02 17:00:00+00:00,baclieu_baclieucity,34.27430450670631
2025-11-02 17:00:00+00:00,bacgiang_bacgiangcity,68.66367842809797
2025-11-02 17:00:00+00:00,angiang_longxuyen,67.3166961332141
2025-11-02 17:00:00+00:00,backan_backancity,54.061243877589504
2025-11-02 18:00:00+00:00,angiang_longxuyen,67.45022047305332
2025-11-02 18:00:00+00:00,backan_backancity,54.01915332898002
2025-11-02 18:00:00+00:00,bentre_bentrecity,75.60363427924058
2025-11-02 18:00:00+00:00,baclieu_baclieucity,33.645443596944986
2025-11-02 18:00:00+00:00,bacninh_bacninhcity,68.96107626755956
2025-11-02 18:00:00+00:00,bacgiang_bacgiangcity,69.05009997112317
2025-11-02 19:00:00+00:00,backan_backancity,53.8965254764999
2025-11-02 19:00:00+00:00,bentre_bentrecity,73.86129292905571
2025-11-02 19:00:00+00:00,baclieu_baclieucity,33.15830680822404
2025-11-02 19:00:00+00:00,bacgiang_bacgiangcity,69.3461519498405
2025-11-02 19:00:00+00:00,bacninh_bacninhcity,68.99162232178492
2025-11-02 19:00:00+00:00,angiang_longxuyen,67.64600084165359
2025-11-02 20:00:00+00:00,backan_backancity,53.712830438916185
2025-11-02 20:00:00+00:00,bentre_bentrecity,72.27239964239459
2025-11-02 20:00:00+00:00,baclieu_baclieucity,32.70827091401998
2025-11-02 20:00:00+00:00,bacgiang_bacgiangcity,69.5433978112512
2025-11-02 20:00:00+00:00,bacninh_bacninhcity,68.86439860409662
2025-11-02 20:00:00+00:00,angiang_longxuyen,67.8622706939179
2025-11-02 21:00:00+00:00,bentre_bentrecity,70.93986790416858
2025-11-02 21:00:00+00:00,bacninh_bacninhcity,68.64377962776055
2025-11-02 21:00:00+00:00,backan_backancity,53.51193829182243
2025-11-02 21:00:00+00:00,bacgiang_bacgiangcity,69.59309247306577
2025-11-02 21:00:00+00:00,baclieu_baclieucity,32.29181175305057
2025-11-02 21:00:00+00:00,angiang_longxuyen,67.90432136517201
2025-11-02 22:00:00+00:00,angiang_longxuyen,67.69134887173114
2025-11-02 22:00:00+00:00,backan_backancity,53.26875620934226
2025-11-02 22:00:00+00:00,bacgiang_bacgiangcity,69.59147993250737
2025-11-02 22:00:00+00:00,bentre_bentrecity,69.81465355192282
2025-11-02 22:00:00+00:00,bacninh_bacninhcity,68.44267812455104
2025-11-02 22:00:00+00:00,baclieu_baclieucity,31.913455405152092
2025-11-02 23:00:00+00:00,bacninh_bacninhcity,67.96567516876746
2025-11-02 23:00:00+00:00,backan_backancity,52.93813305584034
2025-11-02 23:00:00+00:00,baclieu_baclieucity,31.546992478497373
2025-11-02 23:00:00+00:00,bacgiang_bacgiangcity,69.48789351722387
2025-11-02 23:00:00+00:00,bentre_bentrecity,68.81687227348114
2025-11-02 23:00:00+00:00,angiang_longxuyen,67.02822583668946
2025-11-03 00:00:00+00:00,angiang_longxuyen,65.9795685297799
2025-11-03 00:00:00+00:00,bacninh_bacninhcity,67.27681877782851
2025-11-03 00:00:00+00:00,backan_backancity,52.392261907305844
2025-11-03 00:00:00+00:00,baclieu_baclieucity,31.189551803498645
2025-11-03 00:00:00+00:00,bacgiang_bacgiangcity,69.09484236386581
2025-11-03 00:00:00+00:00,bentre_bentrecity,67.87401208274426
2025-11-03 01:00:00+00:00,backan_backancity,51.745775206464096
2025-11-03 01:00:00+00:00,bacgiang_bacgiangcity,68.47381735443776
2025-11-03 01:00:00+00:00,baclieu_baclieucity,30.734476408507717
2025-11-03 01:00:00+00:00,bacninh_bacninhcity,66.5036118109102
2025-11-03 01:00:00+00:00,bentre_bentrecity,67.24987663959612
2025-11-03 01:00:00+00:00,angiang_longxuyen,65.21789110323743
2025-11-03 02:00:00+00:00,bacninh_bacninhcity,65.8526713079388
2025-11-03 02:00:00+00:00,backan_backancity,51.079449521318004
2025-11-03 02:00:00+00:00,bacgiang_bacgiangcity,67.79079302672395
2025-11-03 02:00:00+00:00,baclieu_baclieucity,30.09090075460911
2025-11-03 02:00:00+00:00,bentre_bentrecity,67.02248598984865
2025-11-03 02:00:00+00:00,angiang_longxuyen,64.41280468302307
2025-11-03 03:00:00+00:00,backan_backancity,50.35355205189527
2025-11-03 03:00:00+00:00,bacgiang_bacgiangcity,67.20579720788677
2025-11-03 03:00:00+00:00,angiang_longxuyen,63.528452049640975
2025-11-03 03:00:00+00:00,bentre_bentrecity,67.04581922741863
2025-11-03 03:00:00+00:00,bacninh_bacninhcity,65.29332410561871
2025-11-03 03:00:00+00:00,baclieu_baclieucity,29.304509337066435
2025-11-03 04:00:00+00:00,bacgiang_bacgiangcity,66.77553549728454
2025-11-03 04:00:00+00:00,backan_backancity,49.65006565619924
2025-11-03 04:00:00+00:00,bacninh_bacninhcity,64.861631794892
2025-11-03 04:00:00+00:00,bentre_bentrecity,67.20851385272242
2025-11-03 04:00:00+00:00,baclieu_baclieucity,28.44693684016049
2025-11-03 04:00:00+00:00,angiang_longxuyen,62.64186877669201
2025-11-03 05:00:00+00:00,backan_backancity,48.98910846002194
2025-11-03 05:00:00+00:00,baclieu_baclieucity,27.6285488295903
2025-11-03 05:00:00+00:00,bacgiang_bacgiangcity,66.38568450169616
2025-11-03 05:00:00+00:00,bentre_bentrecity,67.270004734727
2025-11-03 05:00:00+00:00,bacninh_bacninhcity,64.5418652513938
2025-11-03 05:00:00+00:00,angiang_longxuyen,61.97710329307539
2025-11-03 06:00:00+00:00,angiang_longxuyen,61.52852043000818
2025-11-03 06:00:00+00:00,baclieu_baclieucity,27.10593116391503
2025-11-03 06:00:00+00:00,bacninh_bacninhcity,64.40410643487958
2025-11-03 06:00:00+00:00,bentre_bentrecity,67.55833296817308
2025-11-03 06:00:00+00:00,backan_backancity,48.39163102894908
2025-11-03 06:00:00+00:00,bacgiang_bacgiangcity,66.02909371283408
2025-11-03 07:00:00+00:00,bacgiang_bacgiangcity,65.79848047430451
2025-11-03 07:00:00+00:00,baclieu_baclieucity,26.899391386364798
2025-11-03 07:00:00+00:00,angiang_longxuyen,61.31010716989188
2025-11-03 07:00:00+00:00,backan_backancity,47.78962751803994
2025-11-03 07:00:00+00:00,bentre_bentrecity,67.92876618402337
2025-11-03 07:00:00+00:00,bacninh_bacninhcity,64.4926790258604
2025-11-03 08:00:00+00:00,angiang_longxuyen,61.332271502482136
2025-11-03 08:00:00+00:00,bacninh_bacninhcity,64.75461343471065
2025-11-03 08:00:00+00:00,bacgiang_bacgiangcity,65.6591141019013
2025-11-03 08:00:00+00:00,bentre_bentrecity,69.24010061552724
2025-11-03 08:00:00+00:00,baclieu_baclieucity,26.856647846060866
2025-11-03 08:00:00+00:00,backan_backancity,47.19720952643163
2025-11-03 09:00:00+00:00,bentre_bentrecity,71.72468665850823
2025-11-03 09:00:00+00:00,baclieu_baclieucity,26.824013215347193
2025-11-03 09:00:00+00:00,backan_backancity,46.620523151522924
2025-11-03 09:00:00+00:00,bacninh_bacninhcity,65.11553590130148
2025-11-03 09:00:00+00:00,bacgiang_bacgiangcity,65.58506185295026
2025-11-03 09:00:00+00:00,angiang_longxuyen,61.558206628758036
2025-11-03 10:00:00+00:00,backan_backancity,46.093917750309096
2025-11-03 10:00:00+00:00,baclieu_baclieucity,26.68644132393632
2025-11-03 10:00:00+00:00,bacninh_bacninhcity,65.46280785067688
2025-11-03 10:00:00+00:00,angiang_longxuyen,61.68624783223174
2025-11-03 10:00:00+00:00,bentre_bentrecity,74.91333731883833
2025-11-03 10:00:00+00:00,bacgiang_bacgiangcity,65.50773716852288
2025-11-03 11:00:00+00:00,angiang_longxuyen,61.46426056413901
2025-11-03 11:00:00+00:00,bacninh_bacninhcity,65.71930647752114
2025-11-03 11:00:00+00:00,backan_backancity,45.52771413519738
2025-11-03 11:00:00+00:00,bacgiang_bacgiangcity,65.46625724191773
2025-11-03 11:00:00+00:00,baclieu_baclieucity,26.418430603059207
2025-11-03 11:00:00+00:00,bentre_bentrecity,77.88065370277016
2025-11-03 12:00:00+00:00,bacgiang_bacgiangcity,65.51774389238996
2025-11-03 12:00:00+00:00,bacninh_bacninhcity,65.90712882138726
2025-11-03 12:00:00+00:00,angiang_longxuyen,60.93426558771741
2025-11-03 12:00:00+00:00,bentre_bentrecity,79.92834593248134
2025-11-03 12:00:00+00:00,backan_backancity,44.92274973065087
2025-11-03 12:00:00+00:00,baclieu_baclieucity,26.069488789427027
2025-11-03 13:00:00+00:00,baclieu_baclieucity,25.72655848711922
2025-11-03 13:00:00+00:00,bacgiang_bacgiangcity,65.48057321250117
2025-11-03 13:00:00+00:00,bacninh_bacninhcity,65.9022164296707
2025-11-03 13:00:00+00:00,bentre_bentrecity,80.90582091386025
2025-11-03 13:00:00+00:00,angiang_longxuyen,61.10089560953081
2025-11-03 13:00:00+00:00,backan_backancity,44.315432562136614
2025-11-03 14:00:00+00:00,angiang_longxuyen,61.728836847783555
2025-11-03 14:00:00+00:00,bacgiang_bacgiangcity,65.26609285655977
2025-11-03 14:00:00+00:00,bentre_bentrecity,81.4138521906359
2025-11-03 14:00:00+00:00,backan_backancity,43.625982995536305
2025-11-03 14:00:00+00:00,baclieu_baclieucity,25.42178084457659
2025-11-03 14:00:00+00:00,bacninh_bacninhcity,65.62196834535962
2025-11-03 15:00:00+00:00,bentre_bentrecity,82.2354254049675
2025-11-03 15:00:00+00:00,baclieu_baclieucity,25.240074690092726
2025-11-03 15:00:00+00:00,bacgiang_bacgiangcity,64.92003716652363
2025-11-03 15:00:00+00:00,angiang_longxuyen,63.0013631354931
2025-11-03 15:00:00+00:00,backan_backancity,42.93143909678549
2025-11-03 15:00:00+00:00,bacninh_bacninhcity,65.28517417111178
2025-11-03 16:00:00+00:00,bacninh_bacninhcity,64.84708652951511
2025-11-03 16:00:00+00:00,baclieu_baclieucity,25.133228301006454
2025-11-03 16:00:00+00:00,bentre_bentrecity,83.76786232574148
2025-11-03 16:00:00+00:00,angiang_longxuyen,64.46832143872393
2025-11-03 16:00:00+00:00,backan_backancity,42.23546459791022
2025-11-03 16:00:00+00:00,bacgiang_bacgiangcity,64.44182792073963
2025-11-03 17:00:00+00:00,bacgiang_bacgiangcity,63.79153791712798
2025-11-03 17:00:00+00:00,bentre_bentrecity,85.97085940833654
2025-11-03 17:00:00+00:00,baclieu_baclieucity,25.019747316917915
2025-11-03 17:00:00+00:00,bacninh_bacninhcity,64.15652039696401
2025-11-03 17:00:00+00:00,angiang_longxuyen,65.8360374660736
2025-11-03 17:00:00+00:00,backan_backancity,41.504901477907374
2025-11-03 18:00:00+00:00,angiang_longxuyen,67.01808951141739
2025-11-03 18:00:00+00:00,bacninh_bacninhcity,63.24593594074234
2025-11-03 18:00:00+00:00,bentre_bentrecity,88.58117812976462
2025-11-03 18:00:00+00:00,backan_backancity,40.78385409183341
2025-11-03 18:00:00+00:00,bacgiang_bacgiangcity,63.02857444587434
2025-11-03 18:00:00+00:00,baclieu_baclieucity,24.955754130862886
2025-11-03 19:00:00+00:00,bentre_bentrecity,91.1825450079923
2025-11-03 19:00:00+00:00,backan_backancity,40.090611191802054
2025-11-03 19:00:00+00:00,bacgiang_bacgiangcity,62.119669823248294
2025-11-03 19:00:00+00:00,angiang_longxuyen,68.11547694660814
2025-11-03 19:00:00+00:00,bacninh_bacninhcity,62.299830730210964
2025-11-03 19:00:00+00:00,baclieu_baclieucity,24.963365721072122
2025-11-03 20:00:00+00:00,baclieu_baclieucity,25.041744663082497
2025-11-03 20:00:00+00:00,angiang_longxuyen,69.20682545479268
2025-11-03 20:00:00+00:00,backan_backancity,39.4250232377306
2025-11-03 20:00:00+00:00,bacgiang_bacgiangcity,61.16851763492592
2025-11-03 20:00:00+00:00,bentre_bentrecity,93.77254746301877
2025-11-03 20:00:00+00:00,bacninh_bacninhcity,61.353924906456506
2025-11-03 21:00:00+00:00,backan_backancity,38.79236899453822
2025-11-03 21:00:00+00:00,bentre_bentrecity,96.45849281008101
2025-11-03 21:00:00+00:00,baclieu_baclieucity,25.18593121081794
2025-11-03 21:00:00+00:00,angiang_longxuyen,70.30937949984057
2025-11-03 21:00:00+00:00,bacgiang_bacgiangcity,60.080855289779834
2025-11-03 21:00:00+00:00,bacninh_bacninhcity,60.38219600275517
2025-11-03 22:00:00+00:00,bacgiang_bacgiangcity,58.94145706069036
2025-11-03 22:00:00+00:00,bacninh_bacninhcity,59.26126597387866
2025-11-03 22:00:00+00:00,backan_backancity,38.169723967547625
2025-11-03 22:00:00+00:00,bentre_bentrecity,99.29075596259896
2025-11-03 22:00:00+00:00,baclieu_baclieucity,25.303723933957542
2025-11-03 22:00:00+00:00,angiang_longxuyen,71.42654610330257
2025-11-03 23:00:00+00:00,bacninh_bacninhcity,58.13232308890434
2025-11-03 23:00:00+00:00,backan_backancity,37.526003758235746
2025-11-03 23:00:00+00:00,baclieu_baclieucity,25.373618968609634
2025-11-03 23:00:00+00:00,bentre_bentrecity,102.20804184261381
2025-11-03 23:00:00+00:00,bacgiang_bacgiangcity,57.90115904440351
2025-11-03 23:00:00+00:00,angiang_longxuyen,72.69276678419178
2025-11-04 00:00:00+00:00,angiang_longxuyen,74.1535092046519
2025-11-04 00:00:00+00:00,backan_backancity,36.921154001085974
2025-11-04 00:00:00+00:00,baclieu_baclieucity,25.403078364900736
2025-11-04 00:00:00+00:00,bentre_bentrecity,105.24822100875556
2025-11-04 00:00:00+00:00,bacgiang_bacgiangcity,57.0225811505482
2025-11-04 00:00:00+00:00,bacninh_bacninhcity,57.10027220817817
2025-11-04 01:00:00+00:00,backan_backancity,36.32686177377453
2025-11-04 01:00:00+00:00,bacgiang_bacgiangcity,56.301543733813084
2025-11-04 01:00:00+00:00,baclieu_baclieucity,25.29494094643387
2025-11-04 01:00:00+00:00,bacninh_bacninhcity,56.236738046642074
2025-11-04 01:00:00+00:00,angiang_longxuyen,77.34719438109943
2025-11-04 01:00:00+00:00,bentre_bentrecity,109.35211056038125
2025-11-04 02:00:00+00:00,bacninh_bacninhcity,55.56163435864173
2025-11-04 02:00:00+00:00,bentre_bentrecity,111.89508328248351
2025-11-04 02:00:00+00:00,baclieu_baclieucity,24.946542461768814
2025-11-04 02:00:00+00:00,angiang_longxuyen,79.53866690798806
2025-11-04 02:00:00+00:00,backan_backancity,35.78516777821668
2025-11-04 02:00:00+00:00,bacgiang_bacgiangcity,55.66814677487665
2025-11-04 03:00:00+00:00,angiang_longxuyen,80.70238658536067
2025-11-04 03:00:00+00:00,bacgiang_bacgiangcity,55.071501783597455
2025-11-04 03:00:00+00:00,baclieu_baclieucity,24.467964350447517
2025-11-04 03:00:00+00:00,backan_backancity,35.246858373197185
2025-11-04 03:00:00+00:00,bentre_bentrecity,112.8253970602822
2025-11-04 03:00:00+00:00,bacninh_bacninhcity,55.07245385545728
2025-11-04 04:00:00+00:00,bacninh_bacninhcity,54.57612533631997
2025-11-04 04:00:00+00:00,angiang_longxuyen,81.11527423068836
2025-11-04 04:00:00+00:00,baclieu_baclieucity,24.06726671419426
2025-11-04 04:00:00+00:00,backan_backancity,34.71245694900548
2025-11-04 04:00:00+00:00,bentre_bentrecity,113.08545972576404
2025-11-04 04:00:00+00:00,bacgiang_bacgiangcity,54.55462147242829
2025-11-04 05:00:00+00:00,angiang_longxuyen,81.11103850784599
2025-11-04 05:00:00+00:00,bacgiang_bacgiangcity,54.09417260379916
2025-11-04 05:00:00+00:00,baclieu_baclieucity,23.82475756208622
2025-11-04 05:00:00+00:00,bacninh_bacninhcity,54.06240530556511
2025-11-04 05:00:00+00:00,bentre_bentrecity,113.47076719517317
2025-11-04 05:00:00+00:00,backan_backancity,34.17652024663142
2025-11-04 06:00:00+00:00,baclieu_baclieucity,23.751996342515795
2025-11-04 06:00:00+00:00,angiang_longxuyen,81.25844141352675
2025-11-04 06:00:00+00:00,bacninh_bacninhcity,53.477693612885055
2025-11-04 06:00:00+00:00,bentre_bentrecity,115.36539144240412
2025-11-04 06:00:00+00:00,backan_backancity,33.74687663503765
2025-11-04 06:00:00+00:00,bacgiang_bacgiangcity,53.55647132844929
2025-11-04 07:00:00+00:00,bacninh_bacninhcity,52.95367525510187
2025-11-04 07:00:00+00:00,backan_backancity,33.443828672784875
2025-11-04 07:00:00+00:00,bacgiang_bacgiangcity,53.0678640622485
2025-11-04 07:00:00+00:00,angiang_longxuyen,81.9881334625479
2025-11-04 07:00:00+00:00,bentre_bentrecity,119.92249959966058
2025-11-04 07:00:00+00:00,baclieu_baclieucity,23.797685822448827
2025-11-04 08:00:00+00:00,baclieu_baclieucity,23.90094823421981
2025-11-04 08:00:00+00:00,bacninh_bacninhcity,52.53097528801462
2025-11-04 08:00:00+00:00,backan_backancity,33.25624559305105
2025-11-04 08:00:00+00:00,bacgiang_bacgiangcity,52.69881907683257
2025-11-04 08:00:00+00:00,angiang_longxuyen,82.87987836068459
2025-11-04 08:00:00+00:00,bentre_bentrecity,126.19106035685373
2025-11-04 09:00:00+00:00,baclieu_baclieucity,24.0224096740549
2025-11-04 09:00:00+00:00,angiang_longxuyen,82.95096722366354
2025-11-04 09:00:00+00:00,bacninh_bacninhcity,52.2549940807298
2025-11-04 09:00:00+00:00,bacgiang_bacgiangcity,52.47530649989634
2025-11-04 09:00:00+00:00,bentre_bentrecity,132.4603588451215
2025-11-04 09:00:00+00:00,backan_backancity,33.1409352352842
2025-11-04 10:00:00+00:00,bacgiang_bacgiangcity,52.486432282048916
2025-11-04 10:00:00+00:00,angiang_longxuyen,81.50293321789788
2025-11-04 10:00:00+00:00,bentre_bentrecity,135.54982206093408
2025-11-04 10:00:00+00:00,backan_backancity,33.006583440320725
2025-11-04 10:00:00+00:00,baclieu_baclieucity,24.12751142884305
2025-11-04 10:00:00+00:00,bacninh_bacninhcity,52.24500480320571
2025-11-04 11:00:00+00:00,bacninh_bacninhcity,52.66618444611888
2025-11-04 11:00:00+00:00,bacgiang_bacgiangcity,52.90660003706918
2025-11-04 11:00:00+00:00,angiang_longxuyen,78.81620886046733
2025-11-04 11:00:00+00:00,baclieu_baclieucity,24.185398394854644
2025-11-04 11:00:00+00:00,backan_backancity,32.78532393396378
2025-11-04 11:00:00+00:00,bentre_bentrecity,133.4875546578295
2025-11-04 12:00:00+00:00,baclieu_baclieucity,24.20537196523341
2025-11-04 12:00:00+00:00,bacgiang_bacgiangcity,53.895488665259876
2025-11-04 12:00:00+00:00,bentre_bentrecity,126.76600708213373
2025-11-04 12:00:00+00:00,bacninh_bacninhcity,53.78638422092491
2025-11-04 12:00:00+00:00,angiang_longxuyen,75.66082588386766
2025-11-04 12:00:00+00:00,backan_backancity,32.42836677189909
2025-11-04 13:00:00+00:00,angiang_longxuyen,72.91284492389542
2025-11-04 13:00:00+00:00,bacgiang_bacgiangcity,54.48349023975924
2025-11-04 13:00:00+00:00,backan_backancity,31.92476562007333
2025-11-04 13:00:00+00:00,baclieu_baclieucity,24.213656485814766
2025-11-04 13:00:00+00:00,bacninh_bacninhcity,54.88564339948407
2025-11-04 13:00:00+00:00,bentre_bentrecity,118.08380085102321
2025-11-04 14:00:00+00:00,bacgiang_bacgiangcity,54.97289505306774
2025-11-04 14:00:00+00:00,baclieu_baclieucity,24.214648435029986
2025-11-04 14:00:00+00:00,bacninh_bacninhcity,55.86634221581245
2025-11-04 14:00:00+00:00,bentre_bentrecity,109.90988385333098
2025-11-04 14:00:00+00:00,angiang_longxuyen,70.71491226543432
2025-11-04 14:00:00+00:00,backan_backancity,31.380673998522923
2025-11-04 15:00:00+00:00,bacgiang_bacgiangcity,55.45284394848042
2025-11-04 15:00:00+00:00,angiang_longxuyen,69.10760810225862
2025-11-04 15:00:00+00:00,bentre_bentrecity,103.22858312164182
2025-11-04 15:00:00+00:00,bacninh_bacninhcity,56.577161060230004
2025-11-04 15:00:00+00:00,baclieu_baclieucity,24.30739319431801
2025-11-04 15:00:00+00:00,backan_backancity,30.852328947680405
2025-11-04 16:00:00+00:00,bentre_bentrecity,97.95377135686884
2025-11-04 16:00:00+00:00,angiang_longxuyen,68.06784344560005
2025-11-04 16:00:00+00:00,backan_backancity,30.372574454375226
2025-11-04 16:00:00+00:00,bacninh_bacninhcity,57.14111658943186
2025-11-04 16:00:00+00:00,baclieu_baclieucity,24.489518061033422
2025-11-04 16:00:00+00:00,bacgiang_bacgiangcity,56.02173928508067
2025-11-04 17:00:00+00:00,bacgiang_bacgiangcity,56.63908062380498
2025-11-04 17:00:00+00:00,backan_backancity,29.986531746226177
2025-11-04 17:00:00+00:00,bentre_bentrecity,93.91631592160634
2025-11-04 17:00:00+00:00,bacninh_bacninhcity,57.56378664850257
2025-11-04 17:00:00+00:00,baclieu_baclieucity,24.856000926365837
2025-11-04 17:00:00+00:00,angiang_longxuyen,67.56539624474576
2025-11-04 18:00:00+00:00,backan_backancity,29.754490399906857
2025-11-04 18:00:00+00:00,bentre_bentrecity,91.17894358433404
2025-11-04 18:00:00+00:00,angiang_longxuyen,67.4760410606655
2025-11-04 18:00:00+00:00,bacninh_bacninhcity,57.96110467888689
2025-11-04 18:00:00+00:00,bacgiang_bacgiangcity,57.11898964186228
2025-11-04 18:00:00+00:00,baclieu_baclieucity,25.3824418334887
2025-11-04 19:00:00+00:00,bacgiang_bacgiangcity,57.579378694458335
2025-11-04 19:00:00+00:00,bentre_bentrecity,89.33670696657356
2025-11-04 19:00:00+00:00,angiang_longxuyen,67.5477206069711
2025-11-04 19:00:00+00:00,baclieu_baclieucity,26.102741519149177
2025-11-04 19:00:00+00:00,backan_backancity,29.640595688256184
2025-11-04 19:00:00+00:00,bacninh_bacninhcity,58.33510941037891
2025-11-04 20:00:00+00:00,backan_backancity,29.7277476484514
2025-11-04 20:00:00+00:00,bacgiang_bacgiangcity,58.030421491885896
2025-11-04 20:00:00+00:00,angiang_longxuyen,67.76478302167371
2025-11-04 20:00:00+00:00,bacninh_bacninhcity,58.68556157884632
2025-11-04 20:00:00+00:00,bentre_bentrecity,87.9174270263756
2025-11-04 20:00:00+00:00,baclieu_baclieucity,27.060550733486238
2025-11-04 21:00:00+00:00,bacninh_bacninhcity,58.95906540542781
2025-11-04 21:00:00+00:00,angiang_longxuyen,68.07836608275241
2025-11-04 21:00:00+00:00,backan_backancity,29.95257617811535
2025-11-04 21:00:00+00:00,baclieu_baclieucity,28.205962966234793
2025-11-04 21:00:00+00:00,bacgiang_bacgiangcity,58.37423906535102
2025-11-04 21:00:00+00:00,bentre_bentrecity,86.72226966203456
2025-11-04 22:00:00+00:00,angiang_longxuyen,68.47777767429449
2025-11-04 22:00:00+00:00,baclieu_baclieucity,29.61675899907445
2025-11-04 22:00:00+00:00,bentre_bentrecity,85.57614088305642
2025-11-04 22:00:00+00:00,bacninh_bacninhcity,59.026891802269276
2025-11-04 22:00:00+00:00,backan_backancity,30.26063871780788
2025-11-04 22:00:00+00:00,bacgiang_bacgiangcity,58.634580872320555
2025-11-04 23:00:00+00:00,angiang_longxuyen,68.82424459955804
2025-11-04 23:00:00+00:00,baclieu_baclieucity,31.286084911548315
2025-11-04 23:00:00+00:00,bacgiang_bacgiangcity,59.040853861323654
2025-11-04 23:00:00+00:00,bentre_bentrecity,84.54964790873711
2025-11-04 23:00:00+00:00,backan_backancity,30.6702489429898
2025-11-04 23:00:00+00:00,bacninh_bacninhcity,59.21382189030865
2025-11-05 00:00:00+00:00,backan_backancity,31.183266135355993
2025-11-05 00:00:00+00:00,angiang_longxuyen,69.01224140685397
2025-11-05 00:00:00+00:00,bentre_bentrecity,83.78451486011703
2025-11-05 00:00:00+00:00,bacgiang_bacgiangcity,59.96820674548496
2025-11-05 00:00:00+00:00,bacninh_bacninhcity,59.77716430517145
2025-11-05 00:00:00+00:00,baclieu_baclieucity,33.22363588568449
2025-11-05 01:00:00+00:00,bentre_bentrecity,83.06341762734883
2025-11-05 01:00:00+00:00,angiang_longxuyen,69.09585923642814
2025-11-05 01:00:00+00:00,backan_backancity,31.656331202295235
2025-11-05 01:00:00+00:00,bacgiang_bacgiangcity,61.04285411876708
2025-11-05 01:00:00+00:00,baclieu_baclieucity,35.312989982434765
2025-11-05 01:00:00+00:00,bacninh_bacninhcity,60.51978035583959
2025-11-05 02:00:00+00:00,backan_backancity,32.07390194454602
2025-11-05 02:00:00+00:00,bentre_bentrecity,82.05474858471953
2025-11-05 02:00:00+00:00,baclieu_baclieucity,37.05328761815612
2025-11-05 02:00:00+00:00,angiang_longxuyen,68.69330730314945
2025-11-05 02:00:00+00:00,bacgiang_bacgiangcity,61.845124200757354
2025-11-05 02:00:00+00:00,bacninh_bacninhcity,61.03281250221405
2025-11-05 03:00:00+00:00,angiang_longxuyen,67.89420497857763
2025-11-05 03:00:00+00:00,backan_backancity,32.43479699545503
2025-11-05 03:00:00+00:00,bacninh_bacninhcity,61.26868705931981
2025-11-05 03:00:00+00:00,bacgiang_bacgiangcity,62.31793504955602
2025-11-05 03:00:00+00:00,baclieu_baclieucity,38.46178571839169
2025-11-05 03:00:00+00:00,bentre_bentrecity,80.53652046413637
2025-11-05 04:00:00+00:00,bentre_bentrecity,78.79026365611959
2025-11-05 04:00:00+00:00,backan_backancity,32.820615393480026
2025-11-05 04:00:00+00:00,bacninh_bacninhcity,61.29462977133285
2025-11-05 04:00:00+00:00,baclieu_baclieucity,39.54421665297813
2025-11-05 04:00:00+00:00,angiang_longxuyen,66.98149954551639
2025-11-05 04:00:00+00:00,bacgiang_bacgiangcity,62.53636824835001
2025-11-05 05:00:00+00:00,bentre_bentrecity,77.39888789535271
2025-11-05 05:00:00+00:00,bacninh_bacninhcity,61.2754961177519
2025-11-05 05:00:00+00:00,baclieu_baclieucity,40.78506038183383
2025-11-05 05:00:00+00:00,bacgiang_bacgiangcity,62.636874137929965
2025-11-05 05:00:00+00:00,backan_backancity,33.32992897646477
2025-11-05 05:00:00+00:00,angiang_longxuyen,66.14161514805866
2025-11-05 06:00:00+00:00,bentre_bentrecity,77.22300134242043
2025-11-05 06:00:00+00:00,backan_backancity,34.03765234117053
2025-11-05 06:00:00+00:00,baclieu_baclieucity,42.72458030039217
2025-11-05 06:00:00+00:00,angiang_longxuyen,65.67009034397118
2025-11-05 06:00:00+00:00,bacninh_bacninhcity,61.36527749106784
2025-11-05 06:00:00+00:00,bacgiang_bacgiangcity,62.809428439352835
2025-11-05 07:00:00+00:00,baclieu_baclieucity,45.68533935169777
2025-11-05 07:00:00+00:00,backan_backancity,34.972935834384145
2025-11-05 07:00:00+00:00,angiang_longxuyen,65.7491671397008
2025-11-05 07:00:00+00:00,bentre_bentrecity,78.83122268477001
2025-11-05 07:00:00+00:00,bacgiang_bacgiangcity,63.10051817965937
2025-11-05 07:00:00+00:00,bacninh_bacninhcity,61.608943086482064
2025-11-05 08:00:00+00:00,bentre_bentrecity,81.64008141240777
2025-11-05 08:00:00+00:00,baclieu_baclieucity,49.44936292654357
2025-11-05 08:00:00+00:00,bacgiang_bacgiangcity,63.48697212303583
2025-11-05 08:00:00+00:00,bacninh_bacninhcity,62.01845112594082
2025-11-05 08:00:00+00:00,angiang_longxuyen,66.24405758170953
2025-11-05 08:00:00+00:00,backan_backancity,35.951595920918436
2025-11-05 09:00:00+00:00,bacgiang_bacgiangcity,64.0154567446222
2025-11-05 09:00:00+00:00,baclieu_baclieucity,53.20789838035443
2025-11-05 09:00:00+00:00,bentre_bentrecity,84.21193032447863
2025-11-05 09:00:00+00:00,bacninh_bacninhcity,62.628661895055245
2025-11-05 09:00:00+00:00,backan_backancity,36.997748431442844
2025-11-05 09:00:00+00:00,angiang_longxuyen,66.91160700319901
2025-11-05 10:00:00+00:00,angiang_longxuyen,67.21318947264137
2025-11-05 10:00:00+00:00,backan_backancity,37.980256682771845
2025-11-05 10:00:00+00:00,bacninh_bacninhcity,63.7515334526721
2025-11-05 10:00:00+00:00,bentre_bentrecity,85.59050171566466
2025-11-05 10:00:00+00:00,baclieu_baclieucity,56.39387975020841
2025-11-05 10:00:00+00:00,bacgiang_bacgiangcity,64.96736161802747
2025-11-05 11:00:00+00:00,bentre_bentrecity,85.74143999813383
2025-11-05 11:00:00+00:00,backan_backancity,38.746609729233256
2025-11-05 11:00:00+00:00,bacgiang_bacgiangcity,67.67570947141584
2025-11-05 11:00:00+00:00,angiang_longxuyen,66.88884201794326
2025-11-05 11:00:00+00:00,bacninh_bacninhcity,66.73112209272384
2025-11-05 11:00:00+00:00,baclieu_baclieucity,58.496463159607856
2025-11-05 12:00:00+00:00,bacninh_bacninhcity,72.24748127994802
2025-11-05 12:00:00+00:00,bacgiang_bacgiangcity,73.0557030572296
2025-11-05 12:00:00+00:00,bentre_bentrecity,84.786454599025
2025-11-05 12:00:00+00:00,angiang_longxuyen,66.15264123682277
2025-11-05 12:00:00+00:00,backan_backancity,39.25584854217666
2025-11-05 12:00:00+00:00,baclieu_baclieucity,59.597995347423996
2025-11-05 13:00:00+00:00,baclieu_baclieucity,59.394969761817116
2025-11-05 13:00:00+00:00,bacgiang_bacgiangcity,79.60122949391862
2025-11-05 13:00:00+00:00,angiang_longxuyen,65.5132826132562
2025-11-05 13:00:00+00:00,bacninh_bacninhcity,78.55832200318872
2025-11-05 13:00:00+00:00,bentre_bentrecity,82.98300120171173
2025-11-05 13:00:00+00:00,backan_backancity,39.855274978994
2025-11-05 14:00:00+00:00,baclieu_baclieucity,58.12623680753862
2025-11-05 14:00:00+00:00,angiang_longxuyen,65.29692303694226
2025-11-05 14:00:00+00:00,bacgiang_bacgiangcity,86.76309784311263
2025-11-05 14:00:00+00:00,bacninh_bacninhcity,85.06965983847141
2025-11-05 14:00:00+00:00,backan_backancity,40.60725722350833
2025-11-05 14:00:00+00:00,bentre_bentrecity,81.25911060539683
2025-11-05 15:00:00+00:00,bacninh_bacninhcity,91.65686745779355
2025-11-05 15:00:00+00:00,backan_backancity,41.837034986244525
2025-11-05 15:00:00+00:00,angiang_longxuyen,65.71474052032949
2025-11-05 15:00:00+00:00,bentre_bentrecity,80.4593228887793
2025-11-05 15:00:00+00:00,baclieu_baclieucity,56.314110085428965
2025-11-05 15:00:00+00:00,bacgiang_bacgiangcity,93.94132899277196
2025-11-05 16:00:00+00:00,bentre_bentrecity,80.4038659491115
2025-11-05 16:00:00+00:00,bacninh_bacninhcity,98.69715925244297
2025-11-05 16:00:00+00:00,backan_backancity,43.584510545935295
2025-11-05 16:00:00+00:00,angiang_longxuyen,66.80428707051755
2025-11-05 16:00:00+00:00,bacgiang_bacgiangcity,101.08832589228368
2025-11-05 16:00:00+00:00,baclieu_baclieucity,54.74170110055036
2025-11-05 17:00:00+00:00,baclieu_baclieucity,53.76114683963525
2025-11-05 17:00:00+00:00,bentre_bentrecity,80.83430212314356
2025-11-05 17:00:00+00:00,backan_backancity,45.678714726034336
2025-11-05 17:00:00+00:00,bacgiang_bacgiangcity,108.05962129471547
2025-11-05 17:00:00+00:00,angiang_longxuyen,68.43899196151257
2025-11-05 17:00:00+00:00,bacninh_bacninhcity,106.20129790255896
2025-11-05 18:00:00+00:00,angiang_longxuyen,70.53152378502014
2025-11-05 18:00:00+00:00,baclieu_baclieucity,53.39500293182361
2025-11-05 18:00:00+00:00,bacgiang_bacgiangcity,114.60749613378651
2025-11-05 18:00:00+00:00,backan_backancity,48.014495925059286
2025-11-05 18:00:00+00:00,bentre_bentrecity,81.57031099449125
2025-11-05 18:00:00+00:00,bacninh_bacninhcity,113.72345504224337
2025-11-05 19:00:00+00:00,bentre_bentrecity,82.53278710557578
2025-11-05 19:00:00+00:00,bacgiang_bacgiangcity,120.2807976378001
2025-11-05 19:00:00+00:00,backan_backancity,50.44897357866357
2025-11-05 19:00:00+00:00,baclieu_baclieucity,53.53759438534364
2025-11-05 19:00:00+00:00,bacninh_bacninhcity,120.5105335745112
2025-11-05 19:00:00+00:00,angiang_longxuyen,73.06677650035323
2025-11-05 20:00:00+00:00,bentre_bentrecity,83.50974492750204
2025-11-05 20:00:00+00:00,bacninh_bacninhcity,126.63171261086862
2025-11-05 20:00:00+00:00,backan_backancity,52.84925141535528
2025-11-05 20:00:00+00:00,bacgiang_bacgiangcity,125.42470731039231
2025-11-05 20:00:00+00:00,baclieu_baclieucity,54.12524204831395
2025-11-05 20:00:00+00:00,angiang_longxuyen,75.68192349720134
2025-11-05 21:00:00+00:00,bacninh_bacninhcity,131.79707131598886
2025-11-05 21:00:00+00:00,angiang_longxuyen,78.15655266300949
2025-11-05 21:00:00+00:00,baclieu_baclieucity,54.96036359413782
2025-11-05 21:00:00+00:00,bentre_bentrecity,84.3964328785089
2025-11-05 21:00:00+00:00,bacgiang_bacgiangcity,130.1229975058894
2025-11-05 21:00:00+00:00,backan_backancity,55.15455136085737
2025-11-05 22:00:00+00:00,bentre_bentrecity,85.00633335195172
2025-11-05 22:00:00+00:00,bacgiang_bacgiangcity,134.41131359533665
2025-11-05 22:00:00+00:00,bacninh_bacninhcity,135.87258937542504
2025-11-05 22:00:00+00:00,backan_backancity,57.35559694537326
2025-11-05 22:00:00+00:00,angiang_longxuyen,80.26544791006606
2025-11-05 22:00:00+00:00,baclieu_baclieucity,55.75034397366519
2025-11-05 23:00:00+00:00,bacgiang_bacgiangcity,138.39478724153878
2025-11-05 23:00:00+00:00,angiang_longxuyen,81.7988755338879
2025-11-05 23:00:00+00:00,baclieu_baclieucity,56.27856939244156
2025-11-05 23:00:00+00:00,backan_backancity,59.488113294659
2025-11-05 23:00:00+00:00,bacninh_bacninhcity,139.16794436176286
2025-11-05 23:00:00+00:00,bentre_bentrecity,85.28641943450656
2025-11-06 00:00:00+00:00,baclieu_baclieucity,56.71024176449056
2025-11-06 00:00:00+00:00,bentre_bentrecity,85.61805198356667
2025-11-06 00:00:00+00:00,backan_backancity,61.468908768376146
2025-11-06 00:00:00+00:00,bacninh_bacninhcity,142.26793519939724
2025-11-06 00:00:00+00:00,angiang_longxuyen,82.76142766118112
2025-11-06 00:00:00+00:00,bacgiang_bacgiangcity,142.14729124534756
2025-11-06 01:00:00+00:00,angiang_longxuyen,82.89932854077391
2025-11-06 01:00:00+00:00,bacninh_bacninhcity,144.55927308584495
2025-11-06 01:00:00+00:00,bentre_bentrecity,85.66006028513068
2025-11-06 01:00:00+00:00,bacgiang_bacgiangcity,144.80042142320048
2025-11-06 01:00:00+00:00,backan_backancity,62.54172926031466
2025-11-06 01:00:00+00:00,baclieu_baclieucity,57.11020166966918
2025-11-06 02:00:00+00:00,bacgiang_bacgiangcity,146.13206090559973
2025-11-06 02:00:00+00:00,backan_backancity,63.046501809454874
2025-11-06 02:00:00+00:00,bentre_bentrecity,85.28420748745
2025-11-06 02:00:00+00:00,bacninh_bacninhcity,145.96923667889092
2025-11-06 02:00:00+00:00,angiang_longxuyen,82.41938089152858
2025-11-06 02:00:00+00:00,baclieu_baclieucity,57.04921922394577
2025-11-06 03:00:00+00:00,backan_backancity,63.0610744905136
2025-11-06 03:00:00+00:00,bentre_bentrecity,84.76868674486602
2025-11-06 03:00:00+00:00,baclieu_baclieucity,56.58379565523229
2025-11-06 03:00:00+00:00,angiang_longxuyen,81.54392963156897
2025-11-06 03:00:00+00:00,bacgiang_bacgiangcity,146.5219767018906
2025-11-06 03:00:00+00:00,bacninh_bacninhcity,146.75472587126802
2025-11-06 04:00:00+00:00,bacgiang_bacgiangcity,146.40521580532157
2025-11-06 04:00:00+00:00,backan_backancity,62.89754742541614
2025-11-06 04:00:00+00:00,bacninh_bacninhcity,147.11655305535916
2025-11-06 04:00:00+00:00,angiang_longxuyen,80.4533063927855
2025-11-06 04:00:00+00:00,bentre_bentrecity,84.4216067052634
2025-11-06 04:00:00+00:00,baclieu_baclieucity,55.97517250332915
2025-11-06 05:00:00+00:00,baclieu_baclieucity,55.4435774480227
2025-11-06 05:00:00+00:00,backan_backancity,62.734159931062536
2025-11-06 05:00:00+00:00,bacgiang_bacgiangcity,146.33834148033995
2025-11-06 05:00:00+00:00,bentre_bentrecity,84.23414076526105
2025-11-06 05:00:00+00:00,angiang_longxuyen,79.3776969783047
2025-11-06 05:00:00+00:00,bacninh_bacninhcity,147.43634950687388
2025-11-06 06:00:00+00:00,angiang_longxuyen,78.31155594339327
2025-11-06 06:00:00+00:00,bacgiang_bacgiangcity,146.57844802178602
2025-11-06 06:00:00+00:00,bacninh_bacninhcity,148.00518004277163
2025-11-06 06:00:00+00:00,backan_backancity,62.74782789462095
2025-11-06 06:00:00+00:00,baclieu_baclieucity,55.11583543344738
2025-11-06 06:00:00+00:00,bentre_bentrecity,84.37207155287037
2025-11-06 07:00:00+00:00,angiang_longxuyen,77.20358356268237
2025-11-06 07:00:00+00:00,bacgiang_bacgiangcity,147.1296228585868
2025-11-06 07:00:00+00:00,backan_backancity,63.04185858988717
2025-11-06 07:00:00+00:00,baclieu_baclieucity,54.93365573536832
2025-11-06 07:00:00+00:00,bentre_bentrecity,84.64972262441196
2025-11-06 07:00:00+00:00,bacninh_bacninhcity,148.85541510628664
2025-11-06 08:00:00+00:00,angiang_longxuyen,76.0984773668898
2025-11-06 08:00:00+00:00,backan_backancity,63.62159309014816
2025-11-06 08:00:00+00:00,bentre_bentrecity,85.10361166808016
2025-11-06 08:00:00+00:00,baclieu_baclieucity,54.714474836160846
2025-11-06 08:00:00+00:00,bacgiang_bacgiangcity,147.79349110170722
2025-11-06 08:00:00+00:00,bacninh_bacninhcity,149.85251846968677
2025-11-06 09:00:00+00:00,bacninh_bacninhcity,150.83017165299756
2025-11-06 09:00:00+00:00,baclieu_baclieucity,54.07621782453679
2025-11-06 09:00:00+00:00,bentre_bentrecity,85.48795211162118
2025-11-06 09:00:00+00:00,angiang_longxuyen,75.05246941177866
2025-11-06 09:00:00+00:00,backan_backancity,64.45160784214795
2025-11-06 09:00:00+00:00,bacgiang_bacgiangcity,148.56696225610497
2025-11-06 10:00:00+00:00,backan_backancity,65.55303036723679
2025-11-06 10:00:00+00:00,bentre_bentrecity,85.67389523511477
2025-11-06 10:00:00+00:00,bacninh_bacninhcity,151.8117228477973
2025-11-06 10:00:00+00:00,bacgiang_bacgiangcity,149.54168943846435
2025-11-06 10:00:00+00:00,baclieu_baclieucity,53.176823951170206
2025-11-06 10:00:00+00:00,angiang_longxuyen,74.15156518357685
2025-11-06 11:00:00+00:00,backan_backancity,66.97233024611242
2025-11-06 11:00:00+00:00,baclieu_baclieucity,52.03195504738878
2025-11-06 11:00:00+00:00,bacninh_bacninhcity,152.8863178820505
2025-11-06 11:00:00+00:00,bacgiang_bacgiangcity,150.96245979481984
2025-11-06 11:00:00+00:00,bentre_bentrecity,85.65379455566573
2025-11-06 11:00:00+00:00,angiang_longxuyen,73.48470613880247
2025-11-06 12:00:00+00:00,bentre_bentrecity,85.15736634313994
2025-11-06 12:00:00+00:00,baclieu_baclieucity,50.80419607576898
2025-11-06 12:00:00+00:00,angiang_longxuyen,73.04127243924943
2025-11-06 12:00:00+00:00,bacninh_bacninhcity,154.46788370465953
2025-11-06 12:00:00+00:00,backan_backancity,68.77981624098908
2025-11-06 12:00:00+00:00,bacgiang_bacgiangcity,153.00960869556388
2025-11-06 13:00:00+00:00,bacninh_bacninhcity,156.4996748389107
2025-11-06 13:00:00+00:00,angiang_longxuyen,73.15117692302682
2025-11-06 13:00:00+00:00,backan_backancity,71.23626880974552
2025-11-06 13:00:00+00:00,bacgiang_bacgiangcity,155.42514959002943
2025-11-06 13:00:00+00:00,bentre_bentrecity,84.1237328298719
2025-11-06 13:00:00+00:00,baclieu_baclieucity,49.452483329602494
2025-11-06 14:00:00+00:00,baclieu_baclieucity,48.15899152229897
2025-11-06 14:00:00+00:00,backan_backancity,74.27175553270901
2025-11-06 14:00:00+00:00,bentre_bentrecity,82.94282975083017
2025-11-06 14:00:00+00:00,angiang_longxuyen,73.39094450695211
2025-11-06 15:00:00+00:00,bentre_bentrecity,81.95455049847645
2025-11-06 15:00:00+00:00,angiang_longxuyen,73.74772222091755
2025-11-06 15:00:00+00:00,baclieu_baclieucity,47.035357310260366
2025-11-06 15:00:00+00:00,backan_backancity,77.66481751674564
2025-11-06 16:00:00+00:00,baclieu_baclieucity,46.10108072027023
2025-11-06 16:00:00+00:00,angiang_longxuyen,74.09143013165537
2025-11-06 16:00:00+00:00,bentre_bentrecity,81.23832702623679
2025-11-06 16:00:00+00:00,bacgiang_bacgiangcity,157.992692993886
2025-11-06 16:00:00+00:00,backan_backancity,81.1013931725121
2025-11-06 16:00:00+00:00,bacninh_bacninhcity,158.55931033655986
2025-11-06 17:00:00+00:00,bacgiang_bacgiangcity,159.98454695671853
2025-11-06 17:00:00+00:00,backan_backancity,84.29755822199769
2025-11-06 17:00:00+00:00,baclieu_baclieucity,45.2824883382537
2025-11-06 17:00:00+00:00,bacninh_bacninhcity,160.2501450975948
2025-11-06 17:00:00+00:00,bentre_bentrecity,80.81044674145149
2025-11-06 17:00:00+00:00,angiang_longxuyen,74.16221991446892
2025-11-06 18:00:00+00:00,bacgiang_bacgiangcity,160.91362952116967
2025-11-06 18:00:00+00:00,baclieu_baclieucity,44.58165378669081
2025-11-06 18:00:00+00:00,angiang_longxuyen,73.8772787638959
2025-11-06 18:00:00+00:00,backan_backancity,87.03357099068481
2025-11-06 18:00:00+00:00,bacninh_bacninhcity,161.1003552377627
2025-11-06 18:00:00+00:00,bentre_bentrecity,80.43127166160025
2025-11-06 19:00:00+00:00,bacninh_bacninhcity,161.48191174343086
2025-11-06 19:00:00+00:00,bacgiang_bacgiangcity,161.282973586751
2025-11-06 19:00:00+00:00,angiang_longxuyen,73.21717145385526
2025-11-06 19:00:00+00:00,backan_backancity,89.3550854427369
2025-11-06 19:00:00+00:00,baclieu_baclieucity,43.976933630946036
2025-11-06 19:00:00+00:00,bentre_bentrecity,80.04108793932788
2025-11-06 20:00:00+00:00,bentre_bentrecity,79.47125174637401
2025-11-06 20:00:00+00:00,bacninh_bacninhcity,161.61850165496537
2025-11-06 20:00:00+00:00,backan_backancity,91.34836252868972
2025-11-06 20:00:00+00:00,angiang_longxuyen,72.17273616194716
2025-11-06 20:00:00+00:00,baclieu_baclieucity,43.39036764124055
2025-11-06 20:00:00+00:00,bacgiang_bacgiangcity,161.3409253534651
2025-11-06 21:00:00+00:00,backan_backancity,93.09381867418041
2025-11-06 21:00:00+00:00,baclieu_baclieucity,42.84146082902733
2025-11-06 21:00:00+00:00,bentre_bentrecity,78.64687714782656
2025-11-06 21:00:00+00:00,bacninh_bacninhcity,161.67043194101623
2025-11-06 21:00:00+00:00,bacgiang_bacgiangcity,161.24113725628212
2025-11-06 21:00:00+00:00,angiang_longxuyen,70.80171779110462
2025-11-06 22:00:00+00:00,bentre_bentrecity,77.40615055870231
2025-11-06 22:00:00+00:00,bacgiang_bacgiangcity,160.8683587534682
2025-11-06 22:00:00+00:00,baclieu_baclieucity,42.053668719376745
2025-11-06 22:00:00+00:00,backan_backancity,94.66550862049472
2025-11-06 22:00:00+00:00,angiang_longxuyen,69.21432488993989
2025-11-06 22:00:00+00:00,bacninh_bacninhcity,161.5577684427131
2025-11-06 23:00:00+00:00,angiang_longxuyen,67.52132927470996
2025-11-06 23:00:00+00:00,bacninh_bacninhcity,161.1639546349333
2025-11-06 23:00:00+00:00,backan_backancity,96.00894572502226
2025-11-06 23:00:00+00:00,baclieu_baclieucity,41.089414327475495
2025-11-06 23:00:00+00:00,bentre_bentrecity,75.91712512393497
2025-11-06 23:00:00+00:00,bacgiang_bacgiangcity,160.16649736000412
2025-11-07 00:00:00+00:00,bacninh_bacninhcity,160.64854480124396
2025-11-07 00:00:00+00:00,bentre_bentrecity,74.4561559010161
2025-11-07 00:00:00+00:00,baclieu_baclieucity,39.970071915810266
2025-11-07 00:00:00+00:00,backan_backancity,97.08399779115317
2025-11-07 00:00:00+00:00,angiang_longxuyen,65.86516288951336
2025-11-07 00:00:00+00:00,bacgiang_bacgiangcity,159.35430529352698
2025-11-07 01:00:00+00:00,bacninh_bacninhcity,160.04465210062344
2025-11-07 01:00:00+00:00,backan_backancity,98.00982053757248
2025-11-07 01:00:00+00:00,bentre_bentrecity,72.93317739047265
2025-11-07 01:00:00+00:00,bacgiang_bacgiangcity,158.53490539506387
2025-11-07 01:00:00+00:00,angiang_longxuyen,64.29066782048113
2025-11-07 01:00:00+00:00,baclieu_baclieucity,38.67721316152349
2025-11-07 02:00:00+00:00,backan_backancity,98.64527227070771
2025-11-07 02:00:00+00:00,bentre_bentrecity,71.41156717168587
2025-11-07 02:00:00+00:00,bacgiang_bacgiangcity,157.61324001871444
2025-11-07 02:00:00+00:00,angiang_longxuyen,62.73963808275863
2025-11-07 02:00:00+00:00,baclieu_baclieucity,37.296459731297446
2025-11-07 02:00:00+00:00,bacninh_bacninhcity,159.33571746124787
2025-11-07 03:00:00+00:00,bentre_bentrecity,69.66472466501185
2025-11-07 03:00:00+00:00,baclieu_baclieucity,35.95447705984505
2025-11-07 03:00:00+00:00,bacninh_bacninhcity,158.61050787620553
2025-11-07 03:00:00+00:00,angiang_longxuyen,61.21559285295861
2025-11-07 03:00:00+00:00,bacgiang_bacgiangcity,157.0253780149589
2025-11-07 03:00:00+00:00,backan_backancity,99.16243577340848
2025-11-07 04:00:00+00:00,bacninh_bacninhcity,157.99979116314464
2025-11-07 04:00:00+00:00,baclieu_baclieucity,34.72859730859779
2025-11-07 04:00:00+00:00,angiang_longxuyen,59.78459644728144
2025-11-07 04:00:00+00:00,bacgiang_bacgiangcity,156.6321623675099
2025-11-07 04:00:00+00:00,bentre_bentrecity,67.82923978198508
2025-11-07 04:00:00+00:00,backan_backancity,99.61631500350876
2025-11-07 05:00:00+00:00,bentre_bentrecity,66.16572848639339
2025-11-07 05:00:00+00:00,backan_backancity,99.96949565540169
2025-11-07 05:00:00+00:00,bacninh_bacninhcity,157.40825047335483
2025-11-07 05:00:00+00:00,baclieu_baclieucity,33.80594496770256
2025-11-07 05:00:00+00:00,bacgiang_bacgiangcity,156.1575420837106
2025-11-07 05:00:00+00:00,angiang_longxuyen,58.51221969965459
2025-11-07 06:00:00+00:00,bentre_bentrecity,65.51220592466078
2025-11-07 06:00:00+00:00,bacgiang_bacgiangcity,155.79933875429012
2025-11-07 06:00:00+00:00,backan_backancity,100.17625335646827
2025-11-07 06:00:00+00:00,angiang_longxuyen,57.562610266518696
2025-11-07 06:00:00+00:00,baclieu_baclieucity,33.209190313696055
2025-11-07 06:00:00+00:00,bacninh_bacninhcity,156.95700828915034
2025-11-07 07:00:00+00:00,bacgiang_bacgiangcity,155.54603779288084
2025-11-07 07:00:00+00:00,angiang_longxuyen,56.81867826312283
2025-11-07 07:00:00+00:00,bentre_bentrecity,65.31978023858233
2025-11-07 07:00:00+00:00,baclieu_baclieucity,32.84065376456128
2025-11-07 07:00:00+00:00,bacninh_bacninhcity,156.54506523867835
2025-11-07 07:00:00+00:00,backan_backancity,100.2411704198467
2025-11-07 08:00:00+00:00,backan_backancity,100.34569005870877
2025-11-07 08:00:00+00:00,angiang_longxuyen,56.275787946903414
2025-11-07 08:00:00+00:00,baclieu_baclieucity,32.57300692455206
2025-11-07 08:00:00+00:00,bentre_bentrecity,65.24339267200654
2025-11-07 08:00:00+00:00,bacgiang_bacgiangcity,155.56848874396294
2025-11-07 08:00:00+00:00,bacninh_bacninhcity,156.33926817687217
2025-11-07 09:00:00+00:00,bentre_bentrecity,65.22636254892217
2025-11-07 09:00:00+00:00,backan_backancity,100.3786842087046
2025-11-07 09:00:00+00:00,angiang_longxuyen,55.70062688083821
2025-11-07 09:00:00+00:00,baclieu_baclieucity,32.27798428007061
2025-11-07 09:00:00+00:00,bacgiang_bacgiangcity,155.76868303733744
2025-11-07 09:00:00+00:00,bacninh_bacninhcity,156.23121549778548
2025-11-07 10:00:00+00:00,angiang_longxuyen,55.098807802697735
2025-11-07 10:00:00+00:00,bacgiang_bacgiangcity,156.24167333423534
2025-11-07 10:00:00+00:00,bentre_bentrecity,64.99725966522783
2025-11-07 10:00:00+00:00,baclieu_baclieucity,31.917313539285658
2025-11-07 10:00:00+00:00,backan_backancity,100.24029093723534
2025-11-07 10:00:00+00:00,bacninh_bacninhcity,156.3584192767961
2025-11-07 11:00:00+00:00,bentre_bentrecity,64.58885074537687
2025-11-07 11:00:00+00:00,bacgiang_bacgiangcity,156.7614696770171
2025-11-07 11:00:00+00:00,baclieu_baclieucity,31.48506793025298
2025-11-07 11:00:00+00:00,backan_backancity,99.82398302982875
2025-11-07 11:00:00+00:00,angiang_longxuyen,54.64251116369813
2025-11-07 11:00:00+00:00,bacninh_bacninhcity,156.65886524160996
2025-11-07 12:00:00+00:00,bacgiang_bacgiangcity,157.2666110916946
2025-11-07 12:00:00+00:00,backan_backancity,99.13229020621709
2025-11-07 12:00:00+00:00,bentre_bentrecity,64.22275169959005
2025-11-07 12:00:00+00:00,baclieu_baclieucity,30.990608662149356
2025-11-07 12:00:00+00:00,angiang_longxuyen,54.432546918254154
2025-11-07 12:00:00+00:00,bacninh_bacninhcity,157.00646617916732
2025-11-07 13:00:00+00:00,angiang_longxuyen,55.27231916064986
2025-11-07 13:00:00+00:00,backan_backancity,98.6799425157971
2025-11-07 13:00:00+00:00,bacninh_bacninhcity,156.56586127951192
2025-11-07 13:00:00+00:00,bentre_bentrecity,64.57657101225283
2025-11-07 13:00:00+00:00,baclieu_baclieucity,30.65201003757032
2025-11-07 13:00:00+00:00,bacgiang_bacgiangcity,156.91297371946578
2025-11-07 14:00:00+00:00,angiang_longxuyen,56.23894625519655
2025-11-07 14:00:00+00:00,baclieu_baclieucity,30.494140572268194
2025-11-07 14:00:00+00:00,bacgiang_bacgiangcity,156.25759935304245
2025-11-07 14:00:00+00:00,bentre_bentrecity,64.79563477172886
2025-11-07 14:00:00+00:00,backan_backancity,98.15678744044963
2025-11-07 14:00:00+00:00,bacninh_bacninhcity,155.6920238062781
2025-11-07 15:00:00+00:00,angiang_longxuyen,57.063824305355745
2025-11-07 15:00:00+00:00,baclieu_baclieucity,30.45223944109678
2025-11-07 15:00:00+00:00,bacgiang_bacgiangcity,155.17663391126644
2025-11-07 15:00:00+00:00,bacninh_bacninhcity,154.14101400723325
2025-11-07 15:00:00+00:00,bentre_bentrecity,64.84135914434786
2025-11-07 15:00:00+00:00,backan_backancity,97.45411915362268
2025-11-07 16:00:00+00:00,bacninh_bacninhcity,151.34728624362964
2025-11-07 16:00:00+00:00,angiang_longxuyen,57.7408670297617
2025-11-07 16:00:00+00:00,bentre_bentrecity,64.82556272694575
2025-11-07 16:00:00+00:00,bacgiang_bacgiangcity,153.40386613892235
2025-11-07 16:00:00+00:00,backan_backancity,96.53228367542917
2025-11-07 16:00:00+00:00,baclieu_baclieucity,30.51054013467052
2025-11-07 17:00:00+00:00,bacninh_bacninhcity,147.19425408232797
2025-11-07 17:00:00+00:00,angiang_longxuyen,58.19991022161349
2025-11-07 17:00:00+00:00,bentre_bentrecity,64.86946769522527
2025-11-07 17:00:00+00:00,bacgiang_bacgiangcity,150.5087801072674
2025-11-07 17:00:00+00:00,backan_backancity,95.33424766449623
2025-11-07 17:00:00+00:00,baclieu_baclieucity,30.652902293397077
2025-11-07 18:00:00+00:00,baclieu_baclieucity,30.903037989722606
2025-11-07 18:00:00+00:00,backan_backancity,93.92247136526032
2025-11-07 18:00:00+00:00,bacninh_bacninhcity,143.55454816289677
2025-11-07 18:00:00+00:00,bacgiang_bacgiangcity,146.80331144413594
2025-11-07 18:00:00+00:00,angiang_longxuyen,58.38233915316372
2025-11-07 18:00:00+00:00,bentre_bentrecity,65.07423293046085
2025-11-07 19:00:00+00:00,bentre_bentrecity,65.3146809217624
2025-11-07 19:00:00+00:00,backan_backancity,92.47475263983567
2025-11-07 19:00:00+00:00,bacgiang_bacgiangcity,142.80611998768117
2025-11-07 19:00:00+00:00,bacninh_bacninhcity,140.22828324146568
2025-11-07 19:00:00+00:00,angiang_longxuyen,58.41513827796837
2025-11-07 19:00:00+00:00,baclieu_baclieucity,31.32573297214043
2025-11-07 20:00:00+00:00,angiang_longxuyen,58.37343653357389
2025-11-07 20:00:00+00:00,backan_backancity,91.0208068161341
2025-11-07 20:00:00+00:00,bacninh_bacninhcity,136.46753210209621
2025-11-07 20:00:00+00:00,bentre_bentrecity,65.67172780787669
2025-11-07 20:00:00+00:00,bacgiang_bacgiangcity,138.33436307879077
2025-11-07 20:00:00+00:00,baclieu_baclieucity,31.847807308848573
2025-11-07 21:00:00+00:00,backan_backancity,89.57235970588998
2025-11-07 21:00:00+00:00,bacninh_bacninhcity,132.26163004455742
2025-11-07 21:00:00+00:00,bentre_bentrecity,66.28359847190906
2025-11-07 21:00:00+00:00,bacgiang_bacgiangcity,133.56033830841233
2025-11-07 21:00:00+00:00,baclieu_baclieucity,32.464171652365934
2025-11-07 21:00:00+00:00,angiang_longxuyen,58.38595802316496
2025-11-07 22:00:00+00:00,bentre_bentrecity,67.12648114802484
2025-11-07 22:00:00+00:00,angiang_longxuyen,58.64439568641483
2025-11-07 22:00:00+00:00,backan_backancity,88.04612122154376
2025-11-07 22:00:00+00:00,baclieu_baclieucity,33.10677529572702
2025-11-07 22:00:00+00:00,bacninh_bacninhcity,127.71596045745983
2025-11-07 22:00:00+00:00,bacgiang_bacgiangcity,128.44450229401156
2025-11-07 23:00:00+00:00,baclieu_baclieucity,33.80460907629714
2025-11-07 23:00:00+00:00,bacninh_bacninhcity,122.8154721314801
2025-11-07 23:00:00+00:00,bentre_bentrecity,68.18933728578638
2025-11-07 23:00:00+00:00,angiang_longxuyen,59.13397745548785
2025-11-07 23:00:00+00:00,backan_backancity,86.31567017718424
2025-11-07 23:00:00+00:00,bacgiang_bacgiangcity,123.05565593530223
2025-11-08 00:00:00+00:00,bacninh_bacninhcity,117.8265482929287
2025-11-08 00:00:00+00:00,baclieu_baclieucity,34.54813732146973
2025-11-08 00:00:00+00:00,angiang_longxuyen,59.95034169027222
2025-11-08 00:00:00+00:00,bacgiang_bacgiangcity,117.36367438262519
2025-11-08 00:00:00+00:00,backan_backancity,84.46989569030065
2025-11-08 00:00:00+00:00,bentre_bentrecity,69.36327927397862
2025-11-08 01:00:00+00:00,bentre_bentrecity,70.32030838755094
2025-11-08 01:00:00+00:00,baclieu_baclieucity,35.064404518299845
2025-11-08 01:00:00+00:00,bacgiang_bacgiangcity,111.10118869129157
2025-11-08 01:00:00+00:00,angiang_longxuyen,60.797670691513495
2025-11-08 01:00:00+00:00,bacninh_bacninhcity,112.74468778531649
2025-11-08 01:00:00+00:00,backan_backancity,82.32050125034795
2025-11-08 02:00:00+00:00,angiang_longxuyen,61.362496045529696
2025-11-08 02:00:00+00:00,bacninh_bacninhcity,107.60056751044115
2025-11-08 02:00:00+00:00,baclieu_baclieucity,35.34639723690904
2025-11-08 02:00:00+00:00,bacgiang_bacgiangcity,104.99108496730882
2025-11-08 02:00:00+00:00,bentre_bentrecity,70.40109741722743
2025-11-08 02:00:00+00:00,backan_backancity,79.88101026547128
2025-11-08 03:00:00+00:00,bacgiang_bacgiangcity,99.4608216678123
2025-11-08 03:00:00+00:00,bacninh_bacninhcity,102.47761089576936
2025-11-08 03:00:00+00:00,baclieu_baclieucity,35.42806606073873
2025-11-08 03:00:00+00:00,bentre_bentrecity,69.61670734445818
2025-11-08 03:00:00+00:00,angiang_longxuyen,61.53197729825317
2025-11-08 03:00:00+00:00,backan_backancity,77.20485216105057
2025-11-08 04:00:00+00:00,bentre_bentrecity,68.57592083056784
2025-11-08 04:00:00+00:00,backan_backancity,74.50624933638454
2025-11-08 04:00:00+00:00,angiang_longxuyen,61.419004750445794
2025-11-08 04:00:00+00:00,bacninh_bacninhcity,97.70424861911144
2025-11-08 04:00:00+00:00,baclieu_baclieucity,35.48200018389774
2025-11-08 04:00:00+00:00,bacgiang_bacgiangcity,94.7368984328901
2025-11-08 05:00:00+00:00,backan_backancity,72.04531305748193
2025-11-08 05:00:00+00:00,bacninh_bacninhcity,93.37167474025203
2025-11-08 05:00:00+00:00,baclieu_baclieucity,35.687886969753535
2025-11-08 05:00:00+00:00,bentre_bentrecity,67.9300796444164
2025-11-08 05:00:00+00:00,angiang_longxuyen,61.374805686670285
2025-11-08 05:00:00+00:00,bacgiang_bacgiangcity,90.75570838836748
2025-11-08 06:00:00+00:00,backan_backancity,69.93048979231382
2025-11-08 06:00:00+00:00,bacgiang_bacgiangcity,87.30340859290554
2025-11-08 06:00:00+00:00,bacninh_bacninhcity,89.46608904612211
2025-11-08 06:00:00+00:00,bentre_bentrecity,68.21783962554824
2025-11-08 06:00:00+00:00,angiang_longxuyen,61.71845378137503
2025-11-08 06:00:00+00:00,baclieu_baclieucity,36.120840401844305
2025-11-08 07:00:00+00:00,baclieu_baclieucity,36.66838141463557
2025-11-08 07:00:00+00:00,bacgiang_bacgiangcity,84.35673123272048
2025-11-08 07:00:00+00:00,bacninh_bacninhcity,86.01697258517055
2025-11-08 07:00:00+00:00,bentre_bentrecity,69.51519455165473
2025-11-08 07:00:00+00:00,backan_backancity,68.20717990998672
2025-11-08 07:00:00+00:00,angiang_longxuyen,62.66526183029508
2025-11-08 08:00:00+00:00,bacninh_bacninhcity,82.9062871392887
2025-11-08 08:00:00+00:00,backan_backancity,66.81185629103666
2025-11-08 08:00:00+00:00,baclieu_baclieucity,37.15169496190891
2025-11-08 08:00:00+00:00,bentre_bentrecity,71.66766204030684
2025-11-08 08:00:00+00:00,bacgiang_bacgiangcity,81.61472439905195
2025-11-08 08:00:00+00:00,angiang_longxuyen,64.13439843406385
2025-11-08 09:00:00+00:00,bentre_bentrecity,73.61275731161503
2025-11-08 09:00:00+00:00,bacninh_bacninhcity,80.30326535081251
2025-11-08 09:00:00+00:00,bacgiang_bacgiangcity,79.23589559488826
2025-11-08 09:00:00+00:00,angiang_longxuyen,65.41891783640563
2025-11-08 09:00:00+00:00,baclieu_baclieucity,37.50397151938521
2025-11-08 09:00:00+00:00,backan_backancity,65.70353249113143
2025-11-08 10:00:00+00:00,bentre_bentrecity,74.46420115746515
2025-11-08 10:00:00+00:00,baclieu_baclieucity,37.64125928463895
2025-11-08 10:00:00+00:00,angiang_longxuyen,65.902602741551
2025-11-08 10:00:00+00:00,backan_backancity,64.59741939211537
2025-11-08 10:00:00+00:00,bacninh_bacninhcity,78.00985882655418
2025-11-08 10:00:00+00:00,bacgiang_bacgiangcity,77.14999338171356
2025-11-08 11:00:00+00:00,angiang_longxuyen,65.46126758782512
2025-11-08 11:00:00+00:00,bacgiang_bacgiangcity,75.48003441622295
2025-11-08 11:00:00+00:00,bacninh_bacninhcity,76.18324167043129
2025-11-08 11:00:00+00:00,baclieu_baclieucity,37.46992124255534
2025-11-08 11:00:00+00:00,backan_backancity,63.35873900978933
2025-11-08 11:00:00+00:00,bentre_bentrecity,74.12163722835996
2025-11-08 12:00:00+00:00,angiang_longxuyen,64.58242301415567
2025-11-08 12:00:00+00:00,baclieu_baclieucity,37.03109088521462
2025-11-08 12:00:00+00:00,bacninh_bacninhcity,74.93245103374159
2025-11-08 12:00:00+00:00,bentre_bentrecity,73.027492320629
2025-11-08 12:00:00+00:00,bacgiang_bacgiangcity,74.32668658975265
2025-11-08 12:00:00+00:00,backan_backancity,62.08947768055198
2025-11-08 13:00:00+00:00,bentre_bentrecity,71.82206965269455
2025-11-08 13:00:00+00:00,baclieu_baclieucity,36.40918857396808
2025-11-08 13:00:00+00:00,bacgiang_bacgiangcity,73.6631373654753
2025-11-08 13:00:00+00:00,bacninh_bacninhcity,74.1759875714158
2025-11-08 13:00:00+00:00,backan_backancity,61.19237426278535
2025-11-08 13:00:00+00:00,angiang_longxuyen,64.10728930940579
2025-11-08 14:00:00+00:00,bentre_bentrecity,70.60989275769167
2025-11-08 14:00:00+00:00,baclieu_baclieucity,35.63515913659494
2025-11-08 14:00:00+00:00,bacgiang_bacgiangcity,73.32858629246789
2025-11-08 14:00:00+00:00,bacninh_bacninhcity,73.82099187676914
2025-11-08 14:00:00+00:00,backan_backancity,60.68912951482334
2025-11-08 14:00:00+00:00,angiang_longxuyen,63.96286100520332
2025-11-08 15:00:00+00:00,backan_backancity,60.41056126410788
2025-11-08 15:00:00+00:00,bentre_bentrecity,69.75130837289281
2025-11-08 15:00:00+00:00,baclieu_baclieucity,34.83539883565925
2025-11-08 15:00:00+00:00,bacgiang_bacgiangcity,73.54148152353271
2025-11-08 15:00:00+00:00,bacninh_bacninhcity,74.05953572435104
2025-11-08 15:00:00+00:00,angiang_longxuyen,64.40421111293747
2025-11-08 16:00:00+00:00,bacninh_bacninhcity,74.81750206450792
2025-11-08 16:00:00+00:00,bentre_bentrecity,69.43666606956165
2025-11-08 16:00:00+00:00,bacgiang_bacgiangcity,74.35629303379174
2025-11-08 16:00:00+00:00,backan_backancity,60.487135755787065
2025-11-08 16:00:00+00:00,angiang_longxuyen,65.604646619114
2025-11-08 16:00:00+00:00,baclieu_baclieucity,34.08765854482406
2025-11-08 17:00:00+00:00,backan_backancity,60.68309806482127
2025-11-08 17:00:00+00:00,baclieu_baclieucity,33.40736083128475
2025-11-08 17:00:00+00:00,bacninh_bacninhcity,75.87039883276191
2025-11-08 17:00:00+00:00,angiang_longxuyen,67.4413203457982
2025-11-08 17:00:00+00:00,bacgiang_bacgiangcity,75.50343245449545
2025-11-08 17:00:00+00:00,bentre_bentrecity,69.76443300748409
2025-11-08 18:00:00+00:00,bacninh_bacninhcity,77.26594177716657
2025-11-08 18:00:00+00:00,angiang_longxuyen,69.70718407915865
2025-11-08 18:00:00+00:00,baclieu_baclieucity,32.80499842417714
2025-11-08 18:00:00+00:00,backan_backancity,60.78335472093007
2025-11-08 18:00:00+00:00,bacgiang_bacgiangcity,76.79463380619902
2025-11-08 18:00:00+00:00,bentre_bentrecity,70.57208902478612
2025-11-08 19:00:00+00:00,bacninh_bacninhcity,78.83353058671295
2025-11-08 19:00:00+00:00,angiang_longxuyen,72.1907981116021
2025-11-08 19:00:00+00:00,baclieu_baclieucity,32.266210490893016
2025-11-08 19:00:00+00:00,backan_backancity,60.72475743952566
2025-11-08 19:00:00+00:00,bentre_bentrecity,71.72531721919026
2025-11-08 19:00:00+00:00,bacgiang_bacgiangcity,78.30644416489979
2025-11-08 20:00:00+00:00,bentre_bentrecity,73.024718352095
2025-11-08 20:00:00+00:00,bacgiang_bacgiangcity,80.13971834703736
2025-11-08 20:00:00+00:00,bacninh_bacninhcity,80.62202499108722
2025-11-08 20:00:00+00:00,backan_backancity,60.46958473474798
2025-11-08 20:00:00+00:00,baclieu_baclieucity,31.858045819843824
2025-11-08 20:00:00+00:00,angiang_longxuyen,74.62927596241852
2025-11-08 21:00:00+00:00,bacninh_bacninhcity,82.49312284480803
2025-11-08 21:00:00+00:00,bacgiang_bacgiangcity,82.24264320629229
2025-11-08 21:00:00+00:00,angiang_longxuyen,77.05603236308626
2025-11-08 21:00:00+00:00,bentre_bentrecity,74.17590532437032
2025-11-08 21:00:00+00:00,baclieu_baclieucity,31.627056238772795
2025-11-08 21:00:00+00:00,backan_backancity,59.98554841040827
2025-11-08 22:00:00+00:00,baclieu_baclieucity,31.544151216926153
2025-11-08 22:00:00+00:00,bacgiang_bacgiangcity,84.41259940761569
2025-11-08 22:00:00+00:00,backan_backancity,59.35473351023305
2025-11-08 22:00:00+00:00,angiang_longxuyen,79.43729493209582
2025-11-08 22:00:00+00:00,bacninh_bacninhcity,84.42920583379907
2025-11-08 22:00:00+00:00,bentre_bentrecity,75.27422240040849
2025-11-08 23:00:00+00:00,backan_backancity,58.45078863368309
2025-11-08 23:00:00+00:00,angiang_longxuyen,81.55339427263627
2025-11-08 23:00:00+00:00,bacgiang_bacgiangcity,86.33025158141446
2025-11-08 23:00:00+00:00,bentre_bentrecity,76.29288944373339
2025-11-08 23:00:00+00:00,baclieu_baclieucity,31.592437709628683
2025-11-08 23:00:00+00:00,bacninh_bacninhcity,86.26102698479978
2025-11-09 00:00:00+00:00,backan_backancity,57.42953454692756
2025-11-09 00:00:00+00:00,baclieu_baclieucity,31.64880435146621
2025-11-09 00:00:00+00:00,angiang_longxuyen,83.32592153468067
2025-11-09 00:00:00+00:00,bentre_bentrecity,77.08230655561594
2025-11-09 00:00:00+00:00,bacgiang_bacgiangcity,87.62090898106722
2025-11-09 00:00:00+00:00,bacninh_bacninhcity,87.53602379929221
2025-11-09 01:00:00+00:00,angiang_longxuyen,83.86784731736671
2025-11-09 01:00:00+00:00,bacninh_bacninhcity,87.99465201741452
2025-11-09 01:00:00+00:00,baclieu_baclieucity,31.666380295852406
2025-11-09 01:00:00+00:00,backan_backancity,56.422980250301045
2025-11-09 01:00:00+00:00,bacgiang_bacgiangcity,87.93162211872553
2025-11-09 01:00:00+00:00,bentre_bentrecity,76.9220494336601
2025-11-09 02:00:00+00:00,baclieu_baclieucity,31.47474467987753
2025-11-09 02:00:00+00:00,bacninh_bacninhcity,87.62405929214268
2025-11-09 02:00:00+00:00,bacgiang_bacgiangcity,87.36404958877347
2025-11-09 02:00:00+00:00,angiang_longxuyen,83.65394019840897
2025-11-09 02:00:00+00:00,bentre_bentrecity,75.8465023275471
2025-11-09 02:00:00+00:00,backan_backancity,55.279352529205994
2025-11-09 03:00:00+00:00,bacninh_bacninhcity,86.60245440927649
2025-11-09 03:00:00+00:00,backan_backancity,54.10197361144646
2025-11-09 03:00:00+00:00,angiang_longxuyen,83.06129291200719
2025-11-09 03:00:00+00:00,bentre_bentrecity,74.27643115262796
2025-11-09 03:00:00+00:00,bacgiang_bacgiangcity,86.17398967200131
2025-11-09 03:00:00+00:00,baclieu_baclieucity,31.191725119367163
2025-11-09 04:00:00+00:00,angiang_longxuyen,82.29932886697291
2025-11-09 04:00:00+00:00,bentre_bentrecity,72.62142868774167
2025-11-09 04:00:00+00:00,bacninh_bacninhcity,85.00851414482437
2025-11-09 04:00:00+00:00,backan_backancity,52.95873469456642
2025-11-09 04:00:00+00:00,bacgiang_bacgiangcity,84.5945211490521
2025-11-09 04:00:00+00:00,baclieu_baclieucity,31.024040839970752
2025-11-09 05:00:00+00:00,bacgiang_bacgiangcity,82.87666324890662
2025-11-09 05:00:00+00:00,angiang_longxuyen,81.68912557486262
2025-11-09 05:00:00+00:00,bentre_bentrecity,71.37461830958641
2025-11-09 05:00:00+00:00,baclieu_baclieucity,31.172514203410145
2025-11-09 05:00:00+00:00,bacninh_bacninhcity,83.16617783367543
2025-11-09 05:00:00+00:00,backan_backancity,51.80049192272254
2025-11-09 06:00:00+00:00,baclieu_baclieucity,31.62680700530163
2025-11-09 06:00:00+00:00,bacninh_bacninhcity,81.42731079807852
2025-11-09 06:00:00+00:00,backan_backancity,50.71054909131534
2025-11-09 06:00:00+00:00,angiang_longxuyen,81.45605987897683
2025-11-09 06:00:00+00:00,bacgiang_bacgiangcity,81.36529652578452
2025-11-09 06:00:00+00:00,bentre_bentrecity,71.06223156916926
2025-11-09 07:00:00+00:00,backan_backancity,49.74564669238907
2025-11-09 07:00:00+00:00,bacgiang_bacgiangcity,80.18039449569801
2025-11-09 07:00:00+00:00,baclieu_baclieucity,32.209709262981065
2025-11-09 07:00:00+00:00,bentre_bentrecity,72.31852528090215
2025-11-09 07:00:00+00:00,bacninh_bacninhcity,79.90364440315467
2025-11-09 07:00:00+00:00,angiang_longxuyen,81.99521418546355
2025-11-09 08:00:00+00:00,angiang_longxuyen,83.64839973834509
2025-11-09 08:00:00+00:00,bacninh_bacninhcity,78.66635474359771
2025-11-09 08:00:00+00:00,backan_backancity,48.99218400105605
2025-11-09 08:00:00+00:00,bacgiang_bacgiangcity,79.25389274384072
2025-11-09 08:00:00+00:00,baclieu_baclieucity,32.749573884860595
2025-11-09 08:00:00+00:00,bentre_bentrecity,75.22346600400678
2025-11-09 09:00:00+00:00,bacgiang_bacgiangcity,78.65854376661156
2025-11-09 09:00:00+00:00,baclieu_baclieucity,33.17557370310601
2025-11-09 09:00:00+00:00,bacninh_bacninhcity,77.81128953541163
2025-11-09 09:00:00+00:00,bentre_bentrecity,78.10018851350667
2025-11-09 09:00:00+00:00,angiang_longxuyen,85.84146985178387
2025-11-09 09:00:00+00:00,backan_backancity,48.25785247096927
2025-11-09 10:00:00+00:00,bacninh_bacninhcity,77.29150814663817
2025-11-09 10:00:00+00:00,bentre_bentrecity,79.832959298399
2025-11-09 10:00:00+00:00,backan_backancity,47.36794442351503
2025-11-09 10:00:00+00:00,baclieu_baclieucity,33.35529097449002
2025-11-09 10:00:00+00:00,angiang_longxuyen,87.52464878366847
2025-11-09 10:00:00+00:00,bacgiang_bacgiangcity,78.37933997054465
2025-11-09 11:00:00+00:00,bentre_bentrecity,80.16725864560053
2025-11-09 11:00:00+00:00,angiang_longxuyen,87.85892445369024
2025-11-09 11:00:00+00:00,bacgiang_bacgiangcity,78.46244687150292
2025-11-09 11:00:00+00:00,bacninh_bacninhcity,77.29389081862246
2025-11-09 11:00:00+00:00,backan_backancity,46.306010449596776
2025-11-09 11:00:00+00:00,baclieu_baclieucity,33.21786363849242
2025-11-09 12:00:00+00:00,bacgiang_bacgiangcity,79.08396785553859
2025-11-09 12:00:00+00:00,bentre_bentrecity,79.59219478058908
2025-11-09 12:00:00+00:00,baclieu_baclieucity,32.812001884716736
2025-11-09 12:00:00+00:00,bacninh_bacninhcity,77.95059110711234
2025-11-09 12:00:00+00:00,angiang_longxuyen,86.46623087094461
2025-11-09 12:00:00+00:00,backan_backancity,45.19302349144613
2025-11-09 13:00:00+00:00,backan_backancity,44.42326591576867
2025-11-09 13:00:00+00:00,bentre_bentrecity,78.13945524688792
2025-11-09 13:00:00+00:00,bacgiang_bacgiangcity,80.5899299508386
2025-11-09 13:00:00+00:00,baclieu_baclieucity,32.178380615656266
2025-11-09 13:00:00+00:00,bacninh_bacninhcity,79.70801232846975
2025-11-09 13:00:00+00:00,angiang_longxuyen,83.2645153920563
2025-11-09 14:00:00+00:00,backan_backancity,43.79884136179399
2025-11-09 14:00:00+00:00,angiang_longxuyen,79.73894718691011
2025-11-09 14:00:00+00:00,bacgiang_bacgiangcity,82.5151314064788
2025-11-09 14:00:00+00:00,bacninh_bacninhcity,81.94941753513791
2025-11-09 14:00:00+00:00,baclieu_baclieucity,31.44043520023766
2025-11-09 14:00:00+00:00,bentre_bentrecity,77.36415721114658
2025-11-09 15:00:00+00:00,backan_backancity,43.333138651592805
2025-11-09 15:00:00+00:00,baclieu_baclieucity,30.71459256217858
2025-11-09 15:00:00+00:00,angiang_longxuyen,77.14489655722834
2025-11-09 15:00:00+00:00,bacgiang_bacgiangcity,84.9764066429022
2025-11-09 15:00:00+00:00,bentre_bentrecity,77.80441069160761
2025-11-09 15:00:00+00:00,bacninh_bacninhcity,84.88759852629114
2025-11-09 16:00:00+00:00,bacgiang_bacgiangcity,87.91466302718045
2025-11-09 16:00:00+00:00,bentre_bentrecity,79.52728316919283
2025-11-09 16:00:00+00:00,backan_backancity,43.144095063718
2025-11-09 16:00:00+00:00,bacninh_bacninhcity,88.43016383108674
2025-11-09 16:00:00+00:00,angiang_longxuyen,75.86452689218137
2025-11-09 16:00:00+00:00,baclieu_baclieucity,30.060803320631834
2025-11-09 17:00:00+00:00,bentre_bentrecity,82.35874488033008
2025-11-09 17:00:00+00:00,bacninh_bacninhcity,92.14223593503661
2025-11-09 17:00:00+00:00,angiang_longxuyen,75.68800977856706
2025-11-09 17:00:00+00:00,backan_backancity,42.95198590414792
2025-11-09 17:00:00+00:00,baclieu_baclieucity,29.536097078468245
2025-11-09 17:00:00+00:00,bacgiang_bacgiangcity,90.98513153707226
2025-11-09 18:00:00+00:00,backan_backancity,42.786370262562144
2025-11-09 18:00:00+00:00,bacgiang_bacgiangcity,93.50794251752505
2025-11-09 18:00:00+00:00,bacninh_bacninhcity,95.43251637213069
2025-11-09 18:00:00+00:00,bentre_bentrecity,85.45476916727095
2025-11-09 18:00:00+00:00,baclieu_baclieucity,29.242534942127804
2025-11-09 18:00:00+00:00,angiang_longxuyen,76.30864349144541
2025-11-09 19:00:00+00:00,bacninh_bacninhcity,97.68755994588257
2025-11-09 19:00:00+00:00,angiang_longxuyen,77.7040443727715
2025-11-09 19:00:00+00:00,bacgiang_bacgiangcity,95.15957783821597
2025-11-09 19:00:00+00:00,backan_backancity,42.475690771422435
2025-11-09 19:00:00+00:00,baclieu_baclieucity,29.298627427147068
2025-11-09 19:00:00+00:00,bentre_bentrecity,88.84788909808964
2025-11-09 20:00:00+00:00,baclieu_baclieucity,29.70467859836083
2025-11-09 20:00:00+00:00,bacninh_bacninhcity,98.665654895521
2025-11-09 20:00:00+00:00,bacgiang_bacgiangcity,95.72659535638195
2025-11-09 20:00:00+00:00,bentre_bentrecity,92.32804011087002
2025-11-09 20:00:00+00:00,angiang_longxuyen,79.54444912451898
2025-11-09 20:00:00+00:00,backan_backancity,42.01841713721588
2025-11-09 21:00:00+00:00,bacninh_bacninhcity,98.26785522145367
2025-11-09 21:00:00+00:00,bacgiang_bacgiangcity,95.11225151746109
2025-11-09 21:00:00+00:00,angiang_longxuyen,81.60090689541084
2025-11-09 21:00:00+00:00,baclieu_baclieucity,30.52165096281483
2025-11-09 21:00:00+00:00,bentre_bentrecity,96.02054006610062
2025-11-09 21:00:00+00:00,backan_backancity,41.44163106891871
2025-11-09 22:00:00+00:00,angiang_longxuyen,83.78112777724397
2025-11-09 22:00:00+00:00,bacgiang_bacgiangcity,93.51499333242415
2025-11-09 22:00:00+00:00,bacninh_bacninhcity,96.52468828539558
2025-11-09 22:00:00+00:00,baclieu_baclieucity,31.775968253121434
2025-11-09 22:00:00+00:00,backan_backancity,40.75653311872486
2025-11-09 22:00:00+00:00,bentre_bentrecity,99.81695371131653
2025-11-09 23:00:00+00:00,bacninh_bacninhcity,93.905702314237
2025-11-09 23:00:00+00:00,angiang_longxuyen,86.02566834097932
2025-11-09 23:00:00+00:00,baclieu_baclieucity,33.218102902624736
2025-11-09 23:00:00+00:00,bacgiang_bacgiangcity,91.25062313063964
2025-11-09 23:00:00+00:00,bentre_bentrecity,103.55773891308229
2025-11-09 23:00:00+00:00,backan_backancity,40.04012147521448
2025-11-10 00:00:00+00:00,bentre_bentrecity,107.27679142347567
2025-11-10 00:00:00+00:00,baclieu_baclieucity,34.904346783120936
2025-11-10 00:00:00+00:00,bacninh_bacninhcity,90.86606398472767
2025-11-10 00:00:00+00:00,angiang_longxuyen,88.55984125229861
2025-11-10 00:00:00+00:00,backan_backancity,39.31050544240203
2025-11-10 00:00:00+00:00,bacgiang_bacgiangcity,88.66794003957746
2025-11-10 01:00:00+00:00,bacninh_bacninhcity,87.86236761409431
2025-11-10 01:00:00+00:00,bentre_bentrecity,112.8233645613249
2025-11-10 01:00:00+00:00,angiang_longxuyen,91.8435333583535
2025-11-10 01:00:00+00:00,baclieu_baclieucity,37.10492879338046
2025-11-10 01:00:00+00:00,bacgiang_bacgiangcity,86.10324475121257
2025-11-10 01:00:00+00:00,backan_backancity,38.61758156121376
2025-11-10 02:00:00+00:00,baclieu_baclieucity,39.213119955881
2025-11-10 02:00:00+00:00,backan_backancity,37.90564116617598
2025-11-10 02:00:00+00:00,angiang_longxuyen,94.68038100480251
2025-11-10 02:00:00+00:00,bacninh_bacninhcity,84.99983458919124
2025-11-10 02:00:00+00:00,bacgiang_bacgiangcity,83.57536062345432
2025-11-10 02:00:00+00:00,bentre_bentrecity,117.20264837541083
2025-11-10 03:00:00+00:00,angiang_longxuyen,95.99644978186198
2025-11-10 03:00:00+00:00,backan_backancity,37.10448017313237
2025-11-10 03:00:00+00:00,baclieu_baclieucity,40.991410741945984
2025-11-10 03:00:00+00:00,bacgiang_bacgiangcity,81.12975220302803
2025-11-10 03:00:00+00:00,bentre_bentrecity,119.44200488294607
2025-11-10 03:00:00+00:00,bacninh_bacninhcity,82.32198917417077
2025-11-10 04:00:00+00:00,backan_backancity,36.293369779920056
2025-11-10 04:00:00+00:00,bacgiang_bacgiangcity,78.89633243677584
2025-11-10 04:00:00+00:00,angiang_longxuyen,96.40339663586272
2025-11-10 04:00:00+00:00,baclieu_baclieucity,42.712821465222845
2025-11-10 04:00:00+00:00,bacninh_bacninhcity,79.94054591089461
2025-11-10 04:00:00+00:00,bentre_bentrecity,120.48353909724986
2025-11-10 05:00:00+00:00,bacgiang_bacgiangcity,76.97745652663366
2025-11-10 05:00:00+00:00,backan_backancity,35.59095508815001
2025-11-10 05:00:00+00:00,baclieu_baclieucity,44.35839044322574
2025-11-10 05:00:00+00:00,bentre_bentrecity,121.29341827711465
2025-11-10 05:00:00+00:00,bacninh_bacninhcity,77.92597431716588
2025-11-10 05:00:00+00:00,angiang_longxuyen,96.38687245672482
2025-11-10 06:00:00+00:00,angiang_longxuyen,96.3888311202663
2025-11-10 06:00:00+00:00,baclieu_baclieucity,45.970123485183954
2025-11-10 06:00:00+00:00,bacgiang_bacgiangcity,75.48993895436685
2025-11-10 06:00:00+00:00,backan_backancity,35.04453562597897
2025-11-10 06:00:00+00:00,bentre_bentrecity,122.57576934825732
2025-11-10 06:00:00+00:00,bacninh_bacninhcity,76.37932859620108
2025-11-10 07:00:00+00:00,baclieu_baclieucity,47.61157512624329
2025-11-10 07:00:00+00:00,bentre_bentrecity,124.49905419850431
2025-11-10 07:00:00+00:00,bacgiang_bacgiangcity,74.65153749606252
2025-11-10 07:00:00+00:00,backan_backancity,34.79106020113989
2025-11-10 07:00:00+00:00,bacninh_bacninhcity,75.45348357454029
2025-11-10 07:00:00+00:00,angiang_longxuyen,96.68655607865878
2025-11-10 08:00:00+00:00,bacninh_bacninhcity,75.13348773624861
2025-11-10 08:00:00+00:00,angiang_longxuyen,97.59385376847953
2025-11-10 08:00:00+00:00,bentre_bentrecity,126.54024641928764
2025-11-10 08:00:00+00:00,backan_backancity,34.83605681202311
2025-11-10 08:00:00+00:00,baclieu_baclieucity,49.22049681464682
2025-11-10 08:00:00+00:00,bacgiang_bacgiangcity,74.44850941812092
2025-11-10 09:00:00+00:00,bacninh_bacninhcity,75.39678545218611
2025-11-10 09:00:00+00:00,angiang_longxuyen,99.07678053809305
2025-11-10 09:00:00+00:00,backan_backancity,35.075046787518374
2025-11-10 09:00:00+00:00,bacgiang_bacgiangcity,74.84710103154288
2025-11-10 09:00:00+00:00,baclieu_baclieucity,50.47987354441798
2025-11-10 09:00:00+00:00,bentre_bentrecity,128.32828223407498
2025-11-10 10:00:00+00:00,baclieu_baclieucity,51.211712739793164
2025-11-10 10:00:00+00:00,bentre_bentrecity,128.9391559642227
2025-11-10 10:00:00+00:00,backan_backancity,35.41916842581832
2025-11-10 10:00:00+00:00,bacninh_bacninhcity,76.04945812778206
2025-11-10 10:00:00+00:00,bacgiang_bacgiangcity,75.6428087962375
2025-11-10 10:00:00+00:00,angiang_longxuyen,100.58397392462605
2025-11-10 11:00:00+00:00,bacninh_bacninhcity,77.12383632891532
2025-11-10 11:00:00+00:00,bentre_bentrecity,128.51084824403435
2025-11-10 11:00:00+00:00,bacgiang_bacgiangcity,76.83927401321847
2025-11-10 11:00:00+00:00,angiang_longxuyen,101.31247494919688
2025-11-10 11:00:00+00:00,baclieu_baclieucity,51.35253962033737
2025-11-10 11:00:00+00:00,backan_backancity,35.801502539916505
2025-11-10 12:00:00+00:00,baclieu_baclieucity,50.993812900627454
2025-11-10 12:00:00+00:00,bacgiang_bacgiangcity,78.43693533339498
2025-11-10 12:00:00+00:00,bentre_bentrecity,127.02671775464057
2025-11-10 12:00:00+00:00,backan_backancity,36.2165211314226
2025-11-10 12:00:00+00:00,bacninh_bacninhcity,78.67000102928078
2025-11-10 12:00:00+00:00,angiang_longxuyen,100.49949842036926
2025-11-10 13:00:00+00:00,backan_backancity,36.7409282934208
2025-11-10 13:00:00+00:00,bacninh_bacninhcity,81.52865660445629
2025-11-10 13:00:00+00:00,bentre_bentrecity,124.5211612073962
2025-11-10 13:00:00+00:00,angiang_longxuyen,98.10132411417413
2025-11-10 13:00:00+00:00,baclieu_baclieucity,50.24928772157023
2025-11-10 13:00:00+00:00,bacgiang_bacgiangcity,81.21413642552601
2025-11-10 14:00:00+00:00,bacninh_bacninhcity,84.20622412415642
2025-11-10 14:00:00+00:00,baclieu_baclieucity,49.2675271706547
2025-11-10 14:00:00+00:00,bacgiang_bacgiangcity,83.68951952258442
2025-11-10 14:00:00+00:00,bentre_bentrecity,121.5892185300261
2025-11-10 14:00:00+00:00,backan_backancity,37.27919283641549
2025-11-10 14:00:00+00:00,angiang_longxuyen,94.99967774320757
2025-11-10 15:00:00+00:00,backan_backancity,37.81004019130845
2025-11-10 15:00:00+00:00,angiang_longxuyen,92.19736513268984
2025-11-10 15:00:00+00:00,bentre_bentrecity,118.72937286502581
2025-11-10 15:00:00+00:00,bacninh_bacninhcity,85.98323634251435
2025-11-10 15:00:00+00:00,bacgiang_bacgiangcity,85.089051448695
2025-11-10 15:00:00+00:00,baclieu_baclieucity,48.2596419672922
2025-11-10 16:00:00+00:00,bacgiang_bacgiangcity,85.23547860533617
2025-11-10 16:00:00+00:00,baclieu_baclieucity,47.305586209030814
2025-11-10 16:00:00+00:00,bacninh_bacninhcity,86.55330556876376
2025-11-10 16:00:00+00:00,backan_backancity,38.35850336794301
2025-11-10 16:00:00+00:00,bentre_bentrecity,115.58212113042272
2025-11-10 16:00:00+00:00,angiang_longxuyen,90.11944088292695
2025-11-10 17:00:00+00:00,baclieu_baclieucity,46.585775020973806
2025-11-10 17:00:00+00:00,bacninh_bacninhcity,86.06675572486739
2025-11-10 17:00:00+00:00,bentre_bentrecity,111.97905253125201
2025-11-10 17:00:00+00:00,bacgiang_bacgiangcity,84.45451424662801
2025-11-10 17:00:00+00:00,angiang_longxuyen,88.59637140216653
2025-11-10 17:00:00+00:00,backan_backancity,38.94430171855732
2025-11-10 18:00:00+00:00,backan_backancity,39.55425577719645
2025-11-10 18:00:00+00:00,baclieu_baclieucity,46.07890891067584
2025-11-10 18:00:00+00:00,bacninh_bacninhcity,84.72177103625488
2025-11-10 18:00:00+00:00,bacgiang_bacgiangcity,83.03437320478722
2025-11-10 18:00:00+00:00,bentre_bentrecity,108.34580051255648
2025-11-10 18:00:00+00:00,angiang_longxuyen,87.5744942317331
2025-11-10 19:00:00+00:00,bacninh_bacninhcity,82.80878700537093
2025-11-10 19:00:00+00:00,bentre_bentrecity,104.79527905227776
2025-11-10 19:00:00+00:00,baclieu_baclieucity,45.743101700973796
2025-11-10 19:00:00+00:00,bacgiang_bacgiangcity,81.22451824576717
2025-11-10 19:00:00+00:00,backan_backancity,40.24997605793114
2025-11-10 19:00:00+00:00,angiang_longxuyen,86.98628890887106
2025-11-10 20:00:00+00:00,angiang_longxuyen,86.59497491280699
2025-11-10 20:00:00+00:00,baclieu_baclieucity,45.49206377948266
2025-11-10 20:00:00+00:00,bacgiang_bacgiangcity,79.17100516833706
2025-11-10 20:00:00+00:00,bacninh_bacninhcity,80.57123619433425
2025-11-10 20:00:00+00:00,backan_backancity,41.0166182152191
2025-11-10 20:00:00+00:00,bentre_bentrecity,101.54366080162646
2025-11-10 21:00:00+00:00,bacgiang_bacgiangcity,77.13967511600754
2025-11-10 21:00:00+00:00,bacninh_bacninhcity,78.30482663967196
2025-11-10 21:00:00+00:00,baclieu_baclieucity,45.30770079619624
2025-11-10 21:00:00+00:00,backan_backancity,41.793827871684236
2025-11-10 21:00:00+00:00,angiang_longxuyen,86.23580081901633
2025-11-10 21:00:00+00:00,bentre_bentrecity,98.4812944045693
2025-11-10 22:00:00+00:00,bacninh_bacninhcity,76.30784345200298
2025-11-10 22:00:00+00:00,baclieu_baclieucity,45.179355527887715
2025-11-10 22:00:00+00:00,bentre_bentrecity,95.62644929762598
2025-11-10 22:00:00+00:00,backan_backancity,42.5869635469565
2025-11-10 22:00:00+00:00,angiang_longxuyen,86.00563993923691
2025-11-10 22:00:00+00:00,bacgiang_bacgiangcity,75.42673085374598
2025-11-10 23:00:00+00:00,baclieu_baclieucity,44.98233148426637
2025-11-10 23:00:00+00:00,backan_backancity,43.32966932167426
2025-11-10 23:00:00+00:00,angiang_longxuyen,85.8642722220603
2025-11-10 23:00:00+00:00,bacgiang_bacgiangcity,74.0100429416481
2025-11-10 23:00:00+00:00,bentre_bentrecity,92.75509418669843
2025-11-10 23:00:00+00:00,bacninh_bacninhcity,74.56915835684002
2025-11-11 00:00:00+00:00,angiang_longxuyen,85.64159706958715
2025-11-11 00:00:00+00:00,backan_backancity,44.05013848609513
2025-11-11 00:00:00+00:00,baclieu_baclieucity,44.71569154748062
2025-11-11 00:00:00+00:00,bentre_bentrecity,89.93044028782592
2025-11-11 00:00:00+00:00,bacninh_bacninhcity,73.16740700666875
2025-11-11 00:00:00+00:00,bacgiang_bacgiangcity,72.9694159371793
2025-11-11 01:00:00+00:00,bacgiang_bacgiangcity,72.3889461981784
2025-11-11 01:00:00+00:00,backan_backancity,44.776564330476724
2025-11-11 01:00:00+00:00,bentre_bentrecity,86.59873210738472
2025-11-11 01:00:00+00:00,baclieu_baclieucity,44.095319529747
2025-11-11 01:00:00+00:00,angiang_longxuyen,84.68251427221247
2025-11-11 01:00:00+00:00,bacninh_bacninhcity,72.32912019576116
2025-11-11 02:00:00+00:00,bacgiang_bacgiangcity,72.11041782481833
2025-11-11 02:00:00+00:00,backan_backancity,45.42139113640055
2025-11-11 02:00:00+00:00,bentre_bentrecity,82.74201112761041
2025-11-11 02:00:00+00:00,angiang_longxuyen,83.13478313948077
2025-11-11 02:00:00+00:00,baclieu_baclieucity,43.091995298906724
2025-11-11 02:00:00+00:00,bacninh_bacninhcity,71.79023007675387
2025-11-11 03:00:00+00:00,backan_backancity,45.89537338251367
2025-11-11 03:00:00+00:00,angiang_longxuyen,81.11731296048245
2025-11-11 03:00:00+00:00,baclieu_baclieucity,41.67140439065048
2025-11-11 03:00:00+00:00,bentre_bentrecity,78.55403269515007
2025-11-11 03:00:00+00:00,bacgiang_bacgiangcity,71.85875183497987
2025-11-11 03:00:00+00:00,bacninh_bacninhcity,71.28054015122767
2025-11-11 04:00:00+00:00,bentre_bentrecity,74.56333377061901
2025-11-11 04:00:00+00:00,baclieu_baclieucity,40.10415453862488
2025-11-11 04:00:00+00:00,backan_backancity,46.23122545424053
2025-11-11 04:00:00+00:00,bacninh_bacninhcity,70.76708430795225
2025-11-11 04:00:00+00:00,bacgiang_bacgiangcity,71.58317937058774
2025-11-11 04:00:00+00:00,angiang_longxuyen,78.8949491910109
2025-11-11 05:00:00+00:00,bentre_bentrecity,71.05530287867101
2025-11-11 05:00:00+00:00,bacgiang_bacgiangcity,71.30787607834449
2025-11-11 05:00:00+00:00,baclieu_baclieucity,38.70604448946727
2025-11-11 05:00:00+00:00,backan_backancity,46.51277453727106
2025-11-11 05:00:00+00:00,bacninh_bacninhcity,70.32898669701673
2025-11-11 05:00:00+00:00,angiang_longxuyen,76.81521301391268
2025-11-11 06:00:00+00:00,bacgiang_bacgiangcity,71.07819248066234
2025-11-11 06:00:00+00:00,baclieu_baclieucity,37.60654604677579
2025-11-11 06:00:00+00:00,angiang_longxuyen,75.30627133246496
2025-11-11 06:00:00+00:00,bacninh_bacninhcity,70.02826159071515
2025-11-11 06:00:00+00:00,backan_backancity,46.781827054057636
2025-11-11 06:00:00+00:00,bentre_bentrecity,68.28255808100432
2025-11-11 07:00:00+00:00,backan_backancity,47.08112654490417
2025-11-11 07:00:00+00:00,angiang_longxuyen,74.79901891028669
2025-11-11 07:00:00+00:00,bentre_bentrecity,66.58757109033985
2025-11-11 07:00:00+00:00,bacninh_bacninhcity,69.89748380372811
2025-11-11 07:00:00+00:00,bacgiang_bacgiangcity,70.95310718615659
2025-11-11 07:00:00+00:00,baclieu_baclieucity,36.84846256688746
2025-11-11 08:00:00+00:00,bacninh_bacninhcity,69.91429460135785
2025-11-11 08:00:00+00:00,bentre_bentrecity,66.06678030600818
2025-11-11 08:00:00+00:00,angiang_longxuyen,75.86655565263662
2025-11-11 08:00:00+00:00,backan_backancity,47.39267835319294
2025-11-11 08:00:00+00:00,bacgiang_bacgiangcity,70.92828353242906
2025-11-11 08:00:00+00:00,baclieu_baclieucity,36.27718954297235
2025-11-11 09:00:00+00:00,angiang_longxuyen,78.59733451842939
2025-11-11 09:00:00+00:00,bacgiang_bacgiangcity,70.9827809232329
2025-11-11 09:00:00+00:00,bacninh_bacninhcity,70.02010168686937
2025-11-11 09:00:00+00:00,bentre_bentrecity,65.8869409102233
2025-11-11 09:00:00+00:00,backan_backancity,47.6492442730744
2025-11-11 09:00:00+00:00,baclieu_baclieucity,35.76848907432666
2025-11-11 10:00:00+00:00,angiang_longxuyen,82.73967580998564
2025-11-11 10:00:00+00:00,bacninh_bacninhcity,70.1774128691961
2025-11-11 10:00:00+00:00,backan_backancity,47.817810838958714
2025-11-11 10:00:00+00:00,bacgiang_bacgiangcity,71.1242956881575
2025-11-11 10:00:00+00:00,bentre_bentrecity,65.54748990717289
2025-11-11 10:00:00+00:00,baclieu_baclieucity,35.198681543221966
2025-11-11 11:00:00+00:00,bentre_bentrecity,64.83890419465693
2025-11-11 11:00:00+00:00,bacgiang_bacgiangcity,71.72576085476892
2025-11-11 11:00:00+00:00,bacninh_bacninhcity,70.97104950374539
2025-11-11 11:00:00+00:00,angiang_longxuyen,87.0939789532572
2025-11-11 11:00:00+00:00,baclieu_baclieucity,34.41634266192035
2025-11-11 11:00:00+00:00,backan_backancity,47.94005487189324
2025-11-11 12:00:00+00:00,baclieu_baclieucity,33.46120024572471
2025-11-11 12:00:00+00:00,bacninh_bacninhcity,73.2930705228276
2025-11-11 12:00:00+00:00,bentre_bentrecity,63.97141469793353
2025-11-11 12:00:00+00:00,angiang_longxuyen,89.1970851298624
2025-11-11 12:00:00+00:00,bacgiang_bacgiangcity,73.74286216822993
2025-11-11 12:00:00+00:00,backan_backancity,48.212123113680846
2025-11-11 13:00:00+00:00,bacninh_bacninhcity,77.46931379729837
2025-11-11 13:00:00+00:00,bentre_bentrecity,63.84105811551275
2025-11-11 13:00:00+00:00,bacgiang_bacgiangcity,77.57562682675635
2025-11-11 13:00:00+00:00,backan_backancity,48.74673389398833
2025-11-11 13:00:00+00:00,angiang_longxuyen,87.52336398512463
2025-11-11 13:00:00+00:00,baclieu_baclieucity,32.37574860146782
2025-11-11 14:00:00+00:00,angiang_longxuyen,83.28684421873751
2025-11-11 14:00:00+00:00,backan_backancity,49.62835243619179
2025-11-11 14:00:00+00:00,bentre_bentrecity,64.30712221424712
2025-11-11 14:00:00+00:00,bacninh_bacninhcity,83.07683760360344
2025-11-11 14:00:00+00:00,bacgiang_bacgiangcity,83.04146265087435
2025-11-11 14:00:00+00:00,baclieu_baclieucity,31.324496774123475
2025-11-11 15:00:00+00:00,bentre_bentrecity,65.42692321549927
2025-11-11 15:00:00+00:00,angiang_longxuyen,78.89851572198319
2025-11-11 15:00:00+00:00,bacninh_bacninhcity,89.74245407295251
2025-11-11 15:00:00+00:00,bacgiang_bacgiangcity,89.75291814023916
2025-11-11 15:00:00+00:00,baclieu_baclieucity,30.44215047018423
2025-11-11 15:00:00+00:00,backan_backancity,50.855423523431185
2025-11-11 16:00:00+00:00,angiang_longxuyen,76.05329632323792
2025-11-11 16:00:00+00:00,bacgiang_bacgiangcity,96.78802338635374
2025-11-11 16:00:00+00:00,bentre_bentrecity,67.19210930565067
2025-11-11 16:00:00+00:00,backan_backancity,52.12800464250439
2025-11-11 16:00:00+00:00,baclieu_baclieucity,29.7736664231779
2025-11-11 16:00:00+00:00,bacninh_bacninhcity,96.79141296156152
2025-11-11 17:00:00+00:00,angiang_longxuyen,75.20910267906383
2025-11-11 17:00:00+00:00,bacninh_bacninhcity,103.0369655750936
2025-11-11 17:00:00+00:00,bentre_bentrecity,69.14579067004033
2025-11-11 17:00:00+00:00,backan_backancity,52.89334081640347
2025-11-11 17:00:00+00:00,baclieu_baclieucity,29.320066490336245
2025-11-11 17:00:00+00:00,bacgiang_bacgiangcity,102.91051946583532
2025-11-11 18:00:00+00:00,angiang_longxuyen,75.91879249585703
2025-11-11 18:00:00+00:00,bacninh_bacninhcity,108.06573436867934
2025-11-11 18:00:00+00:00,bacgiang_bacgiangcity,107.62113114106288
2025-11-11 18:00:00+00:00,baclieu_baclieucity,29.123944671880494
2025-11-11 18:00:00+00:00,bentre_bentrecity,70.98999872455768
2025-11-11 18:00:00+00:00,backan_backancity,53.06916007629854
2025-11-11 19:00:00+00:00,backan_backancity,52.74920411536226
2025-11-11 19:00:00+00:00,baclieu_baclieucity,29.123107247417394
2025-11-11 19:00:00+00:00,angiang_longxuyen,77.60883220211899
2025-11-11 19:00:00+00:00,bacgiang_bacgiangcity,111.0002379199656
2025-11-11 19:00:00+00:00,bentre_bentrecity,72.7176751772995
2025-11-11 19:00:00+00:00,bacninh_bacninhcity,111.94662227198468
2025-11-11 20:00:00+00:00,backan_backancity,52.17915233545583
2025-11-11 20:00:00+00:00,bacninh_bacninhcity,114.66849477968555
2025-11-11 20:00:00+00:00,bentre_bentrecity,74.21312086628393
2025-11-11 20:00:00+00:00,angiang_longxuyen,79.69329883049983
2025-11-11 20:00:00+00:00,bacgiang_bacgiangcity,113.11898162763505
2025-11-11 20:00:00+00:00,baclieu_baclieucity,29.30043187747826
2025-11-11 21:00:00+00:00,bentre_bentrecity,75.4810762121324
2025-11-11 21:00:00+00:00,baclieu_baclieucity,29.667144037604146
2025-11-11 21:00:00+00:00,angiang_longxuyen,81.85497051124186
2025-11-11 21:00:00+00:00,bacgiang_bacgiangcity,113.8948404386865
2025-11-11 21:00:00+00:00,backan_backancity,51.557155315490256
2025-11-11 21:00:00+00:00,bacninh_bacninhcity,116.10200345875201
2025-11-11 22:00:00+00:00,bentre_bentrecity,76.43336241274855
2025-11-11 22:00:00+00:00,angiang_longxuyen,83.65038862144495
2025-11-11 22:00:00+00:00,bacninh_bacninhcity,116.32916730604073
2025-11-11 22:00:00+00:00,baclieu_baclieucity,30.171592583231856
2025-11-11 22:00:00+00:00,backan_backancity,50.9145367181209
2025-11-11 22:00:00+00:00,bacgiang_bacgiangcity,113.71617867105286
2025-11-11 23:00:00+00:00,bacgiang_bacgiangcity,112.9708958222433
2025-11-11 23:00:00+00:00,backan_backancity,50.21778959548504
2025-11-11 23:00:00+00:00,bentre_bentrecity,76.99126156860122
2025-11-11 23:00:00+00:00,angiang_longxuyen,85.1046285406425
2025-11-11 23:00:00+00:00,bacninh_bacninhcity,115.6367468764642
2025-11-11 23:00:00+00:00,baclieu_baclieucity,30.730777783795702
2025-11-12 00:00:00+00:00,angiang_longxuyen,86.33134945485492
2025-11-12 00:00:00+00:00,bentre_bentrecity,77.35939934418212
2025-11-12 00:00:00+00:00,bacgiang_bacgiangcity,111.96946202728178
2025-11-12 00:00:00+00:00,baclieu_baclieucity,31.330069634538617
2025-11-12 00:00:00+00:00,bacninh_bacninhcity,114.28740434060845
2025-11-12 00:00:00+00:00,backan_backancity,49.517084645327145
2025-11-12 01:00:00+00:00,backan_backancity,48.78272819189325
2025-11-12 01:00:00+00:00,bacninh_bacninhcity,112.21972981734703
2025-11-12 01:00:00+00:00,bentre_bentrecity,77.63473752911136
2025-11-12 01:00:00+00:00,bacgiang_bacgiangcity,110.71344870320392
2025-11-12 01:00:00+00:00,angiang_longxuyen,86.90095635301532
2025-11-12 01:00:00+00:00,baclieu_baclieucity,31.908924340646408
2025-11-12 02:00:00+00:00,bentre_bentrecity,77.56763640167097
2025-11-12 02:00:00+00:00,angiang_longxuyen,87.04886395647519
2025-11-12 02:00:00+00:00,bacgiang_bacgiangcity,109.06898632181299
2025-11-12 02:00:00+00:00,bacninh_bacninhcity,109.61778596363361
2025-11-12 02:00:00+00:00,backan_backancity,48.132109200099656
2025-11-12 02:00:00+00:00,baclieu_baclieucity,32.372538474359274
2025-11-12 03:00:00+00:00,bentre_bentrecity,76.97223508541286
2025-11-12 03:00:00+00:00,angiang_longxuyen,86.94319644170751
2025-11-12 03:00:00+00:00,bacninh_bacninhcity,106.69949193422791
2025-11-12 03:00:00+00:00,backan_backancity,47.44123900271374
2025-11-12 03:00:00+00:00,bacgiang_bacgiangcity,106.88947139378693
2025-11-12 03:00:00+00:00,baclieu_baclieucity,32.91208407739572
2025-11-12 04:00:00+00:00,angiang_longxuyen,86.60378282367778
2025-11-12 04:00:00+00:00,bacgiang_bacgiangcity,104.34034385111437
2025-11-12 04:00:00+00:00,bacninh_bacninhcity,103.68274881446301
2025-11-12 04:00:00+00:00,backan_backancity,46.849015413212925
2025-11-12 04:00:00+00:00,bentre_bentrecity,76.09032743238286
2025-11-12 04:00:00+00:00,baclieu_baclieucity,33.55391509699621
2025-11-12 05:00:00+00:00,bacninh_bacninhcity,100.79807139564737
2025-11-12 05:00:00+00:00,baclieu_baclieucity,34.556122761885696
2025-11-12 05:00:00+00:00,bacgiang_bacgiangcity,101.67949553574333
2025-11-12 05:00:00+00:00,bentre_bentrecity,75.71578934126256
2025-11-12 05:00:00+00:00,backan_backancity,46.46912877180153
2025-11-12 05:00:00+00:00,angiang_longxuyen,86.27232473804747
2025-11-12 06:00:00+00:00,bacninh_bacninhcity,98.30322300872045
2025-11-12 06:00:00+00:00,backan_backancity,46.441364163114315
2025-11-12 06:00:00+00:00,bentre_bentrecity,75.97274655769374
2025-11-12 06:00:00+00:00,baclieu_baclieucity,35.92047164503999
2025-11-12 06:00:00+00:00,bacgiang_bacgiangcity,99.3071148687913
2025-11-12 06:00:00+00:00,angiang_longxuyen,86.22309988132602
2025-11-12 07:00:00+00:00,bentre_bentrecity,76.84213022879796
2025-11-12 07:00:00+00:00,bacgiang_bacgiangcity,97.69055760145694
2025-11-12 07:00:00+00:00,angiang_longxuyen,86.722071521425
2025-11-12 07:00:00+00:00,baclieu_baclieucity,37.52598381955806
2025-11-12 07:00:00+00:00,bacninh_bacninhcity,96.35513662421651
2025-11-12 07:00:00+00:00,backan_backancity,47.04502258427195
2025-11-12 08:00:00+00:00,angiang_longxuyen,87.7398893016969
2025-11-12 08:00:00+00:00,bacgiang_bacgiangcity,97.0299552514342
2025-11-12 08:00:00+00:00,bentre_bentrecity,78.18596221260637
2025-11-12 08:00:00+00:00,baclieu_baclieucity,39.19331087959321
2025-11-12 08:00:00+00:00,backan_backancity,48.24262929055082
2025-11-12 08:00:00+00:00,bacninh_bacninhcity,95.08895628799544
2025-11-12 09:00:00+00:00,baclieu_baclieucity,40.85254283648509
2025-11-12 09:00:00+00:00,bacninh_bacninhcity,94.45063011408315
2025-11-12 09:00:00+00:00,bentre_bentrecity,79.76176824969687
2025-11-12 09:00:00+00:00,backan_backancity,49.83922389147079
2025-11-12 09:00:00+00:00,bacgiang_bacgiangcity,97.15160828950025
2025-11-12 09:00:00+00:00,angiang_longxuyen,88.84786666707724
2025-11-12 10:00:00+00:00,baclieu_baclieucity,42.320278748145945
2025-11-12 10:00:00+00:00,bentre_bentrecity,81.28373238001271
2025-11-12 10:00:00+00:00,bacgiang_bacgiangcity,97.686696351905
2025-11-12 10:00:00+00:00,angiang_longxuyen,89.544312217213
2025-11-12 10:00:00+00:00,backan_backancity,51.121510161910955
2025-11-12 10:00:00+00:00,bacninh_bacninhcity,94.36398783633646
2025-11-12 11:00:00+00:00,backan_backancity,51.67581038644008
2025-11-12 11:00:00+00:00,bacninh_bacninhcity,94.71523755191159
2025-11-12 11:00:00+00:00,bacgiang_bacgiangcity,98.04286749391001
2025-11-12 11:00:00+00:00,angiang_longxuyen,89.47016899804498
2025-11-12 11:00:00+00:00,bentre_bentrecity,82.40564937343503
2025-11-12 11:00:00+00:00,baclieu_baclieucity,43.45973430093378
2025-11-12 12:00:00+00:00,angiang_longxuyen,88.56717993185691
2025-11-12 12:00:00+00:00,bacninh_bacninhcity,96.20531740003285
2025-11-12 12:00:00+00:00,bacgiang_bacgiangcity,98.76305938609421
2025-11-12 12:00:00+00:00,bentre_bentrecity,83.00856383268125
2025-11-12 12:00:00+00:00,backan_backancity,51.41976287217863
2025-11-12 12:00:00+00:00,baclieu_baclieucity,44.21077444292713
2025-11-12 13:00:00+00:00,bentre_bentrecity,83.06051405740982
2025-11-12 13:00:00+00:00,angiang_longxuyen,87.26346394448274
2025-11-12 13:00:00+00:00,bacgiang_bacgiangcity,100.27645050808583
2025-11-12 13:00:00+00:00,backan_backancity,50.565445364406024
2025-11-12 13:00:00+00:00,bacninh_bacninhcity,98.75705021133363
2025-11-12 13:00:00+00:00,baclieu_baclieucity,44.74108843819182
2025-11-12 14:00:00+00:00,baclieu_baclieucity,45.25380655039261
2025-11-12 14:00:00+00:00,backan_backancity,49.5770452338188
2025-11-12 14:00:00+00:00,bacgiang_bacgiangcity,103.06420741657507
2025-11-12 14:00:00+00:00,bentre_bentrecity,83.20707580012542
2025-11-12 14:00:00+00:00,bacninh_bacninhcity,102.78155485235098
2025-11-12 14:00:00+00:00,angiang_longxuyen,85.76473086601372
2025-11-12 15:00:00+00:00,bacgiang_bacgiangcity,107.05860995048755
2025-11-12 15:00:00+00:00,bentre_bentrecity,83.82565707536875
2025-11-12 15:00:00+00:00,angiang_longxuyen,84.70131893761149
2025-11-12 15:00:00+00:00,bacninh_bacninhcity,108.03417206497532
2025-11-12 15:00:00+00:00,backan_backancity,48.992667513990106
2025-11-12 15:00:00+00:00,baclieu_baclieucity,45.772615928628554
2025-11-12 16:00:00+00:00,baclieu_baclieucity,46.43445541129376
2025-11-12 16:00:00+00:00,bacninh_bacninhcity,113.84550218073568
2025-11-12 16:00:00+00:00,backan_backancity,48.89501285532022
2025-11-12 16:00:00+00:00,bentre_bentrecity,84.84746944509968
2025-11-12 16:00:00+00:00,angiang_longxuyen,84.34939878399895
2025-11-12 16:00:00+00:00,bacgiang_bacgiangcity,111.51608889689888
2025-11-12 17:00:00+00:00,angiang_longxuyen,84.73310866685794
2025-11-12 17:00:00+00:00,backan_backancity,49.233137936304054
2025-11-12 17:00:00+00:00,bacninh_bacninhcity,119.44650105476578
2025-11-12 17:00:00+00:00,baclieu_baclieucity,47.19397447597597
2025-11-12 17:00:00+00:00,bacgiang_bacgiangcity,115.92131293066313
2025-11-12 17:00:00+00:00,bentre_bentrecity,86.11688405292179
2025-11-12 18:00:00+00:00,bentre_bentrecity,87.68119108073667
2025-11-12 18:00:00+00:00,bacgiang_bacgiangcity,119.53874983944621
2025-11-12 18:00:00+00:00,bacninh_bacninhcity,124.01599985404097
2025-11-12 18:00:00+00:00,backan_backancity,49.67504881934831
2025-11-12 18:00:00+00:00,baclieu_baclieucity,48.0768541395435
2025-11-12 18:00:00+00:00,angiang_longxuyen,85.72459555398548
2025-11-12 19:00:00+00:00,bentre_bentrecity,89.9016438525681
2025-11-12 19:00:00+00:00,backan_backancity,50.043116809557304
2025-11-12 19:00:00+00:00,baclieu_baclieucity,49.18971149628915
2025-11-12 19:00:00+00:00,angiang_longxuyen,87.30291012596322
2025-11-12 19:00:00+00:00,bacgiang_bacgiangcity,121.88708243607877
2025-11-12 19:00:00+00:00,bacninh_bacninhcity,127.08726902645888
2025-11-12 20:00:00+00:00,angiang_longxuyen,89.51786854592294
2025-11-12 20:00:00+00:00,bacgiang_bacgiangcity,123.08296943140664
2025-11-12 20:00:00+00:00,bacninh_bacninhcity,128.7499852672776
2025-11-12 20:00:00+00:00,baclieu_baclieucity,50.49255952810002
2025-11-12 20:00:00+00:00,bentre_bentrecity,93.05494136809786
2025-11-12 21:00:00+00:00,bentre_bentrecity,96.74211053092218
2025-11-12 21:00:00+00:00,bacgiang_bacgiangcity,123.29414495152045
2025-11-12 21:00:00+00:00,angiang_longxuyen,92.04769046391945
2025-11-12 21:00:00+00:00,bacninh_bacninhcity,129.17489842758874
2025-11-12 21:00:00+00:00,baclieu_baclieucity,52.06385194702782
2025-11-12 22:00:00+00:00,baclieu_baclieucity,53.82990038498943
2025-11-12 22:00:00+00:00,bentre_bentrecity,100.63820930874333
2025-11-12 22:00:00+00:00,bacgiang_bacgiangcity,122.84652163731721
2025-11-12 22:00:00+00:00,bacninh_bacninhcity,128.6352730698415
2025-11-12 22:00:00+00:00,angiang_longxuyen,94.75241259338613
2025-11-12 23:00:00+00:00,bentre_bentrecity,104.69550466293566
2025-11-12 23:00:00+00:00,baclieu_baclieucity,55.80755302463524
2025-11-12 23:00:00+00:00,angiang_longxuyen,97.57422164795626
2025-11-13 00:00:00+00:00,angiang_longxuyen,100.51269844808557
2025-11-13 00:00:00+00:00,bentre_bentrecity,109.11341218804725
2025-11-13 00:00:00+00:00,bacninh_bacninhcity,127.42342267068585
2025-11-13 00:00:00+00:00,bacgiang_bacgiangcity,121.9753360082165
2025-11-13 00:00:00+00:00,baclieu_baclieucity,57.75262088026161
2025-11-13 01:00:00+00:00,angiang_longxuyen,103.82120050002706
2025-11-13 01:00:00+00:00,bentre_bentrecity,113.29842474220078
2025-11-13 01:00:00+00:00,baclieu_baclieucity,59.34298215206786
2025-11-13 02:00:00+00:00,angiang_longxuyen,106.60590601197471
2025-11-13 02:00:00+00:00,bentre_bentrecity,116.80013507332018
2025-11-13 02:00:00+00:00,baclieu_baclieucity,60.30746833109729
2025-11-13 03:00:00+00:00,bentre_bentrecity,118.96348658765783
2025-11-13 03:00:00+00:00,baclieu_baclieucity,60.65829933444086
2025-11-13 03:00:00+00:00,angiang_longxuyen,108.21425259414355
2025-11-13 04:00:00+00:00,angiang_longxuyen,109.08684888469102
2025-11-13 04:00:00+00:00,bentre_bentrecity,120.62444573250485
2025-11-13 04:00:00+00:00,baclieu_baclieucity,60.57812341910342
2025-11-13 05:00:00+00:00,baclieu_baclieucity,60.21491797391676
2025-11-13 05:00:00+00:00,bentre_bentrecity,122.62979319546595
2025-11-13 05:00:00+00:00,angiang_longxuyen,109.84683027746223
2025-11-13 06:00:00+00:00,baclieu_baclieucity,59.983200631109945
2025-11-13 06:00:00+00:00,angiang_longxuyen,110.3642601484353
2025-11-13 06:00:00+00:00,bentre_bentrecity,124.97540914726287
2025-11-13 07:00:00+00:00,baclieu_baclieucity,60.13105340320615
2025-11-13 07:00:00+00:00,angiang_longxuyen,111.35422172671935
2025-11-13 07:00:00+00:00,bentre_bentrecity,127.69451640960122
2025-11-13 08:00:00+00:00,baclieu_baclieucity,60.70759771503629
2025-11-13 08:00:00+00:00,angiang_longxuyen,112.54906069530098
2025-11-13 08:00:00+00:00,bentre_bentrecity,131.2019142485325
2025-11-13 08:00:00+00:00,backan_backancity,50.23092918408459
2025-11-13 09:00:00+00:00,angiang_longxuyen,113.9353745242686
2025-11-13 09:00:00+00:00,baclieu_baclieucity,61.664424949496976
2025-11-13 09:00:00+00:00,bentre_bentrecity,135.66215158638587
2025-11-13 09:00:00+00:00,backan_backancity,49.85122199077242
2025-11-13 10:00:00+00:00,bentre_bentrecity,140.63049123255416
2025-11-13 10:00:00+00:00,backan_backancity,49.433038134182596
2025-11-13 10:00:00+00:00,baclieu_baclieucity,62.967397598043426
2025-11-13 10:00:00+00:00,angiang_longxuyen,115.70392900478272
2025-11-13 11:00:00+00:00,backan_backancity,49.06825504112349
2025-11-13 11:00:00+00:00,bacninh_bacninhcity,125.42662890045496
2025-11-13 11:00:00+00:00,angiang_longxuyen,117.33269964682944
2025-11-13 11:00:00+00:00,baclieu_baclieucity,64.01491341565507
2025-11-13 11:00:00+00:00,bentre_bentrecity,145.245103782444
2025-11-13 11:00:00+00:00,bacgiang_bacgiangcity,120.69889924734446
2025-11-13 12:00:00+00:00,bacgiang_bacgiangcity,121.83916979358298
2025-11-13 12:00:00+00:00,bentre_bentrecity,147.9394472070879
2025-11-13 12:00:00+00:00,baclieu_baclieucity,64.30799702373088
2025-11-13 12:00:00+00:00,angiang_longxuyen,117.70348677420878
2025-11-13 12:00:00+00:00,bacninh_bacninhcity,125.44195426659658
2025-11-13 12:00:00+00:00,backan_backancity,48.78718448635758
2025-11-13 13:00:00+00:00,angiang_longxuyen,115.73415479399765
2025-11-13 13:00:00+00:00,bacninh_bacninhcity,126.11919388544476
2025-11-13 13:00:00+00:00,bentre_bentrecity,148.38171698633064
2025-11-13 13:00:00+00:00,backan_backancity,48.49847741803534
2025-11-13 13:00:00+00:00,bacgiang_bacgiangcity,123.56519133607631
2025-11-13 13:00:00+00:00,baclieu_baclieucity,63.701365247262316
2025-11-13 14:00:00+00:00,bacgiang_bacgiangcity,126.23906770806855
2025-11-13 14:00:00+00:00,bacninh_bacninhcity,127.88684738696062
2025-11-13 14:00:00+00:00,angiang_longxuyen,112.93438187255103
2025-11-13 14:00:00+00:00,baclieu_baclieucity,62.59393619551853
2025-11-13 14:00:00+00:00,backan_backancity,48.35111065120789
2025-11-13 14:00:00+00:00,bentre_bentrecity,146.77019828515762
2025-11-13 15:00:00+00:00,angiang_longxuyen,110.60276910333123
2025-11-13 15:00:00+00:00,baclieu_baclieucity,61.482205374062524
2025-11-13 15:00:00+00:00,bacninh_bacninhcity,130.61817207405525
2025-11-13 15:00:00+00:00,bacgiang_bacgiangcity,129.67032472156046
2025-11-13 15:00:00+00:00,backan_backancity,48.524686809862516
2025-11-13 15:00:00+00:00,bentre_bentrecity,144.19147925245423
2025-11-13 16:00:00+00:00,bentre_bentrecity,141.6857856268007
2025-11-13 16:00:00+00:00,bacgiang_bacgiangcity,133.46020626903908
2025-11-13 16:00:00+00:00,backan_backancity,49.013986945113125
2025-11-13 16:00:00+00:00,baclieu_baclieucity,60.63174101575406
2025-11-13 16:00:00+00:00,bacninh_bacninhcity,133.96676332983282
2025-11-13 16:00:00+00:00,angiang_longxuyen,109.24335255057119
2025-11-13 17:00:00+00:00,bentre_bentrecity,139.60880846422825
2025-11-13 17:00:00+00:00,baclieu_baclieucity,60.120271563243776
2025-11-13 17:00:00+00:00,bacninh_bacninhcity,137.49894992980563
2025-11-13 17:00:00+00:00,backan_backancity,49.848585100647554
2025-11-13 17:00:00+00:00,bacgiang_bacgiangcity,137.28390879855414
2025-11-13 17:00:00+00:00,angiang_longxuyen,108.7780673064342
2025-11-13 18:00:00+00:00,angiang_longxuyen,109.14618140483535
2025-11-13 18:00:00+00:00,bacgiang_bacgiangcity,140.77228015429705
2025-11-13 18:00:00+00:00,bacninh_bacninhcity,140.7589710869371
2025-11-13 18:00:00+00:00,baclieu_baclieucity,60.057083401300595
2025-11-13 18:00:00+00:00,bentre_bentrecity,138.17359752055376
2025-11-13 18:00:00+00:00,backan_backancity,50.79550281229491
2025-11-13 19:00:00+00:00,baclieu_baclieucity,60.37555891541818
2025-11-13 19:00:00+00:00,bacninh_bacninhcity,143.88046080379377
2025-11-13 19:00:00+00:00,backan_backancity,51.71003512669976
2025-11-13 19:00:00+00:00,angiang_longxuyen,110.07745348533065
2025-11-13 19:00:00+00:00,bacgiang_bacgiangcity,143.85871269110032
2025-11-13 19:00:00+00:00,bentre_bentrecity,136.85623911605197
2025-11-13 20:00:00+00:00,backan_backancity,52.6072706382061
2025-11-13 20:00:00+00:00,angiang_longxuyen,111.23166864428057
2025-11-13 20:00:00+00:00,bacninh_bacninhcity,146.62571265725677
2025-11-13 20:00:00+00:00,bentre_bentrecity,135.40388090956168
2025-11-13 20:00:00+00:00,baclieu_baclieucity,60.99122042054688
2025-11-13 20:00:00+00:00,bacgiang_bacgiangcity,146.35767701303254
2025-11-13 21:00:00+00:00,bacgiang_bacgiangcity,148.03863714394015
2025-11-13 21:00:00+00:00,bacninh_bacninhcity,148.63002330897785
2025-11-13 21:00:00+00:00,baclieu_baclieucity,61.82061208886878
2025-11-13 21:00:00+00:00,bentre_bentrecity,133.73191312229352
2025-11-13 21:00:00+00:00,backan_backancity,53.39042700529312
2025-11-13 21:00:00+00:00,angiang_longxuyen,112.37772140705002
2025-11-13 22:00:00+00:00,angiang_longxuyen,113.26611909966903
2025-11-13 22:00:00+00:00,bacninh_bacninhcity,149.71050523781983
2025-11-13 22:00:00+00:00,bentre_bentrecity,132.05023021431955
2025-11-13 22:00:00+00:00,bacgiang_bacgiangcity,148.77610403109412
2025-11-13 22:00:00+00:00,backan_backancity,54.05298428035526
2025-11-13 22:00:00+00:00,baclieu_baclieucity,62.78892649401522
2025-11-13 23:00:00+00:00,baclieu_baclieucity,63.7812919291286
2025-11-13 23:00:00+00:00,bacninh_bacninhcity,149.91846564615568
2025-11-13 23:00:00+00:00,bacgiang_bacgiangcity,148.83945419479355
2025-11-13 23:00:00+00:00,bentre_bentrecity,130.2950234323534
2025-11-13 23:00:00+00:00,angiang_longxuyen,114.00148993333056
2025-11-13 23:00:00+00:00,backan_backancity,54.60120320818808
2025-11-14 00:00:00+00:00,backan_backancity,55.059159742105614
2025-11-14 00:00:00+00:00,baclieu_baclieucity,64.75187186652789
2025-11-14 00:00:00+00:00,bacninh_bacninhcity,149.54694826470583
2025-11-14 00:00:00+00:00,bacgiang_bacgiangcity,148.53429273270532
2025-11-14 00:00:00+00:00,bentre_bentrecity,128.61667776055828
2025-11-14 00:00:00+00:00,angiang_longxuyen,114.59133085084707
2025-11-14 01:00:00+00:00,baclieu_baclieucity,65.74788109498962
2025-11-14 01:00:00+00:00,backan_backancity,55.14142174159666
2025-11-14 01:00:00+00:00,bacgiang_bacgiangcity,147.88181944388631
2025-11-14 01:00:00+00:00,bentre_bentrecity,127.24282062047922
2025-11-14 01:00:00+00:00,angiang_longxuyen,114.48346509686377
2025-11-14 01:00:00+00:00,bacninh_bacninhcity,148.58351135859
2025-11-14 02:00:00+00:00,bacninh_bacninhcity,147.20145194497508
2025-11-14 02:00:00+00:00,backan_backancity,54.818639473097434
2025-11-14 02:00:00+00:00,bacgiang_bacgiangcity,146.8080718034351
2025-11-14 02:00:00+00:00,angiang_longxuyen,113.47970844595102
2025-11-14 02:00:00+00:00,baclieu_baclieucity,66.42395679352748
2025-11-14 02:00:00+00:00,bentre_bentrecity,125.69038520597938
2025-11-14 03:00:00+00:00,baclieu_baclieucity,67.00407012866464
2025-11-14 03:00:00+00:00,backan_backancity,54.25062143831567
2025-11-14 03:00:00+00:00,angiang_longxuyen,111.79002140505077
2025-11-14 03:00:00+00:00,bacninh_bacninhcity,144.97412219859066
2025-11-14 03:00:00+00:00,bacgiang_bacgiangcity,144.8782769749214
2025-11-14 03:00:00+00:00,bentre_bentrecity,123.97275784679472
2025-11-14 04:00:00+00:00,bacgiang_bacgiangcity,142.65564278713364
2025-11-14 04:00:00+00:00,angiang_longxuyen,109.8316544514033
2025-11-14 04:00:00+00:00,bentre_bentrecity,122.26180495996773
2025-11-14 04:00:00+00:00,bacninh_bacninhcity,142.44685990834296
2025-11-14 04:00:00+00:00,backan_backancity,53.6790991809294
2025-11-14 04:00:00+00:00,baclieu_baclieucity,67.82201201132145
2025-11-14 05:00:00+00:00,bacninh_bacninhcity,140.04860584743707
2025-11-14 05:00:00+00:00,angiang_longxuyen,107.88867018759584
2025-11-14 05:00:00+00:00,backan_backancity,53.47512650813211
2025-11-14 05:00:00+00:00,baclieu_baclieucity,69.23617768069118
2025-11-14 05:00:00+00:00,bentre_bentrecity,121.35524063963587
2025-11-14 05:00:00+00:00,bacgiang_bacgiangcity,140.67655456269395
2025-11-14 06:00:00+00:00,baclieu_baclieucity,71.74091424981545
2025-11-14 06:00:00+00:00,bacninh_bacninhcity,138.08234816209267
2025-11-14 06:00:00+00:00,angiang_longxuyen,106.09014974376048
2025-11-14 06:00:00+00:00,backan_backancity,53.940859126349835
2025-11-14 06:00:00+00:00,bentre_bentrecity,122.47168446603152
2025-11-14 06:00:00+00:00,bacgiang_bacgiangcity,139.1617234943227
2025-11-14 07:00:00+00:00,baclieu_baclieucity,75.36544932785716
2025-11-14 07:00:00+00:00,bentre_bentrecity,126.7499265385745
2025-11-14 07:00:00+00:00,backan_backancity,55.29057800474704
2025-11-14 07:00:00+00:00,angiang_longxuyen,104.6989291308294
2025-11-14 07:00:00+00:00,bacgiang_bacgiangcity,138.41176751792892
2025-11-14 07:00:00+00:00,bacninh_bacninhcity,136.9769628248124
2025-11-14 08:00:00+00:00,bentre_bentrecity,135.74539058108385
2025-11-14 08:00:00+00:00,bacgiang_bacgiangcity,138.65849120803426
2025-11-14 08:00:00+00:00,angiang_longxuyen,103.86041614054673
2025-11-14 08:00:00+00:00,backan_backancity,57.391810568732794
2025-11-14 08:00:00+00:00,baclieu_baclieucity,80.34494217185987
2025-11-14 08:00:00+00:00,bacninh_bacninhcity,136.89313563912248
2025-11-14 09:00:00+00:00,bacninh_bacninhcity,137.46867055539443
2025-11-14 09:00:00+00:00,backan_backancity,59.84463679048387
2025-11-14 09:00:00+00:00,bacgiang_bacgiangcity,139.76474387779416
2025-11-14 09:00:00+00:00,angiang_longxuyen,103.38310039675684
2025-11-14 09:00:00+00:00,baclieu_baclieucity,86.80066355805322
2025-11-14 09:00:00+00:00,bentre_bentrecity,148.80975553437014
2025-11-14 10:00:00+00:00,angiang_longxuyen,102.82046954345421
2025-11-14 10:00:00+00:00,bentre_bentrecity,162.3086291366072
2025-11-14 10:00:00+00:00,bacgiang_bacgiangcity,141.0818530488248
2025-11-14 10:00:00+00:00,baclieu_baclieucity,93.81663935640168
2025-11-14 10:00:00+00:00,bacninh_bacninhcity,138.309100774154
2025-11-14 10:00:00+00:00,backan_backancity,61.84348673685184
2025-11-14 11:00:00+00:00,baclieu_baclieucity,99.88237998983072
2025-11-14 11:00:00+00:00,angiang_longxuyen,101.36865528901473
2025-11-14 11:00:00+00:00,backan_backancity,62.28010140863394
2025-11-14 11:00:00+00:00,bentre_bentrecity,170.42331206137624
2025-11-14 11:00:00+00:00,bacgiang_bacgiangcity,141.37774801045532
2025-11-14 11:00:00+00:00,bacninh_bacninhcity,138.7778391480339
2025-11-14 12:00:00+00:00,bentre_bentrecity,169.10389997307206
2025-11-14 12:00:00+00:00,baclieu_baclieucity,102.93543346669615
2025-11-14 12:00:00+00:00,backan_backancity,60.537092112746365
2025-11-14 12:00:00+00:00,bacgiang_bacgiangcity,139.26377961609327
2025-11-14 12:00:00+00:00,bacninh_bacninhcity,137.21323615547203
2025-11-14 12:00:00+00:00,angiang_longxuyen,98.23099031987981
2025-11-14 13:00:00+00:00,bacgiang_bacgiangcity,136.95302893457693
2025-11-14 13:00:00+00:00,bentre_bentrecity,156.98640786940834
2025-11-14 13:00:00+00:00,angiang_longxuyen,93.67164093063393
2025-11-14 13:00:00+00:00,baclieu_baclieucity,102.70863536952635
2025-11-14 13:00:00+00:00,backan_backancity,56.79248880997334
2025-11-14 13:00:00+00:00,bacninh_bacninhcity,135.28608818642206
2025-11-14 14:00:00+00:00,angiang_longxuyen,88.65174360245413
2025-11-14 14:00:00+00:00,backan_backancity,52.78769074797878
2025-11-14 14:00:00+00:00,bacgiang_bacgiangcity,135.93679191759585
2025-11-14 14:00:00+00:00,bacninh_bacninhcity,134.76960664880676
2025-11-14 14:00:00+00:00,bentre_bentrecity,141.18332596427285
2025-11-14 14:00:00+00:00,baclieu_baclieucity,99.28507421831111
2025-11-14 15:00:00+00:00,bacninh_bacninhcity,135.9804626064125
2025-11-14 15:00:00+00:00,backan_backancity,49.77912373223528
2025-11-14 15:00:00+00:00,baclieu_baclieucity,93.7015919399469
2025-11-14 15:00:00+00:00,bacgiang_bacgiangcity,136.06148591555188
2025-11-14 15:00:00+00:00,angiang_longxuyen,83.87752879155391
2025-11-14 15:00:00+00:00,bentre_bentrecity,129.07273513542557
2025-11-14 16:00:00+00:00,backan_backancity,48.03332800614013
2025-11-14 16:00:00+00:00,angiang_longxuyen,79.70230612814754
2025-11-14 16:00:00+00:00,baclieu_baclieucity,87.39656521050466
2025-11-14 16:00:00+00:00,bentre_bentrecity,121.99523979322333
2025-11-14 16:00:00+00:00,bacninh_bacninhcity,138.22807995734934
2025-11-14 16:00:00+00:00,bacgiang_bacgiangcity,136.86123873948344
2025-11-14 17:00:00+00:00,bacninh_bacninhcity,141.05412831749297
2025-11-14 17:00:00+00:00,angiang_longxuyen,76.23705117685472
2025-11-14 17:00:00+00:00,bentre_bentrecity,119.09004235964342
2025-11-14 17:00:00+00:00,backan_backancity,47.33157627540337
2025-11-14 17:00:00+00:00,baclieu_baclieucity,81.84998833415338
2025-11-14 17:00:00+00:00,bacgiang_bacgiangcity,138.27456449205536
2025-11-14 18:00:00+00:00,bacninh_bacninhcity,144.08710027473245
2025-11-14 18:00:00+00:00,bentre_bentrecity,118.75468875485888
2025-11-14 18:00:00+00:00,bacgiang_bacgiangcity,140.0291058206535
2025-11-14 18:00:00+00:00,baclieu_baclieucity,77.64610008306154
2025-11-14 18:00:00+00:00,angiang_longxuyen,73.32076036147348
2025-11-14 18:00:00+00:00,backan_backancity,47.1597746590634
2025-11-14 19:00:00+00:00,angiang_longxuyen,70.8782922827838
2025-11-14 19:00:00+00:00,baclieu_baclieucity,75.04125889024589
2025-11-14 19:00:00+00:00,bacgiang_bacgiangcity,142.03074967423316
2025-11-14 19:00:00+00:00,bacninh_bacninhcity,146.98398078737978
2025-11-14 19:00:00+00:00,backan_backancity,47.151310690382815
2025-11-14 19:00:00+00:00,bentre_bentrecity,120.0559367077849
2025-11-14 20:00:00+00:00,backan_backancity,47.11365649755997
2025-11-14 20:00:00+00:00,bacninh_bacninhcity,149.29112007589902
2025-11-14 20:00:00+00:00,baclieu_baclieucity,73.85718057678157
2025-11-14 20:00:00+00:00,angiang_longxuyen,68.75655528112571
2025-11-14 20:00:00+00:00,bacgiang_bacgiangcity,144.0882068713444
2025-11-14 20:00:00+00:00,bentre_bentrecity,121.86381649154599
2025-11-14 21:00:00+00:00,bentre_bentrecity,123.33632522417956
2025-11-14 21:00:00+00:00,bacgiang_bacgiangcity,145.75813094414906
2025-11-14 21:00:00+00:00,baclieu_baclieucity,73.8113116487493
2025-11-14 21:00:00+00:00,backan_backancity,46.94972068956981
2025-11-14 21:00:00+00:00,bacninh_bacninhcity,150.77236942636617
2025-11-14 21:00:00+00:00,angiang_longxuyen,66.78858536183446
2025-11-14 22:00:00+00:00,bacninh_bacninhcity,151.4354201837012
2025-11-14 22:00:00+00:00,baclieu_baclieucity,74.51459367299898
2025-11-14 22:00:00+00:00,backan_backancity,46.58501236655206
2025-11-14 22:00:00+00:00,bentre_bentrecity,123.99271895549992
2025-11-14 22:00:00+00:00,bacgiang_bacgiangcity,146.79857102351446
2025-11-14 22:00:00+00:00,angiang_longxuyen,64.8089637777665
2025-11-14 23:00:00+00:00,baclieu_baclieucity,75.67941620848147
2025-11-14 23:00:00+00:00,bacgiang_bacgiangcity,147.15598179049667
2025-11-14 23:00:00+00:00,backan_backancity,46.07598290972443
2025-11-14 23:00:00+00:00,angiang_longxuyen,62.983866945817674
2025-11-14 23:00:00+00:00,bacninh_bacninhcity,151.40467474269892
2025-11-14 23:00:00+00:00,bentre_bentrecity,123.82438417674379
2025-11-15 00:00:00+00:00,backan_backancity,45.51124478742313
2025-11-15 00:00:00+00:00,baclieu_baclieucity,76.97851327655138
2025-11-15 00:00:00+00:00,bacninh_bacninhcity,150.88489335392546
2025-11-15 00:00:00+00:00,bentre_bentrecity,122.80937588077553
2025-11-15 00:00:00+00:00,bacgiang_bacgiangcity,146.98229098444529
2025-11-15 00:00:00+00:00,angiang_longxuyen,61.27037935458899
2025-11-15 01:00:00+00:00,bacgiang_bacgiangcity,146.57987363724104
2025-11-15 01:00:00+00:00,bacninh_bacninhcity,150.08899118712333
2025-11-15 01:00:00+00:00,angiang_longxuyen,60.10602787036699
2025-11-15 01:00:00+00:00,baclieu_baclieucity,78.11787661295489
2025-11-15 01:00:00+00:00,bentre_bentrecity,121.47886791833534
2025-11-15 01:00:00+00:00,backan_backancity,45.0125934123346
2025-11-15 02:00:00+00:00,bacgiang_bacgiangcity,145.821286705741
2025-11-15 02:00:00+00:00,backan_backancity,44.39864663348749
2025-11-15 02:00:00+00:00,bentre_bentrecity,119.90085118035563
2025-11-15 02:00:00+00:00,bacninh_bacninhcity,148.82035294156384
2025-11-15 02:00:00+00:00,angiang_longxuyen,59.15819297954575
2025-11-15 02:00:00+00:00,baclieu_baclieucity,79.11827733517846
2025-11-15 03:00:00+00:00,baclieu_baclieucity,80.25373269075419
2025-11-15 03:00:00+00:00,backan_backancity,43.917501417413234
2025-11-15 03:00:00+00:00,angiang_longxuyen,58.34667384344073
2025-11-15 03:00:00+00:00,bentre_bentrecity,118.05486733735626
2025-11-15 03:00:00+00:00,bacninh_bacninhcity,146.9642414964639
2025-11-15 03:00:00+00:00,bacgiang_bacgiangcity,144.51223774516765
2025-11-15 04:00:00+00:00,angiang_longxuyen,57.78039047361825
2025-11-15 04:00:00+00:00,bentre_bentrecity,116.10287702206843
2025-11-15 04:00:00+00:00,baclieu_baclieucity,81.78081109189822
2025-11-15 04:00:00+00:00,bacgiang_bacgiangcity,142.92763127421048
2025-11-15 04:00:00+00:00,bacninh_bacninhcity,144.81195594824572
2025-11-15 04:00:00+00:00,backan_backancity,43.871059252397295
2025-11-15 05:00:00+00:00,angiang_longxuyen,57.689863892223535
2025-11-15 05:00:00+00:00,backan_backancity,44.41002164911123
2025-11-15 05:00:00+00:00,bacninh_bacninhcity,142.61149855472178
2025-11-15 05:00:00+00:00,bentre_bentrecity,114.7138988872941
2025-11-15 05:00:00+00:00,bacgiang_bacgiangcity,141.4493876794055
2025-11-15 05:00:00+00:00,baclieu_baclieucity,83.92168922414139
2025-11-15 06:00:00+00:00,baclieu_baclieucity,86.99264187005093
2025-11-15 06:00:00+00:00,bentre_bentrecity,114.37233313824092
2025-11-15 06:00:00+00:00,bacninh_bacninhcity,140.8357150573767
2025-11-15 06:00:00+00:00,bacgiang_bacgiangcity,140.45995572224768
2025-11-15 06:00:00+00:00,backan_backancity,45.625259131139956
2025-11-15 06:00:00+00:00,angiang_longxuyen,58.189771404006706
2025-11-15 07:00:00+00:00,baclieu_baclieucity,91.2525696440494
2025-11-15 07:00:00+00:00,bacninh_bacninhcity,139.99312149208743
2025-11-15 07:00:00+00:00,bacgiang_bacgiangcity,140.38611781408184
2025-11-15 07:00:00+00:00,bentre_bentrecity,115.71171007375233
2025-11-15 07:00:00+00:00,backan_backancity,47.15683868877314
2025-11-15 07:00:00+00:00,angiang_longxuyen,59.69089463146415
2025-11-15 08:00:00+00:00,bentre_bentrecity,119.32657738544776
2025-11-15 08:00:00+00:00,backan_backancity,48.82834788645436
2025-11-15 08:00:00+00:00,bacgiang_bacgiangcity,140.99207915251299
2025-11-15 08:00:00+00:00,bacninh_bacninhcity,139.9005910735846
2025-11-15 08:00:00+00:00,baclieu_baclieucity,96.36480937523223
2025-11-15 08:00:00+00:00,angiang_longxuyen,62.43795841226251
2025-11-15 09:00:00+00:00,bacgiang_bacgiangcity,141.78632640906665
2025-11-15 09:00:00+00:00,angiang_longxuyen,66.61486215543187
2025-11-15 09:00:00+00:00,bacninh_bacninhcity,140.13253771118488
2025-11-15 09:00:00+00:00,backan_backancity,50.36059040512083
2025-11-15 09:00:00+00:00,bentre_bentrecity,125.09040048618664
2025-11-15 09:00:00+00:00,baclieu_baclieucity,101.15954342204212
2025-11-15 10:00:00+00:00,angiang_longxuyen,72.47800728676269
2025-11-15 10:00:00+00:00,bentre_bentrecity,131.5886373640578
2025-11-15 10:00:00+00:00,bacninh_bacninhcity,140.21987908881817
2025-11-15 10:00:00+00:00,bacgiang_bacgiangcity,142.16534571799838
2025-11-15 10:00:00+00:00,baclieu_baclieucity,104.42593623286379
2025-11-15 10:00:00+00:00,backan_backancity,51.26407669208386
2025-11-15 11:00:00+00:00,bacgiang_bacgiangcity,140.87229754627353
2025-11-15 11:00:00+00:00,bacninh_bacninhcity,138.90212689543193
2025-11-15 11:00:00+00:00,angiang_longxuyen,79.20419808202614
2025-11-15 11:00:00+00:00,baclieu_baclieucity,105.16588673155788
2025-11-15 11:00:00+00:00,bentre_bentrecity,135.95183564991507
2025-11-15 11:00:00+00:00,backan_backancity,51.09869034529155
2025-11-15 12:00:00+00:00,backan_backancity,49.81028290079969
2025-11-15 12:00:00+00:00,bacgiang_bacgiangcity,137.91330306794373
2025-11-15 12:00:00+00:00,bacninh_bacninhcity,136.475285755384
2025-11-15 12:00:00+00:00,angiang_longxuyen,84.1987109811683
2025-11-15 12:00:00+00:00,baclieu_baclieucity,102.75710878733226
2025-11-15 12:00:00+00:00,bentre_bentrecity,135.78817399874316
2025-11-15 13:00:00+00:00,bacninh_bacninhcity,134.76344061273025
2025-11-15 13:00:00+00:00,backan_backancity,47.76240125365043
2025-11-15 13:00:00+00:00,bacgiang_bacgiangcity,135.43060870700887
2025-11-15 13:00:00+00:00,bentre_bentrecity,129.2251463877093
2025-11-15 13:00:00+00:00,baclieu_baclieucity,97.42134495216516
2025-11-15 13:00:00+00:00,angiang_longxuyen,85.34619559022956
2025-11-15 14:00:00+00:00,baclieu_baclieucity,91.19234860658038
2025-11-15 14:00:00+00:00,bentre_bentrecity,121.04645283054228
2025-11-15 14:00:00+00:00,backan_backancity,45.67742369665373
2025-11-15 14:00:00+00:00,angiang_longxuyen,84.75261617064562
2025-11-15 14:00:00+00:00,bacninh_bacninhcity,134.36118028261285
2025-11-15 14:00:00+00:00,bacgiang_bacgiangcity,134.0428418469044
2025-11-15 15:00:00+00:00,bentre_bentrecity,114.0270687644757
2025-11-15 15:00:00+00:00,backan_backancity,44.19228131936706
2025-11-15 15:00:00+00:00,bacgiang_bacgiangcity,133.3684335202886
2025-11-15 15:00:00+00:00,baclieu_baclieucity,85.38737643666931
2025-11-15 15:00:00+00:00,bacninh_bacninhcity,135.05325676999917
2025-11-15 15:00:00+00:00,angiang_longxuyen,85.37675909079789
2025-11-15 16:00:00+00:00,bacgiang_bacgiangcity,133.30335616863402
2025-11-15 16:00:00+00:00,baclieu_baclieucity,80.59278492025074
2025-11-15 16:00:00+00:00,angiang_longxuyen,88.33515104721116
2025-11-15 16:00:00+00:00,bentre_bentrecity,108.9473192643642
2025-11-15 16:00:00+00:00,backan_backancity,43.368978424745606
2025-11-15 16:00:00+00:00,bacninh_bacninhcity,136.6370357858321
2025-11-15 17:00:00+00:00,angiang_longxuyen,93.06648960098404
2025-11-15 17:00:00+00:00,bacninh_bacninhcity,139.3102990434853
2025-11-15 17:00:00+00:00,bacgiang_bacgiangcity,133.9620328785502
2025-11-15 17:00:00+00:00,backan_backancity,43.096272145271826
2025-11-15 17:00:00+00:00,baclieu_baclieucity,77.0391966421094
2025-11-15 17:00:00+00:00,bentre_bentrecity,105.62495360058942
2025-11-15 18:00:00+00:00,bentre_bentrecity,103.41808405293621
2025-11-15 18:00:00+00:00,angiang_longxuyen,98.65384185207171
2025-11-15 18:00:00+00:00,baclieu_baclieucity,74.44112463037045
2025-11-15 18:00:00+00:00,backan_backancity,43.22930300283815
2025-11-15 18:00:00+00:00,bacgiang_bacgiangcity,135.67997676424324
2025-11-15 18:00:00+00:00,bacninh_bacninhcity,142.4474929613597
2025-11-15 19:00:00+00:00,angiang_longxuyen,104.07090813786589
2025-11-15 19:00:00+00:00,baclieu_baclieucity,72.58535463512598
2025-11-15 19:00:00+00:00,bacninh_bacninhcity,145.01254403050467
2025-11-15 19:00:00+00:00,backan_backancity,43.76234859694675
2025-11-15 19:00:00+00:00,bentre_bentrecity,101.90534498801352
2025-11-15 19:00:00+00:00,bacgiang_bacgiangcity,137.6254533627623
2025-11-15 20:00:00+00:00,baclieu_baclieucity,71.20179234367997
2025-11-15 20:00:00+00:00,bacninh_bacninhcity,146.5817329189359
2025-11-15 20:00:00+00:00,bacgiang_bacgiangcity,139.10058153917777
2025-11-15 20:00:00+00:00,bentre_bentrecity,100.62166269859301
2025-11-15 20:00:00+00:00,backan_backancity,44.46533154103104
2025-11-15 20:00:00+00:00,angiang_longxuyen,108.68387450067873
2025-11-15 21:00:00+00:00,backan_backancity,45.01467201948408
2025-11-15 21:00:00+00:00,baclieu_baclieucity,70.15885743726824
2025-11-15 21:00:00+00:00,bacgiang_bacgiangcity,139.79231408437388
2025-11-15 21:00:00+00:00,bacninh_bacninhcity,147.16333417789588
2025-11-15 21:00:00+00:00,angiang_longxuyen,112.12319172462793
2025-11-15 21:00:00+00:00,bentre_bentrecity,99.53007072046132
2025-11-15 22:00:00+00:00,angiang_longxuyen,114.22199675460459
2025-11-15 22:00:00+00:00,backan_backancity,45.4142032430923
2025-11-15 22:00:00+00:00,bacgiang_bacgiangcity,139.6528878959376
2025-11-15 22:00:00+00:00,bacninh_bacninhcity,146.89336448193544
2025-11-15 22:00:00+00:00,baclieu_baclieucity,69.32963026303732
2025-11-15 22:00:00+00:00,bentre_bentrecity,98.57629363637488
2025-11-15 23:00:00+00:00,bacninh_bacninhcity,145.75668539001632
2025-11-15 23:00:00+00:00,backan_backancity,45.69775117856153
2025-11-15 23:00:00+00:00,baclieu_baclieucity,68.72209626140315
2025-11-15 23:00:00+00:00,bacgiang_bacgiangcity,138.8603703196738
2025-11-15 23:00:00+00:00,angiang_longxuyen,115.08920087900353
2025-11-15 23:00:00+00:00,bentre_bentrecity,97.81962128524609
2025-11-16 00:00:00+00:00,bacgiang_bacgiangcity,137.53187616368058
2025-11-16 00:00:00+00:00,bacninh_bacninhcity,144.0225438210326
2025-11-16 00:00:00+00:00,angiang_longxuyen,114.92764151216087
2025-11-16 00:00:00+00:00,bentre_bentrecity,97.27328095470213
2025-11-16 00:00:00+00:00,baclieu_baclieucity,68.28142905337998
2025-11-16 00:00:00+00:00,backan_backancity,45.898080058010464
2025-11-16 01:00:00+00:00,angiang_longxuyen,114.10816435132172
2025-11-16 01:00:00+00:00,bacninh_bacninhcity,141.86897721277268
2025-11-16 01:00:00+00:00,baclieu_baclieucity,68.04416377350515
2025-11-16 01:00:00+00:00,bacgiang_bacgiangcity,135.70171989226722
2025-11-16 01:00:00+00:00,bentre_bentrecity,97.38158816347124
2025-11-16 01:00:00+00:00,backan_backancity,45.83670382340262
2025-11-16 02:00:00+00:00,baclieu_baclieucity,67.81375989109134
2025-11-16 02:00:00+00:00,bacgiang_bacgiangcity,133.82242973434938
2025-11-16 02:00:00+00:00,bentre_bentrecity,97.22377602186748
2025-11-16 02:00:00+00:00,bacninh_bacninhcity,139.68074222867443
2025-11-16 02:00:00+00:00,angiang_longxuyen,112.56416424365328
2025-11-16 02:00:00+00:00,backan_backancity,45.53433377619139
2025-11-16 03:00:00+00:00,bacninh_bacninhcity,137.47980630688585
2025-11-16 03:00:00+00:00,angiang_longxuyen,110.43403181251917
2025-11-16 03:00:00+00:00,baclieu_baclieucity,67.73109662571173
2025-11-16 03:00:00+00:00,backan_backancity,45.14122779146967
2025-11-16 03:00:00+00:00,bacgiang_bacgiangcity,132.11751826686333
2025-11-16 03:00:00+00:00,bentre_bentrecity,96.72355073740857
2025-11-16 04:00:00+00:00,bacninh_bacninhcity,135.10238816416893
2025-11-16 04:00:00+00:00,baclieu_baclieucity,68.12418267175575
2025-11-16 04:00:00+00:00,angiang_longxuyen,108.003461516659
2025-11-16 04:00:00+00:00,bentre_bentrecity,96.27390520512871
2025-11-16 04:00:00+00:00,backan_backancity,44.883046838695094
2025-11-16 04:00:00+00:00,bacgiang_bacgiangcity,130.42231195074422
2025-11-16 05:00:00+00:00,bentre_bentrecity,96.11322500935557
2025-11-16 05:00:00+00:00,bacgiang_bacgiangcity,128.75979758903713
2025-11-16 05:00:00+00:00,angiang_longxuyen,105.4017874581781
2025-11-16 05:00:00+00:00,bacninh_bacninhcity,132.61250840226052
2025-11-16 05:00:00+00:00,baclieu_baclieucity,69.01610203332226
2025-11-16 05:00:00+00:00,backan_backancity,44.85359741174283
2025-11-16 06:00:00+00:00,bentre_bentrecity,96.11200999618367
2025-11-16 06:00:00+00:00,baclieu_baclieucity,70.33100798046783
2025-11-16 06:00:00+00:00,angiang_longxuyen,102.82231823272653
2025-11-16 06:00:00+00:00,bacgiang_bacgiangcity,127.33435908976685
2025-11-16 06:00:00+00:00,backan_backancity,45.277498684161074
2025-11-16 06:00:00+00:00,bacninh_bacninhcity,130.23425283508047
2025-11-16 07:00:00+00:00,bacgiang_bacgiangcity,126.44807988165269
2025-11-16 07:00:00+00:00,backan_backancity,46.35469571585316
2025-11-16 07:00:00+00:00,bentre_bentrecity,96.27083651801505
2025-11-16 07:00:00+00:00,bacninh_bacninhcity,128.3013201571649
2025-11-16 07:00:00+00:00,angiang_longxuyen,100.29927390743637
2025-11-16 07:00:00+00:00,baclieu_baclieucity,71.50077281568343
2025-11-16 08:00:00+00:00,backan_backancity,48.1783569630081
2025-11-16 08:00:00+00:00,angiang_longxuyen,97.93880005802718
2025-11-16 08:00:00+00:00,bacninh_bacninhcity,127.06918215345681
2025-11-16 08:00:00+00:00,bentre_bentrecity,96.67013470832774
2025-11-16 08:00:00+00:00,baclieu_baclieucity,72.16833220651176
2025-11-16 08:00:00+00:00,bacgiang_bacgiangcity,126.4244874412727
2025-11-16 09:00:00+00:00,bacninh_bacninhcity,126.36798122869132
2025-11-16 09:00:00+00:00,baclieu_baclieucity,71.84016898737019
2025-11-16 09:00:00+00:00,angiang_longxuyen,95.53562643994242
2025-11-16 09:00:00+00:00,bentre_bentrecity,96.98587176968095
2025-11-16 09:00:00+00:00,bacgiang_bacgiangcity,126.99719355764697
2025-11-16 09:00:00+00:00,backan_backancity,50.5426205631172
2025-11-16 10:00:00+00:00,backan_backancity,52.87833696143964
2025-11-16 10:00:00+00:00,bentre_bentrecity,97.29022010756952
2025-11-16 10:00:00+00:00,angiang_longxuyen,92.90281922664067
2025-11-16 10:00:00+00:00,baclieu_baclieucity,70.4940639943048
2025-11-16 10:00:00+00:00,bacninh_bacninhcity,125.94340204123152
2025-11-16 10:00:00+00:00,bacgiang_bacgiangcity,127.46438419167099
2025-11-16 11:00:00+00:00,bacninh_bacninhcity,125.56973626726028
2025-11-16 11:00:00+00:00,baclieu_baclieucity,68.60890688047586
2025-11-16 11:00:00+00:00,angiang_longxuyen,89.9547467821008
2025-11-16 11:00:00+00:00,backan_backancity,54.369545681414344
2025-11-16 11:00:00+00:00,bentre_bentrecity,97.34273609227763
2025-11-16 11:00:00+00:00,bacgiang_bacgiangcity,127.23185185541348
2025-11-16 12:00:00+00:00,baclieu_baclieucity,66.6037189269363
2025-11-16 12:00:00+00:00,angiang_longxuyen,86.98014281147226
2025-11-16 12:00:00+00:00,bacninh_bacninhcity,125.7101170198911
2025-11-16 12:00:00+00:00,bacgiang_bacgiangcity,126.7100491831889
2025-11-16 12:00:00+00:00,bentre_bentrecity,97.15874228607036
2025-11-16 12:00:00+00:00,backan_backancity,54.465744816612656
2025-11-16 13:00:00+00:00,bacninh_bacninhcity,125.65163438588343
2025-11-16 13:00:00+00:00,bacgiang_bacgiangcity,125.71286108040857
2025-11-16 13:00:00+00:00,baclieu_baclieucity,64.74494566836435
2025-11-16 13:00:00+00:00,angiang_longxuyen,84.64518034440007
2025-11-16 13:00:00+00:00,backan_backancity,52.903723882811995
2025-11-16 13:00:00+00:00,bentre_bentrecity,95.94831033690744
2025-11-16 14:00:00+00:00,bacninh_bacninhcity,126.01008944110978
2025-11-16 14:00:00+00:00,baclieu_baclieucity,63.227113829000345
2025-11-16 14:00:00+00:00,angiang_longxuyen,82.50726435196164
2025-11-16 14:00:00+00:00,backan_backancity,50.842358704872986
2025-11-16 14:00:00+00:00,bacgiang_bacgiangcity,125.04295141794722
2025-11-16 14:00:00+00:00,bentre_bentrecity,94.4674801659846
2025-11-16 15:00:00+00:00,bentre_bentrecity,92.91358860492949
2025-11-16 15:00:00+00:00,backan_backancity,49.47132538002218
2025-11-16 15:00:00+00:00,bacninh_bacninhcity,126.98859749522667
2025-11-16 15:00:00+00:00,angiang_longxuyen,80.49368221511341
2025-11-16 15:00:00+00:00,bacgiang_bacgiangcity,124.94799097310056
2025-11-16 15:00:00+00:00,baclieu_baclieucity,62.12233662138971
2025-11-16 16:00:00+00:00,backan_backancity,49.105869356590944
2025-11-16 16:00:00+00:00,bentre_bentrecity,91.42115054085829
2025-11-16 16:00:00+00:00,angiang_longxuyen,78.55619853401444
2025-11-16 16:00:00+00:00,bacgiang_bacgiangcity,124.82078968642467
2025-11-16 16:00:00+00:00,bacninh_bacninhcity,128.09631316546228
2025-11-16 16:00:00+00:00,baclieu_baclieucity,61.468524948830556
2025-11-16 17:00:00+00:00,bacninh_bacninhcity,129.274736371466
2025-11-16 17:00:00+00:00,bacgiang_bacgiangcity,124.75514657479057
2025-11-16 17:00:00+00:00,angiang_longxuyen,76.58936262701698
2025-11-16 17:00:00+00:00,bentre_bentrecity,90.01499523525163
2025-11-16 17:00:00+00:00,baclieu_baclieucity,61.12470986770014
2025-11-16 17:00:00+00:00,backan_backancity,49.50404475011606
2025-11-16 18:00:00+00:00,backan_backancity,50.37740369508528
2025-11-16 18:00:00+00:00,angiang_longxuyen,74.45457326847425
2025-11-16 18:00:00+00:00,bacgiang_bacgiangcity,125.3331937644518
2025-11-16 18:00:00+00:00,baclieu_baclieucity,60.98578713087559
2025-11-16 18:00:00+00:00,bacninh_bacninhcity,130.4658405764823
2025-11-16 18:00:00+00:00,bentre_bentrecity,88.66223134692054
2025-11-16 19:00:00+00:00,bacninh_bacninhcity,131.70358384095675
2025-11-16 19:00:00+00:00,bacgiang_bacgiangcity,126.69091303727325
2025-11-16 19:00:00+00:00,baclieu_baclieucity,61.01214606278547
2025-11-16 19:00:00+00:00,backan_backancity,51.622793442454935
2025-11-16 19:00:00+00:00,angiang_longxuyen,72.10155757491859
2025-11-16 19:00:00+00:00,bentre_bentrecity,87.39117553669084
2025-11-16 20:00:00+00:00,bentre_bentrecity,86.21925296269868
2025-11-16 20:00:00+00:00,backan_backancity,52.96099274981513
2025-11-16 20:00:00+00:00,bacgiang_bacgiangcity,128.4089491393506
2025-11-16 20:00:00+00:00,angiang_longxuyen,69.50100818247631
2025-11-16 20:00:00+00:00,bacninh_bacninhcity,133.07705716149022
2025-11-16 20:00:00+00:00,baclieu_baclieucity,60.990278318025894
2025-11-16 21:00:00+00:00,bacgiang_bacgiangcity,130.1375726792828
2025-11-16 21:00:00+00:00,bacninh_bacninhcity,134.59210257064666
2025-11-16 21:00:00+00:00,angiang_longxuyen,66.74371835235625
2025-11-16 21:00:00+00:00,bentre_bentrecity,85.05834962355017
2025-11-16 21:00:00+00:00,baclieu_baclieucity,60.86061709698965
2025-11-16 21:00:00+00:00,backan_backancity,54.00776834401743
2025-11-16 22:00:00+00:00,bacgiang_bacgiangcity,131.69552612283417
2025-11-16 22:00:00+00:00,baclieu_baclieucity,60.4364989914515
2025-11-16 22:00:00+00:00,bacninh_bacninhcity,136.07510154008133
2025-11-16 22:00:00+00:00,angiang_longxuyen,63.983014023681314
2025-11-16 22:00:00+00:00,bentre_bentrecity,83.87104996747111
2025-11-16 22:00:00+00:00,backan_backancity,54.76700826721194
2025-11-16 23:00:00+00:00,backan_backancity,55.32627820715599
2025-11-16 23:00:00+00:00,bentre_bentrecity,82.72080260538205
2025-11-16 23:00:00+00:00,bacgiang_bacgiangcity,133.2052827977326
2025-11-16 23:00:00+00:00,bacninh_bacninhcity,137.56659937088259
2025-11-16 23:00:00+00:00,angiang_longxuyen,61.44300094904907
2025-11-16 23:00:00+00:00,baclieu_baclieucity,59.84473399153762
2025-11-17 00:00:00+00:00,bacgiang_bacgiangcity,134.69385961225183
2025-11-17 00:00:00+00:00,angiang_longxuyen,59.16688624301981
2025-11-17 00:00:00+00:00,backan_backancity,55.71435964509912
2025-11-17 00:00:00+00:00,bentre_bentrecity,81.62588507389049
2025-11-17 00:00:00+00:00,bacninh_bacninhcity,138.99211513252897
2025-11-17 00:00:00+00:00,baclieu_baclieucity,59.195597938897436
2025-11-17 01:00:00+00:00,baclieu_baclieucity,58.49820280923655
2025-11-17 01:00:00+00:00,bacgiang_bacgiangcity,136.170857039701
2025-11-17 01:00:00+00:00,bacninh_bacninhcity,140.33203415084014
2025-11-17 01:00:00+00:00,backan_backancity,55.87884875139525
2025-11-17 01:00:00+00:00,bentre_bentrecity,80.63343489939692
2025-11-17 01:00:00+00:00,angiang_longxuyen,57.27634070154439
2025-11-17 02:00:00+00:00,bacgiang_bacgiangcity,137.462564335351
2025-11-17 02:00:00+00:00,bentre_bentrecity,79.55875014109412
2025-11-17 02:00:00+00:00,bacninh_bacninhcity,141.47229722007455
2025-11-17 02:00:00+00:00,baclieu_baclieucity,57.55240166353998
2025-11-17 02:00:00+00:00,backan_backancity,55.70572121298872
2025-11-17 02:00:00+00:00,angiang_longxuyen,55.67046963082785
2025-11-17 03:00:00+00:00,backan_backancity,55.38241555420005
2025-11-17 03:00:00+00:00,bacgiang_bacgiangcity,138.1455886630648
2025-11-17 03:00:00+00:00,bacninh_bacninhcity,141.99956558232165
2025-11-17 03:00:00+00:00,bentre_bentrecity,78.34688229559549
2025-11-17 03:00:00+00:00,baclieu_baclieucity,56.445810036259296
2025-11-17 03:00:00+00:00,angiang_longxuyen,54.40662165258409
2025-11-17 04:00:00+00:00,bentre_bentrecity,77.03241998402856
2025-11-17 04:00:00+00:00,backan_backancity,55.27146678217849
2025-11-17 04:00:00+00:00,baclieu_baclieucity,55.123820873863345
2025-11-17 04:00:00+00:00,bacninh_bacninhcity,141.655164802534
2025-11-17 04:00:00+00:00,bacgiang_bacgiangcity,138.08721818411914
2025-11-17 04:00:00+00:00,angiang_longxuyen,53.49073350809614
2025-11-17 05:00:00+00:00,angiang_longxuyen,52.8841291473094
2025-11-17 05:00:00+00:00,bacninh_bacninhcity,140.83248499159043
2025-11-17 05:00:00+00:00,baclieu_baclieucity,53.69339022816571
2025-11-17 05:00:00+00:00,bentre_bentrecity,75.45225983819688
2025-11-17 05:00:00+00:00,bacgiang_bacgiangcity,137.80851534732926
2025-11-17 05:00:00+00:00,backan_backancity,55.67697960909455
2025-11-17 06:00:00+00:00,baclieu_baclieucity,52.351183246589265
2025-11-17 06:00:00+00:00,angiang_longxuyen,52.698584797369676
2025-11-17 06:00:00+00:00,bentre_bentrecity,73.49696344091412
2025-11-17 06:00:00+00:00,backan_backancity,56.64093492083041
2025-11-17 06:00:00+00:00,bacninh_bacninhcity,140.48310452704902
2025-11-17 06:00:00+00:00,bacgiang_bacgiangcity,138.1639571698893
2025-11-17 07:00:00+00:00,bacninh_bacninhcity,140.70483259233174
2025-11-17 07:00:00+00:00,bacgiang_bacgiangcity,139.1670720446138
2025-11-17 07:00:00+00:00,bentre_bentrecity,71.76212401821115
2025-11-17 07:00:00+00:00,angiang_longxuyen,52.99385169065285
2025-11-17 07:00:00+00:00,backan_backancity,58.20533354194593
2025-11-17 07:00:00+00:00,baclieu_baclieucity,51.28151805039563
2025-11-17 08:00:00+00:00,bentre_bentrecity,70.58628287096869
2025-11-17 08:00:00+00:00,backan_backancity,60.06782287157288
2025-11-17 08:00:00+00:00,bacninh_bacninhcity,141.40850342079645
2025-11-17 08:00:00+00:00,angiang_longxuyen,53.788398027371876
2025-11-17 08:00:00+00:00,baclieu_baclieucity,50.413871536585404
2025-11-17 08:00:00+00:00,bacgiang_bacgiangcity,140.5193480584251
2025-11-17 09:00:00+00:00,bacgiang_bacgiangcity,141.89649757265818
2025-11-17 09:00:00+00:00,bentre_bentrecity,70.13618466839682
2025-11-17 09:00:00+00:00,baclieu_baclieucity,49.54145967880659
2025-11-17 09:00:00+00:00,backan_backancity,61.56727125010413
2025-11-17 09:00:00+00:00,bacninh_bacninhcity,142.32598665949982
2025-11-17 09:00:00+00:00,angiang_longxuyen,55.12851643246
2025-11-17 10:00:00+00:00,baclieu_baclieucity,48.54629036714266
2025-11-17 10:00:00+00:00,bacninh_bacninhcity,143.05404747545222
2025-11-17 10:00:00+00:00,bacgiang_bacgiangcity,143.08515679732238
2025-11-17 10:00:00+00:00,backan_backancity,62.446227978835594
2025-11-17 10:00:00+00:00,bentre_bentrecity,70.0424978065878
2025-11-17 10:00:00+00:00,angiang_longxuyen,56.71109912763136
2025-11-17 11:00:00+00:00,bacninh_bacninhcity,143.76148172933142
2025-11-17 11:00:00+00:00,bacgiang_bacgiangcity,144.18872771493264
2025-11-17 11:00:00+00:00,backan_backancity,62.75818354534764
2025-11-17 11:00:00+00:00,baclieu_baclieucity,47.4794116011566
2025-11-17 11:00:00+00:00,bentre_bentrecity,70.02424893182948
2025-11-17 11:00:00+00:00,angiang_longxuyen,58.18228941520249
2025-11-17 12:00:00+00:00,backan_backancity,62.315407822158456
2025-11-17 12:00:00+00:00,bacninh_bacninhcity,143.33805400050838
2025-11-17 12:00:00+00:00,baclieu_baclieucity,46.39013173078268
2025-11-17 12:00:00+00:00,bacgiang_bacgiangcity,144.53227113157948
2025-11-17 12:00:00+00:00,angiang_longxuyen,59.08224157154447
2025-11-17 12:00:00+00:00,bentre_bentrecity,69.7081635667003
2025-11-17 13:00:00+00:00,baclieu_baclieucity,45.18643375846866
2025-11-17 13:00:00+00:00,bentre_bentrecity,69.60630932404138
2025-11-17 13:00:00+00:00,backan_backancity,61.14154309634228
2025-11-17 13:00:00+00:00,bacgiang_bacgiangcity,144.25703264003872
2025-11-17 13:00:00+00:00,angiang_longxuyen,59.76419918000171
2025-11-17 13:00:00+00:00,bacninh_bacninhcity,142.08426508516064
2025-11-17 14:00:00+00:00,backan_backancity,59.855127027284986
2025-11-17 14:00:00+00:00,angiang_longxuyen,60.21682710230584
2025-11-17 14:00:00+00:00,bacgiang_bacgiangcity,143.5740083123249
2025-11-17 14:00:00+00:00,bentre_bentrecity,69.38693900739582
2025-11-17 14:00:00+00:00,bacninh_bacninhcity,140.34782558357284
2025-11-17 14:00:00+00:00,baclieu_baclieucity,43.955584291806474
2025-11-17 15:00:00+00:00,bacgiang_bacgiangcity,142.02193677869298
2025-11-17 15:00:00+00:00,backan_backancity,58.85800621754188
2025-11-17 15:00:00+00:00,bentre_bentrecity,69.24832532007552
2025-11-17 15:00:00+00:00,bacninh_bacninhcity,138.0869440273009
2025-11-17 15:00:00+00:00,baclieu_baclieucity,42.65222782371444
2025-11-17 15:00:00+00:00,angiang_longxuyen,60.63353549674641
2025-11-17 16:00:00+00:00,bacninh_bacninhcity,135.85976880566858
2025-11-17 16:00:00+00:00,bentre_bentrecity,69.31038943906377
2025-11-17 16:00:00+00:00,backan_backancity,58.19668015582726
2025-11-17 16:00:00+00:00,bacgiang_bacgiangcity,138.52059032844147
2025-11-17 16:00:00+00:00,angiang_longxuyen,61.13661824295216
2025-11-17 16:00:00+00:00,baclieu_baclieucity,41.34489857409212
2025-11-17 17:00:00+00:00,bacgiang_bacgiangcity,133.26839120496498
2025-11-17 17:00:00+00:00,bacninh_bacninhcity,133.6488186830088
2025-11-17 17:00:00+00:00,baclieu_baclieucity,40.11841567784466
2025-11-17 17:00:00+00:00,bentre_bentrecity,69.61448418189542
2025-11-17 17:00:00+00:00,angiang_longxuyen,61.877644184074306
2025-11-17 17:00:00+00:00,backan_backancity,57.898158273410736
2025-11-17 18:00:00+00:00,bacninh_bacninhcity,131.28089633554308
2025-11-17 18:00:00+00:00,backan_backancity,57.916576626929455
2025-11-17 18:00:00+00:00,angiang_longxuyen,62.658148707028175
2025-11-17 18:00:00+00:00,bentre_bentrecity,70.49064700341519
2025-11-17 18:00:00+00:00,baclieu_baclieucity,38.91687606739088
2025-11-17 18:00:00+00:00,bacgiang_bacgiangcity,128.87851247602003
2025-11-17 19:00:00+00:00,bacgiang_bacgiangcity,125.7054314306333
2025-11-17 19:00:00+00:00,bentre_bentrecity,71.8872068203822
2025-11-17 19:00:00+00:00,baclieu_baclieucity,37.822766052345884
2025-11-17 19:00:00+00:00,angiang_longxuyen,63.49312818977348
2025-11-17 19:00:00+00:00,bacninh_bacninhcity,128.61411314814004
2025-11-17 19:00:00+00:00,backan_backancity,58.22566102385374
2025-11-17 20:00:00+00:00,baclieu_baclieucity,36.89500442529187
2025-11-17 20:00:00+00:00,angiang_longxuyen,64.26703550274576
2025-11-17 20:00:00+00:00,bentre_bentrecity,73.5594213487868
2025-11-17 20:00:00+00:00,backan_backancity,58.78402873863219
2025-11-17 20:00:00+00:00,bacgiang_bacgiangcity,122.78428056256445
2025-11-17 20:00:00+00:00,bacninh_bacninhcity,125.72420618801578
2025-11-17 21:00:00+00:00,bacninh_bacninhcity,122.68006857126834
2025-11-17 21:00:00+00:00,backan_backancity,59.568972109707424
2025-11-17 21:00:00+00:00,baclieu_baclieucity,36.18999272075234
2025-11-17 21:00:00+00:00,bacgiang_bacgiangcity,119.95462080942367
2025-11-17 21:00:00+00:00,bentre_bentrecity,75.15012157811384
2025-11-17 21:00:00+00:00,angiang_longxuyen,64.90268553226147
2025-11-17 22:00:00+00:00,bacninh_bacninhcity,119.38169038292536
2025-11-17 22:00:00+00:00,bentre_bentrecity,76.58453746701531
2025-11-17 22:00:00+00:00,backan_backancity,60.3645602423359
2025-11-17 22:00:00+00:00,angiang_longxuyen,65.36281538204753
2025-11-17 22:00:00+00:00,baclieu_baclieucity,35.700777324881926
2025-11-17 22:00:00+00:00,bacgiang_bacgiangcity,116.8162131245447
2025-11-17 23:00:00+00:00,bentre_bentrecity,77.71398380360137
2025-11-17 23:00:00+00:00,angiang_longxuyen,65.70293433080064
2025-11-17 23:00:00+00:00,baclieu_baclieucity,35.50718273382374
2025-11-17 23:00:00+00:00,bacninh_bacninhcity,115.6592763360897
2025-11-17 23:00:00+00:00,bacgiang_bacgiangcity,113.35206103136176
2025-11-17 23:00:00+00:00,backan_backancity,60.768046801131426
2025-11-18 00:00:00+00:00,angiang_longxuyen,65.9107252603761
2025-11-18 00:00:00+00:00,baclieu_baclieucity,35.60798770356909
2025-11-18 00:00:00+00:00,bacninh_bacninhcity,111.523602039887
2025-11-18 00:00:00+00:00,backan_backancity,60.339706680591824
2025-11-18 00:00:00+00:00,bacgiang_bacgiangcity,109.1075888479936
2025-11-18 00:00:00+00:00,bentre_bentrecity,78.70554919927233
2025-11-18 01:00:00+00:00,bacgiang_bacgiangcity,104.75159590178757
2025-11-18 01:00:00+00:00,backan_backancity,59.83140000083056
2025-11-18 01:00:00+00:00,baclieu_baclieucity,35.75084832923796
2025-11-18 01:00:00+00:00,bentre_bentrecity,80.27973895730237
2025-11-18 01:00:00+00:00,angiang_longxuyen,66.37732521107345
2025-11-18 01:00:00+00:00,bacninh_bacninhcity,107.82023503800106
2025-11-18 02:00:00+00:00,bacninh_bacninhcity,104.17238666106704
2025-11-18 02:00:00+00:00,backan_backancity,59.14019084592387
2025-11-18 02:00:00+00:00,angiang_longxuyen,66.74253947803767
2025-11-18 02:00:00+00:00,bentre_bentrecity,81.80651703211366
2025-11-18 02:00:00+00:00,bacgiang_bacgiangcity,100.34258897124386
2025-11-18 02:00:00+00:00,baclieu_baclieucity,35.73321256881868
2025-11-18 03:00:00+00:00,backan_backancity,58.32746791215315
2025-11-18 03:00:00+00:00,angiang_longxuyen,67.12528981203269
2025-11-18 03:00:00+00:00,bacgiang_bacgiangcity,96.30539429650057
2025-11-18 03:00:00+00:00,bentre_bentrecity,82.71422782641285
2025-11-18 03:00:00+00:00,bacninh_bacninhcity,100.47570752783786
2025-11-18 03:00:00+00:00,baclieu_baclieucity,35.72371677356749
2025-11-18 04:00:00+00:00,baclieu_baclieucity,35.519634438042885
2025-11-18 04:00:00+00:00,bentre_bentrecity,82.91632252500496
2025-11-18 04:00:00+00:00,angiang_longxuyen,67.6599903163898
2025-11-18 04:00:00+00:00,bacgiang_bacgiangcity,92.87024939662949
2025-11-18 04:00:00+00:00,bacninh_bacninhcity,96.8106204505583
2025-11-18 04:00:00+00:00,backan_backancity,57.49347290161893
2025-11-18 05:00:00+00:00,baclieu_baclieucity,35.28532008246658
2025-11-18 05:00:00+00:00,bacninh_bacninhcity,93.28721200921063
2025-11-18 05:00:00+00:00,bentre_bentrecity,82.51648100572514
2025-11-18 05:00:00+00:00,angiang_longxuyen,68.24229939840787
2025-11-18 05:00:00+00:00,bacgiang_bacgiangcity,89.8837158659039
2025-11-18 05:00:00+00:00,backan_backancity,56.66058448769666
2025-11-18 06:00:00+00:00,angiang_longxuyen,68.74218697151335
2025-11-18 06:00:00+00:00,bacgiang_bacgiangcity,87.21695573259694
2025-11-18 06:00:00+00:00,baclieu_baclieucity,34.96608689859667
2025-11-18 06:00:00+00:00,bacninh_bacninhcity,89.97463062842994
2025-11-18 06:00:00+00:00,bentre_bentrecity,82.005870162523
2025-11-18 06:00:00+00:00,backan_backancity,55.70878180001456
2025-11-18 07:00:00+00:00,baclieu_baclieucity,34.54465802221234
2025-11-18 07:00:00+00:00,bacninh_bacninhcity,86.88451317475554
2025-11-18 07:00:00+00:00,angiang_longxuyen,69.08489794836653
2025-11-18 07:00:00+00:00,bentre_bentrecity,82.08670280805694
2025-11-18 07:00:00+00:00,bacgiang_bacgiangcity,84.77392563242981
2025-11-18 07:00:00+00:00,backan_backancity,54.647316385022094
2025-11-18 08:00:00+00:00,baclieu_baclieucity,34.27062582067199
2025-11-18 08:00:00+00:00,bentre_bentrecity,82.48485577056965
2025-11-18 08:00:00+00:00,bacgiang_bacgiangcity,82.41365101402661
2025-11-18 08:00:00+00:00,angiang_longxuyen,69.35980246705594
2025-11-18 08:00:00+00:00,bacninh_bacninhcity,84.05290067736824
2025-11-18 08:00:00+00:00,backan_backancity,53.56686934886608
2025-11-18 09:00:00+00:00,bacgiang_bacgiangcity,80.04783095089012
2025-11-18 09:00:00+00:00,backan_backancity,52.45841345522112
2025-11-18 09:00:00+00:00,bacninh_bacninhcity,81.48204246834524
2025-11-18 09:00:00+00:00,baclieu_baclieucity,34.09709452404217
2025-11-18 09:00:00+00:00,angiang_longxuyen,69.68867600159032
2025-11-18 09:00:00+00:00,bentre_bentrecity,82.7460711408556
2025-11-18 10:00:00+00:00,bentre_bentrecity,82.67649886354866
2025-11-18 10:00:00+00:00,bacgiang_bacgiangcity,77.52376881841211
2025-11-18 10:00:00+00:00,bacninh_bacninhcity,79.00667058679305
2025-11-18 10:00:00+00:00,baclieu_baclieucity,34.05304001567994
2025-11-18 10:00:00+00:00,angiang_longxuyen,69.9132951751385
2025-11-18 10:00:00+00:00,backan_backancity,51.37174056695553
2025-11-18 11:00:00+00:00,bacninh_bacninhcity,76.53043386509592
2025-11-18 11:00:00+00:00,bentre_bentrecity,82.0155827908941
2025-11-18 11:00:00+00:00,backan_backancity,50.22660249102525
2025-11-18 11:00:00+00:00,baclieu_baclieucity,34.02787241976221
2025-11-18 11:00:00+00:00,angiang_longxuyen,69.76482181169911
2025-11-18 11:00:00+00:00,bacgiang_bacgiangcity,74.74863885642642
2025-11-18 12:00:00+00:00,bentre_bentrecity,80.83008509281153
2025-11-18 12:00:00+00:00,backan_backancity,49.03352684925206
2025-11-18 12:00:00+00:00,bacninh_bacninhcity,74.01777167158876
2025-11-18 12:00:00+00:00,angiang_longxuyen,69.09795528992059
2025-11-18 12:00:00+00:00,bacgiang_bacgiangcity,71.96315075137935
2025-11-18 12:00:00+00:00,baclieu_baclieucity,33.92875725295133
2025-11-18 13:00:00+00:00,bacgiang_bacgiangcity,69.18556334736803
2025-11-18 13:00:00+00:00,bentre_bentrecity,79.51275908866099
2025-11-18 13:00:00+00:00,angiang_longxuyen,68.76480740135582
2025-11-18 13:00:00+00:00,backan_backancity,47.82346843875404
2025-11-18 13:00:00+00:00,bacninh_bacninhcity,71.45870220575164
2025-11-18 13:00:00+00:00,baclieu_baclieucity,33.81193654034925
2025-11-18 14:00:00+00:00,backan_backancity,46.541346662404834
2025-11-18 14:00:00+00:00,angiang_longxuyen,68.3311760542235
2025-11-18 14:00:00+00:00,bentre_bentrecity,77.76791543442567
2025-11-18 14:00:00+00:00,bacgiang_bacgiangcity,66.30327794679184
2025-11-18 14:00:00+00:00,baclieu_baclieucity,33.619388729869925
2025-11-18 14:00:00+00:00,bacninh_bacninhcity,68.76026387517658
2025-11-18 15:00:00+00:00,angiang_longxuyen,67.9745578496796
2025-11-18 15:00:00+00:00,bacgiang_bacgiangcity,63.43222799109555
2025-11-18 15:00:00+00:00,baclieu_baclieucity,33.32937069348938
2025-11-18 15:00:00+00:00,bentre_bentrecity,75.8213845783236
2025-11-18 15:00:00+00:00,backan_backancity,45.27347107126713
2025-11-18 15:00:00+00:00,bacninh_bacninhcity,66.02086153128167
2025-11-18 16:00:00+00:00,backan_backancity,44.1032052767745
2025-11-18 16:00:00+00:00,baclieu_baclieucity,33.01032194238812
2025-11-18 16:00:00+00:00,bentre_bentrecity,73.97099054905205
2025-11-18 16:00:00+00:00,bacninh_bacninhcity,63.300662626339644
2025-11-18 16:00:00+00:00,bacgiang_bacgiangcity,60.606416402749495
2025-11-18 16:00:00+00:00,angiang_longxuyen,67.75924006927511
2025-11-18 17:00:00+00:00,backan_backancity,42.97023976357567
2025-11-18 17:00:00+00:00,bacninh_bacninhcity,60.68940616397633
2025-11-18 17:00:00+00:00,baclieu_baclieucity,32.68421489938362
2025-11-18 17:00:00+00:00,angiang_longxuyen,67.73035141763296
2025-11-18 17:00:00+00:00,bacgiang_bacgiangcity,57.91462762118499
2025-11-18 17:00:00+00:00,bentre_bentrecity,72.59137113111979
2025-11-18 18:00:00+00:00,baclieu_baclieucity,32.37947214952695
2025-11-18 18:00:00+00:00,bacninh_bacninhcity,58.25146167278822
2025-11-18 18:00:00+00:00,backan_backancity,41.88473827262454
2025-11-18 18:00:00+00:00,bentre_bentrecity,71.80224562239849
2025-11-18 18:00:00+00:00,bacgiang_bacgiangcity,55.45496741765471
2025-11-18 18:00:00+00:00,angiang_longxuyen,67.87413669947983
2025-11-18 19:00:00+00:00,baclieu_baclieucity,32.13871261638644
2025-11-18 19:00:00+00:00,bentre_bentrecity,71.66812312222848
2025-11-18 19:00:00+00:00,bacgiang_bacgiangcity,53.21950767544106
2025-11-18 19:00:00+00:00,bacninh_bacninhcity,55.98814261316831
2025-11-18 19:00:00+00:00,backan_backancity,40.81361755295933
2025-11-18 19:00:00+00:00,angiang_longxuyen,68.17796725483205
2025-11-18 20:00:00+00:00,baclieu_baclieucity,31.824778136113395
2025-11-18 20:00:00+00:00,angiang_longxuyen,68.54290487264329
2025-11-18 20:00:00+00:00,bacgiang_bacgiangcity,51.195382962762764
2025-11-18 20:00:00+00:00,bacninh_bacninhcity,53.90018920852596
2025-11-18 20:00:00+00:00,backan_backancity,39.5599383003389
2025-11-18 20:00:00+00:00,bentre_bentrecity,72.21718445919382
2025-11-18 21:00:00+00:00,baclieu_baclieucity,31.481498906945973
2025-11-18 21:00:00+00:00,bacninh_bacninhcity,52.0431755382604
2025-11-18 21:00:00+00:00,bacgiang_bacgiangcity,49.33625080799234
2025-11-18 21:00:00+00:00,angiang_longxuyen,68.82952336447721
2025-11-18 21:00:00+00:00,backan_backancity,38.24081532286129
2025-11-18 21:00:00+00:00,bentre_bentrecity,73.05305370543115
2025-11-18 22:00:00+00:00,baclieu_baclieucity,31.155077829767805
2025-11-18 22:00:00+00:00,backan_backancity,36.86067002230488
2025-11-18 22:00:00+00:00,bentre_bentrecity,73.75763174373087
2025-11-18 22:00:00+00:00,bacninh_bacninhcity,50.42358167262179
2025-11-18 22:00:00+00:00,bacgiang_bacgiangcity,47.60196468359536
2025-11-18 22:00:00+00:00,angiang_longxuyen,68.78169546136162
2025-11-18 23:00:00+00:00,backan_backancity,35.46749479587623
2025-11-18 23:00:00+00:00,angiang_longxuyen,68.35446941443811
2025-11-18 23:00:00+00:00,bacgiang_bacgiangcity,46.10690281415653
2025-11-18 23:00:00+00:00,baclieu_baclieucity,30.93013963737654
2025-11-18 23:00:00+00:00,bacninh_bacninhcity,48.90911448511845
2025-11-18 23:00:00+00:00,bentre_bentrecity,74.19226251708255
2025-11-19 00:00:00+00:00,baclieu_baclieucity,30.907853180385416
2025-11-19 00:00:00+00:00,bentre_bentrecity,74.29121318980246
2025-11-19 00:00:00+00:00,angiang_longxuyen,67.53935882401368
2025-11-19 00:00:00+00:00,backan_backancity,34.12420614103495
2025-11-19 00:00:00+00:00,bacninh_bacninhcity,47.50898066017501
2025-11-19 00:00:00+00:00,bacgiang_bacgiangcity,44.83445628115775
2025-11-19 01:00:00+00:00,bacgiang_bacgiangcity,43.6810735620015
2025-11-19 01:00:00+00:00,backan_backancity,32.77167092441364
2025-11-19 01:00:00+00:00,bentre_bentrecity,73.75758438937135
2025-11-19 01:00:00+00:00,angiang_longxuyen,66.26345043810048
2025-11-19 01:00:00+00:00,bacninh_bacninhcity,46.21022504196059
2025-11-19 01:00:00+00:00,baclieu_baclieucity,31.162091259646246
2025-11-19 02:00:00+00:00,bacgiang_bacgiangcity,42.57751759839954
2025-11-19 02:00:00+00:00,backan_backancity,31.481294535499615
2025-11-19 02:00:00+00:00,baclieu_baclieucity,31.349420121239476
2025-11-19 02:00:00+00:00,bacninh_bacninhcity,44.94003656421052
2025-11-19 02:00:00+00:00,bentre_bentrecity,72.49469845232628
2025-11-19 02:00:00+00:00,angiang_longxuyen,64.6127073732363
2025-11-19 03:00:00+00:00,baclieu_baclieucity,31.450105458918657
2025-11-19 03:00:00+00:00,bacgiang_bacgiangcity,41.479753820667334
2025-11-19 03:00:00+00:00,bentre_bentrecity,70.69150176548828
2025-11-19 03:00:00+00:00,bacninh_bacninhcity,43.68069971179476
2025-11-19 03:00:00+00:00,backan_backancity,30.23347226945144
2025-11-19 03:00:00+00:00,angiang_longxuyen,62.77979956430134
2025-11-19 04:00:00+00:00,angiang_longxuyen,61.02168672006147
2025-11-19 04:00:00+00:00,bacninh_bacninhcity,42.405975184869575
2025-11-19 04:00:00+00:00,bacgiang_bacgiangcity,40.36880060764135
2025-11-19 04:00:00+00:00,bentre_bentrecity,68.56910927980104
2025-11-19 04:00:00+00:00,baclieu_baclieucity,31.629453864765352
2025-11-19 04:00:00+00:00,backan_backancity,29.05207570813681
2025-11-19 05:00:00+00:00,backan_backancity,27.974150914708943
2025-11-19 05:00:00+00:00,bacgiang_bacgiangcity,39.27238269065341
2025-11-19 05:00:00+00:00,bacninh_bacninhcity,41.118275563435816
2025-11-19 05:00:00+00:00,baclieu_baclieucity,31.96896468384884
2025-11-19 05:00:00+00:00,bentre_bentrecity,66.70299360316872
2025-11-19 05:00:00+00:00,angiang_longxuyen,59.463045392129736
2025-11-19 06:00:00+00:00,bacninh_bacninhcity,39.95110524865499
2025-11-19 06:00:00+00:00,bentre_bentrecity,65.4128988480771
2025-11-19 06:00:00+00:00,backan_backancity,27.024072922647264
2025-11-19 06:00:00+00:00,bacgiang_bacgiangcity,38.36162377100193
2025-11-19 06:00:00+00:00,baclieu_baclieucity,32.46392241889478
2025-11-19 06:00:00+00:00,angiang_longxuyen,58.23300842658354
2025-11-19 07:00:00+00:00,angiang_longxuyen,57.326531337966586
2025-11-19 07:00:00+00:00,bacgiang_bacgiangcity,37.68136095014858
2025-11-19 07:00:00+00:00,backan_backancity,26.25043228948914
2025-11-19 07:00:00+00:00,baclieu_baclieucity,32.99067237552187
2025-11-19 07:00:00+00:00,bentre_bentrecity,65.00906336242195
2025-11-19 07:00:00+00:00,bacninh_bacninhcity,39.01316991130823
2025-11-19 08:00:00+00:00,backan_backancity,25.85922546381765
2025-11-19 08:00:00+00:00,angiang_longxuyen,56.656158101248856
2025-11-19 08:00:00+00:00,bentre_bentrecity,65.20786194835796
2025-11-19 08:00:00+00:00,bacgiang_bacgiangcity,37.15655999926595
2025-11-19 08:00:00+00:00,bacninh_bacninhcity,38.2864350174224
2025-11-19 08:00:00+00:00,baclieu_baclieucity,33.38790068185658
2025-11-19 09:00:00+00:00,backan_backancity,25.786474213586075
2025-11-19 09:00:00+00:00,bentre_bentrecity,65.57977810336166
2025-11-19 09:00:00+00:00,bacninh_bacninhcity,37.78659230634173
2025-11-19 09:00:00+00:00,angiang_longxuyen,55.99271853969881
2025-11-19 09:00:00+00:00,bacgiang_bacgiangcity,36.74968137292794
2025-11-19 09:00:00+00:00,baclieu_baclieucity,33.79028313637487
2025-11-19 10:00:00+00:00,bacgiang_bacgiangcity,36.58578045762374
2025-11-19 10:00:00+00:00,backan_backancity,25.940246280622333
2025-11-19 10:00:00+00:00,bacninh_bacninhcity,37.62897705918019
2025-11-19 10:00:00+00:00,angiang_longxuyen,55.15155557453402
2025-11-19 10:00:00+00:00,bentre_bentrecity,65.69010877637476
2025-11-19 10:00:00+00:00,baclieu_baclieucity,34.15013140670501
2025-11-19 11:00:00+00:00,bacgiang_bacgiangcity,37.11921485594735
2025-11-19 11:00:00+00:00,backan_backancity,26.224870904686966
2025-11-19 11:00:00+00:00,bacninh_bacninhcity,38.132309038857095
2025-11-19 11:00:00+00:00,angiang_longxuyen,54.08256330871252
2025-11-19 11:00:00+00:00,bentre_bentrecity,65.40865938673268
2025-11-19 11:00:00+00:00,baclieu_baclieucity,34.3454457087142
2025-11-19 12:00:00+00:00,bentre_bentrecity,65.00784461074798
2025-11-19 12:00:00+00:00,backan_backancity,26.535969108058225
2025-11-19 12:00:00+00:00,angiang_longxuyen,52.78632993322624
2025-11-19 12:00:00+00:00,baclieu_baclieucity,34.35889434681799
2025-11-19 12:00:00+00:00,bacgiang_bacgiangcity,38.999890751964834
2025-11-19 12:00:00+00:00,bacninh_bacninhcity,39.883727472061615
2025-11-19 13:00:00+00:00,angiang_longxuyen,51.335048415331364
2025-11-19 13:00:00+00:00,bacninh_bacninhcity,42.43826088872364
2025-11-19 13:00:00+00:00,baclieu_baclieucity,34.367129020705114
2025-11-19 13:00:00+00:00,backan_backancity,26.87593353205922
2025-11-19 13:00:00+00:00,bacgiang_bacgiangcity,41.59477506760765
2025-11-19 13:00:00+00:00,bentre_bentrecity,64.9106410646609
2025-11-19 14:00:00+00:00,bacgiang_bacgiangcity,45.089023348600506
2025-11-19 14:00:00+00:00,backan_backancity,27.321318729691455
2025-11-19 14:00:00+00:00,angiang_longxuyen,49.76278897053545
2025-11-19 14:00:00+00:00,baclieu_baclieucity,34.46419050371364
2025-11-19 14:00:00+00:00,bentre_bentrecity,64.93790222173638
2025-11-19 14:00:00+00:00,bacninh_bacninhcity,45.889541319288526
2025-11-19 15:00:00+00:00,backan_backancity,27.866840951366314
2025-11-19 15:00:00+00:00,angiang_longxuyen,48.27395793787562
2025-11-19 15:00:00+00:00,bacninh_bacninhcity,50.10717479631483
2025-11-19 15:00:00+00:00,bentre_bentrecity,65.00873686657474
2025-11-19 15:00:00+00:00,bacgiang_bacgiangcity,49.52418281458578
2025-11-19 15:00:00+00:00,baclieu_baclieucity,34.62559908430624
2025-11-19 16:00:00+00:00,backan_backancity,28.55124603251035
2025-11-19 16:00:00+00:00,angiang_longxuyen,46.878140836652676
2025-11-19 16:00:00+00:00,bacninh_bacninhcity,54.97994337563214
2025-11-19 16:00:00+00:00,bentre_bentrecity,65.28615365865343
2025-11-19 16:00:00+00:00,bacgiang_bacgiangcity,54.84634426575157
2025-11-19 16:00:00+00:00,baclieu_baclieucity,34.729723843887434
2025-11-19 17:00:00+00:00,bentre_bentrecity,65.59237934766352
2025-11-19 17:00:00+00:00,backan_backancity,29.455953563482055
2025-11-19 17:00:00+00:00,bacgiang_bacgiangcity,60.82496175660551
2025-11-19 17:00:00+00:00,bacninh_bacninhcity,60.32481498069002
2025-11-19 17:00:00+00:00,angiang_longxuyen,45.572805454799635
2025-11-19 17:00:00+00:00,baclieu_baclieucity,34.80255983349922
2025-11-19 18:00:00+00:00,bentre_bentrecity,65.71662472537145
2025-11-19 18:00:00+00:00,baclieu_baclieucity,34.83051385962451
2025-11-19 18:00:00+00:00,bacgiang_bacgiangcity,67.23185705963125
2025-11-19 18:00:00+00:00,bacninh_bacninhcity,66.0631963286929
2025-11-19 18:00:00+00:00,angiang_longxuyen,44.2834359691091
2025-11-19 18:00:00+00:00,backan_backancity,30.55423574683428
2025-11-19 19:00:00+00:00,backan_backancity,31.722477765541086
2025-11-19 19:00:00+00:00,bacninh_bacninhcity,72.13413737426862
2025-11-19 19:00:00+00:00,baclieu_baclieucity,34.86923975637335
2025-11-19 19:00:00+00:00,bacgiang_bacgiangcity,73.69002716467874
2025-11-19 19:00:00+00:00,angiang_longxuyen,42.965265063491316
2025-11-19 19:00:00+00:00,bentre_bentrecity,65.52880736617475
2025-11-19 20:00:00+00:00,backan_backancity,32.86295517556067
2025-11-19 20:00:00+00:00,baclieu_baclieucity,34.98476943959482
2025-11-19 20:00:00+00:00,bacgiang_bacgiangcity,79.56799919520887
2025-11-19 20:00:00+00:00,bentre_bentrecity,64.95090473192678
2025-11-19 20:00:00+00:00,bacninh_bacninhcity,77.8122914539657
2025-11-19 20:00:00+00:00,angiang_longxuyen,41.67736605528062
2025-11-19 21:00:00+00:00,bentre_bentrecity,64.05159559794039
2025-11-19 21:00:00+00:00,angiang_longxuyen,40.34387726052535
2025-11-19 21:00:00+00:00,bacgiang_bacgiangcity,84.26850507626457
2025-11-19 21:00:00+00:00,bacninh_bacninhcity,82.56918391553661
2025-11-19 21:00:00+00:00,backan_backancity,33.91232279786304
2025-11-19 21:00:00+00:00,baclieu_baclieucity,35.24869273154492
2025-11-19 22:00:00+00:00,angiang_longxuyen,38.96685734769729
2025-11-19 22:00:00+00:00,bacgiang_bacgiangcity,87.72531786680554
2025-11-19 22:00:00+00:00,bacninh_bacninhcity,86.33831553037383
2025-11-19 22:00:00+00:00,backan_backancity,34.90011978345006
2025-11-19 22:00:00+00:00,baclieu_baclieucity,35.59049649856308
2025-11-19 22:00:00+00:00,bentre_bentrecity,62.85955925974194
2025-11-19 23:00:00+00:00,bacninh_bacninhcity,89.18951715551063
2025-11-19 23:00:00+00:00,angiang_longxuyen,37.58297852974291
2025-11-19 23:00:00+00:00,bentre_bentrecity,61.57193440834953
2025-11-19 23:00:00+00:00,baclieu_baclieucity,35.92554105384338
2025-11-19 23:00:00+00:00,backan_backancity,35.828484555504275
2025-11-19 23:00:00+00:00,bacgiang_bacgiangcity,90.3435678203696
2025-11-20 00:00:00+00:00,angiang_longxuyen,36.189848165339065
2025-11-20 00:00:00+00:00,bacninh_bacninhcity,91.32147335256995
2025-11-20 00:00:00+00:00,bentre_bentrecity,60.2941916640886
2025-11-20 00:00:00+00:00,bacgiang_bacgiangcity,92.39392809438954
2025-11-20 00:00:00+00:00,backan_backancity,36.67883426641601
2025-11-20 00:00:00+00:00,baclieu_baclieucity,36.213345897000025
2025-11-20 01:00:00+00:00,angiang_longxuyen,34.887847527330145
2025-11-20 01:00:00+00:00,bacgiang_bacgiangcity,93.58684983449429
2025-11-20 01:00:00+00:00,bentre_bentrecity,59.09859128725257
2025-11-20 01:00:00+00:00,baclieu_baclieucity,36.51345788896255
2025-11-20 01:00:00+00:00,bacninh_bacninhcity,92.25990528760799
2025-11-20 01:00:00+00:00,backan_backancity,37.18680697332592
2025-11-20 02:00:00+00:00,baclieu_baclieucity,36.6523158250846
2025-11-20 02:00:00+00:00,bacninh_bacninhcity,91.93631114107646
2025-11-20 02:00:00+00:00,bacgiang_bacgiangcity,93.63668282088535
2025-11-20 02:00:00+00:00,backan_backancity,37.37057179628157
2025-11-20 02:00:00+00:00,angiang_longxuyen,33.70409820204776
2025-11-20 02:00:00+00:00,bentre_bentrecity,57.77929384634514
2025-11-20 03:00:00+00:00,bacninh_bacninhcity,90.34257587115438
2025-11-20 03:00:00+00:00,backan_backancity,37.32569481746451
2025-11-20 03:00:00+00:00,bentre_bentrecity,56.3331764459727
2025-11-20 03:00:00+00:00,bacgiang_bacgiangcity,92.34854766396074
2025-11-20 03:00:00+00:00,angiang_longxuyen,32.67008336156886
2025-11-20 03:00:00+00:00,baclieu_baclieucity,36.67052482248754
2025-11-20 04:00:00+00:00,backan_backancity,37.26853561318869
2025-11-20 04:00:00+00:00,bentre_bentrecity,55.0743480298381
2025-11-20 04:00:00+00:00,bacgiang_bacgiangcity,90.19294980291086
2025-11-20 04:00:00+00:00,baclieu_baclieucity,36.61715895164278
2025-11-20 04:00:00+00:00,angiang_longxuyen,31.92408272036235
2025-11-20 04:00:00+00:00,bacninh_bacninhcity,88.04360645581976
2025-11-20 05:00:00+00:00,backan_backancity,37.45584952077365
2025-11-20 05:00:00+00:00,baclieu_baclieucity,36.780496599302154
2025-11-20 05:00:00+00:00,bentre_bentrecity,54.35204450706949
2025-11-20 05:00:00+00:00,bacninh_bacninhcity,85.55125865946317
2025-11-20 05:00:00+00:00,angiang_longxuyen,31.56077508945252
2025-11-20 05:00:00+00:00,bacgiang_bacgiangcity,87.83126327689355
2025-11-20 06:00:00+00:00,baclieu_baclieucity,37.23963948454241
2025-11-20 06:00:00+00:00,bacgiang_bacgiangcity,85.88340213713917
2025-11-20 06:00:00+00:00,angiang_longxuyen,31.514372801791964
2025-11-20 06:00:00+00:00,backan_backancity,38.126167926127714
2025-11-20 06:00:00+00:00,bentre_bentrecity,54.26621348427143
2025-11-20 06:00:00+00:00,bacninh_bacninhcity,83.34538916111298
2025-11-20 07:00:00+00:00,bacgiang_bacgiangcity,84.75740893029604
2025-11-20 07:00:00+00:00,bentre_bentrecity,55.02366889581244
2025-11-20 07:00:00+00:00,backan_backancity,39.22090102485061
2025-11-20 07:00:00+00:00,angiang_longxuyen,31.744485081044502
2025-11-20 07:00:00+00:00,baclieu_baclieucity,37.845286788799896
2025-11-20 07:00:00+00:00,bacninh_bacninhcity,81.6935893463311
2025-11-20 08:00:00+00:00,bentre_bentrecity,56.79036035612964
2025-11-20 08:00:00+00:00,angiang_longxuyen,32.158691171434626
2025-11-20 08:00:00+00:00,baclieu_baclieucity,38.652444339159615
2025-11-20 08:00:00+00:00,bacninh_bacninhcity,80.72372720132874
2025-11-20 08:00:00+00:00,bacgiang_bacgiangcity,84.49161389497752
2025-11-20 08:00:00+00:00,backan_backancity,40.68040226262435
2025-11-20 09:00:00+00:00,baclieu_baclieucity,39.563073657406086
2025-11-20 09:00:00+00:00,bentre_bentrecity,59.38014535495252
2025-11-20 09:00:00+00:00,bacninh_bacninhcity,80.30630350682594
2025-11-20 09:00:00+00:00,bacgiang_bacgiangcity,84.66724622976922
2025-11-20 09:00:00+00:00,angiang_longxuyen,32.62314272961059
2025-11-20 09:00:00+00:00,backan_backancity,42.337764968482524
2025-11-20 10:00:00+00:00,bacgiang_bacgiangcity,84.83531183637649
2025-11-20 10:00:00+00:00,angiang_longxuyen,33.01428475457956
2025-11-20 10:00:00+00:00,bacninh_bacninhcity,80.17929911459227
2025-11-20 10:00:00+00:00,bentre_bentrecity,62.127720064366756
2025-11-20 10:00:00+00:00,baclieu_baclieucity,40.4479471887429
2025-11-20 10:00:00+00:00,backan_backancity,43.80118415642289
2025-11-20 11:00:00+00:00,bacninh_bacninhcity,79.85785896833524
2025-11-20 11:00:00+00:00,backan_backancity,44.58357786908816
2025-11-20 11:00:00+00:00,bentre_bentrecity,64.1241574307339
2025-11-20 11:00:00+00:00,baclieu_baclieucity,41.019280028691085
2025-11-20 11:00:00+00:00,bacgiang_bacgiangcity,84.33422046560531
2025-11-20 11:00:00+00:00,angiang_longxuyen,33.23257339796028
2025-11-20 12:00:00+00:00,bacgiang_bacgiangcity,83.37675519345846
2025-11-20 12:00:00+00:00,bentre_bentrecity,64.7270357511268
2025-11-20 12:00:00+00:00,angiang_longxuyen,33.2531202053227
2025-11-20 12:00:00+00:00,backan_backancity,44.49807084980261
2025-11-20 12:00:00+00:00,bacninh_bacninhcity,79.70238214435625
2025-11-20 12:00:00+00:00,baclieu_baclieucity,41.2216675766118
2025-11-20 13:00:00+00:00,angiang_longxuyen,33.01687678267963
2025-11-20 13:00:00+00:00,bentre_bentrecity,63.85582519867898
2025-11-20 13:00:00+00:00,bacninh_bacninhcity,80.68950744573849
2025-11-20 13:00:00+00:00,baclieu_baclieucity,40.98238350562057
2025-11-20 13:00:00+00:00,bacgiang_bacgiangcity,83.20904599071494
2025-11-20 13:00:00+00:00,backan_backancity,43.609179674910706
2025-11-20 14:00:00+00:00,bentre_bentrecity,62.55036021542093
2025-11-20 14:00:00+00:00,angiang_longxuyen,32.621946408949015
2025-11-20 14:00:00+00:00,baclieu_baclieucity,40.523828811372255
2025-11-20 14:00:00+00:00,bacgiang_bacgiangcity,84.05382034887683
2025-11-20 14:00:00+00:00,backan_backancity,42.23937756340743
2025-11-20 14:00:00+00:00,bacninh_bacninhcity,82.68593235043207
2025-11-20 15:00:00+00:00,baclieu_baclieucity,40.00506927983054
2025-11-20 15:00:00+00:00,backan_backancity,40.85642090929634
2025-11-20 15:00:00+00:00,angiang_longxuyen,32.1306872986151
2025-11-20 15:00:00+00:00,bacgiang_bacgiangcity,85.55152160077525
2025-11-20 15:00:00+00:00,bentre_bentrecity,61.3657186343118
2025-11-20 15:00:00+00:00,bacninh_bacninhcity,85.33930303858463
2025-11-20 16:00:00+00:00,angiang_longxuyen,31.57305731491128
2025-11-20 16:00:00+00:00,backan_backancity,39.6892456098461
2025-11-20 16:00:00+00:00,bacninh_bacninhcity,87.93502914027628
2025-11-20 16:00:00+00:00,bentre_bentrecity,60.29560481787008
2025-11-20 16:00:00+00:00,bacgiang_bacgiangcity,87.15257249615955
2025-11-20 16:00:00+00:00,baclieu_baclieucity,39.51118823338001
2025-11-20 17:00:00+00:00,bentre_bentrecity,59.275340187995056
2025-11-20 17:00:00+00:00,angiang_longxuyen,31.031652430179975
2025-11-20 17:00:00+00:00,baclieu_baclieucity,39.12965166638954
2025-11-20 17:00:00+00:00,bacgiang_bacgiangcity,88.28970955458192
2025-11-20 17:00:00+00:00,bacninh_bacninhcity,90.10149669608711
2025-11-20 17:00:00+00:00,backan_backancity,38.8387762668682
2025-11-20 18:00:00+00:00,bacninh_bacninhcity,91.4213760971497
2025-11-20 18:00:00+00:00,baclieu_baclieucity,38.931859983677015
2025-11-20 18:00:00+00:00,bacgiang_bacgiangcity,88.74107386318727
2025-11-20 18:00:00+00:00,angiang_longxuyen,30.495351846938036
2025-11-20 18:00:00+00:00,bentre_bentrecity,58.18823612582436
2025-11-20 18:00:00+00:00,backan_backancity,38.254667719188355
2025-11-20 19:00:00+00:00,backan_backancity,37.891524582369485
2025-11-20 19:00:00+00:00,baclieu_baclieucity,38.889310845480594
2025-11-20 19:00:00+00:00,angiang_longxuyen,30.081444836713302
2025-11-20 19:00:00+00:00,bentre_bentrecity,57.09883662338429
2025-11-20 19:00:00+00:00,bacninh_bacninhcity,91.825977352645
2025-11-20 19:00:00+00:00,bacgiang_bacgiangcity,88.47998934047368
2025-11-20 20:00:00+00:00,baclieu_baclieucity,38.97202644988915
2025-11-20 20:00:00+00:00,angiang_longxuyen,29.776113895864697
2025-11-20 20:00:00+00:00,bentre_bentrecity,56.06188581261511
2025-11-20 20:00:00+00:00,bacninh_bacninhcity,91.40143617328955
2025-11-20 20:00:00+00:00,bacgiang_bacgiangcity,87.63213196427355
2025-11-20 20:00:00+00:00,backan_backancity,37.69812937808822
2025-11-20 21:00:00+00:00,bentre_bentrecity,55.19103914103518
2025-11-20 21:00:00+00:00,bacninh_bacninhcity,90.3253656768871
2025-11-20 21:00:00+00:00,angiang_longxuyen,29.610827242460843
2025-11-20 21:00:00+00:00,backan_backancity,37.61155065487668
2025-11-20 21:00:00+00:00,baclieu_baclieucity,39.1131424412599
2025-11-20 21:00:00+00:00,bacgiang_bacgiangcity,86.34476693877481
2025-11-20 22:00:00+00:00,bentre_bentrecity,54.50836872485043
2025-11-20 22:00:00+00:00,backan_backancity,37.626798758642245
2025-11-20 22:00:00+00:00,angiang_longxuyen,29.552965199796347
2025-11-20 22:00:00+00:00,baclieu_baclieucity,39.27334971652151
2025-11-20 22:00:00+00:00,bacninh_bacninhcity,88.6973333889987
2025-11-20 22:00:00+00:00,bacgiang_bacgiangcity,84.77065444312083
2025-11-20 23:00:00+00:00,bacgiang_bacgiangcity,83.23963192229569
2025-11-20 23:00:00+00:00,angiang_longxuyen,29.630616380070947
2025-11-20 23:00:00+00:00,backan_backancity,37.544781007952935
2025-11-20 23:00:00+00:00,bacninh_bacninhcity,86.83346891369463
2025-11-20 23:00:00+00:00,bentre_bentrecity,54.01588837050782
2025-11-20 23:00:00+00:00,baclieu_baclieucity,39.41512368425613
2025-11-21 00:00:00+00:00,baclieu_baclieucity,39.573895374723854
2025-11-21 00:00:00+00:00,angiang_longxuyen,29.83579035819922
2025-11-21 00:00:00+00:00,bacgiang_bacgiangcity,82.05613058431712
2025-11-21 00:00:00+00:00,bacninh_bacninhcity,85.22105047969073
2025-11-21 00:00:00+00:00,bentre_bentrecity,53.69139636039643
2025-11-21 00:00:00+00:00,backan_backancity,37.402832576788505
2025-11-21 01:00:00+00:00,bentre_bentrecity,53.56177501671557
2025-11-21 01:00:00+00:00,bacninh_bacninhcity,83.09813709604877
2025-11-21 01:00:00+00:00,angiang_longxuyen,30.226084989366257
2025-11-21 01:00:00+00:00,baclieu_baclieucity,39.921501296950616
2025-11-21 01:00:00+00:00,bacgiang_bacgiangcity,80.29436522355739
2025-11-21 01:00:00+00:00,backan_backancity,36.94866937630203
2025-11-21 02:00:00+00:00,angiang_longxuyen,30.762809269509177
2025-11-21 02:00:00+00:00,backan_backancity,36.444410248112405
2025-11-21 02:00:00+00:00,bacninh_bacninhcity,80.5740176398724
2025-11-21 02:00:00+00:00,bacgiang_bacgiangcity,78.17212477028757
2025-11-21 02:00:00+00:00,baclieu_baclieucity,40.32990024746271
2025-11-21 02:00:00+00:00,bentre_bentrecity,53.6315055572767
2025-11-21 03:00:00+00:00,backan_backancity,35.92951383537367
2025-11-21 03:00:00+00:00,bacgiang_bacgiangcity,75.7617355316709
2025-11-21 03:00:00+00:00,angiang_longxuyen,31.42199690804125
2025-11-21 03:00:00+00:00,bacninh_bacninhcity,77.72225337017446
2025-11-21 03:00:00+00:00,baclieu_baclieucity,40.62870127136693
2025-11-21 03:00:00+00:00,bentre_bentrecity,53.69933693878759
2025-11-21 04:00:00+00:00,bacgiang_bacgiangcity,73.39966767844271
2025-11-21 04:00:00+00:00,bentre_bentrecity,53.89061365856399
2025-11-21 04:00:00+00:00,backan_backancity,35.55385917830257
2025-11-21 04:00:00+00:00,bacninh_bacninhcity,74.90971595650238
2025-11-21 04:00:00+00:00,baclieu_baclieucity,41.08361217226689
2025-11-21 04:00:00+00:00,angiang_longxuyen,32.36571446191891
2025-11-21 05:00:00+00:00,baclieu_baclieucity,41.78230830064723
2025-11-21 05:00:00+00:00,bentre_bentrecity,54.169615575519266
2025-11-21 05:00:00+00:00,backan_backancity,35.44261132611562
2025-11-21 05:00:00+00:00,bacninh_bacninhcity,72.46083510059977
2025-11-21 05:00:00+00:00,bacgiang_bacgiangcity,71.44469528467245
2025-11-21 05:00:00+00:00,angiang_longxuyen,33.66307437269484
2025-11-21 06:00:00+00:00,bacninh_bacninhcity,70.53653337779045
2025-11-21 06:00:00+00:00,baclieu_baclieucity,42.70651087373307
2025-11-21 06:00:00+00:00,backan_backancity,35.71546216100267
2025-11-21 06:00:00+00:00,angiang_longxuyen,35.430697966194174
2025-11-21 06:00:00+00:00,bacgiang_bacgiangcity,70.04493281760104
2025-11-21 06:00:00+00:00,bentre_bentrecity,54.78818812759111
2025-11-21 07:00:00+00:00,bentre_bentrecity,56.00510045854603
2025-11-21 07:00:00+00:00,baclieu_baclieucity,43.888066944469244
2025-11-21 07:00:00+00:00,bacninh_bacninhcity,69.17417836240544
2025-11-21 07:00:00+00:00,bacgiang_bacgiangcity,69.246152004207
2025-11-21 07:00:00+00:00,backan_backancity,36.412049774216996
2025-11-21 07:00:00+00:00,angiang_longxuyen,37.53661611943774
2025-11-21 08:00:00+00:00,bacgiang_bacgiangcity,68.96180652163005
2025-11-21 08:00:00+00:00,angiang_longxuyen,39.774797491156455
2025-11-21 08:00:00+00:00,backan_backancity,37.401925366953485
2025-11-21 08:00:00+00:00,bacninh_bacninhcity,68.33794025063078
2025-11-21 08:00:00+00:00,bentre_bentrecity,57.840176598680095
2025-11-21 08:00:00+00:00,baclieu_baclieucity,45.28163595978233
2025-11-21 09:00:00+00:00,bacgiang_bacgiangcity,69.05188448277669
2025-11-21 09:00:00+00:00,angiang_longxuyen,42.000940886218146
2025-11-21 09:00:00+00:00,bentre_bentrecity,60.170467184335386
2025-11-21 09:00:00+00:00,backan_backancity,38.35959002587727
2025-11-21 09:00:00+00:00,bacninh_bacninhcity,67.91824354687101
2025-11-21 09:00:00+00:00,baclieu_baclieucity,46.55725274253426
2025-11-21 10:00:00+00:00,bacninh_bacninhcity,67.60706309645427
2025-11-21 10:00:00+00:00,bentre_bentrecity,62.56390356224376
2025-11-21 10:00:00+00:00,bacgiang_bacgiangcity,69.19744430693822
2025-11-21 10:00:00+00:00,baclieu_baclieucity,47.46204501288617
2025-11-21 10:00:00+00:00,backan_backancity,38.96986310335948
2025-11-21 10:00:00+00:00,angiang_longxuyen,44.00937884422164
2025-11-21 11:00:00+00:00,bentre_bentrecity,64.59860075876867
2025-11-21 11:00:00+00:00,bacgiang_bacgiangcity,69.28590972752644
2025-11-21 11:00:00+00:00,backan_backancity,38.832246349923814
2025-11-21 11:00:00+00:00,bacninh_bacninhcity,67.56761442263908
2025-11-21 11:00:00+00:00,baclieu_baclieucity,47.890547135182025
2025-11-21 11:00:00+00:00,angiang_longxuyen,45.46082485620747
2025-11-21 12:00:00+00:00,baclieu_baclieucity,47.70626889127579
2025-11-21 12:00:00+00:00,bacgiang_bacgiangcity,70.03552674639946
2025-11-21 12:00:00+00:00,backan_backancity,38.23256569496589
2025-11-21 12:00:00+00:00,bacninh_bacninhcity,68.58202954294597
2025-11-21 12:00:00+00:00,bentre_bentrecity,66.29405381602422
2025-11-21 12:00:00+00:00,angiang_longxuyen,46.18830246583737
2025-11-21 13:00:00+00:00,bacninh_bacninhcity,71.34982705621013
2025-11-21 13:00:00+00:00,bacgiang_bacgiangcity,72.2233903726257
2025-11-21 13:00:00+00:00,baclieu_baclieucity,47.16321408096541
2025-11-21 13:00:00+00:00,angiang_longxuyen,46.07760292728697
2025-11-21 13:00:00+00:00,backan_backancity,37.563608104364356
2025-11-21 13:00:00+00:00,bentre_bentrecity,67.48968410087679
2025-11-21 14:00:00+00:00,bacgiang_bacgiangcity,75.28773583921479
2025-11-21 14:00:00+00:00,bacninh_bacninhcity,75.05744909653244
2025-11-21 14:00:00+00:00,bentre_bentrecity,68.77324146201988
2025-11-21 14:00:00+00:00,angiang_longxuyen,45.5895140667062
2025-11-21 14:00:00+00:00,baclieu_baclieucity,46.465519871139136
2025-11-21 14:00:00+00:00,backan_backancity,37.01917254062375
2025-11-21 15:00:00+00:00,bacninh_bacninhcity,79.0444743196986
2025-11-21 15:00:00+00:00,angiang_longxuyen,44.75567856559352
2025-11-21 15:00:00+00:00,bacgiang_bacgiangcity,78.79777555294035
2025-11-21 15:00:00+00:00,backan_backancity,36.761524947477454
2025-11-21 15:00:00+00:00,baclieu_baclieucity,45.81745303009023
2025-11-21 15:00:00+00:00,bentre_bentrecity,70.22599594972931
2025-11-21 16:00:00+00:00,backan_backancity,36.99431897887968
2025-11-21 16:00:00+00:00,baclieu_baclieucity,45.37944015853491
2025-11-21 16:00:00+00:00,bentre_bentrecity,71.61294283171367
2025-11-21 16:00:00+00:00,bacninh_bacninhcity,83.40280133736204
2025-11-21 16:00:00+00:00,bacgiang_bacgiangcity,82.62512935280789
2025-11-21 16:00:00+00:00,angiang_longxuyen,43.73509740921013
2025-11-21 17:00:00+00:00,baclieu_baclieucity,45.14206521593277
2025-11-21 17:00:00+00:00,bacninh_bacninhcity,87.8383751539931
2025-11-21 17:00:00+00:00,bacgiang_bacgiangcity,86.73149005430012
2025-11-21 17:00:00+00:00,bentre_bentrecity,72.39464616766382
2025-11-21 17:00:00+00:00,backan_backancity,37.68405765630653
2025-11-21 17:00:00+00:00,angiang_longxuyen,42.610032597047066
2025-11-21 18:00:00+00:00,backan_backancity,38.74904224791178
2025-11-21 18:00:00+00:00,bacgiang_bacgiangcity,90.90711149126035
2025-11-21 18:00:00+00:00,bentre_bentrecity,72.62830005454155
2025-11-21 18:00:00+00:00,bacninh_bacninhcity,92.208542007704
2025-11-21 18:00:00+00:00,baclieu_baclieucity,45.22037935724064
2025-11-21 18:00:00+00:00,angiang_longxuyen,41.51003568741327
2025-11-21 19:00:00+00:00,bacninh_bacninhcity,96.4463180665567
2025-11-21 19:00:00+00:00,bacgiang_bacgiangcity,94.84949463815602
2025-11-21 19:00:00+00:00,baclieu_baclieucity,45.56247721975477
2025-11-21 19:00:00+00:00,backan_backancity,40.01761070809931
2025-11-21 19:00:00+00:00,bentre_bentrecity,72.26670216524387
2025-11-21 19:00:00+00:00,angiang_longxuyen,40.50409948979523
2025-11-21 20:00:00+00:00,bacninh_bacninhcity,99.86950038289577
2025-11-21 20:00:00+00:00,baclieu_baclieucity,46.04756530934277
2025-11-21 20:00:00+00:00,bacgiang_bacgiangcity,98.02335749778761
2025-11-21 20:00:00+00:00,angiang_longxuyen,39.581840937784435
2025-11-21 20:00:00+00:00,bentre_bentrecity,71.41478228346384
2025-11-21 20:00:00+00:00,backan_backancity,41.326784285408216
2025-11-21 21:00:00+00:00,backan_backancity,42.61659242200799
2025-11-21 21:00:00+00:00,bentre_bentrecity,70.24889552105948
2025-11-21 21:00:00+00:00,baclieu_baclieucity,46.55650005745136
2025-11-21 21:00:00+00:00,bacninh_bacninhcity,102.54949543660499
2025-11-21 21:00:00+00:00,angiang_longxuyen,38.791905420281864
2025-11-21 21:00:00+00:00,bacgiang_bacgiangcity,100.5215730289099
2025-11-21 22:00:00+00:00,bentre_bentrecity,69.12764398100516
2025-11-21 22:00:00+00:00,angiang_longxuyen,38.15819941184119
2025-11-21 22:00:00+00:00,bacninh_bacninhcity,104.66376415729977
2025-11-21 22:00:00+00:00,baclieu_baclieucity,47.059258800144605
2025-11-21 22:00:00+00:00,bacgiang_bacgiangcity,102.5375777150978
2025-11-21 22:00:00+00:00,backan_backancity,43.80871100725192
2025-11-21 23:00:00+00:00,baclieu_baclieucity,47.57392591808987
2025-11-21 23:00:00+00:00,bentre_bentrecity,68.08639389285848
2025-11-21 23:00:00+00:00,bacgiang_bacgiangcity,104.36231378159711
2025-11-21 23:00:00+00:00,bacninh_bacninhcity,106.47372254821033
2025-11-21 23:00:00+00:00,angiang_longxuyen,37.64755990678987
2025-11-21 23:00:00+00:00,backan_backancity,44.76922191241635
2025-11-22 00:00:00+00:00,angiang_longxuyen,37.233294000366676
2025-11-22 00:00:00+00:00,bacninh_bacninhcity,107.9014515030806
2025-11-22 00:00:00+00:00,baclieu_baclieucity,48.01389278005908
2025-11-22 00:00:00+00:00,bentre_bentrecity,67.30184181833297
2025-11-22 00:00:00+00:00,bacgiang_bacgiangcity,106.10693001029
2025-11-22 00:00:00+00:00,backan_backancity,45.58746038290384
2025-11-22 01:00:00+00:00,angiang_longxuyen,36.89735718925962
2025-11-22 01:00:00+00:00,bacgiang_bacgiangcity,108.41921472382134
2025-11-22 01:00:00+00:00,backan_backancity,46.40666587925943
2025-11-22 01:00:00+00:00,baclieu_baclieucity,48.45722429388895
2025-11-22 01:00:00+00:00,bacninh_bacninhcity,109.76478012642167
2025-11-22 01:00:00+00:00,bentre_bentrecity,66.69708676990223
2025-11-22 02:00:00+00:00,angiang_longxuyen,36.54517035583294
2025-11-22 02:00:00+00:00,bacgiang_bacgiangcity,110.5148195960283
2025-11-22 02:00:00+00:00,bacninh_bacninhcity,111.39337132036914
2025-11-22 02:00:00+00:00,baclieu_baclieucity,48.747506517748924
2025-11-22 02:00:00+00:00,backan_backancity,46.97595500474411
2025-11-22 02:00:00+00:00,bentre_bentrecity,66.24032157197684
2025-11-22 03:00:00+00:00,bacgiang_bacgiangcity,111.65045813820532
2025-11-22 03:00:00+00:00,angiang_longxuyen,36.23385781167649
2025-11-22 03:00:00+00:00,baclieu_baclieucity,48.88659374866444
2025-11-22 03:00:00+00:00,bacninh_bacninhcity,112.09968651596284
2025-11-22 03:00:00+00:00,backan_backancity,47.29139983985239
2025-11-22 03:00:00+00:00,bentre_bentrecity,65.80575809166238
2025-11-22 04:00:00+00:00,bacgiang_bacgiangcity,111.87956351423439
2025-11-22 04:00:00+00:00,bacninh_bacninhcity,111.90535668616474
2025-11-22 04:00:00+00:00,bentre_bentrecity,65.36868981496276
2025-11-22 04:00:00+00:00,baclieu_baclieucity,48.98822617353404
2025-11-22 04:00:00+00:00,angiang_longxuyen,36.056573058971004
2025-11-22 04:00:00+00:00,backan_backancity,47.52289785720458
2025-11-22 05:00:00+00:00,backan_backancity,47.97790845149301
2025-11-22 05:00:00+00:00,bacninh_bacninhcity,111.39466234974975
2025-11-22 05:00:00+00:00,baclieu_baclieucity,49.29671739479696
2025-11-22 05:00:00+00:00,bacgiang_bacgiangcity,111.83780319997419
2025-11-22 05:00:00+00:00,bentre_bentrecity,64.93747354016597
2025-11-22 05:00:00+00:00,angiang_longxuyen,36.0070453835821
2025-11-22 06:00:00+00:00,backan_backancity,48.93618622475584
2025-11-22 06:00:00+00:00,baclieu_baclieucity,50.03090436947047
2025-11-22 06:00:00+00:00,bentre_bentrecity,64.75424706150804
2025-11-22 06:00:00+00:00,angiang_longxuyen,36.27496638040961
2025-11-22 06:00:00+00:00,bacninh_bacninhcity,110.97793775513357
2025-11-22 06:00:00+00:00,bacgiang_bacgiangcity,111.90592493847898
2025-11-22 07:00:00+00:00,baclieu_baclieucity,51.127162777036865
2025-11-22 07:00:00+00:00,bacgiang_bacgiangcity,112.33025987713704
2025-11-22 07:00:00+00:00,bentre_bentrecity,65.09347873910383
2025-11-22 07:00:00+00:00,backan_backancity,50.55485294188173
2025-11-22 07:00:00+00:00,angiang_longxuyen,36.89392773669646
2025-11-22 07:00:00+00:00,bacninh_bacninhcity,110.92429648130317
2025-11-22 08:00:00+00:00,angiang_longxuyen,37.77664789084245
2025-11-22 08:00:00+00:00,backan_backancity,52.824477608321985
2025-11-22 08:00:00+00:00,baclieu_baclieucity,52.49176587833174
2025-11-22 08:00:00+00:00,bacgiang_bacgiangcity,113.17609223138399
2025-11-22 08:00:00+00:00,bentre_bentrecity,65.95403206832485
2025-11-22 08:00:00+00:00,bacninh_bacninhcity,111.3020509303688
2025-11-22 09:00:00+00:00,angiang_longxuyen,38.64697615680236
2025-11-22 09:00:00+00:00,backan_backancity,55.49404224126316
2025-11-22 09:00:00+00:00,bacgiang_bacgiangcity,114.51983698347749
2025-11-22 09:00:00+00:00,bentre_bentrecity,67.48155659738227
2025-11-22 09:00:00+00:00,baclieu_baclieucity,53.848807236111625
2025-11-22 09:00:00+00:00,bacninh_bacninhcity,112.16831045991202
2025-11-22 10:00:00+00:00,baclieu_baclieucity,54.822976135495615
2025-11-22 10:00:00+00:00,angiang_longxuyen,39.40525902346762
2025-11-22 10:00:00+00:00,bacgiang_bacgiangcity,115.75389782341557
2025-11-22 10:00:00+00:00,bentre_bentrecity,69.73104818402221
2025-11-22 10:00:00+00:00,bacninh_bacninhcity,112.90359655419334
2025-11-22 10:00:00+00:00,backan_backancity,57.655614228616734
2025-11-22 11:00:00+00:00,bentre_bentrecity,72.23690879610142
2025-11-22 11:00:00+00:00,baclieu_baclieucity,55.206018072651894
2025-11-22 11:00:00+00:00,angiang_longxuyen,39.89301391119704
2025-11-22 11:00:00+00:00,bacninh_bacninhcity,114.01597538267437
2025-11-22 11:00:00+00:00,bacgiang_bacgiangcity,116.92662479843591
2025-11-22 11:00:00+00:00,backan_backancity,58.55009321793205
2025-11-22 12:00:00+00:00,backan_backancity,57.93286652660447
2025-11-22 12:00:00+00:00,bacgiang_bacgiangcity,118.38399758236594
2025-11-22 12:00:00+00:00,bacninh_bacninhcity,115.97092160693015
2025-11-22 12:00:00+00:00,angiang_longxuyen,40.087495773412556
2025-11-22 12:00:00+00:00,bentre_bentrecity,74.90778688943561
2025-11-22 12:00:00+00:00,baclieu_baclieucity,54.953753922482655
2025-11-22 13:00:00+00:00,bacgiang_bacgiangcity,121.56692459603086
2025-11-22 13:00:00+00:00,baclieu_baclieucity,54.47795725669949
2025-11-22 13:00:00+00:00,backan_backancity,56.00269784788405
2025-11-22 13:00:00+00:00,angiang_longxuyen,39.79555365463465
2025-11-22 13:00:00+00:00,bacninh_bacninhcity,120.14498533469563
2025-11-22 13:00:00+00:00,bentre_bentrecity,76.78758797596932
2025-11-22 14:00:00+00:00,baclieu_baclieucity,53.95991551755472
2025-11-22 14:00:00+00:00,bentre_bentrecity,78.23110337890284
2025-11-22 14:00:00+00:00,bacgiang_bacgiangcity,126.1501436978934
2025-11-22 14:00:00+00:00,angiang_longxuyen,39.30260474136627
2025-11-22 14:00:00+00:00,backan_backancity,53.767013795546355
2025-11-22 14:00:00+00:00,bacninh_bacninhcity,125.87827733521743
2025-11-22 15:00:00+00:00,bacninh_bacninhcity,132.326689949869
2025-11-22 15:00:00+00:00,bentre_bentrecity,79.0620552487542
2025-11-22 15:00:00+00:00,angiang_longxuyen,38.628732266713456
2025-11-22 15:00:00+00:00,backan_backancity,52.13134437101794
2025-11-22 15:00:00+00:00,bacgiang_bacgiangcity,131.57396997428003
2025-11-22 15:00:00+00:00,baclieu_baclieucity,53.51958477471762
2025-11-22 16:00:00+00:00,angiang_longxuyen,37.88996438084003
2025-11-22 16:00:00+00:00,bacgiang_bacgiangcity,137.57338849063697
2025-11-22 16:00:00+00:00,bacninh_bacninhcity,138.91385582258474
2025-11-22 16:00:00+00:00,bentre_bentrecity,79.49216741927376
2025-11-22 16:00:00+00:00,backan_backancity,51.29521592197059
2025-11-22 16:00:00+00:00,baclieu_baclieucity,53.20381593609683
2025-11-22 17:00:00+00:00,bacgiang_bacgiangcity,143.42619292524938
2025-11-22 17:00:00+00:00,angiang_longxuyen,37.15786598265483
2025-11-22 17:00:00+00:00,bentre_bentrecity,79.81404247793796
2025-11-22 17:00:00+00:00,backan_backancity,51.220934378226076
2025-11-22 17:00:00+00:00,baclieu_baclieucity,53.0227179112826
2025-11-22 17:00:00+00:00,bacninh_bacninhcity,145.2487774838089
2025-11-22 18:00:00+00:00,bacninh_bacninhcity,150.82565554250016
2025-11-22 18:00:00+00:00,bentre_bentrecity,80.3192063236279
2025-11-22 18:00:00+00:00,baclieu_baclieucity,52.94737463295095
2025-11-22 18:00:00+00:00,bacgiang_bacgiangcity,148.75143988678815
2025-11-22 18:00:00+00:00,backan_backancity,51.51736768415428
2025-11-22 18:00:00+00:00,angiang_longxuyen,36.507600902390294
2025-11-22 19:00:00+00:00,bacgiang_bacgiangcity,153.32140973732382
2025-11-22 19:00:00+00:00,backan_backancity,51.9290166391303
2025-11-22 19:00:00+00:00,bentre_bentrecity,80.98085888118973
2025-11-22 19:00:00+00:00,angiang_longxuyen,35.96288121249256
2025-11-22 19:00:00+00:00,baclieu_baclieucity,52.98155451118582
2025-11-22 19:00:00+00:00,bacninh_bacninhcity,155.61738835100454
2025-11-22 20:00:00+00:00,backan_backancity,52.403636922929586
2025-11-22 20:00:00+00:00,bacgiang_bacgiangcity,157.07791643067944
2025-11-22 20:00:00+00:00,bacninh_bacninhcity,159.29216640449738
2025-11-22 20:00:00+00:00,angiang_longxuyen,35.531398257881634
2025-11-22 20:00:00+00:00,baclieu_baclieucity,53.08123793031095
2025-11-22 20:00:00+00:00,bentre_bentrecity,81.80214921553159
2025-11-22 21:00:00+00:00,backan_backancity,52.93398581088024
2025-11-22 21:00:00+00:00,baclieu_baclieucity,53.25401155718844
2025-11-22 21:00:00+00:00,angiang_longxuyen,35.228175832199035
2025-11-22 21:00:00+00:00,bacgiang_bacgiangcity,159.92537893066515
2025-11-22 21:00:00+00:00,bentre_bentrecity,82.55319060369229
2025-11-22 21:00:00+00:00,bacninh_bacninhcity,161.92779042333598
2025-11-22 22:00:00+00:00,bacgiang_bacgiangcity,162.00917512100855
2025-11-22 22:00:00+00:00,bacninh_bacninhcity,163.60857110614435
2025-11-22 22:00:00+00:00,baclieu_baclieucity,53.4588366084571
2025-11-22 22:00:00+00:00,angiang_longxuyen,35.041121127424084
2025-11-22 22:00:00+00:00,backan_backancity,53.49062384536884
2025-11-22 22:00:00+00:00,bentre_bentrecity,83.15947345330123
2025-11-22 23:00:00+00:00,bacgiang_bacgiangcity,163.39932963776675
2025-11-22 23:00:00+00:00,bentre_bentrecity,83.58411993379823
2025-11-22 23:00:00+00:00,bacninh_bacninhcity,164.63480487765366
2025-11-22 23:00:00+00:00,backan_backancity,53.8741343414509
2025-11-22 23:00:00+00:00,baclieu_baclieucity,53.484562487350225
2025-11-22 23:00:00+00:00,angiang_longxuyen,34.96003052524748
2025-11-23 00:00:00+00:00,bentre_bentrecity,83.77925603387555
2025-11-23 00:00:00+00:00,angiang_longxuyen,35.0284052357255
2025-11-23 00:00:00+00:00,bacgiang_bacgiangcity,164.39030684244577
2025-11-23 00:00:00+00:00,backan_backancity,54.136931098111354
2025-11-23 00:00:00+00:00,baclieu_baclieucity,53.33808299168011
2025-11-23 00:00:00+00:00,bacninh_bacninhcity,165.40964681614278
2025-11-23 01:00:00+00:00,backan_backancity,54.09530412375822
2025-11-23 01:00:00+00:00,baclieu_baclieucity,53.06925478501758
2025-11-23 01:00:00+00:00,bentre_bentrecity,83.59141499749909
2025-11-23 01:00:00+00:00,angiang_longxuyen,35.19068613346716
2025-11-23 01:00:00+00:00,bacgiang_bacgiangcity,165.36878748088083
2025-11-23 01:00:00+00:00,bacninh_bacninhcity,166.40606727983192
2025-11-23 02:00:00+00:00,bacninh_bacninhcity,166.35151007299504
2025-11-23 02:00:00+00:00,baclieu_baclieucity,52.60283428241945
2025-11-23 02:00:00+00:00,backan_backancity,53.73081512619509
2025-11-23 02:00:00+00:00,angiang_longxuyen,35.39453917419829
2025-11-23 02:00:00+00:00,bentre_bentrecity,83.02448362065158
2025-11-23 02:00:00+00:00,bacgiang_bacgiangcity,165.2021549667327
2025-11-23 03:00:00+00:00,bentre_bentrecity,82.20844338937972
2025-11-23 03:00:00+00:00,baclieu_baclieucity,52.04667477619548
2025-11-23 03:00:00+00:00,bacgiang_bacgiangcity,164.15131188228108
2025-11-23 03:00:00+00:00,bacninh_bacninhcity,165.35638063868646
2025-11-23 03:00:00+00:00,backan_backancity,53.439610738491815
2025-11-23 03:00:00+00:00,angiang_longxuyen,35.62317599130157
2025-11-23 04:00:00+00:00,bacninh_bacninhcity,163.88911827062083
2025-11-23 04:00:00+00:00,baclieu_baclieucity,51.46846309244328
2025-11-23 04:00:00+00:00,bentre_bentrecity,81.30540323033007
2025-11-23 04:00:00+00:00,angiang_longxuyen,35.93377074306108
2025-11-23 04:00:00+00:00,bacgiang_bacgiangcity,162.60726068175103
2025-11-23 04:00:00+00:00,backan_backancity,53.730845034211626
2025-11-23 05:00:00+00:00,angiang_longxuyen,36.41069394413388
2025-11-23 05:00:00+00:00,bacgiang_bacgiangcity,160.96612307486538
2025-11-23 05:00:00+00:00,baclieu_baclieucity,50.86326440843388
2025-11-23 05:00:00+00:00,bentre_bentrecity,80.44942333530483
2025-11-23 05:00:00+00:00,bacninh_bacninhcity,162.3857419725841
2025-11-23 05:00:00+00:00,backan_backancity,55.023788527878594
2025-11-23 06:00:00+00:00,bacgiang_bacgiangcity,159.7686210466444
2025-11-23 06:00:00+00:00,baclieu_baclieucity,50.29972759146357
2025-11-23 06:00:00+00:00,bentre_bentrecity,79.9471094743576
2025-11-23 06:00:00+00:00,backan_backancity,57.2432724045909
2025-11-23 06:00:00+00:00,angiang_longxuyen,37.06715995316088
2025-11-23 06:00:00+00:00,bacninh_bacninhcity,161.31988007916038
2025-11-23 07:00:00+00:00,backan_backancity,60.53123014150468
2025-11-23 07:00:00+00:00,bacninh_bacninhcity,161.02410973426544
2025-11-23 07:00:00+00:00,bentre_bentrecity,79.89257096003104
2025-11-23 07:00:00+00:00,angiang_longxuyen,38.02116586472803
2025-11-23 07:00:00+00:00,bacgiang_bacgiangcity,159.4155967887546
2025-11-23 07:00:00+00:00,baclieu_baclieucity,49.87385737462317
2025-11-23 08:00:00+00:00,angiang_longxuyen,39.325898101580876
2025-11-23 08:00:00+00:00,backan_backancity,64.97559130724517
2025-11-23 08:00:00+00:00,bacgiang_bacgiangcity,160.14003873470577
2025-11-23 08:00:00+00:00,bacninh_bacninhcity,161.63047483091987
2025-11-23 08:00:00+00:00,bentre_bentrecity,80.31331319820232
2025-11-23 08:00:00+00:00,baclieu_baclieucity,49.71055960431918
2025-11-23 09:00:00+00:00,backan_backancity,70.27592239867207
2025-11-23 09:00:00+00:00,bentre_bentrecity,80.98675325278268
2025-11-23 09:00:00+00:00,angiang_longxuyen,40.85117703706313
2025-11-23 09:00:00+00:00,bacgiang_bacgiangcity,161.92430613940917
2025-11-23 09:00:00+00:00,bacninh_bacninhcity,163.02401892288583
2025-11-23 09:00:00+00:00,baclieu_baclieucity,49.64752347479341
2025-11-23 10:00:00+00:00,angiang_longxuyen,42.40320370867028
2025-11-23 10:00:00+00:00,backan_backancity,76.08619514143103
2025-11-23 10:00:00+00:00,bacgiang_bacgiangcity,164.52972306154322
2025-11-23 10:00:00+00:00,bacninh_bacninhcity,165.15595206584908
2025-11-23 10:00:00+00:00,bentre_bentrecity,81.49338259128302
2025-11-23 10:00:00+00:00,baclieu_baclieucity,49.52215903879996
2025-11-23 11:00:00+00:00,backan_backancity,80.91976428040431
2025-11-23 11:00:00+00:00,bacgiang_bacgiangcity,166.86764268375072
2025-11-23 11:00:00+00:00,bentre_bentrecity,81.40319745974381
2025-11-23 11:00:00+00:00,angiang_longxuyen,43.70738763188656
2025-11-23 11:00:00+00:00,bacninh_bacninhcity,167.47829958077853
2025-11-23 11:00:00+00:00,baclieu_baclieucity,49.13168994420312
2025-11-23 12:00:00+00:00,baclieu_baclieucity,48.54961015697851
2025-11-23 12:00:00+00:00,bacgiang_bacgiangcity,167.5557812822927
2025-11-23 12:00:00+00:00,bacninh_bacninhcity,168.24840109864618
2025-11-23 12:00:00+00:00,angiang_longxuyen,44.53966293146978
2025-11-23 12:00:00+00:00,bentre_bentrecity,80.60251499496482
2025-11-23 12:00:00+00:00,backan_backancity,82.55061726810256
2025-11-23 13:00:00+00:00,bacgiang_bacgiangcity,167.51758874517216
2025-11-23 13:00:00+00:00,baclieu_baclieucity,47.815448105652116
2025-11-23 13:00:00+00:00,angiang_longxuyen,45.14320172056126
2025-11-23 13:00:00+00:00,bacninh_bacninhcity,167.78817654014108
2025-11-23 13:00:00+00:00,bentre_bentrecity,79.13065426935627
2025-11-23 13:00:00+00:00,backan_backancity,78.75108913912267
2025-11-23 14:00:00+00:00,backan_backancity,72.02426279850775
2025-11-23 14:00:00+00:00,bacgiang_bacgiangcity,167.6368020990974
2025-11-23 14:00:00+00:00,angiang_longxuyen,45.53648715338221
2025-11-23 14:00:00+00:00,bacninh_bacninhcity,167.234489429951
2025-11-23 14:00:00+00:00,bentre_bentrecity,77.78513497494811
2025-11-23 14:00:00+00:00,baclieu_baclieucity,47.04231092410573
2025-11-23 15:00:00+00:00,bacgiang_bacgiangcity,167.7363559168175
2025-11-23 15:00:00+00:00,bacninh_bacninhcity,166.68831920125115
2025-11-23 15:00:00+00:00,bentre_bentrecity,77.00230759604302
2025-11-23 15:00:00+00:00,baclieu_baclieucity,46.24875653660192
2025-11-23 15:00:00+00:00,angiang_longxuyen,45.69507441108128
2025-11-23 15:00:00+00:00,backan_backancity,65.95433613315967
2025-11-23 16:00:00+00:00,bentre_bentrecity,76.84156197648372
2025-11-23 16:00:00+00:00,bacgiang_bacgiangcity,167.92714912365986
2025-11-23 16:00:00+00:00,bacninh_bacninhcity,166.57726076650226
2025-11-23 16:00:00+00:00,baclieu_baclieucity,45.66800267144389
2025-11-23 16:00:00+00:00,angiang_longxuyen,45.85774909770737
2025-11-23 16:00:00+00:00,backan_backancity,62.18332654411725
2025-11-23 17:00:00+00:00,angiang_longxuyen,46.02999933429542
2025-11-23 17:00:00+00:00,bentre_bentrecity,77.00485476211827
2025-11-23 17:00:00+00:00,bacgiang_bacgiangcity,168.23650767740241
2025-11-23 17:00:00+00:00,baclieu_baclieucity,45.306359920121395
2025-11-23 17:00:00+00:00,bacninh_bacninhcity,166.82704753596818
2025-11-23 17:00:00+00:00,backan_backancity,60.46175381908414
2025-11-23 18:00:00+00:00,angiang_longxuyen,46.19859082352685
2025-11-23 18:00:00+00:00,bentre_bentrecity,77.25249064672808
2025-11-23 18:00:00+00:00,bacninh_bacninhcity,167.34238259961614
2025-11-23 18:00:00+00:00,baclieu_baclieucity,45.17864770482962
2025-11-23 18:00:00+00:00,backan_backancity,60.12366113845155
2025-11-23 18:00:00+00:00,bacgiang_bacgiangcity,168.41663369167912
2025-11-23 19:00:00+00:00,bacninh_bacninhcity,167.76618417864591
2025-11-23 19:00:00+00:00,bentre_bentrecity,77.70092147737788
2025-11-23 19:00:00+00:00,angiang_longxuyen,46.3400507570878
2025-11-23 19:00:00+00:00,bacgiang_bacgiangcity,168.45726871681705
2025-11-23 19:00:00+00:00,baclieu_baclieucity,45.26032649799816
2025-11-23 19:00:00+00:00,backan_backancity,60.53253861722827
2025-11-23 20:00:00+00:00,bacninh_bacninhcity,167.93864377134975
2025-11-23 20:00:00+00:00,baclieu_baclieucity,45.50865275932307
2025-11-23 20:00:00+00:00,backan_backancity,61.28722504490469
2025-11-23 20:00:00+00:00,bentre_bentrecity,78.27161378730518
2025-11-23 20:00:00+00:00,angiang_longxuyen,46.477488062424236
2025-11-23 20:00:00+00:00,bacgiang_bacgiangcity,168.33245259446016
2025-11-23 21:00:00+00:00,bentre_bentrecity,78.93795193412483
2025-11-23 21:00:00+00:00,backan_backancity,62.22268798621754
2025-11-23 21:00:00+00:00,bacgiang_bacgiangcity,167.94188380647483
2025-11-23 21:00:00+00:00,angiang_longxuyen,46.705800876015005
2025-11-23 21:00:00+00:00,bacninh_bacninhcity,167.83848182396
2025-11-23 21:00:00+00:00,baclieu_baclieucity,45.93742405376777
2025-11-23 22:00:00+00:00,baclieu_baclieucity,46.6194664016052
2025-11-23 22:00:00+00:00,backan_backancity,63.00208092789004
2025-11-23 22:00:00+00:00,bacninh_bacninhcity,167.4507094355211
2025-11-23 22:00:00+00:00,bentre_bentrecity,79.60948286031609
2025-11-23 22:00:00+00:00,angiang_longxuyen,46.9145438774503
2025-11-23 22:00:00+00:00,bacgiang_bacgiangcity,167.25213515970916
2025-11-23 23:00:00+00:00,bacgiang_bacgiangcity,166.33651120270062
2025-11-23 23:00:00+00:00,baclieu_baclieucity,47.52067469464183
2025-11-23 23:00:00+00:00,backan_backancity,63.69731520335597
2025-11-23 23:00:00+00:00,bacninh_bacninhcity,166.83735084766593
2025-11-23 23:00:00+00:00,angiang_longxuyen,47.12024623053744
2025-11-23 23:00:00+00:00,bentre_bentrecity,80.38194586532299
2025-11-24 00:00:00+00:00,baclieu_baclieucity,48.616619068034574
2025-11-24 00:00:00+00:00,backan_backancity,64.38998237406895
2025-11-24 00:00:00+00:00,bentre_bentrecity,81.3642622068792
2025-11-24 00:00:00+00:00,bacgiang_bacgiangcity,165.367705807616
2025-11-24 00:00:00+00:00,bacninh_bacninhcity,166.1168916525839
2025-11-24 00:00:00+00:00,angiang_longxuyen,47.32948271424563
2025-11-24 01:00:00+00:00,baclieu_baclieucity,49.66171981331068
2025-11-24 01:00:00+00:00,bacgiang_bacgiangcity,164.30497927125944
2025-11-24 01:00:00+00:00,angiang_longxuyen,47.583880302927994
2025-11-24 01:00:00+00:00,bacninh_bacninhcity,165.34515516314542
2025-11-24 01:00:00+00:00,backan_backancity,65.15946579292813
2025-11-24 01:00:00+00:00,bentre_bentrecity,82.36207090100271
2025-11-24 02:00:00+00:00,backan_backancity,65.66533995401088
2025-11-24 02:00:00+00:00,baclieu_baclieucity,50.53894187708288
2025-11-24 02:00:00+00:00,bacninh_bacninhcity,164.4088547973695
2025-11-24 02:00:00+00:00,angiang_longxuyen,47.7521876660023
2025-11-24 02:00:00+00:00,bacgiang_bacgiangcity,163.16797617582782
2025-11-24 02:00:00+00:00,bentre_bentrecity,82.95300719962498
2025-11-24 03:00:00+00:00,bacninh_bacninhcity,163.08665627885776
2025-11-24 03:00:00+00:00,bentre_bentrecity,83.04001460440692
2025-11-24 03:00:00+00:00,backan_backancity,66.00966097908774
2025-11-24 03:00:00+00:00,angiang_longxuyen,47.902968931384635
2025-11-24 03:00:00+00:00,bacgiang_bacgiangcity,161.66826859448656
2025-11-24 03:00:00+00:00,baclieu_baclieucity,51.09242960049602
2025-11-24 04:00:00+00:00,angiang_longxuyen,48.19326610925288
2025-11-24 04:00:00+00:00,backan_backancity,66.528320817241
2025-11-24 04:00:00+00:00,bentre_bentrecity,82.7438243011131
2025-11-24 04:00:00+00:00,baclieu_baclieucity,51.47883120484353
2025-11-24 04:00:00+00:00,bacgiang_bacgiangcity,159.75535185663983
2025-11-24 04:00:00+00:00,bacninh_bacninhcity,161.1916943202734
2025-11-24 05:00:00+00:00,bacninh_bacninhcity,159.2041371424837
2025-11-24 05:00:00+00:00,angiang_longxuyen,48.87849864552116
2025-11-24 05:00:00+00:00,bentre_bentrecity,82.69649984960924
2025-11-24 05:00:00+00:00,baclieu_baclieucity,51.95611330211481
2025-11-24 05:00:00+00:00,backan_backancity,67.58444266661179
2025-11-24 05:00:00+00:00,bacgiang_bacgiangcity,157.90001303530047
2025-11-24 06:00:00+00:00,bacgiang_bacgiangcity,156.45706090001175
2025-11-24 06:00:00+00:00,angiang_longxuyen,50.04448759364868
2025-11-24 06:00:00+00:00,bacninh_bacninhcity,157.4145012488115
2025-11-24 06:00:00+00:00,baclieu_baclieucity,52.61848115973888
2025-11-24 06:00:00+00:00,backan_backancity,69.31873876034763
2025-11-24 06:00:00+00:00,bentre_bentrecity,83.58351305029596
2025-11-24 07:00:00+00:00,bacninh_bacninhcity,156.15254246027914
2025-11-24 07:00:00+00:00,backan_backancity,71.46152851331459
2025-11-24 07:00:00+00:00,angiang_longxuyen,51.94559564963186
2025-11-24 07:00:00+00:00,bentre_bentrecity,85.7855244145126
2025-11-24 07:00:00+00:00,bacgiang_bacgiangcity,155.6752005469748
2025-11-24 07:00:00+00:00,baclieu_baclieucity,53.19864184923555
2025-11-24 08:00:00+00:00,bacgiang_bacgiangcity,155.48410327529763
2025-11-24 08:00:00+00:00,bentre_bentrecity,89.2523389442512
2025-11-24 08:00:00+00:00,backan_backancity,73.91159572053992
2025-11-24 08:00:00+00:00,angiang_longxuyen,54.45133413731019
2025-11-24 08:00:00+00:00,bacninh_bacninhcity,155.44471940218492
2025-11-24 08:00:00+00:00,baclieu_baclieucity,53.6602122684849
2025-11-24 09:00:00+00:00,backan_backancity,76.16661281323549
2025-11-24 09:00:00+00:00,bentre_bentrecity,93.32889007642537
2025-11-24 09:00:00+00:00,bacgiang_bacgiangcity,155.45105990169122
2025-11-24 09:00:00+00:00,bacninh_bacninhcity,154.90481988761942
2025-11-24 09:00:00+00:00,baclieu_baclieucity,54.040936334359394
2025-11-24 09:00:00+00:00,angiang_longxuyen,57.28259646167051
2025-11-24 10:00:00+00:00,baclieu_baclieucity,54.358235466493106
2025-11-24 10:00:00+00:00,backan_backancity,77.57437318239641
2025-11-24 10:00:00+00:00,angiang_longxuyen,60.28153808075781
2025-11-24 10:00:00+00:00,bentre_bentrecity,96.8556793698093
2025-11-24 10:00:00+00:00,bacninh_bacninhcity,154.31481447601192
2025-11-24 10:00:00+00:00,bacgiang_bacgiangcity,155.347877244631
2025-11-24 11:00:00+00:00,angiang_longxuyen,63.00391777857249
2025-11-24 11:00:00+00:00,baclieu_baclieucity,54.584649121033635
2025-11-24 11:00:00+00:00,backan_backancity,77.52501000109848
2025-11-24 11:00:00+00:00,bacninh_bacninhcity,153.178220123473
2025-11-24 11:00:00+00:00,bacgiang_bacgiangcity,154.69664015382895
2025-11-24 11:00:00+00:00,bentre_bentrecity,97.97928725656251
2025-11-24 12:00:00+00:00,baclieu_baclieucity,54.61479640170514
2025-11-24 12:00:00+00:00,bacninh_bacninhcity,151.02132375603838
2025-11-24 12:00:00+00:00,backan_backancity,75.9841913586894
2025-11-24 12:00:00+00:00,angiang_longxuyen,64.56682099886106
2025-11-24 12:00:00+00:00,bentre_bentrecity,95.8512463615642
2025-11-24 12:00:00+00:00,bacgiang_bacgiangcity,153.0231919197421
2025-11-24 13:00:00+00:00,bacgiang_bacgiangcity,149.91451280330307
2025-11-24 13:00:00+00:00,baclieu_baclieucity,54.5105121327024
2025-11-24 13:00:00+00:00,angiang_longxuyen,64.59826180124787
2025-11-24 13:00:00+00:00,bacninh_bacninhcity,147.46485683130516
2025-11-24 13:00:00+00:00,bentre_bentrecity,92.27520510731883
2025-11-24 13:00:00+00:00,backan_backancity,72.90394230430559
2025-11-24 14:00:00+00:00,bacgiang_bacgiangcity,145.9883279627818
2025-11-24 14:00:00+00:00,baclieu_baclieucity,54.12064618310576
2025-11-24 14:00:00+00:00,bentre_bentrecity,88.545034291777
2025-11-24 14:00:00+00:00,bacninh_bacninhcity,143.43333595653283
2025-11-24 14:00:00+00:00,backan_backancity,69.70845018519215
2025-11-24 14:00:00+00:00,angiang_longxuyen,63.53160236071644
2025-11-24 15:00:00+00:00,backan_backancity,67.08975161138
2025-11-24 15:00:00+00:00,bacgiang_bacgiangcity,141.79874820526925
2025-11-24 15:00:00+00:00,bentre_bentrecity,86.0107317790527
2025-11-24 15:00:00+00:00,baclieu_baclieucity,53.58754575763351
2025-11-24 15:00:00+00:00,bacninh_bacninhcity,139.48709280625258
2025-11-24 15:00:00+00:00,angiang_longxuyen,62.41987403159514
2025-11-24 16:00:00+00:00,bacgiang_bacgiangcity,137.52832458671656
2025-11-24 16:00:00+00:00,baclieu_baclieucity,53.00235553668883
2025-11-24 16:00:00+00:00,bentre_bentrecity,84.97560784962714
2025-11-24 16:00:00+00:00,bacninh_bacninhcity,135.73909494360237
2025-11-24 16:00:00+00:00,backan_backancity,65.20287229426535
2025-11-24 16:00:00+00:00,angiang_longxuyen,61.8580693872494
2025-11-24 17:00:00+00:00,bentre_bentrecity,85.33119173526572
2025-11-24 17:00:00+00:00,bacgiang_bacgiangcity,132.99545563069773
2025-11-24 17:00:00+00:00,bacninh_bacninhcity,131.9746676105333
2025-11-24 17:00:00+00:00,baclieu_baclieucity,52.461822969106585
2025-11-24 17:00:00+00:00,backan_backancity,63.96316507003814
2025-11-24 17:00:00+00:00,angiang_longxuyen,62.22905839374039
2025-11-24 18:00:00+00:00,baclieu_baclieucity,52.009922808538235
2025-11-24 18:00:00+00:00,backan_backancity,63.22513491523934
2025-11-24 18:00:00+00:00,bacninh_bacninhcity,128.18487827943898
2025-11-24 18:00:00+00:00,bacgiang_bacgiangcity,127.82092014916941
2025-11-24 18:00:00+00:00,angiang_longxuyen,63.657131290800855
2025-11-24 18:00:00+00:00,bentre_bentrecity,86.59538490186704
2025-11-24 19:00:00+00:00,bacninh_bacninhcity,124.43189574736556
2025-11-24 19:00:00+00:00,bentre_bentrecity,88.9426887873474
2025-11-24 19:00:00+00:00,angiang_longxuyen,66.01374840801478
2025-11-24 19:00:00+00:00,baclieu_baclieucity,51.681747127723106
2025-11-24 19:00:00+00:00,bacgiang_bacgiangcity,122.30475287171801
2025-11-24 19:00:00+00:00,backan_backancity,62.879066763529636
2025-11-24 20:00:00+00:00,bentre_bentrecity,91.86296858443455
2025-11-24 20:00:00+00:00,angiang_longxuyen,68.70226475410294
2025-11-24 20:00:00+00:00,baclieu_baclieucity,51.44308115574035
2025-11-24 20:00:00+00:00,bacninh_bacninhcity,120.43774992392837
2025-11-24 20:00:00+00:00,bacgiang_bacgiangcity,116.82041644703581
2025-11-24 20:00:00+00:00,backan_backancity,62.78657871471689
2025-11-24 21:00:00+00:00,bacninh_bacninhcity,116.16127990136533
2025-11-24 21:00:00+00:00,angiang_longxuyen,71.00032695960255
2025-11-24 21:00:00+00:00,bentre_bentrecity,94.46090601009908
2025-11-24 21:00:00+00:00,baclieu_baclieucity,51.31335014933218
2025-11-24 21:00:00+00:00,backan_backancity,62.8405128378759
2025-11-24 21:00:00+00:00,bacgiang_bacgiangcity,111.56567140365144
2025-11-24 22:00:00+00:00,bacninh_bacninhcity,111.5683506634664
2025-11-24 22:00:00+00:00,baclieu_baclieucity,51.293800275854394
2025-11-24 22:00:00+00:00,bacgiang_bacgiangcity,106.47626722195088
2025-11-24 22:00:00+00:00,backan_backancity,62.840515330210614
2025-11-24 22:00:00+00:00,bentre_bentrecity,96.78425217239325
2025-11-24 22:00:00+00:00,angiang_longxuyen,72.52135895673625
2025-11-24 23:00:00+00:00,bacgiang_bacgiangcity,101.61003105191267
2025-11-24 23:00:00+00:00,bentre_bentrecity,98.502254627952
2025-11-24 23:00:00+00:00,baclieu_baclieucity,51.45981469099403
2025-11-24 23:00:00+00:00,angiang_longxuyen,73.18260027907067
2025-11-24 23:00:00+00:00,backan_backancity,62.71369287841088
2025-11-24 23:00:00+00:00,bacninh_bacninhcity,106.6598999511668
2025-11-25 00:00:00+00:00,baclieu_baclieucity,51.86160396985096
2025-11-25 00:00:00+00:00,angiang_longxuyen,73.16218556544796
2025-11-25 00:00:00+00:00,bacgiang_bacgiangcity,96.95401630510649
2025-11-25 00:00:00+00:00,bentre_bentrecity,99.35835462235616
2025-11-25 00:00:00+00:00,backan_backancity,62.38583123176941
2025-11-25 00:00:00+00:00,bacninh_bacninhcity,101.7203773020177
2025-11-25 01:00:00+00:00,bentre_bentrecity,100.27050255129659
2025-11-25 01:00:00+00:00,bacgiang_bacgiangcity,92.5033316188899
2025-11-25 01:00:00+00:00,bacninh_bacninhcity,96.93848750214403
2025-11-25 01:00:00+00:00,baclieu_baclieucity,52.65981902326546
2025-11-25 01:00:00+00:00,angiang_longxuyen,72.80529320408579
2025-11-25 01:00:00+00:00,backan_backancity,61.586075915503145
2025-11-25 02:00:00+00:00,backan_backancity,60.594996525100946
2025-11-25 02:00:00+00:00,bacgiang_bacgiangcity,88.26213187099808
2025-11-25 02:00:00+00:00,baclieu_baclieucity,53.62065393194239
2025-11-25 02:00:00+00:00,angiang_longxuyen,72.12683234122892
2025-11-25 02:00:00+00:00,bacninh_bacninhcity,92.42099609552487
2025-11-25 02:00:00+00:00,bentre_bentrecity,100.40598711238648
2025-11-25 03:00:00+00:00,bentre_bentrecity,99.644095033517
2025-11-25 03:00:00+00:00,backan_backancity,59.61070126978373
2025-11-25 03:00:00+00:00,baclieu_baclieucity,54.5705026292106
2025-11-25 03:00:00+00:00,angiang_longxuyen,71.24330467063638
2025-11-25 03:00:00+00:00,bacninh_bacninhcity,88.09398900201474
2025-11-25 03:00:00+00:00,bacgiang_bacgiangcity,84.21775117219757
2025-11-25 04:00:00+00:00,bentre_bentrecity,98.4283282419039
2025-11-25 04:00:00+00:00,angiang_longxuyen,70.36298214248293
2025-11-25 04:00:00+00:00,bacninh_bacninhcity,84.28526851953478
2025-11-25 04:00:00+00:00,bacgiang_bacgiangcity,80.6941618808124
2025-11-25 04:00:00+00:00,baclieu_baclieucity,55.41807089458419
2025-11-25 04:00:00+00:00,backan_backancity,58.97834361442203
2025-11-25 05:00:00+00:00,bacgiang_bacgiangcity,77.89318765403479
2025-11-25 05:00:00+00:00,baclieu_baclieucity,56.418369431084585
2025-11-25 05:00:00+00:00,bentre_bentrecity,97.44073593930507
2025-11-25 05:00:00+00:00,bacninh_bacninhcity,81.17669408115366
2025-11-25 05:00:00+00:00,backan_backancity,58.83331714988878
2025-11-25 05:00:00+00:00,angiang_longxuyen,69.63744356925868
2025-11-25 06:00:00+00:00,bacgiang_bacgiangcity,76.12348296105127
2025-11-25 06:00:00+00:00,bacninh_bacninhcity,79.02530078876225
2025-11-25 06:00:00+00:00,baclieu_baclieucity,58.002716699231755
2025-11-25 06:00:00+00:00,bentre_bentrecity,97.85232243014238
2025-11-25 06:00:00+00:00,angiang_longxuyen,69.22106914766947
2025-11-25 06:00:00+00:00,backan_backancity,59.32044147693616
2025-11-25 07:00:00+00:00,backan_backancity,60.53454993134053
2025-11-25 07:00:00+00:00,bentre_bentrecity,100.24731573839091
2025-11-25 07:00:00+00:00,bacgiang_bacgiangcity,75.5473623461221
2025-11-25 07:00:00+00:00,baclieu_baclieucity,60.568221373294236
2025-11-25 07:00:00+00:00,angiang_longxuyen,69.21186246324481
2025-11-25 07:00:00+00:00,bacninh_bacninhcity,77.93171914867611
2025-11-25 08:00:00+00:00,angiang_longxuyen,69.65914681992729
2025-11-25 08:00:00+00:00,bentre_bentrecity,105.02578698966578
2025-11-25 08:00:00+00:00,baclieu_baclieucity,63.854733556075296
2025-11-25 08:00:00+00:00,bacgiang_bacgiangcity,76.13857654006472
2025-11-25 08:00:00+00:00,backan_backancity,62.34378554518473
2025-11-25 08:00:00+00:00,bacninh_bacninhcity,77.86611092972797
2025-11-25 09:00:00+00:00,bentre_bentrecity,111.6325955753273
2025-11-25 09:00:00+00:00,backan_backancity,64.36610082286239
2025-11-25 09:00:00+00:00,angiang_longxuyen,70.31563027529727
2025-11-25 09:00:00+00:00,bacgiang_bacgiangcity,77.54029299755001
2025-11-25 09:00:00+00:00,bacninh_bacninhcity,78.50591817354264
2025-11-25 09:00:00+00:00,baclieu_baclieucity,67.19859436057025
2025-11-25 10:00:00+00:00,angiang_longxuyen,70.81738959177116
2025-11-25 10:00:00+00:00,backan_backancity,65.8850267971648
2025-11-25 10:00:00+00:00,baclieu_baclieucity,69.6635981297222
2025-11-25 10:00:00+00:00,bentre_bentrecity,119.09322507107014
2025-11-25 10:00:00+00:00,bacninh_bacninhcity,79.24135380790666
2025-11-25 10:00:00+00:00,bacgiang_bacgiangcity,79.01985503741741
2025-11-25 11:00:00+00:00,angiang_longxuyen,70.76072885443766
2025-11-25 11:00:00+00:00,bacgiang_bacgiangcity,79.6333457190123
2025-11-25 11:00:00+00:00,backan_backancity,65.89304713026672
2025-11-25 11:00:00+00:00,bacninh_bacninhcity,79.41837935780214
2025-11-25 11:00:00+00:00,baclieu_baclieucity,70.89529000551691
2025-11-25 11:00:00+00:00,bentre_bentrecity,124.77345277324727
2025-11-25 12:00:00+00:00,bacninh_bacninhcity,79.43737468680659
2025-11-25 12:00:00+00:00,bacgiang_bacgiangcity,79.53612472658223
2025-11-25 12:00:00+00:00,bentre_bentrecity,125.38138554843529
2025-11-25 12:00:00+00:00,baclieu_baclieucity,70.9910754131531
2025-11-25 12:00:00+00:00,angiang_longxuyen,69.90004343147692
2025-11-25 12:00:00+00:00,backan_backancity,64.13901922261917
2025-11-25 13:00:00+00:00,bacgiang_bacgiangcity,80.23574675730794
2025-11-25 13:00:00+00:00,bentre_bentrecity,120.36089629076149
2025-11-25 13:00:00+00:00,baclieu_baclieucity,69.99371783161239
2025-11-25 13:00:00+00:00,bacninh_bacninhcity,80.4878576288924
2025-11-25 13:00:00+00:00,backan_backancity,61.21146803901091
2025-11-25 13:00:00+00:00,angiang_longxuyen,67.95032487927871
2025-11-25 14:00:00+00:00,bacgiang_bacgiangcity,81.76835689534437
2025-11-25 14:00:00+00:00,bacninh_bacninhcity,82.33517860946455
2025-11-25 14:00:00+00:00,bentre_bentrecity,113.71999443549632
2025-11-25 14:00:00+00:00,angiang_longxuyen,65.51313307317349
2025-11-25 14:00:00+00:00,baclieu_baclieucity,68.28898581222555
2025-11-25 14:00:00+00:00,backan_backancity,58.16681700131288
2025-11-25 15:00:00+00:00,backan_backancity,55.71058126567634
2025-11-25 15:00:00+00:00,bentre_bentrecity,108.11384452870102
2025-11-25 15:00:00+00:00,angiang_longxuyen,63.0450238549709
2025-11-25 15:00:00+00:00,baclieu_baclieucity,66.27483542306307
2025-11-25 15:00:00+00:00,bacgiang_bacgiangcity,83.45730745133736
2025-11-25 15:00:00+00:00,bacninh_bacninhcity,84.4503757248394
2025-11-25 16:00:00+00:00,angiang_longxuyen,60.784949815145495
2025-11-25 16:00:00+00:00,bentre_bentrecity,104.0954165112524
2025-11-25 16:00:00+00:00,bacgiang_bacgiangcity,84.8557352731707
2025-11-25 16:00:00+00:00,baclieu_baclieucity,64.3872009285308
2025-11-25 16:00:00+00:00,bacninh_bacninhcity,86.17397222565833
2025-11-25 16:00:00+00:00,backan_backancity,53.97409690206372
2025-11-25 17:00:00+00:00,bacgiang_bacgiangcity,85.79466629823474
2025-11-25 17:00:00+00:00,baclieu_baclieucity,63.10654713732673
2025-11-25 17:00:00+00:00,bentre_bentrecity,101.51999982204188
2025-11-25 17:00:00+00:00,angiang_longxuyen,58.94825864211832
2025-11-25 17:00:00+00:00,backan_backancity,53.10031924486295
2025-11-25 17:00:00+00:00,bacninh_bacninhcity,87.49448779515605
2025-11-25 18:00:00+00:00,bentre_bentrecity,99.81923108215925
2025-11-25 18:00:00+00:00,bacgiang_bacgiangcity,86.20038474276451
2025-11-25 18:00:00+00:00,baclieu_baclieucity,62.54333930853836
2025-11-25 18:00:00+00:00,backan_backancity,52.82690514233108
2025-11-25 18:00:00+00:00,angiang_longxuyen,57.61627521752885
2025-11-25 18:00:00+00:00,bacninh_bacninhcity,88.20210398946921
2025-11-25 19:00:00+00:00,baclieu_baclieucity,62.588124070971084
2025-11-25 19:00:00+00:00,bentre_bentrecity,98.6048684096143
2025-11-25 19:00:00+00:00,backan_backancity,52.943775701627395
2025-11-25 19:00:00+00:00,bacgiang_bacgiangcity,86.4460529291195
2025-11-25 19:00:00+00:00,bacninh_bacninhcity,88.51137904999892
2025-11-25 19:00:00+00:00,angiang_longxuyen,56.608016163959604
2025-11-25 20:00:00+00:00,bentre_bentrecity,97.57374405431716
2025-11-25 20:00:00+00:00,backan_backancity,53.286362061744995
2025-11-25 20:00:00+00:00,baclieu_baclieucity,63.09532913878982
2025-11-25 20:00:00+00:00,bacgiang_bacgiangcity,86.76736970480832
2025-11-25 20:00:00+00:00,bacninh_bacninhcity,88.61054032500196
2025-11-25 20:00:00+00:00,angiang_longxuyen,55.7811791387171
2025-11-25 21:00:00+00:00,backan_backancity,53.72424533189531
2025-11-25 21:00:00+00:00,angiang_longxuyen,55.00764318361686
2025-11-25 21:00:00+00:00,baclieu_baclieucity,64.0120646770797
2025-11-25 21:00:00+00:00,bacgiang_bacgiangcity,87.24692231900185
2025-11-25 21:00:00+00:00,bentre_bentrecity,96.58413420676929
2025-11-25 21:00:00+00:00,bacninh_bacninhcity,88.66997503086948
2025-11-25 22:00:00+00:00,bacgiang_bacgiangcity,87.85265124722115
2025-11-25 22:00:00+00:00,angiang_longxuyen,54.206442313217856
2025-11-25 22:00:00+00:00,bacninh_bacninhcity,88.87704318337858
2025-11-25 22:00:00+00:00,baclieu_baclieucity,65.11271956307738
2025-11-25 22:00:00+00:00,bentre_bentrecity,95.43363169191413
2025-11-25 22:00:00+00:00,backan_backancity,54.17936558891105
2025-11-25 23:00:00+00:00,backan_backancity,54.45507762404701
2025-11-25 23:00:00+00:00,bacninh_bacninhcity,89.5396802131515
2025-11-25 23:00:00+00:00,bacgiang_bacgiangcity,88.80446141190738
2025-11-25 23:00:00+00:00,bentre_bentrecity,93.96092746677662
2025-11-25 23:00:00+00:00,angiang_longxuyen,53.465820130318995
2025-11-25 23:00:00+00:00,baclieu_baclieucity,66.32341351892686
2025-11-26 00:00:00+00:00,backan_backancity,54.648821755187896
2025-11-26 00:00:00+00:00,bentre_bentrecity,92.4071493069509
2025-11-26 00:00:00+00:00,bacninh_bacninhcity,90.5445739917764
2025-11-26 00:00:00+00:00,baclieu_baclieucity,67.47067755636613
2025-11-26 00:00:00+00:00,angiang_longxuyen,52.87359155614876
2025-11-26 00:00:00+00:00,bacgiang_bacgiangcity,90.19134785477499
2025-11-26 01:00:00+00:00,baclieu_baclieucity,68.25334542584967
2025-11-26 01:00:00+00:00,bentre_bentrecity,90.79808244005041
2025-11-26 01:00:00+00:00,backan_backancity,54.668401536682225
2025-11-26 01:00:00+00:00,bacninh_bacninhcity,91.51551718695991
2025-11-26 01:00:00+00:00,bacgiang_bacgiangcity,91.54482579700095
2025-11-26 01:00:00+00:00,angiang_longxuyen,52.23389895973082
2025-11-26 02:00:00+00:00,bacninh_bacninhcity,92.3260331583435
2025-11-26 02:00:00+00:00,bentre_bentrecity,89.14342017885224
2025-11-26 02:00:00+00:00,baclieu_baclieucity,68.75707119441103
2025-11-26 02:00:00+00:00,bacgiang_bacgiangcity,92.67580491943464
2025-11-26 02:00:00+00:00,backan_backancity,54.437456817636004
2025-11-26 02:00:00+00:00,angiang_longxuyen,51.6823253493762
2025-11-26 03:00:00+00:00,bentre_bentrecity,87.63850984880052
2025-11-26 03:00:00+00:00,bacninh_bacninhcity,92.51386297921377
2025-11-26 03:00:00+00:00,angiang_longxuyen,51.33960440318417
2025-11-26 03:00:00+00:00,baclieu_baclieucity,69.19920887991404
2025-11-26 03:00:00+00:00,bacgiang_bacgiangcity,93.11655811300537
2025-11-26 04:00:00+00:00,angiang_longxuyen,51.345491297772966
2025-11-26 04:00:00+00:00,bacgiang_bacgiangcity,93.03616661071537
2025-11-26 04:00:00+00:00,baclieu_baclieucity,69.83467198432638
2025-11-26 04:00:00+00:00,bentre_bentrecity,86.49657006138891
2025-11-26 04:00:00+00:00,bacninh_bacninhcity,92.30146123042185
2025-11-26 05:00:00+00:00,bentre_bentrecity,86.1762626812583
2025-11-26 05:00:00+00:00,angiang_longxuyen,51.96199521203418
2025-11-26 05:00:00+00:00,baclieu_baclieucity,70.9956762630307
2025-11-26 05:00:00+00:00,bacninh_bacninhcity,92.02367744205687
2025-11-26 05:00:00+00:00,bacgiang_bacgiangcity,92.84329479672354
2025-11-26 06:00:00+00:00,angiang_longxuyen,53.10962562267606
2025-11-26 06:00:00+00:00,baclieu_baclieucity,73.05341758629905
2025-11-26 06:00:00+00:00,bacgiang_bacgiangcity,93.02684154039193
2025-11-26 06:00:00+00:00,bacninh_bacninhcity,92.04612777005528
2025-11-26 06:00:00+00:00,backan_backancity,54.061617727796246
2025-11-26 06:00:00+00:00,bentre_bentrecity,87.38784079284672
2025-11-26 07:00:00+00:00,bacninh_bacninhcity,92.61110764882359
2025-11-26 07:00:00+00:00,backan_backancity,53.909012073405016
2025-11-26 07:00:00+00:00,angiang_longxuyen,54.72928428901717
2025-11-26 07:00:00+00:00,bacgiang_bacgiangcity,93.92978574455519
2025-11-26 07:00:00+00:00,baclieu_baclieucity,76.19108255543398
2025-11-26 07:00:00+00:00,bentre_bentrecity,91.19970722481638
2025-11-26 08:00:00+00:00,backan_backancity,54.435138946354215
2025-11-26 08:00:00+00:00,angiang_longxuyen,56.60488080689242
2025-11-26 08:00:00+00:00,bacgiang_bacgiangcity,95.73749122065738
2025-11-26 08:00:00+00:00,bacninh_bacninhcity,93.83752200586649
2025-11-26 08:00:00+00:00,bentre_bentrecity,97.80304134011901
2025-11-26 08:00:00+00:00,baclieu_baclieucity,80.38011524547733
2025-11-26 09:00:00+00:00,baclieu_baclieucity,85.76131387512412
2025-11-26 09:00:00+00:00,backan_backancity,55.51458904862559
2025-11-26 09:00:00+00:00,angiang_longxuyen,58.49753486353384
2025-11-26 09:00:00+00:00,bacgiang_bacgiangcity,98.05589679669858
2025-11-26 09:00:00+00:00,bacninh_bacninhcity,95.31438936459789
2025-11-26 09:00:00+00:00,bentre_bentrecity,106.30948516772007
2025-11-26 10:00:00+00:00,baclieu_baclieucity,91.82248933021611
2025-11-26 10:00:00+00:00,backan_backancity,56.72185604424662
2025-11-26 10:00:00+00:00,bentre_bentrecity,114.7642614948114
2025-11-26 10:00:00+00:00,angiang_longxuyen,59.93697779154862
2025-11-26 10:00:00+00:00,bacninh_bacninhcity,96.47723921715615
2025-11-26 10:00:00+00:00,bacgiang_bacgiangcity,100.03018244791994
2025-11-26 11:00:00+00:00,backan_backancity,57.21837896549144
2025-11-26 11:00:00+00:00,bacgiang_bacgiangcity,100.48864118728186
2025-11-26 11:00:00+00:00,bacninh_bacninhcity,96.71077534121875
2025-11-26 11:00:00+00:00,baclieu_baclieucity,97.27419626462498
2025-11-26 11:00:00+00:00,angiang_longxuyen,60.679828121679655
2025-11-26 11:00:00+00:00,bentre_bentrecity,119.86714733805067
2025-11-26 12:00:00+00:00,angiang_longxuyen,60.53017339158696
2025-11-26 12:00:00+00:00,backan_backancity,56.689714895805835
2025-11-26 12:00:00+00:00,bacninh_bacninhcity,96.69875699169758
2025-11-26 12:00:00+00:00,baclieu_baclieucity,100.52490590350298
2025-11-26 12:00:00+00:00,bentre_bentrecity,118.61147920233039
2025-11-26 12:00:00+00:00,bacgiang_bacgiangcity,99.72871633935442
2025-11-26 13:00:00+00:00,bentre_bentrecity,110.9703299034264
2025-11-26 13:00:00+00:00,baclieu_baclieucity,100.49499414846173
2025-11-26 13:00:00+00:00,bacgiang_bacgiangcity,100.37294887922044
2025-11-26 13:00:00+00:00,angiang_longxuyen,59.430849412325294
2025-11-26 13:00:00+00:00,backan_backancity,55.62867816238376
2025-11-26 13:00:00+00:00,bacninh_bacninhcity,98.9142177728726
2025-11-26 14:00:00+00:00,bacninh_bacninhcity,102.56785958184373
2025-11-26 14:00:00+00:00,backan_backancity,54.406337526426974
2025-11-26 14:00:00+00:00,baclieu_baclieucity,96.9738951667662
2025-11-26 14:00:00+00:00,bacgiang_bacgiangcity,102.30604542814332
2025-11-26 14:00:00+00:00,bentre_bentrecity,101.50473676426805
2025-11-26 14:00:00+00:00,angiang_longxuyen,57.90168741936236
2025-11-26 15:00:00+00:00,angiang_longxuyen,56.34482561841472
2025-11-26 15:00:00+00:00,backan_backancity,53.3617601714403
2025-11-26 15:00:00+00:00,bacgiang_bacgiangcity,104.92020919894772
2025-11-26 15:00:00+00:00,baclieu_baclieucity,91.17713788783549
2025-11-26 15:00:00+00:00,bentre_bentrecity,93.63997831045776
2025-11-26 15:00:00+00:00,bacninh_bacninhcity,106.50523687447115
2025-11-26 16:00:00+00:00,backan_backancity,52.747893147303955
2025-11-26 16:00:00+00:00,bacninh_bacninhcity,109.36323385019912
2025-11-26 16:00:00+00:00,angiang_longxuyen,54.91528722854383
2025-11-26 16:00:00+00:00,baclieu_baclieucity,84.83902167659471
2025-11-26 16:00:00+00:00,bentre_bentrecity,88.09209731996863
2025-11-26 16:00:00+00:00,bacgiang_bacgiangcity,106.90057848342917
2025-11-26 17:00:00+00:00,baclieu_baclieucity,79.47036572138404
2025-11-26 17:00:00+00:00,bentre_bentrecity,84.44951462319654
2025-11-26 17:00:00+00:00,bacninh_bacninhcity,110.97454942609315
2025-11-26 17:00:00+00:00,bacgiang_bacgiangcity,107.97911265269403
2025-11-26 17:00:00+00:00,backan_backancity,52.725806077089764
2025-11-26 17:00:00+00:00,angiang_longxuyen,53.687672812337304
2025-11-26 18:00:00+00:00,bacgiang_bacgiangcity,108.5749744277901
2025-11-26 18:00:00+00:00,backan_backancity,53.14211569797647
2025-11-26 18:00:00+00:00,bentre_bentrecity,82.09870838436272
2025-11-26 18:00:00+00:00,angiang_longxuyen,52.58562221890115
2025-11-26 18:00:00+00:00,bacninh_bacninhcity,111.80102007813305
2025-11-26 18:00:00+00:00,baclieu_baclieucity,75.55446051538073
2025-11-26 19:00:00+00:00,bacninh_bacninhcity,112.23543401836481
2025-11-26 19:00:00+00:00,angiang_longxuyen,51.662117499534546
2025-11-26 19:00:00+00:00,bacgiang_bacgiangcity,109.06099714289496
2025-11-26 19:00:00+00:00,baclieu_baclieucity,72.85099514569238
2025-11-26 19:00:00+00:00,bentre_bentrecity,80.45613768501788
2025-11-26 19:00:00+00:00,backan_backancity,53.81734898738181
2025-11-26 20:00:00+00:00,bacgiang_bacgiangcity,109.57859150795899
2025-11-26 20:00:00+00:00,bentre_bentrecity,79.1729691280898
2025-11-26 20:00:00+00:00,angiang_longxuyen,50.97494592686065
2025-11-26 20:00:00+00:00,backan_backancity,54.579046352601964
2025-11-26 20:00:00+00:00,bacninh_bacninhcity,112.57504702317148
2025-11-26 20:00:00+00:00,baclieu_baclieucity,70.92552701023803
2025-11-26 21:00:00+00:00,bentre_bentrecity,78.06809970409483
2025-11-26 21:00:00+00:00,angiang_longxuyen,50.47173357924989
2025-11-26 21:00:00+00:00,bacgiang_bacgiangcity,110.11638873819525
2025-11-26 21:00:00+00:00,bacninh_bacninhcity,112.82173332825616
2025-11-26 21:00:00+00:00,baclieu_baclieucity,69.54687711050858
2025-11-26 21:00:00+00:00,backan_backancity,55.32612368240387
2025-11-26 22:00:00+00:00,bentre_bentrecity,76.93953066932725
2025-11-26 22:00:00+00:00,baclieu_baclieucity,68.45719098957667
2025-11-26 22:00:00+00:00,bacgiang_bacgiangcity,110.617289445361
2025-11-26 22:00:00+00:00,bacninh_bacninhcity,112.77077505274279
2025-11-26 22:00:00+00:00,angiang_longxuyen,50.13497429768801
2025-11-26 22:00:00+00:00,backan_backancity,55.967306694979335
2025-11-26 23:00:00+00:00,bentre_bentrecity,75.73202440957391
2025-11-26 23:00:00+00:00,bacgiang_bacgiangcity,111.0021520330241
2025-11-26 23:00:00+00:00,bacninh_bacninhcity,112.50687169947038
2025-11-26 23:00:00+00:00,angiang_longxuyen,49.92998973699781
2025-11-26 23:00:00+00:00,backan_backancity,56.277128822978256
2025-11-26 23:00:00+00:00,baclieu_baclieucity,67.56980767718528
2025-11-27 00:00:00+00:00,bacgiang_bacgiangcity,111.24798471347006
2025-11-27 00:00:00+00:00,angiang_longxuyen,49.76161258855158
2025-11-27 00:00:00+00:00,baclieu_baclieucity,66.84277868780349
2025-11-27 00:00:00+00:00,bentre_bentrecity,74.55815968375774
2025-11-27 00:00:00+00:00,bacninh_bacninhcity,112.1491506368166
2025-11-27 00:00:00+00:00,backan_backancity,56.398949159011806
2025-11-27 01:00:00+00:00,bacgiang_bacgiangcity,111.30373699480118
2025-11-27 01:00:00+00:00,angiang_longxuyen,49.77002671053794
2025-11-27 01:00:00+00:00,bentre_bentrecity,73.68778655577302
2025-11-27 01:00:00+00:00,baclieu_baclieucity,66.3796779750412
2025-11-27 01:00:00+00:00,bacninh_bacninhcity,111.72428856936703
2025-11-27 01:00:00+00:00,backan_backancity,56.49880704156675
2025-11-27 02:00:00+00:00,baclieu_baclieucity,66.0329443699635
2025-11-27 02:00:00+00:00,backan_backancity,56.57764457316406
2025-11-27 02:00:00+00:00,bentre_bentrecity,72.80957005045089
2025-11-27 02:00:00+00:00,bacninh_bacninhcity,110.99928335577106
2025-11-27 02:00:00+00:00,bacgiang_bacgiangcity,110.89150483350265
2025-11-27 02:00:00+00:00,angiang_longxuyen,49.92587738472367
2025-11-27 03:00:00+00:00,bacgiang_bacgiangcity,109.98455669362521
2025-11-27 03:00:00+00:00,backan_backancity,56.80275722898513
2025-11-27 03:00:00+00:00,angiang_longxuyen,50.18329069840708
2025-11-27 03:00:00+00:00,bacninh_bacninhcity,109.80660773371909
2025-11-27 03:00:00+00:00,baclieu_baclieucity,65.73707433168013
2025-11-27 03:00:00+00:00,bentre_bentrecity,71.93242026438531
2025-11-27 04:00:00+00:00,bacninh_bacninhcity,108.324826269791
2025-11-27 04:00:00+00:00,backan_backancity,57.343025609087945
2025-11-27 04:00:00+00:00,bacgiang_bacgiangcity,108.85208217036457
2025-11-27 04:00:00+00:00,bentre_bentrecity,71.22646147265539
2025-11-27 04:00:00+00:00,angiang_longxuyen,50.6765685998574
2025-11-27 04:00:00+00:00,baclieu_baclieucity,65.65491701024696
2025-11-27 05:00:00+00:00,baclieu_baclieucity,66.03437247775325
2025-11-27 05:00:00+00:00,backan_backancity,58.2212894687696
2025-11-27 05:00:00+00:00,bacgiang_bacgiangcity,107.83840415804862
2025-11-27 05:00:00+00:00,bentre_bentrecity,71.07839685210868
2025-11-27 05:00:00+00:00,bacninh_bacninhcity,106.85141095040609
2025-11-27 05:00:00+00:00,angiang_longxuyen,51.54742025610675
2025-11-27 06:00:00+00:00,baclieu_baclieucity,67.14575188001493
2025-11-27 06:00:00+00:00,bacninh_bacninhcity,105.6216699496069
2025-11-27 06:00:00+00:00,bentre_bentrecity,72.14384501797029
2025-11-27 06:00:00+00:00,angiang_longxuyen,52.897428245330495
2025-11-27 06:00:00+00:00,bacgiang_bacgiangcity,107.24117346811221
2025-11-27 06:00:00+00:00,backan_backancity,59.61060656106469
2025-11-27 07:00:00+00:00,baclieu_baclieucity,69.13950500189767
2025-11-27 07:00:00+00:00,bacninh_bacninhcity,104.95764655865065
2025-11-27 07:00:00+00:00,bacgiang_bacgiangcity,107.35357340201959
2025-11-27 07:00:00+00:00,angiang_longxuyen,54.71153886587059
2025-11-27 07:00:00+00:00,backan_backancity,61.6029764371825
2025-11-27 07:00:00+00:00,bentre_bentrecity,75.14910221321679
2025-11-27 08:00:00+00:00,bacgiang_bacgiangcity,108.1951469793281
2025-11-27 08:00:00+00:00,baclieu_baclieucity,72.04230231715032
2025-11-27 08:00:00+00:00,backan_backancity,64.07675322451928
2025-11-27 08:00:00+00:00,angiang_longxuyen,56.82041791275152
2025-11-27 08:00:00+00:00,bacninh_bacninhcity,104.92354020428976
2025-11-27 08:00:00+00:00,bentre_bentrecity,80.42123752205136
2025-11-27 09:00:00+00:00,backan_backancity,66.54689868018126
2025-11-27 09:00:00+00:00,bacgiang_bacgiangcity,109.3487795550392
2025-11-27 09:00:00+00:00,bentre_bentrecity,87.0478794842641
2025-11-27 09:00:00+00:00,bacninh_bacninhcity,105.24540280128042
2025-11-27 09:00:00+00:00,angiang_longxuyen,58.92297141413443
2025-11-27 09:00:00+00:00,baclieu_baclieucity,75.63246062251494
2025-11-27 10:00:00+00:00,angiang_longxuyen,60.72477488586864
2025-11-27 10:00:00+00:00,bacgiang_bacgiangcity,110.08629878122211
2025-11-27 10:00:00+00:00,bentre_bentrecity,93.8553259988788
2025-11-27 10:00:00+00:00,baclieu_baclieucity,79.62964210963086
2025-11-27 10:00:00+00:00,backan_backancity,68.374173812668
2025-11-27 10:00:00+00:00,bacninh_bacninhcity,105.44513476656593
2025-11-27 11:00:00+00:00,bentre_bentrecity,98.41417209228385
2025-11-27 11:00:00+00:00,baclieu_baclieucity,83.07718403812835
2025-11-27 11:00:00+00:00,bacgiang_bacgiangcity,109.53260544019527
2025-11-27 11:00:00+00:00,bacninh_bacninhcity,104.94537866411648
2025-11-27 11:00:00+00:00,backan_backancity,68.72396800477156
2025-11-27 11:00:00+00:00,angiang_longxuyen,61.89819846844086
2025-11-27 12:00:00+00:00,backan_backancity,67.55144166269551
2025-11-27 12:00:00+00:00,baclieu_baclieucity,84.87382588467484
2025-11-27 12:00:00+00:00,bacninh_bacninhcity,103.85343511101954
2025-11-27 12:00:00+00:00,bentre_bentrecity,98.1629372763505
2025-11-27 12:00:00+00:00,bacgiang_bacgiangcity,107.67567214772416
2025-11-27 12:00:00+00:00,angiang_longxuyen,62.26931209166743
2025-11-27 13:00:00+00:00,bentre_bentrecity,93.08771868497377
2025-11-27 13:00:00+00:00,baclieu_baclieucity,84.37493399928664
2025-11-27 13:00:00+00:00,bacgiang_bacgiangcity,104.98685485221957
2025-11-27 13:00:00+00:00,backan_backancity,65.34399077797082
2025-11-27 13:00:00+00:00,bacninh_bacninhcity,102.57007339815131
2025-11-27 13:00:00+00:00,angiang_longxuyen,61.87317792027112
2025-11-27 14:00:00+00:00,angiang_longxuyen,61.20213175318126
2025-11-27 14:00:00+00:00,baclieu_baclieucity,81.67823033367085
2025-11-27 14:00:00+00:00,bacgiang_bacgiangcity,102.38115878859783
2025-11-27 14:00:00+00:00,backan_backancity,62.89280202012526
2025-11-27 14:00:00+00:00,bentre_bentrecity,86.19259619679076
2025-11-27 14:00:00+00:00,bacninh_bacninhcity,101.6203926219343
2025-11-27 15:00:00+00:00,baclieu_baclieucity,77.5891726659139
2025-11-27 15:00:00+00:00,bacninh_bacninhcity,100.9661046019034
2025-11-27 15:00:00+00:00,angiang_longxuyen,60.45945090181062
2025-11-27 15:00:00+00:00,bentre_bentrecity,80.22229562686942
2025-11-27 15:00:00+00:00,bacgiang_bacgiangcity,100.4366791239634
2025-11-27 15:00:00+00:00,backan_backancity,60.91905736130723
2025-11-27 16:00:00+00:00,backan_backancity,59.64636907184143
2025-11-27 16:00:00+00:00,bentre_bentrecity,76.13461372787327
2025-11-27 16:00:00+00:00,angiang_longxuyen,59.85347959404062
2025-11-27 16:00:00+00:00,baclieu_baclieucity,73.26747175300477
2025-11-27 16:00:00+00:00,bacgiang_bacgiangcity,99.38303652454697
2025-11-27 16:00:00+00:00,bacninh_bacninhcity,100.88254970378071
2025-11-27 17:00:00+00:00,bentre_bentrecity,73.81103749193102
2025-11-27 17:00:00+00:00,baclieu_baclieucity,69.71956101333646
2025-11-27 17:00:00+00:00,bacgiang_bacgiangcity,98.85744893052099
2025-11-27 17:00:00+00:00,bacninh_bacninhcity,101.02962985211633
2025-11-27 17:00:00+00:00,backan_backancity,59.02671983117418
2025-11-27 17:00:00+00:00,angiang_longxuyen,59.42333253083511
2025-11-27 18:00:00+00:00,backan_backancity,58.89648288081955
2025-11-27 18:00:00+00:00,angiang_longxuyen,59.18733834166319
2025-11-27 18:00:00+00:00,bacgiang_bacgiangcity,98.61553684834729
2025-11-27 18:00:00+00:00,bacninh_bacninhcity,101.40894979892266
2025-11-27 18:00:00+00:00,baclieu_baclieucity,67.29430499816509
2025-11-27 18:00:00+00:00,bentre_bentrecity,72.73876282129434
2025-11-27 19:00:00+00:00,bentre_bentrecity,72.4297507020767
2025-11-27 19:00:00+00:00,backan_backancity,59.064822644245105
2025-11-27 19:00:00+00:00,baclieu_baclieucity,66.0154531649575
2025-11-27 19:00:00+00:00,bacninh_bacninhcity,101.88277471640711
2025-11-27 19:00:00+00:00,bacgiang_bacgiangcity,98.62216832793118
2025-11-27 19:00:00+00:00,angiang_longxuyen,59.093511909110326
2025-11-27 20:00:00+00:00,bacninh_bacninhcity,102.41168241181079
2025-11-27 20:00:00+00:00,bacgiang_bacgiangcity,98.82239751399165
2025-11-27 20:00:00+00:00,backan_backancity,59.401771343245066
2025-11-27 20:00:00+00:00,bentre_bentrecity,72.52965843132587
2025-11-27 20:00:00+00:00,baclieu_baclieucity,65.5724581163137
2025-11-27 20:00:00+00:00,angiang_longxuyen,59.10038576824492
2025-11-27 21:00:00+00:00,angiang_longxuyen,59.195435937141184
2025-11-27 21:00:00+00:00,backan_backancity,59.80174371009724
2025-11-27 21:00:00+00:00,baclieu_baclieucity,65.71814006487611
2025-11-27 21:00:00+00:00,bacgiang_bacgiangcity,99.14069560503195
2025-11-27 21:00:00+00:00,bentre_bentrecity,72.95916247217579
2025-11-27 21:00:00+00:00,bacninh_bacninhcity,102.89145217066607
2025-11-27 22:00:00+00:00,bacninh_bacninhcity,103.24997607663883
2025-11-27 22:00:00+00:00,bacgiang_bacgiangcity,99.56057004341085
2025-11-27 22:00:00+00:00,angiang_longxuyen,59.33451319871785
2025-11-27 22:00:00+00:00,backan_backancity,60.201289887713735
2025-11-27 22:00:00+00:00,bentre_bentrecity,73.58132398623233
2025-11-27 22:00:00+00:00,baclieu_baclieucity,66.18763361617363
2025-11-27 23:00:00+00:00,baclieu_baclieucity,66.79759265948219
2025-11-27 23:00:00+00:00,bacgiang_bacgiangcity,100.14566820374212
2025-11-27 23:00:00+00:00,angiang_longxuyen,59.624284493961945
2025-11-27 23:00:00+00:00,bentre_bentrecity,74.11890064484662
2025-11-27 23:00:00+00:00,backan_backancity,60.63608515515637
2025-11-27 23:00:00+00:00,bacninh_bacninhcity,103.69223277112432
2025-11-28 00:00:00+00:00,bacgiang_bacgiangcity,101.07070508587267
2025-11-28 00:00:00+00:00,bentre_bentrecity,74.69774538161556
2025-11-28 00:00:00+00:00,baclieu_baclieucity,67.50311280030289
2025-11-28 00:00:00+00:00,bacninh_bacninhcity,104.41880877867229
2025-11-28 00:00:00+00:00,backan_backancity,61.051415288501424
2025-11-28 00:00:00+00:00,angiang_longxuyen,60.02657473209591
2025-11-28 01:00:00+00:00,baclieu_baclieucity,68.54760043123994
2025-11-28 01:00:00+00:00,bacgiang_bacgiangcity,101.84791193846127
2025-11-28 01:00:00+00:00,backan_backancity,61.45835871554194
2025-11-28 01:00:00+00:00,angiang_longxuyen,60.83389428421188
2025-11-28 01:00:00+00:00,bacninh_bacninhcity,104.97360123930696
2025-11-28 01:00:00+00:00,bentre_bentrecity,75.44827957966245
2025-11-28 02:00:00+00:00,angiang_longxuyen,61.95887934166417
2025-11-28 02:00:00+00:00,bacgiang_bacgiangcity,102.51270296850868
2025-11-28 02:00:00+00:00,baclieu_baclieucity,69.72087447372947
2025-11-28 02:00:00+00:00,bentre_bentrecity,76.13335260650919
2025-11-28 02:00:00+00:00,bacninh_bacninhcity,105.41046514456022
2025-11-28 02:00:00+00:00,backan_backancity,61.66774473933283
2025-11-28 03:00:00+00:00,bentre_bentrecity,76.63937880000935
2025-11-28 03:00:00+00:00,baclieu_baclieucity,70.95516336229366
2025-11-28 03:00:00+00:00,bacgiang_bacgiangcity,102.98282147273514
2025-11-28 03:00:00+00:00,backan_backancity,61.81725989868168
2025-11-28 03:00:00+00:00,angiang_longxuyen,63.28169346684966
2025-11-28 03:00:00+00:00,bacninh_bacninhcity,105.66733139077442
2025-11-28 04:00:00+00:00,bentre_bentrecity,77.19308834121182
2025-11-28 04:00:00+00:00,backan_backancity,62.18371285599755
2025-11-28 04:00:00+00:00,baclieu_baclieucity,72.24991379862654
2025-11-28 04:00:00+00:00,bacgiang_bacgiangcity,102.96873853544726
2025-11-28 04:00:00+00:00,angiang_longxuyen,64.72383060868768
2025-11-28 04:00:00+00:00,bacninh_bacninhcity,105.45351088044794
2025-11-28 05:00:00+00:00,angiang_longxuyen,66.39887892165937
2025-11-28 05:00:00+00:00,baclieu_baclieucity,73.78616648384397
2025-11-28 05:00:00+00:00,bacninh_bacninhcity,104.7726835457824
2025-11-28 05:00:00+00:00,bacgiang_bacgiangcity,102.5013348068054
2025-11-28 05:00:00+00:00,bentre_bentrecity,78.13271846616246
2025-11-28 05:00:00+00:00,backan_backancity,62.917690474555286
2025-11-28 06:00:00+00:00,bacgiang_bacgiangcity,102.0564449606971
2025-11-28 06:00:00+00:00,bentre_bentrecity,79.9707667154401
2025-11-28 06:00:00+00:00,bacninh_bacninhcity,104.046915054681
2025-11-28 06:00:00+00:00,angiang_longxuyen,68.32610166075068
2025-11-28 06:00:00+00:00,backan_backancity,64.00696037559035
2025-11-28 06:00:00+00:00,baclieu_baclieucity,75.92406627610677
2025-11-28 07:00:00+00:00,angiang_longxuyen,70.52996358349068
2025-11-28 07:00:00+00:00,bacninh_bacninhcity,103.66424821389882
2025-11-28 07:00:00+00:00,backan_backancity,65.37944922391273
2025-11-28 07:00:00+00:00,bacgiang_bacgiangcity,102.20044146791079
2025-11-28 07:00:00+00:00,baclieu_baclieucity,78.94119695391933
2025-11-28 07:00:00+00:00,bentre_bentrecity,83.3713692581467
2025-11-28 08:00:00+00:00,angiang_longxuyen,73.08156601453186
2025-11-28 08:00:00+00:00,bacgiang_bacgiangcity,103.24270219778303
2025-11-28 08:00:00+00:00,bentre_bentrecity,88.72110776981265
2025-11-28 08:00:00+00:00,backan_backancity,67.01427873164334
2025-11-28 08:00:00+00:00,bacninh_bacninhcity,103.79651080929028
2025-11-28 08:00:00+00:00,baclieu_baclieucity,82.96408313508333
2025-11-28 09:00:00+00:00,backan_backancity,68.49138083715039
2025-11-28 09:00:00+00:00,baclieu_baclieucity,87.92218489334006
2025-11-28 09:00:00+00:00,bentre_bentrecity,96.00488353098419
2025-11-28 09:00:00+00:00,bacgiang_bacgiangcity,104.98366092528664
2025-11-28 09:00:00+00:00,bacninh_bacninhcity,104.0464271801612
2025-11-28 09:00:00+00:00,angiang_longxuyen,75.69587807925159
2025-11-28 10:00:00+00:00,baclieu_baclieucity,93.28036992734363
2025-11-28 10:00:00+00:00,backan_backancity,69.1472686245243
2025-11-28 10:00:00+00:00,bacninh_bacninhcity,104.42410125143238
2025-11-28 10:00:00+00:00,bentre_bentrecity,104.09778672156312
2025-11-28 10:00:00+00:00,bacgiang_bacgiangcity,106.89660881731727
2025-11-28 10:00:00+00:00,angiang_longxuyen,77.89548807897359
2025-11-28 11:00:00+00:00,bacgiang_bacgiangcity,108.64404823815472
2025-11-28 11:00:00+00:00,bentre_bentrecity,109.76791548348886
2025-11-28 11:00:00+00:00,baclieu_baclieucity,97.85022653242085
2025-11-28 11:00:00+00:00,angiang_longxuyen,79.20752534886613
2025-11-28 11:00:00+00:00,backan_backancity,68.26232281548086
2025-11-28 11:00:00+00:00,bacninh_bacninhcity,105.57803228422517
2025-11-28 12:00:00+00:00,baclieu_baclieucity,100.08653709539666
2025-11-28 12:00:00+00:00,bentre_bentrecity,109.72475696945546
2025-11-28 12:00:00+00:00,angiang_longxuyen,79.40712646657927
2025-11-28 12:00:00+00:00,backan_backancity,65.91331728847616
2025-11-28 12:00:00+00:00,bacgiang_bacgiangcity,110.45905236068891
2025-11-28 12:00:00+00:00,bacninh_bacninhcity,107.60259814014742
2025-11-28 13:00:00+00:00,baclieu_baclieucity,99.02584414839387
2025-11-28 13:00:00+00:00,backan_backancity,62.48223473841407
2025-11-28 13:00:00+00:00,angiang_longxuyen,78.38983269968048
2025-11-28 13:00:00+00:00,bacninh_bacninhcity,110.05661009013755
2025-11-28 13:00:00+00:00,bentre_bentrecity,103.55361160679988
2025-11-28 13:00:00+00:00,bacgiang_bacgiangcity,112.88656144643957
2025-11-28 14:00:00+00:00,backan_backancity,59.33977202495932
2025-11-28 14:00:00+00:00,bacninh_bacninhcity,113.62946660793425
2025-11-28 14:00:00+00:00,baclieu_baclieucity,95.45538541236064
2025-11-28 14:00:00+00:00,bentre_bentrecity,95.11241601155206
2025-11-28 14:00:00+00:00,angiang_longxuyen,76.57144772511
2025-11-28 14:00:00+00:00,bacgiang_bacgiangcity,116.68588894247517
2025-11-28 15:00:00+00:00,bacgiang_bacgiangcity,121.66791649087958
2025-11-28 15:00:00+00:00,bacninh_bacninhcity,118.3150483887369
2025-11-28 15:00:00+00:00,bentre_bentrecity,87.79202271302678
2025-11-28 15:00:00+00:00,baclieu_baclieucity,90.43498790375841
2025-11-28 15:00:00+00:00,angiang_longxuyen,74.4496434304147
2025-11-28 15:00:00+00:00,backan_backancity,57.17562047117924
2025-11-28 16:00:00+00:00,angiang_longxuyen,72.50786047193823
2025-11-28 16:00:00+00:00,bentre_bentrecity,82.78700649232627
2025-11-28 16:00:00+00:00,bacgiang_bacgiangcity,127.3667918413689
2025-11-28 16:00:00+00:00,backan_backancity,55.907535523925766
2025-11-28 16:00:00+00:00,baclieu_baclieucity,85.25784855554014
2025-11-28 16:00:00+00:00,bacninh_bacninhcity,123.94268533616457
2025-11-28 17:00:00+00:00,bacgiang_bacgiangcity,133.32701340971653
2025-11-28 17:00:00+00:00,bacninh_bacninhcity,130.19495619368269
2025-11-28 17:00:00+00:00,backan_backancity,55.28401817978611
2025-11-28 17:00:00+00:00,bentre_bentrecity,79.70820423824254
2025-11-28 17:00:00+00:00,angiang_longxuyen,70.7743619253101
2025-11-28 17:00:00+00:00,baclieu_baclieucity,80.93265338936534
2025-11-28 18:00:00+00:00,bentre_bentrecity,77.80120056449908
2025-11-28 18:00:00+00:00,bacgiang_bacgiangcity,139.31764893854978
2025-11-28 18:00:00+00:00,bacninh_bacninhcity,136.79964317942097
2025-11-28 18:00:00+00:00,baclieu_baclieucity,77.77366525060533
2025-11-28 18:00:00+00:00,backan_backancity,55.11088067204072
2025-11-28 18:00:00+00:00,angiang_longxuyen,69.31341014873422
2025-11-28 19:00:00+00:00,angiang_longxuyen,68.06901235057978
2025-11-28 19:00:00+00:00,baclieu_baclieucity,75.70738518861504
2025-11-28 19:00:00+00:00,bacninh_bacninhcity,143.22076472898053
2025-11-28 19:00:00+00:00,bentre_bentrecity,76.64888954926882
2025-11-28 19:00:00+00:00,backan_backancity,55.26410442544043
2025-11-28 19:00:00+00:00,bacgiang_bacgiangcity,144.83048894916118
2025-11-28 20:00:00+00:00,angiang_longxuyen,66.95589080635472
2025-11-28 20:00:00+00:00,bentre_bentrecity,75.96451437614132
2025-11-28 20:00:00+00:00,baclieu_baclieucity,74.36824876340329
2025-11-28 20:00:00+00:00,bacgiang_bacgiangcity,149.40238288209423
2025-11-28 20:00:00+00:00,backan_backancity,55.745015362051795
2025-11-28 20:00:00+00:00,bacninh_bacninhcity,148.88879245274438
2025-11-28 21:00:00+00:00,bentre_bentrecity,75.59962909735904
2025-11-28 21:00:00+00:00,backan_backancity,56.35792532965888
2025-11-28 21:00:00+00:00,angiang_longxuyen,65.97774912544043
2025-11-28 21:00:00+00:00,bacninh_bacninhcity,153.52109559441715
2025-11-28 21:00:00+00:00,bacgiang_bacgiangcity,152.99925055250247
2025-11-28 21:00:00+00:00,baclieu_baclieucity,73.45556576135445
2025-11-28 22:00:00+00:00,bentre_bentrecity,75.18940326550336
2025-11-28 22:00:00+00:00,angiang_longxuyen,65.17081588520475
2025-11-28 22:00:00+00:00,backan_backancity,57.024749481747286
2025-11-28 22:00:00+00:00,bacninh_bacninhcity,157.04958356967796
2025-11-28 22:00:00+00:00,baclieu_baclieucity,72.73875534429021
2025-11-28 22:00:00+00:00,bacgiang_bacgiangcity,155.72371633447077
2025-11-28 23:00:00+00:00,baclieu_baclieucity,72.13190922703645
2025-11-28 23:00:00+00:00,backan_backancity,57.54389781750401
2025-11-28 23:00:00+00:00,angiang_longxuyen,64.3691514405494
2025-11-28 23:00:00+00:00,bacninh_bacninhcity,159.5079228358111
2025-11-28 23:00:00+00:00,bentre_bentrecity,74.75068755555937
2025-11-28 23:00:00+00:00,bacgiang_bacgiangcity,157.69755570200783
2025-11-29 00:00:00+00:00,baclieu_baclieucity,71.41542530581943
2025-11-29 00:00:00+00:00,bacninh_bacninhcity,161.028615875424
2025-11-29 00:00:00+00:00,angiang_longxuyen,63.61907333975473
2025-11-29 00:00:00+00:00,bentre_bentrecity,74.24729077517995
2025-11-29 00:00:00+00:00,bacgiang_bacgiangcity,159.2156616981901
2025-11-29 00:00:00+00:00,backan_backancity,58.004137330017365
2025-11-29 01:00:00+00:00,bentre_bentrecity,73.5988500839243
2025-11-29 01:00:00+00:00,backan_backancity,58.06233334553321
2025-11-29 01:00:00+00:00,angiang_longxuyen,62.82036480406733
2025-11-29 01:00:00+00:00,bacninh_bacninhcity,161.71318046598958
2025-11-29 01:00:00+00:00,baclieu_baclieucity,70.58502673427404
2025-11-29 01:00:00+00:00,bacgiang_bacgiangcity,160.14298965900431
2025-11-29 02:00:00+00:00,bacninh_bacninhcity,161.6371841959635
2025-11-29 02:00:00+00:00,bacgiang_bacgiangcity,160.28336791930042
2025-11-29 02:00:00+00:00,backan_backancity,57.64675148638229
2025-11-29 02:00:00+00:00,angiang_longxuyen,62.12814874593715
2025-11-29 02:00:00+00:00,bentre_bentrecity,73.0023720790708
2025-11-29 02:00:00+00:00,baclieu_baclieucity,69.6033085530486
2025-11-29 03:00:00+00:00,baclieu_baclieucity,68.66156991293195
2025-11-29 03:00:00+00:00,angiang_longxuyen,61.52994853779792
2025-11-29 03:00:00+00:00,backan_backancity,56.84264455370957
2025-11-29 03:00:00+00:00,bacninh_bacninhcity,160.69552531055763
2025-11-29 03:00:00+00:00,bacgiang_bacgiangcity,159.54132012094652
2025-11-29 03:00:00+00:00,bentre_bentrecity,72.5245690838448
2025-11-29 04:00:00+00:00,bacninh_bacninhcity,159.4995834838661
2025-11-29 04:00:00+00:00,bacgiang_bacgiangcity,158.29624939241995
2025-11-29 04:00:00+00:00,backan_backancity,56.09537282180016
2025-11-29 04:00:00+00:00,angiang_longxuyen,61.19052744276406
2025-11-29 04:00:00+00:00,baclieu_baclieucity,68.1619664659836
2025-11-29 04:00:00+00:00,bentre_bentrecity,72.4777954383122
2025-11-29 05:00:00+00:00,bentre_bentrecity,73.22382349520052
2025-11-29 05:00:00+00:00,angiang_longxuyen,61.17587500699456
2025-11-29 05:00:00+00:00,bacgiang_bacgiangcity,156.83829340216744
2025-11-29 05:00:00+00:00,backan_backancity,55.71157321489155
2025-11-29 05:00:00+00:00,bacninh_bacninhcity,158.2527930443885
2025-11-29 05:00:00+00:00,baclieu_baclieucity,68.4657895443317
2025-11-29 06:00:00+00:00,bacninh_bacninhcity,157.15408217946592
2025-11-29 06:00:00+00:00,backan_backancity,55.874980647922854
2025-11-29 06:00:00+00:00,angiang_longxuyen,61.545700093175235
2025-11-29 06:00:00+00:00,bacgiang_bacgiangcity,155.4871738316623
2025-11-29 06:00:00+00:00,baclieu_baclieucity,69.71447415819009
2025-11-29 06:00:00+00:00,bentre_bentrecity,75.40116199193967
2025-11-29 07:00:00+00:00,angiang_longxuyen,62.44594634501318
2025-11-29 07:00:00+00:00,bentre_bentrecity,79.46428940935715
2025-11-29 07:00:00+00:00,baclieu_baclieucity,72.02180784881683
2025-11-29 07:00:00+00:00,bacninh_bacninhcity,156.50768021800434
2025-11-29 07:00:00+00:00,backan_backancity,56.83846740073293
2025-11-29 07:00:00+00:00,bacgiang_bacgiangcity,154.70141546713637
2025-11-29 08:00:00+00:00,bacgiang_bacgiangcity,154.72398605028462
2025-11-29 08:00:00+00:00,angiang_longxuyen,63.88450698654006
2025-11-29 08:00:00+00:00,baclieu_baclieucity,75.28852341698365
2025-11-29 08:00:00+00:00,bacninh_bacninhcity,156.52708553606885
2025-11-29 08:00:00+00:00,bentre_bentrecity,85.78395175130957
2025-11-29 08:00:00+00:00,backan_backancity,58.777713162473
2025-11-29 09:00:00+00:00,bacgiang_bacgiangcity,155.5830290246704
2025-11-29 09:00:00+00:00,baclieu_baclieucity,79.8433348878034
2025-11-29 09:00:00+00:00,angiang_longxuyen,65.6048584675645
2025-11-29 09:00:00+00:00,backan_backancity,61.449413726262016
2025-11-29 09:00:00+00:00,bacninh_bacninhcity,157.24626865577855
2025-11-29 09:00:00+00:00,bentre_bentrecity,94.4279274371952
2025-11-29 10:00:00+00:00,bacgiang_bacgiangcity,156.8134099324068
2025-11-29 10:00:00+00:00,bacninh_bacninhcity,158.1972488730058
2025-11-29 10:00:00+00:00,baclieu_baclieucity,85.4168221251195
2025-11-29 10:00:00+00:00,angiang_longxuyen,67.2653839461717
2025-11-29 10:00:00+00:00,bentre_bentrecity,103.90137766153187
2025-11-29 10:00:00+00:00,backan_backancity,64.30883943286341
2025-11-29 11:00:00+00:00,baclieu_baclieucity,90.90700619011879
2025-11-29 11:00:00+00:00,bacgiang_bacgiangcity,158.58362555400623
2025-11-29 11:00:00+00:00,bacninh_bacninhcity,159.8776257975909
2025-11-29 11:00:00+00:00,backan_backancity,66.52867472877004
2025-11-29 11:00:00+00:00,angiang_longxuyen,68.32930181852038
2025-11-29 11:00:00+00:00,bentre_bentrecity,110.60657863693791
2025-11-29 12:00:00+00:00,bentre_bentrecity,109.70236583440644
2025-11-29 12:00:00+00:00,angiang_longxuyen,68.03681138610592
2025-11-29 12:00:00+00:00,baclieu_baclieucity,94.64299411487748
2025-11-29 12:00:00+00:00,backan_backancity,67.55991310838023
2025-11-29 12:00:00+00:00,bacgiang_bacgiangcity,160.2602390531768
2025-11-29 12:00:00+00:00,bacninh_bacninhcity,161.36276319020814
2025-11-29 13:00:00+00:00,bacninh_bacninhcity,162.49042003047128
2025-11-29 13:00:00+00:00,baclieu_baclieucity,95.39862280084581
2025-11-29 13:00:00+00:00,angiang_longxuyen,66.18495684869337
2025-11-29 13:00:00+00:00,bacgiang_bacgiangcity,161.82561466949926
2025-11-29 13:00:00+00:00,bentre_bentrecity,100.59126244594829
2025-11-29 13:00:00+00:00,backan_backancity,67.250257966807
2025-11-29 14:00:00+00:00,angiang_longxuyen,63.851363919545214
2025-11-29 14:00:00+00:00,bacninh_bacninhcity,163.3796352088757
2025-11-29 14:00:00+00:00,bacgiang_bacgiangcity,163.42410842946947
2025-11-29 14:00:00+00:00,bentre_bentrecity,89.90992775006578
2025-11-29 14:00:00+00:00,baclieu_baclieucity,92.46931685782967
2025-11-29 14:00:00+00:00,backan_backancity,66.46573330796332
2025-11-29 15:00:00+00:00,bentre_bentrecity,82.26550290026708
2025-11-29 15:00:00+00:00,bacgiang_bacgiangcity,164.71325360503596
2025-11-29 15:00:00+00:00,bacninh_bacninhcity,164.02185004802175
2025-11-29 15:00:00+00:00,backan_backancity,66.27146329419827
2025-11-29 15:00:00+00:00,baclieu_baclieucity,86.97284276310198
2025-11-29 15:00:00+00:00,angiang_longxuyen,61.90752727726638
2025-11-29 16:00:00+00:00,bacgiang_bacgiangcity,165.31780926668978
2025-11-29 16:00:00+00:00,backan_backancity,67.2009670632157
2025-11-29 16:00:00+00:00,baclieu_baclieucity,81.30431781856316
2025-11-29 16:00:00+00:00,bacninh_bacninhcity,164.27908889827535
2025-11-29 16:00:00+00:00,angiang_longxuyen,60.73199517952814
2025-11-29 16:00:00+00:00,bentre_bentrecity,77.94445497905238
2025-11-29 17:00:00+00:00,bacninh_bacninhcity,164.20707039444898
2025-11-29 17:00:00+00:00,backan_backancity,69.34866173089509
2025-11-29 17:00:00+00:00,bentre_bentrecity,75.98317697846178
2025-11-29 17:00:00+00:00,bacgiang_bacgiangcity,165.32683151834576
2025-11-29 17:00:00+00:00,angiang_longxuyen,60.27011571077455
2025-11-29 17:00:00+00:00,baclieu_baclieucity,77.22813804426104
2025-11-29 18:00:00+00:00,bentre_bentrecity,75.42048257062399
2025-11-29 18:00:00+00:00,baclieu_baclieucity,75.45169158588264
2025-11-29 18:00:00+00:00,bacninh_bacninhcity,164.1628364379875
2025-11-29 18:00:00+00:00,backan_backancity,72.45061902061693
2025-11-29 18:00:00+00:00,bacgiang_bacgiangcity,165.04696725358025
2025-11-29 18:00:00+00:00,angiang_longxuyen,60.44544148839672
2025-11-29 19:00:00+00:00,bacgiang_bacgiangcity,164.6927466750289
2025-11-29 19:00:00+00:00,bacninh_bacninhcity,164.2756793843899
2025-11-29 19:00:00+00:00,backan_backancity,76.17527118402359
2025-11-29 19:00:00+00:00,bentre_bentrecity,75.57442910109006
2025-11-29 19:00:00+00:00,baclieu_baclieucity,75.41236752880303
2025-11-29 19:00:00+00:00,angiang_longxuyen,61.060422586149144
2025-11-29 20:00:00+00:00,baclieu_baclieucity,76.40450117678823
2025-11-29 20:00:00+00:00,angiang_longxuyen,61.97064316150292
2025-11-29 20:00:00+00:00,bacninh_bacninhcity,164.58316370242932
2025-11-29 20:00:00+00:00,bacgiang_bacgiangcity,164.29116176761835
2025-11-29 20:00:00+00:00,backan_backancity,80.21523359646412
2025-11-29 20:00:00+00:00,bentre_bentrecity,75.92880420439353
2025-11-29 21:00:00+00:00,bentre_bentrecity,76.47262166912566
2025-11-29 21:00:00+00:00,baclieu_baclieucity,77.71392149523358
2025-11-29 21:00:00+00:00,angiang_longxuyen,62.94603828956502
2025-11-29 21:00:00+00:00,bacninh_bacninhcity,165.00610791831832
2025-11-29 21:00:00+00:00,bacgiang_bacgiangcity,163.9490190430794
2025-11-29 21:00:00+00:00,backan_backancity,84.07563326227275
2025-11-29 22:00:00+00:00,baclieu_baclieucity,79.14287667878195
2025-11-29 22:00:00+00:00,bacninh_bacninhcity,165.33921842186243
2025-11-29 22:00:00+00:00,backan_backancity,87.38747940431352
2025-11-29 22:00:00+00:00,bentre_bentrecity,76.94141238203451
2025-11-29 22:00:00+00:00,bacgiang_bacgiangcity,163.6739899076544
2025-11-29 22:00:00+00:00,angiang_longxuyen,63.896684533940935
2025-11-29 23:00:00+00:00,bacninh_bacninhcity,165.4317438556958
2025-11-29 23:00:00+00:00,backan_backancity,90.39112405900163
2025-11-29 23:00:00+00:00,bacgiang_bacgiangcity,163.59879118473606
2025-11-29 23:00:00+00:00,baclieu_baclieucity,80.5641106093938
2025-11-29 23:00:00+00:00,bentre_bentrecity,77.01657870460164
2025-11-29 23:00:00+00:00,angiang_longxuyen,64.93043767927513
2025-11-30 00:00:00+00:00,bentre_bentrecity,76.81691527852071
2025-11-30 00:00:00+00:00,backan_backancity,93.04459194820794
2025-11-30 00:00:00+00:00,bacgiang_bacgiangcity,163.71806933936375
2025-11-30 00:00:00+00:00,bacninh_bacninhcity,165.4697718987254
2025-11-30 00:00:00+00:00,angiang_longxuyen,65.89118037156774
2025-11-30 00:00:00+00:00,baclieu_baclieucity,81.82100871229426
2025-11-30 01:00:00+00:00,angiang_longxuyen,66.87257704161536
2025-11-30 01:00:00+00:00,baclieu_baclieucity,82.61101899983817
2025-11-30 01:00:00+00:00,backan_backancity,94.96738830085144
2025-11-30 01:00:00+00:00,bentre_bentrecity,76.46482813848249
2025-11-30 01:00:00+00:00,bacninh_bacninhcity,165.43479447338282
2025-11-30 01:00:00+00:00,bacgiang_bacgiangcity,163.7384067906104
2025-11-30 02:00:00+00:00,backan_backancity,96.76466522543663
2025-11-30 02:00:00+00:00,bacninh_bacninhcity,165.1732089913922
2025-11-30 02:00:00+00:00,baclieu_baclieucity,82.92320759964575
2025-11-30 02:00:00+00:00,angiang_longxuyen,67.7495698105941
2025-11-30 02:00:00+00:00,bentre_bentrecity,76.09868173833614
2025-11-30 02:00:00+00:00,bacgiang_bacgiangcity,163.59263511799838
2025-11-30 03:00:00+00:00,bentre_bentrecity,75.97394038602059
2025-11-30 03:00:00+00:00,bacgiang_bacgiangcity,163.0246370218943
2025-11-30 03:00:00+00:00,bacninh_bacninhcity,164.6023746183863
2025-11-30 03:00:00+00:00,backan_backancity,98.4902808289138
2025-11-30 03:00:00+00:00,baclieu_baclieucity,82.9222754664636
2025-11-30 03:00:00+00:00,angiang_longxuyen,68.64658599664583
2025-11-30 04:00:00+00:00,backan_backancity,99.96356062759877
2025-11-30 04:00:00+00:00,bacgiang_bacgiangcity,161.8222300789609
2025-11-30 04:00:00+00:00,bacninh_bacninhcity,163.62765242069636
2025-11-30 04:00:00+00:00,bentre_bentrecity,76.5962439631557
2025-11-30 04:00:00+00:00,angiang_longxuyen,69.69942045653202
2025-11-30 04:00:00+00:00,baclieu_baclieucity,83.01248801368466
2025-11-30 05:00:00+00:00,bacgiang_bacgiangcity,160.4453497368767
2025-11-30 05:00:00+00:00,backan_backancity,101.22883655786136
2025-11-30 05:00:00+00:00,bacninh_bacninhcity,162.54742470999497
2025-11-30 05:00:00+00:00,angiang_longxuyen,71.08842102231874
2025-11-30 05:00:00+00:00,bentre_bentrecity,78.3865303561876
2025-11-30 05:00:00+00:00,baclieu_baclieucity,83.50403872717983
2025-11-30 06:00:00+00:00,baclieu_baclieucity,84.65902401755565
2025-11-30 06:00:00+00:00,backan_backancity,102.75560653258484
2025-11-30 06:00:00+00:00,angiang_longxuyen,72.85800857557082
2025-11-30 06:00:00+00:00,bentre_bentrecity,81.97460506973334
2025-11-30 06:00:00+00:00,bacgiang_bacgiangcity,159.38352542568575
2025-11-30 06:00:00+00:00,bacninh_bacninhcity,161.72091667293438
2025-11-30 07:00:00+00:00,angiang_longxuyen,75.19414867079423
2025-11-30 07:00:00+00:00,bacgiang_bacgiangcity,158.82090578788933
2025-11-30 07:00:00+00:00,bentre_bentrecity,88.11483987421198
2025-11-30 07:00:00+00:00,backan_backancity,104.93155430655492
2025-11-30 07:00:00+00:00,bacninh_bacninhcity,161.2383458414051
2025-11-30 07:00:00+00:00,baclieu_baclieucity,86.67583622019012
2025-11-30 08:00:00+00:00,angiang_longxuyen,77.98232600499514
2025-11-30 08:00:00+00:00,bentre_bentrecity,96.63724585947347
2025-11-30 08:00:00+00:00,backan_backancity,107.71899141734647
2025-11-30 08:00:00+00:00,bacninh_bacninhcity,161.339180719167
2025-11-30 08:00:00+00:00,baclieu_baclieucity,89.99191870815694
2025-11-30 08:00:00+00:00,bacgiang_bacgiangcity,158.95783964161402
2025-11-30 09:00:00+00:00,angiang_longxuyen,81.0759738507885
2025-11-30 09:00:00+00:00,bentre_bentrecity,107.03809118189064
2025-11-30 09:00:00+00:00,bacgiang_bacgiangcity,159.6606281835908
2025-11-30 09:00:00+00:00,backan_backancity,110.87917276134966
2025-11-30 09:00:00+00:00,bacninh_bacninhcity,161.9495185973517
2025-11-30 09:00:00+00:00,baclieu_baclieucity,94.52633104244592
2025-11-30 10:00:00+00:00,bacgiang_bacgiangcity,160.65279173959254
2025-11-30 10:00:00+00:00,angiang_longxuyen,84.23504049809193
2025-11-30 10:00:00+00:00,backan_backancity,114.11223931857518
2025-11-30 10:00:00+00:00,bacninh_bacninhcity,162.8433047176172
2025-11-30 10:00:00+00:00,baclieu_baclieucity,99.70691573186113
2025-11-30 10:00:00+00:00,bentre_bentrecity,117.1794061080578
2025-11-30 11:00:00+00:00,bacgiang_bacgiangcity,162.47600436649938
2025-11-30 11:00:00+00:00,angiang_longxuyen,86.26822858594895
2025-11-30 11:00:00+00:00,backan_backancity,116.58813459041681
2025-11-30 11:00:00+00:00,baclieu_baclieucity,104.1831379699292
2025-11-30 11:00:00+00:00,bentre_bentrecity,123.6672524425163
2025-11-30 11:00:00+00:00,bacninh_bacninhcity,164.7791210267941
2025-11-30 12:00:00+00:00,backan_backancity,117.66560453275983
2025-11-30 12:00:00+00:00,bacninh_bacninhcity,166.71438902233444
2025-11-30 12:00:00+00:00,bentre_bentrecity,122.88982844526596
2025-11-30 12:00:00+00:00,bacgiang_bacgiangcity,164.25440481529168
2025-11-30 12:00:00+00:00,angiang_longxuyen,85.97156972372935
2025-11-30 12:00:00+00:00,baclieu_baclieucity,106.51093684395657
2025-11-30 13:00:00+00:00,bacninh_bacninhcity,167.21833411635043
2025-11-30 13:00:00+00:00,bacgiang_bacgiangcity,165.1090263878991
2025-11-30 13:00:00+00:00,baclieu_baclieucity,105.18823362766575
2025-11-30 13:00:00+00:00,bentre_bentrecity,113.84652653030216
2025-11-30 13:00:00+00:00,backan_backancity,116.51952560047592
2025-11-30 13:00:00+00:00,angiang_longxuyen,84.35036207136498
2025-11-30 14:00:00+00:00,bacgiang_bacgiangcity,165.5975738380668
2025-11-30 14:00:00+00:00,bentre_bentrecity,104.21267462859637
2025-11-30 14:00:00+00:00,backan_backancity,114.41912049161441
2025-11-30 14:00:00+00:00,baclieu_baclieucity,100.5694202476195
2025-11-30 14:00:00+00:00,bacninh_bacninhcity,167.06720392410847
2025-11-30 14:00:00+00:00,angiang_longxuyen,83.67832520122727
2025-11-30 15:00:00+00:00,bentre_bentrecity,99.20879522406618
2025-11-30 15:00:00+00:00,bacgiang_bacgiangcity,165.57384681161238
2025-11-30 15:00:00+00:00,angiang_longxuyen,84.9019419125564
2025-11-30 15:00:00+00:00,backan_backancity,112.34108907145892
2025-11-30 15:00:00+00:00,baclieu_baclieucity,93.78556679646849
2025-11-30 15:00:00+00:00,bacninh_bacninhcity,166.4311152436835
2025-11-30 16:00:00+00:00,bacgiang_bacgiangcity,165.13841101414886
2025-11-30 16:00:00+00:00,backan_backancity,110.73085766116445
2025-11-30 16:00:00+00:00,bacninh_bacninhcity,165.64008309890784
2025-11-30 16:00:00+00:00,baclieu_baclieucity,86.58820947023234
2025-11-30 16:00:00+00:00,bentre_bentrecity,98.89862572691683
2025-11-30 16:00:00+00:00,angiang_longxuyen,87.66015951427283
2025-11-30 17:00:00+00:00,bacninh_bacninhcity,165.29542810097962
2025-11-30 17:00:00+00:00,baclieu_baclieucity,80.2833353962912
2025-11-30 17:00:00+00:00,angiang_longxuyen,90.91880677189454
2025-11-30 17:00:00+00:00,backan_backancity,109.58897083586545
2025-11-30 17:00:00+00:00,bacgiang_bacgiangcity,164.66838161088833
2025-11-30 17:00:00+00:00,bentre_bentrecity,101.70202998003825
2025-11-30 18:00:00+00:00,angiang_longxuyen,93.96372448940672
2025-11-30 18:00:00+00:00,bentre_bentrecity,106.30090156697332
2025-11-30 18:00:00+00:00,baclieu_baclieucity,75.32661626071574
2025-11-30 18:00:00+00:00,bacgiang_bacgiangcity,164.34902879495226
2025-11-30 18:00:00+00:00,backan_backancity,108.63073044762329
2025-11-30 18:00:00+00:00,bacninh_bacninhcity,165.32153281474888
2025-11-30 19:00:00+00:00,backan_backancity,107.65718899350294
2025-11-30 19:00:00+00:00,bacninh_bacninhcity,165.54732837028095
2025-11-30 19:00:00+00:00,bacgiang_bacgiangcity,164.07652190225542
2025-11-30 19:00:00+00:00,bentre_bentrecity,111.73052189848075
2025-11-30 19:00:00+00:00,angiang_longxuyen,96.46241418720788
2025-11-30 19:00:00+00:00,baclieu_baclieucity,71.67162734483298
2025-11-30 20:00:00+00:00,backan_backancity,106.60118179152887
2025-11-30 20:00:00+00:00,bacninh_bacninhcity,165.86733417791146
2025-11-30 20:00:00+00:00,bentre_bentrecity,117.61291657695662
2025-11-30 20:00:00+00:00,angiang_longxuyen,98.21318539224198
2025-11-30 20:00:00+00:00,bacgiang_bacgiangcity,164.0411805960449
2025-11-30 20:00:00+00:00,baclieu_baclieucity,68.97768767841237
2025-11-30 21:00:00+00:00,backan_backancity,105.39884525705106
2025-11-30 21:00:00+00:00,bentre_bentrecity,123.42782630844651
2025-11-30 21:00:00+00:00,bacninh_bacninhcity,166.38381571552677
2025-11-30 21:00:00+00:00,angiang_longxuyen,99.34542766106169
2025-11-30 21:00:00+00:00,baclieu_baclieucity,67.06519463746662
2025-11-30 21:00:00+00:00,bacgiang_bacgiangcity,164.33062041077238
2025-11-30 22:00:00+00:00,bacgiang_bacgiangcity,164.3424440466442
2025-11-30 22:00:00+00:00,angiang_longxuyen,99.87665011232875
2025-11-30 22:00:00+00:00,baclieu_baclieucity,65.61623099085352
2025-11-30 22:00:00+00:00,backan_backancity,104.0765632453265
2025-11-30 22:00:00+00:00,bentre_bentrecity,128.69361613310534
2025-11-30 22:00:00+00:00,bacninh_bacninhcity,166.5293979707007
2025-11-30 23:00:00+00:00,baclieu_baclieucity,64.40485413529305
2025-11-30 23:00:00+00:00,backan_backancity,102.67904387949554
2025-11-30 23:00:00+00:00,bentre_bentrecity,133.0728201924805
2025-11-30 23:00:00+00:00,bacgiang_bacgiangcity,164.19989247047957
2025-11-30 23:00:00+00:00,angiang_longxuyen,99.85074462956547
2025-11-30 23:00:00+00:00,bacninh_bacninhcity,166.36242151436238
2025-12-01 00:00:00+00:00,baclieu_baclieucity,63.28334588476345
2025-12-01 00:00:00+00:00,bacgiang_bacgiangcity,163.88997563376162
2025-12-01 00:00:00+00:00,angiang_longxuyen,99.53937320400145
2025-12-01 00:00:00+00:00,bentre_bentrecity,136.58951942455545
2025-12-01 00:00:00+00:00,bacninh_bacninhcity,166.09034828790539
2025-12-01 00:00:00+00:00,backan_backancity,101.26444329771863
2025-12-01 01:00:00+00:00,backan_backancity,100.04331564991179
2025-12-01 01:00:00+00:00,baclieu_baclieucity,62.268529498567986
2025-12-01 01:00:00+00:00,bacninh_bacninhcity,165.60276786360578
2025-12-01 01:00:00+00:00,bentre_bentrecity,139.24651272121133
2025-12-01 01:00:00+00:00,bacgiang_bacgiangcity,163.2701668836728
2025-12-01 01:00:00+00:00,angiang_longxuyen,99.21168415153876
2025-12-01 02:00:00+00:00,backan_backancity,98.89877168426838
2025-12-01 02:00:00+00:00,baclieu_baclieucity,61.15862555845558
2025-12-01 02:00:00+00:00,bacninh_bacninhcity,165.15020972667355
2025-12-01 02:00:00+00:00,bentre_bentrecity,141.12130172264
2025-12-01 02:00:00+00:00,bacgiang_bacgiangcity,162.60217133426997
2025-12-01 02:00:00+00:00,angiang_longxuyen,98.60890256488686
2025-12-01 03:00:00+00:00,backan_backancity,97.78517971186649
2025-12-01 03:00:00+00:00,baclieu_baclieucity,60.18803814405216
2025-12-01 03:00:00+00:00,bacninh_bacninhcity,164.567412147052
2025-12-01 03:00:00+00:00,bacgiang_bacgiangcity,161.78383815506345
2025-12-01 03:00:00+00:00,angiang_longxuyen,98.14796130438125
2025-12-01 03:00:00+00:00,bentre_bentrecity,142.10191081491877
2025-12-01 04:00:00+00:00,angiang_longxuyen,98.0542700809865
2025-12-01 04:00:00+00:00,bacninh_bacninhcity,163.7537645571033
2025-12-01 04:00:00+00:00,baclieu_baclieucity,59.67788215193489
2025-12-01 04:00:00+00:00,bentre_bentrecity,142.52916676985882
2025-12-01 04:00:00+00:00,backan_backancity,96.64873365324291
2025-12-01 04:00:00+00:00,bacgiang_bacgiangcity,160.89197113252587
2025-12-01 05:00:00+00:00,angiang_longxuyen,98.42206516054456
2025-12-01 05:00:00+00:00,bentre_bentrecity,143.072266442194
2025-12-01 05:00:00+00:00,backan_backancity,95.37161305803437
2025-12-01 05:00:00+00:00,baclieu_baclieucity,59.93490167673386
2025-12-01 05:00:00+00:00,bacninh_bacninhcity,162.97550313538986
2025-12-01 05:00:00+00:00,bacgiang_bacgiangcity,159.9896163655219
2025-12-01 06:00:00+00:00,backan_backancity,93.90646870716081
2025-12-01 06:00:00+00:00,angiang_longxuyen,99.43374603390193
2025-12-01 06:00:00+00:00,bacgiang_bacgiangcity,159.07742684574598
2025-12-01 06:00:00+00:00,baclieu_baclieucity,61.01095472679332
2025-12-01 06:00:00+00:00,bacninh_bacninhcity,162.20521718475354
2025-12-01 06:00:00+00:00,bentre_bentrecity,144.85054725892013
2025-12-01 07:00:00+00:00,bacninh_bacninhcity,161.43261336283544
2025-12-01 07:00:00+00:00,angiang_longxuyen,101.47109024566146
2025-12-01 07:00:00+00:00,baclieu_baclieucity,62.96506228041866
2025-12-01 07:00:00+00:00,bacgiang_bacgiangcity,158.2207715280139
2025-12-01 07:00:00+00:00,bentre_bentrecity,148.89276523427466
2025-12-01 07:00:00+00:00,backan_backancity,92.56166408973121
2025-12-01 08:00:00+00:00,bacninh_bacninhcity,160.83150709242247
2025-12-01 08:00:00+00:00,angiang_longxuyen,104.60259042488724
2025-12-01 08:00:00+00:00,backan_backancity,91.35477343665163
2025-12-01 08:00:00+00:00,bacgiang_bacgiangcity,157.6500767257519
2025-12-01 08:00:00+00:00,bentre_bentrecity,156.17503827338604
2025-12-01 08:00:00+00:00,baclieu_baclieucity,65.71464830394515
2025-12-01 09:00:00+00:00,bacninh_bacninhcity,160.42004755488455
2025-12-01 09:00:00+00:00,bacgiang_bacgiangcity,157.4456803560536
2025-12-01 09:00:00+00:00,baclieu_baclieucity,69.05124893742523
2025-12-01 09:00:00+00:00,backan_backancity,90.53178208386912
2025-12-01 09:00:00+00:00,bentre_bentrecity,167.00023987507723
2025-12-01 09:00:00+00:00,angiang_longxuyen,109.37236825691713
2025-12-01 10:00:00+00:00,baclieu_baclieucity,72.4664303920273
2025-12-01 10:00:00+00:00,backan_backancity,90.07683691336688
2025-12-01 10:00:00+00:00,bacninh_bacninhcity,160.28784415244246
2025-12-01 10:00:00+00:00,angiang_longxuyen,115.07968016040522
2025-12-01 10:00:00+00:00,bentre_bentrecity,179.09063531575643
2025-12-01 10:00:00+00:00,bacgiang_bacgiangcity,157.58602372366377
2025-12-01 11:00:00+00:00,bacgiang_bacgiangcity,158.28236210340694
2025-12-01 11:00:00+00:00,baclieu_baclieucity,75.04236548685783
2025-12-01 11:00:00+00:00,backan_backancity,89.69546857896944
2025-12-01 11:00:00+00:00,angiang_longxuyen,119.49948809073439
2025-12-01 11:00:00+00:00,bentre_bentrecity,188.2555681493157
2025-12-01 11:00:00+00:00,bacninh_bacninhcity,160.90172613058706
2025-12-01 12:00:00+00:00,backan_backancity,89.17649844514459
2025-12-01 12:00:00+00:00,angiang_longxuyen,119.4387897711681
2025-12-01 12:00:00+00:00,bacninh_bacninhcity,161.7649412732801
2025-12-01 12:00:00+00:00,bentre_bentrecity,190.6602723724552
2025-12-01 12:00:00+00:00,baclieu_baclieucity,75.44542585641769
2025-12-01 12:00:00+00:00,bacgiang_bacgiangcity,159.36952847394542
2025-12-01 13:00:00+00:00,baclieu_baclieucity,73.27101336062995
2025-12-01 13:00:00+00:00,bacninh_bacninhcity,162.5148349413061
2025-12-01 13:00:00+00:00,angiang_longxuyen,113.83904454149793
2025-12-01 13:00:00+00:00,bentre_bentrecity,183.43244189278403
2025-12-01 13:00:00+00:00,bacgiang_bacgiangcity,160.47749088531748
2025-12-01 13:00:00+00:00,backan_backancity,89.36451519111823
2025-12-01 14:00:00+00:00,bacgiang_bacgiangcity,160.97722393367084
2025-12-01 14:00:00+00:00,bacninh_bacninhcity,162.38565224853448
2025-12-01 14:00:00+00:00,angiang_longxuyen,105.76232236672129
2025-12-01 14:00:00+00:00,bentre_bentrecity,171.78325948142984
2025-12-01 14:00:00+00:00,baclieu_baclieucity,69.13518080117305
2025-12-01 14:00:00+00:00,backan_backancity,90.0227495116231
2025-12-01 15:00:00+00:00,bacgiang_bacgiangcity,161.05033906477033
2025-12-01 15:00:00+00:00,baclieu_baclieucity,64.29211337461386
2025-12-01 15:00:00+00:00,angiang_longxuyen,98.25372586443177
2025-12-01 15:00:00+00:00,backan_backancity,91.17984518641596
2025-12-01 15:00:00+00:00,bentre_bentrecity,160.78783640360584
2025-12-01 15:00:00+00:00,bacninh_bacninhcity,161.77836997270617
2025-12-01 16:00:00+00:00,backan_backancity,92.78145124935727
2025-12-01 16:00:00+00:00,baclieu_baclieucity,59.84722881858393
2025-12-01 16:00:00+00:00,angiang_longxuyen,92.45331170739546
2025-12-01 16:00:00+00:00,bentre_bentrecity,152.59655406381052
2025-12-01 16:00:00+00:00,bacgiang_bacgiangcity,160.80196295675117
2025-12-01 16:00:00+00:00,bacninh_bacninhcity,161.07064660800043
2025-12-01 17:00:00+00:00,backan_backancity,94.864618125186
2025-12-01 17:00:00+00:00,baclieu_baclieucity,56.34013005981806
2025-12-01 17:00:00+00:00,bacgiang_bacgiangcity,160.44153148009852
2025-12-01 17:00:00+00:00,angiang_longxuyen,88.35417753039951
2025-12-01 17:00:00+00:00,bentre_bentrecity,146.59624329162682
2025-12-01 17:00:00+00:00,bacninh_bacninhcity,160.58326557047775
2025-12-01 18:00:00+00:00,baclieu_baclieucity,53.79443944671279
2025-12-01 18:00:00+00:00,bacninh_bacninhcity,160.47831834044172
2025-12-01 18:00:00+00:00,bacgiang_bacgiangcity,160.1921434841865
2025-12-01 18:00:00+00:00,angiang_longxuyen,85.43128265111619
2025-12-01 18:00:00+00:00,backan_backancity,97.46248374045665
2025-12-01 18:00:00+00:00,bentre_bentrecity,141.98065374653004
2025-12-01 19:00:00+00:00,bentre_bentrecity,138.1214180010317
2025-12-01 19:00:00+00:00,baclieu_baclieucity,52.185487850292716
2025-12-01 19:00:00+00:00,bacgiang_bacgiangcity,160.05815058542146
2025-12-01 19:00:00+00:00,angiang_longxuyen,83.36596836882666
2025-12-01 19:00:00+00:00,bacninh_bacninhcity,160.6065888387089
2025-12-01 19:00:00+00:00,backan_backancity,100.29349137936363
2025-12-01 20:00:00+00:00,bacgiang_bacgiangcity,160.01016317288435
2025-12-01 20:00:00+00:00,bentre_bentrecity,135.00587499479695
2025-12-01 20:00:00+00:00,bacninh_bacninhcity,160.79795528253493
2025-12-01 20:00:00+00:00,baclieu_baclieucity,51.279145347750195
2025-12-01 20:00:00+00:00,backan_backancity,103.21652146780504
2025-12-01 20:00:00+00:00,angiang_longxuyen,81.72285932518412
2025-12-01 21:00:00+00:00,bentre_bentrecity,132.3142930770135
2025-12-01 21:00:00+00:00,bacninh_bacninhcity,161.04200469749475
2025-12-01 21:00:00+00:00,baclieu_baclieucity,50.89030125538531
2025-12-01 21:00:00+00:00,angiang_longxuyen,80.21771720800422
2025-12-01 21:00:00+00:00,backan_backancity,106.18036727565095
2025-12-01 21:00:00+00:00,bacgiang_bacgiangcity,159.98681996597549
2025-12-01 22:00:00+00:00,angiang_longxuyen,78.86546736370738
2025-12-01 22:00:00+00:00,baclieu_baclieucity,50.660378393570845
2025-12-01 22:00:00+00:00,bacninh_bacninhcity,161.2588826794287
2025-12-01 22:00:00+00:00,bentre_bentrecity,129.88322992196413
2025-12-01 22:00:00+00:00,backan_backancity,109.06174982797786
2025-12-01 22:00:00+00:00,bacgiang_bacgiangcity,159.95978311902405
2025-12-01 23:00:00+00:00,bacninh_bacninhcity,161.4778592071898
2025-12-01 23:00:00+00:00,angiang_longxuyen,77.61265295123188
2025-12-01 23:00:00+00:00,bacgiang_bacgiangcity,159.88680755866844
2025-12-01 23:00:00+00:00,bentre_bentrecity,127.43205362579212
2025-12-01 23:00:00+00:00,backan_backancity,111.83209699965198
2025-12-01 23:00:00+00:00,baclieu_baclieucity,50.57662099325284
2025-12-02 00:00:00+00:00,bacgiang_bacgiangcity,159.7238886232406
2025-12-02 00:00:00+00:00,bentre_bentrecity,124.62952792065654
2025-12-02 00:00:00+00:00,baclieu_baclieucity,50.62107427516892
2025-12-02 00:00:00+00:00,bacninh_bacninhcity,161.63308679769764
2025-12-02 00:00:00+00:00,backan_backancity,114.45573164236045
2025-12-02 00:00:00+00:00,angiang_longxuyen,76.58442281961858
2025-12-02 01:00:00+00:00,bentre_bentrecity,121.9741546415632
2025-12-02 01:00:00+00:00,angiang_longxuyen,75.99717393020212
2025-12-02 01:00:00+00:00,backan_backancity,116.37107466804892
2025-12-02 01:00:00+00:00,baclieu_baclieucity,50.73290533367839
2025-12-02 01:00:00+00:00,bacninh_bacninhcity,161.96937752033375
2025-12-02 01:00:00+00:00,bacgiang_bacgiangcity,159.80520852021067
2025-12-02 02:00:00+00:00,backan_backancity,117.39062649019642
2025-12-02 02:00:00+00:00,baclieu_baclieucity,50.72309550425353
2025-12-02 02:00:00+00:00,bacgiang_bacgiangcity,159.21985878984447
2025-12-02 02:00:00+00:00,angiang_longxuyen,75.2946146830188
2025-12-02 02:00:00+00:00,bentre_bentrecity,118.62476708484527
2025-12-02 02:00:00+00:00,bacninh_bacninhcity,161.68037635651552
2025-12-02 03:00:00+00:00,bacninh_bacninhcity,160.73480949028186
2025-12-02 03:00:00+00:00,baclieu_baclieucity,50.82755423668608
2025-12-02 03:00:00+00:00,bacgiang_bacgiangcity,158.09665325937624
2025-12-02 03:00:00+00:00,bentre_bentrecity,115.06447691866445
2025-12-02 03:00:00+00:00,backan_backancity,117.60999182217256
2025-12-02 03:00:00+00:00,angiang_longxuyen,74.69044284091058
2025-12-02 04:00:00+00:00,bentre_bentrecity,112.01599890101676
2025-12-02 04:00:00+00:00,backan_backancity,117.43265722277283
2025-12-02 04:00:00+00:00,bacninh_bacninhcity,159.15633914738464
2025-12-02 04:00:00+00:00,bacgiang_bacgiangcity,156.41185493301276
2025-12-02 04:00:00+00:00,angiang_longxuyen,74.30257823608736
2025-12-02 04:00:00+00:00,baclieu_baclieucity,51.3752148815435
2025-12-02 05:00:00+00:00,backan_backancity,116.82567901177936
2025-12-02 05:00:00+00:00,bacninh_bacninhcity,157.50334301194118
2025-12-02 05:00:00+00:00,angiang_longxuyen,74.48411740414554
2025-12-02 05:00:00+00:00,bentre_bentrecity,109.94386559095628
2025-12-02 05:00:00+00:00,baclieu_baclieucity,52.44915692410224
2025-12-02 05:00:00+00:00,bacgiang_bacgiangcity,154.67901934741795
2025-12-02 06:00:00+00:00,baclieu_baclieucity,53.81065956101588
2025-12-02 06:00:00+00:00,bacninh_bacninhcity,156.12256465836802
2025-12-02 06:00:00+00:00,bacgiang_bacgiangcity,153.23237855675606
2025-12-02 06:00:00+00:00,backan_backancity,116.3381733575211
2025-12-02 06:00:00+00:00,bentre_bentrecity,109.74858244313099
2025-12-02 06:00:00+00:00,angiang_longxuyen,75.51791790383926
2025-12-02 07:00:00+00:00,bentre_bentrecity,111.50104267224495
2025-12-02 07:00:00+00:00,backan_backancity,116.26773748623658
2025-12-02 07:00:00+00:00,baclieu_baclieucity,55.454857754927396
2025-12-02 07:00:00+00:00,bacgiang_bacgiangcity,152.28669205845623
2025-12-02 07:00:00+00:00,angiang_longxuyen,77.51243866481317
2025-12-02 07:00:00+00:00,bacninh_bacninhcity,155.24545724199254
2025-12-02 08:00:00+00:00,backan_backancity,116.93940424466963
2025-12-02 08:00:00+00:00,baclieu_baclieucity,57.41504411291432
2025-12-02 08:00:00+00:00,bacninh_bacninhcity,155.00981696434968
2025-12-02 08:00:00+00:00,angiang_longxuyen,80.26952412348687
2025-12-02 08:00:00+00:00,bentre_bentrecity,114.30533544269105
2025-12-02 08:00:00+00:00,bacgiang_bacgiangcity,152.06289037069345
2025-12-02 09:00:00+00:00,bentre_bentrecity,117.29960642652881
2025-12-02 09:00:00+00:00,backan_backancity,118.35915772846278
2025-12-02 09:00:00+00:00,baclieu_baclieucity,59.21794670425635
2025-12-02 09:00:00+00:00,angiang_longxuyen,83.14021269064999
2025-12-02 09:00:00+00:00,bacninh_bacninhcity,155.50222254865093
2025-12-02 09:00:00+00:00,bacgiang_bacgiangcity,152.58113648128457
2025-12-02 10:00:00+00:00,bentre_bentrecity,119.70997323413309
2025-12-02 10:00:00+00:00,bacgiang_bacgiangcity,153.64094698602855
2025-12-02 10:00:00+00:00,baclieu_baclieucity,60.36958229677977
2025-12-02 10:00:00+00:00,angiang_longxuyen,85.87338170543119
2025-12-02 10:00:00+00:00,bacninh_bacninhcity,156.45954825005396
2025-12-02 10:00:00+00:00,backan_backancity,120.26684804041929
2025-12-02 11:00:00+00:00,bacgiang_bacgiangcity,155.47171138711155
2025-12-02 11:00:00+00:00,angiang_longxuyen,87.72729678056655
2025-12-02 11:00:00+00:00,backan_backancity,122.35758039826507
2025-12-02 11:00:00+00:00,bentre_bentrecity,121.02798213799461
2025-12-02 11:00:00+00:00,baclieu_baclieucity,60.511789930754205
2025-12-02 11:00:00+00:00,bacninh_bacninhcity,158.10998226541386
2025-12-02 12:00:00+00:00,backan_backancity,124.08504749489111
2025-12-02 12:00:00+00:00,bacgiang_bacgiangcity,157.6775671776208
2025-12-02 12:00:00+00:00,bentre_bentrecity,121.23135415812641
2025-12-02 12:00:00+00:00,angiang_longxuyen,87.81612109735323
2025-12-02 12:00:00+00:00,bacninh_bacninhcity,159.9951543332511
2025-12-02 12:00:00+00:00,baclieu_baclieucity,59.59012953907419
2025-12-02 13:00:00+00:00,angiang_longxuyen,86.45877879015693
2025-12-02 13:00:00+00:00,baclieu_baclieucity,58.10056576000915
2025-12-02 13:00:00+00:00,bacninh_bacninhcity,162.2815524123004
2025-12-02 13:00:00+00:00,bacgiang_bacgiangcity,160.3247257215047
2025-12-02 13:00:00+00:00,backan_backancity,125.21055594263285
2025-12-02 13:00:00+00:00,bentre_bentrecity,120.30650607035025
2025-12-02 14:00:00+00:00,angiang_longxuyen,84.38889730450838
2025-12-02 14:00:00+00:00,baclieu_baclieucity,56.498273681938464
2025-12-02 14:00:00+00:00,backan_backancity,125.7174419916085
2025-12-02 14:00:00+00:00,bentre_bentrecity,119.2912834335968
2025-12-02 14:00:00+00:00,bacgiang_bacgiangcity,163.03829003144446
2025-12-02 14:00:00+00:00,bacninh_bacninhcity,164.2824485654666
2025-12-02 15:00:00+00:00,bacninh_bacninhcity,166.110426536342
2025-12-02 15:00:00+00:00,bacgiang_bacgiangcity,165.4547132123979
2025-12-02 15:00:00+00:00,baclieu_baclieucity,55.241045344688715
2025-12-02 15:00:00+00:00,backan_backancity,126.27159267605492
2025-12-02 15:00:00+00:00,angiang_longxuyen,82.3867038911248
2025-12-02 15:00:00+00:00,bentre_bentrecity,118.21287512723488
2025-12-02 16:00:00+00:00,bacgiang_bacgiangcity,167.4357504425821
2025-12-02 16:00:00+00:00,baclieu_baclieucity,54.36049850641124
2025-12-02 16:00:00+00:00,bacninh_bacninhcity,167.40834473009335
2025-12-02 16:00:00+00:00,angiang_longxuyen,81.12132437320076
2025-12-02 16:00:00+00:00,backan_backancity,126.94109359562358
2025-12-02 16:00:00+00:00,bentre_bentrecity,117.31664651895201
2025-12-02 17:00:00+00:00,angiang_longxuyen,80.69216178220634
2025-12-02 17:00:00+00:00,backan_backancity,127.63962772224767
2025-12-02 17:00:00+00:00,baclieu_baclieucity,53.89579273009469
2025-12-02 17:00:00+00:00,bacninh_bacninhcity,168.54685319569077
2025-12-02 17:00:00+00:00,bacgiang_bacgiangcity,168.86299089984888
2025-12-02 17:00:00+00:00,bentre_bentrecity,117.0646440639275
2025-12-02 18:00:00+00:00,bentre_bentrecity,117.35377482915072
2025-12-02 18:00:00+00:00,backan_backancity,128.20731178417807
2025-12-02 18:00:00+00:00,bacninh_bacninhcity,169.62664724015235
2025-12-02 18:00:00+00:00,bacgiang_bacgiangcity,170.09481237704858
2025-12-02 18:00:00+00:00,angiang_longxuyen,81.10207856455779
2025-12-02 18:00:00+00:00,baclieu_baclieucity,53.94375023461529
2025-12-02 19:00:00+00:00,bacninh_bacninhcity,170.87606958508536
2025-12-02 19:00:00+00:00,bacgiang_bacgiangcity,171.13353773013242
2025-12-02 19:00:00+00:00,angiang_longxuyen,82.35364057884073
2025-12-02 19:00:00+00:00,backan_backancity,128.4917195751228
2025-12-02 19:00:00+00:00,bentre_bentrecity,118.24423742107828
2025-12-02 19:00:00+00:00,baclieu_baclieucity,54.70338394669423
2025-12-02 20:00:00+00:00,bentre_bentrecity,119.64104522534909
2025-12-02 20:00:00+00:00,backan_backancity,128.37602041314094
2025-12-02 20:00:00+00:00,bacninh_bacninhcity,171.93589005916817
2025-12-02 20:00:00+00:00,angiang_longxuyen,84.70938413273822
2025-12-02 20:00:00+00:00,bacgiang_bacgiangcity,172.04805010585957
2025-12-02 20:00:00+00:00,baclieu_baclieucity,55.980855026471595
2025-12-02 21:00:00+00:00,backan_backancity,127.82641574720849
2025-12-02 21:00:00+00:00,bacninh_bacninhcity,172.4818110543969
2025-12-02 21:00:00+00:00,bentre_bentrecity,121.23424028172244
2025-12-02 21:00:00+00:00,bacgiang_bacgiangcity,172.4537972122385
2025-12-02 21:00:00+00:00,angiang_longxuyen,88.11644369159889
2025-12-02 21:00:00+00:00,baclieu_baclieucity,57.531311527210434
2025-12-02 22:00:00+00:00,baclieu_baclieucity,59.19117902945377
2025-12-02 22:00:00+00:00,angiang_longxuyen,92.50740533997602
2025-12-02 22:00:00+00:00,bentre_bentrecity,123.12040928344429
2025-12-02 22:00:00+00:00,bacgiang_bacgiangcity,172.11695319129643
2025-12-02 22:00:00+00:00,bacninh_bacninhcity,172.2538820603517
2025-12-02 22:00:00+00:00,backan_backancity,126.75552432233674
2025-12-02 23:00:00+00:00,bacgiang_bacgiangcity,171.32010393730388
2025-12-02 23:00:00+00:00,bentre_bentrecity,125.46014332532184
2025-12-02 23:00:00+00:00,backan_backancity,125.21222580688962
2025-12-02 23:00:00+00:00,bacninh_bacninhcity,171.60063116310266
2025-12-02 23:00:00+00:00,angiang_longxuyen,97.66727545674854
2025-12-02 23:00:00+00:00,baclieu_baclieucity,60.87676244125139
2025-12-03 00:00:00+00:00,baclieu_baclieucity,62.691321682039565
2025-12-03 00:00:00+00:00,bentre_bentrecity,128.12148823838416
2025-12-03 00:00:00+00:00,angiang_longxuyen,105.49015879313096
2025-12-03 00:00:00+00:00,backan_backancity,123.36478768658603
2025-12-03 00:00:00+00:00,bacninh_bacninhcity,170.61319805838355
2025-12-03 00:00:00+00:00,bacgiang_bacgiangcity,170.1059431438706
2025-12-03 01:00:00+00:00,bacgiang_bacgiangcity,168.98599260253573
2025-12-03 01:00:00+00:00,baclieu_baclieucity,65.43716671116395
2025-12-03 01:00:00+00:00,backan_backancity,120.80186008661533
2025-12-03 01:00:00+00:00,bacninh_bacninhcity,169.73524823287556
2025-12-03 01:00:00+00:00,bentre_bentrecity,130.02330910209486
2025-12-03 01:00:00+00:00,angiang_longxuyen,112.48366557097069
2025-12-03 02:00:00+00:00,bentre_bentrecity,132.1831763325057
2025-12-03 02:00:00+00:00,bacninh_bacninhcity,168.3634721922807
2025-12-03 02:00:00+00:00,bacgiang_bacgiangcity,167.33558849519233
2025-12-03 02:00:00+00:00,backan_backancity,118.45358356751379
2025-12-03 02:00:00+00:00,baclieu_baclieucity,67.92749260098574
2025-12-03 02:00:00+00:00,angiang_longxuyen,118.703609601112
2025-12-03 03:00:00+00:00,baclieu_baclieucity,69.76443799215352
2025-12-03 03:00:00+00:00,bacninh_bacninhcity,166.9368946960472
2025-12-03 03:00:00+00:00,bentre_bentrecity,133.4570036189347
2025-12-03 03:00:00+00:00,angiang_longxuyen,123.58269749509057
2025-12-03 03:00:00+00:00,bacgiang_bacgiangcity,165.6122337508404
2025-12-03 03:00:00+00:00,backan_backancity,116.99879907318176
2025-12-03 04:00:00+00:00,bentre_bentrecity,133.96767053966784
2025-12-03 04:00:00+00:00,bacninh_bacninhcity,165.9533296948005
2025-12-03 04:00:00+00:00,angiang_longxuyen,127.25918030552617
2025-12-03 04:00:00+00:00,bacgiang_bacgiangcity,164.41505074146252
2025-12-03 04:00:00+00:00,backan_backancity,116.7687042402722
2025-12-03 04:00:00+00:00,baclieu_baclieucity,71.24433151253754
2025-12-03 05:00:00+00:00,backan_backancity,117.75558653902004
2025-12-03 05:00:00+00:00,bacninh_bacninhcity,165.4619908297558
2025-12-03 05:00:00+00:00,bacgiang_bacgiangcity,163.91319920860428
2025-12-03 05:00:00+00:00,bentre_bentrecity,134.8119863082428
2025-12-03 05:00:00+00:00,angiang_longxuyen,130.09877450482736
2025-12-03 05:00:00+00:00,baclieu_baclieucity,72.5166434594619
2025-12-03 06:00:00+00:00,bacgiang_bacgiangcity,164.09083288816942
2025-12-03 06:00:00+00:00,angiang_longxuyen,132.55504762548458
2025-12-03 06:00:00+00:00,bentre_bentrecity,136.10822965306792
2025-12-03 06:00:00+00:00,bacninh_bacninhcity,165.6001758355057
2025-12-03 06:00:00+00:00,backan_backancity,119.6682714897386
2025-12-03 06:00:00+00:00,baclieu_baclieucity,74.06475218090242
2025-12-03 07:00:00+00:00,angiang_longxuyen,134.9058476334816
2025-12-03 07:00:00+00:00,backan_backancity,122.17884759909215
2025-12-03 07:00:00+00:00,baclieu_baclieucity,76.4258330695848
2025-12-03 07:00:00+00:00,bacgiang_bacgiangcity,164.6921684533758
2025-12-03 07:00:00+00:00,bentre_bentrecity,137.9536439975857
2025-12-03 07:00:00+00:00,bacninh_bacninhcity,166.14249789941087
2025-12-03 08:00:00+00:00,bentre_bentrecity,139.74203372390207
2025-12-03 08:00:00+00:00,baclieu_baclieucity,79.28191655533794
2025-12-03 08:00:00+00:00,backan_backancity,125.14508480209385
2025-12-03 08:00:00+00:00,angiang_longxuyen,136.95928469470303
2025-12-03 08:00:00+00:00,bacgiang_bacgiangcity,165.50588582869648
2025-12-03 08:00:00+00:00,bacninh_bacninhcity,166.85925846978088
2025-12-03 09:00:00+00:00,baclieu_baclieucity,81.71061074624396
2025-12-03 09:00:00+00:00,bacninh_bacninhcity,167.52938247302745
2025-12-03 09:00:00+00:00,bentre_bentrecity,141.10091940936854
2025-12-03 09:00:00+00:00,angiang_longxuyen,138.41603439495515
2025-12-03 09:00:00+00:00,backan_backancity,128.31515012247957
2025-12-03 09:00:00+00:00,bacgiang_bacgiangcity,166.29823392619988
2025-12-03 10:00:00+00:00,bacgiang_bacgiangcity,167.01185415483326
2025-12-03 10:00:00+00:00,angiang_longxuyen,139.15235979281124
2025-12-03 10:00:00+00:00,backan_backancity,131.46299627891136
2025-12-03 10:00:00+00:00,baclieu_baclieucity,83.006072744137
2025-12-03 10:00:00+00:00,bentre_bentrecity,142.47897114876722
2025-12-03 10:00:00+00:00,bacninh_bacninhcity,168.1159684014106
2025-12-03 11:00:00+00:00,angiang_longxuyen,138.96713196937986
2025-12-03 11:00:00+00:00,backan_backancity,134.25937837898286
2025-12-03 11:00:00+00:00,bacgiang_bacgiangcity,167.7066622410635
2025-12-03 11:00:00+00:00,bacninh_bacninhcity,168.69567050132036
2025-12-03 11:00:00+00:00,bentre_bentrecity,143.8452540836577
2025-12-03 11:00:00+00:00,baclieu_baclieucity,82.80756077669282
2025-12-03 12:00:00+00:00,baclieu_baclieucity,81.6614058282002
2025-12-03 12:00:00+00:00,bacgiang_bacgiangcity,168.18193053188782
2025-12-03 12:00:00+00:00,bacninh_bacninhcity,169.08842755918246
2025-12-03 12:00:00+00:00,bentre_bentrecity,143.78989434504365
2025-12-03 12:00:00+00:00,backan_backancity,136.58384936308656
2025-12-03 12:00:00+00:00,angiang_longxuyen,137.62697368693637
2025-12-03 13:00:00+00:00,angiang_longxuyen,134.9818389188383
2025-12-03 13:00:00+00:00,backan_backancity,138.7563751614976
2025-12-03 13:00:00+00:00,bentre_bentrecity,142.7220884305449
2025-12-03 13:00:00+00:00,baclieu_baclieucity,80.03565340348925
2025-12-03 13:00:00+00:00,bacninh_bacninhcity,169.13418183981798
2025-12-03 13:00:00+00:00,bacgiang_bacgiangcity,168.30624320263297
2025-12-03 14:00:00+00:00,bacninh_bacninhcity,168.90224517155656
2025-12-03 14:00:00+00:00,bentre_bentrecity,140.90195632934157
2025-12-03 14:00:00+00:00,baclieu_baclieucity,78.24390151764692
2025-12-03 14:00:00+00:00,backan_backancity,140.56433469996946
2025-12-03 14:00:00+00:00,bacgiang_bacgiangcity,168.11716472207218
2025-12-03 14:00:00+00:00,angiang_longxuyen,132.10254182758132
2025-12-03 15:00:00+00:00,angiang_longxuyen,129.49666880819507
2025-12-03 15:00:00+00:00,backan_backancity,142.0508428766781
2025-12-03 15:00:00+00:00,bentre_bentrecity,139.25812700096736
2025-12-03 15:00:00+00:00,baclieu_baclieucity,76.5284948286903
2025-12-03 15:00:00+00:00,bacninh_bacninhcity,168.56689156677203
2025-12-03 15:00:00+00:00,bacgiang_bacgiangcity,167.6708673299355
2025-12-03 16:00:00+00:00,bacninh_bacninhcity,168.02615961241287
2025-12-03 16:00:00+00:00,angiang_longxuyen,127.50152994821266
2025-12-03 16:00:00+00:00,backan_backancity,143.22249440927038
2025-12-03 16:00:00+00:00,bentre_bentrecity,137.65753967983943
2025-12-03 16:00:00+00:00,baclieu_baclieucity,75.21000490422944
2025-12-03 16:00:00+00:00,bacgiang_bacgiangcity,166.99724408875386
2025-12-03 17:00:00+00:00,bacgiang_bacgiangcity,166.15098180676915
2025-12-03 17:00:00+00:00,angiang_longxuyen,125.69508076457603
2025-12-03 17:00:00+00:00,bacninh_bacninhcity,167.27637062244474
2025-12-03 17:00:00+00:00,backan_backancity,144.0947367882888
2025-12-03 17:00:00+00:00,bentre_bentrecity,135.6405031670809
2025-12-03 17:00:00+00:00,baclieu_baclieucity,74.40165103320814
2025-12-03 18:00:00+00:00,angiang_longxuyen,123.55341754689871
2025-12-03 18:00:00+00:00,bacninh_bacninhcity,166.36240157568471
2025-12-03 18:00:00+00:00,baclieu_baclieucity,74.16286044448981
2025-12-03 18:00:00+00:00,bentre_bentrecity,133.1056965796612
2025-12-03 18:00:00+00:00,backan_backancity,144.72096080792525
2025-12-03 18:00:00+00:00,bacgiang_bacgiangcity,165.26103886662895
2025-12-03 19:00:00+00:00,backan_backancity,145.1833686516377
2025-12-03 19:00:00+00:00,bacninh_bacninhcity,165.26988665485513
2025-12-03 19:00:00+00:00,angiang_longxuyen,120.97519947347236
2025-12-03 19:00:00+00:00,baclieu_baclieucity,74.49899664237378
2025-12-03 19:00:00+00:00,bentre_bentrecity,130.1773852339659
2025-12-03 19:00:00+00:00,bacgiang_bacgiangcity,164.23157502933344
2025-12-03 20:00:00+00:00,bacninh_bacninhcity,163.89942158231858
2025-12-03 20:00:00+00:00,bentre_bentrecity,126.65960931329556
2025-12-03 20:00:00+00:00,baclieu_baclieucity,75.32757830191441
2025-12-03 20:00:00+00:00,angiang_longxuyen,118.06576631705008
2025-12-03 20:00:00+00:00,backan_backancity,145.54023608965275
2025-12-03 20:00:00+00:00,bacgiang_bacgiangcity,162.93323313868115
2025-12-03 21:00:00+00:00,angiang_longxuyen,114.84353269264852
2025-12-03 21:00:00+00:00,bacgiang_bacgiangcity,161.3229406661862
2025-12-03 21:00:00+00:00,baclieu_baclieucity,76.56937410262995
2025-12-03 21:00:00+00:00,bentre_bentrecity,122.45307669507471
2025-12-03 21:00:00+00:00,bacninh_bacninhcity,162.30747269330104
2025-12-03 21:00:00+00:00,backan_backancity,145.86290371075526
2025-12-03 22:00:00+00:00,bacgiang_bacgiangcity,159.8377883195607
2025-12-03 22:00:00+00:00,bentre_bentrecity,117.77691344714721
2025-12-03 22:00:00+00:00,baclieu_baclieucity,77.801935803239
2025-12-03 22:00:00+00:00,backan_backancity,146.24686781175484
2025-12-03 22:00:00+00:00,bacninh_bacninhcity,160.94869168589247
2025-12-03 22:00:00+00:00,angiang_longxuyen,111.34878594471334
2025-12-03 23:00:00+00:00,angiang_longxuyen,107.44977565263629
2025-12-03 23:00:00+00:00,backan_backancity,146.73715989622065
2025-12-03 23:00:00+00:00,bentre_bentrecity,112.72166858192016
2025-12-03 23:00:00+00:00,bacninh_bacninhcity,160.21018798749844
2025-12-03 23:00:00+00:00,bacgiang_bacgiangcity,158.96887071504756
2025-12-03 23:00:00+00:00,baclieu_baclieucity,78.71545373741623
2025-12-04 00:00:00+00:00,backan_backancity,147.37003346486765
2025-12-04 00:00:00+00:00,baclieu_baclieucity,79.13734120338749
2025-12-04 00:00:00+00:00,bentre_bentrecity,107.82816813938808
2025-12-04 00:00:00+00:00,bacgiang_bacgiangcity,158.65306199907138
2025-12-04 00:00:00+00:00,bacninh_bacninhcity,159.95475358757605
2025-12-04 00:00:00+00:00,angiang_longxuyen,102.5250375329964
2025-12-04 01:00:00+00:00,bacninh_bacninhcity,159.9367340076112
2025-12-04 01:00:00+00:00,baclieu_baclieucity,78.46579656935532
2025-12-04 01:00:00+00:00,bacgiang_bacgiangcity,158.6074522738491
2025-12-04 01:00:00+00:00,angiang_longxuyen,97.70680746800565
2025-12-04 01:00:00+00:00,backan_backancity,147.90877653612696
2025-12-04 01:00:00+00:00,bentre_bentrecity,103.37932326350142
2025-12-04 02:00:00+00:00,bacninh_bacninhcity,159.77645196230824
2025-12-04 02:00:00+00:00,baclieu_baclieucity,76.93184181674198
2025-12-04 02:00:00+00:00,backan_backancity,148.2419368863653
2025-12-04 02:00:00+00:00,angiang_longxuyen,92.69234218332979
2025-12-04 02:00:00+00:00,bentre_bentrecity,99.33996446337386
2025-12-04 02:00:00+00:00,bacgiang_bacgiangcity,158.48492411475746
2025-12-04 03:00:00+00:00,angiang_longxuyen,87.82453771167431
2025-12-04 03:00:00+00:00,backan_backancity,148.38367596141396
2025-12-04 03:00:00+00:00,bentre_bentrecity,95.60254874236726
2025-12-04 03:00:00+00:00,bacgiang_bacgiangcity,158.13916252021727
2025-12-04 03:00:00+00:00,bacninh_bacninhcity,159.43509681553817
2025-12-04 03:00:00+00:00,baclieu_baclieucity,74.83956421137499
2025-12-04 04:00:00+00:00,baclieu_baclieucity,72.61191544614749
2025-12-04 04:00:00+00:00,bacgiang_bacgiangcity,157.65006675641303
2025-12-04 04:00:00+00:00,bentre_bentrecity,92.21012152482747
2025-12-04 04:00:00+00:00,angiang_longxuyen,83.35917800290491
2025-12-04 04:00:00+00:00,bacninh_bacninhcity,159.1600327874272
2025-12-04 04:00:00+00:00,backan_backancity,148.39671087195563
2025-12-04 05:00:00+00:00,baclieu_baclieucity,70.42633729085179
2025-12-04 05:00:00+00:00,backan_backancity,148.4328248019267
2025-12-04 05:00:00+00:00,bacgiang_bacgiangcity,157.23404624635288
2025-12-04 05:00:00+00:00,angiang_longxuyen,79.38078498101238
2025-12-04 05:00:00+00:00,bacninh_bacninhcity,159.00791064597004
2025-12-04 05:00:00+00:00,bentre_bentrecity,88.96889693300722
2025-12-04 06:00:00+00:00,angiang_longxuyen,76.03186722938759
2025-12-04 06:00:00+00:00,backan_backancity,148.6559485746479
2025-12-04 06:00:00+00:00,bacninh_bacninhcity,159.1271788312589
2025-12-04 06:00:00+00:00,bacgiang_bacgiangcity,157.1573471379381
2025-12-04 06:00:00+00:00,bentre_bentrecity,85.79229484175666
2025-12-04 06:00:00+00:00,baclieu_baclieucity,68.72324772003991
2025-12-04 07:00:00+00:00,baclieu_baclieucity,67.70345663376008
2025-12-04 07:00:00+00:00,bentre_bentrecity,82.70189076959043
2025-12-04 07:00:00+00:00,backan_backancity,149.05233945651952
2025-12-04 07:00:00+00:00,bacgiang_bacgiangcity,157.5216816107491
2025-12-04 07:00:00+00:00,bacninh_bacninhcity,159.63575966783844
2025-12-04 07:00:00+00:00,angiang_longxuyen,73.20761335023629
2025-12-04 08:00:00+00:00,bentre_bentrecity,79.93492320378525
2025-12-04 08:00:00+00:00,backan_backancity,149.58736396438914
2025-12-04 08:00:00+00:00,bacgiang_bacgiangcity,158.37286376145454
2025-12-04 08:00:00+00:00,bacninh_bacninhcity,160.5975616023835
2025-12-04 08:00:00+00:00,baclieu_baclieucity,66.65020096930763
2025-12-04 08:00:00+00:00,angiang_longxuyen,70.59548955539333
2025-12-04 09:00:00+00:00,angiang_longxuyen,68.01410870921796
2025-12-04 09:00:00+00:00,baclieu_baclieucity,65.70037968772124
2025-12-04 09:00:00+00:00,backan_backancity,150.18946218401732
2025-12-04 09:00:00+00:00,bentre_bentrecity,77.51724139380244
2025-12-04 09:00:00+00:00,bacninh_bacninhcity,161.9361945759835
2025-12-04 09:00:00+00:00,bacgiang_bacgiangcity,159.643740123585
2025-12-04 10:00:00+00:00,bacninh_bacninhcity,163.38069195879342
2025-12-04 10:00:00+00:00,bacgiang_bacgiangcity,161.06141500022866
2025-12-04 10:00:00+00:00,bentre_bentrecity,75.48213296205012
2025-12-04 10:00:00+00:00,backan_backancity,150.8828197314454
2025-12-04 10:00:00+00:00,baclieu_baclieucity,64.64474633595393
2025-12-04 10:00:00+00:00,angiang_longxuyen,65.45726240594358
2025-12-04 11:00:00+00:00,bacninh_bacninhcity,165.2800005491148
2025-12-04 11:00:00+00:00,bentre_bentrecity,73.54979844446531
2025-12-04 11:00:00+00:00,backan_backancity,151.74107512806233
2025-12-04 11:00:00+00:00,angiang_longxuyen,62.97778066445195
2025-12-04 11:00:00+00:00,baclieu_baclieucity,63.41579852067669
2025-12-04 11:00:00+00:00,bacgiang_bacgiangcity,163.05057724157265
2025-12-04 12:00:00+00:00,bacgiang_bacgiangcity,164.8778523740594
2025-12-04 12:00:00+00:00,bentre_bentrecity,71.49239857105246
2025-12-04 12:00:00+00:00,backan_backancity,152.61523162013924
2025-12-04 12:00:00+00:00,baclieu_baclieucity,61.869125384030056
2025-12-04 12:00:00+00:00,angiang_longxuyen,60.73532992337226
2025-12-04 12:00:00+00:00,bacninh_bacninhcity,167.12679066239338
2025-12-04 13:00:00+00:00,bacninh_bacninhcity,167.89093550030032
2025-12-04 13:00:00+00:00,backan_backancity,152.34569559041864
2025-12-04 13:00:00+00:00,baclieu_baclieucity,60.20636428118655
2025-12-04 13:00:00+00:00,bentre_bentrecity,69.42858093575722
2025-12-04 13:00:00+00:00,angiang_longxuyen,58.714572354889334
2025-12-04 13:00:00+00:00,bacgiang_bacgiangcity,165.593925060049
2025-12-04 14:00:00+00:00,angiang_longxuyen,57.123500767690274
2025-12-04 14:00:00+00:00,bacninh_bacninhcity,168.2802730749381
2025-12-04 14:00:00+00:00,baclieu_baclieucity,58.53759415935338
2025-12-04 14:00:00+00:00,bentre_bentrecity,67.22671786545594
2025-12-04 14:00:00+00:00,bacgiang_bacgiangcity,165.5904607147999
2025-12-04 14:00:00+00:00,backan_backancity,151.8985258811329
2025-12-04 15:00:00+00:00,angiang_longxuyen,56.14829007239684
2025-12-04 15:00:00+00:00,bacgiang_bacgiangcity,165.07720425830138
2025-12-04 15:00:00+00:00,baclieu_baclieucity,57.03911529902494
2025-12-04 15:00:00+00:00,bacninh_bacninhcity,168.11238940876478
2025-12-04 15:00:00+00:00,backan_backancity,151.4124907043545
2025-12-04 15:00:00+00:00,bentre_bentrecity,65.0307342127393
2025-12-04 16:00:00+00:00,angiang_longxuyen,55.777400759294316
2025-12-04 16:00:00+00:00,bentre_bentrecity,63.02523970203022
2025-12-04 16:00:00+00:00,bacgiang_bacgiangcity,164.38830799000706
2025-12-04 16:00:00+00:00,bacninh_bacninhcity,167.5606064422944
2025-12-04 16:00:00+00:00,baclieu_baclieucity,55.668455824380885
2025-12-04 16:00:00+00:00,backan_backancity,150.86237261747144
2025-12-04 17:00:00+00:00,bentre_bentrecity,61.52169143289839
2025-12-04 17:00:00+00:00,bacninh_bacninhcity,167.04466324897675
2025-12-04 17:00:00+00:00,bacgiang_bacgiangcity,163.79120440914093
2025-12-04 17:00:00+00:00,baclieu_baclieucity,54.51719158972949
2025-12-04 17:00:00+00:00,backan_backancity,150.2871816433897
2025-12-04 17:00:00+00:00,angiang_longxuyen,55.79343644082874
2025-12-04 18:00:00+00:00,backan_backancity,149.69417546078944
2025-12-04 18:00:00+00:00,bentre_bentrecity,60.68117647475863
2025-12-04 18:00:00+00:00,baclieu_baclieucity,53.508154927730224
2025-12-04 18:00:00+00:00,angiang_longxuyen,56.14713362909065
2025-12-04 18:00:00+00:00,bacgiang_bacgiangcity,163.4519428235286
2025-12-04 18:00:00+00:00,bacninh_bacninhcity,166.66542959925982
2025-12-04 19:00:00+00:00,baclieu_baclieucity,52.64675918937668
2025-12-04 19:00:00+00:00,backan_backancity,149.18379515854812
2025-12-04 19:00:00+00:00,bentre_bentrecity,60.543337903533626
2025-12-04 19:00:00+00:00,bacgiang_bacgiangcity,163.38465975565427
2025-12-04 19:00:00+00:00,bacninh_bacninhcity,166.4671095415884
2025-12-04 19:00:00+00:00,angiang_longxuyen,56.9438333430005
2025-12-04 20:00:00+00:00,baclieu_baclieucity,51.821053684093236
2025-12-04 20:00:00+00:00,angiang_longxuyen,58.36354694943826
2025-12-04 20:00:00+00:00,bacninh_bacninhcity,166.55346395467592
2025-12-04 20:00:00+00:00,bacgiang_bacgiangcity,163.51693294346828
2025-12-04 20:00:00+00:00,bentre_bentrecity,61.12080188687235
2025-12-04 20:00:00+00:00,backan_backancity,148.9304642891223
2025-12-04 21:00:00+00:00,bentre_bentrecity,62.39291444701978
2025-12-04 21:00:00+00:00,bacninh_bacninhcity,166.8035846969932
2025-12-04 21:00:00+00:00,baclieu_baclieucity,50.82298827949443
2025-12-04 21:00:00+00:00,angiang_longxuyen,60.32767119626951
2025-12-04 21:00:00+00:00,bacgiang_bacgiangcity,163.74285810040533
2025-12-04 21:00:00+00:00,backan_backancity,148.91223036837226
2025-12-04 22:00:00+00:00,bentre_bentrecity,64.05478578637124
2025-12-04 22:00:00+00:00,angiang_longxuyen,62.465346678408274
2025-12-04 22:00:00+00:00,bacgiang_bacgiangcity,164.0202649231452
2025-12-04 22:00:00+00:00,backan_backancity,149.06743303553299
2025-12-04 22:00:00+00:00,baclieu_baclieucity,49.758432369459584
2025-12-04 22:00:00+00:00,bacninh_bacninhcity,167.12687041710416
2025-12-04 23:00:00+00:00,baclieu_baclieucity,48.609426190056894
2025-12-04 23:00:00+00:00,bentre_bentrecity,65.92661389416254
2025-12-04 23:00:00+00:00,angiang_longxuyen,64.61934695290802
2025-12-04 23:00:00+00:00,backan_backancity,149.49624420733306
2025-12-04 23:00:00+00:00,bacninh_bacninhcity,167.54937598208392
2025-12-04 23:00:00+00:00,bacgiang_bacgiangcity,164.30096661237377
2025-12-05 00:00:00+00:00,bacninh_bacninhcity,167.73015498805506
2025-12-05 00:00:00+00:00,bentre_bentrecity,67.92892320111021
2025-12-05 00:00:00+00:00,baclieu_baclieucity,47.40035474410467
2025-12-05 00:00:00+00:00,bacgiang_bacgiangcity,164.44434065899324
2025-12-05 00:00:00+00:00,backan_backancity,150.10015684663128
2025-12-05 00:00:00+00:00,angiang_longxuyen,66.68005664681787
2025-12-05 01:00:00+00:00,bacninh_bacninhcity,167.61309999599007
2025-12-05 01:00:00+00:00,bentre_bentrecity,70.669484480646
2025-12-05 01:00:00+00:00,baclieu_baclieucity,46.200255703114195
2025-12-05 01:00:00+00:00,angiang_longxuyen,69.11436232932705
2025-12-05 01:00:00+00:00,backan_backancity,150.45897827506025
2025-12-05 01:00:00+00:00,bacgiang_bacgiangcity,164.34862005205954
2025-12-05 02:00:00+00:00,bacninh_bacninhcity,167.31387527518487
2025-12-05 02:00:00+00:00,angiang_longxuyen,71.09592045746595
2025-12-05 02:00:00+00:00,bacgiang_bacgiangcity,164.10443605102532
2025-12-05 02:00:00+00:00,backan_backancity,150.7356523513949
2025-12-05 02:00:00+00:00,baclieu_baclieucity,45.19196674152841
2025-12-05 02:00:00+00:00,bentre_bentrecity,73.27450262922619
2025-12-05 03:00:00+00:00,bentre_bentrecity,74.95232491073189
2025-12-05 03:00:00+00:00,baclieu_baclieucity,44.39731074208207
2025-12-05 03:00:00+00:00,backan_backancity,150.9107139415376
2025-12-05 03:00:00+00:00,bacgiang_bacgiangcity,163.7351817094936
2025-12-05 03:00:00+00:00,bacninh_bacninhcity,166.85194595973707
2025-12-05 03:00:00+00:00,angiang_longxuyen,72.35946437087489
2025-12-05 04:00:00+00:00,bentre_bentrecity,75.64820470088812
2025-12-05 04:00:00+00:00,bacgiang_bacgiangcity,163.2740100637981
2025-12-05 04:00:00+00:00,angiang_longxuyen,73.07872475296062
2025-12-05 04:00:00+00:00,backan_backancity,150.99991958553517
2025-12-05 04:00:00+00:00,bacninh_bacninhcity,166.2691483801155
2025-12-05 04:00:00+00:00,baclieu_baclieucity,43.89442738265325
2025-12-05 05:00:00+00:00,bacninh_bacninhcity,165.7173255362897
2025-12-05 05:00:00+00:00,backan_backancity,150.88909044557977
2025-12-05 05:00:00+00:00,baclieu_baclieucity,43.78715231199659
2025-12-05 05:00:00+00:00,bentre_bentrecity,75.92153904870922
2025-12-05 05:00:00+00:00,bacgiang_bacgiangcity,162.86265520431806
2025-12-05 05:00:00+00:00,angiang_longxuyen,73.50639443546281
2025-12-05 06:00:00+00:00,bacgiang_bacgiangcity,162.60097501360838
2025-12-05 06:00:00+00:00,bentre_bentrecity,76.68125999250307
2025-12-05 06:00:00+00:00,angiang_longxuyen,73.96552735136422
2025-12-05 06:00:00+00:00,backan_backancity,150.59539870783433
2025-12-05 06:00:00+00:00,bacninh_bacninhcity,165.31406577995295
2025-12-05 06:00:00+00:00,baclieu_baclieucity,44.12854733612205
2025-12-05 07:00:00+00:00,bentre_bentrecity,78.89164933985273
2025-12-05 07:00:00+00:00,backan_backancity,150.21276551357076
2025-12-05 07:00:00+00:00,bacninh_bacninhcity,165.1259642945991
2025-12-05 07:00:00+00:00,bacgiang_bacgiangcity,162.54384571734911
2025-12-05 07:00:00+00:00,baclieu_baclieucity,44.89521441675712
2025-12-05 07:00:00+00:00,angiang_longxuyen,74.77893069251121
2025-12-05 08:00:00+00:00,bacgiang_bacgiangcity,162.7220177412119
2025-12-05 08:00:00+00:00,baclieu_baclieucity,45.99139306961275
2025-12-05 08:00:00+00:00,angiang_longxuyen,75.96900556329163
2025-12-05 08:00:00+00:00,bentre_bentrecity,83.429146561431
2025-12-05 08:00:00+00:00,bacninh_bacninhcity,165.19105410792724
2025-12-05 08:00:00+00:00,backan_backancity,149.81740645826974
2025-12-05 09:00:00+00:00,baclieu_baclieucity,47.20521490552528
2025-12-05 09:00:00+00:00,bacgiang_bacgiangcity,163.01423900147753
2025-12-05 09:00:00+00:00,bacninh_bacninhcity,165.36640480889653
2025-12-05 09:00:00+00:00,bentre_bentrecity,90.42388704495295
2025-12-05 09:00:00+00:00,angiang_longxuyen,77.35205194145234
2025-12-05 09:00:00+00:00,backan_backancity,149.43867626016453
2025-12-05 10:00:00+00:00,backan_backancity,149.0343248612241
2025-12-05 10:00:00+00:00,baclieu_baclieucity,48.32537978764534
2025-12-05 10:00:00+00:00,bacgiang_bacgiangcity,163.5231538109084
2025-12-05 10:00:00+00:00,bacninh_bacninhcity,165.86802206229186
2025-12-05 10:00:00+00:00,bentre_bentrecity,98.86203093211734
2025-12-05 10:00:00+00:00,angiang_longxuyen,78.58660501749596
2025-12-05 11:00:00+00:00,baclieu_baclieucity,49.12626662387068
2025-12-05 11:00:00+00:00,bacninh_bacninhcity,166.46198530142138
2025-12-05 11:00:00+00:00,backan_backancity,148.57500252788458
2025-12-05 11:00:00+00:00,bentre_bentrecity,106.37392323552112
2025-12-05 11:00:00+00:00,angiang_longxuyen,79.21735511696868
2025-12-05 11:00:00+00:00,bacgiang_bacgiangcity,164.24702750454534
2025-12-05 12:00:00+00:00,bacgiang_bacgiangcity,165.11163337000744
2025-12-05 12:00:00+00:00,baclieu_baclieucity,49.42591504157684
2025-12-05 12:00:00+00:00,bentre_bentrecity,109.48691222176016
2025-12-05 12:00:00+00:00,bacninh_bacninhcity,167.16045213500826
2025-12-05 12:00:00+00:00,backan_backancity,148.01914708649542
2025-12-05 12:00:00+00:00,angiang_longxuyen,78.80666820319134
2025-12-05 13:00:00+00:00,baclieu_baclieucity,49.247723079036334
2025-12-05 13:00:00+00:00,bentre_bentrecity,106.14427390744125
2025-12-05 13:00:00+00:00,bacninh_bacninhcity,167.70320786515322
2025-12-05 13:00:00+00:00,bacgiang_bacgiangcity,165.8203287452507
2025-12-05 13:00:00+00:00,angiang_longxuyen,78.65262696400623
2025-12-05 13:00:00+00:00,backan_backancity,147.31849198303178
2025-12-05 14:00:00+00:00,backan_backancity,146.42151567433544
2025-12-05 14:00:00+00:00,bacgiang_bacgiangcity,166.1746041551657
2025-12-05 14:00:00+00:00,bacninh_bacninhcity,167.95619977705826
2025-12-05 14:00:00+00:00,bentre_bentrecity,99.5650655921469
2025-12-05 14:00:00+00:00,angiang_longxuyen,78.32429177376954
2025-12-05 14:00:00+00:00,baclieu_baclieucity,48.88574635486249
2025-12-05 15:00:00+00:00,backan_backancity,145.36588730723753
2025-12-05 15:00:00+00:00,bentre_bentrecity,93.31616857697368
2025-12-05 15:00:00+00:00,bacgiang_bacgiangcity,165.90837794594208
2025-12-05 15:00:00+00:00,bacninh_bacninhcity,167.678917571054
2025-12-05 15:00:00+00:00,baclieu_baclieucity,48.48676344489082
2025-12-05 15:00:00+00:00,angiang_longxuyen,78.54800124514799
2025-12-05 16:00:00+00:00,angiang_longxuyen,79.39770045670001
2025-12-05 16:00:00+00:00,backan_backancity,144.12016358701652
2025-12-05 16:00:00+00:00,baclieu_baclieucity,48.10570540616497
2025-12-05 16:00:00+00:00,bacninh_bacninhcity,167.0262997268217
2025-12-05 16:00:00+00:00,bacgiang_bacgiangcity,165.23596597943026
2025-12-05 16:00:00+00:00,bentre_bentrecity,88.78313450378022
2025-12-05 17:00:00+00:00,bacgiang_bacgiangcity,164.32466373081166
2025-12-05 17:00:00+00:00,bentre_bentrecity,85.98624459051125
2025-12-05 17:00:00+00:00,backan_backancity,142.63960710559923
2025-12-05 17:00:00+00:00,baclieu_baclieucity,47.778033176961586
2025-12-05 17:00:00+00:00,angiang_longxuyen,80.73073066186834
2025-12-05 17:00:00+00:00,bacninh_bacninhcity,166.05454839210796
2025-12-05 18:00:00+00:00,baclieu_baclieucity,47.464078758010835
2025-12-05 18:00:00+00:00,bacninh_bacninhcity,164.84627947793285
2025-12-05 18:00:00+00:00,bentre_bentrecity,84.25688082716967
2025-12-05 18:00:00+00:00,backan_backancity,141.11931782420956
2025-12-05 18:00:00+00:00,angiang_longxuyen,82.68258140641231
2025-12-05 18:00:00+00:00,bacgiang_bacgiangcity,163.27554534198043
2025-12-05 19:00:00+00:00,angiang_longxuyen,85.09047207948062
2025-12-05 19:00:00+00:00,baclieu_baclieucity,47.20785678031958
2025-12-05 19:00:00+00:00,bacninh_bacninhcity,163.71045774915456
2025-12-05 19:00:00+00:00,backan_backancity,139.40394353560418
2025-12-05 19:00:00+00:00,bacgiang_bacgiangcity,162.24212866183234
2025-12-05 19:00:00+00:00,bentre_bentrecity,83.24028491399012
2025-12-05 20:00:00+00:00,bentre_bentrecity,82.81515990522848
2025-12-05 20:00:00+00:00,backan_backancity,137.44536722584098
2025-12-05 20:00:00+00:00,angiang_longxuyen,87.7104635519244
2025-12-05 20:00:00+00:00,bacninh_bacninhcity,162.46967882100134
2025-12-05 20:00:00+00:00,bacgiang_bacgiangcity,161.21309849077662
2025-12-05 20:00:00+00:00,baclieu_baclieucity,47.04004289951817
2025-12-05 21:00:00+00:00,bentre_bentrecity,82.93840461054972
2025-12-05 21:00:00+00:00,bacninh_bacninhcity,161.20706704077452
2025-12-05 21:00:00+00:00,backan_backancity,135.30735278618144
2025-12-05 21:00:00+00:00,baclieu_baclieucity,47.05581439357317
2025-12-05 21:00:00+00:00,bacgiang_bacgiangcity,160.1553865318598
2025-12-05 21:00:00+00:00,angiang_longxuyen,90.1998112003719
2025-12-05 22:00:00+00:00,baclieu_baclieucity,47.157521588484116
2025-12-05 22:00:00+00:00,bentre_bentrecity,83.53252362059871
2025-12-05 22:00:00+00:00,bacgiang_bacgiangcity,159.18341587169144
2025-12-05 22:00:00+00:00,bacninh_bacninhcity,160.05853440496705
2025-12-05 22:00:00+00:00,backan_backancity,133.03803966158011
2025-12-05 22:00:00+00:00,angiang_longxuyen,92.17166106172543
2025-12-05 23:00:00+00:00,bacninh_bacninhcity,159.15457955907823
2025-12-05 23:00:00+00:00,bentre_bentrecity,84.48853960011077
2025-12-05 23:00:00+00:00,backan_backancity,130.4214122179133
2025-12-05 23:00:00+00:00,bacgiang_bacgiangcity,158.45911848115355
2025-12-05 23:00:00+00:00,angiang_longxuyen,93.53707479488526
2025-12-05 23:00:00+00:00,baclieu_baclieucity,47.34432207511849
2025-12-06 00:00:00+00:00,bacninh_bacninhcity,158.48415149099685
2025-12-06 00:00:00+00:00,angiang_longxuyen,94.31796189121737
2025-12-06 00:00:00+00:00,baclieu_baclieucity,47.586173250862664
2025-12-06 00:00:00+00:00,backan_backancity,127.57993381357015
2025-12-06 00:00:00+00:00,bacgiang_bacgiangcity,157.99372980512604
2025-12-06 00:00:00+00:00,bentre_bentrecity,85.73319784724256
2025-12-06 01:00:00+00:00,angiang_longxuyen,95.11711032398135
2025-12-06 01:00:00+00:00,bacninh_bacninhcity,157.88228256616216
2025-12-06 01:00:00+00:00,bacgiang_bacgiangcity,157.58247463903444
2025-12-06 01:00:00+00:00,bentre_bentrecity,85.9050704951218
2025-12-06 01:00:00+00:00,baclieu_baclieucity,47.6646718249392
2025-12-06 01:00:00+00:00,backan_backancity,124.73021325833572
2025-12-06 02:00:00+00:00,bentre_bentrecity,85.2868468699096
2025-12-06 02:00:00+00:00,baclieu_baclieucity,47.607677114754345
2025-12-06 02:00:00+00:00,bacninh_bacninhcity,157.0934885379575
2025-12-06 02:00:00+00:00,angiang_longxuyen,95.4425713849828
2025-12-06 02:00:00+00:00,backan_backancity,121.84982701680978
2025-12-06 02:00:00+00:00,bacgiang_bacgiangcity,156.96890171039408
2025-12-06 03:00:00+00:00,bacgiang_bacgiangcity,156.2404819982432
2025-12-06 03:00:00+00:00,bacninh_bacninhcity,156.26880488990582
2025-12-06 03:00:00+00:00,backan_backancity,119.20461249400094
2025-12-06 03:00:00+00:00,bentre_bentrecity,83.72680484986995
2025-12-06 03:00:00+00:00,angiang_longxuyen,95.32950412845638
2025-12-06 03:00:00+00:00,baclieu_baclieucity,47.371299106036844
2025-12-06 04:00:00+00:00,backan_backancity,116.73330062569393
2025-12-06 04:00:00+00:00,angiang_longxuyen,95.03272983998545
2025-12-06 04:00:00+00:00,baclieu_baclieucity,47.14454649397553
2025-12-06 04:00:00+00:00,bacninh_bacninhcity,155.47154689302056
2025-12-06 04:00:00+00:00,bacgiang_bacgiangcity,155.4184601636635
2025-12-06 04:00:00+00:00,bentre_bentrecity,81.79933287730748
2025-12-06 05:00:00+00:00,backan_backancity,114.7985983901331
2025-12-06 05:00:00+00:00,bacninh_bacninhcity,154.7646310447614
2025-12-06 05:00:00+00:00,angiang_longxuyen,94.75697169665732
2025-12-06 05:00:00+00:00,bentre_bentrecity,80.13934948150005
2025-12-06 05:00:00+00:00,bacgiang_bacgiangcity,154.58224199056653
2025-12-06 05:00:00+00:00,baclieu_baclieucity,47.07585276465443
2025-12-06 06:00:00+00:00,bacninh_bacninhcity,154.2789697181897
2025-12-06 06:00:00+00:00,bentre_bentrecity,79.2630844742571
2025-12-06 06:00:00+00:00,baclieu_baclieucity,47.25499181438535
2025-12-06 06:00:00+00:00,backan_backancity,113.57628516985815
2025-12-06 06:00:00+00:00,bacgiang_bacgiangcity,153.92084614348
2025-12-06 06:00:00+00:00,angiang_longxuyen,94.60761480056266
2025-12-06 07:00:00+00:00,bentre_bentrecity,79.6965413579596
2025-12-06 07:00:00+00:00,backan_backancity,112.90613125859504
2025-12-06 07:00:00+00:00,baclieu_baclieucity,47.56263564184632
2025-12-06 07:00:00+00:00,bacninh_bacninhcity,154.23725800445638
2025-12-06 07:00:00+00:00,bacgiang_bacgiangcity,153.7105977718789
2025-12-06 07:00:00+00:00,angiang_longxuyen,95.08869085434867
2025-12-06 08:00:00+00:00,angiang_longxuyen,96.64446833392584
2025-12-06 08:00:00+00:00,backan_backancity,112.37719677059323
2025-12-06 08:00:00+00:00,bacninh_bacninhcity,154.64092151901644
2025-12-06 08:00:00+00:00,bacgiang_bacgiangcity,153.95532011721085
2025-12-06 08:00:00+00:00,bentre_bentrecity,81.92247539690553
2025-12-06 08:00:00+00:00,baclieu_baclieucity,47.991631246415075
2025-12-06 09:00:00+00:00,bacgiang_bacgiangcity,154.628748956285
2025-12-06 09:00:00+00:00,backan_backancity,112.10401071668747
2025-12-06 09:00:00+00:00,bacninh_bacninhcity,155.3142905420575
2025-12-06 09:00:00+00:00,angiang_longxuyen,99.12577010284062
2025-12-06 09:00:00+00:00,bentre_bentrecity,85.48884810595001
2025-12-06 09:00:00+00:00,baclieu_baclieucity,48.39734346010806
2025-12-06 10:00:00+00:00,backan_backancity,112.15701146049699
2025-12-06 10:00:00+00:00,bentre_bentrecity,89.11453028104275
2025-12-06 10:00:00+00:00,angiang_longxuyen,102.09689492998268
2025-12-06 10:00:00+00:00,bacninh_bacninhcity,156.04366731073762
2025-12-06 10:00:00+00:00,bacgiang_bacgiangcity,155.48271255252854
2025-12-06 10:00:00+00:00,baclieu_baclieucity,48.636149002834664
2025-12-06 11:00:00+00:00,angiang_longxuyen,104.8108829368234
2025-12-06 11:00:00+00:00,backan_backancity,112.52737862947743
2025-12-06 11:00:00+00:00,bacninh_bacninhcity,157.0571752212095
2025-12-06 11:00:00+00:00,baclieu_baclieucity,48.543488982926824
2025-12-06 11:00:00+00:00,bentre_bentrecity,91.19500917388501
2025-12-06 11:00:00+00:00,bacgiang_bacgiangcity,156.7813934007016
2025-12-06 12:00:00+00:00,baclieu_baclieucity,48.019510502499024
2025-12-06 12:00:00+00:00,backan_backancity,113.13139843916824
2025-12-06 12:00:00+00:00,bacninh_bacninhcity,158.34033380879873
2025-12-06 12:00:00+00:00,bacgiang_bacgiangcity,158.3584231741355
2025-12-06 12:00:00+00:00,bentre_bentrecity,90.24427445162684
2025-12-06 12:00:00+00:00,angiang_longxuyen,105.7278552469109
2025-12-06 13:00:00+00:00,baclieu_baclieucity,47.37893561959318
2025-12-06 13:00:00+00:00,bacgiang_bacgiangcity,159.10401507244933
2025-12-06 13:00:00+00:00,bentre_bentrecity,88.11116118817765
2025-12-06 13:00:00+00:00,bacninh_bacninhcity,158.9849961206316
2025-12-06 13:00:00+00:00,backan_backancity,113.55452210315646
2025-12-06 13:00:00+00:00,angiang_longxuyen,103.08180267655528
2025-12-06 14:00:00+00:00,bentre_bentrecity,84.30026489749449
2025-12-06 14:00:00+00:00,bacninh_bacninhcity,159.19903782566377
2025-12-06 14:00:00+00:00,backan_backancity,114.5194818257811
2025-12-06 14:00:00+00:00,baclieu_baclieucity,46.657723739428256
2025-12-06 14:00:00+00:00,angiang_longxuyen,99.65369706453528
2025-12-06 14:00:00+00:00,bacgiang_bacgiangcity,158.7271541253778
2025-12-06 15:00:00+00:00,baclieu_baclieucity,45.92891023839295
2025-12-06 15:00:00+00:00,backan_backancity,116.05223278072873
2025-12-06 15:00:00+00:00,angiang_longxuyen,97.52293749967936
2025-12-06 15:00:00+00:00,bacninh_bacninhcity,159.14770071527423
2025-12-06 15:00:00+00:00,bentre_bentrecity,80.24042985423102
2025-12-06 15:00:00+00:00,bacgiang_bacgiangcity,157.8135340054774
2025-12-06 16:00:00+00:00,baclieu_baclieucity,45.22040926525718
2025-12-06 16:00:00+00:00,bacninh_bacninhcity,158.98471199447448
2025-12-06 16:00:00+00:00,angiang_longxuyen,97.1454914770343
2025-12-06 16:00:00+00:00,bentre_bentrecity,76.91236172863611
2025-12-06 16:00:00+00:00,bacgiang_bacgiangcity,157.2369373546183
2025-12-06 16:00:00+00:00,backan_backancity,117.8295764796033
2025-12-06 17:00:00+00:00,backan_backancity,119.70436298869728
2025-12-06 17:00:00+00:00,bacgiang_bacgiangcity,157.06135735885556
2025-12-06 17:00:00+00:00,baclieu_baclieucity,44.61086394951075
2025-12-06 17:00:00+00:00,bentre_bentrecity,74.54185233773974
2025-12-06 17:00:00+00:00,bacninh_bacninhcity,159.03999197837774
2025-12-06 17:00:00+00:00,angiang_longxuyen,98.5178388853618
2025-12-06 18:00:00+00:00,angiang_longxuyen,101.2786365208175
2025-12-06 18:00:00+00:00,bacninh_bacninhcity,159.2566356808488
2025-12-06 18:00:00+00:00,bacgiang_bacgiangcity,157.2038441343177
2025-12-06 18:00:00+00:00,baclieu_baclieucity,44.15255350406417
2025-12-06 18:00:00+00:00,backan_backancity,121.53778172624813
2025-12-06 18:00:00+00:00,bentre_bentrecity,73.03085697248966
2025-12-06 19:00:00+00:00,baclieu_baclieucity,43.87091968165345
2025-12-06 19:00:00+00:00,angiang_longxuyen,104.98678506684763
2025-12-06 19:00:00+00:00,bentre_bentrecity,72.20900710900506
2025-12-06 19:00:00+00:00,backan_backancity,123.46402248546306
2025-12-06 19:00:00+00:00,bacninh_bacninhcity,159.62445443758665
2025-12-06 19:00:00+00:00,bacgiang_bacgiangcity,157.54923187865114
2025-12-06 20:00:00+00:00,bacninh_bacninhcity,159.99685909019382
2025-12-06 20:00:00+00:00,bentre_bentrecity,71.85501084057776
2025-12-06 20:00:00+00:00,angiang_longxuyen,109.1712979078915
2025-12-06 20:00:00+00:00,backan_backancity,125.4750051172071
2025-12-06 20:00:00+00:00,bacgiang_bacgiangcity,157.95203304540098
2025-12-06 20:00:00+00:00,baclieu_baclieucity,43.74116873656758
2025-12-06 21:00:00+00:00,bacninh_bacninhcity,160.39204866673444
2025-12-06 21:00:00+00:00,baclieu_baclieucity,43.749393441115856
2025-12-06 21:00:00+00:00,bentre_bentrecity,71.82756774306833
2025-12-06 21:00:00+00:00,bacgiang_bacgiangcity,158.32944729077846
2025-12-06 21:00:00+00:00,angiang_longxuyen,113.54323930391705
2025-12-06 21:00:00+00:00,backan_backancity,127.5112699922656
2025-12-06 22:00:00+00:00,bentre_bentrecity,71.91246912501897
2025-12-06 22:00:00+00:00,backan_backancity,129.5199023523766
2025-12-06 22:00:00+00:00,bacninh_bacninhcity,160.9220984745197
2025-12-06 22:00:00+00:00,baclieu_baclieucity,43.83250781907827
2025-12-06 22:00:00+00:00,angiang_longxuyen,117.81874230061197
2025-12-06 22:00:00+00:00,bacgiang_bacgiangcity,158.64853591923512
2025-12-06 23:00:00+00:00,backan_backancity,131.45274530624255
2025-12-06 23:00:00+00:00,angiang_longxuyen,121.28220027857775
2025-12-06 23:00:00+00:00,baclieu_baclieucity,43.95349073064873
2025-12-06 23:00:00+00:00,bentre_bentrecity,72.36012733190817
2025-12-06 23:00:00+00:00,bacninh_bacninhcity,161.56134743535895
2025-12-06 23:00:00+00:00,bacgiang_bacgiangcity,158.97807241480277
2025-12-07 00:00:00+00:00,angiang_longxuyen,123.47891667769959
2025-12-07 00:00:00+00:00,bacgiang_bacgiangcity,159.31600309367911
2025-12-07 00:00:00+00:00,bentre_bentrecity,73.09837431982689
2025-12-07 00:00:00+00:00,bacninh_bacninhcity,162.2718622149417
2025-12-07 00:00:00+00:00,baclieu_baclieucity,44.09597750611086
2025-12-07 00:00:00+00:00,backan_backancity,133.35897261772334
2025-12-07 01:00:00+00:00,bentre_bentrecity,73.9846261122592
2025-12-07 01:00:00+00:00,bacninh_bacninhcity,162.98033328006093
2025-12-07 01:00:00+00:00,bacgiang_bacgiangcity,159.72772183402705
2025-12-07 01:00:00+00:00,angiang_longxuyen,124.86024583724401
2025-12-07 01:00:00+00:00,backan_backancity,135.2549813568866
2025-12-07 01:00:00+00:00,baclieu_baclieucity,44.34168183131918
2025-12-07 02:00:00+00:00,bacninh_bacninhcity,163.35193540089097
2025-12-07 02:00:00+00:00,bentre_bentrecity,74.81224074593173
2025-12-07 02:00:00+00:00,bacgiang_bacgiangcity,159.89138348519893
2025-12-07 02:00:00+00:00,baclieu_baclieucity,44.65538203212934
2025-12-07 02:00:00+00:00,angiang_longxuyen,125.08280384998568
2025-12-07 02:00:00+00:00,backan_backancity,136.47502156790458
2025-12-07 03:00:00+00:00,bentre_bentrecity,75.33897574855055
2025-12-07 03:00:00+00:00,bacgiang_bacgiangcity,159.87029334886938
2025-12-07 03:00:00+00:00,bacninh_bacninhcity,163.45936998096917
2025-12-07 03:00:00+00:00,backan_backancity,137.24050977422107
2025-12-07 03:00:00+00:00,angiang_longxuyen,124.39808971933742
2025-12-07 03:00:00+00:00,baclieu_baclieucity,45.13423430026892
2025-12-07 04:00:00+00:00,backan_backancity,137.61238605186938
2025-12-07 04:00:00+00:00,baclieu_baclieucity,45.85425982911113
2025-12-07 04:00:00+00:00,bacninh_bacninhcity,163.2245920511365
2025-12-07 04:00:00+00:00,bacgiang_bacgiangcity,159.56373119467324
2025-12-07 04:00:00+00:00,bentre_bentrecity,75.62911590933197
2025-12-07 04:00:00+00:00,angiang_longxuyen,123.16369116804591
2025-12-07 05:00:00+00:00,baclieu_baclieucity,46.947088784114364
2025-12-07 05:00:00+00:00,angiang_longxuyen,121.70197673704828
2025-12-07 05:00:00+00:00,bacninh_bacninhcity,162.59034271372872
2025-12-07 05:00:00+00:00,bacgiang_bacgiangcity,158.87474021765985
2025-12-07 05:00:00+00:00,bentre_bentrecity,76.00601174908945
2025-12-07 05:00:00+00:00,backan_backancity,137.43036586321185
2025-12-07 06:00:00+00:00,bacgiang_bacgiangcity,158.02656880728608
2025-12-07 06:00:00+00:00,bentre_bentrecity,77.16187683361846
2025-12-07 06:00:00+00:00,backan_backancity,136.99607404738094
2025-12-07 06:00:00+00:00,baclieu_baclieucity,48.49481867067871
2025-12-07 06:00:00+00:00,bacninh_bacninhcity,161.67007304481777
2025-12-07 06:00:00+00:00,angiang_longxuyen,120.40865939317457
2025-12-07 07:00:00+00:00,bacninh_bacninhcity,160.8444921562699
2025-12-07 07:00:00+00:00,backan_backancity,136.58218946816862
2025-12-07 07:00:00+00:00,baclieu_baclieucity,50.57829584217903
2025-12-07 07:00:00+00:00,bentre_bentrecity,79.86283366841958
2025-12-07 07:00:00+00:00,angiang_longxuyen,119.58391592908981
2025-12-07 07:00:00+00:00,bacgiang_bacgiangcity,157.24611413102642
2025-12-07 08:00:00+00:00,backan_backancity,136.388607338784
2025-12-07 08:00:00+00:00,bacninh_bacninhcity,160.4696749236619
2025-12-07 08:00:00+00:00,baclieu_baclieucity,53.083600663617545
2025-12-07 08:00:00+00:00,bentre_bentrecity,84.97399032439931
2025-12-07 08:00:00+00:00,angiang_longxuyen,119.32817995666731
2025-12-07 08:00:00+00:00,bacgiang_bacgiangcity,156.9773307863887
2025-12-07 09:00:00+00:00,backan_backancity,136.14775808159388
2025-12-07 09:00:00+00:00,baclieu_baclieucity,55.81463623988561
2025-12-07 09:00:00+00:00,bacninh_bacninhcity,160.4210743967857
2025-12-07 09:00:00+00:00,angiang_longxuyen,119.57603516673174
2025-12-07 09:00:00+00:00,bentre_bentrecity,92.42722506305283
2025-12-07 09:00:00+00:00,bacgiang_bacgiangcity,157.21930657886847
2025-12-07 10:00:00+00:00,bacgiang_bacgiangcity,157.71253463362456
2025-12-07 10:00:00+00:00,baclieu_baclieucity,58.518841832983306
2025-12-07 10:00:00+00:00,backan_backancity,135.7408669935823
2025-12-07 10:00:00+00:00,bacninh_bacninhcity,160.63219508553587
2025-12-07 10:00:00+00:00,bentre_bentrecity,101.83122139598136
2025-12-07 10:00:00+00:00,angiang_longxuyen,119.86732180148049
2025-12-07 11:00:00+00:00,bacgiang_bacgiangcity,158.48994367686663
2025-12-07 11:00:00+00:00,baclieu_baclieucity,60.72204577935944
2025-12-07 11:00:00+00:00,backan_backancity,135.2338588202058
2025-12-07 11:00:00+00:00,bentre_bentrecity,110.68587600428951
2025-12-07 11:00:00+00:00,angiang_longxuyen,119.55937141684998
2025-12-07 11:00:00+00:00,bacninh_bacninhcity,160.97054447664377
2025-12-07 12:00:00+00:00,baclieu_baclieucity,62.01901688592035
2025-12-07 12:00:00+00:00,backan_backancity,134.5114107420239
2025-12-07 12:00:00+00:00,bacgiang_bacgiangcity,159.492256019814
2025-12-07 12:00:00+00:00,angiang_longxuyen,117.80277640444947
2025-12-07 12:00:00+00:00,bacninh_bacninhcity,161.51871355778235
2025-12-07 12:00:00+00:00,bentre_bentrecity,114.22733284322213
2025-12-07 13:00:00+00:00,bacninh_bacninhcity,162.02543511266703
2025-12-07 13:00:00+00:00,bacgiang_bacgiangcity,160.46295060461
2025-12-07 13:00:00+00:00,baclieu_baclieucity,62.06450697907646
2025-12-07 13:00:00+00:00,angiang_longxuyen,114.86191366114657
2025-12-07 13:00:00+00:00,bentre_bentrecity,110.42086854673985
2025-12-07 13:00:00+00:00,backan_backancity,132.97747842042298
2025-12-07 14:00:00+00:00,bacgiang_bacgiangcity,160.56635258712484
2025-12-07 14:00:00+00:00,baclieu_baclieucity,61.24714830274217
2025-12-07 14:00:00+00:00,backan_backancity,130.7434094009784
2025-12-07 14:00:00+00:00,bentre_bentrecity,102.3326651205724
2025-12-07 14:00:00+00:00,angiang_longxuyen,111.33271038582353
2025-12-07 14:00:00+00:00,bacninh_bacninhcity,161.69983152127426
2025-12-07 15:00:00+00:00,angiang_longxuyen,108.22465248381137
2025-12-07 15:00:00+00:00,bentre_bentrecity,93.99137631994823
2025-12-07 15:00:00+00:00,backan_backancity,128.2159327699455
2025-12-07 15:00:00+00:00,bacgiang_bacgiangcity,160.14113037730945
2025-12-07 15:00:00+00:00,bacninh_bacninhcity,161.1760923049788
2025-12-07 15:00:00+00:00,baclieu_baclieucity,59.98242800734935
2025-12-07 16:00:00+00:00,baclieu_baclieucity,58.68763520132637
2025-12-07 16:00:00+00:00,bacninh_bacninhcity,160.8379123926313
2025-12-07 16:00:00+00:00,bentre_bentrecity,87.49196804476261
2025-12-07 16:00:00+00:00,bacgiang_bacgiangcity,159.77750372755654
2025-12-07 16:00:00+00:00,angiang_longxuyen,105.88170831482529
2025-12-07 16:00:00+00:00,backan_backancity,125.58198360003307
2025-12-07 17:00:00+00:00,angiang_longxuyen,104.42281271438648
2025-12-07 17:00:00+00:00,bacgiang_bacgiangcity,159.67423633111613
2025-12-07 17:00:00+00:00,bacninh_bacninhcity,160.68387115344618
2025-12-07 17:00:00+00:00,bentre_bentrecity,83.18974908921038
2025-12-07 17:00:00+00:00,backan_backancity,122.95877888506236
2025-12-07 17:00:00+00:00,baclieu_baclieucity,57.61770581765331
2025-12-07 18:00:00+00:00,bacgiang_bacgiangcity,159.3800959731226
2025-12-07 18:00:00+00:00,bacninh_bacninhcity,160.46190880870057
2025-12-07 18:00:00+00:00,bentre_bentrecity,80.84397861266135
2025-12-07 18:00:00+00:00,angiang_longxuyen,103.89452934882807
2025-12-07 18:00:00+00:00,baclieu_baclieucity,56.84331249941228
2025-12-07 18:00:00+00:00,backan_backancity,120.19250418830698
2025-12-07 19:00:00+00:00,bentre_bentrecity,80.2239966453101
2025-12-07 19:00:00+00:00,bacninh_bacninhcity,160.05427251261023
2025-12-07 19:00:00+00:00,baclieu_baclieucity,56.43260564695724
2025-12-07 19:00:00+00:00,backan_backancity,117.2153081895784
2025-12-07 19:00:00+00:00,bacgiang_bacgiangcity,158.86408299443306
2025-12-07 19:00:00+00:00,angiang_longxuyen,103.96869437592481
2025-12-07 20:00:00+00:00,bacninh_bacninhcity,159.55173808004102
2025-12-07 20:00:00+00:00,bacgiang_bacgiangcity,158.14894742629502
2025-12-07 20:00:00+00:00,bentre_bentrecity,80.64624300747982
2025-12-07 20:00:00+00:00,angiang_longxuyen,104.22654634051744
2025-12-07 20:00:00+00:00,baclieu_baclieucity,56.296738512489114
2025-12-07 20:00:00+00:00,backan_backancity,113.89015983409811
2025-12-07 21:00:00+00:00,backan_backancity,110.29745311649089
2025-12-07 21:00:00+00:00,baclieu_baclieucity,56.3955097371098
2025-12-07 21:00:00+00:00,bacgiang_bacgiangcity,157.2069196753518
2025-12-07 21:00:00+00:00,bentre_bentrecity,81.58622081312275
2025-12-07 21:00:00+00:00,angiang_longxuyen,104.1562949020016
2025-12-07 21:00:00+00:00,bacninh_bacninhcity,158.8831692936545
2025-12-07 22:00:00+00:00,bentre_bentrecity,82.54980352081922
2025-12-07 22:00:00+00:00,bacninh_bacninhcity,157.83500796135255
2025-12-07 22:00:00+00:00,baclieu_baclieucity,56.66179077769707
2025-12-07 22:00:00+00:00,angiang_longxuyen,103.48988385439165
2025-12-07 22:00:00+00:00,backan_backancity,106.61750222230411
2025-12-07 22:00:00+00:00,bacgiang_bacgiangcity,156.05926434136282
2025-12-07 23:00:00+00:00,bentre_bentrecity,83.12556399338257
2025-12-07 23:00:00+00:00,bacninh_bacninhcity,156.50609509312778
2025-12-07 23:00:00+00:00,bacgiang_bacgiangcity,154.85916031570292
2025-12-07 23:00:00+00:00,baclieu_baclieucity,57.04110916679422
2025-12-07 23:00:00+00:00,angiang_longxuyen,102.05524053994772
2025-12-07 23:00:00+00:00,backan_backancity,102.85634732471135
2025-12-08 00:00:00+00:00,bacninh_bacninhcity,154.94506610854233
2025-12-08 00:00:00+00:00,bacgiang_bacgiangcity,153.61635262709447
2025-12-08 00:00:00+00:00,baclieu_baclieucity,57.5964312485551
2025-12-08 00:00:00+00:00,angiang_longxuyen,99.88505660154006
2025-12-08 00:00:00+00:00,backan_backancity,99.12660635902182
2025-12-08 00:00:00+00:00,bentre_bentrecity,83.34887593737452
2025-12-08 01:00:00+00:00,angiang_longxuyen,97.36785571075217
2025-12-08 01:00:00+00:00,bentre_bentrecity,83.98462316794398
2025-12-08 01:00:00+00:00,baclieu_baclieucity,58.66840683902638
2025-12-08 01:00:00+00:00,backan_backancity,95.45633810730415
2025-12-08 01:00:00+00:00,bacgiang_bacgiangcity,152.13987858993477
2025-12-08 01:00:00+00:00,bacninh_bacninhcity,152.96069911918346
2025-12-08 02:00:00+00:00,bacninh_bacninhcity,150.52770191239787
2025-12-08 02:00:00+00:00,baclieu_baclieucity,59.93509358650665
2025-12-08 02:00:00+00:00,bentre_bentrecity,84.54858492798262
2025-12-08 02:00:00+00:00,bacgiang_bacgiangcity,150.30099416236138
2025-12-08 02:00:00+00:00,angiang_longxuyen,94.73403910189221
2025-12-08 02:00:00+00:00,backan_backancity,92.12695854633819
2025-12-08 03:00:00+00:00,baclieu_baclieucity,61.329749259753996
2025-12-08 03:00:00+00:00,bacninh_bacninhcity,147.57736580485619
2025-12-08 03:00:00+00:00,angiang_longxuyen,92.12715107919466
2025-12-08 03:00:00+00:00,backan_backancity,89.1314308027221
2025-12-08 03:00:00+00:00,bacgiang_bacgiangcity,147.9277581572905
2025-12-08 03:00:00+00:00,bentre_bentrecity,84.85986631795517
2025-12-08 04:00:00+00:00,baclieu_baclieucity,62.66646064329136
2025-12-08 04:00:00+00:00,bacninh_bacninhcity,144.19448999278586
2025-12-08 04:00:00+00:00,bacgiang_bacgiangcity,145.02134695670605
2025-12-08 04:00:00+00:00,angiang_longxuyen,89.80442348322171
2025-12-08 04:00:00+00:00,backan_backancity,86.5723208364459
2025-12-08 04:00:00+00:00,bentre_bentrecity,84.91816950386362
2025-12-08 05:00:00+00:00,bentre_bentrecity,85.02166993359955
2025-12-08 05:00:00+00:00,bacgiang_bacgiangcity,142.15038672505938
2025-12-08 05:00:00+00:00,bacninh_bacninhcity,141.03533611376753
2025-12-08 05:00:00+00:00,angiang_longxuyen,87.8599126644034
2025-12-08 05:00:00+00:00,baclieu_baclieucity,64.15238810601218
2025-12-08 05:00:00+00:00,backan_backancity,84.55426869729241
2025-12-08 06:00:00+00:00,baclieu_baclieucity,66.20979047175975
2025-12-08 06:00:00+00:00,backan_backancity,83.25382327614354
2025-12-08 06:00:00+00:00,bacgiang_bacgiangcity,139.7391376309672
2025-12-08 06:00:00+00:00,angiang_longxuyen,86.52231961746179
2025-12-08 06:00:00+00:00,bentre_bentrecity,85.88143817738643
2025-12-08 06:00:00+00:00,bacninh_bacninhcity,138.4506628934381
2025-12-08 07:00:00+00:00,bentre_bentrecity,88.70004754149963
2025-12-08 07:00:00+00:00,bacgiang_bacgiangcity,138.09003950701268
2025-12-08 07:00:00+00:00,bacninh_bacninhcity,136.8047375115715
2025-12-08 07:00:00+00:00,angiang_longxuyen,86.20509151686736
2025-12-08 07:00:00+00:00,backan_backancity,82.72423953494935
2025-12-08 07:00:00+00:00,baclieu_baclieucity,68.93418148368669
2025-12-08 08:00:00+00:00,backan_backancity,82.81708647996055
2025-12-08 08:00:00+00:00,bacgiang_bacgiangcity,137.23668154810406
2025-12-08 08:00:00+00:00,bacninh_bacninhcity,136.0810233273561
2025-12-08 08:00:00+00:00,angiang_longxuyen,86.98694688523493
2025-12-08 08:00:00+00:00,bentre_bentrecity,94.35010054732344
2025-12-08 08:00:00+00:00,baclieu_baclieucity,72.29191711552113
2025-12-08 09:00:00+00:00,bentre_bentrecity,102.66350417256871
2025-12-08 09:00:00+00:00,bacninh_bacninhcity,135.9914488178212
2025-12-08 09:00:00+00:00,baclieu_baclieucity,75.80986002261716
2025-12-08 09:00:00+00:00,angiang_longxuyen,88.50219604275404
2025-12-08 09:00:00+00:00,bacgiang_bacgiangcity,136.96373351216323
2025-12-08 09:00:00+00:00,backan_backancity,83.08033559537117
2025-12-08 10:00:00+00:00,bacgiang_bacgiangcity,136.64837092410045
2025-12-08 10:00:00+00:00,backan_backancity,82.76515494774232
2025-12-08 10:00:00+00:00,baclieu_baclieucity,79.06593082923075
2025-12-08 10:00:00+00:00,bentre_bentrecity,112.91199447600408
2025-12-08 10:00:00+00:00,angiang_longxuyen,89.92406302638261
2025-12-08 10:00:00+00:00,bacninh_bacninhcity,136.03094235366123
2025-12-08 11:00:00+00:00,bacgiang_bacgiangcity,136.5372103036284
2025-12-08 11:00:00+00:00,backan_backancity,81.8640899639516
2025-12-08 11:00:00+00:00,angiang_longxuyen,90.73258949158267
2025-12-08 11:00:00+00:00,baclieu_baclieucity,81.2060114143662
2025-12-08 11:00:00+00:00,bacninh_bacninhcity,136.18147937024182
2025-12-08 11:00:00+00:00,bentre_bentrecity,122.03710603170879
2025-12-08 12:00:00+00:00,bacninh_bacninhcity,135.8615732559998
2025-12-08 12:00:00+00:00,bacgiang_bacgiangcity,136.04613064139372
2025-12-08 12:00:00+00:00,baclieu_baclieucity,81.50286717102802
2025-12-08 12:00:00+00:00,bentre_bentrecity,125.28194139344248
2025-12-08 12:00:00+00:00,backan_backancity,80.26054299535363
2025-12-08 12:00:00+00:00,angiang_longxuyen,90.23023263786168
2025-12-08 13:00:00+00:00,bacgiang_bacgiangcity,135.388867085259
2025-12-08 13:00:00+00:00,bacninh_bacninhcity,135.7981906919491
2025-12-08 13:00:00+00:00,bentre_bentrecity,122.33806541747325
2025-12-08 13:00:00+00:00,backan_backancity,77.85173514311147
2025-12-08 13:00:00+00:00,angiang_longxuyen,88.35143845455146
2025-12-08 13:00:00+00:00,baclieu_baclieucity,79.29626991094204
2025-12-08 14:00:00+00:00,bacninh_bacninhcity,137.3328432982817
2025-12-08 14:00:00+00:00,bacgiang_bacgiangcity,136.23414738736733
2025-12-08 14:00:00+00:00,angiang_longxuyen,86.26813387722991
2025-12-08 14:00:00+00:00,bentre_bentrecity,117.21389254346221
2025-12-08 14:00:00+00:00,backan_backancity,75.72548452329067
2025-12-08 14:00:00+00:00,baclieu_baclieucity,75.93884582094657
2025-12-08 15:00:00+00:00,bentre_bentrecity,114.29710201497129
2025-12-08 15:00:00+00:00,backan_backancity,74.19220519338418
2025-12-08 15:00:00+00:00,bacninh_bacninhcity,140.15736136491242
2025-12-08 15:00:00+00:00,bacgiang_bacgiangcity,138.62281592897244
2025-12-08 15:00:00+00:00,baclieu_baclieucity,72.65032232405325
2025-12-08 15:00:00+00:00,angiang_longxuyen,84.72640677881844
2025-12-08 16:00:00+00:00,baclieu_baclieucity,70.251457641143
2025-12-08 16:00:00+00:00,bacgiang_bacgiangcity,141.82952355428807
2025-12-08 16:00:00+00:00,bentre_bentrecity,114.78928204298114
2025-12-08 16:00:00+00:00,angiang_longxuyen,83.96452124232758
2025-12-08 16:00:00+00:00,bacninh_bacninhcity,143.63062917230303
2025-12-08 16:00:00+00:00,backan_backancity,73.26410959347882
2025-12-08 17:00:00+00:00,baclieu_baclieucity,69.15767910661465
2025-12-08 17:00:00+00:00,bentre_bentrecity,117.9718052984228
2025-12-08 17:00:00+00:00,bacninh_bacninhcity,147.39227505983396
2025-12-08 17:00:00+00:00,backan_backancity,72.8613782121009
2025-12-08 17:00:00+00:00,angiang_longxuyen,83.63844036883755
2025-12-08 17:00:00+00:00,bacgiang_bacgiangcity,145.82623149780878
2025-12-08 18:00:00+00:00,bacninh_bacninhcity,150.9435379896894
2025-12-08 18:00:00+00:00,bentre_bentrecity,122.09631144278282
2025-12-08 18:00:00+00:00,baclieu_baclieucity,69.40287998021122
2025-12-08 18:00:00+00:00,angiang_longxuyen,83.36818280821791
2025-12-08 18:00:00+00:00,backan_backancity,72.68857716954159
2025-12-08 18:00:00+00:00,bacgiang_bacgiangcity,149.94428623376785
2025-12-08 19:00:00+00:00,baclieu_baclieucity,70.6226435420762
2025-12-08 19:00:00+00:00,bacninh_bacninhcity,153.90401789950727
2025-12-08 19:00:00+00:00,angiang_longxuyen,82.87263812834739
2025-12-08 19:00:00+00:00,backan_backancity,72.61078143385372
2025-12-08 19:00:00+00:00,bentre_bentrecity,126.14641765749955
2025-12-08 19:00:00+00:00,bacgiang_bacgiangcity,153.60063097973372
2025-12-08 20:00:00+00:00,bentre_bentrecity,129.4716432753559
2025-12-08 20:00:00+00:00,bacgiang_bacgiangcity,156.3633640688639
2025-12-08 20:00:00+00:00,angiang_longxuyen,81.95025495960101
2025-12-08 20:00:00+00:00,backan_backancity,72.56048861170837
2025-12-08 20:00:00+00:00,bacninh_bacninhcity,156.14408846093738
2025-12-08 20:00:00+00:00,baclieu_baclieucity,72.71130726211138
2025-12-08 21:00:00+00:00,bacninh_bacninhcity,157.7378766929721
2025-12-08 21:00:00+00:00,baclieu_baclieucity,75.68819919600514
2025-12-08 21:00:00+00:00,angiang_longxuyen,80.60120901157595
2025-12-08 21:00:00+00:00,bacgiang_bacgiangcity,158.19306175069033
2025-12-08 21:00:00+00:00,backan_backancity,72.51657118175527
2025-12-08 21:00:00+00:00,bentre_bentrecity,132.01159902628976
2025-12-08 22:00:00+00:00,bacgiang_bacgiangcity,159.38102810630474
2025-12-08 22:00:00+00:00,angiang_longxuyen,78.6557822597511
2025-12-08 22:00:00+00:00,backan_backancity,72.46805788659398
2025-12-08 22:00:00+00:00,baclieu_baclieucity,79.02171681144696
2025-12-08 22:00:00+00:00,bacninh_bacninhcity,158.96990752628759
2025-12-08 22:00:00+00:00,bentre_bentrecity,133.7940470266537
2025-12-08 23:00:00+00:00,baclieu_baclieucity,81.8588548148899
2025-12-08 23:00:00+00:00,bentre_bentrecity,134.93673762989718
2025-12-08 23:00:00+00:00,bacninh_bacninhcity,160.03628782533133
2025-12-08 23:00:00+00:00,angiang_longxuyen,76.35761786852834
2025-12-08 23:00:00+00:00,backan_backancity,72.4578567606194
2025-12-08 23:00:00+00:00,bacgiang_bacgiangcity,160.08687225063795
2025-12-09 00:00:00+00:00,bacgiang_bacgiangcity,160.56340166282632
2025-12-09 00:00:00+00:00,bentre_bentrecity,135.33279952358686
2025-12-09 00:00:00+00:00,bacninh_bacninhcity,161.01613426318835
2025-12-09 00:00:00+00:00,backan_backancity,72.5196741384712
2025-12-09 00:00:00+00:00,angiang_longxuyen,73.80085381229944
2025-12-09 00:00:00+00:00,baclieu_baclieucity,84.04837335136463
2025-12-09 01:00:00+00:00,bentre_bentrecity,135.6556067154332
2025-12-09 01:00:00+00:00,backan_backancity,73.01881401116322
2025-12-09 01:00:00+00:00,bacgiang_bacgiangcity,161.0717382506041
2025-12-09 01:00:00+00:00,baclieu_baclieucity,86.04399447811372
2025-12-09 01:00:00+00:00,angiang_longxuyen,71.20013992576618
2025-12-09 01:00:00+00:00,bacninh_bacninhcity,162.13085588629826
2025-12-09 02:00:00+00:00,backan_backancity,73.61503032087201
2025-12-09 02:00:00+00:00,bacninh_bacninhcity,163.02397904553047
2025-12-09 02:00:00+00:00,bacgiang_bacgiangcity,161.3485319590049
2025-12-09 02:00:00+00:00,baclieu_baclieucity,87.20971051559032
2025-12-09 02:00:00+00:00,bentre_bentrecity,135.42116774312132
2025-12-09 02:00:00+00:00,angiang_longxuyen,68.75270213166158
2025-12-09 03:00:00+00:00,angiang_longxuyen,66.68941536365993
2025-12-09 03:00:00+00:00,bentre_bentrecity,134.58077490938243
2025-12-09 03:00:00+00:00,backan_backancity,74.70707169810638
2025-12-09 03:00:00+00:00,bacninh_bacninhcity,163.53974777541825
2025-12-09 03:00:00+00:00,bacgiang_bacgiangcity,161.3395894620597
2025-12-09 03:00:00+00:00,baclieu_baclieucity,87.71858482458215
2025-12-09 04:00:00+00:00,backan_backancity,76.38024577537495
2025-12-09 04:00:00+00:00,baclieu_baclieucity,87.81443129441877
2025-12-09 04:00:00+00:00,bacninh_bacninhcity,163.49892831751168
2025-12-09 04:00:00+00:00,angiang_longxuyen,65.08740242707694
2025-12-09 04:00:00+00:00,bentre_bentrecity,132.87981877708367
2025-12-09 04:00:00+00:00,bacgiang_bacgiangcity,161.00268562508455
2025-12-09 05:00:00+00:00,bacgiang_bacgiangcity,160.7290821051146
2025-12-09 05:00:00+00:00,bentre_bentrecity,130.82664341100696
2025-12-09 05:00:00+00:00,baclieu_baclieucity,87.85340143996933
2025-12-09 05:00:00+00:00,bacninh_bacninhcity,163.37287599713784
2025-12-09 05:00:00+00:00,backan_backancity,78.7753345711971
2025-12-09 05:00:00+00:00,angiang_longxuyen,64.05413528701152
2025-12-09 06:00:00+00:00,angiang_longxuyen,63.70256655259331
2025-12-09 06:00:00+00:00,backan_backancity,82.03102778910188
2025-12-09 06:00:00+00:00,bacgiang_bacgiangcity,161.05126621328304
2025-12-09 06:00:00+00:00,bacninh_bacninhcity,163.7660517672315
2025-12-09 06:00:00+00:00,bentre_bentrecity,129.60352516662016
2025-12-09 06:00:00+00:00,baclieu_baclieucity,88.3290061959797
2025-12-09 07:00:00+00:00,backan_backancity,86.2986986239656
2025-12-09 07:00:00+00:00,bacgiang_bacgiangcity,162.03410345279397
2025-12-09 07:00:00+00:00,bacninh_bacninhcity,164.71857723197994
2025-12-09 07:00:00+00:00,bentre_bentrecity,130.04977769673204
2025-12-09 07:00:00+00:00,angiang_longxuyen,64.00816417325606
2025-12-09 07:00:00+00:00,baclieu_baclieucity,89.63181933510461
2025-12-09 08:00:00+00:00,bacgiang_bacgiangcity,163.59063626555968
2025-12-09 08:00:00+00:00,bentre_bentrecity,131.97616550369497
2025-12-09 08:00:00+00:00,angiang_longxuyen,64.97073623922698
2025-12-09 08:00:00+00:00,backan_backancity,91.44312607909414
2025-12-09 08:00:00+00:00,bacninh_bacninhcity,166.20138678397655
2025-12-09 08:00:00+00:00,baclieu_baclieucity,91.94758147864232
2025-12-09 09:00:00+00:00,baclieu_baclieucity,95.23483185981077
2025-12-09 09:00:00+00:00,backan_backancity,97.29189526803755
2025-12-09 09:00:00+00:00,bacninh_bacninhcity,168.45411840574158
2025-12-09 09:00:00+00:00,angiang_longxuyen,66.1763682632772
2025-12-09 09:00:00+00:00,bacgiang_bacgiangcity,165.94007047413476
2025-12-09 09:00:00+00:00,bentre_bentrecity,134.73516258309246
2025-12-09 10:00:00+00:00,bacgiang_bacgiangcity,168.94756080128286
2025-12-09 10:00:00+00:00,bacninh_bacninhcity,171.29462729188194
2025-12-09 10:00:00+00:00,bentre_bentrecity,137.5282672630182
2025-12-09 10:00:00+00:00,angiang_longxuyen,66.88905137405904
2025-12-09 10:00:00+00:00,backan_backancity,103.2990339469346
2025-12-09 10:00:00+00:00,baclieu_baclieucity,99.24680691114922
2025-12-09 11:00:00+00:00,bacninh_bacninhcity,173.24352835829472
2025-12-09 11:00:00+00:00,baclieu_baclieucity,103.0297876511242
2025-12-09 11:00:00+00:00,angiang_longxuyen,66.63959359277506
2025-12-09 11:00:00+00:00,bacgiang_bacgiangcity,171.22205548974958
2025-12-09 11:00:00+00:00,backan_backancity,108.44900933913115
2025-12-09 11:00:00+00:00,bentre_bentrecity,138.6218837957903
2025-12-09 12:00:00+00:00,backan_backancity,111.4723596382165
2025-12-09 12:00:00+00:00,angiang_longxuyen,65.53159130404761
2025-12-09 12:00:00+00:00,baclieu_baclieucity,105.49016502396775
2025-12-09 12:00:00+00:00,bacgiang_bacgiangcity,171.61917413335698
2025-12-09 12:00:00+00:00,bacninh_bacninhcity,173.20019164232946
2025-12-09 12:00:00+00:00,bentre_bentrecity,136.1070657327576
2025-12-09 13:00:00+00:00,backan_backancity,111.01228586596147
2025-12-09 13:00:00+00:00,baclieu_baclieucity,105.04154166046148
2025-12-09 13:00:00+00:00,bacninh_bacninhcity,171.20417049585916
2025-12-09 13:00:00+00:00,bentre_bentrecity,130.9252077718466
2025-12-09 13:00:00+00:00,bacgiang_bacgiangcity,170.04527971699025
2025-12-09 13:00:00+00:00,angiang_longxuyen,64.28644082081027
2025-12-09 14:00:00+00:00,angiang_longxuyen,63.16712084015744
2025-12-09 14:00:00+00:00,bentre_bentrecity,123.85737022665181
2025-12-09 14:00:00+00:00,backan_backancity,109.29946123576607
2025-12-09 14:00:00+00:00,bacninh_bacninhcity,169.03473270015576
2025-12-09 14:00:00+00:00,baclieu_baclieucity,102.13242440746389
2025-12-09 14:00:00+00:00,bacgiang_bacgiangcity,168.26791109476858
2025-12-09 15:00:00+00:00,bentre_bentrecity,116.44213237684397
2025-12-09 15:00:00+00:00,backan_backancity,108.12719596575106
2025-12-09 15:00:00+00:00,bacninh_bacninhcity,167.23041197036284
2025-12-09 15:00:00+00:00,angiang_longxuyen,62.439777816601975
2025-12-09 15:00:00+00:00,bacgiang_bacgiangcity,166.8679367792467
2025-12-09 15:00:00+00:00,baclieu_baclieucity,98.13834322895828
2025-12-09 16:00:00+00:00,bacgiang_bacgiangcity,166.05944333748153
2025-12-09 16:00:00+00:00,baclieu_baclieucity,94.56494603030008
2025-12-09 16:00:00+00:00,bentre_bentrecity,110.04996178729435
2025-12-09 16:00:00+00:00,backan_backancity,108.30656617952647
2025-12-09 16:00:00+00:00,angiang_longxuyen,62.140884576313425
2025-12-09 16:00:00+00:00,bacninh_bacninhcity,166.34904266163053
2025-12-09 17:00:00+00:00,angiang_longxuyen,62.099773515245595
2025-12-09 17:00:00+00:00,bacninh_bacninhcity,166.22331932943862
2025-12-09 17:00:00+00:00,bacgiang_bacgiangcity,165.86874982402765
2025-12-09 17:00:00+00:00,backan_backancity,110.05677333806116
2025-12-09 17:00:00+00:00,bentre_bentrecity,106.0172065837561
2025-12-09 17:00:00+00:00,baclieu_baclieucity,91.92745774509719
2025-12-09 18:00:00+00:00,bacninh_bacninhcity,166.54487038459033
2025-12-09 18:00:00+00:00,baclieu_baclieucity,90.29417410797144
2025-12-09 18:00:00+00:00,bentre_bentrecity,103.22641354427537
2025-12-09 18:00:00+00:00,backan_backancity,112.81337902230287
2025-12-09 18:00:00+00:00,bacgiang_bacgiangcity,166.23501336390544
2025-12-09 18:00:00+00:00,angiang_longxuyen,62.13016255238413
2025-12-09 19:00:00+00:00,bentre_bentrecity,100.75472408725956
2025-12-09 19:00:00+00:00,baclieu_baclieucity,89.51957205669831
2025-12-09 19:00:00+00:00,backan_backancity,116.24903999123018
2025-12-09 19:00:00+00:00,angiang_longxuyen,62.101799783366125
2025-12-09 19:00:00+00:00,bacgiang_bacgiangcity,166.70494805844692
2025-12-09 19:00:00+00:00,bacninh_bacninhcity,167.06517516365324
2025-12-09 20:00:00+00:00,backan_backancity,120.08329755824884
2025-12-09 20:00:00+00:00,angiang_longxuyen,62.002313258683216
2025-12-09 20:00:00+00:00,bacgiang_bacgiangcity,167.2349380501991
2025-12-09 20:00:00+00:00,bentre_bentrecity,98.13160084047972
2025-12-09 20:00:00+00:00,baclieu_baclieucity,89.37363464382797
2025-12-09 20:00:00+00:00,bacninh_bacninhcity,167.7151710717689
2025-12-09 21:00:00+00:00,angiang_longxuyen,61.76245345837361
2025-12-09 21:00:00+00:00,bacninh_bacninhcity,168.6563564135796
2025-12-09 21:00:00+00:00,bentre_bentrecity,95.4389088991241
2025-12-09 21:00:00+00:00,backan_backancity,124.00092621370521
2025-12-09 21:00:00+00:00,baclieu_baclieucity,89.46242157559398
2025-12-09 21:00:00+00:00,bacgiang_bacgiangcity,167.7566634600476
2025-12-09 22:00:00+00:00,backan_backancity,127.85408315484194
2025-12-09 22:00:00+00:00,angiang_longxuyen,61.48266894831888
2025-12-09 22:00:00+00:00,bacgiang_bacgiangcity,168.28516303564226
2025-12-09 22:00:00+00:00,baclieu_baclieucity,89.2798842274838
2025-12-09 22:00:00+00:00,bentre_bentrecity,92.64687140576768
2025-12-09 22:00:00+00:00,bacninh_bacninhcity,169.58057892534313
2025-12-09 23:00:00+00:00,bacninh_bacninhcity,170.29233488761224
2025-12-09 23:00:00+00:00,angiang_longxuyen,61.011971599355654
2025-12-09 23:00:00+00:00,baclieu_baclieucity,88.70330128446562
2025-12-09 23:00:00+00:00,backan_backancity,131.55048968896205
2025-12-09 23:00:00+00:00,bacgiang_bacgiangcity,168.7875329741205
2025-12-09 23:00:00+00:00,bentre_bentrecity,90.00823166192804
2025-12-10 00:00:00+00:00,baclieu_baclieucity,87.61020689581561
2025-12-10 00:00:00+00:00,bacgiang_bacgiangcity,169.28389638594376
2025-12-10 00:00:00+00:00,bacninh_bacninhcity,170.92341895993633
2025-12-10 00:00:00+00:00,angiang_longxuyen,60.432030235313604
2025-12-10 00:00:00+00:00,bentre_bentrecity,87.57035197144242
2025-12-10 00:00:00+00:00,backan_backancity,134.9425647084529
2025-12-10 01:00:00+00:00,baclieu_baclieucity,86.28838658909638
2025-12-10 01:00:00+00:00,bacgiang_bacgiangcity,169.25035454539506
2025-12-10 01:00:00+00:00,angiang_longxuyen,59.85163775868875
2025-12-10 01:00:00+00:00,bentre_bentrecity,85.40960432379471
2025-12-10 01:00:00+00:00,bacninh_bacninhcity,170.9928404509932
2025-12-10 01:00:00+00:00,backan_backancity,137.28197474681792
2025-12-10 02:00:00+00:00,baclieu_baclieucity,84.7683577566841
2025-12-10 02:00:00+00:00,bentre_bentrecity,83.34743162940914
2025-12-10 02:00:00+00:00,angiang_longxuyen,59.30131530035934
2025-12-10 02:00:00+00:00,bacninh_bacninhcity,170.8056262367967
2025-12-10 02:00:00+00:00,bacgiang_bacgiangcity,168.91103314374965
2025-12-10 02:00:00+00:00,backan_backancity,138.83778727485202
2025-12-10 03:00:00+00:00,baclieu_baclieucity,82.97962907284693
2025-12-10 03:00:00+00:00,bacninh_bacninhcity,170.37515018540927
2025-12-10 03:00:00+00:00,bacgiang_bacgiangcity,168.1564239784493
2025-12-10 03:00:00+00:00,backan_backancity,138.8593335084338
2025-12-10 03:00:00+00:00,bentre_bentrecity,81.37053042867888
2025-12-10 03:00:00+00:00,angiang_longxuyen,58.688592257855625
2025-12-10 04:00:00+00:00,baclieu_baclieucity,80.92274386655203
2025-12-10 04:00:00+00:00,backan_backancity,138.178547297291
2025-12-10 04:00:00+00:00,bentre_bentrecity,79.62962217095317
2025-12-10 04:00:00+00:00,angiang_longxuyen,58.06694416474967
2025-12-10 04:00:00+00:00,bacgiang_bacgiangcity,167.03690710335428
2025-12-10 04:00:00+00:00,bacninh_bacninhcity,169.55062604677914
2025-12-10 05:00:00+00:00,backan_backancity,137.27911354656902
2025-12-10 05:00:00+00:00,baclieu_baclieucity,79.08728764537443
2025-12-10 05:00:00+00:00,angiang_longxuyen,57.53932189097351
2025-12-10 05:00:00+00:00,bacninh_bacninhcity,168.2411633586437
2025-12-10 05:00:00+00:00,bacgiang_bacgiangcity,165.5806658393833
2025-12-10 05:00:00+00:00,bentre_bentrecity,78.69920869976602
2025-12-10 06:00:00+00:00,backan_backancity,136.44365055088969
2025-12-10 06:00:00+00:00,bacgiang_bacgiangcity,164.2087950900694
2025-12-10 06:00:00+00:00,bentre_bentrecity,78.91196934475641
2025-12-10 06:00:00+00:00,bacninh_bacninhcity,166.87136623180982
2025-12-10 06:00:00+00:00,angiang_longxuyen,57.283837644356886
2025-12-10 06:00:00+00:00,baclieu_baclieucity,77.82704607545836
2025-12-10 07:00:00+00:00,bacninh_bacninhcity,165.98854638427537
2025-12-10 07:00:00+00:00,bentre_bentrecity,80.74522358821629
2025-12-10 07:00:00+00:00,angiang_longxuyen,57.406754607663544
2025-12-10 07:00:00+00:00,bacgiang_bacgiangcity,163.33979773084548
2025-12-10 07:00:00+00:00,backan_backancity,135.93292879879286
2025-12-10 07:00:00+00:00,baclieu_baclieucity,77.47382243079166
2025-12-10 08:00:00+00:00,bacgiang_bacgiangcity,163.42537952017238
2025-12-10 08:00:00+00:00,bentre_bentrecity,84.23212945114878
2025-12-10 08:00:00+00:00,backan_backancity,135.97594400358037
2025-12-10 08:00:00+00:00,angiang_longxuyen,57.90432430948724
2025-12-10 08:00:00+00:00,bacninh_bacninhcity,166.00493099266944
2025-12-10 08:00:00+00:00,baclieu_baclieucity,78.08711123327491
2025-12-10 09:00:00+00:00,backan_backancity,136.78377946898163
2025-12-10 09:00:00+00:00,bentre_bentrecity,88.83126148706121
2025-12-10 09:00:00+00:00,angiang_longxuyen,58.522034513748864
2025-12-10 09:00:00+00:00,bacninh_bacninhcity,167.00211411078033
2025-12-10 09:00:00+00:00,baclieu_baclieucity,79.17487077947476
2025-12-10 09:00:00+00:00,bacgiang_bacgiangcity,164.61321128971235
2025-12-10 10:00:00+00:00,angiang_longxuyen,59.08361235563585
2025-12-10 10:00:00+00:00,bentre_bentrecity,93.52370528840856
2025-12-10 10:00:00+00:00,backan_backancity,138.0753447015531
2025-12-10 10:00:00+00:00,bacninh_bacninhcity,168.8721527222487
2025-12-10 10:00:00+00:00,baclieu_baclieucity,79.92656142082782
2025-12-10 10:00:00+00:00,bacgiang_bacgiangcity,166.78190138500227
2025-12-10 11:00:00+00:00,bacgiang_bacgiangcity,169.04476185503523
2025-12-10 11:00:00+00:00,backan_backancity,138.7328475218201
2025-12-10 11:00:00+00:00,bentre_bentrecity,96.60238090073474
2025-12-10 11:00:00+00:00,angiang_longxuyen,59.38021763265915
2025-12-10 11:00:00+00:00,bacninh_bacninhcity,170.87115470103407
2025-12-10 11:00:00+00:00,baclieu_baclieucity,79.71424814991818
2025-12-10 12:00:00+00:00,baclieu_baclieucity,78.43160672178159
2025-12-10 12:00:00+00:00,angiang_longxuyen,59.3002535657722
2025-12-10 12:00:00+00:00,backan_backancity,137.16078746380114
2025-12-10 12:00:00+00:00,bacgiang_bacgiangcity,169.69284863476184
2025-12-10 12:00:00+00:00,bacninh_bacninhcity,171.36844526137008
2025-12-10 12:00:00+00:00,bentre_bentrecity,95.96431081421406
2025-12-10 13:00:00+00:00,bentre_bentrecity,91.20095339217218
2025-12-10 13:00:00+00:00,backan_backancity,133.3263604180221
2025-12-10 13:00:00+00:00,angiang_longxuyen,58.67999868777003
2025-12-10 13:00:00+00:00,baclieu_baclieucity,76.14457060504611
2025-12-10 13:00:00+00:00,bacninh_bacninhcity,169.99920641751163
2025-12-10 13:00:00+00:00,bacgiang_bacgiangcity,168.85447708447407
2025-12-10 14:00:00+00:00,bentre_bentrecity,85.8608801545178
2025-12-10 14:00:00+00:00,angiang_longxuyen,57.57284877751395
2025-12-10 14:00:00+00:00,backan_backancity,128.31031748547377
2025-12-10 14:00:00+00:00,bacninh_bacninhcity,168.21868249954505
2025-12-10 14:00:00+00:00,baclieu_baclieucity,73.28991522708272
2025-12-10 14:00:00+00:00,bacgiang_bacgiangcity,167.37104943346895
2025-12-10 15:00:00+00:00,bacgiang_bacgiangcity,165.58207650083006
2025-12-10 15:00:00+00:00,backan_backancity,123.70092886913943
2025-12-10 15:00:00+00:00,bentre_bentrecity,82.05849705612577
2025-12-10 15:00:00+00:00,angiang_longxuyen,56.41150055661942
2025-12-10 15:00:00+00:00,bacninh_bacninhcity,166.33446748823712
2025-12-10 15:00:00+00:00,baclieu_baclieucity,70.37407552428428
2025-12-10 16:00:00+00:00,backan_backancity,120.47341024898193
2025-12-10 16:00:00+00:00,angiang_longxuyen,55.27072905110386
2025-12-10 16:00:00+00:00,bacninh_bacninhcity,164.7410481217397
2025-12-10 16:00:00+00:00,bacgiang_bacgiangcity,164.0404927116645
2025-12-10 16:00:00+00:00,baclieu_baclieucity,67.65834537548014
2025-12-10 16:00:00+00:00,bentre_bentrecity,79.74346329740754
2025-12-10 17:00:00+00:00,backan_backancity,118.80152969342868
2025-12-10 17:00:00+00:00,angiang_longxuyen,54.183557695895956
2025-12-10 17:00:00+00:00,baclieu_baclieucity,65.22320476084258
2025-12-10 17:00:00+00:00,bacgiang_bacgiangcity,162.89391905094035
2025-12-10 17:00:00+00:00,bacninh_bacninhcity,163.6203748033385
2025-12-10 17:00:00+00:00,bentre_bentrecity,78.43189832494285
2025-12-10 18:00:00+00:00,bentre_bentrecity,77.62538130460402
2025-12-10 18:00:00+00:00,bacgiang_bacgiangcity,162.18276124900203
2025-12-10 18:00:00+00:00,bacninh_bacninhcity,163.10545346725263
2025-12-10 18:00:00+00:00,angiang_longxuyen,53.103514417963225
2025-12-10 18:00:00+00:00,baclieu_baclieucity,63.08596294494363
2025-12-10 18:00:00+00:00,backan_backancity,118.35805611652026
2025-12-10 19:00:00+00:00,bacninh_bacninhcity,162.9223815133468
2025-12-10 19:00:00+00:00,baclieu_baclieucity,61.2218859981054
2025-12-10 19:00:00+00:00,bacgiang_bacgiangcity,161.92193842143314
2025-12-10 19:00:00+00:00,backan_backancity,119.12749218101992
2025-12-10 19:00:00+00:00,angiang_longxuyen,51.96832075753222
2025-12-10 19:00:00+00:00,bentre_bentrecity,77.16142572103566
2025-12-10 20:00:00+00:00,backan_backancity,120.6715134735334
2025-12-10 20:00:00+00:00,bacgiang_bacgiangcity,161.96916317954856
2025-12-10 20:00:00+00:00,bacninh_bacninhcity,162.90179981329845
2025-12-10 20:00:00+00:00,angiang_longxuyen,50.850134789173175
2025-12-10 20:00:00+00:00,bentre_bentrecity,76.84618276503902
2025-12-10 20:00:00+00:00,baclieu_baclieucity,59.524326918018545
2025-12-10 21:00:00+00:00,angiang_longxuyen,49.781391756822835
2025-12-10 21:00:00+00:00,bentre_bentrecity,76.49122944008246
2025-12-10 21:00:00+00:00,baclieu_baclieucity,57.95060696508163
2025-12-10 21:00:00+00:00,bacgiang_bacgiangcity,162.19971909437976
2025-12-10 21:00:00+00:00,backan_backancity,122.67483965304339
2025-12-10 21:00:00+00:00,bacninh_bacninhcity,163.19877146352434
2025-12-10 22:00:00+00:00,angiang_longxuyen,48.81169410591145
2025-12-10 22:00:00+00:00,bacninh_bacninhcity,163.69858426658848
2025-12-10 22:00:00+00:00,baclieu_baclieucity,56.52888952153575
2025-12-10 22:00:00+00:00,backan_backancity,124.79949517864877
2025-12-10 22:00:00+00:00,bentre_bentrecity,76.00564786822156
2025-12-10 22:00:00+00:00,bacgiang_bacgiangcity,162.5436263918945
2025-12-10 23:00:00+00:00,baclieu_baclieucity,55.18775922855472
2025-12-10 23:00:00+00:00,bentre_bentrecity,75.57768907489283
2025-12-10 23:00:00+00:00,angiang_longxuyen,48.11346155178747
2025-12-10 23:00:00+00:00,bacgiang_bacgiangcity,162.9683999814618
2025-12-10 23:00:00+00:00,backan_backancity,126.52937485527565
2025-12-10 23:00:00+00:00,bacninh_bacninhcity,164.3393037049076
2025-12-11 00:00:00+00:00,angiang_longxuyen,47.68239232473867
2025-12-11 00:00:00+00:00,backan_backancity,127.8406419937423
2025-12-11 00:00:00+00:00,bacninh_bacninhcity,165.02812021849115
2025-12-11 00:00:00+00:00,bacgiang_bacgiangcity,163.25298472817104
2025-12-11 00:00:00+00:00,baclieu_baclieucity,53.96679436135874
2025-12-11 00:00:00+00:00,bentre_bentrecity,75.35233715493945
2025-12-11 01:00:00+00:00,backan_backancity,128.70036537550436
2025-12-11 01:00:00+00:00,baclieu_baclieucity,52.90797082116056
2025-12-11 01:00:00+00:00,bacgiang_bacgiangcity,163.40298838512336
2025-12-11 01:00:00+00:00,bacninh_bacninhcity,165.60188557711786
2025-12-11 01:00:00+00:00,angiang_longxuyen,47.534512136960636
2025-12-11 01:00:00+00:00,bentre_bentrecity,75.4519856813786
2025-12-11 02:00:00+00:00,bacgiang_bacgiangcity,162.97509439249717
2025-12-11 02:00:00+00:00,angiang_longxuyen,47.61170472764829
2025-12-11 02:00:00+00:00,bacninh_bacninhcity,165.58960833632852
2025-12-11 02:00:00+00:00,backan_backancity,129.13508338057093
2025-12-11 02:00:00+00:00,bentre_bentrecity,75.52324402311794
2025-12-11 02:00:00+00:00,baclieu_baclieucity,51.874977837913406
2025-12-11 03:00:00+00:00,baclieu_baclieucity,50.72611621392399
2025-12-11 03:00:00+00:00,bacgiang_bacgiangcity,162.00596997856945
2025-12-11 03:00:00+00:00,bacninh_bacninhcity,164.98566578901375
2025-12-11 03:00:00+00:00,backan_backancity,129.05783346618492
2025-12-11 03:00:00+00:00,bentre_bentrecity,75.19532006810869
2025-12-11 03:00:00+00:00,angiang_longxuyen,47.88580172989114
2025-12-11 04:00:00+00:00,bentre_bentrecity,74.68862343657112
2025-12-11 04:00:00+00:00,backan_backancity,128.66063506786674
2025-12-11 04:00:00+00:00,bacgiang_bacgiangcity,160.85524408821576
2025-12-11 04:00:00+00:00,baclieu_baclieucity,49.621264236272
2025-12-11 04:00:00+00:00,bacninh_bacninhcity,164.10008443461885
2025-12-11 04:00:00+00:00,angiang_longxuyen,48.378915137250495
2025-12-11 05:00:00+00:00,bacgiang_bacgiangcity,159.8015796808706
2025-12-11 05:00:00+00:00,bentre_bentrecity,74.26268841902821
2025-12-11 05:00:00+00:00,baclieu_baclieucity,48.73946126129988
2025-12-11 05:00:00+00:00,backan_backancity,128.30026091491246
2025-12-11 05:00:00+00:00,bacninh_bacninhcity,163.24510396581297
2025-12-11 05:00:00+00:00,angiang_longxuyen,49.32735815774136
2025-12-11 06:00:00+00:00,baclieu_baclieucity,47.896030271547545
2025-12-11 06:00:00+00:00,backan_backancity,128.04583840288296
2025-12-11 06:00:00+00:00,bacninh_bacninhcity,162.53865169181014
2025-12-11 06:00:00+00:00,angiang_longxuyen,50.748332885543185
2025-12-11 06:00:00+00:00,bacgiang_bacgiangcity,158.9379159179295
2025-12-11 06:00:00+00:00,bentre_bentrecity,74.24817555400257
2025-12-11 07:00:00+00:00,angiang_longxuyen,52.60729057688379
2025-12-11 07:00:00+00:00,bentre_bentrecity,74.60549659693514
2025-12-11 07:00:00+00:00,baclieu_baclieucity,47.03037762550659
2025-12-11 07:00:00+00:00,bacninh_bacninhcity,162.01124375881918
2025-12-11 07:00:00+00:00,bacgiang_bacgiangcity,158.44938840643948
2025-12-11 07:00:00+00:00,backan_backancity,128.0618117760496
2025-12-11 08:00:00+00:00,angiang_longxuyen,54.610260352530034
2025-12-11 08:00:00+00:00,baclieu_baclieucity,46.20081398608959
2025-12-11 08:00:00+00:00,backan_backancity,128.19597664590972
2025-12-11 08:00:00+00:00,bacninh_bacninhcity,161.92281572325163
2025-12-11 08:00:00+00:00,bacgiang_bacgiangcity,158.39736341166955
2025-12-11 08:00:00+00:00,bentre_bentrecity,75.52280038753929
2025-12-11 09:00:00+00:00,bacgiang_bacgiangcity,158.77394023258393
2025-12-11 09:00:00+00:00,backan_backancity,128.39948325211594
2025-12-11 09:00:00+00:00,angiang_longxuyen,56.31277917869297
2025-12-11 09:00:00+00:00,baclieu_baclieucity,45.565782055582346
2025-12-11 09:00:00+00:00,bentre_bentrecity,76.8615230851889
2025-12-11 09:00:00+00:00,bacninh_bacninhcity,162.251724150472
2025-12-11 10:00:00+00:00,baclieu_baclieucity,45.16388809866753
2025-12-11 10:00:00+00:00,angiang_longxuyen,57.56609953511494
2025-12-11 10:00:00+00:00,bacninh_bacninhcity,162.78803968772218
2025-12-11 10:00:00+00:00,bacgiang_bacgiangcity,159.38803156684432
2025-12-11 10:00:00+00:00,backan_backancity,128.6389642175494
2025-12-11 10:00:00+00:00,bentre_bentrecity,78.25037909556235
2025-12-11 11:00:00+00:00,backan_backancity,129.081986681875
2025-12-11 11:00:00+00:00,baclieu_baclieucity,44.67837631217856
2025-12-11 11:00:00+00:00,bacgiang_bacgiangcity,160.23259407655573
2025-12-11 11:00:00+00:00,bentre_bentrecity,79.0508148192049
2025-12-11 11:00:00+00:00,angiang_longxuyen,58.31700010636443
2025-12-11 11:00:00+00:00,bacninh_bacninhcity,163.56466613786483
2025-12-11 12:00:00+00:00,backan_backancity,129.8238326011173
2025-12-11 12:00:00+00:00,bacninh_bacninhcity,164.31997315688443
2025-12-11 12:00:00+00:00,angiang_longxuyen,58.67782786423623
2025-12-11 12:00:00+00:00,baclieu_baclieucity,44.006044100377515
2025-12-11 12:00:00+00:00,bacgiang_bacgiangcity,161.30747822163545
2025-12-11 12:00:00+00:00,bentre_bentrecity,78.97098284605765
2025-12-11 13:00:00+00:00,baclieu_baclieucity,43.221556826554504
2025-12-11 13:00:00+00:00,bacninh_bacninhcity,165.88721303957118
2025-12-11 13:00:00+00:00,bacgiang_bacgiangcity,163.08274331336054
2025-12-11 13:00:00+00:00,backan_backancity,130.59255835022412
2025-12-11 13:00:00+00:00,bentre_bentrecity,77.83375045583256
2025-12-11 13:00:00+00:00,angiang_longxuyen,58.214894137899634
2025-12-11 14:00:00+00:00,bacgiang_bacgiangcity,165.42577222172685
2025-12-11 14:00:00+00:00,angiang_longxuyen,57.452065252720416
2025-12-11 14:00:00+00:00,bacninh_bacninhcity,167.83952860453888
2025-12-11 14:00:00+00:00,baclieu_baclieucity,42.42123325797399
2025-12-11 14:00:00+00:00,backan_backancity,131.44609824956672
2025-12-11 14:00:00+00:00,bentre_bentrecity,75.96554371037722
2025-12-11 15:00:00+00:00,baclieu_baclieucity,41.657148236100134
2025-12-11 15:00:00+00:00,bacgiang_bacgiangcity,167.70711584598104
2025-12-11 15:00:00+00:00,angiang_longxuyen,56.62861780268569
2025-12-11 15:00:00+00:00,backan_backancity,132.34591581983426
2025-12-11 15:00:00+00:00,bacninh_bacninhcity,169.78995497979517
2025-12-11 15:00:00+00:00,bentre_bentrecity,73.62332481079221
2025-12-11 16:00:00+00:00,baclieu_baclieucity,40.95777917734766
2025-12-11 16:00:00+00:00,bentre_bentrecity,71.09299694884923
2025-12-11 16:00:00+00:00,bacgiang_bacgiangcity,169.6399164301569
2025-12-11 16:00:00+00:00,angiang_longxuyen,55.84766964415314
2025-12-11 16:00:00+00:00,backan_backancity,133.20626477760896
2025-12-11 16:00:00+00:00,bacninh_bacninhcity,171.36048474430123
2025-12-11 17:00:00+00:00,baclieu_baclieucity,40.405163771083586
2025-12-11 17:00:00+00:00,bacgiang_bacgiangcity,171.0847178778016
2025-12-11 17:00:00+00:00,angiang_longxuyen,55.23045292216442
2025-12-11 17:00:00+00:00,bacninh_bacninhcity,172.6365601166401
2025-12-11 17:00:00+00:00,backan_backancity,134.04757728285642
2025-12-11 17:00:00+00:00,bentre_bentrecity,68.63749894428733
2025-12-11 18:00:00+00:00,backan_backancity,134.84396794726203
2025-12-11 18:00:00+00:00,angiang_longxuyen,54.83803980649252
2025-12-11 18:00:00+00:00,bentre_bentrecity,66.36008822420804
2025-12-11 18:00:00+00:00,bacninh_bacninhcity,173.5366269203788
2025-12-11 18:00:00+00:00,baclieu_baclieucity,39.94776552014145
2025-12-11 18:00:00+00:00,bacgiang_bacgiangcity,172.0354239382106
2025-12-11 19:00:00+00:00,backan_backancity,135.7231988328118
2025-12-11 19:00:00+00:00,bacgiang_bacgiangcity,172.7428980694452
2025-12-11 19:00:00+00:00,angiang_longxuyen,54.66756909688855
2025-12-11 19:00:00+00:00,baclieu_baclieucity,39.56377649579476
2025-12-11 19:00:00+00:00,bentre_bentrecity,64.25240051331923
2025-12-11 19:00:00+00:00,bacninh_bacninhcity,174.4436672766406
2025-12-11 20:00:00+00:00,bacgiang_bacgiangcity,173.3541381727955
2025-12-11 20:00:00+00:00,bentre_bentrecity,62.34874030659139
2025-12-11 20:00:00+00:00,backan_backancity,136.41346339286278
2025-12-11 20:00:00+00:00,bacninh_bacninhcity,175.32899441289493
2025-12-11 20:00:00+00:00,baclieu_baclieucity,39.24151761758497
2025-12-11 20:00:00+00:00,angiang_longxuyen,54.70806455128261
2025-12-11 21:00:00+00:00,bacgiang_bacgiangcity,173.80282820625533
2025-12-11 21:00:00+00:00,bentre_bentrecity,60.63147433593992
2025-12-11 21:00:00+00:00,bacninh_bacninhcity,176.18433377789927
2025-12-11 21:00:00+00:00,baclieu_baclieucity,38.97730521480832
2025-12-11 21:00:00+00:00,angiang_longxuyen,54.86393017947661
2025-12-11 21:00:00+00:00,backan_backancity,136.82769689893473
2025-12-11 22:00:00+00:00,bacninh_bacninhcity,177.01470991843223
2025-12-11 22:00:00+00:00,bacgiang_bacgiangcity,174.16752655993423
2025-12-11 22:00:00+00:00,backan_backancity,137.1512841915458
2025-12-11 22:00:00+00:00,angiang_longxuyen,55.15312076073291
2025-12-11 22:00:00+00:00,bentre_bentrecity,59.22526170663489
2025-12-11 22:00:00+00:00,baclieu_baclieucity,38.75627001857542
2025-12-11 23:00:00+00:00,angiang_longxuyen,55.62213827610052
2025-12-11 23:00:00+00:00,bentre_bentrecity,58.0847842966153
2025-12-11 23:00:00+00:00,baclieu_baclieucity,38.57114936553666
2025-12-11 23:00:00+00:00,bacninh_bacninhcity,177.79639580803942
2025-12-11 23:00:00+00:00,bacgiang_bacgiangcity,174.41222398191906
2025-12-11 23:00:00+00:00,backan_backancity,137.499154301252
2025-12-12 00:00:00+00:00,angiang_longxuyen,56.321048745266054
2025-12-12 00:00:00+00:00,backan_backancity,137.79208089224096
2025-12-12 00:00:00+00:00,baclieu_baclieucity,38.42727186730546
2025-12-12 00:00:00+00:00,bacgiang_bacgiangcity,174.47210980036937
2025-12-12 00:00:00+00:00,bacninh_bacninhcity,178.45056388446233
2025-12-12 00:00:00+00:00,bentre_bentrecity,57.25879466517473
2025-12-12 01:00:00+00:00,backan_backancity,137.67045994298434
2025-12-12 01:00:00+00:00,bacninh_bacninhcity,179.21751509125454
2025-12-12 01:00:00+00:00,bentre_bentrecity,56.442285874977095
2025-12-12 01:00:00+00:00,baclieu_baclieucity,38.27791123270873
2025-12-12 01:00:00+00:00,angiang_longxuyen,56.98426898136149
2025-12-12 01:00:00+00:00,bacgiang_bacgiangcity,174.78419995295582
2025-12-12 02:00:00+00:00,bacninh_bacninhcity,179.63218974057042
2025-12-12 02:00:00+00:00,bentre_bentrecity,55.67635652541665
2025-12-12 02:00:00+00:00,baclieu_baclieucity,38.050520582961255
2025-12-12 02:00:00+00:00,angiang_longxuyen,57.570446166851966
2025-12-12 02:00:00+00:00,bacgiang_bacgiangcity,174.6605751665911
2025-12-12 02:00:00+00:00,backan_backancity,137.57553189848895
2025-12-12 03:00:00+00:00,bacninh_bacninhcity,179.37894859519423
2025-12-12 03:00:00+00:00,bacgiang_bacgiangcity,174.20775284217945
2025-12-12 03:00:00+00:00,bentre_bentrecity,54.810873358136085
2025-12-12 03:00:00+00:00,backan_backancity,137.4582226882834
2025-12-12 03:00:00+00:00,baclieu_baclieucity,37.73532996599355
2025-12-12 03:00:00+00:00,angiang_longxuyen,58.08561175173955
2025-12-12 04:00:00+00:00,baclieu_baclieucity,37.387434932940245
2025-12-12 04:00:00+00:00,bentre_bentrecity,53.865027350414714
2025-12-12 04:00:00+00:00,angiang_longxuyen,58.61961191004269
2025-12-12 04:00:00+00:00,bacgiang_bacgiangcity,173.38867196255944
2025-12-12 04:00:00+00:00,bacninh_bacninhcity,178.26918173349097
2025-12-12 04:00:00+00:00,backan_backancity,137.07528044451558
2025-12-12 05:00:00+00:00,backan_backancity,136.35301679910236
2025-12-12 05:00:00+00:00,bacninh_bacninhcity,176.82800414051692
2025-12-12 05:00:00+00:00,bacgiang_bacgiangcity,172.4338136725209
2025-12-12 05:00:00+00:00,angiang_longxuyen,59.11373969762967
2025-12-12 05:00:00+00:00,baclieu_baclieucity,37.171389390799966
2025-12-12 05:00:00+00:00,bentre_bentrecity,52.941293336254645
2025-12-12 06:00:00+00:00,angiang_longxuyen,59.685745467949985
2025-12-12 06:00:00+00:00,bacninh_bacninhcity,175.70618434814835
2025-12-12 06:00:00+00:00,bentre_bentrecity,52.27484303437298
2025-12-12 06:00:00+00:00,backan_backancity,135.17184454791177
2025-12-12 06:00:00+00:00,baclieu_baclieucity,37.19963252775181
2025-12-12 06:00:00+00:00,bacgiang_bacgiangcity,171.8263070865686
2025-12-12 07:00:00+00:00,angiang_longxuyen,60.71149323419053
2025-12-12 07:00:00+00:00,bentre_bentrecity,52.21112400513623
2025-12-12 07:00:00+00:00,bacgiang_bacgiangcity,171.7163153710763
2025-12-12 07:00:00+00:00,baclieu_baclieucity,37.48717318342903
2025-12-12 07:00:00+00:00,backan_backancity,133.76539016213974
2025-12-12 07:00:00+00:00,bacninh_bacninhcity,175.15035383010633
2025-12-12 08:00:00+00:00,backan_backancity,132.4011010950185
2025-12-12 08:00:00+00:00,angiang_longxuyen,62.439511136787836
2025-12-12 08:00:00+00:00,bacgiang_bacgiangcity,172.13582016506325
2025-12-12 08:00:00+00:00,baclieu_baclieucity,37.96354308619586
2025-12-12 08:00:00+00:00,bentre_bentrecity,52.94729487824018
2025-12-12 08:00:00+00:00,bacninh_bacninhcity,175.1429366420046
2025-12-12 09:00:00+00:00,bacgiang_bacgiangcity,173.1188717453594
2025-12-12 09:00:00+00:00,baclieu_baclieucity,38.52536019221516
2025-12-12 09:00:00+00:00,angiang_longxuyen,64.80334356299184
2025-12-12 09:00:00+00:00,bentre_bentrecity,54.41527503870277
2025-12-12 09:00:00+00:00,backan_backancity,131.15880184269125
2025-12-12 09:00:00+00:00,bacninh_bacninhcity,175.66002630928955
2025-12-12 10:00:00+00:00,backan_backancity,130.11886770727227
2025-12-12 10:00:00+00:00,bacgiang_bacgiangcity,174.27625715406248
2025-12-12 10:00:00+00:00,angiang_longxuyen,67.42760752021498
2025-12-12 10:00:00+00:00,bacninh_bacninhcity,176.38228497003334
2025-12-12 10:00:00+00:00,baclieu_baclieucity,39.08278580447263
2025-12-12 10:00:00+00:00,bentre_bentrecity,56.19305240381716
2025-12-12 11:00:00+00:00,baclieu_baclieucity,39.61246176205114
2025-12-12 11:00:00+00:00,bentre_bentrecity,57.75310937786508
2025-12-12 11:00:00+00:00,angiang_longxuyen,69.67145895340259
2025-12-12 11:00:00+00:00,bacgiang_bacgiangcity,175.87510482556172
2025-12-12 11:00:00+00:00,bacninh_bacninhcity,177.61648911921733
2025-12-12 11:00:00+00:00,backan_backancity,129.20359018478865
2025-12-12 12:00:00+00:00,backan_backancity,128.46370074829503
2025-12-12 12:00:00+00:00,baclieu_baclieucity,39.97121340510817
2025-12-12 12:00:00+00:00,bentre_bentrecity,58.604785010843386
2025-12-12 12:00:00+00:00,bacninh_bacninhcity,179.08530670414302
2025-12-12 12:00:00+00:00,bacgiang_bacgiangcity,177.64141246633332
2025-12-12 12:00:00+00:00,angiang_longxuyen,70.74582220052758
2025-12-12 13:00:00+00:00,angiang_longxuyen,70.1630171439019
2025-12-12 13:00:00+00:00,bentre_bentrecity,58.813637675005985
2025-12-12 13:00:00+00:00,baclieu_baclieucity,40.22264013081432
2025-12-12 13:00:00+00:00,bacninh_bacninhcity,179.22017192005708
2025-12-12 13:00:00+00:00,bacgiang_bacgiangcity,178.03428417159216
2025-12-12 13:00:00+00:00,backan_backancity,127.38967396635609
2025-12-12 14:00:00+00:00,bacgiang_bacgiangcity,177.8908253855925
2025-12-12 14:00:00+00:00,bentre_bentrecity,58.40477016556812
2025-12-12 14:00:00+00:00,backan_backancity,126.33380135045644
2025-12-12 14:00:00+00:00,angiang_longxuyen,68.79582201450697
2025-12-12 14:00:00+00:00,bacninh_bacninhcity,178.7690742912659
2025-12-12 14:00:00+00:00,baclieu_baclieucity,40.347366529121594
2025-12-12 15:00:00+00:00,bacgiang_bacgiangcity,177.43060581175683
2025-12-12 15:00:00+00:00,bentre_bentrecity,57.888647524151274
2025-12-12 15:00:00+00:00,bacninh_bacninhcity,177.9822492074834
2025-12-12 15:00:00+00:00,backan_backancity,125.65130539770149
2025-12-12 15:00:00+00:00,angiang_longxuyen,67.47907672434422
2025-12-12 15:00:00+00:00,baclieu_baclieucity,40.40377304831451
2025-12-12 16:00:00+00:00,bentre_bentrecity,57.52522524584471
2025-12-12 16:00:00+00:00,baclieu_baclieucity,40.44396443787376
2025-12-12 16:00:00+00:00,backan_backancity,125.71968509284893
2025-12-12 16:00:00+00:00,angiang_longxuyen,66.66029990955903
2025-12-12 16:00:00+00:00,bacninh_bacninhcity,177.02644383025446
2025-12-12 16:00:00+00:00,bacgiang_bacgiangcity,176.9122749617855
2025-12-12 17:00:00+00:00,bacninh_bacninhcity,176.0312645492517
2025-12-12 17:00:00+00:00,baclieu_baclieucity,40.48869187660812
2025-12-12 17:00:00+00:00,angiang_longxuyen,66.4618851431686
2025-12-12 17:00:00+00:00,bacgiang_bacgiangcity,176.2768990890881
2025-12-12 17:00:00+00:00,backan_backancity,126.37604143914862
2025-12-12 17:00:00+00:00,bentre_bentrecity,57.31734459221963
2025-12-12 18:00:00+00:00,angiang_longxuyen,66.93579760390979
2025-12-12 18:00:00+00:00,baclieu_baclieucity,40.670532617166415
2025-12-12 18:00:00+00:00,bacninh_bacninhcity,175.12111874393926
2025-12-12 18:00:00+00:00,bentre_bentrecity,57.29207231824401
2025-12-12 18:00:00+00:00,bacgiang_bacgiangcity,175.42220773110873
2025-12-12 18:00:00+00:00,backan_backancity,127.4962960453183
2025-12-12 19:00:00+00:00,angiang_longxuyen,67.98653102563412
2025-12-12 19:00:00+00:00,bentre_bentrecity,57.39964148439664
2025-12-12 19:00:00+00:00,backan_backancity,128.90695998441825
2025-12-12 19:00:00+00:00,baclieu_baclieucity,40.997586747361325
2025-12-12 19:00:00+00:00,bacgiang_bacgiangcity,174.36792522475508
2025-12-12 19:00:00+00:00,bacninh_bacninhcity,174.1208501154554
2025-12-12 20:00:00+00:00,bacninh_bacninhcity,173.03462086276846
2025-12-12 20:00:00+00:00,bentre_bentrecity,57.600428953432505
2025-12-12 20:00:00+00:00,backan_backancity,130.32376752858227
2025-12-12 20:00:00+00:00,baclieu_baclieucity,41.42795812069088
2025-12-12 20:00:00+00:00,angiang_longxuyen,69.44955891702476
2025-12-12 20:00:00+00:00,bacgiang_bacgiangcity,173.22591752122258
2025-12-12 21:00:00+00:00,bacninh_bacninhcity,171.86938459972384
2025-12-12 21:00:00+00:00,angiang_longxuyen,71.18444070941781
2025-12-12 21:00:00+00:00,backan_backancity,131.17627310901955
2025-12-12 21:00:00+00:00,baclieu_baclieucity,41.95561030248358
2025-12-12 21:00:00+00:00,bentre_bentrecity,57.90330245225548
2025-12-12 21:00:00+00:00,bacgiang_bacgiangcity,171.95895910925873
2025-12-12 22:00:00+00:00,bacgiang_bacgiangcity,170.50359514710627
2025-12-12 22:00:00+00:00,bentre_bentrecity,58.339127053934014
2025-12-12 22:00:00+00:00,angiang_longxuyen,73.04446013534556
2025-12-12 22:00:00+00:00,bacninh_bacninhcity,170.58139586746353
2025-12-12 22:00:00+00:00,baclieu_baclieucity,42.535127969624654
2025-12-12 22:00:00+00:00,backan_backancity,131.1965008975389
2025-12-12 23:00:00+00:00,bacgiang_bacgiangcity,169.04137227982744
2025-12-12 23:00:00+00:00,backan_backancity,130.57356675972176
2025-12-12 23:00:00+00:00,angiang_longxuyen,74.93891116531405
2025-12-12 23:00:00+00:00,bentre_bentrecity,59.09133360857239
2025-12-12 23:00:00+00:00,bacninh_bacninhcity,169.35450422832338
2025-12-12 23:00:00+00:00,baclieu_baclieucity,43.15183625533222
2025-12-13 00:00:00+00:00,angiang_longxuyen,77.03725760570379
2025-12-13 00:00:00+00:00,bacgiang_bacgiangcity,167.73883828219027
2025-12-13 00:00:00+00:00,bentre_bentrecity,60.4000361346208
2025-12-13 00:00:00+00:00,backan_backancity,129.29685833436614
2025-12-13 00:00:00+00:00,bacninh_bacninhcity,168.2862247702294
2025-12-13 00:00:00+00:00,baclieu_baclieucity,43.77513925868668
2025-12-13 01:00:00+00:00,angiang_longxuyen,79.14784390186216
2025-12-13 01:00:00+00:00,bentre_bentrecity,61.788760051254535
2025-12-13 01:00:00+00:00,backan_backancity,127.4397001086873
2025-12-13 01:00:00+00:00,bacninh_bacninhcity,167.4178953567082
2025-12-13 01:00:00+00:00,baclieu_baclieucity,44.44405697193283
2025-12-13 01:00:00+00:00,bacgiang_bacgiangcity,166.76094583474713
2025-12-13 02:00:00+00:00,bacgiang_bacgiangcity,165.4043481125459
2025-12-13 02:00:00+00:00,baclieu_baclieucity,45.05808849016014
2025-12-13 02:00:00+00:00,backan_backancity,124.37516273232542
2025-12-13 02:00:00+00:00,bacninh_bacninhcity,165.87938212390733
2025-12-13 02:00:00+00:00,angiang_longxuyen,80.99419037956208
2025-12-13 02:00:00+00:00,bentre_bentrecity,62.67625551870795
2025-12-13 03:00:00+00:00,angiang_longxuyen,82.65863879300534
2025-12-13 03:00:00+00:00,baclieu_baclieucity,45.55809569533178
2025-12-13 03:00:00+00:00,backan_backancity,120.4187433794177
2025-12-13 03:00:00+00:00,bacninh_bacninhcity,163.81086893001546
2025-12-13 03:00:00+00:00,bentre_bentrecity,63.03594178728183
2025-12-13 03:00:00+00:00,bacgiang_bacgiangcity,163.5887470758483
2025-12-13 04:00:00+00:00,baclieu_baclieucity,46.01889349082053
2025-12-13 04:00:00+00:00,angiang_longxuyen,84.28614831368799
2025-12-13 04:00:00+00:00,bacninh_bacninhcity,161.5009781039746
2025-12-13 04:00:00+00:00,bacgiang_bacgiangcity,161.59146480801394
2025-12-13 04:00:00+00:00,bentre_bentrecity,63.16322781333792
2025-12-13 04:00:00+00:00,backan_backancity,116.0909885854941
2025-12-13 05:00:00+00:00,bacninh_bacninhcity,158.99620165749496
2025-12-13 05:00:00+00:00,bentre_bentrecity,63.350549197927016
2025-12-13 05:00:00+00:00,bacgiang_bacgiangcity,159.47344886208026
2025-12-13 05:00:00+00:00,backan_backancity,112.00567066597189
2025-12-13 05:00:00+00:00,baclieu_baclieucity,46.51743021851233
2025-12-13 05:00:00+00:00,angiang_longxuyen,85.68140090109875
2025-12-13 06:00:00+00:00,bacninh_bacninhcity,156.24397126683945
2025-12-13 06:00:00+00:00,bentre_bentrecity,63.86793794537735
2025-12-13 06:00:00+00:00,bacgiang_bacgiangcity,157.20448715667328
2025-12-13 06:00:00+00:00,backan_backancity,108.41121931406653
2025-12-13 06:00:00+00:00,baclieu_baclieucity,47.0992458182575
2025-12-13 06:00:00+00:00,angiang_longxuyen,87.14010334559741
2025-12-13 07:00:00+00:00,bacninh_bacninhcity,153.0012095275858
2025-12-13 07:00:00+00:00,backan_backancity,104.9363364737828
2025-12-13 07:00:00+00:00,bacgiang_bacgiangcity,154.53258969844205
2025-12-13 07:00:00+00:00,baclieu_baclieucity,47.80328551225951
2025-12-13 07:00:00+00:00,bentre_bentrecity,65.20178314399638
2025-12-13 07:00:00+00:00,angiang_longxuyen,89.0824614103086
2025-12-13 08:00:00+00:00,baclieu_baclieucity,48.60292618112904
2025-12-13 08:00:00+00:00,bacgiang_bacgiangcity,151.77190032377538
2025-12-13 08:00:00+00:00,angiang_longxuyen,91.64711744440177
2025-12-13 08:00:00+00:00,bacninh_bacninhcity,149.49688722968864
2025-12-13 08:00:00+00:00,backan_backancity,100.92808154354324
2025-12-13 08:00:00+00:00,bentre_bentrecity,67.56313569716232
2025-12-13 09:00:00+00:00,backan_backancity,96.45815541026943
2025-12-13 09:00:00+00:00,bacgiang_bacgiangcity,148.9147924884558
2025-12-13 09:00:00+00:00,baclieu_baclieucity,49.42265506777407
2025-12-13 09:00:00+00:00,angiang_longxuyen,94.78120217472349
2025-12-13 09:00:00+00:00,bacninh_bacninhcity,145.95921250868088
2025-12-13 09:00:00+00:00,bentre_bentrecity,70.87720313251484
2025-12-13 10:00:00+00:00,backan_backancity,91.67982996057519
2025-12-13 10:00:00+00:00,bacninh_bacninhcity,142.10455767438248
2025-12-13 10:00:00+00:00,angiang_longxuyen,98.07057462312794
2025-12-13 10:00:00+00:00,bacgiang_bacgiangcity,145.5386758881233
2025-12-13 10:00:00+00:00,bentre_bentrecity,74.3079367557173
2025-12-13 10:00:00+00:00,baclieu_baclieucity,50.1354229179361
2025-12-13 11:00:00+00:00,baclieu_baclieucity,50.498600947440934
2025-12-13 11:00:00+00:00,bacgiang_bacgiangcity,141.22842725321397
2025-12-13 11:00:00+00:00,bacninh_bacninhcity,137.62295604338127
2025-12-13 11:00:00+00:00,angiang_longxuyen,101.02644402527122
2025-12-13 11:00:00+00:00,bentre_bentrecity,76.86696883653376
2025-12-13 11:00:00+00:00,backan_backancity,87.10197560917936
2025-12-13 12:00:00+00:00,backan_backancity,82.89646734052499
2025-12-13 12:00:00+00:00,bacgiang_bacgiangcity,135.57771128635687
2025-12-13 12:00:00+00:00,baclieu_baclieucity,50.522646992738444
2025-12-13 12:00:00+00:00,bentre_bentrecity,77.53847857787997
2025-12-13 12:00:00+00:00,angiang_longxuyen,102.65073002254626
2025-12-13 12:00:00+00:00,bacninh_bacninhcity,132.48596010727903
2025-12-13 13:00:00+00:00,backan_backancity,79.60751391589392
2025-12-13 13:00:00+00:00,bacgiang_bacgiangcity,128.93436320457226
2025-12-13 13:00:00+00:00,bentre_bentrecity,76.37388035252152
2025-12-13 13:00:00+00:00,bacninh_bacninhcity,127.14991635176965
2025-12-13 13:00:00+00:00,baclieu_baclieucity,50.28609452059113
2025-12-13 13:00:00+00:00,angiang_longxuyen,101.79731505148109
2025-12-13 14:00:00+00:00,bacninh_bacninhcity,121.60250267403893
2025-12-13 14:00:00+00:00,bentre_bentrecity,74.5257045011433
2025-12-13 14:00:00+00:00,bacgiang_bacgiangcity,121.10089538998245
2025-12-13 14:00:00+00:00,angiang_longxuyen,99.5257328118958
2025-12-13 14:00:00+00:00,backan_backancity,77.04430592826819
2025-12-13 14:00:00+00:00,baclieu_baclieucity,49.89882059909455
2025-12-13 15:00:00+00:00,angiang_longxuyen,96.98127029671967
2025-12-13 15:00:00+00:00,baclieu_baclieucity,49.28425572123896
2025-12-13 15:00:00+00:00,bacninh_bacninhcity,116.16796434306184
2025-12-13 15:00:00+00:00,bentre_bentrecity,73.44248598878798
2025-12-13 15:00:00+00:00,bacgiang_bacgiangcity,112.7675188174421
2025-12-13 15:00:00+00:00,backan_backancity,74.88913924112342
2025-12-13 16:00:00+00:00,angiang_longxuyen,95.53519152753525
2025-12-13 16:00:00+00:00,backan_backancity,73.09252231792405
2025-12-13 16:00:00+00:00,baclieu_baclieucity,48.55274052937628
2025-12-13 16:00:00+00:00,bacninh_bacninhcity,111.07446463234645
2025-12-13 16:00:00+00:00,bacgiang_bacgiangcity,105.44348484098684
2025-12-13 16:00:00+00:00,bentre_bentrecity,73.77903092956467
2025-12-13 17:00:00+00:00,angiang_longxuyen,95.6678706543654
2025-12-13 17:00:00+00:00,baclieu_baclieucity,47.83487834706374
2025-12-13 17:00:00+00:00,bentre_bentrecity,75.34118146477033
2025-12-13 17:00:00+00:00,bacgiang_bacgiangcity,99.67974320843885
2025-12-13 17:00:00+00:00,backan_backancity,71.58596081612589
2025-12-13 17:00:00+00:00,bacninh_bacninhcity,106.43410439563475
2025-12-13 18:00:00+00:00,bacgiang_bacgiangcity,95.07740369352351
2025-12-13 18:00:00+00:00,backan_backancity,70.23841026892778
2025-12-13 18:00:00+00:00,bacninh_bacninhcity,102.25094956546687
2025-12-13 18:00:00+00:00,angiang_longxuyen,97.28785550501189
2025-12-13 18:00:00+00:00,baclieu_baclieucity,47.34591218466449
2025-12-13 18:00:00+00:00,bentre_bentrecity,77.87071177960559
2025-12-13 19:00:00+00:00,backan_backancity,68.76275620988818
2025-12-13 19:00:00+00:00,bacgiang_bacgiangcity,91.12812238722982
2025-12-13 19:00:00+00:00,angiang_longxuyen,100.18982801324591
2025-12-13 19:00:00+00:00,bentre_bentrecity,81.25803765530348
2025-12-13 19:00:00+00:00,baclieu_baclieucity,47.103328262515106
2025-12-13 19:00:00+00:00,bacninh_bacninhcity,98.39716813871397
2025-12-13 20:00:00+00:00,backan_backancity,67.21646440045242
2025-12-13 20:00:00+00:00,bacninh_bacninhcity,94.816897392463
2025-12-13 20:00:00+00:00,bacgiang_bacgiangcity,87.56637046674064
2025-12-13 20:00:00+00:00,angiang_longxuyen,104.164877256581
2025-12-13 20:00:00+00:00,baclieu_baclieucity,47.058386482995544
2025-12-13 20:00:00+00:00,bentre_bentrecity,85.48001651789946
2025-12-13 21:00:00+00:00,angiang_longxuyen,108.48101590149751
2025-12-13 21:00:00+00:00,bacninh_bacninhcity,91.54661155482182
2025-12-13 21:00:00+00:00,bacgiang_bacgiangcity,84.4146206910668
2025-12-13 21:00:00+00:00,bentre_bentrecity,90.35896484113418
2025-12-13 21:00:00+00:00,backan_backancity,65.58131836621344
2025-12-13 21:00:00+00:00,baclieu_baclieucity,47.20691966246802
2025-12-13 22:00:00+00:00,bacgiang_bacgiangcity,81.62205684777348
2025-12-13 22:00:00+00:00,bacninh_bacninhcity,88.53101117052219
2025-12-13 22:00:00+00:00,bentre_bentrecity,95.15417383347754
2025-12-13 22:00:00+00:00,backan_backancity,63.944836440569034
2025-12-13 22:00:00+00:00,baclieu_baclieucity,47.5298415017111
2025-12-13 22:00:00+00:00,angiang_longxuyen,112.28320210544733
2025-12-13 23:00:00+00:00,angiang_longxuyen,115.1229832298519
2025-12-13 23:00:00+00:00,bacninh_bacninhcity,85.73549328751194
2025-12-13 23:00:00+00:00,backan_backancity,62.51394471294975
2025-12-13 23:00:00+00:00,bentre_bentrecity,99.65860711968804
2025-12-13 23:00:00+00:00,bacgiang_bacgiangcity,79.16412881686776
2025-12-13 23:00:00+00:00,baclieu_baclieucity,48.07306579078187
2025-12-14 00:00:00+00:00,baclieu_baclieucity,48.898726434040505
2025-12-14 00:00:00+00:00,bacgiang_bacgiangcity,77.05863186819046
2025-12-14 00:00:00+00:00,bentre_bentrecity,103.88163899369968
2025-12-14 00:00:00+00:00,backan_backancity,61.4060296559372
2025-12-14 00:00:00+00:00,angiang_longxuyen,116.73226132211919
2025-12-14 00:00:00+00:00,bacninh_bacninhcity,83.2186751258732
2025-12-14 01:00:00+00:00,bacgiang_bacgiangcity,74.86981118543497
2025-12-14 01:00:00+00:00,bentre_bentrecity,107.12972311372994
2025-12-14 01:00:00+00:00,baclieu_baclieucity,50.041840734184966
2025-12-14 01:00:00+00:00,backan_backancity,59.97999548867083
2025-12-14 01:00:00+00:00,bacninh_bacninhcity,80.50047133486781
2025-12-14 01:00:00+00:00,angiang_longxuyen,116.98160445600644
2025-12-14 02:00:00+00:00,bacgiang_bacgiangcity,72.68681010423106
2025-12-14 02:00:00+00:00,baclieu_baclieucity,51.20604018598956
2025-12-14 02:00:00+00:00,bacninh_bacninhcity,77.75244302053606
2025-12-14 02:00:00+00:00,angiang_longxuyen,116.04441432673843
2025-12-14 02:00:00+00:00,bentre_bentrecity,109.46238515586332
2025-12-14 02:00:00+00:00,backan_backancity,58.529466655858855
2025-12-14 03:00:00+00:00,baclieu_baclieucity,52.06344320413512
2025-12-14 03:00:00+00:00,bacninh_bacninhcity,75.1604921828488
2025-12-14 03:00:00+00:00,angiang_longxuyen,114.21238132728725
2025-12-14 03:00:00+00:00,bentre_bentrecity,110.76333153628923
2025-12-14 03:00:00+00:00,backan_backancity,57.19695485631053
2025-12-14 03:00:00+00:00,bacgiang_bacgiangcity,70.59180339235488
2025-12-14 04:00:00+00:00,angiang_longxuyen,111.84127876072951
2025-12-14 04:00:00+00:00,bacninh_bacninhcity,72.80652441743331
2025-12-14 04:00:00+00:00,bentre_bentrecity,111.30848115392472
2025-12-14 04:00:00+00:00,baclieu_baclieucity,52.645832040863965
2025-12-14 04:00:00+00:00,backan_backancity,56.163034724550656
2025-12-14 04:00:00+00:00,bacgiang_bacgiangcity,68.66728234409094
2025-12-14 05:00:00+00:00,bacgiang_bacgiangcity,66.99038970343267
2025-12-14 05:00:00+00:00,bentre_bentrecity,111.39383364845814
2025-12-14 05:00:00+00:00,baclieu_baclieucity,53.29316115083824
2025-12-14 05:00:00+00:00,angiang_longxuyen,109.28469415259984
2025-12-14 05:00:00+00:00,bacninh_bacninhcity,70.81315262276144
2025-12-14 06:00:00+00:00,bentre_bentrecity,111.55433626538307
2025-12-14 06:00:00+00:00,bacninh_bacninhcity,69.35244509498729
2025-12-14 06:00:00+00:00,baclieu_baclieucity,54.36218332467628
2025-12-14 06:00:00+00:00,angiang_longxuyen,107.02028407345993
2025-12-14 06:00:00+00:00,bacgiang_bacgiangcity,65.79035546314469
2025-12-14 07:00:00+00:00,bacgiang_bacgiangcity,65.17289449235423
2025-12-14 07:00:00+00:00,bentre_bentrecity,112.5940373675065
2025-12-14 07:00:00+00:00,baclieu_baclieucity,56.01284663482968
2025-12-14 07:00:00+00:00,angiang_longxuyen,105.51112119730655
2025-12-14 07:00:00+00:00,bacninh_bacninhcity,68.46106158538379
2025-12-14 08:00:00+00:00,backan_backancity,55.561245554426726
2025-12-14 08:00:00+00:00,baclieu_baclieucity,58.19530438706646
2025-12-14 08:00:00+00:00,angiang_longxuyen,104.79315371385245
2025-12-14 08:00:00+00:00,bacninh_bacninhcity,68.0965825571595
2025-12-14 08:00:00+00:00,bentre_bentrecity,115.19352128685958
2025-12-14 08:00:00+00:00,bacgiang_bacgiangcity,65.0610908495266
2025-12-14 09:00:00+00:00,bacninh_bacninhcity,68.08958906595875
2025-12-14 09:00:00+00:00,bentre_bentrecity,119.14116512924775
2025-12-14 09:00:00+00:00,angiang_longxuyen,104.64238491014366
2025-12-14 09:00:00+00:00,backan_backancity,55.580835305259896
2025-12-14 09:00:00+00:00,baclieu_baclieucity,60.50586066647531
2025-12-14 09:00:00+00:00,bacgiang_bacgiangcity,65.55657446719667
2025-12-14 10:00:00+00:00,bentre_bentrecity,122.94628730348782
2025-12-14 10:00:00+00:00,backan_backancity,56.13894381722834
2025-12-14 10:00:00+00:00,angiang_longxuyen,104.53732988663137
2025-12-14 10:00:00+00:00,baclieu_baclieucity,62.521015466526556
2025-12-14 10:00:00+00:00,bacninh_bacninhcity,68.51018051787999
2025-12-14 10:00:00+00:00,bacgiang_bacgiangcity,66.74083721342964
2025-12-14 11:00:00+00:00,backan_backancity,56.69225209254224
2025-12-14 11:00:00+00:00,bacninh_bacninhcity,70.05047826233435
2025-12-14 11:00:00+00:00,bentre_bentrecity,125.2564846866982
2025-12-14 11:00:00+00:00,angiang_longxuyen,103.70101700481536
2025-12-14 11:00:00+00:00,baclieu_baclieucity,63.95068595013716
2025-12-14 11:00:00+00:00,bacgiang_bacgiangcity,69.07881665167022
2025-12-14 12:00:00+00:00,baclieu_baclieucity,64.31212183767857
2025-12-14 12:00:00+00:00,bacninh_bacninhcity,74.08576505485591
2025-12-14 12:00:00+00:00,bentre_bentrecity,124.75225546652511
2025-12-14 12:00:00+00:00,angiang_longxuyen,101.44575815565277
2025-12-14 12:00:00+00:00,backan_backancity,57.087187450942274
2025-12-14 12:00:00+00:00,bacgiang_bacgiangcity,73.5977310256388
2025-12-14 13:00:00+00:00,angiang_longxuyen,98.04863210832703
2025-12-14 13:00:00+00:00,bacgiang_bacgiangcity,79.96279996753448
2025-12-14 13:00:00+00:00,backan_backancity,57.27399790691549
2025-12-14 13:00:00+00:00,bacninh_bacninhcity,80.3409519439866
2025-12-14 13:00:00+00:00,baclieu_baclieucity,63.935390492012075
2025-12-14 13:00:00+00:00,bentre_bentrecity,122.12203981401066
2025-12-14 14:00:00+00:00,angiang_longxuyen,94.69164137302951
2025-12-14 14:00:00+00:00,baclieu_baclieucity,62.88141454282796
2025-12-14 14:00:00+00:00,bentre_bentrecity,117.91976161114252
2025-12-14 14:00:00+00:00,backan_backancity,57.40271702543075
2025-12-14 14:00:00+00:00,bacgiang_bacgiangcity,87.85912134813246
2025-12-14 14:00:00+00:00,bacninh_bacninhcity,88.41187134047097
2025-12-14 15:00:00+00:00,bentre_bentrecity,113.22321604994356
2025-12-14 15:00:00+00:00,baclieu_baclieucity,61.36963658447843
2025-12-14 15:00:00+00:00,backan_backancity,57.55367773891232
2025-12-14 15:00:00+00:00,bacgiang_bacgiangcity,96.45270280500414
2025-12-14 15:00:00+00:00,angiang_longxuyen,92.38228328353327
2025-12-14 15:00:00+00:00,bacninh_bacninhcity,97.31458922175402
2025-12-14 16:00:00+00:00,backan_backancity,57.71033592954461
2025-12-14 16:00:00+00:00,bentre_bentrecity,108.9366421024597
2025-12-14 16:00:00+00:00,bacgiang_bacgiangcity,104.99085878793375
2025-12-14 16:00:00+00:00,baclieu_baclieucity,59.83365307140985
2025-12-14 16:00:00+00:00,angiang_longxuyen,91.2963767881915
2025-12-14 16:00:00+00:00,bacninh_bacninhcity,106.14344333689861
2025-12-14 17:00:00+00:00,bacgiang_bacgiangcity,113.22767732907732
2025-12-14 17:00:00+00:00,backan_backancity,58.00768142997726
2025-12-14 17:00:00+00:00,angiang_longxuyen,91.28270134762896
2025-12-14 17:00:00+00:00,baclieu_baclieucity,58.50616083397069
2025-12-14 17:00:00+00:00,bacninh_bacninhcity,114.63065864642876
2025-12-14 17:00:00+00:00,bentre_bentrecity,105.46492951192913
2025-12-14 18:00:00+00:00,backan_backancity,58.23677185199805
2025-12-14 18:00:00+00:00,bacgiang_bacgiangcity,120.96552173778721
2025-12-14 18:00:00+00:00,bacninh_bacninhcity,122.62156101391355
2025-12-14 18:00:00+00:00,bentre_bentrecity,102.61174897303133
2025-12-14 18:00:00+00:00,baclieu_baclieucity,57.407068641837206
2025-12-14 18:00:00+00:00,angiang_longxuyen,92.17272591173096
2025-12-14 19:00:00+00:00,backan_backancity,58.51516065461428
2025-12-14 19:00:00+00:00,bacgiang_bacgiangcity,127.97377005236237
2025-12-14 19:00:00+00:00,bentre_bentrecity,99.86150435005729
2025-12-14 19:00:00+00:00,baclieu_baclieucity,56.5525567319571
2025-12-14 19:00:00+00:00,angiang_longxuyen,93.59674004171359
2025-12-14 19:00:00+00:00,bacninh_bacninhcity,129.96610005112478
2025-12-14 20:00:00+00:00,bentre_bentrecity,97.34782575130056
2025-12-14 20:00:00+00:00,bacninh_bacninhcity,136.66730519090447
2025-12-14 20:00:00+00:00,backan_backancity,58.80002952748065
2025-12-14 20:00:00+00:00,angiang_longxuyen,95.12058900015506
2025-12-14 20:00:00+00:00,bacgiang_bacgiangcity,134.42276836567117
2025-12-14 20:00:00+00:00,baclieu_baclieucity,55.910282076777946
2025-12-14 21:00:00+00:00,backan_backancity,59.12796594416348
2025-12-14 21:00:00+00:00,bacgiang_bacgiangcity,140.13981034387334
2025-12-14 21:00:00+00:00,baclieu_baclieucity,55.45045629182671
2025-12-14 21:00:00+00:00,angiang_longxuyen,96.24975635102435
2025-12-14 21:00:00+00:00,bentre_bentrecity,95.12338664586883
2025-12-14 21:00:00+00:00,bacninh_bacninhcity,142.66131534093722
2025-12-14 22:00:00+00:00,backan_backancity,59.54937986653954
2025-12-14 22:00:00+00:00,bacninh_bacninhcity,147.73730390796894
2025-12-14 22:00:00+00:00,baclieu_baclieucity,55.137857702959074
2025-12-14 22:00:00+00:00,bacgiang_bacgiangcity,145.07776344523782
2025-12-14 22:00:00+00:00,bentre_bentrecity,93.26070976805485
2025-12-14 22:00:00+00:00,angiang_longxuyen,96.71040491797224
2025-12-14 23:00:00+00:00,angiang_longxuyen,96.34843629388621
2025-12-14 23:00:00+00:00,backan_backancity,59.935091094171945
2025-12-14 23:00:00+00:00,bacgiang_bacgiangcity,149.08822907636656
2025-12-14 23:00:00+00:00,baclieu_baclieucity,54.90058245374539
2025-12-14 23:00:00+00:00,bacninh_bacninhcity,151.69549032618716
2025-12-14 23:00:00+00:00,bentre_bentrecity,91.67181523522638
2025-12-15 00:00:00+00:00,bacninh_bacninhcity,154.68409872556018
2025-12-15 00:00:00+00:00,bacgiang_bacgiangcity,152.39696790010566
2025-12-15 00:00:00+00:00,backan_backancity,60.4435049443258
2025-12-15 00:00:00+00:00,angiang_longxuyen,95.11260979057589
2025-12-15 00:00:00+00:00,bentre_bentrecity,90.29513178758437
2025-12-15 00:00:00+00:00,baclieu_baclieucity,54.67643682379242
2025-12-15 01:00:00+00:00,bentre_bentrecity,89.37868411395367
2025-12-15 01:00:00+00:00,bacninh_bacninhcity,156.60711938832773
2025-12-15 01:00:00+00:00,angiang_longxuyen,94.08636044197463
2025-12-15 01:00:00+00:00,bacgiang_bacgiangcity,154.64033831269393
2025-12-15 01:00:00+00:00,baclieu_baclieucity,54.55938681639687
2025-12-15 01:00:00+00:00,backan_backancity,60.761716270963966
2025-12-15 02:00:00+00:00,backan_backancity,60.76310948606775
2025-12-15 02:00:00+00:00,baclieu_baclieucity,54.50984917166912
2025-12-15 02:00:00+00:00,bacgiang_bacgiangcity,155.7171914021958
2025-12-15 02:00:00+00:00,bentre_bentrecity,88.58695536162611
2025-12-15 02:00:00+00:00,angiang_longxuyen,92.84202121368592
2025-12-15 02:00:00+00:00,bacninh_bacninhcity,157.63468406657302
2025-12-15 03:00:00+00:00,bacgiang_bacgiangcity,155.45332792627877
2025-12-15 03:00:00+00:00,backan_backancity,60.47045206722762
2025-12-15 03:00:00+00:00,bentre_bentrecity,87.70509630912298
2025-12-15 03:00:00+00:00,baclieu_baclieucity,54.433204894618015
2025-12-15 03:00:00+00:00,angiang_longxuyen,91.38134421701199
2025-12-15 03:00:00+00:00,bacninh_bacninhcity,157.4249640699308
2025-12-15 04:00:00+00:00,bentre_bentrecity,86.73799255556268
2025-12-15 04:00:00+00:00,backan_backancity,60.12403249632358
2025-12-15 04:00:00+00:00,baclieu_baclieucity,54.40118337824339
2025-12-15 04:00:00+00:00,bacgiang_bacgiangcity,154.35951699139918
2025-12-15 04:00:00+00:00,angiang_longxuyen,89.73180183439513
2025-12-15 04:00:00+00:00,bacninh_bacninhcity,156.37237635118103
2025-12-15 05:00:00+00:00,bentre_bentrecity,85.70811249837031
2025-12-15 05:00:00+00:00,angiang_longxuyen,88.1267507417987
2025-12-15 05:00:00+00:00,bacgiang_bacgiangcity,152.98577200638215
2025-12-15 05:00:00+00:00,backan_backancity,59.960941589800655
2025-12-15 05:00:00+00:00,bacninh_bacninhcity,155.02115210261803
2025-12-15 05:00:00+00:00,baclieu_baclieucity,54.465241365000914
2025-12-15 06:00:00+00:00,bacninh_bacninhcity,153.7556292754481
2025-12-15 06:00:00+00:00,baclieu_baclieucity,54.72640315009056
2025-12-15 06:00:00+00:00,bacgiang_bacgiangcity,151.77583322795027
2025-12-15 06:00:00+00:00,bentre_bentrecity,84.89067406732525
2025-12-15 06:00:00+00:00,angiang_longxuyen,87.08717238715982
2025-12-15 06:00:00+00:00,backan_backancity,60.184232348947546
2025-12-15 07:00:00+00:00,backan_backancity,61.14668478285231
2025-12-15 07:00:00+00:00,baclieu_baclieucity,55.343764427492566
2025-12-15 07:00:00+00:00,bentre_bentrecity,84.79702957520632
2025-12-15 07:00:00+00:00,bacgiang_bacgiangcity,151.13366823549845
2025-12-15 07:00:00+00:00,bacninh_bacninhcity,153.02120303664225
2025-12-15 07:00:00+00:00,angiang_longxuyen,86.83087688559458
2025-12-15 08:00:00+00:00,bacgiang_bacgiangcity,151.22137847866907
2025-12-15 08:00:00+00:00,angiang_longxuyen,87.4737104468328
2025-12-15 08:00:00+00:00,backan_backancity,62.947433997003515
2025-12-15 08:00:00+00:00,bentre_bentrecity,85.7162948332285
2025-12-15 08:00:00+00:00,bacninh_bacninhcity,152.89607786478112
2025-12-15 08:00:00+00:00,baclieu_baclieucity,56.25087955379569
2025-12-15 09:00:00+00:00,baclieu_baclieucity,57.08362341230469
2025-12-15 09:00:00+00:00,bacninh_bacninhcity,153.15421395553088
2025-12-15 09:00:00+00:00,bacgiang_bacgiangcity,151.81030720168113
2025-12-15 09:00:00+00:00,angiang_longxuyen,88.87272396732337
2025-12-15 09:00:00+00:00,bentre_bentrecity,87.74668465228808
2025-12-15 09:00:00+00:00,backan_backancity,65.59645182258227
2025-12-15 10:00:00+00:00,baclieu_baclieucity,57.58567931660926
2025-12-15 10:00:00+00:00,bacgiang_bacgiangcity,152.48461334257377
2025-12-15 10:00:00+00:00,angiang_longxuyen,90.51852535553812
2025-12-15 10:00:00+00:00,bacninh_bacninhcity,153.5362938514885
2025-12-15 10:00:00+00:00,backan_backancity,68.64414849329788
2025-12-15 10:00:00+00:00,bentre_bentrecity,90.31584807370719
2025-12-15 11:00:00+00:00,bacgiang_bacgiangcity,152.84498500319333
2025-12-15 11:00:00+00:00,backan_backancity,71.36618175658765
2025-12-15 11:00:00+00:00,bentre_bentrecity,92.3435019323371
2025-12-15 11:00:00+00:00,baclieu_baclieucity,57.586237599584656
2025-12-15 11:00:00+00:00,angiang_longxuyen,91.91358977167816
2025-12-15 11:00:00+00:00,bacninh_bacninhcity,153.45334396761703
2025-12-15 12:00:00+00:00,bacgiang_bacgiangcity,153.20587506943292
2025-12-15 12:00:00+00:00,angiang_longxuyen,92.41206232175114
2025-12-15 12:00:00+00:00,baclieu_baclieucity,57.09176337747277
2025-12-15 12:00:00+00:00,bentre_bentrecity,93.05925186098156
2025-12-15 12:00:00+00:00,bacninh_bacninhcity,153.30854430554254
2025-12-15 12:00:00+00:00,backan_backancity,73.09533367147873
2025-12-15 13:00:00+00:00,bacgiang_bacgiangcity,153.4307733844688
2025-12-15 13:00:00+00:00,baclieu_baclieucity,56.12858068949751
2025-12-15 13:00:00+00:00,bentre_bentrecity,92.69558782620797
2025-12-15 13:00:00+00:00,angiang_longxuyen,90.47151805362633
2025-12-15 13:00:00+00:00,bacninh_bacninhcity,153.2143988541466
2025-12-15 13:00:00+00:00,backan_backancity,73.81224876660086
2025-12-15 14:00:00+00:00,bentre_bentrecity,90.86646836603462
2025-12-15 14:00:00+00:00,bacninh_bacninhcity,152.7093322095104
2025-12-15 14:00:00+00:00,bacgiang_bacgiangcity,153.3308656552196
2025-12-15 14:00:00+00:00,baclieu_baclieucity,54.99200129096686
2025-12-15 14:00:00+00:00,backan_backancity,74.10565139351976
2025-12-15 14:00:00+00:00,angiang_longxuyen,88.97982706688494
2025-12-15 15:00:00+00:00,bacgiang_bacgiangcity,152.97027466914543
2025-12-15 15:00:00+00:00,angiang_longxuyen,88.7688833338993
2025-12-15 15:00:00+00:00,bacninh_bacninhcity,151.70947730858867
2025-12-15 15:00:00+00:00,bentre_bentrecity,88.33185742688977
2025-12-15 15:00:00+00:00,backan_backancity,74.3099131771436
2025-12-15 15:00:00+00:00,baclieu_baclieucity,53.87788281285714
2025-12-15 16:00:00+00:00,bentre_bentrecity,86.0113635859021
2025-12-15 16:00:00+00:00,bacninh_bacninhcity,150.612521047303
2025-12-15 16:00:00+00:00,bacgiang_bacgiangcity,152.29924345606383
2025-12-15 16:00:00+00:00,backan_backancity,74.8571202170835
2025-12-15 16:00:00+00:00,baclieu_baclieucity,52.80316316186838
2025-12-15 16:00:00+00:00,angiang_longxuyen,89.8894077353015
2025-12-15 17:00:00+00:00,bentre_bentrecity,84.211784522898
2025-12-15 17:00:00+00:00,baclieu_baclieucity,51.84933171373105
2025-12-15 17:00:00+00:00,angiang_longxuyen,91.73928522820407
2025-12-15 17:00:00+00:00,bacgiang_bacgiangcity,151.29383064873525
2025-12-15 17:00:00+00:00,bacninh_bacninhcity,149.36747025745416
2025-12-15 17:00:00+00:00,backan_backancity,76.13679950541534
2025-12-15 18:00:00+00:00,bacninh_bacninhcity,147.94641079027213
2025-12-15 18:00:00+00:00,bentre_bentrecity,82.87951323364933
2025-12-15 18:00:00+00:00,baclieu_baclieucity,51.06207296370874
2025-12-15 18:00:00+00:00,angiang_longxuyen,94.01188698845733
2025-12-15 18:00:00+00:00,bacgiang_bacgiangcity,150.04099878991676
2025-12-15 18:00:00+00:00,backan_backancity,78.15711593065431
2025-12-15 19:00:00+00:00,baclieu_baclieucity,50.44834052564682
2025-12-15 19:00:00+00:00,bentre_bentrecity,81.80428390021206
2025-12-15 19:00:00+00:00,bacninh_bacninhcity,146.51044217684532
2025-12-15 19:00:00+00:00,backan_backancity,80.82833298150928
2025-12-15 19:00:00+00:00,bacgiang_bacgiangcity,148.4941063278155
2025-12-15 19:00:00+00:00,angiang_longxuyen,96.62471938521297
2025-12-15 20:00:00+00:00,backan_backancity,83.95667786499017
2025-12-15 20:00:00+00:00,angiang_longxuyen,99.3514834113272
2025-12-15 20:00:00+00:00,baclieu_baclieucity,50.13764608049885
2025-12-15 20:00:00+00:00,bentre_bentrecity,80.87770488597872
2025-12-15 20:00:00+00:00,bacninh_bacninhcity,145.07474273556736
2025-12-15 20:00:00+00:00,bacgiang_bacgiangcity,146.29052853123264
2025-12-15 21:00:00+00:00,angiang_longxuyen,102.16540921120455
2025-12-15 21:00:00+00:00,bacgiang_bacgiangcity,143.2137114217467
2025-12-15 21:00:00+00:00,backan_backancity,87.34378441523344
2025-12-15 21:00:00+00:00,baclieu_baclieucity,50.02621878021266
2025-12-15 21:00:00+00:00,bacninh_bacninhcity,143.77569302185697
2025-12-15 21:00:00+00:00,bentre_bentrecity,80.07142837593955
2025-12-15 22:00:00+00:00,bacgiang_bacgiangcity,139.69494853653055
2025-12-15 22:00:00+00:00,baclieu_baclieucity,50.01714668186244
2025-12-15 22:00:00+00:00,bentre_bentrecity,79.41374735374063
2025-12-15 22:00:00+00:00,bacninh_bacninhcity,142.56125308693595
2025-12-15 22:00:00+00:00,backan_backancity,90.78921720548125
2025-12-15 22:00:00+00:00,angiang_longxuyen,104.76391115068125
2025-12-15 23:00:00+00:00,baclieu_baclieucity,50.01706692715167
2025-12-15 23:00:00+00:00,angiang_longxuyen,107.17048337868711
2025-12-15 23:00:00+00:00,bentre_bentrecity,79.0922399144464
2025-12-15 23:00:00+00:00,bacgiang_bacgiangcity,136.2770280060804
2025-12-15 23:00:00+00:00,backan_backancity,94.20990235821023
2025-12-15 23:00:00+00:00,bacninh_bacninhcity,141.30908917382015
2025-12-16 00:00:00+00:00,bentre_bentrecity,79.15028638987954
2025-12-16 00:00:00+00:00,bacgiang_bacgiangcity,133.2379049667727
2025-12-16 00:00:00+00:00,angiang_longxuyen,109.1466624254347
2025-12-16 00:00:00+00:00,bacninh_bacninhcity,139.94429665508721
2025-12-16 00:00:00+00:00,baclieu_baclieucity,50.04169119410227
2025-12-16 00:00:00+00:00,backan_backancity,97.3935896897331
2025-12-16 01:00:00+00:00,baclieu_baclieucity,50.02430965182358
2025-12-16 01:00:00+00:00,bacninh_bacninhcity,138.3756486032884
2025-12-16 01:00:00+00:00,backan_backancity,99.67952886765364
2025-12-16 01:00:00+00:00,bentre_bentrecity,78.82732716561578
2025-12-16 01:00:00+00:00,bacgiang_bacgiangcity,130.77367631371607
2025-12-16 01:00:00+00:00,angiang_longxuyen,110.12087494067613
2025-12-16 02:00:00+00:00,angiang_longxuyen,110.26027371343059
2025-12-16 02:00:00+00:00,baclieu_baclieucity,49.83389029518796
2025-12-16 02:00:00+00:00,bentre_bentrecity,78.0267319325517
2025-12-16 02:00:00+00:00,bacgiang_bacgiangcity,128.49532847578521
2025-12-16 02:00:00+00:00,backan_backancity,100.91971976058582
2025-12-16 02:00:00+00:00,bacninh_bacninhcity,136.85367948830316
2025-12-16 03:00:00+00:00,bacgiang_bacgiangcity,126.5151635627501
2025-12-16 03:00:00+00:00,angiang_longxuyen,109.91077860149244
2025-12-16 03:00:00+00:00,bentre_bentrecity,76.90354135609176
2025-12-16 03:00:00+00:00,backan_backancity,101.0643215935926
2025-12-16 03:00:00+00:00,baclieu_baclieucity,49.58374462952358
2025-12-16 03:00:00+00:00,bacninh_bacninhcity,135.38468494761293
2025-12-16 04:00:00+00:00,angiang_longxuyen,109.29252008359427
2025-12-16 04:00:00+00:00,backan_backancity,100.45768825941482
2025-12-16 04:00:00+00:00,bacgiang_bacgiangcity,124.67884623992967
2025-12-16 04:00:00+00:00,bentre_bentrecity,75.58063252218723
2025-12-16 04:00:00+00:00,baclieu_baclieucity,49.44781767902238
2025-12-16 04:00:00+00:00,bacninh_bacninhcity,133.81142358426297
2025-12-16 05:00:00+00:00,bentre_bentrecity,74.3741605813392
2025-12-16 05:00:00+00:00,backan_backancity,99.60070442081357
2025-12-16 05:00:00+00:00,angiang_longxuyen,108.58646782931264
2025-12-16 05:00:00+00:00,bacninh_bacninhcity,132.32401318238874
2025-12-16 05:00:00+00:00,baclieu_baclieucity,49.53670430417686
2025-12-16 05:00:00+00:00,bacgiang_bacgiangcity,123.16094461519374
2025-12-16 06:00:00+00:00,angiang_longxuyen,108.20963492100663
2025-12-16 06:00:00+00:00,baclieu_baclieucity,49.907573678601686
2025-12-16 06:00:00+00:00,bentre_bentrecity,74.01039186850772
2025-12-16 06:00:00+00:00,bacninh_bacninhcity,130.97392543845422
2025-12-16 06:00:00+00:00,bacgiang_bacgiangcity,122.26148843345936
2025-12-16 06:00:00+00:00,backan_backancity,98.57354910854465
2025-12-16 07:00:00+00:00,angiang_longxuyen,108.57289582064062
2025-12-16 07:00:00+00:00,bacgiang_bacgiangcity,122.85378928533623
2025-12-16 07:00:00+00:00,bacninh_bacninhcity,129.98979716956268
2025-12-16 07:00:00+00:00,baclieu_baclieucity,50.62484766992229
2025-12-16 07:00:00+00:00,bentre_bentrecity,75.41467792308069
2025-12-16 07:00:00+00:00,backan_backancity,97.62130932766252
2025-12-16 08:00:00+00:00,backan_backancity,96.71314710923868
2025-12-16 08:00:00+00:00,angiang_longxuyen,110.09124606562465
2025-12-16 08:00:00+00:00,baclieu_baclieucity,51.574068298843166
2025-12-16 08:00:00+00:00,bacgiang_bacgiangcity,126.27425448952691
2025-12-16 08:00:00+00:00,bacninh_bacninhcity,129.45605372173483
2025-12-16 08:00:00+00:00,bentre_bentrecity,79.28289355054488
2025-12-16 09:00:00+00:00,angiang_longxuyen,112.78300743150733
2025-12-16 09:00:00+00:00,bacgiang_bacgiangcity,131.56676463462878
2025-12-16 09:00:00+00:00,baclieu_baclieucity,52.359721985311204
2025-12-16 09:00:00+00:00,backan_backancity,95.89943471858746
2025-12-16 09:00:00+00:00,bentre_bentrecity,85.22969140413585
2025-12-16 09:00:00+00:00,bacninh_bacninhcity,129.46340112446464
2025-12-16 10:00:00+00:00,backan_backancity,95.22444661260937
2025-12-16 10:00:00+00:00,angiang_longxuyen,116.38680130007911
2025-12-16 10:00:00+00:00,bacgiang_bacgiangcity,134.00455958573423
2025-12-16 10:00:00+00:00,bentre_bentrecity,92.6427521995731
2025-12-16 10:00:00+00:00,bacninh_bacninhcity,130.13654583738165
2025-12-16 10:00:00+00:00,baclieu_baclieucity,52.74773363788242
2025-12-16 11:00:00+00:00,angiang_longxuyen,119.71937432066524
2025-12-16 11:00:00+00:00,baclieu_baclieucity,52.57997957311409
2025-12-16 11:00:00+00:00,backan_backancity,94.44763370467612
2025-12-16 11:00:00+00:00,bacgiang_bacgiangcity,134.90924717802824
2025-12-16 11:00:00+00:00,bentre_bentrecity,99.11710518967391
2025-12-16 11:00:00+00:00,bacninh_bacninhcity,130.6658230214063
2025-12-16 12:00:00+00:00,bentre_bentrecity,101.28027086930463
2025-12-16 12:00:00+00:00,bacninh_bacninhcity,130.21692363183072
2025-12-16 12:00:00+00:00,bacgiang_bacgiangcity,135.01900959872708
2025-12-16 12:00:00+00:00,baclieu_baclieucity,51.785846963957184
2025-12-16 12:00:00+00:00,backan_backancity,93.7557036419541
2025-12-16 12:00:00+00:00,angiang_longxuyen,120.86888395167966
2025-12-16 13:00:00+00:00,bacninh_bacninhcity,131.31084422943763
2025-12-16 13:00:00+00:00,bentre_bentrecity,97.6178898444382
2025-12-16 13:00:00+00:00,baclieu_baclieucity,50.56526093163737
2025-12-16 13:00:00+00:00,angiang_longxuyen,118.564919897583
2025-12-16 13:00:00+00:00,backan_backancity,93.59971651244291
2025-12-16 13:00:00+00:00,bacgiang_bacgiangcity,135.567918903275
2025-12-16 14:00:00+00:00,bacgiang_bacgiangcity,136.57860798318808
2025-12-16 14:00:00+00:00,backan_backancity,94.09387732346482
2025-12-16 14:00:00+00:00,angiang_longxuyen,115.21929452011223
2025-12-16 14:00:00+00:00,bacninh_bacninhcity,133.66597093049404
2025-12-16 14:00:00+00:00,baclieu_baclieucity,49.29865643120258
2025-12-16 14:00:00+00:00,bentre_bentrecity,90.21948257516688
2025-12-16 15:00:00+00:00,bacninh_bacninhcity,136.16038923391227
2025-12-16 15:00:00+00:00,baclieu_baclieucity,48.214436000293205
2025-12-16 15:00:00+00:00,bacgiang_bacgiangcity,138.49030347702612
2025-12-16 15:00:00+00:00,bentre_bentrecity,82.58096019704892
2025-12-16 15:00:00+00:00,backan_backancity,95.16523232259291
2025-12-16 15:00:00+00:00,angiang_longxuyen,112.74270637922076
2025-12-16 16:00:00+00:00,bentre_bentrecity,76.88114025170391
2025-12-16 16:00:00+00:00,backan_backancity,96.662023093467
2025-12-16 16:00:00+00:00,baclieu_baclieucity,47.37952381058512
2025-12-16 16:00:00+00:00,angiang_longxuyen,112.43309609967233
2025-12-16 16:00:00+00:00,bacgiang_bacgiangcity,141.14200803942396
2025-12-16 16:00:00+00:00,bacninh_bacninhcity,138.7473678638499
2025-12-16 17:00:00+00:00,baclieu_baclieucity,46.784748070339624
2025-12-16 17:00:00+00:00,bacgiang_bacgiangcity,144.28337163327092
2025-12-16 17:00:00+00:00,bacninh_bacninhcity,141.48027767582107
2025-12-16 17:00:00+00:00,bentre_bentrecity,73.32610392709513
2025-12-16 17:00:00+00:00,angiang_longxuyen,113.84154186087895
2025-12-16 17:00:00+00:00,backan_backancity,98.2710829506761
2025-12-16 18:00:00+00:00,baclieu_baclieucity,46.39921379847175
2025-12-16 18:00:00+00:00,bacgiang_bacgiangcity,147.2994804538517
2025-12-16 18:00:00+00:00,bacninh_bacninhcity,144.31041346489175
2025-12-16 18:00:00+00:00,bentre_bentrecity,71.32301202704804
2025-12-16 18:00:00+00:00,angiang_longxuyen,115.69786016975998
2025-12-16 18:00:00+00:00,backan_backancity,99.73663542135868
2025-12-16 19:00:00+00:00,angiang_longxuyen,117.66170278276881
2025-12-16 19:00:00+00:00,backan_backancity,100.86692245359714
2025-12-16 19:00:00+00:00,bentre_bentrecity,70.41735990122062
2025-12-16 19:00:00+00:00,bacninh_bacninhcity,147.0702105837317
2025-12-16 19:00:00+00:00,bacgiang_bacgiangcity,149.7407123345244
2025-12-16 19:00:00+00:00,baclieu_baclieucity,46.18604441058866
2025-12-16 20:00:00+00:00,backan_backancity,101.55653838353945
2025-12-16 20:00:00+00:00,bacninh_bacninhcity,149.40428204114448
2025-12-16 20:00:00+00:00,bacgiang_bacgiangcity,151.46031860747007
2025-12-16 20:00:00+00:00,bentre_bentrecity,70.40228127621543
2025-12-16 20:00:00+00:00,angiang_longxuyen,119.68448911170698
2025-12-16 20:00:00+00:00,baclieu_baclieucity,46.11259530663782
2025-12-16 21:00:00+00:00,bentre_bentrecity,71.08975691372416
2025-12-16 21:00:00+00:00,backan_backancity,101.79236340549282
2025-12-16 21:00:00+00:00,bacninh_bacninhcity,151.19180941965064
2025-12-16 21:00:00+00:00,angiang_longxuyen,121.63230601252025
2025-12-16 21:00:00+00:00,bacgiang_bacgiangcity,152.63431293469125
2025-12-16 21:00:00+00:00,baclieu_baclieucity,46.19309273315306
2025-12-16 22:00:00+00:00,angiang_longxuyen,123.47220731265595
2025-12-16 22:00:00+00:00,backan_backancity,101.53319953821635
2025-12-16 22:00:00+00:00,bacninh_bacninhcity,152.57936692363933
2025-12-16 22:00:00+00:00,bacgiang_bacgiangcity,153.41741447041463
2025-12-16 22:00:00+00:00,bentre_bentrecity,72.19748504563333
2025-12-16 22:00:00+00:00,baclieu_baclieucity,46.38681692561625
2025-12-16 23:00:00+00:00,angiang_longxuyen,125.35411940669039
2025-12-16 23:00:00+00:00,baclieu_baclieucity,46.70144925960855
2025-12-16 23:00:00+00:00,bacninh_bacninhcity,153.66627907603726
2025-12-16 23:00:00+00:00,backan_backancity,100.71204752845101
2025-12-16 23:00:00+00:00,bentre_bentrecity,74.21427232492069
2025-12-16 23:00:00+00:00,bacgiang_bacgiangcity,153.91092665132783
2025-12-17 00:00:00+00:00,backan_backancity,99.40516502982574
2025-12-17 00:00:00+00:00,bacgiang_bacgiangcity,154.14454315318488
2025-12-17 00:00:00+00:00,bentre_bentrecity,77.59300587670035
2025-12-17 00:00:00+00:00,baclieu_baclieucity,47.060240780020976
2025-12-17 00:00:00+00:00,bacninh_bacninhcity,154.38093611591066
2025-12-17 00:00:00+00:00,angiang_longxuyen,127.09409303889925
2025-12-17 01:00:00+00:00,bacgiang_bacgiangcity,153.9002445047539
2025-12-17 01:00:00+00:00,angiang_longxuyen,130.35942286896642
2025-12-17 01:00:00+00:00,backan_backancity,97.33299324434815
2025-12-17 01:00:00+00:00,baclieu_baclieucity,47.555986092835774
2025-12-17 01:00:00+00:00,bacninh_bacninhcity,154.42523985774406
2025-12-17 01:00:00+00:00,bentre_bentrecity,81.95318843755656
2025-12-17 02:00:00+00:00,bentre_bentrecity,84.80200178295597
2025-12-17 02:00:00+00:00,bacgiang_bacgiangcity,152.8794190995688
2025-12-17 02:00:00+00:00,baclieu_baclieucity,48.10903516533967
2025-12-17 02:00:00+00:00,bacninh_bacninhcity,153.39115024722378
2025-12-17 02:00:00+00:00,angiang_longxuyen,132.8796941603481
2025-12-17 02:00:00+00:00,backan_backancity,94.508419879041
2025-12-17 03:00:00+00:00,baclieu_baclieucity,48.648944649244015
2025-12-17 03:00:00+00:00,bentre_bentrecity,86.51802407858635
2025-12-17 03:00:00+00:00,angiang_longxuyen,134.42730441484628
2025-12-17 03:00:00+00:00,backan_backancity,91.32971986504695
2025-12-17 03:00:00+00:00,bacninh_bacninhcity,151.5198006676971
2025-12-17 03:00:00+00:00,bacgiang_bacgiangcity,151.18201952890348
2025-12-17 04:00:00+00:00,bacninh_bacninhcity,148.78854576597442
2025-12-17 04:00:00+00:00,angiang_longxuyen,135.3777413031064
2025-12-17 04:00:00+00:00,bacgiang_bacgiangcity,148.89874185291308
2025-12-17 04:00:00+00:00,baclieu_baclieucity,49.33094711972606
2025-12-17 04:00:00+00:00,backan_backancity,88.16060910885578
2025-12-17 04:00:00+00:00,bentre_bentrecity,87.53557517904412
2025-12-17 05:00:00+00:00,bacgiang_bacgiangcity,146.45218634529638
2025-12-17 05:00:00+00:00,angiang_longxuyen,136.29397837445399
2025-12-17 05:00:00+00:00,baclieu_baclieucity,50.13967982562351
2025-12-17 05:00:00+00:00,bacninh_bacninhcity,145.72869148653564
2025-12-17 05:00:00+00:00,backan_backancity,85.14741320446917
2025-12-17 05:00:00+00:00,bentre_bentrecity,88.71293166579125
2025-12-17 06:00:00+00:00,angiang_longxuyen,137.48289929426295
2025-12-17 06:00:00+00:00,bentre_bentrecity,90.87451736098573
2025-12-17 06:00:00+00:00,backan_backancity,82.34657356376599
2025-12-17 06:00:00+00:00,bacgiang_bacgiangcity,144.1574588836409
2025-12-17 06:00:00+00:00,bacninh_bacninhcity,142.7770793036216
2025-12-17 06:00:00+00:00,baclieu_baclieucity,51.085042320410835
2025-12-17 07:00:00+00:00,backan_backancity,80.22198159269577
2025-12-17 07:00:00+00:00,angiang_longxuyen,139.36085106844064
2025-12-17 07:00:00+00:00,bentre_bentrecity,95.16632957294969
2025-12-17 07:00:00+00:00,bacninh_bacninhcity,140.1803705989699
2025-12-17 07:00:00+00:00,baclieu_baclieucity,52.200491705256546
2025-12-17 07:00:00+00:00,bacgiang_bacgiangcity,142.1645930329155
2025-12-17 08:00:00+00:00,baclieu_baclieucity,53.42552406270186
2025-12-17 08:00:00+00:00,bentre_bentrecity,101.77035484382203
2025-12-17 08:00:00+00:00,bacgiang_bacgiangcity,140.38826620660325
2025-12-17 08:00:00+00:00,bacninh_bacninhcity,137.94734088310005
2025-12-17 08:00:00+00:00,backan_backancity,78.80966897418409
2025-12-17 08:00:00+00:00,angiang_longxuyen,142.24744322339848
2025-12-17 09:00:00+00:00,backan_backancity,78.04612977361208
2025-12-17 09:00:00+00:00,baclieu_baclieucity,54.6717263111875
2025-12-17 09:00:00+00:00,bentre_bentrecity,109.36447004821608
2025-12-17 09:00:00+00:00,bacgiang_bacgiangcity,138.72329689520527
2025-12-17 09:00:00+00:00,bacninh_bacninhcity,135.9715450328144
2025-12-17 09:00:00+00:00,angiang_longxuyen,145.9563612777708
2025-12-17 10:00:00+00:00,bacgiang_bacgiangcity,136.91838548208568
2025-12-17 10:00:00+00:00,backan_backancity,77.6425036440727
2025-12-17 10:00:00+00:00,angiang_longxuyen,150.33814490357247
2025-12-17 10:00:00+00:00,baclieu_baclieucity,55.70886155472533
2025-12-17 10:00:00+00:00,bacninh_bacninhcity,134.15548540652983
2025-12-17 10:00:00+00:00,bentre_bentrecity,116.25066125496006
2025-12-17 11:00:00+00:00,backan_backancity,77.49786099908503
2025-12-17 11:00:00+00:00,angiang_longxuyen,153.92130473306693
2025-12-17 11:00:00+00:00,baclieu_baclieucity,56.294101622364245
2025-12-17 11:00:00+00:00,bacninh_bacninhcity,132.41008845398852
2025-12-17 11:00:00+00:00,bentre_bentrecity,119.80645649548852
2025-12-17 11:00:00+00:00,bacgiang_bacgiangcity,134.80568568609186
2025-12-17 12:00:00+00:00,bentre_bentrecity,118.37142998458269
2025-12-17 12:00:00+00:00,backan_backancity,77.53037849006728
2025-12-17 12:00:00+00:00,angiang_longxuyen,154.72419540640038
2025-12-17 12:00:00+00:00,bacgiang_bacgiangcity,132.4976192490599
2025-12-17 12:00:00+00:00,bacninh_bacninhcity,130.9373055645367
2025-12-17 12:00:00+00:00,baclieu_baclieucity,56.346480528663214
2025-12-17 13:00:00+00:00,bacninh_bacninhcity,129.34875871240047
2025-12-17 13:00:00+00:00,backan_backancity,77.04947752279475
2025-12-17 13:00:00+00:00,bentre_bentrecity,112.39942216538391
2025-12-17 13:00:00+00:00,bacgiang_bacgiangcity,129.71342466572813
2025-12-17 13:00:00+00:00,baclieu_baclieucity,56.03307442334902
2025-12-17 13:00:00+00:00,angiang_longxuyen,152.16657149469597
2025-12-17 14:00:00+00:00,bentre_bentrecity,104.29281814358255
2025-12-17 14:00:00+00:00,baclieu_baclieucity,55.41507510826085
2025-12-17 14:00:00+00:00,bacninh_bacninhcity,127.64072684185548
2025-12-17 14:00:00+00:00,angiang_longxuyen,147.6283988504109
2025-12-17 14:00:00+00:00,backan_backancity,76.38798198231974
2025-12-17 14:00:00+00:00,bacgiang_bacgiangcity,126.71719719914176
2025-12-17 15:00:00+00:00,bacninh_bacninhcity,125.64332494195496
2025-12-17 15:00:00+00:00,angiang_longxuyen,142.67266044854443
2025-12-17 15:00:00+00:00,backan_backancity,75.72790707263036
2025-12-17 15:00:00+00:00,bacgiang_bacgiangcity,123.4559523056669
2025-12-17 15:00:00+00:00,baclieu_baclieucity,54.64929031411368
2025-12-17 15:00:00+00:00,bentre_bentrecity,96.86145005929217
2025-12-17 16:00:00+00:00,angiang_longxuyen,138.2583069927316
2025-12-17 16:00:00+00:00,bacgiang_bacgiangcity,119.79716507168368
2025-12-17 16:00:00+00:00,baclieu_baclieucity,53.88561901980194
2025-12-17 16:00:00+00:00,bacninh_bacninhcity,123.52288644668161
2025-12-17 16:00:00+00:00,bentre_bentrecity,91.30135896527999
2025-12-17 16:00:00+00:00,backan_backancity,75.08038356054857
2025-12-17 17:00:00+00:00,baclieu_baclieucity,53.18209773141995
2025-12-17 17:00:00+00:00,bentre_bentrecity,87.54627352579367
2025-12-17 17:00:00+00:00,bacgiang_bacgiangcity,116.12976308276981
2025-12-17 17:00:00+00:00,angiang_longxuyen,134.47388116593663
2025-12-17 17:00:00+00:00,bacninh_bacninhcity,121.67909211972639
2025-12-17 17:00:00+00:00,backan_backancity,74.42177912833901
2025-12-17 18:00:00+00:00,angiang_longxuyen,131.49189739222706
2025-12-17 18:00:00+00:00,bacninh_bacninhcity,119.78103717376491
2025-12-17 18:00:00+00:00,bentre_bentrecity,85.01502412309108
2025-12-17 18:00:00+00:00,baclieu_baclieucity,52.57049374720174
2025-12-17 18:00:00+00:00,bacgiang_bacgiangcity,112.87385178557777
2025-12-17 18:00:00+00:00,backan_backancity,73.69306282835747
2025-12-17 19:00:00+00:00,bacninh_bacninhcity,117.63753710540514
2025-12-17 19:00:00+00:00,bentre_bentrecity,83.25148920468612
2025-12-17 19:00:00+00:00,baclieu_baclieucity,52.03544930065444
2025-12-17 19:00:00+00:00,backan_backancity,72.91709186224399
2025-12-17 19:00:00+00:00,bacgiang_bacgiangcity,110.03012529532474
2025-12-17 19:00:00+00:00,angiang_longxuyen,128.91515228861527
2025-12-17 20:00:00+00:00,bentre_bentrecity,82.15408183081767
2025-12-17 20:00:00+00:00,angiang_longxuyen,126.53199679139225
2025-12-17 20:00:00+00:00,baclieu_baclieucity,51.58700850066579
2025-12-17 20:00:00+00:00,backan_backancity,72.18251109868605
2025-12-17 20:00:00+00:00,bacninh_bacninhcity,115.38550333735937
2025-12-17 20:00:00+00:00,bacgiang_bacgiangcity,107.52939453116569
2025-12-17 21:00:00+00:00,baclieu_baclieucity,51.13127014464158
2025-12-17 21:00:00+00:00,bacgiang_bacgiangcity,105.4148441766485
2025-12-17 21:00:00+00:00,bentre_bentrecity,81.65153369040756
2025-12-17 21:00:00+00:00,backan_backancity,71.46611939385335
2025-12-17 21:00:00+00:00,angiang_longxuyen,124.38468345092373
2025-12-17 21:00:00+00:00,bacninh_bacninhcity,113.04944798151614
2025-12-17 22:00:00+00:00,backan_backancity,70.81136561877322
2025-12-17 22:00:00+00:00,baclieu_baclieucity,50.68717099172054
2025-12-17 22:00:00+00:00,bentre_bentrecity,81.66138588952252
2025-12-17 22:00:00+00:00,bacgiang_bacgiangcity,103.62044169284039
2025-12-17 22:00:00+00:00,bacninh_bacninhcity,110.75556417516053
2025-12-17 22:00:00+00:00,angiang_longxuyen,122.46597701954195
2025-12-17 23:00:00+00:00,angiang_longxuyen,120.84627099884133
2025-12-17 23:00:00+00:00,backan_backancity,70.2096836190419
2025-12-17 23:00:00+00:00,bacgiang_bacgiangcity,102.21844734003474
2025-12-17 23:00:00+00:00,bentre_bentrecity,81.89722056927289
2025-12-17 23:00:00+00:00,bacninh_bacninhcity,108.62057542984088
2025-12-17 23:00:00+00:00,baclieu_baclieucity,50.27302970203292
2025-12-18 00:00:00+00:00,bacgiang_bacgiangcity,101.27927736238023
2025-12-18 00:00:00+00:00,bacninh_bacninhcity,106.8153344054557
2025-12-18 00:00:00+00:00,bentre_bentrecity,82.39012462051647
2025-12-18 00:00:00+00:00,backan_backancity,69.71852918676585
2025-12-18 00:00:00+00:00,baclieu_baclieucity,49.86384815842139
2025-12-18 00:00:00+00:00,angiang_longxuyen,119.44057179048689
2025-12-18 01:00:00+00:00,backan_backancity,69.52963264663903
2025-12-18 01:00:00+00:00,bacninh_bacninhcity,106.70118298332973
2025-12-18 01:00:00+00:00,bacgiang_bacgiangcity,101.82947613859956
2025-12-18 01:00:00+00:00,bentre_bentrecity,82.9792577149749
2025-12-18 01:00:00+00:00,angiang_longxuyen,117.38959590979317
2025-12-18 01:00:00+00:00,baclieu_baclieucity,49.4736282972957
2025-12-18 02:00:00+00:00,bacgiang_bacgiangcity,103.18102937534451
2025-12-18 02:00:00+00:00,backan_backancity,69.68159777100936
2025-12-18 02:00:00+00:00,angiang_longxuyen,115.04202721374972
2025-12-18 02:00:00+00:00,bentre_bentrecity,83.08508224682942
2025-12-18 02:00:00+00:00,bacninh_bacninhcity,107.41532722533624
2025-12-18 02:00:00+00:00,baclieu_baclieucity,49.04460776937984
2025-12-18 03:00:00+00:00,angiang_longxuyen,112.20764448633048
2025-12-18 03:00:00+00:00,bentre_bentrecity,82.59562010982255
2025-12-18 03:00:00+00:00,backan_backancity,70.13296457194944
2025-12-18 03:00:00+00:00,bacgiang_bacgiangcity,104.25550913911727
2025-12-18 03:00:00+00:00,baclieu_baclieucity,48.54306528602585
2025-12-18 03:00:00+00:00,bacninh_bacninhcity,107.74650430022781
2025-12-18 04:00:00+00:00,angiang_longxuyen,109.15959141175111
2025-12-18 04:00:00+00:00,bentre_bentrecity,81.74007761953919
2025-12-18 04:00:00+00:00,bacgiang_bacgiangcity,105.2497787179503
2025-12-18 04:00:00+00:00,backan_backancity,70.92158912139371
2025-12-18 04:00:00+00:00,bacninh_bacninhcity,107.99757586823756
2025-12-18 04:00:00+00:00,baclieu_baclieucity,47.95673357578326
2025-12-18 05:00:00+00:00,bacninh_bacninhcity,108.50865589344916
2025-12-18 05:00:00+00:00,bacgiang_bacgiangcity,106.4820743618289
2025-12-18 05:00:00+00:00,baclieu_baclieucity,47.4757378997917
2025-12-18 05:00:00+00:00,backan_backancity,72.19179255315204
2025-12-18 05:00:00+00:00,angiang_longxuyen,106.11726385308796
2025-12-18 05:00:00+00:00,bentre_bentrecity,80.89645222767936
2025-12-18 06:00:00+00:00,bacgiang_bacgiangcity,108.34841372550159
2025-12-18 06:00:00+00:00,baclieu_baclieucity,47.2544235620711
2025-12-18 06:00:00+00:00,bentre_bentrecity,80.51852082284921
2025-12-18 06:00:00+00:00,backan_backancity,73.89743427470862
2025-12-18 06:00:00+00:00,bacninh_bacninhcity,109.66209095163435
2025-12-18 06:00:00+00:00,angiang_longxuyen,103.33412601967392
2025-12-18 07:00:00+00:00,backan_backancity,76.07501951258422
2025-12-18 07:00:00+00:00,bentre_bentrecity,81.74632964116324
2025-12-18 07:00:00+00:00,angiang_longxuyen,101.06991065418336
2025-12-18 07:00:00+00:00,baclieu_baclieucity,47.368562522523504
2025-12-18 07:00:00+00:00,bacninh_bacninhcity,111.76854620300826
2025-12-18 07:00:00+00:00,bacgiang_bacgiangcity,111.22469259942281
2025-12-18 08:00:00+00:00,angiang_longxuyen,99.39346819148236
2025-12-18 08:00:00+00:00,bacgiang_bacgiangcity,115.2609426793104
2025-12-18 08:00:00+00:00,bentre_bentrecity,85.49832520869087
2025-12-18 08:00:00+00:00,baclieu_baclieucity,47.784254044401735
2025-12-18 08:00:00+00:00,backan_backancity,78.58191942823815
2025-12-18 08:00:00+00:00,bacninh_bacninhcity,114.91588267699154
2025-12-18 09:00:00+00:00,bacgiang_bacgiangcity,119.948093384814
2025-12-18 09:00:00+00:00,angiang_longxuyen,98.19214806225412
2025-12-18 09:00:00+00:00,bentre_bentrecity,91.67936077856574
2025-12-18 09:00:00+00:00,baclieu_baclieucity,48.431164442144464
2025-12-18 09:00:00+00:00,backan_backancity,81.1406250132074
2025-12-18 09:00:00+00:00,bacninh_bacninhcity,118.73509900402571
2025-12-18 10:00:00+00:00,bacgiang_bacgiangcity,124.32650986642028
2025-12-18 10:00:00+00:00,baclieu_baclieucity,49.152042349458036
2025-12-18 10:00:00+00:00,bentre_bentrecity,99.50702254367398
2025-12-18 10:00:00+00:00,angiang_longxuyen,97.11932009331147
2025-12-18 10:00:00+00:00,bacninh_bacninhcity,122.44621778994839
2025-12-18 10:00:00+00:00,backan_backancity,83.442662492572
2025-12-18 11:00:00+00:00,bentre_bentrecity,107.24610330617175
2025-12-18 11:00:00+00:00,baclieu_baclieucity,49.66495984843576
2025-12-18 11:00:00+00:00,bacninh_bacninhcity,125.7360497625653
2025-12-18 11:00:00+00:00,backan_backancity,84.96543164699968
2025-12-18 11:00:00+00:00,bacgiang_bacgiangcity,127.87539261662613
2025-12-18 11:00:00+00:00,angiang_longxuyen,95.61124356355052
2025-12-18 12:00:00+00:00,baclieu_baclieucity,49.784272895749446
2025-12-18 12:00:00+00:00,bentre_bentrecity,111.09155207912917
2025-12-18 12:00:00+00:00,bacninh_bacninhcity,128.03736944953297
2025-12-18 12:00:00+00:00,angiang_longxuyen,93.35275168895421
2025-12-18 12:00:00+00:00,backan_backancity,85.17333722397187
2025-12-18 12:00:00+00:00,bacgiang_bacgiangcity,130.19109307487972
2025-12-18 13:00:00+00:00,bacgiang_bacgiangcity,133.05114684982843
2025-12-18 13:00:00+00:00,backan_backancity,84.23110510158232
2025-12-18 13:00:00+00:00,baclieu_baclieucity,49.33202380832147
2025-12-18 13:00:00+00:00,angiang_longxuyen,90.19299092643361
2025-12-18 13:00:00+00:00,bentre_bentrecity,108.33163283588839
2025-12-18 13:00:00+00:00,bacninh_bacninhcity,130.7516440748655
2025-12-18 14:00:00+00:00,bacgiang_bacgiangcity,136.19884097384283
2025-12-18 14:00:00+00:00,baclieu_baclieucity,48.53445177726257
2025-12-18 14:00:00+00:00,angiang_longxuyen,87.44243413853694
2025-12-18 14:00:00+00:00,bentre_bentrecity,101.50372830333536
2025-12-18 14:00:00+00:00,bacninh_bacninhcity,133.7250766481796
2025-12-18 14:00:00+00:00,backan_backancity,83.2332739764464
2025-12-18 15:00:00+00:00,baclieu_baclieucity,47.65560969592782
2025-12-18 15:00:00+00:00,bentre_bentrecity,94.86415828943171
2025-12-18 15:00:00+00:00,bacgiang_bacgiangcity,138.9787213257888
2025-12-18 15:00:00+00:00,bacninh_bacninhcity,136.4838618791266
2025-12-18 15:00:00+00:00,backan_backancity,83.25813003052518
2025-12-18 15:00:00+00:00,angiang_longxuyen,86.15936215957893
2025-12-18 16:00:00+00:00,bentre_bentrecity,90.1040856087688
2025-12-18 16:00:00+00:00,bacgiang_bacgiangcity,141.35497804053014
2025-12-18 16:00:00+00:00,angiang_longxuyen,86.88891713019095
2025-12-18 16:00:00+00:00,bacninh_bacninhcity,139.32122294652623
2025-12-18 16:00:00+00:00,backan_backancity,84.86615323226518
2025-12-18 16:00:00+00:00,baclieu_baclieucity,46.86425354763965
2025-12-18 17:00:00+00:00,angiang_longxuyen,89.66573751819476
2025-12-18 17:00:00+00:00,bacninh_bacninhcity,142.16866550783425
2025-12-18 17:00:00+00:00,backan_backancity,87.69298854709402
2025-12-18 17:00:00+00:00,bentre_bentrecity,87.3547731189769
2025-12-18 17:00:00+00:00,bacgiang_bacgiangcity,143.59743625861395
2025-12-18 17:00:00+00:00,baclieu_baclieucity,46.281475906695796
2025-12-18 18:00:00+00:00,baclieu_baclieucity,45.952108889888514
2025-12-18 18:00:00+00:00,bentre_bentrecity,86.01300478830969
2025-12-18 18:00:00+00:00,angiang_longxuyen,94.16029804352894
2025-12-18 18:00:00+00:00,backan_backancity,91.34378535599187
2025-12-18 18:00:00+00:00,bacgiang_bacgiangcity,145.6669513710599
2025-12-18 18:00:00+00:00,bacninh_bacninhcity,144.8921343559179
2025-12-18 19:00:00+00:00,angiang_longxuyen,99.95474508395293
2025-12-18 19:00:00+00:00,bacgiang_bacgiangcity,147.62488465846752
2025-12-18 19:00:00+00:00,bentre_bentrecity,85.62312139237007
2025-12-18 19:00:00+00:00,bacninh_bacninhcity,147.62130068115226
2025-12-18 19:00:00+00:00,baclieu_baclieucity,45.950095083441546
2025-12-18 19:00:00+00:00,backan_backancity,95.39448864064295
2025-12-18 20:00:00+00:00,bacninh_bacninhcity,150.19193956472063
2025-12-18 20:00:00+00:00,bentre_bentrecity,86.02929219564999
2025-12-18 20:00:00+00:00,backan_backancity,99.60187659698262
2025-12-18 20:00:00+00:00,angiang_longxuyen,106.12203418172597
2025-12-18 20:00:00+00:00,baclieu_baclieucity,46.24185276945079
2025-12-18 20:00:00+00:00,bacgiang_bacgiangcity,149.56897551888696
2025-12-18 21:00:00+00:00,bacninh_bacninhcity,152.62855065683806
2025-12-18 21:00:00+00:00,baclieu_baclieucity,46.77773962513061
2025-12-18 21:00:00+00:00,angiang_longxuyen,111.34967570820538
2025-12-18 21:00:00+00:00,backan_backancity,103.76666821653727
2025-12-18 21:00:00+00:00,bacgiang_bacgiangcity,151.50288269967479
2025-12-18 21:00:00+00:00,bentre_bentrecity,86.91437259076787
2025-12-18 22:00:00+00:00,angiang_longxuyen,115.11577913636802
2025-12-18 22:00:00+00:00,backan_backancity,107.81367209762175
2025-12-18 22:00:00+00:00,bacninh_bacninhcity,154.68652127489986
2025-12-18 22:00:00+00:00,bacgiang_bacgiangcity,153.3083648574433
2025-12-18 22:00:00+00:00,baclieu_baclieucity,47.474975245369954
2025-12-18 22:00:00+00:00,bentre_bentrecity,88.08791268998786
2025-12-18 23:00:00+00:00,bentre_bentrecity,89.2973193549588
2025-12-18 23:00:00+00:00,backan_backancity,111.67353466530002
2025-12-18 23:00:00+00:00,bacgiang_bacgiangcity,154.91358792113482
2025-12-18 23:00:00+00:00,bacninh_bacninhcity,156.38072068779547
2025-12-18 23:00:00+00:00,baclieu_baclieucity,48.32391429483492
2025-12-18 23:00:00+00:00,angiang_longxuyen,117.34707044877652
2025-12-19 00:00:00+00:00,bacgiang_bacgiangcity,156.3792003636214
2025-12-19 00:00:00+00:00,baclieu_baclieucity,49.46084760489462
2025-12-19 00:00:00+00:00,angiang_longxuyen,118.0182649097817
2025-12-19 00:00:00+00:00,bacninh_bacninhcity,157.77058609372713
2025-12-19 00:00:00+00:00,bentre_bentrecity,90.52835948522642
2025-12-19 00:00:00+00:00,backan_backancity,115.22878283835928
2025-12-19 01:00:00+00:00,bacgiang_bacgiangcity,157.91793790654629
2025-12-19 01:00:00+00:00,bacninh_bacninhcity,159.32810587103864
2025-12-19 01:00:00+00:00,bentre_bentrecity,91.56911609110021
2025-12-19 01:00:00+00:00,angiang_longxuyen,117.36847586544708
2025-12-19 01:00:00+00:00,baclieu_baclieucity,50.81667768800467
2025-12-19 01:00:00+00:00,backan_backancity,118.78387897900113
2025-12-19 02:00:00+00:00,backan_backancity,122.17239743685853
2025-12-19 02:00:00+00:00,bacgiang_bacgiangcity,158.88016852266173
2025-12-19 02:00:00+00:00,bacninh_bacninhcity,160.37296735218243
2025-12-19 02:00:00+00:00,bentre_bentrecity,92.04218489654153
2025-12-19 02:00:00+00:00,angiang_longxuyen,115.62631147102674
2025-12-19 02:00:00+00:00,baclieu_baclieucity,52.07246545579111
2025-12-19 03:00:00+00:00,baclieu_baclieucity,53.214488113331896
2025-12-19 03:00:00+00:00,backan_backancity,123.9934242862233
2025-12-19 03:00:00+00:00,bentre_bentrecity,91.98082423902562
2025-12-19 03:00:00+00:00,angiang_longxuyen,113.2350421781501
2025-12-19 03:00:00+00:00,bacninh_bacninhcity,160.50431837615315
2025-12-19 03:00:00+00:00,bacgiang_bacgiangcity,158.85973137802662
2025-12-19 04:00:00+00:00,bacgiang_bacgiangcity,158.22583595214786
2025-12-19 04:00:00+00:00,backan_backancity,124.91092746360437
2025-12-19 04:00:00+00:00,angiang_longxuyen,110.47927391837148
2025-12-19 04:00:00+00:00,baclieu_baclieucity,54.36712811674409
2025-12-19 04:00:00+00:00,bacninh_bacninhcity,160.17236431591522
2025-12-19 04:00:00+00:00,bentre_bentrecity,91.57786107051953
