time,location,predicted
2025-10-10 03:00:00+00:00,angiang_longxuyen,113.30984920594614
2025-10-10 04:00:00+00:00,angiang_longxuyen,113.71781870963552
2025-10-10 05:00:00+00:00,angiang_longxuyen,114.21922593271594
2025-10-10 06:00:00+00:00,angiang_longxuyen,114.71539928270346
2025-10-10 07:00:00+00:00,angiang_longxuyen,115.08178675505997
2025-10-10 08:00:00+00:00,angiang_longxuyen,115.25820317077803
2025-10-10 09:00:00+00:00,angiang_longxuyen,115.18795478035925
2025-10-10 10:00:00+00:00,angiang_longxuyen,114.8263824712482
2025-10-10 11:00:00+00:00,angiang_longxuyen,114.06734329712084
2025-10-10 12:00:00+00:00,angiang_longxuyen,113.05584934474763
2025-10-10 13:00:00+00:00,angiang_longxuyen,111.53019387480072
2025-10-10 14:00:00+00:00,angiang_longxuyen,109.77125813876182
2025-10-10 15:00:00+00:00,angiang_longxuyen,107.99427753484493
2025-10-10 16:00:00+00:00,angiang_longxuyen,106.31514418839983
2025-10-10 17:00:00+00:00,angiang_longxuyen,104.72237083837783
2025-10-10 18:00:00+00:00,angiang_longxuyen,103.20018117376962
2025-10-10 19:00:00+00:00,angiang_longxuyen,101.77564631275803
2025-10-10 20:00:00+00:00,angiang_longxuyen,100.42206641503276
2025-10-10 21:00:00+00:00,angiang_longxuyen,99.17928556620254
2025-10-10 22:00:00+00:00,angiang_longxuyen,98.06380913944265
2025-10-10 23:00:00+00:00,angiang_longxuyen,97.1522666250831
2025-10-11 00:00:00+00:00,angiang_longxuyen,96.6055869449442
2025-10-11 01:00:00+00:00,angiang_longxuyen,96.16457589138031
2025-10-11 02:00:00+00:00,angiang_longxuyen,95.60303255685268
2025-10-11 03:00:00+00:00,angiang_longxuyen,94.96343963502227
2025-10-11 04:00:00+00:00,angiang_longxuyen,94.3485206084591
2025-10-11 05:00:00+00:00,angiang_longxuyen,93.70388899338656
2025-10-11 06:00:00+00:00,angiang_longxuyen,92.81804643149849
2025-10-11 07:00:00+00:00,angiang_longxuyen,91.92887463564773
2025-10-11 08:00:00+00:00,angiang_longxuyen,91.19608878703242
2025-10-11 09:00:00+00:00,angiang_longxuyen,90.80776266329482
2025-10-11 10:00:00+00:00,angiang_longxuyen,90.70172766560333
2025-10-11 11:00:00+00:00,angiang_longxuyen,90.78941902849444
2025-10-11 12:00:00+00:00,angiang_longxuyen,90.77621658361758
2025-10-11 13:00:00+00:00,angiang_longxuyen,90.66312021881159
2025-10-11 14:00:00+00:00,angiang_longxuyen,90.4769916973355
2025-10-11 15:00:00+00:00,angiang_longxuyen,90.30045860986307
2025-10-11 16:00:00+00:00,angiang_longxuyen,90.14054852141174
2025-10-11 17:00:00+00:00,angiang_longxuyen,90.07379919323361
2025-10-11 18:00:00+00:00,angiang_longxuyen,90.03636173515618
2025-10-11 19:00:00+00:00,angiang_longxuyen,90.08663090543304
2025-10-11 20:00:00+00:00,angiang_longxuyen,90.29812408438559
2025-10-11 21:00:00+00:00,angiang_longxuyen,90.66880660384898
2025-10-11 22:00:00+00:00,angiang_longxuyen,91.2573970679744
2025-10-11 23:00:00+00:00,angiang_longxuyen,92.12742924415855
2025-10-12 00:00:00+00:00,angiang_longxuyen,93.42916844669129
2025-10-12 01:00:00+00:00,angiang_longxuyen,94.75827671653656
2025-10-12 02:00:00+00:00,angiang_longxuyen,95.81263608954065
2025-10-12 03:00:00+00:00,angiang_longxuyen,96.3376889699036
2025-10-12 04:00:00+00:00,angiang_longxuyen,96.4259871349564
2025-10-12 05:00:00+00:00,angiang_longxuyen,96.34365722081483
2025-10-12 06:00:00+00:00,angiang_longxuyen,95.91322676882531
2025-10-12 07:00:00+00:00,angiang_longxuyen,95.13482771620535
2025-10-12 08:00:00+00:00,angiang_longxuyen,94.06291197014527
2025-10-12 09:00:00+00:00,angiang_longxuyen,92.70752338762982
2025-10-12 10:00:00+00:00,angiang_longxuyen,91.1298203209447
2025-10-12 11:00:00+00:00,angiang_longxuyen,89.59752873607208
2025-10-12 12:00:00+00:00,angiang_longxuyen,88.36285480228594
2025-10-12 13:00:00+00:00,angiang_longxuyen,87.46928655303715
2025-10-12 14:00:00+00:00,angiang_longxuyen,86.89284739760909
2025-10-12 15:00:00+00:00,angiang_longxuyen,86.68198991615927
2025-10-12 16:00:00+00:00,angiang_longxuyen,86.83520500861259
2025-10-12 17:00:00+00:00,angiang_longxuyen,87.3148218733829
2025-10-12 18:00:00+00:00,angiang_longxuyen,88.13758890436746
2025-10-12 19:00:00+00:00,angiang_longxuyen,89.27231548910328
2025-10-12 20:00:00+00:00,angiang_longxuyen,90.54920279016413
2025-10-12 21:00:00+00:00,angiang_longxuyen,91.59267679752521
2025-10-12 22:00:00+00:00,angiang_longxuyen,92.28449559489606
2025-10-12 23:00:00+00:00,angiang_longxuyen,92.64640265380702
2025-10-13 00:00:00+00:00,angiang_longxuyen,92.66038908925756
2025-10-13 01:00:00+00:00,angiang_longxuyen,91.98767610945626
2025-10-13 02:00:00+00:00,angiang_longxuyen,90.74155853023053
2025-10-13 03:00:00+00:00,angiang_longxuyen,88.92221299479728
2025-10-13 04:00:00+00:00,angiang_longxuyen,86.73668388998009
2025-10-13 05:00:00+00:00,angiang_longxuyen,84.50442284078466
2025-10-13 06:00:00+00:00,angiang_longxuyen,82.60293384793877
2025-10-13 07:00:00+00:00,angiang_longxuyen,80.96613163091297
2025-10-13 08:00:00+00:00,angiang_longxuyen,79.54930691920136
2025-10-13 09:00:00+00:00,angiang_longxuyen,78.32087655985896
2025-10-13 10:00:00+00:00,angiang_longxuyen,77.2735087689948
2025-10-13 11:00:00+00:00,angiang_longxuyen,76.58908826931881
2025-10-13 12:00:00+00:00,angiang_longxuyen,76.31932790776929
2025-10-13 13:00:00+00:00,angiang_longxuyen,76.30305056245038
2025-10-13 14:00:00+00:00,angiang_longxuyen,76.56559254069259
2025-10-13 15:00:00+00:00,angiang_longxuyen,77.10125982472695
2025-10-13 16:00:00+00:00,angiang_longxuyen,77.9417871317401
2025-10-13 17:00:00+00:00,angiang_longxuyen,78.98063897492601
2025-10-13 18:00:00+00:00,angiang_longxuyen,80.0711502359291
2025-10-13 19:00:00+00:00,angiang_longxuyen,81.0139343384948
2025-10-13 20:00:00+00:00,angiang_longxuyen,81.7750114519577
2025-10-13 21:00:00+00:00,angiang_longxuyen,82.28910427494704
2025-10-13 22:00:00+00:00,angiang_longxuyen,82.46364303869302
2025-10-13 23:00:00+00:00,angiang_longxuyen,82.3823151931707
2025-10-14 00:00:00+00:00,angiang_longxuyen,82.21857565423973
2025-10-14 01:00:00+00:00,angiang_longxuyen,82.29194365109993
2025-10-14 02:00:00+00:00,angiang_longxuyen,82.46064664634733
2025-10-14 03:00:00+00:00,angiang_longxuyen,82.52058539716333
2025-10-14 04:00:00+00:00,angiang_longxuyen,82.65681002908883
2025-10-14 05:00:00+00:00,angiang_longxuyen,83.03938870593628
2025-10-14 06:00:00+00:00,angiang_longxuyen,83.5959969342934
2025-10-14 07:00:00+00:00,angiang_longxuyen,84.13108522111686
2025-10-14 08:00:00+00:00,angiang_longxuyen,84.48355604299739
2025-10-14 09:00:00+00:00,angiang_longxuyen,84.57401699706683
2025-10-14 10:00:00+00:00,angiang_longxuyen,84.40508174870094
2025-10-14 11:00:00+00:00,angiang_longxuyen,84.28248590423131
2025-10-14 12:00:00+00:00,angiang_longxuyen,84.5186960488651
2025-10-14 13:00:00+00:00,angiang_longxuyen,85.20319723741792
2025-10-14 14:00:00+00:00,angiang_longxuyen,86.22106015911108
2025-10-14 15:00:00+00:00,angiang_longxuyen,87.42703829327516
2025-10-14 16:00:00+00:00,angiang_longxuyen,88.74607571897751
2025-10-14 17:00:00+00:00,angiang_longxuyen,90.10877455017692
2025-10-14 18:00:00+00:00,angiang_longxuyen,91.5936450640474
2025-10-14 19:00:00+00:00,angiang_longxuyen,93.18847925159973
2025-10-14 20:00:00+00:00,angiang_longxuyen,94.78136082285182
2025-10-14 21:00:00+00:00,angiang_longxuyen,96.31037360430979
2025-10-14 22:00:00+00:00,angiang_longxuyen,97.79517951255926
2025-10-14 23:00:00+00:00,angiang_longxuyen,99.35741348568175
2025-10-15 00:00:00+00:00,angiang_longxuyen,101.35843902305966
2025-10-15 01:00:00+00:00,angiang_longxuyen,104.06364320363684
2025-10-15 02:00:00+00:00,angiang_longxuyen,106.69884051523066
2025-10-15 03:00:00+00:00,angiang_longxuyen,108.90561587363435
2025-10-15 04:00:00+00:00,angiang_longxuyen,110.72493742048259
2025-10-15 05:00:00+00:00,angiang_longxuyen,112.2253492662683
2025-10-15 06:00:00+00:00,angiang_longxuyen,113.45937114669827
2025-10-15 07:00:00+00:00,angiang_longxuyen,114.35744924992878
2025-10-15 08:00:00+00:00,angiang_longxuyen,114.59418932421322
2025-10-15 09:00:00+00:00,angiang_longxuyen,114.01844910892109
2025-10-15 10:00:00+00:00,angiang_longxuyen,112.77656224377881
2025-10-15 11:00:00+00:00,angiang_longxuyen,110.99108968076868
2025-10-15 12:00:00+00:00,angiang_longxuyen,108.75455648266116
2025-10-15 13:00:00+00:00,angiang_longxuyen,106.16743338581587
2025-10-15 14:00:00+00:00,angiang_longxuyen,103.58384424369851
2025-10-15 15:00:00+00:00,angiang_longxuyen,101.29205552080292
2025-10-15 16:00:00+00:00,angiang_longxuyen,99.33674159514769
2025-10-15 17:00:00+00:00,angiang_longxuyen,97.73929592300004
2025-10-15 18:00:00+00:00,angiang_longxuyen,96.43284459909833
2025-10-15 19:00:00+00:00,angiang_longxuyen,95.33152375457307
2025-10-15 20:00:00+00:00,angiang_longxuyen,94.30229351475627
2025-10-15 21:00:00+00:00,angiang_longxuyen,93.25223872977354
2025-10-15 22:00:00+00:00,angiang_longxuyen,92.14862424940434
2025-10-15 23:00:00+00:00,angiang_longxuyen,91.03393576588275
2025-10-16 00:00:00+00:00,angiang_longxuyen,90.02864940507574
2025-10-16 01:00:00+00:00,angiang_longxuyen,88.97204491859284
2025-10-16 02:00:00+00:00,angiang_longxuyen,87.950697109732
2025-10-16 03:00:00+00:00,angiang_longxuyen,86.96727852494128
2025-10-16 04:00:00+00:00,angiang_longxuyen,86.0634322574063
2025-10-16 05:00:00+00:00,angiang_longxuyen,85.36976524859952
2025-10-16 06:00:00+00:00,angiang_longxuyen,84.9174386704478
2025-10-16 07:00:00+00:00,angiang_longxuyen,84.71425317463999
2025-10-16 08:00:00+00:00,angiang_longxuyen,84.80797766666089
2025-10-16 09:00:00+00:00,angiang_longxuyen,85.26937847228744
2025-10-16 10:00:00+00:00,angiang_longxuyen,86.11851986209932
2025-10-16 11:00:00+00:00,angiang_longxuyen,87.1774588740597
2025-10-16 12:00:00+00:00,angiang_longxuyen,88.27324871415502
2025-10-16 13:00:00+00:00,angiang_longxuyen,88.90674035746639
2025-10-16 14:00:00+00:00,angiang_longxuyen,89.38146464128506
2025-10-16 15:00:00+00:00,angiang_longxuyen,90.00906163502556
2025-10-16 16:00:00+00:00,angiang_longxuyen,90.94596526309334
2025-10-16 17:00:00+00:00,angiang_longxuyen,92.06568698790595
2025-10-16 18:00:00+00:00,angiang_longxuyen,93.03342030927138
2025-10-16 19:00:00+00:00,angiang_longxuyen,93.55458131431415
2025-10-16 20:00:00+00:00,angiang_longxuyen,93.57012101064404
2025-10-16 21:00:00+00:00,angiang_longxuyen,93.02220346499915
2025-10-16 22:00:00+00:00,angiang_longxuyen,92.0371100408187
2025-10-16 23:00:00+00:00,angiang_longxuyen,90.6830678176369
2025-10-17 00:00:00+00:00,angiang_longxuyen,89.22248029413704
2025-10-17 01:00:00+00:00,angiang_longxuyen,87.8592253639215
2025-10-17 02:00:00+00:00,angiang_longxuyen,86.75943706286125
2025-10-17 03:00:00+00:00,angiang_longxuyen,86.0696147699973
2025-10-17 04:00:00+00:00,angiang_longxuyen,86.12898324672422
2025-10-17 05:00:00+00:00,angiang_longxuyen,86.93323654203287
2025-10-17 06:00:00+00:00,angiang_longxuyen,88.0857757415282
2025-10-17 07:00:00+00:00,angiang_longxuyen,89.212475963798
2025-10-17 08:00:00+00:00,angiang_longxuyen,90.20368756754601
2025-10-17 09:00:00+00:00,angiang_longxuyen,90.91489241277492
2025-10-17 10:00:00+00:00,angiang_longxuyen,91.29482798371046
2025-10-17 11:00:00+00:00,angiang_longxuyen,91.49897520369909
2025-10-17 12:00:00+00:00,angiang_longxuyen,91.66281396814077
2025-10-17 13:00:00+00:00,angiang_longxuyen,92.22984632707458
2025-10-17 14:00:00+00:00,angiang_longxuyen,93.11868119234498
2025-10-17 15:00:00+00:00,angiang_longxuyen,94.26792386958445
2025-10-17 16:00:00+00:00,angiang_longxuyen,95.6312229606042
2025-10-17 17:00:00+00:00,angiang_longxuyen,97.15288324075686
2025-10-17 18:00:00+00:00,angiang_longxuyen,98.65885580410622
2025-10-17 19:00:00+00:00,angiang_longxuyen,100.0779651559424
2025-10-17 20:00:00+00:00,angiang_longxuyen,101.17587280645743
2025-10-17 21:00:00+00:00,angiang_longxuyen,101.6533713156129
2025-10-17 22:00:00+00:00,angiang_longxuyen,101.46067673678324
2025-10-17 23:00:00+00:00,angiang_longxuyen,100.53619919575019
2025-10-18 00:00:00+00:00,angiang_longxuyen,99.10446353397371
2025-10-18 01:00:00+00:00,angiang_longxuyen,97.63458247826449
2025-10-18 02:00:00+00:00,angiang_longxuyen,96.08067636050598
2025-10-18 03:00:00+00:00,angiang_longxuyen,94.43884580894519
2025-10-18 04:00:00+00:00,angiang_longxuyen,92.62713545848376
2025-10-18 05:00:00+00:00,angiang_longxuyen,90.74567366294983
2025-10-18 06:00:00+00:00,angiang_longxuyen,88.88399481731682
2025-10-18 07:00:00+00:00,angiang_longxuyen,87.24638680191276
2025-10-18 08:00:00+00:00,angiang_longxuyen,85.86218220425265
2025-10-18 09:00:00+00:00,angiang_longxuyen,84.85116584279915
2025-10-18 10:00:00+00:00,angiang_longxuyen,84.13861436563904
2025-10-18 11:00:00+00:00,angiang_longxuyen,83.7224396754863
2025-10-18 12:00:00+00:00,angiang_longxuyen,83.63690401407533
2025-10-18 13:00:00+00:00,angiang_longxuyen,83.54194192914599
2025-10-18 14:00:00+00:00,angiang_longxuyen,83.52249918099609
2025-10-18 15:00:00+00:00,angiang_longxuyen,83.60354788662013
2025-10-18 16:00:00+00:00,angiang_longxuyen,83.84944723881715
2025-10-18 17:00:00+00:00,angiang_longxuyen,84.24874050746483
2025-10-18 18:00:00+00:00,angiang_longxuyen,84.8184694014317
2025-10-18 19:00:00+00:00,angiang_longxuyen,85.46803557747965
2025-10-18 20:00:00+00:00,angiang_longxuyen,86.04484219441446
2025-10-18 21:00:00+00:00,angiang_longxuyen,86.4197412528883
2025-10-18 22:00:00+00:00,angiang_longxuyen,86.60869170427364
2025-10-18 23:00:00+00:00,angiang_longxuyen,86.60205995090884
2025-10-19 00:00:00+00:00,angiang_longxuyen,86.47535660645153
2025-10-19 01:00:00+00:00,angiang_longxuyen,86.25482845407234
2025-10-19 02:00:00+00:00,angiang_longxuyen,86.02506687724511
2025-10-19 03:00:00+00:00,angiang_longxuyen,85.81491269749216
2025-10-19 04:00:00+00:00,angiang_longxuyen,85.68009794013106
2025-10-19 05:00:00+00:00,angiang_longxuyen,85.63386757525755
2025-10-19 06:00:00+00:00,angiang_longxuyen,85.46319206408826
2025-10-19 07:00:00+00:00,angiang_longxuyen,84.80488313919471
2025-10-19 08:00:00+00:00,angiang_longxuyen,83.57795206641539
2025-10-19 09:00:00+00:00,angiang_longxuyen,81.90801070958969
2025-10-19 10:00:00+00:00,angiang_longxuyen,80.07516941430835
2025-10-19 11:00:00+00:00,angiang_longxuyen,78.53611959080453
2025-10-19 12:00:00+00:00,angiang_longxuyen,77.5789445180138
2025-10-19 13:00:00+00:00,angiang_longxuyen,77.4537306466075
2025-10-19 14:00:00+00:00,angiang_longxuyen,77.85095544499325
2025-10-19 15:00:00+00:00,angiang_longxuyen,78.5463736205057
2025-10-19 16:00:00+00:00,angiang_longxuyen,79.35915703856556
2025-10-19 17:00:00+00:00,angiang_longxuyen,80.07710158579181
2025-10-19 18:00:00+00:00,angiang_longxuyen,80.65561466343294
2025-10-19 19:00:00+00:00,angiang_longxuyen,81.04730027946205
2025-10-19 20:00:00+00:00,angiang_longxuyen,81.3798954682723
2025-10-19 21:00:00+00:00,angiang_longxuyen,81.652798334458
2025-10-19 22:00:00+00:00,angiang_longxuyen,81.89608402127925
2025-10-19 23:00:00+00:00,angiang_longxuyen,82.15239987132136
2025-10-20 00:00:00+00:00,angiang_longxuyen,82.40895124565266
2025-10-20 01:00:00+00:00,angiang_longxuyen,82.39881933965698
2025-10-20 02:00:00+00:00,angiang_longxuyen,82.13954417053692
2025-10-20 03:00:00+00:00,angiang_longxuyen,81.68264449577026
2025-10-20 04:00:00+00:00,angiang_longxuyen,81.25449841130774
2025-10-20 05:00:00+00:00,angiang_longxuyen,80.81842955145083
2025-10-20 06:00:00+00:00,angiang_longxuyen,80.13464583966781
2025-10-20 07:00:00+00:00,angiang_longxuyen,78.95130529702075
2025-10-20 08:00:00+00:00,angiang_longxuyen,77.52505743296146
2025-10-20 09:00:00+00:00,angiang_longxuyen,75.9819066518113
2025-10-20 10:00:00+00:00,angiang_longxuyen,74.47481725627124
2025-10-20 11:00:00+00:00,angiang_longxuyen,73.24256071761988
2025-10-20 12:00:00+00:00,angiang_longxuyen,72.74611477007545
2025-10-20 13:00:00+00:00,angiang_longxuyen,72.4189191936727
2025-10-20 14:00:00+00:00,angiang_longxuyen,72.24794818675173
2025-10-20 15:00:00+00:00,angiang_longxuyen,72.19529324265667
2025-10-20 16:00:00+00:00,angiang_longxuyen,72.13880230574063
2025-10-20 17:00:00+00:00,angiang_longxuyen,71.95084083829181
2025-10-20 18:00:00+00:00,angiang_longxuyen,71.55393225307208
2025-10-20 19:00:00+00:00,angiang_longxuyen,70.91251238241517
2025-10-20 20:00:00+00:00,angiang_longxuyen,70.01004654890846
2025-10-20 21:00:00+00:00,angiang_longxuyen,68.89411283974684
2025-10-20 22:00:00+00:00,angiang_longxuyen,67.45390143843179
2025-10-20 23:00:00+00:00,angiang_longxuyen,65.90643925432134
2025-10-21 00:00:00+00:00,angiang_longxuyen,64.38138458938988
2025-10-21 01:00:00+00:00,angiang_longxuyen,63.20705176041377
2025-10-21 02:00:00+00:00,angiang_longxuyen,62.19762954947315
2025-10-21 03:00:00+00:00,angiang_longxuyen,61.360480271385384
2025-10-21 04:00:00+00:00,angiang_longxuyen,60.63806839539629
2025-10-21 05:00:00+00:00,angiang_longxuyen,60.14667749694742
2025-10-21 06:00:00+00:00,angiang_longxuyen,59.94132212458651
2025-10-21 07:00:00+00:00,angiang_longxuyen,59.822238427040276
2025-10-21 08:00:00+00:00,angiang_longxuyen,59.705025839124744
2025-10-21 09:00:00+00:00,angiang_longxuyen,59.645106715332844
2025-10-21 10:00:00+00:00,angiang_longxuyen,59.71096192352428
2025-10-21 11:00:00+00:00,angiang_longxuyen,60.124115142356096
2025-10-21 12:00:00+00:00,angiang_longxuyen,61.02650464854688
2025-10-21 13:00:00+00:00,angiang_longxuyen,62.663531485959595
2025-10-21 14:00:00+00:00,angiang_longxuyen,64.75158951793355
2025-10-21 15:00:00+00:00,angiang_longxuyen,66.9998912977685
2025-10-21 16:00:00+00:00,angiang_longxuyen,69.33591060986002
2025-10-21 17:00:00+00:00,angiang_longxuyen,71.7209778551734
2025-10-21 18:00:00+00:00,angiang_longxuyen,74.08189513772393
2025-10-21 19:00:00+00:00,angiang_longxuyen,76.40503694122647
2025-10-21 20:00:00+00:00,angiang_longxuyen,78.62095631207956
2025-10-21 21:00:00+00:00,angiang_longxuyen,80.48179773801769
2025-10-21 22:00:00+00:00,angiang_longxuyen,82.0639975740018
2025-10-21 23:00:00+00:00,angiang_longxuyen,83.50463858906657
2025-10-22 00:00:00+00:00,angiang_longxuyen,84.9783664052003
2025-10-22 01:00:00+00:00,angiang_longxuyen,86.28474549074942
2025-10-22 02:00:00+00:00,angiang_longxuyen,87.39094964790938
2025-10-22 03:00:00+00:00,angiang_longxuyen,88.30699083975081
2025-10-22 04:00:00+00:00,angiang_longxuyen,89.22678951631686
2025-10-22 05:00:00+00:00,angiang_longxuyen,90.24750380845542
2025-10-22 06:00:00+00:00,angiang_longxuyen,91.33915997919756
2025-10-22 07:00:00+00:00,angiang_longxuyen,92.11478289829782
2025-10-22 08:00:00+00:00,angiang_longxuyen,92.49853919659118
2025-10-22 09:00:00+00:00,angiang_longxuyen,92.29460460269695
2025-10-22 10:00:00+00:00,angiang_longxuyen,91.56948637816275
2025-10-22 11:00:00+00:00,angiang_longxuyen,90.55300170971739
2025-10-22 12:00:00+00:00,angiang_longxuyen,89.50830319413062
2025-10-22 13:00:00+00:00,angiang_longxuyen,88.70152782622532
2025-10-22 14:00:00+00:00,angiang_longxuyen,88.23849688720837
2025-10-22 15:00:00+00:00,angiang_longxuyen,88.06324500825349
2025-10-22 16:00:00+00:00,angiang_longxuyen,88.1143908522734
2025-10-22 17:00:00+00:00,angiang_longxuyen,88.20807718063634
2025-10-22 18:00:00+00:00,angiang_longxuyen,88.31044955755304
2025-10-22 19:00:00+00:00,angiang_longxuyen,88.40425364806056
2025-10-22 20:00:00+00:00,angiang_longxuyen,88.59523004448894
2025-10-22 21:00:00+00:00,angiang_longxuyen,89.0994504743568
2025-10-22 22:00:00+00:00,angiang_longxuyen,90.169503833908
2025-10-22 23:00:00+00:00,angiang_longxuyen,91.85261165273302
2025-10-23 00:00:00+00:00,angiang_longxuyen,94.04721689320793
2025-10-23 01:00:00+00:00,angiang_longxuyen,96.18580469872316
2025-10-23 02:00:00+00:00,angiang_longxuyen,97.68755772448893
2025-10-23 03:00:00+00:00,angiang_longxuyen,98.0357708451279
2025-10-23 04:00:00+00:00,angiang_longxuyen,97.40969467315746
2025-10-23 05:00:00+00:00,angiang_longxuyen,96.37641581442526
2025-10-23 06:00:00+00:00,angiang_longxuyen,95.46829358161241
2025-10-23 07:00:00+00:00,angiang_longxuyen,94.92702278219795
2025-10-23 08:00:00+00:00,angiang_longxuyen,94.64424970367122
2025-10-23 09:00:00+00:00,angiang_longxuyen,94.53718319682433
2025-10-23 10:00:00+00:00,angiang_longxuyen,94.48091906107564
2025-10-23 11:00:00+00:00,angiang_longxuyen,94.37732708268928
2025-10-23 12:00:00+00:00,angiang_longxuyen,94.31182407054138
2025-10-23 13:00:00+00:00,angiang_longxuyen,93.90233783404528
2025-10-23 14:00:00+00:00,angiang_longxuyen,93.49290720745078
2025-10-23 15:00:00+00:00,angiang_longxuyen,93.13455727406011
2025-10-23 16:00:00+00:00,angiang_longxuyen,92.87760136495434
2025-10-23 17:00:00+00:00,angiang_longxuyen,92.62670584473406
2025-10-23 18:00:00+00:00,angiang_longxuyen,92.25421763905362
2025-10-23 19:00:00+00:00,angiang_longxuyen,91.71522902638573
2025-10-23 20:00:00+00:00,angiang_longxuyen,91.00472312129276
2025-10-23 21:00:00+00:00,angiang_longxuyen,90.07945722812508
2025-10-23 22:00:00+00:00,angiang_longxuyen,89.00475989659415
2025-10-23 23:00:00+00:00,angiang_longxuyen,87.76917112540698
2025-10-24 00:00:00+00:00,angiang_longxuyen,86.38139004780007
2025-10-24 01:00:00+00:00,angiang_longxuyen,84.93031072708564
2025-10-24 02:00:00+00:00,angiang_longxuyen,83.45609114495923
2025-10-24 03:00:00+00:00,angiang_longxuyen,82.17217300771026
2025-10-24 04:00:00+00:00,angiang_longxuyen,81.17115988620556
2025-10-24 05:00:00+00:00,angiang_longxuyen,80.48766185666219
2025-10-24 06:00:00+00:00,angiang_longxuyen,79.89783270923812
2025-10-24 07:00:00+00:00,angiang_longxuyen,79.4255639842122
2025-10-24 08:00:00+00:00,angiang_longxuyen,79.25693513550029
2025-10-24 09:00:00+00:00,angiang_longxuyen,79.59214617046675
2025-10-24 10:00:00+00:00,angiang_longxuyen,80.45948617317873
2025-10-24 11:00:00+00:00,angiang_longxuyen,81.76575621970508
2025-10-24 12:00:00+00:00,angiang_longxuyen,83.45339788109683
2025-10-24 13:00:00+00:00,angiang_longxuyen,85.63038704965078
2025-10-24 14:00:00+00:00,angiang_longxuyen,87.88966469751763
2025-10-24 15:00:00+00:00,angiang_longxuyen,90.13957807410911
2025-10-24 16:00:00+00:00,angiang_longxuyen,92.22980707302638
2025-10-24 17:00:00+00:00,angiang_longxuyen,94.13640754266211
2025-10-24 18:00:00+00:00,angiang_longxuyen,95.86176852800514
2025-10-24 19:00:00+00:00,angiang_longxuyen,97.40655380410661
2025-10-24 20:00:00+00:00,angiang_longxuyen,98.67841495141293
2025-10-24 21:00:00+00:00,angiang_longxuyen,99.69889998900611
2025-10-24 22:00:00+00:00,angiang_longxuyen,100.45578836840934
2025-10-24 23:00:00+00:00,angiang_longxuyen,100.8699253918241
2025-10-25 00:00:00+00:00,angiang_longxuyen,100.93958469892237
2025-10-25 01:00:00+00:00,angiang_longxuyen,99.97168045888876
2025-10-25 02:00:00+00:00,angiang_longxuyen,98.31664282829266
2025-10-25 03:00:00+00:00,angiang_longxuyen,96.30255823235284
2025-10-25 04:00:00+00:00,angiang_longxuyen,94.28270247353541
2025-10-25 05:00:00+00:00,angiang_longxuyen,92.43359555463009
2025-10-25 06:00:00+00:00,angiang_longxuyen,90.63167227425484
2025-10-25 07:00:00+00:00,angiang_longxuyen,88.65127392141164
2025-10-25 08:00:00+00:00,angiang_longxuyen,86.653254862489
2025-10-25 09:00:00+00:00,angiang_longxuyen,84.71579825759262
2025-10-25 10:00:00+00:00,angiang_longxuyen,82.99462600630925
2025-10-25 11:00:00+00:00,angiang_longxuyen,81.66483624257167
2025-10-25 12:00:00+00:00,angiang_longxuyen,80.83104318560473
2025-10-25 13:00:00+00:00,angiang_longxuyen,80.28130332529182
2025-10-25 14:00:00+00:00,angiang_longxuyen,79.91976045671692
2025-10-25 15:00:00+00:00,angiang_longxuyen,79.69460795938213
2025-10-25 16:00:00+00:00,angiang_longxuyen,79.55263042861534
2025-10-25 17:00:00+00:00,angiang_longxuyen,79.42260684591471
2025-10-25 18:00:00+00:00,angiang_longxuyen,79.23564417591444
2025-10-25 19:00:00+00:00,angiang_longxuyen,79.01286218693464
2025-10-25 20:00:00+00:00,angiang_longxuyen,78.79502838880808
2025-10-25 21:00:00+00:00,angiang_longxuyen,78.57300967298767
2025-10-25 22:00:00+00:00,angiang_longxuyen,78.29192233775294
2025-10-25 23:00:00+00:00,angiang_longxuyen,78.0136503900861
2025-10-26 00:00:00+00:00,angiang_longxuyen,77.77862549962981
2025-10-26 01:00:00+00:00,angiang_longxuyen,77.16245034352434
2025-10-26 02:00:00+00:00,angiang_longxuyen,76.35059157637757
2025-10-26 03:00:00+00:00,angiang_longxuyen,75.45921719226688
2025-10-26 04:00:00+00:00,angiang_longxuyen,74.68288770029909
2025-10-26 05:00:00+00:00,angiang_longxuyen,74.20614728494942
2025-10-26 06:00:00+00:00,angiang_longxuyen,74.13517814659014
2025-10-26 07:00:00+00:00,angiang_longxuyen,74.32196199259306
2025-10-26 08:00:00+00:00,angiang_longxuyen,74.78269766018072
2025-10-26 09:00:00+00:00,angiang_longxuyen,75.39445891664451
2025-10-26 10:00:00+00:00,angiang_longxuyen,76.2347201684421
2025-10-26 11:00:00+00:00,angiang_longxuyen,77.34790609422994
2025-10-26 12:00:00+00:00,angiang_longxuyen,78.74243014500487
2025-10-26 13:00:00+00:00,angiang_longxuyen,80.7337302193445
2025-10-26 14:00:00+00:00,angiang_longxuyen,83.02845209195257
2025-10-26 15:00:00+00:00,angiang_longxuyen,85.40692356677866
2025-10-26 16:00:00+00:00,angiang_longxuyen,87.5203233580343
2025-10-26 17:00:00+00:00,angiang_longxuyen,89.0173517229435
2025-10-26 18:00:00+00:00,angiang_longxuyen,89.71767992565123
2025-10-26 19:00:00+00:00,angiang_longxuyen,89.54637853049124
2025-10-26 20:00:00+00:00,angiang_longxuyen,88.56589418580323
2025-10-26 21:00:00+00:00,angiang_longxuyen,87.06696636111741
2025-10-26 22:00:00+00:00,angiang_longxuyen,85.28483693454537
2025-10-26 23:00:00+00:00,angiang_longxuyen,83.46728836220736
2025-10-27 00:00:00+00:00,angiang_longxuyen,81.88063537253336
2025-10-27 01:00:00+00:00,angiang_longxuyen,80.31700706290722
2025-10-27 02:00:00+00:00,angiang_longxuyen,78.85078440271067
2025-10-27 03:00:00+00:00,angiang_longxuyen,77.42547209346674
2025-10-27 04:00:00+00:00,angiang_longxuyen,76.25017317874888
2025-10-27 05:00:00+00:00,angiang_longxuyen,75.23795520726446
2025-10-27 06:00:00+00:00,angiang_longxuyen,74.40247204544461
2025-10-27 07:00:00+00:00,angiang_longxuyen,73.68687510837857
2025-10-27 08:00:00+00:00,angiang_longxuyen,73.10332006632461
2025-10-27 09:00:00+00:00,angiang_longxuyen,72.70617377603524
2025-10-27 10:00:00+00:00,angiang_longxuyen,72.42774699295607
2025-10-27 11:00:00+00:00,angiang_longxuyen,72.41897807474501
2025-10-27 12:00:00+00:00,angiang_longxuyen,72.73665454446004
2025-10-27 13:00:00+00:00,angiang_longxuyen,73.16745463873676
2025-10-27 14:00:00+00:00,angiang_longxuyen,73.6657716959119
2025-10-27 15:00:00+00:00,angiang_longxuyen,74.13633614101194
2025-10-27 16:00:00+00:00,angiang_longxuyen,74.49298751902543
2025-10-27 17:00:00+00:00,angiang_longxuyen,74.68973753170943
2025-10-27 18:00:00+00:00,angiang_longxuyen,74.7006654225713
2025-10-27 19:00:00+00:00,angiang_longxuyen,74.46450652627823
2025-10-27 20:00:00+00:00,angiang_longxuyen,73.99188342442831
2025-10-27 21:00:00+00:00,angiang_longxuyen,73.265304076989
2025-10-27 22:00:00+00:00,angiang_longxuyen,72.45365902632685
2025-10-27 23:00:00+00:00,angiang_longxuyen,71.64149276913587
2025-10-28 00:00:00+00:00,angiang_longxuyen,71.02186761834999
2025-10-28 01:00:00+00:00,angiang_longxuyen,70.35497405119385
2025-10-28 02:00:00+00:00,angiang_longxuyen,69.6136918819244
2025-10-28 03:00:00+00:00,angiang_longxuyen,68.86637985469582
2025-10-28 04:00:00+00:00,angiang_longxuyen,68.03195655217728
2025-10-28 05:00:00+00:00,angiang_longxuyen,67.03816181397988
2025-10-28 06:00:00+00:00,angiang_longxuyen,65.94835385467366
2025-10-28 07:00:00+00:00,angiang_longxuyen,64.82941939160546
2025-10-28 08:00:00+00:00,angiang_longxuyen,63.93369653126675
2025-10-28 09:00:00+00:00,angiang_longxuyen,63.253476214747806
2025-10-28 10:00:00+00:00,angiang_longxuyen,62.82526252609116
2025-10-28 11:00:00+00:00,angiang_longxuyen,62.75454417748424
2025-10-28 12:00:00+00:00,angiang_longxuyen,63.11428135984209
2025-10-28 13:00:00+00:00,angiang_longxuyen,63.206689750858175
2025-10-28 14:00:00+00:00,angiang_longxuyen,63.07633141835765
2025-10-28 15:00:00+00:00,angiang_longxuyen,62.77754268816663
2025-10-28 16:00:00+00:00,angiang_longxuyen,62.31641666087746
2025-10-28 17:00:00+00:00,angiang_longxuyen,61.6776486192543
2025-10-28 18:00:00+00:00,angiang_longxuyen,60.86454244568705
2025-10-28 19:00:00+00:00,angiang_longxuyen,59.73290057490536
2025-10-28 20:00:00+00:00,angiang_longxuyen,58.347533621262535
2025-10-28 21:00:00+00:00,angiang_longxuyen,56.86731580249361
2025-10-28 22:00:00+00:00,angiang_longxuyen,55.29970974931687
2025-10-28 23:00:00+00:00,angiang_longxuyen,53.7721733562272
2025-10-29 00:00:00+00:00,angiang_longxuyen,52.34794053330868
2025-10-29 01:00:00+00:00,angiang_longxuyen,51.423328874277615
2025-10-29 02:00:00+00:00,angiang_longxuyen,51.01897728536369
2025-10-29 03:00:00+00:00,angiang_longxuyen,51.19293378072809
2025-10-29 04:00:00+00:00,angiang_longxuyen,51.931289342626435
2025-10-29 05:00:00+00:00,angiang_longxuyen,52.89862249077831
2025-10-29 06:00:00+00:00,angiang_longxuyen,53.935500727652105
2025-10-29 07:00:00+00:00,angiang_longxuyen,54.91264738785316
2025-10-29 08:00:00+00:00,angiang_longxuyen,55.88064785482438
2025-10-29 09:00:00+00:00,angiang_longxuyen,56.87305125509125
2025-10-29 10:00:00+00:00,angiang_longxuyen,57.970476680528094
2025-10-29 11:00:00+00:00,angiang_longxuyen,59.24377768813007
2025-10-29 12:00:00+00:00,angiang_longxuyen,60.680597975837024
2025-10-29 13:00:00+00:00,angiang_longxuyen,62.66748306014473
2025-10-29 14:00:00+00:00,angiang_longxuyen,64.70215558657108
2025-10-29 15:00:00+00:00,angiang_longxuyen,66.53353793972778
2025-10-29 16:00:00+00:00,angiang_longxuyen,68.04183984920104
2025-10-29 17:00:00+00:00,angiang_longxuyen,69.14459292129037
2025-10-29 18:00:00+00:00,angiang_longxuyen,69.87255706431884
2025-10-29 19:00:00+00:00,angiang_longxuyen,70.26888774271791
2025-10-29 20:00:00+00:00,angiang_longxuyen,70.43296530261945
2025-10-29 21:00:00+00:00,angiang_longxuyen,70.46850984326161
2025-10-29 22:00:00+00:00,angiang_longxuyen,70.54879963728717
2025-10-29 23:00:00+00:00,angiang_longxuyen,70.69173234989341
2025-10-30 00:00:00+00:00,angiang_longxuyen,71.00888325151868
2025-10-30 01:00:00+00:00,angiang_longxuyen,70.59393743115254
2025-10-30 02:00:00+00:00,angiang_longxuyen,69.76156406226205
2025-10-30 03:00:00+00:00,angiang_longxuyen,68.78950516286338
2025-10-30 04:00:00+00:00,angiang_longxuyen,67.9256936629282
2025-10-30 05:00:00+00:00,angiang_longxuyen,67.28072348168995
2025-10-30 06:00:00+00:00,angiang_longxuyen,67.07096729437009
2025-10-30 07:00:00+00:00,angiang_longxuyen,67.26385950642853
2025-10-30 08:00:00+00:00,angiang_longxuyen,67.69191835967284
2025-10-30 09:00:00+00:00,angiang_longxuyen,68.33629754940767
2025-10-30 10:00:00+00:00,angiang_longxuyen,69.1303262555513
2025-10-30 11:00:00+00:00,angiang_longxuyen,70.20227144214755
2025-10-30 12:00:00+00:00,angiang_longxuyen,71.5842058473536
2025-10-30 13:00:00+00:00,angiang_longxuyen,73.1892820703146
2025-10-30 14:00:00+00:00,angiang_longxuyen,74.93469151557903
2025-10-30 15:00:00+00:00,angiang_longxuyen,76.75715883823415
2025-10-30 16:00:00+00:00,angiang_longxuyen,78.65207822995822
2025-10-30 17:00:00+00:00,angiang_longxuyen,80.52240823165769
2025-10-30 18:00:00+00:00,angiang_longxuyen,82.23973358621778
2025-10-30 19:00:00+00:00,angiang_longxuyen,83.6895600485606
2025-10-30 20:00:00+00:00,angiang_longxuyen,84.86128248333164
2025-10-30 21:00:00+00:00,angiang_longxuyen,85.75978474836072
2025-10-30 22:00:00+00:00,angiang_longxuyen,86.39559456129616
2025-10-30 23:00:00+00:00,angiang_longxuyen,86.80056113029849
2025-10-31 00:00:00+00:00,angiang_longxuyen,86.97894460998731
2025-10-31 01:00:00+00:00,angiang_longxuyen,86.71547798083202
2025-10-31 02:00:00+00:00,angiang_longxuyen,86.02937282825425
2025-10-31 03:00:00+00:00,angiang_longxuyen,84.98374639058372
2025-10-31 04:00:00+00:00,angiang_longxuyen,83.79821198279855
2025-10-31 05:00:00+00:00,angiang_longxuyen,82.73203605089701
2025-10-31 06:00:00+00:00,angiang_longxuyen,82.0686644441763
2025-10-31 07:00:00+00:00,angiang_longxuyen,81.7120326931869
2025-10-31 08:00:00+00:00,angiang_longxuyen,81.46507675285926
2025-10-31 09:00:00+00:00,angiang_longxuyen,81.14949383238141
2025-10-31 10:00:00+00:00,angiang_longxuyen,80.81866289495956
2025-10-31 11:00:00+00:00,angiang_longxuyen,80.71248723692868
2025-10-31 12:00:00+00:00,angiang_longxuyen,81.1192136957585
2025-10-31 13:00:00+00:00,angiang_longxuyen,82.11161491524493
2025-10-31 14:00:00+00:00,angiang_longxuyen,83.44203710531455
2025-10-31 15:00:00+00:00,angiang_longxuyen,84.99249786255113
2025-10-31 16:00:00+00:00,angiang_longxuyen,86.53815654122498
2025-10-31 17:00:00+00:00,angiang_longxuyen,87.93749902641606
2025-10-31 18:00:00+00:00,angiang_longxuyen,88.9783833569864
2025-10-31 19:00:00+00:00,angiang_longxuyen,89.6556367216958
2025-10-31 20:00:00+00:00,angiang_longxuyen,90.02584274062967
2025-10-31 21:00:00+00:00,angiang_longxuyen,90.31185863969355
2025-10-31 22:00:00+00:00,angiang_longxuyen,90.79281777483413
2025-10-31 23:00:00+00:00,angiang_longxuyen,91.41874429074582
2025-11-01 00:00:00+00:00,angiang_longxuyen,92.41961893269159
2025-11-01 01:00:00+00:00,angiang_longxuyen,92.95094210205885
2025-11-01 02:00:00+00:00,angiang_longxuyen,93.05345513931492
2025-11-01 03:00:00+00:00,angiang_longxuyen,92.8637566802334
2025-11-01 04:00:00+00:00,angiang_longxuyen,92.61895317021519
2025-11-01 05:00:00+00:00,angiang_longxuyen,92.48159453245292
2025-11-01 06:00:00+00:00,angiang_longxuyen,92.48174173513365
2025-11-01 07:00:00+00:00,angiang_longxuyen,92.27050697866505
2025-11-01 08:00:00+00:00,angiang_longxuyen,91.70540570082449
2025-11-01 09:00:00+00:00,angiang_longxuyen,90.70575447671418
2025-11-01 10:00:00+00:00,angiang_longxuyen,89.34916074039958
2025-11-01 11:00:00+00:00,angiang_longxuyen,88.02245678100637
2025-11-01 12:00:00+00:00,angiang_longxuyen,87.22235242051406
2025-11-01 13:00:00+00:00,angiang_longxuyen,86.90446659587532
2025-11-01 14:00:00+00:00,angiang_longxuyen,86.98580098373901
2025-11-01 15:00:00+00:00,angiang_longxuyen,87.25484277812848
2025-11-01 16:00:00+00:00,angiang_longxuyen,87.62295633821542
2025-11-01 17:00:00+00:00,angiang_longxuyen,88.02193775525798
2025-11-01 18:00:00+00:00,angiang_longxuyen,88.35414258436671
2025-11-01 19:00:00+00:00,angiang_longxuyen,88.6121463584813
2025-11-01 20:00:00+00:00,angiang_longxuyen,88.80430473791648
2025-11-01 21:00:00+00:00,angiang_longxuyen,88.93812287860948
2025-11-01 22:00:00+00:00,angiang_longxuyen,89.0697253463598
2025-11-01 23:00:00+00:00,angiang_longxuyen,89.26274731485532
2025-11-02 00:00:00+00:00,angiang_longxuyen,89.73273603391515
2025-11-02 01:00:00+00:00,angiang_longxuyen,90.41165987645336
2025-11-02 02:00:00+00:00,angiang_longxuyen,90.89647899299996
2025-11-02 03:00:00+00:00,angiang_longxuyen,90.90978502494843
2025-11-02 04:00:00+00:00,angiang_longxuyen,90.37126528007843
2025-11-02 05:00:00+00:00,angiang_longxuyen,89.42636800125148
2025-11-02 06:00:00+00:00,angiang_longxuyen,88.1174941028614
2025-11-02 07:00:00+00:00,angiang_longxuyen,86.64276857966934
2025-11-02 08:00:00+00:00,angiang_longxuyen,85.04786133597176
2025-11-02 09:00:00+00:00,angiang_longxuyen,83.35282246727537
2025-11-02 10:00:00+00:00,angiang_longxuyen,81.66408605409502
2025-11-02 11:00:00+00:00,angiang_longxuyen,80.18136251858286
2025-11-02 12:00:00+00:00,angiang_longxuyen,79.1774674957064
2025-11-02 13:00:00+00:00,angiang_longxuyen,78.23139477621399
2025-11-02 14:00:00+00:00,angiang_longxuyen,77.39893635688573
2025-11-02 15:00:00+00:00,angiang_longxuyen,76.76498129772759
2025-11-02 16:00:00+00:00,angiang_longxuyen,76.21970331422638
2025-11-02 17:00:00+00:00,angiang_longxuyen,75.73131098890364
2025-11-02 18:00:00+00:00,angiang_longxuyen,75.19333861992794
2025-11-02 19:00:00+00:00,angiang_longxuyen,74.45405186477515
2025-11-02 20:00:00+00:00,angiang_longxuyen,73.5696210856344
2025-11-02 21:00:00+00:00,angiang_longxuyen,72.54794288853455
2025-11-02 22:00:00+00:00,angiang_longxuyen,71.44414304182665
2025-11-02 23:00:00+00:00,angiang_longxuyen,70.16423208866442
2025-11-03 00:00:00+00:00,angiang_longxuyen,68.84840368140217
2025-11-03 01:00:00+00:00,angiang_longxuyen,67.9852115231163
2025-11-03 02:00:00+00:00,angiang_longxuyen,67.33102754445409
2025-11-03 03:00:00+00:00,angiang_longxuyen,66.78902291241641
2025-11-03 04:00:00+00:00,angiang_longxuyen,66.36548263627563
2025-11-03 05:00:00+00:00,angiang_longxuyen,66.12880035267327
2025-11-03 06:00:00+00:00,angiang_longxuyen,66.14924516944241
2025-11-03 07:00:00+00:00,angiang_longxuyen,66.48816898313416
2025-11-03 08:00:00+00:00,angiang_longxuyen,67.01955539513462
2025-11-03 09:00:00+00:00,angiang_longxuyen,67.41029019088518
2025-11-03 10:00:00+00:00,angiang_longxuyen,67.51074130022069
2025-11-03 11:00:00+00:00,angiang_longxuyen,67.41672131244808
2025-11-03 12:00:00+00:00,angiang_longxuyen,67.39611729870569
2025-11-03 13:00:00+00:00,angiang_longxuyen,68.3676419068928
2025-11-03 14:00:00+00:00,angiang_longxuyen,69.96769361168461
2025-11-03 15:00:00+00:00,angiang_longxuyen,71.98472362422697
2025-11-03 16:00:00+00:00,angiang_longxuyen,74.04047339375454
2025-11-03 17:00:00+00:00,angiang_longxuyen,75.74590259093056
2025-11-03 18:00:00+00:00,angiang_longxuyen,76.89936535094874
2025-11-03 19:00:00+00:00,angiang_longxuyen,77.5182381324775
2025-11-03 20:00:00+00:00,angiang_longxuyen,77.80037006155035
2025-11-03 21:00:00+00:00,angiang_longxuyen,77.98257644937745
2025-11-03 22:00:00+00:00,angiang_longxuyen,78.21811382324074
2025-11-03 23:00:00+00:00,angiang_longxuyen,78.57782701701359
2025-11-04 00:00:00+00:00,angiang_longxuyen,79.06892569088144
2025-11-04 01:00:00+00:00,angiang_longxuyen,81.05502242305454
2025-11-04 02:00:00+00:00,angiang_longxuyen,83.27054053030382
2025-11-04 03:00:00+00:00,angiang_longxuyen,85.22711712784272
2025-11-04 04:00:00+00:00,angiang_longxuyen,86.7755693862799
2025-11-04 05:00:00+00:00,angiang_longxuyen,87.96842903561466
2025-11-04 06:00:00+00:00,angiang_longxuyen,88.85902706188322
2025-11-04 07:00:00+00:00,angiang_longxuyen,89.21244107131072
2025-11-04 08:00:00+00:00,angiang_longxuyen,88.82574726174397
2025-11-04 09:00:00+00:00,angiang_longxuyen,87.75162892742395
2025-11-04 10:00:00+00:00,angiang_longxuyen,86.13747738659791
2025-11-04 11:00:00+00:00,angiang_longxuyen,84.33085997629244
2025-11-04 12:00:00+00:00,angiang_longxuyen,82.6320974249685
2025-11-04 13:00:00+00:00,angiang_longxuyen,81.30583398322727
2025-11-04 14:00:00+00:00,angiang_longxuyen,80.2971379721783
2025-11-04 15:00:00+00:00,angiang_longxuyen,79.52989470197782
2025-11-04 16:00:00+00:00,angiang_longxuyen,78.92961089305068
2025-11-04 17:00:00+00:00,angiang_longxuyen,78.451160745824
2025-11-04 18:00:00+00:00,angiang_longxuyen,77.97143048047002
2025-11-04 19:00:00+00:00,angiang_longxuyen,77.36951980932317
2025-11-04 20:00:00+00:00,angiang_longxuyen,76.66692468533208
2025-11-04 21:00:00+00:00,angiang_longxuyen,75.92088405310899
2025-11-04 22:00:00+00:00,angiang_longxuyen,75.18483357615197
2025-11-04 23:00:00+00:00,angiang_longxuyen,74.485165059532
2025-11-05 00:00:00+00:00,angiang_longxuyen,73.78150789545914
2025-11-05 01:00:00+00:00,angiang_longxuyen,73.10586285633558
2025-11-05 02:00:00+00:00,angiang_longxuyen,72.49316168349552
2025-11-05 03:00:00+00:00,angiang_longxuyen,71.87161526512847
2025-11-05 04:00:00+00:00,angiang_longxuyen,71.32571357841702
2025-11-05 05:00:00+00:00,angiang_longxuyen,70.94186350656409
2025-11-05 06:00:00+00:00,angiang_longxuyen,70.73410709492181
2025-11-05 07:00:00+00:00,angiang_longxuyen,70.61094097636311
2025-11-05 08:00:00+00:00,angiang_longxuyen,70.58345441950355
2025-11-05 09:00:00+00:00,angiang_longxuyen,70.74566959289622
2025-11-05 10:00:00+00:00,angiang_longxuyen,71.14838995802953
2025-11-05 11:00:00+00:00,angiang_longxuyen,71.70858884140641
2025-11-05 12:00:00+00:00,angiang_longxuyen,72.38304753596225
2025-11-05 13:00:00+00:00,angiang_longxuyen,73.28655796330709
2025-11-05 14:00:00+00:00,angiang_longxuyen,74.38442608717638
2025-11-05 15:00:00+00:00,angiang_longxuyen,75.53054834018177
2025-11-05 16:00:00+00:00,angiang_longxuyen,76.59780266801849
2025-11-05 17:00:00+00:00,angiang_longxuyen,77.61194844942546
2025-11-05 18:00:00+00:00,angiang_longxuyen,78.55611952836077
2025-11-05 19:00:00+00:00,angiang_longxuyen,79.27147003723536
2025-11-05 20:00:00+00:00,angiang_longxuyen,79.90160327864547
2025-11-05 21:00:00+00:00,angiang_longxuyen,80.41270407085003
2025-11-05 22:00:00+00:00,angiang_longxuyen,80.84714170692631
2025-11-05 23:00:00+00:00,angiang_longxuyen,81.24080311004798
2025-11-06 00:00:00+00:00,angiang_longxuyen,81.51827471128769
2025-11-06 01:00:00+00:00,angiang_longxuyen,81.57454975093866
2025-11-06 02:00:00+00:00,angiang_longxuyen,81.43785843199572
2025-11-06 03:00:00+00:00,angiang_longxuyen,81.21612975997586
2025-11-06 04:00:00+00:00,angiang_longxuyen,80.93954355560103
2025-11-06 05:00:00+00:00,angiang_longxuyen,80.52760066992194
2025-11-06 06:00:00+00:00,angiang_longxuyen,79.93483619200492
2025-11-06 07:00:00+00:00,angiang_longxuyen,79.24792633143912
2025-11-06 08:00:00+00:00,angiang_longxuyen,78.49824815741647
2025-11-06 09:00:00+00:00,angiang_longxuyen,77.78918483859474
2025-11-06 10:00:00+00:00,angiang_longxuyen,77.23780066981848
2025-11-06 11:00:00+00:00,angiang_longxuyen,77.01808703893938
2025-11-06 12:00:00+00:00,angiang_longxuyen,77.19363550403621
2025-11-06 13:00:00+00:00,angiang_longxuyen,77.9362065145548
2025-11-06 14:00:00+00:00,angiang_longxuyen,78.94225941969185
2025-11-06 15:00:00+00:00,angiang_longxuyen,79.95377627025987
2025-11-06 16:00:00+00:00,angiang_longxuyen,80.74657501622666
2025-11-06 17:00:00+00:00,angiang_longxuyen,81.05567665719114
2025-11-06 18:00:00+00:00,angiang_longxuyen,80.73892265760875
2025-11-06 19:00:00+00:00,angiang_longxuyen,79.84373190770116
2025-11-06 20:00:00+00:00,angiang_longxuyen,78.48217144389945
2025-11-06 21:00:00+00:00,angiang_longxuyen,76.83511083561154
2025-11-06 22:00:00+00:00,angiang_longxuyen,75.08147766724991
2025-11-06 23:00:00+00:00,angiang_longxuyen,73.40825423583887
2025-11-07 00:00:00+00:00,angiang_longxuyen,71.98809729159144
2025-11-07 01:00:00+00:00,angiang_longxuyen,70.98118952051587
2025-11-07 02:00:00+00:00,angiang_longxuyen,70.19609329111746
2025-11-07 03:00:00+00:00,angiang_longxuyen,69.45874743056996
2025-11-07 04:00:00+00:00,angiang_longxuyen,68.75396934534304
2025-11-07 05:00:00+00:00,angiang_longxuyen,68.10546629976707
2025-11-07 06:00:00+00:00,angiang_longxuyen,67.38961857294868
2025-11-07 07:00:00+00:00,angiang_longxuyen,66.5364209314898
2025-11-07 08:00:00+00:00,angiang_longxuyen,65.7348598096533
2025-11-07 09:00:00+00:00,angiang_longxuyen,65.05491427147174
2025-11-07 10:00:00+00:00,angiang_longxuyen,64.55613052727914
2025-11-07 11:00:00+00:00,angiang_longxuyen,64.43493147269118
2025-11-07 12:00:00+00:00,angiang_longxuyen,64.70074680239692
2025-11-07 13:00:00+00:00,angiang_longxuyen,65.76778087140765
2025-11-07 14:00:00+00:00,angiang_longxuyen,67.14880371038336
2025-11-07 15:00:00+00:00,angiang_longxuyen,68.4925570113767
2025-11-07 16:00:00+00:00,angiang_longxuyen,69.5876490017263
2025-11-07 17:00:00+00:00,angiang_longxuyen,70.32976422912971
2025-11-07 18:00:00+00:00,angiang_longxuyen,70.61830983352182
2025-11-07 19:00:00+00:00,angiang_longxuyen,70.50647505020925
2025-11-07 20:00:00+00:00,angiang_longxuyen,70.10467933598903
2025-11-07 21:00:00+00:00,angiang_longxuyen,69.5023717627993
2025-11-07 22:00:00+00:00,angiang_longxuyen,68.89429166374418
2025-11-07 23:00:00+00:00,angiang_longxuyen,68.43041785308124
2025-11-08 00:00:00+00:00,angiang_longxuyen,68.25815146256974
2025-11-08 01:00:00+00:00,angiang_longxuyen,68.30414630315408
2025-11-08 02:00:00+00:00,angiang_longxuyen,68.4017820249217
2025-11-08 03:00:00+00:00,angiang_longxuyen,68.45663083415485
2025-11-08 04:00:00+00:00,angiang_longxuyen,68.5043790222253
2025-11-08 05:00:00+00:00,angiang_longxuyen,68.6562856464054
2025-11-08 06:00:00+00:00,angiang_longxuyen,68.90391108633284
2025-11-08 07:00:00+00:00,angiang_longxuyen,69.23851041238157
2025-11-08 08:00:00+00:00,angiang_longxuyen,69.4702837591789
2025-11-08 09:00:00+00:00,angiang_longxuyen,69.62806758668623
2025-11-08 10:00:00+00:00,angiang_longxuyen,69.67259476202409
2025-11-08 11:00:00+00:00,angiang_longxuyen,69.82127819269115
2025-11-08 12:00:00+00:00,angiang_longxuyen,70.2288835060445
2025-11-08 13:00:00+00:00,angiang_longxuyen,70.99370938111018
2025-11-08 14:00:00+00:00,angiang_longxuyen,72.05604386823958
2025-11-08 15:00:00+00:00,angiang_longxuyen,73.27095011758797
2025-11-08 16:00:00+00:00,angiang_longxuyen,74.58862782667639
2025-11-08 17:00:00+00:00,angiang_longxuyen,75.97954268579768
2025-11-08 18:00:00+00:00,angiang_longxuyen,77.27919188286151
2025-11-08 19:00:00+00:00,angiang_longxuyen,78.47009646251803
2025-11-08 20:00:00+00:00,angiang_longxuyen,79.5547828589248
2025-11-08 21:00:00+00:00,angiang_longxuyen,80.62359644478713
2025-11-08 22:00:00+00:00,angiang_longxuyen,81.72327461643437
2025-11-08 23:00:00+00:00,angiang_longxuyen,82.81718026221624
2025-11-09 00:00:00+00:00,angiang_longxuyen,83.90086786117445
2025-11-09 01:00:00+00:00,angiang_longxuyen,84.51554482110707
2025-11-09 02:00:00+00:00,angiang_longxuyen,84.74607185187415
2025-11-09 03:00:00+00:00,angiang_longxuyen,84.93525782754867
2025-11-09 04:00:00+00:00,angiang_longxuyen,85.38359357746705
2025-11-09 05:00:00+00:00,angiang_longxuyen,86.06820380504267
2025-11-09 06:00:00+00:00,angiang_longxuyen,87.18532822033292
2025-11-09 07:00:00+00:00,angiang_longxuyen,88.5049849876846
2025-11-09 08:00:00+00:00,angiang_longxuyen,89.71088243297183
2025-11-09 09:00:00+00:00,angiang_longxuyen,90.61557484332349
2025-11-09 10:00:00+00:00,angiang_longxuyen,91.1117089392628
2025-11-09 11:00:00+00:00,angiang_longxuyen,91.28720942718961
2025-11-09 12:00:00+00:00,angiang_longxuyen,91.22472025363105
2025-11-09 13:00:00+00:00,angiang_longxuyen,90.88514438658315
2025-11-09 14:00:00+00:00,angiang_longxuyen,90.53447270857829
2025-11-09 15:00:00+00:00,angiang_longxuyen,90.3206112020512
2025-11-09 16:00:00+00:00,angiang_longxuyen,90.32198291295764
2025-11-09 17:00:00+00:00,angiang_longxuyen,90.52964337025986
2025-11-09 18:00:00+00:00,angiang_longxuyen,90.81197593113461
2025-11-09 19:00:00+00:00,angiang_longxuyen,91.20212409694267
2025-11-09 20:00:00+00:00,angiang_longxuyen,91.68722017260711
2025-11-09 21:00:00+00:00,angiang_longxuyen,92.26617376790023
2025-11-09 22:00:00+00:00,angiang_longxuyen,92.92971547549645
2025-11-09 23:00:00+00:00,angiang_longxuyen,93.72143664332073
2025-11-10 00:00:00+00:00,angiang_longxuyen,94.70482197120951
2025-11-10 01:00:00+00:00,angiang_longxuyen,96.77652524015836
2025-11-10 02:00:00+00:00,angiang_longxuyen,99.34574521985526
2025-11-10 03:00:00+00:00,angiang_longxuyen,101.58251366965439
2025-11-10 04:00:00+00:00,angiang_longxuyen,103.4230367640898
2025-11-10 05:00:00+00:00,angiang_longxuyen,104.94719294747364
2025-11-10 06:00:00+00:00,angiang_longxuyen,106.33022755641943
2025-11-10 07:00:00+00:00,angiang_longxuyen,107.64785510755738
2025-11-10 08:00:00+00:00,angiang_longxuyen,108.76583002722522
2025-11-10 09:00:00+00:00,angiang_longxuyen,109.65687947504806
2025-11-10 10:00:00+00:00,angiang_longxuyen,110.33975598216165
2025-11-10 11:00:00+00:00,angiang_longxuyen,110.53478535906633
2025-11-10 12:00:00+00:00,angiang_longxuyen,110.21196660903755
2025-11-10 13:00:00+00:00,angiang_longxuyen,109.46993861285235
2025-11-10 14:00:00+00:00,angiang_longxuyen,108.37504616391442
2025-11-10 15:00:00+00:00,angiang_longxuyen,107.05120338847865
2025-11-10 16:00:00+00:00,angiang_longxuyen,105.57129742131485
2025-11-10 17:00:00+00:00,angiang_longxuyen,103.96038379426992
2025-11-10 18:00:00+00:00,angiang_longxuyen,102.29537536283428
2025-11-10 19:00:00+00:00,angiang_longxuyen,100.59632985524625
2025-11-10 20:00:00+00:00,angiang_longxuyen,98.87711458182402
2025-11-10 21:00:00+00:00,angiang_longxuyen,97.12604383049744
2025-11-10 22:00:00+00:00,angiang_longxuyen,95.45446034598885
2025-11-10 23:00:00+00:00,angiang_longxuyen,93.95181483582172
2025-11-11 00:00:00+00:00,angiang_longxuyen,92.69619968511529
2025-11-11 01:00:00+00:00,angiang_longxuyen,91.36373192297852
2025-11-11 02:00:00+00:00,angiang_longxuyen,90.11522093720302
2025-11-11 03:00:00+00:00,angiang_longxuyen,89.0573952136651
2025-11-11 04:00:00+00:00,angiang_longxuyen,88.18491402102957
2025-11-11 05:00:00+00:00,angiang_longxuyen,87.8079508538547
2025-11-11 06:00:00+00:00,angiang_longxuyen,88.14385101544508
2025-11-11 07:00:00+00:00,angiang_longxuyen,89.05417638171298
2025-11-11 08:00:00+00:00,angiang_longxuyen,90.3394193430886
2025-11-11 09:00:00+00:00,angiang_longxuyen,91.71859069945768
2025-11-11 10:00:00+00:00,angiang_longxuyen,93.04766843837658
2025-11-11 11:00:00+00:00,angiang_longxuyen,94.07670704211085
2025-11-11 12:00:00+00:00,angiang_longxuyen,94.55794695273508
2025-11-11 13:00:00+00:00,angiang_longxuyen,94.67238613310649
2025-11-11 14:00:00+00:00,angiang_longxuyen,94.56330949187485
2025-11-11 15:00:00+00:00,angiang_longxuyen,94.43436157913382
2025-11-11 16:00:00+00:00,angiang_longxuyen,94.45415270696147
2025-11-11 17:00:00+00:00,angiang_longxuyen,94.63035431580468
2025-11-11 18:00:00+00:00,angiang_longxuyen,94.90020736052354
2025-11-11 19:00:00+00:00,angiang_longxuyen,95.12345003937455
2025-11-11 20:00:00+00:00,angiang_longxuyen,95.20669860728295
2025-11-11 21:00:00+00:00,angiang_longxuyen,95.09860549803668
2025-11-11 22:00:00+00:00,angiang_longxuyen,94.82104775596898
2025-11-11 23:00:00+00:00,angiang_longxuyen,94.49645712182019
2025-11-12 00:00:00+00:00,angiang_longxuyen,94.30619220501538
2025-11-12 01:00:00+00:00,angiang_longxuyen,94.05180471009092
2025-11-12 02:00:00+00:00,angiang_longxuyen,93.74376783518377
2025-11-12 03:00:00+00:00,angiang_longxuyen,93.50786681617954
2025-11-12 04:00:00+00:00,angiang_longxuyen,93.42008386050931
2025-11-12 05:00:00+00:00,angiang_longxuyen,93.53303084185413
2025-11-12 06:00:00+00:00,angiang_longxuyen,93.95558922159486
2025-11-12 07:00:00+00:00,angiang_longxuyen,94.6083093513764
2025-11-12 08:00:00+00:00,angiang_longxuyen,95.31109692924268
2025-11-12 09:00:00+00:00,angiang_longxuyen,95.84604673650723
2025-11-12 10:00:00+00:00,angiang_longxuyen,96.07971409113004
2025-11-12 11:00:00+00:00,angiang_longxuyen,96.14690829852108
2025-11-12 12:00:00+00:00,angiang_longxuyen,96.17645896408165
2025-11-12 13:00:00+00:00,angiang_longxuyen,96.33395383817864
2025-11-12 14:00:00+00:00,angiang_longxuyen,96.57995241588638
2025-11-12 15:00:00+00:00,angiang_longxuyen,97.11187748065932
2025-11-12 16:00:00+00:00,angiang_longxuyen,97.90470866573538
2025-11-12 17:00:00+00:00,angiang_longxuyen,98.99956022503979
2025-11-12 18:00:00+00:00,angiang_longxuyen,100.38648916268376
2025-11-12 19:00:00+00:00,angiang_longxuyen,102.00397048266761
2025-11-12 20:00:00+00:00,angiang_longxuyen,103.9032048211202
2025-11-12 21:00:00+00:00,angiang_longxuyen,105.94695430099694
2025-11-12 22:00:00+00:00,angiang_longxuyen,108.11754396930458
2025-11-12 23:00:00+00:00,angiang_longxuyen,110.58257825313612
2025-11-13 00:00:00+00:00,angiang_longxuyen,113.57732083840772
2025-11-13 01:00:00+00:00,angiang_longxuyen,116.87798003478872
2025-11-13 02:00:00+00:00,angiang_longxuyen,120.12494405479747
2025-11-13 03:00:00+00:00,angiang_longxuyen,122.83318333657341
2025-11-13 04:00:00+00:00,angiang_longxuyen,124.85763454500542
2025-11-13 05:00:00+00:00,angiang_longxuyen,126.38036013641053
2025-11-13 06:00:00+00:00,angiang_longxuyen,127.58567531331617
2025-11-13 07:00:00+00:00,angiang_longxuyen,128.40744136607174
2025-11-13 08:00:00+00:00,angiang_longxuyen,128.91664924084102
2025-11-13 09:00:00+00:00,angiang_longxuyen,129.0261026118963
2025-11-13 10:00:00+00:00,angiang_longxuyen,128.63237360458052
2025-11-13 11:00:00+00:00,angiang_longxuyen,127.73883806703857
2025-11-13 12:00:00+00:00,angiang_longxuyen,126.52825194377229
2025-11-13 13:00:00+00:00,angiang_longxuyen,125.20045977493183
2025-11-13 14:00:00+00:00,angiang_longxuyen,124.01457753266405
2025-11-13 15:00:00+00:00,angiang_longxuyen,122.96223756236162
2025-11-13 16:00:00+00:00,angiang_longxuyen,122.10906609026821
2025-11-13 17:00:00+00:00,angiang_longxuyen,121.37332092257496
2025-11-13 18:00:00+00:00,angiang_longxuyen,120.71296969678495
2025-11-13 19:00:00+00:00,angiang_longxuyen,120.25952437825961
2025-11-13 20:00:00+00:00,angiang_longxuyen,119.90455874353812
2025-11-13 21:00:00+00:00,angiang_longxuyen,119.70664419409096
2025-11-13 22:00:00+00:00,angiang_longxuyen,119.6291305335851
2025-11-13 23:00:00+00:00,angiang_longxuyen,119.76818363776121
2025-11-14 00:00:00+00:00,angiang_longxuyen,120.25089066843678
2025-11-14 01:00:00+00:00,angiang_longxuyen,120.69092636794201
2025-11-14 02:00:00+00:00,angiang_longxuyen,120.84592097724692
2025-11-14 03:00:00+00:00,angiang_longxuyen,120.6169237639693
2025-11-14 04:00:00+00:00,angiang_longxuyen,120.14609762521461
2025-11-14 05:00:00+00:00,angiang_longxuyen,119.4344042851637
2025-11-14 06:00:00+00:00,angiang_longxuyen,118.32682296514616
2025-11-14 07:00:00+00:00,angiang_longxuyen,116.64574872409577
2025-11-14 08:00:00+00:00,angiang_longxuyen,114.2521393617387
2025-11-14 09:00:00+00:00,angiang_longxuyen,111.16748537907242
2025-11-14 10:00:00+00:00,angiang_longxuyen,107.5949504641002
2025-11-14 11:00:00+00:00,angiang_longxuyen,103.8677458761109
2025-11-14 12:00:00+00:00,angiang_longxuyen,100.26012765556283
2025-11-14 13:00:00+00:00,angiang_longxuyen,96.93670765356906
2025-11-14 14:00:00+00:00,angiang_longxuyen,93.81894587982194
2025-11-14 15:00:00+00:00,angiang_longxuyen,90.80759910476067
2025-11-14 16:00:00+00:00,angiang_longxuyen,87.85680687839648
2025-11-14 17:00:00+00:00,angiang_longxuyen,85.17289311221003
2025-11-14 18:00:00+00:00,angiang_longxuyen,82.72118884891196
2025-11-14 19:00:00+00:00,angiang_longxuyen,80.47505476484966
2025-11-14 20:00:00+00:00,angiang_longxuyen,78.51239488023049
2025-11-14 21:00:00+00:00,angiang_longxuyen,76.5917226521089
2025-11-14 22:00:00+00:00,angiang_longxuyen,74.61804873579986
2025-11-14 23:00:00+00:00,angiang_longxuyen,72.6786043495184
2025-11-15 00:00:00+00:00,angiang_longxuyen,70.9201254869849
2025-11-15 01:00:00+00:00,angiang_longxuyen,69.49113856267365
2025-11-15 02:00:00+00:00,angiang_longxuyen,68.19201711448002
2025-11-15 03:00:00+00:00,angiang_longxuyen,67.10821720532837
2025-11-15 04:00:00+00:00,angiang_longxuyen,66.33659819914418
2025-11-15 05:00:00+00:00,angiang_longxuyen,65.97847261354286
2025-11-15 06:00:00+00:00,angiang_longxuyen,66.09547148497376
2025-11-15 07:00:00+00:00,angiang_longxuyen,66.6860595439963
2025-11-15 08:00:00+00:00,angiang_longxuyen,67.67690150545712
2025-11-15 09:00:00+00:00,angiang_longxuyen,69.04778807687624
2025-11-15 10:00:00+00:00,angiang_longxuyen,70.89638551094768
2025-11-15 11:00:00+00:00,angiang_longxuyen,73.1520190746736
2025-11-15 12:00:00+00:00,angiang_longxuyen,75.81403671469786
2025-11-15 13:00:00+00:00,angiang_longxuyen,78.79783069169324
2025-11-15 14:00:00+00:00,angiang_longxuyen,82.42622302685923
2025-11-15 15:00:00+00:00,angiang_longxuyen,87.1518532403429
2025-11-15 16:00:00+00:00,angiang_longxuyen,93.14204716453409
2025-11-15 17:00:00+00:00,angiang_longxuyen,99.69170886545452
2025-11-15 18:00:00+00:00,angiang_longxuyen,105.91015635678805
2025-11-15 19:00:00+00:00,angiang_longxuyen,111.02513711562823
2025-11-15 20:00:00+00:00,angiang_longxuyen,114.62293092022485
2025-11-15 21:00:00+00:00,angiang_longxuyen,116.56606736781725
2025-11-15 22:00:00+00:00,angiang_longxuyen,116.88888829862651
2025-11-15 23:00:00+00:00,angiang_longxuyen,115.84095677601465
2025-11-16 00:00:00+00:00,angiang_longxuyen,113.68230797109041
2025-11-16 01:00:00+00:00,angiang_longxuyen,110.93927324675872
2025-11-16 02:00:00+00:00,angiang_longxuyen,107.92958032107529
2025-11-16 03:00:00+00:00,angiang_longxuyen,104.75876915456827
2025-11-16 04:00:00+00:00,angiang_longxuyen,101.66920541730427
2025-11-16 05:00:00+00:00,angiang_longxuyen,98.56527006424179
2025-11-16 06:00:00+00:00,angiang_longxuyen,95.52726951785736
2025-11-16 07:00:00+00:00,angiang_longxuyen,92.56466482155908
2025-11-16 08:00:00+00:00,angiang_longxuyen,89.86984388192506
2025-11-16 09:00:00+00:00,angiang_longxuyen,87.54322591437666
2025-11-16 10:00:00+00:00,angiang_longxuyen,85.60454371086435
2025-11-16 11:00:00+00:00,angiang_longxuyen,83.93989074664293
2025-11-16 12:00:00+00:00,angiang_longxuyen,82.71101114652673
2025-11-16 13:00:00+00:00,angiang_longxuyen,82.21954392076192
2025-11-16 14:00:00+00:00,angiang_longxuyen,82.00652092431991
2025-11-16 15:00:00+00:00,angiang_longxuyen,81.76764041401853
2025-11-16 16:00:00+00:00,angiang_longxuyen,81.41040676762346
2025-11-16 17:00:00+00:00,angiang_longxuyen,80.86684069677972
2025-11-16 18:00:00+00:00,angiang_longxuyen,79.99630366992014
2025-11-16 19:00:00+00:00,angiang_longxuyen,78.72312151485298
2025-11-16 20:00:00+00:00,angiang_longxuyen,76.99207687044812
2025-11-16 21:00:00+00:00,angiang_longxuyen,74.82728589737133
2025-11-16 22:00:00+00:00,angiang_longxuyen,72.34321994250571
2025-11-16 23:00:00+00:00,angiang_longxuyen,69.79120741099197
2025-11-17 00:00:00+00:00,angiang_longxuyen,67.33874314570521
2025-11-17 01:00:00+00:00,angiang_longxuyen,65.14802923535537
2025-11-17 02:00:00+00:00,angiang_longxuyen,63.231131938202026
2025-11-17 03:00:00+00:00,angiang_longxuyen,61.65011844678564
2025-11-17 04:00:00+00:00,angiang_longxuyen,60.49483037352631
2025-11-17 05:00:00+00:00,angiang_longxuyen,59.75295067041208
2025-11-17 06:00:00+00:00,angiang_longxuyen,59.51934546803225
2025-11-17 07:00:00+00:00,angiang_longxuyen,59.78202919700406
2025-11-17 08:00:00+00:00,angiang_longxuyen,60.434723702615244
2025-11-17 09:00:00+00:00,angiang_longxuyen,61.36311901573639
2025-11-17 10:00:00+00:00,angiang_longxuyen,62.45377966020066
2025-11-17 11:00:00+00:00,angiang_longxuyen,63.716678345030495
2025-11-17 12:00:00+00:00,angiang_longxuyen,65.08144346571137
2025-11-17 13:00:00+00:00,angiang_longxuyen,66.90994282710608
2025-11-17 14:00:00+00:00,angiang_longxuyen,69.05533357725184
2025-11-17 15:00:00+00:00,angiang_longxuyen,71.36340400702727
2025-11-17 16:00:00+00:00,angiang_longxuyen,73.63292914225394
2025-11-17 17:00:00+00:00,angiang_longxuyen,75.69371433385297
2025-11-17 18:00:00+00:00,angiang_longxuyen,77.26419465566988
2025-11-17 19:00:00+00:00,angiang_longxuyen,78.2453604942502
2025-11-17 20:00:00+00:00,angiang_longxuyen,78.55007440493847
2025-11-17 21:00:00+00:00,angiang_longxuyen,78.15075823809602
2025-11-17 22:00:00+00:00,angiang_longxuyen,77.12006905615456
2025-11-17 23:00:00+00:00,angiang_longxuyen,75.70591143893988
2025-11-18 00:00:00+00:00,angiang_longxuyen,74.05166079749061
2025-11-18 01:00:00+00:00,angiang_longxuyen,72.63258988190996
2025-11-18 02:00:00+00:00,angiang_longxuyen,71.46826683522401
2025-11-18 03:00:00+00:00,angiang_longxuyen,70.66343454270447
2025-11-18 04:00:00+00:00,angiang_longxuyen,70.26310431295025
2025-11-18 05:00:00+00:00,angiang_longxuyen,70.14552971547913
2025-11-18 06:00:00+00:00,angiang_longxuyen,70.2458848704746
2025-11-18 07:00:00+00:00,angiang_longxuyen,70.60308362438239
2025-11-18 08:00:00+00:00,angiang_longxuyen,71.19689487691798
2025-11-18 09:00:00+00:00,angiang_longxuyen,71.93930450968287
2025-11-18 10:00:00+00:00,angiang_longxuyen,72.66906343502612
2025-11-18 11:00:00+00:00,angiang_longxuyen,73.30261504980002
2025-11-18 12:00:00+00:00,angiang_longxuyen,73.76712346757549
2025-11-18 13:00:00+00:00,angiang_longxuyen,74.76539098648685
2025-11-18 14:00:00+00:00,angiang_longxuyen,75.84497326623782
2025-11-18 15:00:00+00:00,angiang_longxuyen,76.79866999420223
2025-11-18 16:00:00+00:00,angiang_longxuyen,77.51473143750526
2025-11-18 17:00:00+00:00,angiang_longxuyen,78.01626078429118
2025-11-18 18:00:00+00:00,angiang_longxuyen,78.4018511189475
2025-11-18 19:00:00+00:00,angiang_longxuyen,78.68411607562814
2025-11-18 20:00:00+00:00,angiang_longxuyen,78.78586256855414
2025-11-18 21:00:00+00:00,angiang_longxuyen,78.55546529422416
2025-11-18 22:00:00+00:00,angiang_longxuyen,77.7804878861387
2025-11-18 23:00:00+00:00,angiang_longxuyen,76.43791874893262
2025-11-19 00:00:00+00:00,angiang_longxuyen,74.55145424303404
2025-11-19 01:00:00+00:00,angiang_longxuyen,72.09788432205642
2025-11-19 02:00:00+00:00,angiang_longxuyen,69.46321803050348
2025-11-19 03:00:00+00:00,angiang_longxuyen,66.87950785507086
2025-11-19 04:00:00+00:00,angiang_longxuyen,64.56914542503682
2025-11-19 05:00:00+00:00,angiang_longxuyen,62.56882455234354
2025-11-19 06:00:00+00:00,angiang_longxuyen,60.97816546897303
2025-11-19 07:00:00+00:00,angiang_longxuyen,59.656922183840074
2025-11-19 08:00:00+00:00,angiang_longxuyen,58.52944560372815
2025-11-19 09:00:00+00:00,angiang_longxuyen,57.62190945566268
2025-11-19 10:00:00+00:00,angiang_longxuyen,56.98864570390889
2025-11-19 11:00:00+00:00,angiang_longxuyen,56.73945228283403
2025-11-19 12:00:00+00:00,angiang_longxuyen,56.78783507801699
2025-11-19 13:00:00+00:00,angiang_longxuyen,56.883549532203425
2025-11-19 14:00:00+00:00,angiang_longxuyen,56.83363582914079
2025-11-19 15:00:00+00:00,angiang_longxuyen,56.69236050968065
2025-11-19 16:00:00+00:00,angiang_longxuyen,56.290368525219435
2025-11-19 17:00:00+00:00,angiang_longxuyen,55.6305952062501
2025-11-19 18:00:00+00:00,angiang_longxuyen,54.74896672999449
2025-11-19 19:00:00+00:00,angiang_longxuyen,53.65447663505058
2025-11-19 20:00:00+00:00,angiang_longxuyen,52.47108484406283
2025-11-19 21:00:00+00:00,angiang_longxuyen,51.26482538922001
2025-11-19 22:00:00+00:00,angiang_longxuyen,50.115244418412395
2025-11-19 23:00:00+00:00,angiang_longxuyen,49.020863362491255
2025-11-20 00:00:00+00:00,angiang_longxuyen,48.01886888978164
2025-11-20 01:00:00+00:00,angiang_longxuyen,47.17190609964469
2025-11-20 02:00:00+00:00,angiang_longxuyen,46.488139834105304
2025-11-20 03:00:00+00:00,angiang_longxuyen,45.95165475740017
2025-11-20 04:00:00+00:00,angiang_longxuyen,45.50945354290275
2025-11-20 05:00:00+00:00,angiang_longxuyen,45.178493939434034
2025-11-20 06:00:00+00:00,angiang_longxuyen,44.92132322345341
2025-11-20 07:00:00+00:00,angiang_longxuyen,44.766775674141854
2025-11-20 08:00:00+00:00,angiang_longxuyen,44.66400421440182
2025-11-20 09:00:00+00:00,angiang_longxuyen,44.60930151745918
2025-11-20 10:00:00+00:00,angiang_longxuyen,44.533105048348354
2025-11-20 11:00:00+00:00,angiang_longxuyen,44.517359813460544
2025-11-20 12:00:00+00:00,angiang_longxuyen,44.58383436330131
2025-11-20 13:00:00+00:00,angiang_longxuyen,44.6678903651733
2025-11-20 14:00:00+00:00,angiang_longxuyen,44.72111885452811
2025-11-20 15:00:00+00:00,angiang_longxuyen,44.70117779804416
2025-11-20 16:00:00+00:00,angiang_longxuyen,44.55063852320958
2025-11-20 17:00:00+00:00,angiang_longxuyen,44.285281157399474
2025-11-20 18:00:00+00:00,angiang_longxuyen,43.93291065141988
2025-11-20 19:00:00+00:00,angiang_longxuyen,43.55372090740008
2025-11-20 20:00:00+00:00,angiang_longxuyen,43.122375618009514
2025-11-20 21:00:00+00:00,angiang_longxuyen,42.68703077726379
2025-11-20 22:00:00+00:00,angiang_longxuyen,42.29277620185826
2025-11-20 23:00:00+00:00,angiang_longxuyen,42.023707147713104
2025-11-21 00:00:00+00:00,angiang_longxuyen,41.90348944433007
2025-11-21 01:00:00+00:00,angiang_longxuyen,42.0003771584015
2025-11-21 02:00:00+00:00,angiang_longxuyen,42.26090191472249
2025-11-21 03:00:00+00:00,angiang_longxuyen,42.696198778298196
2025-11-21 04:00:00+00:00,angiang_longxuyen,43.35052014612909
2025-11-21 05:00:00+00:00,angiang_longxuyen,44.13594567337626
2025-11-21 06:00:00+00:00,angiang_longxuyen,45.08397455293714
2025-11-21 07:00:00+00:00,angiang_longxuyen,46.05647178920734
2025-11-21 08:00:00+00:00,angiang_longxuyen,47.1002674616856
2025-11-21 09:00:00+00:00,angiang_longxuyen,48.1701714377756
2025-11-21 10:00:00+00:00,angiang_longxuyen,49.27194533944047
2025-11-21 11:00:00+00:00,angiang_longxuyen,50.45210085223244
2025-11-21 12:00:00+00:00,angiang_longxuyen,51.775407155676184
2025-11-21 13:00:00+00:00,angiang_longxuyen,52.84128977260648
2025-11-21 14:00:00+00:00,angiang_longxuyen,53.6399177447305
2025-11-21 15:00:00+00:00,angiang_longxuyen,54.04743582686562
2025-11-21 16:00:00+00:00,angiang_longxuyen,54.02648288825037
2025-11-21 17:00:00+00:00,angiang_longxuyen,53.69464224947769
2025-11-21 18:00:00+00:00,angiang_longxuyen,53.08644002671707
2025-11-21 19:00:00+00:00,angiang_longxuyen,52.345498059198654
2025-11-21 20:00:00+00:00,angiang_longxuyen,51.51666627776769
2025-11-21 21:00:00+00:00,angiang_longxuyen,50.674017071371466
2025-11-21 22:00:00+00:00,angiang_longxuyen,49.84364129737809
2025-11-21 23:00:00+00:00,angiang_longxuyen,49.13535433639847
2025-11-22 00:00:00+00:00,angiang_longxuyen,48.555415028339524
2025-11-22 01:00:00+00:00,angiang_longxuyen,48.14744770543059
2025-11-22 02:00:00+00:00,angiang_longxuyen,47.8652198220177
2025-11-22 03:00:00+00:00,angiang_longxuyen,47.64059071199219
2025-11-22 04:00:00+00:00,angiang_longxuyen,47.52448596054799
2025-11-22 05:00:00+00:00,angiang_longxuyen,47.53589144232961
2025-11-22 06:00:00+00:00,angiang_longxuyen,47.72131448132837
2025-11-22 07:00:00+00:00,angiang_longxuyen,47.95193201448434
2025-11-22 08:00:00+00:00,angiang_longxuyen,48.20539540369083
2025-11-22 09:00:00+00:00,angiang_longxuyen,48.41362504469191
2025-11-22 10:00:00+00:00,angiang_longxuyen,48.61965209743307
2025-11-22 11:00:00+00:00,angiang_longxuyen,48.94390362022105
2025-11-22 12:00:00+00:00,angiang_longxuyen,49.46291628391771
2025-11-22 13:00:00+00:00,angiang_longxuyen,49.872610784947305
2025-11-22 14:00:00+00:00,angiang_longxuyen,50.14153154602149
2025-11-22 15:00:00+00:00,angiang_longxuyen,50.181919600055046
2025-11-22 16:00:00+00:00,angiang_longxuyen,50.00045249680233
2025-11-22 17:00:00+00:00,angiang_longxuyen,49.62398000522993
2025-11-22 18:00:00+00:00,angiang_longxuyen,49.11776852280632
2025-11-22 19:00:00+00:00,angiang_longxuyen,48.550455933584004
2025-11-22 20:00:00+00:00,angiang_longxuyen,47.95863137204326
2025-11-22 21:00:00+00:00,angiang_longxuyen,47.37712190205644
2025-11-22 22:00:00+00:00,angiang_longxuyen,46.83681173643258
2025-11-22 23:00:00+00:00,angiang_longxuyen,46.39509029363534
2025-11-23 00:00:00+00:00,angiang_longxuyen,46.111157039906345
2025-11-23 01:00:00+00:00,angiang_longxuyen,45.9883398462205
2025-11-23 02:00:00+00:00,angiang_longxuyen,45.98717967101824
2025-11-23 03:00:00+00:00,angiang_longxuyen,46.0397408415537
2025-11-23 04:00:00+00:00,angiang_longxuyen,46.08638337393328
2025-11-23 05:00:00+00:00,angiang_longxuyen,46.16671460278749
2025-11-23 06:00:00+00:00,angiang_longxuyen,46.27830513868906
2025-11-23 07:00:00+00:00,angiang_longxuyen,46.54292103914434
2025-11-23 08:00:00+00:00,angiang_longxuyen,47.0297628295633
2025-11-23 09:00:00+00:00,angiang_longxuyen,47.75946941617563
2025-11-23 10:00:00+00:00,angiang_longxuyen,48.71741648524756
2025-11-23 11:00:00+00:00,angiang_longxuyen,49.87241015314541
2025-11-23 12:00:00+00:00,angiang_longxuyen,51.2034843965712
2025-11-23 13:00:00+00:00,angiang_longxuyen,52.65882823346611
2025-11-23 14:00:00+00:00,angiang_longxuyen,54.01635534381561
2025-11-23 15:00:00+00:00,angiang_longxuyen,55.03559978992724
2025-11-23 16:00:00+00:00,angiang_longxuyen,55.705413422113125
2025-11-23 17:00:00+00:00,angiang_longxuyen,55.99355994368191
2025-11-23 18:00:00+00:00,angiang_longxuyen,55.86249939987474
2025-11-23 19:00:00+00:00,angiang_longxuyen,55.305366693818115
2025-11-23 20:00:00+00:00,angiang_longxuyen,54.514585169772545
2025-11-23 21:00:00+00:00,angiang_longxuyen,53.64816545641273
2025-11-23 22:00:00+00:00,angiang_longxuyen,52.753360704645736
2025-11-23 23:00:00+00:00,angiang_longxuyen,52.00910831239606
2025-11-24 00:00:00+00:00,angiang_longxuyen,51.46985800607351
2025-11-24 01:00:00+00:00,angiang_longxuyen,51.19353567613378
2025-11-24 02:00:00+00:00,angiang_longxuyen,51.12122971935534
2025-11-24 03:00:00+00:00,angiang_longxuyen,51.30291926221451
2025-11-24 04:00:00+00:00,angiang_longxuyen,51.815974033707086
2025-11-24 05:00:00+00:00,angiang_longxuyen,52.6883560008319
2025-11-24 06:00:00+00:00,angiang_longxuyen,53.82391891487236
2025-11-24 07:00:00+00:00,angiang_longxuyen,55.21430602512345
2025-11-24 08:00:00+00:00,angiang_longxuyen,56.70932698162347
2025-11-24 09:00:00+00:00,angiang_longxuyen,58.252551909309105
2025-11-24 10:00:00+00:00,angiang_longxuyen,59.96710767269088
2025-11-24 11:00:00+00:00,angiang_longxuyen,61.955196547809955
2025-11-24 12:00:00+00:00,angiang_longxuyen,64.22683704007834
2025-11-24 13:00:00+00:00,angiang_longxuyen,66.5069084295872
2025-11-24 14:00:00+00:00,angiang_longxuyen,68.58564362511441
2025-11-24 15:00:00+00:00,angiang_longxuyen,70.50252347602411
2025-11-24 16:00:00+00:00,angiang_longxuyen,72.28566914628836
2025-11-24 17:00:00+00:00,angiang_longxuyen,74.01137305935801
2025-11-24 18:00:00+00:00,angiang_longxuyen,75.80368236909574
2025-11-24 19:00:00+00:00,angiang_longxuyen,77.70084360312792
2025-11-24 20:00:00+00:00,angiang_longxuyen,79.43168107338953
2025-11-24 21:00:00+00:00,angiang_longxuyen,80.59300445655911
2025-11-24 22:00:00+00:00,angiang_longxuyen,80.87422263862116
2025-11-24 23:00:00+00:00,angiang_longxuyen,80.23799738700897
2025-11-25 00:00:00+00:00,angiang_longxuyen,78.8652189885448
2025-11-25 01:00:00+00:00,angiang_longxuyen,77.14021728678179
2025-11-25 02:00:00+00:00,angiang_longxuyen,75.30441667242249
2025-11-25 03:00:00+00:00,angiang_longxuyen,73.51038672690548
2025-11-25 04:00:00+00:00,angiang_longxuyen,71.97781927330526
2025-11-25 05:00:00+00:00,angiang_longxuyen,70.9031917267489
2025-11-25 06:00:00+00:00,angiang_longxuyen,70.21307939008439
2025-11-25 07:00:00+00:00,angiang_longxuyen,69.8070791311462
2025-11-25 08:00:00+00:00,angiang_longxuyen,69.52083206935404
2025-11-25 09:00:00+00:00,angiang_longxuyen,69.2235698854818
2025-11-25 10:00:00+00:00,angiang_longxuyen,68.92058097213373
2025-11-25 11:00:00+00:00,angiang_longxuyen,68.72118785353783
2025-11-25 12:00:00+00:00,angiang_longxuyen,68.68463361154483
2025-11-25 13:00:00+00:00,angiang_longxuyen,68.40110380220008
2025-11-25 14:00:00+00:00,angiang_longxuyen,67.89037810423383
2025-11-25 15:00:00+00:00,angiang_longxuyen,67.1783532855537
2025-11-25 16:00:00+00:00,angiang_longxuyen,66.3417579257016
2025-11-25 17:00:00+00:00,angiang_longxuyen,65.53515920101319
2025-11-25 18:00:00+00:00,angiang_longxuyen,64.79773483236929
2025-11-25 19:00:00+00:00,angiang_longxuyen,64.11406888273086
2025-11-25 20:00:00+00:00,angiang_longxuyen,63.476604947820015
2025-11-25 21:00:00+00:00,angiang_longxuyen,62.90594704137915
2025-11-25 22:00:00+00:00,angiang_longxuyen,62.3585449777144
2025-11-25 23:00:00+00:00,angiang_longxuyen,61.88010355360955
2025-11-26 00:00:00+00:00,angiang_longxuyen,61.54718560929191
2025-11-26 01:00:00+00:00,angiang_longxuyen,61.300421577644336
2025-11-26 02:00:00+00:00,angiang_longxuyen,61.12453073001602
2025-11-26 03:00:00+00:00,angiang_longxuyen,61.05445789242389
2025-11-26 04:00:00+00:00,angiang_longxuyen,61.13758052026098
2025-11-26 05:00:00+00:00,angiang_longxuyen,61.46068277174898
2025-11-26 06:00:00+00:00,angiang_longxuyen,61.93640694340644
2025-11-26 07:00:00+00:00,angiang_longxuyen,62.41146379624455
2025-11-26 08:00:00+00:00,angiang_longxuyen,62.72905521552181
2025-11-26 09:00:00+00:00,angiang_longxuyen,62.81756000952277
2025-11-26 10:00:00+00:00,angiang_longxuyen,62.731118233832596
2025-11-26 11:00:00+00:00,angiang_longxuyen,62.55736237027009
2025-11-26 12:00:00+00:00,angiang_longxuyen,62.33784937119289
2025-11-26 13:00:00+00:00,angiang_longxuyen,62.01532502652557
2025-11-26 14:00:00+00:00,angiang_longxuyen,61.59175640023888
2025-11-26 15:00:00+00:00,angiang_longxuyen,61.02787417867286
2025-11-26 16:00:00+00:00,angiang_longxuyen,60.33772694952105
2025-11-26 17:00:00+00:00,angiang_longxuyen,59.550670198493265
2025-11-26 18:00:00+00:00,angiang_longxuyen,58.68178184165796
2025-11-26 19:00:00+00:00,angiang_longxuyen,57.78809801104503
2025-11-26 20:00:00+00:00,angiang_longxuyen,56.907058345512375
2025-11-26 21:00:00+00:00,angiang_longxuyen,56.024579364879166
2025-11-26 22:00:00+00:00,angiang_longxuyen,55.263059552983826
2025-11-26 23:00:00+00:00,angiang_longxuyen,54.625150738860086
2025-11-27 00:00:00+00:00,angiang_longxuyen,54.082707769950865
2025-11-27 01:00:00+00:00,angiang_longxuyen,53.7664117342641
2025-11-27 02:00:00+00:00,angiang_longxuyen,53.65944881448884
2025-11-27 03:00:00+00:00,angiang_longxuyen,53.75892729574125
2025-11-27 04:00:00+00:00,angiang_longxuyen,54.072575863955194
2025-11-27 05:00:00+00:00,angiang_longxuyen,54.66059278282085
2025-11-27 06:00:00+00:00,angiang_longxuyen,55.51968943541152
2025-11-27 07:00:00+00:00,angiang_longxuyen,56.54484815811813
2025-11-27 08:00:00+00:00,angiang_longxuyen,57.52961882679118
2025-11-27 09:00:00+00:00,angiang_longxuyen,58.33638111001375
2025-11-27 10:00:00+00:00,angiang_longxuyen,58.97103619969807
2025-11-27 11:00:00+00:00,angiang_longxuyen,59.53633374777962
2025-11-27 12:00:00+00:00,angiang_longxuyen,60.049658936048665
2025-11-27 13:00:00+00:00,angiang_longxuyen,60.43363331238756
2025-11-27 14:00:00+00:00,angiang_longxuyen,60.80583583582834
2025-11-27 15:00:00+00:00,angiang_longxuyen,61.11821955137816
2025-11-27 16:00:00+00:00,angiang_longxuyen,61.358966809749354
2025-11-27 17:00:00+00:00,angiang_longxuyen,61.4782162466102
2025-11-27 18:00:00+00:00,angiang_longxuyen,61.41564093222365
2025-11-27 19:00:00+00:00,angiang_longxuyen,61.16849090243548
2025-11-27 20:00:00+00:00,angiang_longxuyen,60.82689781346635
2025-11-27 21:00:00+00:00,angiang_longxuyen,60.404812117889314
2025-11-27 22:00:00+00:00,angiang_longxuyen,59.88680261320213
2025-11-27 23:00:00+00:00,angiang_longxuyen,59.45119607880176
2025-11-28 00:00:00+00:00,angiang_longxuyen,59.14521949622983
2025-11-28 01:00:00+00:00,angiang_longxuyen,59.169953908154696
2025-11-28 02:00:00+00:00,angiang_longxuyen,59.466029747459224
2025-11-28 03:00:00+00:00,angiang_longxuyen,60.07619903419059
2025-11-28 04:00:00+00:00,angiang_longxuyen,60.987974619461305
2025-11-28 05:00:00+00:00,angiang_longxuyen,62.263018070647135
2025-11-28 06:00:00+00:00,angiang_longxuyen,63.80470336733128
2025-11-28 07:00:00+00:00,angiang_longxuyen,65.43861605025371
2025-11-28 08:00:00+00:00,angiang_longxuyen,67.00569435456025
2025-11-28 09:00:00+00:00,angiang_longxuyen,68.30251507937345
2025-11-28 10:00:00+00:00,angiang_longxuyen,69.32215642752797
2025-11-28 11:00:00+00:00,angiang_longxuyen,70.14703663477378
2025-11-28 12:00:00+00:00,angiang_longxuyen,70.96302798088351
2025-11-28 13:00:00+00:00,angiang_longxuyen,71.70926488334757
2025-11-28 14:00:00+00:00,angiang_longxuyen,72.27999911710438
2025-11-28 15:00:00+00:00,angiang_longxuyen,72.56487228720964
2025-11-28 16:00:00+00:00,angiang_longxuyen,72.62668650921727
2025-11-28 17:00:00+00:00,angiang_longxuyen,72.38991699439667
2025-11-28 18:00:00+00:00,angiang_longxuyen,71.8959942098391
2025-11-28 19:00:00+00:00,angiang_longxuyen,71.20220507732682
2025-11-28 20:00:00+00:00,angiang_longxuyen,70.31848959417542
2025-11-28 21:00:00+00:00,angiang_longxuyen,69.33038015062519
2025-11-28 22:00:00+00:00,angiang_longxuyen,68.3224168818092
2025-11-28 23:00:00+00:00,angiang_longxuyen,67.2524300360619
2025-11-29 00:00:00+00:00,angiang_longxuyen,66.31028054060872
2025-11-29 01:00:00+00:00,angiang_longxuyen,65.51005187563045
2025-11-29 02:00:00+00:00,angiang_longxuyen,64.9591562016762
2025-11-29 03:00:00+00:00,angiang_longxuyen,64.79094824359217
2025-11-29 04:00:00+00:00,angiang_longxuyen,65.09847536106787
2025-11-29 05:00:00+00:00,angiang_longxuyen,65.75438433707028
2025-11-29 06:00:00+00:00,angiang_longxuyen,66.60144526232773
2025-11-29 07:00:00+00:00,angiang_longxuyen,67.43802971827756
2025-11-29 08:00:00+00:00,angiang_longxuyen,68.10455255275627
2025-11-29 09:00:00+00:00,angiang_longxuyen,68.46780297242773
2025-11-29 10:00:00+00:00,angiang_longxuyen,68.65265682772765
2025-11-29 11:00:00+00:00,angiang_longxuyen,68.94354895188975
2025-11-29 12:00:00+00:00,angiang_longxuyen,69.42052489152859
2025-11-29 13:00:00+00:00,angiang_longxuyen,70.08122940375237
2025-11-29 14:00:00+00:00,angiang_longxuyen,70.79700516481576
2025-11-29 15:00:00+00:00,angiang_longxuyen,71.44596617428735
2025-11-29 16:00:00+00:00,angiang_longxuyen,71.96587950031207
2025-11-29 17:00:00+00:00,angiang_longxuyen,72.32124857941781
2025-11-29 18:00:00+00:00,angiang_longxuyen,72.55287799470507
2025-11-29 19:00:00+00:00,angiang_longxuyen,72.58598660357859
2025-11-29 20:00:00+00:00,angiang_longxuyen,72.46195035361819
2025-11-29 21:00:00+00:00,angiang_longxuyen,72.15840752203445
2025-11-29 22:00:00+00:00,angiang_longxuyen,71.75600773162809
2025-11-29 23:00:00+00:00,angiang_longxuyen,71.3794959860075
2025-11-30 00:00:00+00:00,angiang_longxuyen,71.1019109841841
2025-11-30 01:00:00+00:00,angiang_longxuyen,71.03632183120823
2025-11-30 02:00:00+00:00,angiang_longxuyen,71.1886646114794
2025-11-30 03:00:00+00:00,angiang_longxuyen,71.80311913180557
2025-11-30 04:00:00+00:00,angiang_longxuyen,73.18712527844424
2025-11-30 05:00:00+00:00,angiang_longxuyen,75.1330204133127
2025-11-30 06:00:00+00:00,angiang_longxuyen,77.16974287336711
2025-11-30 07:00:00+00:00,angiang_longxuyen,78.80306456478614
2025-11-30 08:00:00+00:00,angiang_longxuyen,79.86860370879472
2025-11-30 09:00:00+00:00,angiang_longxuyen,80.41449667238433
2025-11-30 10:00:00+00:00,angiang_longxuyen,80.73124412962537
2025-11-30 11:00:00+00:00,angiang_longxuyen,81.21024165274635
2025-11-30 12:00:00+00:00,angiang_longxuyen,82.1464507022391
2025-11-30 13:00:00+00:00,angiang_longxuyen,84.52664608401517
2025-11-30 14:00:00+00:00,angiang_longxuyen,88.27949446937922
2025-11-30 15:00:00+00:00,angiang_longxuyen,93.00338332966926
2025-11-30 16:00:00+00:00,angiang_longxuyen,97.86791344750206
2025-11-30 17:00:00+00:00,angiang_longxuyen,102.10365259429504
2025-11-30 18:00:00+00:00,angiang_longxuyen,105.0934033731043
2025-11-30 19:00:00+00:00,angiang_longxuyen,106.68021992131243
2025-11-30 20:00:00+00:00,angiang_longxuyen,107.00995065499454
2025-11-30 21:00:00+00:00,angiang_longxuyen,106.41446456306923
2025-11-30 22:00:00+00:00,angiang_longxuyen,105.18250788173049
2025-11-30 23:00:00+00:00,angiang_longxuyen,103.5643818685245
2025-12-01 00:00:00+00:00,angiang_longxuyen,101.97882063206599
2025-12-01 01:00:00+00:00,angiang_longxuyen,100.81801082269365
2025-12-01 02:00:00+00:00,angiang_longxuyen,100.13296852799033
2025-12-01 03:00:00+00:00,angiang_longxuyen,100.11700725953865
2025-12-01 04:00:00+00:00,angiang_longxuyen,100.96808559129124
2025-12-01 05:00:00+00:00,angiang_longxuyen,102.5938691424687
2025-12-01 06:00:00+00:00,angiang_longxuyen,104.51160931126805
2025-12-01 07:00:00+00:00,angiang_longxuyen,106.24160500027388
2025-12-01 08:00:00+00:00,angiang_longxuyen,107.40774354668892
2025-12-01 09:00:00+00:00,angiang_longxuyen,107.87350046127509
2025-12-01 10:00:00+00:00,angiang_longxuyen,107.62600586817497
2025-12-01 11:00:00+00:00,angiang_longxuyen,106.92321229316244
2025-12-01 12:00:00+00:00,angiang_longxuyen,106.05710879296865
2025-12-01 13:00:00+00:00,angiang_longxuyen,105.15882351559488
2025-12-01 14:00:00+00:00,angiang_longxuyen,104.33726463698258
2025-12-01 15:00:00+00:00,angiang_longxuyen,103.3572262618977
2025-12-01 16:00:00+00:00,angiang_longxuyen,102.08589313605914
2025-12-01 17:00:00+00:00,angiang_longxuyen,100.5046135894272
2025-12-01 18:00:00+00:00,angiang_longxuyen,98.6118490813906
2025-12-01 19:00:00+00:00,angiang_longxuyen,96.50968167246792
2025-12-01 20:00:00+00:00,angiang_longxuyen,94.16825457004218
2025-12-01 21:00:00+00:00,angiang_longxuyen,91.65863450239804
2025-12-01 22:00:00+00:00,angiang_longxuyen,89.16642769409252
2025-12-01 23:00:00+00:00,angiang_longxuyen,86.86483854383047
2025-12-02 00:00:00+00:00,angiang_longxuyen,84.93234866642119
2025-12-02 01:00:00+00:00,angiang_longxuyen,83.64980224007864
2025-12-02 02:00:00+00:00,angiang_longxuyen,82.76123888197495
2025-12-02 03:00:00+00:00,angiang_longxuyen,82.26473405335821
2025-12-02 04:00:00+00:00,angiang_longxuyen,82.23616146783188
2025-12-02 05:00:00+00:00,angiang_longxuyen,82.76922053844162
2025-12-02 06:00:00+00:00,angiang_longxuyen,83.83202062219824
2025-12-02 07:00:00+00:00,angiang_longxuyen,85.22613141507689
2025-12-02 08:00:00+00:00,angiang_longxuyen,86.75260358730434
2025-12-02 09:00:00+00:00,angiang_longxuyen,88.25671621752281
2025-12-02 10:00:00+00:00,angiang_longxuyen,89.62346148685718
2025-12-02 11:00:00+00:00,angiang_longxuyen,90.53323838684055
2025-12-02 12:00:00+00:00,angiang_longxuyen,91.02162416982192
2025-12-02 13:00:00+00:00,angiang_longxuyen,91.42291612375695
2025-12-02 14:00:00+00:00,angiang_longxuyen,91.73924050958964
2025-12-02 15:00:00+00:00,angiang_longxuyen,92.00036170936518
2025-12-02 16:00:00+00:00,angiang_longxuyen,92.10180725458834
2025-12-02 17:00:00+00:00,angiang_longxuyen,92.0824026700964
2025-12-02 18:00:00+00:00,angiang_longxuyen,92.04519310357657
2025-12-02 19:00:00+00:00,angiang_longxuyen,92.13847707794548
2025-12-02 20:00:00+00:00,angiang_longxuyen,92.58952135718945
2025-12-02 21:00:00+00:00,angiang_longxuyen,93.54379953574276
2025-12-02 22:00:00+00:00,angiang_longxuyen,95.09536649386534
2025-12-02 23:00:00+00:00,angiang_longxuyen,97.13800759207564
2025-12-03 00:00:00+00:00,angiang_longxuyen,100.84693969322689
2025-12-03 01:00:00+00:00,angiang_longxuyen,104.74854020384232
2025-12-03 02:00:00+00:00,angiang_longxuyen,109.1080947965746
2025-12-03 03:00:00+00:00,angiang_longxuyen,114.12430637300548
2025-12-03 04:00:00+00:00,angiang_longxuyen,119.73757856485047
2025-12-03 05:00:00+00:00,angiang_longxuyen,125.48761186061296
2025-12-03 06:00:00+00:00,angiang_longxuyen,130.58910721831222
2025-12-03 07:00:00+00:00,angiang_longxuyen,134.66777510761165
2025-12-03 08:00:00+00:00,angiang_longxuyen,137.52910299657452
2025-12-03 09:00:00+00:00,angiang_longxuyen,139.27175593534335
2025-12-03 10:00:00+00:00,angiang_longxuyen,140.05736464814876
2025-12-03 11:00:00+00:00,angiang_longxuyen,140.1091145683548
2025-12-03 12:00:00+00:00,angiang_longxuyen,139.56931034379662
2025-12-03 13:00:00+00:00,angiang_longxuyen,138.40043818908075
2025-12-03 14:00:00+00:00,angiang_longxuyen,136.9159460406193
2025-12-03 15:00:00+00:00,angiang_longxuyen,135.21682147973976
2025-12-03 16:00:00+00:00,angiang_longxuyen,133.42632003699953
2025-12-03 17:00:00+00:00,angiang_longxuyen,131.3307012391868
2025-12-03 18:00:00+00:00,angiang_longxuyen,128.47257691671288
2025-12-03 19:00:00+00:00,angiang_longxuyen,124.70224739521855
2025-12-03 20:00:00+00:00,angiang_longxuyen,120.17106319986775
2025-12-03 21:00:00+00:00,angiang_longxuyen,115.06365574635397
2025-12-03 22:00:00+00:00,angiang_longxuyen,109.67841577243512
2025-12-03 23:00:00+00:00,angiang_longxuyen,104.26455196464923
2025-12-04 00:00:00+00:00,angiang_longxuyen,98.46734702464917
2025-12-04 01:00:00+00:00,angiang_longxuyen,93.63314011385326
2025-12-04 02:00:00+00:00,angiang_longxuyen,89.3289863404069
2025-12-04 03:00:00+00:00,angiang_longxuyen,85.60487518949357
2025-12-04 04:00:00+00:00,angiang_longxuyen,82.54992779819041
2025-12-04 05:00:00+00:00,angiang_longxuyen,80.17945869724532
2025-12-04 06:00:00+00:00,angiang_longxuyen,78.50166107882913
2025-12-04 07:00:00+00:00,angiang_longxuyen,77.2681135181482
2025-12-04 08:00:00+00:00,angiang_longxuyen,76.17443249275323
2025-12-04 09:00:00+00:00,angiang_longxuyen,74.97102986030696
2025-12-04 10:00:00+00:00,angiang_longxuyen,73.6177574526259
2025-12-04 11:00:00+00:00,angiang_longxuyen,72.34326355811483
2025-12-04 12:00:00+00:00,angiang_longxuyen,71.32888661397959
2025-12-04 13:00:00+00:00,angiang_longxuyen,70.56439221754312
2025-12-04 14:00:00+00:00,angiang_longxuyen,69.9513813738784
2025-12-04 15:00:00+00:00,angiang_longxuyen,69.54550760020662
2025-12-04 16:00:00+00:00,angiang_longxuyen,69.26415202897589
2025-12-04 17:00:00+00:00,angiang_longxuyen,69.00508839556
2025-12-04 18:00:00+00:00,angiang_longxuyen,68.83747142897937
2025-12-04 19:00:00+00:00,angiang_longxuyen,68.72305678238808
2025-12-04 20:00:00+00:00,angiang_longxuyen,68.7329858758014
2025-12-04 21:00:00+00:00,angiang_longxuyen,68.88080135584723
2025-12-04 22:00:00+00:00,angiang_longxuyen,69.0808269007752
2025-12-04 23:00:00+00:00,angiang_longxuyen,69.33011845697054
2025-12-05 00:00:00+00:00,angiang_longxuyen,69.64774040717418
2025-12-05 01:00:00+00:00,angiang_longxuyen,70.3301654927335
2025-12-05 02:00:00+00:00,angiang_longxuyen,71.09585713763997
2025-12-05 03:00:00+00:00,angiang_longxuyen,71.71962795207152
2025-12-05 04:00:00+00:00,angiang_longxuyen,72.20491484602579
2025-12-05 05:00:00+00:00,angiang_longxuyen,72.63692527345525
2025-12-05 06:00:00+00:00,angiang_longxuyen,73.1715959408215
2025-12-05 07:00:00+00:00,angiang_longxuyen,73.79823448155187
2025-12-05 08:00:00+00:00,angiang_longxuyen,74.36051382948318
2025-12-05 09:00:00+00:00,angiang_longxuyen,74.78221352691962
2025-12-05 10:00:00+00:00,angiang_longxuyen,75.08315032585918
2025-12-05 11:00:00+00:00,angiang_longxuyen,75.33045519105968
2025-12-05 12:00:00+00:00,angiang_longxuyen,75.70809440017571
2025-12-05 13:00:00+00:00,angiang_longxuyen,77.24781699445002
2025-12-05 14:00:00+00:00,angiang_longxuyen,79.3100458627105
2025-12-05 15:00:00+00:00,angiang_longxuyen,81.69072646813788
2025-12-05 16:00:00+00:00,angiang_longxuyen,84.12245914402561
2025-12-05 17:00:00+00:00,angiang_longxuyen,86.3982267633058
2025-12-05 18:00:00+00:00,angiang_longxuyen,88.40075567621014
2025-12-05 19:00:00+00:00,angiang_longxuyen,90.18031723379598
2025-12-05 20:00:00+00:00,angiang_longxuyen,91.73539470325659
2025-12-05 21:00:00+00:00,angiang_longxuyen,92.93166618361379
2025-12-05 22:00:00+00:00,angiang_longxuyen,93.7034811874414
2025-12-05 23:00:00+00:00,angiang_longxuyen,94.04884157464718
2025-12-06 00:00:00+00:00,angiang_longxuyen,93.9678343038518
2025-12-06 01:00:00+00:00,angiang_longxuyen,93.92364514948453
2025-12-06 02:00:00+00:00,angiang_longxuyen,93.98370984037182
2025-12-06 03:00:00+00:00,angiang_longxuyen,94.34512513329008
2025-12-06 04:00:00+00:00,angiang_longxuyen,95.13074856636358
2025-12-06 05:00:00+00:00,angiang_longxuyen,96.55920992258507
2025-12-06 06:00:00+00:00,angiang_longxuyen,98.44627577869421
2025-12-06 07:00:00+00:00,angiang_longxuyen,100.4825934313766
2025-12-06 08:00:00+00:00,angiang_longxuyen,102.28163153920939
2025-12-06 09:00:00+00:00,angiang_longxuyen,103.54075747385143
2025-12-06 10:00:00+00:00,angiang_longxuyen,104.27129057625633
2025-12-06 11:00:00+00:00,angiang_longxuyen,104.70987605675874
2025-12-06 12:00:00+00:00,angiang_longxuyen,105.29015011461759
2025-12-06 13:00:00+00:00,angiang_longxuyen,105.2108476689432
2025-12-06 14:00:00+00:00,angiang_longxuyen,105.19322968883934
2025-12-06 15:00:00+00:00,angiang_longxuyen,105.73899725755278
2025-12-06 16:00:00+00:00,angiang_longxuyen,107.00098764732294
2025-12-06 17:00:00+00:00,angiang_longxuyen,108.90737576346183
2025-12-06 18:00:00+00:00,angiang_longxuyen,111.24511462094242
2025-12-06 19:00:00+00:00,angiang_longxuyen,113.73837801737858
2025-12-06 20:00:00+00:00,angiang_longxuyen,116.24942240725764
2025-12-06 21:00:00+00:00,angiang_longxuyen,118.72045601812192
2025-12-06 22:00:00+00:00,angiang_longxuyen,121.17222679522386
2025-12-06 23:00:00+00:00,angiang_longxuyen,123.1312742170187
2025-12-07 00:00:00+00:00,angiang_longxuyen,124.28745641026474
2025-12-07 01:00:00+00:00,angiang_longxuyen,124.76250235920057
2025-12-07 02:00:00+00:00,angiang_longxuyen,124.62765379974242
2025-12-07 03:00:00+00:00,angiang_longxuyen,124.06438655826483
2025-12-07 04:00:00+00:00,angiang_longxuyen,123.39847652309406
2025-12-07 05:00:00+00:00,angiang_longxuyen,122.78521270889652
2025-12-07 06:00:00+00:00,angiang_longxuyen,122.19267503214687
2025-12-07 07:00:00+00:00,angiang_longxuyen,121.40892434428943
2025-12-07 08:00:00+00:00,angiang_longxuyen,120.21501901072631
2025-12-07 09:00:00+00:00,angiang_longxuyen,118.51191670629618
2025-12-07 10:00:00+00:00,angiang_longxuyen,116.33426567087402
2025-12-07 11:00:00+00:00,angiang_longxuyen,113.81430843127384
2025-12-07 12:00:00+00:00,angiang_longxuyen,111.19599581235576
2025-12-07 13:00:00+00:00,angiang_longxuyen,109.25873983926127
2025-12-07 14:00:00+00:00,angiang_longxuyen,107.81937239998244
2025-12-07 15:00:00+00:00,angiang_longxuyen,106.95291125179396
2025-12-07 16:00:00+00:00,angiang_longxuyen,106.66010113122137
2025-12-07 17:00:00+00:00,angiang_longxuyen,106.9389204547825
2025-12-07 18:00:00+00:00,angiang_longxuyen,107.60144809946698
2025-12-07 19:00:00+00:00,angiang_longxuyen,108.39755072782367
2025-12-07 20:00:00+00:00,angiang_longxuyen,109.14786678012952
2025-12-07 21:00:00+00:00,angiang_longxuyen,109.41694673817695
2025-12-07 22:00:00+00:00,angiang_longxuyen,108.96097934705497
2025-12-07 23:00:00+00:00,angiang_longxuyen,107.64476276087166
2025-12-08 00:00:00+00:00,angiang_longxuyen,105.47771795119422
2025-12-08 01:00:00+00:00,angiang_longxuyen,102.68282099646302
2025-12-08 02:00:00+00:00,angiang_longxuyen,99.68440597690457
2025-12-08 03:00:00+00:00,angiang_longxuyen,96.73030523399203
2025-12-08 04:00:00+00:00,angiang_longxuyen,94.30568299277904
2025-12-08 05:00:00+00:00,angiang_longxuyen,92.63550093231059
2025-12-08 06:00:00+00:00,angiang_longxuyen,91.72133412127054
2025-12-08 07:00:00+00:00,angiang_longxuyen,91.35376575629745
2025-12-08 08:00:00+00:00,angiang_longxuyen,91.09509139219284
2025-12-08 09:00:00+00:00,angiang_longxuyen,90.58551387513636
2025-12-08 10:00:00+00:00,angiang_longxuyen,89.84884078535934
2025-12-08 11:00:00+00:00,angiang_longxuyen,89.36672692696763
2025-12-08 12:00:00+00:00,angiang_longxuyen,89.42621207544892
2025-12-08 13:00:00+00:00,angiang_longxuyen,89.83690537392707
2025-12-08 14:00:00+00:00,angiang_longxuyen,90.45858263912145
2025-12-08 15:00:00+00:00,angiang_longxuyen,91.0143578093446
2025-12-08 16:00:00+00:00,angiang_longxuyen,91.31026899972476
2025-12-08 17:00:00+00:00,angiang_longxuyen,91.12582076958954
2025-12-08 18:00:00+00:00,angiang_longxuyen,90.27705774518667
2025-12-08 19:00:00+00:00,angiang_longxuyen,88.73741802056966
2025-12-08 20:00:00+00:00,angiang_longxuyen,86.5686547558934
2025-12-08 21:00:00+00:00,angiang_longxuyen,83.95971731215299
2025-12-08 22:00:00+00:00,angiang_longxuyen,80.99550892442733
2025-12-08 23:00:00+00:00,angiang_longxuyen,78.09847620745884
2025-12-09 00:00:00+00:00,angiang_longxuyen,75.36208959234537
2025-12-09 01:00:00+00:00,angiang_longxuyen,73.00672239605375
2025-12-09 02:00:00+00:00,angiang_longxuyen,71.10349205001424
2025-12-09 03:00:00+00:00,angiang_longxuyen,69.76945630673006
2025-12-09 04:00:00+00:00,angiang_longxuyen,69.02027316987078
2025-12-09 05:00:00+00:00,angiang_longxuyen,68.83740818634617
2025-12-09 06:00:00+00:00,angiang_longxuyen,69.11959245414994
2025-12-09 07:00:00+00:00,angiang_longxuyen,69.50602675084251
2025-12-09 08:00:00+00:00,angiang_longxuyen,69.74594095107975
2025-12-09 09:00:00+00:00,angiang_longxuyen,69.64933673846751
2025-12-09 10:00:00+00:00,angiang_longxuyen,69.11811606578166
2025-12-09 11:00:00+00:00,angiang_longxuyen,68.49926945361835
2025-12-09 12:00:00+00:00,angiang_longxuyen,68.19982212772982
2025-12-09 13:00:00+00:00,angiang_longxuyen,68.5358607688791
2025-12-09 14:00:00+00:00,angiang_longxuyen,69.21081668137876
2025-12-09 15:00:00+00:00,angiang_longxuyen,69.97550952883668
2025-12-09 16:00:00+00:00,angiang_longxuyen,70.6394961156458
2025-12-09 17:00:00+00:00,angiang_longxuyen,70.99942302590327
2025-12-09 18:00:00+00:00,angiang_longxuyen,70.89275014992856
2025-12-09 19:00:00+00:00,angiang_longxuyen,70.2156003722908
2025-12-09 20:00:00+00:00,angiang_longxuyen,69.05360639913118
2025-12-09 21:00:00+00:00,angiang_longxuyen,67.55008912197702
2025-12-09 22:00:00+00:00,angiang_longxuyen,65.8914485694711
2025-12-09 23:00:00+00:00,angiang_longxuyen,64.11322273991418
2025-12-10 00:00:00+00:00,angiang_longxuyen,62.465974584507116
2025-12-10 01:00:00+00:00,angiang_longxuyen,61.131138494795806
2025-12-10 02:00:00+00:00,angiang_longxuyen,60.04422443115387
2025-12-10 03:00:00+00:00,angiang_longxuyen,59.0897099105187
2025-12-10 04:00:00+00:00,angiang_longxuyen,58.39558929937719
2025-12-10 05:00:00+00:00,angiang_longxuyen,57.93593747967586
2025-12-10 06:00:00+00:00,angiang_longxuyen,57.76322402917102
2025-12-10 07:00:00+00:00,angiang_longxuyen,57.777233362816354
2025-12-10 08:00:00+00:00,angiang_longxuyen,57.955943959573474
2025-12-10 09:00:00+00:00,angiang_longxuyen,58.3074770458582
2025-12-10 10:00:00+00:00,angiang_longxuyen,58.76623910713374
2025-12-10 11:00:00+00:00,angiang_longxuyen,59.42468651158621
2025-12-10 12:00:00+00:00,angiang_longxuyen,60.30596606296896
2025-12-10 13:00:00+00:00,angiang_longxuyen,61.23574617167926
2025-12-10 14:00:00+00:00,angiang_longxuyen,62.06866255490315
2025-12-10 15:00:00+00:00,angiang_longxuyen,62.795111055515136
2025-12-10 16:00:00+00:00,angiang_longxuyen,63.23082226737736
2025-12-10 17:00:00+00:00,angiang_longxuyen,63.36167781782172
2025-12-10 18:00:00+00:00,angiang_longxuyen,63.04770213253947
2025-12-10 19:00:00+00:00,angiang_longxuyen,62.23370401976597
2025-12-10 20:00:00+00:00,angiang_longxuyen,60.99966796426303
2025-12-10 21:00:00+00:00,angiang_longxuyen,59.53260461320093
2025-12-10 22:00:00+00:00,angiang_longxuyen,57.96606714244732
2025-12-10 23:00:00+00:00,angiang_longxuyen,56.5241481900357
2025-12-11 00:00:00+00:00,angiang_longxuyen,55.330572154321345
2025-12-11 01:00:00+00:00,angiang_longxuyen,54.4533096005374
2025-12-11 02:00:00+00:00,angiang_longxuyen,53.82932288884078
2025-12-11 03:00:00+00:00,angiang_longxuyen,53.577220306638445
2025-12-11 04:00:00+00:00,angiang_longxuyen,53.654563866268795
2025-12-11 05:00:00+00:00,angiang_longxuyen,54.173380259724475
2025-12-11 06:00:00+00:00,angiang_longxuyen,55.169591302666426
2025-12-11 07:00:00+00:00,angiang_longxuyen,56.550640311007605
2025-12-11 08:00:00+00:00,angiang_longxuyen,58.11055257073778
2025-12-11 09:00:00+00:00,angiang_longxuyen,59.53823974989762
2025-12-11 10:00:00+00:00,angiang_longxuyen,60.841557019687386
2025-12-11 11:00:00+00:00,angiang_longxuyen,62.09519829148416
2025-12-11 12:00:00+00:00,angiang_longxuyen,63.36562066888504
2025-12-11 13:00:00+00:00,angiang_longxuyen,64.06821579287613
2025-12-11 14:00:00+00:00,angiang_longxuyen,64.38243136400848
2025-12-11 15:00:00+00:00,angiang_longxuyen,64.35462641320242
2025-12-11 16:00:00+00:00,angiang_longxuyen,64.06893545042641
2025-12-11 17:00:00+00:00,angiang_longxuyen,63.56966757297271
2025-12-11 18:00:00+00:00,angiang_longxuyen,62.90929672015861
2025-12-11 19:00:00+00:00,angiang_longxuyen,62.13536390591126
2025-12-11 20:00:00+00:00,angiang_longxuyen,61.33254447375202
2025-12-11 21:00:00+00:00,angiang_longxuyen,60.51037933817314
2025-12-11 22:00:00+00:00,angiang_longxuyen,59.75289833168115
2025-12-11 23:00:00+00:00,angiang_longxuyen,59.206276987419436
2025-12-12 00:00:00+00:00,angiang_longxuyen,59.057408190413675
2025-12-12 01:00:00+00:00,angiang_longxuyen,59.13124069351087
2025-12-12 02:00:00+00:00,angiang_longxuyen,59.426679744922424
2025-12-12 03:00:00+00:00,angiang_longxuyen,59.987463077461356
2025-12-12 04:00:00+00:00,angiang_longxuyen,60.89745914588049
2025-12-12 05:00:00+00:00,angiang_longxuyen,62.1583406087891
2025-12-12 06:00:00+00:00,angiang_longxuyen,63.6433343367553
2025-12-12 07:00:00+00:00,angiang_longxuyen,65.29235328589212
2025-12-12 08:00:00+00:00,angiang_longxuyen,67.02061743521638
2025-12-12 09:00:00+00:00,angiang_longxuyen,68.67511232407665
2025-12-12 10:00:00+00:00,angiang_longxuyen,70.20446966884656
2025-12-12 11:00:00+00:00,angiang_longxuyen,71.60483603046146
2025-12-12 12:00:00+00:00,angiang_longxuyen,72.97125200194706
2025-12-12 13:00:00+00:00,angiang_longxuyen,74.03895775133805
2025-12-12 14:00:00+00:00,angiang_longxuyen,74.88657913717253
2025-12-12 15:00:00+00:00,angiang_longxuyen,75.51075121520786
2025-12-12 16:00:00+00:00,angiang_longxuyen,75.99936161857613
2025-12-12 17:00:00+00:00,angiang_longxuyen,76.34208871338205
2025-12-12 18:00:00+00:00,angiang_longxuyen,76.54763817520347
2025-12-12 19:00:00+00:00,angiang_longxuyen,76.6441398911343
2025-12-12 20:00:00+00:00,angiang_longxuyen,76.70787974228402
2025-12-12 21:00:00+00:00,angiang_longxuyen,76.78056297408123
2025-12-12 22:00:00+00:00,angiang_longxuyen,76.92127347140344
2025-12-12 23:00:00+00:00,angiang_longxuyen,77.2628600180312
2025-12-13 00:00:00+00:00,angiang_longxuyen,78.03615822516602
2025-12-13 01:00:00+00:00,angiang_longxuyen,79.14780015839146
2025-12-13 02:00:00+00:00,angiang_longxuyen,80.44140532242322
2025-12-13 03:00:00+00:00,angiang_longxuyen,81.91384647808827
2025-12-13 04:00:00+00:00,angiang_longxuyen,83.78785218524528
2025-12-13 05:00:00+00:00,angiang_longxuyen,86.08334169257365
2025-12-13 06:00:00+00:00,angiang_longxuyen,88.76587938629277
2025-12-13 07:00:00+00:00,angiang_longxuyen,91.62499487348364
2025-12-13 08:00:00+00:00,angiang_longxuyen,94.2956508574892
2025-12-13 09:00:00+00:00,angiang_longxuyen,96.45561685380848
2025-12-13 10:00:00+00:00,angiang_longxuyen,98.08993979605408
2025-12-13 11:00:00+00:00,angiang_longxuyen,99.27996824716266
2025-12-13 12:00:00+00:00,angiang_longxuyen,100.2614124078486
2025-12-13 13:00:00+00:00,angiang_longxuyen,101.1054450468462
2025-12-13 14:00:00+00:00,angiang_longxuyen,101.72602319869107
2025-12-13 15:00:00+00:00,angiang_longxuyen,102.27467348656896
2025-12-13 16:00:00+00:00,angiang_longxuyen,103.07903827427839
2025-12-13 17:00:00+00:00,angiang_longxuyen,104.39360182887654
2025-12-13 18:00:00+00:00,angiang_longxuyen,106.46587864308516
2025-12-13 19:00:00+00:00,angiang_longxuyen,109.2954129337891
2025-12-13 20:00:00+00:00,angiang_longxuyen,112.72487120464504
2025-12-13 21:00:00+00:00,angiang_longxuyen,116.13547662846426
2025-12-13 22:00:00+00:00,angiang_longxuyen,118.81257436533744
2025-12-13 23:00:00+00:00,angiang_longxuyen,120.37193924917331
2025-12-14 00:00:00+00:00,angiang_longxuyen,120.56961827433129
2025-12-14 01:00:00+00:00,angiang_longxuyen,119.54559355746147
2025-12-14 02:00:00+00:00,angiang_longxuyen,117.54702385147387
2025-12-14 03:00:00+00:00,angiang_longxuyen,114.85445456766001
2025-12-14 04:00:00+00:00,angiang_longxuyen,111.90692260807663
2025-12-14 05:00:00+00:00,angiang_longxuyen,109.05015255026551
2025-12-14 06:00:00+00:00,angiang_longxuyen,106.54527649790447
2025-12-14 07:00:00+00:00,angiang_longxuyen,104.47449569908824
2025-12-14 08:00:00+00:00,angiang_longxuyen,102.65663036838907
2025-12-14 09:00:00+00:00,angiang_longxuyen,100.92870696601096
2025-12-14 10:00:00+00:00,angiang_longxuyen,99.2545282164617
2025-12-14 11:00:00+00:00,angiang_longxuyen,97.8330187794356
2025-12-14 12:00:00+00:00,angiang_longxuyen,96.68218195168325
2025-12-14 13:00:00+00:00,angiang_longxuyen,96.13066911686012
2025-12-14 14:00:00+00:00,angiang_longxuyen,96.13020897218404
2025-12-14 15:00:00+00:00,angiang_longxuyen,96.51267424844781
2025-12-14 16:00:00+00:00,angiang_longxuyen,97.06165574235736
2025-12-14 17:00:00+00:00,angiang_longxuyen,97.72640042297229
2025-12-14 18:00:00+00:00,angiang_longxuyen,98.36541598317713
2025-12-14 19:00:00+00:00,angiang_longxuyen,98.95126493367259
2025-12-14 20:00:00+00:00,angiang_longxuyen,99.29863531896434
2025-12-14 21:00:00+00:00,angiang_longxuyen,99.3238614968819
2025-12-14 22:00:00+00:00,angiang_longxuyen,98.87428529178072
2025-12-14 23:00:00+00:00,angiang_longxuyen,97.88924529672144
2025-12-15 00:00:00+00:00,angiang_longxuyen,96.30336239514575
2025-12-15 01:00:00+00:00,angiang_longxuyen,94.91759417789915
2025-12-15 02:00:00+00:00,angiang_longxuyen,93.68859299927254
2025-12-15 03:00:00+00:00,angiang_longxuyen,92.60317522362055
2025-12-15 04:00:00+00:00,angiang_longxuyen,91.6823406763382
2025-12-15 05:00:00+00:00,angiang_longxuyen,90.98920577796252
2025-12-15 06:00:00+00:00,angiang_longxuyen,90.62690508817938
2025-12-15 07:00:00+00:00,angiang_longxuyen,90.45157142995741
2025-12-15 08:00:00+00:00,angiang_longxuyen,90.27466324824667
2025-12-15 09:00:00+00:00,angiang_longxuyen,90.02693749241827
2025-12-15 10:00:00+00:00,angiang_longxuyen,89.79001968452673
2025-12-15 11:00:00+00:00,angiang_longxuyen,89.93820153568903
2025-12-15 12:00:00+00:00,angiang_longxuyen,90.71853603096314
2025-12-15 13:00:00+00:00,angiang_longxuyen,91.05357696505408
2025-12-15 14:00:00+00:00,angiang_longxuyen,91.71998094699799
2025-12-15 15:00:00+00:00,angiang_longxuyen,93.16216050267403
2025-12-15 16:00:00+00:00,angiang_longxuyen,95.32715074456493
2025-12-15 17:00:00+00:00,angiang_longxuyen,97.7145372498926
2025-12-15 18:00:00+00:00,angiang_longxuyen,99.94220230427833
2025-12-15 19:00:00+00:00,angiang_longxuyen,101.7203234563734
2025-12-15 20:00:00+00:00,angiang_longxuyen,103.13938810221023
2025-12-15 21:00:00+00:00,angiang_longxuyen,104.3873037349214
2025-12-15 22:00:00+00:00,angiang_longxuyen,105.49949958638251
2025-12-15 23:00:00+00:00,angiang_longxuyen,106.54320911803278
2025-12-16 00:00:00+00:00,angiang_longxuyen,107.4214748308262
2025-12-16 01:00:00+00:00,angiang_longxuyen,107.93340977155493
2025-12-16 02:00:00+00:00,angiang_longxuyen,108.29051584229337
2025-12-16 03:00:00+00:00,angiang_longxuyen,108.78625194579959
2025-12-16 04:00:00+00:00,angiang_longxuyen,109.76995512243974
2025-12-16 05:00:00+00:00,angiang_longxuyen,111.25860820001006
2025-12-16 06:00:00+00:00,angiang_longxuyen,113.18233788233009
2025-12-16 07:00:00+00:00,angiang_longxuyen,115.17221717820303
2025-12-16 08:00:00+00:00,angiang_longxuyen,116.91516888389424
2025-12-16 09:00:00+00:00,angiang_longxuyen,118.26755371392997
2025-12-16 10:00:00+00:00,angiang_longxuyen,119.20843399515813
2025-12-16 11:00:00+00:00,angiang_longxuyen,119.7355199081006
2025-12-16 12:00:00+00:00,angiang_longxuyen,120.10328672409514
2025-12-16 13:00:00+00:00,angiang_longxuyen,120.16729263046041
2025-12-16 14:00:00+00:00,angiang_longxuyen,120.54880272488472
2025-12-16 15:00:00+00:00,angiang_longxuyen,121.78929389053559
2025-12-16 16:00:00+00:00,angiang_longxuyen,123.9823107050463
2025-12-16 17:00:00+00:00,angiang_longxuyen,126.62766282083058
2025-12-16 18:00:00+00:00,angiang_longxuyen,128.8349986398113
2025-12-16 19:00:00+00:00,angiang_longxuyen,130.36955278440638
2025-12-16 20:00:00+00:00,angiang_longxuyen,131.28303155921273
2025-12-16 21:00:00+00:00,angiang_longxuyen,131.83875766187566
2025-12-16 22:00:00+00:00,angiang_longxuyen,132.34052689451164
2025-12-16 23:00:00+00:00,angiang_longxuyen,132.88019591068164
2025-12-17 00:00:00+00:00,angiang_longxuyen,133.5157669281572
2025-12-17 01:00:00+00:00,angiang_longxuyen,134.91243250533932
2025-12-17 02:00:00+00:00,angiang_longxuyen,136.4376616327072
2025-12-17 03:00:00+00:00,angiang_longxuyen,138.00547704080768
2025-12-17 04:00:00+00:00,angiang_longxuyen,139.7402181080844
2025-12-17 05:00:00+00:00,angiang_longxuyen,141.6259825834568
2025-12-17 06:00:00+00:00,angiang_longxuyen,143.58872860890395
2025-12-17 07:00:00+00:00,angiang_longxuyen,145.40962795041168
2025-12-17 08:00:00+00:00,angiang_longxuyen,146.92179420285186
2025-12-17 09:00:00+00:00,angiang_longxuyen,147.9486321265091
2025-12-17 10:00:00+00:00,angiang_longxuyen,148.4305497146598
2025-12-17 11:00:00+00:00,angiang_longxuyen,148.35610659303512
2025-12-17 12:00:00+00:00,angiang_longxuyen,147.84703392665403
2025-12-17 13:00:00+00:00,angiang_longxuyen,147.61883269824264
2025-12-17 14:00:00+00:00,angiang_longxuyen,147.26390631756934
2025-12-17 15:00:00+00:00,angiang_longxuyen,146.41262994369166
2025-12-17 16:00:00+00:00,angiang_longxuyen,144.96135544312648
2025-12-17 17:00:00+00:00,angiang_longxuyen,143.0000618174626
2025-12-17 18:00:00+00:00,angiang_longxuyen,140.68019118464312
2025-12-17 19:00:00+00:00,angiang_longxuyen,137.9917424854997
2025-12-17 20:00:00+00:00,angiang_longxuyen,134.97887216269282
2025-12-17 21:00:00+00:00,angiang_longxuyen,131.8875068281751
2025-12-17 22:00:00+00:00,angiang_longxuyen,128.866949254263
2025-12-17 23:00:00+00:00,angiang_longxuyen,126.08964465546532
2025-12-18 00:00:00+00:00,angiang_longxuyen,123.59882264274896
2025-12-18 01:00:00+00:00,angiang_longxuyen,120.98370704797847
2025-12-18 02:00:00+00:00,angiang_longxuyen,118.64675000029114
2025-12-18 03:00:00+00:00,angiang_longxuyen,116.23487660162027
2025-12-18 04:00:00+00:00,angiang_longxuyen,113.69527489167808
2025-12-18 05:00:00+00:00,angiang_longxuyen,111.23592154093278
2025-12-18 06:00:00+00:00,angiang_longxuyen,108.97342288033335
2025-12-18 07:00:00+00:00,angiang_longxuyen,106.8385522151043
2025-12-18 08:00:00+00:00,angiang_longxuyen,104.65354213603548
2025-12-18 09:00:00+00:00,angiang_longxuyen,102.30145292536585
2025-12-18 10:00:00+00:00,angiang_longxuyen,99.78355202543632
2025-12-18 11:00:00+00:00,angiang_longxuyen,97.49040726599381
2025-12-18 12:00:00+00:00,angiang_longxuyen,95.77582724142948
2025-12-18 13:00:00+00:00,angiang_longxuyen,94.45638364536732
2025-12-18 14:00:00+00:00,angiang_longxuyen,93.96399231388455
2025-12-18 15:00:00+00:00,angiang_longxuyen,94.54852870714342
2025-12-18 16:00:00+00:00,angiang_longxuyen,96.29952258595895
2025-12-18 17:00:00+00:00,angiang_longxuyen,99.045664649842
2025-12-18 18:00:00+00:00,angiang_longxuyen,102.36127336884215
2025-12-18 19:00:00+00:00,angiang_longxuyen,105.83959229839834
2025-12-18 20:00:00+00:00,angiang_longxuyen,109.1319678002196
2025-12-18 21:00:00+00:00,angiang_longxuyen,111.64638367668267
2025-12-18 22:00:00+00:00,angiang_longxuyen,113.10401079071437
2025-12-18 23:00:00+00:00,angiang_longxuyen,113.4287213677882
2025-12-19 00:00:00+00:00,angiang_longxuyen,112.64245296889503
2025-12-19 01:00:00+00:00,angiang_longxuyen,110.88821354356679
2025-12-19 02:00:00+00:00,angiang_longxuyen,108.45547116632821
2025-12-19 03:00:00+00:00,angiang_longxuyen,105.96274315149385
2025-12-19 04:00:00+00:00,angiang_longxuyen,103.80642014892528
